date,gross_return,turnover,cost,net_return,nav
2018-01-02,0.0,0.0,0.0,0.0,1.0
2018-01-03,0.0,0.0,0.0,0.0,1.0
2018-01-04,0.0,0.0,0.0,0.0,1.0
2018-01-05,0.0,0.0,0.0,0.0,1.0
2018-01-08,0.0,0.0,0.0,0.0,1.0
2018-01-09,0.0,0.0,0.0,0.0,1.0
2018-01-10,0.0,0.0,0.0,0.0,1.0
2018-01-11,0.0,0.0,0.0,0.0,1.0
2018-01-12,0.0,0.0,0.0,0.0,1.0
2018-01-15,0.0,0.0,0.0,0.0,1.0
2018-01-16,0.0,0.0,0.0,0.0,1.0
2018-01-17,0.0,0.0,0.0,0.0,1.0
2018-01-18,0.0,0.0,0.0,0.0,1.0
2018-01-19,0.0,0.0,0.0,0.0,1.0
2018-01-22,0.0,0.0,0.0,0.0,1.0
2018-01-23,0.0,0.0,0.0,0.0,1.0
2018-01-24,0.0,0.0,0.0,0.0,1.0
2018-01-25,0.0,0.0,0.0,0.0,1.0
2018-01-26,0.0,0.0,0.0,0.0,1.0
2018-01-29,0.0,0.0,0.0,0.0,1.0
2018-01-30,0.0,0.0,0.0,0.0,1.0
2018-01-31,0.0,0.0,0.0,0.0,1.0
2018-02-01,0.0,0.0,0.0,0.0,1.0
2018-02-02,0.0,0.0,0.0,0.0,1.0
2018-02-05,0.0,0.0,0.0,0.0,1.0
2018-02-06,0.0,0.0,0.0,0.0,1.0
2018-02-07,0.0,0.0,0.0,0.0,1.0
2018-02-08,0.0,0.0,0.0,0.0,1.0
2018-02-09,0.0,0.0,0.0,0.0,1.0
2018-02-12,0.0,0.0,0.0,0.0,1.0
2018-02-13,0.0,0.0,0.0,0.0,1.0
2018-02-14,0.0,0.0,0.0,0.0,1.0
2018-02-22,0.0,0.0,0.0,0.0,1.0
2018-02-23,0.0,0.0,0.0,0.0,1.0
2018-02-26,0.0,0.0,0.0,0.0,1.0
2018-02-27,0.0,0.0,0.0,0.0,1.0
2018-02-28,0.0,0.0,0.0,0.0,1.0
2018-03-01,0.0,0.0,0.0,0.0,1.0
2018-03-02,0.0,0.0,0.0,0.0,1.0
2018-03-05,0.0,0.0,0.0,0.0,1.0
2018-03-06,0.0,0.0,0.0,0.0,1.0
2018-03-07,0.0,0.0,0.0,0.0,1.0
2018-03-08,0.0,0.0,0.0,0.0,1.0
2018-03-09,0.0,0.0,0.0,0.0,1.0
2018-03-12,0.0,0.0,0.0,0.0,1.0
2018-03-13,0.0,0.0,0.0,0.0,1.0
2018-03-14,0.0,0.0,0.0,0.0,1.0
2018-03-15,0.0,0.0,0.0,0.0,1.0
2018-03-16,0.0,0.0,0.0,0.0,1.0
2018-03-19,0.0,0.0,0.0,0.0,1.0
2018-03-20,0.0,0.0,0.0,0.0,1.0
2018-03-21,0.0,0.0,0.0,0.0,1.0
2018-03-22,0.0,0.0,0.0,0.0,1.0
2018-03-23,0.0,0.0,0.0,0.0,1.0
2018-03-26,0.0,0.0,0.0,0.0,1.0
2018-03-27,0.0,0.0,0.0,0.0,1.0
2018-03-28,0.0,0.0,0.0,0.0,1.0
2018-03-29,0.0,0.0,0.0,0.0,1.0
2018-03-30,0.0,0.0,0.0,0.0,1.0
2018-04-02,0.0,0.0,0.0,0.0,1.0
2018-04-03,0.0,0.0,0.0,0.0,1.0
2018-04-04,0.0,0.0,0.0,0.0,1.0
2018-04-09,0.0,0.0,0.0,0.0,1.0
2018-04-10,0.0,0.0,0.0,0.0,1.0
2018-04-11,0.0,0.0,0.0,0.0,1.0
2018-04-12,0.0,0.0,0.0,0.0,1.0
2018-04-13,0.0,0.0,0.0,0.0,1.0
2018-04-16,0.0,0.0,0.0,0.0,1.0
2018-04-17,0.0,0.0,0.0,0.0,1.0
2018-04-18,0.0,0.0,0.0,0.0,1.0
2018-04-19,0.0,0.0,0.0,0.0,1.0
2018-04-20,0.0,0.0,0.0,0.0,1.0
2018-04-23,0.0,0.0,0.0,0.0,1.0
2018-04-24,0.0,0.0,0.0,0.0,1.0
2018-04-25,0.0,0.0,0.0,0.0,1.0
2018-04-26,0.0,0.0,0.0,0.0,1.0
2018-04-27,0.0,0.0,0.0,0.0,1.0
2018-05-02,0.0,0.0,0.0,0.0,1.0
2018-05-03,0.0,0.0,0.0,0.0,1.0
2018-05-04,0.0,0.0,0.0,0.0,1.0
2018-05-07,0.0,0.0,0.0,0.0,1.0
2018-05-08,0.0,0.0,0.0,0.0,1.0
2018-05-09,0.0,0.0,0.0,0.0,1.0
2018-05-10,0.0,0.0,0.0,0.0,1.0
2018-05-11,0.0,0.0,0.0,0.0,1.0
2018-05-14,0.0,0.0,0.0,0.0,1.0
2018-05-15,0.0,0.0,0.0,0.0,1.0
2018-05-16,0.0,0.0,0.0,0.0,1.0
2018-05-17,0.0,0.0,0.0,0.0,1.0
2018-05-18,0.0,0.0,0.0,0.0,1.0
2018-05-21,0.0,0.0,0.0,0.0,1.0
2018-05-22,0.0,0.0,0.0,0.0,1.0
2018-05-23,0.0,0.0,0.0,0.0,1.0
2018-05-24,0.0,0.0,0.0,0.0,1.0
2018-05-25,0.0,0.0,0.0,0.0,1.0
2018-05-28,0.0,0.0,0.0,0.0,1.0
2018-05-29,0.0,0.0,0.0,0.0,1.0
2018-05-30,0.0,0.0,0.0,0.0,1.0
2018-05-31,0.0,0.0,0.0,0.0,1.0
2018-06-01,0.0,0.0,0.0,0.0,1.0
2018-06-04,0.0,0.0,0.0,0.0,1.0
2018-06-05,0.0,0.0,0.0,0.0,1.0
2018-06-06,0.0,0.0,0.0,0.0,1.0
2018-06-07,0.0,0.0,0.0,0.0,1.0
2018-06-08,0.0,0.0,0.0,0.0,1.0
2018-06-11,0.0,0.0,0.0,0.0,1.0
2018-06-12,0.0,0.0,0.0,0.0,1.0
2018-06-13,0.0,0.0,0.0,0.0,1.0
2018-06-14,0.0,0.0,0.0,0.0,1.0
2018-06-15,0.0,0.0,0.0,0.0,1.0
2018-06-19,0.0,0.0,0.0,0.0,1.0
2018-06-20,0.0,0.0,0.0,0.0,1.0
2018-06-21,0.0,0.0,0.0,0.0,1.0
2018-06-22,0.0,0.0,0.0,0.0,1.0
2018-06-25,0.0,0.0,0.0,0.0,1.0
2018-06-26,0.0,0.0,0.0,0.0,1.0
2018-06-27,0.0,0.0,0.0,0.0,1.0
2018-06-28,0.0,0.0,0.0,0.0,1.0
2018-06-29,0.0,0.0,0.0,0.0,1.0
2018-07-02,0.0,0.0,0.0,0.0,1.0
2018-07-03,0.0,0.0,0.0,0.0,1.0
2018-07-04,0.0,0.0,0.0,0.0,1.0
2018-07-05,0.0,0.0,0.0,0.0,1.0
2018-07-06,0.0,0.0,0.0,0.0,1.0
2018-07-09,0.0,0.0,0.0,0.0,1.0
2018-07-10,0.0,0.0,0.0,0.0,1.0
2018-07-11,0.0,0.0,0.0,0.0,1.0
2018-07-12,0.0,0.0,0.0,0.0,1.0
2018-07-13,0.0,0.0,0.0,0.0,1.0
2018-07-16,0.0,0.0,0.0,0.0,1.0
2018-07-17,0.0,0.0,0.0,0.0,1.0
2018-07-18,0.0,0.0,0.0,0.0,1.0
2018-07-19,0.0,0.0,0.0,0.0,1.0
2018-07-20,0.0,0.0,0.0,0.0,1.0
2018-07-23,0.0,0.0,0.0,0.0,1.0
2018-07-24,0.0,0.0,0.0,0.0,1.0
2018-07-25,0.0,0.0,0.0,0.0,1.0
2018-07-26,0.0,0.0,0.0,0.0,1.0
2018-07-27,0.0,0.0,0.0,0.0,1.0
2018-07-30,0.0,0.0,0.0,0.0,1.0
2018-07-31,0.0,0.0,0.0,0.0,1.0
2018-08-01,0.0,0.0,0.0,0.0,1.0
2018-08-02,0.0,0.0,0.0,0.0,1.0
2018-08-03,0.0,0.0,0.0,0.0,1.0
2018-08-06,0.0,0.0,0.0,0.0,1.0
2018-08-07,0.0,0.0,0.0,0.0,1.0
2018-08-08,0.0,0.0,0.0,0.0,1.0
2018-08-09,0.0,0.0,0.0,0.0,1.0
2018-08-10,0.0,0.0,0.0,0.0,1.0
2018-08-13,0.0,0.0,0.0,0.0,1.0
2018-08-14,0.0,0.0,0.0,0.0,1.0
2018-08-15,0.0,0.0,0.0,0.0,1.0
2018-08-16,0.0,0.0,0.0,0.0,1.0
2018-08-17,0.0,0.0,0.0,0.0,1.0
2018-08-20,0.0,0.0,0.0,0.0,1.0
2018-08-21,0.0,0.0,0.0,0.0,1.0
2018-08-22,0.0,0.0,0.0,0.0,1.0
2018-08-23,0.0,0.0,0.0,0.0,1.0
2018-08-24,0.0,0.0,0.0,0.0,1.0
2018-08-27,0.0,0.0,0.0,0.0,1.0
2018-08-28,0.0,0.0,0.0,0.0,1.0
2018-08-29,0.0,0.0,0.0,0.0,1.0
2018-08-30,0.0,0.0,0.0,0.0,1.0
2018-08-31,0.0,0.0,0.0,0.0,1.0
2018-09-03,0.0,0.0,0.0,0.0,1.0
2018-09-04,0.0,0.0,0.0,0.0,1.0
2018-09-05,0.0,0.0,0.0,0.0,1.0
2018-09-06,0.0,0.0,0.0,0.0,1.0
2018-09-07,0.0,0.0,0.0,0.0,1.0
2018-09-10,0.0,0.0,0.0,0.0,1.0
2018-09-11,0.0,0.0,0.0,0.0,1.0
2018-09-12,0.0,0.0,0.0,0.0,1.0
2018-09-13,0.0,0.0,0.0,0.0,1.0
2018-09-14,0.0,0.0,0.0,0.0,1.0
2018-09-17,0.0,0.0,0.0,0.0,1.0
2018-09-18,0.0,0.0,0.0,0.0,1.0
2018-09-19,0.0,0.0,0.0,0.0,1.0
2018-09-20,0.0,0.0,0.0,0.0,1.0
2018-09-21,0.0,0.0,0.0,0.0,1.0
2018-09-25,0.0,0.0,0.0,0.0,1.0
2018-09-26,0.0,0.0,0.0,0.0,1.0
2018-09-27,0.0,0.0,0.0,0.0,1.0
2018-09-28,0.0,0.0,0.0,0.0,1.0
2018-10-08,0.0,0.0,0.0,0.0,1.0
2018-10-09,0.0,0.0,0.0,0.0,1.0
2018-10-10,0.0,0.0,0.0,0.0,1.0
2018-10-11,0.0,0.0,0.0,0.0,1.0
2018-10-12,0.0,0.0,0.0,0.0,1.0
2018-10-15,0.0,0.0,0.0,0.0,1.0
2018-10-16,0.0,0.0,0.0,0.0,1.0
2018-10-17,0.0,0.0,0.0,0.0,1.0
2018-10-18,0.0,0.0,0.0,0.0,1.0
2018-10-19,0.0,0.0,0.0,0.0,1.0
2018-10-22,0.0,0.0,0.0,0.0,1.0
2018-10-23,0.0,0.0,0.0,0.0,1.0
2018-10-24,0.0,0.0,0.0,0.0,1.0
2018-10-25,0.0,0.0,0.0,0.0,1.0
2018-10-26,0.0,0.0,0.0,0.0,1.0
2018-10-29,0.0,0.0,0.0,0.0,1.0
2018-10-30,0.0,0.0,0.0,0.0,1.0
2018-10-31,0.0,0.0,0.0,0.0,1.0
2018-11-01,0.0,0.0,0.0,0.0,1.0
2018-11-02,0.0,0.0,0.0,0.0,1.0
2018-11-05,0.0,0.0,0.0,0.0,1.0
2018-11-06,0.0,0.0,0.0,0.0,1.0
2018-11-07,0.0,0.0,0.0,0.0,1.0
2018-11-08,0.0,0.0,0.0,0.0,1.0
2018-11-09,0.0,0.0,0.0,0.0,1.0
2018-11-12,0.0,0.0,0.0,0.0,1.0
2018-11-13,0.0,0.0,0.0,0.0,1.0
2018-11-14,0.0,0.0,0.0,0.0,1.0
2018-11-15,0.0,0.0,0.0,0.0,1.0
2018-11-16,0.0,0.0,0.0,0.0,1.0
2018-11-19,0.0,0.0,0.0,0.0,1.0
2018-11-20,0.0,0.0,0.0,0.0,1.0
2018-11-21,0.0,0.0,0.0,0.0,1.0
2018-11-22,0.0,0.0,0.0,0.0,1.0
2018-11-23,0.0,0.0,0.0,0.0,1.0
2018-11-26,0.0,0.0,0.0,0.0,1.0
2018-11-27,0.0,0.0,0.0,0.0,1.0
2018-11-28,0.0,0.0,0.0,0.0,1.0
2018-11-29,0.0,0.0,0.0,0.0,1.0
2018-11-30,0.0,0.0,0.0,0.0,1.0
2018-12-03,0.0,0.0,0.0,0.0,1.0
2018-12-04,0.0,0.0,0.0,0.0,1.0
2018-12-05,0.0,0.0,0.0,0.0,1.0
2018-12-06,0.0,0.0,0.0,0.0,1.0
2018-12-07,0.0,0.0,0.0,0.0,1.0
2018-12-10,0.0,0.0,0.0,0.0,1.0
2018-12-11,0.0,0.0,0.0,0.0,1.0
2018-12-12,0.0,0.0,0.0,0.0,1.0
2018-12-13,0.0,0.0,0.0,0.0,1.0
2018-12-14,0.0,0.0,0.0,0.0,1.0
2018-12-17,0.0,0.0,0.0,0.0,1.0
2018-12-18,0.0,0.0,0.0,0.0,1.0
2018-12-19,0.0,0.0,0.0,0.0,1.0
2018-12-20,0.0,0.0,0.0,0.0,1.0
2018-12-21,0.0,0.0,0.0,0.0,1.0
2018-12-24,0.0,0.0,0.0,0.0,1.0
2018-12-25,0.0,0.0,0.0,0.0,1.0
2018-12-26,0.0,0.0,0.0,0.0,1.0
2018-12-27,0.0,0.0,0.0,0.0,1.0
2018-12-28,0.0,0.0,0.0,0.0,1.0
2019-01-02,0.0,0.0,0.0,0.0,1.0
2019-01-03,0.0,0.0,0.0,0.0,1.0
2019-01-04,0.0,0.0,0.0,0.0,1.0
2019-01-07,0.0,0.0,0.0,0.0,1.0
2019-01-08,0.0,0.0,0.0,0.0,1.0
2019-01-09,0.0,0.0,0.0,0.0,1.0
2019-01-10,0.0,0.0,0.0,0.0,1.0
2019-01-11,0.0,0.0,0.0,0.0,1.0
2019-01-14,0.0,0.0,0.0,0.0,1.0
2019-01-15,0.0,0.0,0.0,0.0,1.0
2019-01-16,0.0,0.0,0.0,0.0,1.0
2019-01-17,0.0,0.0,0.0,0.0,1.0
2019-01-18,0.0,0.0,0.0,0.0,1.0
2019-01-21,0.0,0.0,0.0,0.0,1.0
2019-01-22,0.0,0.0,0.0,0.0,1.0
2019-01-23,0.0,0.0,0.0,0.0,1.0
2019-01-24,0.0,0.0,0.0,0.0,1.0
2019-01-25,0.0,0.0,0.0,0.0,1.0
2019-01-28,0.0,0.0,0.0,0.0,1.0
2019-01-29,0.0,0.0,0.0,0.0,1.0
2019-01-30,0.0,0.0,0.0,0.0,1.0
2019-01-31,0.0,0.0,0.0,0.0,1.0
2019-02-01,0.0,0.0,0.0,0.0,1.0
2019-02-11,0.0,0.0,0.0,0.0,1.0
2019-02-12,0.0,0.0,0.0,0.0,1.0
2019-02-13,0.0,0.0,0.0,0.0,1.0
2019-02-14,0.0,0.0,0.0,0.0,1.0
2019-02-15,0.0,0.0,0.0,0.0,1.0
2019-02-18,0.0,0.0,0.0,0.0,1.0
2019-02-19,0.0,0.0,0.0,0.0,1.0
2019-02-20,0.0,0.0,0.0,0.0,1.0
2019-02-21,0.0,0.0,0.0,0.0,1.0
2019-02-22,0.0,0.0,0.0,0.0,1.0
2019-02-25,0.0,0.0,0.0,0.0,1.0
2019-02-26,0.0,0.0,0.0,0.0,1.0
2019-02-27,0.0,0.0,0.0,0.0,1.0
2019-02-28,0.0,0.0,0.0,0.0,1.0
2019-03-01,0.0,0.0,0.0,0.0,1.0
2019-03-04,0.0,0.0,0.0,0.0,1.0
2019-03-05,0.0,0.0,0.0,0.0,1.0
2019-03-06,0.0,0.0,0.0,0.0,1.0
2019-03-07,0.0,0.0,0.0,0.0,1.0
2019-03-08,0.0,0.0,0.0,0.0,1.0
2019-03-11,0.0,0.0,0.0,0.0,1.0
2019-03-12,0.0,0.0,0.0,0.0,1.0
2019-03-13,0.0,0.0,0.0,0.0,1.0
2019-03-14,0.0,0.0,0.0,0.0,1.0
2019-03-15,0.0,0.0,0.0,0.0,1.0
2019-03-18,0.0,0.0,0.0,0.0,1.0
2019-03-19,0.0,0.0,0.0,0.0,1.0
2019-03-20,0.0,0.0,0.0,0.0,1.0
2019-03-21,0.0,0.0,0.0,0.0,1.0
2019-03-22,0.0,0.0,0.0,0.0,1.0
2019-03-25,0.0,0.0,0.0,0.0,1.0
2019-03-26,0.0,0.0,0.0,0.0,1.0
2019-03-27,0.0,0.0,0.0,0.0,1.0
2019-03-28,0.0,0.0,0.0,0.0,1.0
2019-03-29,0.0,0.0,0.0,0.0,1.0
2019-04-01,0.0,0.0,0.0,0.0,1.0
2019-04-02,0.0,0.0,0.0,0.0,1.0
2019-04-03,0.0,0.0,0.0,0.0,1.0
2019-04-04,0.0,0.0,0.0,0.0,1.0
2019-04-08,0.0,0.0,0.0,0.0,1.0
2019-04-09,0.0,0.0,0.0,0.0,1.0
2019-04-10,0.0,0.0,0.0,0.0,1.0
2019-04-11,0.0,0.0,0.0,0.0,1.0
2019-04-12,0.0,0.0,0.0,0.0,1.0
2019-04-15,0.0,0.0,0.0,0.0,1.0
2019-04-16,0.0,0.0,0.0,0.0,1.0
2019-04-17,0.0,0.0,0.0,0.0,1.0
2019-04-18,0.0,0.0,0.0,0.0,1.0
2019-04-19,0.0,0.0,0.0,0.0,1.0
2019-04-22,0.0,0.0,0.0,0.0,1.0
2019-04-23,0.0,0.0,0.0,0.0,1.0
2019-04-24,0.0,0.0,0.0,0.0,1.0
2019-04-25,0.0,0.0,0.0,0.0,1.0
2019-04-26,0.0,0.0,0.0,0.0,1.0
2019-04-29,0.0,0.0,0.0,0.0,1.0
2019-04-30,0.0,0.0,0.0,0.0,1.0
2019-05-06,0.0,0.0,0.0,0.0,1.0
2019-05-07,0.0,0.0,0.0,0.0,1.0
2019-05-08,0.0,0.0,0.0,0.0,1.0
2019-05-09,0.0,0.0,0.0,0.0,1.0
2019-05-10,0.0,0.0,0.0,0.0,1.0
2019-05-13,0.0,0.0,0.0,0.0,1.0
2019-05-14,0.0,0.0,0.0,0.0,1.0
2019-05-15,0.0,0.0,0.0,0.0,1.0
2019-05-16,0.0,0.0,0.0,0.0,1.0
2019-05-17,0.0,0.0,0.0,0.0,1.0
2019-05-20,0.0,0.0,0.0,0.0,1.0
2019-05-21,0.0,0.0,0.0,0.0,1.0
2019-05-22,0.0,0.0,0.0,0.0,1.0
2019-05-23,0.0,0.0,0.0,0.0,1.0
2019-05-24,0.0,0.0,0.0,0.0,1.0
2019-05-27,0.0,0.0,0.0,0.0,1.0
2019-05-28,0.0,0.0,0.0,0.0,1.0
2019-05-29,0.0,0.0,0.0,0.0,1.0
2019-05-30,0.0,0.0,0.0,0.0,1.0
2019-05-31,0.0,0.0,0.0,0.0,1.0
2019-06-03,0.0,0.0,0.0,0.0,1.0
2019-06-04,0.0,0.0,0.0,0.0,1.0
2019-06-05,0.0,0.0,0.0,0.0,1.0
2019-06-06,0.0,0.0,0.0,0.0,1.0
2019-06-10,0.0,0.0,0.0,0.0,1.0
2019-06-11,0.0,0.0,0.0,0.0,1.0
2019-06-12,0.0,0.0,0.0,0.0,1.0
2019-06-13,0.0,0.0,0.0,0.0,1.0
2019-06-14,0.0,0.0,0.0,0.0,1.0
2019-06-17,0.0,0.0,0.0,0.0,1.0
2019-06-18,0.0,0.0,0.0,0.0,1.0
2019-06-19,0.0,0.0,0.0,0.0,1.0
2019-06-20,0.0,0.0,0.0,0.0,1.0
2019-06-21,0.0,0.0,0.0,0.0,1.0
2019-06-24,0.0,0.0,0.0,0.0,1.0
2019-06-25,0.0,0.0,0.0,0.0,1.0
2019-06-26,0.0,0.0,0.0,0.0,1.0
2019-06-27,0.0,0.0,0.0,0.0,1.0
2019-06-28,0.0,0.0,0.0,0.0,1.0
2019-07-01,0.0,0.0,0.0,0.0,1.0
2019-07-02,0.0,0.0,0.0,0.0,1.0
2019-07-03,0.0,0.0,0.0,0.0,1.0
2019-07-04,0.0,0.0,0.0,0.0,1.0
2019-07-05,0.0,0.0,0.0,0.0,1.0
2019-07-08,0.0,0.0,0.0,0.0,1.0
2019-07-09,0.0,0.0,0.0,0.0,1.0
2019-07-10,0.0,0.0,0.0,0.0,1.0
2019-07-11,0.0,0.0,0.0,0.0,1.0
2019-07-12,0.0,0.0,0.0,0.0,1.0
2019-07-15,0.0,0.0,0.0,0.0,1.0
2019-07-16,0.0,0.0,0.0,0.0,1.0
2019-07-17,0.0,0.0,0.0,0.0,1.0
2019-07-18,0.0,0.0,0.0,0.0,1.0
2019-07-19,0.0,0.0,0.0,0.0,1.0
2019-07-22,0.0,0.0,0.0,0.0,1.0
2019-07-23,0.0,0.0,0.0,0.0,1.0
2019-07-24,0.0,0.0,0.0,0.0,1.0
2019-07-25,0.0,0.0,0.0,0.0,1.0
2019-07-26,0.0,0.0,0.0,0.0,1.0
2019-07-29,0.0,0.0,0.0,0.0,1.0
2019-07-30,0.0,0.0,0.0,0.0,1.0
2019-07-31,0.0,0.0,0.0,0.0,1.0
2019-08-01,0.0,0.0,0.0,0.0,1.0
2019-08-02,0.0,0.0,0.0,0.0,1.0
2019-08-05,0.0,0.0,0.0,0.0,1.0
2019-08-06,0.0,0.0,0.0,0.0,1.0
2019-08-07,0.0,0.0,0.0,0.0,1.0
2019-08-08,0.0,0.0,0.0,0.0,1.0
2019-08-09,0.0,0.0,0.0,0.0,1.0
2019-08-12,0.0,0.0,0.0,0.0,1.0
2019-08-13,0.0,0.0,0.0,0.0,1.0
2019-08-14,0.0,0.0,0.0,0.0,1.0
2019-08-15,0.0,0.0,0.0,0.0,1.0
2019-08-16,0.0,0.0,0.0,0.0,1.0
2019-08-19,0.0,0.0,0.0,0.0,1.0
2019-08-20,0.0,0.0,0.0,0.0,1.0
2019-08-21,0.0,0.0,0.0,0.0,1.0
2019-08-22,0.0,0.0,0.0,0.0,1.0
2019-08-23,0.0,0.0,0.0,0.0,1.0
2019-08-26,0.0,0.0,0.0,0.0,1.0
2019-08-27,0.0,0.0,0.0,0.0,1.0
2019-08-28,0.0,0.0,0.0,0.0,1.0
2019-08-29,0.0,0.0,0.0,0.0,1.0
2019-08-30,0.0,0.0,0.0,0.0,1.0
2019-09-02,0.0,0.0,0.0,0.0,1.0
2019-09-03,0.0,0.0,0.0,0.0,1.0
2019-09-04,0.0,0.0,0.0,0.0,1.0
2019-09-05,0.0,0.0,0.0,0.0,1.0
2019-09-06,0.0,0.0,0.0,0.0,1.0
2019-09-09,0.0,0.0,0.0,0.0,1.0
2019-09-10,0.0,0.0,0.0,0.0,1.0
2019-09-11,0.0,0.0,0.0,0.0,1.0
2019-09-12,0.0,0.0,0.0,0.0,1.0
2019-09-16,0.0,0.0,0.0,0.0,1.0
2019-09-17,0.0,0.0,0.0,0.0,1.0
2019-09-18,0.0,0.0,0.0,0.0,1.0
2019-09-19,0.0,0.0,0.0,0.0,1.0
2019-09-20,0.0,0.0,0.0,0.0,1.0
2019-09-23,0.0,0.0,0.0,0.0,1.0
2019-09-24,0.0,0.0,0.0,0.0,1.0
2019-09-25,0.0,0.0,0.0,0.0,1.0
2019-09-26,0.0,0.0,0.0,0.0,1.0
2019-09-27,0.0,0.0,0.0,0.0,1.0
2019-09-30,0.0,0.0,0.0,0.0,1.0
2019-10-08,0.0,0.0,0.0,0.0,1.0
2019-10-09,0.0,0.0,0.0,0.0,1.0
2019-10-10,0.0,0.0,0.0,0.0,1.0
2019-10-11,0.0,0.0,0.0,0.0,1.0
2019-10-14,0.0,0.0,0.0,0.0,1.0
2019-10-15,0.0,0.0,0.0,0.0,1.0
2019-10-16,0.0,0.0,0.0,0.0,1.0
2019-10-17,0.0,0.0,0.0,0.0,1.0
2019-10-18,0.0,0.0,0.0,0.0,1.0
2019-10-21,0.0,0.0,0.0,0.0,1.0
2019-10-22,0.0,0.0,0.0,0.0,1.0
2019-10-23,0.0,0.0,0.0,0.0,1.0
2019-10-24,0.0,0.0,0.0,0.0,1.0
2019-10-25,0.0,0.0,0.0,0.0,1.0
2019-10-28,0.0,0.0,0.0,0.0,1.0
2019-10-29,0.0,0.0,0.0,0.0,1.0
2019-10-30,0.0,0.0,0.0,0.0,1.0
2019-10-31,0.0,0.0,0.0,0.0,1.0
2019-11-01,0.0,0.0,0.0,0.0,1.0
2019-11-04,0.0,0.0,0.0,0.0,1.0
2019-11-05,0.0,0.0,0.0,0.0,1.0
2019-11-06,0.0,0.0,0.0,0.0,1.0
2019-11-07,0.0,0.0,0.0,0.0,1.0
2019-11-08,0.0,0.0,0.0,0.0,1.0
2019-11-11,0.0,0.0,0.0,0.0,1.0
2019-11-12,0.0,0.0,0.0,0.0,1.0
2019-11-13,0.0,0.0,0.0,0.0,1.0
2019-11-14,0.0,0.0,0.0,0.0,1.0
2019-11-15,0.0,0.0,0.0,0.0,1.0
2019-11-18,0.0,0.0,0.0,0.0,1.0
2019-11-19,0.0,0.0,0.0,0.0,1.0
2019-11-20,0.0,0.0,0.0,0.0,1.0
2019-11-21,0.0,0.0,0.0,0.0,1.0
2019-11-22,0.0,0.0,0.0,0.0,1.0
2019-11-25,0.0,0.0,0.0,0.0,1.0
2019-11-26,0.0,0.0,0.0,0.0,1.0
2019-11-27,0.0,0.0,0.0,0.0,1.0
2019-11-28,0.0,0.0,0.0,0.0,1.0
2019-11-29,0.0,0.0,0.0,0.0,1.0
2019-12-02,0.0,0.0,0.0,0.0,1.0
2019-12-03,0.0,0.0,0.0,0.0,1.0
2019-12-04,0.0,0.0,0.0,0.0,1.0
2019-12-05,0.0,0.0,0.0,0.0,1.0
2019-12-06,0.0,0.0,0.0,0.0,1.0
2019-12-09,0.0,0.0,0.0,0.0,1.0
2019-12-10,0.0,0.0,0.0,0.0,1.0
2019-12-11,0.0,0.0,0.0,0.0,1.0
2019-12-12,0.0,0.0,0.0,0.0,1.0
2019-12-13,0.0,0.0,0.0,0.0,1.0
2019-12-16,0.0,0.0,0.0,0.0,1.0
2019-12-17,0.0,0.0,0.0,0.0,1.0
2019-12-18,0.0,0.0,0.0,0.0,1.0
2019-12-19,0.0,0.0,0.0,0.0,1.0
2019-12-20,0.0,0.0,0.0,0.0,1.0
2019-12-23,0.0,0.0,0.0,0.0,1.0
2019-12-24,0.0,0.0,0.0,0.0,1.0
2019-12-25,0.0,0.0,0.0,0.0,1.0
2019-12-26,0.0,0.0,0.0,0.0,1.0
2019-12-27,0.0,0.0,0.0,0.0,1.0
2019-12-30,0.0,0.0,0.0,0.0,1.0
2019-12-31,0.0,0.0,0.0,0.0,1.0
2020-01-02,0.0,0.0,0.0,0.0,1.0
2020-01-03,0.0,0.0,0.0,0.0,1.0
2020-01-06,0.0,0.0,0.0,0.0,1.0
2020-01-07,0.0,0.0,0.0,0.0,1.0
2020-01-08,0.0,0.0,0.0,0.0,1.0
2020-01-09,0.0,0.0,0.0,0.0,1.0
2020-01-10,0.0,0.0,0.0,0.0,1.0
2020-01-13,0.0,0.0,0.0,0.0,1.0
2020-01-14,0.0,0.0,0.0,0.0,1.0
2020-01-15,0.0,0.0,0.0,0.0,1.0
2020-01-16,0.0,0.0,0.0,0.0,1.0
2020-01-17,0.0,0.0,0.0,0.0,1.0
2020-01-20,0.0,0.0,0.0,0.0,1.0
2020-01-21,0.0,0.0,0.0,0.0,1.0
2020-01-22,0.0,0.0,0.0,0.0,1.0
2020-01-23,0.0,0.0,0.0,0.0,1.0
2020-02-03,0.0,0.0,0.0,0.0,1.0
2020-02-04,0.0,0.0,0.0,0.0,1.0
2020-02-05,0.0,0.0,0.0,0.0,1.0
2020-02-06,0.0,0.0,0.0,0.0,1.0
2020-02-07,0.0,0.0,0.0,0.0,1.0
2020-02-10,0.0,0.0,0.0,0.0,1.0
2020-02-11,0.0,0.0,0.0,0.0,1.0
2020-02-12,0.0,0.0,0.0,0.0,1.0
2020-02-13,0.0,0.0,0.0,0.0,1.0
2020-02-14,0.0,0.0,0.0,0.0,1.0
2020-02-17,0.0,0.0,0.0,0.0,1.0
2020-02-18,0.0,0.0,0.0,0.0,1.0
2020-02-19,0.0,0.0,0.0,0.0,1.0
2020-02-20,0.0,0.0,0.0,0.0,1.0
2020-02-21,0.0,0.0,0.0,0.0,1.0
2020-02-24,0.0,0.0,0.0,0.0,1.0
2020-02-25,0.0,0.0,0.0,0.0,1.0
2020-02-26,0.0,0.0,0.0,0.0,1.0
2020-02-27,0.0,0.0,0.0,0.0,1.0
2020-02-28,0.0,0.0,0.0,0.0,1.0
2020-03-02,0.0,0.0,0.0,0.0,1.0
2020-03-03,0.0,0.0,0.0,0.0,1.0
2020-03-04,0.0,0.0,0.0,0.0,1.0
2020-03-05,0.0,0.0,0.0,0.0,1.0
2020-03-06,0.0,0.0,0.0,0.0,1.0
2020-03-09,0.0,0.0,0.0,0.0,1.0
2020-03-10,0.0,0.0,0.0,0.0,1.0
2020-03-11,0.0,0.0,0.0,0.0,1.0
2020-03-12,0.0,0.0,0.0,0.0,1.0
2020-03-13,0.0,0.0,0.0,0.0,1.0
2020-03-16,0.0,0.0,0.0,0.0,1.0
2020-03-17,0.0,0.0,0.0,0.0,1.0
2020-03-18,0.0,0.0,0.0,0.0,1.0
2020-03-19,0.0,0.0,0.0,0.0,1.0
2020-03-20,0.0,0.0,0.0,0.0,1.0
2020-03-23,0.0,0.0,0.0,0.0,1.0
2020-03-24,0.0,0.0,0.0,0.0,1.0
2020-03-25,0.0,0.0,0.0,0.0,1.0
2020-03-26,0.0,0.0,0.0,0.0,1.0
2020-03-27,0.0,0.0,0.0,0.0,1.0
2020-03-30,0.0,0.0,0.0,0.0,1.0
2020-03-31,0.0,0.0,0.0,0.0,1.0
2020-04-01,0.0,0.0,0.0,0.0,1.0
2020-04-02,0.0,0.0,0.0,0.0,1.0
2020-04-03,0.0,0.0,0.0,0.0,1.0
2020-04-07,0.0,0.0,0.0,0.0,1.0
2020-04-08,0.0,0.0,0.0,0.0,1.0
2020-04-09,0.0,0.0,0.0,0.0,1.0
2020-04-10,0.0,0.0,0.0,0.0,1.0
2020-04-13,0.0,0.0,0.0,0.0,1.0
2020-04-14,0.0,0.0,0.0,0.0,1.0
2020-04-15,0.0,0.0,0.0,0.0,1.0
2020-04-16,0.0,0.0,0.0,0.0,1.0
2020-04-17,0.0,0.0,0.0,0.0,1.0
2020-04-20,0.0,0.0,0.0,0.0,1.0
2020-04-21,0.0,0.0,0.0,0.0,1.0
2020-04-22,0.0,0.0,0.0,0.0,1.0
2020-04-23,0.0,0.0,0.0,0.0,1.0
2020-04-24,0.0,0.0,0.0,0.0,1.0
2020-04-27,0.0,0.0,0.0,0.0,1.0
2020-04-28,0.0,0.0,0.0,0.0,1.0
2020-04-29,0.0,0.0,0.0,0.0,1.0
2020-04-30,0.0,0.0,0.0,0.0,1.0
2020-05-06,0.0,0.0,0.0,0.0,1.0
2020-05-07,0.0,0.0,0.0,0.0,1.0
2020-05-08,0.0,0.0,0.0,0.0,1.0
2020-05-11,0.0,0.0,0.0,0.0,1.0
2020-05-12,0.0,0.0,0.0,0.0,1.0
2020-05-13,0.0,0.0,0.0,0.0,1.0
2020-05-14,0.0,0.0,0.0,0.0,1.0
2020-05-15,0.0,0.0,0.0,0.0,1.0
2020-05-18,0.0,0.0,0.0,0.0,1.0
2020-05-19,0.0,0.0,0.0,0.0,1.0
2020-05-20,0.0,0.0,0.0,0.0,1.0
2020-05-21,0.0,0.0,0.0,0.0,1.0
2020-05-22,0.0,0.0,0.0,0.0,1.0
2020-05-25,0.0,0.0,0.0,0.0,1.0
2020-05-26,0.0,0.0,0.0,0.0,1.0
2020-05-27,0.0,0.0,0.0,0.0,1.0
2020-05-28,0.0,0.0,0.0,0.0,1.0
2020-05-29,0.0,0.0,0.0,0.0,1.0
2020-06-01,0.0,0.0,0.0,0.0,1.0
2020-06-02,0.0,0.0,0.0,0.0,1.0
2020-06-03,0.0,0.0,0.0,0.0,1.0
2020-06-04,0.0,0.0,0.0,0.0,1.0
2020-06-05,0.0,0.0,0.0,0.0,1.0
2020-06-08,0.0,0.0,0.0,0.0,1.0
2020-06-09,0.0,0.0,0.0,0.0,1.0
2020-06-10,0.0,0.0,0.0,0.0,1.0
2020-06-11,0.0,0.0,0.0,0.0,1.0
2020-06-12,0.0,0.0,0.0,0.0,1.0
2020-06-15,0.0,0.0,0.0,0.0,1.0
2020-06-16,0.0,0.0,0.0,0.0,1.0
2020-06-17,0.0,0.0,0.0,0.0,1.0
2020-06-18,0.0,0.0,0.0,0.0,1.0
2020-06-19,0.0,0.0,0.0,0.0,1.0
2020-06-22,0.0,0.0,0.0,0.0,1.0
2020-06-23,0.0,0.0,0.0,0.0,1.0
2020-06-24,0.0,0.0,0.0,0.0,1.0
2020-06-29,0.0,0.0,0.0,0.0,1.0
2020-06-30,0.0,0.0,0.0,0.0,1.0
2020-07-01,0.0,0.0,0.0,0.0,1.0
2020-07-02,-0.0020370426277290365,1.0,0.0015,-0.0035370426277290365,0.996462957372271
2020-07-03,0.00420271120595703,0.0,0.0,0.00420271120595703,1.0006508034095405
2020-07-06,0.005364107296045127,0.3399187131949735,0.0005098780697924603,0.004854229226252667,1.0055081917847242
2020-07-07,0.008118937456205415,0.0,0.0,0.008118937456205415,1.0136718499055266
2020-07-08,0.00702732254161746,0.0,0.0,0.00702732254161746,1.020795248946171
2020-07-09,0.013500180578057309,0.0,0.0,0.013500180578057309,1.0345761691401671
2020-07-10,-3.818440133408177e-05,0.0,0.0,-3.818440133408177e-05,1.0345366644685141
2020-07-13,0.012673350531720895,0.3299352984709486,0.000494902947706423,0.012178447584014472,1.0471357150104852
2020-07-14,-0.003896150709293085,0.0,0.0,-0.003896150709293085,1.043055916451721
2020-07-15,-0.0006211981719799873,0.0,0.0,-0.0006211981719799873,1.0424079720231483
2020-07-16,-0.016627234014911358,0.0,0.0,-0.016627234014911358,1.02507561073331
2020-07-17,0.0006526949950471076,0.0,0.0,0.0006526949950471076,1.0257446724539807
2020-07-20,0.003103786370647429,0.08340169981105118,0.00012510254971657677,0.002978683820930852,1.0288000415142255
2020-07-21,0.01063259578643771,0.0,0.0,0.01063259578643771,1.0397388565007166
2020-07-22,0.010483971866223142,0.0,0.0,0.010483971866223142,1.0506394494204891
2020-07-23,0.006018465672884637,0.0,0.0,0.006018465672884637,1.0569626868814046
2020-07-24,-0.01077740578072572,0.0,0.0,-0.01077740578072572,1.0455713711097976
2020-07-27,0.011218892015879523,0.30020495487242227,0.00045030743230863344,0.010768584583570889,1.0568306948577537
2020-07-28,0.0016879683001869714,0.0,0.0,0.0016879683001869714,1.0586145915693381
2020-07-29,0.008940349846049763,0.0,0.0,0.008940349846049763,1.0680789763701013
2020-07-30,-0.004213842917394208,0.0,0.0,-0.004213842917394208,1.0635782593403065
2020-07-31,0.00934905697587736,0.0,0.0,0.00934905697587736,1.0735217130851835
2020-08-03,0.004603568817780168,0.5250295017999861,0.000787544252699979,0.0038160245650801887,1.0776182983134637
2020-08-04,-0.0020446360765445514,0.0,0.0,-0.0020446360765445514,1.0754149610639874
2020-08-05,0.013430843938545796,0.0,0.0,0.013430843938545796,1.089858691575215
2020-08-06,-0.0022062452496027524,0.0,0.0,-0.0022062452496027524,1.087454196014189
2020-08-07,-0.003186384647770907,0.0,0.0,-0.003186384647770907,1.0839891486588553
2020-08-10,-0.0017726443626093187,0.37177274700704266,0.0005576591205105639,-0.002330303483119883,1.0814631249700715
2020-08-11,-0.011193292155019305,0.0,0.0,-0.011193292155019305,1.0693579922574012
2020-08-12,-0.02729471207230369,0.0,0.0,-0.02729471207230369,1.0401701737565188
2020-08-13,0.004667040229969494,0.0,0.0,0.004667040229969494,1.0450246898034548
2020-08-14,0.006010011658071048,0.0,0.0,0.006010011658071048,1.0513053003721455
2020-08-17,0.008804125839312848,0.8639817927033734,0.00129597268905506,0.007508153150257788,1.0591986615750175
2020-08-18,0.0007497020510534196,0.0,0.0,0.0007497020510534196,1.0599927449840734
2020-08-19,-0.004491162890129491,0.0,0.0,-0.004491162890129491,1.0552321449039943
2020-08-20,-0.007033317752155618,0.0,0.0,-0.007033317752155618,1.0478103619265957
2020-08-21,0.006488476547669023,0.0,0.0,0.006488476547669023,1.054609054886361
2020-08-24,0.011886851973895813,0.5059527626190556,0.0007589291439285834,0.01112792282996723,1.066344663064921
2020-08-25,0.009341666245048227,0.0,0.0,0.009341666245048227,1.076306099009462
2020-08-26,-0.0070518063524948865,0.0,0.0,-0.0070518063524948865,1.068716196823238
2020-08-27,0.00979161580880989,0.0,0.0,0.00979161580880989,1.0791806552311836
2020-08-28,0.011873109050572898,0.0,0.0,0.011873109050572898,1.091993884836012
2020-08-31,0.003532286325876814,0.6368917431406864,0.0009553376147110296,0.0025769487111657846,1.0948078970701411
2020-09-01,-0.0010157753737461512,0.0,0.0,-0.0010157753737461512,1.0936958181693144
2020-09-02,0.010648488993400824,0.0,0.0,0.010648488993400824,1.1053420260512188
2020-09-03,0.010564943449857773,0.0,0.0,0.010564943449857773,1.117019902049201
2020-09-04,-0.026639735957465462,0.0,0.0,-0.026639735957465462,1.0872627867993765
2020-09-07,-0.013710440439339474,0.7831778458134108,0.0011747667687201163,-0.01488520720805959,1.0710786549282554
2020-09-08,0.0022580952608330256,0.028395427139617364,4.259314070942605e-05,0.0022155021201235997,1.0734516319590681
2020-09-09,-0.015617633757827437,1.3464124872224897e-05,2.0196187308337345e-08,-0.015617653954014744,1.056686835834759
2020-09-10,-0.0019153111544619364,0.03368219627879217,5.0523294418188245e-05,-0.0019658344488801245,1.0546095644511968
2020-09-11,0.005021248514667991,0.0008638960652514252,1.295844097877138e-06,0.0050199526705701145,1.0599036545506724
2020-09-14,0.004955742772140188,0.6284373713210866,0.00094265605698163,0.004013086715158558,1.0641571398260978
2020-09-15,0.0037409859675958286,0.0018507496374076116,2.776124456111417e-06,0.003738209843139717,1.0681351825208432
2020-09-16,-0.003090166783499821,0.0007709394973628575,1.1564092460442862e-06,-0.0030913231927458653,1.0648332314581286
2020-09-17,-0.0025559079026306634,0.0019659474882731467,2.94892123240972e-06,-0.0025588568238630732,1.0621084756775359
2020-09-18,0.009980255905164364,0.0014249460079667278,2.1374190119500915e-06,0.009978118486152415,1.0727063198929931
2020-09-21,-0.0023476844938672336,0.3266432543958207,0.000489964881593731,-0.0028376493754609646,1.069662355474296
2020-09-22,-0.008267150919464521,0.0012957172549323687,1.943575882398553e-06,-0.00826909449534692,1.0608172163787635
2020-09-23,-0.0011973173879781436,0.010133957736370838,1.5200936604556258e-05,-0.0012125183245826998,1.0595309560648714
2020-09-24,-0.01005949642451391,0.0004358113905233857,6.537170857850785e-07,-0.010060150141599694,1.0488719155671862
2020-09-25,0.0012910551874316292,0.013164646095464774,1.974696914319716e-05,0.001271308218288432,1.0502053550533788
2020-09-28,-0.0006637863060510525,0.3177421471503822,0.00047661322072557326,-0.0011403995267766258,1.0490077013634576
2020-09-29,0.0037986882895018753,0.0013045861804817996,1.9568792707226993e-06,0.0037967314102311527,1.0529905018527985
2020-09-30,-0.0007744826958497004,0.002863434677016004,4.295152015524006e-06,-0.0007787778478652245,1.052170456175943
2020-10-09,0.011484601248021361,0.7790745659617884,0.0011686118489426824,0.01031598939907868,1.0630246354478778
2020-10-12,0.014406311574038043,0.3553368531029496,0.0005330052796544244,0.013873306294383618,1.0777723018139218
2020-10-13,0.0023950573325625755,0.02159704846941747,3.2395572704126206e-05,0.0023626617598584494,1.0803187132172523
2020-10-14,-0.0026008421204550833,0.009636529127674116,1.4454793691511173e-05,-0.0026152969141465944,1.0774933590202802
2020-10-15,-0.0037365124157295324,0.0003819452523428045,5.729178785142067e-07,-0.003737085333608047,1.0734666743912253
2020-10-16,-0.0010674935977525763,0.0020464618924968883,3.0696928387453323e-06,-0.0010705632905913217,1.0723174603759489
2020-10-19,-0.0015789638496006596,0.34758824646920083,0.0005213823697038012,-0.0021003462193044608,1.070065222452154
2020-10-20,0.004107080167607944,0.0006530156721861469,9.795235082792202e-07,0.004106100644099665,1.0744590179512936
2020-10-21,-0.0014208199430719931,0.000973984001650989,1.4609760024764836e-06,-0.0014222809190744697,1.072930835391734
2020-10-22,-0.003528074328596964,0.00704501583554943,1.0567523753324145e-05,-0.003538641852350288,1.0691341174329396
2020-10-23,-0.0073037414281475095,0.005899251546076623,8.848877319114934e-06,-0.007312590305466624,1.0613159776505559
2020-10-26,-0.005318143222675832,0.6527247269425616,0.0009790870904138422,-0.006297230313089674,1.0546326265043284
2020-10-27,0.00183653777163272,0.006232106142698091,9.348159214047136e-06,0.001827189612418673,1.0565596402843949
2020-10-28,0.003170366979164383,0.009792895591437471,1.4689343387156206e-05,0.0031556776357772264,1.0598938019121051
2020-10-29,0.00300176050073727,0.0009252818068491431,1.3879227102737146e-06,0.003000372578026996,1.063073878210983
2020-10-30,-0.011587854551049197,0.005616669067460514,8.425003601190772e-06,-0.011596279554650387,1.050746176332002
2020-11-02,0.0036992873710327647,0.4310055855355515,0.0006465083783033273,0.0030527789927294376,1.0539538721857993
2020-11-03,0.007209613492512602,0.005668903348151733,8.503355022227599e-06,0.007201110137490374,1.0615435100992439
2020-11-04,0.008040201799447859,0.00461824181512193,6.927362722682895e-06,0.008033274436725177,1.0700711804423955
2020-11-05,0.007772317722249934,0.007356226441132457,1.1034339661698686e-05,0.007761283382588235,1.0783763061133496
2020-11-06,-0.002097582755966944,0.007266823132121791,1.0900234698182688e-05,-0.002108482990665127,1.0761025680143732
2020-11-09,0.011535071198137242,0.1748814700463156,0.0002623222050694734,0.011272748993067768,1.0882332021543948
2020-11-10,-0.006067386583526612,0.014398546370189468,2.15978195552842e-05,-0.0060889844030818955,1.0816069671595607
2020-11-11,-0.006820481311579869,0.004417540573044672,6.626310859567008e-06,-0.006827107622439437,1.0742227199895822
2020-11-12,0.003039076697158714,0.004286811034316947,6.43021655147542e-06,0.0030326464806072384,1.0774804577407469
2020-11-13,-0.0037484793772884894,0.06785101489317978,0.00010177652233976969,-0.003850255899628259,1.0733318822515963
2020-11-16,0.009000327033740842,0.27762835012407416,0.0004164425251861113,0.008583884508554731,1.0825452391681936
2020-11-17,-0.002318912731878231,0.00624635541507268,9.36953312260902e-06,-0.00232828226500084,1.0800247682867772
2020-11-18,-0.0011505436683092887,0.005448088469738863,8.172132704608294e-06,-0.001158715801013897,1.078773326522277
2020-11-19,0.002024188007090281,0.0003388213166448245,5.082319749672368e-07,0.002023679775115314,1.0809564182850941
2020-11-20,0.004392842020087464,0.0022671787299838944,3.4007680949758415e-06,0.004389441251992488,1.0857012129791208
2020-11-23,0.006794573498292475,0.03895963752203721,5.8439456283055814e-05,0.006736134042009419,1.0930146418793203
2020-11-24,-0.0016801474924439737,0.001545597211245503,2.3183958168682543e-06,-0.001682465888260842,1.0911756820289886
2020-11-25,-0.007885466863806246,0.012062504754663389,1.8093757131995084e-05,-0.00790356062093824,1.082551508877979
2020-11-26,-2.0290152219959684e-05,0.0008783136107188491,1.3174704160782736e-06,-2.1607622636037958e-05,1.082528117513491
2020-11-27,0.005330281058697807,0.005841153619359586,8.76173042903938e-06,0.0053215193282687675,1.0882888118142335
2020-11-30,-0.005498147919367899,0.48708427992207926,0.0007306264198831189,-0.006228774339251017,1.081510106389511
2020-12-01,0.008242263648817222,0.010618981076722388,1.5928471615083585e-05,0.008226335177202138,1.0904069710222026
2020-12-02,6.467353119498151e-05,0.007540708762877903,1.1311063144316855e-05,5.3362468050664654e-05,1.090465157829356
2020-12-03,-0.0015180179345766931,0.000156958919547822,2.3543837932173302e-07,-0.0015182533729560148,1.0888095554253907
2020-12-04,0.0014868060942163724,0.012203958343225924,1.8305937514838885e-05,0.0014685001567015334,1.090408472428151
2020-12-07,-0.004981850705121099,0.29002099613950083,0.00043503149420925127,-0.0054168821993303504,1.0845018581838561
2020-12-08,-0.0012899146154318742,0.06867255182289644,0.00010300882773434465,-0.001392923443166219,1.0829912301214346
2020-12-09,-0.007297272984656247,0.0,0.0,-0.007297272984656247,1.07508834747525
2020-12-10,-9.655661267111512e-05,0.0,0.0,-9.655661267111512e-05,1.0749845405860956
2020-12-11,-0.004478339897041941,0.0,0.0,-0.004478339897041941,1.0701703944292855
2020-12-14,0.0029733369822128324,0.5347965544177713,0.0008021948316266571,0.0021711421505861755,1.0724938864809404
2020-12-15,-0.0008164499564671264,0.0,0.0,-0.0008164499564671264,1.0716182488940118
2020-12-16,0.0031342131980581205,0.0,0.0,0.0031342131980581205,1.0749769289529754
2020-12-17,0.00796195231755333,0.0,0.0,0.00796195231755333,1.083535844003769
2020-12-18,0.0006959977067127142,0.0,0.0,0.0006959977067127142,1.0842899824663366
2020-12-21,0.008983177623914665,0.3464605765093695,0.0005196908647640543,0.008463486759150611,1.0934668563760201
2020-12-22,-0.008789434083717323,0.0,0.0,-0.008789434083717323,1.0838559015191735
2020-12-23,0.0029753204263959073,0.0,0.0,0.0029753204263959073,1.0870807201222332
2020-12-24,-0.0014879111363595553,0.0,0.0,-0.0014879111363595553,1.0854632406126414
2020-12-25,0.00597738349169665,0.0,0.0,0.00597738349169665,1.091951470667923
2020-12-28,0.005791886057046301,0.29209581747945934,0.00043814372621918906,0.005353742330827112,1.097797497479647
2020-12-29,-0.0030300637394654636,0.0,0.0,-0.0030300637394654636,1.094471101089258
2020-12-30,0.008427947338359899,0.0,0.0,0.008427947338359899,1.103695245892595
2020-12-31,0.009600045451230513,0.0,0.0,0.009600045451230513,1.1142907704174712
2021-01-04,0.007883135466486562,0.438852629662527,0.0006582789444937906,0.007224856521992772,1.1223413613575182
2021-01-05,0.009191127830890366,0.0,0.0,0.009191127830890366,1.1326569442796506
2021-01-06,0.004314535867167742,0.0,0.0,0.004314535867167742,1.1375438332909418
2021-01-07,0.01043412153439174,0.0,0.0,0.01043412153439174,1.1494131038981974
2021-01-08,5.686823895540566e-05,0.0,0.0,5.686823895540566e-05,1.1494784689972484
2021-01-11,-0.010060732796590376,0.3089064247158966,0.00046335963707384484,-0.010524092433664221,1.1373812513390145
2021-01-12,0.012539528438910033,0.0,0.0,0.012539528438910033,1.1516434758860632
2021-01-13,-0.00458634212727142,0.0,0.0,-0.00458634212727142,1.1463616448970098
2021-01-14,-0.007743813963354156,0.0,0.0,-0.007743813963354156,1.1374844335842027
2021-01-15,-0.0030299542700519527,0.0,0.0,-0.0030299542700519527,1.1340379077675466
2021-01-18,0.007166521535461846,0.45372668420580886,0.0006805900263087133,0.006485931509153133,1.1413931999661104
2021-01-19,-0.006458668050354299,0.0,0.0,-0.006458668050354299,1.1340213201725977
2021-01-20,0.01307413737998477,0.0,0.0,0.01307413737998477,1.148847670704366
2021-01-21,0.010877600448663755,0.0,0.0,0.010877600448663755,1.161344376642666
2021-01-22,0.00529175337269277,0.0,0.0,0.00529175337269277,1.1674899246646229
2021-01-25,0.00934801875398468,0.47391806463666813,0.0007108770969550022,0.008637141657029678,1.177573700527106
2021-01-26,-0.014479556554798382,0.0,0.0,-0.014479556554798382,1.1605229555328807
2021-01-27,0.0021973243192321607,0.0,0.0,0.0021973243192321607,1.1630730008461
2021-01-28,-0.020485472199924918,0.0,0.0,-0.020485472199924918,1.139246901220784
2021-01-29,-0.0020820634811902663,0.0,0.0,-0.0020820634811902663,1.1368749168516932
2021-02-01,0.004645318618179716,0.6670196144453054,0.0010005294216679581,0.0036447891965117572,1.1410185862664193
2021-02-02,0.009114879747791996,0.0,0.0,0.009114879747791996,1.1514188334702333
2021-02-03,0.0013793132593564303,0.0,0.0,0.0013793132593564303,1.1530070007343116
2021-02-04,-0.0005070614753717761,0.0,0.0,-0.0005070614753717761,1.1524223553034052
2021-02-05,0.004853262501826609,0.0,0.0,0.004853262501826609,1.1580153635066661
2021-02-08,0.007191219768529443,0.18496745808133847,0.0002774511871220077,0.006913768581407435,1.1660216137436654
2021-02-09,0.00973798894584758,0.0,0.0,0.00973798894584758,1.1773763193289206
2021-02-10,0.011093928944977167,0.0,0.0,0.011093928944977167,1.1904380485570545
2021-02-18,-0.0004189369860594747,0.3377873782524724,0.0005066810673787086,-0.0009256180534381833,1.1893361576078103
2021-02-19,0.0008098361718498385,0.0,0.0,0.0008098361718498385,1.19029932504873
2021-02-22,-0.013737550777160695,0.524488319574226,0.000786732479361339,-0.014524283256522033,1.1730110804916751
2021-02-23,-0.0038358427088528023,0.0,0.0,-0.0038358427088528023,1.1685115944911675
2021-02-24,-0.015660388830013878,0.0,0.0,-0.015660388830013878,1.1502122485690562
2021-02-25,0.0071653953666698435,0.0011552459995865655,1.7328689993798482e-06,0.007163662497670463,1.1584519809184917
2021-02-26,-0.019105551719782128,0.0011552459995865655,1.7328689993798482e-06,-0.01910728458878151,1.1363171092366444
2021-03-01,0.009589980498755729,0.6680300418580193,0.0010020450627870289,0.0085879354359687,1.1460757272055555
2021-03-02,-0.011214544630636147,0.007304143145576071,1.0956214718364108e-05,-0.011225500845354511,1.1332104531609692
2021-03-03,0.013275306986262185,0.01410938077699838,2.116407116549757e-05,0.013254142915096688,1.1482301864600464
2021-03-04,-0.023797980426243176,0.013063469725893256,1.9595204588839886e-05,-0.023817575630832016,1.1208821271524299
2021-03-05,-0.0014381160201293191,0.07237213812717369,0.00010855820719076052,-0.0015466742273200797,1.1191484876544995
2021-03-08,-0.017346542573832245,0.3137136532842349,0.00047057047992635236,-0.017817113053758597,1.0992084925260164
2021-03-09,0.0,0.8446626025809014,0.001266993903871352,-0.001266993903871352,1.0978158020669024
2021-03-10,0.0,0.0,0.0,0.0,1.0978158020669024
2021-03-11,0.0,0.0,0.0,0.0,1.0978158020669024
2021-03-12,0.0,0.0,0.0,0.0,1.0978158020669024
2021-03-15,0.0,0.0,0.0,0.0,1.0978158020669024
2021-03-16,0.0,0.0,0.0,0.0,1.0978158020669024
2021-03-17,0.0,0.0,0.0,0.0,1.0978158020669024
2021-03-18,0.0,0.0,0.0,0.0,1.0978158020669024
2021-03-19,0.0,0.0,0.0,0.0,1.0978158020669024
2021-03-22,0.0,0.0,0.0,0.0,1.0978158020669024
2021-03-23,0.0,0.0,0.0,0.0,1.0978158020669024
2021-03-24,0.0,0.0,0.0,0.0,1.0978158020669024
2021-03-25,0.0,0.0,0.0,0.0,1.0978158020669024
2021-03-26,0.0,0.0,0.0,0.0,1.0978158020669024
2021-03-29,0.0,0.0,0.0,0.0,1.0978158020669024
2021-03-30,0.0,0.0,0.0,0.0,1.0978158020669024
2021-03-31,0.0,0.0,0.0,0.0,1.0978158020669024
2021-04-01,0.0,0.0,0.0,0.0,1.0978158020669024
2021-04-02,0.0,0.0,0.0,0.0,1.0978158020669024
2021-04-06,0.0,0.0,0.0,0.0,1.0978158020669024
2021-04-07,0.0,0.0,0.0,0.0,1.0978158020669024
2021-04-08,0.0,0.0,0.0,0.0,1.0978158020669024
2021-04-09,0.0,0.0,0.0,0.0,1.0978158020669024
2021-04-12,0.0,0.0,0.0,0.0,1.0978158020669024
2021-04-13,0.0,0.0,0.0,0.0,1.0978158020669024
2021-04-14,0.0,0.0,0.0,0.0,1.0978158020669024
2021-04-15,0.0,0.0,0.0,0.0,1.0978158020669024
2021-04-16,0.0,0.0,0.0,0.0,1.0978158020669024
2021-04-19,0.0,0.0,0.0,0.0,1.0978158020669024
2021-04-20,0.0,0.0,0.0,0.0,1.0978158020669024
2021-04-21,0.0,0.0,0.0,0.0,1.0978158020669024
2021-04-22,0.0,0.0,0.0,0.0,1.0978158020669024
2021-04-23,0.0,0.0,0.0,0.0,1.0978158020669024
2021-04-26,0.0,0.0,0.0,0.0,1.0978158020669024
2021-04-27,0.0,0.0,0.0,0.0,1.0978158020669024
2021-04-28,0.0,0.0,0.0,0.0,1.0978158020669024
2021-04-29,0.0,0.0,0.0,0.0,1.0978158020669024
2021-04-30,0.0,0.0,0.0,0.0,1.0978158020669024
2021-05-06,0.0,0.0,0.0,0.0,1.0978158020669024
2021-05-07,0.0,0.0,0.0,0.0,1.0978158020669024
2021-05-10,0.0,0.0,0.0,0.0,1.0978158020669024
2021-05-11,0.0,0.0,0.0,0.0,1.0978158020669024
2021-05-12,0.0,0.0,0.0,0.0,1.0978158020669024
2021-05-13,0.0,0.0,0.0,0.0,1.0978158020669024
2021-05-14,0.0,0.0,0.0,0.0,1.0978158020669024
2021-05-17,0.0,0.0,0.0,0.0,1.0978158020669024
2021-05-18,0.0,0.0,0.0,0.0,1.0978158020669024
2021-05-19,0.0,0.0,0.0,0.0,1.0978158020669024
2021-05-20,0.0,0.0,0.0,0.0,1.0978158020669024
2021-05-21,0.0,0.0,0.0,0.0,1.0978158020669024
2021-05-24,0.0,0.0,0.0,0.0,1.0978158020669024
2021-05-25,0.0,0.0,0.0,0.0,1.0978158020669024
2021-05-26,0.0,0.0,0.0,0.0,1.0978158020669024
2021-05-27,0.0036187186578451594,1.0,0.0015,0.0021187186578451593,1.1001417648896188
2021-05-28,0.0,1.0,0.0015,-0.0015,1.0984915522422845
2021-05-31,0.0,0.0,0.0,0.0,1.0984915522422845
2021-06-01,0.004182612284377014,1.0,0.0015,0.0026826122843770137,1.101438379174614
2021-06-02,-0.00590058462062299,0.0,0.0,-0.00590058462062299,1.0949392488138923
2021-06-03,0.0,1.0,0.0015,-0.0015,1.0932968399406715
2021-06-04,0.0,0.0,0.0,0.0,1.0932968399406715
2021-06-07,0.0,0.0,0.0,0.0,1.0932968399406715
2021-06-08,-0.0044194617348325416,1.0,0.0015,-0.005919461734832541,1.0868251111318294
2021-06-09,0.0021173770486863893,0.0,0.0,0.0021173770486863893,1.089126329678076
2021-06-10,0.006839703088440255,0.0,0.0,0.006839703088440255,1.0965756303988767
2021-06-11,0.0008919960191745967,0.0,0.0,0.0008919960191745967,1.0975537714959165
2021-06-15,-0.005991988639394188,0.27721613478802043,0.0004158242021820307,-0.006407812841576219,1.0905208523446046
2021-06-16,0.0,1.0,0.0015,-0.0015,1.0888850710660878
2021-06-17,0.0,0.0,0.0,0.0,1.0888850710660878
2021-06-18,0.0,0.0,0.0,0.0,1.0888850710660878
2021-06-21,0.0,0.0,0.0,0.0,1.0888850710660878
2021-06-22,0.0,0.0,0.0,0.0,1.0888850710660878
2021-06-23,0.0,0.0,0.0,0.0,1.0888850710660878
2021-06-24,-0.0009451793137200707,1.0,0.0015,-0.0024451793137200708,1.0862225518152984
2021-06-25,0.005457585446258148,0.0,0.0,0.005457585446258148,1.092150704205483
2021-06-28,-0.0033522913439255845,0.3967073141487398,0.0005950609712231097,-0.003947352315148694,1.0878396005947462
2021-06-29,-0.0027199764597920207,0.0,0.0,-0.0027199764597920207,1.084880702489099
2021-06-30,0.0,1.0,0.0015,-0.0015,1.0832533814353653
2021-07-01,0.0,0.0,0.0,0.0,1.0832533814353653
2021-07-02,0.0,0.0,0.0,0.0,1.0832533814353653
2021-07-05,0.0,0.0,0.0,0.0,1.0832533814353653
2021-07-06,0.0,0.0,0.0,0.0,1.0832533814353653
2021-07-07,0.0,0.0,0.0,0.0,1.0832533814353653
2021-07-08,0.0,0.0,0.0,0.0,1.0832533814353653
2021-07-09,0.0,0.0,0.0,0.0,1.0832533814353653
2021-07-12,0.0,0.0,0.0,0.0,1.0832533814353653
2021-07-13,0.0,0.0,0.0,0.0,1.0832533814353653
2021-07-14,0.0,0.0,0.0,0.0,1.0832533814353653
2021-07-15,0.0,0.0,0.0,0.0,1.0832533814353653
2021-07-16,0.0,0.0,0.0,0.0,1.0832533814353653
2021-07-19,0.0,0.0,0.0,0.0,1.0832533814353653
2021-07-20,0.0,0.0,0.0,0.0,1.0832533814353653
2021-07-21,0.0,0.0,0.0,0.0,1.0832533814353653
2021-07-22,0.0,0.0,0.0,0.0,1.0832533814353653
2021-07-23,0.0,0.0,0.0,0.0,1.0832533814353653
2021-07-26,0.0,0.0,0.0,0.0,1.0832533814353653
2021-07-27,0.0,0.0,0.0,0.0,1.0832533814353653
2021-07-28,0.0,0.0,0.0,0.0,1.0832533814353653
2021-07-29,0.0,0.0,0.0,0.0,1.0832533814353653
2021-07-30,0.0,0.0,0.0,0.0,1.0832533814353653
2021-08-02,0.0,0.0,0.0,0.0,1.0832533814353653
2021-08-03,0.0,0.0,0.0,0.0,1.0832533814353653
2021-08-04,0.0,0.0,0.0,0.0,1.0832533814353653
2021-08-05,0.0,0.0,0.0,0.0,1.0832533814353653
2021-08-06,0.0,0.0,0.0,0.0,1.0832533814353653
2021-08-09,0.0,0.0,0.0,0.0,1.0832533814353653
2021-08-10,0.0,0.0,0.0,0.0,1.0832533814353653
2021-08-11,0.0,0.0,0.0,0.0,1.0832533814353653
2021-08-12,0.0,0.0,0.0,0.0,1.0832533814353653
2021-08-13,0.0,0.0,0.0,0.0,1.0832533814353653
2021-08-16,0.0,0.0,0.0,0.0,1.0832533814353653
2021-08-17,0.0,0.0,0.0,0.0,1.0832533814353653
2021-08-18,0.0,0.0,0.0,0.0,1.0832533814353653
2021-08-19,0.0,0.0,0.0,0.0,1.0832533814353653
2021-08-20,0.0,0.0,0.0,0.0,1.0832533814353653
2021-08-23,0.0,0.0,0.0,0.0,1.0832533814353653
2021-08-24,0.0,0.0,0.0,0.0,1.0832533814353653
2021-08-25,0.0,0.0,0.0,0.0,1.0832533814353653
2021-08-26,0.0,0.0,0.0,0.0,1.0832533814353653
2021-08-27,0.0,0.0,0.0,0.0,1.0832533814353653
2021-08-30,0.0,0.0,0.0,0.0,1.0832533814353653
2021-08-31,0.0,0.0,0.0,0.0,1.0832533814353653
2021-09-01,0.0,0.0,0.0,0.0,1.0832533814353653
2021-09-02,0.0,0.0,0.0,0.0,1.0832533814353653
2021-09-03,0.0,0.0,0.0,0.0,1.0832533814353653
2021-09-06,0.0,0.0,0.0,0.0,1.0832533814353653
2021-09-07,0.009629559023215384,1.0,0.0015,0.008129559023215384,1.0920597537368417
2021-09-08,0.0021530027184109594,0.0,0.0,0.0021530027184109594,1.0944109613553044
2021-09-09,0.006813428983407595,0.0,0.0,0.006813428983407595,1.1018676527191615
2021-09-10,0.0,1.0,0.0015,-0.0015,1.100214851240083
2021-09-13,0.004266216812570783,1.0,0.0015,0.002766216812570783,1.1032582840590233
2021-09-14,0.0,1.0,0.0015,-0.0015,1.1016033966329348
2021-09-15,0.0,0.0,0.0,0.0,1.1016033966329348
2021-09-16,0.0,0.0,0.0,0.0,1.1016033966329348
2021-09-17,0.0,0.0,0.0,0.0,1.1016033966329348
2021-09-22,0.0,0.0,0.0,0.0,1.1016033966329348
2021-09-23,0.0,0.0,0.0,0.0,1.1016033966329348
2021-09-24,0.0,0.0,0.0,0.0,1.1016033966329348
2021-09-27,0.0,0.0,0.0,0.0,1.1016033966329348
2021-09-28,0.0,0.0,0.0,0.0,1.1016033966329348
2021-09-29,0.0,0.0,0.0,0.0,1.1016033966329348
2021-09-30,0.0,0.0,0.0,0.0,1.1016033966329348
2021-10-08,0.0,0.0,0.0,0.0,1.1016033966329348
2021-10-11,0.0,0.0,0.0,0.0,1.1016033966329348
2021-10-12,0.0,0.0,0.0,0.0,1.1016033966329348
2021-10-13,0.0,0.0,0.0,0.0,1.1016033966329348
2021-10-14,0.0,0.0,0.0,0.0,1.1016033966329348
2021-10-15,0.0,0.0,0.0,0.0,1.1016033966329348
2021-10-18,0.0,0.0,0.0,0.0,1.1016033966329348
2021-10-19,0.0,0.0,0.0,0.0,1.1016033966329348
2021-10-20,0.0,0.0,0.0,0.0,1.1016033966329348
2021-10-21,0.0,0.0,0.0,0.0,1.1016033966329348
2021-10-22,0.0,0.0,0.0,0.0,1.1016033966329348
2021-10-25,0.0,0.0,0.0,0.0,1.1016033966329348
2021-10-26,0.0,0.0,0.0,0.0,1.1016033966329348
2021-10-27,0.0,0.0,0.0,0.0,1.1016033966329348
2021-10-28,0.0,0.0,0.0,0.0,1.1016033966329348
2021-10-29,0.0,0.0,0.0,0.0,1.1016033966329348
2021-11-01,0.0,0.0,0.0,0.0,1.1016033966329348
2021-11-02,0.0,0.0,0.0,0.0,1.1016033966329348
2021-11-03,0.0,0.0,0.0,0.0,1.1016033966329348
2021-11-04,0.0,0.0,0.0,0.0,1.1016033966329348
2021-11-05,0.0,0.0,0.0,0.0,1.1016033966329348
2021-11-08,0.0,0.0,0.0,0.0,1.1016033966329348
2021-11-09,0.0,0.0,0.0,0.0,1.1016033966329348
2021-11-10,-0.0034649443761718673,1.0,0.0015,-0.004964944376171867,1.0961339970440502
2021-11-11,0.0018666857886784655,0.0,0.0,0.0018666857886784655,1.0981801347988196
2021-11-12,0.0030593624723958047,0.0,0.0,0.0030593624723958047,1.1015398658911537
2021-11-15,-0.00174734655873708,0.5524425370315875,0.0008286638055473812,-0.002576010364284461,1.0987022877799455
2021-11-16,-0.004078576195170786,0.0,0.0,-0.004078576195170786,1.0942211467834264
2021-11-17,0.0045526267129285,0.0,0.0,0.0045526267129285,1.099202727206124
2021-11-18,-0.0022967836191481253,0.0,0.0,-0.0022967836191481253,1.0966780963881542
2021-11-19,0.005976364767382049,0.0,0.0,0.005976364767382049,1.103232244724568
2021-11-22,0.009196064899380315,0.4447798642697738,0.0006671697964046607,0.008528895102975654,1.1126415968140442
2021-11-23,-0.005101138945411195,0.0,0.0,-0.005101138945411195,1.1069658574322516
2021-11-24,-0.0001521395801246159,0.0,0.0,-0.0001521395801246159,1.1067974441114896
2021-11-25,0.0018575914732909225,0.0,0.0,0.0018575914732909225,1.1088534216063315
2021-11-26,-0.006084850792734188,0.0,0.0,-0.006084850792734188,1.102106213984844
2021-11-29,0.0,1.0,0.0015,-0.0015,1.100453054663867
2021-11-30,0.0,0.0,0.0,0.0,1.100453054663867
2021-12-01,0.0,0.0,0.0,0.0,1.100453054663867
2021-12-02,0.0,0.0,0.0,0.0,1.100453054663867
2021-12-03,0.0023368071049339957,1.0,0.0015,0.0008368071049339957,1.101373921598656
2021-12-06,-0.010037404037768819,0.23291147668361875,0.00034936721502542813,-0.010386771252794247,1.0899342026112178
2021-12-07,-0.002033793246907821,0.0,0.0,-0.002033793246907821,1.0877175017903733
2021-12-08,0.0,1.0,0.0015,-0.0015,1.0860859255376878
2021-12-09,0.001339663863197368,1.0,0.0015,-0.000160336136802632,1.0859117867161514
2021-12-10,-0.0003850643093933878,0.0,0.0,-0.0003850643093933878,1.0854936408439375
2021-12-13,0.00484439672386275,0.5369125784652866,0.0008053688676979299,0.00403902785616482,1.089877979896996
2021-12-14,-0.006286585169615168,0.0,0.0,-0.006286585169615168,1.0830263691518853
2021-12-15,-0.006614723721490504,0.0,0.0,-0.006614723721490504,1.0758624489368567
2021-12-16,0.00856266358934353,0.0,0.0,0.00856266358934353,1.08507469715551
2021-12-17,-0.014022618316557638,0.0,0.0,-0.014022618316557638,1.0698591088323441
2021-12-20,-0.015076172216767913,0.431430396739548,0.0006471455951093221,-0.015723317811877236,1.0530373740502414
2021-12-21,0.0,1.0,0.0015,-0.0015,1.051457817989166
2021-12-22,0.003350667693958407,1.0,0.0015,0.001850667693958407,1.0534037170044788
2021-12-23,0.0,1.0,0.0015,-0.0015,1.051823611428972
2021-12-24,-0.0053787994633763304,1.0,0.0015,-0.00687879946337633,1.044588327735108
2021-12-27,-0.0011389855363186574,0.6990627395591783,0.0010485941093387676,-0.002187579645657425,1.0423032075712633
2021-12-28,0.004704816905769422,0.0,0.0,0.004704816905769422,1.0472070533231823
2021-12-29,-0.003118608179005877,0.0,0.0,-0.003118608179005877,1.043941224841576
2021-12-30,0.003947617449582683,0.0,0.0,0.003947617449582683,1.0480623054370994
2021-12-31,0.002163002969219549,0.0,0.0,0.002163002969219549,1.0503292673156868
2022-01-04,-0.0002743250657877974,0.5625367492083944,0.0008438051238125916,-0.001118130189600389,1.0491548624528801
2022-01-05,-0.011998958007422516,0.0,0.0,-0.011998958007422516,1.0365660973150248
2022-01-06,0.0,1.0,0.0015,-0.0015,1.0350112481690523
2022-01-07,0.0,0.0,0.0,0.0,1.0350112481690523
2022-01-10,0.0,0.0,0.0,0.0,1.0350112481690523
2022-01-11,0.0,0.0,0.0,0.0,1.0350112481690523
2022-01-12,0.0,0.0,0.0,0.0,1.0350112481690523
2022-01-13,0.0,0.0,0.0,0.0,1.0350112481690523
2022-01-14,0.0,0.0,0.0,0.0,1.0350112481690523
2022-01-17,0.0,0.0,0.0,0.0,1.0350112481690523
2022-01-18,0.0,0.0,0.0,0.0,1.0350112481690523
2022-01-19,0.0,0.0,0.0,0.0,1.0350112481690523
2022-01-20,0.0,0.0,0.0,0.0,1.0350112481690523
2022-01-21,-0.008623272188844145,1.0000000000000002,0.0015000000000000002,-0.010123272188844144,1.0245335475853217
2022-01-24,0.0,1.0000000000000002,0.0015000000000000002,-0.0015000000000000002,1.0229967472639439
2022-01-25,0.0,0.0,0.0,0.0,1.0229967472639439
2022-01-26,0.0,0.0,0.0,0.0,1.0229967472639439
2022-01-27,0.0,0.0,0.0,0.0,1.0229967472639439
2022-01-28,0.0,0.0,0.0,0.0,1.0229967472639439
2022-02-07,0.0,0.0,0.0,0.0,1.0229967472639439
2022-02-08,0.0,0.0,0.0,0.0,1.0229967472639439
2022-02-09,0.0,0.0,0.0,0.0,1.0229967472639439
2022-02-10,0.0,0.0,0.0,0.0,1.0229967472639439
2022-02-11,0.0,0.0,0.0,0.0,1.0229967472639439
2022-02-14,0.0,0.0,0.0,0.0,1.0229967472639439
2022-02-15,0.0,0.0,0.0,0.0,1.0229967472639439
2022-02-16,0.0,0.0,0.0,0.0,1.0229967472639439
2022-02-17,0.0,0.0,0.0,0.0,1.0229967472639439
2022-02-18,0.0,0.0,0.0,0.0,1.0229967472639439
2022-02-21,0.0,0.0,0.0,0.0,1.0229967472639439
2022-02-22,0.0,0.0,0.0,0.0,1.0229967472639439
2022-02-23,0.0,0.0,0.0,0.0,1.0229967472639439
2022-02-24,0.0,0.0,0.0,0.0,1.0229967472639439
2022-02-25,0.0,0.0,0.0,0.0,1.0229967472639439
2022-02-28,0.0,0.0,0.0,0.0,1.0229967472639439
2022-03-01,0.0,0.0,0.0,0.0,1.0229967472639439
2022-03-02,0.0,0.0,0.0,0.0,1.0229967472639439
2022-03-03,0.0,0.0,0.0,0.0,1.0229967472639439
2022-03-04,0.0,0.0,0.0,0.0,1.0229967472639439
2022-03-07,0.0,0.0,0.0,0.0,1.0229967472639439
2022-03-08,0.0,0.0,0.0,0.0,1.0229967472639439
2022-03-09,0.0,0.0,0.0,0.0,1.0229967472639439
2022-03-10,0.0,0.0,0.0,0.0,1.0229967472639439
2022-03-11,0.0,0.0,0.0,0.0,1.0229967472639439
2022-03-14,0.0,0.0,0.0,0.0,1.0229967472639439
2022-03-15,0.0,0.0,0.0,0.0,1.0229967472639439
2022-03-16,0.0,0.0,0.0,0.0,1.0229967472639439
2022-03-17,0.0,0.0,0.0,0.0,1.0229967472639439
2022-03-18,0.0,0.0,0.0,0.0,1.0229967472639439
2022-03-21,0.0,0.0,0.0,0.0,1.0229967472639439
2022-03-22,0.0,0.0,0.0,0.0,1.0229967472639439
2022-03-23,0.0,0.0,0.0,0.0,1.0229967472639439
2022-03-24,0.0,0.0,0.0,0.0,1.0229967472639439
2022-03-25,0.0,0.0,0.0,0.0,1.0229967472639439
2022-03-28,0.0,0.0,0.0,0.0,1.0229967472639439
2022-03-29,0.0,0.0,0.0,0.0,1.0229967472639439
2022-03-30,0.0,0.0,0.0,0.0,1.0229967472639439
2022-03-31,0.0,0.0,0.0,0.0,1.0229967472639439
2022-04-01,0.0,0.0,0.0,0.0,1.0229967472639439
2022-04-06,0.0,0.0,0.0,0.0,1.0229967472639439
2022-04-07,0.0,0.0,0.0,0.0,1.0229967472639439
2022-04-08,0.0,0.0,0.0,0.0,1.0229967472639439
2022-04-11,0.0,0.0,0.0,0.0,1.0229967472639439
2022-04-12,0.0,0.0,0.0,0.0,1.0229967472639439
2022-04-13,0.0,0.0,0.0,0.0,1.0229967472639439
2022-04-14,0.0,0.0,0.0,0.0,1.0229967472639439
2022-04-15,0.0,0.0,0.0,0.0,1.0229967472639439
2022-04-18,0.0,0.0,0.0,0.0,1.0229967472639439
2022-04-19,0.0,0.0,0.0,0.0,1.0229967472639439
2022-04-20,0.0,0.0,0.0,0.0,1.0229967472639439
2022-04-21,0.0,0.0,0.0,0.0,1.0229967472639439
2022-04-22,0.0,0.0,0.0,0.0,1.0229967472639439
2022-04-25,0.0,0.0,0.0,0.0,1.0229967472639439
2022-04-26,0.0,0.0,0.0,0.0,1.0229967472639439
2022-04-27,0.0,0.0,0.0,0.0,1.0229967472639439
2022-04-28,0.0,0.0,0.0,0.0,1.0229967472639439
2022-04-29,0.0,0.0,0.0,0.0,1.0229967472639439
2022-05-05,0.0,0.0,0.0,0.0,1.0229967472639439
2022-05-06,0.0,0.0,0.0,0.0,1.0229967472639439
2022-05-09,0.0,0.0,0.0,0.0,1.0229967472639439
2022-05-10,0.0,0.0,0.0,0.0,1.0229967472639439
2022-05-11,0.0,0.0,0.0,0.0,1.0229967472639439
2022-05-12,0.0,0.0,0.0,0.0,1.0229967472639439
2022-05-13,0.0,0.0,0.0,0.0,1.0229967472639439
2022-05-16,0.0,0.0,0.0,0.0,1.0229967472639439
2022-05-17,0.0,0.0,0.0,0.0,1.0229967472639439
2022-05-18,0.0,0.0,0.0,0.0,1.0229967472639439
2022-05-19,0.0,0.0,0.0,0.0,1.0229967472639439
2022-05-20,0.0,0.0,0.0,0.0,1.0229967472639439
2022-05-23,0.0,0.0,0.0,0.0,1.0229967472639439
2022-05-24,0.0,0.0,0.0,0.0,1.0229967472639439
2022-05-25,0.0,0.0,0.0,0.0,1.0229967472639439
2022-05-26,0.0,0.0,0.0,0.0,1.0229967472639439
2022-05-27,0.0,0.0,0.0,0.0,1.0229967472639439
2022-05-30,0.0,0.0,0.0,0.0,1.0229967472639439
2022-05-31,0.0,0.0,0.0,0.0,1.0229967472639439
2022-06-01,0.0,0.0,0.0,0.0,1.0229967472639439
2022-06-02,0.0,0.0,0.0,0.0,1.0229967472639439
2022-06-06,0.0,0.0,0.0,0.0,1.0229967472639439
2022-06-07,0.0,0.0,0.0,0.0,1.0229967472639439
2022-06-08,0.0,0.0,0.0,0.0,1.0229967472639439
2022-06-09,0.0,0.0,0.0,0.0,1.0229967472639439
2022-06-10,0.0,0.0,0.0,0.0,1.0229967472639439
2022-06-13,0.0,0.0,0.0,0.0,1.0229967472639439
2022-06-14,0.0,0.0,0.0,0.0,1.0229967472639439
2022-06-15,0.0,0.0,0.0,0.0,1.0229967472639439
2022-06-16,0.0,0.0,0.0,0.0,1.0229967472639439
2022-06-17,0.0,0.0,0.0,0.0,1.0229967472639439
2022-06-20,0.0,0.0,0.0,0.0,1.0229967472639439
2022-06-21,0.0,0.0,0.0,0.0,1.0229967472639439
2022-06-22,0.0,0.0,0.0,0.0,1.0229967472639439
2022-06-23,0.0,0.0,0.0,0.0,1.0229967472639439
2022-06-24,0.0,0.0,0.0,0.0,1.0229967472639439
2022-06-27,0.0,0.0,0.0,0.0,1.0229967472639439
2022-06-28,0.0,0.0,0.0,0.0,1.0229967472639439
2022-06-29,0.0,0.0,0.0,0.0,1.0229967472639439
2022-06-30,0.0,0.0,0.0,0.0,1.0229967472639439
2022-07-01,0.0,0.0,0.0,0.0,1.0229967472639439
2022-07-04,0.0,0.0,0.0,0.0,1.0229967472639439
2022-07-05,0.0,0.0,0.0,0.0,1.0229967472639439
2022-07-06,0.0,0.0,0.0,0.0,1.0229967472639439
2022-07-07,0.0,0.0,0.0,0.0,1.0229967472639439
2022-07-08,0.0,0.0,0.0,0.0,1.0229967472639439
2022-07-11,0.0,0.0,0.0,0.0,1.0229967472639439
2022-07-12,0.0,0.0,0.0,0.0,1.0229967472639439
2022-07-13,0.0,0.0,0.0,0.0,1.0229967472639439
2022-07-14,0.0,0.0,0.0,0.0,1.0229967472639439
2022-07-15,0.0,0.0,0.0,0.0,1.0229967472639439
2022-07-18,0.0,0.0,0.0,0.0,1.0229967472639439
2022-07-19,0.0,0.0,0.0,0.0,1.0229967472639439
2022-07-20,0.0,0.0,0.0,0.0,1.0229967472639439
2022-07-21,0.0,0.0,0.0,0.0,1.0229967472639439
2022-07-22,0.0,0.0,0.0,0.0,1.0229967472639439
2022-07-25,0.0,0.0,0.0,0.0,1.0229967472639439
2022-07-26,0.0,0.0,0.0,0.0,1.0229967472639439
2022-07-27,0.0,0.0,0.0,0.0,1.0229967472639439
2022-07-28,0.0,0.0,0.0,0.0,1.0229967472639439
2022-07-29,0.0,0.0,0.0,0.0,1.0229967472639439
2022-08-01,0.0,0.0,0.0,0.0,1.0229967472639439
2022-08-02,0.0,0.0,0.0,0.0,1.0229967472639439
2022-08-03,0.0,0.0,0.0,0.0,1.0229967472639439
2022-08-04,0.0,0.0,0.0,0.0,1.0229967472639439
2022-08-05,0.0,0.0,0.0,0.0,1.0229967472639439
2022-08-08,0.0,0.0,0.0,0.0,1.0229967472639439
2022-08-09,0.0,0.0,0.0,0.0,1.0229967472639439
2022-08-10,0.0,0.0,0.0,0.0,1.0229967472639439
2022-08-11,0.0,0.0,0.0,0.0,1.0229967472639439
2022-08-12,0.0,0.0,0.0,0.0,1.0229967472639439
2022-08-15,0.0,0.0,0.0,0.0,1.0229967472639439
2022-08-16,0.0,0.0,0.0,0.0,1.0229967472639439
2022-08-17,0.0,0.0,0.0,0.0,1.0229967472639439
2022-08-18,0.0,0.0,0.0,0.0,1.0229967472639439
2022-08-19,0.0,0.0,0.0,0.0,1.0229967472639439
2022-08-22,0.0,0.0,0.0,0.0,1.0229967472639439
2022-08-23,0.0,0.0,0.0,0.0,1.0229967472639439
2022-08-24,0.0,0.0,0.0,0.0,1.0229967472639439
2022-08-25,0.0,0.0,0.0,0.0,1.0229967472639439
2022-08-26,0.0,0.0,0.0,0.0,1.0229967472639439
2022-08-29,0.0,0.0,0.0,0.0,1.0229967472639439
2022-08-30,0.0,0.0,0.0,0.0,1.0229967472639439
2022-08-31,0.0,0.0,0.0,0.0,1.0229967472639439
2022-09-01,0.0,0.0,0.0,0.0,1.0229967472639439
2022-09-02,0.0,0.0,0.0,0.0,1.0229967472639439
2022-09-05,0.0,0.0,0.0,0.0,1.0229967472639439
2022-09-06,0.0,0.0,0.0,0.0,1.0229967472639439
2022-09-07,0.0,0.0,0.0,0.0,1.0229967472639439
2022-09-08,0.0,0.0,0.0,0.0,1.0229967472639439
2022-09-09,0.0,0.0,0.0,0.0,1.0229967472639439
2022-09-13,0.0,0.0,0.0,0.0,1.0229967472639439
2022-09-14,0.0,0.0,0.0,0.0,1.0229967472639439
2022-09-15,0.0,0.0,0.0,0.0,1.0229967472639439
2022-09-16,0.0,0.0,0.0,0.0,1.0229967472639439
2022-09-19,0.0,0.0,0.0,0.0,1.0229967472639439
2022-09-20,0.0,0.0,0.0,0.0,1.0229967472639439
2022-09-21,0.0,0.0,0.0,0.0,1.0229967472639439
2022-09-22,0.0,0.0,0.0,0.0,1.0229967472639439
2022-09-23,0.0,0.0,0.0,0.0,1.0229967472639439
2022-09-26,0.0,0.0,0.0,0.0,1.0229967472639439
2022-09-27,0.0,0.0,0.0,0.0,1.0229967472639439
2022-09-28,0.0,0.0,0.0,0.0,1.0229967472639439
2022-09-29,0.0,0.0,0.0,0.0,1.0229967472639439
2022-09-30,0.0,0.0,0.0,0.0,1.0229967472639439
2022-10-10,0.0,0.0,0.0,0.0,1.0229967472639439
2022-10-11,0.0,0.0,0.0,0.0,1.0229967472639439
2022-10-12,0.0,0.0,0.0,0.0,1.0229967472639439
2022-10-13,0.0,0.0,0.0,0.0,1.0229967472639439
2022-10-14,0.0,0.0,0.0,0.0,1.0229967472639439
2022-10-17,0.0,0.0,0.0,0.0,1.0229967472639439
2022-10-18,0.0,0.0,0.0,0.0,1.0229967472639439
2022-10-19,0.0,0.0,0.0,0.0,1.0229967472639439
2022-10-20,0.0,0.0,0.0,0.0,1.0229967472639439
2022-10-21,0.0,0.0,0.0,0.0,1.0229967472639439
2022-10-24,0.0,0.0,0.0,0.0,1.0229967472639439
2022-10-25,0.0,0.0,0.0,0.0,1.0229967472639439
2022-10-26,0.0,0.0,0.0,0.0,1.0229967472639439
2022-10-27,0.0,0.0,0.0,0.0,1.0229967472639439
2022-10-28,0.0,0.0,0.0,0.0,1.0229967472639439
2022-10-31,0.0,0.0,0.0,0.0,1.0229967472639439
2022-11-01,0.0,0.0,0.0,0.0,1.0229967472639439
2022-11-02,0.0,0.0,0.0,0.0,1.0229967472639439
2022-11-03,0.0,0.0,0.0,0.0,1.0229967472639439
2022-11-04,0.0,0.0,0.0,0.0,1.0229967472639439
2022-11-07,0.0,0.0,0.0,0.0,1.0229967472639439
2022-11-08,0.0,0.0,0.0,0.0,1.0229967472639439
2022-11-09,0.0,0.0,0.0,0.0,1.0229967472639439
2022-11-10,0.0,0.0,0.0,0.0,1.0229967472639439
2022-11-11,0.0,0.0,0.0,0.0,1.0229967472639439
2022-11-14,0.0,0.0,0.0,0.0,1.0229967472639439
2022-11-15,0.0,0.0,0.0,0.0,1.0229967472639439
2022-11-16,0.0,0.0,0.0,0.0,1.0229967472639439
2022-11-17,0.0,0.0,0.0,0.0,1.0229967472639439
2022-11-18,0.0,0.0,0.0,0.0,1.0229967472639439
2022-11-21,0.0,0.0,0.0,0.0,1.0229967472639439
2022-11-22,0.0,0.0,0.0,0.0,1.0229967472639439
2022-11-23,0.0,0.0,0.0,0.0,1.0229967472639439
2022-11-24,0.0,0.0,0.0,0.0,1.0229967472639439
2022-11-25,0.0,0.0,0.0,0.0,1.0229967472639439
2022-11-28,0.0,0.0,0.0,0.0,1.0229967472639439
2022-11-29,0.0,0.0,0.0,0.0,1.0229967472639439
2022-11-30,0.0,0.0,0.0,0.0,1.0229967472639439
2022-12-01,0.0,0.0,0.0,0.0,1.0229967472639439
2022-12-02,0.0,0.0,0.0,0.0,1.0229967472639439
2022-12-05,0.0,0.0,0.0,0.0,1.0229967472639439
2022-12-06,-0.00618223624123063,1.0,0.0015,-0.0076822362412306295,1.0151378445774517
2022-12-07,-0.0004928139908798598,0.0,0.0,-0.0004928139908798598,1.0146375704449724
2022-12-08,0.002055465115832837,0.0,0.0,0.002055465115832837,1.0167231225762354
2022-12-09,0.0022381594236139495,0.0,0.0,0.0022381594236139495,1.0189987110142358
2022-12-12,-0.004631059832288566,0.4097584315543019,0.0006146376473314529,-0.005245697479620019,1.0136533520441324
2022-12-13,0.00028963363202562045,0.0,0.0,0.00028963363202562045,1.0139469401461
2022-12-14,0.002432883632717326,0.0,0.0,0.002432883632717326,1.0164137550612256
2022-12-15,-0.006084395599919436,0.0,0.0,-0.006084395599919436,1.0102294916822334
2022-12-16,0.0,1.0,0.0015,-0.0015,1.00871414744471
2022-12-19,0.0,0.0,0.0,0.0,1.00871414744471
2022-12-20,0.0,0.0,0.0,0.0,1.00871414744471
2022-12-21,0.0,0.0,0.0,0.0,1.00871414744471
2022-12-22,0.0,0.0,0.0,0.0,1.00871414744471
2022-12-23,0.0,0.0,0.0,0.0,1.00871414744471
2022-12-26,0.0,0.0,0.0,0.0,1.00871414744471
2022-12-27,0.0,0.0,0.0,0.0,1.00871414744471
2022-12-28,0.0,0.0,0.0,0.0,1.00871414744471
2022-12-29,0.0,0.0,0.0,0.0,1.00871414744471
2022-12-30,0.0,0.0,0.0,0.0,1.00871414744471
2023-01-03,0.0,0.0,0.0,0.0,1.00871414744471
2023-01-04,0.0,0.0,0.0,0.0,1.00871414744471
2023-01-05,0.0,0.0,0.0,0.0,1.00871414744471
2023-01-06,-0.004745661307061195,1.0,0.0015,-0.0062456613070611955,1.0024140605241294
2023-01-09,0.007649243127164967,0.5641665079023068,0.0008462497618534602,0.006802993365311507,1.00923347672717
2023-01-10,-5.120234222692733e-05,0.0,0.0,-5.120234222692733e-05,1.0091818016093077
2023-01-11,0.0020491038569794883,0.0,0.0,0.0020491038569794883,1.0112497199313788
2023-01-12,-0.0037425111600722662,0.0,0.0,-0.0037425111600722662,1.0074651065689155
2023-01-13,0.007657912918712778,0.0,0.0,0.007657912918712778,1.015180186623662
2023-01-16,0.005799263256653905,0.6169978373468523,0.0009254967560202784,0.004873766500633627,1.0201279378093353
2023-01-17,0.00045084067532867757,0.0,0.0,0.00045084067532867757,1.020587852977739
2023-01-18,-0.0011537027955736776,0.0,0.0,-0.0011537027955736776,1.01941039791863
2023-01-19,0.003133930705702106,0.0,0.0,0.003133930705702106,1.0226051594663792
2023-01-20,0.0050086638461907225,0.0,0.0,0.0050086638461907225,1.0277270449575266
2023-01-30,-0.0015968290597830025,0.22262341735436253,0.00033393512603154376,-0.0019307641858145462,1.0257427463863298
2023-01-31,-0.008469293522878066,0.0,0.0,-0.008469293522878066,1.0170554299882208
2023-02-01,0.008659681835575077,0.0,0.0,0.008659681835575077,1.0258628064210629
2023-02-02,0.0025782931136706924,0.0,0.0,0.0025782931136706924,1.028507781430429
2023-02-03,-0.007598146567677032,0.0,0.0,-0.007598146567677032,1.0206930285611244
2023-02-06,-0.008049897629875253,0.6601642909507609,0.0009902464364261415,-0.009040144066301395,1.0114658165354624
2023-02-07,0.001528071342168999,0.0,0.0,0.001528071342168999,1.013011408463294
2023-02-08,-0.0010709252978324238,0.0,0.0,-0.0010709252978324238,1.0119265489189777
2023-02-09,0.0032354717501082075,0.0,0.0,0.0032354717501082075,1.0152006086811896
2023-02-10,-0.0012188754542706663,0.0,0.0,-0.0012188754542706663,1.0139632055781074
2023-02-13,0.0026571650730633275,0.6787785518992776,0.0010181678278489163,0.0016389972452144112,1.0156250884787987
2023-02-14,0.0011983953053415705,0.0,0.0,0.0011983953053415705,1.016842208816819
2023-02-15,-0.003925646225926318,0.0,0.0,-0.003925646225926318,1.0128504460374146
2023-02-16,0.0006323047928062419,0.0,0.0,0.0006323047928062419,1.01349087622884
2023-02-17,-0.003951484832734069,0.0,0.0,-0.003951484832734069,1.0094860824033072
2023-02-20,0.013524575549170494,0.3248640218813549,0.0004872960328220323,0.013037279516348463,1.0226470346274628
2023-02-21,0.0007627766951118815,0.0,0.0,0.0007627766951118815,1.0234270859528019
2023-02-22,-0.0024121349754555846,0.0,0.0,-0.0024121349754555846,1.0209584416839466
2023-02-23,-0.0020607912948857037,0.0,0.0,-0.0020607912948857037,1.0188544594148843
2023-02-24,-0.0029978155774829335,0.0,0.0,-0.0029978155774829335,1.0158001216452623
2023-02-27,-0.003487483805870248,0.4417017488549315,0.0006625526232823972,-0.004150036429152645,1.0115845141356967
2023-02-28,0.002409436396479048,0.0,0.0,0.002409436396479048,1.0140218626821698
2023-03-01,0.00808837843360406,0.0,0.0,0.00808837843360406,1.0222236552474913
2023-03-02,-0.0002758387525738547,0.0,0.0,-0.0002758387525738547,1.0219416863495763
2023-03-03,0.001776484349034805,0.0,0.0,0.001776484349034805,1.0237571497610025
2023-03-06,0.0011999337319107434,0.5083394559061554,0.0007625091838592332,0.00043742454805151027,1.0242049662695512
2023-03-07,-0.0035241742076032472,0.0,0.0,-0.0035241742076032472,1.020595489544125
2023-03-08,-0.0038887613384469034,0.0,0.0,-0.0038887613384469034,1.0166266372621924
2023-03-09,-0.0011025542227608039,0.0,0.0,-0.0011025542227608039,1.0155057512703078
2023-03-10,-0.0019747528727982002,0.0,0.0,-0.0019747528727982002,1.0135003783706436
2023-03-13,0.008421765889084484,0.2152647206059888,0.0003228970809089832,0.0080988688081755,1.0217085849721037
2023-03-14,0.0030795969474849668,0.0,0.0,0.0030795969474849668,1.024855035611603
2023-03-15,0.0,1.0,0.0015,-0.0015,1.0233177530581856
2023-03-16,0.0017372195226616968,1.0,0.0015,0.0002372195226616968,1.0235605040070972
2023-03-17,0.0,1.0,0.0015,-0.0015,1.0220251632510866
2023-03-20,0.009025933286400757,1.0,0.0015,0.0075259332864007576,1.0297168564467372
2023-03-21,-0.003038720076948394,0.0,0.0,-0.003038720076948394,1.0265878351614803
2023-03-22,-0.0018414425866433567,0.0,0.0,-0.0018414425866433567,1.024697432602884
2023-03-23,0.005509978164349388,0.0,0.0,0.005509978164349388,1.0303434930815907
2023-03-24,0.0027683533751667122,0.0,0.0,0.0027683533751667122,1.0331958479682442
2023-03-27,-0.0032556795595122625,0.5442756916090372,0.0008164135374135558,-0.004072093096925819,1.0289885782879602
2023-03-28,-0.0038576138959272345,0.0,0.0,-0.0038576138959272345,1.0250191376496063
2023-03-29,-0.00035630180351983075,0.0,0.0,-0.00035630180351983075,1.0246539214822195
2023-03-30,0.0011333051247619011,0.0,0.0,0.0011333051247619011,1.0258151670225426
2023-03-31,0.0068104116546944225,0.0,0.0,0.0068104116546944225,1.0328013905915951
2023-04-03,0.005998773834312913,0.21531027996519772,0.00032296541994779657,0.005675808414365116,1.0386633734146828
2023-04-04,0.004648924197822417,0.0,0.0,0.004648924197822417,1.0434920407047423
2023-04-06,0.002161433460401743,0.0,0.0,0.002161433460401743,1.0457474793171844
2023-04-07,0.0032846173555622616,0.0,0.0,0.0032846173555622616,1.0491823596372851
2023-04-10,-0.011932347123958468,0.8323828338305737,0.0012485742507458604,-0.013180921374704328,1.0353531694471794
2023-04-11,0.0026915399851585257,0.0,0.0,0.0026915399851585257,1.0381398639015071
2023-04-12,0.009246475466849901,0.0,0.0,0.009246475466849901,1.0477389986842314
2023-04-13,-0.00802282188681194,0.0,0.0,-0.00802282188681194,1.0393331753139212
2023-04-14,0.007734630004994828,0.0,0.0,0.007734630004994828,1.0473720328768907
2023-04-17,0.005181006808440448,0.914654046800251,0.0013719810702003765,0.003809025738240072,1.0513614999076317
2023-04-18,0.001013058544266135,0.0,0.0,0.001013058544266135,1.0524265906582255
2023-04-19,-0.0022699052950261264,0.0,0.0,-0.0022699052950261264,1.0500376819674642
2023-04-20,0.0037388574723148907,0.0,0.0,0.0037388574723148907,1.0539636232009004
2023-04-21,-0.01349339067840839,0.0,0.0,-0.01349339067840839,1.03974208027222
2023-04-24,0.0010799106635857735,0.8449590856919611,0.0012674386285379416,-0.00018752796495216813,1.0395470995558314
2023-04-25,0.002961266113729787,0.0,0.0,0.002961266113729787,1.042625475155372
2023-04-26,-0.002913050630816569,0.0,0.0,-0.002913050630816569,1.0395882543572652
2023-04-27,0.0006375015098581899,0.0,0.0,0.0006375015098581899,1.0402509934390487
2023-04-28,0.011126552777126632,0.0,0.0,0.011126552777126632,1.0518254010190067
2023-05-04,0.011863651510545603,0.35810165434531505,0.0005371524815179726,0.011326499029027631,1.063738900402355
2023-05-05,-0.00020259444558349144,0.0,0.0,-0.00020259444558349144,1.0635233928095824
2023-05-08,0.007025364676260362,0.5747991164559877,0.0008621986746839814,0.006163166001576381,1.0700780640260277
2023-05-09,-0.0032374526802604036,0.0,0.0,-0.0032374526802604036,1.0666137369295587
2023-05-10,-0.005403742445344978,0.0,0.0,-0.005403742445344978,1.0608500310065243
2023-05-11,0.0003309045952973829,0.0,0.0,0.0003309045952973829,1.0612010711567057
2023-05-12,-0.004012884393367705,0.0,0.0,-0.004012884393367705,1.0569425939400359
2023-05-15,0.0,0.9999999999999999,0.0014999999999999998,-0.0014999999999999998,1.055357180049126
2023-05-16,-0.0011746406170274211,1.0,0.0015,-0.002674640617027421,1.0525344788698952
2023-05-17,0.0,1.0,0.0015,-0.0015,1.0509556771515904
2023-05-18,0.005646541703688482,1.0,0.0015,0.004146541703688483,1.0553135086956278
2023-05-19,0.004034210360192658,0.0,0.0,0.004034210360192658,1.059570865385659
2023-05-22,-0.00014471082136407912,0.0741035274869819,0.00011115529123047286,-0.00025586611259455195,1.0592997571073144
2023-05-23,-0.001473443884835514,0.0,0.0,-0.001473443884835514,1.057738938357997
2023-05-24,0.0,1.0,0.0015,-0.0015,1.05615232995046
2023-05-25,0.0,0.0,0.0,0.0,1.05615232995046
2023-05-26,0.0,0.0,0.0,0.0,1.05615232995046
2023-05-29,0.009987108256460986,1.0,0.0015,0.008487108256460986,1.065116009110063
2023-05-30,0.0,1.0,0.0015,-0.0015,1.0635183350963981
2023-05-31,0.004931075804677328,1.0,0.0015,0.0034310758046773283,1.0671673471237781
2023-06-01,0.00037603823051394315,0.0,0.0,0.00037603823051394315,1.067568642844653
2023-06-02,0.004344588289669789,0.0,0.0,0.004344588289669789,1.0722067890687745
2023-06-05,-0.002258378128476954,0.41310171892239006,0.0006196525783835851,-0.002878030706860539,1.0691209450057302
2023-06-06,0.0015002058126890217,0.0,0.0,0.0015002058126890217,1.0707248464618953
2023-06-07,0.0,1.0,0.0015,-0.0015,1.0691187591922025
2023-06-08,-0.006593953828407631,1.0,0.0015,-0.008093953828407632,1.0604653613182162
2023-06-09,0.009751514846408346,0.0,0.0,0.009751514846408346,1.0708065050332125
2023-06-12,0.0016597757398315901,0.30159315822472293,0.00045238973733708444,0.0012073860024945056,1.0720993818187698
2023-06-13,0.006657849340832002,0.0,0.0,0.006657849340832002,1.0792372579813183
2023-06-14,-0.001017550560936822,0.0,0.0,-0.001017550560936822,1.0781390795040755
2023-06-15,-0.0013637549367164605,0.0,0.0,-0.0013637549367164605,1.0766687620119348
2023-06-16,0.006721568141446316,0.0,0.0,0.006721568141446316,1.0839056644615648
2023-06-19,-0.0007675207411820977,0.5013145281636158,0.0007519717922454236,-0.0015194925334275212,1.0822586778974757
2023-06-20,-0.0006734277639060491,0.0,0.0,-0.0006734277639060491,1.0815298548560512
2023-06-21,-0.005460351816338274,0.0,0.0,-0.005460351816338274,1.0756243213486638
2023-06-26,-0.005844416206666688,0.6368645263956468,0.0009552967895934703,-0.006799712996260158,1.0683103846716957
2023-06-27,0.0,1.0,0.0015,-0.0015,1.0667079190946882
2023-06-28,0.0009475493826562554,1.0,0.0015,-0.0005524506173437446,1.0661186156462588
2023-06-29,0.004079846471239434,0.0,0.0,0.004079846471239434,1.070468215918226
2023-06-30,0.002105443447585029,0.0,0.0,0.002105443447585029,1.0727220262092791
2023-07-03,0.003158768909322396,0.18889880707626427,0.00028334821061439636,0.002875420698708,1.0758065533274013
2023-07-04,-0.0009289861032303202,0.0,0.0,-0.0009289861032303202,1.074807143989596
2023-07-05,-0.0008273440924510647,0.0,0.0,-0.0008273440924510647,1.073917908648492
2023-07-06,-2.388745862026092e-05,0.0,0.0,-2.388745862026092e-05,1.0738922554788877
2023-07-07,-0.0019889026753426966,0.0,0.0,-0.0019889026753426966,1.0717563882989358
2023-07-10,-0.0005555737270092004,0.13878152946701128,0.0002081722942005169,-0.0007637460212097173,1.0709378386216664
2023-07-11,0.0019641496660843735,0.0,0.0,0.0019641496660843735,1.0730413208197922
2023-07-12,-0.0012177523744504606,0.0,0.0,-0.0012177523744504606,1.0717346222034805
2023-07-13,0.008276389635659936,0.0,0.0,0.008276389635659936,1.0806047155228633
2023-07-14,-0.0006542978273490701,0.0,0.0,-0.0006542978273490701,1.0798976782052736
2023-07-17,0.0026268380329422815,0.19131872602719455,0.0002869780890407918,0.0023398599439014896,1.0824244875260183
2023-07-18,0.003066897312832636,0.0,0.0,0.003066897312832636,1.0857441722781562
2023-07-19,0.008430917259225752,0.0,0.0,0.008430917259225752,1.09489799155932
2023-07-20,-0.0046617452371207355,0.0,0.0,-0.0046617452371207355,1.0897938560620353
2023-07-21,-0.0051933012846990196,0.0,0.0,-0.0051933012846990196,1.0841342282292912
2023-07-24,-3.9690264590183904e-05,0.39220767730306927,0.0005883115159546039,-0.0006280017805447879,1.0834533900036136
2023-07-25,-0.0003391906082522517,0.0,0.0,-0.0003391906082522517,1.0830858927892453
2023-07-26,0.001724224241535925,0.0,0.0,0.001724224241535925,1.084953375741258
2023-07-27,0.0030490253389922066,0.0,0.0,0.0030490253389922066,1.0882614260755183
2023-07-28,-0.002191209637904811,0.0,0.0,-0.002191209637904811,1.0858768171501416
2023-07-31,0.00271359389721542,0.3251661579644336,0.0004877492369466504,0.0022258446602687696,1.0882938102653048
2023-08-01,0.0015704044131428095,0.0,0.0,0.0015704044131428095,1.0900028716677415
2023-08-02,-0.0047593448979580235,0.0,0.0,-0.0047593448979580235,1.08481517206171
2023-08-03,-0.004193341773432461,0.0,0.0,-0.004193341773432461,1.0802661712842505
2023-08-04,0.0014455429633156833,0.0,0.0,0.0014455429633156833,1.0818277424466585
2023-08-07,-0.0023500944644877426,0.5662619807014271,0.0008493929710521406,-0.0031994874355398832,1.0783664481772819
2023-08-08,0.00012295916229077347,0.0,0.0,0.00012295916229077347,1.0784990432123924
2023-08-09,-0.001118720919861762,0.0,0.0,-0.001118720919861762,1.0772925037706997
2023-08-10,-0.0024813321441000662,0.0,0.0,-0.0024813321441000662,1.0746193832524955
2023-08-11,-0.0013834402548382834,0.0,0.0,-0.0013834402548382834,1.0731327115390745
2023-08-14,-4.826606010350059e-05,0.4663000677673276,0.0006994501016509913,-0.0007477161617544919,1.0723303128669492
2023-08-15,0.003983318277855649,0.0,0.0,0.003983318277855649,1.076601745802091
2023-08-16,-0.00210935211964921,0.0,0.0,-0.00210935211964921,1.074330813627565
2023-08-17,-0.0014809866342045757,0.0,0.0,-0.0014809866342045757,1.0727397440518684
2023-08-18,-0.004817120968677929,0.0,0.0,-0.004817120968677929,1.067572226936862
2023-08-21,0.0024605837072291677,0.48019458675476223,0.0007202918801321433,0.0017402918270970243,1.0694301141582359
2023-08-22,0.0,1.0,0.0015,-0.0015,1.0678259689869987
2023-08-23,0.0015076436758011866,1.0,0.0015,7.643675801186599e-06,1.0678341311025177
2023-08-24,0.0039003949254248645,0.0,0.0,0.0039003949254248645,1.0719991059286653
2023-08-25,-0.006016718069719043,0.0,0.0,-0.006016718069719043,1.0655491895373017
2023-08-28,0.0,1.0,0.0015,-0.0015,1.063950865752996
2023-08-29,0.0012754705831502895,1.0,0.0015,-0.00022452941684971057,1.0637119774855517
2023-08-30,0.0032850216966145793,0.0,0.0,0.0032850216966145793,1.0672062944105405
2023-08-31,0.0016186313403526121,0.0,0.0,0.0016186313403526121,1.068933707965295
2023-09-01,0.0013395053059313921,0.0,0.0,0.0013395053059313921,1.0703655503388032
2023-09-04,0.0037960928715075554,0.2850239433617336,0.0004275359150426004,0.003368556956464955,1.0739711376593575
2023-09-05,-0.0007517966247528839,0.0,0.0,-0.0007517966247528839,1.0731637297829832
2023-09-06,-0.00039735714126888725,0.0,0.0,-0.00039735714126888725,1.0727373005112033
2023-09-07,-0.0026659380001893226,0.0,0.0,-0.0026659380001893226,1.06987744937755
2023-09-08,0.0018613750269854206,0.0,0.0,0.0018613750269854206,1.0718688925437563
2023-09-11,0.0,1.0,0.0015,-0.0015,1.0702610892049407
2023-09-12,0.0014999177283718927,1.0,0.0015,-8.227162810736655e-08,1.0702610011528184
2023-09-13,-0.0008827825635409706,0.0,0.0,-0.0008827825635409706,1.0693161934025628
2023-09-14,0.005731279272723536,0.0,0.0,0.005731279272723536,1.0754447431377985
2023-09-15,-0.002861674260934922,0.0,0.0,-0.002861674260934922,1.0723671705973032
2023-09-18,-0.004746332267231456,0.41303975882145116,0.0006195596382321767,-0.005365891905463633,1.0666129642769102
2023-09-19,0.0,1.0000000000000002,0.0015000000000000002,-0.0015000000000000002,1.0650130448304949
2023-09-20,0.0,0.0,0.0,0.0,1.0650130448304949
2023-09-21,0.0,0.0,0.0,0.0,1.0650130448304949
2023-09-22,0.0,0.0,0.0,0.0,1.0650130448304949
2023-09-25,0.0,0.0,0.0,0.0,1.0650130448304949
2023-09-26,0.0,0.0,0.0,0.0,1.0650130448304949
2023-09-27,0.0,0.0,0.0,0.0,1.0650130448304949
2023-09-28,0.0,0.0,0.0,0.0,1.0650130448304949
2023-10-09,0.0,0.0,0.0,0.0,1.0650130448304949
2023-10-10,0.0,0.0,0.0,0.0,1.0650130448304949
2023-10-11,0.0,0.0,0.0,0.0,1.0650130448304949
2023-10-12,0.0,0.0,0.0,0.0,1.0650130448304949
2023-10-13,0.0,0.0,0.0,0.0,1.0650130448304949
2023-10-16,0.0,0.0,0.0,0.0,1.0650130448304949
2023-10-17,0.0,0.0,0.0,0.0,1.0650130448304949
2023-10-18,0.0,0.0,0.0,0.0,1.0650130448304949
2023-10-19,0.0,0.0,0.0,0.0,1.0650130448304949
2023-10-20,0.0,0.0,0.0,0.0,1.0650130448304949
2023-10-23,0.0,0.0,0.0,0.0,1.0650130448304949
2023-10-24,0.0,0.0,0.0,0.0,1.0650130448304949
2023-10-25,0.0,0.0,0.0,0.0,1.0650130448304949
2023-10-26,0.0,0.0,0.0,0.0,1.0650130448304949
2023-10-27,0.0,0.0,0.0,0.0,1.0650130448304949
2023-10-30,0.0,0.0,0.0,0.0,1.0650130448304949
2023-10-31,0.0,0.0,0.0,0.0,1.0650130448304949
2023-11-01,0.0,0.0,0.0,0.0,1.0650130448304949
2023-11-02,0.0,0.0,0.0,0.0,1.0650130448304949
2023-11-03,0.0,0.0,0.0,0.0,1.0650130448304949
2023-11-06,0.0,0.0,0.0,0.0,1.0650130448304949
2023-11-07,-0.001177479037999952,1.0000000000000002,0.0015000000000000002,-0.002677479037999952,1.0621614947277647
2023-11-08,0.00018511312417363843,0.0,0.0,0.00018511312417363843,1.0623581147604306
2023-11-09,0.0,1.0000000000000002,0.0015000000000000002,-0.0015000000000000002,1.0607645775882901
2023-11-10,0.0007902481166993619,1.0000000000000002,0.0015000000000000002,-0.0007097518833006384,1.060011697931608
2023-11-13,0.0,1.0000000000000002,0.0015000000000000002,-0.0015000000000000002,1.0584216803847109
2023-11-14,0.0,0.0,0.0,0.0,1.0584216803847109
2023-11-15,0.0,0.0,0.0,0.0,1.0584216803847109
2023-11-16,-0.000804175746984223,0.9999999999999998,0.0014999999999999996,-0.0023041757469842226,1.0559828908186861
2023-11-17,0.0007762858035337745,0.0,0.0,0.0007762858035337745,1.0568026353456033
2023-11-20,0.0,0.9999999999999998,0.0014999999999999996,-0.0014999999999999996,1.0552174313925848
2023-11-21,-0.00042667152682957806,1.0,0.0015,-0.001926671526829578,1.0531843740129065
2023-11-22,-0.0029019441657120388,0.0,0.0,-0.0029019441657120388,1.0501280917633207
2023-11-23,0.0,1.0,0.0015,-0.0015,1.0485528996256757
2023-11-24,0.0,0.0,0.0,0.0,1.0485528996256757
2023-11-27,0.0,0.0,0.0,0.0,1.0485528996256757
2023-11-28,0.0,0.0,0.0,0.0,1.0485528996256757
2023-11-29,0.0,0.0,0.0,0.0,1.0485528996256757
2023-11-30,0.0,0.0,0.0,0.0,1.0485528996256757
2023-12-01,0.0,0.0,0.0,0.0,1.0485528996256757
2023-12-04,0.0,0.0,0.0,0.0,1.0485528996256757
2023-12-05,0.0,0.0,0.0,0.0,1.0485528996256757
2023-12-06,0.0,0.0,0.0,0.0,1.0485528996256757
2023-12-07,0.0,0.0,0.0,0.0,1.0485528996256757
2023-12-08,0.0,0.0,0.0,0.0,1.0485528996256757
2023-12-11,0.0,0.0,0.0,0.0,1.0485528996256757
2023-12-12,0.0,0.0,0.0,0.0,1.0485528996256757
2023-12-13,0.0,0.0,0.0,0.0,1.0485528996256757
2023-12-14,0.0,0.0,0.0,0.0,1.0485528996256757
2023-12-15,0.0,0.0,0.0,0.0,1.0485528996256757
2023-12-18,0.0,0.0,0.0,0.0,1.0485528996256757
2023-12-19,0.0,0.0,0.0,0.0,1.0485528996256757
2023-12-20,0.0,0.0,0.0,0.0,1.0485528996256757
2023-12-21,0.0,0.0,0.0,0.0,1.0485528996256757
2023-12-22,0.0,0.0,0.0,0.0,1.0485528996256757
2023-12-25,0.0,0.0,0.0,0.0,1.0485528996256757
2023-12-26,0.0,0.0,0.0,0.0,1.0485528996256757
2023-12-27,0.0,0.0,0.0,0.0,1.0485528996256757
2023-12-28,0.0,0.0,0.0,0.0,1.0485528996256757
2023-12-29,0.0,0.0,0.0,0.0,1.0485528996256757
2024-01-02,0.0,0.0,0.0,0.0,1.0485528996256757
2024-01-03,0.0,0.0,0.0,0.0,1.0485528996256757
2024-01-04,0.0,0.0,0.0,0.0,1.0485528996256757
2024-01-05,0.0,0.0,0.0,0.0,1.0485528996256757
2024-01-08,0.0,0.0,0.0,0.0,1.0485528996256757
2024-01-09,0.0,0.0,0.0,0.0,1.0485528996256757
2024-01-10,0.0,0.0,0.0,0.0,1.0485528996256757
2024-01-11,0.0,0.0,0.0,0.0,1.0485528996256757
2024-01-12,0.0,0.0,0.0,0.0,1.0485528996256757
2024-01-15,0.0,0.0,0.0,0.0,1.0485528996256757
2024-01-16,0.0,0.0,0.0,0.0,1.0485528996256757
2024-01-17,0.0,0.0,0.0,0.0,1.0485528996256757
2024-01-18,0.0,0.0,0.0,0.0,1.0485528996256757
2024-01-19,0.0,0.0,0.0,0.0,1.0485528996256757
2024-01-22,0.0,0.0,0.0,0.0,1.0485528996256757
2024-01-23,0.0,0.0,0.0,0.0,1.0485528996256757
2024-01-24,0.0,0.0,0.0,0.0,1.0485528996256757
2024-01-25,0.0,0.0,0.0,0.0,1.0485528996256757
2024-01-26,0.0,0.0,0.0,0.0,1.0485528996256757
2024-01-29,0.0,0.0,0.0,0.0,1.0485528996256757
2024-01-30,0.0,0.0,0.0,0.0,1.0485528996256757
2024-01-31,0.0,0.0,0.0,0.0,1.0485528996256757
2024-02-01,0.0,0.0,0.0,0.0,1.0485528996256757
2024-02-02,0.0,0.0,0.0,0.0,1.0485528996256757
2024-02-05,0.0,0.0,0.0,0.0,1.0485528996256757
2024-02-06,0.0,0.0,0.0,0.0,1.0485528996256757
2024-02-07,0.0,0.0,0.0,0.0,1.0485528996256757
2024-02-08,0.0,0.0,0.0,0.0,1.0485528996256757
2024-02-19,0.0,0.0,0.0,0.0,1.0485528996256757
2024-02-20,0.0,0.0,0.0,0.0,1.0485528996256757
2024-02-21,0.0,0.0,0.0,0.0,1.0485528996256757
2024-02-22,0.0,0.0,0.0,0.0,1.0485528996256757
2024-02-23,0.0,0.0,0.0,0.0,1.0485528996256757
2024-02-26,0.0,0.0,0.0,0.0,1.0485528996256757
2024-02-27,0.0,0.0,0.0,0.0,1.0485528996256757
2024-02-28,0.0,0.0,0.0,0.0,1.0485528996256757
2024-02-29,0.0,0.0,0.0,0.0,1.0485528996256757
2024-03-01,0.0,0.0,0.0,0.0,1.0485528996256757
2024-03-04,0.008026952254895366,1.0,0.0015,0.006526952254895366,1.0553967543382645
2024-03-05,0.0049240791104256075,0.0,0.0,0.0049240791104256075,1.0605936114495127
2024-03-06,0.002317773296388774,0.0,0.0,0.002317773296388774,1.063051827000451
2024-03-07,0.004599625185751948,0.0,0.0,0.004599625185751948,1.0679414669576819
2024-03-08,0.0028200926672039953,0.0,0.0,0.0028200926672039953,1.0709531608576524
2024-03-11,-0.0023952169328476966,0.43741987106613145,0.0006561298065991971,-0.003051346739446894,1.0676853114221692
2024-03-12,-0.0037906901000032155,0.0,0.0,-0.0037906901000032155,1.0636380472822422
2024-03-13,-0.0007756853339043226,0.0,0.0,-0.0007756853339043226,1.0628129988483828
2024-03-14,0.0007945443870971501,0.0,0.0,0.0007945443870971501,1.0636574509511516
2024-03-15,0.0003142590451937555,0.0,0.0,0.0003142590451937555,1.0639917149261007
2024-03-18,-0.001744394447266087,0.267218596677239,0.00040082789501585855,-0.0021452223422819454,1.0617092161272383
2024-03-19,-0.0007407800779561009,0.0,0.0,-0.0007407800779561009,1.060922723091349
2024-03-20,0.0018985364981786586,0.0,0.0,0.0018985364981786586,1.062936923602885
2024-03-21,0.01055503038788364,0.0,0.0,0.01055503038788364,1.074156255131917
2024-03-22,-0.0020059010386633365,0.0,0.0,-0.0020059010386633365,1.0720016039840612
2024-03-25,-0.0007006070444191986,0.2570907005698545,0.0003856360508547818,-0.0010862430952739803,1.0708371496436109
2024-03-26,0.0022336808692546735,0.0,0.0,0.0022336808692546735,1.073229058098857
2024-03-27,0.002682508591521779,0.0,0.0,0.002682508591521779,1.0761080042678781
2024-03-28,0.0016097608825751948,0.0,0.0,0.0016097608825751948,1.0778402808385745
2024-03-29,0.006234788365878598,0.0,0.0,0.006234788365878598,1.0845603868818223
2024-04-01,0.0031405040494873974,0.2139050649551685,0.00032085759743275276,0.0028196464520546445,1.0876184637287327
2024-04-02,8.855185743609553e-05,0.0,0.0,8.855185743609553e-05,1.0877147743638778
2024-04-03,-0.0003156187711370166,0.0,0.0,-0.0003156187711370166,1.0873714711634455
2024-04-08,0.005879891664887895,0.17264072543119727,0.0002589610881467959,0.005620930576741099,1.0934835107139842
2024-04-09,-0.0003244969893144556,0.0,0.0,-0.0003244969893144556,1.0931286786068926
2024-04-10,0.0012843061131954203,0.0,0.0,0.0012843061131954203,1.0945325904513368
2024-04-11,-0.003391768607245856,0.0,0.0,-0.003391768607245856,1.0908201891714364
2024-04-12,0.009518394092019683,0.0,0.0,0.009518394092019683,1.1012030456155015
2024-04-15,-0.0010169238199062406,0.12783004562839245,0.00019174506844258867,-0.0012086688883488294,1.0998720557545112
2024-04-16,-0.0076925152499706115,0.0,0.0,-0.0076925152499706115,1.0914112731926031
2024-04-17,0.002310686863928824,0.0,0.0,0.002310686863928824,1.0939331828847132
2024-04-18,-0.00045933222443573477,0.0,0.0,-0.00045933222443573477,1.0934307041224347
2024-04-19,-0.004224197355302536,0.0,0.0,-0.004224197355302536,1.0888118370338742
2024-04-22,-0.011172614202329869,0.6266685026884696,0.0009400027540327046,-0.012112616956362574,1.0756234763143293
2024-04-23,-0.009169300507080883,0.0,0.0,-0.009169300507080883,1.0657607614275322
2024-04-24,0.004117561772826073,0.0,0.0,0.004117561772826073,1.070149097197764
2024-04-25,0.0013430252488167286,0.0,0.0,0.0013430252488167286,1.0715863344552992
2024-04-26,-0.0002541635988744413,0.0,0.0,-0.0002541635988744413,1.0713139762160293
2024-04-29,0.000875810776381845,0.8506834925015422,0.0012760252387523134,-0.0004002144623704684,1.070885220869008
2024-04-30,0.003327668105520548,0.0,0.0,0.003327668105520548,1.0744487714631672
2024-05-06,0.0032467756784356973,0.15141694840891393,0.0002271254226133709,0.0030196502558223265,1.077693230970784
2024-05-07,0.0006576224657180271,0.0,0.0,0.0006576224657180271,1.0784019462506227
2024-05-08,-0.002177945361567595,0.0,0.0,-0.002177945361567595,1.0760532457338807
2024-05-09,0.002796112595497292,0.0,0.0,0.002796112595497292,1.079062011767703
2024-05-10,0.011349677489687472,0.0,0.0,0.011349677489687472,1.0913090175926399
2024-05-13,0.0019072149846088092,0.5612203346837135,0.0008418305020255701,0.001065384482583239,1.0924716812856863
2024-05-14,-0.0011207097497999206,0.0,0.0,-0.0011207097497999206,1.0912473376210892
2024-05-15,-0.002976301025611838,0.0,0.0,-0.002976301025611838,1.0879994570509313
2024-05-16,0.0008632714318003501,0.0,0.0,0.0008632714318003501,1.0889386959000178
2024-05-17,0.00476870337522292,0.0,0.0,0.00476870337522292,1.094131521534567
2024-05-20,0.007276923440913316,0.5902989403639605,0.0008854484105459407,0.006391475030367375,1.1011246358343931
2024-05-21,-0.003455720605359557,0.0,0.0,-0.003455720605359557,1.0973194567412712
2024-05-22,0.0009398459825612914,0.0,0.0,0.0009398459825612914,1.098350768024276
2024-05-23,-0.008551892718730256,0.0,0.0,-0.008551892718730256,1.0889577900885974
2024-05-24,-0.005417205699025536,0.0,0.0,-0.005417205699025536,1.0830586817421313
2024-05-27,0.008086739264769577,0.7963118584344702,0.0011944677876517054,0.006892271477117871,1.0905234162023474
2024-05-28,0.00032875442110126795,0.0,0.0,0.00032875442110126795,1.0908819305967383
2024-05-29,0.0004585176121222936,0.0,0.0,0.0004585176121222936,1.0913821191746629
2024-05-30,-0.0067802348735347025,0.0,0.0,-0.0067802348735347025,1.0839822920698825
2024-05-31,0.0004602532966467739,0.0,0.0,0.0004602532966467739,1.0844811984933143
2024-06-03,-0.002842007669991634,0.3024244020697848,0.00045363660310467725,-0.003295644273096311,1.0809071342422192
2024-06-04,0.0028427009175167398,0.0,0.0,0.0028427009175167398,1.0839798299444798
2024-06-05,-0.004276666298089831,0.0,0.0,-0.004276666298089831,1.079344009937947
2024-06-06,0.005360032193995578,0.0,0.0,0.005360032193995578,1.0851293285796106
2024-06-07,0.003132144513247853,0.0,0.0,0.003132144513247853,1.0885281104522857
2024-06-11,-0.00737036179645041,0.5483178323833017,0.0008224767485749526,-0.008192838545025363,1.0796099753916286
2024-06-12,0.00353624111433369,0.0,0.0,0.00353624111433369,1.0834277365740532
2024-06-13,0.002316927792168775,0.0,0.0,0.002316927792168775,1.0859379604077282
2024-06-14,5.4343518843250066e-05,0.0,0.0,5.4343518843250066e-05,1.085996974097742
2024-06-17,-0.002446723022584641,0.4022903920002668,0.0006034355880004001,-0.0030501586105850407,1.0826845110761285
2024-06-18,0.003702374351940344,0.0,0.0,0.003702374351940344,1.08669301444118
2024-06-19,0.0014998355501459324,0.0,0.0,0.0014998355501459324,1.088322875256334
2024-06-20,0.001672629856865041,0.0,0.0,0.001672629856865041,1.090143236591397
2024-06-21,-0.0012976358573856266,0.0,0.0,-0.0012976358573856266,1.0887286276379096
2024-06-24,-0.004477647496357996,0.3180534454868648,0.0004770801682302972,-0.004954727664588293,1.0833342737873228
2024-06-25,0.00021651511624952587,0.0,0.0,0.00021651511624952587,1.0835688320335488
2024-06-26,0.0016563646140938576,0.0,0.0,0.0016563646140938576,1.0853636171038643
2024-06-27,0.0006953212468938999,0.0,0.0,0.0006953212468938999,1.0861182934874423
2024-06-28,0.00654020364348365,0.0,0.0,0.00654020364348365,1.093221728307763
2024-07-01,0.0038446270053966963,0.5770014658923128,0.0008655021988384693,0.002979124806558227,1.0964785722776331
2024-07-02,0.0017335070924462384,0.0,0.0,0.0017335070924462384,1.0983793256593917
2024-07-03,0.0018261860429946485,0.0,0.0,0.0018261860429946485,1.1003851706538248
2024-07-04,-0.0009121402748062467,0.0,0.0,-0.0009121402748062467,1.0993814650218718
2024-07-05,-0.001378901922090785,0.0,0.0,-0.001378901922090785,1.097865525806642
2024-07-08,0.0017559932515838405,0.3199320910508247,0.0004798981365762371,0.0012760951150076034,1.0992665066410594
2024-07-09,0.0039019757077651566,0.0,0.0,0.0039019757077651566,1.1035558178463327
2024-07-10,-0.005472208920710219,0.0,0.0,-0.005472208920710219,1.0975169298554124
2024-07-11,0.003938679927478922,0.0,0.0,0.003938679927478922,1.1018396977571023
2024-07-12,-0.005204113973554107,0.0,0.0,-0.005204113973554107,1.096105598389388
2024-07-15,0.004647207125852089,0.7962182699321636,0.0011943274048982454,0.0034528797209538433,1.0998903191820906
2024-07-16,0.0034309897039906767,0.0,0.0,0.0034309897039906767,1.1036640315427233
2024-07-17,0.004540354096788731,0.0,0.0,0.004540354096788731,1.1086750570498167
2024-07-18,-0.0021879022392445454,0.0,0.0,-0.0021879022392445454,1.1062493844099028
2024-07-19,-0.011314500721030085,0.0,0.0,-0.011314500721030085,1.0937327249523578
2024-07-22,-0.006435596653003858,0.7675707350407214,0.001151356102561082,-0.00758695275556494,1.085434626440929
2024-07-23,-0.003126062185392124,0.0,0.0,-0.003126062185392124,1.0820414903004967
2024-07-24,-0.002050126485581182,0.0,0.0,-0.002050126485581182,1.079823168382734
2024-07-25,-0.008933365287839189,0.0,0.0,-0.008933365287839189,1.0701767135732991
2024-07-26,0.0,1.0,0.0015,-0.0015,1.0685714485029392
2024-07-29,0.006052928238032754,1.0000000000000002,0.0015000000000000002,0.004552928238032754,1.0734365776251837
2024-07-30,-0.004372508514789386,0.0,0.0,-0.004372508514789386,1.0687429670494313
2024-07-31,0.0015895637797192896,0.0,0.0,0.0015895637797192896,1.0704418021596827
2024-08-01,0.0036022464516477152,0.0,0.0,0.0036022464516477152,1.0742977973432077
2024-08-02,-0.006050829940125362,0.0,0.0,-0.006050829940125362,1.0677974040664326
2024-08-05,-0.019365109695885317,0.37774748161602006,0.00056662122242403,-0.019931730918309347,1.0465143535333112
2024-08-06,0.0,1.0000000000000002,0.0015000000000000002,-0.0015000000000000002,1.0449445820030114
2024-08-07,0.0,0.0,0.0,0.0,1.0449445820030114
2024-08-08,0.0,0.0,0.0,0.0,1.0449445820030114
2024-08-09,0.0,0.0,0.0,0.0,1.0449445820030114
2024-08-12,0.0,0.0,0.0,0.0,1.0449445820030114
2024-08-13,0.0,0.0,0.0,0.0,1.0449445820030114
2024-08-14,0.0,0.0,0.0,0.0,1.0449445820030114
2024-08-15,0.0,0.0,0.0,0.0,1.0449445820030114
2024-08-16,0.0,0.0,0.0,0.0,1.0449445820030114
2024-08-19,0.003472566498500677,1.0,0.0015,0.001972566498500677,1.0470058046782604
2024-08-20,0.0002971641448616158,0.0,0.0,0.0002971641448616158,1.0473169372628728
2024-08-21,-0.0004073262940513126,0.0,0.0,-0.0004073262940513126,1.0468903375361203
2024-08-22,0.0,1.0,0.0015,-0.0015,1.0453200020298161
2024-08-23,0.0,0.0,0.0,0.0,1.0453200020298161
2024-08-26,0.0,0.0,0.0,0.0,1.0453200020298161
2024-08-27,0.0,0.0,0.0,0.0,1.0453200020298161
2024-08-28,0.0,0.0,0.0,0.0,1.0453200020298161
2024-08-29,0.0,0.0,0.0,0.0,1.0453200020298161
2024-08-30,0.0,0.0,0.0,0.0,1.0453200020298161
2024-09-02,-0.0008596096374584583,1.0,0.0015,-0.0023596096374584583,1.0428534548787984
2024-09-03,0.0,1.0,0.0015,-0.0015,1.0412891746964803
2024-09-04,0.0,0.0,0.0,0.0,1.0412891746964803
2024-09-05,0.0,0.0,0.0,0.0,1.0412891746964803
2024-09-06,0.0,0.0,0.0,0.0,1.0412891746964803
2024-09-09,0.0,0.0,0.0,0.0,1.0412891746964803
2024-09-10,0.0,0.0,0.0,0.0,1.0412891746964803
2024-09-11,0.0,0.0,0.0,0.0,1.0412891746964803
2024-09-12,0.0,0.0,0.0,0.0,1.0412891746964803
2024-09-13,0.0,0.0,0.0,0.0,1.0412891746964803
2024-09-18,0.0,0.0,0.0,0.0,1.0412891746964803
2024-09-19,0.0,0.0,0.0,0.0,1.0412891746964803
2024-09-20,0.00600387147738535,1.0,0.0015,0.00450387147738535,1.0459790073101058
2024-09-23,0.0036205517473810035,0.2302241300633057,0.00034533619509495854,0.0032752155522860447,1.0494048140222125
2024-09-24,0.001548717492465823,0.0,0.0,0.001548717492465823,1.0510300456143664
2024-09-25,0.0029841183398703003,0.0,0.0,0.0029841183398703003,1.0541664436492388
2024-09-26,0.00650920065292575,0.0,0.0,0.00650920065292575,1.0610282245525329
2024-09-27,0.006001585714888954,0.0,0.0,0.006001585714888954,1.0673960763881014
2024-09-30,0.025550990869335887,0.6720613344565437,0.0010080920016848156,0.024542898867651073,1.0935930703426222
2024-10-08,0.015872296382714313,0.36479803631329316,0.0005471970544699398,0.015325099328244373,1.1103524927703026
2024-10-09,-0.023693501269743896,0.0,0.0,-0.023693501269743896,1.084044354572986
2024-10-10,0.0030798149265717375,0.0,0.0,0.0030798149265717375,1.087383010557266
2024-10-11,-0.002216953223494857,0.0,0.0,-0.002216953223494857,1.0849723332868375
2024-10-14,0.006266187186263406,0.58106042808984,0.0008715906421347601,0.005394596544128646,1.0908253212864618
2024-10-15,-0.011686736070044527,0.0,0.0,-0.011686736070044527,1.0780771336580655
2024-10-16,0.006088570213619781,0.0,0.0,0.006088570213619781,1.0846410819820405
2024-10-17,0.0007053871337746718,0.0,0.0,0.0007053871337746718,1.085406173846034
2024-10-18,0.017614126097096797,0.0,0.0,0.017614126097096797,1.1045246550587255
2024-10-21,0.003162084083151156,0.9231841479286631,0.0013847762218929948,0.0017773078612581612,1.106487735411115
2024-10-22,-0.00034426017968462876,0.0,0.0,-0.00034426017968462876,1.1061068157445035
2024-10-23,0.004434144102381603,0.0,0.0,0.004434144102381603,1.1110114527581412
2024-10-24,-0.007026018075038814,0.0,0.0,-0.007026018075038814,1.1032054662094875
2024-10-25,0.0014472856861717938,0.0,0.0,0.0014472856861717938,1.104802119689639
2024-10-28,0.003970215530107881,0.5986844467066312,0.0008980266700599469,0.0030721888600479343,1.1081962804543068
2024-10-29,0.0018633442334139768,0.0,0.0,0.0018633442334139768,1.110261231602982
2024-10-30,0.001055455270173449,0.0,0.0,0.001055455270173449,1.1114330626711466
2024-10-31,-0.00013515879068965787,0.0,0.0,-0.00013515879068965787,1.1112828427224635
2024-11-01,-0.006594219967368281,0.0,0.0,-0.006594219967368281,1.1039547992115892
2024-11-04,0.0035416747780741037,0.45890226217807334,0.00068835339326711,0.002853321384806994,1.10710473704804
2024-11-05,0.009325525470621609,0.0,0.0,0.009325525470621609,1.1174290704720276
2024-11-06,-0.0024455857751646544,0.0,0.0,-0.0024455857751646544,1.1146963018325258
2024-11-07,0.0019462626767590102,0.0,0.0,0.0019462626767590102,1.1168657936407038
2024-11-08,0.0011019688786539704,0.0,0.0,0.0011019688786539704,1.1180965449869291
2024-11-11,0.0026755194251565843,0.5404177671496108,0.0008106266507244161,0.001864892774432168,1.1201816751547928
2024-11-12,-0.014992216267179018,0.0,0.0,-0.014992216267179018,1.1033876692223412
2024-11-13,-0.0008809796999032244,0.0,0.0,-0.0008809796999032244,1.102415607084633
2024-11-14,-0.015846748303765083,0.0,0.0,-0.015846748303765083,1.0849459044330203
2024-11-15,-0.010279101301887578,0.0,0.0,-0.010279101301887578,1.0737936355742852
2024-11-18,-0.004146830459168996,1.0472228369177905,0.0015708342553766858,-0.005717664714545682,1.0676540435934583
2024-11-19,0.00847627766323282,0.0,0.0,0.00847627766323282,1.0767037757152296
2024-11-20,0.004138401020014867,0.0,0.0,0.004138401020014867,1.0811596077189034
2024-11-21,2.760708957784278e-06,0.0,0.0,2.760708957784278e-06,1.0811625924859174
2024-11-22,-0.021106406248611674,0.0,0.0,-0.021106406248611674,1.0583431355881074
2024-11-25,-0.004094804599557242,0.37357611724929535,0.0005603641758739431,-0.004655168775431185,1.0534163696696257
2024-11-26,-0.004900191544051257,0.0028942781049185115,4.341417157377767e-06,-0.004904532961208635,1.0482498543627043
2024-11-27,0.01656983314131415,0.003907748296761507,5.86162244514226e-06,0.016563971518869007,1.0656130350950268
2024-11-28,-0.0034910377348135345,0.03547027991180036,5.320541986770053e-05,-0.003544243154681235,1.061836243389852
2024-11-29,0.008218568750497453,0.0021765513802030484,3.2648270703045725e-06,0.00821530392342715,1.0705595508462098
2024-12-02,0.005982823688699981,0.46132160360846775,0.0006919824054127016,0.005290841283287279,1.0762237115140445
2024-12-03,0.0016528884592315416,0.0038013472359650427,5.702020853947564e-06,0.0016471864383775941,1.0779964526163108
2024-12-04,-0.0026797853856295097,4.7157557471401435e-05,7.073633620710216e-08,-0.002679856121965717,1.0751075772233096
2024-12-05,0.0005638128654614676,0.0012642202636194907,1.896330395429236e-06,0.0005619165350660383,1.0757116979479262
2024-12-06,0.009089604686314298,6.556112701373851e-05,9.834169052060777e-08,0.009089506344623778,1.08548938625141
2024-12-09,0.003168025917384751,0.8891525928218142,0.0013337288892327215,0.0018342970281520297,1.0874804962067013
2024-12-10,-0.000755629064585316,0.0006001860839870317,9.002791259805475e-07,-0.0007565293437112965,1.0866577853006072
2024-12-11,-0.0007804836027028683,0.00026088006339367725,3.9132009509051586e-07,-0.0007808749227979588,1.0858092414864027
2024-12-12,0.009404811375143441,0.0002692473745421267,4.038710618131901e-07,0.009404407504081629,1.0960206340650385
2024-12-13,-0.0050050676060695845,0.009350262608415073,1.402539391262261e-05,-0.0050190929999822075,1.0905196045727665
2024-12-16,0.0008470897711797337,0.7897288729691797,0.0011845933094537695,-0.00033750353827403587,1.090151550347666
2024-12-17,-0.0008272956489861112,0.00011773354645503581,1.766003196825537e-07,-0.0008274722493057938,1.0892494801922157
2024-12-18,0.0034804213581929094,0.0002989194566440645,4.4837918496609677e-07,0.0034799729790079433,1.0930400389506831
2024-12-19,-0.010093331226403074,0.000712406038048459,1.0686090570726885e-06,-0.010094399835460146,1.082006455761348
2024-12-20,-0.0014743191192853895,0.015549491993247622,2.3324237989871434e-05,-0.001497643357275261,1.0803859959803481
2024-12-23,-0.0015018658642464314,0.8628426401265039,0.001294263960189756,-0.0027961298244361873,1.0773650964750843
2024-12-24,0.007450179161597902,0.00022111781587938473,3.316767238190771e-07,0.007449847484874083,1.0853913021293504
2024-12-25,0.0025965439893539085,0.005877772531744048,8.816658797616073e-06,0.0025877273305562926,1.0881999988662188
2024-12-26,0.00093702854151202,8.022564276587152e-06,1.2033846414880727e-08,0.0009370165076656051,1.0892196602287982
2024-12-27,-0.0004553381421293605,0.0032794506859072925,4.919176028860939e-06,-0.00046025731815822144,1.0887183389090962
2024-12-30,0.0021002201416588182,0.5922276022540891,0.0008883414033811336,0.0012118787382776846,1.0900377335159932
2024-12-31,-0.01254222029496422,0.07160401595155583,0.00010740602392733374,-0.012649626318891553,1.0762491635135245
2025-01-02,-0.019690388184564964,0.010312811220985284,1.5469216831477924e-05,-0.01970585740139644,1.0550407509689548
2025-01-03,-0.006816701540927825,0.01946020433202921,2.9190306498043817e-05,-0.006845891847425869,1.0478180560931942
2025-01-06,0.002287674811160138,1.3011569432894896,0.0019517354149342346,0.0003359393962259036,1.0481700594583128
2025-01-07,0.00295459171726365,0.00048112282816002716,7.216842422400407e-07,0.0029538700330214098,1.0512662175864569
2025-01-08,0.0008331275978227127,0.004488199912060412,6.732299868090617e-06,0.0008263952979546221,1.0521349790455687
2025-01-09,0.0013009622007189492,0.017620630776314268,2.6430946164471403e-05,0.0012745312545544777,1.0534759579603725
2025-01-10,0.0007400018235570393,0.0,0.0,0.0007400018235570393,1.0542555320903366
2025-01-13,-0.004186417482929033,0.42123730057788605,0.0006318559508668291,-0.004818273433795863,1.0491758406676335
2025-01-14,0.004282964983948043,0.0,0.0,0.004282964983948043,1.0536694240552171
2025-01-15,0.00016725557272095028,0.0,0.0,0.00016725557272095028,1.0538456561381961
2025-01-16,0.003592705506961711,0.0,0.0,0.003592705506961711,1.0576318132304916
2025-01-17,0.002200461899245534,0.0,0.0,0.002200461899245534,1.0599590917389352
2025-01-20,0.0008273718634895914,0.7547723944193298,0.0011321585916289946,-0.0003047867281394032,1.0596360302754024
2025-01-21,-0.00026682096638029216,0.0,0.0,-0.00026682096638029216,1.0593532971657929
2025-01-22,0.0021417367985563556,0.0,0.0,0.0021417367985563556,1.0616221531050047
2025-01-23,0.0020174147135759465,0.0,0.0,0.0020174147135759465,1.0637638852569369
2025-01-24,0.0037170689511922027,0.0,0.0,0.0037170689511922027,1.067717968966225
2025-01-27,-0.004104593818555488,0.49656639886573056,0.0007448495982985959,-0.004849443416854084,1.0625401310905649
2025-02-05,0.012054146521123299,0.3073974063620422,0.0004610961095430633,0.011593050411580236,1.0748582123946249
2025-02-06,-0.00034045549461572385,0.0,0.0,-0.00034045549461572385,1.0744922710102822
2025-02-07,0.0011077215241880431,0.0,0.0,0.0011077215241880431,1.0756825092264541
2025-02-10,0.007060588329052985,0.7606283812467753,0.001140942571870163,0.005919645757182822,1.0820501686282724
2025-02-11,0.0018358112037696792,0.0,0.0,0.0018358112037696792,1.0840366084508812
2025-02-12,0.0018607952943891694,0.0,0.0,0.0018607952943891694,1.0860537786708322
2025-02-13,-0.001452147020210097,0.0,0.0,-0.001452147020210097,1.0844766689123473
2025-02-14,0.003367222577179194,0.0,0.0,0.003367222577179194,1.0881283432363331
2025-02-17,-0.0013719914191159914,0.579057405388741,0.0008685861080831113,-0.0022405775271991026,1.0856903073237694
2025-02-18,0.002474728553277689,0.0,0.0,0.002474728553277689,1.0883770961273205
2025-02-19,0.00651384194334156,0.0,0.0,0.00651384194334156,1.0954666125062469
2025-02-20,-0.00409138937242854,0.0,0.0,-0.00409138937242854,1.0909846320499885
2025-02-21,0.010733924289224189,0.0,0.0,0.010733924289224189,1.10269517849112
2025-02-24,0.001726219907256292,0.559243649697772,0.000838865474546658,0.000887354432709634,1.1036736599456818
2025-02-25,-0.004685142354102896,0.0,0.0,-0.004685142354102896,1.0985027917363626
2025-02-26,0.012674562966065395,0.0,0.0,0.012674562966065395,1.1124258345386238
2025-02-27,-0.0031167205871444467,0.0,0.0,-0.0031167205871444467,1.108958714038446
2025-02-28,-0.022331011772751812,0.0,0.0,-0.022331011772751812,1.0841945439397578
2025-03-03,-0.0017166342800136569,0.3102506345667359,0.00046537595185010386,-0.0021820102318637607,1.0818288203515505
2025-03-04,0.004717606551131641,0.0,0.0,0.004717606551131641,1.086932463081644
2025-03-05,0.009268632832951495,0.0,0.0,0.009268632832951495,1.0970068409961633
2025-03-06,0.007410872138862039,0.0,0.0,0.007410872138862039,1.1051366184302427
2025-03-07,-0.0026021886571642693,0.0,0.0,-0.0026021886571642693,1.1022608444571467
2025-03-10,-0.0021552770860017233,0.32840891899293084,0.0004926133784893962,-0.0026478904644911196,1.0993421784777266
2025-03-11,-0.0017586006985607719,0.0,0.0,-0.0017586006985607719,1.0974088745546984
2025-03-12,-0.0002161272252175745,0.0,0.0,-0.0002161272252175745,1.0971716946197116
2025-03-13,-0.00030085141025220936,0.0,0.0,-0.00030085141025220936,1.0968416089680966
2025-03-14,0.012602143934667973,0.0,0.0,0.012602143934667973,1.1106641647978452
2025-03-17,0.00021819804494204153,0.27959489515626035,0.0004193923427343905,-0.00020119429779234897,1.1104407055011256
2025-03-18,0.006432049335905796,0.0,0.0,0.006432049335905796,1.117583114903507
2025-03-19,0.0047473889666880915,0.0,0.0,0.0047473889666880915,1.1228887166525567
2025-03-20,-0.002756056910933997,0.0,0.0,-0.002756056910933997,1.1197939714448166
2025-03-21,-0.009295925489863051,0.0,0.0,-0.009295925489863051,1.1093844501222678
2025-03-24,0.002378097019177941,0.026763446903744777,4.014517035561717e-05,0.0023379518488223236,1.1119781375484858
2025-03-25,-0.004502092449373784,0.0,0.0,-0.004502092449373784,1.10697190917156
2025-03-26,0.0008549709829093839,0.0,0.0,0.0008549709829093839,1.1079183380327975
2025-03-27,0.004182627640483715,0.0,0.0,0.004182627640483715,1.1125523478968522
2025-03-28,0.0037103177503092317,0.0,0.0,0.0037103177503092317,1.116680270621402
2025-03-31,0.0013704155625830477,0.37913726137175785,0.0005687058920576367,0.000801709670525411,1.1175755239932443
2025-04-01,0.00421264669064595,0.0,0.0,0.00421264669064595,1.1222834748259414
2025-04-02,-0.0019043156660668464,0.0,0.0,-0.0019043156660668464,1.1201462928230623
2025-04-03,-0.0004983405095693519,0.0,0.0,-0.0004983405095693519,1.1195880785487047
2025-04-07,-0.04243635808601262,0.6087415241198739,0.0009131122861798107,-0.04334947037219243,1.0710545283085977
2025-04-08,-0.008769665250976857,0.034869384476596654,5.230407671489499e-05,-0.008821969327691751,1.061605718111574
2025-04-09,0.012575056468859683,0.004814820603987718,7.222230905981577e-06,0.012567834237953702,1.0749478028028638
2025-04-10,0.017442410646012537,0.01972259882155262,2.9583898232328924e-05,0.01741282674778021,1.0936656826559772
2025-04-11,0.012577441700044264,0.03628657828049626,5.442986742074438e-05,0.01252301183262352,1.1073616709408123
2025-04-14,0.004349022498427392,0.46325131645330525,0.0006948769746799579,0.0036541455237474344,1.1114081316338502
2025-04-15,-0.0023943759474123008,0.0014802551763649432,2.220382764547415e-06,-0.002396596330176848,1.1087445349842477
2025-04-16,0.00590065733412615,0.0014806446894412087,2.220967034161813e-06,0.005898436367091988,1.1152843940712134
2025-04-17,0.004652253355003755,0.0001590617347217091,2.385926020825636e-07,0.0046520147624016725,1.1204727135367087
2025-04-18,-0.0011826794772466138,0.0007032800082970025,1.0549200124455038e-06,-0.0011837343972590593,1.1191463714445051
2025-04-21,0.0071044397371724105,0.2827560491003114,0.0004241340736504671,0.006680305663521943,1.1266226112879758
2025-04-22,0.012734749768028046,0.004085704203396191,6.128556305094287e-06,0.01272862121172295,1.1409629637556227
2025-04-23,-0.013034716578847465,0.01660784835715288,2.4911772535729323e-05,-0.013059628351383194,1.1260624114862816
2025-04-24,0.0009230497460692598,0.02477343750395923,3.716015625593885e-05,0.000885889589813321,1.1270599784540976
2025-04-25,-0.00045371648625649726,0.00020542517616176093,3.0813776424264137e-07,-0.0004540246240207399,1.126548265471131
2025-04-28,-0.002719318725969872,0.6370918849225304,0.0009556378273837958,-0.0036749565533536676,1.1224082495402685
2025-04-29,0.0016344101754230836,0.0016605910295117467,2.49088654426762e-06,0.001631919288878816,1.12423992921269
2025-04-30,-0.003883137833475546,0.0005145012911202708,7.717519366804062e-07,-0.0038839095854122266,1.1198734829753176
2025-05-06,0.009407247599615863,0.6435027555031203,0.0009652541332546803,0.008441993466361182,1.1293274476017463
2025-05-07,-0.003953998440661377,0.0014374026578722124,2.1561039868083187e-06,-0.003956154544648186,1.1248596536875208
2025-05-08,-0.004783827692018313,0.0027318987926011687,4.097848188901753e-06,-0.004787925540207215,1.1194739094224817
2025-05-09,-0.0032718804561991145,0.0038481920996106186,5.772288149415928e-06,-0.0032776527443485306,1.1158046626910365
2025-05-12,0.00026240588874537087,1.046835996843595,0.0015702539952653926,-0.0013078481065200219,1.1143453596756898
2025-05-13,0.002077123283274476,9.077471767461945e-05,1.3616207651192917e-07,0.002076987121197964,1.1166598406363029
2025-05-14,0.0043572472874922365,0.00015884975981685437,2.3827463972528156e-07,0.004357009012852511,1.1215251376262456
2025-05-15,-0.0038096672149553093,0.0012696612217045558,1.9044918325568337e-06,-0.0038115717067878662,1.117250364143218
2025-05-16,-0.0013944980803924935,0.0018555655441589922,2.783348316238488e-06,-0.001397281428708732,1.1156892509581826
2025-05-19,0.0010517406713644814,0.15178108181129588,0.00022767162271694383,0.0008240690486475376,1.1166086559378061
2025-05-20,0.003153010509289571,0.00024042073542739767,3.606311031410965e-07,0.00315264987818643,1.1201289320809305
2025-05-21,0.0037310535694828322,0.0020619731460048904,3.0929597190073357e-06,0.0037279606097638247,1.124304728617585
2025-05-22,0.0005714710402239003,0.0007321355119127397,1.0982032678691096e-06,0.0005703728369560313,1.1249460014952495
2025-05-23,-0.002828680249359989,0.008715878506594617,1.3073817759891926e-05,-0.002841754067119881,1.12174918162021
2025-05-26,-0.0025792792910234678,0.302054033115433,0.00045308104967314947,-0.003032360340696617,1.118347633889656
2025-05-27,0.0004289944304271644,0.0012446244434677553,1.866936665201633e-06,0.00042712749376196276,1.118825310911674
2025-05-28,0.0010313120531569141,0.01343843245075007,2.0157648676125103e-05,0.0010111544044807891,1.1199566160526468
2025-05-29,-0.0007350873612327179,0.0010665168278905998,1.5997752418358997e-06,-0.0007366871364745539,1.1191315584201913
2025-05-30,0.0023057432150411544,0.05292943201593492,7.939414802390237e-05,0.002226349067017252,1.1216231359211497
2025-06-03,0.005591764852325304,0.1659197834987065,0.00024887967524805975,0.005342885177077244,1.1276158395483296
2025-06-04,0.0006452540934685013,0.0014629005662795888,2.1943508494193834e-06,0.000643059742619082,1.1283409638998827
2025-06-05,-0.00104454531575466,0.008012945215383045,1.2019417823074568e-05,-0.0010565647335777347,1.127148798629975
2025-06-06,0.0006936783651741161,0.004835166416277625,7.252749624416438e-06,0.0006864256155496996,1.1279225024378907
2025-06-09,0.0009492586977629658,0.8349088266947533,0.0012523632400421299,-0.00030310454227916407,1.127580624004063
2025-06-10,0.003973429066929399,0.0009072589494152246,1.3608884241228368e-06,0.003972068178505276,1.1320594511193687
2025-06-11,0.004688907971318329,0.0007475097520814739,1.1212646281222107e-06,0.0046877867066902066,1.137366304365509
2025-06-12,0.0033363579308857247,0.0019563920700898935,2.93458810513484e-06,0.00333342334278059,1.141157627753773
2025-06-13,-0.000790931926287245,0.0006753377429069909,1.0130066143604864e-06,-0.0007919449329016054,1.1402538937528313
2025-06-16,0.0016512506543818963,0.47151758650193365,0.0007072763797529005,0.0009439742746289957,1.1413302640950793
2025-06-17,-0.004738482234984934,9.511853553167277e-05,1.4267780329750915e-07,-0.004738624912788232,1.1359219280719193
2025-06-18,0.0018270777199142062,5.927667488246635e-05,8.891501232369953e-08,0.0018269888049018824,1.137997244717749
2025-06-19,-0.0046423501659215915,0.0019005559008159721,2.850833851223958e-06,-0.004645200999772815,1.1327110187788474
2025-06-20,0.002611602371279404,0.0023244684772451285,3.4867027158676927e-06,0.0026081156685635364,1.1356652601348791
2025-06-23,0.005492367925632128,0.3958767421872169,0.0005938151132808254,0.004898552812351303,1.1412283763888025
2025-06-24,0.000983693522309774,0.0028976486293794193,4.346472944069129e-06,0.0009793470493657049,1.1423460350318713
2025-06-25,0.004641794979779583,0.00346628241277782,5.19942361916673e-06,0.004636595556160417,1.1476426315814976
2025-06-26,0.0007288811257284728,0.0020458054340506404,3.0687081510759606e-06,0.0007258124175773969,1.1484756048544404
2025-06-27,-0.008235524806009541,0.0013679878339904056,2.0519817509856085e-06,-0.008237576787760527,1.1390149488705823
2025-06-30,-0.0015133116941013474,0.18704389305520414,0.0002805658395828062,-0.0017938775336841537,1.136971695543273
2025-07-01,0.0062128761872634695,0.000528906012254575,7.933590183818625e-07,0.006212082828245088,1.1440346578893579
2025-07-02,0.002016311096084635,0.0028343982546847404,4.25159738202711e-06,0.002012059498702608,1.146336523689609
2025-07-03,0.0009206686387215538,0.0005128816115079482,7.693224172619223e-07,0.0009198993163042919,1.1473910378740055
2025-07-04,0.0016013976941369173,0.00016331384482658196,2.4497076723987293e-07,0.0016011527233696773,1.1492281861590674
2025-07-07,0.0002518593920080455,0.8093740308522734,0.0012140610462784101,-0.0009622016542703647,1.148122396897211
2025-07-08,0.001194685685677251,0.0,0.0,0.001194685685677251,1.1494940422901896
2025-07-09,-0.0013233983190391054,0.0,0.0,-0.0013233983190391054,1.1479728038068773
2025-07-10,0.0049739700318595145,0.0,0.0,0.0049739700318595145,1.1536827861304026
2025-07-11,-0.002336221964748266,0.0,0.0,-0.002336221964748266,1.1509875270650929
2025-07-14,0.003948321589313098,0.8136706258874473,0.001220505938831171,0.0027278156504819268,1.1541272088549306
2025-07-15,-0.004013703972896063,0.0,0.0,-0.004013703972896063,1.1494948838915222
2025-07-16,0.0004706118998365681,0.0,0.0,0.0004706118998365681,1.1500358498626828
2025-07-17,0.000751096231675105,0.0,0.0,0.000751096231675105,1.1508996374558058
2025-07-18,0.0034925521289638555,0.0,0.0,0.0034925521289638555,1.154919214434826
2025-07-21,0.0035659837309232187,1.129637441149447,0.0016944561617241703,0.0018715275691990484,1.1570806775848383
2025-07-22,0.003555053752240794,0.0,0.0,0.003555053752240794,1.1611941615893318
2025-07-23,-0.0018286313189421525,0.0,0.0,-0.0018286313189421525,1.1590707655780768
2025-07-24,0.009022079272392569,0.0,0.0,0.009022079272392569,1.1695279939074348
2025-07-25,-0.0016756134028538556,0.0,0.0,-0.0016756134028538556,1.1675683171258306
2025-07-28,0.003773268155572486,0.8265800502926449,0.0012398700754389675,0.002533398080133519,1.170526232458862
2025-07-29,0.003554469356704743,0.0,0.0,0.003554469356704743,1.174686832083356
2025-07-30,-0.0014933572357821144,0.0,0.0,-0.0014933572357821144,1.172932605002886
2025-07-31,-0.010696639352030982,0.0,0.0,-0.010696639352030982,1.160386167942932
2025-08-01,-0.0012987114272452534,0.0,0.0,-0.0012987114272452534,1.1588791611666072
2025-08-04,0.004509863807997988,1.0034134239834147,0.0015051201359751222,0.003004743672022866,1.1623612959927616
2025-08-05,0.008918745258102764,0.0,0.0,0.008918745258102764,1.1727281002895993
2025-08-06,0.003766312279009805,0.0,0.0,0.003766312279009805,1.1771449605336597
2025-08-07,-0.003936777517242199,0.0,0.0,-0.003936777517242199,1.1725108027184958
2025-08-08,-0.0018535388674503798,0.0,0.0,-0.0018535388674503798,1.1703375083731515
2025-08-11,0.004057468519661344,0.6742471262083974,0.001011370689312596,0.0030460978303487483,1.173902470918183
2025-08-12,0.002251430140984945,0.0,0.0,0.002251430140984945,1.176545430323785
2025-08-13,0.01139516081703844,0.0,0.0,0.01139516081703844,1.1899523547108761
2025-08-14,-0.004199234682743525,0.0,0.0,-0.004199234682743525,1.184955465512162
2025-08-15,0.010440066564149083,0.0,0.0,0.010440066564149083,1.1973264794476612
2025-08-18,0.012515245405949418,0.5458342759421555,0.0008187514139132333,0.011696493992036185,1.2113310014210266
2025-08-19,-0.003814998597442436,0.0,0.0,-0.003814998597442436,1.2067097753495668
2025-08-20,0.0024810859643060934,0.0,0.0,0.0024810859643060934,1.2097037260361776
2025-08-21,-0.001302639621100757,0.0,0.0,-0.001302639621100757,1.2081279180328497
2025-08-22,0.011848150360724577,0.0,0.0,0.011848150360724577,1.222441999260692
2025-08-25,0.017990140974144603,0.3573216590398376,0.0005359824885597564,0.017454158485584848,1.2437786956552235
2025-08-26,-0.007409344742039897,0.0,0.0,-0.007409344742039897,1.2345631105163093
2025-08-27,-0.012963328808122438,0.0,0.0,-0.012963328808122438,1.218559062980308
2025-08-28,0.010341764519468674,0.0,0.0,0.010341764519468674,1.231161113862715
2025-08-29,0.009262562715898833,0.0,0.0,0.009262562715898833,1.2425648208932443
2025-09-01,0.013619301264402047,0.8659298772495561,0.0012988948158743341,0.012320406448527714,1.257873724525291
2025-09-02,-0.01705711508388968,0.0,0.0,-0.01705711508388968,1.236418027645062
2025-09-03,-0.00020142662311286664,0.0,0.0,-0.00020142662311286664,1.2361689801369977
2025-09-04,-0.03133100732207185,0.0,0.0,-0.03133100732207185,1.1974385607690075
2025-09-05,0.03422601956160205,0.01231482270675003,1.8472234060125043e-05,0.03420754732754193,1.2383999970083368
2025-09-08,-0.006091449338482386,0.681669004071745,0.0010225035061076175,-0.007113952844590004,1.2295900778268791
2025-09-09,-0.002685653930494121,0.0069562070779470506,1.0434310616920575e-05,-0.002696088241111042,1.2262749944766633
2025-09-10,0.0008807067180027649,0.001998472369790557,2.9977085546858354e-06,0.000877709009448079,1.2273513070873763
2025-09-11,0.011851970849088223,3.0465046041774912e-06,4.569756906266237e-09,0.011851966279331317,1.241897833391869
2025-09-12,0.00011494767630971462,0.009569473721694664,1.4354210582541996e-05,0.00010059346572717262,1.242022760199009
2025-09-15,-0.0019332865297076974,0.9834590264004692,0.0014751885396007039,-0.0034084750693084013,1.237789356585357
2025-09-16,0.000467523103885799,8.469133798547426e-05,1.270370069782114e-07,0.0004673960668788208,1.2383678944622496
2025-09-17,-3.790617959847849e-05,7.351227256725476e-05,1.1026840885088215e-07,-3.801644800732937e-05,1.2383208161135757
2025-09-18,-0.010972330871245287,0.0007508683641102125,1.1263025461653186e-06,-0.010973457173791452,1.2247321556705388
2025-09-19,0.00033846706856553526,0.017992755427894802,2.6989133141842202e-05,0.00031147793542369304,1.225113632713834
2025-09-22,0.0031275090366740792,1.0313876091767082,0.0015470814137650624,0.0015804276229090168,1.2270498361401774
2025-09-23,0.001198861222033457,0.0004241491741104157,6.362237611656236e-07,0.0011982249982722913,1.2285201179279663
2025-09-24,0.0023322351806550077,0.002303020916720057,3.4545313750800854e-06,0.0023287806492799275,1.2313810718058482
2025-09-25,0.0008798493209769512,0.0001068998002770015,1.6034970041550225e-07,0.0008796889712765358,1.2324643041541545
2025-09-26,-0.004776614154718967,4.902977742131387e-06,7.35446661319708e-09,-0.00477662150918558,1.2265772886496284
2025-09-29,0.007781195359645687,0.6864470477738802,0.0010296705716608204,0.006751524787984867,1.2348585556183256
2025-09-30,0.0035754918242557727,0.005194058164145757,7.791087246218636e-06,0.003567700737009554,1.2392641613973077
2025-10-09,0.0128766050003317,0.7468023714966338,0.0011202035572449507,0.01175640144308675,1.2538334483727245
2025-10-10,-0.012285836911733232,0.014966733345063182,2.2450100017594772e-05,-0.012308287011750827,1.2384009064252197
2025-10-13,-0.002658043335659289,1.0192853554840247,0.001528928033226037,-0.004186971368885326,1.2332157572868157
2025-10-14,-0.027483402874091355,0.000651964329965983,9.779464949489745e-07,-0.027484380820586303,1.199321585779597
2025-10-15,0.011807570831754396,0.08023563329572966,0.0001203534499435945,0.011687217381810801,1.213338317863301
2025-10-16,0.0015748900896299114,0.011334095320293974,1.7001142980440962e-05,0.0015578889466494703,1.2152285642172465
2025-10-17,-0.01853599121396246,2.746940519893909e-05,4.120410779840864e-08,-0.01853603241807026,1.1927030481555507
2025-10-20,0.0012353845493883937,1.0088923241463834,0.0015133384862195752,-0.0002779539368311815,1.1923715316478454
2025-10-21,0.014762411052628394,0.00027445913751102113,4.116887062665317e-07,0.014761999363922128,1.2099733194395896
2025-10-22,-0.008113108792028877,0.01867972018037343,2.8019580270560142e-05,-0.008141128372299437,1.2001227713189746
2025-10-23,-0.0034919679271908336,0.006882544074501062,1.0323816111751594e-05,-0.003502291743302585,1.1959195912460348
2025-10-24,0.009670662098239084,0.0012363495439393565,1.8545243159090347e-06,0.009668807573923174,1.2074827076476775
2025-10-27,0.017695185044608704,0.7548034964767782,0.0011322052447151672,0.01656297979989354,1.227482219343167
2025-10-28,-0.002166033022550328,0.02531766045006658,3.797649067509987e-05,-0.0022040095132254277,1.2247768368544196
2025-10-29,0.012775333562707093,0.000562779684163843,8.441695262457645e-07,0.012774489393180847,1.2404227355658302
2025-10-30,-0.008530019608988323,0.01234122768392832,1.851184152589248e-05,-0.008548531450514216,1.2298189427989128
2025-10-31,-0.014172301256354195,0.007325419621356431,1.0988129432034647e-05,-0.01418328938578623,1.212376064841074
2025-11-03,0.0025429995482565914,0.6546240756684241,0.000981936113502636,0.0015610634347539554,1.2142686607850683
2025-11-04,-0.007008459574066338,0.00015065114362778145,2.2597671544167219e-07,-0.007008685550781779,1.2057582335674568
2025-11-05,-0.001501136274797665,0.0044960763748903496,6.744114562335524e-06,-0.0015078803893600005,1.2039400943727512
2025-11-06,0.008893255970218752,0.0015014794899973205,2.2522192349959806e-06,0.008891003750983756,1.214644330267779
2025-11-07,-0.0033556663413349956,0.005710143244628256,8.565214866942383e-06,-0.003364231556201938,1.2105579854823303
2025-11-10,0.0005341312696547769,0.6900919478790776,0.0010351379218186164,-0.0005010066521638396,1.2099514878787736
2025-11-11,-0.001919483490943571,0.00019603021503025037,2.9404532254537554e-07,-0.0019197775362661163,1.207628650192372
2025-11-12,0.0020153016581194354,0.00019640762910678317,2.9461144366017474e-07,0.0020150070466757753,1.2100620304322773
2025-11-13,0.006541284286100729,0.00015054258561729775,2.2581387842594663e-07,0.006541058472222303,1.2179771169283509
2025-11-14,-0.006317596267259959,0.00011667229136405263,1.7500843704607896e-07,-0.006317771275697005,1.2102822160845648
2025-11-17,-0.0017681479920271296,0.3429466830681002,0.0005144200246021503,-0.00228256801662928,1.207519664607035
2025-11-18,-0.007805688726108234,0.0022073010900335345,3.310951635050302e-06,-0.007808999677743285,1.19809014393525
2025-11-19,0.003939665696104714,0.0012495793791299503,1.8743690686949256e-06,0.003937791327036019,1.2028079729130456
2025-11-20,-0.00189911940381121,0.0008556850763526899,1.2835276145290348e-06,-0.001900402931425739,1.2005221531153794
2025-11-21,-0.01213223450815379,0.00018001547735834594,2.700232160375189e-07,-0.012132504531369827,1.1859568126526971
2025-11-24,0.0005178263725840382,0.7216761887197687,0.001082514283079653,-0.0005646879104956148,1.1852871171782222
2025-11-25,0.007656984764764103,0.003640908612045912,5.461362918068868e-06,0.007651523401846034,1.194356369293218
2025-11-26,0.007690499383322339,0.0034201916696860943,5.130287504529142e-06,0.00768536909581781,1.2035354388231774
2025-11-27,0.0005526162006033988,0.0037926595279238404,5.6889892918857604e-06,0.0005469272113115131,1.2041936851044475
2025-11-28,0.0019526150590825602,0.004193637651784259,6.290456477676387e-06,0.0019463246026048839,1.2065374369000677
2025-12-01,0.0036368979604826423,0.2824379957629068,0.0004236569936443602,0.003213240966838282,1.210414332420339
2025-12-02,-0.0025567668363887857,0.00113480074589499,1.7022011188424848e-06,-0.0025584690375076284,1.207317524828286
2025-12-03,-0.0018962350161917268,0.004557134105953712,6.835701158930568e-06,-0.0019030707173506574,1.205019914200241
2025-12-04,0.00265435917631929,0.007407351808572549,1.1111027712858823e-05,0.0026432481486064314,1.2082050808574847
2025-12-05,0.0036936213328377385,0.0006254283860708185,9.381425791062277e-07,0.003692683190258632,1.2126665994499521
2025-12-08,0.006042501144924477,0.36523584489149663,0.0005478537673372449,0.005494647377587232,1.2193297748005074
2025-12-09,0.0003172989311867712,0.03792551180735648,5.6888267711034725e-05,0.00026041066347573646,1.219647301276159
2025-12-10,0.00020996787060792433,0.002054084935067535,3.0811274026013025e-06,0.00020688674320532303,1.2198996301341791
2025-12-11,-0.0041759641358773275,0.0004634745890896748,6.952118836345122e-07,-0.004176659347760962,1.214804524940649
2025-12-12,0.005342608207627163,0.0017658123303434421,2.6487184955151633e-06,0.005339959489131648,1.2212915318910458
2025-12-15,5.747118660932187e-05,0.3970276005560073,0.0005955414008340109,-0.0005380702142246891,1.2206343912948503
2025-12-16,-0.006408740161005212,9.589725347147748e-09,1.4384588020721623e-11,-0.0064087401753898,1.2128116626318965
2025-12-17,0.00695090803654238,0.0037092620546410604,5.563893081961591e-06,0.006945344143460418,1.2212350570100774
2025-12-18,-0.00314706576044987,0.004464042857950552,6.6960642869258294e-06,-0.0031537618247367955,1.2173835725082487
2025-12-19,0.0010275706599043822,0.0009742491462399923,1.4613737193599885e-06,0.0010261092861850222,1.2186327410968485
2025-12-22,0.007284665467088752,0.39833516350964904,0.0005975027452644736,0.006687162721824279,1.226781936534706
2025-12-23,0.0031262331653698155,0.0046319095160115495,6.947864274017323e-06,0.0031192853010957983,1.2306086193969883
2025-12-24,0.0009088026085497193,0.00034230558380032514,5.134583757004877e-07,0.0009082891501740188,1.231726367854097
2025-12-25,-0.001058104440082016,1.7349535252203507e-07,2.6024302878305263e-10,-0.0010581047003250447,1.2304230723947562
2025-12-26,0.0024566694402274737,2.4204792623008786e-05,3.630718893451318e-08,0.002456633133038539,1.233445770482056
2025-12-29,-0.004116904255878446,0.23769852589475793,0.0003565477888421369,-0.004473452044720583,1.2279280099780412
2025-12-30,-0.002076872338082483,0.00039417533300576194,5.91262999508643e-07,-0.002077463601081992,1.2253770342325627
2025-12-31,-0.002004193143596258,0.0025445258328339222,3.816788749250884e-06,-0.0020080099323455092,1.2229164649769557
2026-01-05,0.009019176687281407,0.5935059445365098,0.0008902589168047648,0.008128917770476642,1.2328574523609153
2026-01-06,0.008559713572992648,0.0015732916849639095,2.359937527445864e-06,0.008557353635465201,1.2434074495628864
2026-01-07,0.0011753262857344764,0.0026918292581637818,4.0377438872456726e-06,0.0011712885418472306,1.244863838461407
2026-01-08,-0.004224024055219027,0.0005708643107501798,8.562964661252698e-07,-0.004224880351685153,1.2396044376897681
2026-01-09,0.006871364005004658,0.05365324183897567,8.047986275846351e-05,0.0067908841422461945,1.2480224478083335
2026-01-12,0.007002158552671631,0.47067447259032325,0.0007060117088854849,0.006296146843786146,1.2558801804040762
2026-01-13,-0.0030139566584867546,0.003943526175445678,5.915289263168518e-06,-0.003019871947749923,1.2520875830775389
2026-01-14,0.003790874442739593,0.04109853602440051,6.164780403660077e-05,0.003729226638702992,1.256756901446341
2026-01-15,0.0016365662434663175,0.0007536737310890468,1.1305105966335702e-06,0.001635435732869684,1.2588122465904967
2026-01-16,-0.00042859569343321876,0.027356045188090875,4.1034067782136316e-05,-0.00046962976121535507,1.2582210708957156
2026-01-19,-0.0009619630282934315,0.5053239714685801,0.0007579859572028702,-0.0017199489854963018,1.2560569948412983
2026-01-20,-0.0023997107770625087,0.0029062859442054167,4.359428916308125e-06,-0.002404070205978817,1.253037345642989
2026-01-21,0.007976009372900935,0.012407600118517575,1.8611400177776362e-05,0.007957397972723159,1.263008262476955
2026-01-22,2.6240286661874095e-05,0.05286864971656555,7.930297457484832e-05,-5.3062687912974225e-05,1.2629412438636918
2026-01-23,0.013037423374592193,0.0017841462719861284,2.6762194079791926e-06,0.013034747155184214,1.2794033636493087
2026-01-26,0.00589463120246185,0.3992064123467589,0.0005988096185201384,0.005295821583941712,1.2861788555970906
2026-01-27,-0.0014380189436783391,0.02066534566132948,3.0998018491994215e-05,-0.0014690169621703333,1.2842894370418336
2026-01-28,0.017547675537628184,0.07600970650822708,0.00011401455976234063,0.017433660977865844,1.306679303684675
2026-01-29,-0.002589962867381195,0.03331577908660833,4.9973668629912495e-05,-0.0026399365360111073,1.3032297532500283
2026-01-30,-0.021771885710270295,0.02222537968483116,3.333806952724674e-05,-0.02180522377979754,1.2748125368439212
2026-02-02,-0.026549141752766903,0.5048455075679905,0.0007572682613519858,-0.02730641001411889,1.240001983021722
2026-02-03,0.015786587009226683,0.07039663671567947,0.00010559495507351922,0.015680992054153162,1.2594464442646198
2026-02-04,-0.000793754178895943,0.021840088828595,3.27601332428925e-05,-0.0008265143121388355,1.2584054937530627
2026-02-05,-0.010840646198425048,0.00038939698611046084,5.840954791656912e-07,-0.010841230293904214,1.2447628299921714
2026-02-06,-0.0007441408150055114,0.014440635733935465,2.1660953600903197e-05,-0.0007658017686064146,1.2438095884154678
2026-02-09,0.015896727968544206,0.38319681844195247,0.0005747952276629287,0.015321932740881278,1.2628671552716328
2026-02-10,-0.0001261877560117912,0.0177434580575373,2.6615187086305952e-05,-0.00015280294309809715,1.2626741854535655
2026-02-11,-0.002634714793583248,0.010346263435753865,1.5519395153630796e-05,-0.0026502341887368786,1.2593278031580408
2026-02-12,0.006488756742798638,0.0001627124784896357,2.440687177344535e-07,0.006488512674080903,1.2674989675696542
2026-02-13,-0.009905427371811092,0.013461272070953451,2.0191908106430175e-05,-0.009925619279917522,1.2549182553798692
2026-02-24,0.0040031058856521366,0.5534015705473123,0.0008301023558209685,0.0031730035298311683,1.258900115433839
2026-02-25,0.009552900522356807,0.0007137089315137832,1.0705633972706747e-06,0.009551829958959536,1.2709249152717779
2026-02-26,0.003298034637181574,0.0324486651804125,4.867299777061875e-05,0.0032493616394109553,1.2750546099380335
2026-02-27,0.0026230888264275895,0.0001733036251208367,2.59955437681255e-07,0.0026228288709899085,1.2783988599810678
2026-03-02,0.006505833618955584,0.6308150874160251,0.0009462226311240377,0.005559610987831546,1.28550626032985
2026-03-03,-0.014457252472234904,0.008668021012719924,1.3002031519079884e-05,-0.014470254503753985,1.266904657576708
2026-03-04,-0.0040847599685216104,0.02935198570860885,4.4027978562913274e-05,-0.004128787947084524,1.2616738768964
2026-03-05,0.0075484350393847065,0.003018590147940807,4.527885221911211e-06,0.007543907154162795,1.271191827482539
2026-03-06,0.0010454113329909178,0.002886269819667008,4.329404729500512e-06,0.0010410819282614173,1.2725152423214845
2026-03-09,-0.004501944873150834,0.16922333586070848,0.0002538350037910627,-0.004755779876941897,1.2664634399389503
2026-03-10,0.006021901701079463,0.0020856002309756136,3.1284003464634204e-06,0.006018773300733,1.2740859962776094
2026-03-11,-0.00099118116456702,0.0019687167714652343,2.9530751571978514e-06,-0.000994134239724218,1.2728193837643569
2026-03-12,-0.003088268158964747,0.0011908777369091517,1.7863166053637275e-06,-0.0030900544755701107,1.2688863025309636
2026-03-13,-0.007743944529840278,0.0035445400422987675,5.316810063448151e-06,-0.007749261339903726,1.259053370962027
2026-03-16,-0.006557552555460836,0.557547873760213,0.0008363218106403195,-0.007393874366101155,1.2497440885169178
2026-03-17,-0.0076912455832944945,0.006200298892650703,9.300448338976056e-06,-0.007700546031633471,1.2401203766355313
2026-03-18,0.0016979968811696043,0.004242482807878065,6.363724211817098e-06,0.0016916331569577872,1.242218205383267
2026-03-19,-0.014852018943564825,0.0038324310676479574,5.7486466014719365e-06,-0.014857767590166297,1.223761615991409
2026-03-20,-0.007248870084168983,0.025840506456989563,3.876075968548435e-05,-0.007287630843854467,1.214843293093185
2026-03-23,-0.015953793551456052,0.613613444140461,0.0009204201662106916,-0.016874213717666744,1.1943437677320565
2026-03-24,0.00696988892985655,0.02087971390735633,3.13195708610345e-05,0.006938569358995515,1.2026308048029495
2026-03-25,0.006067458988694719,0.0037213426569474573,5.582013985421186e-06,0.006061876974709298,1.2099210047876607
2026-03-26,-0.00656468111562535,0.0036252621357949315,5.437893203692397e-06,-0.006570119008829042,1.2019716797949238
2026-03-27,0.002809650507387376,0.0024381380309823585,3.6572070464735374e-06,0.0028059933003409024,1.2053444042756278
2026-03-30,-0.001239196077031513,0.2990249356657609,0.0004485374034986413,-0.0016877334805301544,1.2033101041689622
2026-03-31,-0.010239560593253271,1.4433069895680717e-05,2.1649604843521074e-08,-0.010239582242858114,1.190988711393662
2026-04-01,0.0029933401602498543,0.01062141080957179,1.5932116214357683e-05,0.0029774080440354966,1.194534770763321
2026-04-02,-0.0016697447890295937,0.00014380719751229398,2.1571079626844099e-07,-0.0016699604998258622,1.1925399448804777
2026-04-03,-0.004689296168756778,0.001887947976978794,2.831921965468191e-06,-0.004692128090722247,1.1869443947057956
2026-04-07,0.0022673817511715756,0.47625994312946185,0.0007143899146941928,0.0015529918364773827,1.1887877096611263
2026-04-08,0.005276942995714942,0.00018003317462570584,2.7004976193855877e-07,0.005276672945953003,1.1950605536071766
2026-04-09,-0.0006570154569408275,0.008373134625321094,1.255970193798164e-05,-0.0006695751588788091,1.1942603707471253
2026-04-10,0.0005794175330660315,0.01112043955520271,1.6680659332804065e-05,0.0005627368737332274,1.1949324250945832
2026-04-13,-0.002642550314098086,0.27490119801247187,0.0004123517970187078,-0.0030549021111167937,1.1912820235065198
2026-04-14,0.0009805043544603336,0.001624245021843336,2.436367532765004e-06,0.0009780679869275685,1.1924471783171138
2026-04-15,-0.0032534797117224935,0.006435074490977698,9.652611736466547e-06,-0.00326313232345896,1.1885560653855298
2026-04-16,0.004651948565691101,0.0063776745567772734,9.56651183516591e-06,0.004642382053855935,1.1940737967334771
2026-04-17,0.002323204711249976,0.002313346550337405,3.4700198255061073e-06,0.00231973469142447,1.1968437311438809
2026-04-20,0.002963633706699799,0.38711196686594307,0.0005806679502989146,0.0023829657564008845,1.19969576877096
2026-04-21,0.0007323010527459292,0.0008330932879952041,1.2496399319928062e-06,0.0007310514128139364,1.200572808057667
2026-04-22,0.006884320443787645,0.0001784074627925042,2.676111941887563e-07,0.006884052832593456,1.2088376146977111
2026-04-23,0.0007322549521555364,0.005916512435291697,8.874768652937546e-06,0.0007233801835025989,1.2097120638732561
2026-04-24,-0.007259918817967498,0.0002671985764589567,4.0079786468843505e-07,-0.007260319615832187,1.2009291676464082
2026-04-27,0.0002311728826692726,0.47207154559376535,0.000708107318390648,-0.00047693443572137536,1.2003564031714955
2026-04-28,-0.0005682861136641648,3.3122073318271605e-05,4.9683109977407405e-08,-0.0005683357967741422,1.199674197658686
2026-04-29,0.006363266727343293,0.016832489045524424,2.5248733568286637e-05,0.006338017993775006,1.2072777543101145
2026-04-30,-0.0008040485948072646,0.0017614200746580537,2.6421301119870807e-06,-0.0008066907249192517,1.2063038545433111
2026-05-06,0.0046094016804062625,0.1343079793670004,0.00020146196905050057,0.004407939711355762,1.211621169207714
2026-05-07,-0.0025921350669638066,0.02190271065979789,3.2854065989696835e-05,-0.0026249891329535036,1.2084406768052873
2026-05-08,-0.0002293395072237018,0.0001376343239696265,2.0645148595443973e-07,-0.00022954595870965623,1.2081632841315864
2026-05-11,0.007100919856742711,0.5801032078925717,0.0008701548118388576,0.006230765044903854,1.2156910656908897
2026-05-12,-3.0092624169787696e-05,0.0720364238272613,0.00010805463574089196,-0.00013814725991067965,1.2155231213012665
2026-05-13,0.009771741794550573,0.043794827373431065,6.56922410601466e-05,0.009706049553490427,1.22732104895003
2026-05-14,-0.007570385453713306,0.014031183056850832,2.1046774585276248e-05,-0.007591432228298583,1.2180039243845615
2026-05-15,-0.006430991461697204,0.0136629216584147,2.0494382487622047e-05,-0.006451485844184826,1.210145989308233
2026-05-18,0.0017423613521590363,0.3912071802439354,0.0005868107703659031,0.0011555505817931332,1.2115443742102325
2026-05-19,0.004588685199601435,0.05596119846481137,8.394179769721705e-05,0.004504743401904218,1.2170020707360705
2026-05-20,0.00901499912860759,0.00390515483440132,5.85773225160198e-06,0.009009141396355988,1.2279662144709897
2026-05-21,-0.0229304195752824,0.011683107355426436,1.7524661033139654e-05,-0.022947944236315538,1.19978691425723
2026-05-22,0.011491489568858641,0.055411734734320796,8.311760210148119e-05,0.011408371966757161,1.2134745296559244
2026-05-25,0.018293351484974713,0.6763839466088293,0.0010145759199132439,0.01727877556506147,1.2344418837077675
2026-05-26,-0.003763403078076691,0.04054889138881052,6.0823337083215775e-05,-0.003824226415159907,1.2297210984481126
2026-05-27,0.0013594456328061668,0.014621120272095292,2.1931680408142938e-05,0.0013375139523980238,1.2313658675748453
2026-05-28,0.0071178222304509545,0.0017596705492391729,2.639505823858759e-06,0.007115182724627096,1.2401272607235094
2026-05-29,-0.0013876430691814802,0.006022315725858408,9.033473588787613e-06,-0.0013966765427702679,1.238395204068407
2026-06-01,-0.003451377221500065,0.4373366948772308,0.0006560050423158462,-0.0041073822638159115,1.2333086415716217
2026-06-02,0.013427742327984379,0.030169882322341975,4.5254823483512965e-05,0.013382487504500865,1.2498133790566468
2026-06-03,0.007490109991423907,0.021856786789860014,3.278518018479002e-05,0.007457324811239117,1.2591336433777045
2026-06-04,-0.005602806183217826,0.0022149696297438445,3.322454444615767e-06,-0.005606128637662442,1.2520747782009205
2026-06-05,-0.01676395131290483,0.003703851723546904,5.555777585320356e-06,-0.01676950709049015,1.2310781013300562
2026-06-08,-0.018649846371148276,0.6658782592265268,0.0009988173888397902,-0.019648663759988066,1.2068890616547374
2026-06-09,0.01975326144865422,0.03316963828556476,4.9754457428347145e-05,0.01970350699122587,1.2306690087186856
2026-06-10,-0.014417920459975395,0.04673596656597705,7.010394984896557e-05,-0.01448802440982436,1.212839046079955
2026-06-11,-0.005816482104904864,0.020891362868579295,3.1337044302868945e-05,-0.005847819149207733,1.2057465826813818
2026-06-12,0.0026603908881962495,0.0022223775376594354,3.333566306489153e-06,0.0026570573218897605,1.208950320467239
2026-06-15,0.023030779562914928,0.25854407435171456,0.0003878161115275718,0.022642963451387357,1.2363245383881216
2026-06-16,0.003719410968013299,0.04964128105719988,7.446192158579981e-05,0.003644949046427499,1.2408308783353943
2026-06-17,0.006463032525428536,0.001153513526345757,1.7302702895186356e-06,0.006461302255139018,1.248848261687829
2026-06-18,0.00392831524346448,0.01730642280838982,2.5959634212584725e-05,0.0039023556092518956,1.2537217117069308
2026-06-22,0.0052320669444598745,0.4689054129018093,0.000703358119352714,0.004528708825107161,1.2593994522869665
2026-06-23,-0.01089611520379883,0.029361291856571985,4.4041937784857975e-05,-0.010940157141583688,1.2456214243749226
2026-06-24,0.009478255186171373,0.01097623722616027,1.6464355839240408e-05,0.009461790830332132,1.2574072337461384
2026-06-25,0.009340999038409277,0.005032413538273425,7.548620307410138e-06,0.009333450418101866,1.2691431818176706
2026-06-26,-0.010545141170123671,0.0012229124934677385,1.8343687402016077e-06,-0.010546975538863874,1.2557575597237238
2026-06-29,0.024123511487254043,0.4237762928473204,0.0006356644392709806,0.02348784704798306,1.2852526012158632
2026-06-30,0.013098373326720755,0.051766858879754296,7.765028831963144e-05,0.013020723038401124,1.3019875193706796
2026-07-01,-0.0003608699495199505,0.0017791249094446515,2.668687364166977e-06,-0.0003635386368841175,1.3015141966026476
2026-07-02,-0.023599466595885472,0.00016877343988563887,2.531601598284583e-07,-0.0235997197560453,1.2707988263043106
2026-07-03,0.0002283852988580067,0.05468775333958576,8.203163000937864e-05,0.00014635366884862807,1.2709848123749088
2026-07-06,-0.004082885950619703,0.17954600968452772,0.00026931901452679157,-0.004352204965146495,1.265453225963865
2026-07-07,0.0012731908203610647,0.0023685113449616185,3.552767017442428e-06,0.0012696380533436223,1.2670598935342752
2026-07-08,0.0033646061526731953,0.0012447938093901462,1.8671907140852192e-06,0.00336273896195911,1.2713206852053986
2026-07-09,0.020323706990655884,0.0003131311836223165,4.696967754334747e-07,0.020323237293880452,1.2971580371674467
2026-07-10,-0.012390049744437593,0.03169705699892167,4.7545585498382504e-05,-0.012437595329935975,1.281024510422184
2026-07-13,-0.014631349103027777,0.18929511336150512,0.0002839426700422577,-0.014915291773070036,1.261917656080783
2026-07-14,0.0003115370863517271,0.019927135095458418,2.9890702643187628e-05,0.0002816463837085395,1.2622730706251561
2026-07-15,-0.006118698839262891,0.0008741221241135161,1.3111831861702742e-06,-0.006120010022449061,1.2545479467818625
2026-07-16,-0.012061766862004804,0.0032967126593494746,4.945068989024212e-06,-0.012066711930993828,1.239409678104426
2026-07-17,-0.020250586087974302,0.012691744765084972,1.903761714762746e-05,-0.02026962370512193,1.214287310312763
