date,gross_return,turnover,cost,net_return,nav
2018-01-02,0.0,0.0,0.0,0.0,1.0
2018-01-03,0.0,0.0,0.0,0.0,1.0
2018-01-04,0.0,0.0,0.0,0.0,1.0
2018-01-05,0.0,0.0,0.0,0.0,1.0
2018-01-08,0.0,0.0,0.0,0.0,1.0
2018-01-09,0.0,0.0,0.0,0.0,1.0
2018-01-10,0.0,0.0,0.0,0.0,1.0
2018-01-11,0.0,0.0,0.0,0.0,1.0
2018-01-12,0.0,0.0,0.0,0.0,1.0
2018-01-15,0.0,0.0,0.0,0.0,1.0
2018-01-16,0.0,0.0,0.0,0.0,1.0
2018-01-17,0.0,0.0,0.0,0.0,1.0
2018-01-18,0.0,0.0,0.0,0.0,1.0
2018-01-19,0.0,0.0,0.0,0.0,1.0
2018-01-22,0.0,0.0,0.0,0.0,1.0
2018-01-23,0.0,0.0,0.0,0.0,1.0
2018-01-24,0.0,0.0,0.0,0.0,1.0
2018-01-25,0.0,0.0,0.0,0.0,1.0
2018-01-26,0.0,0.0,0.0,0.0,1.0
2018-01-29,0.0,0.0,0.0,0.0,1.0
2018-01-30,0.0,0.0,0.0,0.0,1.0
2018-01-31,0.0,0.0,0.0,0.0,1.0
2018-02-01,0.0,0.0,0.0,0.0,1.0
2018-02-02,0.0,0.0,0.0,0.0,1.0
2018-02-05,0.0,0.0,0.0,0.0,1.0
2018-02-06,0.0,0.0,0.0,0.0,1.0
2018-02-07,0.0,0.0,0.0,0.0,1.0
2018-02-08,0.0,0.0,0.0,0.0,1.0
2018-02-09,0.0,0.0,0.0,0.0,1.0
2018-02-12,0.0,0.0,0.0,0.0,1.0
2018-02-13,0.0,0.0,0.0,0.0,1.0
2018-02-14,0.0,0.0,0.0,0.0,1.0
2018-02-22,0.0,0.0,0.0,0.0,1.0
2018-02-23,0.0,0.0,0.0,0.0,1.0
2018-02-26,0.0,0.0,0.0,0.0,1.0
2018-02-27,0.0,0.0,0.0,0.0,1.0
2018-02-28,0.0,0.0,0.0,0.0,1.0
2018-03-01,0.0,0.0,0.0,0.0,1.0
2018-03-02,0.0,0.0,0.0,0.0,1.0
2018-03-05,0.0,0.0,0.0,0.0,1.0
2018-03-06,0.0,0.0,0.0,0.0,1.0
2018-03-07,0.0,0.0,0.0,0.0,1.0
2018-03-08,0.0,0.0,0.0,0.0,1.0
2018-03-09,0.0,0.0,0.0,0.0,1.0
2018-03-12,0.0,0.0,0.0,0.0,1.0
2018-03-13,0.0,0.0,0.0,0.0,1.0
2018-03-14,0.0,0.0,0.0,0.0,1.0
2018-03-15,0.0,0.0,0.0,0.0,1.0
2018-03-16,0.0,0.0,0.0,0.0,1.0
2018-03-19,0.0,0.0,0.0,0.0,1.0
2018-03-20,0.0,0.0,0.0,0.0,1.0
2018-03-21,0.0,0.0,0.0,0.0,1.0
2018-03-22,0.0,0.0,0.0,0.0,1.0
2018-03-23,0.0,0.0,0.0,0.0,1.0
2018-03-26,0.0,0.0,0.0,0.0,1.0
2018-03-27,0.0,0.0,0.0,0.0,1.0
2018-03-28,0.0,0.0,0.0,0.0,1.0
2018-03-29,0.0,0.0,0.0,0.0,1.0
2018-03-30,0.0,0.0,0.0,0.0,1.0
2018-04-02,0.0,0.0,0.0,0.0,1.0
2018-04-03,0.0,0.0,0.0,0.0,1.0
2018-04-04,0.0,0.0,0.0,0.0,1.0
2018-04-09,0.0,0.0,0.0,0.0,1.0
2018-04-10,0.0,0.0,0.0,0.0,1.0
2018-04-11,0.0,0.0,0.0,0.0,1.0
2018-04-12,0.0,0.0,0.0,0.0,1.0
2018-04-13,0.0,0.0,0.0,0.0,1.0
2018-04-16,0.0,0.0,0.0,0.0,1.0
2018-04-17,0.0,0.0,0.0,0.0,1.0
2018-04-18,0.0,0.0,0.0,0.0,1.0
2018-04-19,0.0,0.0,0.0,0.0,1.0
2018-04-20,0.0,0.0,0.0,0.0,1.0
2018-04-23,0.0,0.0,0.0,0.0,1.0
2018-04-24,0.0,0.0,0.0,0.0,1.0
2018-04-25,0.0,0.0,0.0,0.0,1.0
2018-04-26,0.0,0.0,0.0,0.0,1.0
2018-04-27,0.0,0.0,0.0,0.0,1.0
2018-05-02,0.0,0.0,0.0,0.0,1.0
2018-05-03,0.0,0.0,0.0,0.0,1.0
2018-05-04,0.0,0.0,0.0,0.0,1.0
2018-05-07,0.0,0.0,0.0,0.0,1.0
2018-05-08,0.0,0.0,0.0,0.0,1.0
2018-05-09,0.0,0.0,0.0,0.0,1.0
2018-05-10,0.0,0.0,0.0,0.0,1.0
2018-05-11,0.0,0.0,0.0,0.0,1.0
2018-05-14,0.0,0.0,0.0,0.0,1.0
2018-05-15,0.0,0.0,0.0,0.0,1.0
2018-05-16,0.0,0.0,0.0,0.0,1.0
2018-05-17,0.0,0.0,0.0,0.0,1.0
2018-05-18,0.0,0.0,0.0,0.0,1.0
2018-05-21,0.0,0.0,0.0,0.0,1.0
2018-05-22,0.0,0.0,0.0,0.0,1.0
2018-05-23,0.0,0.0,0.0,0.0,1.0
2018-05-24,0.0,0.0,0.0,0.0,1.0
2018-05-25,0.0,0.0,0.0,0.0,1.0
2018-05-28,0.0,0.0,0.0,0.0,1.0
2018-05-29,0.0,0.0,0.0,0.0,1.0
2018-05-30,0.0,0.0,0.0,0.0,1.0
2018-05-31,0.0,0.0,0.0,0.0,1.0
2018-06-01,0.0,0.0,0.0,0.0,1.0
2018-06-04,0.0,0.0,0.0,0.0,1.0
2018-06-05,0.0,0.0,0.0,0.0,1.0
2018-06-06,0.0,0.0,0.0,0.0,1.0
2018-06-07,0.0,0.0,0.0,0.0,1.0
2018-06-08,0.0,0.0,0.0,0.0,1.0
2018-06-11,0.0,0.0,0.0,0.0,1.0
2018-06-12,0.0,0.0,0.0,0.0,1.0
2018-06-13,0.0,0.0,0.0,0.0,1.0
2018-06-14,0.0,0.0,0.0,0.0,1.0
2018-06-15,0.0,0.0,0.0,0.0,1.0
2018-06-19,0.0,0.0,0.0,0.0,1.0
2018-06-20,0.0,0.0,0.0,0.0,1.0
2018-06-21,0.0,0.0,0.0,0.0,1.0
2018-06-22,0.0,0.0,0.0,0.0,1.0
2018-06-25,0.0,0.0,0.0,0.0,1.0
2018-06-26,0.0,0.0,0.0,0.0,1.0
2018-06-27,0.0,0.0,0.0,0.0,1.0
2018-06-28,0.0,0.0,0.0,0.0,1.0
2018-06-29,0.0,0.0,0.0,0.0,1.0
2018-07-02,0.0,0.0,0.0,0.0,1.0
2018-07-03,0.0,0.0,0.0,0.0,1.0
2018-07-04,0.0,0.0,0.0,0.0,1.0
2018-07-05,0.0,0.0,0.0,0.0,1.0
2018-07-06,0.0,0.0,0.0,0.0,1.0
2018-07-09,0.0,0.0,0.0,0.0,1.0
2018-07-10,0.0,0.0,0.0,0.0,1.0
2018-07-11,0.0,0.0,0.0,0.0,1.0
2018-07-12,0.0,0.0,0.0,0.0,1.0
2018-07-13,0.0,0.0,0.0,0.0,1.0
2018-07-16,0.0,0.0,0.0,0.0,1.0
2018-07-17,0.0,0.0,0.0,0.0,1.0
2018-07-18,0.0,0.0,0.0,0.0,1.0
2018-07-19,0.0,0.0,0.0,0.0,1.0
2018-07-20,0.0,0.0,0.0,0.0,1.0
2018-07-23,0.0,0.0,0.0,0.0,1.0
2018-07-24,0.0,0.0,0.0,0.0,1.0
2018-07-25,0.0,0.0,0.0,0.0,1.0
2018-07-26,0.0,0.0,0.0,0.0,1.0
2018-07-27,0.0,0.0,0.0,0.0,1.0
2018-07-30,0.0,0.0,0.0,0.0,1.0
2018-07-31,0.0,0.0,0.0,0.0,1.0
2018-08-01,0.0,0.0,0.0,0.0,1.0
2018-08-02,0.0,0.0,0.0,0.0,1.0
2018-08-03,0.0,0.0,0.0,0.0,1.0
2018-08-06,0.0,0.0,0.0,0.0,1.0
2018-08-07,0.0,0.0,0.0,0.0,1.0
2018-08-08,0.0,0.0,0.0,0.0,1.0
2018-08-09,0.0,0.0,0.0,0.0,1.0
2018-08-10,0.0,0.0,0.0,0.0,1.0
2018-08-13,0.0,0.0,0.0,0.0,1.0
2018-08-14,0.0,0.0,0.0,0.0,1.0
2018-08-15,0.0,0.0,0.0,0.0,1.0
2018-08-16,0.0,0.0,0.0,0.0,1.0
2018-08-17,0.0,0.0,0.0,0.0,1.0
2018-08-20,0.0,0.0,0.0,0.0,1.0
2018-08-21,0.0,0.0,0.0,0.0,1.0
2018-08-22,0.0,0.0,0.0,0.0,1.0
2018-08-23,0.0,0.0,0.0,0.0,1.0
2018-08-24,0.0,0.0,0.0,0.0,1.0
2018-08-27,0.0,0.0,0.0,0.0,1.0
2018-08-28,0.0,0.0,0.0,0.0,1.0
2018-08-29,0.0,0.0,0.0,0.0,1.0
2018-08-30,0.0,0.0,0.0,0.0,1.0
2018-08-31,0.0,0.0,0.0,0.0,1.0
2018-09-03,0.0,0.0,0.0,0.0,1.0
2018-09-04,0.0,0.0,0.0,0.0,1.0
2018-09-05,0.0,0.0,0.0,0.0,1.0
2018-09-06,0.0,0.0,0.0,0.0,1.0
2018-09-07,0.0,0.0,0.0,0.0,1.0
2018-09-10,0.0,0.0,0.0,0.0,1.0
2018-09-11,0.0,0.0,0.0,0.0,1.0
2018-09-12,0.0,0.0,0.0,0.0,1.0
2018-09-13,0.0,0.0,0.0,0.0,1.0
2018-09-14,0.0,0.0,0.0,0.0,1.0
2018-09-17,0.0,0.0,0.0,0.0,1.0
2018-09-18,0.0,0.0,0.0,0.0,1.0
2018-09-19,0.0,0.0,0.0,0.0,1.0
2018-09-20,0.0,0.0,0.0,0.0,1.0
2018-09-21,0.0,0.0,0.0,0.0,1.0
2018-09-25,0.0,0.0,0.0,0.0,1.0
2018-09-26,0.0,0.0,0.0,0.0,1.0
2018-09-27,0.0,0.0,0.0,0.0,1.0
2018-09-28,0.0,0.0,0.0,0.0,1.0
2018-10-08,0.0,0.0,0.0,0.0,1.0
2018-10-09,0.0,0.0,0.0,0.0,1.0
2018-10-10,0.0,0.0,0.0,0.0,1.0
2018-10-11,0.0,0.0,0.0,0.0,1.0
2018-10-12,0.0,0.0,0.0,0.0,1.0
2018-10-15,0.0,0.0,0.0,0.0,1.0
2018-10-16,0.0,0.0,0.0,0.0,1.0
2018-10-17,0.0,0.0,0.0,0.0,1.0
2018-10-18,0.0,0.0,0.0,0.0,1.0
2018-10-19,0.0,0.0,0.0,0.0,1.0
2018-10-22,0.0,0.0,0.0,0.0,1.0
2018-10-23,0.0,0.0,0.0,0.0,1.0
2018-10-24,0.0,0.0,0.0,0.0,1.0
2018-10-25,0.0,0.0,0.0,0.0,1.0
2018-10-26,0.0,0.0,0.0,0.0,1.0
2018-10-29,0.0,0.0,0.0,0.0,1.0
2018-10-30,0.0,0.0,0.0,0.0,1.0
2018-10-31,0.0,0.0,0.0,0.0,1.0
2018-11-01,0.0,0.0,0.0,0.0,1.0
2018-11-02,0.0,0.0,0.0,0.0,1.0
2018-11-05,0.0,0.0,0.0,0.0,1.0
2018-11-06,0.0,0.0,0.0,0.0,1.0
2018-11-07,0.0,0.0,0.0,0.0,1.0
2018-11-08,0.0,0.0,0.0,0.0,1.0
2018-11-09,0.0,0.0,0.0,0.0,1.0
2018-11-12,0.0,0.0,0.0,0.0,1.0
2018-11-13,0.0,0.0,0.0,0.0,1.0
2018-11-14,0.0,0.0,0.0,0.0,1.0
2018-11-15,0.0,0.0,0.0,0.0,1.0
2018-11-16,0.0,0.0,0.0,0.0,1.0
2018-11-19,0.0,0.0,0.0,0.0,1.0
2018-11-20,0.0,0.0,0.0,0.0,1.0
2018-11-21,0.0,0.0,0.0,0.0,1.0
2018-11-22,0.0,0.0,0.0,0.0,1.0
2018-11-23,0.0,0.0,0.0,0.0,1.0
2018-11-26,0.0,0.0,0.0,0.0,1.0
2018-11-27,0.0,0.0,0.0,0.0,1.0
2018-11-28,0.0,0.0,0.0,0.0,1.0
2018-11-29,0.0,0.0,0.0,0.0,1.0
2018-11-30,0.0,0.0,0.0,0.0,1.0
2018-12-03,0.0,0.0,0.0,0.0,1.0
2018-12-04,0.0,0.0,0.0,0.0,1.0
2018-12-05,0.0,0.0,0.0,0.0,1.0
2018-12-06,0.0,0.0,0.0,0.0,1.0
2018-12-07,0.0,0.0,0.0,0.0,1.0
2018-12-10,0.0,0.0,0.0,0.0,1.0
2018-12-11,0.0,0.0,0.0,0.0,1.0
2018-12-12,0.0,0.0,0.0,0.0,1.0
2018-12-13,0.0,0.0,0.0,0.0,1.0
2018-12-14,0.0,0.0,0.0,0.0,1.0
2018-12-17,0.0,0.0,0.0,0.0,1.0
2018-12-18,0.0,0.0,0.0,0.0,1.0
2018-12-19,0.0,0.0,0.0,0.0,1.0
2018-12-20,0.0,0.0,0.0,0.0,1.0
2018-12-21,0.0,0.0,0.0,0.0,1.0
2018-12-24,0.0,0.0,0.0,0.0,1.0
2018-12-25,0.0,0.0,0.0,0.0,1.0
2018-12-26,0.0,0.0,0.0,0.0,1.0
2018-12-27,0.0,0.0,0.0,0.0,1.0
2018-12-28,0.0,0.0,0.0,0.0,1.0
2019-01-02,0.0,0.0,0.0,0.0,1.0
2019-01-03,0.0,0.0,0.0,0.0,1.0
2019-01-04,0.0,0.0,0.0,0.0,1.0
2019-01-07,0.0,0.0,0.0,0.0,1.0
2019-01-08,0.0,0.0,0.0,0.0,1.0
2019-01-09,0.0,0.0,0.0,0.0,1.0
2019-01-10,0.0,0.0,0.0,0.0,1.0
2019-01-11,0.0,0.0,0.0,0.0,1.0
2019-01-14,0.0,0.0,0.0,0.0,1.0
2019-01-15,0.0,0.0,0.0,0.0,1.0
2019-01-16,0.0,0.0,0.0,0.0,1.0
2019-01-17,0.0,0.0,0.0,0.0,1.0
2019-01-18,0.0,0.0,0.0,0.0,1.0
2019-01-21,0.0,0.0,0.0,0.0,1.0
2019-01-22,0.0,0.0,0.0,0.0,1.0
2019-01-23,0.0,0.0,0.0,0.0,1.0
2019-01-24,0.0,0.0,0.0,0.0,1.0
2019-01-25,0.0,0.0,0.0,0.0,1.0
2019-01-28,0.0,0.0,0.0,0.0,1.0
2019-01-29,0.0,0.0,0.0,0.0,1.0
2019-01-30,0.0,0.0,0.0,0.0,1.0
2019-01-31,0.0,0.0,0.0,0.0,1.0
2019-02-01,0.0,0.0,0.0,0.0,1.0
2019-02-11,0.0,0.0,0.0,0.0,1.0
2019-02-12,0.0,0.0,0.0,0.0,1.0
2019-02-13,0.0,0.0,0.0,0.0,1.0
2019-02-14,0.0,0.0,0.0,0.0,1.0
2019-02-15,0.0,0.0,0.0,0.0,1.0
2019-02-18,0.0,0.0,0.0,0.0,1.0
2019-02-19,0.0,0.0,0.0,0.0,1.0
2019-02-20,0.0,0.0,0.0,0.0,1.0
2019-02-21,0.0,0.0,0.0,0.0,1.0
2019-02-22,0.0,0.0,0.0,0.0,1.0
2019-02-25,0.0,0.0,0.0,0.0,1.0
2019-02-26,0.0,0.0,0.0,0.0,1.0
2019-02-27,0.0,0.0,0.0,0.0,1.0
2019-02-28,0.0,0.0,0.0,0.0,1.0
2019-03-01,0.0,0.0,0.0,0.0,1.0
2019-03-04,0.0,0.0,0.0,0.0,1.0
2019-03-05,0.0,0.0,0.0,0.0,1.0
2019-03-06,0.0,0.0,0.0,0.0,1.0
2019-03-07,0.0,0.0,0.0,0.0,1.0
2019-03-08,0.0,0.0,0.0,0.0,1.0
2019-03-11,0.0,0.0,0.0,0.0,1.0
2019-03-12,0.0,0.0,0.0,0.0,1.0
2019-03-13,0.0,0.0,0.0,0.0,1.0
2019-03-14,0.0,0.0,0.0,0.0,1.0
2019-03-15,0.0,0.0,0.0,0.0,1.0
2019-03-18,0.0,0.0,0.0,0.0,1.0
2019-03-19,0.0,0.0,0.0,0.0,1.0
2019-03-20,0.0,0.0,0.0,0.0,1.0
2019-03-21,0.0,0.0,0.0,0.0,1.0
2019-03-22,0.0,0.0,0.0,0.0,1.0
2019-03-25,0.0,0.0,0.0,0.0,1.0
2019-03-26,0.0,0.0,0.0,0.0,1.0
2019-03-27,0.0,0.0,0.0,0.0,1.0
2019-03-28,0.0,0.0,0.0,0.0,1.0
2019-03-29,0.0,0.0,0.0,0.0,1.0
2019-04-01,0.0,0.0,0.0,0.0,1.0
2019-04-02,0.0,0.0,0.0,0.0,1.0
2019-04-03,0.0,0.0,0.0,0.0,1.0
2019-04-04,0.0,0.0,0.0,0.0,1.0
2019-04-08,0.0,0.0,0.0,0.0,1.0
2019-04-09,0.0,0.0,0.0,0.0,1.0
2019-04-10,0.0,0.0,0.0,0.0,1.0
2019-04-11,0.0,0.0,0.0,0.0,1.0
2019-04-12,0.0,0.0,0.0,0.0,1.0
2019-04-15,0.0,0.0,0.0,0.0,1.0
2019-04-16,0.0,0.0,0.0,0.0,1.0
2019-04-17,0.0,0.0,0.0,0.0,1.0
2019-04-18,0.0,0.0,0.0,0.0,1.0
2019-04-19,0.0,0.0,0.0,0.0,1.0
2019-04-22,0.0,0.0,0.0,0.0,1.0
2019-04-23,0.0,0.0,0.0,0.0,1.0
2019-04-24,0.0,0.0,0.0,0.0,1.0
2019-04-25,0.0,0.0,0.0,0.0,1.0
2019-04-26,0.0,0.0,0.0,0.0,1.0
2019-04-29,0.0,0.0,0.0,0.0,1.0
2019-04-30,0.0,0.0,0.0,0.0,1.0
2019-05-06,0.0,0.0,0.0,0.0,1.0
2019-05-07,0.0,0.0,0.0,0.0,1.0
2019-05-08,0.0,0.0,0.0,0.0,1.0
2019-05-09,0.0,0.0,0.0,0.0,1.0
2019-05-10,0.0,0.0,0.0,0.0,1.0
2019-05-13,0.0,0.0,0.0,0.0,1.0
2019-05-14,0.0,0.0,0.0,0.0,1.0
2019-05-15,0.0,0.0,0.0,0.0,1.0
2019-05-16,0.0,0.0,0.0,0.0,1.0
2019-05-17,0.0,0.0,0.0,0.0,1.0
2019-05-20,0.0,0.0,0.0,0.0,1.0
2019-05-21,0.0,0.0,0.0,0.0,1.0
2019-05-22,0.0,0.0,0.0,0.0,1.0
2019-05-23,0.0,0.0,0.0,0.0,1.0
2019-05-24,0.0,0.0,0.0,0.0,1.0
2019-05-27,0.0,0.0,0.0,0.0,1.0
2019-05-28,0.0,0.0,0.0,0.0,1.0
2019-05-29,0.0,0.0,0.0,0.0,1.0
2019-05-30,0.0,0.0,0.0,0.0,1.0
2019-05-31,0.0,0.0,0.0,0.0,1.0
2019-06-03,0.0,0.0,0.0,0.0,1.0
2019-06-04,0.0,0.0,0.0,0.0,1.0
2019-06-05,0.0,0.0,0.0,0.0,1.0
2019-06-06,0.0,0.0,0.0,0.0,1.0
2019-06-10,0.0,0.0,0.0,0.0,1.0
2019-06-11,0.0,0.0,0.0,0.0,1.0
2019-06-12,0.0,0.0,0.0,0.0,1.0
2019-06-13,0.0,0.0,0.0,0.0,1.0
2019-06-14,0.0,0.0,0.0,0.0,1.0
2019-06-17,0.0,0.0,0.0,0.0,1.0
2019-06-18,0.0,0.0,0.0,0.0,1.0
2019-06-19,0.0,0.0,0.0,0.0,1.0
2019-06-20,0.0,0.0,0.0,0.0,1.0
2019-06-21,0.0,0.0,0.0,0.0,1.0
2019-06-24,0.0,0.0,0.0,0.0,1.0
2019-06-25,0.0,0.0,0.0,0.0,1.0
2019-06-26,0.0,0.0,0.0,0.0,1.0
2019-06-27,0.0,0.0,0.0,0.0,1.0
2019-06-28,0.0,0.0,0.0,0.0,1.0
2019-07-01,0.0,0.0,0.0,0.0,1.0
2019-07-02,0.0,0.0,0.0,0.0,1.0
2019-07-03,0.0,0.0,0.0,0.0,1.0
2019-07-04,0.0,0.0,0.0,0.0,1.0
2019-07-05,0.0,0.0,0.0,0.0,1.0
2019-07-08,0.0,0.0,0.0,0.0,1.0
2019-07-09,0.0,0.0,0.0,0.0,1.0
2019-07-10,0.0,0.0,0.0,0.0,1.0
2019-07-11,0.0,0.0,0.0,0.0,1.0
2019-07-12,0.0,0.0,0.0,0.0,1.0
2019-07-15,0.0,0.0,0.0,0.0,1.0
2019-07-16,0.0,0.0,0.0,0.0,1.0
2019-07-17,0.0,0.0,0.0,0.0,1.0
2019-07-18,0.0,0.0,0.0,0.0,1.0
2019-07-19,0.0,0.0,0.0,0.0,1.0
2019-07-22,0.0,0.0,0.0,0.0,1.0
2019-07-23,0.0,0.0,0.0,0.0,1.0
2019-07-24,0.0,0.0,0.0,0.0,1.0
2019-07-25,0.0,0.0,0.0,0.0,1.0
2019-07-26,0.0,0.0,0.0,0.0,1.0
2019-07-29,0.0,0.0,0.0,0.0,1.0
2019-07-30,0.0,0.0,0.0,0.0,1.0
2019-07-31,0.0,0.0,0.0,0.0,1.0
2019-08-01,0.0,0.0,0.0,0.0,1.0
2019-08-02,0.0,0.0,0.0,0.0,1.0
2019-08-05,0.0,0.0,0.0,0.0,1.0
2019-08-06,0.0,0.0,0.0,0.0,1.0
2019-08-07,0.0,0.0,0.0,0.0,1.0
2019-08-08,0.0,0.0,0.0,0.0,1.0
2019-08-09,0.0,0.0,0.0,0.0,1.0
2019-08-12,0.0,0.0,0.0,0.0,1.0
2019-08-13,0.0,0.0,0.0,0.0,1.0
2019-08-14,0.0,0.0,0.0,0.0,1.0
2019-08-15,0.0,0.0,0.0,0.0,1.0
2019-08-16,0.0,0.0,0.0,0.0,1.0
2019-08-19,0.0,0.0,0.0,0.0,1.0
2019-08-20,0.0,0.0,0.0,0.0,1.0
2019-08-21,0.0,0.0,0.0,0.0,1.0
2019-08-22,0.0,0.0,0.0,0.0,1.0
2019-08-23,0.0,0.0,0.0,0.0,1.0
2019-08-26,0.0,0.0,0.0,0.0,1.0
2019-08-27,0.0,0.0,0.0,0.0,1.0
2019-08-28,0.0,0.0,0.0,0.0,1.0
2019-08-29,0.0,0.0,0.0,0.0,1.0
2019-08-30,0.0,0.0,0.0,0.0,1.0
2019-09-02,0.0,0.0,0.0,0.0,1.0
2019-09-03,0.0,0.0,0.0,0.0,1.0
2019-09-04,0.0,0.0,0.0,0.0,1.0
2019-09-05,0.0,0.0,0.0,0.0,1.0
2019-09-06,0.0,0.0,0.0,0.0,1.0
2019-09-09,0.0,0.0,0.0,0.0,1.0
2019-09-10,0.0,0.0,0.0,0.0,1.0
2019-09-11,0.0,0.0,0.0,0.0,1.0
2019-09-12,0.0,0.0,0.0,0.0,1.0
2019-09-16,0.0,0.0,0.0,0.0,1.0
2019-09-17,0.0,0.0,0.0,0.0,1.0
2019-09-18,0.0,0.0,0.0,0.0,1.0
2019-09-19,0.0,0.0,0.0,0.0,1.0
2019-09-20,0.0,0.0,0.0,0.0,1.0
2019-09-23,0.0,0.0,0.0,0.0,1.0
2019-09-24,0.0,0.0,0.0,0.0,1.0
2019-09-25,0.0,0.0,0.0,0.0,1.0
2019-09-26,0.0,0.0,0.0,0.0,1.0
2019-09-27,0.0,0.0,0.0,0.0,1.0
2019-09-30,0.0,0.0,0.0,0.0,1.0
2019-10-08,0.0,0.0,0.0,0.0,1.0
2019-10-09,0.0,0.0,0.0,0.0,1.0
2019-10-10,0.0,0.0,0.0,0.0,1.0
2019-10-11,0.0,0.0,0.0,0.0,1.0
2019-10-14,0.0,0.0,0.0,0.0,1.0
2019-10-15,0.0,0.0,0.0,0.0,1.0
2019-10-16,0.0,0.0,0.0,0.0,1.0
2019-10-17,0.0,0.0,0.0,0.0,1.0
2019-10-18,0.0,0.0,0.0,0.0,1.0
2019-10-21,0.0,0.0,0.0,0.0,1.0
2019-10-22,0.0,0.0,0.0,0.0,1.0
2019-10-23,0.0,0.0,0.0,0.0,1.0
2019-10-24,0.0,0.0,0.0,0.0,1.0
2019-10-25,0.0,0.0,0.0,0.0,1.0
2019-10-28,0.0,0.0,0.0,0.0,1.0
2019-10-29,0.0,0.0,0.0,0.0,1.0
2019-10-30,0.0,0.0,0.0,0.0,1.0
2019-10-31,0.0,0.0,0.0,0.0,1.0
2019-11-01,0.0,0.0,0.0,0.0,1.0
2019-11-04,0.0,0.0,0.0,0.0,1.0
2019-11-05,0.0,0.0,0.0,0.0,1.0
2019-11-06,0.0,0.0,0.0,0.0,1.0
2019-11-07,0.0,0.0,0.0,0.0,1.0
2019-11-08,0.0,0.0,0.0,0.0,1.0
2019-11-11,0.0,0.0,0.0,0.0,1.0
2019-11-12,0.0,0.0,0.0,0.0,1.0
2019-11-13,0.0,0.0,0.0,0.0,1.0
2019-11-14,0.0,0.0,0.0,0.0,1.0
2019-11-15,0.0,0.0,0.0,0.0,1.0
2019-11-18,0.0,0.0,0.0,0.0,1.0
2019-11-19,0.0,0.0,0.0,0.0,1.0
2019-11-20,0.0,0.0,0.0,0.0,1.0
2019-11-21,0.0,0.0,0.0,0.0,1.0
2019-11-22,0.0,0.0,0.0,0.0,1.0
2019-11-25,0.0,0.0,0.0,0.0,1.0
2019-11-26,0.0,0.0,0.0,0.0,1.0
2019-11-27,0.0,0.0,0.0,0.0,1.0
2019-11-28,0.0,0.0,0.0,0.0,1.0
2019-11-29,0.0,0.0,0.0,0.0,1.0
2019-12-02,0.0,0.0,0.0,0.0,1.0
2019-12-03,0.0,0.0,0.0,0.0,1.0
2019-12-04,0.0,0.0,0.0,0.0,1.0
2019-12-05,0.0,0.0,0.0,0.0,1.0
2019-12-06,0.0,0.0,0.0,0.0,1.0
2019-12-09,0.0,0.0,0.0,0.0,1.0
2019-12-10,0.0,0.0,0.0,0.0,1.0
2019-12-11,0.0,0.0,0.0,0.0,1.0
2019-12-12,0.0,0.0,0.0,0.0,1.0
2019-12-13,0.0,0.0,0.0,0.0,1.0
2019-12-16,0.0,0.0,0.0,0.0,1.0
2019-12-17,0.0,0.0,0.0,0.0,1.0
2019-12-18,0.0,0.0,0.0,0.0,1.0
2019-12-19,0.0,0.0,0.0,0.0,1.0
2019-12-20,0.0,0.0,0.0,0.0,1.0
2019-12-23,0.0,0.0,0.0,0.0,1.0
2019-12-24,0.0,0.0,0.0,0.0,1.0
2019-12-25,0.0,0.0,0.0,0.0,1.0
2019-12-26,0.0,0.0,0.0,0.0,1.0
2019-12-27,0.0,0.0,0.0,0.0,1.0
2019-12-30,0.0,0.0,0.0,0.0,1.0
2019-12-31,0.0,0.0,0.0,0.0,1.0
2020-01-02,0.0,0.0,0.0,0.0,1.0
2020-01-03,0.0,0.0,0.0,0.0,1.0
2020-01-06,0.0,0.0,0.0,0.0,1.0
2020-01-07,0.0,0.0,0.0,0.0,1.0
2020-01-08,0.0,0.0,0.0,0.0,1.0
2020-01-09,0.0,0.0,0.0,0.0,1.0
2020-01-10,0.0,0.0,0.0,0.0,1.0
2020-01-13,0.0,0.0,0.0,0.0,1.0
2020-01-14,0.0,0.0,0.0,0.0,1.0
2020-01-15,0.0,0.0,0.0,0.0,1.0
2020-01-16,0.0,0.0,0.0,0.0,1.0
2020-01-17,0.0,0.0,0.0,0.0,1.0
2020-01-20,0.0,0.0,0.0,0.0,1.0
2020-01-21,0.0,0.0,0.0,0.0,1.0
2020-01-22,0.0,0.0,0.0,0.0,1.0
2020-01-23,0.0,0.0,0.0,0.0,1.0
2020-02-03,0.0,0.0,0.0,0.0,1.0
2020-02-04,0.0,0.0,0.0,0.0,1.0
2020-02-05,0.0,0.0,0.0,0.0,1.0
2020-02-06,0.0,0.0,0.0,0.0,1.0
2020-02-07,0.0,0.0,0.0,0.0,1.0
2020-02-10,0.0,0.0,0.0,0.0,1.0
2020-02-11,0.0,0.0,0.0,0.0,1.0
2020-02-12,0.0,0.0,0.0,0.0,1.0
2020-02-13,0.0,0.0,0.0,0.0,1.0
2020-02-14,0.0,0.0,0.0,0.0,1.0
2020-02-17,0.0,0.0,0.0,0.0,1.0
2020-02-18,0.0,0.0,0.0,0.0,1.0
2020-02-19,0.0,0.0,0.0,0.0,1.0
2020-02-20,0.0,0.0,0.0,0.0,1.0
2020-02-21,0.0,0.0,0.0,0.0,1.0
2020-02-24,0.0,0.0,0.0,0.0,1.0
2020-02-25,0.0,0.0,0.0,0.0,1.0
2020-02-26,0.0,0.0,0.0,0.0,1.0
2020-02-27,0.0,0.0,0.0,0.0,1.0
2020-02-28,0.0,0.0,0.0,0.0,1.0
2020-03-02,0.0,0.0,0.0,0.0,1.0
2020-03-03,0.0,0.0,0.0,0.0,1.0
2020-03-04,0.0,0.0,0.0,0.0,1.0
2020-03-05,0.0,0.0,0.0,0.0,1.0
2020-03-06,0.0,0.0,0.0,0.0,1.0
2020-03-09,0.0,0.0,0.0,0.0,1.0
2020-03-10,0.0,0.0,0.0,0.0,1.0
2020-03-11,0.0,0.0,0.0,0.0,1.0
2020-03-12,0.0,0.0,0.0,0.0,1.0
2020-03-13,0.0,0.0,0.0,0.0,1.0
2020-03-16,0.0,0.0,0.0,0.0,1.0
2020-03-17,0.0,0.0,0.0,0.0,1.0
2020-03-18,0.0,0.0,0.0,0.0,1.0
2020-03-19,0.0,0.0,0.0,0.0,1.0
2020-03-20,0.0,0.0,0.0,0.0,1.0
2020-03-23,0.0,0.0,0.0,0.0,1.0
2020-03-24,0.0,0.0,0.0,0.0,1.0
2020-03-25,0.0,0.0,0.0,0.0,1.0
2020-03-26,0.0,0.0,0.0,0.0,1.0
2020-03-27,0.0,0.0,0.0,0.0,1.0
2020-03-30,0.0,0.0,0.0,0.0,1.0
2020-03-31,0.0,0.0,0.0,0.0,1.0
2020-04-01,0.0,0.0,0.0,0.0,1.0
2020-04-02,0.0,0.0,0.0,0.0,1.0
2020-04-03,0.0,0.0,0.0,0.0,1.0
2020-04-07,0.0,0.0,0.0,0.0,1.0
2020-04-08,0.0,0.0,0.0,0.0,1.0
2020-04-09,0.0,0.0,0.0,0.0,1.0
2020-04-10,0.0,0.0,0.0,0.0,1.0
2020-04-13,0.0,0.0,0.0,0.0,1.0
2020-04-14,0.0,0.0,0.0,0.0,1.0
2020-04-15,0.0,0.0,0.0,0.0,1.0
2020-04-16,0.0,0.0,0.0,0.0,1.0
2020-04-17,0.0,0.0,0.0,0.0,1.0
2020-04-20,0.0,0.0,0.0,0.0,1.0
2020-04-21,0.0,0.0,0.0,0.0,1.0
2020-04-22,0.0,0.0,0.0,0.0,1.0
2020-04-23,0.0,0.0,0.0,0.0,1.0
2020-04-24,0.0,0.0,0.0,0.0,1.0
2020-04-27,0.0,0.0,0.0,0.0,1.0
2020-04-28,0.0,0.0,0.0,0.0,1.0
2020-04-29,0.0,0.0,0.0,0.0,1.0
2020-04-30,0.0,0.0,0.0,0.0,1.0
2020-05-06,0.0,0.0,0.0,0.0,1.0
2020-05-07,0.0,0.0,0.0,0.0,1.0
2020-05-08,0.0,0.0,0.0,0.0,1.0
2020-05-11,0.0,0.0,0.0,0.0,1.0
2020-05-12,0.0,0.0,0.0,0.0,1.0
2020-05-13,0.0,0.0,0.0,0.0,1.0
2020-05-14,0.0,0.0,0.0,0.0,1.0
2020-05-15,0.0,0.0,0.0,0.0,1.0
2020-05-18,0.0,0.0,0.0,0.0,1.0
2020-05-19,0.0,0.0,0.0,0.0,1.0
2020-05-20,0.0,0.0,0.0,0.0,1.0
2020-05-21,0.0,0.0,0.0,0.0,1.0
2020-05-22,0.0,0.0,0.0,0.0,1.0
2020-05-25,0.0,0.0,0.0,0.0,1.0
2020-05-26,0.0,0.0,0.0,0.0,1.0
2020-05-27,0.0,0.0,0.0,0.0,1.0
2020-05-28,0.0,0.0,0.0,0.0,1.0
2020-05-29,0.0,0.0,0.0,0.0,1.0
2020-06-01,0.0,0.0,0.0,0.0,1.0
2020-06-02,0.0,0.0,0.0,0.0,1.0
2020-06-03,0.0,0.0,0.0,0.0,1.0
2020-06-04,0.0,0.0,0.0,0.0,1.0
2020-06-05,0.0,0.0,0.0,0.0,1.0
2020-06-08,0.0,0.0,0.0,0.0,1.0
2020-06-09,0.0,0.0,0.0,0.0,1.0
2020-06-10,0.0,0.0,0.0,0.0,1.0
2020-06-11,0.0,0.0,0.0,0.0,1.0
2020-06-12,0.0,0.0,0.0,0.0,1.0
2020-06-15,0.0,0.0,0.0,0.0,1.0
2020-06-16,0.0,0.0,0.0,0.0,1.0
2020-06-17,0.0,0.0,0.0,0.0,1.0
2020-06-18,0.0,0.0,0.0,0.0,1.0
2020-06-19,0.0,0.0,0.0,0.0,1.0
2020-06-22,0.0,0.0,0.0,0.0,1.0
2020-06-23,0.0,0.0,0.0,0.0,1.0
2020-06-24,0.0,0.0,0.0,0.0,1.0
2020-06-29,0.0,0.0,0.0,0.0,1.0
2020-06-30,0.0,0.0,0.0,0.0,1.0
2020-07-01,0.0,0.0,0.0,0.0,1.0
2020-07-02,0.0003359593751014905,1.0,0.0015,-0.0011640406248985095,0.9988359593751015
2020-07-03,0.004035267705772856,0.0,0.0,0.004035267705772856,1.0028665298653325
2020-07-06,0.00910585433215557,0.2338741862779367,0.00035081127941690506,0.008755043052738665,1.011646669510454
2020-07-07,0.009535655697247559,0.0,0.0,0.009535655697247559,1.0212933838381728
2020-07-08,0.01207194237633172,0.0,0.0,0.01207194237633172,1.033622378717196
2020-07-09,0.016536582298014753,0.0,0.0,0.016536582298014753,1.0507149602479229
2020-07-10,0.0017876422865747553,0.0,0.0,0.0017876422865747553,1.0525932627419987
2020-07-13,0.025014100333093855,0.5803455745733769,0.0008705183618600654,0.02414358197123379,1.0780066344633787
2020-07-14,-0.009832845529761366,0.0,0.0,-0.009832845529761366,1.0674067617466425
2020-07-15,-0.0048009661199097265,0.0,0.0,-0.0048009661199097265,1.0622821780473344
2020-07-16,-0.030663356803621884,0.0,0.0,-0.030663356803621884,1.0297090405957403
2020-07-17,0.006877731610967566,0.0,0.0,0.006877731610967566,1.0367911030143449
2020-07-20,0.003964855311627592,0.9261105993986147,0.001389165899097922,0.0025756894125296705,1.039461554881384
2020-07-21,0.007871516269534364,0.0,0.0,0.007871516269534364,1.0476436934221882
2020-07-22,0.011915749405479622,0.0,0.0,0.011915749405479622,1.060127153139238
2020-07-23,0.0062862365227584005,0.0,0.0,0.0062862365227584005,1.0667913631680699
2020-07-24,-0.009037983951912193,0.0,0.0,-0.009037983951912193,1.0571497199477182
2020-07-27,0.010569227948806648,0.030903115109793697,4.635467266469055e-05,0.010522873276141959,1.068273972484637
2020-07-28,0.00121969961976109,0.0,0.0,0.00121969961976109,1.0695769458426772
2020-07-29,0.008501148672866294,0.0,0.0,0.008501148672866294,1.078669578476356
2020-07-30,-0.00447380793461633,0.0,0.0,-0.00447380793461633,1.0738438179573393
2020-07-31,0.008160878284877066,0.0,0.0,0.008160878284877066,1.0826073266526568
2020-08-03,0.002326329504060148,0.6069339488546611,0.0009104009232819918,0.0014159285807781564,1.0841402213082243
2020-08-04,-0.0014681745723372295,0.0,0.0,-0.0014681745723372295,1.0825485142024514
2020-08-05,0.012931810283199566,0.0,0.0,0.012931810283199566,1.096547826210477
2020-08-06,-0.00129233804948271,0.0,0.0,-0.00129233804948271,1.0951307157315877
2020-08-07,-0.001626597896484835,0.0,0.0,-0.001626597896484835,1.0933493784130028
2020-08-10,-0.004503261279817363,0.4111470080021513,0.000616720512003227,-0.005119981791820589,1.08775144950343
2020-08-11,-0.011191081783605339,0.0,0.0,-0.011191081783605339,1.0755783340718017
2020-08-12,-0.02958503856842184,0.0,0.0,-0.02958503856842184,1.0437573075749285
2020-08-13,0.00267715659598261,0.09493951731547126,0.0001424092759732069,0.002534747320009403,1.0464029686130443
2020-08-14,0.0060945309091704055,0.0003974660394522461,5.961990591783692e-07,0.006093934710111227,1.0527796799842388
2020-08-17,0.010999379183145756,0.9808357620733201,0.00147125364310998,0.009528125540035775,1.0628106969411273
2020-08-18,-0.0002002232649117731,0.012953234635174074,1.9429851952761112e-05,-0.0002196531168645342,1.0625772472589072
2020-08-19,-0.008702696040029234,6.177151009599535e-05,9.265726514399302e-08,-0.008702788697294378,1.0533298620014602
2020-08-20,-0.007724769779756013,0.01201222074177176,1.8018331112657637e-05,-0.007742788110868671,1.0451741520691322
2020-08-21,0.008263670037473615,0.009303779626758546,1.395566944013782e-05,0.008249714368033477,1.0537965402885543
2020-08-24,0.008971027020418826,0.7078199563525357,0.0010617299345288035,0.007909297085890022,1.0621313301937796
2020-08-25,0.009810297525519623,0.00791020970407938,1.186531455611907e-05,0.009798432210963505,1.0725385520318238
2020-08-26,-0.007138381042652867,0.009215055325160093,1.3822582987740139e-05,-0.007152203625640607,1.0648675379113424
2020-08-27,0.008419277901878066,0.008272324976443285,1.2408487464664927e-05,0.008406869414413402,1.073819740246211
2020-08-28,0.012200896272743185,0.00633206984560282,9.49810476840423e-06,0.01219139816797478,1.086911104260184
2020-08-31,0.0011032789159495173,0.6203338343748126,0.0009305007515622188,0.00017277816438729843,1.0870988987656303
2020-09-01,0.0036321062361087727,0.00022235931403968845,3.335389710595327e-07,0.003631772697137713,1.091046994865256
2020-09-02,0.009281130574857577,0.0003421724638375395,5.132586957563093e-07,0.00928061731616182,1.101172584498549
2020-09-03,0.0086144893449552,0.006875905409704244,1.0313858114556366e-05,0.008604175486840643,1.1106472666568723
2020-09-04,-0.02130540785440208,0.005387864483417992,8.081796725126988e-06,-0.021313489651127206,1.0869754976329282
2020-09-07,-0.01222479143871582,0.7100021726272737,0.0010650032589409105,-0.01328979469765673,1.0725298164280035
2020-09-08,-3.1987273110415824e-05,0.018973796718413358,2.8460695077620036e-05,-6.044796818803586e-05,1.0724649841797793
2020-09-09,-0.014721774868383252,7.334722057383836e-06,1.1002083086075754e-08,-0.014721785870466339,1.0566763843291116
2020-09-10,-0.002696494554008364,0.024963554587820083,3.7445331881730124e-05,-0.0027339398858900943,1.0537874946155161
2020-09-11,0.007086865020546473,0.0011764092187631359,1.7646138281447037e-06,0.007085100406718328,1.0612536848222112
2020-09-14,0.002584086019612801,0.5650662991011408,0.0008475994486517113,0.0017364865709610898,1.0630965375942878
2020-09-15,0.0031745360317372113,0.0002294014063287525,3.4410210949312876e-07,0.0031741919296277184,1.0664710100443349
2020-09-16,-0.003604120499716523,0.0004438600390503922,6.657900585755883e-07,-0.0036047862897750985,1.0626266099688844
2020-09-17,-0.003533333328692924,0.0020074071310407643,3.0111106965611463e-06,-0.003536344439389485,1.0588687962655736
2020-09-18,0.01007406142333471,0.0018921807816954933,2.83827117254324e-06,0.010071223152162167,1.0695329002016256
2020-09-21,-0.0035280263485897995,0.3949393694646146,0.0005924090541969219,-0.004120435402786721,1.0651259589751896
2020-09-22,-0.004744873985380886,0.0019268247363606328,2.8902371045409493e-06,-0.0047477642224854275,1.0600689920547266
2020-09-23,-2.4587992224162574e-05,0.003089441059585543,4.6341615893783145e-06,-2.922215381354089e-05,1.0600380145555879
2020-09-24,-0.007493739790938633,4.141497532708649e-06,6.2122462990629735e-09,-0.007493746003184932,1.0520943589207878
2020-09-25,0.0002431110399386198,0.006730099149466387,1.009514872419958e-05,0.00023301589121442023,1.0523395136254736
2020-09-28,-0.001471326694346894,0.6559387643638518,0.0009839081465457778,-0.002455234840892672,1.0497557729871723
2020-09-29,0.00347292977277367,0.002658602798196824,3.987904197295236e-06,0.003468941868576375,1.0533973147398672
2020-09-30,4.3955574406273124e-05,0.00266647998301775,3.999719974526625e-06,3.99558544317465e-05,1.0534394041296338
2020-10-09,0.012524223170614747,0.3003079212570475,0.0004504618818855713,0.012073761288729177,1.066158380027236
2020-10-12,0.013763823781924906,0.3466215013140867,0.00051993225197113,0.013243891529953776,1.080278465966068
2020-10-13,0.0017758363845749544,0.01714417292021464,2.5716259380321958e-05,0.0017501201251946324,1.0821690830501696
2020-10-14,-0.001407175555216822,0.027209957432691112,4.0814936149036666e-05,-0.0014479904913658587,1.0806021125078629
2020-10-15,-0.003766749974254708,0.004996447296531467,7.4946709447972e-06,-0.0037742446451995053,1.0765236557711388
2020-10-16,-0.002273469339833538,0.00034627935124047216,5.194190268607082e-07,-0.0022739887588603984,1.074075653079268
2020-10-19,0.0008718862358931005,0.615541217083263,0.0009233118256248945,-5.1425589731794014e-05,1.0740204181053916
2020-10-20,0.002221040441488438,0.0021797914767366366,3.269687215104955e-06,0.002217770754273333,1.0764023491781582
2020-10-21,0.0002251778065244221,0.00032384106362905174,4.857615954435776e-07,0.00022469204492897853,1.0766442082231613
2020-10-22,-0.003398745450479016,0.0031086179112507356,4.662926866876104e-06,-0.003403408377345892,1.0729799483054736
2020-10-23,-0.005299909064838168,0.00649338444533018,9.74007666799527e-06,-0.005309649141506163,1.0672828012441002
2020-10-26,-0.004890560225139184,0.3411035510344359,0.0005116553265516538,-0.005402215551690837,1.0615171094971672
2020-10-27,0.0007224080320091567,0.0027760695817949793,4.164104372692469e-06,0.0007182439276364643,1.0622795377151457
2020-10-28,0.004118139608782317,0.00708661795646251,1.0629926934693765e-05,0.004107509681847623,1.0666428612011394
2020-10-29,0.006298390553877355,0.0017062541186515512,2.5593811779773268e-06,0.006295831172699377,1.0733582645768267
2020-10-30,-0.01036036032163294,0.00034724044583089864,5.20860668746348e-07,-0.010360881182301687,1.0622373271315046
2020-11-02,0.005034865308770084,0.07333342406760571,0.00011000013610140855,0.004924865172668675,1.0674687027490033
2020-11-03,0.008762703926246718,0.0014521641375943861,2.1782462063915794e-06,0.008760525680040326,1.076820289732075
2020-11-04,0.010519118169578477,0.00799191194315195,1.1987867914727924e-05,0.01050713030166375,1.0881345808277654
2020-11-05,0.006644251756560609,0.011249024784897324,1.6873537177345987e-05,0.006627378219383263,1.095346060248501
2020-11-06,-0.004605375333690252,0.005082030003642268,7.623045005463403e-06,-0.0046129983786957155,1.090293230648464
2020-11-09,0.008894655564401572,0.28169584588858754,0.0004225437688328813,0.00847211179556869,1.0995303167884696
2020-11-10,-0.00045802350121481347,0.007688924515499088,1.1533386773248631e-05,-0.0004695568879880621,1.0990140247546698
2020-11-11,-0.0049052395196157025,0.0014581498658683273,2.187224798802491e-06,-0.004907426744414505,1.0936206939371023
2020-11-12,0.003489091798327823,0.005242620793994096,7.863931190991145e-06,0.003481227867136832,1.0974278367729136
2020-11-13,-0.00748743858224914,0.06329768436879445,9.494652655319167e-05,-0.007582385108802332,1.0891067162853814
2020-11-16,0.007802546709919377,0.03213826867702514,4.820740301553771e-05,0.00775433930690384,1.0975520193048862
2020-11-17,-0.0010720724595264797,0.0032588399828033104,4.888259974204966e-06,-0.0010769607195006846,1.0963699988924862
2020-11-18,-0.0027582811338109,0.009063752183805063,1.3595628275707594e-05,-0.0027718767620866073,1.0933309963699072
2020-11-19,0.00606319881277593,0.0013322036797799308,1.998305519669896e-06,0.00606120050725626,1.0999578947597033
2020-11-20,0.002514980524511405,0.005688880057713716,8.533320086570574e-06,0.002506447204424834,1.102714881150009
2020-11-23,0.0051253356029903,0.021424663924513226,3.213699588676984e-05,0.00509319860710353,1.1083312270467145
2020-11-24,-0.0030254482814840314,0.0034807877159189343,5.221181573878401e-06,-0.00303066946305791,1.1049722414419505
2020-11-25,-0.010101794430002769,0.005133438212002878,7.700157318004317e-06,-0.010109494587320772,1.0938015305479534
2020-11-26,-6.387906964979795e-05,0.004767474019982801,7.151211029974201e-06,-7.103028067977215e-05,1.0937238375182305
2020-11-27,0.006301193572868675,0.006938967938411214,1.0408451907616821e-05,0.006290785120961058,1.1006042191617307
2020-11-30,-0.005348211226103633,0.32483592202278533,0.000487253883034178,-0.0058354651091378105,1.0941816816418426
2020-12-01,0.009498062023236525,0.013140271421593852,1.9710407132390778e-05,0.009478351616104134,1.104552720352344
2020-12-02,0.002199573346151821,0.010090234462505815,1.5135351693758722e-05,0.0021844379944580623,1.1069655472815636
2020-12-03,-0.000543035350308053,0.0009395097707583788,1.4092646561375682e-06,-0.0005444446149641906,1.1063628658503952
2020-12-04,0.0035905838823862154,0.010452067560198786,1.5678101340298178e-05,0.0035749057810459174,1.1103180088554583
2020-12-07,-0.004008109542242156,0.02689654238100024,4.034481357150036e-05,-0.004048454355813656,1.105822937076169
2020-12-08,-6.587824346462531e-05,0.07300012164787573,0.00010950018247181358,-0.0001753784259364389,1.1056289995901
2020-12-09,-0.008265234628116808,0.03641938216474053,5.462907324711079e-05,-0.008319863701363919,1.096430317009235
2020-12-10,-0.0004778861625404021,0.0113287212981949,1.6993081947292347e-05,-0.0004948792444876945,1.0958877164023202
2020-12-11,-0.004768039224821842,0.04895265967610066,7.342898951415099e-05,-0.004841468214335992,1.0905820108568771
2020-12-14,0.009499298905656548,0.4165064023013797,0.0006247596034520696,0.008874539302204477,1.1002604237745037
2020-12-15,0.0009595584155806263,0.0,0.0,0.0009595584155806263,1.1013161879234667
2020-12-16,0.003677956616957543,0.0,0.0,0.003677956616957543,1.1053667810842023
2020-12-17,0.008106043038829997,0.0,0.0,0.008106043038829997,1.114326931785364
2020-12-18,-0.0017388787953260285,0.0,0.0,-0.0017388787953260285,1.1123892523126215
2020-12-21,0.013727777923020589,0.8003603610991826,0.001200540541648774,0.012527237381371814,1.1263244165368285
2020-12-22,-0.0069917557959462435,0.0,0.0,-0.0069917557959462435,1.1184494312693913
2020-12-23,0.004145363232189468,0.0,0.0,0.004145363232189468,1.1230858104188388
2020-12-24,-0.003717919367230199,0.0,0.0,-0.003717919367230199,1.1189102679332212
2020-12-25,0.0038177471604185715,0.0,0.0,0.0038177471604185715,1.1231819844313866
2020-12-28,0.011146115920951095,0.42415190160343974,0.0006362278524051595,0.010509888068545935,1.1349865013683678
2020-12-29,-0.0065121658202011885,0.0,0.0,-0.0065121658202011885,1.127595281067767
2020-12-30,0.013322088678493871,0.0,0.0,0.013322088678493871,1.142617205395603
2020-12-31,0.015567488794321831,0.0,0.0,0.015567488794321831,1.1604048859367984
2021-01-04,0.017815624839509832,0.026072191556818794,3.9108287335228194e-05,0.017776516552174604,1.181032842598878
2021-01-05,0.02122835435943006,0.0005192130088312874,7.788195132469311e-07,0.021227575539916815,1.2061033064802684
2021-01-06,0.005470930009329638,0.007609093288938204,1.1413639933407306e-05,0.005459516369396231,1.2126880472251804
2021-01-07,0.013434782777583096,0.0016351116744024036,2.4526675116036052e-06,0.013432330110071493,1.228977273396047
2021-01-08,-0.009061657237806865,0.015272542746675208,2.290881412001281e-05,-0.009084566051926878,1.2178125481795636
2021-01-11,-0.010911002071778418,0.45529208637456964,0.0006829381295618544,-0.011593940201340271,1.203693302319528
2021-01-12,0.017447852527264232,0.0194374032155801,2.9156104823370155e-05,0.01741869642244086,1.224660070538357
2021-01-13,-0.0033246984503173416,0.030322998384413408,4.548449757662011e-05,-0.003370182947893962,1.220532742051662
2021-01-14,-0.014798345279351947,0.003973008200979594,5.959512301469391e-06,-0.014804304791653417,1.2024636033301368
2021-01-15,-0.003659132244180641,0.03476014744011843,5.214022116017765e-05,-0.0037112724653408187,1.198000933268523
2021-01-18,0.006491380910358113,0.30274382639831565,0.0004541157395974735,0.00603726517076064,1.2052335825774838
2021-01-19,-0.01056707719174367,0.005231347696147859,7.847021544221788e-06,-0.010574924213287892,1.1924883287824175
2021-01-20,0.007470089614285679,0.01262230848917642,1.8933462733764632e-05,0.007451156151551914,1.2013737455290785
2021-01-21,0.012922593029828774,0.0036241695664060714,5.436254349609107e-06,0.012917156775479166,1.2168920785460222
2021-01-22,0.0022290179056817924,0.013661746111342798,2.04926191670142e-05,0.0022085252865147783,1.2195796154724505
2021-01-25,0.010745015003900652,0.7878703268249717,0.0011818054902374576,0.009563209513663195,1.2312427108538064
2021-01-26,-0.016786263879448923,0.013830194108191557,2.0745291162287337e-05,-0.01680700917061121,1.2105492033212384
2021-01-27,0.0006651888837201003,0.04110045251343332,6.165067877014998e-05,0.0006035382049499503,1.2112798160144143
2021-01-28,-0.015032140208192424,0.006452346028152298,9.678519042228446e-06,-0.015041818727234653,1.1930599645939672
2021-01-29,-0.00318361087482545,0.02119093674449235,3.1786405116738526e-05,-0.0032153972799421884,1.1892238028290039
2021-02-01,0.0022171854269482784,0.7810487967731454,0.0011715731951597182,0.0010456122317885602,1.190467269783576
2021-02-02,0.003658679749823049,0.004414710524210053,6.622065786315079e-06,0.0036520576840367337,1.1948149249237834
2021-02-03,-0.00119699862662086,0.007550219860219642,1.1325329790329464e-05,-0.0012083239564111895,1.1933712014265203
2021-02-04,0.004540332526185008,0.00034709736765171917,5.206460514775788e-07,0.004539811880133531,1.1987888821841657
2021-02-05,0.005956150440630234,0.0041192384291403455,6.178857643710518e-06,0.005949971582986524,1.2059216419671617
2021-02-08,0.0104105692556182,0.7964025073908163,0.0011946037610862245,0.009215965494531976,1.2170353742086406
2021-02-09,0.012032986534245284,0.0005884318113130727,8.82647716969609e-07,0.012032103886528315,1.2316788702646988
2021-02-10,0.01440345655276963,0.00799220493070274,1.198830739605411e-05,0.014391468245373577,1.2494045376146108
2021-02-18,-0.015450917961320157,0.021868534796643815,3.280280219496572e-05,-0.015483720763515122,1.2300591066335174
2021-02-19,-0.002671867484919906,0.030664275133256896,4.5996412699885345e-05,-0.0027178638976197915,1.2267159733956596
2021-02-22,-0.021312102161499685,0.6039276465784681,0.0009058914698677022,-0.022217993631367387,1.1994608057112583
2021-02-23,0.00037807948006990204,0.05162188113790177,7.743282170685265e-05,0.0003006466583630494,1.1998214195943329
2021-02-24,-0.012691144728921527,0.0011121633481359083,1.6682450222038624e-06,-0.01269281297394373,1.1845923107132903
2021-02-25,0.0029307004208691625,0.017430457665062488,2.6145686497593734e-05,0.002904554734371569,1.1880330239176728
2021-02-26,-0.010926382930081007,0.008633088123845875,1.2949632185768811e-05,-0.010939332562266776,1.175036735574082
2021-03-01,0.008377422689327452,0.7258102265280278,0.0010887153397920418,0.0072887073495354095,1.183601234464635
2021-03-02,-0.006892311364757692,0.0037707065190897143,5.656059778634571e-06,-0.006897967424536327,1.175436791705657
2021-03-03,0.007413272781283558,0.0032835182566285648,4.925277384942847e-06,0.0074083475038986156,1.1841448359274802
2021-03-04,-0.021439078392386554,0.00022369201212335543,3.3553801818503314e-07,-0.02143941393040474,1.1587574646364798
2021-03-05,-0.00031752003301288204,0.04393186134841641,6.589779202262462e-05,-0.00038341782503550665,1.1583131763696453
2021-03-08,-0.014595383436516958,0.4468277365364868,0.0006702416048047302,-0.015265625041321689,1.1406308017387639
2021-03-09,0.0,0.6294567567392713,0.0009441851351089069,-0.0009441851351089069,1.1395538350911147
2021-03-10,0.0,0.0,0.0,0.0,1.1395538350911147
2021-03-11,0.0,0.0,0.0,0.0,1.1395538350911147
2021-03-12,0.0,0.0,0.0,0.0,1.1395538350911147
2021-03-15,0.0,0.0,0.0,0.0,1.1395538350911147
2021-03-16,0.0,0.0,0.0,0.0,1.1395538350911147
2021-03-17,0.0,0.0,0.0,0.0,1.1395538350911147
2021-03-18,0.0,0.0,0.0,0.0,1.1395538350911147
2021-03-19,0.0,0.0,0.0,0.0,1.1395538350911147
2021-03-22,0.0,0.0,0.0,0.0,1.1395538350911147
2021-03-23,0.0,0.0,0.0,0.0,1.1395538350911147
2021-03-24,0.0,0.0,0.0,0.0,1.1395538350911147
2021-03-25,0.0,0.0,0.0,0.0,1.1395538350911147
2021-03-26,0.0,0.0,0.0,0.0,1.1395538350911147
2021-03-29,0.0,0.0,0.0,0.0,1.1395538350911147
2021-03-30,0.0,0.0,0.0,0.0,1.1395538350911147
2021-03-31,0.0,0.0,0.0,0.0,1.1395538350911147
2021-04-01,0.0,0.0,0.0,0.0,1.1395538350911147
2021-04-02,0.0,0.0,0.0,0.0,1.1395538350911147
2021-04-06,0.0,0.0,0.0,0.0,1.1395538350911147
2021-04-07,0.0,0.0,0.0,0.0,1.1395538350911147
2021-04-08,0.0,0.0,0.0,0.0,1.1395538350911147
2021-04-09,0.0,0.0,0.0,0.0,1.1395538350911147
2021-04-12,0.0,0.0,0.0,0.0,1.1395538350911147
2021-04-13,0.0,0.0,0.0,0.0,1.1395538350911147
2021-04-14,0.0,0.0,0.0,0.0,1.1395538350911147
2021-04-15,0.0,0.0,0.0,0.0,1.1395538350911147
2021-04-16,0.0,0.0,0.0,0.0,1.1395538350911147
2021-04-19,0.0,0.0,0.0,0.0,1.1395538350911147
2021-04-20,0.0,0.0,0.0,0.0,1.1395538350911147
2021-04-21,0.0,0.0,0.0,0.0,1.1395538350911147
2021-04-22,0.0,0.0,0.0,0.0,1.1395538350911147
2021-04-23,0.0,0.0,0.0,0.0,1.1395538350911147
2021-04-26,0.0,0.0,0.0,0.0,1.1395538350911147
2021-04-27,0.0,0.0,0.0,0.0,1.1395538350911147
2021-04-28,0.0,0.0,0.0,0.0,1.1395538350911147
2021-04-29,0.0,0.0,0.0,0.0,1.1395538350911147
2021-04-30,0.0,0.0,0.0,0.0,1.1395538350911147
2021-05-06,0.0,0.0,0.0,0.0,1.1395538350911147
2021-05-07,0.0,0.0,0.0,0.0,1.1395538350911147
2021-05-10,0.0,0.0,0.0,0.0,1.1395538350911147
2021-05-11,0.0,0.0,0.0,0.0,1.1395538350911147
2021-05-12,0.0,0.0,0.0,0.0,1.1395538350911147
2021-05-13,0.0,0.0,0.0,0.0,1.1395538350911147
2021-05-14,0.0,0.0,0.0,0.0,1.1395538350911147
2021-05-17,0.0,0.0,0.0,0.0,1.1395538350911147
2021-05-18,0.0,0.0,0.0,0.0,1.1395538350911147
2021-05-19,0.0,0.0,0.0,0.0,1.1395538350911147
2021-05-20,0.0,0.0,0.0,0.0,1.1395538350911147
2021-05-21,0.0,0.0,0.0,0.0,1.1395538350911147
2021-05-24,0.0,0.0,0.0,0.0,1.1395538350911147
2021-05-25,0.0,0.0,0.0,0.0,1.1395538350911147
2021-05-26,0.0,0.0,0.0,0.0,1.1395538350911147
2021-05-27,0.0023716321890278388,1.0000000000000002,0.0015000000000000002,0.0008716321890278385,1.1405471068949102
2021-05-28,0.0,1.0000000000000002,0.0015000000000000002,-0.0015000000000000002,1.138836286234568
2021-05-31,0.0,0.0,0.0,0.0,1.138836286234568
2021-06-01,0.003173221675638072,1.0,0.0015,0.0016732216756380719,1.140741811793699
2021-06-02,-0.0049721443854706384,0.0,0.0,-0.0049721443854706384,1.1350698787989173
2021-06-03,0.0,1.0,0.0015,-0.0015,1.133367273980719
2021-06-04,0.0,0.0,0.0,0.0,1.133367273980719
2021-06-07,0.0,0.0,0.0,0.0,1.133367273980719
2021-06-08,-0.004689021318220055,1.0,0.0015,-0.006189021318220056,1.1263528397606795
2021-06-09,0.0028073031023485655,0.0,0.0,0.0028073031023485655,1.1295148535820787
2021-06-10,0.009895978142686971,0.0,0.0,0.009895978142686971,1.1406925078849672
2021-06-11,0.0005660671570950032,0.0,0.0,0.0005660671570950032,1.1413382164500254
2021-06-15,-0.005602028253970633,0.008729271431486385,1.3093907147229577e-05,-0.005615122161117862,1.1349294629375062
2021-06-16,0.0,1.0,0.0015,-0.0015,1.1332270687431
2021-06-17,0.0,0.0,0.0,0.0,1.1332270687431
2021-06-18,0.0,0.0,0.0,0.0,1.1332270687431
2021-06-21,0.0,0.0,0.0,0.0,1.1332270687431
2021-06-22,0.0,0.0,0.0,0.0,1.1332270687431
2021-06-23,0.0,0.0,0.0,0.0,1.1332270687431
2021-06-24,-0.001368739297520065,1.0000000000000002,0.0015000000000000002,-0.0028687392975200654,1.1299761357179832
2021-06-25,0.0073455832678416925,0.0,0.0,0.0073455832678416925,1.1382764695135736
2021-06-28,-0.006354956377226319,0.6745323629989813,0.001011798544498472,-0.007366754921724791,1.129891065729501
2021-06-29,-0.0015738376032501172,0.0,0.0,-0.0015738376032501172,1.1281128006826795
2021-06-30,0.0,1.0,0.0015,-0.0015,1.1264206314816556
2021-07-01,0.0,0.0,0.0,0.0,1.1264206314816556
2021-07-02,0.0,0.0,0.0,0.0,1.1264206314816556
2021-07-05,0.0,0.0,0.0,0.0,1.1264206314816556
2021-07-06,0.0,0.0,0.0,0.0,1.1264206314816556
2021-07-07,0.0,0.0,0.0,0.0,1.1264206314816556
2021-07-08,0.0,0.0,0.0,0.0,1.1264206314816556
2021-07-09,0.0,0.0,0.0,0.0,1.1264206314816556
2021-07-12,0.0,0.0,0.0,0.0,1.1264206314816556
2021-07-13,0.0,0.0,0.0,0.0,1.1264206314816556
2021-07-14,0.0,0.0,0.0,0.0,1.1264206314816556
2021-07-15,0.0,0.0,0.0,0.0,1.1264206314816556
2021-07-16,0.0,0.0,0.0,0.0,1.1264206314816556
2021-07-19,0.0,0.0,0.0,0.0,1.1264206314816556
2021-07-20,0.0,0.0,0.0,0.0,1.1264206314816556
2021-07-21,0.0,0.0,0.0,0.0,1.1264206314816556
2021-07-22,0.0,0.0,0.0,0.0,1.1264206314816556
2021-07-23,0.0,0.0,0.0,0.0,1.1264206314816556
2021-07-26,0.0,0.0,0.0,0.0,1.1264206314816556
2021-07-27,0.0,0.0,0.0,0.0,1.1264206314816556
2021-07-28,0.0,0.0,0.0,0.0,1.1264206314816556
2021-07-29,0.0,0.0,0.0,0.0,1.1264206314816556
2021-07-30,0.0,0.0,0.0,0.0,1.1264206314816556
2021-08-02,0.0,0.0,0.0,0.0,1.1264206314816556
2021-08-03,0.0,0.0,0.0,0.0,1.1264206314816556
2021-08-04,0.0,0.0,0.0,0.0,1.1264206314816556
2021-08-05,0.0,0.0,0.0,0.0,1.1264206314816556
2021-08-06,0.0,0.0,0.0,0.0,1.1264206314816556
2021-08-09,0.0,0.0,0.0,0.0,1.1264206314816556
2021-08-10,0.0,0.0,0.0,0.0,1.1264206314816556
2021-08-11,0.0,0.0,0.0,0.0,1.1264206314816556
2021-08-12,0.0,0.0,0.0,0.0,1.1264206314816556
2021-08-13,0.0,0.0,0.0,0.0,1.1264206314816556
2021-08-16,0.0,0.0,0.0,0.0,1.1264206314816556
2021-08-17,0.0,0.0,0.0,0.0,1.1264206314816556
2021-08-18,0.0,0.0,0.0,0.0,1.1264206314816556
2021-08-19,0.0,0.0,0.0,0.0,1.1264206314816556
2021-08-20,0.0,0.0,0.0,0.0,1.1264206314816556
2021-08-23,0.0,0.0,0.0,0.0,1.1264206314816556
2021-08-24,0.0,0.0,0.0,0.0,1.1264206314816556
2021-08-25,0.0,0.0,0.0,0.0,1.1264206314816556
2021-08-26,0.0,0.0,0.0,0.0,1.1264206314816556
2021-08-27,0.0,0.0,0.0,0.0,1.1264206314816556
2021-08-30,0.0,0.0,0.0,0.0,1.1264206314816556
2021-08-31,0.0,0.0,0.0,0.0,1.1264206314816556
2021-09-01,0.0,0.0,0.0,0.0,1.1264206314816556
2021-09-02,0.0,0.0,0.0,0.0,1.1264206314816556
2021-09-03,0.0,0.0,0.0,0.0,1.1264206314816556
2021-09-06,0.0,0.0,0.0,0.0,1.1264206314816556
2021-09-07,0.009059575288330315,1.0,0.0015,0.007559575288330315,1.1349358930516698
2021-09-08,0.0032682437984382436,0.0,0.0,0.0032682437984382436,1.1386451402457607
2021-09-09,0.006468714751622779,0.0,0.0,0.006468714751622779,1.146010710861332
2021-09-10,0.0,1.0,0.0015,-0.0015,1.1442916947950401
2021-09-13,0.011888294083642831,1.0,0.0015,0.010388294083642832,1.156178933438041
2021-09-14,0.0,1.0,0.0015,-0.0015,1.1544446650378841
2021-09-15,0.0,0.0,0.0,0.0,1.1544446650378841
2021-09-16,0.0,0.0,0.0,0.0,1.1544446650378841
2021-09-17,0.0,0.0,0.0,0.0,1.1544446650378841
2021-09-22,0.0,0.0,0.0,0.0,1.1544446650378841
2021-09-23,0.0,0.0,0.0,0.0,1.1544446650378841
2021-09-24,0.0,0.0,0.0,0.0,1.1544446650378841
2021-09-27,0.0,0.0,0.0,0.0,1.1544446650378841
2021-09-28,0.0,0.0,0.0,0.0,1.1544446650378841
2021-09-29,0.0,0.0,0.0,0.0,1.1544446650378841
2021-09-30,0.0,0.0,0.0,0.0,1.1544446650378841
2021-10-08,0.0,0.0,0.0,0.0,1.1544446650378841
2021-10-11,0.0,0.0,0.0,0.0,1.1544446650378841
2021-10-12,0.0,0.0,0.0,0.0,1.1544446650378841
2021-10-13,0.0,0.0,0.0,0.0,1.1544446650378841
2021-10-14,0.0,0.0,0.0,0.0,1.1544446650378841
2021-10-15,0.0,0.0,0.0,0.0,1.1544446650378841
2021-10-18,0.0,0.0,0.0,0.0,1.1544446650378841
2021-10-19,0.0,0.0,0.0,0.0,1.1544446650378841
2021-10-20,0.0,0.0,0.0,0.0,1.1544446650378841
2021-10-21,0.0,0.0,0.0,0.0,1.1544446650378841
2021-10-22,0.0,0.0,0.0,0.0,1.1544446650378841
2021-10-25,0.0,0.0,0.0,0.0,1.1544446650378841
2021-10-26,0.0,0.0,0.0,0.0,1.1544446650378841
2021-10-27,0.0,0.0,0.0,0.0,1.1544446650378841
2021-10-28,0.0,0.0,0.0,0.0,1.1544446650378841
2021-10-29,0.0,0.0,0.0,0.0,1.1544446650378841
2021-11-01,0.0,0.0,0.0,0.0,1.1544446650378841
2021-11-02,0.0,0.0,0.0,0.0,1.1544446650378841
2021-11-03,0.0,0.0,0.0,0.0,1.1544446650378841
2021-11-04,0.0,0.0,0.0,0.0,1.1544446650378841
2021-11-05,0.0,0.0,0.0,0.0,1.1544446650378841
2021-11-08,0.0,0.0,0.0,0.0,1.1544446650378841
2021-11-09,0.0,0.0,0.0,0.0,1.1544446650378841
2021-11-10,-0.004698174653757459,0.9999999999999999,0.0014999999999999998,-0.006198174653757459,1.1472892153758807
2021-11-11,-0.001212766236703718,0.0,0.0,-0.001212766236703718,1.1458978217517386
2021-11-12,0.0046511471563961525,0.0,0.0,0.0046511471563961525,1.1512275611468998
2021-11-15,-0.001680197607776451,1.1044536583704847,0.0016566804875557271,-0.003336878095332178,1.147386055115366
2021-11-16,-0.005375639327620577,0.0,0.0,-0.005375639327620577,1.1412181215135244
2021-11-17,0.005506493882328594,0.0,0.0,0.005506493882328594,1.1475022321180413
2021-11-18,-0.0027213113958573904,0.0,0.0,-0.0027213113958573904,1.1443795212170067
2021-11-19,0.005470745904628405,0.0,0.0,0.005470745904628405,1.1506401307960452
2021-11-22,0.007996445450949916,0.5776291457816201,0.0008664437186724301,0.007130001732277486,1.158844196921849
2021-11-23,-0.005711732565936816,0.0,0.0,-0.005711732565936816,1.1522251887834436
2021-11-24,-0.0005403412500208941,0.0,0.0,-0.0005403412500208941,1.1516025939846308
2021-11-25,0.0028625750637941818,0.0,0.0,0.0028625750637941818,1.154899142853572
2021-11-26,-0.007116770939166494,0.0,0.0,-0.007116770939166494,1.1466799901960434
2021-11-29,0.0,1.0,0.0015,-0.0015,1.1449599702107494
2021-11-30,0.0,0.0,0.0,0.0,1.1449599702107494
2021-12-01,0.0,0.0,0.0,0.0,1.1449599702107494
2021-12-02,0.0,0.0,0.0,0.0,1.1449599702107494
2021-12-03,4.5187965055577145e-05,1.0,0.0015,-0.001454812034944423,1.143294268666557
2021-12-06,-0.012310990880353643,0.34455188967670247,0.0005168278345150537,-0.012827818714868697,1.128628297050354
2021-12-07,-0.0030212444341588805,0.0,0.0,-0.0030212444341588805,1.1252184350896566
2021-12-08,0.0,1.0,0.0015,-0.0015,1.1235306074370222
2021-12-09,0.003408923244918067,1.0,0.0015,0.001908923244918067,1.1256753411299356
2021-12-10,0.0005997864607523117,0.0,0.0,0.0005997864607523117,1.1263505059587482
2021-12-13,0.0048227935598446495,0.4836932682836051,0.0007255399024254077,0.004097253657419242,1.1309654496888237
2021-12-14,-0.0030945838896440227,0.0,0.0,-0.0030945838896440227,1.1274655822284727
2021-12-15,-0.005548427453589707,0.0,0.0,-0.005548427453589707,1.1212099212390587
2021-12-16,0.007606878774798051,0.0,0.0,0.007606878774798051,1.129738829191025
2021-12-17,-0.01253693643930092,0.0,0.0,-0.01253693643930092,1.115575365296447
2021-12-20,-0.016274706435518982,0.30166203669506364,0.0004524930550425955,-0.016727199490561576,1.0969149136143772
2021-12-21,0.0,1.0000000000000002,0.0015000000000000002,-0.0015000000000000002,1.0952695412439557
2021-12-22,0.0036664622244742436,1.0000000000000002,0.0015000000000000002,0.002166462224474243,1.0976424013306778
2021-12-23,0.0,1.0000000000000002,0.0015000000000000002,-0.0015000000000000002,1.0959959377286819
2021-12-24,-0.008244845696465147,1.0000000000000002,0.0015000000000000002,-0.009744845696465146,1.0853156264315633
2021-12-27,-0.0017095732952663247,0.96641794151564,0.00144962691227346,-0.003159200207539785,1.0818868970792945
2021-12-28,0.005858591161107023,0.0,0.0,0.005858591161107023,1.088225230091841
2021-12-29,-0.0015378473111512612,0.0,0.0,-0.0015378473111512612,1.0865517058478171
2021-12-30,0.0025695250714503097,0.0,0.0,0.0025695250714503097,1.0893436276974202
2021-12-31,0.0008055758631581511,0.0,0.0,0.0008055758631581511,1.0902211766305785
2022-01-04,-0.0004025662716354997,1.0054697153822392,0.001508204573073359,-0.0019107708447088586,1.0881380137919887
2022-01-05,-0.014879011303058017,0.0,0.0,-0.014879011303058017,1.0719475959854905
2022-01-06,0.0,0.9999999999999999,0.0014999999999999998,-0.0014999999999999998,1.0703396745915124
2022-01-07,0.0,0.0,0.0,0.0,1.0703396745915124
2022-01-10,0.0,0.0,0.0,0.0,1.0703396745915124
2022-01-11,0.0,0.0,0.0,0.0,1.0703396745915124
2022-01-12,0.0,0.0,0.0,0.0,1.0703396745915124
2022-01-13,0.0,0.0,0.0,0.0,1.0703396745915124
2022-01-14,0.0,0.0,0.0,0.0,1.0703396745915124
2022-01-17,0.0,0.0,0.0,0.0,1.0703396745915124
2022-01-18,0.0,0.0,0.0,0.0,1.0703396745915124
2022-01-19,0.0,0.0,0.0,0.0,1.0703396745915124
2022-01-20,0.0,0.0,0.0,0.0,1.0703396745915124
2022-01-21,-0.0077593101923624395,1.0,0.0015,-0.00925931019236244,1.0604290675332773
2022-01-24,0.0,1.0,0.0015,-0.0015,1.0588384239319775
2022-01-25,0.0,0.0,0.0,0.0,1.0588384239319775
2022-01-26,0.0,0.0,0.0,0.0,1.0588384239319775
2022-01-27,0.0,0.0,0.0,0.0,1.0588384239319775
2022-01-28,0.0,0.0,0.0,0.0,1.0588384239319775
2022-02-07,0.0,0.0,0.0,0.0,1.0588384239319775
2022-02-08,0.0,0.0,0.0,0.0,1.0588384239319775
2022-02-09,0.0,0.0,0.0,0.0,1.0588384239319775
2022-02-10,0.0,0.0,0.0,0.0,1.0588384239319775
2022-02-11,0.0,0.0,0.0,0.0,1.0588384239319775
2022-02-14,0.0,0.0,0.0,0.0,1.0588384239319775
2022-02-15,0.0,0.0,0.0,0.0,1.0588384239319775
2022-02-16,0.0,0.0,0.0,0.0,1.0588384239319775
2022-02-17,0.0,0.0,0.0,0.0,1.0588384239319775
2022-02-18,0.0,0.0,0.0,0.0,1.0588384239319775
2022-02-21,0.0,0.0,0.0,0.0,1.0588384239319775
2022-02-22,0.0,0.0,0.0,0.0,1.0588384239319775
2022-02-23,0.0,0.0,0.0,0.0,1.0588384239319775
2022-02-24,0.0,0.0,0.0,0.0,1.0588384239319775
2022-02-25,0.0,0.0,0.0,0.0,1.0588384239319775
2022-02-28,0.0,0.0,0.0,0.0,1.0588384239319775
2022-03-01,0.0,0.0,0.0,0.0,1.0588384239319775
2022-03-02,0.0,0.0,0.0,0.0,1.0588384239319775
2022-03-03,0.0,0.0,0.0,0.0,1.0588384239319775
2022-03-04,0.0,0.0,0.0,0.0,1.0588384239319775
2022-03-07,0.0,0.0,0.0,0.0,1.0588384239319775
2022-03-08,0.0,0.0,0.0,0.0,1.0588384239319775
2022-03-09,0.0,0.0,0.0,0.0,1.0588384239319775
2022-03-10,0.0,0.0,0.0,0.0,1.0588384239319775
2022-03-11,0.0,0.0,0.0,0.0,1.0588384239319775
2022-03-14,0.0,0.0,0.0,0.0,1.0588384239319775
2022-03-15,0.0,0.0,0.0,0.0,1.0588384239319775
2022-03-16,0.0,0.0,0.0,0.0,1.0588384239319775
2022-03-17,0.0,0.0,0.0,0.0,1.0588384239319775
2022-03-18,0.0,0.0,0.0,0.0,1.0588384239319775
2022-03-21,0.0,0.0,0.0,0.0,1.0588384239319775
2022-03-22,0.0,0.0,0.0,0.0,1.0588384239319775
2022-03-23,0.0,0.0,0.0,0.0,1.0588384239319775
2022-03-24,0.0,0.0,0.0,0.0,1.0588384239319775
2022-03-25,0.0,0.0,0.0,0.0,1.0588384239319775
2022-03-28,0.0,0.0,0.0,0.0,1.0588384239319775
2022-03-29,0.0,0.0,0.0,0.0,1.0588384239319775
2022-03-30,0.0,0.0,0.0,0.0,1.0588384239319775
2022-03-31,0.0,0.0,0.0,0.0,1.0588384239319775
2022-04-01,0.0,0.0,0.0,0.0,1.0588384239319775
2022-04-06,0.0,0.0,0.0,0.0,1.0588384239319775
2022-04-07,0.0,0.0,0.0,0.0,1.0588384239319775
2022-04-08,0.0,0.0,0.0,0.0,1.0588384239319775
2022-04-11,0.0,0.0,0.0,0.0,1.0588384239319775
2022-04-12,0.0,0.0,0.0,0.0,1.0588384239319775
2022-04-13,0.0,0.0,0.0,0.0,1.0588384239319775
2022-04-14,0.0,0.0,0.0,0.0,1.0588384239319775
2022-04-15,0.0,0.0,0.0,0.0,1.0588384239319775
2022-04-18,0.0,0.0,0.0,0.0,1.0588384239319775
2022-04-19,0.0,0.0,0.0,0.0,1.0588384239319775
2022-04-20,0.0,0.0,0.0,0.0,1.0588384239319775
2022-04-21,0.0,0.0,0.0,0.0,1.0588384239319775
2022-04-22,0.0,0.0,0.0,0.0,1.0588384239319775
2022-04-25,0.0,0.0,0.0,0.0,1.0588384239319775
2022-04-26,0.0,0.0,0.0,0.0,1.0588384239319775
2022-04-27,0.0,0.0,0.0,0.0,1.0588384239319775
2022-04-28,0.0,0.0,0.0,0.0,1.0588384239319775
2022-04-29,0.0,0.0,0.0,0.0,1.0588384239319775
2022-05-05,0.0,0.0,0.0,0.0,1.0588384239319775
2022-05-06,0.0,0.0,0.0,0.0,1.0588384239319775
2022-05-09,0.0,0.0,0.0,0.0,1.0588384239319775
2022-05-10,0.0,0.0,0.0,0.0,1.0588384239319775
2022-05-11,0.0,0.0,0.0,0.0,1.0588384239319775
2022-05-12,0.0,0.0,0.0,0.0,1.0588384239319775
2022-05-13,0.0,0.0,0.0,0.0,1.0588384239319775
2022-05-16,0.0,0.0,0.0,0.0,1.0588384239319775
2022-05-17,0.0,0.0,0.0,0.0,1.0588384239319775
2022-05-18,0.0,0.0,0.0,0.0,1.0588384239319775
2022-05-19,0.0,0.0,0.0,0.0,1.0588384239319775
2022-05-20,0.0,0.0,0.0,0.0,1.0588384239319775
2022-05-23,0.0,0.0,0.0,0.0,1.0588384239319775
2022-05-24,0.0,0.0,0.0,0.0,1.0588384239319775
2022-05-25,0.0,0.0,0.0,0.0,1.0588384239319775
2022-05-26,0.0,0.0,0.0,0.0,1.0588384239319775
2022-05-27,0.0,0.0,0.0,0.0,1.0588384239319775
2022-05-30,0.0,0.0,0.0,0.0,1.0588384239319775
2022-05-31,0.0,0.0,0.0,0.0,1.0588384239319775
2022-06-01,0.0,0.0,0.0,0.0,1.0588384239319775
2022-06-02,0.0,0.0,0.0,0.0,1.0588384239319775
2022-06-06,0.0,0.0,0.0,0.0,1.0588384239319775
2022-06-07,0.0,0.0,0.0,0.0,1.0588384239319775
2022-06-08,0.0,0.0,0.0,0.0,1.0588384239319775
2022-06-09,0.0,0.0,0.0,0.0,1.0588384239319775
2022-06-10,0.0,0.0,0.0,0.0,1.0588384239319775
2022-06-13,0.0,0.0,0.0,0.0,1.0588384239319775
2022-06-14,0.0,0.0,0.0,0.0,1.0588384239319775
2022-06-15,0.0,0.0,0.0,0.0,1.0588384239319775
2022-06-16,0.0,0.0,0.0,0.0,1.0588384239319775
2022-06-17,0.0,0.0,0.0,0.0,1.0588384239319775
2022-06-20,0.0,0.0,0.0,0.0,1.0588384239319775
2022-06-21,0.0,0.0,0.0,0.0,1.0588384239319775
2022-06-22,0.0,0.0,0.0,0.0,1.0588384239319775
2022-06-23,0.0,0.0,0.0,0.0,1.0588384239319775
2022-06-24,0.0,0.0,0.0,0.0,1.0588384239319775
2022-06-27,0.0,0.0,0.0,0.0,1.0588384239319775
2022-06-28,0.0,0.0,0.0,0.0,1.0588384239319775
2022-06-29,0.0,0.0,0.0,0.0,1.0588384239319775
2022-06-30,0.0,0.0,0.0,0.0,1.0588384239319775
2022-07-01,0.0,0.0,0.0,0.0,1.0588384239319775
2022-07-04,0.0,0.0,0.0,0.0,1.0588384239319775
2022-07-05,0.0,0.0,0.0,0.0,1.0588384239319775
2022-07-06,0.0,0.0,0.0,0.0,1.0588384239319775
2022-07-07,0.0,0.0,0.0,0.0,1.0588384239319775
2022-07-08,0.0,0.0,0.0,0.0,1.0588384239319775
2022-07-11,0.0,0.0,0.0,0.0,1.0588384239319775
2022-07-12,0.0,0.0,0.0,0.0,1.0588384239319775
2022-07-13,0.0,0.0,0.0,0.0,1.0588384239319775
2022-07-14,0.0,0.0,0.0,0.0,1.0588384239319775
2022-07-15,0.0,0.0,0.0,0.0,1.0588384239319775
2022-07-18,0.0,0.0,0.0,0.0,1.0588384239319775
2022-07-19,0.0,0.0,0.0,0.0,1.0588384239319775
2022-07-20,0.0,0.0,0.0,0.0,1.0588384239319775
2022-07-21,0.0,0.0,0.0,0.0,1.0588384239319775
2022-07-22,0.0,0.0,0.0,0.0,1.0588384239319775
2022-07-25,0.0,0.0,0.0,0.0,1.0588384239319775
2022-07-26,0.0,0.0,0.0,0.0,1.0588384239319775
2022-07-27,0.0,0.0,0.0,0.0,1.0588384239319775
2022-07-28,0.0,0.0,0.0,0.0,1.0588384239319775
2022-07-29,0.0,0.0,0.0,0.0,1.0588384239319775
2022-08-01,0.0,0.0,0.0,0.0,1.0588384239319775
2022-08-02,0.0,0.0,0.0,0.0,1.0588384239319775
2022-08-03,0.0,0.0,0.0,0.0,1.0588384239319775
2022-08-04,0.0,0.0,0.0,0.0,1.0588384239319775
2022-08-05,0.0,0.0,0.0,0.0,1.0588384239319775
2022-08-08,0.0,0.0,0.0,0.0,1.0588384239319775
2022-08-09,0.0,0.0,0.0,0.0,1.0588384239319775
2022-08-10,0.0,0.0,0.0,0.0,1.0588384239319775
2022-08-11,0.0,0.0,0.0,0.0,1.0588384239319775
2022-08-12,0.0,0.0,0.0,0.0,1.0588384239319775
2022-08-15,0.0,0.0,0.0,0.0,1.0588384239319775
2022-08-16,0.0,0.0,0.0,0.0,1.0588384239319775
2022-08-17,0.0,0.0,0.0,0.0,1.0588384239319775
2022-08-18,0.0,0.0,0.0,0.0,1.0588384239319775
2022-08-19,0.0,0.0,0.0,0.0,1.0588384239319775
2022-08-22,0.0,0.0,0.0,0.0,1.0588384239319775
2022-08-23,0.0,0.0,0.0,0.0,1.0588384239319775
2022-08-24,0.0,0.0,0.0,0.0,1.0588384239319775
2022-08-25,0.0,0.0,0.0,0.0,1.0588384239319775
2022-08-26,0.0,0.0,0.0,0.0,1.0588384239319775
2022-08-29,0.0,0.0,0.0,0.0,1.0588384239319775
2022-08-30,0.0,0.0,0.0,0.0,1.0588384239319775
2022-08-31,0.0,0.0,0.0,0.0,1.0588384239319775
2022-09-01,0.0,0.0,0.0,0.0,1.0588384239319775
2022-09-02,0.0,0.0,0.0,0.0,1.0588384239319775
2022-09-05,0.0,0.0,0.0,0.0,1.0588384239319775
2022-09-06,0.0,0.0,0.0,0.0,1.0588384239319775
2022-09-07,0.0,0.0,0.0,0.0,1.0588384239319775
2022-09-08,0.0,0.0,0.0,0.0,1.0588384239319775
2022-09-09,0.0,0.0,0.0,0.0,1.0588384239319775
2022-09-13,0.0,0.0,0.0,0.0,1.0588384239319775
2022-09-14,0.0,0.0,0.0,0.0,1.0588384239319775
2022-09-15,0.0,0.0,0.0,0.0,1.0588384239319775
2022-09-16,0.0,0.0,0.0,0.0,1.0588384239319775
2022-09-19,0.0,0.0,0.0,0.0,1.0588384239319775
2022-09-20,0.0,0.0,0.0,0.0,1.0588384239319775
2022-09-21,0.0,0.0,0.0,0.0,1.0588384239319775
2022-09-22,0.0,0.0,0.0,0.0,1.0588384239319775
2022-09-23,0.0,0.0,0.0,0.0,1.0588384239319775
2022-09-26,0.0,0.0,0.0,0.0,1.0588384239319775
2022-09-27,0.0,0.0,0.0,0.0,1.0588384239319775
2022-09-28,0.0,0.0,0.0,0.0,1.0588384239319775
2022-09-29,0.0,0.0,0.0,0.0,1.0588384239319775
2022-09-30,0.0,0.0,0.0,0.0,1.0588384239319775
2022-10-10,0.0,0.0,0.0,0.0,1.0588384239319775
2022-10-11,0.0,0.0,0.0,0.0,1.0588384239319775
2022-10-12,0.0,0.0,0.0,0.0,1.0588384239319775
2022-10-13,0.0,0.0,0.0,0.0,1.0588384239319775
2022-10-14,0.0,0.0,0.0,0.0,1.0588384239319775
2022-10-17,0.0,0.0,0.0,0.0,1.0588384239319775
2022-10-18,0.0,0.0,0.0,0.0,1.0588384239319775
2022-10-19,0.0,0.0,0.0,0.0,1.0588384239319775
2022-10-20,0.0,0.0,0.0,0.0,1.0588384239319775
2022-10-21,0.0,0.0,0.0,0.0,1.0588384239319775
2022-10-24,0.0,0.0,0.0,0.0,1.0588384239319775
2022-10-25,0.0,0.0,0.0,0.0,1.0588384239319775
2022-10-26,0.0,0.0,0.0,0.0,1.0588384239319775
2022-10-27,0.0,0.0,0.0,0.0,1.0588384239319775
2022-10-28,0.0,0.0,0.0,0.0,1.0588384239319775
2022-10-31,0.0,0.0,0.0,0.0,1.0588384239319775
2022-11-01,0.0,0.0,0.0,0.0,1.0588384239319775
2022-11-02,0.0,0.0,0.0,0.0,1.0588384239319775
2022-11-03,0.0,0.0,0.0,0.0,1.0588384239319775
2022-11-04,0.0,0.0,0.0,0.0,1.0588384239319775
2022-11-07,0.0,0.0,0.0,0.0,1.0588384239319775
2022-11-08,0.0,0.0,0.0,0.0,1.0588384239319775
2022-11-09,0.0,0.0,0.0,0.0,1.0588384239319775
2022-11-10,0.0,0.0,0.0,0.0,1.0588384239319775
2022-11-11,0.0,0.0,0.0,0.0,1.0588384239319775
2022-11-14,0.0,0.0,0.0,0.0,1.0588384239319775
2022-11-15,0.0,0.0,0.0,0.0,1.0588384239319775
2022-11-16,0.0,0.0,0.0,0.0,1.0588384239319775
2022-11-17,0.0,0.0,0.0,0.0,1.0588384239319775
2022-11-18,0.0,0.0,0.0,0.0,1.0588384239319775
2022-11-21,0.0,0.0,0.0,0.0,1.0588384239319775
2022-11-22,0.0,0.0,0.0,0.0,1.0588384239319775
2022-11-23,0.0,0.0,0.0,0.0,1.0588384239319775
2022-11-24,0.0,0.0,0.0,0.0,1.0588384239319775
2022-11-25,0.0,0.0,0.0,0.0,1.0588384239319775
2022-11-28,0.0,0.0,0.0,0.0,1.0588384239319775
2022-11-29,0.0,0.0,0.0,0.0,1.0588384239319775
2022-11-30,0.0,0.0,0.0,0.0,1.0588384239319775
2022-12-01,0.0,0.0,0.0,0.0,1.0588384239319775
2022-12-02,0.0,0.0,0.0,0.0,1.0588384239319775
2022-12-05,0.0,0.0,0.0,0.0,1.0588384239319775
2022-12-06,-0.005272366226170284,1.0,0.0015,-0.006772366226170284,1.051667582350769
2022-12-07,-0.00061207251119321,0.0,0.0,-0.00061207251119321,1.0510238855326992
2022-12-08,-0.0002786923945220216,0.0,0.0,-0.0002786923945220216,1.0507309731693402
2022-12-09,0.0013784174290572034,0.0,0.0,0.0013784174290572034,1.052179319056007
2022-12-12,-0.005025726311945375,0.9965045125140213,0.0014947567687710317,-0.006520483080716407,1.0453186016082225
2022-12-13,-0.0005871834303396515,0.0,0.0,-0.0005871834303396515,1.0447048078459322
2022-12-14,0.0019297870306543632,0.0,0.0,0.0019297870306543632,1.0467208656349756
2022-12-15,-0.009515706776928834,0.0,0.0,-0.009515706776928834,1.0367605768003
2022-12-16,0.0,1.0,0.0015,-0.0015,1.0352054359350997
2022-12-19,0.0,0.0,0.0,0.0,1.0352054359350997
2022-12-20,0.0,0.0,0.0,0.0,1.0352054359350997
2022-12-21,0.0,0.0,0.0,0.0,1.0352054359350997
2022-12-22,0.0,0.0,0.0,0.0,1.0352054359350997
2022-12-23,0.0,0.0,0.0,0.0,1.0352054359350997
2022-12-26,0.0,0.0,0.0,0.0,1.0352054359350997
2022-12-27,0.0,0.0,0.0,0.0,1.0352054359350997
2022-12-28,0.0,0.0,0.0,0.0,1.0352054359350997
2022-12-29,0.0,0.0,0.0,0.0,1.0352054359350997
2022-12-30,0.0,0.0,0.0,0.0,1.0352054359350997
2023-01-03,0.0,0.0,0.0,0.0,1.0352054359350997
2023-01-04,0.0,0.0,0.0,0.0,1.0352054359350997
2023-01-05,0.0,0.0,0.0,0.0,1.0352054359350997
2023-01-06,-0.006677601063829137,1.0,0.0015,-0.008177601063829138,1.026739938860915
2023-01-09,0.008803995579202886,0.03183965590776125,4.775948386164187e-05,0.008756236095341244,1.0357303161740976
2023-01-10,-0.00012983579203111302,0.0,0.0,-0.00012983579203111302,1.0355958413081665
2023-01-11,0.00805285169170924,0.0,0.0,0.00805285169170924,1.0439353410307721
2023-01-12,-0.0058919782597048505,0.0,0.0,-0.0058919782597048505,1.0377844966968812
2023-01-13,0.013295474274852156,0.0,0.0,0.013295474274852156,1.051582333775555
2023-01-16,0.0013299118963283204,0.7703928570329281,0.0011555892855493923,0.00017432261077892806,1.0517656483534277
2023-01-17,9.507520425836076e-05,0.0,0.0,9.507520425836076e-05,1.0518656451872768
2023-01-18,-0.0009281655317800179,0.0,0.0,-0.0009281655317800179,1.0508893397513503
2023-01-19,0.0022980960184007687,0.0,0.0,0.0022980960184007687,1.0533043843588126
2023-01-20,0.00639787549775325,0.0,0.0,0.00639787549775325,1.0600432946711777
2023-01-30,-0.0007044981953490693,0.7298985636151596,0.0010948478454227393,-0.0017993460407718085,1.0581359099658645
2023-01-31,-0.0070679910951045284,0.0,0.0,-0.0070679910951045284,1.0506570147768155
2023-02-01,0.006693945946572127,0.0,0.0,0.006693945946572127,1.0576900560421183
2023-02-02,0.0003646708294409388,0.0,0.0,0.0003646708294409388,1.0580757647521466
2023-02-03,-0.007551192370638891,0.0,0.0,-0.007551192370638891,1.0500860311097924
2023-02-06,-0.00685068676025001,1.0182873884163526,0.0015274310826245288,-0.008378117842874538,1.041288286595998
2023-02-07,0.00035285431127243984,0.0,0.0,0.00035285431127243984,1.041655709657201
2023-02-08,-0.0005560106227442489,0.0,0.0,-0.0005560106227442489,1.0410765380173894
2023-02-09,0.002167787287058842,0.0,0.0,0.002167787287058842,1.0433333705013588
2023-02-10,-0.00025653914828439384,0.0,0.0,-0.00025653914828439384,1.0430657146471136
2023-02-13,0.00238106944503593,0.5999765272401356,0.0008999647908602034,0.0014811046541757266,1.0446106041316887
2023-02-14,0.0017890033115884989,0.0,0.0,0.0017890033115884989,1.046479415961801
2023-02-15,-0.0026108791142784933,0.0,0.0,-0.0026108791142784933,1.043747184711144
2023-02-16,-0.0005506916741689075,0.0,0.0,-0.0005506916741689075,1.0431724018265862
2023-02-17,-0.0037067738285105267,0.0,0.0,-0.0037067738285105267,1.039305597668871
2023-02-20,0.011662327703357966,0.27022893760876715,0.00040534340641315076,0.011256984296944815,1.0510050444615562
2023-02-21,-5.74910166765601e-05,0.0,0.0,-5.74910166765601e-05,1.050944621113018
2023-02-22,-0.0023854770300235787,0.0,0.0,-0.0023854770300235787,1.0484376168595262
2023-02-23,-0.001349209214803444,0.0,0.0,-0.001349209214803444,1.0470230551657127
2023-02-24,-0.0029527376466388436,0.0,0.0,-0.0029527376466388436,1.043931470773826
2023-02-27,-0.005046244286442927,0.8022740071049321,0.001203411010657398,-0.006249655297100325,1.0374072589276948
2023-02-28,0.003931551613354628,0.0,0.0,0.003931551613354628,1.041485879110238
2023-03-01,0.007254676980026254,0.0,0.0,0.007254676980026254,1.0490415227424414
2023-03-02,-0.0005332106039797214,0.0,0.0,-0.0005332106039797214,1.0484821626785001
2023-03-03,0.0007033118663223354,0.0,0.0,0.0007033118663223354,1.0492195726251394
2023-03-06,0.0008590752044473206,0.8632294750103089,0.0012948442125154634,-0.00043576900806814286,1.0487623552527308
2023-03-07,-0.00328674009602192,0.0,0.0,-0.00328674009602192,1.0453153459685232
2023-03-08,-0.0033057737762425296,0.0,0.0,-0.0033057737762425296,1.0418597699099166
2023-03-09,-0.0012017713808456984,0.0,0.0,-0.0012017713808456984,1.0406076926555845
2023-03-10,-0.00402357659965087,0.0,0.0,-0.00402357659965087,1.0364207278939987
2023-03-13,0.010720707672026117,1.0988415926009345,0.001648262388901402,0.009072445283124715,1.0458235982381134
2023-03-14,0.0041716801422490134,0.0,0.0,0.0041716801422490134,1.0501864397751788
2023-03-15,0.0,0.9999999999999998,0.0014999999999999996,-0.0014999999999999996,1.0486111601155161
2023-03-16,0.0021936335109311225,0.9999999999999998,0.0014999999999999996,0.0006936335109311229,1.0493385119561085
2023-03-17,0.0,0.9999999999999998,0.0014999999999999996,-0.0014999999999999996,1.0477645041881745
2023-03-20,0.008789782107373523,1.0,0.0015,0.007289782107373523,1.0554024791235466
2023-03-21,-0.00456150914150121,0.0,0.0,-0.00456150914150121,1.0505882510670614
2023-03-22,-0.0026209925755566197,0.0,0.0,-0.0026209925755566197,1.0478346670610477
2023-03-23,0.007745064035553362,0.0,0.0,0.007745064035553362,1.0559502136561083
2023-03-24,0.003968980038153201,0.0,0.0,0.003968980038153201,1.0601412589753931
2023-03-27,-0.00518966756691595,0.6392605117603538,0.0009588907676405308,-0.006148558334556481,1.0536229186017128
2023-03-28,-0.0034311369011526633,0.0,0.0,-0.0034311369011526633,1.0500077941257981
2023-03-29,-0.0014912407939526697,0.0,0.0,-0.0014912407939526697,1.0484419796692295
2023-03-30,0.0019532766961737253,0.0,0.0,0.0019532766961737253,1.0504898769554074
2023-03-31,0.00834040634025039,0.0,0.0,0.00834040634025039,1.059251389385535
2023-04-03,0.008667845400257359,0.49241370928113504,0.0007386205639217026,0.007929224836335656,1.0676504318101738
2023-04-04,0.0050357882345677075,0.0,0.0,0.0050357882345677075,1.0730268932933147
2023-04-06,-0.0009935118407820402,0.0,0.0,-0.0009935118407820402,1.0719608283693502
2023-04-07,0.003325452713629354,0.0,0.0,0.003325452713629354,1.0755255834149553
2023-04-10,-0.012779369173837273,0.49948755440400927,0.000749231331606014,-0.013528600505443288,1.0609752274635507
2023-04-11,0.00537718059530046,0.0,0.0,0.00537718059530046,1.0666802828687623
2023-04-12,0.013143601488893038,0.0,0.0,0.013143601488893038,1.080700303422849
2023-04-13,-0.008297298627262611,0.0,0.0,-0.008297298627262611,1.0717334102787763
2023-04-14,0.005625029620591615,0.0,0.0,0.005625029620591615,1.077761942456972
2023-04-17,0.008897752220998699,0.5871404538101873,0.000880710680715281,0.008017041540283418,1.0864024047201861
2023-04-18,0.0030658391312322615,0.0,0.0,0.0030658391312322615,1.089733139724842
2023-04-19,-0.0031258015822853433,0.0,0.0,-0.0031258015822853433,1.0863268501524213
2023-04-20,0.005655593013141802,0.0,0.0,0.005655593013141802,1.0924706726961317
2023-04-21,-0.012408744910889292,0.0,0.0,-0.012408744910889292,1.0789144827960178
2023-04-24,0.004588481791422814,0.5871404538101873,0.000880710680715281,0.003707771110707533,1.082914850746253
2023-04-25,0.0031509972425237984,0.0,0.0,0.0031509972425237984,1.0863271124548426
2023-04-26,-0.003773632913738118,0.0,0.0,-0.003773632913738118,1.082227712708197
2023-04-27,0.0005282120660538459,0.0,0.0,0.0005282120660538459,1.0827993584442674
2023-04-28,0.014091706511130234,0.0,0.0,0.014091706511130234,1.0980578492139044
2023-05-04,0.009187822290117316,0.021207080738416262,3.181062110762439e-05,0.009156011669009692,1.1081116796945545
2023-05-05,-0.002498907467621978,0.0,0.0,-0.002498907467621978,1.1053426111432068
2023-05-08,0.006180549879697017,0.5527618491517925,0.0008291427737276887,0.005351407105969329,1.111257749447009
2023-05-09,-0.005297351546448924,0.0,0.0,-0.005297351546448924,1.1053710264894725
2023-05-10,-0.008628142394931697,0.0,0.0,-0.008628142394931697,1.0958337278736896
2023-05-11,0.0005794832768800236,0.0,0.0,0.0005794832768800236,1.0964687451932333
2023-05-12,-0.0068108806694049395,0.0,0.0,-0.0068108806694049395,1.08900082741199
2023-05-15,0.0,1.0,0.0015,-0.0015,1.087367326170872
2023-05-16,-0.0020369818458841086,1.0,0.0015,-0.0035369818458841087,1.0835213276783981
2023-05-17,0.0,1.0,0.0015,-0.0015,1.0818960456868807
2023-05-18,0.011368491428307436,1.0,0.0015,0.009868491428307436,1.0925727275400614
2023-05-19,0.006193371080964353,0.0,0.0,0.006193371080964353,1.0993394358746582
2023-05-22,0.00018023047432845756,1.088107637836751,0.0016321614567551266,-0.001451930982426669,1.0977432708875083
2023-05-23,0.0006905002134108805,0.0,0.0,0.0006905002134108805,1.0985012628503263
2023-05-24,0.0,1.0,0.0015,-0.0015,1.0968535109560509
2023-05-25,0.0,0.0,0.0,0.0,1.0968535109560509
2023-05-26,0.0,0.0,0.0,0.0,1.0968535109560509
2023-05-29,0.0148013804237335,1.0,0.0015,0.013301380423733501,1.1114431767743849
2023-05-30,0.0,1.0,0.0015,-0.0015,1.1097760120092233
2023-05-31,0.003154590591705187,1.0,0.0015,0.001654590591705187,1.1116122369575938
2023-06-01,0.0006042628390504099,0.0,0.0,0.0006042628390504099,1.112283942923821
2023-06-02,0.005502877235912842,0.0,0.0,0.005502877235912842,1.118404704913208
2023-06-05,-0.0008458342556111891,0.09010208145367765,0.00013515312218051646,-0.0009809873777917055,1.1173075640144252
2023-06-06,0.0015930654384946953,0.0,0.0,0.0015930654384946953,1.1190875080788254
2023-06-07,0.0,0.9999999999999999,0.0014999999999999998,-0.0014999999999999998,1.1174088768167072
2023-06-08,-0.010514454172176661,0.9999999999999999,0.0014999999999999998,-0.012014454172176661,1.1039838190746096
2023-06-09,0.011589419209519513,0.0,0.0,0.011589419209519513,1.1167783503543918
2023-06-12,0.00363286823930165,0.6137529197123411,0.0009206293795685117,0.0027122388597331385,1.1198073199939316
2023-06-13,0.009953968875902615,0.0,0.0,0.009953968875902615,1.1309538472041591
2023-06-14,-0.00018646953734458298,0.0,0.0,-0.00018646953734458298,1.130742958763513
2023-06-15,-0.0009891181890316868,0.0,0.0,-0.0009891181890316868,1.1296245203358803
2023-06-16,0.006246509384719633,0.0,0.0,0.006246509384719633,1.136680730503368
2023-06-19,0.00015563222273698028,0.9268285319786651,0.0013902427979679978,-0.0012346105752310175,1.1352773724528271
2023-06-20,-9.027162711961216e-05,0.0,0.0,-9.027162711961216e-05,1.1351748891171838
2023-06-21,-0.006426167904178186,0.0,0.0,-0.006426167904178186,1.1278800646791098
2023-06-26,-0.012470567644774496,0.39774823203353993,0.0005966223480503099,-0.013067189992824807,1.1131418415848284
2023-06-27,0.0,1.0000000000000002,0.0015000000000000002,-0.0015000000000000002,1.1114721288224512
2023-06-28,0.005833388140358479,1.0000000000000002,0.0015000000000000002,0.004333388140358479,1.1162885689638293
2023-06-29,0.005706878412192154,0.0,0.0,0.005706878412192154,1.1226590920998258
2023-06-30,0.0009216771099484544,0.0,0.0,0.0009216771099484544,1.1236938212872898
2023-07-03,0.003959501247314232,0.8010251518810928,0.001201537727821639,0.0027579635194925935,1.1267929278534794
2023-07-04,-0.003181421538679986,0.0,0.0,-0.003181421538679986,1.1232081245631742
2023-07-05,-0.0014452131149518062,0.0,0.0,-0.0014452131149518062,1.121584849450735
2023-07-06,-0.00030513534853679307,0.0,0.0,-0.00030513534853679307,1.1212426142667842
2023-07-07,-0.0024715521190626414,0.0,0.0,-0.0024715521190626414,1.1184714047075097
2023-07-10,-0.00282249281010138,0.21953040983975297,0.00032929561475962944,-0.003151788424861009,1.1149462194806146
2023-07-11,0.003245004137967634,0.0,0.0,0.003245004137967634,1.1185642245764407
2023-07-12,-0.0004870263767344728,0.0,0.0,-0.0004870263767344728,1.1180194542950004
2023-07-13,0.010609792788559374,0.0,0.0,0.010609792788559374,1.1298814090386484
2023-07-14,0.0006539697167586646,0.0,0.0,0.0006539697167586646,1.1306203172636884
2023-07-17,0.0017271893047710982,0.5276026028965872,0.0007914039043448808,0.0009357854004262174,1.131678335250009
2023-07-18,0.003943058771146147,0.0,0.0,0.003943058771146147,1.1361406094359328
2023-07-19,0.00863135320278083,0.0,0.0,0.00863135320278083,1.145947040323997
2023-07-20,-0.008982019918233629,0.0,0.0,-0.008982019918233629,1.135654121182566
2023-07-21,-0.007729731235836201,0.0,0.0,-0.007729731235836201,1.126875820048955
2023-07-24,-0.00013066898474559173,0.8133205525200056,0.0012199808287800082,-0.0013506498135256,1.1253538054327394
2023-07-25,-0.0025178991865369166,0.0,0.0,-0.0025178991865369166,1.1225202780014742
2023-07-26,0.0024014565921434638,0.0,0.0,0.0024014565921434638,1.1252159617228956
2023-07-27,0.003440856130867721,0.0,0.0,0.003440856130867721,1.12908766796334
2023-07-28,-0.005546453389889691,0.0,0.0,-0.005546453389889691,1.122825235839882
2023-07-31,0.002914447070108408,1.1038532790483409,0.0016557799185725113,0.0012586671515358967,1.1242384990811494
2023-08-01,-0.00010171620223045901,0.0,0.0,-0.00010171620223045901,1.1241241458106217
2023-08-02,-0.009407974034372133,0.0,0.0,-0.009407974034372133,1.1135484150354247
2023-08-03,-0.006464990681903629,0.0,0.0,-0.006464990681903629,1.1063493349083722
2023-08-04,0.0037474423414259645,0.0,0.0,0.0037474423414259645,1.1104953152504162
2023-08-07,-0.005152543810896941,1.0898614736221521,0.0016347922104332283,-0.006787336021330169,1.1029580103956986
2023-08-08,0.00033537129327964633,0.0,0.0,0.00033537129327964633,1.1033279108500782
2023-08-09,-0.0025110667654436223,0.0,0.0,-0.0025110667654436223,1.1005573808017561
2023-08-10,-0.003313675773289394,0.0,0.0,-0.003313675773289394,1.0969104904718785
2023-08-11,-0.0038494249860077908,0.0,0.0,-0.0038494249860077908,1.092688015822442
2023-08-14,0.00025357304837739204,0.8009748759747493,0.001201462313962124,-0.000947889265584732,1.0916522685816108
2023-08-15,0.004560742819831394,0.0,0.0,0.004560742819831394,1.096631013827297
2023-08-16,-0.0028182955635605513,0.0,0.0,-0.0028182955635605513,1.0935403835061646
2023-08-17,-0.0024278403623611117,0.0,0.0,-0.0024278403623611117,1.0908854420252165
2023-08-18,-0.004882967729840669,0.0,0.0,-0.004882967729840669,1.0855586836148545
2023-08-21,0.002732900246669906,0.6586660984411247,0.0009879991476616872,0.001744901099008219,1.087452876154932
2023-08-22,0.0,0.9999999999999999,0.0014999999999999998,-0.0014999999999999998,1.0858216968406997
2023-08-23,0.002629109557499967,0.9999999999999999,0.0014999999999999998,0.001129109557499967,1.0870477084963432
2023-08-24,0.006323502630843452,0.0,0.0,0.006323502630843452,1.0939216575408723
2023-08-25,-0.009842385580863703,0.0,0.0,-0.009842385580863703,1.0831548587920976
2023-08-28,0.0,0.9999999999999999,0.0014999999999999998,-0.0014999999999999998,1.0815301265039095
2023-08-29,0.002092441908752245,1.0,0.0015,0.0005924419087522449,1.0821708702764283
2023-08-30,0.007628088700408976,0.0,0.0,0.007628088700408976,1.0904257656638958
2023-08-31,0.0020336809829007547,0.0,0.0,0.0020336809829007547,1.0926433438067915
2023-09-01,0.0003860551686353938,0.0,0.0,0.0003860551686353938,1.0930651644171432
2023-09-04,-0.00016637040168859547,0.07232700029962903,0.00010849050044944355,-0.000274860902138039,1.0927647235399558
2023-09-05,0.0005610096506281437,0.0,0.0,0.0005610096506281437,1.0933777750957276
2023-09-06,0.0009028141498326587,0.0,0.0,0.0009028141498326587,1.0943648920221967
2023-09-07,-0.0033540411375517962,0.0,0.0,-0.0033540411375517962,1.0906943471548618
2023-09-08,0.0024818394791903896,0.0,0.0,0.0024818394791903896,1.0934012754453604
2023-09-11,0.0,0.9999999999999999,0.0014999999999999998,-0.0014999999999999998,1.0917611735321924
2023-09-12,0.001457135648651832,1.0,0.0015,-4.2864351348168104e-05,1.0917143758976617
2023-09-13,-0.0013063929237670437,0.0,0.0,-0.0013063929237670437,1.0902881679622143
2023-09-14,0.0047561830794330935,0.0,0.0,0.0047561830794330935,1.0954737780983823
2023-09-15,-0.0014391477575198615,0.0,0.0,-0.0014391477575198615,1.0938972294672102
2023-09-18,-0.005435382162364282,0.6292589185095039,0.0009438883777642559,-0.006379270540128538,1.086918963097342
2023-09-19,0.0,1.0,0.0015,-0.0015,1.085288584652696
2023-09-20,0.0,0.0,0.0,0.0,1.085288584652696
2023-09-21,0.0,0.0,0.0,0.0,1.085288584652696
2023-09-22,0.0,0.0,0.0,0.0,1.085288584652696
2023-09-25,0.0,0.0,0.0,0.0,1.085288584652696
2023-09-26,0.0,0.0,0.0,0.0,1.085288584652696
2023-09-27,0.0,0.0,0.0,0.0,1.085288584652696
2023-09-28,0.0,0.0,0.0,0.0,1.085288584652696
2023-10-09,0.0,0.0,0.0,0.0,1.085288584652696
2023-10-10,0.0,0.0,0.0,0.0,1.085288584652696
2023-10-11,0.0,0.0,0.0,0.0,1.085288584652696
2023-10-12,0.0,0.0,0.0,0.0,1.085288584652696
2023-10-13,0.0,0.0,0.0,0.0,1.085288584652696
2023-10-16,0.0,0.0,0.0,0.0,1.085288584652696
2023-10-17,0.0,0.0,0.0,0.0,1.085288584652696
2023-10-18,0.0,0.0,0.0,0.0,1.085288584652696
2023-10-19,0.0,0.0,0.0,0.0,1.085288584652696
2023-10-20,0.0,0.0,0.0,0.0,1.085288584652696
2023-10-23,0.0,0.0,0.0,0.0,1.085288584652696
2023-10-24,0.0,0.0,0.0,0.0,1.085288584652696
2023-10-25,0.0,0.0,0.0,0.0,1.085288584652696
2023-10-26,0.0,0.0,0.0,0.0,1.085288584652696
2023-10-27,0.0,0.0,0.0,0.0,1.085288584652696
2023-10-30,0.0,0.0,0.0,0.0,1.085288584652696
2023-10-31,0.0,0.0,0.0,0.0,1.085288584652696
2023-11-01,0.0,0.0,0.0,0.0,1.085288584652696
2023-11-02,0.0,0.0,0.0,0.0,1.085288584652696
2023-11-03,0.0,0.0,0.0,0.0,1.085288584652696
2023-11-06,0.0,0.0,0.0,0.0,1.085288584652696
2023-11-07,-0.0019760519164083753,1.0,0.0015,-0.0034760519164083754,1.081516065188158
2023-11-08,0.0002610920335195632,0.0,0.0,0.0002610920335195632,1.0817984404169019
2023-11-09,0.0,1.0,0.0015,-0.0015,1.0801757427562766
2023-11-10,0.0020161118053510386,1.0,0.0015,0.0005161118053510385,1.0807332342089668
2023-11-13,0.0,1.0,0.0015,-0.0015,1.0791121343576535
2023-11-14,0.0,0.0,0.0,0.0,1.0791121343576535
2023-11-15,0.0,0.0,0.0,0.0,1.0791121343576535
2023-11-16,-0.00016397038442724074,1.0,0.0015,-0.0016639703844272408,1.0773165237246063
2023-11-17,0.0013908224182599624,0.0,0.0,0.0013908224182599624,1.0788148796973644
2023-11-20,0.0,1.0,0.0015,-0.0015,1.0771966573778184
2023-11-21,-0.0026983879163846453,1.0,0.0015,-0.004198387916384645,1.0726741679479135
2023-11-22,-0.0024807820263858553,0.0,0.0,-0.0024807820263858553,1.0700130971518997
2023-11-23,0.0,1.0,0.0015,-0.0015,1.068408077506172
2023-11-24,0.0,0.0,0.0,0.0,1.068408077506172
2023-11-27,0.0,0.0,0.0,0.0,1.068408077506172
2023-11-28,0.0,0.0,0.0,0.0,1.068408077506172
2023-11-29,0.0,0.0,0.0,0.0,1.068408077506172
2023-11-30,0.0,0.0,0.0,0.0,1.068408077506172
2023-12-01,0.0,0.0,0.0,0.0,1.068408077506172
2023-12-04,0.0,0.0,0.0,0.0,1.068408077506172
2023-12-05,0.0,0.0,0.0,0.0,1.068408077506172
2023-12-06,0.0,0.0,0.0,0.0,1.068408077506172
2023-12-07,0.0,0.0,0.0,0.0,1.068408077506172
2023-12-08,0.0,0.0,0.0,0.0,1.068408077506172
2023-12-11,0.0,0.0,0.0,0.0,1.068408077506172
2023-12-12,0.0,0.0,0.0,0.0,1.068408077506172
2023-12-13,0.0,0.0,0.0,0.0,1.068408077506172
2023-12-14,0.0,0.0,0.0,0.0,1.068408077506172
2023-12-15,0.0,0.0,0.0,0.0,1.068408077506172
2023-12-18,0.0,0.0,0.0,0.0,1.068408077506172
2023-12-19,0.0,0.0,0.0,0.0,1.068408077506172
2023-12-20,0.0,0.0,0.0,0.0,1.068408077506172
2023-12-21,0.0,0.0,0.0,0.0,1.068408077506172
2023-12-22,0.0,0.0,0.0,0.0,1.068408077506172
2023-12-25,0.0,0.0,0.0,0.0,1.068408077506172
2023-12-26,0.0,0.0,0.0,0.0,1.068408077506172
2023-12-27,0.0,0.0,0.0,0.0,1.068408077506172
2023-12-28,0.0,0.0,0.0,0.0,1.068408077506172
2023-12-29,0.0,0.0,0.0,0.0,1.068408077506172
2024-01-02,0.0,0.0,0.0,0.0,1.068408077506172
2024-01-03,0.0,0.0,0.0,0.0,1.068408077506172
2024-01-04,0.0,0.0,0.0,0.0,1.068408077506172
2024-01-05,0.0,0.0,0.0,0.0,1.068408077506172
2024-01-08,0.0,0.0,0.0,0.0,1.068408077506172
2024-01-09,0.0,0.0,0.0,0.0,1.068408077506172
2024-01-10,0.0,0.0,0.0,0.0,1.068408077506172
2024-01-11,0.0,0.0,0.0,0.0,1.068408077506172
2024-01-12,0.0,0.0,0.0,0.0,1.068408077506172
2024-01-15,0.0,0.0,0.0,0.0,1.068408077506172
2024-01-16,0.0,0.0,0.0,0.0,1.068408077506172
2024-01-17,0.0,0.0,0.0,0.0,1.068408077506172
2024-01-18,0.0,0.0,0.0,0.0,1.068408077506172
2024-01-19,0.0,0.0,0.0,0.0,1.068408077506172
2024-01-22,0.0,0.0,0.0,0.0,1.068408077506172
2024-01-23,0.0,0.0,0.0,0.0,1.068408077506172
2024-01-24,0.0,0.0,0.0,0.0,1.068408077506172
2024-01-25,0.0,0.0,0.0,0.0,1.068408077506172
2024-01-26,0.0,0.0,0.0,0.0,1.068408077506172
2024-01-29,0.0,0.0,0.0,0.0,1.068408077506172
2024-01-30,0.0,0.0,0.0,0.0,1.068408077506172
2024-01-31,0.0,0.0,0.0,0.0,1.068408077506172
2024-02-01,0.0,0.0,0.0,0.0,1.068408077506172
2024-02-02,0.0,0.0,0.0,0.0,1.068408077506172
2024-02-05,0.0,0.0,0.0,0.0,1.068408077506172
2024-02-06,0.0,0.0,0.0,0.0,1.068408077506172
2024-02-07,0.0,0.0,0.0,0.0,1.068408077506172
2024-02-08,0.0,0.0,0.0,0.0,1.068408077506172
2024-02-19,0.0,0.0,0.0,0.0,1.068408077506172
2024-02-20,0.0,0.0,0.0,0.0,1.068408077506172
2024-02-21,0.0,0.0,0.0,0.0,1.068408077506172
2024-02-22,0.0,0.0,0.0,0.0,1.068408077506172
2024-02-23,0.0,0.0,0.0,0.0,1.068408077506172
2024-02-26,0.0,0.0,0.0,0.0,1.068408077506172
2024-02-27,0.0,0.0,0.0,0.0,1.068408077506172
2024-02-28,0.0,0.0,0.0,0.0,1.068408077506172
2024-02-29,0.0,0.0,0.0,0.0,1.068408077506172
2024-03-01,0.0,0.0,0.0,0.0,1.068408077506172
2024-03-04,0.00757148878554076,1.0,0.0015,0.006071488785540761,1.074894905167132
2024-03-05,0.0016210826028060493,0.0,0.0,0.0016210826028060493,1.076637398597743
2024-03-06,0.0006522812872391984,0.0,0.0,0.0006522812872391984,1.0773396690259902
2024-03-07,0.0012836104141145045,0.0,0.0,0.0012836104141145045,1.0787225534446907
2024-03-08,0.006175979754351746,0.0,0.0,0.006175979754351746,1.0853847220953277
2024-03-11,-0.0025163904719653182,1.1223503615102604,0.0016835255422653905,-0.004199916014230708,1.080826197419398
2024-03-12,-0.004895984704985528,0.0,0.0,-0.004895984704985528,1.075534488888085
2024-03-13,-0.0007967806197245591,0.0,0.0,-0.0007967806197245591,1.0746775238514936
2024-03-14,0.0013237152360416663,0.0,0.0,0.0013237152360416663,1.0761000908636473
2024-03-15,-3.0680376519383215e-05,0.0,0.0,-3.0680376519383215e-05,1.0760670757076871
2024-03-18,-0.0024044020261124524,0.899280973541361,0.0013489214603120416,-0.003753323486424494,1.0720282478794654
2024-03-19,-0.00040606936087027724,0.0,0.0,-0.00040606936087027724,1.0715929300540141
2024-03-20,0.00260375671890035,0.0,0.0,0.00260375671890035,1.0743830973455684
2024-03-21,0.013599764589632645,0.0,0.0,0.013599764589632645,1.0889944545485484
2024-03-22,-0.001715916731064979,0.0,0.0,-0.001715916731064979,1.0871258307439515
2024-03-25,-0.0021101115184122875,0.8009586318170043,0.0012014379477255067,-0.003311549466137794,1.083525759779527
2024-03-26,0.002366353890500444,0.0,0.0,0.002366353890500444,1.0860897651766388
2024-03-27,0.00351759086169102,0.0,0.0,0.00351759086169102,1.0899101846096004
2024-03-28,0.0004680530413227722,0.0,0.0,0.0004680530413227722,1.0904203203862757
2024-03-29,0.0010917122806474115,0.0,0.0,0.0010917122806474115,1.0916107456411088
2024-04-01,0.0014760132667286261,0.46399238706679824,0.0006959885806001974,0.0007800246861284287,1.092462228970352
2024-04-02,-0.0013543057578064865,0.0,0.0,-0.0013543057578064865,1.0909827010834714
2024-04-03,-0.004430451848737747,0.0,0.0,-0.004430451848737747,1.0861491547585154
2024-04-08,0.003964658994573433,0.786338951112987,0.0011795084266694807,0.0027851505679039527,1.0891742436937195
2024-04-09,0.0012752427722870527,0.0,0.0,0.0012752427722870527,1.0905632052757512
2024-04-10,0.0013625026507901915,0.0,0.0,0.0013625026507901915,1.0920491005337938
2024-04-11,-0.006893355109658791,0.0,0.0,-0.006893355109658791,1.0845212182866308
2024-04-12,0.012838005343020032,0.0,0.0,0.012838005343020032,1.098444307481613
2024-04-15,0.0004639523894653995,0.7674718707901073,0.001151207806185161,-0.0006872554167197615,1.0976893956813314
2024-04-16,-0.007569167772903318,0.0,0.0,-0.007569167772903318,1.0893808004828827
2024-04-17,0.00231119049306063,0.0,0.0,0.00231119049306063,1.0918985670322814
2024-04-18,-0.0011559121658704086,0.0,0.0,-0.0011559121658704086,1.0906364281947523
2024-04-19,-0.003758691479422625,0.0,0.0,-0.003758691479422625,1.0865370623449486
2024-04-22,-0.012324637983874863,0.8140233148606053,0.001221034972290908,-0.013545672956165771,1.0718191866436708
2024-04-23,-0.011949190935846274,0.0,0.0,-0.011949190935846274,1.0590118145337621
2024-04-24,0.004022931953335402,0.0,0.0,0.004022931953335402,1.0632721470014097
2024-04-25,0.0013257166256538833,0.0,0.0,0.0013257166256538833,1.0646817445642842
2024-04-26,0.00044053750216820607,0.0,0.0,0.00044053750216820607,1.0651507768006385
2024-04-29,0.0007935161198604465,1.0355825592372694,0.001553373838855904,-0.0007598577189954575,1.0643414137609926
2024-04-30,0.003145283066200441,0.0,0.0,0.003145283066200441,1.067689068786351
2024-05-06,0.0009437759308451642,0.33097186753960695,0.0004964578013094104,0.0004473181295357538,1.0681666654635262
2024-05-07,0.00026957361432548973,0.0,0.0,0.00026957361432548973,1.0684546150122372
2024-05-08,0.0006287760688002956,0.0,0.0,0.0006287760688002956,1.069126433704756
2024-05-09,0.0014520207652289783,0.0,0.0,0.0014520207652289783,1.0706788274871504
2024-05-10,0.005061085492738486,0.0,0.0,0.005061085492738486,1.0760976245683278
2024-05-13,0.004942284955920954,1.0029815477883883,0.0015044723216825825,0.003437812634238372,1.079797046577743
2024-05-14,-0.0030129796766818614,0.0,0.0,-0.0030129796766818614,1.076543640021463
2024-05-15,-0.002774364271882362,0.0,0.0,-0.002774364271882362,1.073556915809465
2024-05-16,0.0017044190476792512,0.0,0.0,0.0017044190476792512,1.0753867066655385
2024-05-17,0.005518420930452969,0.0,0.0,0.005518420930452969,1.0813211431759326
2024-05-20,0.009975852051116667,0.6697270292747965,0.0010045905439121949,0.008971261507204472,1.0910219579246332
2024-05-21,-0.004783323827361447,0.0,0.0,-0.004783323827361447,1.0858032465971177
2024-05-22,0.00014251214260380186,0.0,0.0,0.00014251214260380186,1.0859579867442364
2024-05-23,-0.010424725600699469,0.0,0.0,-0.010424725600699469,1.0746371727185395
2024-05-24,-0.00377638817838449,0.0,0.0,-0.00377638817838449,1.0705789256034328
2024-05-27,0.005715265600588734,0.6347351101730476,0.0009521026652595715,0.004763162935329163,1.0756782674612115
2024-05-28,0.0007267796317213146,0.0,0.0,0.0007267796317213146,1.0764600485162876
2024-05-29,0.0013451968823905247,0.0,0.0,0.0013451968823905247,1.0779080992175698
2024-05-30,-0.0072235127282562,0.0,0.0,-0.0072235127282562,1.0701218163429813
2024-05-31,0.00013552728662809637,0.0,0.0,0.00013552728662809637,1.070266847049112
2024-06-03,-0.006435558842737947,0.5056679594576221,0.0007585019391864332,-0.007194060781924381,1.062567282298562
2024-06-04,0.004264295403989104,0.0,0.0,0.004264295403989104,1.0670983830768968
2024-06-05,-0.007554523597995757,0.0,0.0,-0.007554523597995757,1.0590369631605592
2024-06-06,0.0051599457633051595,0.0,0.0,0.0051599457633051595,1.0645015364518031
2024-06-07,0.003915266136817179,0.0,0.0,0.003915266136817179,1.0686693432700627
2024-06-11,-0.005461510963351712,0.6994581847897313,0.001049187277184597,-0.006510698240536308,1.0617115596571192
2024-06-12,0.004132808554995768,0.0,0.0,0.004132808554995768,1.0660994102738082
2024-06-13,0.0026243814948384847,0.0,0.0,0.0026243814948384847,1.068897261837789
2024-06-14,0.0002703083232222537,0.0,0.0,0.0002703083232222537,1.0691861936643332
2024-06-17,-0.0029406866247383787,0.2823047099027304,0.0004234570648540956,-0.0033641436895924743,1.065589297677918
2024-06-18,0.003908174766840502,0.0,0.0,0.003908174766840502,1.0697538068829182
2024-06-19,0.000925692127890304,0.0,0.0,0.000925692127890304,1.0707440695607304
2024-06-20,0.0010782818874858118,0.0,0.0,0.0010782818874858118,1.0718986334970706
2024-06-21,-0.00209081000174897,0.0,0.0,-0.00209081000174897,1.069657497113294
2024-06-24,-0.0035457844351507693,0.2842714777024788,0.00042640721655371817,-0.003972191651704487,1.0654086125330775
2024-06-25,-0.0007393874594404176,0.0,0.0,-0.0007393874594404176,1.0646208627657907
2024-06-26,0.0020874070553363296,0.0,0.0,0.0020874070553363296,1.0668431598659862
2024-06-27,5.843475320703418e-05,0.0,0.0,5.843475320703418e-05,1.0669055005827437
2024-06-28,0.006670249233622516,0.0,0.0,0.006670249233622516,1.0740220261803535
2024-07-01,0.001643264279687557,0.6076756375023307,0.000911513456253496,0.0007317508234340609,1.0748079426823973
2024-07-02,0.0013296046795831342,0.0,0.0,0.0013296046795831342,1.076237012352641
2024-07-03,0.003663754179359646,0.0,0.0,0.003663754179359646,1.0801800802046295
2024-07-04,-0.0006834725192301906,0.0,0.0,-0.0006834725192301906,1.0794418068039897
2024-07-05,-0.0018770131135502836,0.0,0.0,-0.0018770131135502836,1.0774156803773043
2024-07-08,0.0009367732032168838,0.2738568147528792,0.00041078522212931884,0.0005259879810875649,1.077982388075818
2024-07-09,0.002497585208169357,0.0,0.0,0.002497585208169357,1.0806747409429434
2024-07-10,-0.00455448463949526,0.0,0.0,-0.00455448463949526,1.0757528244350283
2024-07-11,0.0057424453820052795,0.0,0.0,0.0057424453820052795,1.0819302762738843
2024-07-12,-0.006908605449088072,0.0,0.0,-0.006908605449088072,1.074455646871685
2024-07-15,0.00944086468452925,0.3551318271786066,0.0005326977407679098,0.00890816694376134,1.0840270771476852
2024-07-16,0.001913801725590191,0.0,0.0,0.001913801725590191,1.086101690038517
2024-07-17,0.003129532816212964,0.0,0.0,0.003129532816212964,1.0895006809192367
2024-07-18,-0.002058165725425571,0.0,0.0,-0.002058165725425571,1.087258307959941
2024-07-19,-0.00580516801953458,0.0,0.0,-0.00580516801953458,1.0809465908015987
2024-07-22,-0.007152866456782804,0.13686803129854935,0.00020530204694782403,-0.007358168503730628,1.0729928036429475
2024-07-23,0.002122494475581807,0.0,0.0,0.002122494475581807,1.0752702249410186
2024-07-24,-0.0019450643641012702,0.0,0.0,-0.0019450643641012702,1.0731787551447067
2024-07-25,-0.009995786433214814,0.0,0.0,-0.009995786433214814,1.0624514895036168
2024-07-26,0.0,1.0,0.0015,-0.0015,1.0608578122693615
2024-07-29,0.006346350856315527,1.0,0.0015,0.0048463508563155264,1.065999101436282
2024-07-30,-0.005445500518469891,0.0,0.0,-0.005445500518469891,1.0601942027767222
2024-07-31,-0.00016491230151410613,0.0,0.0,-0.00016491230151410613,1.0600193637106905
2024-08-01,0.002615963288287454,0.0,0.0,0.002615963288287454,1.0627923354510314
2024-08-02,-0.00928269868670852,0.0,0.0,-0.00928269868670852,1.0529267544344962
2024-08-05,-0.010899062126703956,0.7517528621160497,0.0011276292931740746,-0.01202669141987803,1.0402635292711788
2024-08-06,0.0,1.0,0.0015,-0.0015,1.038703133977272
2024-08-07,0.0,0.0,0.0,0.0,1.038703133977272
2024-08-08,0.0,0.0,0.0,0.0,1.038703133977272
2024-08-09,0.0,0.0,0.0,0.0,1.038703133977272
2024-08-12,0.0,0.0,0.0,0.0,1.038703133977272
2024-08-13,0.0,0.0,0.0,0.0,1.038703133977272
2024-08-14,0.0,0.0,0.0,0.0,1.038703133977272
2024-08-15,0.0,0.0,0.0,0.0,1.038703133977272
2024-08-16,0.0,0.0,0.0,0.0,1.038703133977272
2024-08-19,0.003003756257862821,1.0,0.0015,0.0015037562578628211,1.040265090315052
2024-08-20,0.00018731415690254565,0.0,0.0,0.00018731415690254565,1.0404599466933997
2024-08-21,0.0009901497814484134,0.0,0.0,0.0009901497814484134,1.041490157882224
2024-08-22,0.0,1.0,0.0015,-0.0015,1.0399279226454008
2024-08-23,0.0,0.0,0.0,0.0,1.0399279226454008
2024-08-26,0.0,0.0,0.0,0.0,1.0399279226454008
2024-08-27,0.0,0.0,0.0,0.0,1.0399279226454008
2024-08-28,0.0,0.0,0.0,0.0,1.0399279226454008
2024-08-29,0.0,0.0,0.0,0.0,1.0399279226454008
2024-08-30,0.0,0.0,0.0,0.0,1.0399279226454008
2024-09-02,0.0007634927049387434,1.0,0.0015,-0.0007365072950612566,1.0391620081440345
2024-09-03,0.0,1.0,0.0015,-0.0015,1.0376032651318186
2024-09-04,0.0,0.0,0.0,0.0,1.0376032651318186
2024-09-05,0.0,0.0,0.0,0.0,1.0376032651318186
2024-09-06,0.0,0.0,0.0,0.0,1.0376032651318186
2024-09-09,0.0,0.0,0.0,0.0,1.0376032651318186
2024-09-10,0.0,0.0,0.0,0.0,1.0376032651318186
2024-09-11,0.0,0.0,0.0,0.0,1.0376032651318186
2024-09-12,0.0,0.0,0.0,0.0,1.0376032651318186
2024-09-13,0.0,0.0,0.0,0.0,1.0376032651318186
2024-09-18,0.0,0.0,0.0,0.0,1.0376032651318186
2024-09-19,0.0,0.0,0.0,0.0,1.0376032651318186
2024-09-20,0.00572603649396619,1.0,0.0015,0.00422603649396619,1.041988214396524
2024-09-23,0.0031522192452060668,0.004625507750608077,6.938261625912115e-06,0.0031452809835801547,1.04526556011238
2024-09-24,-0.003028355997861655,0.0,0.0,-0.003028355997861655,1.0421001238840553
2024-09-25,0.0013991531296213865,0.0,0.0,0.0013991531296213865,1.0435581815337664
2024-09-26,0.001521000940663531,0.0,0.0,0.001521000940663531,1.0451454345095164
2024-09-27,-0.005594900177137367,0.0,0.0,-0.005594900177137367,1.0392979501328448
2024-09-30,0.022651876563594818,0.9964174816247903,0.0014946262224371854,0.021157250341157632,1.0612866370428573
2024-10-08,0.013670995583400528,0.45119769203914195,0.0006767965380587129,0.012994199045341815,1.0750772068487535
2024-10-09,-0.022278314547983603,0.0,0.0,-0.022278314547983603,1.0511262986712093
2024-10-10,0.0032780445268531795,0.0,0.0,0.0032780445268531795,1.0545719374816
2024-10-11,-0.00037391930342054597,0.0,0.0,-0.00037391930342054597,1.0541776126773301
2024-10-14,0.005148295952487633,0.48077167449904884,0.0007211575117485733,0.0044271384407390596,1.0588446029097804
2024-10-15,-0.010524312445442666,0.0,0.0,-0.010524312445442666,1.0477009914775872
2024-10-16,0.007289619475538885,0.0,0.0,0.007289619475538885,1.0553383330296038
2024-10-17,0.0021300412829008083,0.0,0.0,0.0021300412829008083,1.0575862472463846
2024-10-18,0.017882701308523638,0.0,0.0,0.017882701308523638,1.0764987462138942
2024-10-21,0.002690990085543398,0.40963544695118354,0.0006144531704267753,0.002076536915116623,1.078734135599484
2024-10-22,0.0007845061726075434,0.0,0.0,0.0007845061726075434,1.0795804091874641
2024-10-23,0.007427365937974118,0.0,0.0,0.007427365937974118,1.0875988479459673
2024-10-24,-0.008424325664942604,0.0,0.0,-0.008424325664942604,1.0784365610580542
2024-10-25,0.0017796308215775657,0.0,0.0,0.0017796308215775657,1.0803557800012293
2024-10-28,0.002626927421444438,0.007432021765548774,1.1148032648323161e-05,0.002615779388796115,1.0831817523831233
2024-10-29,0.003272718469294239,0.0,0.0,0.003272718469294239,1.0867267013097501
2024-10-30,0.0009590131758448455,0.0,0.0,0.0009590131758448455,1.0877688865348485
2024-10-31,-0.0002945529088327508,0.0,0.0,-0.0002945529088327508,1.0874484810451819
2024-11-01,-0.0034987244613409645,0.0,0.0,-0.0034987244613409645,1.083643798444101
2024-11-04,0.0029937061064773647,0.820467620199705,0.0012307014302995573,0.0017630046761778074,1.085554267528069
2024-11-05,0.008787609907049628,0.0,0.0,0.008787609907049628,1.0950936949640386
2024-11-06,-0.001328589168585331,0.0,0.0,-0.001328589168585331,1.0936387653423232
2024-11-07,0.0024484808885544837,0.0,0.0,0.0024484808885544837,1.0963165189582462
2024-11-08,0.00014828730564855203,0.0,0.0,0.00014828730564855203,1.0964790887809805
2024-11-11,4.240297639476688e-05,1.5207253751729186,0.0022810880627593777,-0.0022386850863646106,1.0940244173974158
2024-11-12,-0.025770120631066457,0.0,0.0,-0.025770120631066457,1.0658312761877522
2024-11-13,-0.0008541196687364295,0.0,0.0,-0.0008541196687364295,1.0649209287312058
2024-11-14,-0.022028054989077957,0.0,0.0,-0.022028054989077957,1.0414627919540949
2024-11-15,-0.01866773838592612,0.0,0.0,-0.01866773838592612,1.0220210370152196
2024-11-18,-0.0045081137119896055,1.3599477262987623,0.002039921589448143,-0.006548035301437749,1.015328807186032
2024-11-19,0.01371039870161167,0.0028650800786711728,4.297620118006759e-06,0.013706101081493663,1.029245006448276
2024-11-20,0.002781017904507408,0.025745487771263606,3.861823165689541e-05,0.0027423996728505127,1.032067607617243
2024-11-21,0.0013854671614060743,3.540966255022315e-05,5.311449382533473e-08,0.001385414046912249,1.0334974485781991
2024-11-22,-0.024606316945377647,0.00020957535559402996,3.1436303339104494e-07,-0.024606631308411037,1.0080665579028518
2024-11-25,-0.003886585391614147,0.5555217435701082,0.0008332826153551624,-0.004719868006969309,1.0033086168073104
2024-11-26,-0.002206368362209483,0.001670468463986871,2.5057026959803065e-06,-0.0022088740649054634,1.0010924344245486
2024-11-27,0.018985257723551204,0.00044454182499034656,6.668127374855199e-07,0.01898459091081372,1.0200977647560092
2024-11-28,-0.001155682073877934,0.04358380157511234,6.53757023626685e-05,-0.0012210577762406026,1.0188521664478283
2024-11-29,0.0076435327526757635,0.00015473043902511363,2.3209565853767043e-07,0.007643300657017226,1.0266395598810423
2024-12-02,0.004406018515964925,0.017510586154105084,2.626587923115763e-05,0.004379752636733767,1.0311359872004064
2024-12-03,-0.0014559326827916514,0.002202298895662022,3.303448343493033e-06,-0.0014592361311351444,1.0296313163117699
2024-12-04,-0.0013280804426628959,0.00030764187591784953,4.614628138767743e-07,-0.0013285419054767727,1.0282634079608584
2024-12-05,-0.0009288264640651011,0.00022287311169154334,3.34309667537315e-07,-0.0009291607737326385,1.0273079859371166
2024-12-06,0.008712424298981431,0.00012555811275391515,1.8833716913087274e-07,0.0087122359618123,1.036258135516055
2024-12-09,0.002591561801625582,0.7718226635637794,0.001157733995345669,0.001433827806279913,1.0377439512452418
2024-12-10,0.0003464137352696857,0.0006423726481156466,9.6355897217347e-07,0.0003454501762975122,1.0381024400761512
2024-12-11,-0.00122579594298431,8.638405285643636e-06,1.2957607928465454e-08,-0.0012258089005922385,1.0368299248653794
2024-12-12,0.007336781998044088,0.00025761218543184083,3.8641827814776123e-07,0.00733639557976594,1.0444365193431306
2024-12-13,-0.002607374719846747,0.005778424256903544,8.667636385355317e-06,-0.0026160423562321023,1.0417042291701333
2024-12-16,-0.003017301589244458,0.7245141839182668,0.0010867712758774002,-0.004104072865121858,1.0374289991097134
2024-12-17,-0.004258788629821983,0.0012917976438078793,1.937696465711819e-06,-0.004260726326287695,1.0330087980615523
2024-12-18,0.002700657747012749,0.002375366733892062,3.563050100838093e-06,0.0026970946969119107,1.0357949206126673
2024-12-19,-0.0042192123626835784,0.0007055364927557456,1.0583047391336184e-06,-0.004220270667422712,1.0314235856917402
2024-12-20,0.005401302822045784,0.002298837568878706,3.4482563533180592e-06,0.005397854565692466,1.0369910602029293
2024-12-23,-0.001379921431470687,0.5427384640596339,0.0008141076960894508,-0.002194029127560138,1.0347158716118245
2024-12-24,0.006133253541529865,0.00034442399064682494,5.166359859702374e-07,0.006132736905543895,1.0410615118244104
2024-12-25,0.002658450655066642,0.0032939394581229797,4.940909187184469e-06,0.0026535097458794577,1.0438239786920966
2024-12-26,0.0014347891390702194,0.0005756109663357378,8.634164495036067e-07,0.0014339257226207158,1.0453207447450317
2024-12-27,-0.00235212319514471,5.674146555031956e-05,8.511219832547934e-08,-0.0023522083073430357,1.0428619326054043
2024-12-30,0.0011738963005275393,0.8905528211325745,0.0013358292316988617,-0.0001619329311713224,1.0426930589158505
2024-12-31,-0.013038276074507003,0.03863652029281836,5.795478043922754e-05,-0.01309623085494623,1.0290377099054384
2025-01-02,-0.018053196493438912,0.004426210170629927,6.63931525594489e-06,-0.018059835808694857,1.0104534578235909
2025-01-03,-0.007095110188358594,0.0009296723846392158,1.3945085769588236e-06,-0.0070965046969355535,1.003282770114111
2025-01-06,0.0034863864077602016,1.147548014729363,0.0017213220220940446,0.001765064385666157,1.0050536288003917
2025-01-07,-0.0012141012128783397,0.0018767461919089873,2.8151192878634808e-06,-0.0012169163321662031,1.0038305626248016
2025-01-08,0.0009563175058707917,0.002577735601741349,3.8666034026120235e-06,0.0009524509024681797,1.0047866619500987
2025-01-09,0.0009504834126534351,0.007955142121071054,1.1932713181606582e-05,0.0009385506994718285,1.005729705174492
2025-01-10,0.0011654750627677294,0.004865115360811009,7.297673041216514e-06,0.0011581773897265128,1.0068945185792013
2025-01-13,0.00013971651095902231,0.8266810400136236,0.0012400215600204354,-0.0011003050490614131,1.0057866274565364
2025-01-14,0.003557800879107015,0.030918801322801337,4.6378201984202003e-05,0.003511422677122813,1.0093183694285341
2025-01-15,0.001264190056028583,0.0011569125385557585,1.7353688078336377e-06,0.0012624546872207494,1.0105925881349174
2025-01-16,-0.0002963378468739354,0.00025176297742240256,3.776444661336038e-07,-0.00029671549134006897,1.0102927296585844
2025-01-17,0.002586760026054456,0.006555288674576151,9.832933011864227e-06,0.0025769270930425916,1.0128961803655456
2025-01-20,0.001023713515361271,0.5144641979452986,0.0007716962969179479,0.000252017218443323,1.013151447643493
2025-01-21,-0.0003539048033623863,0.00026452432494480926,3.9678648741721387e-07,-0.00035430158984980356,1.0127924864748343
2025-01-22,0.005228567273396047,0.0011311799121336286,1.696769868200443e-06,0.005226870503527847,1.0180862216485842
2025-01-23,-0.0009128569332340899,0.0028918231330083977,4.337734699512596e-06,-0.0009171946679336025,1.0171524383945914
2025-01-24,0.002883757184345778,0.0002897979979169796,4.346969968754694e-07,0.0028833224873489028,1.0200852168932761
2025-01-27,-0.002868850057565626,0.3573566039113034,0.0005360349058669551,-0.003404884963432581,1.0166119440768564
2025-02-05,0.012889582532852932,0.35241219508326027,0.0005286182926248905,0.012360964240228041,1.0291782479637792
2025-02-06,-0.001009196386657554,0.021187818627463634,3.178172794119545e-05,-0.0010409781145987495,1.0281068959316277
2025-02-07,-2.3496822341327324e-05,0.008061999069666509,1.2092998604499763e-05,-3.5589820945827086e-05,1.0280703057912883
2025-02-10,0.003258772305080295,0.4000916117673083,0.0006001374176509624,0.0026586348874293323,1.030803569372995
2025-02-11,0.002611558866173604,0.000959801908543334,1.439702862815001e-06,0.002610119163310789,1.0334940895230247
2025-02-12,-0.002929739314896917,0.0012025827467742334,1.80387412016135e-06,-0.0029315431890170785,1.030464356963994
2025-02-13,0.0006590220756838162,0.0006726163616376235,1.0089245424564352e-06,0.0006580131511413598,1.0311424160626588
2025-02-14,0.0027093995483850235,0.06550697967573615,9.826046951360424e-05,0.002611139078871419,1.033834872321122
2025-02-17,-0.0022185320360416454,0.666584648554827,0.0009998769728322403,-0.0032184090088738858,1.0305075688543557
2025-02-18,0.004852403485841984,0.060141488613406915,9.021223292011037e-05,0.004762191252921873,1.0354150429848237
2025-02-19,0.005127593097408326,0.0234378979337911,3.515684690068665e-05,0.0050924362505076395,1.0406878280840404
2025-02-20,-0.0017361066010340583,0.0,0.0,-0.0017361066010340583,1.038881083076088
2025-02-21,0.0028361037699028693,0.0,0.0,0.0028361037699028693,1.041827457632281
2025-02-24,0.0017945947898916938,0.7783731667166436,0.0011675597500749653,0.0006270350398167284,1.0424807199536597
2025-02-25,-0.007887377729593095,0.0,0.0,-0.007887377729593095,1.0342582807395668
2025-02-26,0.01898683095775093,0.0,0.0,0.01898683095775093,1.0538955678826232
2025-02-27,-0.00441184523874041,0.0,0.0,-0.00441184523874041,1.0492459437393307
2025-02-28,-0.02346050744130064,0.0,0.0,-0.02346050744130064,1.0246301014684795
2025-03-03,-0.002666839556374088,0.7837513071585505,0.0011756269607378258,-0.003842466517111914,1.0206929946111618
2025-03-04,0.003463269907184291,0.0,0.0,0.003463269907184291,1.0242279299438726
2025-03-05,0.010317736687637953,0.0,0.0,0.010317736687637953,1.0347956440331578
2025-03-06,0.013085873041419446,0.0,0.0,0.013085873041419446,1.0483368484547895
2025-03-07,-0.003188697707509024,0.0,0.0,-0.003188697707509024,1.0449940191494245
2025-03-10,-0.005148055524598413,0.9294592075974788,0.0013941888113962182,-0.006542244335994631,1.0381574129464959
2025-03-11,-0.0023079840607741144,0.0,0.0,-0.0023079840607741144,1.035761362184841
2025-03-12,-0.0010357802996588065,0.0,0.0,-0.0010357802996588065,1.034688540970742
2025-03-13,-0.0008693998047513362,0.0,0.0,-0.0008693998047513362,1.0337889829552436
2025-03-14,0.016625024139912608,0.0,0.0,0.016625024139912608,1.0509757497524501
2025-03-17,0.0007390976313605051,0.42186043477193996,0.00063279065215791,0.00010630697920259512,1.0510874758096216
2025-03-18,0.01107625499118199,0.0,0.0,0.01107625499118199,1.0627295887097268
2025-03-19,0.004682693233881695,0.0,0.0,0.004682693233881695,1.0677060253642237
2025-03-20,-0.005341939522859454,0.0,0.0,-0.005341939522859454,1.0620024043485354
2025-03-21,-0.011760148957925211,0.0,0.0,-0.011760148957925211,1.049513097879722
2025-03-24,0.0003706549759585157,0.42833017926796835,0.0006424952689019526,-0.00027184029294343684,1.0492277979317464
2025-03-25,-0.008463263252391308,0.0,0.0,-0.008463263252391308,1.0403479068661232
2025-03-26,0.00409225069196503,0.0,0.0,0.00409225069196503,1.0446052713078804
2025-03-27,0.005343519905849352,0.0,0.0,0.005343519905849352,1.0501871403688692
2025-03-28,0.0030732850368128733,0.0,0.0,0.0030732850368128733,1.053414664793218
2025-03-31,2.1784662404677937e-05,0.021296439725636163,3.1944659588454246e-05,-1.015999718377631e-05,1.0534039621031905
2025-04-01,0.005513485760069456,0.0,0.0,0.005513485760069456,1.059211889847847
2025-04-02,-0.003295943982459594,0.0,0.0,-0.003295943982459594,1.0557207867933533
2025-04-03,-0.0016124610754645699,0.0,0.0,-0.0016124610754645699,1.0540184781180904
2025-04-07,-0.041863822365707,0.42220324950676325,0.0006333048742601449,-0.042497127239967146,1.0092257207402293
2025-04-08,-0.01211967043166967,0.12126795018709902,0.00018190192528064853,-0.012301572356950318,0.9968106575120481
2025-04-09,0.01003392692006688,0.011645732439195783,1.7468598658793673e-05,0.010016458321408087,1.006795169917353
2025-04-10,0.018442828218857264,0.010611547395014687,1.591732109252203e-05,0.018426910897764742,1.02534729480572
2025-04-11,0.011346958021868931,0.03807499363780263,5.711249045670395e-05,0.011289845531412226,1.036923307380128
2025-04-14,0.00607396854470148,0.34757268781482964,0.0005213590317222445,0.0055526095129792355,1.0426809376009167
2025-04-15,-0.0009812402254237452,0.0033163745095928787,4.974561764389318e-06,-0.0009862147871881346,1.0416526302419356
2025-04-16,-5.685360694102776e-05,0.0003677477332261342,5.516215998392013e-07,-5.740522854086696e-05,1.0415928339346363
2025-04-17,0.0047417647352564355,3.4080096166455576e-05,5.1120144249683366e-08,0.004741713615112186,1.0465317688567075
2025-04-18,2.5412871057029504e-05,0.0010966420378940717,1.6449630568411075e-06,2.3767908000188395e-05,1.046556642727509
2025-04-21,0.005487987389106252,0.3571583397938877,0.0005357375096908316,0.00495224987941542,1.0517394527352577
2025-04-22,0.012709994584226657,0.002408490689197011,3.6127360337955167e-06,0.012706381848192862,1.0651032558265214
2025-04-23,-0.016919582720259025,0.01560175582006107,2.3402633730091604e-05,-0.016942985353989116,1.0470572269625666
2025-04-24,0.003133129748577119,0.03436221315361698,5.1543319730425476e-05,0.0030815864288466933,1.0502838243034003
2025-04-25,-0.0016578401468196548,0.0005189811860892776,7.784717791339164e-07,-0.0016586186185987887,1.0485418039975976
2025-04-28,-0.0027715600577317974,0.7134373623631477,0.0010701560435447215,-0.0038417161012765186,1.0445136040663185
2025-04-29,0.0018364129980704149,0.0010648924913893645,1.5973387370840468e-06,0.0018348156593333308,1.046430093983446
2025-04-30,-0.0028630350992359978,0.00021844923700471697,3.2767385550707546e-07,-0.002863362773091505,1.0434337850076914
2025-05-06,0.0059061561368912545,0.6823227404904075,0.0010234841107356113,0.004882672026155643,1.0485285299608942
2025-05-07,-0.006584903143161663,0.009288040622529525,1.3932060933794289e-05,-0.006598835204095457,1.0416094629848898
2025-05-08,-0.004789512539252952,0.005328657864324446,7.992986796486669e-06,-0.004797505526049439,1.0366123358302344
2025-05-09,0.001058845984746354,0.0029524131935008274,4.428619790251241e-06,0.0010544173649561029,1.0377053578778614
2025-05-12,-0.002581219309066446,1.0478159157028721,0.0015717238735543082,-0.0041529431826207545,1.0333958264862937
2025-05-13,-0.0017725935227953659,0.00045970886882475137,6.895633032371271e-07,-0.001773283086098603,1.0315633231459407
2025-05-14,0.002579710761854024,0.0004284508499537848,6.426762749306772e-07,0.0025790680855790936,1.0342237951909203
2025-05-15,-0.006883931062365883,0.0005814188211652194,8.721282317478291e-07,-0.006884803190597631,1.027103367905998
2025-05-16,0.0019709503401544185,0.005086426823825332,7.629640235737999e-06,0.0019633206999186805,1.029119901209164
2025-05-19,0.0002321071029828325,0.7610634417777662,0.0011415951626666493,-0.0009094880596838168,1.0281839289470314
2025-05-20,0.003435918596323936,0.0013723316872622376,2.0584975308933563e-06,0.0034338600987930427,1.031714568714863
2025-05-21,0.0021056875281670107,0.00029373975060753565,4.4060962591130347e-07,0.0021052469185410994,1.033886582631464
2025-05-22,0.00020097039308103584,0.000184560981402071,2.768414721031065e-07,0.00020069355160893274,1.0340940770016933
2025-05-23,-0.0023012418574685964,0.00041518138839147234,6.227720825872085e-07,-0.0023018646295511836,1.0317137324222148
2025-05-26,-0.002506526971489332,0.007855398215129317,1.1783097322693975e-05,-0.0025183100688120257,1.0291155573417243
2025-05-27,0.0012816266900666457,0.0032253441674983258,4.8380162512474885e-06,0.001276788673815398,1.0304295204293854
2025-05-28,0.0010284800426913108,0.023053202082454732,3.4579803123682096e-05,0.0009939002395676288,1.0314536645765977
2025-05-29,0.0005091254837123732,0.0011755923420721237,1.7633885131081857e-06,0.0005073620951992651,1.0319769850689582
2025-05-30,0.0014040802690911455,0.04130106529901542,6.195159794852312e-05,0.0013421286711426223,1.0333620309685785
2025-06-03,0.007534020593245448,0.8353919165482063,0.0012530878748223096,0.006280932718423138,1.0398525083588652
2025-06-04,0.0002723183940872196,0.005342197342237828,8.013296013356743e-06,0.00026430509807386283,1.0401273466780694
2025-06-05,-0.0002720984156660786,0.0076569373807608004,1.1485406071141201e-05,-0.00028358382173721984,1.039832383390005
2025-06-06,0.00021345572433547963,0.013458530064631699,2.018779509694755e-05,0.00019326792923853207,1.0400333496414977
2025-06-09,0.0017776953463967328,0.9471921802371943,0.0014207882703557914,0.0003569070760409414,1.0404045449033035
2025-06-10,0.006128197081196576,0.0022590070149448374,3.388510522417256e-06,0.006124808570674159,1.0467768235768957
2025-06-11,0.0045274686291659014,0.0034093996952658384,5.114099542898758e-06,0.004522354529623003,1.051510719486503
2025-06-12,0.004523575028638338,0.0017779942833334658,2.666991425000199e-06,0.004520908037213338,1.0562645027494455
2025-06-13,0.0011570628948868516,0.0017019989514221387,2.552998427133208e-06,0.0011545098964597185,1.057483970571149
2025-06-16,-0.00020571631420572307,1.0513580390602937,0.0015770370585904405,-0.0017827533727961635,1.0555987374559352
2025-06-17,-0.005741875986888498,4.228519654627533e-05,6.342779481941299e-08,-0.005741939414683317,1.049537553459247
2025-06-18,-0.0011913400597395455,0.005950571157675631,8.925856736513447e-06,-0.001200265916476059,1.0482778293057682
2025-06-19,-0.007663945697526986,0.0017050959611085437,2.5576439416628155e-06,-0.007666503341468648,1.040241203824608
2025-06-20,0.0015203487898513518,0.0047946960096904925,7.1920440145357396e-06,0.001513156745836816,1.0418152518194728
2025-06-23,0.00344748077250983,0.9437526948726975,0.0014156290423090463,0.002031851730200784,1.0439320659414317
2025-06-24,-0.002641670786526526,0.001316155027846641,1.9742325417699617e-06,-0.0026436450190682956,1.04117228013506
2025-06-25,0.003302353200633978,0.006355315412508056,9.532973118762084e-06,0.0032928202275152156,1.044600673279417
2025-06-26,0.00233344813232145,0.00020196275570211197,3.0294413355316794e-07,0.0023331451881878967,1.0470378783138568
2025-06-27,-0.007917710712682605,0.001894098984742007,2.8411484771130105e-06,-0.007920551861159718,1.0387447604980733
2025-06-30,-0.0005797515868028134,0.7187388150753358,0.0010781082226130037,-0.0016578598094158172,1.0370226673074023
2025-07-01,0.005532326716934564,6.12021527269524e-05,9.180322909042859e-08,0.005532234913705474,1.0427597203137844
2025-07-02,0.002092562170218086,0.000992221391408199,1.4883320871122984e-06,0.0020910738381309736,1.0449402078843895
2025-07-03,0.0022398051828183877,0.0006856385802146286,1.0284578703219429e-06,0.0022387767249480656,1.0472795957007635
2025-07-04,-0.00015590199720992624,0.00017179067297400097,2.5768600946100144e-07,-0.00015615968321938724,1.0471160528508567
2025-07-07,-1.849953688295037e-05,0.9796502684289757,0.0014694754026434635,-0.001487974939526414,1.0455579704054387
2025-07-08,0.0011309204272752986,0.0,0.0,0.0011309204272752986,1.0467404132720708
2025-07-09,-0.0015922896224550545,0.0,0.0,-0.0015922896224550545,1.0450736993746133
2025-07-10,0.0045880108660474725,0.0,0.0,0.0045880108660474725,1.0498685088631643
2025-07-11,-0.0022139801434876167,0.0,0.0,-0.0022139801434876167,1.0475441208312684
2025-07-14,0.004098145941745469,1.4000000000000001,0.0021000000000000003,0.0019981459417454687,1.0496372668651068
2025-07-15,-0.00267424604126325,0.0,0.0,-0.00267424604126325,1.0468302785594306
2025-07-16,0.0008482907501058041,0.0,0.0,0.0008482907501058041,1.047718295001663
2025-07-17,0.0034245373229995018,0.0,0.0,0.0034245373229995018,1.0513062454068856
2025-07-18,0.003622160857464263,0.0,0.0,0.003622160857464263,1.0551142457382061
2025-07-21,0.0010341596595130746,0.8030434209013322,0.0012045651313519982,-0.0001704054718389236,1.054934448497317
2025-07-22,0.0014774719234376095,0.0,0.0,0.0014774719234376095,1.056493084526039
2025-07-23,-0.0012726137671527104,0.0,0.0,-0.0012726137671527104,1.0551485768817694
2025-07-24,0.007919971071568558,0.0,0.0,0.007919971071568558,1.0635053230868796
2025-07-25,-0.0019981590678458125,0.0,0.0,-0.0019981590678458125,1.0613802702818513
2025-07-28,0.0053314213927246655,0.6552492902007649,0.0009828739353011475,0.004348547457423518,1.065995732757545
2025-07-29,0.004198465965824369,0.0,0.0,0.004198465965824369,1.0704712795612414
2025-07-30,-0.002844795433399276,0.0,0.0,-0.002844795433399276,1.0674260077535604
2025-07-31,-0.009425531357097602,0.0,0.0,-0.009425531357097602,1.0573649504460978
2025-08-01,-0.0036059688268897357,0.0,0.0,-0.0036059688268897357,1.0535521253961435
2025-08-04,0.00238280055906033,0.6837934663675405,0.0010256901995513107,0.0013571103595090195,1.0549819118998012
2025-08-05,0.012892641461550064,0.0,0.0,0.012892641461550064,1.0685834154383458
2025-08-06,0.002994869163657247,0.0,0.0,0.002994869163657247,1.0717836829580376
2025-08-07,-0.006818620245167323,0.0,0.0,-0.006818620245167323,1.0644755970389799
2025-08-08,-0.004531561901164782,0.0,0.0,-0.004531561901164782,1.0596518599787184
2025-08-11,0.006889186198457586,0.9143578461188411,0.0013715367691782615,0.005517649429279324,1.0654986474591646
2025-08-12,0.0012540767679639626,0.0,0.0,0.0012540767679639626,1.06683486455924
2025-08-13,0.013088324620592501,0.0,0.0,0.013088324620592501,1.0807979455831571
2025-08-14,-0.0038238840727444086,0.0,0.0,-0.0038238840727444086,1.0766650995331868
2025-08-15,0.01625868958147041,0.0,0.0,0.01625868958147041,1.0941702631697
2025-08-18,0.010425827808032629,0.6522516743093583,0.0009783775114640375,0.009447450296568592,1.104507382346979
2025-08-19,-0.009292104606810852,0.0,0.0,-0.009292104606810852,1.094244184211216
2025-08-20,-0.0006311315469029505,0.0,0.0,-0.0006311315469029505,1.0935535721865453
2025-08-21,0.001674301400131327,0.0,0.0,0.001674301400131327,1.0953845104635758
2025-08-22,0.00910354130122524,0.0,0.0,0.00910354130122524,1.1053563885953033
2025-08-25,0.0073104450779653656,0.3053198607547402,0.0004579797911321103,0.006852465286833255,1.112930804877732
2025-08-26,-0.007221368927329625,0.0,0.0,-0.007221368927329625,1.10489392094512
2025-08-27,-0.01852866516270539,0.0,0.0,-0.01852866516270539,1.0844217114436192
2025-08-28,0.0036970643616215126,0.0,0.0,0.0036970643616215126,1.088430888305966
2025-08-29,0.006331822501300835,0.0,0.0,0.006331822501300835,1.0953226394956526
2025-09-01,0.019074487572162707,1.3318291423036754,0.001997743713455513,0.017076743858707194,1.114027183652963
2025-09-02,-0.019044952709164516,0.0,0.0,-0.019044952709164516,1.0928105886235686
2025-09-03,0.005030122854034065,0.0,0.0,0.005030122854034065,1.0983075601405345
2025-09-04,-0.03714487797636089,0.0,0.0,-0.03714487797636089,1.0575110598385997
2025-09-05,0.040306728317519594,0.11255909288881362,0.00016883863933322044,0.04013788967818637,1.0999573220918633
2025-09-08,-0.006897417771407784,0.8892305703340426,0.001333845855501064,-0.008231263626908849,1.0909032833953765
2025-09-09,-0.004287344414243755,0.006113498521049823,9.170247781574735e-06,-0.00429651466202533,1.0862162014434167
2025-09-10,0.0007439990044026514,0.0007143685713937725,1.0715528570906588e-06,0.0007429274515455607,1.0870231812777826
2025-09-11,0.008914497538127907,0.00030441455799463946,4.566218369919592e-07,0.008914040916290914,1.0967129503926494
2025-09-12,-0.0024143639069168403,0.00129249956018615,1.938749340279225e-06,-0.0024163026562571198,1.094062959977464
2025-09-15,-0.002441474605449992,1.0161325877160874,0.001524198881574131,-0.003965673487024124,1.0897242635039464
2025-09-16,-0.00010185502648617098,0.0006918885199101166,1.037832779865175e-06,-0.00010289285926603616,1.0896121386586628
2025-09-17,0.000592986246490447,0.0008936968960926994,1.3405453441390492e-06,0.0005916457011463079,1.090256802996417
2025-09-18,-0.010072859749446916,0.0004058373588116948,6.087560382175422e-07,-0.010073468505485133,1.0792741354285416
2025-09-19,-0.0005805589935278232,0.011978846910887922,1.7968270366331883e-05,-0.0005985272638941551,1.0786281604332717
2025-09-22,0.0037218978807864195,0.8764053409522577,0.0013146080114283865,0.002407289869358033,1.0812247310766872
2025-09-23,0.0006487762261401331,0.0008107875278298912,1.2161812917448368e-06,0.0006475600448483883,1.0819248890120343
2025-09-24,0.0005045946640276171,0.0016133134357028608,2.4199701535542913e-06,0.0005021746938740628,1.0824682043119687
2025-09-25,-0.0011845753795730685,0.00011990353883720162,1.7985530825580244e-07,-0.0011847552348813243,1.0811857444403175
2025-09-26,-0.0015178107405645017,0.00019269570197247288,2.8904355295870934e-07,-0.0015180997841174604,1.0795443965950917
2025-09-29,0.0075183994910794465,0.601789521068746,0.0009026842816031189,0.006615715209476327,1.086686354878951
2025-09-30,0.002686255130900049,0.0049314445641773785,7.397166846266068e-06,0.0026788579640537828,1.089597433275147
2025-10-09,0.008693379455188369,0.8820661342070284,0.0013230992013105426,0.007370280253877827,1.0976280717222908
2025-10-10,-0.02261825104857296,0.006074921789697929,9.112382684546893e-06,-0.022627363431257506,1.0727916424310802
2025-10-13,-0.00792617424760448,0.7957246620665022,0.0011935869930997532,-0.009119761240704233,1.0630080387910859
2025-10-14,-0.023595316499448703,0.0063036628623233115,9.455494293484968e-06,-0.02360477199374219,1.0379159764079071
2025-10-15,0.012891746540741461,0.04776716681628802,7.165075022443204e-05,0.012820095790517029,1.0512221586479646
2025-10-16,0.004223531765926737,0.014095141992692434,2.114271298903865e-05,0.0042023890529376984,1.0556398031396723
2025-10-17,-0.014663069321487941,0.001426700164195549,2.1400502462933235e-06,-0.014665209371734234,1.0401586244054928
2025-10-20,0.010009225774206015,0.6602032111522506,0.000990304816728376,0.009018920957477639,1.0495397328222444
2025-10-21,0.012740094988082616,0.007962895517022985,1.1944343275534477e-05,0.012728150644807082,1.0628984326493167
2025-10-22,-7.872742849475829e-05,0.012752196400450451,1.9128294600675676e-05,-9.785572309543397e-05,1.0627944219546128
2025-10-23,-0.0015248466589138972,1.865213851059283e-05,2.7978207765889246e-08,-0.0015248746371216632,1.0611737936960999
2025-10-24,0.014027755332251333,0.0001796244456678739,2.6943666850181085e-07,0.014027485895582831,1.0760593941199341
2025-10-27,0.013371464054476598,0.356302449974222,0.000534453674961333,0.012837010379515266,1.0898727797312266
2025-10-28,-0.001975698700164969,0.012537686868299022,1.8806530302448532e-05,-0.0019945052304674174,1.0876990227715087
2025-10-29,0.007618314525711144,0.00010986954382330438,1.6480431573495657e-07,0.007618149721395409,1.0959852767787974
2025-10-30,-0.00893725093201986,0.003618501776963226,5.427752665444839e-06,-0.008942678684685304,1.0861842326054187
2025-10-31,-0.015173521526016257,0.0064819238917006305,9.722885837550946e-06,-0.015183244411853808,1.0696924319254688
2025-11-03,0.0034281314771408174,0.8558128681882441,0.0012837193022823662,0.002144412174858451,1.0719862933998436
2025-11-04,-0.0060164427980905245,0.00037218743769877605,5.582811565481641e-07,-0.0060170010792470726,1.0655361507155188
2025-11-05,-0.0021247222778233133,0.002875815495191142,4.3137232427867125e-06,-0.0021290360010661,1.063267585890208
2025-11-06,0.007603656298586238,0.002431206888682834,3.646810333024251e-06,0.0076000094882532135,1.0713484296315257
2025-11-07,-0.0026440806408249205,0.0038994269204604137,5.849140380690621e-06,-0.002649929781205611,1.0685094315217973
2025-11-10,-0.0013036077946450412,0.6900504694492551,0.0010350757041738825,-0.002338683498818924,1.066010526145965
2025-11-11,-0.002219147966611172,0.0002727599586837409,4.091399380256114e-07,-0.0022195571065491975,1.0636444549070014
2025-11-12,0.0021194597244872156,0.0003241662174575388,4.862493261863083e-07,0.002118973475161029,1.0658982892939515
2025-11-13,0.004410988629779733,0.0002651432663109757,3.977148994664635e-07,0.004410590914880267,1.0705995306048977
2025-11-14,-0.006270501015316729,0.0015873412882983495,2.381011932447524e-06,-0.0062728820272491765,1.0638837860509849
2025-11-17,-0.001676709984102791,0.5778540448516509,0.0008667810672774763,-0.0025434910513802674,1.0611778071614557
2025-11-18,-0.008180118836491935,0.004552747061354834,6.8291205920322505e-06,-0.008186947957083968,1.0524899996810124
2025-11-19,0.004293428100458007,0.002526911000646233,3.7903665009693494e-06,0.004289637733957037,1.0570048004982564
2025-11-20,-0.002268865100367714,0.00012088906877698313,1.813336031654747e-07,-0.0022690464339708795,1.0546064075249957
2025-11-21,-0.014071854250892,0.0003168328529084552,4.752492793626828e-07,-0.014072329500171362,1.039765638665312
2025-11-24,0.0007453985370321763,0.6710723081702694,0.001006608462255404,-0.00026120992522322777,1.0394940415605864
2025-11-25,0.007675087188698625,0.0015746622927174866,2.36199343907623e-06,0.007672725195259549,1.0474697936835906
2025-11-26,0.008450333991854993,0.003560029434206434,5.340044151309651e-06,0.008444993947703684,1.056315669751651
2025-11-27,0.0020397324357838047,0.004704682258548705,7.057023387823058e-06,0.002032675412395982,1.0584628166412837
2025-11-28,0.0011362411057727981,0.004998810411712962,7.498215617569442e-06,0.0011287428901552287,1.0596575490200613
2025-12-01,0.0005422056516810594,0.317087801400354,0.00047563170210053094,6.657394958052847e-05,1.0597280946083023
2025-12-02,-0.0032552722067587807,0.0006618011385023451,9.927017077535175e-07,-0.0032562649084665342,1.0562773392013132
2025-12-03,-0.0005421480347331878,0.005659088348815025,8.488632523222537e-06,-0.0005506366672564104,1.055695714167557
2025-12-04,0.002446178938266211,0.005941808043557241,8.912712065335862e-06,0.0024372662262008753,1.0582687256768426
2025-12-05,0.002259842444392828,9.690518342396481e-06,1.4535777513594722e-08,0.0022598279086153143,1.0606602308779418
2025-12-08,0.004324989597824524,0.4657782589387205,0.0006986673884080807,0.003626322209416443,1.0645065266298193
2025-12-09,-0.0008124527511945982,0.04637802488339305,6.956703732508957e-05,-0.0008820197885196879,1.0635676108083234
2025-12-10,0.0006154393949022335,0.0022290177622247345,3.3435266433371018e-06,0.0006120958682588964,1.0642186161485132
2025-12-11,-0.0024014474021930633,0.0008797810541869497,1.3196715812804246e-06,-0.0024027670737743435,1.061661546698334
2025-12-12,0.00399582291457871,0.0004402417478482981,6.603626217724471e-07,0.003995162551956938,1.0659030571525558
2025-12-15,0.001475483759819869,0.38469336714926883,0.0005770400507239033,0.0008984437090959657,1.0668607110487607
2025-12-16,-0.006428222641196596,7.42610313539116e-05,1.113915470308674e-07,-0.006428334032743626,1.0600025740317287
2025-12-17,0.004870013264123571,0.0030857850495374928,4.628677574306239e-06,0.004865384586549265,1.0651598942171252
2025-12-18,-0.00380670291523311,0.002047731783039547,3.0715976745593206e-06,-0.0038097745129076696,1.0611018751999655
2025-12-19,0.0011504689511981363,0.001135791513957915,1.7036872709368725e-06,0.0011487652639271995,1.0623208321756832
2025-12-22,0.005653077221344923,0.5871888456964203,0.0008807832685446303,0.004772293952800292,1.067390539459009
2025-12-23,0.0035691928478668498,0.002564396920217357,3.846595380326036e-06,0.003565346252486524,1.0711961563188088
2025-12-24,0.0004220280671007997,0.0003341713356074319,5.012570034111478e-07,0.00042152681009738856,1.0716476942175703
2025-12-25,-0.0014639367419120083,4.7007324384187865e-06,7.05109865762818e-09,-0.001463943793010666,1.0700788622273263
2025-12-26,0.003451558249718986,0.00020755175233657525,3.1132762850486287e-07,0.003451246922090481,1.0737719686069824
2025-12-29,-0.003479497293974747,0.03242176691038801,4.863265036558202e-05,-0.003528129944340329,1.0699835615711468
2025-12-30,-0.003382425110340594,0.000957012571052282,1.435518856578423e-06,-0.0033838606291971725,1.0663628863232582
2025-12-31,-0.0010676770179734176,0.0018303606151092305,2.7455409226638458e-06,-0.0010704225588960815,1.0652214274337681
2026-01-05,0.008741790718821273,0.4706570322253213,0.0007059855483379819,0.00803580517048329,1.07378133928805
2026-01-06,0.009704304922183068,0.002432715384863525,3.6490730772952875e-06,0.009700655849105773,1.084197722517675
2026-01-07,0.0006679713509738547,0.02120407999717889,3.1806119995768334e-05,0.0006361652309780864,1.0848874514122464
2026-01-08,-0.004657225071413716,0.005004202958969188,7.506304438453782e-06,-0.00466473137585217,1.0798267428783754
2026-01-09,0.006717326397119479,0.04457162133181733,6.685743199772599e-05,0.006650468965121753,1.0870080971195966
2026-01-12,0.013668483370998265,0.5757913762494944,0.0008636870643742415,0.012804796306624023,1.100927014386864
2026-01-13,-0.005042204526515052,0.013811175362468758,2.0716763043703136e-05,-0.005062921289558755,1.0953531075674743
2026-01-14,0.008332301871249087,0.024334489851662658,3.650173477749399e-05,0.008295800136471593,1.1044399380267171
2026-01-15,0.0021224845737625162,0.005506634617471584,8.259951926207377e-06,0.002114224621836309,1.1067749721370328
2026-01-16,-0.004044582137064176,0.0198704855206676,2.9805728281001396e-05,-0.004074387865345177,1.10226554162089
2026-01-19,-0.0034984046060354806,0.5149733342732117,0.0007724600014098176,-0.004270864607445298,1.0975579147311747
2026-01-20,-0.004560079574664184,0.00115493681952282,1.7324052292842299e-06,-0.004561811979893468,1.092551061887127
2026-01-21,0.009370040414959419,0.02657598184893918,3.9863972773408776e-05,0.00933017644218601,1.1027447560666317
2026-01-22,0.0003158667263914313,0.023502187668143812,3.525328150221572e-05,0.0002806134448892156,1.103054201071465
2026-01-23,0.011218544637016784,0.0010802389899689235,1.6203584849533853e-06,0.011216924278531831,1.11542707652
2026-01-26,0.010156282061978052,0.6466229708361587,0.000969934456254238,0.009186347605723814,1.125673777373749
2026-01-27,-0.002731203096036997,0.009068242859102571,1.3602364288653857e-05,-0.0027448054603256508,1.1225840218430683
2026-01-28,0.018255464766169276,0.062338221773628924,9.350733266044339e-05,0.018161957433508832,1.1429723450633191
2026-01-29,0.001101582714750544,0.030021444100048755,4.5032166150073136e-05,0.0010565505486004709,1.1441799531215309
2026-01-30,-0.018800082523108413,0.013656471436192905,2.0484707154289355e-05,-0.0188205672302627,1.1226458373902883
2026-02-02,-0.019211201584333166,0.21228599018900146,0.0003184289852835022,-0.01952963056961667,1.100720978925538
2026-02-03,0.011532340303262651,0.03121619015990726,4.682428523986088e-05,0.011485516018022791,1.113363327360361
2026-02-04,0.0001290888313005764,0.009481526784327766,1.4222290176491651e-05,0.00011486654112408476,1.1134912155547894
2026-02-05,-0.006948075903700517,0.0007671219038879323,1.1506828558318986e-06,-0.006949226586556349,1.105753312795759
2026-02-06,0.00020465109333520505,0.0047142528333968745,7.071379250095311e-06,0.00019757971408510973,1.10597178721915
2026-02-09,0.0171954495905893,0.6979861357090247,0.001046979203563537,0.016148470387025764,1.1238315398739445
2026-02-10,-0.0005337925758849185,0.023102578450031247,3.4653867675046865e-05,-0.0005684464435599654,1.1231927018319428
2026-02-11,-0.004155381852471894,0.009227464432379415,1.3841196648569121e-05,-0.0041692230491204635,1.118509860930861
2026-02-12,0.007339194729944289,0.0016325441707869606,2.4488162561804407e-06,0.007336745913688109,1.1267160835824654
2026-02-13,-0.007896012524245027,0.012569448167705652,1.8854172251558475e-05,-0.007914866696496586,1.1177982759761116
2026-02-24,0.0015324440674383548,0.7470025005716601,0.00112050375085749,0.0004119403165808648,1.1182587421517907
2026-02-25,0.005177546133378302,0.0020239156110138795,3.035873416520819e-06,0.0051745102599617815,1.1240451834863472
2026-02-26,0.004197347313110355,0.04944339294514623,7.416508941771934e-05,0.004123182223692636,1.1286798266055256
2026-02-27,-8.123970188810535e-05,0.0005139607708181254,7.709411562271881e-07,-8.201064304433254e-05,1.1285872628471545
2026-03-02,0.0004122063852620484,0.4605096634168132,0.0006907644951252199,-0.00027855810986317144,1.1282728857124
2026-03-03,-0.014844779836027545,0.015173370833072436,2.2760056249608655e-05,-0.014867539892277154,1.1114982435746963
2026-03-04,-0.0018828148289560518,0.02797841717968115,4.1967625769521724e-05,-0.0019247824547255735,1.1093588512570054
2026-03-05,0.008942829687349605,0.0009974972436479768,1.496245865471965e-06,0.008941333441484133,1.119277998652356
2026-03-06,0.003508506772126547,0.006388321284994891,9.582481927492337e-06,0.0034989242901990545,1.123194267629326
2026-03-09,-0.002226674298430769,0.4683738721645623,0.0007025608082468434,-0.0029292351066776126,1.1199041675489672
2026-03-10,-0.0006099434432674896,0.0008994859516730375,1.3492289275095561e-06,-0.0006112926721949991,1.1192195783377838
2026-03-11,0.0006008863529684649,0.00013314595995163325,1.997189399274499e-07,0.0006006866340285375,1.1198918785790344
2026-03-12,-0.0008577398784094144,0.0004022614102405647,6.03392115360847e-07,-0.0008583432705247752,1.1189306269213406
2026-03-13,-0.0072641362637410325,0.0021325410020377605,3.1988115030566408e-06,-0.007267335075244089,1.1107989831295502
2026-03-16,-0.008720556674037129,0.38627436543205595,0.0005794115481480838,-0.009299968222185213,1.1004685878852096
2026-03-17,-0.006951577072188188,0.009953366032132038,1.4930049048198057e-05,-0.006966507121236387,1.0928021656310103
2026-03-18,0.0010038896187428716,0.004826634629951698,7.239951944927547e-06,0.000996649666797944,1.0938913065452625
2026-03-19,-0.014529902950511361,0.0019025329338776265,2.85379940081644e-06,-0.014532756749912178,1.0779940502763965
2026-03-20,-0.005685093348845404,0.02300990986017977,3.4514864790269656e-05,-0.005719608213635674,1.0718283466521852
2026-03-23,-0.019687625548597258,0.35581972665638384,0.0005337295899845758,-0.020221355138581833,1.0501545250069324
2026-03-24,0.007996009402815862,0.034979324764119184,5.246898714617878e-05,0.007943540415669683,1.0584964699190234
2026-03-25,0.008880999718290561,0.0038434012824561797,5.76510192368427e-06,0.008875234616366877,1.067890874430151
2026-03-26,-0.007506778219403064,0.006882513163239297,1.0323769744858945e-05,-0.007517101989147922,1.0598634298137792
2026-03-27,0.002832907139649374,0.0021645254099674632,3.246788114951195e-06,0.002829660351534423,1.0628624833391644
2026-03-30,-8.28558689324638e-05,0.5904990577549821,0.0008857485866324732,-0.000968604455564937,1.0618329900021493
2026-03-31,-0.012729455638021189,6.112571638690334e-06,9.168857458035501e-09,-0.012729464806878647,1.0483164243251342
2026-04-01,0.0007881887967067175,0.014867718144114563,2.2301577216171845e-05,0.0007658872194905457,1.0491193164765067
2026-04-02,-0.0007272275888224656,0.0013906537007405129,2.0859805511107693e-06,-0.0007293135693735764,1.0483541795231084
2026-04-03,-0.004417688418017542,0.001354332736469184,2.031499104703776e-06,-0.004419719917122246,1.0437207476756718
2026-04-07,0.0022996959505942613,0.5217063671465362,0.0007825595507198042,0.001517136399874457,1.0453042144132747
2026-04-08,0.0006398178439740619,0.0003770233796365069,5.655350694547603e-07,0.0006392523089046071,1.0459724275458462
2026-04-09,0.0006792962488003313,0.00936479241345213,1.4047188620178197e-05,0.0006652490601801531,1.0466682597202455
2026-04-10,-0.0005856986759465706,0.0125767327754652,1.8865099163197798e-05,-0.0006045637751097684,1.0460354820058615
2026-04-13,-0.003047957621496616,0.2226958553276784,0.0003340437829915176,-0.0033820014044881335,1.0424977885365732
2026-04-14,-0.0006293182468536552,0.0015903124418782388,2.3854686628173583e-06,-0.0006317037155164725,1.041839238810137
2026-04-15,-0.0027951811265924465,0.005351188516899641,8.026782775349462e-06,-0.0028032079093677957,1.0389187468156147
2026-04-16,0.0012424393614521225,0.02163300969647243,3.2449514544708647e-05,0.0012099898469074138,1.0401758279510234
2026-04-17,-0.0008796337080115557,0.0019440270316852803,2.9160405475279204e-06,-0.0008825497485590837,1.039257821035608
2026-04-20,0.001718919072182822,0.7630662942144218,0.0011445994413216327,0.0005743196308611892,1.0398546872037548
2026-04-21,-0.0006455750132940484,0.0002979385859968181,4.4690787899522713e-07,-0.0006460219211730436,1.0391829182809866
2026-04-22,0.0057282586075986745,0.0011565454174483486,1.7348181261725228e-06,0.005726523789472502,1.0451338239841363
2026-04-23,0.003398716980219503,0.0033591734366939102,5.0387601550408655e-06,0.0033936782200644625,1.048680671879644
2026-04-24,-0.00977298335725257,0.0001638327397930628,2.457491096895942e-07,-0.00977322910636226,1.0384316754139504
2026-04-27,0.0001862615331329228,0.6614879665477698,0.0009922319498216548,-0.000805970416688732,1.0375947302038142
2026-04-28,-0.001078845744829784,2.476706248431826e-05,3.715059372647739e-08,-0.0010788828954235105,1.0364752869970157
2026-04-29,0.00771649047024848,0.014333702656064248,2.150055398409637e-05,0.007694989916264384,1.044450953878915
2026-04-30,-0.0008347851845088701,0.004612518439348616,6.918777659022923e-06,-0.0008417039621678931,1.0435718353727452
2026-05-06,0.0027388890195800615,0.4366174571678322,0.0006549261857517482,0.0020839628338283132,1.045746600292092
2026-05-07,-0.006301420042301057,0.032985084311827534,4.94776264677413e-05,-0.0063508976687687985,1.039105170646174
2026-05-08,0.0010722205840796842,0.002032215467168988,3.048323200753482e-06,0.0010691722608789306,1.0402161530707648
2026-05-11,0.005482706825672017,0.4799822461687032,0.0007199733692530548,0.004762733456418962,1.0451704253449021
2026-05-12,-0.0013164294979605578,0.04097100384347574,6.145650576521361e-05,-0.0013778860037257715,1.0437302996443112
2026-05-13,0.009676534033516895,0.025638581238791036,3.845787185818655e-05,0.009638076161658708,1.0537898517645141
2026-05-14,-0.0059357479080592935,0.013693495770648836,2.0540243655973256e-05,-0.005956288151715267,1.0475131757560514
2026-05-15,-0.005697121678373075,0.0035619608791479657,5.3429413187219485e-06,-0.005702464619691797,1.0415397689326416
2026-05-18,0.0018771595354337442,0.7363857115848345,0.0011045785673772517,0.0007725809680564925,1.042344442735593
2026-05-19,0.006415382678440552,0.06313570312084409,9.470355468126613e-05,0.006320679123759286,1.0489327674945583
2026-05-20,0.012110863879083729,0.007714712745558627,1.157206911833794e-05,0.012099291809965391,1.0616241111375095
2026-05-21,-0.021859383822504422,0.019690160767659573,2.953524115148936e-05,-0.02188891906365591,1.038386306892795
2026-05-22,0.009923162608586172,0.038295010304151764,5.744251545622765e-05,0.009865720093129944,1.0486307355451383
2026-05-25,0.021755408842314503,0.8537030721164934,0.00128055460817474,0.020474854234139764,1.0701012970008636
2026-05-26,-0.00039460432082148944,0.05538414557029481,8.307621835544221e-05,-0.00047768053917693164,1.0695901304363382
2026-05-27,-0.00041947578443568014,0.004782496109125234,7.173744163687851e-06,-0.00042664952859936797,1.0691337903113929
2026-05-28,0.007892495651730244,0.003073467811803801,4.610201717705702e-06,0.007887885450012538,1.077566995180107
2026-05-29,-0.00718446586064546,0.008432149444944054,1.264822416741608e-05,-0.0071971140848128765,1.0698116225817669
2026-06-01,-0.006586708210481965,0.612469236537147,0.0009187038548057207,-0.007505412065287686,1.0617822455220567
2026-06-02,0.013838389678540008,0.019217486586311963,2.8826229879467947e-05,0.01380956344866054,1.0764449948102548
2026-06-03,0.007845675892447035,0.022773681990600356,3.416052298590053e-05,0.007811515369461134,1.0848536614315947
2026-06-04,-0.004319118462283508,0.0028127447154741025,4.219117073211154e-06,-0.004323337579356719,1.0801634728290246
2026-06-05,-0.015156869336282065,0.00033191307950930504,4.978696192639575e-07,-0.015157367205901329,1.0637910384289535
2026-06-08,-0.01721073084843949,1.008222991528673,0.0015123344872930095,-0.018723065335732498,1.0438736093128815
2026-06-09,0.020681271356716775,0.02754173257093108,4.131259885639662e-05,0.02063995875786038,1.0654191175575183
2026-06-10,-0.015340507943676062,0.04421627467058285,6.632441200587428e-05,-0.015406832355681938,1.049004383824771
2026-06-11,-0.00728080546751568,0.020142750571462545,3.021412585719382e-05,-0.0073110195933728745,1.041335092221094
2026-06-12,-0.0006684637905265789,0.0010032197563834,1.5048296345751e-06,-0.0006699686201611539,1.0406374303862334
2026-06-15,0.02447002330826896,0.35554912816673445,0.0005333236922501017,0.023936699616018856,1.0655468559665744
2026-06-16,0.006140818013126593,0.05040657522516593,7.56098628377489e-05,0.006065208150288844,1.0720096194418973
2026-06-17,0.01012072692832541,0.003429624948285255,5.144437422427883e-06,0.010115582490902981,1.0828536211784032
2026-06-18,0.007165650065998503,0.004298829529247976,6.448244293871963e-06,0.007159201821704631,1.090605988795783
2026-06-22,0.005718645405689331,0.2260505459786264,0.00033907581896793957,0.005379569586721391,1.096472979604205
2026-06-23,-0.008913593008032102,0.027187989773504485,4.078198466025673e-05,-0.008954374992692358,1.0866547493754741
2026-06-24,0.012559737164764936,0.0042031050839293205,6.3046576258939805e-06,0.012553432507139042,1.1002959964303212
2026-06-25,0.008389315748953562,0.007392566698359096,1.1088850047538645e-05,0.008378226898906023,1.1095145259443724
2026-06-26,-0.002994772364863133,0.0004057193465825393,6.085790198738089e-07,-0.0029953809438830067,1.1061911072763972
2026-06-29,0.027226657539992732,0.46358716795359145,0.0006953807519303872,0.026531276788062344,1.1355397697240406
2026-06-30,0.016458499342797864,0.05433870947281963,8.150806420922945e-05,0.016376991278588635,1.1541364946293018
2026-07-01,0.0030126568459267053,0.006006530022607613,9.009795033911419e-06,0.003003647050892794,1.1576031133077227
2026-07-02,-0.02870199594347783,9.144716646495438e-05,1.3717074969743157e-07,-0.028702133114227528,1.1243774346561202
2026-07-03,-0.009114098308687809,0.062026876516530716,9.304031477479608e-05,-0.009207138623462605,1.114025135750148
2026-07-06,-0.004607570515771181,0.38482859350727777,0.0005772428902609167,-0.005184813406032098,1.108249123291654
2026-07-07,0.0018510345462808028,0.002100015796304533,3.1500236944567995e-06,0.001847884522586346,1.1102970396937546
2026-07-08,0.010498674061505271,6.67026550982136e-05,1.0005398264732041e-07,0.010498574007522623,1.1219535753353127
2026-07-09,0.015953757909071442,0.0064486903751332925,9.67303556269994e-06,0.015944084873508742,1.1398420983645956
2026-07-10,-0.012389234324834596,0.014710377080326471,2.2065565620489708e-05,-0.012411299890455085,1.125695176254027
2026-07-13,-0.009224713276256387,0.3241823200521691,0.0004862734800782537,-0.00971098675633464,1.1147635653057544
2026-07-14,0.0002634661869748089,0.00667414028500081,1.0011210427501214e-05,0.0002534549765473077,1.1150461076790548
2026-07-15,-0.00910927199124872,0.00048041134261798263,7.206170139269739e-07,-0.009109992608262648,1.1048880458802266
2026-07-16,-0.011124065561995852,0.006389494100544291,9.584241150816436e-06,-0.011133649803146668,1.092586609305713
2026-07-17,-0.011653600734617683,0.00867221480171728,1.300832220257592e-05,-0.011666609056820258,1.0798398284742265
