date,close,total_return_proxy,cumulative_dividend,split_factor
2012-10-22,0.996,0.996,0.0,1.0
2012-10-23,0.99,0.99,0.0,1.0
2012-10-24,0.998,0.998,0.0,1.0
2012-10-25,1.002,1.002,0.0,1.0
2012-10-26,0.998,0.998,0.0,1.0
2012-10-29,0.995,0.995,0.0,1.0
2012-10-30,0.994,0.994,0.0,1.0
2012-10-31,0.999,0.999,0.0,1.0
2012-11-01,1.002,1.002,0.0,1.0
2012-11-02,1.013,1.013,0.0,1.0
2012-11-05,1.01,1.01,0.0,1.0
2012-11-06,1.006,1.006,0.0,1.0
2012-11-07,1.006,1.006,0.0,1.0
2012-11-08,0.992,0.992,0.0,1.0
2012-11-09,0.982,0.982,0.0,1.0
2012-11-12,0.978,0.978,0.0,1.0
2012-11-13,0.969,0.969,0.0,1.0
2012-11-14,0.975,0.975,0.0,1.0
2012-11-15,0.966,0.966,0.0,1.0
2012-11-16,0.968,0.968,0.0,1.0
2012-11-19,0.97,0.97,0.0,1.0
2012-11-20,0.975,0.975,0.0,1.0
2012-11-21,0.977,0.977,0.0,1.0
2012-11-22,0.988,0.988,0.0,1.0
2012-11-23,0.995,0.995,0.0,1.0
2012-11-26,0.994,0.994,0.0,1.0
2012-11-27,0.995,0.995,0.0,1.0
2012-11-28,0.989,0.989,0.0,1.0
2012-11-29,0.996,0.996,0.0,1.0
2012-11-30,1.0,1.0,0.0,1.0
2012-12-03,0.994,0.994,0.0,1.0
2012-12-04,0.99,0.99,0.0,1.0
2012-12-05,1.002,1.002,0.0,1.0
2012-12-06,1.01,1.01,0.0,1.0
2012-12-07,1.008,1.008,0.0,1.0
2012-12-10,1.005,1.005,0.0,1.0
2012-12-11,1.006,1.006,0.0,1.0
2012-12-12,1.017,1.017,0.0,1.0
2012-12-13,1.013,1.013,0.0,1.0
2012-12-14,1.017,1.017,0.0,1.0
2012-12-17,1.01,1.01,0.0,1.0
2012-12-18,1.012,1.012,0.0,1.0
2012-12-19,1.017,1.017,0.0,1.0
2012-12-20,1.014,1.014,0.0,1.0
2012-12-21,1.01,1.01,0.0,1.0
2012-12-24,1.008,1.008,0.0,1.0
2012-12-25,1.013,1.013,0.0,1.0
2012-12-26,1.014,1.014,0.0,1.0
2012-12-27,1.014,1.014,0.0,1.0
2012-12-28,1.01,1.01,0.0,1.0
2012-12-31,1.02,1.02,0.0,1.0
2013-01-04,1.033,1.033,0.0,1.0
2013-01-07,1.039,1.039,0.0,1.0
2013-01-08,1.03,1.03,0.0,1.0
2013-01-09,1.032,1.032,0.0,1.0
2013-01-10,1.04,1.04,0.0,1.0
2013-01-11,1.039,1.039,0.0,1.0
2013-01-14,1.05,1.05,0.0,1.0
2013-01-15,1.046,1.046,0.0,1.0
2013-01-16,1.044,1.044,0.0,1.0
2013-01-17,1.047,1.047,0.0,1.0
2013-01-18,1.056,1.056,0.0,1.0
2013-01-21,1.057,1.057,0.0,1.0
2013-01-22,1.059,1.059,0.0,1.0
2013-01-23,1.059,1.059,0.0,1.0
2013-01-24,1.057,1.057,0.0,1.0
2013-01-25,1.054,1.054,0.0,1.0
2013-01-28,1.062,1.062,0.0,1.0
2013-01-29,1.061,1.061,0.0,1.0
2013-01-30,1.067,1.067,0.0,1.0
2013-01-31,1.062,1.062,0.0,1.0
2013-02-01,1.062,1.062,0.0,1.0
2013-02-04,1.067,1.067,0.0,1.0
2013-02-05,1.044,1.044,0.0,1.0
2013-02-06,1.046,1.046,0.0,1.0
2013-02-07,1.041,1.041,0.0,1.0
2013-02-08,1.043,1.043,0.0,1.0
2013-02-18,1.051,1.051,0.0,1.0
2013-02-19,1.042,1.042,0.0,1.0
2013-02-20,1.044,1.044,0.0,1.0
2013-02-21,1.028,1.028,0.0,1.0
2013-02-22,1.025,1.025,0.0,1.0
2013-02-25,1.024,1.024,0.0,1.0
2013-02-26,1.015,1.015,0.0,1.0
2013-02-27,1.011,1.011,0.0,1.0
2013-02-28,1.029,1.029,0.0,1.0
2013-03-01,1.03,1.03,0.0,1.0
2013-03-04,1.01,1.01,0.0,1.0
2013-03-05,1.014,1.014,0.0,1.0
2013-03-06,1.021,1.021,0.0,1.0
2013-03-07,1.019,1.019,0.0,1.0
2013-03-08,1.038,1.038,0.0,1.0
2013-03-11,1.038,1.038,0.0,1.0
2013-03-12,1.032,1.032,0.0,1.0
2013-03-13,1.017,1.017,0.0,1.0
2013-03-14,1.008,1.008,0.0,1.0
2013-03-15,1.015,1.015,0.0,1.0
2013-03-18,0.988,0.988,0.0,1.0
2013-03-19,0.993,0.993,0.0,1.0
2013-03-20,0.999,0.999,0.0,1.0
2013-03-21,1.0,1.0,0.0,1.0
2013-03-22,0.994,0.994,0.0,1.0
2013-03-25,0.999,0.999,0.0,1.0
2013-03-26,0.997,0.997,0.0,1.0
2013-03-27,1.008,1.008,0.0,1.0
2013-03-28,0.998,0.998,0.0,1.0
2013-03-29,1.0,1.0,0.0,1.0
2013-04-01,1.0,1.0,0.0,1.0
2013-04-02,1.0,1.0,0.0,1.0
2013-04-03,1.003,1.003,0.0,1.0
2013-04-08,0.979,0.979,0.0,1.0
2013-04-09,0.983,0.983,0.0,1.0
2013-04-10,0.983,0.983,0.0,1.0
2013-04-11,0.992,0.992,0.0,1.0
2013-04-12,0.988,0.988,0.0,1.0
2013-04-15,0.976,0.976,0.0,1.0
2013-04-16,0.974,0.974,0.0,1.0
2013-04-17,0.973,0.973,0.0,1.0
2013-04-18,0.964,0.964,0.0,1.0
2013-04-19,0.977,0.977,0.0,1.0
2013-04-22,0.984,0.984,0.0,1.0
2013-04-23,0.972,0.972,0.0,1.0
2013-04-24,0.989,0.989,0.0,1.0
2013-04-25,0.997,0.997,0.0,1.0
2013-04-26,1.009,1.009,0.0,1.0
2013-05-02,1.009,1.009,0.0,1.0
2013-05-03,1.013,1.013,0.0,1.0
2013-05-06,1.022,1.022,0.0,1.0
2013-05-07,1.022,1.022,0.0,1.0
2013-05-08,1.03,1.03,0.0,1.0
2013-05-09,1.029,1.029,0.0,1.0
2013-05-10,1.03,1.03,0.0,1.0
2013-05-13,1.025,1.025,0.0,1.0
2013-05-14,1.019,1.019,0.0,1.0
2013-05-15,1.026,1.026,0.0,1.0
2013-05-16,1.025,1.025,0.0,1.0
2013-05-17,1.026,1.026,0.0,1.0
2013-05-20,1.041,1.041,0.0,1.0
2013-05-21,1.038,1.038,0.0,1.0
2013-05-22,1.031,1.031,0.0,1.0
2013-05-23,1.01,1.01,0.0,1.0
2013-05-24,1.008,1.008,0.0,1.0
2013-05-27,1.006,1.006,0.0,1.0
2013-05-28,1.013,1.013,0.0,1.0
2013-05-29,1.007,1.007,0.0,1.0
2013-05-30,1.003,1.003,0.0,1.0
2013-05-31,1.002,1.002,0.0,1.0
2013-06-03,0.999,0.999,0.0,1.0
2013-06-04,0.995,0.995,0.0,1.0
2013-06-05,0.981,0.981,0.0,1.0
2013-06-06,0.978,0.978,0.0,1.0
2013-06-07,0.972,0.972,0.0,1.0
2013-06-13,0.94,0.94,0.0,1.0
2013-06-14,0.953,0.953,0.0,1.0
2013-06-17,0.96,0.96,0.0,1.0
2013-06-18,0.96,0.96,0.0,1.0
2013-06-19,0.955,0.955,0.0,1.0
2013-06-20,0.925,0.925,0.0,1.0
2013-06-21,0.921,0.921,0.0,1.0
2013-06-24,0.9,0.9,0.0,1.0
2013-06-25,0.907,0.907,0.0,1.0
2013-06-26,0.918,0.918,0.0,1.0
2013-06-27,0.93,0.93,0.0,1.0
2013-06-28,0.94,0.94,0.0,1.0
2013-07-01,0.944,0.944,0.0,1.0
2013-07-02,0.94,0.94,0.0,1.0
2013-07-03,0.921,0.921,0.0,1.0
2013-07-04,0.928,0.928,0.0,1.0
2013-07-05,0.943,0.943,0.0,1.0
2013-07-08,0.93,0.93,0.0,1.0
2013-07-09,0.935,0.935,0.0,1.0
2013-07-10,0.944,0.944,0.0,1.0
2013-07-11,0.969,0.969,0.0,1.0
2013-07-12,0.964,0.964,0.0,1.0
2013-07-15,0.96,0.96,0.0,1.0
2013-07-16,0.966,0.966,0.0,1.0
2013-07-17,0.964,0.964,0.0,1.0
2013-07-18,0.966,0.966,0.0,1.0
2013-07-19,0.964,0.964,0.0,1.0
2013-07-22,0.967,0.967,0.0,1.0
2013-07-23,0.99,0.99,0.0,1.0
2013-07-24,0.992,0.992,0.0,1.0
2013-07-25,0.991,0.991,0.0,1.0
2013-07-26,0.99,0.99,0.0,1.0
2013-07-29,0.985,0.985,0.0,1.0
2013-07-30,0.989,0.989,0.0,1.0
2013-07-31,0.991,0.991,0.0,1.0
2013-08-01,0.995,0.995,0.0,1.0
2013-08-02,1.001,1.001,0.0,1.0
2013-08-05,1.003,1.003,0.0,1.0
2013-08-06,0.99,0.99,0.0,1.0
2013-08-07,0.978,0.978,0.0,1.0
2013-08-08,0.975,0.975,0.0,1.0
2013-08-09,0.98,0.98,0.0,1.0
2013-08-12,1.003,1.003,0.0,1.0
2013-08-13,1.015,1.015,0.0,1.0
2013-08-14,1.01,1.01,0.0,1.0
2013-08-15,1.013,1.013,0.0,1.0
2013-08-16,1.01,1.01,0.0,1.0
2013-08-19,1.014,1.014,0.0,1.0
2013-08-20,0.993,0.993,0.0,1.0
2013-08-21,0.984,0.984,0.0,1.0
2013-08-22,0.98,0.98,0.0,1.0
2013-08-23,0.987,0.987,0.0,1.0
2013-08-26,0.995,0.995,0.0,1.0
2013-08-27,0.986,0.986,0.0,1.0
2013-08-28,0.972,0.972,0.0,1.0
2013-08-29,0.977,0.977,0.0,1.0
2013-08-30,0.977,0.977,0.0,1.0
2013-09-02,0.995,0.995,0.0,1.0
2013-09-03,1.009,1.009,0.0,1.0
2013-09-04,1.01,1.01,0.0,1.0
2013-09-05,1.022,1.022,0.0,1.0
2013-09-06,1.023,1.023,0.0,1.0
2013-09-09,1.026,1.026,0.0,1.0
2013-09-10,1.034,1.034,0.0,1.0
2013-09-11,1.033,1.033,0.0,1.0
2013-09-12,1.035,1.035,0.0,1.0
2013-09-13,1.033,1.033,0.0,1.0
2013-09-16,1.047,1.047,0.0,1.0
2013-09-17,1.045,1.045,0.0,1.0
2013-09-18,1.047,1.047,0.0,1.0
2013-09-23,1.052,1.052,0.0,1.0
2013-09-24,1.045,1.045,0.0,1.0
2013-09-25,1.046,1.046,0.0,1.0
2013-09-26,1.045,1.045,0.0,1.0
2013-09-27,1.053,1.053,0.0,1.0
2013-09-30,1.035,1.035,0.0,1.0
2013-10-08,1.043,1.043,0.0,1.0
2013-10-09,1.037,1.037,0.0,1.0
2013-10-10,1.03,1.03,0.0,1.0
2013-10-11,1.048,1.048,0.0,1.0
2013-10-14,1.04,1.04,0.0,1.0
2013-10-15,1.048,1.048,0.0,1.0
2013-10-16,1.04,1.04,0.0,1.0
2013-10-17,1.042,1.042,0.0,1.0
2013-10-18,1.045,1.045,0.0,1.0
2013-10-21,1.051,1.051,0.0,1.0
2013-10-22,1.047,1.047,0.0,1.0
2013-10-23,1.037,1.037,0.0,1.0
2013-10-24,1.023,1.023,0.0,1.0
2013-10-25,1.018,1.018,0.0,1.0
2013-10-28,1.025,1.025,0.0,1.0
2013-10-29,1.028,1.028,0.0,1.0
2013-10-30,1.037,1.037,0.0,1.0
2013-10-31,1.044,1.044,0.0,1.0
2013-11-01,1.048,1.048,0.0,1.0
2013-11-04,1.046,1.046,0.0,1.0
2013-11-05,1.04,1.04,0.0,1.0
2013-11-06,1.037,1.037,0.0,1.0
2013-11-07,1.031,1.031,0.0,1.0
2013-11-08,1.021,1.021,0.0,1.0
2013-11-11,1.029,1.029,0.0,1.0
2013-11-12,1.032,1.032,0.0,1.0
2013-11-13,1.012,1.012,0.0,1.0
2013-11-14,1.017,1.017,0.0,1.0
2013-11-15,1.033,1.033,0.0,1.0
2013-11-18,1.062,1.062,0.0,1.0
2013-11-19,1.061,1.061,0.0,1.0
2013-11-20,1.064,1.064,0.0,1.0
2013-11-21,1.06,1.06,0.0,1.0
2013-11-22,1.063,1.063,0.0,1.0
2013-11-25,1.064,1.064,0.0,1.0
2013-11-26,1.063,1.063,0.0,1.0
2013-11-27,1.069,1.069,0.0,1.0
2013-11-28,1.075,1.075,0.0,1.0
2013-11-29,1.07,1.07,0.0,1.0
2013-12-02,1.075,1.075,0.0,1.0
2013-12-03,1.075,1.075,0.0,1.0
2013-12-04,1.065,1.065,0.0,1.0
2013-12-05,1.061,1.061,0.0,1.0
2013-12-06,1.063,1.063,0.0,1.0
2013-12-09,1.063,1.063,0.0,1.0
2013-12-10,1.06,1.06,0.0,1.0
2013-12-11,1.045,1.045,0.0,1.0
2013-12-12,1.038,1.038,0.0,1.0
2013-12-13,1.038,1.038,0.0,1.0
2013-12-16,1.033,1.033,0.0,1.0
2013-12-17,1.032,1.032,0.0,1.0
2013-12-18,1.031,1.031,0.0,1.0
2013-12-19,1.029,1.029,0.0,1.0
2013-12-20,1.017,1.017,0.0,1.0
2013-12-23,1.022,1.022,0.0,1.0
2013-12-24,1.032,1.032,0.0,1.0
2013-12-25,1.033,1.033,0.0,1.0
2013-12-26,1.026,1.026,0.0,1.0
2013-12-27,1.037,1.037,0.0,1.0
2013-12-30,1.033,1.033,0.0,1.0
2013-12-31,1.036,1.036,0.0,1.0
2014-01-02,1.033,1.033,0.0,1.0
2014-01-03,1.015,1.015,0.0,1.0
2014-01-06,1.005,1.005,0.0,1.0
2014-01-07,1.005,1.005,0.0,1.0
2014-01-08,1.019,1.019,0.0,1.0
2014-01-09,1.014,1.014,0.0,1.0
2014-01-10,1.014,1.014,0.0,1.0
2014-01-13,1.012,1.012,0.0,1.0
2014-01-14,1.009,1.009,0.0,1.0
2014-01-15,1.012,1.012,0.0,1.0
2014-01-16,1.018,1.018,0.0,1.0
2014-01-17,1.023,1.023,0.0,1.0
2014-01-20,1.015,1.015,0.0,1.0
2014-01-21,1.021,1.021,0.0,1.0
2014-01-22,1.021,1.021,0.0,1.0
2014-01-23,1.008,1.008,0.0,1.0
2014-01-24,1.001,1.001,0.0,1.0
2014-01-27,0.978,0.978,0.0,1.0
2014-01-28,0.978,0.978,0.0,1.0
2014-01-29,0.987,0.987,0.0,1.0
2014-01-30,0.98,0.98,0.0,1.0
2014-02-07,0.964,0.964,0.0,1.0
2014-02-10,0.964,0.964,0.0,1.0
2014-02-11,0.979,0.979,0.0,1.0
2014-02-12,0.988,0.988,0.0,1.0
2014-02-13,0.986,0.986,0.0,1.0
2014-02-14,0.99,0.99,0.0,1.0
2014-02-17,1.003,1.003,0.0,1.0
2014-02-18,1.003,1.003,0.0,1.0
2014-02-19,1.009,1.009,0.0,1.0
2014-02-20,0.997,0.997,0.0,1.0
2014-02-21,1.005,1.005,0.0,1.0
2014-02-24,0.999,0.999,0.0,1.0
2014-02-25,1.005,1.005,0.0,1.0
2014-02-26,1.009,1.009,0.0,1.0
2014-02-27,1.021,1.021,0.0,1.0
2014-02-28,1.031,1.031,0.0,1.0
2014-03-03,1.018,1.018,0.0,1.0
2014-03-04,1.02,1.02,0.0,1.0
2014-03-05,1.012,1.012,0.0,1.0
2014-03-06,1.017,1.017,0.0,1.0
2014-03-07,1.015,1.015,0.0,1.0
2014-03-10,1.001,1.001,0.0,1.0
2014-03-11,1.002,1.002,0.0,1.0
2014-03-12,0.99,0.99,0.0,1.0
2014-03-13,0.986,0.986,0.0,1.0
2014-03-14,0.976,0.976,0.0,1.0
2014-03-17,0.975,0.975,0.0,1.0
2014-03-18,0.983,0.983,0.0,1.0
2014-03-19,0.985,0.985,0.0,1.0
2014-03-20,0.972,0.972,0.0,1.0
2014-03-21,0.982,0.982,0.0,1.0
2014-03-24,0.996,0.996,0.0,1.0
2014-03-25,0.991,0.991,0.0,1.0
2014-03-26,1.0,1.0,0.0,1.0
2014-03-27,0.995,0.995,0.0,1.0
2014-03-28,1.006,1.006,0.0,1.0
2014-03-31,1.008,1.008,0.0,1.0
2014-04-01,1.017,1.017,0.0,1.0
2014-04-02,1.021,1.021,0.0,1.0
2014-04-03,1.027,1.027,0.0,1.0
2014-04-04,1.025,1.025,0.0,1.0
2014-04-08,1.027,1.027,0.0,1.0
2014-04-09,1.031,1.031,0.0,1.0
2014-04-10,1.048,1.048,0.0,1.0
2014-04-11,1.047,1.047,0.0,1.0
2014-04-14,1.046,1.046,0.0,1.0
2014-04-15,1.037,1.037,0.0,1.0
2014-04-16,1.035,1.035,0.0,1.0
2014-04-17,1.035,1.035,0.0,1.0
2014-04-18,1.038,1.038,0.0,1.0
2014-04-21,1.033,1.033,0.0,1.0
2014-04-22,1.036,1.036,0.0,1.0
2014-04-23,1.028,1.028,0.0,1.0
2014-04-24,1.028,1.028,0.0,1.0
2014-04-25,1.018,1.018,0.0,1.0
2014-04-28,1.009,1.009,0.0,1.0
2014-04-29,1.015,1.015,0.0,1.0
2014-04-30,1.017,1.017,0.0,1.0
2014-05-05,1.006,1.006,0.0,1.0
2014-05-06,1.003,1.003,0.0,1.0
2014-05-07,0.994,0.994,0.0,1.0
2014-05-08,1.0,1.0,0.0,1.0
2014-05-09,1.0,1.0,0.0,1.0
2014-05-12,1.02,1.02,0.0,1.0
2014-05-13,1.024,1.024,0.0,1.0
2014-05-14,1.034,1.034,0.0,1.0
2014-05-15,1.033,1.033,0.0,1.0
2014-05-16,1.036,1.036,0.0,1.0
2014-05-19,1.038,1.038,0.0,1.0
2014-05-20,1.045,1.045,0.0,1.0
2014-05-21,1.048,1.048,0.0,1.0
2014-05-22,1.053,1.053,0.0,1.0
2014-05-23,1.056,1.056,0.0,1.0
2014-05-26,1.053,1.053,0.0,1.0
2014-05-27,1.054,1.054,0.0,1.0
2014-05-28,1.067,1.067,0.0,1.0
2014-05-29,1.064,1.064,0.0,1.0
2014-05-30,1.058,1.058,0.0,1.0
2014-06-03,1.07,1.07,0.0,1.0
2014-06-04,1.066,1.066,0.0,1.0
2014-06-05,1.07,1.07,0.0,1.0
2014-06-06,1.067,1.067,0.0,1.0
2014-06-09,1.066,1.066,0.0,1.0
2014-06-10,1.07,1.07,0.0,1.0
2014-06-11,1.071,1.071,0.0,1.0
2014-06-12,1.067,1.067,0.0,1.0
2014-06-13,1.074,1.074,0.0,1.0
2014-06-16,1.074,1.074,0.0,1.0
2014-06-17,1.071,1.071,0.0,1.0
2014-06-18,1.074,1.074,0.0,1.0
2014-06-19,1.071,1.071,0.0,1.0
2014-06-20,1.075,1.075,0.0,1.0
2014-06-23,1.063,1.063,0.0,1.0
2014-06-24,1.06,1.06,0.0,1.0
2014-06-25,1.062,1.062,0.0,1.0
2014-06-26,1.069,1.069,0.0,1.0
2014-06-27,1.072,1.072,0.0,1.0
2014-06-30,1.062,1.062,0.0,1.0
2014-07-01,1.071,1.071,0.0,1.0
2014-07-02,1.09,1.09,0.0,1.0
2014-07-03,1.093,1.093,0.0,1.0
2014-07-04,1.095,1.095,0.0,1.0
2014-07-07,1.09,1.09,0.0,1.0
2014-07-08,1.09,1.09,0.0,1.0
2014-07-09,1.076,1.076,0.0,1.0
2014-07-10,1.077,1.077,0.0,1.0
2014-07-11,1.075,1.075,0.0,1.0
2014-07-14,1.084,1.084,0.0,1.0
2014-07-15,1.089,1.089,0.0,1.0
2014-07-16,1.087,1.087,0.0,1.0
2014-07-17,1.089,1.089,0.0,1.0
2014-07-18,1.085,1.085,0.0,1.0
2014-07-21,1.086,1.086,0.0,1.0
2014-07-22,1.095,1.095,0.0,1.0
2014-07-23,1.105,1.105,0.0,1.0
2014-07-24,1.116,1.116,0.0,1.0
2014-07-25,1.122,1.122,0.0,1.0
2014-07-28,1.132,1.132,0.0,1.0
2014-07-29,1.131,1.131,0.0,1.0
2014-07-30,1.146,1.146,0.0,1.0
2014-07-31,1.144,1.144,0.0,1.0
2014-08-01,1.136,1.136,0.0,1.0
2014-08-04,1.139,1.139,0.0,1.0
2014-08-05,1.133,1.133,0.0,1.0
2014-08-06,1.131,1.131,0.0,1.0
2014-08-07,1.129,1.129,0.0,1.0
2014-08-08,1.123,1.123,0.0,1.0
2014-08-11,1.132,1.132,0.0,1.0
2014-08-12,1.134,1.134,0.0,1.0
2014-08-13,1.138,1.138,0.0,1.0
2014-08-14,1.147,1.147,0.0,1.0
2014-08-15,1.156,1.156,0.0,1.0
2014-08-18,1.155,1.155,0.0,1.0
2014-08-19,1.156,1.156,0.0,1.0
2014-08-20,1.163,1.163,0.0,1.0
2014-08-21,1.158,1.158,0.0,1.0
2014-08-22,1.167,1.167,0.0,1.0
2014-08-25,1.161,1.161,0.0,1.0
2014-08-26,1.162,1.162,0.0,1.0
2014-08-27,1.153,1.153,0.0,1.0
2014-08-28,1.141,1.141,0.0,1.0
2014-08-29,1.136,1.136,0.0,1.0
2014-09-01,1.143,1.143,0.0,1.0
2014-09-02,1.149,1.149,0.0,1.0
2014-09-03,1.167,1.167,0.0,1.0
2014-09-04,1.167,1.167,0.0,1.0
2014-09-05,1.165,1.165,0.0,1.0
2014-09-09,1.162,1.162,0.0,1.0
2014-09-10,1.142,1.142,0.0,1.0
2014-09-11,1.137,1.137,0.0,1.0
2014-09-12,1.141,1.141,0.0,1.0
2014-09-15,1.131,1.131,0.0,1.0
2014-09-16,1.121,1.121,0.0,1.0
2014-09-17,1.132,1.132,0.0,1.0
2014-09-18,1.121,1.121,0.0,1.0
2014-09-19,1.134,1.134,0.0,1.0
2014-09-22,1.116,1.116,0.0,1.0
2014-09-23,1.115,1.115,0.0,1.0
2014-09-24,1.113,1.113,0.0,1.0
2014-09-25,1.108,1.108,0.0,1.0
2014-09-26,1.102,1.102,0.0,1.0
2014-09-29,1.093,1.093,0.0,1.0
2014-09-30,1.095,1.095,0.0,1.0
2014-10-08,1.102,1.102,0.0,1.0
2014-10-09,1.128,1.128,0.0,1.0
2014-10-10,1.102,1.102,0.0,1.0
2014-10-13,1.078,1.078,0.0,1.0
2014-10-14,1.08,1.08,0.0,1.0
2014-10-15,1.095,1.095,0.0,1.0
2014-10-16,1.075,1.075,0.0,1.0
2014-10-17,1.074,1.074,0.0,1.0
2014-10-20,1.076,1.076,0.0,1.0
2014-10-21,1.07,1.07,0.0,1.0
2014-10-22,1.085,1.085,0.0,1.0
2014-10-23,1.083,1.083,0.0,1.0
2014-10-24,1.077,1.077,0.0,1.0
2014-10-27,1.068,1.068,0.0,1.0
2014-10-28,1.084,1.084,0.0,1.0
2014-10-29,1.098,1.098,0.0,1.0
2014-10-30,1.093,1.093,0.0,1.0
2014-10-31,1.111,1.111,0.0,1.0
2014-11-03,1.105,1.105,0.0,1.0
2014-11-04,1.102,1.102,0.0,1.0
2014-11-05,1.085,1.085,0.0,1.0
2014-11-06,1.091,1.091,0.0,1.0
2014-11-07,1.088,1.088,0.0,1.0
2014-11-10,1.108,1.108,0.0,1.0
2014-11-11,1.103,1.103,0.0,1.0
2014-11-12,1.112,1.112,0.0,1.0
2014-11-13,1.12,1.12,0.0,1.0
2014-11-14,1.139,1.139,0.0,1.0
2014-11-17,1.121,1.121,0.0,1.0
2014-11-18,1.096,1.096,0.0,1.0
2014-11-19,1.084,1.084,0.0,1.0
2014-11-20,1.084,1.084,0.0,1.0
2014-11-21,1.088,1.088,0.0,1.0
2014-11-24,1.099,1.099,0.0,1.0
2014-11-25,1.096,1.096,0.0,1.0
2014-11-26,1.105,1.105,0.0,1.0
2014-11-27,1.103,1.103,0.0,1.0
2014-11-28,1.105,1.105,0.0,1.0
2014-12-01,1.083,1.083,0.0,1.0
2014-12-02,1.097,1.097,0.0,1.0
2014-12-03,1.089,1.089,0.0,1.0
2014-12-04,1.103,1.103,0.0,1.0
2014-12-05,1.114,1.114,0.0,1.0
2014-12-08,1.124,1.124,0.0,1.0
2014-12-09,1.101,1.101,0.0,1.0
2014-12-10,1.1,1.1,0.0,1.0
2014-12-11,1.096,1.096,0.0,1.0
2014-12-12,1.097,1.097,0.0,1.0
2014-12-15,1.094,1.094,0.0,1.0
2014-12-16,1.09,1.09,0.0,1.0
2014-12-17,1.076,1.076,0.0,1.0
2014-12-18,1.077,1.077,0.0,1.0
2014-12-19,1.082,1.082,0.0,1.0
2014-12-22,1.095,1.095,0.0,1.0
2014-12-23,1.093,1.093,0.0,1.0
2014-12-24,1.085,1.085,0.0,1.0
2014-12-25,1.082,1.082,0.0,1.0
2014-12-26,1.091,1.091,0.0,1.0
2014-12-29,1.109,1.109,0.0,1.0
2014-12-30,1.091,1.091,0.0,1.0
2014-12-31,1.099,1.099,0.0,1.0
2015-01-05,1.126,1.126,0.0,1.0
2015-01-06,1.109,1.109,0.0,1.0
2015-01-07,1.117,1.117,0.0,1.0
2015-01-08,1.119,1.119,0.0,1.0
2015-01-09,1.122,1.122,0.0,1.0
2015-01-12,1.13,1.13,0.0,1.0
2015-01-13,1.139,1.139,0.0,1.0
2015-01-14,1.129,1.129,0.0,1.0
2015-01-15,1.14,1.14,0.0,1.0
2015-01-16,1.149,1.149,0.0,1.0
2015-01-19,1.128,1.128,0.0,1.0
2015-01-20,1.123,1.123,0.0,1.0
2015-01-21,1.138,1.138,0.0,1.0
2015-01-22,1.151,1.151,0.0,1.0
2015-01-23,1.166,1.166,0.0,1.0
2015-01-26,1.168,1.168,0.0,1.0
2015-01-27,1.16,1.16,0.0,1.0
2015-01-28,1.16,1.16,0.0,1.0
2015-01-29,1.147,1.147,0.0,1.0
2015-01-30,1.15,1.15,0.0,1.0
2015-02-02,1.14,1.14,0.0,1.0
2015-02-03,1.15,1.15,0.0,1.0
2015-02-04,1.155,1.155,0.0,1.0
2015-02-05,1.151,1.151,0.0,1.0
2015-02-06,1.146,1.146,0.0,1.0
2015-02-09,1.142,1.142,0.0,1.0
2015-02-10,1.145,1.145,0.0,1.0
2015-02-11,1.137,1.137,0.0,1.0
2015-02-12,1.137,1.137,0.0,1.0
2015-02-13,1.15,1.15,0.0,1.0
2015-02-16,1.155,1.155,0.0,1.0
2015-02-17,1.158,1.158,0.0,1.0
2015-02-25,1.156,1.156,0.0,1.0
2015-02-26,1.164,1.164,0.0,1.0
2015-02-27,1.163,1.163,0.0,1.0
2015-03-02,1.158,1.158,0.0,1.0
2015-03-03,1.154,1.154,0.0,1.0
2015-03-04,1.154,1.154,0.0,1.0
2015-03-05,1.136,1.136,0.0,1.0
2015-03-06,1.134,1.134,0.0,1.0
2015-03-09,1.137,1.137,0.0,1.0
2015-03-10,1.125,1.125,0.0,1.0
2015-03-11,1.119,1.119,0.0,1.0
2015-03-12,1.121,1.121,0.0,1.0
2015-03-13,1.124,1.124,0.0,1.0
2015-03-16,1.129,1.129,0.0,1.0
2015-03-17,1.132,1.132,0.0,1.0
2015-03-18,1.14,1.14,0.0,1.0
2015-03-19,1.142,1.142,0.0,1.0
2015-03-20,1.14,1.14,0.0,1.0
2015-03-23,1.143,1.143,0.0,1.0
2015-03-24,1.139,1.139,0.0,1.0
2015-03-25,1.143,1.143,0.0,1.0
2015-03-26,1.141,1.141,0.0,1.0
2015-03-27,1.139,1.139,0.0,1.0
2015-03-30,1.193,1.193,0.0,1.0
2015-03-31,1.192,1.192,0.0,1.0
2015-04-01,1.184,1.184,0.0,1.0
2015-04-02,1.195,1.195,0.0,1.0
2015-04-03,1.315,1.315,0.0,1.0
2015-04-07,1.447,1.447,0.0,1.0
2015-04-08,1.302,1.302,0.0,1.0
2015-04-09,1.322,1.322,0.0,1.0
2015-04-10,1.352,1.352,0.0,1.0
2015-04-13,1.339,1.339,0.0,1.0
2015-04-14,1.281,1.281,0.0,1.0
2015-04-15,1.279,1.279,0.0,1.0
2015-04-16,1.28,1.28,0.0,1.0
2015-04-17,1.277,1.277,0.0,1.0
2015-04-20,1.234,1.234,0.0,1.0
2015-04-21,1.265,1.265,0.0,1.0
2015-04-22,1.286,1.286,0.0,1.0
2015-04-23,1.289,1.289,0.0,1.0
2015-04-24,1.281,1.281,0.0,1.0
2015-04-27,1.329,1.329,0.0,1.0
2015-04-28,1.318,1.318,0.0,1.0
2015-04-29,1.333,1.333,0.0,1.0
2015-04-30,1.317,1.317,0.0,1.0
2015-05-04,1.306,1.306,0.0,1.0
2015-05-05,1.276,1.276,0.0,1.0
2015-05-06,1.27,1.27,0.0,1.0
2015-05-07,1.26,1.26,0.0,1.0
2015-05-08,1.273,1.273,0.0,1.0
2015-05-11,1.287,1.287,0.0,1.0
2015-05-12,1.279,1.279,0.0,1.0
2015-05-13,1.255,1.255,0.0,1.0
2015-05-14,1.255,1.255,0.0,1.0
2015-05-15,1.29,1.29,0.0,1.0
2015-05-18,1.272,1.272,0.0,1.0
2015-05-19,1.281,1.281,0.0,1.0
2015-05-20,1.271,1.271,0.0,1.0
2015-05-21,1.271,1.271,0.0,1.0
2015-05-22,1.295,1.295,0.0,1.0
2015-05-25,1.354,1.354,0.0,1.0
2015-05-26,1.318,1.318,0.0,1.0
2015-05-27,1.313,1.313,0.0,1.0
2015-05-28,1.263,1.263,0.0,1.0
2015-05-29,1.277,1.277,0.0,1.0
2015-06-01,1.287,1.287,0.0,1.0
2015-06-02,1.269,1.269,0.0,1.0
2015-06-03,1.277,1.277,0.0,1.0
2015-06-04,1.282,1.282,0.0,1.0
2015-06-05,1.279,1.279,0.0,1.0
2015-06-08,1.282,1.282,0.0,1.0
2015-06-09,1.269,1.269,0.0,1.0
2015-06-10,1.268,1.268,0.0,1.0
2015-06-11,1.255,1.255,0.0,1.0
2015-06-12,1.262,1.262,0.0,1.0
2015-06-15,1.252,1.252,0.0,1.0
2015-06-16,1.24,1.24,0.0,1.0
2015-06-17,1.253,1.253,0.0,1.0
2015-06-18,1.221,1.221,0.0,1.0
2015-06-19,1.231,1.231,0.0,1.0
2015-06-23,1.275,1.275,0.0,1.0
2015-06-24,1.285,1.285,0.0,1.0
2015-06-25,1.268,1.268,0.0,1.0
2015-06-26,1.248,1.248,0.0,1.0
2015-06-29,1.216,1.216,0.0,1.0
2015-06-30,1.254,1.254,0.0,1.0
2015-07-01,1.206,1.206,0.0,1.0
2015-07-02,1.235,1.235,0.0,1.0
2015-07-03,1.227,1.227,0.0,1.0
2015-07-06,1.164,1.164,0.0,1.0
2015-07-07,1.172,1.172,0.0,1.0
2015-07-08,1.055,1.055,0.0,1.0
2015-07-09,1.145,1.145,0.0,1.0
2015-07-10,1.152,1.152,0.0,1.0
2015-07-13,1.148,1.148,0.0,1.0
2015-07-14,1.14,1.14,0.0,1.0
2015-07-15,1.153,1.153,0.0,1.0
2015-07-16,1.151,1.151,0.0,1.0
2015-07-17,1.186,1.186,0.0,1.0
2015-07-20,1.194,1.194,0.0,1.0
2015-07-21,1.207,1.207,0.0,1.0
2015-07-22,1.198,1.198,0.0,1.0
2015-07-23,1.212,1.212,0.0,1.0
2015-07-24,1.19,1.19,0.0,1.0
2015-07-27,1.148,1.148,0.0,1.0
2015-07-28,1.157,1.157,0.0,1.0
2015-07-29,1.17,1.17,0.0,1.0
2015-07-30,1.163,1.163,0.0,1.0
2015-07-31,1.165,1.165,0.0,1.0
2015-08-03,1.158,1.158,0.0,1.0
2015-08-04,1.171,1.171,0.0,1.0
2015-08-05,1.166,1.166,0.0,1.0
2015-08-06,1.161,1.161,0.0,1.0
2015-08-07,1.168,1.168,0.0,1.0
2015-08-10,1.167,1.167,0.0,1.0
2015-08-11,1.198,1.198,0.0,1.0
2015-08-12,1.184,1.184,0.0,1.0
2015-08-13,1.188,1.188,0.0,1.0
2015-08-14,1.188,1.188,0.0,1.0
2015-08-17,1.178,1.178,0.0,1.0
2015-08-18,1.156,1.156,0.0,1.0
2015-08-19,1.153,1.153,0.0,1.0
2015-08-20,1.122,1.122,0.0,1.0
2015-08-21,1.1,1.1,0.0,1.0
2015-08-24,1.036,1.036,0.0,1.0
2015-08-25,1.029,1.029,0.0,1.0
2015-08-26,1.062,1.062,0.0,1.0
2015-08-27,1.082,1.082,0.0,1.0
2015-08-28,1.084,1.084,0.0,1.0
2015-08-31,1.064,1.064,0.0,1.0
2015-09-01,1.059,1.059,0.0,1.0
2015-09-02,1.03,1.03,0.0,1.0
2015-09-07,1.029,1.029,0.0,1.0
2015-09-08,1.043,1.043,0.0,1.0
2015-09-09,1.088,1.088,0.0,1.0
2015-09-10,1.07,1.07,0.0,1.0
2015-09-11,1.073,1.073,0.0,1.0
2015-09-14,1.063,1.063,0.0,1.0
2015-09-15,1.057,1.057,0.0,1.0
2015-09-16,1.087,1.087,0.0,1.0
2015-09-17,1.075,1.075,0.0,1.0
2015-09-18,1.085,1.085,0.0,1.0
2015-09-21,1.078,1.078,0.0,1.0
2015-09-22,1.092,1.092,0.0,1.0
2015-09-23,1.054,1.054,0.0,1.0
2015-09-24,1.054,1.054,0.0,1.0
2015-09-25,1.053,1.053,0.0,1.0
2015-09-28,1.053,1.053,0.0,1.0
2015-09-29,1.029,1.029,0.0,1.0
2015-09-30,1.035,1.035,0.0,1.0
2015-10-08,1.094,1.094,0.0,1.0
2015-10-09,1.107,1.107,0.0,1.0
2015-10-12,1.112,1.112,0.0,1.0
2015-10-13,1.11,1.11,0.0,1.0
2015-10-14,1.099,1.099,0.0,1.0
2015-10-15,1.121,1.121,0.0,1.0
2015-10-16,1.128,1.128,0.0,1.0
2015-10-19,1.128,1.128,0.0,1.0
2015-10-20,1.128,1.128,0.0,1.0
2015-10-21,1.115,1.115,0.0,1.0
2015-10-22,1.123,1.123,0.0,1.0
2015-10-23,1.137,1.137,0.0,1.0
2015-10-26,1.136,1.136,0.0,1.0
2015-10-27,1.134,1.134,0.0,1.0
2015-10-28,1.131,1.131,0.0,1.0
2015-10-29,1.128,1.128,0.0,1.0
2015-10-30,1.119,1.119,0.0,1.0
2015-11-02,1.112,1.112,0.0,1.0
2015-11-03,1.12,1.12,0.0,1.0
2015-11-04,1.147,1.147,0.0,1.0
2015-11-05,1.144,1.144,0.0,1.0
2015-11-06,1.136,1.136,0.0,1.0
2015-11-09,1.133,1.133,0.0,1.0
2015-11-10,1.117,1.117,0.0,1.0
2015-11-11,1.116,1.116,0.0,1.0
2015-11-12,1.135,1.135,0.0,1.0
2015-11-13,1.116,1.116,0.0,1.0
2015-11-16,1.1,1.1,0.0,1.0
2015-11-17,1.113,1.113,0.0,1.0
2015-11-18,1.108,1.108,0.0,1.0
2015-11-19,1.122,1.122,0.0,1.0
2015-11-20,1.125,1.125,0.0,1.0
2015-11-23,1.129,1.129,0.0,1.0
2015-11-24,1.122,1.122,0.0,1.0
2015-11-25,1.127,1.127,0.0,1.0
2015-11-26,1.123,1.123,0.0,1.0
2015-11-27,1.102,1.102,0.0,1.0
2015-11-30,1.105,1.105,0.0,1.0
2015-12-01,1.113,1.113,0.0,1.0
2015-12-02,1.124,1.124,0.0,1.0
2015-12-03,1.118,1.118,0.0,1.0
2015-12-04,1.111,1.111,0.0,1.0
2015-12-07,1.113,1.113,0.0,1.0
2015-12-08,1.094,1.094,0.0,1.0
2015-12-09,1.094,1.094,0.0,1.0
2015-12-10,1.092,1.092,0.0,1.0
2015-12-11,1.083,1.083,0.0,1.0
2015-12-14,1.075,1.075,0.0,1.0
2015-12-15,1.076,1.076,0.0,1.0
2015-12-16,1.096,1.096,0.0,1.0
2015-12-17,1.102,1.102,0.0,1.0
2015-12-18,1.103,1.103,0.0,1.0
2015-12-21,1.105,1.105,0.0,1.0
2015-12-22,1.102,1.102,0.0,1.0
2015-12-23,1.114,1.114,0.0,1.0
2015-12-24,1.116,1.116,0.0,1.0
2015-12-25,1.12,1.12,0.0,1.0
2015-12-28,1.11,1.11,0.0,1.0
2015-12-29,1.118,1.118,0.0,1.0
2015-12-30,1.114,1.114,0.0,1.0
2015-12-31,1.113,1.113,0.0,1.0
2016-01-04,1.082,1.082,0.0,1.0
2016-01-05,1.079,1.079,0.0,1.0
2016-01-06,1.08,1.08,0.0,1.0
2016-01-07,1.058,1.058,0.0,1.0
2016-01-08,1.048,1.048,0.0,1.0
2016-01-11,1.018,1.018,0.0,1.0
2016-01-12,1.015,1.015,0.0,1.0
2016-01-13,1.023,1.023,0.0,1.0
2016-01-14,1.015,1.015,0.0,1.0
2016-01-15,0.995,0.995,0.0,1.0
2016-01-18,0.978,0.978,0.0,1.0
2016-01-19,0.989,0.989,0.0,1.0
2016-01-20,0.959,0.959,0.0,1.0
2016-01-21,0.946,0.946,0.0,1.0
2016-01-22,0.969,0.969,0.0,1.0
2016-01-25,0.98,0.98,0.0,1.0
2016-01-26,0.954,0.954,0.0,1.0
2016-01-27,0.965,0.965,0.0,1.0
2016-01-28,0.963,0.963,0.0,1.0
2016-01-29,0.99,0.99,0.0,1.0
2016-02-01,0.993,0.993,0.0,1.0
2016-02-02,0.992,0.992,0.0,1.0
2016-02-03,0.967,0.967,0.0,1.0
2016-02-04,0.976,0.976,0.0,1.0
2016-02-05,0.978,0.978,0.0,1.0
2016-02-15,0.95,0.95,0.0,1.0
2016-02-16,0.964,0.964,0.0,1.0
2016-02-17,0.959,0.959,0.0,1.0
2016-02-18,0.97,0.97,0.0,1.0
2016-02-19,0.971,0.971,0.0,1.0
2016-02-22,0.978,0.978,0.0,1.0
2016-02-23,0.979,0.979,0.0,1.0
2016-02-24,0.97,0.97,0.0,1.0
2016-02-25,0.953,0.953,0.0,1.0
2016-02-26,0.966,0.966,0.0,1.0
2016-02-29,0.968,0.968,0.0,1.0
2016-03-01,0.974,0.974,0.0,1.0
2016-03-02,1.012,1.012,0.0,1.0
2016-03-03,1.004,1.004,0.0,1.0
2016-03-04,1.014,1.014,0.0,1.0
2016-03-07,1.017,1.017,0.0,1.0
2016-03-08,1.008,1.008,0.0,1.0
2016-03-09,1.006,1.006,0.0,1.0
2016-03-10,1.011,1.011,0.0,1.0
2016-03-11,1.014,1.014,0.0,1.0
2016-03-14,1.028,1.028,0.0,1.0
2016-03-15,1.025,1.025,0.0,1.0
2016-03-16,1.022,1.022,0.0,1.0
2016-03-17,1.031,1.031,0.0,1.0
2016-03-18,1.035,1.035,0.0,1.0
2016-03-21,1.04,1.04,0.0,1.0
2016-03-22,1.036,1.036,0.0,1.0
2016-03-23,1.039,1.039,0.0,1.0
2016-03-24,1.027,1.027,0.0,1.0
2016-03-25,1.027,1.027,0.0,1.0
2016-03-28,1.026,1.026,0.0,1.0
2016-03-29,1.026,1.026,0.0,1.0
2016-03-30,1.044,1.044,0.0,1.0
2016-03-31,1.042,1.042,0.0,1.0
2016-04-01,1.034,1.034,0.0,1.0
2016-04-05,1.022,1.022,0.0,1.0
2016-04-06,1.023,1.023,0.0,1.0
2016-04-07,1.017,1.017,0.0,1.0
2016-04-08,1.015,1.015,0.0,1.0
2016-04-11,1.026,1.026,0.0,1.0
2016-04-12,1.031,1.031,0.0,1.0
2016-04-13,1.051,1.051,0.0,1.0
2016-04-14,1.071,1.071,0.0,1.0
2016-04-15,1.073,1.073,0.0,1.0
2016-04-18,1.056,1.056,0.0,1.0
2016-04-19,1.073,1.073,0.0,1.0
2016-04-20,1.064,1.064,0.0,1.0
2016-04-21,1.082,1.082,0.0,1.0
2016-04-22,1.079,1.079,0.0,1.0
2016-04-25,1.079,1.079,0.0,1.0
2016-04-26,1.073,1.073,0.0,1.0
2016-04-27,1.072,1.072,0.0,1.0
2016-04-28,1.075,1.075,0.0,1.0
2016-04-29,1.059,1.059,0.0,1.0
2016-05-03,1.049,1.049,0.0,1.0
2016-05-04,1.037,1.037,0.0,1.0
2016-05-05,1.042,1.042,0.0,1.0
2016-05-06,1.028,1.028,0.0,1.0
2016-05-09,1.027,1.027,0.0,1.0
2016-05-10,1.027,1.027,0.0,1.0
2016-05-11,1.023,1.023,0.0,1.0
2016-05-12,1.014,1.014,0.0,1.0
2016-05-13,0.999,0.999,0.0,1.0
2016-05-16,1.011,1.011,0.0,1.0
2016-05-17,1.015,1.015,0.0,1.0
2016-05-18,1.006,1.006,0.0,1.0
2016-05-19,1.006,1.006,0.0,1.0
2016-05-20,1.019,1.019,0.0,1.0
2016-05-23,1.016,1.016,0.0,1.0
2016-05-24,1.014,1.014,0.0,1.0
2016-05-25,1.046,1.046,0.0,1.0
2016-05-26,1.043,1.043,0.0,1.0
2016-05-27,1.052,1.052,0.0,1.0
2016-05-30,1.063,1.063,0.0,1.0
2016-05-31,1.082,1.082,0.0,1.0
2016-06-01,1.071,1.071,0.0,1.0
2016-06-02,1.07,1.07,0.0,1.0
2016-06-03,1.079,1.079,0.0,1.0
2016-06-06,1.077,1.077,0.0,1.0
2016-06-07,1.093,1.093,0.0,1.0
2016-06-08,1.096,1.096,0.0,1.0
2016-06-13,1.062,1.062,0.0,1.0
2016-06-14,1.066,1.066,0.0,1.0
2016-06-15,1.064,1.064,0.0,1.0
2016-06-16,1.042,1.042,0.0,1.0
2016-06-17,1.048,1.048,0.0,1.0
2016-06-20,1.068,1.068,0.0,1.0
2016-06-21,1.068,1.068,0.0,1.0
2016-06-22,1.084,1.084,0.0,1.0
2016-06-23,1.086,1.086,0.0,1.0
2016-06-24,1.049,1.049,0.0,1.0
2016-06-27,1.063,1.063,0.0,1.0
2016-06-28,1.063,1.063,0.0,1.0
2016-06-29,1.07,1.07,0.0,1.0
2016-06-30,1.089,1.089,0.0,1.0
2016-07-01,1.096,1.096,0.0,1.0
2016-07-04,1.112,1.112,0.0,1.0
2016-07-05,1.101,1.101,0.0,1.0
2016-07-06,1.084,1.084,0.0,1.0
2016-07-07,1.09,1.09,0.0,1.0
2016-07-08,1.086,1.086,0.0,1.0
2016-07-11,1.102,1.102,0.0,1.0
2016-07-12,1.116,1.116,0.0,1.0
2016-07-13,1.129,1.129,0.0,1.0
2016-07-14,1.137,1.137,0.0,1.0
2016-07-15,1.142,1.142,0.0,1.0
2016-07-18,1.154,1.154,0.0,1.0
2016-07-19,1.147,1.147,0.0,1.0
2016-07-20,1.158,1.158,0.0,1.0
2016-07-21,1.168,1.168,0.0,1.0
2016-07-22,1.157,1.157,0.0,1.0
2016-07-25,1.159,1.159,0.0,1.0
2016-07-26,1.176,1.176,0.0,1.0
2016-07-27,1.167,1.167,0.0,1.0
2016-07-28,1.166,1.166,0.0,1.0
2016-07-29,1.152,1.152,0.0,1.0
2016-08-01,1.163,1.163,0.0,1.0
2016-08-02,1.159,1.159,0.0,1.0
2016-08-03,1.141,1.141,0.0,1.0
2016-08-04,1.147,1.147,0.0,1.0
2016-08-05,1.168,1.168,0.0,1.0
2016-08-08,1.185,1.185,0.0,1.0
2016-08-09,1.179,1.179,0.0,1.0
2016-08-10,1.175,1.175,0.0,1.0
2016-08-11,1.187,1.187,0.0,1.0
2016-08-12,1.194,1.194,0.0,1.0
2016-08-15,1.202,1.202,0.0,1.0
2016-08-16,1.201,1.201,0.0,1.0
2016-08-17,1.203,1.203,0.0,1.0
2016-08-18,1.206,1.206,0.0,1.0
2016-08-19,1.211,1.211,0.0,1.0
2016-08-22,1.205,1.205,0.0,1.0
2016-08-23,1.21,1.21,0.0,1.0
2016-08-24,1.204,1.204,0.0,1.0
2016-08-25,1.207,1.207,0.0,1.0
2016-08-26,1.212,1.212,0.0,1.0
2016-08-29,1.207,1.207,0.0,1.0
2016-08-30,1.22,1.22,0.0,1.0
2016-08-31,1.218,1.218,0.0,1.0
2016-09-01,1.226,1.226,0.0,1.0
2016-09-02,1.231,1.231,0.0,1.0
2016-09-05,1.258,1.258,0.0,1.0
2016-09-06,1.268,1.268,0.0,1.0
2016-09-07,1.262,1.262,0.0,1.0
2016-09-08,1.27,1.27,0.0,1.0
2016-09-09,1.295,1.295,0.0,1.0
2016-09-12,1.253,1.253,0.0,1.0
2016-09-13,1.251,1.251,0.0,1.0
2016-09-14,1.242,1.242,0.0,1.0
2016-09-19,1.258,1.258,0.0,1.0
2016-09-20,1.255,1.255,0.0,1.0
2016-09-21,1.266,1.266,0.0,1.0
2016-09-22,1.265,1.265,0.0,1.0
2016-09-23,1.27,1.27,0.0,1.0
2016-09-26,1.248,1.248,0.0,1.0
2016-09-27,1.26,1.26,0.0,1.0
2016-09-28,1.251,1.251,0.0,1.0
2016-09-29,1.259,1.259,0.0,1.0
2016-09-30,1.243,1.243,0.0,1.0
2016-10-10,1.277,1.277,0.0,1.0
2016-10-11,1.259,1.259,0.0,1.0
2016-10-12,1.25,1.25,0.0,1.0
2016-10-13,1.244,1.244,0.0,1.0
2016-10-14,1.251,1.251,0.0,1.0
2016-10-17,1.242,1.242,0.0,1.0
2016-10-18,1.256,1.256,0.0,1.0
2016-10-19,1.255,1.255,0.0,1.0
2016-10-20,1.259,1.259,0.0,1.0
2016-10-21,1.258,1.258,0.0,1.0
2016-10-24,1.271,1.271,0.0,1.0
2016-10-25,1.275,1.275,0.0,1.0
2016-10-26,1.263,1.263,0.0,1.0
2016-10-27,1.251,1.251,0.0,1.0
2016-10-28,1.247,1.247,0.0,1.0
2016-10-31,1.244,1.244,0.0,1.0
2016-11-01,1.256,1.256,0.0,1.0
2016-11-02,1.235,1.235,0.0,1.0
2016-11-03,1.234,1.234,0.0,1.0
2016-11-04,1.228,1.228,0.0,1.0
2016-11-07,1.238,1.238,0.0,1.0
2016-11-08,1.24,1.24,0.0,1.0
2016-11-09,1.201,1.201,0.0,1.0
2016-11-10,1.248,1.248,0.0,1.0
2016-11-11,1.24,1.24,0.0,1.0
2016-11-14,1.225,1.225,0.0,1.0
2016-11-15,1.227,1.227,0.0,1.0
2016-11-16,1.233,1.233,0.0,1.0
2016-11-17,1.223,1.223,0.0,1.0
2016-11-18,1.225,1.225,0.0,1.0
2016-11-21,1.231,1.231,0.0,1.0
2016-11-22,1.248,1.248,0.0,1.0
2016-11-23,1.247,1.247,0.0,1.0
2016-11-24,1.244,1.244,0.0,1.0
2016-11-25,1.251,1.251,0.0,1.0
2016-11-28,1.261,1.261,0.0,1.0
2016-11-29,1.25,1.25,0.0,1.0
2016-11-30,1.248,1.248,0.0,1.0
2016-12-01,1.254,1.254,0.0,1.0
2016-12-02,1.24,1.24,0.0,1.0
2016-12-05,1.229,1.229,0.0,1.0
2016-12-06,1.237,1.237,0.0,1.0
2016-12-07,1.248,1.248,0.0,1.0
2016-12-08,1.25,1.25,0.0,1.0
2016-12-09,1.245,1.245,0.0,1.0
2016-12-12,1.233,1.233,0.0,1.0
2016-12-13,1.231,1.231,0.0,1.0
2016-12-14,1.236,1.236,0.0,1.0
2016-12-15,1.212,1.212,0.0,1.0
2016-12-16,1.22,1.22,0.0,1.0
2016-12-19,1.205,1.205,0.0,1.0
2016-12-20,1.198,1.198,0.0,1.0
2016-12-21,1.208,1.208,0.0,1.0
2016-12-22,1.196,1.196,0.0,1.0
2016-12-23,1.189,1.189,0.0,1.0
2016-12-26,1.189,1.189,0.0,1.0
2016-12-27,1.19,1.19,0.0,1.0
2016-12-28,1.196,1.196,0.0,1.0
2016-12-29,1.2,1.2,0.0,1.0
2016-12-30,1.216,1.216,0.0,1.0
2017-01-03,1.225,1.225,0.0,1.0
2017-01-04,1.221,1.221,0.0,1.0
2017-01-05,1.229,1.229,0.0,1.0
2017-01-06,1.233,1.233,0.0,1.0
2017-01-09,1.239,1.239,0.0,1.0
2017-01-10,1.246,1.246,0.0,1.0
2017-01-11,1.258,1.258,0.0,1.0
2017-01-12,1.253,1.253,0.0,1.0
2017-01-13,1.253,1.253,0.0,1.0
2017-01-16,1.243,1.243,0.0,1.0
2017-01-17,1.248,1.248,0.0,1.0
2017-01-18,1.258,1.258,0.0,1.0
2017-01-19,1.257,1.257,0.0,1.0
2017-01-20,1.253,1.253,0.0,1.0
2017-01-23,1.247,1.247,0.0,1.0
2017-01-24,1.251,1.251,0.0,1.0
2017-01-25,1.257,1.257,0.0,1.0
2017-01-26,1.272,1.272,0.0,1.0
2017-02-03,1.263,1.263,0.0,1.0
2017-02-06,1.27,1.27,0.0,1.0
2017-02-07,1.275,1.275,0.0,1.0
2017-02-08,1.285,1.285,0.0,1.0
2017-02-09,1.286,1.286,0.0,1.0
2017-02-10,1.295,1.295,0.0,1.0
2017-02-13,1.3,1.3,0.0,1.0
2017-02-14,1.295,1.295,0.0,1.0
2017-02-15,1.309,1.309,0.0,1.0
2017-02-16,1.317,1.317,0.0,1.0
2017-02-17,1.308,1.308,0.0,1.0
2017-02-20,1.322,1.322,0.0,1.0
2017-02-21,1.317,1.317,0.0,1.0
2017-02-22,1.324,1.324,0.0,1.0
2017-02-23,1.317,1.317,0.0,1.0
2017-02-24,1.313,1.313,0.0,1.0
2017-02-27,1.309,1.309,0.0,1.0
2017-02-28,1.3,1.3,0.0,1.0
2017-03-01,1.303,1.303,0.0,1.0
2017-03-02,1.306,1.306,0.0,1.0
2017-03-03,1.293,1.293,0.0,1.0
2017-03-06,1.299,1.299,0.0,1.0
2017-03-07,1.307,1.307,0.0,1.0
2017-03-08,1.309,1.309,0.0,1.0
2017-03-09,1.295,1.295,0.0,1.0
2017-03-10,1.3,1.3,0.0,1.0
2017-03-13,1.314,1.314,0.0,1.0
2017-03-14,1.316,1.316,0.0,1.0
2017-03-15,1.311,1.311,0.0,1.0
2017-03-16,1.327,1.327,0.0,1.0
2017-03-17,1.331,1.331,0.0,1.0
2017-03-20,1.345,1.345,0.0,1.0
2017-03-21,1.355,1.355,0.0,1.0
2017-03-22,1.329,1.329,0.0,1.0
2017-03-23,1.341,1.341,0.0,1.0
2017-03-24,1.339,1.339,0.0,1.0
2017-03-27,1.324,1.324,0.0,1.0
2017-03-28,1.329,1.329,0.0,1.0
2017-03-29,1.335,1.335,0.0,1.0
2017-03-30,1.33,1.33,0.0,1.0
2017-03-31,1.329,1.329,0.0,1.0
2017-04-05,1.333,1.333,0.0,1.0
2017-04-06,1.333,1.333,0.0,1.0
2017-04-07,1.327,1.327,0.0,1.0
2017-04-10,1.334,1.334,0.0,1.0
2017-04-11,1.323,1.323,0.0,1.0
2017-04-12,1.32,1.32,0.0,1.0
2017-04-13,1.332,1.332,0.0,1.0
2017-04-14,1.317,1.317,0.0,1.0
2017-04-17,1.314,1.314,0.0,1.0
2017-04-18,1.312,1.312,0.0,1.0
2017-04-19,1.303,1.303,0.0,1.0
2017-04-20,1.308,1.308,0.0,1.0
2017-04-21,1.32,1.32,0.0,1.0
2017-04-24,1.319,1.319,0.0,1.0
2017-04-25,1.337,1.337,0.0,1.0
2017-04-26,1.343,1.343,0.0,1.0
2017-04-27,1.349,1.349,0.0,1.0
2017-04-28,1.346,1.346,0.0,1.0
2017-05-02,1.346,1.346,0.0,1.0
2017-05-03,1.352,1.352,0.0,1.0
2017-05-04,1.347,1.347,0.0,1.0
2017-05-05,1.335,1.335,0.0,1.0
2017-05-08,1.346,1.346,0.0,1.0
2017-05-09,1.36,1.36,0.0,1.0
2017-05-10,1.379,1.379,0.0,1.0
2017-05-11,1.379,1.379,0.0,1.0
2017-05-12,1.38,1.38,0.0,1.0
2017-05-15,1.389,1.389,0.0,1.0
2017-05-16,1.389,1.389,0.0,1.0
2017-05-17,1.387,1.387,0.0,1.0
2017-05-18,1.377,1.377,0.0,1.0
2017-05-19,1.389,1.389,0.0,1.0
2017-05-22,1.397,1.397,0.0,1.0
2017-05-23,1.391,1.391,0.0,1.0
2017-05-24,1.393,1.393,0.0,1.0
2017-05-25,1.406,1.406,0.0,1.0
2017-05-26,1.405,1.405,0.0,1.0
2017-05-31,1.403,1.403,0.0,1.0
2017-06-01,1.395,1.395,0.0,1.0
2017-06-02,1.415,1.415,0.0,1.0
2017-06-05,1.403,1.403,0.0,1.0
2017-06-06,1.409,1.409,0.0,1.0
2017-06-07,1.409,1.409,0.0,1.0
2017-06-08,1.411,1.411,0.0,1.0
2017-06-09,1.407,1.407,0.0,1.0
2017-06-12,1.396,1.396,0.0,1.0
2017-06-13,1.395,1.395,0.0,1.0
2017-06-14,1.396,1.396,0.0,1.0
2017-06-15,1.385,1.385,0.0,1.0
2017-06-16,1.389,1.389,0.0,1.0
2017-06-19,1.406,1.406,0.0,1.0
2017-06-20,1.409,1.409,0.0,1.0
2017-06-21,1.401,1.401,0.0,1.0
2017-06-22,1.403,1.403,0.0,1.0
2017-06-23,1.405,1.405,0.0,1.0
2017-06-26,1.414,1.414,0.0,1.0
2017-06-27,1.411,1.411,0.0,1.0
2017-06-28,1.398,1.398,0.0,1.0
2017-06-29,1.412,1.412,0.0,1.0
2017-06-30,1.399,1.399,0.0,1.0
2017-07-03,1.402,1.402,0.0,1.0
2017-07-04,1.38,1.38,0.0,1.0
2017-07-05,1.389,1.389,0.0,1.0
2017-07-06,1.393,1.393,0.0,1.0
2017-07-07,1.387,1.387,0.0,1.0
2017-07-10,1.398,1.398,0.0,1.0
2017-07-11,1.418,1.418,0.0,1.0
2017-07-12,1.423,1.423,0.0,1.0
2017-07-13,1.438,1.438,0.0,1.0
2017-07-14,1.438,1.438,0.0,1.0
2017-07-17,1.44,1.44,0.0,1.0
2017-07-18,1.443,1.443,0.0,1.0
2017-07-19,1.453,1.453,0.0,1.0
2017-07-20,1.457,1.457,0.0,1.0
2017-07-21,1.454,1.454,0.0,1.0
2017-07-24,1.455,1.455,0.0,1.0
2017-07-25,1.453,1.453,0.0,1.0
2017-07-26,1.458,1.458,0.0,1.0
2017-07-27,1.471,1.471,0.0,1.0
2017-07-28,1.464,1.464,0.0,1.0
2017-07-31,1.476,1.476,0.0,1.0
2017-08-01,1.491,1.491,0.0,1.0
2017-08-02,1.504,1.504,0.0,1.0
2017-08-03,1.493,1.493,0.0,1.0
2017-08-04,1.487,1.487,0.0,1.0
2017-08-07,1.496,1.496,0.0,1.0
2017-08-08,1.5,1.5,0.0,1.0
2017-08-09,1.494,1.494,0.0,1.0
2017-08-10,1.475,1.475,0.0,1.0
2017-08-11,1.44,1.44,0.0,1.0
2017-08-14,1.455,1.455,0.0,1.0
2017-08-15,1.47,1.47,0.0,1.0
2017-08-16,1.47,1.47,0.0,1.0
2017-08-17,1.466,1.466,0.0,1.0
2017-08-18,1.457,1.457,0.0,1.0
2017-08-21,1.459,1.459,0.0,1.0
2017-08-22,1.472,1.472,0.0,1.0
2017-08-23,1.477,1.477,0.0,1.0
2017-08-24,1.476,1.476,0.0,1.0
2017-08-25,1.488,1.488,0.0,1.0
2017-08-28,1.485,1.485,0.0,1.0
2017-08-29,1.478,1.478,0.0,1.0
2017-08-30,1.488,1.488,0.0,1.0
2017-08-31,1.488,1.488,0.0,1.0
2017-09-01,1.486,1.486,0.0,1.0
2017-09-04,1.465,1.465,0.0,1.0
2017-09-05,1.461,1.461,0.0,1.0
2017-09-06,1.459,1.459,0.0,1.0
2017-09-07,1.454,1.454,0.0,1.0
2017-09-08,1.448,1.448,0.0,1.0
2017-09-11,1.478,1.478,0.0,1.0
2017-09-12,1.48,1.48,0.0,1.0
2017-09-13,1.475,1.475,0.0,1.0
2017-09-14,1.474,1.474,0.0,1.0
2017-09-15,1.473,1.473,0.0,1.0
2017-09-18,1.494,1.494,0.0,1.0
2017-09-19,1.501,1.501,0.0,1.0
2017-09-20,1.496,1.496,0.0,1.0
2017-09-21,1.501,1.501,0.0,1.0
2017-09-22,1.487,1.487,0.0,1.0
2017-09-25,1.474,1.474,0.0,1.0
2017-09-26,1.473,1.473,0.0,1.0
2017-09-27,1.484,1.484,0.0,1.0
2017-09-28,1.486,1.486,0.0,1.0
2017-09-29,1.483,1.483,0.0,1.0
2017-10-09,1.519,1.519,0.0,1.0
2017-10-10,1.518,1.518,0.0,1.0
2017-10-11,1.517,1.517,0.0,1.0
2017-10-12,1.521,1.521,0.0,1.0
2017-10-13,1.517,1.517,0.0,1.0
2017-10-16,1.531,1.531,0.0,1.0
2017-10-17,1.536,1.536,0.0,1.0
2017-10-18,1.535,1.535,0.0,1.0
2017-10-19,1.526,1.526,0.0,1.0
2017-10-20,1.528,1.528,0.0,1.0
2017-10-23,1.523,1.523,0.0,1.0
2017-10-24,1.512,1.512,0.0,1.0
2017-10-25,1.523,1.523,0.0,1.0
2017-10-26,1.517,1.517,0.0,1.0
2017-10-27,1.53,1.53,0.0,1.0
2017-10-30,1.529,1.529,0.0,1.0
2017-10-31,1.523,1.523,0.0,1.0
2017-11-01,1.529,1.529,0.0,1.0
2017-11-02,1.528,1.528,0.0,1.0
2017-11-03,1.533,1.533,0.0,1.0
2017-11-06,1.532,1.532,0.0,1.0
2017-11-07,1.558,1.558,0.0,1.0
2017-11-08,1.558,1.558,0.0,1.0
2017-11-09,1.565,1.565,0.0,1.0
2017-11-10,1.567,1.567,0.0,1.0
2017-11-13,1.574,1.574,0.0,1.0
2017-11-14,1.572,1.572,0.0,1.0
2017-11-15,1.558,1.558,0.0,1.0
2017-11-16,1.563,1.563,0.0,1.0
2017-11-17,1.571,1.571,0.0,1.0
2017-11-20,1.575,1.575,0.0,1.0
2017-11-21,1.597,1.597,0.0,1.0
2017-11-22,1.612,1.612,0.0,1.0
2017-11-23,1.6,1.6,0.0,1.0
2017-11-24,1.604,1.604,0.0,1.0
2017-11-27,1.6,1.6,0.0,1.0
2017-11-28,1.591,1.591,0.0,1.0
2017-11-29,1.596,1.596,0.0,1.0
2017-11-30,1.571,1.571,0.0,1.0
2017-12-01,1.568,1.568,0.0,1.0
2017-12-04,1.577,1.577,0.0,1.0
2017-12-05,1.56,1.56,0.0,1.0
2017-12-06,1.529,1.529,0.0,1.0
2017-12-07,1.518,1.518,0.0,1.0
2017-12-08,1.538,1.538,0.0,1.0
2017-12-11,1.551,1.551,0.0,1.0
2017-12-12,1.546,1.546,0.0,1.0
2017-12-13,1.565,1.565,0.0,1.0
2017-12-14,1.558,1.558,0.0,1.0
2017-12-15,1.541,1.541,0.0,1.0
2017-12-18,1.553,1.553,0.0,1.0
2017-12-19,1.563,1.563,0.0,1.0
2017-12-20,1.549,1.549,0.0,1.0
2017-12-21,1.556,1.556,0.0,1.0
2017-12-22,1.56,1.56,0.0,1.0
2017-12-25,1.566,1.566,0.0,1.0
2017-12-26,1.568,1.568,0.0,1.0
2017-12-27,1.563,1.563,0.0,1.0
2017-12-28,1.573,1.573,0.0,1.0
2017-12-29,1.576,1.576,0.0,1.0
2018-01-02,1.603,1.603,0.0,1.0
2018-01-03,1.607,1.607,0.0,1.0
2018-01-04,1.616,1.616,0.0,1.0
2018-01-05,1.612,1.612,0.0,1.0
2018-01-08,1.617,1.617,0.0,1.0
2018-01-09,1.631,1.631,0.0,1.0
2018-01-10,1.643,1.643,0.0,1.0
2018-01-11,1.637,1.637,0.0,1.0
2018-01-12,1.643,1.643,0.0,1.0
2018-01-15,1.641,1.641,0.0,1.0
2018-01-16,1.659,1.659,0.0,1.0
2018-01-17,1.662,1.662,0.0,1.0
2018-01-18,1.674,1.674,0.0,1.0
2018-01-19,1.671,1.671,0.0,1.0
2018-01-22,1.685,1.685,0.0,1.0
2018-01-23,1.708,1.708,0.0,1.0
2018-01-24,1.712,1.712,0.0,1.0
2018-01-25,1.685,1.685,0.0,1.0
2018-01-26,1.708,1.708,0.0,1.0
2018-01-29,1.694,1.694,0.0,1.0
2018-01-30,1.676,1.676,0.0,1.0
2018-01-31,1.672,1.672,0.0,1.0
2018-02-01,1.676,1.676,0.0,1.0
2018-02-02,1.67,1.67,0.0,1.0
2018-02-05,1.645,1.645,0.0,1.0
2018-02-06,1.568,1.568,0.0,1.0
2018-02-07,1.547,1.547,0.0,1.0
2018-02-08,1.561,1.561,0.0,1.0
2018-02-09,1.511,1.511,0.0,1.0
2018-02-12,1.519,1.519,0.0,1.0
2018-02-13,1.532,1.532,0.0,1.0
2018-02-14,1.561,1.561,0.0,1.0
2018-02-22,1.596,1.596,0.0,1.0
2018-02-23,1.611,1.611,0.0,1.0
2018-02-26,1.614,1.614,0.0,1.0
2018-02-27,1.602,1.602,0.0,1.0
2018-02-28,1.576,1.576,0.0,1.0
2018-03-01,1.582,1.582,0.0,1.0
2018-03-02,1.571,1.571,0.0,1.0
2018-03-05,1.548,1.548,0.0,1.0
2018-03-06,1.57,1.57,0.0,1.0
2018-03-07,1.545,1.545,0.0,1.0
2018-03-08,1.574,1.574,0.0,1.0
2018-03-09,1.59,1.59,0.0,1.0
2018-03-12,1.616,1.616,0.0,1.0
2018-03-13,1.614,1.614,0.0,1.0
2018-03-14,1.595,1.595,0.0,1.0
2018-03-15,1.608,1.608,0.0,1.0
2018-03-16,1.605,1.605,0.0,1.0
2018-03-19,1.616,1.616,0.0,1.0
2018-03-20,1.613,1.613,0.0,1.0
2018-03-21,1.616,1.616,0.0,1.0
2018-03-22,1.595,1.595,0.0,1.0
2018-03-23,1.531,1.531,0.0,1.0
2018-03-26,1.537,1.537,0.0,1.0
2018-03-27,1.551,1.551,0.0,1.0
2018-03-28,1.53,1.53,0.0,1.0
2018-03-29,1.527,1.527,0.0,1.0
2018-03-30,1.524,1.524,0.0,1.0
2018-04-02,1.523,1.523,0.0,1.0
2018-04-03,1.523,1.523,0.0,1.0
2018-04-04,1.513,1.513,0.0,1.0
2018-04-09,1.536,1.536,0.0,1.0
2018-04-10,1.564,1.564,0.0,1.0
2018-04-11,1.563,1.563,0.0,1.0
2018-04-12,1.552,1.552,0.0,1.0
2018-04-13,1.563,1.563,0.0,1.0
2018-04-16,1.534,1.534,0.0,1.0
2018-04-17,1.53,1.53,0.0,1.0
2018-04-18,1.531,1.531,0.0,1.0
2018-04-19,1.55,1.55,0.0,1.0
2018-04-20,1.551,1.551,0.0,1.0
2018-04-23,1.548,1.548,0.0,1.0
2018-04-24,1.564,1.564,0.0,1.0
2018-04-25,1.547,1.547,0.0,1.0
2018-04-26,1.529,1.529,0.0,1.0
2018-04-27,1.546,1.546,0.0,1.0
2018-05-02,1.574,1.574,0.0,1.0
2018-05-03,1.558,1.558,0.0,1.0
2018-05-04,1.538,1.538,0.0,1.0
2018-05-07,1.537,1.537,0.0,1.0
2018-05-08,1.56,1.56,0.0,1.0
2018-05-09,1.567,1.567,0.0,1.0
2018-05-10,1.584,1.584,0.0,1.0
2018-05-11,1.593,1.593,0.0,1.0
2018-05-14,1.614,1.614,0.0,1.0
2018-05-15,1.604,1.604,0.0,1.0
2018-05-16,1.595,1.595,0.0,1.0
2018-05-17,1.591,1.591,0.0,1.0
2018-05-18,1.599,1.599,0.0,1.0
2018-05-21,1.616,1.616,0.0,1.0
2018-05-22,1.614,1.614,0.0,1.0
2018-05-23,1.589,1.589,0.0,1.0
2018-05-24,1.584,1.584,0.0,1.0
2018-05-25,1.585,1.585,0.0,1.0
2018-05-28,1.602,1.602,0.0,1.0
2018-05-29,1.588,1.588,0.0,1.0
2018-05-30,1.56,1.56,0.0,1.0
2018-05-31,1.573,1.573,0.0,1.0
2018-06-01,1.585,1.585,0.0,1.0
2018-06-04,1.612,1.612,0.0,1.0
2018-06-05,1.618,1.618,0.0,1.0
2018-06-06,1.623,1.623,0.0,1.0
2018-06-07,1.636,1.636,0.0,1.0
2018-06-08,1.612,1.612,0.0,1.0
2018-06-11,1.615,1.615,0.0,1.0
2018-06-12,1.621,1.621,0.0,1.0
2018-06-13,1.599,1.599,0.0,1.0
2018-06-14,1.575,1.575,0.0,1.0
2018-06-15,1.583,1.583,0.0,1.0
2018-06-19,1.541,1.541,0.0,1.0
2018-06-20,1.558,1.558,0.0,1.0
2018-06-21,1.55,1.55,0.0,1.0
2018-06-22,1.471,1.5470000000000002,0.076,1.0
2018-06-25,1.461,1.5370000000000001,0.076,1.0
2018-06-26,1.46,1.536,0.076,1.0
2018-06-27,1.447,1.5230000000000001,0.076,1.0
2018-06-28,1.435,1.5110000000000001,0.076,1.0
2018-06-29,1.468,1.544,0.076,1.0
2018-07-02,1.449,1.5250000000000001,0.076,1.0
2018-07-03,1.46,1.536,0.076,1.0
2018-07-04,1.431,1.5070000000000001,0.076,1.0
2018-07-05,1.435,1.5110000000000001,0.076,1.0
2018-07-06,1.449,1.5250000000000001,0.076,1.0
2018-07-09,1.477,1.5530000000000002,0.076,1.0
2018-07-10,1.477,1.5530000000000002,0.076,1.0
2018-07-11,1.455,1.5310000000000001,0.076,1.0
2018-07-12,1.475,1.5510000000000002,0.076,1.0
2018-07-13,1.472,1.548,0.076,1.0
2018-07-16,1.472,1.548,0.076,1.0
2018-07-17,1.456,1.532,0.076,1.0
2018-07-18,1.46,1.536,0.076,1.0
2018-07-19,1.466,1.542,0.076,1.0
2018-07-20,1.478,1.554,0.076,1.0
2018-07-23,1.48,1.556,0.076,1.0
2018-07-24,1.512,1.588,0.076,1.0
2018-07-25,1.517,1.593,0.076,1.0
2018-07-26,1.503,1.579,0.076,1.0
2018-07-27,1.51,1.586,0.076,1.0
2018-07-30,1.511,1.587,0.076,1.0
2018-07-31,1.509,1.585,0.076,1.0
2018-08-01,1.501,1.577,0.076,1.0
2018-08-02,1.459,1.5350000000000001,0.076,1.0
2018-08-03,1.467,1.5430000000000001,0.076,1.0
2018-08-06,1.468,1.544,0.076,1.0
2018-08-07,1.49,1.566,0.076,1.0
2018-08-08,1.489,1.5650000000000002,0.076,1.0
2018-08-09,1.507,1.583,0.076,1.0
2018-08-10,1.498,1.574,0.076,1.0
2018-08-13,1.482,1.558,0.076,1.0
2018-08-14,1.471,1.5470000000000002,0.076,1.0
2018-08-15,1.454,1.53,0.076,1.0
2018-08-16,1.44,1.516,0.076,1.0
2018-08-17,1.437,1.5130000000000001,0.076,1.0
2018-08-20,1.454,1.53,0.076,1.0
2018-08-21,1.46,1.536,0.076,1.0
2018-08-22,1.468,1.544,0.076,1.0
2018-08-23,1.468,1.544,0.076,1.0
2018-08-24,1.475,1.5510000000000002,0.076,1.0
2018-08-27,1.493,1.5690000000000002,0.076,1.0
2018-08-28,1.492,1.568,0.076,1.0
2018-08-29,1.496,1.572,0.076,1.0
2018-08-30,1.492,1.568,0.076,1.0
2018-08-31,1.476,1.552,0.076,1.0
2018-09-03,1.463,1.5390000000000001,0.076,1.0
2018-09-04,1.48,1.556,0.076,1.0
2018-09-05,1.448,1.524,0.076,1.0
2018-09-06,1.426,1.502,0.076,1.0
2018-09-07,1.429,1.5050000000000001,0.076,1.0
2018-09-10,1.414,1.49,0.076,1.0
2018-09-11,1.41,1.486,0.076,1.0
2018-09-12,1.398,1.474,0.076,1.0
2018-09-13,1.424,1.5,0.076,1.0
2018-09-14,1.445,1.5210000000000001,0.076,1.0
2018-09-17,1.43,1.506,0.076,1.0
2018-09-18,1.441,1.5170000000000001,0.076,1.0
2018-09-19,1.454,1.53,0.076,1.0
2018-09-20,1.454,1.53,0.076,1.0
2018-09-21,1.486,1.562,0.076,1.0
2018-09-25,1.479,1.5550000000000002,0.076,1.0
2018-09-26,1.488,1.564,0.076,1.0
2018-09-27,1.476,1.552,0.076,1.0
2018-09-28,1.48,1.556,0.076,1.0
2018-10-08,1.407,1.483,0.076,1.0
2018-10-09,1.408,1.484,0.076,1.0
2018-10-10,1.41,1.486,0.076,1.0
2018-10-11,1.352,1.4280000000000002,0.076,1.0
2018-10-12,1.378,1.454,0.076,1.0
2018-10-15,1.365,1.441,0.076,1.0
2018-10-16,1.358,1.4340000000000002,0.076,1.0
2018-10-17,1.38,1.456,0.076,1.0
2018-10-18,1.359,1.435,0.076,1.0
2018-10-19,1.38,1.456,0.076,1.0
2018-10-22,1.404,1.48,0.076,1.0
2018-10-23,1.365,1.441,0.076,1.0
2018-10-24,1.357,1.433,0.076,1.0
2018-10-25,1.339,1.415,0.076,1.0
2018-10-26,1.337,1.413,0.076,1.0
2018-10-29,1.331,1.407,0.076,1.0
2018-10-30,1.331,1.407,0.076,1.0
2018-10-31,1.343,1.419,0.076,1.0
2018-11-01,1.368,1.4440000000000002,0.076,1.0
2018-11-02,1.41,1.486,0.076,1.0
2018-11-05,1.39,1.466,0.076,1.0
2018-11-06,1.394,1.47,0.076,1.0
2018-11-07,1.4,1.476,0.076,1.0
2018-11-08,1.409,1.485,0.076,1.0
2018-11-09,1.378,1.454,0.076,1.0
2018-11-12,1.383,1.459,0.076,1.0
2018-11-13,1.378,1.454,0.076,1.0
2018-11-14,1.38,1.456,0.076,1.0
2018-11-15,1.393,1.469,0.076,1.0
2018-11-16,1.402,1.478,0.076,1.0
2018-11-19,1.414,1.49,0.076,1.0
2018-11-20,1.389,1.465,0.076,1.0
2018-11-21,1.395,1.471,0.076,1.0
2018-11-22,1.398,1.474,0.076,1.0
2018-11-23,1.391,1.467,0.076,1.0
2018-11-26,1.418,1.494,0.076,1.0
2018-11-27,1.419,1.495,0.076,1.0
2018-11-28,1.439,1.5150000000000001,0.076,1.0
2018-11-29,1.421,1.497,0.076,1.0
2018-11-30,1.434,1.51,0.076,1.0
2018-12-03,1.455,1.5310000000000001,0.076,1.0
2018-12-04,1.444,1.52,0.076,1.0
2018-12-05,1.433,1.5090000000000001,0.076,1.0
2018-12-06,1.396,1.472,0.076,1.0
2018-12-07,1.4,1.476,0.076,1.0
2018-12-10,1.38,1.456,0.076,1.0
2018-12-11,1.385,1.461,0.076,1.0
2018-12-12,1.403,1.479,0.076,1.0
2018-12-13,1.417,1.493,0.076,1.0
2018-12-14,1.399,1.475,0.076,1.0
2018-12-17,1.401,1.477,0.076,1.0
2018-12-18,1.384,1.46,0.076,1.0
2018-12-19,1.383,1.459,0.076,1.0
2018-12-20,1.369,1.445,0.076,1.0
2018-12-21,1.373,1.449,0.076,1.0
2018-12-24,1.37,1.4460000000000002,0.076,1.0
2018-12-25,1.338,1.4140000000000001,0.076,1.0
2018-12-26,1.343,1.419,0.076,1.0
2018-12-27,1.365,1.441,0.076,1.0
2018-12-28,1.354,1.4300000000000002,0.076,1.0
2019-01-02,1.332,1.4080000000000001,0.076,1.0
2019-01-03,1.334,1.4100000000000001,0.076,1.0
2019-01-04,1.361,1.437,0.076,1.0
2019-01-07,1.369,1.445,0.076,1.0
2019-01-08,1.375,1.451,0.076,1.0
2019-01-09,1.4,1.476,0.076,1.0
2019-01-10,1.393,1.469,0.076,1.0
2019-01-11,1.394,1.47,0.076,1.0
2019-01-14,1.376,1.452,0.076,1.0
2019-01-15,1.403,1.479,0.076,1.0
2019-01-16,1.409,1.485,0.076,1.0
2019-01-17,1.401,1.477,0.076,1.0
2019-01-18,1.42,1.496,0.076,1.0
2019-01-21,1.43,1.506,0.076,1.0
2019-01-22,1.419,1.495,0.076,1.0
2019-01-23,1.42,1.496,0.076,1.0
2019-01-24,1.426,1.502,0.076,1.0
2019-01-25,1.442,1.518,0.076,1.0
2019-01-28,1.439,1.5150000000000001,0.076,1.0
2019-01-29,1.438,1.514,0.076,1.0
2019-01-30,1.435,1.5110000000000001,0.076,1.0
2019-01-31,1.451,1.5270000000000001,0.076,1.0
2019-02-01,1.459,1.5350000000000001,0.076,1.0
2019-02-11,1.475,1.5510000000000002,0.076,1.0
2019-02-12,1.477,1.5530000000000002,0.076,1.0
2019-02-13,1.493,1.5690000000000002,0.076,1.0
2019-02-14,1.491,1.5670000000000002,0.076,1.0
2019-02-15,1.465,1.5410000000000001,0.076,1.0
2019-02-18,1.487,1.5630000000000002,0.076,1.0
2019-02-19,1.484,1.56,0.076,1.0
2019-02-20,1.483,1.5590000000000002,0.076,1.0
2019-02-21,1.493,1.5690000000000002,0.076,1.0
2019-02-22,1.501,1.577,0.076,1.0
2019-02-25,1.505,1.581,0.076,1.0
2019-02-26,1.493,1.5690000000000002,0.076,1.0
2019-02-27,1.493,1.5690000000000002,0.076,1.0
2019-02-28,1.488,1.564,0.076,1.0
2019-03-01,1.496,1.572,0.076,1.0
2019-03-04,1.504,1.58,0.076,1.0
2019-03-05,1.502,1.578,0.076,1.0
2019-03-06,1.51,1.586,0.076,1.0
2019-03-07,1.499,1.5750000000000002,0.076,1.0
2019-03-08,1.474,1.55,0.076,1.0
2019-03-11,1.481,1.5570000000000002,0.076,1.0
2019-03-12,1.506,1.582,0.076,1.0
2019-03-13,1.498,1.574,0.076,1.0
2019-03-14,1.5,1.576,0.076,1.0
2019-03-15,1.517,1.593,0.076,1.0
2019-03-18,1.525,1.601,0.076,1.0
2019-03-19,1.532,1.608,0.076,1.0
2019-03-20,1.528,1.604,0.076,1.0
2019-03-21,1.509,1.585,0.076,1.0
2019-03-22,1.51,1.586,0.076,1.0
2019-03-25,1.485,1.5610000000000002,0.076,1.0
2019-03-26,1.485,1.5610000000000002,0.076,1.0
2019-03-27,1.498,1.574,0.076,1.0
2019-03-28,1.5,1.576,0.076,1.0
2019-03-29,1.514,1.59,0.076,1.0
2019-04-01,1.538,1.614,0.076,1.0
2019-04-02,1.542,1.618,0.076,1.0
2019-04-03,1.555,1.631,0.076,1.0
2019-04-04,1.554,1.6300000000000001,0.076,1.0
2019-04-08,1.563,1.639,0.076,1.0
2019-04-09,1.57,1.6460000000000001,0.076,1.0
2019-04-10,1.568,1.6440000000000001,0.076,1.0
2019-04-11,1.556,1.6320000000000001,0.076,1.0
2019-04-12,1.55,1.6260000000000001,0.076,1.0
2019-04-15,1.555,1.631,0.076,1.0
2019-04-16,1.564,1.6400000000000001,0.076,1.0
2019-04-17,1.561,1.637,0.076,1.0
2019-04-18,1.553,1.629,0.076,1.0
2019-04-19,1.562,1.6380000000000001,0.076,1.0
2019-04-22,1.551,1.627,0.076,1.0
2019-04-23,1.559,1.635,0.076,1.0
2019-04-24,1.554,1.6300000000000001,0.076,1.0
2019-04-25,1.546,1.622,0.076,1.0
2019-04-26,1.54,1.616,0.076,1.0
2019-04-29,1.553,1.629,0.076,1.0
2019-04-30,1.549,1.625,0.076,1.0
2019-05-06,1.525,1.601,0.076,1.0
2019-05-07,1.538,1.614,0.076,1.0
2019-05-08,1.521,1.597,0.076,1.0
2019-05-09,1.496,1.572,0.076,1.0
2019-05-10,1.504,1.58,0.076,1.0
2019-05-13,1.498,1.574,0.076,1.0
2019-05-14,1.492,1.568,0.076,1.0
2019-05-15,1.507,1.583,0.076,1.0
2019-05-16,1.509,1.585,0.076,1.0
2019-05-17,1.495,1.5710000000000002,0.076,1.0
2019-05-20,1.49,1.566,0.076,1.0
2019-05-21,1.489,1.5650000000000002,0.076,1.0
2019-05-22,1.483,1.5590000000000002,0.076,1.0
2019-05-23,1.462,1.538,0.076,1.0
2019-05-24,1.468,1.544,0.076,1.0
2019-05-27,1.465,1.5410000000000001,0.076,1.0
2019-05-28,1.47,1.546,0.076,1.0
2019-05-29,1.464,1.54,0.076,1.0
2019-05-30,1.455,1.5310000000000001,0.076,1.0
2019-05-31,1.447,1.5230000000000001,0.076,1.0
2019-06-03,1.444,1.52,0.076,1.0
2019-06-04,1.437,1.5130000000000001,0.076,1.0
2019-06-05,1.443,1.5190000000000001,0.076,1.0
2019-06-06,1.446,1.522,0.076,1.0
2019-06-10,1.484,1.56,0.076,1.0
2019-06-11,1.498,1.574,0.076,1.0
2019-06-12,1.472,1.548,0.076,1.0
2019-06-13,1.462,1.538,0.076,1.0
2019-06-14,1.461,1.5370000000000001,0.076,1.0
2019-06-17,1.472,1.548,0.076,1.0
2019-06-18,1.487,1.5630000000000002,0.076,1.0
2019-06-19,1.514,1.59,0.076,1.0
2019-06-20,1.527,1.603,0.076,1.0
2019-06-21,1.529,1.605,0.076,1.0
2019-06-24,1.532,1.608,0.076,1.0
2019-06-25,1.519,1.595,0.076,1.0
2019-06-26,1.525,1.601,0.076,1.0
2019-06-27,1.543,1.619,0.076,1.0
2019-06-28,1.533,1.609,0.076,1.0
2019-07-01,1.564,1.6400000000000001,0.076,1.0
2019-07-02,1.566,1.6420000000000001,0.076,1.0
2019-07-03,1.564,1.6400000000000001,0.076,1.0
2019-07-04,1.564,1.6400000000000001,0.076,1.0
2019-07-05,1.565,1.641,0.076,1.0
2019-07-08,1.536,1.612,0.076,1.0
2019-07-09,1.527,1.603,0.076,1.0
2019-07-10,1.529,1.605,0.076,1.0
2019-07-11,1.537,1.613,0.076,1.0
2019-07-12,1.542,1.618,0.076,1.0
2019-07-15,1.544,1.62,0.076,1.0
2019-07-16,1.55,1.6260000000000001,0.076,1.0
2019-07-17,1.547,1.623,0.076,1.0
2019-07-18,1.54,1.616,0.076,1.0
2019-07-19,1.56,1.6360000000000001,0.076,1.0
2019-07-22,1.542,1.618,0.076,1.0
2019-07-23,1.544,1.62,0.076,1.0
2019-07-24,1.552,1.6280000000000001,0.076,1.0
2019-07-25,1.552,1.6280000000000001,0.076,1.0
2019-07-26,1.543,1.619,0.076,1.0
2019-07-29,1.519,1.595,0.076,1.0
2019-07-30,1.53,1.606,0.076,1.0
2019-07-31,1.507,1.583,0.076,1.0
2019-08-01,1.497,1.5730000000000002,0.076,1.0
2019-08-02,1.473,1.5490000000000002,0.076,1.0
2019-08-05,1.449,1.5250000000000001,0.076,1.0
2019-08-06,1.432,1.508,0.076,1.0
2019-08-07,1.436,1.512,0.076,1.0
2019-08-08,1.449,1.5250000000000001,0.076,1.0
2019-08-09,1.446,1.522,0.076,1.0
2019-08-12,1.44,1.516,0.076,1.0
2019-08-13,1.407,1.483,0.076,1.0
2019-08-14,1.396,1.472,0.076,1.0
2019-08-15,1.403,1.479,0.076,1.0
2019-08-16,1.418,1.494,0.076,1.0
2019-08-19,1.453,1.5290000000000001,0.076,1.0
2019-08-20,1.453,1.5290000000000001,0.076,1.0
2019-08-21,1.452,1.528,0.076,1.0
2019-08-22,1.445,1.5210000000000001,0.076,1.0
2019-08-23,1.456,1.532,0.076,1.0
2019-08-26,1.426,1.502,0.076,1.0
2019-08-27,1.437,1.5130000000000001,0.076,1.0
2019-08-28,1.434,1.51,0.076,1.0
2019-08-29,1.429,1.5050000000000001,0.076,1.0
2019-08-30,1.429,1.5050000000000001,0.076,1.0
2019-09-02,1.427,1.5030000000000001,0.076,1.0
2019-09-03,1.43,1.506,0.076,1.0
2019-09-04,1.477,1.5530000000000002,0.076,1.0
2019-09-05,1.473,1.5490000000000002,0.076,1.0
2019-09-06,1.483,1.5590000000000002,0.076,1.0
2019-09-09,1.492,1.568,0.076,1.0
2019-09-10,1.487,1.5630000000000002,0.076,1.0
2019-09-11,1.515,1.591,0.076,1.0
2019-09-12,1.511,1.587,0.076,1.0
2019-09-16,1.503,1.579,0.076,1.0
2019-09-17,1.491,1.5670000000000002,0.076,1.0
2019-09-18,1.492,1.568,0.076,1.0
2019-09-19,1.474,1.55,0.076,1.0
2019-09-20,1.475,1.5510000000000002,0.076,1.0
2019-09-23,1.466,1.542,0.076,1.0
2019-09-24,1.467,1.5430000000000001,0.076,1.0
2019-09-25,1.448,1.524,0.076,1.0
2019-09-26,1.448,1.524,0.076,1.0
2019-09-27,1.449,1.5250000000000001,0.076,1.0
2019-09-30,1.453,1.5290000000000001,0.076,1.0
2019-10-08,1.445,1.5210000000000001,0.076,1.0
2019-10-09,1.433,1.5090000000000001,0.076,1.0
2019-10-10,1.433,1.5090000000000001,0.076,1.0
2019-10-11,1.464,1.54,0.076,1.0
2019-10-14,1.47,1.546,0.076,1.0
2019-10-15,1.469,1.5450000000000002,0.076,1.0
2019-10-16,1.479,1.5550000000000002,0.076,1.0
2019-10-17,1.491,1.5670000000000002,0.076,1.0
2019-10-18,1.482,1.558,0.076,1.0
2019-10-21,1.484,1.56,0.076,1.0
2019-10-22,1.487,1.5630000000000002,0.076,1.0
2019-10-23,1.473,1.5490000000000002,0.076,1.0
2019-10-24,1.482,1.558,0.076,1.0
2019-10-25,1.481,1.5570000000000002,0.076,1.0
2019-10-28,1.49,1.566,0.076,1.0
2019-10-29,1.483,1.5590000000000002,0.076,1.0
2019-10-30,1.476,1.552,0.076,1.0
2019-10-31,1.483,1.5590000000000002,0.076,1.0
2019-11-01,1.498,1.574,0.076,1.0
2019-11-04,1.517,1.593,0.076,1.0
2019-11-05,1.523,1.599,0.076,1.0
2019-11-06,1.524,1.6,0.076,1.0
2019-11-07,1.523,1.599,0.076,1.0
2019-11-08,1.517,1.593,0.076,1.0
2019-11-11,1.481,1.5570000000000002,0.076,1.0
2019-11-12,1.488,1.564,0.076,1.0
2019-11-13,1.464,1.54,0.076,1.0
2019-11-14,1.454,1.53,0.076,1.0
2019-11-15,1.455,1.5310000000000001,0.076,1.0
2019-11-18,1.469,1.5450000000000002,0.076,1.0
2019-11-19,1.494,1.57,0.076,1.0
2019-11-20,1.487,1.5630000000000002,0.076,1.0
2019-11-21,1.466,1.542,0.076,1.0
2019-11-22,1.468,1.544,0.076,1.0
2019-11-25,1.496,1.572,0.076,1.0
2019-11-26,1.491,1.5670000000000002,0.076,1.0
2019-11-27,1.49,1.566,0.076,1.0
2019-11-28,1.488,1.564,0.076,1.0
2019-11-29,1.457,1.5330000000000001,0.076,1.0
2019-12-02,1.466,1.542,0.076,1.0
2019-12-03,1.461,1.5370000000000001,0.076,1.0
2019-12-04,1.454,1.53,0.076,1.0
2019-12-05,1.456,1.532,0.076,1.0
2019-12-06,1.464,1.54,0.076,1.0
2019-12-09,1.468,1.544,0.076,1.0
2019-12-10,1.465,1.5410000000000001,0.076,1.0
2019-12-11,1.473,1.5490000000000002,0.076,1.0
2019-12-12,1.497,1.5730000000000002,0.076,1.0
2019-12-13,1.52,1.596,0.076,1.0
2019-12-16,1.525,1.601,0.076,1.0
2019-12-17,1.534,1.61,0.076,1.0
2019-12-18,1.539,1.615,0.076,1.0
2019-12-19,1.535,1.611,0.076,1.0
2019-12-20,1.536,1.612,0.076,1.0
2019-12-23,1.543,1.619,0.076,1.0
2019-12-24,1.543,1.619,0.076,1.0
2019-12-25,1.536,1.612,0.076,1.0
2019-12-26,1.546,1.622,0.076,1.0
2019-12-27,1.558,1.6340000000000001,0.076,1.0
2019-12-30,1.564,1.6400000000000001,0.076,1.0
2019-12-31,1.552,1.6280000000000001,0.076,1.0
2020-01-02,1.566,1.6420000000000001,0.076,1.0
2020-01-03,1.567,1.643,0.076,1.0
2020-01-06,1.552,1.6280000000000001,0.076,1.0
2020-01-07,1.56,1.6360000000000001,0.076,1.0
2020-01-08,1.538,1.614,0.076,1.0
2020-01-09,1.559,1.635,0.076,1.0
2020-01-10,1.571,1.647,0.076,1.0
2020-01-13,1.582,1.6580000000000001,0.076,1.0
2020-01-14,1.572,1.6480000000000001,0.076,1.0
2020-01-15,1.566,1.6420000000000001,0.076,1.0
2020-01-16,1.568,1.6440000000000001,0.076,1.0
2020-01-17,1.569,1.645,0.076,1.0
2020-01-20,1.569,1.645,0.076,1.0
2020-01-21,1.533,1.609,0.076,1.0
2020-01-22,1.548,1.624,0.076,1.0
2020-01-23,1.522,1.598,0.076,1.0
2020-02-03,1.464,1.54,0.076,1.0
2020-02-04,1.483,1.5590000000000002,0.076,1.0
2020-02-05,1.482,1.558,0.076,1.0
2020-02-06,1.516,1.592,0.076,1.0
2020-02-07,1.513,1.589,0.076,1.0
2020-02-10,1.509,1.585,0.076,1.0
2020-02-11,1.524,1.6,0.076,1.0
2020-02-12,1.533,1.609,0.076,1.0
2020-02-13,1.529,1.605,0.076,1.0
2020-02-14,1.536,1.612,0.076,1.0
2020-02-17,1.545,1.621,0.076,1.0
2020-02-18,1.526,1.602,0.076,1.0
2020-02-19,1.53,1.606,0.076,1.0
2020-02-20,1.528,1.604,0.076,1.0
2020-02-21,1.515,1.591,0.076,1.0
2020-02-24,1.488,1.564,0.076,1.0
2020-02-25,1.485,1.5610000000000002,0.076,1.0
2020-02-26,1.476,1.552,0.076,1.0
2020-02-27,1.474,1.55,0.076,1.0
2020-02-28,1.445,1.5210000000000001,0.076,1.0
2020-03-02,1.455,1.5310000000000001,0.076,1.0
2020-03-03,1.458,1.534,0.076,1.0
2020-03-04,1.445,1.5210000000000001,0.076,1.0
2020-03-05,1.472,1.548,0.076,1.0
2020-03-06,1.441,1.5170000000000001,0.076,1.0
2020-03-09,1.389,1.465,0.076,1.0
2020-03-10,1.409,1.485,0.076,1.0
2020-03-11,1.389,1.465,0.076,1.0
2020-03-12,1.346,1.4220000000000002,0.076,1.0
2020-03-13,1.322,1.3980000000000001,0.076,1.0
2020-03-16,1.285,1.361,0.076,1.0
2020-03-17,1.29,1.366,0.076,1.0
2020-03-18,1.253,1.329,0.076,1.0
2020-03-19,1.23,1.306,0.076,1.0
2020-03-20,1.274,1.35,0.076,1.0
2020-03-23,1.235,1.3110000000000002,0.076,1.0
2020-03-24,1.27,1.346,0.076,1.0
2020-03-25,1.307,1.383,0.076,1.0
2020-03-26,1.31,1.3860000000000001,0.076,1.0
2020-03-27,1.31,1.3860000000000001,0.076,1.0
2020-03-30,1.308,1.3840000000000001,0.076,1.0
2020-03-31,1.311,1.387,0.076,1.0
2020-04-01,1.288,1.364,0.076,1.0
2020-04-02,1.3,1.3760000000000001,0.076,1.0
2020-04-03,1.293,1.369,0.076,1.0
2020-04-07,1.343,1.419,0.076,1.0
2020-04-08,1.333,1.409,0.076,1.0
2020-04-09,1.35,1.4260000000000002,0.076,1.0
2020-04-10,1.346,1.4220000000000002,0.076,1.0
2020-04-13,1.344,1.4200000000000002,0.076,1.0
2020-04-14,1.362,1.4380000000000002,0.076,1.0
2020-04-15,1.349,1.425,0.076,1.0
2020-04-16,1.344,1.4200000000000002,0.076,1.0
2020-04-17,1.358,1.4340000000000002,0.076,1.0
2020-04-20,1.36,1.4360000000000002,0.076,1.0
2020-04-21,1.336,1.4120000000000001,0.076,1.0
2020-04-22,1.34,1.4160000000000001,0.076,1.0
2020-04-23,1.341,1.417,0.076,1.0
2020-04-24,1.341,1.417,0.076,1.0
2020-04-27,1.36,1.4360000000000002,0.076,1.0
2020-04-28,1.373,1.449,0.076,1.0
2020-04-29,1.377,1.453,0.076,1.0
2020-04-30,1.398,1.474,0.076,1.0
2020-05-06,1.361,1.437,0.076,1.0
2020-05-07,1.349,1.425,0.076,1.0
2020-05-08,1.356,1.4320000000000002,0.076,1.0
2020-05-11,1.375,1.451,0.076,1.0
2020-05-12,1.355,1.431,0.076,1.0
2020-05-13,1.363,1.439,0.076,1.0
2020-05-14,1.338,1.4140000000000001,0.076,1.0
2020-05-15,1.339,1.415,0.076,1.0
2020-05-18,1.345,1.421,0.076,1.0
2020-05-19,1.379,1.455,0.076,1.0
2020-05-20,1.372,1.4480000000000002,0.076,1.0
2020-05-21,1.366,1.4420000000000002,0.076,1.0
2020-05-22,1.311,1.387,0.076,1.0
2020-05-25,1.302,1.3780000000000001,0.076,1.0
2020-05-26,1.325,1.401,0.076,1.0
2020-05-27,1.314,1.3900000000000001,0.076,1.0
2020-05-28,1.308,1.3840000000000001,0.076,1.0
2020-05-29,1.299,1.375,0.076,1.0
2020-06-01,1.34,1.4160000000000001,0.076,1.0
2020-06-02,1.347,1.423,0.076,1.0
2020-06-03,1.369,1.445,0.076,1.0
2020-06-04,1.372,1.4480000000000002,0.076,1.0
2020-06-05,1.383,1.459,0.076,1.0
2020-06-08,1.393,1.469,0.076,1.0
2020-06-09,1.416,1.492,0.076,1.0
2020-06-10,1.406,1.482,0.076,1.0
2020-06-11,1.382,1.458,0.076,1.0
2020-06-12,1.358,1.4340000000000002,0.076,1.0
2020-06-15,1.34,1.4160000000000001,0.076,1.0
2020-06-16,1.368,1.4440000000000002,0.076,1.0
2020-06-17,1.374,1.4500000000000002,0.076,1.0
2020-06-18,1.371,1.447,0.076,1.0
2020-06-19,1.39,1.466,0.076,1.0
2020-06-22,1.378,1.454,0.076,1.0
2020-06-23,1.392,1.468,0.076,1.0
2020-06-24,1.396,1.472,0.076,1.0
2020-06-29,1.36,1.4360000000000002,0.076,1.0
2020-06-30,1.364,1.4400000000000002,0.076,1.0
2020-07-01,1.377,1.453,0.076,1.0
2020-07-02,1.41,1.486,0.076,1.0
2020-07-03,1.451,1.5270000000000001,0.076,1.0
2020-07-06,1.498,1.574,0.076,1.0
2020-07-07,1.482,1.558,0.076,1.0
2020-07-08,1.48,1.556,0.076,1.0
2020-07-09,1.47,1.546,0.076,1.0
2020-07-10,1.445,1.5210000000000001,0.076,1.0
2020-07-13,1.456,1.532,0.076,1.0
2020-07-14,1.435,1.5110000000000001,0.076,1.0
2020-07-15,1.426,1.502,0.076,1.0
2020-07-16,1.4,1.476,0.076,1.0
2020-07-17,1.404,1.48,0.076,1.0
2020-07-20,1.402,1.478,0.076,1.0
2020-07-21,1.428,1.504,0.076,1.0
2020-07-22,1.421,1.497,0.076,1.0
2020-07-23,1.411,1.487,0.076,1.0
2020-07-24,1.383,1.459,0.076,1.0
2020-07-27,1.383,1.459,0.076,1.0
2020-07-28,1.387,1.463,0.076,1.0
2020-07-29,1.397,1.473,0.076,1.0
2020-07-30,1.388,1.464,0.076,1.0
2020-07-31,1.384,1.46,0.076,1.0
2020-08-03,1.371,1.447,0.076,1.0
2020-08-04,1.399,1.475,0.076,1.0
2020-08-05,1.397,1.473,0.076,1.0
2020-08-06,1.384,1.46,0.076,1.0
2020-08-07,1.368,1.4440000000000002,0.076,1.0
2020-08-10,1.367,1.443,0.076,1.0
2020-08-11,1.383,1.459,0.076,1.0
2020-08-12,1.402,1.478,0.076,1.0
2020-08-13,1.403,1.479,0.076,1.0
2020-08-14,1.41,1.486,0.076,1.0
2020-08-17,1.415,1.491,0.076,1.0
2020-08-18,1.408,1.484,0.076,1.0
2020-08-19,1.396,1.472,0.076,1.0
2020-08-20,1.375,1.451,0.076,1.0
2020-08-21,1.392,1.468,0.076,1.0
2020-08-24,1.415,1.491,0.076,1.0
2020-08-25,1.412,1.488,0.076,1.0
2020-08-26,1.406,1.482,0.076,1.0
2020-08-27,1.398,1.474,0.076,1.0
2020-08-28,1.416,1.492,0.076,1.0
2020-08-31,1.404,1.48,0.076,1.0
2020-09-01,1.386,1.462,0.076,1.0
2020-09-02,1.382,1.458,0.076,1.0
2020-09-03,1.377,1.453,0.076,1.0
2020-09-04,1.359,1.435,0.076,1.0
2020-09-07,1.352,1.4280000000000002,0.076,1.0
2020-09-08,1.356,1.4320000000000002,0.076,1.0
2020-09-09,1.341,1.417,0.076,1.0
2020-09-10,1.343,1.419,0.076,1.0
2020-09-11,1.344,1.4200000000000002,0.076,1.0
2020-09-14,1.355,1.431,0.076,1.0
2020-09-15,1.35,1.4260000000000002,0.076,1.0
2020-09-16,1.349,1.425,0.076,1.0
2020-09-17,1.328,1.4040000000000001,0.076,1.0
2020-09-18,1.333,1.409,0.076,1.0
2020-09-21,1.313,1.389,0.076,1.0
2020-09-22,1.301,1.377,0.076,1.0
2020-09-23,1.298,1.374,0.076,1.0
2020-09-24,1.282,1.358,0.076,1.0
2020-09-25,1.28,1.356,0.076,1.0
2020-09-28,1.289,1.365,0.076,1.0
2020-09-29,1.282,1.358,0.076,1.0
2020-09-30,1.288,1.364,0.076,1.0
2020-10-09,1.304,1.3800000000000001,0.076,1.0
2020-10-12,1.333,1.409,0.076,1.0
2020-10-13,1.335,1.411,0.076,1.0
2020-10-14,1.338,1.4140000000000001,0.076,1.0
2020-10-15,1.318,1.3940000000000001,0.076,1.0
2020-10-16,1.321,1.397,0.076,1.0
2020-10-19,1.324,1.4000000000000001,0.076,1.0
2020-10-20,1.32,1.3960000000000001,0.076,1.0
2020-10-21,1.326,1.4020000000000001,0.076,1.0
2020-10-22,1.327,1.403,0.076,1.0
2020-10-23,1.336,1.4120000000000001,0.076,1.0
2020-10-26,1.333,1.409,0.076,1.0
2020-10-27,1.336,1.4120000000000001,0.076,1.0
2020-10-28,1.335,1.411,0.076,1.0
2020-10-29,1.323,1.399,0.076,1.0
2020-10-30,1.3,1.3760000000000001,0.076,1.0
2020-11-02,1.311,1.387,0.076,1.0
2020-11-03,1.343,1.419,0.076,1.0
2020-11-04,1.349,1.425,0.076,1.0
2020-11-05,1.364,1.4400000000000002,0.076,1.0
2020-11-06,1.366,1.4420000000000002,0.076,1.0
2020-11-09,1.382,1.458,0.076,1.0
2020-11-10,1.393,1.469,0.076,1.0
2020-11-11,1.398,1.474,0.076,1.0
2020-11-12,1.394,1.47,0.076,1.0
2020-11-13,1.391,1.467,0.076,1.0
2020-11-16,1.392,1.468,0.076,1.0
2020-11-17,1.394,1.47,0.076,1.0
2020-11-18,1.393,1.469,0.076,1.0
2020-11-19,1.398,1.474,0.076,1.0
2020-11-20,1.397,1.473,0.076,1.0
2020-11-23,1.395,1.471,0.076,1.0
2020-11-24,1.404,1.48,0.076,1.0
2020-11-25,1.41,1.486,0.076,1.0
2020-11-26,1.412,1.488,0.076,1.0
2020-11-27,1.428,1.504,0.076,1.0
2020-11-30,1.403,1.479,0.076,1.0
2020-12-01,1.407,1.483,0.076,1.0
2020-12-02,1.403,1.479,0.076,1.0
2020-12-03,1.411,1.487,0.076,1.0
2020-12-04,1.411,1.487,0.076,1.0
2020-12-07,1.397,1.473,0.076,1.0
2020-12-08,1.39,1.466,0.076,1.0
2020-12-09,1.393,1.469,0.076,1.0
2020-12-10,1.391,1.467,0.076,1.0
2020-12-11,1.393,1.469,0.076,1.0
2020-12-14,1.389,1.465,0.076,1.0
2020-12-15,1.385,1.461,0.076,1.0
2020-12-16,1.392,1.468,0.076,1.0
2020-12-17,1.396,1.472,0.076,1.0
2020-12-18,1.39,1.466,0.076,1.0
2020-12-21,1.395,1.471,0.076,1.0
2020-12-22,1.375,1.451,0.076,1.0
2020-12-23,1.383,1.459,0.076,1.0
2020-12-24,1.384,1.46,0.076,1.0
2020-12-25,1.385,1.461,0.076,1.0
2020-12-28,1.381,1.457,0.076,1.0
2020-12-29,1.392,1.468,0.076,1.0
2020-12-30,1.411,1.487,0.076,1.0
2020-12-31,1.431,1.5070000000000001,0.076,1.0
2021-01-04,1.424,1.5,0.076,1.0
2021-01-05,1.434,1.51,0.076,1.0
2021-01-06,1.434,1.51,0.076,1.0
2021-01-07,1.431,1.5070000000000001,0.076,1.0
2021-01-08,1.451,1.5270000000000001,0.076,1.0
2021-01-11,1.46,1.536,0.076,1.0
2021-01-12,1.471,1.5470000000000002,0.076,1.0
2021-01-13,1.47,1.546,0.076,1.0
2021-01-14,1.486,1.562,0.076,1.0
2021-01-15,1.504,1.58,0.076,1.0
2021-01-18,1.509,1.585,0.076,1.0
2021-01-19,1.538,1.614,0.076,1.0
2021-01-20,1.56,1.6360000000000001,0.076,1.0
2021-01-21,1.553,1.629,0.076,1.0
2021-01-22,1.542,1.618,0.076,1.0
2021-01-25,1.571,1.647,0.076,1.0
2021-01-26,1.529,1.605,0.076,1.0
2021-01-27,1.532,1.608,0.076,1.0
2021-01-28,1.492,1.568,0.076,1.0
2021-01-29,1.477,1.5530000000000002,0.076,1.0
2021-02-01,1.503,1.579,0.076,1.0
2021-02-02,1.525,1.601,0.076,1.0
2021-02-03,1.517,1.593,0.076,1.0
2021-02-04,1.514,1.59,0.076,1.0
2021-02-05,1.528,1.604,0.076,1.0
2021-02-08,1.526,1.602,0.076,1.0
2021-02-09,1.525,1.601,0.076,1.0
2021-02-10,1.553,1.629,0.076,1.0
2021-02-18,1.594,1.6700000000000002,0.076,1.0
2021-02-19,1.587,1.663,0.076,1.0
2021-02-22,1.587,1.663,0.076,1.0
2021-02-23,1.595,1.671,0.076,1.0
2021-02-24,1.542,1.618,0.076,1.0
2021-02-25,1.564,1.6400000000000001,0.076,1.0
2021-02-26,1.515,1.591,0.076,1.0
2021-03-01,1.526,1.602,0.076,1.0
2021-03-02,1.514,1.59,0.076,1.0
2021-03-03,1.548,1.624,0.076,1.0
2021-03-04,1.518,1.594,0.076,1.0
2021-03-05,1.52,1.596,0.076,1.0
2021-03-08,1.495,1.5710000000000002,0.076,1.0
2021-03-09,1.496,1.572,0.076,1.0
2021-03-10,1.504,1.58,0.076,1.0
2021-03-11,1.528,1.604,0.076,1.0
2021-03-12,1.522,1.598,0.076,1.0
2021-03-15,1.508,1.584,0.076,1.0
2021-03-16,1.515,1.591,0.076,1.0
2021-03-17,1.514,1.59,0.076,1.0
2021-03-18,1.545,1.621,0.076,1.0
2021-03-19,1.509,1.585,0.076,1.0
2021-03-22,1.515,1.591,0.076,1.0
2021-03-23,1.489,1.5650000000000002,0.076,1.0
2021-03-24,1.462,1.538,0.076,1.0
2021-03-25,1.465,1.5410000000000001,0.076,1.0
2021-03-26,1.486,1.562,0.076,1.0
2021-03-29,1.488,1.564,0.076,1.0
2021-03-30,1.506,1.582,0.076,1.0
2021-03-31,1.497,1.5730000000000002,0.076,1.0
2021-04-01,1.516,1.592,0.076,1.0
2021-04-02,1.523,1.599,0.076,1.0
2021-04-06,1.52,1.596,0.076,1.0
2021-04-07,1.503,1.579,0.076,1.0
2021-04-08,1.522,1.598,0.076,1.0
2021-04-09,1.508,1.584,0.076,1.0
2021-04-12,1.494,1.57,0.076,1.0
2021-04-13,1.498,1.574,0.076,1.0
2021-04-14,1.515,1.591,0.076,1.0
2021-04-15,1.507,1.583,0.076,1.0
2021-04-16,1.518,1.594,0.076,1.0
2021-04-19,1.526,1.602,0.076,1.0
2021-04-20,1.52,1.596,0.076,1.0
2021-04-21,1.493,1.5690000000000002,0.076,1.0
2021-04-22,1.499,1.5750000000000002,0.076,1.0
2021-04-23,1.512,1.588,0.076,1.0
2021-04-26,1.513,1.589,0.076,1.0
2021-04-27,1.508,1.584,0.076,1.0
2021-04-28,1.512,1.588,0.076,1.0
2021-04-29,1.523,1.599,0.076,1.0
2021-04-30,1.5,1.576,0.076,1.0
2021-05-06,1.49,1.566,0.076,1.0
2021-05-07,1.486,1.562,0.076,1.0
2021-05-10,1.477,1.5530000000000002,0.076,1.0
2021-05-11,1.454,1.53,0.076,1.0
2021-05-12,1.458,1.534,0.076,1.0
2021-05-13,1.445,1.5210000000000001,0.076,1.0
2021-05-14,1.453,1.5290000000000001,0.076,1.0
2021-05-17,1.463,1.5390000000000001,0.076,1.0
2021-05-18,1.477,1.5530000000000002,0.076,1.0
2021-05-19,1.471,1.5470000000000002,0.076,1.0
2021-05-20,1.474,1.55,0.076,1.0
2021-05-21,1.472,1.548,0.076,1.0
2021-05-24,1.469,1.5450000000000002,0.076,1.0
2021-05-25,1.491,1.5670000000000002,0.076,1.0
2021-05-26,1.505,1.581,0.076,1.0
2021-05-27,1.5,1.576,0.076,1.0
2021-05-28,1.501,1.577,0.076,1.0
2021-05-31,1.492,1.568,0.076,1.0
2021-06-01,1.514,1.59,0.076,1.0
2021-06-02,1.51,1.586,0.076,1.0
2021-06-03,1.495,1.5710000000000002,0.076,1.0
2021-06-04,1.497,1.5730000000000002,0.076,1.0
2021-06-07,1.488,1.564,0.076,1.0
2021-06-08,1.483,1.5590000000000002,0.076,1.0
2021-06-09,1.483,1.5590000000000002,0.076,1.0
2021-06-10,1.482,1.558,0.076,1.0
2021-06-11,1.488,1.564,0.076,1.0
2021-06-15,1.482,1.558,0.076,1.0
2021-06-16,1.474,1.55,0.076,1.0
2021-06-17,1.476,1.552,0.076,1.0
2021-06-18,1.497,1.5730000000000002,0.076,1.0
2021-06-21,1.485,1.5610000000000002,0.076,1.0
2021-06-22,1.483,1.5590000000000002,0.076,1.0
2021-06-23,1.509,1.585,0.076,1.0
2021-06-24,1.51,1.586,0.076,1.0
2021-06-25,1.523,1.599,0.076,1.0
2021-06-28,1.526,1.602,0.076,1.0
2021-06-29,1.508,1.584,0.076,1.0
2021-06-30,1.505,1.581,0.076,1.0
2021-07-01,1.499,1.5750000000000002,0.076,1.0
2021-07-02,1.481,1.5570000000000002,0.076,1.0
2021-07-05,1.469,1.5450000000000002,0.076,1.0
2021-07-06,1.467,1.5430000000000001,0.076,1.0
2021-07-07,1.461,1.5370000000000001,0.076,1.0
2021-07-08,1.428,1.504,0.076,1.0
2021-07-09,1.439,1.5150000000000001,0.076,1.0
2021-07-12,1.445,1.5210000000000001,0.076,1.0
2021-07-13,1.464,1.54,0.076,1.0
2021-07-14,1.456,1.532,0.076,1.0
2021-07-15,1.471,1.5470000000000002,0.076,1.0
2021-07-16,1.471,1.5470000000000002,0.076,1.0
2021-07-19,1.448,1.524,0.076,1.0
2021-07-20,1.435,1.5110000000000001,0.076,1.0
2021-07-21,1.427,1.5030000000000001,0.076,1.0
2021-07-22,1.448,1.524,0.076,1.0
2021-07-23,1.435,1.5110000000000001,0.076,1.0
2021-07-26,1.385,1.461,0.076,1.0
2021-07-27,1.325,1.401,0.076,1.0
2021-07-28,1.332,1.4080000000000001,0.076,1.0
2021-07-29,1.37,1.4460000000000002,0.076,1.0
2021-07-30,1.35,1.4260000000000002,0.076,1.0
2021-08-02,1.373,1.449,0.076,1.0
2021-08-03,1.37,1.4460000000000002,0.076,1.0
2021-08-04,1.384,1.46,0.076,1.0
2021-08-05,1.367,1.443,0.076,1.0
2021-08-06,1.372,1.4480000000000002,0.076,1.0
2021-08-09,1.377,1.453,0.076,1.0
2021-08-10,1.39,1.466,0.076,1.0
2021-08-11,1.393,1.469,0.076,1.0
2021-08-12,1.386,1.462,0.076,1.0
2021-08-13,1.377,1.453,0.076,1.0
2021-08-16,1.367,1.443,0.076,1.0
2021-08-17,1.346,1.4220000000000002,0.076,1.0
2021-08-18,1.354,1.4300000000000002,0.076,1.0
2021-08-19,1.329,1.405,0.076,1.0
2021-08-20,1.308,1.3840000000000001,0.076,1.0
2021-08-23,1.32,1.3960000000000001,0.076,1.0
2021-08-24,1.341,1.417,0.076,1.0
2021-08-25,1.342,1.4180000000000001,0.076,1.0
2021-08-26,1.328,1.4040000000000001,0.076,1.0
2021-08-27,1.33,1.4060000000000001,0.076,1.0
2021-08-30,1.332,1.4080000000000001,0.076,1.0
2021-08-31,1.347,1.423,0.076,1.0
2021-09-01,1.361,1.437,0.076,1.0
2021-09-02,1.366,1.4420000000000002,0.076,1.0
2021-09-03,1.356,1.4320000000000002,0.076,1.0
2021-09-06,1.368,1.4440000000000002,0.076,1.0
2021-09-07,1.382,1.458,0.076,1.0
2021-09-08,1.379,1.455,0.076,1.0
2021-09-09,1.354,1.4300000000000002,0.076,1.0
2021-09-10,1.365,1.441,0.076,1.0
2021-09-13,1.346,1.4220000000000002,0.076,1.0
2021-09-14,1.33,1.4060000000000001,0.076,1.0
2021-09-15,1.312,1.3880000000000001,0.076,1.0
2021-09-16,1.288,1.364,0.076,1.0
2021-09-17,1.305,1.381,0.076,1.0
2021-09-22,1.292,1.368,0.076,1.0
2021-09-23,1.287,1.363,0.076,1.0
2021-09-24,1.28,1.356,0.076,1.0
2021-09-27,1.273,1.349,0.076,1.0
2021-09-28,1.292,1.368,0.076,1.0
2021-09-29,1.294,1.37,0.076,1.0
2021-09-30,1.29,1.366,0.076,1.0
2021-10-08,1.296,1.372,0.076,1.0
2021-10-11,1.324,1.4000000000000001,0.076,1.0
2021-10-12,1.307,1.383,0.076,1.0
2021-10-13,1.311,1.387,0.076,1.0
2021-10-14,1.312,1.3880000000000001,0.076,1.0
2021-10-15,1.319,1.395,0.076,1.0
2021-10-18,1.319,1.395,0.076,1.0
2021-10-19,1.341,1.417,0.076,1.0
2021-10-20,1.357,1.433,0.076,1.0
2021-10-21,1.348,1.4240000000000002,0.076,1.0
2021-10-22,1.355,1.431,0.076,1.0
2021-10-25,1.357,1.433,0.076,1.0
2021-10-26,1.348,1.4240000000000002,0.076,1.0
2021-10-27,1.327,1.403,0.076,1.0
2021-10-28,1.327,1.403,0.076,1.0
2021-10-29,1.317,1.393,0.076,1.0
2021-11-01,1.305,1.381,0.076,1.0
2021-11-02,1.302,1.3780000000000001,0.076,1.0
2021-11-03,1.296,1.372,0.076,1.0
2021-11-04,1.3,1.3760000000000001,0.076,1.0
2021-11-05,1.294,1.37,0.076,1.0
2021-11-08,1.286,1.362,0.076,1.0
2021-11-09,1.286,1.362,0.076,1.0
2021-11-10,1.285,1.361,0.076,1.0
2021-11-11,1.312,1.3880000000000001,0.076,1.0
2021-11-12,1.311,1.387,0.076,1.0
2021-11-15,1.311,1.387,0.076,1.0
2021-11-16,1.327,1.403,0.076,1.0
2021-11-17,1.326,1.4020000000000001,0.076,1.0
2021-11-18,1.309,1.385,0.076,1.0
2021-11-19,1.298,1.374,0.076,1.0
2021-11-22,1.293,1.369,0.076,1.0
2021-11-23,1.282,1.358,0.076,1.0
2021-11-24,1.286,1.362,0.076,1.0
2021-11-25,1.284,1.36,0.076,1.0
2021-11-26,1.256,1.332,0.076,1.0
2021-11-29,1.238,1.314,0.076,1.0
2021-11-30,1.207,1.2830000000000001,0.076,1.0
2021-12-01,1.228,1.304,0.076,1.0
2021-12-02,1.23,1.306,0.076,1.0
2021-12-03,1.229,1.3050000000000002,0.076,1.0
2021-12-06,1.208,1.284,0.076,1.0
2021-12-07,1.235,1.3110000000000002,0.076,1.0
2021-12-08,1.238,1.314,0.076,1.0
2021-12-09,1.247,1.3230000000000002,0.076,1.0
2021-12-10,1.239,1.3150000000000002,0.076,1.0
2021-12-13,1.241,1.3170000000000002,0.076,1.0
2021-12-14,1.22,1.296,0.076,1.0
2021-12-15,1.21,1.286,0.076,1.0
2021-12-16,1.207,1.2830000000000001,0.076,1.0
2021-12-17,1.2,1.276,0.076,1.0
2021-12-20,1.178,1.254,0.076,1.0
2021-12-21,1.19,1.266,0.076,1.0
2021-12-22,1.189,1.2650000000000001,0.076,1.0
2021-12-23,1.201,1.2770000000000001,0.076,1.0
2021-12-24,1.202,1.278,0.076,1.0
2021-12-27,1.199,1.2750000000000001,0.076,1.0
2021-12-28,1.203,1.2790000000000001,0.076,1.0
2021-12-29,1.19,1.266,0.076,1.0
2021-12-30,1.196,1.272,0.076,1.0
2021-12-31,1.212,1.288,0.076,1.0
2022-01-04,1.204,1.28,0.076,1.0
2022-01-05,1.19,1.266,0.076,1.0
2022-01-06,1.181,1.2570000000000001,0.076,1.0
2022-01-07,1.211,1.2870000000000001,0.076,1.0
2022-01-10,1.227,1.3030000000000002,0.076,1.0
2022-01-11,1.222,1.298,0.076,1.0
2022-01-12,1.257,1.333,0.076,1.0
2022-01-13,1.255,1.331,0.076,1.0
2022-01-14,1.253,1.329,0.076,1.0
2022-01-17,1.244,1.32,0.076,1.0
2022-01-18,1.24,1.316,0.076,1.0
2022-01-19,1.238,1.314,0.076,1.0
2022-01-20,1.279,1.355,0.076,1.0
2022-01-21,1.28,1.356,0.076,1.0
2022-01-24,1.271,1.347,0.076,1.0
2022-01-25,1.246,1.322,0.076,1.0
2022-01-26,1.247,1.3230000000000002,0.076,1.0
2022-01-27,1.213,1.2890000000000001,0.076,1.0
2022-01-28,1.217,1.2930000000000001,0.076,1.0
2022-02-07,1.262,1.338,0.076,1.0
2022-02-08,1.256,1.332,0.076,1.0
2022-02-09,1.279,1.355,0.076,1.0
2022-02-10,1.28,1.356,0.076,1.0
2022-02-11,1.276,1.352,0.076,1.0
2022-02-14,1.267,1.343,0.076,1.0
2022-02-15,1.25,1.326,0.076,1.0
2022-02-16,1.266,1.342,0.076,1.0
2022-02-17,1.265,1.341,0.076,1.0
2022-02-18,1.261,1.337,0.076,1.0
2022-02-21,1.241,1.3170000000000002,0.076,1.0
2022-02-22,1.206,1.282,0.076,1.0
2022-02-23,1.217,1.2930000000000001,0.076,1.0
2022-02-24,1.178,1.254,0.076,1.0
2022-02-25,1.166,1.242,0.076,1.0
2022-02-28,1.156,1.232,0.076,1.0
2022-03-01,1.169,1.245,0.076,1.0
2022-03-02,1.144,1.22,0.076,1.0
2022-03-03,1.148,1.224,0.076,1.0
2022-03-04,1.119,1.195,0.076,1.0
2022-03-07,1.083,1.159,0.076,1.0
2022-03-08,1.061,1.137,0.076,1.0
2022-03-09,1.048,1.124,0.076,1.0
2022-03-10,1.061,1.137,0.076,1.0
2022-03-11,1.052,1.1280000000000001,0.076,1.0
2022-03-14,1.007,1.083,0.076,1.0
2022-03-15,0.947,1.023,0.076,1.0
2022-03-16,1.027,1.103,0.076,1.0
2022-03-17,1.086,1.1620000000000001,0.076,1.0
2022-03-18,1.102,1.1780000000000002,0.076,1.0
2022-03-21,1.087,1.163,0.076,1.0
2022-03-22,1.111,1.187,0.076,1.0
2022-03-23,1.142,1.218,0.076,1.0
2022-03-24,1.13,1.206,0.076,1.0
2022-03-25,1.093,1.169,0.076,1.0
2022-03-28,1.106,1.1820000000000002,0.076,1.0
2022-03-29,1.122,1.1980000000000002,0.076,1.0
2022-03-30,1.144,1.22,0.076,1.0
2022-03-31,1.123,1.199,0.076,1.0
2022-04-01,1.122,1.1980000000000002,0.076,1.0
2022-04-06,1.137,1.213,0.076,1.0
2022-04-07,1.118,1.1940000000000002,0.076,1.0
2022-04-08,1.116,1.1920000000000002,0.076,1.0
2022-04-11,1.083,1.159,0.076,1.0
2022-04-12,1.095,1.171,0.076,1.0
2022-04-13,1.093,1.169,0.076,1.0
2022-04-14,1.101,1.177,0.076,1.0
2022-04-15,1.094,1.1700000000000002,0.076,1.0
2022-04-18,1.084,1.1600000000000001,0.076,1.0
2022-04-19,1.079,1.155,0.076,1.0
2022-04-20,1.078,1.1540000000000001,0.076,1.0
2022-04-21,1.067,1.143,0.076,1.0
2022-04-22,1.074,1.1500000000000001,0.076,1.0
2022-04-25,1.042,1.118,0.076,1.0
2022-04-26,1.052,1.1280000000000001,0.076,1.0
2022-04-27,1.053,1.129,0.076,1.0
2022-04-28,1.069,1.145,0.076,1.0
2022-04-29,1.11,1.1860000000000002,0.076,1.0
2022-05-05,1.112,1.1880000000000002,0.076,1.0
2022-05-06,1.072,1.1480000000000001,0.076,1.0
2022-05-09,1.054,1.1300000000000001,0.076,1.0
2022-05-10,1.058,1.1340000000000001,0.076,1.0
2022-05-11,1.068,1.1440000000000001,0.076,1.0
2022-05-12,1.054,1.1300000000000001,0.076,1.0
2022-05-13,1.083,1.159,0.076,1.0
2022-05-16,1.083,1.159,0.076,1.0
2022-05-17,1.114,1.1900000000000002,0.076,1.0
2022-05-18,1.113,1.189,0.076,1.0
2022-05-19,1.095,1.171,0.076,1.0
2022-05-20,1.107,1.183,0.076,1.0
2022-05-23,1.091,1.167,0.076,1.0
2022-05-24,1.074,1.1500000000000001,0.076,1.0
2022-05-25,1.085,1.161,0.076,1.0
2022-05-26,1.082,1.1580000000000001,0.076,1.0
2022-05-27,1.115,1.191,0.076,1.0
2022-05-30,1.129,1.205,0.076,1.0
2022-05-31,1.142,1.218,0.076,1.0
2022-06-01,1.147,1.223,0.076,1.0
2022-06-02,1.133,1.209,0.076,1.0
2022-06-06,1.146,1.222,0.076,1.0
2022-06-07,1.156,1.232,0.076,1.0
2022-06-08,1.179,1.2550000000000001,0.076,1.0
2022-06-09,1.174,1.25,0.076,1.0
2022-06-10,1.178,1.254,0.076,1.0
2022-06-13,1.146,1.222,0.076,1.0
2022-06-14,1.149,1.225,0.076,1.0
2022-06-15,1.152,1.228,0.076,1.0
2022-06-16,1.134,1.21,0.076,1.0
2022-06-17,1.138,1.214,0.076,1.0
2022-06-20,1.142,1.218,0.076,1.0
2022-06-21,1.159,1.235,0.076,1.0
2022-06-22,1.147,1.223,0.076,1.0
2022-06-23,1.158,1.234,0.076,1.0
2022-06-24,1.174,1.25,0.076,1.0
2022-06-27,1.197,1.2730000000000001,0.076,1.0
2022-06-28,1.208,1.284,0.076,1.0
2022-06-29,1.187,1.2630000000000001,0.076,1.0
2022-06-30,1.185,1.2610000000000001,0.076,1.0
2022-07-01,1.181,1.2570000000000001,0.076,1.0
2022-07-04,1.186,1.262,0.076,1.0
2022-07-05,1.191,1.2670000000000001,0.076,1.0
2022-07-06,1.164,1.24,0.076,1.0
2022-07-07,1.176,1.252,0.076,1.0
2022-07-08,1.184,1.26,0.076,1.0
2022-07-11,1.15,1.226,0.076,1.0
2022-07-12,1.144,1.22,0.076,1.0
2022-07-13,1.141,1.217,0.076,1.0
2022-07-14,1.136,1.212,0.076,1.0
2022-07-15,1.118,1.1940000000000002,0.076,1.0
2022-07-18,1.141,1.217,0.076,1.0
2022-07-19,1.133,1.209,0.076,1.0
2022-07-20,1.149,1.225,0.076,1.0
2022-07-21,1.134,1.21,0.076,1.0
2022-07-22,1.133,1.209,0.076,1.0
2022-07-25,1.126,1.202,0.076,1.0
2022-07-26,1.147,1.223,0.076,1.0
2022-07-27,1.133,1.209,0.076,1.0
2022-07-28,1.128,1.204,0.076,1.0
2022-07-29,1.101,1.177,0.076,1.0
2022-08-01,1.105,1.181,0.076,1.0
2022-08-02,1.081,1.157,0.076,1.0
2022-08-03,1.083,1.159,0.076,1.0
2022-08-04,1.102,1.1780000000000002,0.076,1.0
2022-08-05,1.108,1.1840000000000002,0.076,1.0
2022-08-08,1.102,1.1780000000000002,0.076,1.0
2022-08-09,1.1,1.1760000000000002,0.076,1.0
2022-08-10,1.074,1.1500000000000001,0.076,1.0
2022-08-11,1.097,1.173,0.076,1.0
2022-08-12,1.106,1.1820000000000002,0.076,1.0
2022-08-15,1.107,1.183,0.076,1.0
2022-08-16,1.094,1.1700000000000002,0.076,1.0
2022-08-17,1.101,1.177,0.076,1.0
2022-08-18,1.091,1.167,0.076,1.0
2022-08-19,1.093,1.169,0.076,1.0
2022-08-22,1.096,1.1720000000000002,0.076,1.0
2022-08-23,1.085,1.161,0.076,1.0
2022-08-24,1.077,1.153,0.076,1.0
2022-08-25,1.105,1.181,0.076,1.0
2022-08-26,1.122,1.1980000000000002,0.076,1.0
2022-08-29,1.125,1.201,0.076,1.0
2022-08-30,1.12,1.1960000000000002,0.076,1.0
2022-08-31,1.124,1.2000000000000002,0.076,1.0
2022-09-01,1.1,1.1760000000000002,0.076,1.0
2022-09-02,1.094,1.1700000000000002,0.076,1.0
2022-09-05,1.089,1.165,0.076,1.0
2022-09-06,1.091,1.167,0.076,1.0
2022-09-07,1.082,1.1580000000000001,0.076,1.0
2022-09-08,1.071,1.147,0.076,1.0
2022-09-09,1.094,1.1700000000000002,0.076,1.0
2022-09-13,1.094,1.1700000000000002,0.076,1.0
2022-09-14,1.071,1.147,0.076,1.0
2022-09-15,1.072,1.1480000000000001,0.076,1.0
2022-09-16,1.071,1.147,0.076,1.0
2022-09-19,1.058,1.1340000000000001,0.076,1.0
2022-09-20,1.069,1.145,0.076,1.0
2022-09-21,1.057,1.133,0.076,1.0
2022-09-22,1.038,1.114,0.076,1.0
2022-09-23,1.035,1.111,0.076,1.0
2022-09-26,1.026,1.102,0.076,1.0
2022-09-27,1.034,1.11,0.076,1.0
2022-09-28,1.011,1.087,0.076,1.0
2022-09-29,0.999,1.075,0.076,1.0
2022-09-30,0.99,1.066,0.076,1.0
2022-10-10,0.991,1.067,0.076,1.0
2022-10-11,0.984,1.06,0.076,1.0
2022-10-12,0.982,1.058,0.076,1.0
2022-10-13,0.959,1.035,0.076,1.0
2022-10-14,0.974,1.05,0.076,1.0
2022-10-17,0.963,1.039,0.076,1.0
2022-10-18,0.978,1.054,0.076,1.0
2022-10-19,0.966,1.042,0.076,1.0
2022-10-20,0.948,1.024,0.076,1.0
2022-10-21,0.947,1.023,0.076,1.0
2022-10-24,0.891,0.967,0.076,1.0
2022-10-25,0.89,0.966,0.076,1.0
2022-10-26,0.891,0.967,0.076,1.0
2022-10-27,0.894,0.97,0.076,1.0
2022-10-28,0.862,0.938,0.076,1.0
2022-10-31,0.862,0.938,0.076,1.0
2022-11-01,0.905,0.981,0.076,1.0
2022-11-02,0.919,0.995,0.076,1.0
2022-11-03,0.9,0.976,0.076,1.0
2022-11-04,0.947,1.023,0.076,1.0
2022-11-07,0.971,1.047,0.076,1.0
2022-11-08,0.964,1.04,0.076,1.0
2022-11-09,0.948,1.024,0.076,1.0
2022-11-10,0.939,1.015,0.076,1.0
2022-11-11,0.99,1.066,0.076,1.0
2022-11-14,1.0,1.076,0.076,1.0
2022-11-15,1.042,1.118,0.076,1.0
2022-11-16,1.041,1.117,0.076,1.0
2022-11-17,1.037,1.113,0.076,1.0
2022-11-18,1.035,1.111,0.076,1.0
2022-11-21,1.024,1.1,0.076,1.0
2022-11-22,1.006,1.082,0.076,1.0
2022-11-23,1.019,1.095,0.076,1.0
2022-11-24,1.021,1.097,0.076,1.0
2022-11-25,1.023,1.099,0.076,1.0
2022-11-28,1.007,1.083,0.076,1.0
2022-11-29,1.045,1.121,0.076,1.0
2022-11-30,1.065,1.141,0.076,1.0
2022-12-01,1.083,1.159,0.076,1.0
2022-12-02,1.073,1.149,0.076,1.0
2022-12-05,1.105,1.181,0.076,1.0
2022-12-06,1.099,1.175,0.076,1.0
2022-12-07,1.087,1.163,0.076,1.0
2022-12-08,1.1,1.1760000000000002,0.076,1.0
2022-12-09,1.125,1.201,0.076,1.0
2022-12-12,1.109,1.185,0.076,1.0
2022-12-13,1.115,1.191,0.076,1.0
2022-12-14,1.12,1.1960000000000002,0.076,1.0
2022-12-15,1.1,1.1760000000000002,0.076,1.0
2022-12-16,1.107,1.183,0.076,1.0
2022-12-19,1.099,1.175,0.076,1.0
2022-12-20,1.08,1.1560000000000001,0.076,1.0
2022-12-21,1.082,1.1580000000000001,0.076,1.0
2022-12-22,1.115,1.191,0.076,1.0
2022-12-23,1.113,1.189,0.076,1.0
2022-12-26,1.106,1.1820000000000002,0.076,1.0
2022-12-27,1.121,1.197,0.076,1.0
2022-12-28,1.127,1.203,0.076,1.0
2022-12-29,1.118,1.1940000000000002,0.076,1.0
2022-12-30,1.122,1.1980000000000002,0.076,1.0
2023-01-03,1.127,1.203,0.076,1.0
2023-01-04,1.161,1.237,0.076,1.0
2023-01-05,1.176,1.252,0.076,1.0
2023-01-06,1.17,1.246,0.076,1.0
2023-01-09,1.179,1.2550000000000001,0.076,1.0
2023-01-10,1.176,1.252,0.076,1.0
2023-01-11,1.182,1.258,0.076,1.0
2023-01-12,1.172,1.248,0.076,1.0
2023-01-13,1.19,1.266,0.076,1.0
2023-01-16,1.177,1.2530000000000001,0.076,1.0
2023-01-17,1.18,1.256,0.076,1.0
2023-01-18,1.185,1.2610000000000001,0.076,1.0
2023-01-19,1.188,1.264,0.076,1.0
2023-01-20,1.205,1.2810000000000001,0.076,1.0
2023-01-30,1.212,1.288,0.076,1.0
2023-01-31,1.182,1.258,0.076,1.0
2023-02-01,1.2,1.276,0.076,1.0
2023-02-02,1.198,1.274,0.076,1.0
2023-02-03,1.177,1.2530000000000001,0.076,1.0
2023-02-06,1.156,1.232,0.076,1.0
2023-02-07,1.164,1.24,0.076,1.0
2023-02-08,1.164,1.24,0.076,1.0
2023-02-09,1.181,1.2570000000000001,0.076,1.0
2023-02-10,1.163,1.239,0.076,1.0
2023-02-13,1.164,1.24,0.076,1.0
2023-02-14,1.164,1.24,0.076,1.0
2023-02-15,1.149,1.225,0.076,1.0
2023-02-16,1.163,1.239,0.076,1.0
2023-02-17,1.15,1.226,0.076,1.0
2023-02-20,1.16,1.236,0.076,1.0
2023-02-21,1.144,1.22,0.076,1.0
2023-02-22,1.138,1.214,0.076,1.0
2023-02-23,1.133,1.209,0.076,1.0
2023-02-24,1.124,1.2000000000000002,0.076,1.0
2023-02-27,1.121,1.197,0.076,1.0
2023-02-28,1.118,1.1940000000000002,0.076,1.0
2023-03-01,1.15,1.226,0.076,1.0
2023-03-02,1.144,1.22,0.076,1.0
2023-03-03,1.155,1.231,0.076,1.0
2023-03-06,1.156,1.232,0.076,1.0
2023-03-07,1.15,1.226,0.076,1.0
2023-03-08,1.132,1.208,0.076,1.0
2023-03-09,1.13,1.206,0.076,1.0
2023-03-10,1.092,1.1680000000000001,0.076,1.0
2023-03-13,1.1,1.1760000000000002,0.076,1.0
2023-03-14,1.067,1.143,0.076,1.0
2023-03-15,1.086,1.1620000000000001,0.076,1.0
2023-03-16,1.069,1.145,0.076,1.0
2023-03-17,1.081,1.157,0.076,1.0
2023-03-20,1.053,1.129,0.076,1.0
2023-03-21,1.074,1.1500000000000001,0.076,1.0
2023-03-22,1.094,1.1700000000000002,0.076,1.0
2023-03-23,1.104,1.1800000000000002,0.076,1.0
2023-03-24,1.102,1.1780000000000002,0.076,1.0
2023-03-27,1.1,1.1760000000000002,0.076,1.0
2023-03-28,1.104,1.1800000000000002,0.076,1.0
2023-03-29,1.127,1.203,0.076,1.0
2023-03-30,1.131,1.207,0.076,1.0
2023-03-31,1.136,1.212,0.076,1.0
2023-04-03,1.135,1.211,0.076,1.0
2023-04-04,1.135,1.211,0.076,1.0
2023-04-06,1.128,1.204,0.076,1.0
2023-04-07,1.144,1.22,0.076,1.0
2023-04-10,1.141,1.217,0.076,1.0
2023-04-11,1.139,1.215,0.076,1.0
2023-04-12,1.134,1.21,0.076,1.0
2023-04-13,1.126,1.202,0.076,1.0
2023-04-14,1.133,1.209,0.076,1.0
2023-04-17,1.154,1.23,0.076,1.0
2023-04-18,1.145,1.221,0.076,1.0
2023-04-19,1.138,1.214,0.076,1.0
2023-04-20,1.14,1.216,0.076,1.0
2023-04-21,1.121,1.197,0.076,1.0
2023-04-24,1.107,1.183,0.076,1.0
2023-04-25,1.101,1.177,0.076,1.0
2023-04-26,1.111,1.187,0.076,1.0
2023-04-27,1.112,1.1880000000000002,0.076,1.0
2023-04-28,1.12,1.1960000000000002,0.076,1.0
2023-05-04,1.116,1.1920000000000002,0.076,1.0
2023-05-05,1.121,1.197,0.076,1.0
2023-05-08,1.136,1.212,0.076,1.0
2023-05-09,1.115,1.191,0.076,1.0
2023-05-10,1.111,1.187,0.076,1.0
2023-05-11,1.104,1.1800000000000002,0.076,1.0
2023-05-12,1.108,1.1840000000000002,0.076,1.0
2023-05-15,1.129,1.205,0.076,1.0
2023-05-16,1.125,1.201,0.076,1.0
2023-05-17,1.123,1.199,0.076,1.0
2023-05-18,1.119,1.195,0.076,1.0
2023-05-19,1.118,1.1940000000000002,0.076,1.0
2023-05-22,1.129,1.205,0.076,1.0
2023-05-23,1.111,1.187,0.076,1.0
2023-05-24,1.097,1.173,0.076,1.0
2023-05-25,1.078,1.1540000000000001,0.076,1.0
2023-05-26,1.073,1.149,0.076,1.0
2023-05-29,1.071,1.147,0.076,1.0
2023-05-30,1.071,1.147,0.076,1.0
2023-05-31,1.047,1.123,0.076,1.0
2023-06-01,1.055,1.131,0.076,1.0
2023-06-02,1.092,1.1680000000000001,0.076,1.0
2023-06-05,1.101,1.177,0.076,1.0
2023-06-06,1.096,1.1720000000000002,0.076,1.0
2023-06-07,1.112,1.1880000000000002,0.076,1.0
2023-06-08,1.117,1.193,0.076,1.0
2023-06-09,1.124,1.2000000000000002,0.076,1.0
2023-06-12,1.126,1.202,0.076,1.0
2023-06-13,1.137,1.213,0.076,1.0
2023-06-14,1.127,1.203,0.076,1.0
2023-06-15,1.148,1.224,0.076,1.0
2023-06-16,1.163,1.239,0.076,1.0
2023-06-19,1.154,1.23,0.076,1.0
2023-06-20,1.145,1.221,0.076,1.0
2023-06-21,1.126,1.202,0.076,1.0
2023-06-26,1.108,1.1840000000000002,0.076,1.0
2023-06-27,1.125,1.201,0.076,1.0
2023-06-28,1.129,1.205,0.076,1.0
2023-06-29,1.116,1.1920000000000002,0.076,1.0
2023-06-30,1.117,1.193,0.076,1.0
2023-07-03,1.139,1.215,0.076,1.0
2023-07-04,1.139,1.215,0.076,1.0
2023-07-05,1.128,1.204,0.076,1.0
2023-07-06,1.107,1.183,0.076,1.0
2023-07-07,1.095,1.171,0.076,1.0
2023-07-10,1.097,1.173,0.076,1.0
2023-07-11,1.107,1.183,0.076,1.0
2023-07-12,1.112,1.1880000000000002,0.076,1.0
2023-07-13,1.139,1.215,0.076,1.0
2023-07-14,1.139,1.215,0.076,1.0
2023-07-17,1.127,1.203,0.076,1.0
2023-07-18,1.121,1.197,0.076,1.0
2023-07-19,1.124,1.2000000000000002,0.076,1.0
2023-07-20,1.117,1.193,0.076,1.0
2023-07-21,1.122,1.1980000000000002,0.076,1.0
2023-07-24,1.101,1.177,0.076,1.0
2023-07-25,1.139,1.215,0.076,1.0
2023-07-26,1.139,1.215,0.076,1.0
2023-07-27,1.152,1.228,0.076,1.0
2023-07-28,1.172,1.248,0.076,1.0
2023-07-31,1.187,1.2630000000000001,0.076,1.0
2023-08-01,1.176,1.252,0.076,1.0
2023-08-02,1.151,1.227,0.076,1.0
2023-08-03,1.156,1.232,0.076,1.0
2023-08-04,1.152,1.228,0.076,1.0
2023-08-07,1.155,1.231,0.076,1.0
2023-08-08,1.137,1.213,0.076,1.0
2023-08-09,1.136,1.212,0.076,1.0
2023-08-10,1.139,1.215,0.076,1.0
2023-08-11,1.132,1.208,0.076,1.0
2023-08-14,1.117,1.193,0.076,1.0
2023-08-15,1.117,1.193,0.076,1.0
2023-08-16,1.101,1.177,0.076,1.0
2023-08-17,1.108,1.1840000000000002,0.076,1.0
2023-08-18,1.08,1.1560000000000001,0.076,1.0
2023-08-21,1.06,1.1360000000000001,0.076,1.0
2023-08-22,1.07,1.1460000000000001,0.076,1.0
2023-08-23,1.066,1.1420000000000001,0.076,1.0
2023-08-24,1.088,1.1640000000000001,0.076,1.0
2023-08-25,1.076,1.1520000000000001,0.076,1.0
2023-08-28,1.087,1.163,0.076,1.0
2023-08-29,1.106,1.1820000000000002,0.076,1.0
2023-08-30,1.108,1.1840000000000002,0.076,1.0
2023-08-31,1.099,1.175,0.076,1.0
2023-09-01,1.103,1.179,0.076,1.0
2023-09-04,1.124,1.2000000000000002,0.076,1.0
2023-09-05,1.109,1.185,0.076,1.0
2023-09-06,1.105,1.181,0.076,1.0
2023-09-07,1.097,1.173,0.076,1.0
2023-09-08,1.091,1.167,0.076,1.0
2023-09-11,1.086,1.1620000000000001,0.076,1.0
2023-09-12,1.09,1.1660000000000001,0.076,1.0
2023-09-13,1.085,1.161,0.076,1.0
2023-09-14,1.087,1.163,0.076,1.0
2023-09-15,1.096,1.1720000000000002,0.076,1.0
2023-09-18,1.085,1.161,0.076,1.0
2023-09-19,1.083,1.159,0.076,1.0
2023-09-20,1.082,1.1580000000000001,0.076,1.0
2023-09-21,1.067,1.143,0.076,1.0
2023-09-22,1.085,1.161,0.076,1.0
2023-09-25,1.074,1.1500000000000001,0.076,1.0
2023-09-26,1.06,1.1360000000000001,0.076,1.0
2023-09-27,1.065,1.141,0.076,1.0
2023-09-28,1.052,1.1280000000000001,0.076,1.0
2023-10-09,1.058,1.1340000000000001,0.076,1.0
2023-10-10,1.064,1.1400000000000001,0.076,1.0
2023-10-11,1.079,1.155,0.076,1.0
2023-10-12,1.098,1.1740000000000002,0.076,1.0
2023-10-13,1.075,1.151,0.076,1.0
2023-10-16,1.064,1.1400000000000001,0.076,1.0
2023-10-17,1.072,1.1480000000000001,0.076,1.0
2023-10-18,1.07,1.1460000000000001,0.076,1.0
2023-10-19,1.048,1.124,0.076,1.0
2023-10-20,1.04,1.116,0.076,1.0
2023-10-23,1.026,1.102,0.076,1.0
2023-10-24,1.03,1.106,0.076,1.0
2023-10-25,1.037,1.113,0.076,1.0
2023-10-26,1.032,1.108,0.076,1.0
2023-10-27,1.053,1.129,0.076,1.0
2023-10-30,1.052,1.1280000000000001,0.076,1.0
2023-10-31,1.037,1.113,0.076,1.0
2023-11-01,1.036,1.112,0.076,1.0
2023-11-02,1.039,1.115,0.076,1.0
2023-11-03,1.064,1.1400000000000001,0.076,1.0
2023-11-06,1.08,1.1560000000000001,0.076,1.0
2023-11-07,1.063,1.139,0.076,1.0
2023-11-08,1.055,1.131,0.076,1.0
2023-11-09,1.056,1.1320000000000001,0.076,1.0
2023-11-10,1.042,1.118,0.076,1.0
2023-11-13,1.044,1.12,0.076,1.0
2023-11-14,1.054,1.1300000000000001,0.076,1.0
2023-11-15,1.079,1.155,0.076,1.0
2023-11-16,1.071,1.147,0.076,1.0
2023-11-17,1.05,1.1260000000000001,0.076,1.0
2023-11-20,1.055,1.131,0.076,1.0
2023-11-21,1.051,1.127,0.076,1.0
2023-11-22,1.044,1.12,0.076,1.0
2023-11-23,1.053,1.129,0.076,1.0
2023-11-24,1.041,1.117,0.076,1.0
2023-11-27,1.037,1.113,0.076,1.0
2023-11-28,1.031,1.107,0.076,1.0
2023-11-29,1.002,1.078,0.076,1.0
2023-11-30,1.007,1.083,0.076,1.0
2023-12-01,1.003,1.079,0.076,1.0
2023-12-04,0.986,1.062,0.076,1.0
2023-12-05,0.964,1.04,0.076,1.0
2023-12-06,0.977,1.053,0.076,1.0
2023-12-07,0.968,1.044,0.076,1.0
2023-12-08,0.971,1.047,0.076,1.0
2023-12-11,0.965,1.041,0.076,1.0
2023-12-12,0.978,1.054,0.076,1.0
2023-12-13,0.963,1.039,0.076,1.0
2023-12-14,0.969,1.045,0.076,1.0
2023-12-15,0.988,1.064,0.076,1.0
2023-12-18,0.983,1.059,0.076,1.0
2023-12-19,0.977,1.053,0.076,1.0
2023-12-20,0.981,1.057,0.076,1.0
2023-12-21,0.983,1.059,0.076,1.0
2023-12-22,0.966,1.042,0.076,1.0
2023-12-25,0.973,1.049,0.076,1.0
2023-12-26,0.969,1.045,0.076,1.0
2023-12-27,0.985,1.061,0.076,1.0
2023-12-28,1.002,1.078,0.076,1.0
2023-12-29,0.997,1.073,0.076,1.0
2024-01-02,0.988,1.064,0.076,1.0
2024-01-03,0.984,1.06,0.076,1.0
2024-01-04,0.984,1.06,0.076,1.0
2024-01-05,0.98,1.056,0.076,1.0
2024-01-08,0.959,1.035,0.076,1.0
2024-01-09,0.963,1.039,0.076,1.0
2024-01-10,0.954,1.03,0.076,1.0
2024-01-11,0.969,1.045,0.076,1.0
2024-01-12,0.962,1.038,0.076,1.0
2024-01-15,0.962,1.038,0.076,1.0
2024-01-16,0.945,1.021,0.076,1.0
2024-01-17,0.908,0.984,0.076,1.0
2024-01-18,0.92,0.996,0.076,1.0
2024-01-19,0.908,0.984,0.076,1.0
2024-01-22,0.888,0.964,0.076,1.0
2024-01-23,0.911,0.987,0.076,1.0
2024-01-24,0.928,1.004,0.076,1.0
2024-01-25,0.96,1.036,0.076,1.0
2024-01-26,0.949,1.025,0.076,1.0
2024-01-29,0.951,1.027,0.076,1.0
2024-01-30,0.931,1.0070000000000001,0.076,1.0
2024-01-31,0.917,0.993,0.076,1.0
2024-02-01,0.923,0.999,0.076,1.0
2024-02-02,0.925,1.0010000000000001,0.076,1.0
2024-02-05,0.925,1.0010000000000001,0.076,1.0
2024-02-06,0.958,1.034,0.076,1.0
2024-02-07,0.955,1.031,0.076,1.0
2024-02-08,0.945,1.021,0.076,1.0
2024-02-19,0.965,1.041,0.076,1.0
2024-02-20,0.963,1.039,0.076,1.0
2024-02-21,0.984,1.06,0.076,1.0
2024-02-22,0.989,1.065,0.076,1.0
2024-02-23,0.996,1.072,0.076,1.0
2024-02-26,0.988,1.064,0.076,1.0
2024-02-27,0.99,1.066,0.076,1.0
2024-02-28,0.98,1.056,0.076,1.0
2024-02-29,0.984,1.06,0.076,1.0
2024-03-01,0.983,1.059,0.076,1.0
2024-03-04,0.98,1.056,0.076,1.0
2024-03-05,0.963,1.039,0.076,1.0
2024-03-06,0.973,1.049,0.076,1.0
2024-03-07,0.965,1.041,0.076,1.0
2024-03-08,0.977,1.053,0.076,1.0
2024-03-11,0.984,1.06,0.076,1.0
2024-03-12,1.012,1.088,0.076,1.0
2024-03-13,1.013,1.089,0.076,1.0
2024-03-14,1.005,1.081,0.076,1.0
2024-03-15,0.992,1.068,0.076,1.0
2024-03-18,0.998,1.074,0.076,1.0
2024-03-19,0.984,1.06,0.076,1.0
2024-03-20,0.987,1.063,0.076,1.0
2024-03-21,1.007,1.083,0.076,1.0
2024-03-22,0.988,1.064,0.076,1.0
2024-03-25,0.984,1.06,0.076,1.0
2024-03-26,0.997,1.073,0.076,1.0
2024-03-27,0.981,1.057,0.076,1.0
2024-03-28,0.99,1.066,0.076,1.0
2024-03-29,0.994,1.07,0.076,1.0
2024-04-01,1.004,1.08,0.076,1.0
2024-04-02,1.008,1.084,0.076,1.0
2024-04-03,0.999,1.075,0.076,1.0
2024-04-08,0.998,1.074,0.076,1.0
2024-04-09,1.005,1.081,0.076,1.0
2024-04-10,1.02,1.096,0.076,1.0
2024-04-11,1.019,1.095,0.076,1.0
2024-04-12,0.998,1.074,0.076,1.0
2024-04-15,0.992,1.068,0.076,1.0
2024-04-16,0.972,1.048,0.076,1.0
2024-04-17,0.969,1.045,0.076,1.0
2024-04-18,0.978,1.054,0.076,1.0
2024-04-19,0.97,1.046,0.076,1.0
2024-04-22,0.988,1.064,0.076,1.0
2024-04-23,1.0,1.076,0.076,1.0
2024-04-24,1.026,1.102,0.076,1.0
2024-04-25,1.03,1.106,0.076,1.0
2024-04-26,1.055,1.131,0.076,1.0
2024-04-29,1.06,1.1360000000000001,0.076,1.0
2024-04-30,1.059,1.135,0.076,1.0
2024-05-06,1.103,1.179,0.076,1.0
2024-05-07,1.098,1.1740000000000002,0.076,1.0
2024-05-08,1.092,1.1680000000000001,0.076,1.0
2024-05-09,1.108,1.1840000000000002,0.076,1.0
2024-05-10,1.131,1.207,0.076,1.0
2024-05-13,1.142,1.218,0.076,1.0
2024-05-14,1.145,1.221,0.076,1.0
2024-05-15,1.138,1.214,0.076,1.0
2024-05-16,1.158,1.234,0.076,1.0
2024-05-17,1.169,1.245,0.076,1.0
2024-05-20,1.177,1.2530000000000001,0.076,1.0
2024-05-21,1.151,1.227,0.076,1.0
2024-05-22,1.15,1.226,0.076,1.0
2024-05-23,1.134,1.21,0.076,1.0
2024-05-24,1.114,1.1900000000000002,0.076,1.0
2024-05-27,1.132,1.208,0.076,1.0
2024-05-28,1.131,1.207,0.076,1.0
2024-05-29,1.115,1.191,0.076,1.0
2024-05-30,1.096,1.1720000000000002,0.076,1.0
2024-05-31,1.097,1.173,0.076,1.0
2024-06-03,1.107,1.183,0.076,1.0
2024-06-04,1.112,1.1880000000000002,0.076,1.0
2024-06-05,1.108,1.1840000000000002,0.076,1.0
2024-06-06,1.11,1.1860000000000002,0.076,1.0
2024-06-07,1.108,1.1840000000000002,0.076,1.0
2024-06-11,1.102,1.1780000000000002,0.076,1.0
2024-06-12,1.089,1.165,0.076,1.0
2024-06-13,1.095,1.171,0.076,1.0
2024-06-14,1.093,1.169,0.076,1.0
2024-06-17,1.09,1.1660000000000001,0.076,1.0
2024-06-18,1.089,1.165,0.076,1.0
2024-06-19,1.118,1.1940000000000002,0.076,1.0
2024-06-20,1.112,1.1880000000000002,0.076,1.0
2024-06-21,1.097,1.173,0.076,1.0
2024-06-24,1.086,1.1620000000000001,0.076,1.0
2024-06-25,1.093,1.169,0.076,1.0
2024-06-26,1.101,1.177,0.076,1.0
2024-06-27,1.08,1.1560000000000001,0.076,1.0
2024-06-28,1.082,1.1580000000000001,0.076,1.0
2024-07-01,1.085,1.161,0.076,1.0
2024-07-02,1.083,1.159,0.076,1.0
2024-07-03,1.097,1.173,0.076,1.0
2024-07-04,1.102,1.1780000000000002,0.076,1.0
2024-07-05,1.092,1.1680000000000001,0.076,1.0
2024-07-08,1.075,1.151,0.076,1.0
2024-07-09,1.079,1.155,0.076,1.0
2024-07-10,1.076,1.1520000000000001,0.076,1.0
2024-07-11,1.095,1.171,0.076,1.0
2024-07-12,1.126,1.202,0.076,1.0
2024-07-15,1.109,1.185,0.076,1.0
2024-07-16,1.097,1.173,0.076,1.0
2024-07-17,1.094,1.1700000000000002,0.076,1.0
2024-07-18,1.098,1.1740000000000002,0.076,1.0
2024-07-19,1.076,1.1520000000000001,0.076,1.0
2024-07-22,1.085,1.161,0.076,1.0
2024-07-23,1.074,1.1500000000000001,0.076,1.0
2024-07-24,1.062,1.1380000000000001,0.076,1.0
2024-07-25,1.042,1.118,0.076,1.0
2024-07-26,1.045,1.121,0.076,1.0
2024-07-29,1.059,1.135,0.076,1.0
2024-07-30,1.043,1.119,0.076,1.0
2024-07-31,1.06,1.1360000000000001,0.076,1.0
2024-08-01,1.058,1.1340000000000001,0.076,1.0
2024-08-02,1.03,1.106,0.076,1.0
2024-08-05,1.007,1.083,0.076,1.0
2024-08-06,1.012,1.088,0.076,1.0
2024-08-07,1.023,1.099,0.076,1.0
2024-08-08,1.027,1.103,0.076,1.0
2024-08-09,1.036,1.112,0.076,1.0
2024-08-12,1.038,1.114,0.076,1.0
2024-08-13,1.043,1.119,0.076,1.0
2024-08-14,1.033,1.109,0.076,1.0
2024-08-15,1.035,1.111,0.076,1.0
2024-08-16,1.058,1.1340000000000001,0.076,1.0
2024-08-19,1.064,1.1400000000000001,0.076,1.0
2024-08-20,1.057,1.133,0.076,1.0
2024-08-21,1.049,1.125,0.076,1.0
2024-08-22,1.062,1.1380000000000001,0.076,1.0
2024-08-23,1.062,1.1380000000000001,0.076,1.0
2024-08-26,1.074,1.1500000000000001,0.076,1.0
2024-08-27,1.077,1.153,0.076,1.0
2024-08-28,1.07,1.1460000000000001,0.076,1.0
2024-08-29,1.069,1.145,0.076,1.0
2024-08-30,1.086,1.1620000000000001,0.076,1.0
2024-09-02,1.065,1.141,0.076,1.0
2024-09-03,1.066,1.1420000000000001,0.076,1.0
2024-09-04,1.052,1.1280000000000001,0.076,1.0
2024-09-05,1.05,1.1260000000000001,0.076,1.0
2024-09-06,1.044,1.12,0.076,1.0
2024-09-09,1.037,1.113,0.076,1.0
2024-09-10,1.046,1.122,0.076,1.0
2024-09-11,1.036,1.112,0.076,1.0
2024-09-12,1.049,1.125,0.076,1.0
2024-09-13,1.052,1.1280000000000001,0.076,1.0
2024-09-18,1.067,1.143,0.076,1.0
2024-09-19,1.09,1.1660000000000001,0.076,1.0
2024-09-20,1.095,1.171,0.076,1.0
2024-09-23,1.101,1.177,0.076,1.0
2024-09-24,1.142,1.218,0.076,1.0
2024-09-25,1.146,1.222,0.076,1.0
2024-09-26,1.186,1.262,0.076,1.0
2024-09-27,1.228,1.304,0.076,1.0
2024-09-30,1.289,1.365,0.076,1.0
2024-10-08,1.296,1.372,0.076,1.0
2024-10-09,1.23,1.306,0.076,1.0
2024-10-10,1.277,1.353,0.076,1.0
2024-10-11,1.246,1.322,0.076,1.0
2024-10-14,1.276,1.352,0.076,1.0
2024-10-15,1.233,1.3090000000000002,0.076,1.0
2024-10-16,1.24,1.316,0.076,1.0
2024-10-17,1.227,1.3030000000000002,0.076,1.0
2024-10-18,1.257,1.333,0.076,1.0
2024-10-21,1.245,1.3210000000000002,0.076,1.0
2024-10-22,1.246,1.322,0.076,1.0
2024-10-23,1.262,1.338,0.076,1.0
2024-10-24,1.247,1.3230000000000002,0.076,1.0
2024-10-25,1.251,1.327,0.076,1.0
2024-10-28,1.256,1.332,0.076,1.0
2024-10-29,1.257,1.333,0.076,1.0
2024-10-30,1.24,1.316,0.076,1.0
2024-10-31,1.239,1.3150000000000002,0.076,1.0
2024-11-01,1.242,1.318,0.076,1.0
2024-11-04,1.244,1.32,0.076,1.0
2024-11-05,1.263,1.339,0.076,1.0
2024-11-06,1.25,1.326,0.076,1.0
2024-11-07,1.28,1.356,0.076,1.0
2024-11-08,1.271,1.347,0.076,1.0
2024-11-11,1.256,1.332,0.076,1.0
2024-11-12,1.226,1.302,0.076,1.0
2024-11-13,1.22,1.296,0.076,1.0
2024-11-14,1.203,1.2790000000000001,0.076,1.0
2024-11-15,1.203,1.2790000000000001,0.076,1.0
2024-11-18,1.211,1.2870000000000001,0.076,1.0
2024-11-19,1.215,1.2910000000000001,0.076,1.0
2024-11-20,1.217,1.2930000000000001,0.076,1.0
2024-11-21,1.214,1.29,0.076,1.0
2024-11-22,1.187,1.2630000000000001,0.076,1.0
2024-11-25,1.185,1.2610000000000001,0.076,1.0
2024-11-26,1.185,1.2610000000000001,0.076,1.0
2024-11-27,1.205,1.2810000000000001,0.076,1.0
2024-11-28,1.195,1.2710000000000001,0.076,1.0
2024-11-29,1.194,1.27,0.076,1.0
2024-12-02,1.208,1.284,0.076,1.0
2024-12-03,1.218,1.294,0.076,1.0
2024-12-04,1.22,1.296,0.076,1.0
2024-12-05,1.207,1.2830000000000001,0.076,1.0
2024-12-06,1.226,1.302,0.076,1.0
2024-12-09,1.224,1.3,0.076,1.0
2024-12-10,1.256,1.332,0.076,1.0
2024-12-11,1.243,1.3190000000000002,0.076,1.0
2024-12-12,1.266,1.342,0.076,1.0
2024-12-13,1.236,1.312,0.076,1.0
2024-12-16,1.223,1.2990000000000002,0.076,1.0
2024-12-17,1.222,1.298,0.076,1.0
2024-12-18,1.23,1.306,0.076,1.0
2024-12-19,1.229,1.3050000000000002,0.076,1.0
2024-12-20,1.226,1.302,0.076,1.0
2024-12-23,1.23,1.306,0.076,1.0
2024-12-24,1.246,1.322,0.076,1.0
2024-12-25,1.248,1.324,0.076,1.0
2024-12-26,1.248,1.324,0.076,1.0
2024-12-27,1.243,1.3190000000000002,0.076,1.0
2024-12-30,1.245,1.3210000000000002,0.076,1.0
2024-12-31,1.237,1.3130000000000002,0.076,1.0
2025-01-02,1.221,1.2970000000000002,0.076,1.0
2025-01-03,1.224,1.3,0.076,1.0
2025-01-06,1.226,1.302,0.076,1.0
2025-01-07,1.206,1.282,0.076,1.0
2025-01-08,1.201,1.2770000000000001,0.076,1.0
2025-01-09,1.202,1.278,0.076,1.0
2025-01-10,1.19,1.266,0.076,1.0
2025-01-13,1.179,1.2550000000000001,0.076,1.0
2025-01-14,1.202,1.278,0.076,1.0
2025-01-15,1.203,1.2790000000000001,0.076,1.0
2025-01-16,1.216,1.292,0.076,1.0
2025-01-17,1.219,1.2950000000000002,0.076,1.0
2025-01-20,1.239,1.3150000000000002,0.076,1.0
2025-01-21,1.243,1.3190000000000002,0.076,1.0
2025-01-22,1.222,1.298,0.076,1.0
2025-01-23,1.217,1.2930000000000001,0.076,1.0
2025-01-24,1.235,1.3110000000000002,0.076,1.0
2025-01-27,1.247,1.3230000000000002,0.076,1.0
2025-02-05,1.268,1.344,0.076,1.0
2025-02-06,1.285,1.361,0.076,1.0
2025-02-07,1.305,1.381,0.076,1.0
2025-02-10,1.332,1.4080000000000001,0.076,1.0
2025-02-11,1.325,1.401,0.076,1.0
2025-02-12,1.352,1.4280000000000002,0.076,1.0
2025-02-13,1.369,1.445,0.076,1.0
2025-02-14,1.384,1.46,0.076,1.0
2025-02-17,1.397,1.473,0.076,1.0
2025-02-18,1.408,1.484,0.076,1.0
2025-02-19,1.417,1.493,0.076,1.0
2025-02-20,1.396,1.472,0.076,1.0
2025-02-21,1.437,1.5130000000000001,0.076,1.0
2025-02-24,1.447,1.5230000000000001,0.076,1.0
2025-02-25,1.417,1.493,0.076,1.0
2025-02-26,1.472,1.548,0.076,1.0
2025-02-27,1.47,1.546,0.076,1.0
2025-02-28,1.416,1.492,0.076,1.0
2025-03-03,1.421,1.497,0.076,1.0
2025-03-04,1.425,1.5010000000000001,0.076,1.0
2025-03-05,1.451,1.5270000000000001,0.076,1.0
2025-03-06,1.498,1.574,0.076,1.0
2025-03-07,1.495,1.5710000000000002,0.076,1.0
2025-03-10,1.474,1.55,0.076,1.0
2025-03-11,1.461,1.5370000000000001,0.076,1.0
2025-03-12,1.454,1.53,0.076,1.0
2025-03-13,1.445,1.5210000000000001,0.076,1.0
2025-03-14,1.484,1.56,0.076,1.0
2025-03-17,1.493,1.5690000000000002,0.076,1.0
2025-03-18,1.523,1.599,0.076,1.0
2025-03-19,1.528,1.604,0.076,1.0
2025-03-20,1.497,1.5730000000000002,0.076,1.0
2025-03-21,1.466,1.542,0.076,1.0
2025-03-24,1.47,1.546,0.076,1.0
2025-03-25,1.449,1.5250000000000001,0.076,1.0
2025-03-26,1.451,1.5270000000000001,0.076,1.0
2025-03-27,1.464,1.54,0.076,1.0
2025-03-28,1.45,1.526,0.076,1.0
2025-03-31,1.43,1.506,0.076,1.0
2025-04-01,1.442,1.518,0.076,1.0
2025-04-02,1.437,1.5130000000000001,0.076,1.0
2025-04-03,1.417,1.493,0.076,1.0
2025-04-07,1.275,1.351,0.076,1.0
2025-04-08,1.264,1.34,0.076,1.0
2025-04-09,1.26,1.336,0.076,1.0
2025-04-10,1.298,1.374,0.076,1.0
2025-04-11,1.314,1.3900000000000001,0.076,1.0
2025-04-14,1.336,1.4120000000000001,0.076,1.0
2025-04-15,1.341,1.417,0.076,1.0
2025-04-16,1.319,1.395,0.076,1.0
2025-04-17,1.332,1.4080000000000001,0.076,1.0
2025-04-18,1.332,1.4080000000000001,0.076,1.0
2025-04-21,1.34,1.4160000000000001,0.076,1.0
2025-04-22,1.345,1.421,0.076,1.0
2025-04-23,1.377,1.453,0.076,1.0
2025-04-24,1.363,1.439,0.076,1.0
2025-04-25,1.375,1.451,0.076,1.0
2025-04-28,1.374,1.4500000000000002,0.076,1.0
2025-04-29,1.363,1.439,0.076,1.0
2025-04-30,1.371,1.447,0.076,1.0
2025-05-06,1.406,1.482,0.076,1.0
2025-05-07,1.411,1.487,0.076,1.0
2025-05-08,1.411,1.487,0.076,1.0
2025-05-09,1.413,1.489,0.076,1.0
2025-05-12,1.429,1.5050000000000001,0.076,1.0
2025-05-13,1.422,1.498,0.076,1.0
2025-05-14,1.451,1.5270000000000001,0.076,1.0
2025-05-15,1.444,1.52,0.076,1.0
2025-05-16,1.435,1.5110000000000001,0.076,1.0
2025-05-19,1.435,1.5110000000000001,0.076,1.0
2025-05-20,1.455,1.5310000000000001,0.076,1.0
2025-05-21,1.459,1.5350000000000001,0.076,1.0
2025-05-22,1.445,1.5210000000000001,0.076,1.0
2025-05-23,1.44,1.516,0.076,1.0
2025-05-26,1.425,1.5010000000000001,0.076,1.0
2025-05-27,1.431,1.5070000000000001,0.076,1.0
2025-05-28,1.424,1.5,0.076,1.0
2025-05-29,1.442,1.518,0.076,1.0
2025-05-30,1.423,1.499,0.076,1.0
2025-06-03,1.439,1.5150000000000001,0.076,1.0
2025-06-04,1.448,1.524,0.076,1.0
2025-06-05,1.459,1.5350000000000001,0.076,1.0
2025-06-06,1.462,1.538,0.076,1.0
2025-06-09,1.478,1.554,0.076,1.0
2025-06-10,1.482,1.558,0.076,1.0
2025-06-11,1.499,1.5750000000000002,0.076,1.0
2025-06-12,1.483,1.5590000000000002,0.076,1.0
2025-06-13,1.461,1.5370000000000001,0.076,1.0
2025-06-16,1.474,1.55,0.076,1.0
2025-06-17,1.471,1.5470000000000002,0.076,1.0
2025-06-18,1.456,1.532,0.076,1.0
2025-06-19,1.428,1.504,0.076,1.0
2025-06-20,1.437,1.5130000000000001,0.076,1.0
2025-06-23,1.457,1.5330000000000001,0.076,1.0
2025-06-24,1.485,1.5610000000000002,0.076,1.0
2025-06-25,1.501,1.577,0.076,1.0
2025-06-26,1.49,1.566,0.076,1.0
2025-06-27,1.489,1.5650000000000002,0.076,1.0
2025-06-30,1.484,1.56,0.076,1.0
2025-07-01,1.484,1.56,0.076,1.0
2025-07-02,1.488,1.564,0.076,1.0
2025-07-03,1.476,1.552,0.076,1.0
2025-07-04,1.465,1.5410000000000001,0.076,1.0
2025-07-07,1.464,1.54,0.076,1.0
2025-07-08,1.479,1.5550000000000002,0.076,1.0
2025-07-09,1.466,1.542,0.076,1.0
2025-07-10,1.477,1.5530000000000002,0.076,1.0
2025-07-11,1.491,1.5670000000000002,0.076,1.0
2025-07-14,1.485,1.5610000000000002,0.076,1.0
2025-07-15,1.5,1.576,0.076,1.0
2025-07-16,1.513,1.589,0.076,1.0
2025-07-17,1.508,1.584,0.076,1.0
2025-07-18,1.521,1.597,0.076,1.0
2025-07-21,1.536,1.612,0.076,1.0
2025-07-22,1.539,1.615,0.076,1.0
2025-07-23,1.563,1.639,0.076,1.0
2025-07-24,1.575,1.651,0.076,1.0
2025-07-25,1.555,1.631,0.076,1.0
2025-07-28,1.571,1.647,0.076,1.0
2025-07-29,1.562,1.6380000000000001,0.076,1.0
2025-07-30,1.547,1.623,0.076,1.0
2025-07-31,1.526,1.602,0.076,1.0
2025-08-01,1.521,1.597,0.076,1.0
2025-08-04,1.521,1.597,0.076,1.0
2025-08-05,1.53,1.606,0.076,1.0
2025-08-06,1.532,1.608,0.076,1.0
2025-08-07,1.542,1.618,0.076,1.0
2025-08-08,1.525,1.601,0.076,1.0
2025-08-11,1.53,1.606,0.076,1.0
2025-08-12,1.536,1.612,0.076,1.0
2025-08-13,1.572,1.6480000000000001,0.076,1.0
2025-08-14,1.564,1.6400000000000001,0.076,1.0
2025-08-15,1.559,1.635,0.076,1.0
2025-08-18,1.561,1.637,0.076,1.0
2025-08-19,1.554,1.6300000000000001,0.076,1.0
2025-08-20,1.558,1.6340000000000001,0.076,1.0
2025-08-21,1.548,1.624,0.076,1.0
2025-08-22,1.558,1.6340000000000001,0.076,1.0
2025-08-25,1.596,1.6720000000000002,0.076,1.0
2025-08-26,1.581,1.657,0.076,1.0
2025-08-27,1.553,1.629,0.076,1.0
2025-08-28,1.541,1.617,0.076,1.0
2025-08-29,1.551,1.627,0.076,1.0
2025-09-01,1.572,1.6480000000000001,0.076,1.0
2025-09-02,1.573,1.649,0.076,1.0
2025-09-03,1.556,1.6320000000000001,0.076,1.0
2025-09-04,1.542,1.618,0.076,1.0
2025-09-05,1.565,1.641,0.076,1.0
2025-09-08,1.579,1.655,0.076,1.0
2025-09-09,1.592,1.6680000000000001,0.076,1.0
2025-09-10,1.614,1.6900000000000002,0.076,1.0
2025-09-11,1.615,1.691,0.076,1.0
2025-09-12,1.624,1.7000000000000002,0.076,1.0
2025-09-15,1.628,1.704,0.076,1.0
2025-09-16,1.634,1.71,0.076,1.0
2025-09-17,1.659,1.735,0.076,1.0
2025-09-18,1.631,1.707,0.076,1.0
2025-09-19,1.633,1.709,0.076,1.0
2025-09-22,1.626,1.702,0.076,1.0
2025-09-23,1.613,1.689,0.076,1.0
2025-09-24,1.64,1.716,0.076,1.0
2025-09-25,1.633,1.709,0.076,1.0
2025-09-26,1.624,1.7000000000000002,0.076,1.0
2025-09-29,1.646,1.722,0.076,1.0
2025-09-30,1.658,1.734,0.076,1.0
2025-10-09,1.651,1.727,0.076,1.0
2025-10-10,1.622,1.6980000000000002,0.076,1.0
2025-10-13,1.589,1.665,0.076,1.0
2025-10-14,1.573,1.649,0.076,1.0
2025-10-15,1.601,1.677,0.076,1.0
2025-10-16,1.596,1.6720000000000002,0.076,1.0
2025-10-17,1.564,1.6400000000000001,0.076,1.0
2025-10-20,1.597,1.673,0.076,1.0
2025-10-21,1.616,1.6920000000000002,0.076,1.0
2025-10-22,1.593,1.669,0.076,1.0
2025-10-23,1.606,1.6820000000000002,0.076,1.0
2025-10-24,1.616,1.6920000000000002,0.076,1.0
2025-10-27,1.63,1.706,0.076,1.0
2025-10-28,1.619,1.695,0.076,1.0
2025-10-29,1.639,1.715,0.076,1.0
2025-10-30,1.614,1.6900000000000002,0.076,1.0
2025-10-31,1.603,1.679,0.076,1.0
2025-11-03,1.618,1.6940000000000002,0.076,1.0
2025-11-04,1.606,1.6820000000000002,0.076,1.0
2025-11-05,1.6,1.6760000000000002,0.076,1.0
2025-11-06,1.631,1.707,0.076,1.0
2025-11-07,1.618,1.6940000000000002,0.076,1.0
2025-11-10,1.642,1.718,0.076,1.0
2025-11-11,1.643,1.719,0.076,1.0
2025-11-12,1.661,1.737,0.076,1.0
2025-11-13,1.673,1.749,0.076,1.0
2025-11-14,1.639,1.715,0.076,1.0
2025-11-17,1.625,1.701,0.076,1.0
2025-11-18,1.593,1.669,0.076,1.0
2025-11-19,1.59,1.6660000000000001,0.076,1.0
2025-11-20,1.587,1.663,0.076,1.0
2025-11-21,1.559,1.635,0.076,1.0
2025-11-24,1.579,1.655,0.076,1.0
2025-11-25,1.588,1.6640000000000001,0.076,1.0
2025-11-26,1.596,1.6720000000000002,0.076,1.0
2025-11-27,1.59,1.6660000000000001,0.076,1.0
2025-11-28,1.588,1.6640000000000001,0.076,1.0
2025-12-01,1.596,1.6720000000000002,0.076,1.0
2025-12-02,1.598,1.6740000000000002,0.076,1.0
2025-12-03,1.58,1.6560000000000001,0.076,1.0
2025-12-04,1.589,1.665,0.076,1.0
2025-12-05,1.605,1.681,0.076,1.0
2025-12-08,1.586,1.6620000000000001,0.076,1.0
2025-12-09,1.564,1.6400000000000001,0.076,1.0
2025-12-10,1.563,1.639,0.076,1.0
2025-12-11,1.566,1.6420000000000001,0.076,1.0
2025-12-12,1.589,1.665,0.076,1.0
2025-12-15,1.569,1.645,0.076,1.0
2025-12-16,1.543,1.619,0.076,1.0
2025-12-17,1.556,1.6320000000000001,0.076,1.0
2025-12-18,1.553,1.629,0.076,1.0
2025-12-19,1.57,1.6460000000000001,0.076,1.0
2025-12-22,1.572,1.6480000000000001,0.076,1.0
2025-12-23,1.573,1.649,0.076,1.0
2025-12-24,1.572,1.6480000000000001,0.076,1.0
2025-12-25,1.574,1.6500000000000001,0.076,1.0
2025-12-26,1.581,1.657,0.076,1.0
2025-12-29,1.564,1.6400000000000001,0.076,1.0
2025-12-30,1.572,1.6480000000000001,0.076,1.0
2025-12-31,1.553,1.629,0.076,1.0
2026-01-05,1.596,1.6720000000000002,0.076,1.0
2026-01-06,1.62,1.6960000000000002,0.076,1.0
2026-01-07,1.601,1.677,0.076,1.0
2026-01-08,1.58,1.6560000000000001,0.076,1.0
2026-01-09,1.588,1.6640000000000001,0.076,1.0
2026-01-12,1.605,1.681,0.076,1.0
2026-01-13,1.615,1.691,0.076,1.0
2026-01-14,1.628,1.704,0.076,1.0
2026-01-15,1.623,1.699,0.076,1.0
2026-01-16,1.613,1.689,0.076,1.0
2026-01-19,1.6,1.6760000000000002,0.076,1.0
2026-01-20,1.596,1.6720000000000002,0.076,1.0
2026-01-21,1.598,1.6740000000000002,0.076,1.0
2026-01-22,1.601,1.677,0.076,1.0
2026-01-23,1.609,1.685,0.076,1.0
2026-01-26,1.61,1.6860000000000002,0.076,1.0
2026-01-27,1.633,1.709,0.076,1.0
2026-01-28,1.676,1.752,0.076,1.0
2026-01-29,1.685,1.7610000000000001,0.076,1.0
2026-01-30,1.647,1.723,0.076,1.0
2026-02-02,1.596,1.6720000000000002,0.076,1.0
2026-02-03,1.611,1.687,0.076,1.0
2026-02-04,1.614,1.6900000000000002,0.076,1.0
2026-02-05,1.607,1.683,0.076,1.0
2026-02-06,1.592,1.6680000000000001,0.076,1.0
2026-02-09,1.62,1.6960000000000002,0.076,1.0
2026-02-10,1.622,1.6980000000000002,0.076,1.0
2026-02-11,1.629,1.705,0.076,1.0
2026-02-12,1.61,1.6860000000000002,0.076,1.0
2026-02-13,1.586,1.6620000000000001,0.076,1.0
2026-02-24,1.581,1.657,0.076,1.0
2026-02-25,1.585,1.661,0.076,1.0
2026-02-26,1.572,1.6480000000000001,0.076,1.0
2026-02-27,1.58,1.6560000000000001,0.076,1.0
2026-03-02,1.55,1.6260000000000001,0.076,1.0
2026-03-03,1.538,1.614,0.076,1.0
2026-03-04,1.5,1.576,0.076,1.0
2026-03-05,1.508,1.584,0.076,1.0
2026-03-06,1.534,1.61,0.076,1.0
2026-03-09,1.51,1.586,0.076,1.0
2026-03-10,1.534,1.61,0.076,1.0
2026-03-11,1.534,1.61,0.076,1.0
2026-03-12,1.526,1.602,0.076,1.0
2026-03-13,1.517,1.593,0.076,1.0
2026-03-16,1.543,1.619,0.076,1.0
2026-03-17,1.538,1.614,0.076,1.0
2026-03-18,1.547,1.623,0.076,1.0
2026-03-19,1.519,1.595,0.076,1.0
2026-03-20,1.499,1.5750000000000002,0.076,1.0
2026-03-23,1.448,1.524,0.076,1.0
2026-03-24,1.486,1.562,0.076,1.0
2026-03-25,1.501,1.577,0.076,1.0
2026-03-26,1.485,1.5610000000000002,0.076,1.0
2026-03-27,1.493,1.5690000000000002,0.076,1.0
2026-03-30,1.478,1.554,0.076,1.0
2026-03-31,1.478,1.554,0.076,1.0
2026-04-01,1.506,1.582,0.076,1.0
2026-04-02,1.487,1.5630000000000002,0.076,1.0
2026-04-03,1.489,1.5650000000000002,0.076,1.0
2026-04-07,1.491,1.5670000000000002,0.076,1.0
2026-04-08,1.531,1.607,0.076,1.0
2026-04-09,1.525,1.601,0.076,1.0
2026-04-10,1.531,1.607,0.076,1.0
2026-04-13,1.516,1.592,0.076,1.0
2026-04-14,1.529,1.605,0.076,1.0
2026-04-15,1.535,1.611,0.076,1.0
2026-04-16,1.556,1.6320000000000001,0.076,1.0
2026-04-17,1.543,1.619,0.076,1.0
2026-04-20,1.557,1.633,0.076,1.0
2026-04-21,1.561,1.637,0.076,1.0
2026-04-22,1.549,1.625,0.076,1.0
2026-04-23,1.534,1.61,0.076,1.0
2026-04-24,1.535,1.611,0.076,1.0
2026-04-27,1.528,1.604,0.076,1.0
2026-04-28,1.515,1.591,0.076,1.0
2026-04-29,1.536,1.612,0.076,1.0
2026-04-30,1.527,1.603,0.076,1.0
2026-05-06,1.544,1.62,0.076,1.0
2026-05-07,1.565,1.641,0.076,1.0
2026-05-08,1.554,1.6300000000000001,0.076,1.0
2026-05-11,1.553,1.629,0.076,1.0
2026-05-12,1.549,1.625,0.076,1.0
2026-05-13,1.548,1.624,0.076,1.0
2026-05-14,1.548,1.624,0.076,1.0
2026-05-15,1.527,1.603,0.076,1.0
2026-05-18,1.509,1.585,0.076,1.0
2026-05-19,1.52,1.596,0.076,1.0
2026-05-20,1.511,1.587,0.076,1.0
2026-05-21,1.496,1.572,0.076,1.0
2026-05-22,1.508,1.584,0.076,1.0
2026-05-25,1.504,1.58,0.076,1.0
2026-05-26,1.507,1.583,0.076,1.0
2026-05-27,1.485,1.5610000000000002,0.076,1.0
2026-05-28,1.471,1.5470000000000002,0.076,1.0
2026-05-29,1.48,1.556,0.076,1.0
2026-06-01,1.492,1.568,0.076,1.0
2026-06-02,1.519,1.595,0.076,1.0
2026-06-03,1.505,1.581,0.076,1.0
2026-06-04,1.485,1.5610000000000002,0.076,1.0
2026-06-05,1.471,1.5470000000000002,0.076,1.0
2026-06-08,1.447,1.5230000000000001,0.076,1.0
2026-06-09,1.453,1.5290000000000001,0.076,1.0
2026-06-10,1.438,1.514,0.076,1.0
2026-06-11,1.424,1.5,0.076,1.0
2026-06-12,1.446,1.522,0.076,1.0
2026-06-15,1.461,1.5370000000000001,0.076,1.0
2026-06-16,1.436,1.512,0.076,1.0
2026-06-17,1.43,1.506,0.076,1.0
2026-06-18,1.401,1.477,0.076,1.0
2026-06-22,1.407,1.483,0.076,1.0
2026-06-23,1.374,1.4500000000000002,0.076,1.0
2026-06-24,1.387,1.463,0.076,1.0
2026-06-25,1.361,1.437,0.076,1.0
2026-06-26,1.34,1.4160000000000001,0.076,1.0
2026-06-29,1.362,1.4380000000000002,0.076,1.0
2026-06-30,1.347,1.423,0.076,1.0
2026-07-01,1.351,1.427,0.076,1.0
2026-07-02,1.36,1.4360000000000002,0.076,1.0
2026-07-03,1.38,1.456,0.076,1.0
2026-07-06,1.392,1.468,0.076,1.0
2026-07-07,1.392,1.468,0.076,1.0
2026-07-08,1.432,1.508,0.076,1.0
2026-07-09,1.425,1.5010000000000001,0.076,1.0
2026-07-10,1.435,1.5110000000000001,0.076,1.0
2026-07-13,1.433,1.5090000000000001,0.076,1.0
2026-07-14,1.451,1.5270000000000001,0.076,1.0
2026-07-15,1.468,1.544,0.076,1.0
2026-07-16,1.484,1.56,0.076,1.0
2026-07-17,1.452,1.528,0.076,1.0
