date,close,total_return_proxy,cumulative_dividend,split_factor
2013-03-15,3.392,3.392,0.0,1.0
2013-03-18,3.391,3.391,0.0,1.0
2013-03-19,3.396,3.396,0.0,1.0
2013-03-20,3.491,3.491,0.0,1.0
2013-03-21,3.512,3.512,0.0,1.0
2013-03-22,3.525,3.525,0.0,1.0
2013-03-25,3.53,3.53,0.0,1.0
2013-03-26,3.516,3.516,0.0,1.0
2013-03-27,3.52,3.52,0.0,1.0
2013-03-28,3.421,3.421,0.0,1.0
2013-03-29,3.423,3.423,0.0,1.0
2013-04-01,3.452,3.452,0.0,1.0
2013-04-02,3.42,3.42,0.0,1.0
2013-04-03,3.391,3.391,0.0,1.0
2013-04-08,3.395,3.395,0.0,1.0
2013-04-09,3.425,3.425,0.0,1.0
2013-04-10,3.428,3.428,0.0,1.0
2013-04-11,3.41,3.41,0.0,1.0
2013-04-12,3.378,3.378,0.0,1.0
2013-04-15,3.338,3.338,0.0,1.0
2013-04-16,3.371,3.371,0.0,1.0
2013-04-17,3.399,3.399,0.0,1.0
2013-04-18,3.416,3.416,0.0,1.0
2013-04-19,3.47,3.47,0.0,1.0
2013-04-22,3.49,3.49,0.0,1.0
2013-04-23,3.403,3.403,0.0,1.0
2013-04-24,3.449,3.449,0.0,1.0
2013-04-25,3.424,3.424,0.0,1.0
2013-04-26,3.353,3.353,0.0,1.0
2013-05-02,3.37,3.37,0.0,1.0
2013-05-03,3.437,3.437,0.0,1.0
2013-05-06,3.491,3.491,0.0,1.0
2013-05-07,3.516,3.516,0.0,1.0
2013-05-08,3.54,3.54,0.0,1.0
2013-05-09,3.539,3.539,0.0,1.0
2013-05-10,3.565,3.565,0.0,1.0
2013-05-13,3.572,3.572,0.0,1.0
2013-05-14,3.541,3.541,0.0,1.0
2013-05-15,3.579,3.579,0.0,1.0
2013-05-16,3.598,3.598,0.0,1.0
2013-05-17,3.642,3.642,0.0,1.0
2013-05-20,3.701,3.701,0.0,1.0
2013-05-21,3.734,3.734,0.0,1.0
2013-05-22,3.725,3.725,0.0,1.0
2013-05-23,3.697,3.697,0.0,1.0
2013-05-24,3.738,3.738,0.0,1.0
2013-05-27,3.809,3.809,0.0,1.0
2013-05-28,3.824,3.824,0.0,1.0
2013-05-29,3.855,3.855,0.0,1.0
2013-05-30,3.864,3.864,0.0,1.0
2013-05-31,3.843,3.843,0.0,1.0
2013-06-03,3.807,3.807,0.0,1.0
2013-06-04,3.728,3.728,0.0,1.0
2013-06-05,3.745,3.745,0.0,1.0
2013-06-06,3.688,3.688,0.0,1.0
2013-06-07,3.624,3.624,0.0,1.0
2013-06-13,3.533,3.533,0.0,1.0
2013-06-14,3.583,3.583,0.0,1.0
2013-06-17,3.612,3.612,0.0,1.0
2013-06-18,3.619,3.619,0.0,1.0
2013-06-19,3.621,3.621,0.0,1.0
2013-06-20,3.487,3.487,0.0,1.0
2013-06-21,3.463,3.463,0.0,1.0
2013-06-24,3.303,3.303,0.0,1.0
2013-06-25,3.34,3.34,0.0,1.0
2013-06-26,3.3,3.3,0.0,1.0
2013-06-27,3.27,3.27,0.0,1.0
2013-06-28,3.26,3.26,0.0,1.0
2013-07-01,3.306,3.306,0.0,1.0
2013-07-02,3.352,3.352,0.0,1.0
2013-07-03,3.365,3.365,0.0,1.0
2013-07-04,3.4,3.4,0.0,1.0
2013-07-05,3.382,3.382,0.0,1.0
2013-07-08,3.265,3.265,0.0,1.0
2013-07-09,3.275,3.275,0.0,1.0
2013-07-10,3.366,3.366,0.0,1.0
2013-07-11,3.468,3.468,0.0,1.0
2013-07-12,3.448,3.448,0.0,1.0
2013-07-15,3.49,3.49,0.0,1.0
2013-07-16,3.542,3.542,0.0,1.0
2013-07-17,3.498,3.498,0.0,1.0
2013-07-18,3.488,3.488,0.0,1.0
2013-07-19,3.4,3.4,0.0,1.0
2013-07-22,3.467,3.467,0.0,1.0
2013-07-23,3.548,3.548,0.0,1.0
2013-07-24,3.575,3.575,0.0,1.0
2013-07-25,3.519,3.519,0.0,1.0
2013-07-26,3.503,3.503,0.0,1.0
2013-07-29,3.444,3.444,0.0,1.0
2013-07-30,3.43,3.43,0.0,1.0
2013-07-31,3.442,3.442,0.0,1.0
2013-08-01,3.525,3.525,0.0,1.0
2013-08-02,3.533,3.533,0.0,1.0
2013-08-05,3.595,3.595,0.0,1.0
2013-08-06,3.618,3.618,0.0,1.0
2013-08-07,3.592,3.592,0.0,1.0
2013-08-08,3.602,3.602,0.0,1.0
2013-08-09,3.617,3.617,0.0,1.0
2013-08-12,3.677,3.677,0.0,1.0
2013-08-13,3.693,3.693,0.0,1.0
2013-08-14,3.679,3.679,0.0,1.0
2013-08-15,3.62,3.62,0.0,1.0
2013-08-16,3.553,3.553,0.0,1.0
2013-08-19,3.616,3.616,0.0,1.0
2013-08-20,3.599,3.599,0.0,1.0
2013-08-21,3.618,3.618,0.0,1.0
2013-08-22,3.643,3.643,0.0,1.0
2013-08-23,3.628,3.628,0.0,1.0
2013-08-26,3.707,3.707,0.0,1.0
2013-08-27,3.708,3.708,0.0,1.0
2013-08-28,3.71,3.71,0.0,1.0
2013-08-29,3.711,3.711,0.0,1.0
2013-08-30,3.705,3.705,0.0,1.0
2013-09-02,3.708,3.708,0.0,1.0
2013-09-03,3.739,3.739,0.0,1.0
2013-09-04,3.75,3.75,0.0,1.0
2013-09-05,3.758,3.758,0.0,1.0
2013-09-06,3.792,3.792,0.0,1.0
2013-09-09,3.813,3.813,0.0,1.0
2013-09-10,3.847,3.847,0.0,1.0
2013-09-11,3.825,3.825,0.0,1.0
2013-09-12,3.826,3.826,0.0,1.0
2013-09-13,3.828,3.828,0.0,1.0
2013-09-16,3.833,3.833,0.0,1.0
2013-09-17,3.772,3.772,0.0,1.0
2013-09-18,3.805,3.805,0.0,1.0
2013-09-23,3.88,3.88,0.0,1.0
2013-09-24,3.88,3.88,0.0,1.0
2013-09-25,3.872,3.872,0.0,1.0
2013-09-26,3.813,3.813,0.0,1.0
2013-09-27,3.819,3.819,0.0,1.0
2013-09-30,3.858,3.858,0.0,1.0
2013-10-08,3.925,3.925,0.0,1.0
2013-10-09,3.95,3.95,0.0,1.0
2013-10-10,3.934,3.934,0.0,1.0
2013-10-11,4.0,4.0,0.0,1.0
2013-10-14,4.031,4.031,0.0,1.0
2013-10-15,4.05,4.05,0.0,1.0
2013-10-16,3.95,3.95,0.0,1.0
2013-10-17,3.958,3.958,0.0,1.0
2013-10-18,3.957,3.957,0.0,1.0
2013-10-21,4.063,4.063,0.0,1.0
2013-10-22,4.025,4.025,0.0,1.0
2013-10-23,3.932,3.932,0.0,1.0
2013-10-24,3.895,3.895,0.0,1.0
2013-10-25,3.82,3.82,0.0,1.0
2013-10-28,3.825,3.825,0.0,1.0
2013-10-29,3.703,3.703,0.0,1.0
2013-10-30,3.755,3.755,0.0,1.0
2013-10-31,3.719,3.719,0.0,1.0
2013-11-01,3.703,3.703,0.0,1.0
2013-11-04,3.731,3.731,0.0,1.0
2013-11-05,3.788,3.788,0.0,1.0
2013-11-06,3.819,3.819,0.0,1.0
2013-11-07,3.7,3.7,0.0,1.0
2013-11-08,3.65,3.65,0.0,1.0
2013-11-11,3.661,3.661,0.0,1.0
2013-11-12,3.67,3.67,0.0,1.0
2013-11-13,3.642,3.642,0.0,1.0
2013-11-14,3.65,3.65,0.0,1.0
2013-11-15,3.69,3.69,0.0,1.0
2013-11-18,3.81,3.81,0.0,1.0
2013-11-19,3.83,3.83,0.0,1.0
2013-11-20,3.869,3.869,0.0,1.0
2013-11-21,3.854,3.854,0.0,1.0
2013-11-22,3.84,3.84,0.0,1.0
2013-11-25,3.849,3.849,0.0,1.0
2013-11-26,3.84,3.84,0.0,1.0
2013-11-27,3.9,3.9,0.0,1.0
2013-11-28,3.94,3.94,0.0,1.0
2013-11-29,3.96,3.96,0.0,1.0
2013-12-02,3.772,3.772,0.0,1.0
2013-12-03,3.873,3.873,0.0,1.0
2013-12-04,3.93,3.93,0.0,1.0
2013-12-05,3.929,3.929,0.0,1.0
2013-12-06,3.931,3.931,0.0,1.0
2013-12-09,3.941,3.941,0.0,1.0
2013-12-10,3.941,3.941,0.0,1.0
2013-12-11,3.901,3.901,0.0,1.0
2013-12-12,3.916,3.916,0.0,1.0
2013-12-13,3.932,3.932,0.0,1.0
2013-12-16,3.86,3.86,0.0,1.0
2013-12-17,3.838,3.838,0.0,1.0
2013-12-18,3.838,3.838,0.0,1.0
2013-12-19,3.804,3.804,0.0,1.0
2013-12-20,3.75,3.75,0.0,1.0
2013-12-23,3.746,3.746,0.0,1.0
2013-12-24,3.769,3.769,0.0,1.0
2013-12-25,3.805,3.805,0.0,1.0
2013-12-26,3.763,3.763,0.0,1.0
2013-12-27,3.807,3.807,0.0,1.0
2013-12-30,3.816,3.816,0.0,1.0
2013-12-31,3.83,3.83,0.0,1.0
2014-01-02,3.838,3.838,0.0,1.0
2014-01-03,3.808,3.808,0.0,1.0
2014-01-06,3.71,3.71,0.0,1.0
2014-01-07,3.726,3.726,0.0,1.0
2014-01-08,3.733,3.733,0.0,1.0
2014-01-09,3.696,3.696,0.0,1.0
2014-01-10,3.622,3.622,0.0,1.0
2014-01-13,3.607,3.607,0.0,1.0
2014-01-14,3.67,3.67,0.0,1.0
2014-01-15,3.706,3.706,0.0,1.0
2014-01-16,3.711,3.711,0.0,1.0
2014-01-17,3.676,3.676,0.0,1.0
2014-01-20,3.643,3.643,0.0,1.0
2014-01-21,3.69,3.69,0.0,1.0
2014-01-22,3.799,3.799,0.0,1.0
2014-01-23,3.819,3.819,0.0,1.0
2014-01-24,3.878,3.878,0.0,1.0
2014-01-27,3.884,3.884,0.0,1.0
2014-01-28,3.876,3.876,0.0,1.0
2014-01-29,3.9,3.9,0.0,1.0
2014-01-30,3.88,3.88,0.0,1.0
2014-02-07,3.949,3.949,0.0,1.0
2014-02-10,4.064,4.064,0.0,1.0
2014-02-11,4.068,4.068,0.0,1.0
2014-02-12,4.112,4.112,0.0,1.0
2014-02-13,4.053,4.053,0.0,1.0
2014-02-14,4.118,4.118,0.0,1.0
2014-02-17,4.198,4.198,0.0,1.0
2014-02-18,4.186,4.186,0.0,1.0
2014-02-19,4.186,4.186,0.0,1.0
2014-02-20,4.135,4.135,0.0,1.0
2014-02-21,4.1,4.1,0.0,1.0
2014-02-24,4.09,4.09,0.0,1.0
2014-02-25,3.94,3.94,0.0,1.0
2014-02-26,3.965,3.965,0.0,1.0
2014-02-27,3.931,3.931,0.0,1.0
2014-02-28,3.968,3.968,0.0,1.0
2014-03-03,4.04,4.04,0.0,1.0
2014-03-04,4.043,4.043,0.0,1.0
2014-03-05,4.017,4.017,0.0,1.0
2014-03-06,4.017,4.017,0.0,1.0
2014-03-07,3.997,3.997,0.0,1.0
2014-03-10,3.856,3.856,0.0,1.0
2014-03-11,3.842,3.842,0.0,1.0
2014-03-12,3.852,3.852,0.0,1.0
2014-03-13,3.891,3.891,0.0,1.0
2014-03-14,3.874,3.874,0.0,1.0
2014-03-17,3.953,3.953,0.0,1.0
2014-03-18,3.973,3.973,0.0,1.0
2014-03-19,3.958,3.958,0.0,1.0
2014-03-20,3.88,3.88,0.0,1.0
2014-03-21,3.949,3.949,0.0,1.0
2014-03-24,3.964,3.964,0.0,1.0
2014-03-25,3.97,3.97,0.0,1.0
2014-03-26,3.982,3.982,0.0,1.0
2014-03-27,3.937,3.937,0.0,1.0
2014-03-28,3.852,3.852,0.0,1.0
2014-03-31,3.832,3.832,0.0,1.0
2014-04-01,3.877,3.877,0.0,1.0
2014-04-02,3.882,3.882,0.0,1.0
2014-04-03,3.879,3.879,0.0,1.0
2014-04-04,3.922,3.922,0.0,1.0
2014-04-08,3.958,3.958,0.0,1.0
2014-04-09,3.997,3.997,0.0,1.0
2014-04-10,4.027,4.027,0.0,1.0
2014-04-11,4.006,4.006,0.0,1.0
2014-04-14,4.03,4.03,0.0,1.0
2014-04-15,4.0,4.0,0.0,1.0
2014-04-16,3.996,3.996,0.0,1.0
2014-04-17,3.996,3.996,0.0,1.0
2014-04-18,4.006,4.006,0.0,1.0
2014-04-21,3.957,3.957,0.0,1.0
2014-04-22,3.918,3.918,0.0,1.0
2014-04-23,3.908,3.908,0.0,1.0
2014-04-24,3.874,3.874,0.0,1.0
2014-04-25,3.786,3.786,0.0,1.0
2014-04-28,3.677,3.677,0.0,1.0
2014-04-29,3.717,3.717,0.0,1.0
2014-04-30,3.754,3.754,0.0,1.0
2014-05-05,3.775,3.775,0.0,1.0
2014-05-06,3.795,3.795,0.0,1.0
2014-05-07,3.743,3.743,0.0,1.0
2014-05-08,3.748,3.748,0.0,1.0
2014-05-09,3.708,3.708,0.0,1.0
2014-05-12,3.79,3.79,0.0,1.0
2014-05-13,3.79,3.79,0.0,1.0
2014-05-14,3.79,3.79,0.0,1.0
2014-05-15,3.723,3.723,0.0,1.0
2014-05-16,3.718,3.718,0.0,1.0
2014-05-19,3.698,3.698,0.0,1.0
2014-05-20,3.708,3.708,0.0,1.0
2014-05-21,3.732,3.732,0.0,1.0
2014-05-22,3.742,3.742,0.0,1.0
2014-05-23,3.773,3.773,0.0,1.0
2014-05-26,3.818,3.818,0.0,1.0
2014-05-27,3.81,3.81,0.0,1.0
2014-05-28,3.841,3.841,0.0,1.0
2014-05-29,3.819,3.819,0.0,1.0
2014-05-30,3.814,3.814,0.0,1.0
2014-06-03,3.815,3.815,0.0,1.0
2014-06-04,3.765,3.765,0.0,1.0
2014-06-05,3.81,3.81,0.0,1.0
2014-06-06,3.805,3.805,0.0,1.0
2014-06-09,3.795,3.795,0.0,1.0
2014-06-10,3.825,3.825,0.0,1.0
2014-06-11,3.84,3.84,0.0,1.0
2014-06-12,3.847,3.847,0.0,1.0
2014-06-13,3.9,3.9,0.0,1.0
2014-06-16,3.92,3.92,0.0,1.0
2014-06-17,3.884,3.884,0.0,1.0
2014-06-18,3.868,3.868,0.0,1.0
2014-06-19,3.766,3.766,0.0,1.0
2014-06-20,3.798,3.798,0.0,1.0
2014-06-23,3.815,3.815,0.0,1.0
2014-06-24,3.849,3.849,0.0,1.0
2014-06-25,3.824,3.824,0.0,1.0
2014-06-26,3.864,3.864,0.0,1.0
2014-06-27,3.906,3.906,0.0,1.0
2014-06-30,3.926,3.926,0.0,1.0
2014-07-01,3.949,3.949,0.0,1.0
2014-07-02,3.976,3.976,0.0,1.0
2014-07-03,4.024,4.024,0.0,1.0
2014-07-04,4.002,4.002,0.0,1.0
2014-07-07,4.017,4.017,0.0,1.0
2014-07-08,4.037,4.037,0.0,1.0
2014-07-09,4.0,4.0,0.0,1.0
2014-07-10,3.987,3.987,0.0,1.0
2014-07-11,4.031,4.031,0.0,1.0
2014-07-14,4.096,4.096,0.0,1.0
2014-07-15,4.086,4.086,0.0,1.0
2014-07-16,4.062,4.062,0.0,1.0
2014-07-17,4.03,4.03,0.0,1.0
2014-07-18,4.04,4.04,0.0,1.0
2014-07-21,4.03,4.03,0.0,1.0
2014-07-22,4.084,4.084,0.0,1.0
2014-07-23,4.064,4.064,0.0,1.0
2014-07-24,4.052,4.052,0.0,1.0
2014-07-25,4.089,4.089,0.0,1.0
2014-07-28,4.168,4.168,0.0,1.0
2014-07-29,4.206,4.206,0.0,1.0
2014-07-30,4.226,4.226,0.0,1.0
2014-07-31,4.26,4.26,0.0,1.0
2014-08-01,4.233,4.233,0.0,1.0
2014-08-04,4.278,4.278,0.0,1.0
2014-08-05,4.298,4.298,0.0,1.0
2014-08-06,4.33,4.33,0.0,1.0
2014-08-07,4.31,4.31,0.0,1.0
2014-08-08,4.318,4.318,0.0,1.0
2014-08-11,4.379,4.379,0.0,1.0
2014-08-12,4.401,4.401,0.0,1.0
2014-08-13,4.425,4.425,0.0,1.0
2014-08-14,4.4,4.4,0.0,1.0
2014-08-15,4.44,4.44,0.0,1.0
2014-08-18,4.499,4.499,0.0,1.0
2014-08-19,4.52,4.52,0.0,1.0
2014-08-20,4.509,4.509,0.0,1.0
2014-08-21,4.495,4.495,0.0,1.0
2014-08-22,4.521,4.521,0.0,1.0
2014-08-25,4.505,4.505,0.0,1.0
2014-08-26,4.401,4.401,0.0,1.0
2014-08-27,4.414,4.414,0.0,1.0
2014-08-28,4.398,4.398,0.0,1.0
2014-08-29,4.438,4.438,0.0,1.0
2014-09-01,4.51,4.51,0.0,1.0
2014-09-02,4.598,4.598,0.0,1.0
2014-09-03,4.626,4.626,0.0,1.0
2014-09-04,4.66,4.66,0.0,1.0
2014-09-05,4.672,4.672,0.0,1.0
2014-09-09,4.702,4.702,0.0,1.0
2014-09-10,4.728,4.728,0.0,1.0
2014-09-11,4.713,4.713,0.0,1.0
2014-09-12,4.779,4.779,0.0,1.0
2014-09-15,4.831,4.831,0.0,1.0
2014-09-16,4.65,4.65,0.0,1.0
2014-09-17,4.675,4.675,0.0,1.0
2014-09-18,4.713,4.713,0.0,1.0
2014-09-19,4.753,4.753,0.0,1.0
2014-09-22,4.707,4.707,0.0,1.0
2014-09-23,4.742,4.742,0.0,1.0
2014-09-24,4.806,4.806,0.0,1.0
2014-09-25,4.801,4.801,0.0,1.0
2014-09-26,4.831,4.831,0.0,1.0
2014-09-29,4.871,4.871,0.0,1.0
2014-09-30,4.917,4.917,0.0,1.0
2014-10-08,5.006,5.006,0.0,1.0
2014-10-09,4.998,4.998,0.0,1.0
2014-10-10,4.986,4.986,0.0,1.0
2014-10-13,4.997,4.997,0.0,1.0
2014-10-14,4.98,4.98,0.0,1.0
2014-10-15,4.991,4.991,0.0,1.0
2014-10-16,4.928,4.928,0.0,1.0
2014-10-17,4.87,4.87,0.0,1.0
2014-10-20,4.914,4.914,0.0,1.0
2014-10-21,4.902,4.902,0.0,1.0
2014-10-22,4.83,4.83,0.0,1.0
2014-10-23,4.752,4.752,0.0,1.0
2014-10-24,4.778,4.778,0.0,1.0
2014-10-27,4.8,4.8,0.0,1.0
2014-10-28,4.91,4.91,0.0,1.0
2014-10-29,4.974,4.974,0.0,1.0
2014-10-30,4.988,4.988,0.0,1.0
2014-10-31,4.974,4.974,0.0,1.0
2014-11-03,5.006,5.006,0.0,1.0
2014-11-04,4.997,4.997,0.0,1.0
2014-11-05,4.998,4.998,0.0,1.0
2014-11-06,5.017,5.017,0.0,1.0
2014-11-07,4.978,4.978,0.0,1.0
2014-11-10,5.006,5.006,0.0,1.0
2014-11-11,4.879,4.879,0.0,1.0
2014-11-12,4.951,4.951,0.0,1.0
2014-11-13,4.93,4.93,0.0,1.0
2014-11-14,4.92,4.92,0.0,1.0
2014-11-17,4.955,4.955,0.0,1.0
2014-11-18,4.969,4.969,0.0,1.0
2014-11-19,4.97,4.97,0.0,1.0
2014-11-20,4.96,4.96,0.0,1.0
2014-11-21,5.012,5.012,0.0,1.0
2014-11-24,5.105,5.105,0.0,1.0
2014-11-25,5.164,5.164,0.0,1.0
2014-11-26,5.188,5.188,0.0,1.0
2014-11-27,5.223,5.223,0.0,1.0
2014-11-28,5.23,5.23,0.0,1.0
2014-12-01,5.178,5.178,0.0,1.0
2014-12-02,5.244,5.244,0.0,1.0
2014-12-03,5.304,5.304,0.0,1.0
2014-12-04,5.423,5.423,0.0,1.0
2014-12-05,5.39,5.39,0.0,1.0
2014-12-08,5.386,5.386,0.0,1.0
2014-12-09,5.134,5.134,0.0,1.0
2014-12-10,5.36,5.36,0.0,1.0
2014-12-11,5.399,5.399,0.0,1.0
2014-12-12,5.45,5.45,0.0,1.0
2014-12-15,5.52,5.52,0.0,1.0
2014-12-16,5.55,5.55,0.0,1.0
2014-12-17,5.499,5.499,0.0,1.0
2014-12-18,5.488,5.488,0.0,1.0
2014-12-19,5.446,5.446,0.0,1.0
2014-12-22,5.26,5.26,0.0,1.0
2014-12-23,5.182,5.182,0.0,1.0
2014-12-24,5.225,5.225,0.0,1.0
2014-12-25,5.29,5.29,0.0,1.0
2014-12-26,5.355,5.355,0.0,1.0
2014-12-29,5.3,5.3,0.0,1.0
2014-12-30,5.23,5.23,0.0,1.0
2014-12-31,5.271,5.271,0.0,1.0
2015-01-05,5.379,5.379,0.0,1.0
2015-01-06,5.426,5.426,0.0,1.0
2015-01-07,5.43,5.43,0.0,1.0
2015-01-08,5.402,5.402,0.0,1.0
2015-01-09,5.39,5.39,0.0,1.0
2015-01-12,5.278,5.278,0.0,1.0
2015-01-13,5.34,5.34,0.0,1.0
2015-01-14,5.293,5.293,0.0,1.0
2015-01-15,5.375,5.375,0.0,1.0
2015-01-16,5.445,5.445,0.0,1.0
2015-01-19,5.239,5.239,0.0,1.0
2015-01-20,5.4,5.4,0.0,1.0
2015-01-21,5.529,5.529,0.0,1.0
2015-01-22,5.606,5.606,0.0,1.0
2015-01-23,5.58,5.58,0.0,1.0
2015-01-26,5.7,5.7,0.0,1.0
2015-01-27,5.711,5.711,0.0,1.0
2015-01-28,5.673,5.673,0.0,1.0
2015-01-29,5.633,5.633,0.0,1.0
2015-01-30,5.617,5.617,0.0,1.0
2015-02-02,5.595,5.595,0.0,1.0
2015-02-03,5.65,5.65,0.0,1.0
2015-02-04,5.66,5.66,0.0,1.0
2015-02-05,5.685,5.685,0.0,1.0
2015-02-06,5.648,5.648,0.0,1.0
2015-02-09,5.507,5.507,0.0,1.0
2015-02-10,5.52,5.52,0.0,1.0
2015-02-11,5.566,5.566,0.0,1.0
2015-02-12,5.612,5.612,0.0,1.0
2015-02-13,5.72,5.72,0.0,1.0
2015-02-16,5.828,5.828,0.0,1.0
2015-02-17,5.836,5.836,0.0,1.0
2015-02-25,5.887,5.887,0.0,1.0
2015-02-26,5.9,5.9,0.0,1.0
2015-02-27,6.05,6.05,0.0,1.0
2015-03-02,6.135,6.135,0.0,1.0
2015-03-03,6.13,6.13,0.0,1.0
2015-03-04,6.187,6.187,0.0,1.0
2015-03-05,6.185,6.185,0.0,1.0
2015-03-06,6.106,6.106,0.0,1.0
2015-03-09,6.183,6.183,0.0,1.0
2015-03-10,6.25,6.25,0.0,1.0
2015-03-11,6.251,6.251,0.0,1.0
2015-03-12,6.245,6.245,0.0,1.0
2015-03-13,6.305,6.305,0.0,1.0
2015-03-16,6.494,6.494,0.0,1.0
2015-03-17,6.592,6.592,0.0,1.0
2015-03-18,6.71,6.71,0.0,1.0
2015-03-19,6.756,6.756,0.0,1.0
2015-03-20,6.828,6.828,0.0,1.0
2015-03-23,6.992,6.992,0.0,1.0
2015-03-24,7.04,7.04,0.0,1.0
2015-03-25,7.107,7.107,0.0,1.0
2015-03-26,7.109,7.109,0.0,1.0
2015-03-27,7.306,7.306,0.0,1.0
2015-03-30,7.599,7.599,0.0,1.0
2015-03-31,7.49,7.49,0.0,1.0
2015-04-01,7.4,7.4,0.0,1.0
2015-04-02,7.459,7.459,0.0,1.0
2015-04-03,7.625,7.625,0.0,1.0
2015-04-07,7.762,7.762,0.0,1.0
2015-04-08,7.755,7.755,0.0,1.0
2015-04-09,7.68,7.68,0.0,1.0
2015-04-10,7.82,7.82,0.0,1.0
2015-04-13,8.069,8.069,0.0,1.0
2015-04-14,8.06,8.06,0.0,1.0
2015-04-15,7.775,7.775,0.0,1.0
2015-04-16,7.84,7.84,0.0,1.0
2015-04-17,7.883,7.883,0.0,1.0
2015-04-20,7.765,7.765,0.0,1.0
2015-04-21,8.01,8.01,0.0,1.0
2015-04-22,8.23,8.23,0.0,1.0
2015-04-23,8.3,8.3,0.0,1.0
2015-04-24,8.315,8.315,0.0,1.0
2015-04-27,8.389,8.389,0.0,1.0
2015-04-28,8.173,8.173,0.0,1.0
2015-04-29,8.347,8.347,0.0,1.0
2015-04-30,8.387,8.387,0.0,1.0
2015-05-04,8.344,8.344,0.0,1.0
2015-05-05,8.09,8.09,0.0,1.0
2015-05-06,7.922,7.922,0.0,1.0
2015-05-07,7.764,7.764,0.0,1.0
2015-05-08,8.085,8.085,0.0,1.0
2015-05-11,8.5,8.5,0.0,1.0
2015-05-12,8.608,8.608,0.0,1.0
2015-05-13,8.673,8.673,0.0,1.0
2015-05-14,8.687,8.687,0.0,1.0
2015-05-15,8.624,8.624,0.0,1.0
2015-05-18,8.776,8.776,0.0,1.0
2015-05-19,8.993,8.993,0.0,1.0
2015-05-20,9.168,9.168,0.0,1.0
2015-05-21,9.465,9.465,0.0,1.0
2015-05-22,9.655,9.655,0.0,1.0
2015-05-25,9.811,9.811,0.0,1.0
2015-05-26,10.251,10.251,0.0,1.0
2015-05-27,10.417,10.417,0.0,1.0
2015-05-28,10.05,10.05,0.0,1.0
2015-05-29,9.93,9.93,0.0,1.0
2015-06-01,10.32,10.32,0.0,1.0
2015-06-02,10.717,10.717,0.0,1.0
2015-06-03,10.7,10.7,0.0,1.0
2015-06-04,10.49,10.49,0.0,1.0
2015-06-05,10.754,10.754,0.0,1.0
2015-06-08,10.648,10.648,0.0,1.0
2015-06-09,10.564,10.564,0.0,1.0
2015-06-10,10.822,10.822,0.0,1.0
2015-06-11,10.918,10.918,0.0,1.0
2015-06-12,11.22,11.22,0.0,1.0
2015-06-15,11.04,11.04,0.0,1.0
2015-06-16,10.67,10.67,0.0,1.0
2015-06-17,10.81,10.81,0.0,1.0
2015-06-18,10.408,10.408,0.0,1.0
2015-06-19,9.741,9.741,0.0,1.0
2015-06-23,9.7,9.7,0.0,1.0
2015-06-24,9.891,9.891,0.0,1.0
2015-06-25,9.61,9.61,0.0,1.0
2015-06-26,8.65,8.65,0.0,1.0
2015-06-29,8.149,8.149,0.0,1.0
2015-06-30,8.6,8.6,0.0,1.0
2015-07-01,8.17,8.17,0.0,1.0
2015-07-02,7.577,7.577,0.0,1.0
2015-07-03,7.05,7.05,0.0,1.0
2015-07-06,7.2,7.2,0.0,1.0
2015-07-07,6.489,6.489,0.0,1.0
2015-07-08,5.844,5.844,0.0,1.0
2015-07-09,6.428,6.428,0.0,1.0
2015-07-10,7.071,7.071,0.0,1.0
2015-07-13,7.778,7.778,0.0,1.0
2015-07-14,7.569,7.569,0.0,1.0
2015-07-15,6.812,6.812,0.0,1.0
2015-07-16,7.053,7.053,0.0,1.0
2015-07-17,7.547,7.547,0.0,1.0
2015-07-20,7.488,7.488,0.0,1.0
2015-07-21,7.663,7.663,0.0,1.0
2015-07-22,7.746,7.746,0.0,1.0
2015-07-23,8.218,8.218,0.0,1.0
2015-07-24,8.01,8.01,0.0,1.0
2015-07-27,7.396,7.396,0.0,1.0
2015-07-28,7.368,7.368,0.0,1.0
2015-07-29,7.8,7.8,0.0,1.0
2015-07-30,7.468,7.468,0.0,1.0
2015-07-31,7.33,7.33,0.0,1.0
2015-08-03,6.981,6.981,0.0,1.0
2015-08-04,7.54,7.54,0.0,1.0
2015-08-05,7.413,7.413,0.0,1.0
2015-08-06,7.494,7.494,0.0,1.0
2015-08-07,7.692,7.692,0.0,1.0
2015-08-10,8.157,8.157,0.0,1.0
2015-08-11,8.046,8.046,0.0,1.0
2015-08-12,8.02,8.02,0.0,1.0
2015-08-13,8.209,8.209,0.0,1.0
2015-08-14,8.25,8.25,0.0,1.0
2015-08-17,8.445,8.445,0.0,1.0
2015-08-18,7.816,7.816,0.0,1.0
2015-08-19,8.049,8.049,0.0,1.0
2015-08-20,7.78,7.78,0.0,1.0
2015-08-21,7.4,7.4,0.0,1.0
2015-08-24,6.66,6.66,0.0,1.0
2015-08-25,5.994,5.994,0.0,1.0
2015-08-26,5.98,5.98,0.0,1.0
2015-08-27,6.152,6.152,0.0,1.0
2015-08-28,6.53,6.53,0.0,1.0
2015-08-31,6.27,6.27,0.0,1.0
2015-09-01,5.827,5.827,0.0,1.0
2015-09-02,5.815,5.815,0.0,1.0
2015-09-07,5.942,5.942,0.0,1.0
2015-09-08,6.165,6.165,0.0,1.0
2015-09-09,6.321,6.321,0.0,1.0
2015-09-10,6.3,6.3,0.0,1.0
2015-09-11,6.292,6.292,0.0,1.0
2015-09-14,5.734,5.734,0.0,1.0
2015-09-15,5.522,5.522,0.0,1.0
2015-09-16,5.97,5.97,0.0,1.0
2015-09-17,5.806,5.806,0.0,1.0
2015-09-18,6.379,6.379,0.0,1.0
2015-09-21,6.42,6.42,0.0,1.0
2015-09-22,6.897,6.897,0.0,1.0
2015-09-23,6.228,6.228,0.0,1.0
2015-09-24,6.152,6.152,0.0,1.0
2015-09-25,5.917,5.917,0.0,1.0
2015-09-28,5.979,5.979,0.0,1.0
2015-09-29,5.9,5.9,0.0,1.0
2015-09-30,5.931,5.931,0.0,1.0
2015-10-08,6.14,6.14,0.0,1.0
2015-10-09,6.185,6.185,0.0,1.0
2015-10-12,6.462,6.462,0.0,1.0
2015-10-13,6.482,6.482,0.0,1.0
2015-10-14,6.451,6.451,0.0,1.0
2015-10-15,6.698,6.698,0.0,1.0
2015-10-16,6.778,6.778,0.0,1.0
2015-10-19,6.778,6.778,0.0,1.0
2015-10-20,6.8,6.8,0.0,1.0
2015-10-21,6.688,6.688,0.0,1.0
2015-10-22,6.658,6.658,0.0,1.0
2015-10-23,6.82,6.82,0.0,1.0
2015-10-26,6.848,6.848,0.0,1.0
2015-10-27,6.983,6.983,0.0,1.0
2015-10-28,6.79,6.79,0.0,1.0
2015-10-29,6.823,6.823,0.0,1.0
2015-10-30,6.785,6.785,0.0,1.0
2015-11-02,6.661,6.661,0.0,1.0
2015-11-03,6.66,6.66,0.0,1.0
2015-11-04,7.027,7.027,0.0,1.0
2015-11-05,7.02,7.02,0.0,1.0
2015-11-06,7.237,7.237,0.0,1.0
2015-11-09,7.28,7.28,0.0,1.0
2015-11-10,7.299,7.299,0.0,1.0
2015-11-11,7.42,7.42,0.0,1.0
2015-11-12,7.376,7.376,0.0,1.0
2015-11-13,7.37,7.37,0.0,1.0
2015-11-16,7.42,7.42,0.0,1.0
2015-11-17,7.4,7.4,0.0,1.0
2015-11-18,7.32,7.32,0.0,1.0
2015-11-19,7.498,7.498,0.0,1.0
2015-11-20,7.528,7.528,0.0,1.0
2015-11-23,7.483,7.483,0.0,1.0
2015-11-24,7.51,7.51,0.0,1.0
2015-11-25,7.695,7.695,0.0,1.0
2015-11-26,7.646,7.646,0.0,1.0
2015-11-27,7.25,7.25,0.0,1.0
2015-11-30,7.199,7.199,0.0,1.0
2015-12-01,7.264,7.264,0.0,1.0
2015-12-02,7.199,7.199,0.0,1.0
2015-12-03,7.343,7.343,0.0,1.0
2015-12-04,7.306,7.306,0.0,1.0
2015-12-07,7.362,7.362,0.0,1.0
2015-12-08,7.231,7.231,0.0,1.0
2015-12-09,7.17,7.17,0.0,1.0
2015-12-10,7.151,7.151,0.0,1.0
2015-12-11,7.1,7.1,0.0,1.0
2015-12-14,7.204,7.204,0.0,1.0
2015-12-15,7.288,7.288,0.0,1.0
2015-12-16,7.34,7.34,0.0,1.0
2015-12-17,7.48,7.48,0.0,1.0
2015-12-18,7.481,7.481,0.0,1.0
2015-12-21,7.538,7.538,0.0,1.0
2015-12-22,7.595,7.595,0.0,1.0
2015-12-23,7.536,7.536,0.0,1.0
2015-12-24,7.59,7.59,0.0,1.0
2015-12-25,7.588,7.588,0.0,1.0
2015-12-28,7.45,7.45,0.0,1.0
2015-12-29,7.47,7.47,0.0,1.0
2015-12-30,7.533,7.533,0.0,1.0
2015-12-31,7.545,7.545,0.0,1.0
2016-01-04,7.175,7.175,0.0,1.0
2016-01-05,7.1,7.1,0.0,1.0
2016-01-06,7.13,7.13,0.0,1.0
2016-01-07,6.889,6.889,0.0,1.0
2016-01-08,6.601,6.601,0.0,1.0
2016-01-11,6.194,6.194,0.0,1.0
2016-01-12,6.1,6.1,0.0,1.0
2016-01-13,5.927,5.927,0.0,1.0
2016-01-14,6.114,6.114,0.0,1.0
2016-01-15,5.815,5.815,0.0,1.0
2016-01-18,5.873,5.873,0.0,1.0
2016-01-19,6.07,6.07,0.0,1.0
2016-01-20,6.065,6.065,0.0,1.0
2016-01-21,5.829,5.829,0.0,1.0
2016-01-22,5.898,5.898,0.0,1.0
2016-01-25,5.95,5.95,0.0,1.0
2016-01-26,5.515,5.515,0.0,1.0
2016-01-27,5.38,5.38,0.0,1.0
2016-01-28,5.339,5.339,0.0,1.0
2016-01-29,5.464,5.464,0.0,1.0
2016-02-01,5.448,5.448,0.0,1.0
2016-02-02,5.587,5.587,0.0,1.0
2016-02-03,5.536,5.536,0.0,1.0
2016-02-04,5.62,5.62,0.0,1.0
2016-02-05,5.594,5.594,0.0,1.0
2016-02-15,5.61,5.61,0.0,1.0
2016-02-16,5.829,5.829,0.0,1.0
2016-02-17,5.89,5.89,0.0,1.0
2016-02-18,5.874,5.874,0.0,1.0
2016-02-19,5.891,5.891,0.0,1.0
2016-02-22,6.007,6.007,0.0,1.0
2016-02-23,5.95,5.95,0.0,1.0
2016-02-24,5.994,5.994,0.0,1.0
2016-02-25,5.537,5.537,0.0,1.0
2016-02-26,5.575,5.575,0.0,1.0
2016-02-29,5.394,5.394,0.0,1.0
2016-03-01,5.42,5.42,0.0,1.0
2016-03-02,5.681,5.681,0.0,1.0
2016-03-03,5.683,5.683,0.0,1.0
2016-03-04,5.549,5.549,0.0,1.0
2016-03-07,5.665,5.665,0.0,1.0
2016-03-08,5.676,5.676,0.0,1.0
2016-03-09,5.548,5.548,0.0,1.0
2016-03-10,5.464,5.464,0.0,1.0
2016-03-11,5.462,5.462,0.0,1.0
2016-03-14,5.625,5.625,0.0,1.0
2016-03-15,5.568,5.568,0.0,1.0
2016-03-16,5.521,5.521,0.0,1.0
2016-03-17,5.641,5.641,0.0,1.0
2016-03-18,5.837,5.837,0.0,1.0
2016-03-21,5.966,5.966,0.0,1.0
2016-03-22,5.987,5.987,0.0,1.0
2016-03-23,5.994,5.994,0.0,1.0
2016-03-24,5.924,5.924,0.0,1.0
2016-03-25,5.941,5.941,0.0,1.0
2016-03-28,5.929,5.929,0.0,1.0
2016-03-29,5.837,5.837,0.0,1.0
2016-03-30,6.009,6.009,0.0,1.0
2016-03-31,6.026,6.026,0.0,1.0
2016-04-01,6.026,6.026,0.0,1.0
2016-04-05,6.16,6.16,0.0,1.0
2016-04-06,6.221,6.221,0.0,1.0
2016-04-07,6.129,6.129,0.0,1.0
2016-04-08,6.082,6.082,0.0,1.0
2016-04-11,6.2,6.2,0.0,1.0
2016-04-12,6.148,6.148,0.0,1.0
2016-04-13,6.254,6.254,0.0,1.0
2016-04-14,6.3,6.3,0.0,1.0
2016-04-15,6.279,6.279,0.0,1.0
2016-04-18,6.178,6.178,0.0,1.0
2016-04-19,6.184,6.184,0.0,1.0
2016-04-20,5.915,5.915,0.0,1.0
2016-04-21,5.862,5.862,0.0,1.0
2016-04-22,5.89,5.89,0.0,1.0
2016-04-25,5.866,5.866,0.0,1.0
2016-04-26,5.927,5.927,0.0,1.0
2016-04-27,5.898,5.898,0.0,1.0
2016-04-28,5.883,5.883,0.0,1.0
2016-04-29,5.875,5.875,0.0,1.0
2016-05-03,6.023,6.023,0.0,1.0
2016-05-04,6.04,6.04,0.0,1.0
2016-05-05,6.069,6.069,0.0,1.0
2016-05-06,5.86,5.86,0.0,1.0
2016-05-09,5.632,5.632,0.0,1.0
2016-05-10,5.632,5.632,0.0,1.0
2016-05-11,5.61,5.61,0.0,1.0
2016-05-12,5.585,5.585,0.0,1.0
2016-05-13,5.59,5.59,0.0,1.0
2016-05-16,5.652,5.652,0.0,1.0
2016-05-17,5.676,5.676,0.0,1.0
2016-05-18,5.548,5.548,0.0,1.0
2016-05-19,5.523,5.523,0.0,1.0
2016-05-20,5.588,5.588,0.0,1.0
2016-05-23,5.693,5.693,0.0,1.0
2016-05-24,5.649,5.649,0.0,1.0
2016-05-25,5.623,5.623,0.0,1.0
2016-05-26,5.658,5.658,0.0,1.0
2016-05-27,5.676,5.676,0.0,1.0
2016-05-30,5.65,5.65,0.0,1.0
2016-05-31,5.871,5.871,0.0,1.0
2016-06-01,6.0,6.0,0.0,1.0
2016-06-02,5.944,5.944,0.0,1.0
2016-06-03,5.948,5.948,0.0,1.0
2016-06-06,5.98,5.98,0.0,1.0
2016-06-07,5.98,5.98,0.0,1.0
2016-06-08,5.972,5.972,0.0,1.0
2016-06-13,5.71,5.71,0.0,1.0
2016-06-14,5.718,5.718,0.0,1.0
2016-06-15,5.893,5.893,0.0,1.0
2016-06-16,5.88,5.88,0.0,1.0
2016-06-17,5.911,5.911,0.0,1.0
2016-06-20,5.933,5.933,0.0,1.0
2016-06-21,5.872,5.872,0.0,1.0
2016-06-22,5.961,5.961,0.0,1.0
2016-06-23,5.948,5.948,0.0,1.0
2016-06-24,5.868,5.868,0.0,1.0
2016-06-27,5.985,5.985,0.0,1.0
2016-06-28,6.051,6.051,0.0,1.0
2016-06-29,6.069,6.069,0.0,1.0
2016-06-30,6.075,6.075,0.0,1.0
2016-07-01,6.084,6.084,0.0,1.0
2016-07-04,6.191,6.191,0.0,1.0
2016-07-05,6.218,6.218,0.0,1.0
2016-07-06,6.253,6.253,0.0,1.0
2016-07-07,6.278,6.278,0.0,1.0
2016-07-08,6.275,6.275,0.0,1.0
2016-07-11,6.273,6.273,0.0,1.0
2016-07-12,6.35,6.35,0.0,1.0
2016-07-13,6.4,6.4,0.0,1.0
2016-07-14,6.405,6.405,0.0,1.0
2016-07-15,6.415,6.415,0.0,1.0
2016-07-18,6.366,6.366,0.0,1.0
2016-07-19,6.395,6.395,0.0,1.0
2016-07-20,6.388,6.388,0.0,1.0
2016-07-21,6.402,6.402,0.0,1.0
2016-07-22,6.357,6.357,0.0,1.0
2016-07-25,6.358,6.358,0.0,1.0
2016-07-26,6.438,6.438,0.0,1.0
2016-07-27,6.196,6.196,0.0,1.0
2016-07-28,6.198,6.198,0.0,1.0
2016-07-29,6.167,6.167,0.0,1.0
2016-08-01,6.1,6.1,0.0,1.0
2016-08-02,6.122,6.122,0.0,1.0
2016-08-03,6.155,6.155,0.0,1.0
2016-08-04,6.197,6.197,0.0,1.0
2016-08-05,6.168,6.168,0.0,1.0
2016-08-08,6.249,6.249,0.0,1.0
2016-08-09,6.298,6.298,0.0,1.0
2016-08-10,6.286,6.286,0.0,1.0
2016-08-11,6.25,6.25,0.0,1.0
2016-08-12,6.263,6.263,0.0,1.0
2016-08-15,6.41,6.41,0.0,1.0
2016-08-16,6.435,6.435,0.0,1.0
2016-08-17,6.443,6.443,0.0,1.0
2016-08-18,6.459,6.459,0.0,1.0
2016-08-19,6.475,6.475,0.0,1.0
2016-08-22,6.3,6.3,0.0,1.0
2016-08-23,6.41,6.41,0.0,1.0
2016-08-24,6.423,6.423,0.0,1.0
2016-08-25,6.345,6.345,0.0,1.0
2016-08-26,6.412,6.412,0.0,1.0
2016-08-29,6.388,6.388,0.0,1.0
2016-08-30,6.403,6.403,0.0,1.0
2016-08-31,6.396,6.396,0.0,1.0
2016-09-01,6.37,6.37,0.0,1.0
2016-09-02,6.368,6.368,0.0,1.0
2016-09-05,6.346,6.346,0.0,1.0
2016-09-06,6.452,6.452,0.0,1.0
2016-09-07,6.444,6.444,0.0,1.0
2016-09-08,6.47,6.47,0.0,1.0
2016-09-09,6.44,6.44,0.0,1.0
2016-09-12,6.276,6.276,0.0,1.0
2016-09-13,6.291,6.291,0.0,1.0
2016-09-14,6.252,6.252,0.0,1.0
2016-09-19,6.316,6.316,0.0,1.0
2016-09-20,6.321,6.321,0.0,1.0
2016-09-21,6.346,6.346,0.0,1.0
2016-09-22,6.331,6.331,0.0,1.0
2016-09-23,6.334,6.334,0.0,1.0
2016-09-26,6.256,6.256,0.0,1.0
2016-09-27,6.268,6.268,0.0,1.0
2016-09-28,6.26,6.26,0.0,1.0
2016-09-29,6.258,6.258,0.0,1.0
2016-09-30,6.28,6.28,0.0,1.0
2016-10-10,6.393,6.393,0.0,1.0
2016-10-11,6.428,6.428,0.0,1.0
2016-10-12,6.428,6.428,0.0,1.0
2016-10-13,6.442,6.442,0.0,1.0
2016-10-14,6.438,6.438,0.0,1.0
2016-10-17,6.388,6.388,0.0,1.0
2016-10-18,6.457,6.457,0.0,1.0
2016-10-19,6.44,6.44,0.0,1.0
2016-10-20,6.448,6.448,0.0,1.0
2016-10-21,6.436,6.436,0.0,1.0
2016-10-24,6.499,6.499,0.0,1.0
2016-10-25,6.508,6.508,0.0,1.0
2016-10-26,6.485,6.485,0.0,1.0
2016-10-27,6.48,6.48,0.0,1.0
2016-10-28,6.433,6.433,0.0,1.0
2016-10-31,6.42,6.42,0.0,1.0
2016-11-01,6.472,6.472,0.0,1.0
2016-11-02,6.444,6.444,0.0,1.0
2016-11-03,6.461,6.461,0.0,1.0
2016-11-04,6.435,6.435,0.0,1.0
2016-11-07,6.44,6.44,0.0,1.0
2016-11-08,6.47,6.47,0.0,1.0
2016-11-09,6.431,6.431,0.0,1.0
2016-11-10,6.514,6.514,0.0,1.0
2016-11-11,6.555,6.555,0.0,1.0
2016-11-14,6.587,6.587,0.0,1.0
2016-11-15,6.609,6.609,0.0,1.0
2016-11-16,6.619,6.619,0.0,1.0
2016-11-17,6.604,6.604,0.0,1.0
2016-11-18,6.583,6.583,0.0,1.0
2016-11-21,6.583,6.583,0.0,1.0
2016-11-22,6.617,6.617,0.0,1.0
2016-11-23,6.612,6.612,0.0,1.0
2016-11-24,6.595,6.595,0.0,1.0
2016-11-25,6.625,6.625,0.0,1.0
2016-11-28,6.648,6.648,0.0,1.0
2016-11-29,6.599,6.599,0.0,1.0
2016-11-30,6.55,6.55,0.0,1.0
2016-12-01,6.585,6.585,0.0,1.0
2016-12-02,6.507,6.507,0.0,1.0
2016-12-05,6.466,6.466,0.0,1.0
2016-12-06,6.476,6.476,0.0,1.0
2016-12-07,6.54,6.54,0.0,1.0
2016-12-08,6.516,6.516,0.0,1.0
2016-12-09,6.499,6.499,0.0,1.0
2016-12-12,6.243,6.243,0.0,1.0
2016-12-13,6.289,6.289,0.0,1.0
2016-12-14,6.247,6.247,0.0,1.0
2016-12-15,6.288,6.288,0.0,1.0
2016-12-16,6.398,6.398,0.0,1.0
2016-12-19,6.333,6.333,0.0,1.0
2016-12-20,6.355,6.355,0.0,1.0
2016-12-21,6.347,6.347,0.0,1.0
2016-12-22,6.343,6.343,0.0,1.0
2016-12-23,6.298,6.298,0.0,1.0
2016-12-26,6.309,6.309,0.0,1.0
2016-12-27,6.308,6.308,0.0,1.0
2016-12-28,6.289,6.289,0.0,1.0
2016-12-29,6.29,6.29,0.0,1.0
2016-12-30,6.279,6.279,0.0,1.0
2017-01-03,6.327,6.327,0.0,1.0
2017-01-04,6.409,6.409,0.0,1.0
2017-01-05,6.42,6.42,0.0,1.0
2017-01-06,6.396,6.396,0.0,1.0
2017-01-09,6.425,6.425,0.0,1.0
2017-01-10,6.418,6.418,0.0,1.0
2017-01-11,6.387,6.387,0.0,1.0
2017-01-12,6.304,6.304,0.0,1.0
2017-01-13,6.214,6.214,0.0,1.0
2017-01-16,6.061,6.061,0.0,1.0
2017-01-17,6.101,6.101,0.0,1.0
2017-01-18,6.106,6.106,0.0,1.0
2017-01-19,6.074,6.074,0.0,1.0
2017-01-20,6.15,6.15,0.0,1.0
2017-01-23,6.203,6.203,0.0,1.0
2017-01-24,6.214,6.214,0.0,1.0
2017-01-25,6.216,6.216,0.0,1.0
2017-01-26,6.264,6.264,0.0,1.0
2017-02-03,6.253,6.253,0.0,1.0
2017-02-06,6.281,6.281,0.0,1.0
2017-02-07,6.279,6.279,0.0,1.0
2017-02-08,6.318,6.318,0.0,1.0
2017-02-09,6.359,6.359,0.0,1.0
2017-02-10,6.377,6.377,0.0,1.0
2017-02-13,6.4,6.4,0.0,1.0
2017-02-14,6.4,6.4,0.0,1.0
2017-02-15,6.356,6.356,0.0,1.0
2017-02-16,6.388,6.388,0.0,1.0
2017-02-17,6.348,6.348,0.0,1.0
2017-02-20,6.41,6.41,0.0,1.0
2017-02-21,6.467,6.467,0.0,1.0
2017-02-22,6.499,6.499,0.0,1.0
2017-02-23,6.505,6.505,0.0,1.0
2017-02-24,6.516,6.516,0.0,1.0
2017-02-27,6.499,6.499,0.0,1.0
2017-02-28,6.519,6.519,0.0,1.0
2017-03-01,6.535,6.535,0.0,1.0
2017-03-02,6.502,6.502,0.0,1.0
2017-03-03,6.511,6.511,0.0,1.0
2017-03-06,6.564,6.564,0.0,1.0
2017-03-07,6.57,6.57,0.0,1.0
2017-03-08,6.543,6.543,0.0,1.0
2017-03-09,6.489,6.489,0.0,1.0
2017-03-10,6.49,6.49,0.0,1.0
2017-03-13,6.552,6.552,0.0,1.0
2017-03-14,6.543,6.543,0.0,1.0
2017-03-15,6.538,6.538,0.0,1.0
2017-03-16,6.592,6.592,0.0,1.0
2017-03-17,6.538,6.538,0.0,1.0
2017-03-20,6.547,6.547,0.0,1.0
2017-03-21,6.564,6.564,0.0,1.0
2017-03-22,6.548,6.548,0.0,1.0
2017-03-23,6.559,6.559,0.0,1.0
2017-03-24,6.59,6.59,0.0,1.0
2017-03-27,6.597,6.597,0.0,1.0
2017-03-28,6.58,6.58,0.0,1.0
2017-03-29,6.562,6.562,0.0,1.0
2017-03-30,6.465,6.465,0.0,1.0
2017-03-31,6.6,6.6,0.0,1.0
2017-04-05,6.623,6.623,0.0,1.0
2017-04-06,6.642,6.642,0.0,1.0
2017-04-07,6.663,6.663,0.0,1.0
2017-04-10,6.668,6.668,0.0,1.0
2017-04-11,6.725,6.725,0.0,1.0
2017-04-12,6.716,6.716,0.0,1.0
2017-04-13,6.726,6.726,0.0,1.0
2017-04-14,6.7,6.7,0.0,1.0
2017-04-17,6.699,6.699,0.0,1.0
2017-04-18,6.685,6.685,0.0,1.0
2017-04-19,6.509,6.509,0.0,1.0
2017-04-20,6.602,6.602,0.0,1.0
2017-04-21,6.399,6.399,0.0,1.0
2017-04-24,6.24,6.24,0.0,1.0
2017-04-25,6.255,6.255,0.0,1.0
2017-04-26,6.274,6.274,0.0,1.0
2017-04-27,6.291,6.291,0.0,1.0
2017-04-28,6.306,6.306,0.0,1.0
2017-05-02,6.31,6.31,0.0,1.0
2017-05-03,6.304,6.304,0.0,1.0
2017-05-04,6.276,6.276,0.0,1.0
2017-05-05,6.197,6.197,0.0,1.0
2017-05-08,6.074,6.074,0.0,1.0
2017-05-09,6.107,6.107,0.0,1.0
2017-05-10,6.129,6.129,0.0,1.0
2017-05-11,6.04,6.04,0.0,1.0
2017-05-12,6.006,6.006,0.0,1.0
2017-05-15,6.118,6.118,0.0,1.0
2017-05-16,6.117,6.117,0.0,1.0
2017-05-17,6.156,6.156,0.0,1.0
2017-05-18,6.106,6.106,0.0,1.0
2017-05-19,6.198,6.198,0.0,1.0
2017-05-22,6.11,6.11,0.0,1.0
2017-05-23,6.1,6.1,0.0,1.0
2017-05-24,6.098,6.098,0.0,1.0
2017-05-25,6.1,6.1,0.0,1.0
2017-05-26,5.948,5.948,0.0,1.0
2017-05-31,5.937,5.937,0.0,1.0
2017-06-01,5.818,5.818,0.0,1.0
2017-06-02,5.879,5.879,0.0,1.0
2017-06-05,5.959,5.959,0.0,1.0
2017-06-06,5.948,5.948,0.0,1.0
2017-06-07,6.056,6.056,0.0,1.0
2017-06-08,6.074,6.074,0.0,1.0
2017-06-09,6.082,6.082,0.0,1.0
2017-06-12,6.055,6.055,0.0,1.0
2017-06-13,6.096,6.096,0.0,1.0
2017-06-14,6.088,6.088,0.0,1.0
2017-06-15,6.135,6.135,0.0,1.0
2017-06-16,6.134,6.134,0.0,1.0
2017-06-19,6.175,6.175,0.0,1.0
2017-06-20,6.188,6.188,0.0,1.0
2017-06-21,6.18,6.18,0.0,1.0
2017-06-22,6.118,6.118,0.0,1.0
2017-06-23,6.124,6.124,0.0,1.0
2017-06-26,6.227,6.227,0.0,1.0
2017-06-27,6.229,6.229,0.0,1.0
2017-06-28,6.198,6.198,0.0,1.0
2017-06-29,6.237,6.237,0.0,1.0
2017-06-30,6.252,6.252,0.0,1.0
2017-07-03,6.291,6.291,0.0,1.0
2017-07-04,6.267,6.267,0.0,1.0
2017-07-05,6.312,6.312,0.0,1.0
2017-07-06,6.324,6.324,0.0,1.0
2017-07-07,6.348,6.348,0.0,1.0
2017-07-10,6.327,6.327,0.0,1.0
2017-07-11,6.254,6.254,0.0,1.0
2017-07-12,6.253,6.253,0.0,1.0
2017-07-13,6.262,6.262,0.0,1.0
2017-07-14,6.247,6.247,0.0,1.0
2017-07-17,5.995,5.995,0.0,1.0
2017-07-18,6.06,6.06,0.0,1.0
2017-07-19,6.175,6.175,0.0,1.0
2017-07-20,6.214,6.214,0.0,1.0
2017-07-21,6.248,6.248,0.0,1.0
2017-07-24,6.288,6.288,0.0,1.0
2017-07-25,6.275,6.275,0.0,1.0
2017-07-26,6.26,6.26,0.0,1.0
2017-07-27,6.309,6.309,0.0,1.0
2017-07-28,6.345,6.345,0.0,1.0
2017-07-31,6.42,6.42,0.0,1.0
2017-08-01,6.41,6.41,0.0,1.0
2017-08-02,6.37,6.37,0.0,1.0
2017-08-03,6.381,6.381,0.0,1.0
2017-08-04,6.355,6.355,0.0,1.0
2017-08-07,6.425,6.425,0.0,1.0
2017-08-08,6.428,6.428,0.0,1.0
2017-08-09,6.466,6.466,0.0,1.0
2017-08-10,6.422,6.422,0.0,1.0
2017-08-11,6.285,6.285,0.0,1.0
2017-08-14,6.417,6.417,0.0,1.0
2017-08-15,6.435,6.435,0.0,1.0
2017-08-16,6.437,6.437,0.0,1.0
2017-08-17,6.493,6.493,0.0,1.0
2017-08-18,6.477,6.477,0.0,1.0
2017-08-21,6.537,6.537,0.0,1.0
2017-08-22,6.5,6.5,0.0,1.0
2017-08-23,6.453,6.453,0.0,1.0
2017-08-24,6.414,6.414,0.0,1.0
2017-08-25,6.48,6.48,0.0,1.0
2017-08-28,6.561,6.561,0.0,1.0
2017-08-29,6.543,6.543,0.0,1.0
2017-08-30,6.588,6.588,0.0,1.0
2017-08-31,6.607,6.607,0.0,1.0
2017-09-01,6.661,6.661,0.0,1.0
2017-09-04,6.698,6.698,0.0,1.0
2017-09-05,6.714,6.714,0.0,1.0
2017-09-06,6.742,6.742,0.0,1.0
2017-09-07,6.699,6.699,0.0,1.0
2017-09-08,6.709,6.709,0.0,1.0
2017-09-11,6.8,6.8,0.0,1.0
2017-09-12,6.953,6.953,0.0,1.0
2017-09-13,6.905,6.905,0.0,1.0
2017-09-14,6.847,6.847,0.0,1.0
2017-09-15,6.782,6.782,0.0,1.0
2017-09-18,6.84,6.84,0.0,1.0
2017-09-19,6.79,6.79,0.0,1.0
2017-09-20,6.851,6.851,0.0,1.0
2017-09-21,6.786,6.786,0.0,1.0
2017-09-22,6.743,6.743,0.0,1.0
2017-09-25,6.658,6.658,0.0,1.0
2017-09-26,6.666,6.666,0.0,1.0
2017-09-27,6.75,6.75,0.0,1.0
2017-09-28,6.74,6.74,0.0,1.0
2017-09-29,6.773,6.773,0.0,1.0
2017-10-09,6.838,6.838,0.0,1.0
2017-10-10,6.857,6.857,0.0,1.0
2017-10-11,6.842,6.842,0.0,1.0
2017-10-12,6.832,6.832,0.0,1.0
2017-10-13,6.864,6.864,0.0,1.0
2017-10-16,6.792,6.792,0.0,1.0
2017-10-17,6.783,6.783,0.0,1.0
2017-10-18,6.724,6.724,0.0,1.0
2017-10-19,6.666,6.666,0.0,1.0
2017-10-20,6.73,6.73,0.0,1.0
2017-10-23,6.772,6.772,0.0,1.0
2017-10-24,6.769,6.769,0.0,1.0
2017-10-25,6.804,6.804,0.0,1.0
2017-10-26,6.855,6.855,0.0,1.0
2017-10-27,6.803,6.803,0.0,1.0
2017-10-30,6.683,6.683,0.0,1.0
2017-10-31,6.719,6.719,0.0,1.0
2017-11-01,6.738,6.738,0.0,1.0
2017-11-02,6.653,6.653,0.0,1.0
2017-11-03,6.59,6.59,0.0,1.0
2017-11-06,6.667,6.667,0.0,1.0
2017-11-07,6.717,6.717,0.0,1.0
2017-11-08,6.72,6.72,0.0,1.0
2017-11-09,6.78,6.78,0.0,1.0
2017-11-10,6.81,6.81,0.0,1.0
2017-11-13,6.836,6.836,0.0,1.0
2017-11-14,6.781,6.781,0.0,1.0
2017-11-15,6.7,6.7,0.0,1.0
2017-11-16,6.729,6.729,0.0,1.0
2017-11-17,6.523,6.523,0.0,1.0
2017-11-20,6.601,6.601,0.0,1.0
2017-11-21,6.622,6.622,0.0,1.0
2017-11-22,6.6,6.6,0.0,1.0
2017-11-23,6.443,6.443,0.0,1.0
2017-11-24,6.444,6.444,0.0,1.0
2017-11-27,6.356,6.356,0.0,1.0
2017-11-28,6.465,6.465,0.0,1.0
2017-11-29,6.492,6.492,0.0,1.0
2017-11-30,6.432,6.432,0.0,1.0
2017-12-01,6.485,6.485,0.0,1.0
2017-12-04,6.446,6.446,0.0,1.0
2017-12-05,6.287,6.287,0.0,1.0
2017-12-06,6.335,6.335,0.0,1.0
2017-12-07,6.336,6.336,0.0,1.0
2017-12-08,6.369,6.369,0.0,1.0
2017-12-11,6.447,6.447,0.0,1.0
2017-12-12,6.391,6.391,0.0,1.0
2017-12-13,6.438,6.438,0.0,1.0
2017-12-14,6.441,6.441,0.0,1.0
2017-12-15,6.398,6.398,0.0,1.0
2017-12-18,6.353,6.353,0.0,1.0
2017-12-19,6.404,6.404,0.0,1.0
2017-12-20,6.353,6.353,0.0,1.0
2017-12-21,6.408,6.408,0.0,1.0
2017-12-22,6.401,6.401,0.0,1.0
2017-12-25,6.34,6.34,0.0,1.0
2017-12-26,6.375,6.375,0.0,1.0
2017-12-27,6.33,6.33,0.0,1.0
2017-12-28,6.358,6.358,0.0,1.0
2017-12-29,6.42,6.42,0.0,1.0
2018-01-02,6.66,6.66,0.0,1.0
2018-01-03,6.6,6.6,0.0,1.0
2018-01-04,6.581,6.581,0.0,1.0
2018-01-05,6.579,6.579,0.0,1.0
2018-01-08,6.614,6.614,0.0,1.0
2018-01-09,6.608,6.608,0.0,1.0
2018-01-10,6.566,6.566,0.0,1.0
2018-01-11,6.59,6.59,0.0,1.0
2018-01-12,6.564,6.564,0.0,1.0
2018-01-15,6.406,6.406,0.0,1.0
2018-01-16,6.459,6.459,0.0,1.0
2018-01-17,6.428,6.428,0.0,1.0
2018-01-18,6.446,6.446,0.0,1.0
2018-01-19,6.43,6.43,0.0,1.0
2018-01-22,6.505,6.505,0.0,1.0
2018-01-23,6.509,6.509,0.0,1.0
2018-01-24,6.55,6.55,0.0,1.0
2018-01-25,6.553,6.553,0.0,1.0
2018-01-26,6.546,6.546,0.0,1.0
2018-01-29,6.463,6.463,0.0,1.0
2018-01-30,6.472,6.472,0.0,1.0
2018-01-31,6.345,6.345,0.0,1.0
2018-02-01,6.141,6.141,0.0,1.0
2018-02-02,6.158,6.158,0.0,1.0
2018-02-05,6.152,6.152,0.0,1.0
2018-02-06,5.849,5.849,0.0,1.0
2018-02-07,5.862,5.862,0.0,1.0
2018-02-08,5.924,5.924,0.0,1.0
2018-02-09,5.692,5.692,0.0,1.0
2018-02-12,5.855,5.855,0.0,1.0
2018-02-13,5.888,5.888,0.0,1.0
2018-02-14,5.908,5.908,0.0,1.0
2018-02-22,6.03,6.03,0.0,1.0
2018-02-23,6.045,6.045,0.0,1.0
2018-02-26,6.179,6.179,0.0,1.0
2018-02-27,6.164,6.164,0.0,1.0
2018-02-28,6.178,6.178,0.0,1.0
2018-03-01,6.249,6.249,0.0,1.0
2018-03-02,6.218,6.218,0.0,1.0
2018-03-05,6.223,6.223,0.0,1.0
2018-03-06,6.299,6.299,0.0,1.0
2018-03-07,6.246,6.246,0.0,1.0
2018-03-08,6.285,6.285,0.0,1.0
2018-03-09,6.367,6.367,0.0,1.0
2018-03-12,6.453,6.453,0.0,1.0
2018-03-13,6.411,6.411,0.0,1.0
2018-03-14,6.34,6.34,0.0,1.0
2018-03-15,6.336,6.336,0.0,1.0
2018-03-16,6.319,6.319,0.0,1.0
2018-03-19,6.295,6.295,0.0,1.0
2018-03-20,6.32,6.32,0.0,1.0
2018-03-21,6.28,6.28,0.0,1.0
2018-03-22,6.262,6.262,0.0,1.0
2018-03-23,6.078,6.078,0.0,1.0
2018-03-26,6.052,6.052,0.0,1.0
2018-03-27,6.178,6.178,0.0,1.0
2018-03-28,6.134,6.134,0.0,1.0
2018-03-29,6.181,6.181,0.0,1.0
2018-03-30,6.268,6.268,0.0,1.0
2018-04-02,6.275,6.275,0.0,1.0
2018-04-03,6.218,6.218,0.0,1.0
2018-04-04,6.168,6.168,0.0,1.0
2018-04-09,6.177,6.177,0.0,1.0
2018-04-10,6.202,6.202,0.0,1.0
2018-04-11,6.239,6.239,0.0,1.0
2018-04-12,6.208,6.208,0.0,1.0
2018-04-13,6.18,6.18,0.0,1.0
2018-04-16,6.168,6.168,0.0,1.0
2018-04-17,6.042,6.042,0.0,1.0
2018-04-18,6.119,6.119,0.0,1.0
2018-04-19,6.147,6.147,0.0,1.0
2018-04-20,6.029,6.029,0.0,1.0
2018-04-23,5.972,5.972,0.0,1.0
2018-04-24,6.095,6.095,0.0,1.0
2018-04-25,6.139,6.139,0.0,1.0
2018-04-26,6.067,6.067,0.0,1.0
2018-04-27,6.08,6.08,0.0,1.0
2018-05-02,6.15,6.15,0.0,1.0
2018-05-03,6.1,6.1,0.0,1.0
2018-05-04,6.065,6.065,0.0,1.0
2018-05-07,6.167,6.167,0.0,1.0
2018-05-08,6.201,6.201,0.0,1.0
2018-05-09,6.189,6.189,0.0,1.0
2018-05-10,6.204,6.204,0.0,1.0
2018-05-11,6.176,6.176,0.0,1.0
2018-05-14,6.13,6.13,0.0,1.0
2018-05-15,6.178,6.178,0.0,1.0
2018-05-16,6.162,6.162,0.0,1.0
2018-05-17,6.139,6.139,0.0,1.0
2018-05-18,6.165,6.165,0.0,1.0
2018-05-21,6.239,6.239,0.0,1.0
2018-05-22,6.268,6.268,0.0,1.0
2018-05-23,6.21,6.21,0.0,1.0
2018-05-24,6.29,6.29,0.0,1.0
2018-05-25,6.258,6.258,0.0,1.0
2018-05-28,6.219,6.219,0.0,1.0
2018-05-29,6.266,6.266,0.0,1.0
2018-05-30,6.164,6.164,0.0,1.0
2018-05-31,6.048,6.048,0.0,1.0
2018-06-01,5.99,5.99,0.0,1.0
2018-06-04,5.858,5.858,0.0,1.0
2018-06-05,5.95,5.95,0.0,1.0
2018-06-06,5.952,5.952,0.0,1.0
2018-06-07,5.915,5.915,0.0,1.0
2018-06-08,5.869,5.869,0.0,1.0
2018-06-11,5.802,5.802,0.0,1.0
2018-06-12,5.866,5.866,0.0,1.0
2018-06-13,5.783,5.783,0.0,1.0
2018-06-14,5.76,5.76,0.0,1.0
2018-06-15,5.694,5.694,0.0,1.0
2018-06-19,5.475,5.475,0.0,1.0
2018-06-20,5.367,5.367,0.0,1.0
2018-06-21,5.255,5.255,0.0,1.0
2018-06-22,5.388,5.388,0.0,1.0
2018-06-25,5.33,5.33,0.0,1.0
2018-06-26,5.325,5.325,0.0,1.0
2018-06-27,5.272,5.272,0.0,1.0
2018-06-28,5.224,5.224,0.0,1.0
2018-06-29,5.388,5.388,0.0,1.0
2018-07-02,5.315,5.315,0.0,1.0
2018-07-03,5.358,5.358,0.0,1.0
2018-07-04,5.29,5.29,0.0,1.0
2018-07-05,5.158,5.158,0.0,1.0
2018-07-06,5.225,5.225,0.0,1.0
2018-07-09,5.294,5.294,0.0,1.0
2018-07-10,5.375,5.375,0.0,1.0
2018-07-11,5.348,5.348,0.0,1.0
2018-07-12,5.364,5.364,0.0,1.0
2018-07-13,5.399,5.399,0.0,1.0
2018-07-16,5.379,5.379,0.0,1.0
2018-07-17,5.379,5.379,0.0,1.0
2018-07-18,5.399,5.399,0.0,1.0
2018-07-19,5.349,5.349,0.0,1.0
2018-07-20,5.361,5.361,0.0,1.0
2018-07-23,5.425,5.425,0.0,1.0
2018-07-24,5.494,5.494,0.0,1.0
2018-07-25,5.501,5.501,0.0,1.0
2018-07-26,5.468,5.468,0.0,1.0
2018-07-27,5.445,5.445,0.0,1.0
2018-07-30,5.377,5.377,0.0,1.0
2018-07-31,5.378,5.378,0.0,1.0
2018-08-01,5.296,5.296,0.0,1.0
2018-08-02,5.19,5.19,0.0,1.0
2018-08-03,5.155,5.155,0.0,1.0
2018-08-06,5.06,5.06,0.0,1.0
2018-08-07,5.133,5.133,0.0,1.0
2018-08-08,5.059,5.059,0.0,1.0
2018-08-09,5.193,5.193,0.0,1.0
2018-08-10,5.219,5.219,0.0,1.0
2018-08-13,5.24,5.24,0.0,1.0
2018-08-14,5.22,5.22,0.0,1.0
2018-08-15,5.208,5.208,0.0,1.0
2018-08-16,5.111,5.111,0.0,1.0
2018-08-17,5.08,5.08,0.0,1.0
2018-08-20,5.056,5.056,0.0,1.0
2018-08-21,5.079,5.079,0.0,1.0
2018-08-22,5.021,5.021,0.0,1.0
2018-08-23,5.048,5.048,0.0,1.0
2018-08-24,5.037,5.037,0.0,1.0
2018-08-27,5.144,5.144,0.0,1.0
2018-08-28,5.155,5.155,0.0,1.0
2018-08-29,5.131,5.131,0.0,1.0
2018-08-30,5.056,5.056,0.0,1.0
2018-08-31,4.998,4.998,0.0,1.0
2018-09-03,5.027,5.027,0.0,1.0
2018-09-04,5.079,5.079,0.0,1.0
2018-09-05,5.012,5.012,0.0,1.0
2018-09-06,4.978,4.978,0.0,1.0
2018-09-07,4.998,4.998,0.0,1.0
2018-09-10,4.916,4.916,0.0,1.0
2018-09-11,4.9,4.9,0.0,1.0
2018-09-12,4.904,4.904,0.0,1.0
2018-09-13,4.905,4.905,0.0,1.0
2018-09-14,4.853,4.853,0.0,1.0
2018-09-17,4.784,4.784,0.0,1.0
2018-09-18,4.861,4.861,0.0,1.0
2018-09-19,4.918,4.918,0.0,1.0
2018-09-20,4.917,4.917,0.0,1.0
2018-09-21,5.0,5.0,0.0,1.0
2018-09-25,4.982,4.982,0.0,1.0
2018-09-26,5.007,5.007,0.0,1.0
2018-09-27,4.985,4.985,0.0,1.0
2018-09-28,4.992,4.992,0.0,1.0
2018-10-08,4.897,4.897,0.0,1.0
2018-10-09,4.839,4.839,0.0,1.0
2018-10-10,4.814,4.814,0.0,1.0
2018-10-11,4.488,4.488,0.0,1.0
2018-10-12,4.452,4.452,0.0,1.0
2018-10-15,4.36,4.36,0.0,1.0
2018-10-16,4.264,4.264,0.0,1.0
2018-10-17,4.3,4.3,0.0,1.0
2018-10-18,4.188,4.188,0.0,1.0
2018-10-19,4.294,4.294,0.0,1.0
2018-10-22,4.509,4.509,0.0,1.0
2018-10-23,4.429,4.429,0.0,1.0
2018-10-24,4.413,4.413,0.0,1.0
2018-10-25,4.406,4.406,0.0,1.0
2018-10-26,4.41,4.41,0.0,1.0
2018-10-29,4.34,4.34,0.0,1.0
2018-10-30,4.377,4.377,0.0,1.0
2018-10-31,4.448,4.448,0.0,1.0
2018-11-01,4.48,4.48,0.0,1.0
2018-11-02,4.646,4.646,0.0,1.0
2018-11-05,4.625,4.625,0.0,1.0
2018-11-06,4.626,4.626,0.0,1.0
2018-11-07,4.606,4.606,0.0,1.0
2018-11-08,4.572,4.572,0.0,1.0
2018-11-09,4.562,4.562,0.0,1.0
2018-11-12,4.681,4.681,0.0,1.0
2018-11-13,4.764,4.764,0.0,1.0
2018-11-14,4.746,4.746,0.0,1.0
2018-11-15,4.824,4.824,0.0,1.0
2018-11-16,4.865,4.865,0.0,1.0
2018-11-19,4.878,4.878,0.0,1.0
2018-11-20,4.743,4.743,0.0,1.0
2018-11-21,4.755,4.755,0.0,1.0
2018-11-22,4.755,4.755,0.0,1.0
2018-11-23,4.564,4.564,0.0,1.0
2018-11-26,4.565,4.565,0.0,1.0
2018-11-27,4.587,4.587,0.0,1.0
2018-11-28,4.637,4.637,0.0,1.0
2018-11-29,4.544,4.544,0.0,1.0
2018-11-30,4.576,4.576,0.0,1.0
2018-12-03,4.72,4.72,0.0,1.0
2018-12-04,4.739,4.739,0.0,1.0
2018-12-05,4.705,4.705,0.0,1.0
2018-12-06,4.612,4.612,0.0,1.0
2018-12-07,4.611,4.611,0.0,1.0
2018-12-10,4.553,4.553,0.0,1.0
2018-12-11,4.594,4.594,0.0,1.0
2018-12-12,4.595,4.595,0.0,1.0
2018-12-13,4.645,4.645,0.0,1.0
2018-12-14,4.547,4.547,0.0,1.0
2018-12-17,4.52,4.52,0.0,1.0
2018-12-18,4.498,4.498,0.0,1.0
2018-12-19,4.43,4.43,0.0,1.0
2018-12-20,4.449,4.449,0.0,1.0
2018-12-21,4.418,4.418,0.0,1.0
2018-12-24,4.465,4.465,0.0,1.0
2018-12-25,4.402,4.402,0.0,1.0
2018-12-26,4.391,4.391,0.0,1.0
2018-12-27,4.345,4.345,0.0,1.0
2018-12-28,4.346,4.346,0.0,1.0
2019-01-02,4.312,4.312,0.0,1.0
2019-01-03,4.299,4.299,0.0,1.0
2019-01-04,4.389,4.389,0.0,1.0
2019-01-07,4.479,4.479,0.0,1.0
2019-01-08,4.46,4.46,0.0,1.0
2019-01-09,4.479,4.479,0.0,1.0
2019-01-10,4.463,4.463,0.0,1.0
2019-01-11,4.499,4.499,0.0,1.0
2019-01-14,4.482,4.482,0.0,1.0
2019-01-15,4.546,4.546,0.0,1.0
2019-01-16,4.531,4.531,0.0,1.0
2019-01-17,4.493,4.493,0.0,1.0
2019-01-18,4.552,4.552,0.0,1.0
2019-01-21,4.564,4.564,0.0,1.0
2019-01-22,4.5,4.5,0.0,1.0
2019-01-23,4.499,4.499,0.0,1.0
2019-01-24,4.532,4.532,0.0,1.0
2019-01-25,4.526,4.526,0.0,1.0
2019-01-28,4.51,4.51,0.0,1.0
2019-01-29,4.436,4.436,0.0,1.0
2019-01-30,4.406,4.406,0.0,1.0
2019-01-31,4.365,4.365,0.0,1.0
2019-02-01,4.486,4.486,0.0,1.0
2019-02-11,4.596,4.596,0.0,1.0
2019-02-12,4.63,4.63,0.0,1.0
2019-02-13,4.707,4.707,0.0,1.0
2019-02-14,4.728,4.728,0.0,1.0
2019-02-15,4.703,4.703,0.0,1.0
2019-02-18,4.875,4.875,0.0,1.0
2019-02-19,4.867,4.867,0.0,1.0
2019-02-20,4.859,4.859,0.0,1.0
2019-02-21,4.864,4.864,0.0,1.0
2019-02-22,4.991,4.991,0.0,1.0
2019-02-25,5.267,5.267,0.0,1.0
2019-02-26,5.254,5.254,0.0,1.0
2019-02-27,5.224,5.224,0.0,1.0
2019-02-28,5.22,5.22,0.0,1.0
2019-03-01,5.271,5.271,0.0,1.0
2019-03-04,5.357,5.357,0.0,1.0
2019-03-05,5.516,5.516,0.0,1.0
2019-03-06,5.615,5.615,0.0,1.0
2019-03-07,5.696,5.696,0.0,1.0
2019-03-08,5.471,5.471,0.0,1.0
2019-03-11,5.666,5.666,0.0,1.0
2019-03-12,5.763,5.763,0.0,1.0
2019-03-13,5.647,5.647,0.0,1.0
2019-03-14,5.52,5.52,0.0,1.0
2019-03-15,5.574,5.574,0.0,1.0
2019-03-18,5.735,5.735,0.0,1.0
2019-03-19,5.734,5.734,0.0,1.0
2019-03-20,5.718,5.718,0.0,1.0
2019-03-21,5.8,5.8,0.0,1.0
2019-03-22,5.851,5.851,0.0,1.0
2019-03-25,5.769,5.769,0.0,1.0
2019-03-26,5.616,5.616,0.0,1.0
2019-03-27,5.66,5.66,0.0,1.0
2019-03-28,5.58,5.58,0.0,1.0
2019-03-29,5.78,5.78,0.0,1.0
2019-04-01,6.003,6.003,0.0,1.0
2019-04-02,6.011,6.011,0.0,1.0
2019-04-03,6.079,6.079,0.0,1.0
2019-04-04,6.129,6.129,0.0,1.0
2019-04-08,6.073,6.073,0.0,1.0
2019-04-09,6.095,6.095,0.0,1.0
2019-04-10,6.075,6.075,0.0,1.0
2019-04-11,5.979,5.979,0.0,1.0
2019-04-12,5.956,5.956,0.0,1.0
2019-04-15,5.877,5.877,0.0,1.0
2019-04-16,6.015,6.015,0.0,1.0
2019-04-17,6.029,6.029,0.0,1.0
2019-04-18,6.007,6.007,0.0,1.0
2019-04-19,6.049,6.049,0.0,1.0
2019-04-22,5.958,5.958,0.0,1.0
2019-04-23,5.862,5.862,0.0,1.0
2019-04-24,5.913,5.913,0.0,1.0
2019-04-25,5.695,5.695,0.0,1.0
2019-04-26,5.652,5.652,0.0,1.0
2019-04-29,5.5,5.5,0.0,1.0
2019-04-30,5.525,5.525,0.0,1.0
2019-05-06,5.165,5.165,0.0,1.0
2019-05-07,5.185,5.185,0.0,1.0
2019-05-08,5.142,5.142,0.0,1.0
2019-05-09,5.091,5.091,0.0,1.0
2019-05-10,5.285,5.285,0.0,1.0
2019-05-13,5.19,5.19,0.0,1.0
2019-05-14,5.178,5.178,0.0,1.0
2019-05-15,5.275,5.275,0.0,1.0
2019-05-16,5.309,5.309,0.0,1.0
2019-05-17,5.149,5.149,0.0,1.0
2019-05-20,5.13,5.13,0.0,1.0
2019-05-21,5.21,5.21,0.0,1.0
2019-05-22,5.186,5.186,0.0,1.0
2019-05-23,5.085,5.085,0.0,1.0
2019-05-24,5.055,5.055,0.0,1.0
2019-05-27,5.176,5.176,0.0,1.0
2019-05-28,5.164,5.164,0.0,1.0
2019-05-29,5.151,5.151,0.0,1.0
2019-05-30,5.138,5.138,0.0,1.0
2019-05-31,5.111,5.111,0.0,1.0
2019-06-03,5.068,5.068,0.0,1.0
2019-06-04,5.017,5.017,0.0,1.0
2019-06-05,5.0,5.0,0.0,1.0
2019-06-06,4.891,4.891,0.0,1.0
2019-06-10,4.938,4.938,0.0,1.0
2019-06-11,5.13,5.13,0.0,1.0
2019-06-12,5.082,5.082,0.0,1.0
2019-06-13,5.104,5.104,0.0,1.0
2019-06-14,5.017,5.017,0.0,1.0
2019-06-17,5.024,5.024,0.0,1.0
2019-06-18,5.012,5.012,0.0,1.0
2019-06-19,5.08,5.08,0.0,1.0
2019-06-20,5.177,5.177,0.0,1.0
2019-06-21,5.252,5.252,0.0,1.0
2019-06-24,5.237,5.237,0.0,1.0
2019-06-25,5.188,5.188,0.0,1.0
2019-06-26,5.182,5.182,0.0,1.0
2019-06-27,5.216,5.216,0.0,1.0
2019-06-28,5.175,5.175,0.0,1.0
2019-07-01,5.325,5.325,0.0,1.0
2019-07-02,5.301,5.301,0.0,1.0
2019-07-03,5.266,5.266,0.0,1.0
2019-07-04,5.25,5.25,0.0,1.0
2019-07-05,5.281,5.281,0.0,1.0
2019-07-08,5.103,5.103,0.0,1.0
2019-07-09,5.101,5.101,0.0,1.0
2019-07-10,5.077,5.077,0.0,1.0
2019-07-11,5.079,5.079,0.0,1.0
2019-07-12,5.094,5.094,0.0,1.0
2019-07-15,5.16,5.16,0.0,1.0
2019-07-16,5.171,5.171,0.0,1.0
2019-07-17,5.165,5.165,0.0,1.0
2019-07-18,5.09,5.09,0.0,1.0
2019-07-19,5.119,5.119,0.0,1.0
2019-07-22,5.026,5.026,0.0,1.0
2019-07-23,5.056,5.056,0.0,1.0
2019-07-24,5.105,5.105,0.0,1.0
2019-07-25,5.127,5.127,0.0,1.0
2019-07-26,5.144,5.144,0.0,1.0
2019-07-29,5.134,5.134,0.0,1.0
2019-07-30,5.173,5.173,0.0,1.0
2019-07-31,5.164,5.164,0.0,1.0
2019-08-01,5.122,5.122,0.0,1.0
2019-08-02,5.052,5.052,0.0,1.0
2019-08-05,5.003,5.003,0.0,1.0
2019-08-06,4.879,4.879,0.0,1.0
2019-08-07,4.855,4.855,0.0,1.0
2019-08-08,4.881,4.881,0.0,1.0
2019-08-09,4.833,4.833,0.0,1.0
2019-08-12,4.915,4.915,0.0,1.0
2019-08-13,4.892,4.892,0.0,1.0
2019-08-14,4.919,4.919,0.0,1.0
2019-08-15,4.94,4.94,0.0,1.0
2019-08-16,4.951,4.951,0.0,1.0
2019-08-19,5.116,5.116,0.0,1.0
2019-08-20,5.113,5.113,0.0,1.0
2019-08-21,5.121,5.121,0.0,1.0
2019-08-22,5.122,5.122,0.0,1.0
2019-08-23,5.125,5.125,0.0,1.0
2019-08-26,5.093,5.093,0.0,1.0
2019-08-27,5.175,5.175,0.0,1.0
2019-08-28,5.173,5.173,0.0,1.0
2019-08-29,5.18,5.18,0.0,1.0
2019-08-30,5.133,5.133,0.0,1.0
2019-09-02,5.256,5.256,0.0,1.0
2019-09-03,5.294,5.294,0.0,1.0
2019-09-04,5.355,5.355,0.0,1.0
2019-09-05,5.394,5.394,0.0,1.0
2019-09-06,5.419,5.419,0.0,1.0
2019-09-09,5.52,5.52,0.0,1.0
2019-09-10,5.515,5.515,0.0,1.0
2019-09-11,5.491,5.491,0.0,1.0
2019-09-12,5.51,5.51,0.0,1.0
2019-09-16,5.517,5.517,0.0,1.0
2019-09-17,5.413,5.413,0.0,1.0
2019-09-18,5.402,5.402,0.0,1.0
2019-09-19,5.454,5.454,0.0,1.0
2019-09-20,5.459,5.459,0.0,1.0
2019-09-23,5.448,5.448,0.0,1.0
2019-09-24,5.439,5.439,0.0,1.0
2019-09-25,5.345,5.345,0.0,1.0
2019-09-26,5.237,5.237,0.0,1.0
2019-09-27,5.262,5.262,0.0,1.0
2019-09-30,5.183,5.183,0.0,1.0
2019-10-08,5.192,5.192,0.0,1.0
2019-10-09,5.236,5.236,0.0,1.0
2019-10-10,5.3,5.3,0.0,1.0
2019-10-11,5.324,5.324,0.0,1.0
2019-10-14,5.391,5.391,0.0,1.0
2019-10-15,5.331,5.331,0.0,1.0
2019-10-16,5.3,5.3,0.0,1.0
2019-10-17,5.293,5.293,0.0,1.0
2019-10-18,5.229,5.229,0.0,1.0
2019-10-21,5.212,5.212,0.0,1.0
2019-10-22,5.265,5.265,0.0,1.0
2019-10-23,5.226,5.226,0.0,1.0
2019-10-24,5.211,5.211,0.0,1.0
2019-10-25,5.258,5.258,0.0,1.0
2019-10-28,5.342,5.342,0.0,1.0
2019-10-29,5.267,5.267,0.0,1.0
2019-10-30,5.203,5.203,0.0,1.0
2019-10-31,5.176,5.176,0.0,1.0
2019-11-01,5.224,5.224,0.0,1.0
2019-11-04,5.252,5.252,0.0,1.0
2019-11-05,5.29,5.29,0.0,1.0
2019-11-06,5.246,5.246,0.0,1.0
2019-11-07,5.273,5.273,0.0,1.0
2019-11-08,5.256,5.256,0.0,1.0
2019-11-11,5.139,5.139,0.0,1.0
2019-11-12,5.143,5.143,0.0,1.0
2019-11-13,5.137,5.137,0.0,1.0
2019-11-14,5.174,5.174,0.0,1.0
2019-11-15,5.144,5.144,0.0,1.0
2019-11-18,5.154,5.154,0.0,1.0
2019-11-19,5.246,5.246,0.0,1.0
2019-11-20,5.215,5.215,0.0,1.0
2019-11-21,5.216,5.216,0.0,1.0
2019-11-22,5.17,5.17,0.0,1.0
2019-11-25,5.165,5.165,0.0,1.0
2019-11-26,5.164,5.164,0.0,1.0
2019-11-27,5.172,5.172,0.0,1.0
2019-11-28,5.161,5.161,0.0,1.0
2019-11-29,5.165,5.165,0.0,1.0
2019-12-02,5.178,5.178,0.0,1.0
2019-12-03,5.196,5.196,0.0,1.0
2019-12-04,5.195,5.195,0.0,1.0
2019-12-05,5.239,5.239,0.0,1.0
2019-12-06,5.294,5.294,0.0,1.0
2019-12-09,5.301,5.301,0.0,1.0
2019-12-10,5.326,5.326,0.0,1.0
2019-12-11,5.308,5.308,0.0,1.0
2019-12-12,5.297,5.297,0.0,1.0
2019-12-13,5.365,5.365,0.0,1.0
2019-12-16,5.448,5.448,0.0,1.0
2019-12-17,5.525,5.525,0.0,1.0
2019-12-18,5.534,5.534,0.0,1.0
2019-12-19,5.536,5.536,0.0,1.0
2019-12-20,5.489,5.489,0.0,1.0
2019-12-23,5.373,5.373,0.0,1.0
2019-12-24,5.446,5.446,0.0,1.0
2019-12-25,5.469,5.469,0.0,1.0
2019-12-26,5.504,5.504,0.0,1.0
2019-12-27,5.475,5.475,0.0,1.0
2019-12-30,5.535,5.535,0.0,1.0
2019-12-31,5.567,5.567,0.0,1.0
2020-01-02,5.668,5.668,0.0,1.0
2020-01-03,5.681,5.681,0.0,1.0
2020-01-06,5.739,5.739,0.0,1.0
2020-01-07,5.803,5.803,0.0,1.0
2020-01-08,5.741,5.741,0.0,1.0
2020-01-09,5.81,5.81,0.0,1.0
2020-01-10,5.791,5.791,0.0,1.0
2020-01-13,5.885,5.885,0.0,1.0
2020-01-14,5.855,5.855,0.0,1.0
2020-01-15,5.846,5.846,0.0,1.0
2020-01-16,5.85,5.85,0.0,1.0
2020-01-17,5.824,5.824,0.0,1.0
2020-01-20,5.91,5.91,0.0,1.0
2020-01-21,5.85,5.85,0.0,1.0
2020-01-22,5.891,5.891,0.0,1.0
2020-01-23,5.716,5.716,0.0,1.0
2020-02-03,5.18,5.18,0.0,1.0
2020-02-04,5.284,5.284,0.0,1.0
2020-02-05,5.408,5.408,0.0,1.0
2020-02-06,5.576,5.576,0.0,1.0
2020-02-07,5.633,5.633,0.0,1.0
2020-02-10,5.688,5.688,0.0,1.0
2020-02-11,5.668,5.668,0.0,1.0
2020-02-12,5.767,5.767,0.0,1.0
2020-02-13,5.726,5.726,0.0,1.0
2020-02-14,5.738,5.738,0.0,1.0
2020-02-17,5.917,5.917,0.0,1.0
2020-02-18,5.976,5.976,0.0,1.0
2020-02-19,5.93,5.93,0.0,1.0
2020-02-20,6.034,6.034,0.0,1.0
2020-02-21,6.117,6.117,0.0,1.0
2020-02-24,6.188,6.188,0.0,1.0
2020-02-25,6.222,6.222,0.0,1.0
2020-02-26,6.089,6.089,0.0,1.0
2020-02-27,6.077,6.077,0.0,1.0
2020-02-28,5.764,5.764,0.0,1.0
2020-03-02,5.978,5.978,0.0,1.0
2020-03-03,6.034,6.034,0.0,1.0
2020-03-04,6.038,6.038,0.0,1.0
2020-03-05,6.125,6.125,0.0,1.0
2020-03-06,6.104,6.104,0.0,1.0
2020-03-09,5.86,5.86,0.0,1.0
2020-03-10,5.985,5.985,0.0,1.0
2020-03-11,5.918,5.918,0.0,1.0
2020-03-12,5.819,5.819,0.0,1.0
2020-03-13,5.785,5.785,0.0,1.0
2020-03-16,5.521,5.521,0.0,1.0
2020-03-17,5.52,5.52,0.0,1.0
2020-03-18,5.423,5.423,0.0,1.0
2020-03-19,5.463,5.463,0.0,1.0
2020-03-20,5.53,5.53,0.0,1.0
2020-03-23,5.3,5.3,0.0,1.0
2020-03-24,5.386,5.386,0.0,1.0
2020-03-25,5.511,5.511,0.0,1.0
2020-03-26,5.47,5.47,0.0,1.0
2020-03-27,5.442,5.442,0.0,1.0
2020-03-30,5.32,5.32,0.0,1.0
2020-03-31,5.333,5.333,0.0,1.0
2020-04-01,5.307,5.307,0.0,1.0
2020-04-02,5.458,5.458,0.0,1.0
2020-04-03,5.409,5.409,0.0,1.0
2020-04-07,5.563,5.563,0.0,1.0
2020-04-08,5.578,5.578,0.0,1.0
2020-04-09,5.633,5.633,0.0,1.0
2020-04-10,5.527,5.527,0.0,1.0
2020-04-13,5.473,5.473,0.0,1.0
2020-04-14,5.588,5.588,0.0,1.0
2020-04-15,5.577,5.577,0.0,1.0
2020-04-16,5.62,5.62,0.0,1.0
2020-04-17,5.63,5.63,0.0,1.0
2020-04-20,5.694,5.694,0.0,1.0
2020-04-21,5.655,5.655,0.0,1.0
2020-04-22,5.703,5.703,0.0,1.0
2020-04-23,5.678,5.678,0.0,1.0
2020-04-24,5.6,5.6,0.0,1.0
2020-04-27,5.582,5.582,0.0,1.0
2020-04-28,5.535,5.535,0.0,1.0
2020-04-29,5.549,5.549,0.0,1.0
2020-04-30,5.679,5.679,0.0,1.0
2020-05-06,5.779,5.779,0.0,1.0
2020-05-07,5.769,5.769,0.0,1.0
2020-05-08,5.835,5.835,0.0,1.0
2020-05-11,5.825,5.825,0.0,1.0
2020-05-12,5.835,5.835,0.0,1.0
2020-05-13,5.863,5.863,0.0,1.0
2020-05-14,5.83,5.83,0.0,1.0
2020-05-15,5.838,5.838,0.0,1.0
2020-05-18,5.808,5.808,0.0,1.0
2020-05-19,5.877,5.877,0.0,1.0
2020-05-20,5.826,5.826,0.0,1.0
2020-05-21,5.761,5.761,0.0,1.0
2020-05-22,5.67,5.67,0.0,1.0
2020-05-25,5.652,5.652,0.0,1.0
2020-05-26,5.751,5.751,0.0,1.0
2020-05-27,5.712,5.712,0.0,1.0
2020-05-28,5.691,5.691,0.0,1.0
2020-05-29,5.746,5.746,0.0,1.0
2020-06-01,5.923,5.923,0.0,1.0
2020-06-02,5.924,5.924,0.0,1.0
2020-06-03,5.921,5.921,0.0,1.0
2020-06-04,5.928,5.928,0.0,1.0
2020-06-05,5.943,5.943,0.0,1.0
2020-06-08,5.933,5.933,0.0,1.0
2020-06-09,5.963,5.963,0.0,1.0
2020-06-10,5.971,5.971,0.0,1.0
2020-06-11,5.962,5.962,0.0,1.0
2020-06-12,5.957,5.957,0.0,1.0
2020-06-15,5.966,5.966,0.0,1.0
2020-06-16,6.069,6.069,0.0,1.0
2020-06-17,6.12,6.12,0.0,1.0
2020-06-18,6.116,6.116,0.0,1.0
2020-06-19,6.173,6.173,0.0,1.0
2020-06-22,6.182,6.182,0.0,1.0
2020-06-23,6.201,6.201,0.0,1.0
2020-06-24,6.206,6.206,0.0,1.0
2020-06-29,6.165,6.165,0.0,1.0
2020-06-30,6.268,6.268,0.0,1.0
2020-07-01,6.3,6.3,0.0,1.0
2020-07-02,6.409,6.409,0.0,1.0
2020-07-03,6.487,6.487,0.0,1.0
2020-07-06,6.786,6.786,0.0,1.0
2020-07-07,6.855,6.855,0.0,1.0
2020-07-08,7.006,7.006,0.0,1.0
2020-07-09,7.18,7.18,0.0,1.0
2020-07-10,7.171,7.171,0.0,1.0
2020-07-13,7.42,7.42,0.0,1.0
2020-07-14,7.315,7.315,0.0,1.0
2020-07-15,7.14,7.14,0.0,1.0
2020-07-16,6.852,6.852,0.0,1.0
2020-07-17,6.87,6.87,0.0,1.0
2020-07-20,7.072,7.072,0.0,1.0
2020-07-21,7.105,7.105,0.0,1.0
2020-07-22,7.169,7.169,0.0,1.0
2020-07-23,7.165,7.165,0.0,1.0
2020-07-24,6.835,6.835,0.0,1.0
2020-07-27,6.816,6.816,0.0,1.0
2020-07-28,6.887,6.887,0.0,1.0
2020-07-29,7.088,7.088,0.0,1.0
2020-07-30,7.063,7.063,0.0,1.0
2020-07-31,7.126,7.126,0.0,1.0
2020-08-03,7.306,7.306,0.0,1.0
2020-08-04,7.273,7.273,0.0,1.0
2020-08-05,7.345,7.345,0.0,1.0
2020-08-06,7.356,7.356,0.0,1.0
2020-08-07,7.27,7.27,0.0,1.0
2020-08-10,7.283,7.283,0.0,1.0
2020-08-11,7.159,7.159,0.0,1.0
2020-08-12,7.078,7.078,0.0,1.0
2020-08-13,7.12,7.12,0.0,1.0
2020-08-14,7.207,7.207,0.0,1.0
2020-08-17,7.313,7.313,0.0,1.0
2020-08-18,7.365,7.365,0.0,1.0
2020-08-19,7.249,7.249,0.0,1.0
2020-08-20,7.174,7.174,0.0,1.0
2020-08-21,7.223,7.223,0.0,1.0
2020-08-24,7.257,7.257,0.0,1.0
2020-08-25,7.226,7.226,0.0,1.0
2020-08-26,7.105,7.105,0.0,1.0
2020-08-27,7.159,7.159,0.0,1.0
2020-08-28,7.288,7.288,0.0,1.0
2020-08-31,7.261,7.261,0.0,1.0
2020-09-01,7.297,7.297,0.0,1.0
2020-09-02,7.295,7.295,0.0,1.0
2020-09-03,7.251,7.251,0.0,1.0
2020-09-04,7.207,7.207,0.0,1.0
2020-09-07,7.048,7.048,0.0,1.0
2020-09-08,7.102,7.102,0.0,1.0
2020-09-09,6.931,6.931,0.0,1.0
2020-09-10,6.812,6.812,0.0,1.0
2020-09-11,6.863,6.863,0.0,1.0
2020-09-14,6.914,6.914,0.0,1.0
2020-09-15,6.939,6.939,0.0,1.0
2020-09-16,6.919,6.919,0.0,1.0
2020-09-17,6.928,6.928,0.0,1.0
2020-09-18,7.056,7.056,0.0,1.0
2020-09-21,7.02,7.02,0.0,1.0
2020-09-22,6.93,6.93,0.0,1.0
2020-09-23,6.956,6.956,0.0,1.0
2020-09-24,6.814,6.814,0.0,1.0
2020-09-25,6.814,6.814,0.0,1.0
2020-09-28,6.738,6.738,0.0,1.0
2020-09-29,6.79,6.79,0.0,1.0
2020-09-30,6.75,6.75,0.0,1.0
2020-10-09,6.925,6.925,0.0,1.0
2020-10-12,7.131,7.131,0.0,1.0
2020-10-13,7.146,7.146,0.0,1.0
2020-10-14,7.107,7.107,0.0,1.0
2020-10-15,7.055,7.055,0.0,1.0
2020-10-16,7.013,7.013,0.0,1.0
2020-10-19,6.943,6.943,0.0,1.0
2020-10-20,7.005,7.005,0.0,1.0
2020-10-21,6.942,6.942,0.0,1.0
2020-10-22,6.899,6.899,0.0,1.0
2020-10-23,6.795,6.795,0.0,1.0
2020-10-26,6.788,6.788,0.0,1.0
2020-10-27,6.778,6.778,0.0,1.0
2020-10-28,6.82,6.82,0.0,1.0
2020-10-29,6.83,6.83,0.0,1.0
2020-10-30,6.682,6.682,0.0,1.0
2020-11-02,6.695,6.695,0.0,1.0
2020-11-03,6.805,6.805,0.0,1.0
2020-11-04,6.801,6.801,0.0,1.0
2020-11-05,6.937,6.937,0.0,1.0
2020-11-06,6.89,6.89,0.0,1.0
2020-11-09,6.999,6.999,0.0,1.0
2020-11-10,6.956,6.956,0.0,1.0
2020-11-11,6.874,6.874,0.0,1.0
2020-11-12,6.887,6.887,0.0,1.0
2020-11-13,6.887,6.887,0.0,1.0
2020-11-16,6.979,6.979,0.0,1.0
2020-11-17,6.922,6.922,0.0,1.0
2020-11-18,6.916,6.916,0.0,1.0
2020-11-19,6.947,6.947,0.0,1.0
2020-11-20,7.007,7.007,0.0,1.0
2020-11-23,7.064,7.064,0.0,1.0
2020-11-24,7.068,7.068,0.0,1.0
2020-11-25,6.952,6.952,0.0,1.0
2020-11-26,6.925,6.925,0.0,1.0
2020-11-27,6.95,6.95,0.0,1.0
2020-11-30,6.907,6.907,0.0,1.0
2020-12-01,7.009,7.009,0.0,1.0
2020-12-02,7.034,7.034,0.0,1.0
2020-12-03,7.043,7.043,0.0,1.0
2020-12-04,7.071,7.071,0.0,1.0
2020-12-07,7.024,7.024,0.0,1.0
2020-12-08,7.015,7.015,0.0,1.0
2020-12-09,6.906,6.906,0.0,1.0
2020-12-10,6.916,6.916,0.0,1.0
2020-12-11,6.786,6.786,0.0,1.0
2020-12-14,6.841,6.841,0.0,1.0
2020-12-15,6.843,6.843,0.0,1.0
2020-12-16,6.818,6.818,0.0,1.0
2020-12-17,6.896,6.896,0.0,1.0
2020-12-18,6.9,6.9,0.0,1.0
2020-12-21,6.997,6.997,0.0,1.0
2020-12-22,6.846,6.846,0.0,1.0
2020-12-23,6.889,6.889,0.0,1.0
2020-12-24,6.794,6.794,0.0,1.0
2020-12-25,6.864,6.864,0.0,1.0
2020-12-28,6.823,6.823,0.0,1.0
2020-12-29,6.789,6.789,0.0,1.0
2020-12-30,6.841,6.841,0.0,1.0
2020-12-31,6.954,6.954,0.0,1.0
2021-01-04,7.075,7.075,0.0,1.0
2021-01-05,7.148,7.148,0.0,1.0
2021-01-06,7.121,7.121,0.0,1.0
2021-01-07,7.141,7.141,0.0,1.0
2021-01-08,7.164,7.164,0.0,1.0
2021-01-11,7.064,7.064,0.0,1.0
2021-01-12,7.137,7.137,0.0,1.0
2021-01-13,7.102,7.102,0.0,1.0
2021-01-14,7.041,7.041,0.0,1.0
2021-01-15,7.004,7.004,0.0,1.0
2021-01-18,7.113,7.113,0.0,1.0
2021-01-19,7.074,7.074,0.0,1.0
2021-01-20,7.141,7.141,0.0,1.0
2021-01-21,7.248,7.248,0.0,1.0
2021-01-22,7.26,7.26,0.0,1.0
2021-01-25,7.26,7.26,0.0,1.0
2021-01-26,7.156,7.156,0.0,1.0
2021-01-27,7.166,7.166,0.0,1.0
2021-01-28,7.039,7.039,0.0,1.0
2021-01-29,6.954,6.954,0.0,1.0
2021-02-01,6.988,6.988,0.0,1.0
2021-02-02,7.061,7.061,0.0,1.0
2021-02-03,7.03,7.03,0.0,1.0
2021-02-04,6.936,6.936,0.0,1.0
2021-02-05,6.85,6.85,0.0,1.0
2021-02-08,6.92,6.92,0.0,1.0
2021-02-09,7.064,7.064,0.0,1.0
2021-02-10,7.14,7.14,0.0,1.0
2021-02-18,7.233,7.233,0.0,1.0
2021-02-19,7.34,7.34,0.0,1.0
2021-02-22,7.335,7.335,0.0,1.0
2021-02-23,7.267,7.267,0.0,1.0
2021-02-24,7.153,7.153,0.0,1.0
2021-02-25,7.123,7.123,0.0,1.0
2021-02-26,6.975,6.975,0.0,1.0
2021-03-01,7.105,7.105,0.0,1.0
2021-03-02,7.05,7.05,0.0,1.0
2021-03-03,7.139,7.139,0.0,1.0
2021-03-04,7.027,7.027,0.0,1.0
2021-03-05,7.025,7.025,0.0,1.0
2021-03-08,6.881,6.881,0.0,1.0
2021-03-09,6.717,6.717,0.0,1.0
2021-03-10,6.639,6.639,0.0,1.0
2021-03-11,6.811,6.811,0.0,1.0
2021-03-12,6.83,6.83,0.0,1.0
2021-03-15,6.779,6.779,0.0,1.0
2021-03-16,6.779,6.779,0.0,1.0
2021-03-17,6.82,6.82,0.0,1.0
2021-03-18,6.876,6.876,0.0,1.0
2021-03-19,6.818,6.818,0.0,1.0
2021-03-22,6.906,6.906,0.0,1.0
2021-03-23,6.83,6.83,0.0,1.0
2021-03-24,6.752,6.752,0.0,1.0
2021-03-25,6.766,6.766,0.0,1.0
2021-03-26,6.866,6.866,0.0,1.0
2021-03-29,6.859,6.859,0.0,1.0
2021-03-30,6.885,6.885,0.0,1.0
2021-03-31,6.87,6.87,0.0,1.0
2021-04-01,6.932,6.932,0.0,1.0
2021-04-02,6.939,6.939,0.0,1.0
2021-04-06,6.957,6.957,0.0,1.0
2021-04-07,6.956,6.956,0.0,1.0
2021-04-08,6.977,6.977,0.0,1.0
2021-04-09,6.969,6.969,0.0,1.0
2021-04-12,6.853,6.853,0.0,1.0
2021-04-13,6.819,6.819,0.0,1.0
2021-04-14,6.888,6.888,0.0,1.0
2021-04-15,6.894,6.894,0.0,1.0
2021-04-16,6.982,6.982,0.0,1.0
2021-04-19,7.048,7.048,0.0,1.0
2021-04-20,7.067,7.067,0.0,1.0
2021-04-21,7.054,7.054,0.0,1.0
2021-04-22,7.077,7.077,0.0,1.0
2021-04-23,7.106,7.106,0.0,1.0
2021-04-26,7.081,7.081,0.0,1.0
2021-04-27,7.08,7.08,0.0,1.0
2021-04-28,7.131,7.131,0.0,1.0
2021-04-29,7.136,7.136,0.0,1.0
2021-04-30,7.143,7.143,0.0,1.0
2021-05-06,7.127,7.127,0.0,1.0
2021-05-07,7.106,7.106,0.0,1.0
2021-05-10,7.12,7.12,0.0,1.0
2021-05-11,7.107,7.107,0.0,1.0
2021-05-12,7.178,7.178,0.0,1.0
2021-05-13,7.097,7.097,0.0,1.0
2021-05-14,7.198,7.198,0.0,1.0
2021-05-17,7.241,7.241,0.0,1.0
2021-05-18,7.264,7.264,0.0,1.0
2021-05-19,7.253,7.253,0.0,1.0
2021-05-20,7.22,7.22,0.0,1.0
2021-05-21,7.205,7.205,0.0,1.0
2021-05-24,7.22,7.22,0.0,1.0
2021-05-25,7.298,7.298,0.0,1.0
2021-05-26,7.308,7.308,0.0,1.0
2021-05-27,7.362,7.362,0.0,1.0
2021-05-28,7.357,7.357,0.0,1.0
2021-05-31,7.414,7.414,0.0,1.0
2021-06-01,7.441,7.441,0.0,1.0
2021-06-02,7.38,7.38,0.0,1.0
2021-06-03,7.35,7.35,0.0,1.0
2021-06-04,7.404,7.404,0.0,1.0
2021-06-07,7.422,7.422,0.0,1.0
2021-06-08,7.385,7.385,0.0,1.0
2021-06-09,7.39,7.39,0.0,1.0
2021-06-10,7.474,7.474,0.0,1.0
2021-06-11,7.447,7.447,0.0,1.0
2021-06-15,7.366,7.366,0.0,1.0
2021-06-16,7.263,7.263,0.0,1.0
2021-06-17,7.305,7.305,0.0,1.0
2021-06-18,7.37,7.37,0.0,1.0
2021-06-21,7.407,7.407,0.0,1.0
2021-06-22,7.456,7.456,0.0,1.0
2021-06-23,7.528,7.528,0.0,1.0
2021-06-24,7.495,7.495,0.0,1.0
2021-06-25,7.555,7.555,0.0,1.0
2021-06-28,7.565,7.565,0.0,1.0
2021-06-29,7.511,7.511,0.0,1.0
2021-06-30,7.54,7.54,0.0,1.0
2021-07-01,7.459,7.459,0.0,1.0
2021-07-02,7.395,7.395,0.0,1.0
2021-07-05,7.438,7.438,0.0,1.0
2021-07-06,7.443,7.443,0.0,1.0
2021-07-07,7.512,7.512,0.0,1.0
2021-07-08,7.504,7.504,0.0,1.0
2021-07-09,7.568,7.568,0.0,1.0
2021-07-12,7.676,7.676,0.0,1.0
2021-07-13,7.755,7.755,0.0,1.0
2021-07-14,7.69,7.69,0.0,1.0
2021-07-15,7.707,7.707,0.0,1.0
2021-07-16,7.723,7.723,0.0,1.0
2021-07-19,7.684,7.684,0.0,1.0
2021-07-20,7.681,7.681,0.0,1.0
2021-07-21,7.776,7.776,0.0,1.0
2021-07-22,7.834,7.834,0.0,1.0
2021-07-23,7.807,7.807,0.0,1.0
2021-07-26,7.666,7.666,0.0,1.0
2021-07-27,7.538,7.538,0.0,1.0
2021-07-28,7.402,7.402,0.0,1.0
2021-07-29,7.528,7.528,0.0,1.0
2021-07-30,7.555,7.555,0.0,1.0
2021-08-02,7.657,7.657,0.0,1.0
2021-08-03,7.61,7.61,0.0,1.0
2021-08-04,7.718,7.718,0.0,1.0
2021-08-05,7.713,7.713,0.0,1.0
2021-08-06,7.745,7.745,0.0,1.0
2021-08-09,7.773,7.773,0.0,1.0
2021-08-10,7.834,7.834,0.0,1.0
2021-08-11,7.888,7.888,0.0,1.0
2021-08-12,7.938,7.938,0.0,1.0
2021-08-13,7.93,7.93,0.0,1.0
2021-08-16,7.887,7.887,0.0,1.0
2021-08-17,7.713,7.713,0.0,1.0
2021-08-18,7.744,7.744,0.0,1.0
2021-08-19,7.762,7.762,0.0,1.0
2021-08-20,7.754,7.754,0.0,1.0
2021-08-23,7.834,7.834,0.0,1.0
2021-08-24,7.927,7.927,0.0,1.0
2021-08-25,7.975,7.975,0.0,1.0
2021-08-26,7.972,7.972,0.0,1.0
2021-08-27,8.017,8.017,0.0,1.0
2021-08-30,8.063,8.063,0.0,1.0
2021-08-31,8.073,8.073,0.0,1.0
2021-09-01,8.036,8.036,0.0,1.0
2021-09-02,8.17,8.17,0.0,1.0
2021-09-03,8.145,8.145,0.0,1.0
2021-09-06,8.212,8.212,0.0,1.0
2021-09-07,8.393,8.393,0.0,1.0
2021-09-08,8.418,8.418,0.0,1.0
2021-09-09,8.517,8.517,0.0,1.0
2021-09-10,8.518,8.518,0.0,1.0
2021-09-13,8.555,8.555,0.0,1.0
2021-09-14,8.45,8.45,0.0,1.0
2021-09-15,8.486,8.486,0.0,1.0
2021-09-16,8.33,8.33,0.0,1.0
2021-09-17,8.27,8.27,0.0,1.0
2021-09-22,8.338,8.338,0.0,1.0
2021-09-23,8.381,8.381,0.0,1.0
2021-09-24,8.272,8.272,0.0,1.0
2021-09-27,8.032,8.032,0.0,1.0
2021-09-28,8.042,8.042,0.0,1.0
2021-09-29,7.861,7.861,0.0,1.0
2021-09-30,7.925,7.925,0.0,1.0
2021-10-08,7.927,7.927,0.0,1.0
2021-10-11,7.918,7.918,0.0,1.0
2021-10-12,7.757,7.757,0.0,1.0
2021-10-13,7.79,7.79,0.0,1.0
2021-10-14,7.826,7.826,0.0,1.0
2021-10-15,7.863,7.863,0.0,1.0
2021-10-18,7.889,7.889,0.0,1.0
2021-10-19,7.967,7.967,0.0,1.0
2021-10-20,7.945,7.945,0.0,1.0
2021-10-21,7.927,7.927,0.0,1.0
2021-10-22,7.865,7.865,0.0,1.0
2021-10-25,7.928,7.928,0.0,1.0
2021-10-26,7.949,7.949,0.0,1.0
2021-10-27,7.875,7.875,0.0,1.0
2021-10-28,7.781,7.781,0.0,1.0
2021-10-29,7.847,7.847,0.0,1.0
2021-11-01,7.88,7.88,0.0,1.0
2021-11-02,7.809,7.809,0.0,1.0
2021-11-03,7.84,7.84,0.0,1.0
2021-11-04,7.892,7.892,0.0,1.0
2021-11-05,7.832,7.832,0.0,1.0
2021-11-08,7.851,7.851,0.0,1.0
2021-11-09,7.906,7.906,0.0,1.0
2021-11-10,7.889,7.889,0.0,1.0
2021-11-11,7.961,7.961,0.0,1.0
2021-11-12,8.003,8.003,0.0,1.0
2021-11-15,7.942,7.942,0.0,1.0
2021-11-16,7.893,7.893,0.0,1.0
2021-11-17,7.94,7.94,0.0,1.0
2021-11-18,7.925,7.925,0.0,1.0
2021-11-19,8.022,8.022,0.0,1.0
2021-11-22,8.094,8.094,0.0,1.0
2021-11-23,8.112,8.112,0.0,1.0
2021-11-24,8.11,8.11,0.0,1.0
2021-11-25,8.101,8.101,0.0,1.0
2021-11-26,8.08,8.08,0.0,1.0
2021-11-29,8.08,8.08,0.0,1.0
2021-11-30,8.102,8.102,0.0,1.0
2021-12-01,8.143,8.143,0.0,1.0
2021-12-02,8.097,8.097,0.0,1.0
2021-12-03,8.171,8.171,0.0,1.0
2021-12-06,8.11,8.11,0.0,1.0
2021-12-07,8.058,8.058,0.0,1.0
2021-12-08,8.165,8.165,0.0,1.0
2021-12-09,8.191,8.191,0.0,1.0
2021-12-10,8.18,8.18,0.0,1.0
2021-12-13,8.189,8.189,0.0,1.0
2021-12-14,8.176,8.176,0.0,1.0
2021-12-15,8.151,8.151,0.0,1.0
2021-12-16,8.228,8.228,0.0,1.0
2021-12-17,8.177,8.177,0.0,1.0
2021-12-20,8.052,8.052,0.0,1.0
2021-12-21,8.118,8.118,0.0,1.0
2021-12-22,8.154,8.154,0.0,1.0
2021-12-23,8.188,8.188,0.0,1.0
2021-12-24,8.135,8.135,0.0,1.0
2021-12-27,8.121,8.121,0.0,1.0
2021-12-28,8.14,8.14,0.0,1.0
2021-12-29,8.109,8.109,0.0,1.0
2021-12-30,8.159,8.159,0.0,1.0
2021-12-31,8.212,8.212,0.0,1.0
2022-01-04,8.204,8.204,0.0,1.0
2022-01-05,8.05,8.05,0.0,1.0
2022-01-06,8.06,8.06,0.0,1.0
2022-01-07,8.023,8.023,0.0,1.0
2022-01-10,8.029,8.029,0.0,1.0
2022-01-11,7.977,7.977,0.0,1.0
2022-01-12,8.028,8.028,0.0,1.0
2022-01-13,7.938,7.938,0.0,1.0
2022-01-14,7.906,7.906,0.0,1.0
2022-01-17,7.985,7.985,0.0,1.0
2022-01-18,7.997,7.997,0.0,1.0
2022-01-19,7.945,7.945,0.0,1.0
2022-01-20,7.875,7.875,0.0,1.0
2022-01-21,7.797,7.797,0.0,1.0
2022-01-24,7.79,7.79,0.0,1.0
2022-01-25,7.544,7.544,0.0,1.0
2022-01-26,7.564,7.564,0.0,1.0
2022-01-27,7.394,7.394,0.0,1.0
2022-01-28,7.35,7.35,0.0,1.0
2022-02-07,7.445,7.445,0.0,1.0
2022-02-08,7.528,7.528,0.0,1.0
2022-02-09,7.631,7.631,0.0,1.0
2022-02-10,7.638,7.638,0.0,1.0
2022-02-11,7.551,7.551,0.0,1.0
2022-02-14,7.487,7.487,0.0,1.0
2022-02-15,7.548,7.548,0.0,1.0
2022-02-16,7.558,7.558,0.0,1.0
2022-02-17,7.563,7.563,0.0,1.0
2022-02-18,6.827,7.6283933003549995,0.0,1.117385865
2022-02-21,6.857,7.661914876305,0.0,1.117385865
2022-02-22,6.788,7.584815251619999,0.0,1.117385865
2022-02-23,6.888,7.696553838119999,0.0,1.117385865
2022-02-24,6.772,7.56693707778,0.0,1.117385865
2022-02-25,6.822,7.622806371029999,0.0,1.117385865
2022-02-28,6.847,7.650741017655,0.0,1.117385865
2022-03-01,6.868,7.67420612082,0.0,1.117385865
2022-03-02,6.872,7.678675664279999,0.0,1.117385865
2022-03-03,6.858,7.663032262169999,0.0,1.117385865
2022-03-04,6.811,7.610515126515,0.0,1.117385865
2022-03-07,6.665,7.447376790224999,0.0,1.117385865
2022-03-08,6.423,7.1769694108949995,0.0,1.117385865
2022-03-09,6.294,7.032826634309999,0.0,1.117385865
2022-03-10,6.406,7.1579738511899995,0.0,1.117385865
2022-03-11,6.483,7.244012562794999,0.0,1.117385865
2022-03-14,6.342,7.0864611558299995,0.0,1.117385865
2022-03-15,5.966,6.66632407059,0.0,1.117385865
2022-03-16,6.143,6.864101368695,0.0,1.117385865
2022-03-17,6.265,7.000422444224999,0.0,1.117385865
2022-03-18,6.324,7.066348210259999,0.0,1.117385865
2022-03-21,6.356,7.10210455794,0.0,1.117385865
2022-03-22,6.379,7.127804432834999,0.0,1.117385865
2022-03-23,6.406,7.1579738511899995,0.0,1.117385865
2022-03-24,6.353,7.098752400344999,0.0,1.117385865
2022-03-25,6.265,7.000422444224999,0.0,1.117385865
2022-03-28,6.284,7.021652775659999,0.0,1.117385865
2022-03-29,6.26,6.994835514899999,0.0,1.117385865
2022-03-30,6.385,7.134508748025,0.0,1.117385865
2022-03-31,6.331,7.074169911315,0.0,1.117385865
2022-04-01,6.37,7.11774796005,0.0,1.117385865
2022-04-06,6.36,7.1065741014,0.0,1.117385865
2022-04-07,6.214,6.94343576511,0.0,1.117385865
2022-04-08,6.229,6.960196553085,0.0,1.117385865
2022-04-11,6.04,6.7490106245999995,0.0,1.117385865
2022-04-12,6.133,6.852927510044999,0.0,1.117385865
2022-04-13,6.046,6.75571493979,0.0,1.117385865
2022-04-14,6.124,6.842871037259999,0.0,1.117385865
2022-04-15,6.064,6.77582788536,0.0,1.117385865
2022-04-18,6.077,6.790353901604999,0.0,1.117385865
2022-04-19,6.096,6.81158423304,0.0,1.117385865
2022-04-20,5.955,6.6540328260749995,0.0,1.117385865
2022-04-21,5.773,6.450668598645,0.0,1.117385865
2022-04-22,5.752,6.42720349548,0.0,1.117385865
2022-04-25,5.388,6.020475040619999,0.0,1.117385865
2022-04-26,5.239,5.853984546734999,0.0,1.117385865
2022-04-27,5.438,6.076344333869999,0.0,1.117385865
2022-04-28,5.435,6.072992176274999,0.0,1.117385865
2022-04-29,5.64,6.302056278599999,0.0,1.117385865
2022-05-05,5.686,6.353456028389999,0.0,1.117385865
2022-05-06,5.556,6.20819586594,0.0,1.117385865
2022-05-09,5.612,6.27076947438,0.0,1.117385865
2022-05-10,5.69,6.35792557185,0.0,1.117385865
2022-05-11,5.739,6.412677479235,0.0,1.117385865
2022-05-12,5.745,6.419381794425,0.0,1.117385865
2022-05-13,5.805,6.486424946324999,0.0,1.117385865
2022-05-16,5.794,6.474133701809999,0.0,1.117385865
2022-05-17,5.823,6.506537891895,0.0,1.117385865
2022-05-18,5.815,6.497598804975,0.0,1.117385865
2022-05-19,5.852,6.53894208198,0.0,1.117385865
2022-05-20,5.949,6.647328510884999,0.0,1.117385865
2022-05-23,5.97,6.670793614049999,0.0,1.117385865
2022-05-24,5.785,6.4640772290249995,0.0,1.117385865
2022-05-25,5.864,6.552350712359999,0.0,1.117385865
2022-05-26,5.928,6.623863407719999,0.0,1.117385865
2022-05-27,5.928,6.623863407719999,0.0,1.117385865
2022-05-30,5.957,6.656267597804999,0.0,1.117385865
2022-05-31,6.06,6.771358341899999,0.0,1.117385865
2022-06-01,6.054,6.76465402671,0.0,1.117385865
2022-06-02,6.119,6.837284107934999,0.0,1.117385865
2022-06-06,6.219,6.9490226944349995,0.0,1.117385865
2022-06-07,6.217,6.946787922704999,0.0,1.117385865
2022-06-08,6.256,6.99036597144,0.0,1.117385865
2022-06-09,6.185,6.911031575024999,0.0,1.117385865
2022-06-10,6.3,7.0395309495,0.0,1.117385865
2022-06-13,6.274,7.0104789170099995,0.0,1.117385865
2022-06-14,6.34,7.084226384099999,0.0,1.117385865
2022-06-15,6.312,7.052939579879999,0.0,1.117385865
2022-06-16,6.319,7.060761280934999,0.0,1.117385865
2022-06-17,6.378,7.12668704697,0.0,1.117385865
2022-06-20,6.385,7.134508748025,0.0,1.117385865
2022-06-21,6.339,7.083108998235,0.0,1.117385865
2022-06-22,6.249,6.982544270385,0.0,1.117385865
2022-06-23,6.377,7.125569661105,0.0,1.117385865
2022-06-24,6.444,7.2004345140599995,0.0,1.117385865
2022-06-27,6.473,7.232838704144999,0.0,1.117385865
2022-06-28,6.577,7.349046834105,0.0,1.117385865
2022-06-29,6.472,7.23172131828,0.0,1.117385865
2022-06-30,6.528,7.294294926719999,0.0,1.117385865
2022-07-01,6.516,7.280886296339999,0.0,1.117385865
2022-07-04,6.596,7.370277165539999,0.0,1.117385865
2022-07-05,6.592,7.365807622079999,0.0,1.117385865
2022-07-06,6.508,7.2719472094199995,0.0,1.117385865
2022-07-07,6.536,7.303234013639999,0.0,1.117385865
2022-07-08,6.501,7.264125508365,0.0,1.117385865
2022-07-11,6.414,7.166912938109999,0.0,1.117385865
2022-07-12,6.336,7.07975684064,0.0,1.117385865
2022-07-13,6.357,7.103221943805,0.0,1.117385865
2022-07-14,6.399,7.150152150135,0.0,1.117385865
2022-07-15,6.286,7.023887547389999,0.0,1.117385865
2022-07-18,6.401,7.152386921864999,0.0,1.117385865
2022-07-19,6.432,7.18702588368,0.0,1.117385865
2022-07-20,6.507,7.270829823554999,0.0,1.117385865
2022-07-21,6.448,7.20490405752,0.0,1.117385865
2022-07-22,6.393,7.1434478349449995,0.0,1.117385865
2022-07-25,6.329,7.071935139584999,0.0,1.117385865
2022-07-26,6.4,7.151269536,0.0,1.117385865
2022-07-27,6.425,7.179204182624999,0.0,1.117385865
2022-07-28,6.45,7.20713882925,0.0,1.117385865
2022-07-29,6.408,7.16020862292,0.0,1.117385865
2022-08-01,6.45,7.20713882925,0.0,1.117385865
2022-08-02,6.289,7.027239704984999,0.0,1.117385865
2022-08-03,6.241,6.973605183464999,0.0,1.117385865
2022-08-04,6.267,7.002657215955,0.0,1.117385865
2022-08-05,6.39,7.140095677349999,0.0,1.117385865
2022-08-08,6.432,7.18702588368,0.0,1.117385865
2022-08-09,6.445,7.201551899925,0.0,1.117385865
2022-08-10,6.439,7.194847584734999,0.0,1.117385865
2022-08-11,6.558,7.327816502669999,0.0,1.117385865
2022-08-12,6.554,7.32334695921,0.0,1.117385865
2022-08-15,6.553,7.322229573344999,0.0,1.117385865
2022-08-16,6.576,7.3479294482399995,0.0,1.117385865
2022-08-17,6.616,7.392624882839999,0.0,1.117385865
2022-08-18,6.594,7.36804239381,0.0,1.117385865
2022-08-19,6.512,7.2764167528799994,0.0,1.117385865
2022-08-22,6.59,7.36357285035,0.0,1.117385865
2022-08-23,6.592,7.365807622079999,0.0,1.117385865
2022-08-24,6.408,7.16020862292,0.0,1.117385865
2022-08-25,6.447,7.203786671654999,0.0,1.117385865
2022-08-26,6.433,7.188143269544999,0.0,1.117385865
2022-08-29,6.436,7.19149542714,0.0,1.117385865
2022-08-30,6.414,7.166912938109999,0.0,1.117385865
2022-08-31,6.277,7.013831074605,0.0,1.117385865
2022-09-01,6.254,6.988131199709999,0.0,1.117385865
2022-09-02,6.267,7.002657215955,0.0,1.117385865
2022-09-05,6.292,7.03059186258,0.0,1.117385865
2022-09-06,6.41,7.1624433946499995,0.0,1.117385865
2022-09-07,6.433,7.188143269544999,0.0,1.117385865
2022-09-08,6.397,7.147917378404999,0.0,1.117385865
2022-09-09,6.436,7.19149542714,0.0,1.117385865
2022-09-13,6.417,7.170265095704999,0.0,1.117385865
2022-09-14,6.371,7.118865345915,0.0,1.117385865
2022-09-15,6.222,6.95237485203,0.0,1.117385865
2022-09-16,6.075,6.788119129875,0.0,1.117385865
2022-09-19,6.03,6.73783676595,0.0,1.117385865
2022-09-20,6.059,6.770240956035,0.0,1.117385865
2022-09-21,6.081,6.794823445065,0.0,1.117385865
2022-09-22,6.083,6.7970582167949996,0.0,1.117385865
2022-09-23,6.05,6.76018448325,0.0,1.117385865
2022-09-26,5.92,6.614924320799999,0.0,1.117385865
2022-09-27,6.03,6.73783676595,0.0,1.117385865
2022-09-28,5.892,6.58363751658,0.0,1.117385865
2022-09-29,5.895,6.586989674174999,0.0,1.117385865
2022-09-30,5.826,6.509890049489999,0.0,1.117385865
2022-10-10,5.745,6.419381794425,0.0,1.117385865
2022-10-11,5.787,6.466312000755,0.0,1.117385865
2022-10-12,5.922,6.617159092529999,0.0,1.117385865
2022-10-13,5.939,6.636154652235,0.0,1.117385865
2022-10-14,6.095,6.810466847174999,0.0,1.117385865
2022-10-17,6.12,6.838401493799999,0.0,1.117385865
2022-10-18,6.145,6.866336140424999,0.0,1.117385865
2022-10-19,6.099,6.814936390634999,0.0,1.117385865
2022-10-20,6.069,6.781414814684999,0.0,1.117385865
2022-10-21,6.071,6.783649586414999,0.0,1.117385865
2022-10-24,6.023,6.7300150648949995,0.0,1.117385865
2022-10-25,5.982,6.68420224443,0.0,1.117385865
2022-10-26,6.088,6.80264514612,0.0,1.117385865
2022-10-27,6.083,6.7970582167949996,0.0,1.117385865
2022-10-28,5.896,6.58810706004,0.0,1.117385865
2022-10-31,5.918,6.61268954907,0.0,1.117385865
2022-11-01,6.076,6.789236515739999,0.0,1.117385865
2022-11-02,6.109,6.826110249285,0.0,1.117385865
2022-11-03,6.114,6.83169717861,0.0,1.117385865
2022-11-04,6.254,6.988131199709999,0.0,1.117385865
2022-11-07,6.256,6.99036597144,0.0,1.117385865
2022-11-08,6.264,6.99930505836,0.0,1.117385865
2022-11-09,6.242,6.97472256933,0.0,1.117385865
2022-11-10,6.223,6.9534922378949995,0.0,1.117385865
2022-11-11,6.253,6.9870138138449995,0.0,1.117385865
2022-11-14,6.244,6.976957341059999,0.0,1.117385865
2022-11-15,6.348,7.093165471019999,0.0,1.117385865
2022-11-16,6.329,7.071935139584999,0.0,1.117385865
2022-11-17,6.33,7.07305252545,0.0,1.117385865
2022-11-18,6.326,7.068582981989999,0.0,1.117385865
2022-11-21,6.317,7.058526509205,0.0,1.117385865
2022-11-22,6.249,6.982544270385,0.0,1.117385865
2022-11-23,6.245,6.978074726925,0.0,1.117385865
2022-11-24,6.245,6.978074726925,0.0,1.117385865
2022-11-25,6.22,6.950140080299999,0.0,1.117385865
2022-11-28,6.177,6.902092488104999,0.0,1.117385865
2022-11-29,6.285,7.022770161525,0.0,1.117385865
2022-11-30,6.265,7.000422444224999,0.0,1.117385865
2022-12-01,6.301,7.040648335365,0.0,1.117385865
2022-12-02,6.286,7.023887547389999,0.0,1.117385865
2022-12-05,6.332,7.075287297179999,0.0,1.117385865
2022-12-06,6.328,7.07081775372,0.0,1.117385865
2022-12-07,6.319,7.060761280934999,0.0,1.117385865
2022-12-08,6.301,7.040648335365,0.0,1.117385865
2022-12-09,6.32,7.0618786668,0.0,1.117385865
2022-12-12,6.293,7.031709248445,0.0,1.117385865
2022-12-13,6.257,6.9914833573049995,0.0,1.117385865
2022-12-14,6.226,6.956844395489999,0.0,1.117385865
2022-12-15,6.222,6.95237485203,0.0,1.117385865
2022-12-16,6.201,6.928909748864999,0.0,1.117385865
2022-12-19,6.072,6.78476697228,0.0,1.117385865
2022-12-20,5.999,6.703197804134999,0.0,1.117385865
2022-12-21,5.974,6.67526315751,0.0,1.117385865
2022-12-22,5.904,6.5970461469599995,0.0,1.117385865
2022-12-23,5.897,6.589224445905,0.0,1.117385865
2022-12-26,5.955,6.6540328260749995,0.0,1.117385865
2022-12-27,6.005,6.709902119324999,0.0,1.117385865
2022-12-28,5.989,6.6920239454849995,0.0,1.117385865
2022-12-29,5.986,6.688671787889999,0.0,1.117385865
2022-12-30,5.993,6.696493488945,0.0,1.117385865
2023-01-03,6.076,6.789236515739999,0.0,1.117385865
2023-01-04,6.072,6.78476697228,0.0,1.117385865
2023-01-05,6.13,6.84957535245,0.0,1.117385865
2023-01-06,6.137,6.857397053504999,0.0,1.117385865
2023-01-09,6.157,6.879744770805,0.0,1.117385865
2023-01-10,6.166,6.88980124359,0.0,1.117385865
2023-01-11,6.146,6.867453526289999,0.0,1.117385865
2023-01-12,6.14,6.860749211099999,0.0,1.117385865
2023-01-13,6.19,6.91661850435,0.0,1.117385865
2023-01-16,6.242,6.97472256933,0.0,1.117385865
2023-01-17,6.255,6.989248585574999,0.0,1.117385865
2023-01-18,6.281,7.018300618064999,0.0,1.117385865
2023-01-19,6.337,7.080874226504999,0.0,1.117385865
2023-01-20,6.379,7.127804432834999,0.0,1.117385865
2023-01-30,6.406,7.1579738511899995,0.0,1.117385865
2023-01-31,6.418,7.171382481569999,0.0,1.117385865
2023-02-01,6.485,7.246247334525,0.0,1.117385865
2023-02-02,6.494,7.256303807309999,0.0,1.117385865
2023-02-03,6.471,7.230603932415,0.0,1.117385865
2023-02-06,6.439,7.194847584734999,0.0,1.117385865
2023-02-07,6.436,7.19149542714,0.0,1.117385865
2023-02-08,6.395,7.145682606674999,0.0,1.117385865
2023-02-09,6.493,7.255186421445,0.0,1.117385865
2023-02-10,6.468,7.227251774819999,0.0,1.117385865
2023-02-13,6.507,7.270829823554999,0.0,1.117385865
2023-02-14,6.526,7.29206015499,0.0,1.117385865
2023-02-15,6.512,7.2764167528799994,0.0,1.117385865
2023-02-16,6.436,7.19149542714,0.0,1.117385865
2023-02-17,6.373,7.121100117645,0.0,1.117385865
2023-02-20,6.471,7.230603932415,0.0,1.117385865
2023-02-21,6.518,7.283121068069999,0.0,1.117385865
2023-02-22,6.514,7.27865152461,0.0,1.117385865
2023-02-23,6.49,7.251834263849999,0.0,1.117385865
2023-02-24,6.476,7.236190861739999,0.0,1.117385865
2023-02-27,6.439,7.194847584734999,0.0,1.117385865
2023-02-28,6.496,7.25853857904,0.0,1.117385865
2023-03-01,6.531,7.297647084314999,0.0,1.117385865
2023-03-02,6.518,7.283121068069999,0.0,1.117385865
2023-03-03,6.518,7.283121068069999,0.0,1.117385865
2023-03-06,6.524,7.289825383259999,0.0,1.117385865
2023-03-07,6.422,7.175852025029999,0.0,1.117385865
2023-03-08,6.425,7.179204182624999,0.0,1.117385865
2023-03-09,6.415,7.168030323975,0.0,1.117385865
2023-03-10,6.341,7.085343769965,0.0,1.117385865
2023-03-13,6.377,7.125569661105,0.0,1.117385865
2023-03-14,6.321,7.0629960526649995,0.0,1.117385865
2023-03-15,6.353,7.098752400344999,0.0,1.117385865
2023-03-16,6.28,7.0171832322,0.0,1.117385865
2023-03-17,6.32,7.0618786668,0.0,1.117385865
2023-03-20,6.296,7.03506140604,0.0,1.117385865
2023-03-21,6.36,7.1065741014,0.0,1.117385865
2023-03-22,6.393,7.1434478349449995,0.0,1.117385865
2023-03-23,6.429,7.183673726085,0.0,1.117385865
2023-03-24,6.438,7.193730198869999,0.0,1.117385865
2023-03-27,6.437,7.192612813005,0.0,1.117385865
2023-03-28,6.425,7.179204182624999,0.0,1.117385865
2023-03-29,6.398,7.149034764269999,0.0,1.117385865
2023-03-30,6.425,7.179204182624999,0.0,1.117385865
2023-03-31,6.471,7.230603932415,0.0,1.117385865
2023-04-03,6.541,7.308820942965,0.0,1.117385865
2023-04-04,6.548,7.31664264402,0.0,1.117385865
2023-04-06,6.545,7.313290486424999,0.0,1.117385865
2023-04-07,6.601,7.375864094864999,0.0,1.117385865
2023-04-10,6.552,7.321112187479999,0.0,1.117385865
2023-04-11,6.552,7.321112187479999,0.0,1.117385865
2023-04-12,6.579,7.351281605834999,0.0,1.117385865
2023-04-13,6.552,7.321112187479999,0.0,1.117385865
2023-04-14,6.566,7.336755589589999,0.0,1.117385865
2023-04-17,6.597,7.371394551405,0.0,1.117385865
2023-04-18,6.584,7.356868535159999,0.0,1.117385865
2023-04-19,6.552,7.321112187479999,0.0,1.117385865
2023-04-20,6.55,7.318877415749999,0.0,1.117385865
2023-04-21,6.396,7.146799992539999,0.0,1.117385865
2023-04-24,6.347,7.092048085155,0.0,1.117385865
2023-04-25,6.255,6.989248585574999,0.0,1.117385865
2023-04-26,6.273,7.009361531144999,0.0,1.117385865
2023-04-27,6.306,7.04623526469,0.0,1.117385865
2023-04-28,6.388,7.137860905619999,0.0,1.117385865
2023-05-04,6.397,7.147917378404999,0.0,1.117385865
2023-05-05,6.344,7.08869592756,0.0,1.117385865
2023-05-08,6.381,7.130039204565,0.0,1.117385865
2023-05-09,6.326,7.068582981989999,0.0,1.117385865
2023-05-10,6.315,7.056291737475,0.0,1.117385865
2023-05-11,6.298,7.037296177769999,0.0,1.117385865
2023-05-12,6.23,6.96131393895,0.0,1.117385865
2023-05-15,6.301,7.040648335365,0.0,1.117385865
2023-05-16,6.256,6.99036597144,0.0,1.117385865
2023-05-17,6.258,6.99260074317,0.0,1.117385865
2023-05-18,6.275,7.011596302875,0.0,1.117385865
2023-05-19,6.276,7.012713688739999,0.0,1.117385865
2023-05-22,6.27,7.006009373549999,0.0,1.117385865
2023-05-23,6.212,6.941200993379999,0.0,1.117385865
2023-05-24,6.165,6.888683857725,0.0,1.117385865
2023-05-25,6.144,6.86521875456,0.0,1.117385865
2023-05-26,6.188,6.914383732619999,0.0,1.117385865
2023-05-29,6.187,6.913266346755,0.0,1.117385865
2023-05-30,6.223,6.9534922378949995,0.0,1.117385865
2023-05-31,6.211,6.940083607515,0.0,1.117385865
2023-06-01,6.22,6.950140080299999,0.0,1.117385865
2023-06-02,6.275,7.011596302875,0.0,1.117385865
2023-06-05,6.263,6.998187672495,0.0,1.117385865
2023-06-06,6.152,6.87415784148,0.0,1.117385865
2023-06-07,6.152,6.87415784148,0.0,1.117385865
2023-06-08,6.144,6.86521875456,0.0,1.117385865
2023-06-09,6.19,6.91661850435,0.0,1.117385865
2023-06-12,6.206,6.93449667819,0.0,1.117385865
2023-06-13,6.229,6.960196553085,0.0,1.117385865
2023-06-14,6.232,6.96354871068,0.0,1.117385865
2023-06-15,6.289,7.027239704984999,0.0,1.117385865
2023-06-16,6.343,7.087578541695,0.0,1.117385865
2023-06-19,6.332,7.075287297179999,0.0,1.117385865
2023-06-20,6.329,7.071935139584999,0.0,1.117385865
2023-06-21,6.197,6.924440205404999,0.0,1.117385865
2023-06-26,6.096,6.81158423304,0.0,1.117385865
2023-06-27,6.143,6.864101368695,0.0,1.117385865
2023-06-28,6.15,6.87192306975,0.0,1.117385865
2023-06-29,6.149,6.870805683884999,0.0,1.117385865
2023-06-30,6.218,6.947905308569999,0.0,1.117385865
2023-07-03,6.253,6.9870138138449995,0.0,1.117385865
2023-07-04,6.264,6.99930505836,0.0,1.117385865
2023-07-05,6.239,6.971370411734999,0.0,1.117385865
2023-07-06,6.199,6.926674977134999,0.0,1.117385865
2023-07-07,6.182,6.90767941743,0.0,1.117385865
2023-07-10,6.2,6.927792363,0.0,1.117385865
2023-07-11,6.252,6.985896427979999,0.0,1.117385865
2023-07-12,6.191,6.917735890214999,0.0,1.117385865
2023-07-13,6.267,7.002657215955,0.0,1.117385865
2023-07-14,6.251,6.984779042115,0.0,1.117385865
2023-07-17,6.237,6.969135640005,0.0,1.117385865
2023-07-18,6.23,6.96131393895,0.0,1.117385865
2023-07-19,6.217,6.946787922704999,0.0,1.117385865
2023-07-20,6.153,6.875275227344999,0.0,1.117385865
2023-07-21,6.158,6.88086215667,0.0,1.117385865
2023-07-24,6.143,6.864101368695,0.0,1.117385865
2023-07-25,6.241,6.973605183464999,0.0,1.117385865
2023-07-26,6.228,6.95907916722,0.0,1.117385865
2023-07-27,6.186,6.91214896089,0.0,1.117385865
2023-07-28,6.275,7.011596302875,0.0,1.117385865
2023-07-31,6.317,7.058526509205,0.0,1.117385865
2023-08-01,6.327,7.069700367855,0.0,1.117385865
2023-08-02,6.303,7.042883107094999,0.0,1.117385865
2023-08-03,6.326,7.068582981989999,0.0,1.117385865
2023-08-04,6.365,7.112161030725,0.0,1.117385865
2023-08-07,6.333,7.076404683044999,0.0,1.117385865
2023-08-08,6.311,7.051822194014999,0.0,1.117385865
2023-08-09,6.26,6.994835514899999,0.0,1.117385865
2023-08-10,6.261,6.995952900764999,0.0,1.117385865
2023-08-11,6.145,6.866336140424999,0.0,1.117385865
2023-08-14,6.141,6.861866596964999,0.0,1.117385865
2023-08-15,6.11,6.82722763515,0.0,1.117385865
2023-08-16,6.068,6.780297428819999,0.0,1.117385865
2023-08-17,6.102,6.81828854823,0.0,1.117385865
2023-08-18,6.008,6.71325427692,0.0,1.117385865
2023-08-21,5.933,6.629450337044999,0.0,1.117385865
2023-08-22,5.963,6.662971912994999,0.0,1.117385865
2023-08-23,5.855,6.542294239575,0.0,1.117385865
2023-08-24,5.872,6.561289799279999,0.0,1.117385865
2023-08-25,5.803,6.484190174595,0.0,1.117385865
2023-08-28,5.865,6.553468098225,0.0,1.117385865
2023-08-29,5.993,6.696493488945,0.0,1.117385865
2023-08-30,5.998,6.70208041827,0.0,1.117385865
2023-08-31,5.963,6.662971912994999,0.0,1.117385865
2023-09-01,5.972,6.67302838578,0.0,1.117385865
2023-09-04,6.056,6.766888798439999,0.0,1.117385865
2023-09-05,6.018,6.724428135569999,0.0,1.117385865
2023-09-06,6.014,6.71995859211,0.0,1.117385865
2023-09-07,5.926,6.62162863599,0.0,1.117385865
2023-09-08,5.932,6.62833295118,0.0,1.117385865
2023-09-11,5.991,6.694258717214999,0.0,1.117385865
2023-09-12,5.994,6.69761087481,0.0,1.117385865
2023-09-13,5.929,6.624980793585,0.0,1.117385865
2023-09-14,5.928,6.623863407719999,0.0,1.117385865
2023-09-15,5.927,6.622746021854999,0.0,1.117385865
2023-09-18,5.948,6.64621112502,0.0,1.117385865
2023-09-19,5.92,6.614924320799999,0.0,1.117385865
2023-09-20,5.882,6.572463657929999,0.0,1.117385865
2023-09-21,5.83,6.51435959295,0.0,1.117385865
2023-09-22,5.93,6.62609817945,0.0,1.117385865
2023-09-25,5.895,6.586989674174999,0.0,1.117385865
2023-09-26,5.877,6.566876728604999,0.0,1.117385865
2023-09-27,5.903,6.595928761094999,0.0,1.117385865
2023-09-28,5.913,6.607102619745,0.0,1.117385865
2023-10-09,5.881,6.571346272065,0.0,1.117385865
2023-10-10,5.851,6.537824696115,0.0,1.117385865
2023-10-11,5.846,6.53223776679,0.0,1.117385865
2023-10-12,5.891,6.582520130714999,0.0,1.117385865
2023-10-13,5.857,6.544529011304999,0.0,1.117385865
2023-10-16,5.802,6.4830727887299995,0.0,1.117385865
2023-10-17,5.814,6.496481419109999,0.0,1.117385865
2023-10-18,5.743,6.417147022695,0.0,1.117385865
2023-10-19,5.686,6.353456028389999,0.0,1.117385865
2023-10-20,5.648,6.310995365519999,0.0,1.117385865
2023-10-23,5.493,6.137800556445,0.0,1.117385865
2023-10-24,5.56,6.2126654094,0.0,1.117385865
2023-10-25,5.584,6.239482670159999,0.0,1.117385865
2023-10-26,5.605,6.262947773325,0.0,1.117385865
2023-10-27,5.706,6.37580374569,0.0,1.117385865
2023-10-30,5.759,6.435025196535,0.0,1.117385865
2023-10-31,5.742,6.416029636829999,0.0,1.117385865
2023-11-01,5.735,6.408207935775,0.0,1.117385865
2023-11-02,5.68,6.346751713199999,0.0,1.117385865
2023-11-03,5.726,6.39815146299,0.0,1.117385865
2023-11-06,5.821,6.504303120164999,0.0,1.117385865
2023-11-07,5.827,6.511007435354999,0.0,1.117385865
2023-11-08,5.825,6.508772663625,0.0,1.117385865
2023-11-09,5.808,6.489777103919999,0.0,1.117385865
2023-11-10,5.789,6.468546772484999,0.0,1.117385865
2023-11-13,5.823,6.506537891895,0.0,1.117385865
2023-11-14,5.849,6.5355899243849995,0.0,1.117385865
2023-11-15,5.88,6.5702288862,0.0,1.117385865
2023-11-16,5.825,6.508772663625,0.0,1.117385865
2023-11-17,5.845,6.531120380925,0.0,1.117385865
2023-11-20,5.882,6.572463657929999,0.0,1.117385865
2023-11-21,5.86,6.5478811689,0.0,1.117385865
2023-11-22,5.792,6.471898930079999,0.0,1.117385865
2023-11-23,5.844,6.53000299506,0.0,1.117385865
2023-11-24,5.799,6.479720631135,0.0,1.117385865
2023-11-27,5.784,6.462959843159999,0.0,1.117385865
2023-11-28,5.807,6.488659718055,0.0,1.117385865
2023-11-29,5.776,6.454020756239999,0.0,1.117385865
2023-11-30,5.76,6.4361425824,0.0,1.117385865
2023-12-01,5.781,6.4596076855649995,0.0,1.117385865
2023-12-04,5.778,6.456255527969999,0.0,1.117385865
2023-12-05,5.674,6.34004739801,0.0,1.117385865
2023-12-06,5.695,6.363512501175,0.0,1.117385865
2023-12-07,5.693,6.361277729444999,0.0,1.117385865
2023-12-08,5.712,6.382508060879999,0.0,1.117385865
2023-12-11,5.777,6.455138142105,0.0,1.117385865
2023-12-12,5.789,6.468546772484999,0.0,1.117385865
2023-12-13,5.728,6.400386234719999,0.0,1.117385865
2023-12-14,5.704,6.373568973959999,0.0,1.117385865
2023-12-15,5.664,6.328873539359999,0.0,1.117385865
2023-12-18,5.596,6.25289130054,0.0,1.117385865
2023-12-19,5.595,6.251773914674999,0.0,1.117385865
2023-12-20,5.527,6.175791675855,0.0,1.117385865
2023-12-21,5.541,6.191435077965,0.0,1.117385865
2023-12-22,5.524,6.17243951826,0.0,1.117385865
2023-12-25,5.521,6.169087360664999,0.0,1.117385865
2023-12-26,5.472,6.11433545328,0.0,1.117385865
2023-12-27,5.494,6.138917942309999,0.0,1.117385865
2023-12-28,5.589,6.245069599485,0.0,1.117385865
2023-12-29,5.637,6.298704121004999,0.0,1.117385865
2024-01-02,5.613,6.271886860245,0.0,1.117385865
2024-01-03,5.606,6.264065159189999,0.0,1.117385865
2024-01-04,5.562,6.21490018113,0.0,1.117385865
2024-01-05,5.494,6.138917942309999,0.0,1.117385865
2024-01-08,5.368,5.99812732332,0.0,1.117385865
2024-01-09,5.374,6.004831638509999,0.0,1.117385865
2024-01-10,5.362,5.99142300813,0.0,1.117385865
2024-01-11,5.419,6.055114002434999,0.0,1.117385865
2024-01-12,5.41,6.045057529649999,0.0,1.117385865
2024-01-15,5.394,6.0271793558099995,0.0,1.117385865
2024-01-16,5.382,6.013770725429999,0.0,1.117385865
2024-01-17,5.262,5.8796844216299995,0.0,1.117385865
2024-01-18,5.259,5.876332264035,0.0,1.117385865
2024-01-19,5.218,5.830519443569999,0.0,1.117385865
2024-01-22,4.946,5.526590488289999,0.0,1.117385865
2024-01-23,5.062,5.65620724863,0.0,1.117385865
2024-01-24,5.131,5.733306873315,0.0,1.117385865
2024-01-25,5.27,5.888623508549999,0.0,1.117385865
2024-01-26,5.216,5.82828467184,0.0,1.117385865
2024-01-29,5.115,5.715428699475,0.0,1.117385865
2024-01-30,5.001,5.588046710865,0.0,1.117385865
2024-01-31,4.895,5.469603809174999,0.0,1.117385865
2024-02-01,4.867,5.438317004955,0.0,1.117385865
2024-02-02,4.74,5.2964090001,0.0,1.117385865
2024-02-05,4.659,5.205900745035,0.0,1.117385865
2024-02-06,5.032,5.622685672679999,0.0,1.117385865
2024-02-07,5.33,5.9556666604499995,0.0,1.117385865
2024-02-08,5.365,5.994775165725,0.0,1.117385865
2024-02-19,5.324,5.948962345259999,0.0,1.117385865
2024-02-20,5.326,5.9511971169899995,0.0,1.117385865
2024-02-21,5.328,5.95343188872,0.0,1.117385865
2024-02-22,5.362,5.99142300813,0.0,1.117385865
2024-02-23,5.389,6.021592426485,0.0,1.117385865
2024-02-26,5.385,6.017122883024999,0.0,1.117385865
2024-02-27,5.516,6.163500431339999,0.0,1.117385865
2024-02-28,5.383,6.014888111295,0.0,1.117385865
2024-02-29,5.557,6.209313251805,0.0,1.117385865
2024-03-01,5.589,6.245069599485,0.0,1.117385865
2024-03-04,5.584,6.239482670159999,0.0,1.117385865
2024-03-05,5.555,6.207078480074999,0.0,1.117385865
2024-03-06,5.551,6.2026089366149995,0.0,1.117385865
2024-03-07,5.478,6.121039768469999,0.0,1.117385865
2024-03-08,5.554,6.20596109421,0.0,1.117385865
2024-03-11,5.651,6.314347523114999,0.0,1.117385865
2024-03-12,5.621,6.280825947165,0.0,1.117385865
2024-03-13,5.615,6.2741216319749995,0.0,1.117385865
2024-03-14,5.592,6.248421757079999,0.0,1.117385865
2024-03-15,5.663,6.327756153495,0.0,1.117385865
2024-03-18,5.745,6.419381794425,0.0,1.117385865
2024-03-19,5.681,6.347869099065,0.0,1.117385865
2024-03-20,5.699,6.367982044634999,0.0,1.117385865
2024-03-21,5.669,6.334460468684999,0.0,1.117385865
2024-03-22,5.589,6.245069599485,0.0,1.117385865
2024-03-25,5.499,6.144504871634999,0.0,1.117385865
2024-03-26,5.474,6.116570225009999,0.0,1.117385865
2024-03-27,5.359,5.988070850534999,0.0,1.117385865
2024-03-28,5.416,6.05176184484,0.0,1.117385865
2024-03-29,5.488,6.13221362712,0.0,1.117385865
2024-04-01,5.603,6.260713001595,0.0,1.117385865
2024-04-02,5.58,6.235013126699999,0.0,1.117385865
2024-04-03,5.575,6.229426197375,0.0,1.117385865
2024-04-08,5.496,6.14115271404,0.0,1.117385865
2024-04-09,5.541,6.191435077965,0.0,1.117385865
2024-04-10,5.471,6.113218067415,0.0,1.117385865
2024-04-11,5.505,6.151209186825,0.0,1.117385865
2024-04-12,5.475,6.117687610875,0.0,1.117385865
2024-04-15,5.539,6.189200306235,0.0,1.117385865
2024-04-16,5.391,6.023827198215,0.0,1.117385865
2024-04-17,5.54,6.1903176921,0.0,1.117385865
2024-04-18,5.552,6.203726322479999,0.0,1.117385865
2024-04-19,5.516,6.163500431339999,0.0,1.117385865
2024-04-22,5.471,6.113218067415,0.0,1.117385865
2024-04-23,5.412,6.04729230138,0.0,1.117385865
2024-04-24,5.461,6.102044208765,0.0,1.117385865
2024-04-25,5.459,6.099809437034999,0.0,1.117385865
2024-04-26,5.583,6.238365284295,0.0,1.117385865
2024-04-29,5.694,6.362395115309999,0.0,1.117385865
2024-04-30,5.649,6.3121127513849995,0.0,1.117385865
2024-05-06,5.735,6.408207935775,0.0,1.117385865
2024-05-07,5.737,6.410442707504999,0.0,1.117385865
2024-05-08,5.659,6.323286610034999,0.0,1.117385865
2024-05-09,5.765,6.441729511724999,0.0,1.117385865
2024-05-10,5.743,6.417147022695,0.0,1.117385865
2024-05-13,5.708,6.378038517419999,0.0,1.117385865
2024-05-14,5.71,6.38027328915,0.0,1.117385865
2024-05-15,5.649,6.3121127513849995,0.0,1.117385865
2024-05-16,5.634,6.29535196341,0.0,1.117385865
2024-05-17,5.712,6.382508060879999,0.0,1.117385865
2024-05-20,5.735,6.408207935775,0.0,1.117385865
2024-05-21,5.694,6.362395115309999,0.0,1.117385865
2024-05-22,5.69,6.35792557185,0.0,1.117385865
2024-05-23,5.586,6.24171744189,0.0,1.117385865
2024-05-24,5.526,6.17467428999,0.0,1.117385865
2024-05-27,5.591,6.247304371215,0.0,1.117385865
2024-05-28,5.54,6.1903176921,0.0,1.117385865
2024-05-29,5.553,6.204843708345,0.0,1.117385865
2024-05-30,5.543,6.193669849695,0.0,1.117385865
2024-05-31,5.54,6.1903176921,0.0,1.117385865
2024-06-03,5.494,6.138917942309999,0.0,1.117385865
2024-06-04,5.569,6.222721882185,0.0,1.117385865
2024-06-05,5.5,6.1456222574999995,0.0,1.117385865
2024-06-06,5.473,6.115452839144999,0.0,1.117385865
2024-06-07,5.443,6.081931263194999,0.0,1.117385865
2024-06-11,5.462,6.1031615946299995,0.0,1.117385865
2024-06-12,5.475,6.117687610875,0.0,1.117385865
2024-06-13,5.446,6.085283420789999,0.0,1.117385865
2024-06-14,5.47,6.112100681549999,0.0,1.117385865
2024-06-17,5.447,6.086400806655,0.0,1.117385865
2024-06-18,5.47,6.112100681549999,0.0,1.117385865
2024-06-19,5.414,6.049527073109999,0.0,1.117385865
2024-06-20,5.335,5.961253589775,0.0,1.117385865
2024-06-21,5.342,5.969075290829999,0.0,1.117385865
2024-06-24,5.233,5.847280231544999,0.0,1.117385865
2024-06-25,5.187,5.795880481755,0.0,1.117385865
2024-06-26,5.261,5.878567035765,0.0,1.117385865
2024-06-27,5.173,5.7802370796449996,0.0,1.117385865
2024-06-28,5.182,5.79029355243,0.0,1.117385865
2024-07-01,5.243,5.858454090195,0.0,1.117385865
2024-07-02,5.193,5.802584796944999,0.0,1.117385865
2024-07-03,5.148,5.75230243302,0.0,1.117385865
2024-07-04,5.072,5.66738110728,0.0,1.117385865
2024-07-05,5.111,5.710959156014999,0.0,1.117385865
2024-07-08,5.025,5.614863971625,0.0,1.117385865
2024-07-09,5.121,5.722133014665,0.0,1.117385865
2024-07-10,5.092,5.6897288245799995,0.0,1.117385865
2024-07-11,5.188,5.796997867619999,0.0,1.117385865
2024-07-12,5.171,5.778002307915,0.0,1.117385865
2024-07-15,5.138,5.741128574369999,0.0,1.117385865
2024-07-16,5.147,5.7511850471549995,0.0,1.117385865
2024-07-17,5.112,5.71207654188,0.0,1.117385865
2024-07-18,5.131,5.733306873315,0.0,1.117385865
2024-07-19,5.131,5.733306873315,0.0,1.117385865
2024-07-22,5.116,5.716546085339999,0.0,1.117385865
2024-07-23,4.966,5.54893820559,0.0,1.117385865
2024-07-24,4.909,5.4852472112849995,0.0,1.117385865
2024-07-25,4.898,5.472955966769999,0.0,1.117385865
2024-07-26,4.98,5.5645816077,0.0,1.117385865
2024-07-29,4.956,5.53776434694,0.0,1.117385865
2024-07-30,4.946,5.526590488289999,0.0,1.117385865
2024-07-31,5.155,5.760124134075,0.0,1.117385865
2024-08-01,5.112,5.71207654188,0.0,1.117385865
2024-08-02,5.043,5.634976917195,0.0,1.117385865
2024-08-05,4.944,5.52435571656,0.0,1.117385865
2024-08-06,4.998,5.584694553269999,0.0,1.117385865
2024-08-07,5.0,5.586929325,0.0,1.117385865
2024-08-08,5.008,5.59586841192,0.0,1.117385865
2024-08-09,4.972,5.55564252078,0.0,1.117385865
2024-08-12,4.969,5.552290363185,0.0,1.117385865
2024-08-13,4.978,5.56234683597,0.0,1.117385865
2024-08-14,4.911,5.487481983014999,0.0,1.117385865
2024-08-15,4.949,5.529942645885,0.0,1.117385865
2024-08-16,4.922,5.4997732275299995,0.0,1.117385865
2024-08-19,4.932,5.51094708618,0.0,1.117385865
2024-08-20,4.848,5.417086673519999,0.0,1.117385865
2024-08-21,4.838,5.40591281487,0.0,1.117385865
2024-08-22,4.781,5.342221820564999,0.0,1.117385865
2024-08-23,4.78,5.3411044347,0.0,1.117385865
2024-08-26,4.784,5.345573978159999,0.0,1.117385865
2024-08-27,4.738,5.29417422837,0.0,1.117385865
2024-08-28,4.739,5.2952916142349995,0.0,1.117385865
2024-08-29,4.806,5.370156467189999,0.0,1.117385865
2024-08-30,4.886,5.45954733639,0.0,1.117385865
2024-09-02,4.788,5.35004352162,0.0,1.117385865
2024-09-03,4.843,5.411499744195,0.0,1.117385865
2024-09-04,4.825,5.391386798625,0.0,1.117385865
2024-09-05,4.846,5.41485190179,0.0,1.117385865
2024-09-06,4.781,5.342221820564999,0.0,1.117385865
2024-09-09,4.744,5.30087854356,0.0,1.117385865
2024-09-10,4.751,5.308700244615,0.0,1.117385865
2024-09-11,4.76,5.3187567173999994,0.0,1.117385865
2024-09-12,4.742,5.298643771829999,0.0,1.117385865
2024-09-13,4.692,5.2427744785799995,0.0,1.117385865
2024-09-18,4.709,5.2617700382849995,0.0,1.117385865
2024-09-19,4.777,5.337752277104999,0.0,1.117385865
2024-09-20,4.744,5.30087854356,0.0,1.117385865
2024-09-23,4.741,5.297526385964999,0.0,1.117385865
2024-09-24,4.96,5.5422338903999995,0.0,1.117385865
2024-09-25,4.992,5.57799023808,0.0,1.117385865
2024-09-26,5.236,5.850632389139999,0.0,1.117385865
2024-09-27,5.756,6.43167303894,0.0,1.117385865
2024-09-30,6.217,6.946787922704999,0.0,1.117385865
2024-10-08,6.51,7.274181981149999,0.0,1.117385865
2024-10-09,6.057,6.768006184305,0.0,1.117385865
2024-10-10,6.0,6.704315189999999,0.0,1.117385865
2024-10-11,5.776,6.454020756239999,0.0,1.117385865
2024-10-14,5.9,6.5925766034999995,0.0,1.117385865
2024-10-15,5.774,6.45178598451,0.0,1.117385865
2024-10-16,5.749,6.423851337884999,0.0,1.117385865
2024-10-17,5.713,6.3836254467449995,0.0,1.117385865
2024-10-18,5.96,6.6596197554,0.0,1.117385865
2024-10-21,6.016,6.72219336384,0.0,1.117385865
2024-10-22,6.054,6.76465402671,0.0,1.117385865
2024-10-23,6.085,6.799292988524999,0.0,1.117385865
2024-10-24,6.04,6.7490106245999995,0.0,1.117385865
2024-10-25,6.13,6.84957535245,0.0,1.117385865
2024-10-28,6.194,6.92108804781,0.0,1.117385865
2024-10-29,6.134,6.8540448959099995,0.0,1.117385865
2024-10-30,6.148,6.869688298019999,0.0,1.117385865
2024-10-31,6.228,6.95907916722,0.0,1.117385865
2024-11-01,6.159,6.881979542534999,0.0,1.117385865
2024-11-04,6.252,6.985896427979999,0.0,1.117385865
2024-11-05,6.441,7.197082356465,0.0,1.117385865
2024-11-06,6.461,7.2194300737649995,0.0,1.117385865
2024-11-07,6.576,7.3479294482399995,0.0,1.117385865
2024-11-08,6.567,7.337872975454999,0.0,1.117385865
2024-11-11,6.662,7.44402463263,0.0,1.117385865
2024-11-12,6.58,7.352398991699999,0.0,1.117385865
2024-11-13,6.588,7.361338078619999,0.0,1.117385865
2024-11-14,6.408,7.16020862292,0.0,1.117385865
2024-11-15,6.253,6.9870138138449995,0.0,1.117385865
2024-11-18,6.152,6.87415784148,0.0,1.117385865
2024-11-19,6.244,6.976957341059999,0.0,1.117385865
2024-11-20,6.308,7.0484700364199995,0.0,1.117385865
2024-11-21,6.301,7.040648335365,0.0,1.117385865
2024-11-22,6.06,6.771358341899999,0.0,1.117385865
2024-11-25,6.043,6.752362782195,0.0,1.117385865
2024-11-26,6.006,6.7110195051899995,0.0,1.117385865
2024-11-27,6.12,6.838401493799999,0.0,1.117385865
2024-11-28,6.072,6.78476697228,0.0,1.117385865
2024-11-29,6.159,6.881979542534999,0.0,1.117385865
2024-12-02,2.374,6.760885108775,0.1292,2.7934646625
2024-12-03,2.371,6.7525047147874995,0.1292,2.7934646625
2024-12-04,2.353,6.702222350862501,0.1292,2.7934646625
2024-12-05,2.356,6.710602744849999,0.1292,2.7934646625
2024-12-06,2.388,6.79999361405,0.1292,2.7934646625
2024-12-09,2.376,6.7664720381,0.1292,2.7934646625
2024-12-10,2.397,6.825134796012499,0.1292,2.7934646625
2024-12-11,2.413,6.869830230612499,0.1292,2.7934646625
2024-12-12,2.434,6.928492988525,0.1292,2.7934646625
2024-12-13,2.396,6.82234133135,0.1292,2.7934646625
2024-12-16,2.363,6.7301569974875,0.1292,2.7934646625
2024-12-17,2.335,6.651939986937499,0.1292,2.7934646625
2024-12-18,2.35,6.693841956875,0.1292,2.7934646625
2024-12-19,2.36,6.7217766034999995,0.1292,2.7934646625
2024-12-20,2.362,6.727363532825,0.1292,2.7934646625
2024-12-23,2.326,6.626798804975,0.1292,2.7934646625
2024-12-24,2.353,6.702222350862501,0.1292,2.7934646625
2024-12-25,2.333,6.6463530576125,0.1292,2.7934646625
2024-12-26,2.348,6.6882550275499995,0.1292,2.7934646625
2024-12-27,2.352,6.6994288862,0.1292,2.7934646625
2024-12-30,2.354,6.705015815525,0.1292,2.7934646625
2024-12-31,2.285,6.5122667538125,0.1292,2.7934646625
2025-01-02,2.217,6.3223111567625,0.1292,2.7934646625
2025-01-03,2.168,6.1854313883000005,0.1292,2.7934646625
2025-01-06,2.166,6.1798444589749995,0.1292,2.7934646625
2025-01-07,2.189,6.2440941462125,0.1292,2.7934646625
2025-01-08,2.178,6.2133660349249995,0.1292,2.7934646625
2025-01-09,2.179,6.2161594995875,0.1292,2.7934646625
2025-01-10,2.145,6.1211817010625,0.1292,2.7934646625
2025-01-13,2.15,6.135149024375,0.1292,2.7934646625
2025-01-14,2.222,6.336278480074999,0.1292,2.7934646625
2025-01-15,2.206,6.291583045475,0.1292,2.7934646625
2025-01-16,2.214,6.313930762775,0.1292,2.7934646625
2025-01-17,2.229,6.3558327327125,0.1292,2.7934646625
2025-01-20,2.241,6.3893543086625,0.1292,2.7934646625
2025-01-21,2.245,6.4005281673125,0.1292,2.7934646625
2025-01-22,2.24,6.386560844000001,0.1292,2.7934646625
2025-01-23,2.232,6.3642131267,0.1292,2.7934646625
2025-01-24,2.26,6.442430137249999,0.1292,2.7934646625
2025-01-27,2.231,6.361419662037499,0.1292,2.7934646625
2025-02-05,2.242,6.392147773325,0.1292,2.7934646625
2025-02-06,2.292,6.5318210064499995,0.1292,2.7934646625
2025-02-07,2.328,6.6323857343,0.1292,2.7934646625
2025-02-10,2.348,6.6882550275499995,0.1292,2.7934646625
2025-02-11,2.337,6.6575269162625,0.1292,2.7934646625
2025-02-12,2.372,6.7552981794499996,0.1292,2.7934646625
2025-02-13,2.356,6.710602744849999,0.1292,2.7934646625
2025-02-14,2.377,6.769265502762499,0.1292,2.7934646625
2025-02-17,2.374,6.760885108775,0.1292,2.7934646625
2025-02-18,2.335,6.651939986937499,0.1292,2.7934646625
2025-02-19,2.374,6.760885108775,0.1292,2.7934646625
2025-02-20,2.377,6.769265502762499,0.1292,2.7934646625
2025-02-21,2.42,6.88938448325,0.1292,2.7934646625
2025-02-24,2.416,6.878210624599999,0.1292,2.7934646625
2025-02-25,2.387,6.7972001493875,0.1292,2.7934646625
2025-02-26,2.418,6.8837975539250005,0.1292,2.7934646625
2025-02-27,2.406,6.850275977975,0.1292,2.7934646625
2025-02-28,2.338,6.6603203809250004,0.1292,2.7934646625
2025-03-03,2.347,6.685461562887499,0.1292,2.7934646625
2025-03-04,2.37,6.749711250125,0.1292,2.7934646625
2025-03-05,2.371,6.7525047147874995,0.1292,2.7934646625
2025-03-06,2.412,6.867036765949999,0.1292,2.7934646625
2025-03-07,2.398,6.827928260675,0.1292,2.7934646625
2025-03-10,2.397,6.825134796012499,0.1292,2.7934646625
2025-03-11,2.409,6.858656371962499,0.1292,2.7934646625
2025-03-12,2.411,6.8642433012875,0.1292,2.7934646625
2025-03-13,2.392,6.811167472699999,0.1292,2.7934646625
2025-03-14,2.434,6.928492988525,0.1292,2.7934646625
2025-03-17,2.435,6.9312864531875,0.1292,2.7934646625
2025-03-18,2.449,6.970394958462499,0.1292,2.7934646625
2025-03-19,2.434,6.928492988525,0.1292,2.7934646625
2025-03-20,2.419,6.8865910185875,0.1292,2.7934646625
2025-03-21,2.379,6.7748524320875,0.1292,2.7934646625
2025-03-24,2.378,6.772058967425,0.1292,2.7934646625
2025-03-25,2.373,6.7580916441125005,0.1292,2.7934646625
2025-03-26,2.374,6.760885108775,0.1292,2.7934646625
2025-03-27,2.379,6.7748524320875,0.1292,2.7934646625
2025-03-28,2.362,6.727363532825,0.1292,2.7934646625
2025-03-31,2.334,6.649146522275,0.1292,2.7934646625
2025-04-01,2.351,6.6966354215375,0.1292,2.7934646625
2025-04-02,2.353,6.702222350862501,0.1292,2.7934646625
2025-04-03,2.33,6.637972663625,0.1292,2.7934646625
2025-04-07,2.099,5.9926823265875,0.1292,2.7934646625
2025-04-08,2.124,6.06251894315,0.1292,2.7934646625
2025-04-09,2.167,6.1826379236374995,0.1292,2.7934646625
2025-04-10,2.211,6.305550368787499,0.1292,2.7934646625
2025-04-11,2.224,6.3418654094,0.1292,2.7934646625
2025-04-14,2.242,6.392147773325,0.1292,2.7934646625
2025-04-15,2.231,6.361419662037499,0.1292,2.7934646625
2025-04-16,2.218,6.325104621425,0.1292,2.7934646625
2025-04-17,2.218,6.325104621425,0.1292,2.7934646625
2025-04-18,2.217,6.3223111567625,0.1292,2.7934646625
2025-04-21,2.252,6.420082419949999,0.1292,2.7934646625
2025-04-22,2.244,6.39773470265,0.1292,2.7934646625
2025-04-23,2.248,6.4089085613000005,0.1292,2.7934646625
2025-04-24,2.241,6.3893543086625,0.1292,2.7934646625
2025-04-25,2.246,6.4033216319749995,0.1292,2.7934646625
2025-04-28,2.233,6.3670065913625,0.1292,2.7934646625
2025-04-29,2.236,6.3753869853500005,0.1292,2.7934646625
2025-04-30,2.249,6.4117020259625,0.1292,2.7934646625
2025-05-06,2.287,6.517853683137499,0.1292,2.7934646625
2025-05-07,2.292,6.5318210064499995,0.1292,2.7934646625
2025-05-08,2.303,6.5625491177374995,0.1292,2.7934646625
2025-05-09,2.284,6.509473289149999,0.1292,2.7934646625
2025-05-12,2.312,6.587690299699999,0.1292,2.7934646625
2025-05-13,2.306,6.570929511725,0.1292,2.7934646625
2025-05-14,2.316,6.59886415835,0.1292,2.7934646625
2025-05-15,2.286,6.515060218475,0.1292,2.7934646625
2025-05-16,2.281,6.5010928951625,0.1292,2.7934646625
2025-05-19,2.286,6.515060218475,0.1292,2.7934646625
2025-05-20,2.295,6.5402014004375,0.1292,2.7934646625
2025-05-21,2.299,6.551375259087499,0.1292,2.7934646625
2025-05-22,2.28,6.4982994304999995,0.1292,2.7934646625
2025-05-23,2.26,6.442430137249999,0.1292,2.7934646625
2025-05-26,2.271,6.4731582485375,0.1292,2.7934646625
2025-05-27,2.26,6.442430137249999,0.1292,2.7934646625
2025-05-28,2.256,6.431256278599999,0.1292,2.7934646625
2025-05-29,2.289,6.5234406124625,0.1292,2.7934646625
2025-05-30,2.272,6.475951713199999,0.1292,2.7934646625
2025-06-03,2.278,6.492712501175,0.1292,2.7934646625
2025-06-04,2.295,6.5402014004375,0.1292,2.7934646625
2025-06-05,2.31,6.582103370375,0.1292,2.7934646625
2025-06-06,2.309,6.5793099057125,0.1292,2.7934646625
2025-06-09,2.328,6.6323857343,0.1292,2.7934646625
2025-06-10,2.306,6.570929511725,0.1292,2.7934646625
2025-06-11,2.324,6.621211875649999,0.1292,2.7934646625
2025-06-12,2.328,6.6323857343,0.1292,2.7934646625
2025-06-13,2.308,6.576516441049999,0.1292,2.7934646625
2025-06-16,2.319,6.6072445523375,0.1292,2.7934646625
2025-06-17,2.312,6.587690299699999,0.1292,2.7934646625
2025-06-18,2.311,6.584896835037499,0.1292,2.7934646625
2025-06-19,2.285,6.5122667538125,0.1292,2.7934646625
2025-06-20,2.272,6.475951713199999,0.1292,2.7934646625
2025-06-23,2.286,6.515060218475,0.1292,2.7934646625
2025-06-24,2.32,6.610038016999999,0.1292,2.7934646625
2025-06-25,2.361,6.7245700681625005,0.1292,2.7934646625
2025-06-26,2.352,6.6994288862,0.1292,2.7934646625
2025-06-27,2.362,6.727363532825,0.1292,2.7934646625
2025-06-30,2.384,6.7888197554,0.1292,2.7934646625
2025-07-01,2.39,6.805580543375,0.1292,2.7934646625
2025-07-02,2.377,6.769265502762499,0.1292,2.7934646625
2025-07-03,2.386,6.794406684725,0.1292,2.7934646625
2025-07-04,2.387,6.7972001493875,0.1292,2.7934646625
2025-07-07,2.379,6.7748524320875,0.1292,2.7934646625
2025-07-08,2.411,6.8642433012875,0.1292,2.7934646625
2025-07-09,2.402,6.839102119325,0.1292,2.7934646625
2025-07-10,2.414,6.872623695275,0.1292,2.7934646625
2025-07-11,2.435,6.9312864531875,0.1292,2.7934646625
2025-07-14,2.43,6.9173191298750005,0.1292,2.7934646625
2025-07-15,2.43,6.9173191298750005,0.1292,2.7934646625
2025-07-16,2.427,6.9089387358875,0.1292,2.7934646625
2025-07-17,2.458,6.995536140425,0.1292,2.7934646625
2025-07-18,2.465,7.0150903930625,0.1292,2.7934646625
2025-07-21,2.487,7.0765466156375,0.1292,2.7934646625
2025-07-22,2.515,7.1547636261875,0.1292,2.7934646625
2025-07-23,2.507,7.1324159088875,0.1292,2.7934646625
2025-07-24,2.545,7.2385675660625,0.1292,2.7934646625
2025-07-25,2.543,7.2329806367375005,0.1292,2.7934646625
2025-07-28,2.553,7.2609152833624995,0.1292,2.7934646625
2025-07-29,2.569,7.3056107179625,0.1292,2.7934646625
2025-07-30,2.553,7.2609152833624995,0.1292,2.7934646625
2025-07-31,2.517,7.160350555512499,0.1292,2.7934646625
2025-08-01,2.51,7.140796302874999,0.1292,2.7934646625
2025-08-04,2.537,7.216219848762499,0.1292,2.7934646625
2025-08-05,2.545,7.2385675660625,0.1292,2.7934646625
2025-08-06,2.57,7.308404182624999,0.1292,2.7934646625
2025-08-07,2.56,7.280469536,0.1292,2.7934646625
2025-08-08,2.556,7.26929567735,0.1292,2.7934646625
2025-08-11,2.583,7.3447192232375,0.1292,2.7934646625
2025-08-12,2.593,7.3726538698625,0.1292,2.7934646625
2025-08-13,2.631,7.478805527037499,0.1292,2.7934646625
2025-08-14,2.601,7.3950015871625,0.1292,2.7934646625
2025-08-15,2.663,7.568196396237499,0.1292,2.7934646625
2025-08-18,2.7,7.67155458875,0.1292,2.7934646625
2025-08-19,2.686,7.632446083474999,0.1292,2.7934646625
2025-08-20,2.728,7.749771599300001,0.1292,2.7934646625
2025-08-21,2.712,7.7050761647,0.1292,2.7934646625
2025-08-22,2.762,7.844749397825,0.1292,2.7934646625
2025-08-25,2.813,7.9872160956125,0.1292,2.7934646625
2025-08-26,2.814,7.990009560275,0.1292,2.7934646625
2025-08-27,2.776,7.883857903099999,0.1292,2.7934646625
2025-08-28,2.838,8.057052712175,0.1292,2.7934646625
2025-08-29,2.858,8.112922005425,0.1292,2.7934646625
2025-09-01,2.875,8.1604109046875,0.1292,2.7934646625
2025-09-02,2.815,7.9928030249374995,0.1292,2.7934646625
2025-09-03,2.783,7.9034121557375,0.1292,2.7934646625
2025-09-04,2.71,7.699489235374999,0.1292,2.7934646625
2025-09-05,2.8,7.950901054999999,0.1292,2.7934646625
2025-09-08,2.824,8.0179442069,0.1292,2.7934646625
2025-09-09,2.8,7.950901054999999,0.1292,2.7934646625
2025-09-10,2.803,7.9592814489874995,0.1292,2.7934646625
2025-09-11,2.891,8.2051063392875,0.1292,2.7934646625
2025-09-12,2.896,8.2190736626,0.1292,2.7934646625
2025-09-15,2.886,8.191139015975,0.1292,2.7934646625
2025-09-16,2.907,8.249801773887501,0.1292,2.7934646625
2025-09-17,2.944,8.3531599664,0.1292,2.7934646625
2025-09-18,2.913,8.2665625618625,0.1292,2.7934646625
2025-09-19,2.903,8.238627915237501,0.1292,2.7934646625
2025-09-22,2.923,8.2944972084875,0.1292,2.7934646625
2025-09-23,2.906,8.247008309225,0.1292,2.7934646625
2025-09-24,2.972,8.43137697695,0.1292,2.7934646625
2025-09-25,2.97,8.425790047625002,0.1292,2.7934646625
2025-09-26,2.934,8.325225319775,0.1292,2.7934646625
2025-09-29,2.98,8.45372469425,0.1292,2.7934646625
2025-09-30,3.002,8.515180916825,0.1292,2.7934646625
2025-10-09,3.06,8.67720186725,0.1292,2.7934646625
2025-10-10,2.998,8.504007058175,0.1292,2.7934646625
2025-10-13,2.983,8.4621050882375,0.1292,2.7934646625
2025-10-14,2.916,8.274942955850001,0.1292,2.7934646625
2025-10-15,2.953,8.3783011483625,0.1292,2.7934646625
2025-10-16,2.927,8.305671067137501,0.1292,2.7934646625
2025-10-17,2.844,8.073813500149999,0.1292,2.7934646625
2025-10-20,2.86,8.11850893475,0.1292,2.7934646625
2025-10-21,2.906,8.247008309225,0.1292,2.7934646625
2025-10-22,2.886,8.191139015975,0.1292,2.7934646625
2025-10-23,2.893,8.2106932686125,0.1292,2.7934646625
2025-10-24,2.94,8.341986107750001,0.1292,2.7934646625
2025-10-27,2.985,8.4676920175625,0.1292,2.7934646625
2025-10-28,2.97,8.425790047625002,0.1292,2.7934646625
2025-10-29,3.031,8.5961913920375,0.1292,2.7934646625
2025-10-30,2.992,8.4872462702,0.1292,2.7934646625
2025-10-31,2.969,8.4229965829625,0.1292,2.7934646625
2025-11-03,2.968,8.4202031183,0.1292,2.7934646625
2025-11-04,2.924,8.29729067315,0.1292,2.7934646625
2025-11-05,2.93,8.314051461125,0.1292,2.7934646625
2025-11-06,2.979,8.450931229587502,0.1292,2.7934646625
2025-11-07,2.968,8.4202031183,0.1292,2.7934646625
2025-11-10,2.973,8.4341704416125,0.1292,2.7934646625
2025-11-11,2.953,8.3783011483625,0.1292,2.7934646625
2025-11-12,2.937,8.3336057137625,0.1292,2.7934646625
2025-11-13,2.982,8.459311623575001,0.1292,2.7934646625
2025-11-14,2.93,8.314051461125,0.1292,2.7934646625
2025-11-17,2.927,8.305671067137501,0.1292,2.7934646625
2025-11-18,2.899,8.2274540565875,0.1292,2.7934646625
2025-11-19,2.889,8.1995194099625,0.1292,2.7934646625
2025-11-20,2.865,8.132476258062502,0.1292,2.7934646625
2025-11-21,2.767,7.858716721137499,0.1292,2.7934646625
2025-11-24,2.787,7.914586014387499,0.1292,2.7934646625
2025-11-25,2.82,8.006770348249999,0.1292,2.7934646625
2025-11-26,2.825,8.0207376715625,0.1292,2.7934646625
2025-11-27,2.817,7.9983899542625005,0.1292,2.7934646625
2025-11-28,2.846,8.079400429475001,0.1292,2.7934646625
2025-12-01,2.874,8.157617440025001,0.1292,2.7934646625
2025-12-02,2.851,8.0933677527875,0.1292,2.7934646625
2025-12-03,2.835,8.0486723181875,0.1292,2.7934646625
2025-12-04,2.845,8.0766069648125,0.1292,2.7934646625
2025-12-05,2.882,8.179965157325,0.1292,2.7934646625
2025-12-08,2.867,8.1756631873875,0.1668,2.7934646625
2025-12-09,2.844,8.111413500149999,0.1668,2.7934646625
2025-12-10,2.86,8.15610893475,0.1668,2.7934646625
2025-12-11,2.838,8.094652712175,0.1668,2.7934646625
2025-12-12,2.872,8.189630510699999,0.1668,2.7934646625
2025-12-15,2.852,8.13376121745,0.1668,2.7934646625
2025-12-16,2.812,8.02202263095,0.1668,2.7934646625
2025-12-17,2.865,8.170076258062501,0.1668,2.7934646625
2025-12-18,2.85,8.128174288124999,0.1668,2.7934646625
2025-12-19,2.876,8.20080436935,0.1668,2.7934646625
2025-12-22,2.908,8.29019523855,0.1668,2.7934646625
2025-12-23,2.907,8.2874017738875,0.1668,2.7934646625
2025-12-24,2.95,8.407520754375,0.1668,2.7934646625
2025-12-25,2.974,8.474563906275,0.1668,2.7934646625
2025-12-26,2.991,8.5220528055375,0.1668,2.7934646625
2025-12-29,2.979,8.488531229587501,0.1668,2.7934646625
2025-12-30,2.993,8.5276397348625,0.1668,2.7934646625
2025-12-31,2.993,8.5276397348625,0.1668,2.7934646625
2026-01-05,3.075,8.7567038371875,0.1668,2.7934646625
2026-01-06,3.141,8.9410725049125,0.1668,2.7934646625
2026-01-07,3.157,8.9857679395125,0.1668,2.7934646625
2026-01-08,3.166,9.010909121475,0.1668,2.7934646625
2026-01-09,3.24,9.217625506500001,0.1668,2.7934646625
2026-01-12,3.33,9.469037326125001,0.1668,2.7934646625
2026-01-13,3.271,9.304222911037499,0.1668,2.7934646625
2026-01-14,3.302,9.390820315575,0.1668,2.7934646625
2026-01-15,3.299,9.3824399215875,0.1668,2.7934646625
2026-01-16,3.298,9.379646456925,0.1668,2.7934646625
2026-01-19,3.328,9.463450396799999,0.1668,2.7934646625
2026-01-20,3.309,9.4103745682125,0.1668,2.7934646625
2026-01-21,3.348,9.519319690049999,0.1668,2.7934646625
2026-01-22,3.367,9.5723955186375,0.1668,2.7934646625
2026-01-23,3.466,9.848948520225001,0.1668,2.7934646625
2026-01-26,3.409,9.689721034462499,0.1668,2.7934646625
2026-01-27,3.432,9.7539707217,0.1668,2.7934646625
2026-01-28,3.452,9.80984001495,0.1668,2.7934646625
2026-01-29,3.411,9.6953079637875,0.1668,2.7934646625
2026-01-30,3.35,9.524906619375,0.1668,2.7934646625
2026-02-02,3.225,9.1757235365625,0.1668,2.7934646625
2026-02-03,3.324,9.452276538149999,0.1668,2.7934646625
2026-02-04,3.331,9.4718307907875,0.1668,2.7934646625
2026-02-05,3.267,9.2930490523875,0.1668,2.7934646625
2026-02-06,3.266,9.290255587725,0.1668,2.7934646625
2026-02-09,3.338,9.491385043425,0.1668,2.7934646625
2026-02-10,3.33,9.469037326125001,0.1668,2.7934646625
2026-02-11,3.338,9.491385043425,0.1668,2.7934646625
2026-02-12,3.38,9.60871055925,0.1668,2.7934646625
2026-02-13,3.328,9.463450396799999,0.1668,2.7934646625
2026-02-24,3.363,9.5612216599875,0.1668,2.7934646625
2026-02-25,3.419,9.7176556810875,0.1668,2.7934646625
2026-02-26,3.429,9.745590327712499,0.1668,2.7934646625
2026-02-27,3.47,9.860122378875001,0.1668,2.7934646625
2026-03-02,3.471,9.8629158435375,0.1668,2.7934646625
2026-03-03,3.33,9.469037326125001,0.1668,2.7934646625
2026-03-04,3.309,9.4103745682125,0.1668,2.7934646625
2026-03-05,3.335,9.4830046494375,0.1668,2.7934646625
2026-03-06,3.356,9.54166740735,0.1668,2.7934646625
2026-03-09,3.319,9.4383092148375,0.1668,2.7934646625
2026-03-10,3.374,9.591949771275,0.1668,2.7934646625
2026-03-11,3.37,9.580775912625,0.1668,2.7934646625
2026-03-12,3.348,9.519319690049999,0.1668,2.7934646625
2026-03-13,3.307,9.4047876388875,0.1668,2.7934646625
2026-03-16,3.282,9.334951022325,0.1668,2.7934646625
2026-03-17,3.216,9.150582354600001,0.1668,2.7934646625
2026-03-18,3.245,9.2315928298125,0.1668,2.7934646625
2026-03-19,3.158,8.988561404175,0.1668,2.7934646625
2026-03-20,3.113,8.8628554943625,0.1668,2.7934646625
2026-03-23,2.984,8.5024985529,0.1668,2.7934646625
2026-03-24,3.046,8.675693361975,0.1668,2.7934646625
2026-03-25,3.115,8.868442423687501,0.1668,2.7934646625
2026-03-26,3.062,8.720388796575,0.1668,2.7934646625
2026-03-27,3.101,8.8293339184125,0.1668,2.7934646625
2026-03-30,3.114,8.865648959025,0.1668,2.7934646625
2026-03-31,3.055,8.7008345439375,0.1668,2.7934646625
2026-04-01,3.106,8.843301241725,0.1668,2.7934646625
2026-04-02,3.05,8.686867220625,0.1668,2.7934646625
2026-04-03,3.026,8.619824068725,0.1668,2.7934646625
2026-04-07,3.033,8.6393783213625,0.1668,2.7934646625
2026-04-08,3.19,9.077952273375,0.1668,2.7934646625
2026-04-09,3.166,9.010909121475,0.1668,2.7934646625
2026-04-10,3.194,9.089126132025,0.1668,2.7934646625
2026-04-13,3.19,9.077952273375,0.1668,2.7934646625
2026-04-14,3.245,9.2315928298125,0.1668,2.7934646625
2026-04-15,3.228,9.18410393055,0.1668,2.7934646625
2026-04-16,3.28,9.329364092999999,0.1668,2.7934646625
2026-04-17,3.29,9.357298739625,0.1668,2.7934646625
2026-04-20,3.317,9.4327222855125,0.1668,2.7934646625
2026-04-21,3.311,9.4159614975375,0.1668,2.7934646625
2026-04-22,3.357,9.5444608720125,0.1668,2.7934646625
2026-04-23,3.33,9.469037326125001,0.1668,2.7934646625
2026-04-24,3.303,9.3936137802375,0.1668,2.7934646625
2026-04-27,3.325,9.4550700028125,0.1668,2.7934646625
2026-04-28,3.291,9.3600922042875,0.1668,2.7934646625
2026-04-29,3.346,9.513732760725,0.1668,2.7934646625
2026-04-30,3.354,9.536080478025001,0.1668,2.7934646625
2026-05-06,3.441,9.7791119036625,0.1668,2.7934646625
2026-05-07,3.485,9.9020243488125,0.1668,2.7934646625
2026-05-08,3.483,9.8964374194875,0.1668,2.7934646625
2026-05-11,3.535,10.0416975819375,0.1668,2.7934646625
2026-05-12,3.524,10.01096947065,0.1668,2.7934646625
2026-05-13,3.577,10.1590230977625,0.1668,2.7934646625
2026-05-14,3.486,9.904817813475,0.1668,2.7934646625
2026-05-15,3.427,9.7400033983875,0.1668,2.7934646625
2026-05-18,3.433,9.7567641863625,0.1668,2.7934646625
2026-05-19,3.46,9.83218773225,0.1668,2.7934646625
2026-05-20,3.477,9.879676631512499,0.1668,2.7934646625
2026-05-21,3.383,9.6170909532375,0.1668,2.7934646625
2026-05-22,3.447,9.7958726916375,0.1668,2.7934646625
2026-05-25,3.489,9.9131982074625,0.1668,2.7934646625
2026-05-26,3.482,9.893643954825,0.1668,2.7934646625
2026-05-27,3.435,9.7623511156875,0.1668,2.7934646625
2026-05-28,3.44,9.776318439,0.1668,2.7934646625
2026-05-29,3.353,9.5332870133625,0.1668,2.7934646625
2026-06-01,3.327,9.4606569321375,0.1668,2.7934646625
2026-06-02,3.344,9.5081458314,0.1668,2.7934646625
2026-06-03,3.366,9.569602053975,0.1668,2.7934646625
2026-06-04,3.363,9.5612216599875,0.1668,2.7934646625
2026-06-05,3.316,9.42992882085,0.1668,2.7934646625
2026-06-08,3.208,9.1282346373,0.1668,2.7934646625
2026-06-09,3.287,9.3489183456375,0.1668,2.7934646625
2026-06-10,3.25,9.245560153125,0.1668,2.7934646625
2026-06-11,3.233,9.1980712538625,0.1668,2.7934646625
2026-06-12,3.278,9.323777163675,0.1668,2.7934646625
2026-06-15,3.395,9.6506125291875,0.1668,2.7934646625
2026-06-16,3.435,9.7623511156875,0.1668,2.7934646625
2026-06-17,3.486,9.904817813475,0.1668,2.7934646625
2026-06-18,3.511,9.9746544300375,0.1668,2.7934646625
2026-06-22,3.582,10.172990421075,0.1668,2.7934646625
2026-06-23,3.509,9.9690675007125,0.1668,2.7934646625
2026-06-24,3.576,10.1562296331,0.1668,2.7934646625
2026-06-25,3.614,10.262381290275,0.1668,2.7934646625
2026-06-26,3.528,10.0221433293,0.1668,2.7934646625
2026-06-29,3.565,10.1255015218125,0.1668,2.7934646625
2026-06-30,3.66,10.39088066475,0.1668,2.7934646625
2026-07-01,3.654,10.374119876775,0.1668,2.7934646625
2026-07-02,3.52,9.999795612,0.1668,2.7934646625
2026-07-03,3.54,10.05566490525,0.1668,2.7934646625
2026-07-06,3.507,9.9634805713875,0.1668,2.7934646625
2026-07-07,3.45,9.804253085625,0.1668,2.7934646625
2026-07-08,3.408,9.6869275698,0.1668,2.7934646625
2026-07-09,3.504,9.9551001774,0.1668,2.7934646625
2026-07-10,3.455,9.818220408937501,0.1668,2.7934646625
2026-07-13,3.304,9.396407244899999,0.1668,2.7934646625
2026-07-14,3.348,9.519319690049999,0.1668,2.7934646625
2026-07-15,3.309,9.4103745682125,0.1668,2.7934646625
2026-07-16,3.218,9.156169283925,0.1668,2.7934646625
2026-07-17,3.04,8.658932574,0.1668,2.7934646625
