date,close,total_return_proxy,cumulative_dividend,split_factor
2010-02-02,1.191,1.191,0.0,1.0
2010-02-03,1.232,1.232,0.0,1.0
2010-02-04,1.214,1.214,0.0,1.0
2010-02-05,1.193,1.193,0.0,1.0
2010-02-08,1.196,1.196,0.0,1.0
2010-02-09,1.197,1.197,0.0,1.0
2010-02-10,1.219,1.219,0.0,1.0
2010-02-11,1.224,1.224,0.0,1.0
2010-02-12,1.23,1.23,0.0,1.0
2010-02-22,1.221,1.221,0.0,1.0
2010-02-23,1.205,1.205,0.0,1.0
2010-02-24,1.231,1.231,0.0,1.0
2010-02-25,1.249,1.249,0.0,1.0
2010-02-26,1.244,1.244,0.0,1.0
2010-03-01,1.257,1.257,0.0,1.0
2010-03-02,1.257,1.257,0.0,1.0
2010-03-03,1.261,1.261,0.0,1.0
2010-03-04,1.232,1.232,0.0,1.0
2010-03-05,1.233,1.233,0.0,1.0
2010-03-08,1.242,1.242,0.0,1.0
2010-03-09,1.252,1.252,0.0,1.0
2010-03-10,1.238,1.238,0.0,1.0
2010-03-11,1.238,1.238,0.0,1.0
2010-03-12,1.219,1.219,0.0,1.0
2010-03-15,1.192,1.192,0.0,1.0
2010-03-16,1.197,1.197,0.0,1.0
2010-03-17,1.221,1.221,0.0,1.0
2010-03-18,1.223,1.223,0.0,1.0
2010-03-19,1.236,1.236,0.0,1.0
2010-03-22,1.235,1.235,0.0,1.0
2010-03-23,1.227,1.227,0.0,1.0
2010-03-24,1.226,1.226,0.0,1.0
2010-03-25,1.207,1.207,0.0,1.0
2010-03-26,1.223,1.223,0.0,1.0
2010-03-29,1.255,1.255,0.0,1.0
2010-03-30,1.258,1.258,0.0,1.0
2010-03-31,1.248,1.248,0.0,1.0
2010-04-01,1.266,1.266,0.0,1.0
2010-04-02,1.276,1.276,0.0,1.0
2010-04-06,1.269,1.269,0.0,1.0
2010-04-07,1.26,1.26,0.0,1.0
2010-04-08,1.245,1.245,0.0,1.0
2010-04-09,1.255,1.255,0.0,1.0
2010-04-12,1.238,1.238,0.0,1.0
2010-04-13,1.247,1.247,0.0,1.0
2010-04-14,1.253,1.253,0.0,1.0
2010-04-15,1.249,1.249,0.0,1.0
2010-04-16,1.237,1.237,0.0,1.0
2010-04-19,1.166,1.166,0.0,1.0
2010-04-20,1.151,1.151,0.0,1.0
2010-04-21,1.175,1.175,0.0,1.0
2010-04-22,1.166,1.166,0.0,1.0
2010-04-23,1.167,1.167,0.0,1.0
2010-04-26,1.159,1.159,0.0,1.0
2010-04-27,1.135,1.135,0.0,1.0
2010-04-28,1.133,1.133,0.0,1.0
2010-04-29,1.119,1.119,0.0,1.0
2010-04-30,1.113,1.113,0.0,1.0
2010-05-04,1.094,1.094,0.0,1.0
2010-05-05,1.099,1.099,0.0,1.0
2010-05-06,1.055,1.055,0.0,1.0
2010-05-07,1.015,1.015,0.0,1.0
2010-05-10,1.025,1.025,0.0,1.0
2010-05-11,1.009,1.009,0.0,1.0
2010-05-12,1.012,1.012,0.0,1.0
2010-05-13,1.041,1.041,0.0,1.0
2010-05-14,1.032,1.032,0.0,1.0
2010-05-17,0.976,0.976,0.0,1.0
2010-05-18,1.0,1.0,0.0,1.0
2010-05-19,0.999,0.999,0.0,1.0
2010-05-20,0.997,0.997,0.0,1.0
2010-05-21,1.022,1.022,0.0,1.0
2010-05-24,1.064,1.064,0.0,1.0
2010-05-25,1.038,1.038,0.0,1.0
2010-05-26,1.035,1.035,0.0,1.0
2010-05-27,1.054,1.054,0.0,1.0
2010-05-28,1.051,1.051,0.0,1.0
2010-05-31,1.029,1.029,0.0,1.0
2010-06-01,1.009,1.009,0.0,1.0
2010-06-02,1.019,1.019,0.0,1.0
2010-06-03,1.014,1.014,0.0,1.0
2010-06-04,1.019,1.019,0.0,1.0
2010-06-07,1.002,1.002,0.0,1.0
2010-06-08,1.005,1.005,0.0,1.0
2010-06-09,1.037,1.037,0.0,1.0
2010-06-10,1.026,1.026,0.0,1.0
2010-06-11,1.026,1.026,0.0,1.0
2010-06-17,1.018,1.018,0.0,1.0
2010-06-18,1.001,1.001,0.0,1.0
2010-06-21,1.034,1.034,0.0,1.0
2010-06-22,1.036,1.036,0.0,1.0
2010-06-23,1.026,1.026,0.0,1.0
2010-06-24,1.026,1.026,0.0,1.0
2010-06-25,1.014,1.014,0.0,1.0
2010-06-28,1.002,1.002,0.0,1.0
2010-06-29,0.956,0.956,0.0,1.0
2010-06-30,0.942,0.942,0.0,1.0
2010-07-01,0.924,0.924,0.0,1.0
2010-07-02,0.925,0.925,0.0,1.0
2010-07-05,0.917,0.917,0.0,1.0
2010-07-06,0.936,0.936,0.0,1.0
2010-07-07,0.948,0.948,0.0,1.0
2010-07-08,0.947,0.947,0.0,1.0
2010-07-09,0.985,0.985,0.0,1.0
2010-07-12,0.997,0.997,0.0,1.0
2010-07-13,0.981,0.981,0.0,1.0
2010-07-14,0.983,0.983,0.0,1.0
2010-07-15,0.973,0.973,0.0,1.0
2010-07-16,0.986,0.986,0.0,1.0
2010-07-19,1.012,1.012,0.0,1.0
2010-07-20,1.038,1.038,0.0,1.0
2010-07-21,1.036,1.036,0.0,1.0
2010-07-22,1.057,1.057,0.0,1.0
2010-07-23,1.059,1.059,0.0,1.0
2010-07-26,1.064,1.064,0.0,1.0
2010-07-27,1.063,1.063,0.0,1.0
2010-07-28,1.09,1.09,0.0,1.0
2010-07-29,1.096,1.096,0.0,1.0
2010-07-30,1.09,1.09,0.0,1.0
2010-08-02,1.117,1.117,0.0,1.0
2010-08-03,1.093,1.093,0.0,1.0
2010-08-04,1.104,1.104,0.0,1.0
2010-08-05,1.088,1.088,0.0,1.0
2010-08-06,1.109,1.109,0.0,1.0
2010-08-09,1.109,1.109,0.0,1.0
2010-08-10,1.077,1.077,0.0,1.0
2010-08-11,1.087,1.087,0.0,1.0
2010-08-12,1.076,1.076,0.0,1.0
2010-08-13,1.096,1.096,0.0,1.0
2010-08-16,1.123,1.123,0.0,1.0
2010-08-17,1.137,1.137,0.0,1.0
2010-08-18,1.135,1.135,0.0,1.0
2010-08-19,1.14,1.14,0.0,1.0
2010-08-20,1.116,1.116,0.0,1.0
2010-08-23,1.113,1.113,0.0,1.0
2010-08-24,1.127,1.127,0.0,1.0
2010-08-25,1.104,1.104,0.0,1.0
2010-08-26,1.108,1.108,0.0,1.0
2010-08-27,1.11,1.11,0.0,1.0
2010-08-30,1.137,1.137,0.0,1.0
2010-08-31,1.141,1.141,0.0,1.0
2010-09-01,1.136,1.136,0.0,1.0
2010-09-02,1.153,1.153,0.0,1.0
2010-09-03,1.151,1.151,0.0,1.0
2010-09-06,1.174,1.174,0.0,1.0
2010-09-07,1.174,1.174,0.0,1.0
2010-09-08,1.178,1.178,0.0,1.0
2010-09-09,1.153,1.153,0.0,1.0
2010-09-10,1.157,1.157,0.0,1.0
2010-09-13,1.174,1.174,0.0,1.0
2010-09-14,1.174,1.174,0.0,1.0
2010-09-15,1.147,1.147,0.0,1.0
2010-09-16,1.12,1.12,0.0,1.0
2010-09-17,1.126,1.126,0.0,1.0
2010-09-20,1.123,1.123,0.0,1.0
2010-09-21,1.128,1.128,0.0,1.0
2010-09-27,1.146,1.146,0.0,1.0
2010-09-28,1.134,1.134,0.0,1.0
2010-09-29,1.128,1.128,0.0,1.0
2010-09-30,1.154,1.154,0.0,1.0
2010-10-08,1.2,1.2,0.0,1.0
2010-10-11,1.229,1.229,0.0,1.0
2010-10-12,1.241,1.241,0.0,1.0
2010-10-13,1.267,1.267,0.0,1.0
2010-10-14,1.253,1.253,0.0,1.0
2010-10-15,1.278,1.278,0.0,1.0
2010-10-18,1.267,1.267,0.0,1.0
2010-10-19,1.301,1.301,0.0,1.0
2010-10-20,1.317,1.317,0.0,1.0
2010-10-21,1.316,1.316,0.0,1.0
2010-10-22,1.331,1.331,0.0,1.0
2010-10-25,1.379,1.379,0.0,1.0
2010-10-26,1.377,1.377,0.0,1.0
2010-10-27,1.352,1.352,0.0,1.0
2010-10-28,1.351,1.351,0.0,1.0
2010-10-29,1.342,1.342,0.0,1.0
2010-11-01,1.38,1.38,0.0,1.0
2010-11-02,1.37,1.37,0.0,1.0
2010-11-03,1.344,1.344,0.0,1.0
2010-11-04,1.365,1.365,0.0,1.0
2010-11-05,1.377,1.377,0.0,1.0
2010-11-08,1.384,1.384,0.0,1.0
2010-11-09,1.373,1.373,0.0,1.0
2010-11-10,1.373,1.373,0.0,1.0
2010-11-11,1.375,1.375,0.0,1.0
2010-11-12,1.275,1.275,0.0,1.0
2010-11-15,1.285,1.285,0.0,1.0
2010-11-16,1.223,1.223,0.0,1.0
2010-11-17,1.207,1.207,0.0,1.0
2010-11-18,1.218,1.218,0.0,1.0
2010-11-19,1.25,1.25,0.0,1.0
2010-11-22,1.237,1.237,0.0,1.0
2010-11-23,1.213,1.213,0.0,1.0
2010-11-24,1.246,1.246,0.0,1.0
2010-11-25,1.266,1.266,0.0,1.0
2010-11-26,1.266,1.266,0.0,1.0
2010-11-29,1.255,1.255,0.0,1.0
2010-11-30,1.24,1.24,0.0,1.0
2010-12-01,1.235,1.235,0.0,1.0
2010-12-02,1.248,1.248,0.0,1.0
2010-12-03,1.257,1.257,0.0,1.0
2010-12-06,1.26,1.26,0.0,1.0
2010-12-07,1.282,1.282,0.0,1.0
2010-12-08,1.276,1.276,0.0,1.0
2010-12-09,1.253,1.253,0.0,1.0
2010-12-10,1.265,1.265,0.0,1.0
2010-12-13,1.315,1.315,0.0,1.0
2010-12-14,1.315,1.315,0.0,1.0
2010-12-15,1.303,1.303,0.0,1.0
2010-12-16,1.303,1.303,0.0,1.0
2010-12-17,1.294,1.294,0.0,1.0
2010-12-20,1.274,1.274,0.0,1.0
2010-12-21,1.306,1.306,0.0,1.0
2010-12-22,1.296,1.296,0.0,1.0
2010-12-23,1.281,1.281,0.0,1.0
2010-12-24,1.273,1.273,0.0,1.0
2010-12-27,1.248,1.248,0.0,1.0
2010-12-28,1.223,1.223,0.0,1.0
2010-12-29,1.231,1.231,0.0,1.0
2010-12-30,1.234,1.234,0.0,1.0
2010-12-31,1.262,1.262,0.0,1.0
2011-01-04,1.287,1.287,0.0,1.0
2011-01-05,1.278,1.278,0.0,1.0
2011-01-06,1.278,1.278,0.0,1.0
2011-01-07,1.276,1.276,0.0,1.0
2011-01-10,1.249,1.249,0.0,1.0
2011-01-11,1.254,1.254,0.0,1.0
2011-01-12,1.257,1.257,0.0,1.0
2011-01-13,1.259,1.259,0.0,1.0
2011-01-14,1.241,1.241,0.0,1.0
2011-01-17,1.191,1.191,0.0,1.0
2011-01-18,1.193,1.193,0.0,1.0
2011-01-19,1.222,1.222,0.0,1.0
2011-01-20,1.178,1.178,0.0,1.0
2011-01-21,1.18,1.18,0.0,1.0
2011-01-24,1.166,1.166,0.0,1.0
2011-01-25,1.16,1.16,0.0,1.0
2011-01-26,1.18,1.18,0.0,1.0
2011-01-27,1.195,1.195,0.0,1.0
2011-01-28,1.201,1.201,0.0,1.0
2011-01-31,1.215,1.215,0.0,1.0
2011-02-01,1.215,1.215,0.0,1.0
2011-02-09,1.197,1.197,0.0,1.0
2011-02-10,1.235,1.235,0.0,1.0
2011-02-11,1.247,1.247,0.0,1.0
2011-02-14,1.291,1.291,0.0,1.0
2011-02-15,1.287,1.287,0.0,1.0
2011-02-16,1.303,1.303,0.0,1.0
2011-02-17,1.295,1.295,0.0,1.0
2011-02-18,1.279,1.279,0.0,1.0
2011-02-21,1.303,1.303,0.0,1.0
2011-02-22,1.265,1.265,0.0,1.0
2011-02-23,1.264,1.264,0.0,1.0
2011-02-24,1.271,1.271,0.0,1.0
2011-02-25,1.279,1.279,0.0,1.0
2011-02-28,1.305,1.305,0.0,1.0
2011-03-01,1.313,1.313,0.0,1.0
2011-03-02,1.302,1.302,0.0,1.0
2011-03-03,1.285,1.285,0.0,1.0
2011-03-04,1.306,1.306,0.0,1.0
2011-03-07,1.328,1.328,0.0,1.0
2011-03-08,1.33,1.33,0.0,1.0
2011-03-09,1.331,1.331,0.0,1.0
2011-03-10,1.315,1.315,0.0,1.0
2011-03-11,1.296,1.296,0.0,1.0
2011-03-14,1.311,1.311,0.0,1.0
2011-03-15,1.29,1.29,0.0,1.0
2011-03-16,1.302,1.302,0.0,1.0
2011-03-17,1.278,1.278,0.0,1.0
2011-03-18,1.286,1.286,0.0,1.0
2011-03-21,1.274,1.274,0.0,1.0
2011-03-22,1.276,1.276,0.0,1.0
2011-03-23,1.29,1.29,0.0,1.0
2011-03-24,1.285,1.285,0.0,1.0
2011-03-25,1.307,1.307,0.0,1.0
2011-03-28,1.293,1.293,0.0,1.0
2011-03-29,1.272,1.272,0.0,1.0
2011-03-30,1.275,1.275,0.0,1.0
2011-03-31,1.263,1.263,0.0,1.0
2011-04-01,1.277,1.277,0.0,1.0
2011-04-06,1.279,1.279,0.0,1.0
2011-04-07,1.297,1.297,0.0,1.0
2011-04-08,1.31,1.31,0.0,1.0
2011-04-11,1.3,1.3,0.0,1.0
2011-04-12,1.299,1.299,0.0,1.0
2011-04-13,1.316,1.316,0.0,1.0
2011-04-14,1.306,1.306,0.0,1.0
2011-04-15,1.304,1.304,0.0,1.0
2011-04-18,1.306,1.306,0.0,1.0
2011-04-19,1.285,1.285,0.0,1.0
2011-04-20,1.288,1.288,0.0,1.0
2011-04-21,1.293,1.293,0.0,1.0
2011-04-22,1.285,1.285,0.0,1.0
2011-04-25,1.266,1.266,0.0,1.0
2011-04-26,1.258,1.258,0.0,1.0
2011-04-27,1.25,1.25,0.0,1.0
2011-04-28,1.227,1.227,0.0,1.0
2011-04-29,1.247,1.247,0.0,1.0
2011-05-03,1.256,1.256,0.0,1.0
2011-05-04,1.222,1.222,0.0,1.0
2011-05-05,1.224,1.224,0.0,1.0
2011-05-06,1.222,1.222,0.0,1.0
2011-05-09,1.226,1.226,0.0,1.0
2011-05-10,1.236,1.236,0.0,1.0
2011-05-11,1.233,1.233,0.0,1.0
2011-05-12,1.223,1.223,0.0,1.0
2011-05-13,1.231,1.231,0.0,1.0
2011-05-16,1.219,1.219,0.0,1.0
2011-05-17,1.227,1.227,0.0,1.0
2011-05-18,1.24,1.24,0.0,1.0
2011-05-19,1.231,1.231,0.0,1.0
2011-05-20,1.233,1.233,0.0,1.0
2011-05-23,1.191,1.191,0.0,1.0
2011-05-24,1.19,1.19,0.0,1.0
2011-05-25,1.176,1.176,0.0,1.0
2011-05-26,1.171,1.171,0.0,1.0
2011-05-27,1.168,1.168,0.0,1.0
2011-05-30,1.167,1.167,0.0,1.0
2011-05-31,1.183,1.183,0.0,1.0
2011-06-01,1.186,1.186,0.0,1.0
2011-06-02,1.169,1.169,0.0,1.0
2011-06-03,1.181,1.181,0.0,1.0
2011-06-07,1.19,1.19,0.0,1.0
2011-06-08,1.193,1.193,0.0,1.0
2011-06-09,1.173,1.173,0.0,1.0
2011-06-10,1.178,1.178,0.0,1.0
2011-06-13,1.171,1.171,0.0,1.0
2011-06-14,1.193,1.193,0.0,1.0
2011-06-15,1.18,1.18,0.0,1.0
2011-06-16,1.164,1.164,0.0,1.0
2011-06-17,1.163,1.163,0.0,1.0
2011-06-20,1.153,1.153,0.0,1.0
2011-06-21,1.17,1.17,0.0,1.0
2011-06-22,1.174,1.174,0.0,1.0
2011-06-23,1.198,1.198,0.0,1.0
2011-06-24,1.221,1.221,0.0,1.0
2011-06-27,1.22,1.22,0.0,1.0
2011-06-28,1.224,1.224,0.0,1.0
2011-06-29,1.211,1.211,0.0,1.0
2011-06-30,1.229,1.229,0.0,1.0
2011-07-01,1.239,1.239,0.0,1.0
2011-07-04,1.261,1.261,0.0,1.0
2011-07-05,1.263,1.263,0.0,1.0
2011-07-06,1.262,1.262,0.0,1.0
2011-07-07,1.255,1.255,0.0,1.0
2011-07-08,1.263,1.263,0.0,1.0
2011-07-11,1.267,1.267,0.0,1.0
2011-07-12,1.25,1.25,0.0,1.0
2011-07-13,1.27,1.27,0.0,1.0
2011-07-14,1.265,1.265,0.0,1.0
2011-07-15,1.272,1.272,0.0,1.0
2011-07-18,1.271,1.271,0.0,1.0
2011-07-19,1.259,1.259,0.0,1.0
2011-07-20,1.259,1.259,0.0,1.0
2011-07-21,1.254,1.254,0.0,1.0
2011-07-22,1.256,1.256,0.0,1.0
2011-07-25,1.214,1.214,0.0,1.0
2011-07-26,1.221,1.221,0.0,1.0
2011-07-27,1.231,1.231,0.0,1.0
2011-07-28,1.228,1.228,0.0,1.0
2011-07-29,1.223,1.223,0.0,1.0
2011-08-01,1.222,1.222,0.0,1.0
2011-08-02,1.212,1.212,0.0,1.0
2011-08-03,1.213,1.213,0.0,1.0
2011-08-04,1.216,1.216,0.0,1.0
2011-08-05,1.188,1.188,0.0,1.0
2011-08-08,1.152,1.152,0.0,1.0
2011-08-09,1.156,1.156,0.0,1.0
2011-08-10,1.167,1.167,0.0,1.0
2011-08-11,1.183,1.183,0.0,1.0
2011-08-12,1.184,1.184,0.0,1.0
2011-08-15,1.197,1.197,0.0,1.0
2011-08-16,1.186,1.186,0.0,1.0
2011-08-17,1.181,1.181,0.0,1.0
2011-08-18,1.161,1.161,0.0,1.0
2011-08-19,1.148,1.148,0.0,1.0
2011-08-22,1.132,1.132,0.0,1.0
2011-08-23,1.144,1.144,0.0,1.0
2011-08-24,1.145,1.145,0.0,1.0
2011-08-25,1.181,1.181,0.0,1.0
2011-08-26,1.175,1.175,0.0,1.0
2011-08-29,1.156,1.156,0.0,1.0
2011-08-30,1.154,1.154,0.0,1.0
2011-08-31,1.158,1.158,0.0,1.0
2011-09-01,1.154,1.154,0.0,1.0
2011-09-02,1.142,1.142,0.0,1.0
2011-09-05,1.116,1.116,0.0,1.0
2011-09-06,1.098,1.098,0.0,1.0
2011-09-07,1.121,1.121,0.0,1.0
2011-09-08,1.111,1.111,0.0,1.0
2011-09-09,1.108,1.108,0.0,1.0
2011-09-13,1.096,1.096,0.0,1.0
2011-09-14,1.101,1.101,0.0,1.0
2011-09-15,1.104,1.104,0.0,1.0
2011-09-16,1.105,1.105,0.0,1.0
2011-09-19,1.084,1.084,0.0,1.0
2011-09-20,1.087,1.087,0.0,1.0
2011-09-21,1.119,1.119,0.0,1.0
2011-09-22,1.087,1.087,0.0,1.0
2011-09-23,1.074,1.074,0.0,1.0
2011-09-26,1.053,1.053,0.0,1.0
2011-09-27,1.062,1.062,0.0,1.0
2011-09-28,1.056,1.056,0.0,1.0
2011-09-29,1.048,1.048,0.0,1.0
2011-09-30,1.047,1.047,0.0,1.0
2011-10-10,1.035,1.035,0.0,1.0
2011-10-11,1.023,1.023,0.0,1.0
2011-10-12,1.062,1.062,0.0,1.0
2011-10-13,1.065,1.065,0.0,1.0
2011-10-14,1.063,1.063,0.0,1.0
2011-10-17,1.073,1.073,0.0,1.0
2011-10-18,1.039,1.039,0.0,1.0
2011-10-19,1.031,1.031,0.0,1.0
2011-10-20,0.996,0.996,0.0,1.0
2011-10-21,0.984,0.984,0.0,1.0
2011-10-24,1.014,1.014,0.0,1.0
2011-10-25,1.038,1.038,0.0,1.0
2011-10-26,1.052,1.052,0.0,1.0
2011-10-27,1.05,1.05,0.0,1.0
2011-10-28,1.08,1.08,0.0,1.0
2011-10-31,1.068,1.068,0.0,1.0
2011-11-01,1.062,1.062,0.0,1.0
2011-11-02,1.077,1.077,0.0,1.0
2011-11-03,1.08,1.08,0.0,1.0
2011-11-04,1.088,1.088,0.0,1.0
2011-11-07,1.075,1.075,0.0,1.0
2011-11-08,1.07,1.07,0.0,1.0
2011-11-09,1.08,1.08,0.0,1.0
2011-11-10,1.061,1.061,0.0,1.0
2011-11-11,1.059,1.059,0.0,1.0
2011-11-14,1.084,1.084,0.0,1.0
2011-11-15,1.074,1.074,0.0,1.0
2011-11-16,1.047,1.047,0.0,1.0
2011-11-17,1.049,1.049,0.0,1.0
2011-11-18,1.02,1.02,0.0,1.0
2011-11-21,1.021,1.021,0.0,1.0
2011-11-22,1.018,1.018,0.0,1.0
2011-11-23,1.012,1.012,0.0,1.0
2011-11-24,1.013,1.013,0.0,1.0
2011-11-25,1.005,1.005,0.0,1.0
2011-11-28,1.006,1.006,0.0,1.0
2011-11-29,1.017,1.017,0.0,1.0
2011-11-30,0.988,0.988,0.0,1.0
2011-12-01,1.008,1.008,0.0,1.0
2011-12-02,0.999,0.999,0.0,1.0
2011-12-05,0.975,0.975,0.0,1.0
2011-12-06,0.976,0.976,0.0,1.0
2011-12-07,0.977,0.977,0.0,1.0
2011-12-08,0.975,0.975,0.0,1.0
2011-12-09,0.963,0.963,0.0,1.0
2011-12-12,0.953,0.953,0.0,1.0
2011-12-13,0.935,0.935,0.0,1.0
2011-12-14,0.924,0.924,0.0,1.0
2011-12-15,0.901,0.901,0.0,1.0
2011-12-16,0.924,0.924,0.0,1.0
2011-12-19,0.921,0.921,0.0,1.0
2011-12-20,0.914,0.914,0.0,1.0
2011-12-21,0.928,0.928,0.0,1.0
2011-12-22,0.907,0.907,0.0,1.0
2011-12-23,0.915,0.915,0.0,1.0
2011-12-26,0.902,0.902,0.0,1.0
2011-12-27,0.885,0.885,0.0,1.0
2011-12-28,0.884,0.884,0.0,1.0
2011-12-29,0.893,0.893,0.0,1.0
2011-12-30,0.904,0.904,0.0,1.0
2012-01-04,0.883,0.883,0.0,1.0
2012-01-05,0.873,0.873,0.0,1.0
2012-01-06,0.878,0.878,0.0,1.0
2012-01-09,0.911,0.911,0.0,1.0
2012-01-10,0.942,0.942,0.0,1.0
2012-01-11,0.939,0.939,0.0,1.0
2012-01-12,0.936,0.936,0.0,1.0
2012-01-13,0.916,0.916,0.0,1.0
2012-01-16,0.896,0.896,0.0,1.0
2012-01-17,0.944,0.944,0.0,1.0
2012-01-18,0.925,0.925,0.0,1.0
2012-01-19,0.945,0.945,0.0,1.0
2012-01-20,0.962,0.962,0.0,1.0
2012-01-30,0.94,0.94,0.0,1.0
2012-01-31,0.943,0.943,0.0,1.0
2012-02-01,0.934,0.934,0.0,1.0
2012-02-02,0.952,0.952,0.0,1.0
2012-02-03,0.959,0.959,0.0,1.0
2012-02-06,0.96,0.96,0.0,1.0
2012-02-07,0.94,0.94,0.0,1.0
2012-02-08,0.972,0.972,0.0,1.0
2012-02-09,0.969,0.969,0.0,1.0
2012-02-10,0.974,0.974,0.0,1.0
2012-02-13,0.972,0.972,0.0,1.0
2012-02-14,0.97,0.97,0.0,1.0
2012-02-15,0.982,0.982,0.0,1.0
2012-02-16,0.976,0.976,0.0,1.0
2012-02-17,0.979,0.979,0.0,1.0
2012-02-20,0.977,0.977,0.0,1.0
2012-02-21,0.984,0.984,0.0,1.0
2012-02-22,1.001,1.001,0.0,1.0
2012-02-23,1.005,1.005,0.0,1.0
2012-02-24,1.028,1.028,0.0,1.0
2012-02-27,1.033,1.033,0.0,1.0
2012-02-28,1.032,1.032,0.0,1.0
2012-02-29,1.023,1.023,0.0,1.0
2012-03-01,1.022,1.022,0.0,1.0
2012-03-02,1.047,1.047,0.0,1.0
2012-03-05,1.039,1.039,0.0,1.0
2012-03-06,1.024,1.024,0.0,1.0
2012-03-07,1.022,1.022,0.0,1.0
2012-03-08,1.034,1.034,0.0,1.0
2012-03-09,1.048,1.048,0.0,1.0
2012-03-12,1.043,1.043,0.0,1.0
2012-03-13,1.057,1.057,0.0,1.0
2012-03-14,1.023,1.023,0.0,1.0
2012-03-15,1.025,1.025,0.0,1.0
2012-03-16,1.043,1.043,0.0,1.0
2012-03-19,1.043,1.043,0.0,1.0
2012-03-20,1.02,1.02,0.0,1.0
2012-03-21,1.023,1.023,0.0,1.0
2012-03-22,1.017,1.017,0.0,1.0
2012-03-23,1.002,1.002,0.0,1.0
2012-03-26,1.008,1.008,0.0,1.0
2012-03-27,0.998,0.998,0.0,1.0
2012-03-28,0.968,0.968,0.0,1.0
2012-03-29,0.955,0.955,0.0,1.0
2012-03-30,0.954,0.954,0.0,1.0
2012-04-05,0.983,0.983,0.0,1.0
2012-04-06,0.992,0.992,0.0,1.0
2012-04-09,0.983,0.983,0.0,1.0
2012-04-10,0.993,0.993,0.0,1.0
2012-04-11,0.994,0.994,0.0,1.0
2012-04-12,1.015,1.015,0.0,1.0
2012-04-13,1.019,1.019,0.0,1.0
2012-04-16,1.016,1.016,0.0,1.0
2012-04-17,0.998,0.998,0.0,1.0
2012-04-18,1.022,1.022,0.0,1.0
2012-04-19,1.017,1.017,0.0,1.0
2012-04-20,1.028,1.028,0.0,1.0
2012-04-23,1.022,1.022,0.0,1.0
2012-04-24,1.018,1.018,0.0,1.0
2012-04-25,1.03,1.03,0.0,1.0
2012-04-26,1.034,1.034,0.0,1.0
2012-04-27,1.034,1.034,0.0,1.0
2012-05-02,1.058,1.058,0.0,1.0
2012-05-03,1.062,1.062,0.0,1.0
2012-05-04,1.072,1.072,0.0,1.0
2012-05-07,1.075,1.075,0.0,1.0
2012-05-08,1.064,1.064,0.0,1.0
2012-05-09,1.043,1.043,0.0,1.0
2012-05-10,1.041,1.041,0.0,1.0
2012-05-11,1.031,1.031,0.0,1.0
2012-05-14,1.022,1.022,0.0,1.0
2012-05-15,1.027,1.027,0.0,1.0
2012-05-16,1.007,1.007,0.0,1.0
2012-05-17,1.023,1.023,0.0,1.0
2012-05-18,1.006,1.006,0.0,1.0
2012-05-21,1.014,1.014,0.0,1.0
2012-05-22,1.033,1.033,0.0,1.0
2012-05-23,1.032,1.032,0.0,1.0
2012-05-24,1.013,1.013,0.0,1.0
2012-05-25,1.0,1.0,0.0,1.0
2012-05-28,1.026,1.026,0.0,1.0
2012-05-29,1.038,1.038,0.0,1.0
2012-05-30,1.031,1.031,0.0,1.0
2012-05-31,1.031,1.031,0.0,1.0
2012-06-01,1.03,1.03,0.0,1.0
2012-06-04,1.002,1.002,0.0,1.0
2012-06-05,1.0,1.0,0.0,1.0
2012-06-06,0.997,0.997,0.0,1.0
2012-06-07,0.99,0.99,0.0,1.0
2012-06-08,0.985,0.985,0.0,1.0
2012-06-11,1.002,1.002,0.0,1.0
2012-06-12,0.994,0.994,0.0,1.0
2012-06-13,1.01,1.01,0.0,1.0
2012-06-14,1.004,1.004,0.0,1.0
2012-06-15,1.003,1.003,0.0,1.0
2012-06-18,1.014,1.014,0.0,1.0
2012-06-19,1.003,1.003,0.0,1.0
2012-06-20,1.001,1.001,0.0,1.0
2012-06-21,0.984,0.984,0.0,1.0
2012-06-25,0.96,0.96,0.0,1.0
2012-06-26,0.963,0.963,0.0,1.0
2012-06-27,0.958,0.958,0.0,1.0
2012-06-28,0.956,0.956,0.0,1.0
2012-06-29,0.967,0.967,0.0,1.0
2012-07-02,0.972,0.972,0.0,1.0
2012-07-03,0.976,0.976,0.0,1.0
2012-07-04,0.972,0.972,0.0,1.0
2012-07-05,0.961,0.961,0.0,1.0
2012-07-06,0.988,0.988,0.0,1.0
2012-07-09,0.971,0.971,0.0,1.0
2012-07-10,0.969,0.969,0.0,1.0
2012-07-11,0.978,0.978,0.0,1.0
2012-07-12,0.996,0.996,0.0,1.0
2012-07-13,1.0,1.0,0.0,1.0
2012-07-16,0.976,0.976,0.0,1.0
2012-07-17,0.976,0.976,0.0,1.0
2012-07-18,0.972,0.972,0.0,1.0
2012-07-19,0.972,0.972,0.0,1.0
2012-07-20,0.955,0.955,0.0,1.0
2012-07-23,0.941,0.941,0.0,1.0
2012-07-24,0.948,0.948,0.0,1.0
2012-07-25,0.935,0.935,0.0,1.0
2012-07-26,0.93,0.93,0.0,1.0
2012-07-27,0.929,0.929,0.0,1.0
2012-07-30,0.928,0.928,0.0,1.0
2012-07-31,0.929,0.929,0.0,1.0
2012-08-01,0.938,0.938,0.0,1.0
2012-08-02,0.92,0.92,0.0,1.0
2012-08-03,0.928,0.928,0.0,1.0
2012-08-06,0.943,0.943,0.0,1.0
2012-08-07,0.945,0.945,0.0,1.0
2012-08-08,0.942,0.942,0.0,1.0
2012-08-09,0.955,0.955,0.0,1.0
2012-08-10,0.943,0.943,0.0,1.0
2012-08-13,0.926,0.926,0.0,1.0
2012-08-14,0.932,0.932,0.0,1.0
2012-08-15,0.926,0.926,0.0,1.0
2012-08-16,0.921,0.921,0.0,1.0
2012-08-17,0.904,0.904,0.0,1.0
2012-08-20,0.904,0.904,0.0,1.0
2012-08-21,0.907,0.907,0.0,1.0
2012-08-22,0.893,0.893,0.0,1.0
2012-08-23,0.894,0.894,0.0,1.0
2012-08-24,0.88,0.88,0.0,1.0
2012-08-27,0.861,0.861,0.0,1.0
2012-08-28,0.861,0.861,0.0,1.0
2012-08-29,0.847,0.847,0.0,1.0
2012-08-30,0.842,0.842,0.0,1.0
2012-08-31,0.842,0.842,0.0,1.0
2012-09-03,0.855,0.855,0.0,1.0
2012-09-04,0.843,0.843,0.0,1.0
2012-09-05,0.844,0.844,0.0,1.0
2012-09-06,0.848,0.848,0.0,1.0
2012-09-07,0.895,0.895,0.0,1.0
2012-09-10,0.897,0.897,0.0,1.0
2012-09-11,0.893,0.893,0.0,1.0
2012-09-12,0.901,0.901,0.0,1.0
2012-09-13,0.89,0.89,0.0,1.0
2012-09-14,0.893,0.893,0.0,1.0
2012-09-17,0.87,0.87,0.0,1.0
2012-09-18,0.857,0.857,0.0,1.0
2012-09-19,0.861,0.861,0.0,1.0
2012-09-20,0.84,0.84,0.0,1.0
2012-09-21,0.839,0.839,0.0,1.0
2012-09-24,0.85,0.85,0.0,1.0
2012-09-25,0.849,0.849,0.0,1.0
2012-09-26,0.839,0.839,0.0,1.0
2012-09-27,0.868,0.868,0.0,1.0
2012-09-28,0.891,0.891,0.0,1.0
2012-10-08,0.876,0.876,0.0,1.0
2012-10-09,0.893,0.893,0.0,1.0
2012-10-10,0.897,0.897,0.0,1.0
2012-10-11,0.886,0.886,0.0,1.0
2012-10-12,0.886,0.886,0.0,1.0
2012-10-15,0.88,0.88,0.0,1.0
2012-10-16,0.884,0.884,0.0,1.0
2012-10-17,0.882,0.882,0.0,1.0
2012-10-18,0.899,0.899,0.0,1.0
2012-10-19,0.899,0.899,0.0,1.0
2012-10-22,0.902,0.902,0.0,1.0
2012-10-23,0.887,0.887,0.0,1.0
2012-10-24,0.886,0.886,0.0,1.0
2012-10-25,0.88,0.88,0.0,1.0
2012-10-26,0.862,0.862,0.0,1.0
2012-10-29,0.857,0.857,0.0,1.0
2012-10-30,0.857,0.857,0.0,1.0
2012-10-31,0.866,0.866,0.0,1.0
2012-11-01,0.886,0.886,0.0,1.0
2012-11-02,0.888,0.888,0.0,1.0
2012-11-05,0.885,0.885,0.0,1.0
2012-11-06,0.879,0.879,0.0,1.0
2012-11-07,0.878,0.878,0.0,1.0
2012-11-08,0.857,0.857,0.0,1.0
2012-11-09,0.854,0.854,0.0,1.0
2012-11-12,0.859,0.859,0.0,1.0
2012-11-13,0.844,0.844,0.0,1.0
2012-11-14,0.845,0.845,0.0,1.0
2012-11-15,0.838,0.838,0.0,1.0
2012-11-16,0.829,0.829,0.0,1.0
2012-11-19,0.826,0.826,0.0,1.0
2012-11-20,0.823,0.823,0.0,1.0
2012-11-21,0.835,0.835,0.0,1.0
2012-11-22,0.823,0.823,0.0,1.0
2012-11-23,0.829,0.829,0.0,1.0
2012-11-26,0.819,0.819,0.0,1.0
2012-11-27,0.812,0.812,0.0,1.0
2012-11-28,0.804,0.804,0.0,1.0
2012-11-29,0.8,0.8,0.0,1.0
2012-11-30,0.809,0.809,0.0,1.0
2012-12-03,0.788,0.788,0.0,1.0
2012-12-04,0.799,0.799,0.0,1.0
2012-12-05,0.826,0.826,0.0,1.0
2012-12-06,0.825,0.825,0.0,1.0
2012-12-07,0.838,0.838,0.0,1.0
2012-12-10,0.844,0.844,0.0,1.0
2012-12-11,0.838,0.838,0.0,1.0
2012-12-12,0.843,0.843,0.0,1.0
2012-12-13,0.837,0.837,0.0,1.0
2012-12-14,0.875,0.875,0.0,1.0
2012-12-17,0.879,0.879,0.0,1.0
2012-12-18,0.878,0.878,0.0,1.0
2012-12-19,0.882,0.882,0.0,1.0
2012-12-20,0.888,0.888,0.0,1.0
2012-12-21,0.884,0.884,0.0,1.0
2012-12-24,0.882,0.882,0.0,1.0
2012-12-25,0.908,0.908,0.0,1.0
2012-12-26,0.915,0.915,0.0,1.0
2012-12-27,0.913,0.913,0.0,1.0
2012-12-28,0.923,0.923,0.0,1.0
2012-12-31,0.934,0.934,0.0,1.0
2013-01-04,0.928,0.928,0.0,1.0
2013-01-07,0.932,0.932,0.0,1.0
2013-01-08,0.93,0.93,0.0,1.0
2013-01-09,0.936,0.936,0.0,1.0
2013-01-10,0.939,0.939,0.0,1.0
2013-01-11,0.925,0.925,0.0,1.0
2013-01-14,0.958,0.958,0.0,1.0
2013-01-15,0.964,0.964,0.0,1.0
2013-01-16,0.958,0.958,0.0,1.0
2013-01-17,0.959,0.959,0.0,1.0
2013-01-18,0.97,0.97,0.0,1.0
2013-01-21,0.984,0.984,0.0,1.0
2013-01-22,0.979,0.979,0.0,1.0
2013-01-23,0.981,0.981,0.0,1.0
2013-01-24,0.966,0.966,0.0,1.0
2013-01-25,0.958,0.958,0.0,1.0
2013-01-28,0.98,0.98,0.0,1.0
2013-01-29,0.99,0.99,0.0,1.0
2013-01-30,0.999,0.999,0.0,1.0
2013-01-31,0.987,0.987,0.0,1.0
2013-02-01,1.002,1.002,0.0,1.0
2013-02-04,0.997,0.997,0.0,1.0
2013-02-05,1.015,1.015,0.0,1.0
2013-02-06,1.015,1.015,0.0,1.0
2013-02-07,1.014,1.014,0.0,1.0
2013-02-08,1.022,1.022,0.0,1.0
2013-02-18,1.001,1.001,0.0,1.0
2013-02-19,0.976,0.976,0.0,1.0
2013-02-20,0.985,0.985,0.0,1.0
2013-02-21,0.959,0.959,0.0,1.0
2013-02-22,0.957,0.957,0.0,1.0
2013-02-25,0.954,0.954,0.0,1.0
2013-02-26,0.941,0.941,0.0,1.0
2013-02-27,0.952,0.952,0.0,1.0
2013-02-28,0.983,0.983,0.0,1.0
2013-03-01,0.985,0.985,0.0,1.0
2013-03-04,0.928,0.928,0.0,1.0
2013-03-05,0.952,0.952,0.0,1.0
2013-03-06,0.961,0.961,0.0,1.0
2013-03-07,0.958,0.958,0.0,1.0
2013-03-08,0.95,0.95,0.0,1.0
2013-03-11,0.947,0.947,0.0,1.0
2013-03-12,0.937,0.937,0.0,1.0
2013-03-13,0.926,0.926,0.0,1.0
2013-03-14,0.927,0.927,0.0,1.0
2013-03-15,0.927,0.927,0.0,1.0
2013-03-18,0.92,0.92,0.0,1.0
2013-03-19,0.921,0.921,0.0,1.0
2013-03-20,0.95,0.95,0.0,1.0
2013-03-21,0.952,0.952,0.0,1.0
2013-03-22,0.954,0.954,0.0,1.0
2013-03-25,0.953,0.953,0.0,1.0
2013-03-26,0.942,0.942,0.0,1.0
2013-03-27,0.94,0.94,0.0,1.0
2013-03-28,0.916,0.916,0.0,1.0
2013-03-29,0.91,0.91,0.0,1.0
2013-04-01,0.911,0.911,0.0,1.0
2013-04-02,0.914,0.914,0.0,1.0
2013-04-03,0.916,0.916,0.0,1.0
2013-04-08,0.908,0.908,0.0,1.0
2013-04-09,0.916,0.916,0.0,1.0
2013-04-10,0.914,0.914,0.0,1.0
2013-04-11,0.91,0.91,0.0,1.0
2013-04-12,0.901,0.901,0.0,1.0
2013-04-15,0.891,0.891,0.0,1.0
2013-04-16,0.902,0.902,0.0,1.0
2013-04-17,0.908,0.908,0.0,1.0
2013-04-18,0.908,0.908,0.0,1.0
2013-04-19,0.928,0.928,0.0,1.0
2013-04-22,0.925,0.925,0.0,1.0
2013-04-23,0.896,0.896,0.0,1.0
2013-04-24,0.91,0.91,0.0,1.0
2013-04-25,0.896,0.896,0.0,1.0
2013-04-26,0.885,0.885,0.0,1.0
2013-05-02,0.889,0.889,0.0,1.0
2013-05-03,0.903,0.903,0.0,1.0
2013-05-06,0.917,0.917,0.0,1.0
2013-05-07,0.919,0.919,0.0,1.0
2013-05-08,0.926,0.926,0.0,1.0
2013-05-09,0.921,0.921,0.0,1.0
2013-05-10,0.925,0.925,0.0,1.0
2013-05-13,0.921,0.921,0.0,1.0
2013-05-14,0.898,0.898,0.0,1.0
2013-05-15,0.903,0.903,0.0,1.0
2013-05-16,0.927,0.927,0.0,1.0
2013-05-17,0.947,0.947,0.0,1.0
2013-05-20,0.951,0.951,0.0,1.0
2013-05-21,0.958,0.958,0.0,1.0
2013-05-22,0.96,0.96,0.0,1.0
2013-05-23,0.946,0.946,0.0,1.0
2013-05-24,0.953,0.953,0.0,1.0
2013-05-27,0.945,0.945,0.0,1.0
2013-05-28,0.964,0.964,0.0,1.0
2013-05-29,0.964,0.964,0.0,1.0
2013-05-30,0.96,0.96,0.0,1.0
2013-05-31,0.946,0.946,0.0,1.0
2013-06-03,0.946,0.946,0.0,1.0
2013-06-04,0.932,0.932,0.0,1.0
2013-06-05,0.936,0.936,0.0,1.0
2013-06-06,0.924,0.924,0.0,1.0
2013-06-07,0.899,0.899,0.0,1.0
2013-06-13,0.867,0.867,0.0,1.0
2013-06-14,0.872,0.872,0.0,1.0
2013-06-17,0.863,0.863,0.0,1.0
2013-06-18,0.871,0.871,0.0,1.0
2013-06-19,0.866,0.866,0.0,1.0
2013-06-20,0.844,0.844,0.0,1.0
2013-06-21,0.837,0.837,0.0,1.0
2013-06-24,0.781,0.781,0.0,1.0
2013-06-25,0.774,0.774,0.0,1.0
2013-06-26,0.778,0.778,0.0,1.0
2013-06-27,0.78,0.78,0.0,1.0
2013-06-28,0.791,0.791,0.0,1.0
2013-07-01,0.795,0.795,0.0,1.0
2013-07-02,0.8,0.8,0.0,1.0
2013-07-03,0.792,0.792,0.0,1.0
2013-07-04,0.806,0.806,0.0,1.0
2013-07-05,0.809,0.809,0.0,1.0
2013-07-08,0.788,0.788,0.0,1.0
2013-07-09,0.784,0.784,0.0,1.0
2013-07-10,0.805,0.805,0.0,1.0
2013-07-11,0.849,0.849,0.0,1.0
2013-07-12,0.828,0.828,0.0,1.0
2013-07-15,0.841,0.841,0.0,1.0
2013-07-16,0.848,0.848,0.0,1.0
2013-07-17,0.832,0.832,0.0,1.0
2013-07-18,0.818,0.818,0.0,1.0
2013-07-19,0.792,0.792,0.0,1.0
2013-07-22,0.797,0.797,0.0,1.0
2013-07-23,0.823,0.823,0.0,1.0
2013-07-24,0.823,0.823,0.0,1.0
2013-07-25,0.821,0.821,0.0,1.0
2013-07-26,0.814,0.814,0.0,1.0
2013-07-29,0.796,0.796,0.0,1.0
2013-07-30,0.801,0.801,0.0,1.0
2013-07-31,0.808,0.808,0.0,1.0
2013-08-01,0.824,0.824,0.0,1.0
2013-08-02,0.827,0.827,0.0,1.0
2013-08-05,0.835,0.835,0.0,1.0
2013-08-06,0.844,0.844,0.0,1.0
2013-08-07,0.837,0.837,0.0,1.0
2013-08-08,0.839,0.839,0.0,1.0
2013-08-09,0.846,0.846,0.0,1.0
2013-08-12,0.87,0.87,0.0,1.0
2013-08-13,0.867,0.867,0.0,1.0
2013-08-14,0.863,0.863,0.0,1.0
2013-08-15,0.852,0.852,0.0,1.0
2013-08-16,0.846,0.846,0.0,1.0
2013-08-19,0.858,0.858,0.0,1.0
2013-08-20,0.853,0.853,0.0,1.0
2013-08-21,0.856,0.856,0.0,1.0
2013-08-22,0.855,0.855,0.0,1.0
2013-08-23,0.845,0.845,0.0,1.0
2013-08-26,0.865,0.865,0.0,1.0
2013-08-27,0.865,0.865,0.0,1.0
2013-08-28,0.854,0.854,0.0,1.0
2013-08-29,0.851,0.851,0.0,1.0
2013-08-30,0.85,0.85,0.0,1.0
2013-09-02,0.854,0.854,0.0,1.0
2013-09-03,0.869,0.869,0.0,1.0
2013-09-04,0.865,0.865,0.0,1.0
2013-09-05,0.86,0.86,0.0,1.0
2013-09-06,0.86,0.86,0.0,1.0
2013-09-09,0.88,0.88,0.0,1.0
2013-09-10,0.894,0.894,0.0,1.0
2013-09-11,0.9,0.9,0.0,1.0
2013-09-12,0.905,0.905,0.0,1.0
2013-09-13,0.901,0.901,0.0,1.0
2013-09-16,0.9,0.9,0.0,1.0
2013-09-17,0.884,0.884,0.0,1.0
2013-09-18,0.88,0.88,0.0,1.0
2013-09-23,0.904,0.904,0.0,1.0
2013-09-24,0.901,0.901,0.0,1.0
2013-09-25,0.894,0.894,0.0,1.0
2013-09-26,0.877,0.877,0.0,1.0
2013-09-27,0.883,0.883,0.0,1.0
2013-09-30,0.885,0.885,0.0,1.0
2013-10-08,0.905,0.905,0.0,1.0
2013-10-09,0.901,0.901,0.0,1.0
2013-10-10,0.902,0.902,0.0,1.0
2013-10-11,0.908,0.908,0.0,1.0
2013-10-14,0.911,0.911,0.0,1.0
2013-10-15,0.905,0.905,0.0,1.0
2013-10-16,0.89,0.89,0.0,1.0
2013-10-17,0.885,0.885,0.0,1.0
2013-10-18,0.892,0.892,0.0,1.0
2013-10-21,0.908,0.908,0.0,1.0
2013-10-22,0.897,0.897,0.0,1.0
2013-10-23,0.885,0.885,0.0,1.0
2013-10-24,0.882,0.882,0.0,1.0
2013-10-25,0.87,0.87,0.0,1.0
2013-10-28,0.869,0.869,0.0,1.0
2013-10-29,0.87,0.87,0.0,1.0
2013-10-30,0.889,0.889,0.0,1.0
2013-10-31,0.883,0.883,0.0,1.0
2013-11-01,0.88,0.88,0.0,1.0
2013-11-04,0.878,0.878,0.0,1.0
2013-11-05,0.879,0.879,0.0,1.0
2013-11-06,0.863,0.863,0.0,1.0
2013-11-07,0.857,0.857,0.0,1.0
2013-11-08,0.847,0.847,0.0,1.0
2013-11-11,0.85,0.85,0.0,1.0
2013-11-12,0.862,0.862,0.0,1.0
2013-11-13,0.845,0.845,0.0,1.0
2013-11-14,0.848,0.848,0.0,1.0
2013-11-15,0.865,0.865,0.0,1.0
2013-11-18,0.887,0.887,0.0,1.0
2013-11-19,0.88,0.88,0.0,1.0
2013-11-20,0.885,0.885,0.0,1.0
2013-11-21,0.881,0.881,0.0,1.0
2013-11-22,0.876,0.876,0.0,1.0
2013-11-25,0.872,0.872,0.0,1.0
2013-11-26,0.872,0.872,0.0,1.0
2013-11-27,0.877,0.877,0.0,1.0
2013-11-28,0.889,0.889,0.0,1.0
2013-11-29,0.887,0.887,0.0,1.0
2013-12-02,0.873,0.873,0.0,1.0
2013-12-03,0.883,0.883,0.0,1.0
2013-12-04,0.893,0.893,0.0,1.0
2013-12-05,0.89,0.89,0.0,1.0
2013-12-06,0.886,0.886,0.0,1.0
2013-12-09,0.885,0.885,0.0,1.0
2013-12-10,0.888,0.888,0.0,1.0
2013-12-11,0.873,0.873,0.0,1.0
2013-12-12,0.872,0.872,0.0,1.0
2013-12-13,0.875,0.875,0.0,1.0
2013-12-16,0.859,0.859,0.0,1.0
2013-12-17,0.854,0.854,0.0,1.0
2013-12-18,0.856,0.856,0.0,1.0
2013-12-19,0.847,0.847,0.0,1.0
2013-12-20,0.831,0.831,0.0,1.0
2013-12-23,0.831,0.831,0.0,1.0
2013-12-24,0.834,0.834,0.0,1.0
2013-12-25,0.842,0.842,0.0,1.0
2013-12-26,0.823,0.823,0.0,1.0
2013-12-27,0.836,0.836,0.0,1.0
2013-12-30,0.832,0.832,0.0,1.0
2013-12-31,0.844,0.844,0.0,1.0
2014-01-02,0.842,0.842,0.0,1.0
2014-01-03,0.831,0.831,0.0,1.0
2014-01-06,0.811,0.811,0.0,1.0
2014-01-07,0.81,0.81,0.0,1.0
2014-01-08,0.809,0.809,0.0,1.0
2014-01-09,0.804,0.804,0.0,1.0
2014-01-10,0.795,0.795,0.0,1.0
2014-01-13,0.786,0.786,0.0,1.0
2014-01-14,0.795,0.795,0.0,1.0
2014-01-15,0.797,0.797,0.0,1.0
2014-01-16,0.794,0.794,0.0,1.0
2014-01-17,0.784,0.784,0.0,1.0
2014-01-20,0.781,0.781,0.0,1.0
2014-01-21,0.788,0.788,0.0,1.0
2014-01-22,0.813,0.813,0.0,1.0
2014-01-23,0.807,0.807,0.0,1.0
2014-01-24,0.815,0.815,0.0,1.0
2014-01-27,0.802,0.802,0.0,1.0
2014-01-28,0.804,0.804,0.0,1.0
2014-01-29,0.8,0.8,0.0,1.0
2014-01-30,0.787,0.787,0.0,1.0
2014-02-07,0.79,0.79,0.0,1.0
2014-02-10,0.812,0.812,0.0,1.0
2014-02-11,0.812,0.812,0.0,1.0
2014-02-12,0.819,0.819,0.0,1.0
2014-02-13,0.816,0.816,0.0,1.0
2014-02-14,0.818,0.818,0.0,1.0
2014-02-17,0.824,0.824,0.0,1.0
2014-02-18,0.812,0.812,0.0,1.0
2014-02-19,0.825,0.825,0.0,1.0
2014-02-20,0.812,0.812,0.0,1.0
2014-02-21,0.803,0.803,0.0,1.0
2014-02-24,0.783,0.783,0.0,1.0
2014-02-25,0.76,0.76,0.0,1.0
2014-02-26,0.761,0.761,0.0,1.0
2014-02-27,0.745,0.745,0.0,1.0
2014-02-28,0.763,0.763,0.0,1.0
2014-03-03,0.765,0.765,0.0,1.0
2014-03-04,0.76,0.76,0.0,1.0
2014-03-05,0.756,0.756,0.0,1.0
2014-03-06,0.762,0.762,0.0,1.0
2014-03-07,0.761,0.761,0.0,1.0
2014-03-10,0.74,0.74,0.0,1.0
2014-03-11,0.747,0.747,0.0,1.0
2014-03-12,0.749,0.749,0.0,1.0
2014-03-13,0.759,0.759,0.0,1.0
2014-03-14,0.751,0.751,0.0,1.0
2014-03-17,0.761,0.761,0.0,1.0
2014-03-18,0.754,0.754,0.0,1.0
2014-03-19,0.741,0.741,0.0,1.0
2014-03-20,0.725,0.725,0.0,1.0
2014-03-21,0.751,0.751,0.0,1.0
2014-03-24,0.754,0.754,0.0,1.0
2014-03-25,0.753,0.753,0.0,1.0
2014-03-26,0.752,0.752,0.0,1.0
2014-03-27,0.745,0.745,0.0,1.0
2014-03-28,0.743,0.743,0.0,1.0
2014-03-31,0.746,0.746,0.0,1.0
2014-04-01,0.755,0.755,0.0,1.0
2014-04-02,0.762,0.762,0.0,1.0
2014-04-03,0.756,0.756,0.0,1.0
2014-04-04,0.765,0.765,0.0,1.0
2014-04-08,0.779,0.779,0.0,1.0
2014-04-09,0.78,0.78,0.0,1.0
2014-04-10,0.786,0.786,0.0,1.0
2014-04-11,0.788,0.788,0.0,1.0
2014-04-14,0.788,0.788,0.0,1.0
2014-04-15,0.773,0.773,0.0,1.0
2014-04-16,0.775,0.775,0.0,1.0
2014-04-17,0.775,0.775,0.0,1.0
2014-04-18,0.774,0.774,0.0,1.0
2014-04-21,0.762,0.762,0.0,1.0
2014-04-22,0.765,0.765,0.0,1.0
2014-04-23,0.771,0.771,0.0,1.0
2014-04-24,0.769,0.769,0.0,1.0
2014-04-25,0.765,0.765,0.0,1.0
2014-04-28,0.755,0.755,0.0,1.0
2014-04-29,0.765,0.765,0.0,1.0
2014-04-30,0.76,0.76,0.0,1.0
2014-05-05,0.76,0.76,0.0,1.0
2014-05-06,0.76,0.76,0.0,1.0
2014-05-07,0.753,0.753,0.0,1.0
2014-05-08,0.75,0.75,0.0,1.0
2014-05-09,0.748,0.748,0.0,1.0
2014-05-12,0.765,0.765,0.0,1.0
2014-05-13,0.763,0.763,0.0,1.0
2014-05-14,0.764,0.764,0.0,1.0
2014-05-15,0.754,0.754,0.0,1.0
2014-05-16,0.756,0.756,0.0,1.0
2014-05-19,0.747,0.747,0.0,1.0
2014-05-20,0.747,0.747,0.0,1.0
2014-05-21,0.754,0.754,0.0,1.0
2014-05-22,0.751,0.751,0.0,1.0
2014-05-23,0.758,0.758,0.0,1.0
2014-05-26,0.76,0.76,0.0,1.0
2014-05-27,0.76,0.76,0.0,1.0
2014-05-28,0.773,0.773,0.0,1.0
2014-05-29,0.768,0.768,0.0,1.0
2014-05-30,0.771,0.771,0.0,1.0
2014-06-03,0.765,0.765,0.0,1.0
2014-06-04,0.756,0.756,0.0,1.0
2014-06-05,0.764,0.764,0.0,1.0
2014-06-06,0.759,0.759,0.0,1.0
2014-06-09,0.759,0.759,0.0,1.0
2014-06-10,0.772,0.772,0.0,1.0
2014-06-11,0.771,0.771,0.0,1.0
2014-06-12,0.767,0.767,0.0,1.0
2014-06-13,0.778,0.778,0.0,1.0
2014-06-16,0.78,0.78,0.0,1.0
2014-06-17,0.772,0.772,0.0,1.0
2014-06-18,0.767,0.767,0.0,1.0
2014-06-19,0.755,0.755,0.0,1.0
2014-06-20,0.757,0.757,0.0,1.0
2014-06-23,0.757,0.757,0.0,1.0
2014-06-24,0.761,0.761,0.0,1.0
2014-06-25,0.758,0.758,0.0,1.0
2014-06-26,0.766,0.766,0.0,1.0
2014-06-27,0.769,0.769,0.0,1.0
2014-06-30,0.772,0.772,0.0,1.0
2014-07-01,0.769,0.769,0.0,1.0
2014-07-02,0.769,0.769,0.0,1.0
2014-07-03,0.771,0.771,0.0,1.0
2014-07-04,0.771,0.771,0.0,1.0
2014-07-07,0.769,0.769,0.0,1.0
2014-07-08,0.774,0.774,0.0,1.0
2014-07-09,0.758,0.758,0.0,1.0
2014-07-10,0.755,0.755,0.0,1.0
2014-07-11,0.759,0.759,0.0,1.0
2014-07-14,0.768,0.768,0.0,1.0
2014-07-15,0.77,0.77,0.0,1.0
2014-07-16,0.766,0.766,0.0,1.0
2014-07-17,0.757,0.757,0.0,1.0
2014-07-18,0.766,0.766,0.0,1.0
2014-07-21,0.767,0.767,0.0,1.0
2014-07-22,0.778,0.778,0.0,1.0
2014-07-23,0.778,0.778,0.0,1.0
2014-07-24,0.791,0.791,0.0,1.0
2014-07-25,0.799,0.799,0.0,1.0
2014-07-28,0.825,0.825,0.0,1.0
2014-07-29,0.827,0.827,0.0,1.0
2014-07-30,0.826,0.826,0.0,1.0
2014-07-31,0.838,0.838,0.0,1.0
2014-08-01,0.831,0.831,0.0,1.0
2014-08-04,0.844,0.844,0.0,1.0
2014-08-05,0.843,0.843,0.0,1.0
2014-08-06,0.842,0.842,0.0,1.0
2014-08-07,0.829,0.829,0.0,1.0
2014-08-08,0.83,0.83,0.0,1.0
2014-08-11,0.843,0.843,0.0,1.0
2014-08-12,0.838,0.838,0.0,1.0
2014-08-13,0.842,0.842,0.0,1.0
2014-08-14,0.831,0.831,0.0,1.0
2014-08-15,0.841,0.841,0.0,1.0
2014-08-18,0.847,0.847,0.0,1.0
2014-08-19,0.848,0.848,0.0,1.0
2014-08-20,0.848,0.848,0.0,1.0
2014-08-21,0.844,0.844,0.0,1.0
2014-08-22,0.851,0.851,0.0,1.0
2014-08-25,0.838,0.838,0.0,1.0
2014-08-26,0.825,0.825,0.0,1.0
2014-08-27,0.828,0.828,0.0,1.0
2014-08-28,0.818,0.818,0.0,1.0
2014-08-29,0.827,0.827,0.0,1.0
2014-09-01,0.837,0.837,0.0,1.0
2014-09-02,0.848,0.848,0.0,1.0
2014-09-03,0.856,0.856,0.0,1.0
2014-09-04,0.863,0.863,0.0,1.0
2014-09-05,0.866,0.866,0.0,1.0
2014-09-09,0.864,0.864,0.0,1.0
2014-09-10,0.861,0.861,0.0,1.0
2014-09-11,0.856,0.856,0.0,1.0
2014-09-12,0.859,0.859,0.0,1.0
2014-09-15,0.855,0.855,0.0,1.0
2014-09-16,0.836,0.836,0.0,1.0
2014-09-17,0.842,0.842,0.0,1.0
2014-09-18,0.843,0.843,0.0,1.0
2014-09-19,0.849,0.849,0.0,1.0
2014-09-22,0.832,0.832,0.0,1.0
2014-09-23,0.84,0.84,0.0,1.0
2014-09-24,0.856,0.856,0.0,1.0
2014-09-25,0.851,0.851,0.0,1.0
2014-09-26,0.851,0.851,0.0,1.0
2014-09-29,0.851,0.851,0.0,1.0
2014-09-30,0.853,0.853,0.0,1.0
2014-10-08,0.863,0.863,0.0,1.0
2014-10-09,0.864,0.864,0.0,1.0
2014-10-10,0.866,0.866,0.0,1.0
2014-10-13,0.859,0.859,0.0,1.0
2014-10-14,0.858,0.858,0.0,1.0
2014-10-15,0.864,0.864,0.0,1.0
2014-10-16,0.856,0.856,0.0,1.0
2014-10-17,0.859,0.859,0.0,1.0
2014-10-20,0.865,0.865,0.0,1.0
2014-10-21,0.855,0.855,0.0,1.0
2014-10-22,0.85,0.85,0.0,1.0
2014-10-23,0.84,0.84,0.0,1.0
2014-10-24,0.834,0.834,0.0,1.0
2014-10-27,0.825,0.825,0.0,1.0
2014-10-28,0.841,0.841,0.0,1.0
2014-10-29,0.851,0.851,0.0,1.0
2014-10-30,0.851,0.851,0.0,1.0
2014-10-31,0.867,0.867,0.0,1.0
2014-11-03,0.868,0.868,0.0,1.0
2014-11-04,0.864,0.864,0.0,1.0
2014-11-05,0.863,0.863,0.0,1.0
2014-11-06,0.865,0.865,0.0,1.0
2014-11-07,0.867,0.867,0.0,1.0
2014-11-10,0.885,0.885,0.0,1.0
2014-11-11,0.875,0.875,0.0,1.0
2014-11-12,0.884,0.884,0.0,1.0
2014-11-13,0.874,0.874,0.0,1.0
2014-11-14,0.876,0.876,0.0,1.0
2014-11-17,0.872,0.872,0.0,1.0
2014-11-18,0.864,0.864,0.0,1.0
2014-11-19,0.867,0.867,0.0,1.0
2014-11-20,0.864,0.864,0.0,1.0
2014-11-21,0.879,0.879,0.0,1.0
2014-11-24,0.904,0.904,0.0,1.0
2014-11-25,0.915,0.915,0.0,1.0
2014-11-26,0.921,0.921,0.0,1.0
2014-11-27,0.932,0.932,0.0,1.0
2014-11-28,0.949,0.949,0.0,1.0
2014-12-01,0.959,0.959,0.0,1.0
2014-12-02,0.991,0.991,0.0,1.0
2014-12-03,1.018,1.018,0.0,1.0
2014-12-04,1.07,1.07,0.0,1.0
2014-12-05,1.069,1.069,0.0,1.0
2014-12-08,1.122,1.122,0.0,1.0
2014-12-09,1.068,1.068,0.0,1.0
2014-12-10,1.109,1.109,0.0,1.0
2014-12-11,1.102,1.102,0.0,1.0
2014-12-12,1.1,1.1,0.0,1.0
2014-12-15,1.103,1.103,0.0,1.0
2014-12-16,1.118,1.118,0.0,1.0
2014-12-17,1.135,1.135,0.0,1.0
2014-12-18,1.12,1.12,0.0,1.0
2014-12-19,1.117,1.117,0.0,1.0
2014-12-22,1.112,1.112,0.0,1.0
2014-12-23,1.109,1.109,0.0,1.0
2014-12-24,1.078,1.078,0.0,1.0
2014-12-25,1.101,1.101,0.0,1.0
2014-12-26,1.138,1.138,0.0,1.0
2014-12-29,1.133,1.133,0.0,1.0
2014-12-30,1.124,1.124,0.0,1.0
2014-12-31,1.165,1.165,0.0,1.0
2015-01-05,1.216,1.216,0.0,1.0
2015-01-06,1.229,1.229,0.0,1.0
2015-01-07,1.218,1.218,0.0,1.0
2015-01-08,1.202,1.202,0.0,1.0
2015-01-09,1.188,1.188,0.0,1.0
2015-01-12,1.188,1.188,0.0,1.0
2015-01-13,1.189,1.189,0.0,1.0
2015-01-14,1.178,1.178,0.0,1.0
2015-01-15,1.204,1.204,0.0,1.0
2015-01-16,1.209,1.209,0.0,1.0
2015-01-19,1.123,1.123,0.0,1.0
2015-01-20,1.154,1.154,0.0,1.0
2015-01-21,1.194,1.194,0.0,1.0
2015-01-22,1.205,1.205,0.0,1.0
2015-01-23,1.2,1.2,0.0,1.0
2015-01-26,1.224,1.224,0.0,1.0
2015-01-27,1.219,1.219,0.0,1.0
2015-01-28,1.192,1.192,0.0,1.0
2015-01-29,1.179,1.179,0.0,1.0
2015-01-30,1.174,1.174,0.0,1.0
2015-02-02,1.152,1.152,0.0,1.0
2015-02-03,1.181,1.181,0.0,1.0
2015-02-04,1.168,1.168,0.0,1.0
2015-02-05,1.163,1.163,0.0,1.0
2015-02-06,1.133,1.133,0.0,1.0
2015-02-09,1.142,1.142,0.0,1.0
2015-02-10,1.169,1.169,0.0,1.0
2015-02-11,1.183,1.183,0.0,1.0
2015-02-12,1.187,1.187,0.0,1.0
2015-02-13,1.199,1.199,0.0,1.0
2015-02-16,1.217,1.217,0.0,1.0
2015-02-17,1.229,1.229,0.0,1.0
2015-02-25,1.207,1.207,0.0,1.0
2015-02-26,1.231,1.231,0.0,1.0
2015-02-27,1.232,1.232,0.0,1.0
2015-03-02,1.248,1.248,0.0,1.0
2015-03-03,1.212,1.212,0.0,1.0
2015-03-04,1.222,1.222,0.0,1.0
2015-03-05,1.211,1.211,0.0,1.0
2015-03-06,1.196,1.196,0.0,1.0
2015-03-09,1.211,1.211,0.0,1.0
2015-03-10,1.211,1.211,0.0,1.0
2015-03-11,1.209,1.209,0.0,1.0
2015-03-12,1.221,1.221,0.0,1.0
2015-03-13,1.226,1.226,0.0,1.0
2015-03-16,1.26,1.26,0.0,1.0
2015-03-17,1.276,1.276,0.0,1.0
2015-03-18,1.312,1.312,0.0,1.0
2015-03-19,1.301,1.301,0.0,1.0
2015-03-20,1.313,1.313,0.0,1.0
2015-03-23,1.34,1.34,0.0,1.0
2015-03-24,1.338,1.338,0.0,1.0
2015-03-25,1.336,1.336,0.0,1.0
2015-03-26,1.333,1.333,0.0,1.0
2015-03-27,1.347,1.347,0.0,1.0
2015-03-30,1.38,1.38,0.0,1.0
2015-03-31,1.38,1.38,0.0,1.0
2015-04-01,1.401,1.401,0.0,1.0
2015-04-02,1.406,1.406,0.0,1.0
2015-04-03,1.411,1.411,0.0,1.0
2015-04-07,1.443,1.443,0.0,1.0
2015-04-08,1.448,1.448,0.0,1.0
2015-04-09,1.441,1.441,0.0,1.0
2015-04-10,1.473,1.473,0.0,1.0
2015-04-13,1.484,1.484,0.0,1.0
2015-04-14,1.47,1.47,0.0,1.0
2015-04-15,1.432,1.432,0.0,1.0
2015-04-16,1.466,1.466,0.0,1.0
2015-04-17,1.481,1.481,0.0,1.0
2015-04-20,1.45,1.45,0.0,1.0
2015-04-21,1.52,1.52,0.0,1.0
2015-04-22,1.544,1.544,0.0,1.0
2015-04-23,1.544,1.544,0.0,1.0
2015-04-24,1.53,1.53,0.0,1.0
2015-04-27,1.553,1.553,0.0,1.0
2015-04-28,1.541,1.541,0.0,1.0
2015-04-29,1.565,1.565,0.0,1.0
2015-04-30,1.559,1.559,0.0,1.0
2015-05-04,1.561,1.561,0.0,1.0
2015-05-05,1.495,1.495,0.0,1.0
2015-05-06,1.485,1.485,0.0,1.0
2015-05-07,1.481,1.481,0.0,1.0
2015-05-08,1.523,1.523,0.0,1.0
2015-05-11,1.576,1.576,0.0,1.0
2015-05-12,1.584,1.584,0.0,1.0
2015-05-13,1.589,1.589,0.0,1.0
2015-05-14,1.58,1.58,0.0,1.0
2015-05-15,1.543,1.543,0.0,1.0
2015-05-18,1.537,1.537,0.0,1.0
2015-05-19,1.58,1.58,0.0,1.0
2015-05-20,1.611,1.611,0.0,1.0
2015-05-21,1.656,1.656,0.0,1.0
2015-05-22,1.676,1.676,0.0,1.0
2015-05-25,1.71,1.71,0.0,1.0
2015-05-26,1.763,1.763,0.0,1.0
2015-05-27,1.759,1.759,0.0,1.0
2015-05-28,1.671,1.671,0.0,1.0
2015-05-29,1.666,1.666,0.0,1.0
2015-06-01,1.78,1.78,0.0,1.0
2015-06-02,1.829,1.829,0.0,1.0
2015-06-03,1.823,1.823,0.0,1.0
2015-06-04,1.83,1.83,0.0,1.0
2015-06-05,1.824,1.824,0.0,1.0
2015-06-08,1.798,1.798,0.0,1.0
2015-06-09,1.786,1.786,0.0,1.0
2015-06-10,1.822,1.822,0.0,1.0
2015-06-11,1.841,1.841,0.0,1.0
2015-06-12,1.873,1.873,0.0,1.0
2015-06-15,1.823,1.823,0.0,1.0
2015-06-16,1.759,1.759,0.0,1.0
2015-06-17,1.81,1.81,0.0,1.0
2015-06-18,1.745,1.745,0.0,1.0
2015-06-19,1.66,1.66,0.0,1.0
2015-06-23,1.72,1.72,0.0,1.0
2015-06-24,1.681,1.681,0.0,1.0
2015-06-25,1.635,1.635,0.0,1.0
2015-06-26,1.482,1.482,0.0,1.0
2015-06-29,1.404,1.404,0.0,1.0
2015-06-30,1.491,1.491,0.0,1.0
2015-07-01,1.42,1.42,0.0,1.0
2015-07-02,1.385,1.385,0.0,1.0
2015-07-03,1.3,1.3,0.0,1.0
2015-07-06,1.356,1.356,0.0,1.0
2015-07-07,1.22,1.22,0.0,1.0
2015-07-08,1.098,1.098,0.0,1.0
2015-07-09,1.208,1.208,0.0,1.0
2015-07-10,1.329,1.329,0.0,1.0
2015-07-13,1.36,1.36,0.0,1.0
2015-07-14,1.32,1.32,0.0,1.0
2015-07-15,1.217,1.217,0.0,1.0
2015-07-16,1.27,1.27,0.0,1.0
2015-07-17,1.348,1.348,0.0,1.0
2015-07-20,1.366,1.366,0.0,1.0
2015-07-21,1.371,1.371,0.0,1.0
2015-07-22,1.374,1.374,0.0,1.0
2015-07-23,1.412,1.412,0.0,1.0
2015-07-24,1.36,1.36,0.0,1.0
2015-07-27,1.269,1.269,0.0,1.0
2015-07-28,1.27,1.27,0.0,1.0
2015-07-29,1.317,1.317,0.0,1.0
2015-07-30,1.278,1.278,0.0,1.0
2015-07-31,1.269,1.269,0.0,1.0
2015-08-03,1.224,1.224,0.0,1.0
2015-08-04,1.305,1.305,0.0,1.0
2015-08-05,1.28,1.28,0.0,1.0
2015-08-06,1.277,1.277,0.0,1.0
2015-08-07,1.313,1.313,0.0,1.0
2015-08-10,1.37,1.37,0.0,1.0
2015-08-11,1.364,1.364,0.0,1.0
2015-08-12,1.361,1.361,0.0,1.0
2015-08-13,1.39,1.39,0.0,1.0
2015-08-14,1.383,1.383,0.0,1.0
2015-08-17,1.393,1.393,0.0,1.0
2015-08-18,1.318,1.318,0.0,1.0
2015-08-19,1.339,1.339,0.0,1.0
2015-08-20,1.301,1.301,0.0,1.0
2015-08-21,1.238,1.238,0.0,1.0
2015-08-24,1.114,1.114,0.0,1.0
2015-08-25,1.003,1.003,0.0,1.0
2015-08-26,1.014,1.014,0.0,1.0
2015-08-27,1.067,1.067,0.0,1.0
2015-08-28,1.119,1.119,0.0,1.0
2015-08-31,1.077,1.077,0.0,1.0
2015-09-01,1.04,1.04,0.0,1.0
2015-09-02,1.03,1.03,0.0,1.0
2015-09-07,1.038,1.038,0.0,1.0
2015-09-08,1.07,1.07,0.0,1.0
2015-09-09,1.097,1.097,0.0,1.0
2015-09-10,1.075,1.075,0.0,1.0
2015-09-11,1.08,1.08,0.0,1.0
2015-09-14,1.017,1.017,0.0,1.0
2015-09-15,0.969,0.969,0.0,1.0
2015-09-16,1.047,1.047,0.0,1.0
2015-09-17,1.015,1.015,0.0,1.0
2015-09-18,1.025,1.025,0.0,1.0
2015-09-21,1.053,1.053,0.0,1.0
2015-09-22,1.056,1.056,0.0,1.0
2015-09-23,1.038,1.038,0.0,1.0
2015-09-24,1.048,1.048,0.0,1.0
2015-09-25,1.016,1.016,0.0,1.0
2015-09-28,1.036,1.036,0.0,1.0
2015-09-29,1.018,1.018,0.0,1.0
2015-09-30,1.021,1.021,0.0,1.0
2015-10-08,1.062,1.062,0.0,1.0
2015-10-09,1.075,1.075,0.0,1.0
2015-10-12,1.129,1.129,0.0,1.0
2015-10-13,1.133,1.133,0.0,1.0
2015-10-14,1.122,1.122,0.0,1.0
2015-10-15,1.152,1.152,0.0,1.0
2015-10-16,1.168,1.168,0.0,1.0
2015-10-19,1.167,1.167,0.0,1.0
2015-10-20,1.193,1.193,0.0,1.0
2015-10-21,1.147,1.147,0.0,1.0
2015-10-22,1.18,1.18,0.0,1.0
2015-10-23,1.213,1.213,0.0,1.0
2015-10-26,1.218,1.218,0.0,1.0
2015-10-27,1.23,1.23,0.0,1.0
2015-10-28,1.196,1.196,0.0,1.0
2015-10-29,1.205,1.205,0.0,1.0
2015-10-30,1.214,1.214,0.0,1.0
2015-11-02,1.188,1.188,0.0,1.0
2015-11-03,1.18,1.18,0.0,1.0
2015-11-04,1.241,1.241,0.0,1.0
2015-11-05,1.249,1.249,0.0,1.0
2015-11-06,1.286,1.286,0.0,1.0
2015-11-09,1.298,1.298,0.0,1.0
2015-11-10,1.316,1.316,0.0,1.0
2015-11-11,1.328,1.328,0.0,1.0
2015-11-12,1.317,1.317,0.0,1.0
2015-11-13,1.292,1.292,0.0,1.0
2015-11-16,1.319,1.319,0.0,1.0
2015-11-17,1.308,1.308,0.0,1.0
2015-11-18,1.289,1.289,0.0,1.0
2015-11-19,1.32,1.32,0.0,1.0
2015-11-20,1.328,1.328,0.0,1.0
2015-11-23,1.328,1.328,0.0,1.0
2015-11-24,1.345,1.345,0.0,1.0
2015-11-25,1.358,1.358,0.0,1.0
2015-11-26,1.348,1.348,0.0,1.0
2015-11-27,1.275,1.275,0.0,1.0
2015-11-30,1.286,1.286,0.0,1.0
2015-12-01,1.29,1.29,0.0,1.0
2015-12-02,1.297,1.297,0.0,1.0
2015-12-03,1.307,1.307,0.0,1.0
2015-12-04,1.303,1.303,0.0,1.0
2015-12-07,1.296,1.296,0.0,1.0
2015-12-08,1.27,1.27,0.0,1.0
2015-12-09,1.274,1.274,0.0,1.0
2015-12-10,1.277,1.277,0.0,1.0
2015-12-11,1.272,1.272,0.0,1.0
2015-12-14,1.297,1.297,0.0,1.0
2015-12-15,1.303,1.303,0.0,1.0
2015-12-16,1.314,1.314,0.0,1.0
2015-12-17,1.345,1.345,0.0,1.0
2015-12-18,1.35,1.35,0.0,1.0
2015-12-21,1.366,1.366,0.0,1.0
2015-12-22,1.382,1.382,0.0,1.0
2015-12-23,1.37,1.37,0.0,1.0
2015-12-24,1.356,1.356,0.0,1.0
2015-12-25,1.362,1.362,0.0,1.0
2015-12-28,1.326,1.326,0.0,1.0
2015-12-29,1.338,1.338,0.0,1.0
2015-12-30,1.352,1.352,0.0,1.0
2015-12-31,1.337,1.337,0.0,1.0
2016-01-04,1.242,1.242,0.0,1.0
2016-01-05,1.216,1.216,0.0,1.0
2016-01-06,1.234,1.234,0.0,1.0
2016-01-07,1.141,1.141,0.0,1.0
2016-01-08,1.153,1.153,0.0,1.0
2016-01-11,1.096,1.096,0.0,1.0
2016-01-12,1.1,1.1,0.0,1.0
2016-01-13,1.078,1.078,0.0,1.0
2016-01-14,1.089,1.089,0.0,1.0
2016-01-15,1.05,1.05,0.0,1.0
2016-01-18,1.07,1.07,0.0,1.0
2016-01-19,1.1,1.1,0.0,1.0
2016-01-20,1.085,1.085,0.0,1.0
2016-01-21,1.052,1.052,0.0,1.0
2016-01-22,1.066,1.066,0.0,1.0
2016-01-25,1.077,1.077,0.0,1.0
2016-01-26,1.012,1.012,0.0,1.0
2016-01-27,0.999,0.999,0.0,1.0
2016-01-28,0.97,0.97,0.0,1.0
2016-01-29,1.0,1.0,0.0,1.0
2016-02-01,0.984,0.984,0.0,1.0
2016-02-02,1.002,1.002,0.0,1.0
2016-02-03,1.01,1.01,0.0,1.0
2016-02-04,1.022,1.022,0.0,1.0
2016-02-05,1.019,1.019,0.0,1.0
2016-02-15,1.02,1.02,0.0,1.0
2016-02-16,1.062,1.062,0.0,1.0
2016-02-17,1.07,1.07,0.0,1.0
2016-02-18,1.062,1.062,0.0,1.0
2016-02-19,1.066,1.066,0.0,1.0
2016-02-22,1.087,1.087,0.0,1.0
2016-02-23,1.076,1.076,0.0,1.0
2016-02-24,1.079,1.079,0.0,1.0
2016-02-25,1.003,1.003,0.0,1.0
2016-02-26,1.009,1.009,0.0,1.0
2016-02-29,0.956,0.956,0.0,1.0
2016-03-01,0.978,0.978,0.0,1.0
2016-03-02,1.02,1.02,0.0,1.0
2016-03-03,1.025,1.025,0.0,1.0
2016-03-04,1.01,1.01,0.0,1.0
2016-03-07,1.026,1.026,0.0,1.0
2016-03-08,1.023,1.023,0.0,1.0
2016-03-09,1.007,1.007,0.0,1.0
2016-03-10,0.996,0.996,0.0,1.0
2016-03-11,0.993,0.993,0.0,1.0
2016-03-14,1.019,1.019,0.0,1.0
2016-03-15,1.009,1.009,0.0,1.0
2016-03-16,1.003,1.003,0.0,1.0
2016-03-17,1.03,1.03,0.0,1.0
2016-03-18,1.064,1.064,0.0,1.0
2016-03-21,1.095,1.095,0.0,1.0
2016-03-22,1.086,1.086,0.0,1.0
2016-03-23,1.096,1.096,0.0,1.0
2016-03-24,1.089,1.089,0.0,1.0
2016-03-25,1.086,1.086,0.0,1.0
2016-03-28,1.078,1.078,0.0,1.0
2016-03-29,1.063,1.063,0.0,1.0
2016-03-30,1.096,1.096,0.0,1.0
2016-03-31,1.103,1.103,0.0,1.0
2016-04-01,1.091,1.091,0.0,1.0
2016-04-05,1.119,1.119,0.0,1.0
2016-04-06,1.122,1.122,0.0,1.0
2016-04-07,1.108,1.108,0.0,1.0
2016-04-08,1.097,1.097,0.0,1.0
2016-04-11,1.117,1.117,0.0,1.0
2016-04-12,1.108,1.108,0.0,1.0
2016-04-13,1.123,1.123,0.0,1.0
2016-04-14,1.131,1.131,0.0,1.0
2016-04-15,1.13,1.13,0.0,1.0
2016-04-18,1.107,1.107,0.0,1.0
2016-04-19,1.109,1.109,0.0,1.0
2016-04-20,1.067,1.067,0.0,1.0
2016-04-21,1.062,1.062,0.0,1.0
2016-04-22,1.066,1.066,0.0,1.0
2016-04-25,1.057,1.057,0.0,1.0
2016-04-26,1.068,1.068,0.0,1.0
2016-04-27,1.068,1.068,0.0,1.0
2016-04-28,1.071,1.071,0.0,1.0
2016-04-29,1.07,1.07,0.0,1.0
2016-05-03,1.102,1.102,0.0,1.0
2016-05-04,1.097,1.097,0.0,1.0
2016-05-05,1.101,1.101,0.0,1.0
2016-05-06,1.078,1.078,0.0,1.0
2016-05-09,1.052,1.052,0.0,1.0
2016-05-10,1.057,1.057,0.0,1.0
2016-05-11,1.054,1.054,0.0,1.0
2016-05-12,1.055,1.055,0.0,1.0
2016-05-13,1.041,1.041,0.0,1.0
2016-05-16,1.047,1.047,0.0,1.0
2016-05-17,1.041,1.041,0.0,1.0
2016-05-18,1.027,1.027,0.0,1.0
2016-05-19,1.033,1.033,0.0,1.0
2016-05-20,1.036,1.036,0.0,1.0
2016-05-23,1.043,1.043,0.0,1.0
2016-05-24,1.04,1.04,0.0,1.0
2016-05-25,1.04,1.04,0.0,1.0
2016-05-26,1.043,1.043,0.0,1.0
2016-05-27,1.04,1.04,0.0,1.0
2016-05-30,1.034,1.034,0.0,1.0
2016-05-31,1.076,1.076,0.0,1.0
2016-06-01,1.075,1.075,0.0,1.0
2016-06-02,1.078,1.078,0.0,1.0
2016-06-03,1.095,1.095,0.0,1.0
2016-06-06,1.091,1.091,0.0,1.0
2016-06-07,1.088,1.088,0.0,1.0
2016-06-08,1.089,1.089,0.0,1.0
2016-06-13,1.05,1.05,0.0,1.0
2016-06-14,1.046,1.046,0.0,1.0
2016-06-15,1.074,1.074,0.0,1.0
2016-06-16,1.066,1.066,0.0,1.0
2016-06-17,1.07,1.07,0.0,1.0
2016-06-20,1.076,1.076,0.0,1.0
2016-06-21,1.074,1.074,0.0,1.0
2016-06-22,1.087,1.087,0.0,1.0
2016-06-23,1.086,1.086,0.0,1.0
2016-06-24,1.07,1.07,0.0,1.0
2016-06-27,1.097,1.097,0.0,1.0
2016-06-28,1.109,1.109,0.0,1.0
2016-06-29,1.107,1.107,0.0,1.0
2016-06-30,1.108,1.108,0.0,1.0
2016-07-01,1.104,1.104,0.0,1.0
2016-07-04,1.117,1.117,0.0,1.0
2016-07-05,1.117,1.117,0.0,1.0
2016-07-06,1.123,1.123,0.0,1.0
2016-07-07,1.123,1.123,0.0,1.0
2016-07-08,1.125,1.125,0.0,1.0
2016-07-11,1.123,1.123,0.0,1.0
2016-07-12,1.143,1.143,0.0,1.0
2016-07-13,1.148,1.148,0.0,1.0
2016-07-14,1.15,1.15,0.0,1.0
2016-07-15,1.148,1.148,0.0,1.0
2016-07-18,1.137,1.137,0.0,1.0
2016-07-19,1.141,1.141,0.0,1.0
2016-07-20,1.138,1.138,0.0,1.0
2016-07-21,1.142,1.142,0.0,1.0
2016-07-22,1.134,1.134,0.0,1.0
2016-07-25,1.134,1.134,0.0,1.0
2016-07-26,1.145,1.145,0.0,1.0
2016-07-27,1.101,1.101,0.0,1.0
2016-07-28,1.102,1.102,0.0,1.0
2016-07-29,1.098,1.098,0.0,1.0
2016-08-01,1.084,1.084,0.0,1.0
2016-08-02,1.088,1.088,0.0,1.0
2016-08-03,1.091,1.091,0.0,1.0
2016-08-04,1.097,1.097,0.0,1.0
2016-08-05,1.096,1.096,0.0,1.0
2016-08-08,1.109,1.109,0.0,1.0
2016-08-09,1.119,1.119,0.0,1.0
2016-08-10,1.118,1.118,0.0,1.0
2016-08-11,1.11,1.11,0.0,1.0
2016-08-12,1.12,1.12,0.0,1.0
2016-08-15,1.149,1.149,0.0,1.0
2016-08-16,1.154,1.154,0.0,1.0
2016-08-17,1.151,1.151,0.0,1.0
2016-08-18,1.153,1.153,0.0,1.0
2016-08-19,1.151,1.151,0.0,1.0
2016-08-22,1.146,1.146,0.0,1.0
2016-08-23,1.145,1.145,0.0,1.0
2016-08-24,1.142,1.142,0.0,1.0
2016-08-25,1.136,1.136,0.0,1.0
2016-08-26,1.14,1.14,0.0,1.0
2016-08-29,1.14,1.14,0.0,1.0
2016-08-30,1.138,1.138,0.0,1.0
2016-08-31,1.144,1.144,0.0,1.0
2016-09-01,1.135,1.135,0.0,1.0
2016-09-02,1.13,1.13,0.0,1.0
2016-09-05,1.132,1.132,0.0,1.0
2016-09-06,1.15,1.15,0.0,1.0
2016-09-07,1.149,1.149,0.0,1.0
2016-09-08,1.153,1.153,0.0,1.0
2016-09-09,1.143,1.143,0.0,1.0
2016-09-12,1.125,1.125,0.0,1.0
2016-09-13,1.124,1.124,0.0,1.0
2016-09-14,1.117,1.117,0.0,1.0
2016-09-19,1.124,1.124,0.0,1.0
2016-09-20,1.117,1.117,0.0,1.0
2016-09-21,1.123,1.123,0.0,1.0
2016-09-22,1.125,1.125,0.0,1.0
2016-09-23,1.124,1.124,0.0,1.0
2016-09-26,1.11,1.11,0.0,1.0
2016-09-27,1.114,1.114,0.0,1.0
2016-09-28,1.11,1.11,0.0,1.0
2016-09-29,1.115,1.115,0.0,1.0
2016-09-30,1.119,1.119,0.0,1.0
2016-10-10,1.155,1.155,0.0,1.0
2016-10-11,1.146,1.146,0.0,1.0
2016-10-12,1.144,1.144,0.0,1.0
2016-10-13,1.14,1.14,0.0,1.0
2016-10-14,1.138,1.138,0.0,1.0
2016-10-17,1.128,1.128,0.0,1.0
2016-10-18,1.144,1.144,0.0,1.0
2016-10-19,1.14,1.14,0.0,1.0
2016-10-20,1.139,1.139,0.0,1.0
2016-10-21,1.14,1.14,0.0,1.0
2016-10-24,1.15,1.15,0.0,1.0
2016-10-25,1.151,1.151,0.0,1.0
2016-10-26,1.147,1.147,0.0,1.0
2016-10-27,1.146,1.146,0.0,1.0
2016-10-28,1.143,1.143,0.0,1.0
2016-10-31,1.141,1.141,0.0,1.0
2016-11-01,1.151,1.151,0.0,1.0
2016-11-02,1.136,1.136,0.0,1.0
2016-11-03,1.152,1.152,0.0,1.0
2016-11-04,1.149,1.149,0.0,1.0
2016-11-07,1.141,1.141,0.0,1.0
2016-11-08,1.143,1.143,0.0,1.0
2016-11-09,1.139,1.139,0.0,1.0
2016-11-10,1.151,1.151,0.0,1.0
2016-11-11,1.155,1.155,0.0,1.0
2016-11-14,1.159,1.159,0.0,1.0
2016-11-15,1.164,1.164,0.0,1.0
2016-11-16,1.169,1.169,0.0,1.0
2016-11-17,1.169,1.169,0.0,1.0
2016-11-18,1.162,1.162,0.0,1.0
2016-11-21,1.164,1.164,0.0,1.0
2016-11-22,1.17,1.17,0.0,1.0
2016-11-23,1.165,1.165,0.0,1.0
2016-11-24,1.161,1.161,0.0,1.0
2016-11-25,1.169,1.169,0.0,1.0
2016-11-28,1.172,1.172,0.0,1.0
2016-11-29,1.171,1.171,0.0,1.0
2016-11-30,1.169,1.169,0.0,1.0
2016-12-01,1.175,1.175,0.0,1.0
2016-12-02,1.16,1.16,0.0,1.0
2016-12-05,1.147,1.147,0.0,1.0
2016-12-06,1.147,1.147,0.0,1.0
2016-12-07,1.154,1.154,0.0,1.0
2016-12-08,1.149,1.149,0.0,1.0
2016-12-09,1.148,1.148,0.0,1.0
2016-12-12,1.112,1.112,0.0,1.0
2016-12-13,1.099,1.099,0.0,1.0
2016-12-14,1.089,1.089,0.0,1.0
2016-12-15,1.088,1.088,0.0,1.0
2016-12-16,1.092,1.092,0.0,1.0
2016-12-19,1.075,1.075,0.0,1.0
2016-12-20,1.082,1.082,0.0,1.0
2016-12-21,1.09,1.09,0.0,1.0
2016-12-22,1.09,1.09,0.0,1.0
2016-12-23,1.086,1.086,0.0,1.0
2016-12-26,1.098,1.098,0.0,1.0
2016-12-27,1.095,1.095,0.0,1.0
2016-12-28,1.083,1.083,0.0,1.0
2016-12-29,1.084,1.084,0.0,1.0
2016-12-30,1.089,1.089,0.0,1.0
2017-01-03,1.096,1.096,0.0,1.0
2017-01-04,1.104,1.104,0.0,1.0
2017-01-05,1.1,1.1,0.0,1.0
2017-01-06,1.092,1.092,0.0,1.0
2017-01-09,1.094,1.094,0.0,1.0
2017-01-10,1.092,1.092,0.0,1.0
2017-01-11,1.087,1.087,0.0,1.0
2017-01-12,1.081,1.081,0.0,1.0
2017-01-13,1.07,1.07,0.0,1.0
2017-01-16,1.056,1.056,0.0,1.0
2017-01-17,1.051,1.051,0.0,1.0
2017-01-18,1.047,1.047,0.0,1.0
2017-01-19,1.044,1.044,0.0,1.0
2017-01-20,1.059,1.059,0.0,1.0
2017-01-23,1.063,1.063,0.0,1.0
2017-01-24,1.064,1.064,0.0,1.0
2017-01-25,1.063,1.063,0.0,1.0
2017-01-26,1.08,1.08,0.0,1.0
2017-02-03,1.075,1.075,0.0,1.0
2017-02-06,1.08,1.08,0.0,1.0
2017-02-07,1.074,1.074,0.0,1.0
2017-02-08,1.079,1.079,0.0,1.0
2017-02-09,1.079,1.079,0.0,1.0
2017-02-10,1.078,1.078,0.0,1.0
2017-02-13,1.088,1.088,0.0,1.0
2017-02-14,1.086,1.086,0.0,1.0
2017-02-15,1.08,1.08,0.0,1.0
2017-02-16,1.085,1.085,0.0,1.0
2017-02-17,1.079,1.079,0.0,1.0
2017-02-20,1.095,1.095,0.0,1.0
2017-02-21,1.102,1.102,0.0,1.0
2017-02-22,1.111,1.111,0.0,1.0
2017-02-23,1.108,1.108,0.0,1.0
2017-02-24,1.113,1.113,0.0,1.0
2017-02-27,1.096,1.096,0.0,1.0
2017-02-28,1.105,1.105,0.0,1.0
2017-03-01,1.11,1.11,0.0,1.0
2017-03-02,1.105,1.105,0.0,1.0
2017-03-03,1.103,1.103,0.0,1.0
2017-03-06,1.121,1.121,0.0,1.0
2017-03-07,1.125,1.125,0.0,1.0
2017-03-08,1.119,1.119,0.0,1.0
2017-03-09,1.11,1.11,0.0,1.0
2017-03-10,1.115,1.115,0.0,1.0
2017-03-13,1.127,1.127,0.0,1.0
2017-03-14,1.125,1.125,0.0,1.0
2017-03-15,1.122,1.122,0.0,1.0
2017-03-16,1.135,1.135,0.0,1.0
2017-03-17,1.126,1.126,0.0,1.0
2017-03-20,1.126,1.126,0.0,1.0
2017-03-21,1.132,1.132,0.0,1.0
2017-03-22,1.124,1.124,0.0,1.0
2017-03-23,1.132,1.132,0.0,1.0
2017-03-24,1.138,1.138,0.0,1.0
2017-03-27,1.133,1.133,0.0,1.0
2017-03-28,1.126,1.126,0.0,1.0
2017-03-29,1.127,1.127,0.0,1.0
2017-03-30,1.107,1.107,0.0,1.0
2017-03-31,1.108,1.108,0.0,1.0
2017-04-05,1.136,1.136,0.0,1.0
2017-04-06,1.138,1.138,0.0,1.0
2017-04-07,1.139,1.139,0.0,1.0
2017-04-10,1.131,1.131,0.0,1.0
2017-04-11,1.137,1.137,0.0,1.0
2017-04-12,1.134,1.134,0.0,1.0
2017-04-13,1.138,1.138,0.0,1.0
2017-04-14,1.12,1.12,0.0,1.0
2017-04-17,1.115,1.115,0.0,1.0
2017-04-18,1.116,1.116,0.0,1.0
2017-04-19,1.112,1.112,0.0,1.0
2017-04-20,1.11,1.11,0.0,1.0
2017-04-21,1.106,1.106,0.0,1.0
2017-04-24,1.095,1.095,0.0,1.0
2017-04-25,1.095,1.095,0.0,1.0
2017-04-26,1.096,1.096,0.0,1.0
2017-04-27,1.094,1.094,0.0,1.0
2017-04-28,1.095,1.095,0.0,1.0
2017-05-02,1.092,1.092,0.0,1.0
2017-05-03,1.086,1.086,0.0,1.0
2017-05-04,1.086,1.086,0.0,1.0
2017-05-05,1.076,1.076,0.0,1.0
2017-05-08,1.07,1.07,0.0,1.0
2017-05-09,1.063,1.063,0.0,1.0
2017-05-10,1.057,1.057,0.0,1.0
2017-05-11,1.049,1.049,0.0,1.0
2017-05-12,1.048,1.048,0.0,1.0
2017-05-15,1.051,1.051,0.0,1.0
2017-05-16,1.073,1.073,0.0,1.0
2017-05-17,1.077,1.077,0.0,1.0
2017-05-18,1.069,1.069,0.0,1.0
2017-05-19,1.068,1.068,0.0,1.0
2017-05-22,1.06,1.06,0.0,1.0
2017-05-23,1.045,1.045,0.0,1.0
2017-05-24,1.055,1.055,0.0,1.0
2017-05-25,1.067,1.067,0.0,1.0
2017-05-26,1.061,1.061,0.0,1.0
2017-05-31,1.066,1.066,0.0,1.0
2017-06-01,1.048,1.048,0.0,1.0
2017-06-02,1.056,1.056,0.0,1.0
2017-06-05,1.06,1.06,0.0,1.0
2017-06-06,1.067,1.067,0.0,1.0
2017-06-07,1.085,1.085,0.0,1.0
2017-06-08,1.088,1.088,0.0,1.0
2017-06-09,1.09,1.09,0.0,1.0
2017-06-12,1.081,1.081,0.0,1.0
2017-06-13,1.092,1.092,0.0,1.0
2017-06-14,1.088,1.088,0.0,1.0
2017-06-15,1.091,1.091,0.0,1.0
2017-06-16,1.092,1.092,0.0,1.0
2017-06-19,1.098,1.098,0.0,1.0
2017-06-20,1.102,1.102,0.0,1.0
2017-06-21,1.11,1.11,0.0,1.0
2017-06-22,1.097,1.097,0.0,1.0
2017-06-23,1.103,1.103,0.0,1.0
2017-06-26,1.13,1.13,0.0,1.0
2017-06-27,1.133,1.133,0.0,1.0
2017-06-28,1.123,1.123,0.0,1.0
2017-06-29,1.127,1.127,0.0,1.0
2017-06-30,1.131,1.131,0.0,1.0
2017-07-03,1.13,1.13,0.0,1.0
2017-07-04,1.128,1.128,0.0,1.0
2017-07-05,1.141,1.141,0.0,1.0
2017-07-06,1.136,1.136,0.0,1.0
2017-07-07,1.132,1.132,0.0,1.0
2017-07-10,1.122,1.122,0.0,1.0
2017-07-11,1.122,1.122,0.0,1.0
2017-07-12,1.11,1.11,0.0,1.0
2017-07-13,1.12,1.12,0.0,1.0
2017-07-14,1.122,1.122,0.0,1.0
2017-07-17,1.087,1.087,0.0,1.0
2017-07-18,1.091,1.091,0.0,1.0
2017-07-19,1.103,1.103,0.0,1.0
2017-07-20,1.112,1.112,0.0,1.0
2017-07-21,1.108,1.108,0.0,1.0
2017-07-24,1.113,1.113,0.0,1.0
2017-07-25,1.106,1.106,0.0,1.0
2017-07-26,1.102,1.102,0.0,1.0
2017-07-27,1.119,1.119,0.0,1.0
2017-07-28,1.124,1.124,0.0,1.0
2017-07-31,1.129,1.129,0.0,1.0
2017-08-01,1.127,1.127,0.0,1.0
2017-08-02,1.13,1.13,0.0,1.0
2017-08-03,1.124,1.124,0.0,1.0
2017-08-04,1.115,1.115,0.0,1.0
2017-08-07,1.117,1.117,0.0,1.0
2017-08-08,1.126,1.126,0.0,1.0
2017-08-09,1.128,1.128,0.0,1.0
2017-08-10,1.121,1.121,0.0,1.0
2017-08-11,1.113,1.113,0.0,1.0
2017-08-14,1.128,1.128,0.0,1.0
2017-08-15,1.132,1.132,0.0,1.0
2017-08-16,1.142,1.142,0.0,1.0
2017-08-17,1.145,1.145,0.0,1.0
2017-08-18,1.142,1.142,0.0,1.0
2017-08-21,1.146,1.146,0.0,1.0
2017-08-22,1.143,1.143,0.0,1.0
2017-08-23,1.14,1.14,0.0,1.0
2017-08-24,1.137,1.137,0.0,1.0
2017-08-25,1.151,1.151,0.0,1.0
2017-08-28,1.165,1.165,0.0,1.0
2017-08-29,1.157,1.157,0.0,1.0
2017-08-30,1.164,1.164,0.0,1.0
2017-08-31,1.164,1.164,0.0,1.0
2017-09-01,1.175,1.175,0.0,1.0
2017-09-04,1.182,1.182,0.0,1.0
2017-09-05,1.185,1.185,0.0,1.0
2017-09-06,1.185,1.185,0.0,1.0
2017-09-07,1.185,1.185,0.0,1.0
2017-09-08,1.185,1.185,0.0,1.0
2017-09-11,1.193,1.193,0.0,1.0
2017-09-12,1.19,1.19,0.0,1.0
2017-09-13,1.192,1.192,0.0,1.0
2017-09-14,1.193,1.193,0.0,1.0
2017-09-15,1.195,1.195,0.0,1.0
2017-09-18,1.207,1.207,0.0,1.0
2017-09-19,1.195,1.195,0.0,1.0
2017-09-20,1.205,1.205,0.0,1.0
2017-09-21,1.196,1.196,0.0,1.0
2017-09-22,1.195,1.195,0.0,1.0
2017-09-25,1.181,1.181,0.0,1.0
2017-09-26,1.179,1.179,0.0,1.0
2017-09-27,1.185,1.185,0.0,1.0
2017-09-28,1.19,1.19,0.0,1.0
2017-09-29,1.199,1.199,0.0,1.0
2017-10-09,1.214,1.214,0.0,1.0
2017-10-10,1.226,1.226,0.0,1.0
2017-10-11,1.226,1.226,0.0,1.0
2017-10-12,1.225,1.225,0.0,1.0
2017-10-13,1.232,1.232,0.0,1.0
2017-10-16,1.221,1.221,0.0,1.0
2017-10-17,1.22,1.22,0.0,1.0
2017-10-18,1.221,1.221,0.0,1.0
2017-10-19,1.208,1.208,0.0,1.0
2017-10-20,1.21,1.21,0.0,1.0
2017-10-23,1.216,1.216,0.0,1.0
2017-10-24,1.217,1.217,0.0,1.0
2017-10-25,1.232,1.232,0.0,1.0
2017-10-26,1.236,1.236,0.0,1.0
2017-10-27,1.237,1.237,0.0,1.0
2017-10-30,1.23,1.23,0.0,1.0
2017-10-31,1.24,1.24,0.0,1.0
2017-11-01,1.246,1.246,0.0,1.0
2017-11-02,1.235,1.235,0.0,1.0
2017-11-03,1.21,1.21,0.0,1.0
2017-11-06,1.221,1.221,0.0,1.0
2017-11-07,1.231,1.231,0.0,1.0
2017-11-08,1.224,1.224,0.0,1.0
2017-11-09,1.25,1.25,0.0,1.0
2017-11-10,1.267,1.267,0.0,1.0
2017-11-13,1.267,1.267,0.0,1.0
2017-11-14,1.264,1.264,0.0,1.0
2017-11-15,1.241,1.241,0.0,1.0
2017-11-16,1.26,1.26,0.0,1.0
2017-11-17,1.218,1.218,0.0,1.0
2017-11-20,1.243,1.243,0.0,1.0
2017-11-21,1.255,1.255,0.0,1.0
2017-11-22,1.246,1.246,0.0,1.0
2017-11-23,1.218,1.218,0.0,1.0
2017-11-24,1.209,1.209,0.0,1.0
2017-11-27,1.18,1.18,0.0,1.0
2017-11-28,1.188,1.188,0.0,1.0
2017-11-29,1.189,1.189,0.0,1.0
2017-11-30,1.176,1.176,0.0,1.0
2017-12-01,1.185,1.185,0.0,1.0
2017-12-04,1.188,1.188,0.0,1.0
2017-12-05,1.184,1.184,0.0,1.0
2017-12-06,1.186,1.186,0.0,1.0
2017-12-07,1.182,1.182,0.0,1.0
2017-12-08,1.184,1.184,0.0,1.0
2017-12-11,1.198,1.198,0.0,1.0
2017-12-12,1.187,1.187,0.0,1.0
2017-12-13,1.195,1.195,0.0,1.0
2017-12-14,1.195,1.195,0.0,1.0
2017-12-15,1.192,1.192,0.0,1.0
2017-12-18,1.191,1.191,0.0,1.0
2017-12-19,1.197,1.197,0.0,1.0
2017-12-20,1.186,1.186,0.0,1.0
2017-12-21,1.192,1.192,0.0,1.0
2017-12-22,1.191,1.191,0.0,1.0
2017-12-25,1.198,1.198,0.0,1.0
2017-12-26,1.19,1.19,0.0,1.0
2017-12-27,1.182,1.182,0.0,1.0
2017-12-28,1.186,1.186,0.0,1.0
2017-12-29,1.19,1.19,0.0,1.0
2018-01-02,1.199,1.199,0.0,1.0
2018-01-03,1.208,1.208,0.0,1.0
2018-01-04,1.214,1.214,0.0,1.0
2018-01-05,1.221,1.221,0.0,1.0
2018-01-08,1.226,1.226,0.0,1.0
2018-01-09,1.227,1.227,0.0,1.0
2018-01-10,1.232,1.232,0.0,1.0
2018-01-11,1.236,1.236,0.0,1.0
2018-01-12,1.237,1.237,0.0,1.0
2018-01-15,1.219,1.219,0.0,1.0
2018-01-16,1.226,1.226,0.0,1.0
2018-01-17,1.221,1.221,0.0,1.0
2018-01-18,1.218,1.218,0.0,1.0
2018-01-19,1.223,1.223,0.0,1.0
2018-01-22,1.241,1.241,0.0,1.0
2018-01-23,1.248,1.248,0.0,1.0
2018-01-24,1.255,1.255,0.0,1.0
2018-01-25,1.24,1.24,0.0,1.0
2018-01-26,1.246,1.246,0.0,1.0
2018-01-29,1.228,1.228,0.0,1.0
2018-01-30,1.219,1.219,0.0,1.0
2018-01-31,1.208,1.208,0.0,1.0
2018-02-01,1.181,1.181,0.0,1.0
2018-02-02,1.175,1.175,0.0,1.0
2018-02-05,1.168,1.168,0.0,1.0
2018-02-06,1.115,1.115,0.0,1.0
2018-02-07,1.112,1.112,0.0,1.0
2018-02-08,1.119,1.119,0.0,1.0
2018-02-09,1.088,1.088,0.0,1.0
2018-02-12,1.109,1.109,0.0,1.0
2018-02-13,1.12,1.12,0.0,1.0
2018-02-14,1.122,1.122,0.0,1.0
2018-02-22,1.145,1.145,0.0,1.0
2018-02-23,1.145,1.145,0.0,1.0
2018-02-26,1.166,1.166,0.0,1.0
2018-02-27,1.159,1.159,0.0,1.0
2018-02-28,1.158,1.158,0.0,1.0
2018-03-01,1.171,1.171,0.0,1.0
2018-03-02,1.167,1.167,0.0,1.0
2018-03-05,1.169,1.169,0.0,1.0
2018-03-06,1.184,1.184,0.0,1.0
2018-03-07,1.179,1.179,0.0,1.0
2018-03-08,1.185,1.185,0.0,1.0
2018-03-09,1.218,1.218,0.0,1.0
2018-03-12,1.232,1.232,0.0,1.0
2018-03-13,1.224,1.224,0.0,1.0
2018-03-14,1.203,1.203,0.0,1.0
2018-03-15,1.199,1.199,0.0,1.0
2018-03-16,1.195,1.195,0.0,1.0
2018-03-19,1.197,1.197,0.0,1.0
2018-03-20,1.191,1.191,0.0,1.0
2018-03-21,1.19,1.19,0.0,1.0
2018-03-22,1.17,1.17,0.0,1.0
2018-03-23,1.122,1.122,0.0,1.0
2018-03-26,1.143,1.143,0.0,1.0
2018-03-27,1.187,1.187,0.0,1.0
2018-03-28,1.175,1.175,0.0,1.0
2018-03-29,1.171,1.171,0.0,1.0
2018-03-30,1.179,1.179,0.0,1.0
2018-04-02,1.166,1.166,0.0,1.0
2018-04-03,1.159,1.159,0.0,1.0
2018-04-04,1.148,1.148,0.0,1.0
2018-04-09,1.155,1.155,0.0,1.0
2018-04-10,1.157,1.157,0.0,1.0
2018-04-11,1.169,1.169,0.0,1.0
2018-04-12,1.159,1.159,0.0,1.0
2018-04-13,1.152,1.152,0.0,1.0
2018-04-16,1.149,1.149,0.0,1.0
2018-04-17,1.141,1.141,0.0,1.0
2018-04-18,1.141,1.141,0.0,1.0
2018-04-19,1.148,1.148,0.0,1.0
2018-04-20,1.118,1.118,0.0,1.0
2018-04-23,1.118,1.118,0.0,1.0
2018-04-24,1.131,1.131,0.0,1.0
2018-04-25,1.133,1.133,0.0,1.0
2018-04-26,1.116,1.116,0.0,1.0
2018-04-27,1.117,1.117,0.0,1.0
2018-05-02,1.119,1.119,0.0,1.0
2018-05-03,1.135,1.135,0.0,1.0
2018-05-04,1.129,1.129,0.0,1.0
2018-05-07,1.145,1.145,0.0,1.0
2018-05-08,1.146,1.146,0.0,1.0
2018-05-09,1.146,1.146,0.0,1.0
2018-05-10,1.148,1.148,0.0,1.0
2018-05-11,1.144,1.144,0.0,1.0
2018-05-14,1.142,1.142,0.0,1.0
2018-05-15,1.15,1.15,0.0,1.0
2018-05-16,1.144,1.144,0.0,1.0
2018-05-17,1.136,1.136,0.0,1.0
2018-05-18,1.142,1.142,0.0,1.0
2018-05-21,1.153,1.153,0.0,1.0
2018-05-22,1.148,1.148,0.0,1.0
2018-05-23,1.135,1.135,0.0,1.0
2018-05-24,1.129,1.129,0.0,1.0
2018-05-25,1.124,1.124,0.0,1.0
2018-05-28,1.123,1.123,0.0,1.0
2018-05-29,1.119,1.119,0.0,1.0
2018-05-30,1.1,1.1,0.0,1.0
2018-05-31,1.114,1.114,0.0,1.0
2018-06-01,1.107,1.107,0.0,1.0
2018-06-04,1.113,1.113,0.0,1.0
2018-06-05,1.128,1.128,0.0,1.0
2018-06-06,1.12,1.12,0.0,1.0
2018-06-07,1.12,1.12,0.0,1.0
2018-06-08,1.118,1.118,0.0,1.0
2018-06-11,1.118,1.118,0.0,1.0
2018-06-12,1.121,1.121,0.0,1.0
2018-06-13,1.109,1.109,0.0,1.0
2018-06-14,1.117,1.117,0.0,1.0
2018-06-15,1.121,1.121,0.0,1.0
2018-06-19,1.052,1.052,0.0,1.0
2018-06-20,1.035,1.035,0.0,1.0
2018-06-21,1.016,1.016,0.0,1.0
2018-06-22,1.019,1.019,0.0,1.0
2018-06-25,1.008,1.008,0.0,1.0
2018-06-26,1.011,1.011,0.0,1.0
2018-06-27,1.005,1.005,0.0,1.0
2018-06-28,1.007,1.007,0.0,1.0
2018-06-29,1.026,1.026,0.0,1.0
2018-07-02,1.012,1.012,0.0,1.0
2018-07-03,1.004,1.004,0.0,1.0
2018-07-04,1.005,1.005,0.0,1.0
2018-07-05,0.963,0.963,0.0,1.0
2018-07-06,0.969,0.969,0.0,1.0
2018-07-09,0.99,0.99,0.0,1.0
2018-07-10,0.996,0.996,0.0,1.0
2018-07-11,0.975,0.975,0.0,1.0
2018-07-12,0.999,0.999,0.0,1.0
2018-07-13,1.003,1.003,0.0,1.0
2018-07-16,0.996,0.996,0.0,1.0
2018-07-17,0.998,0.998,0.0,1.0
2018-07-18,0.992,0.992,0.0,1.0
2018-07-19,0.989,0.989,0.0,1.0
2018-07-20,1.0,1.0,0.0,1.0
2018-07-23,1.002,1.002,0.0,1.0
2018-07-24,1.016,1.016,0.0,1.0
2018-07-25,1.02,1.02,0.0,1.0
2018-07-26,1.018,1.018,0.0,1.0
2018-07-27,1.014,1.014,0.0,1.0
2018-07-30,0.995,0.995,0.0,1.0
2018-07-31,1.0,1.0,0.0,1.0
2018-08-01,0.99,0.99,0.0,1.0
2018-08-02,0.96,0.96,0.0,1.0
2018-08-03,0.946,0.946,0.0,1.0
2018-08-06,0.923,0.923,0.0,1.0
2018-08-07,0.939,0.939,0.0,1.0
2018-08-08,0.926,0.926,0.0,1.0
2018-08-09,0.943,0.943,0.0,1.0
2018-08-10,0.949,0.949,0.0,1.0
2018-08-13,0.954,0.954,0.0,1.0
2018-08-14,0.95,0.95,0.0,1.0
2018-08-15,0.925,0.925,0.0,1.0
2018-08-16,0.925,0.925,0.0,1.0
2018-08-17,0.909,0.909,0.0,1.0
2018-08-20,0.914,0.914,0.0,1.0
2018-08-21,0.923,0.923,0.0,1.0
2018-08-22,0.916,0.916,0.0,1.0
2018-08-23,0.926,0.926,0.0,1.0
2018-08-24,0.924,0.924,0.0,1.0
2018-08-27,0.94,0.94,0.0,1.0
2018-08-28,0.938,0.938,0.0,1.0
2018-08-29,0.936,0.936,0.0,1.0
2018-08-30,0.926,0.926,0.0,1.0
2018-08-31,0.918,0.918,0.0,1.0
2018-09-03,0.917,0.917,0.0,1.0
2018-09-04,0.927,0.927,0.0,1.0
2018-09-05,0.915,0.915,0.0,1.0
2018-09-06,0.91,0.91,0.0,1.0
2018-09-07,0.91,0.91,0.0,1.0
2018-09-10,0.894,0.894,0.0,1.0
2018-09-11,0.892,0.892,0.0,1.0
2018-09-12,0.885,0.885,0.0,1.0
2018-09-13,0.891,0.891,0.0,1.0
2018-09-14,0.887,0.887,0.0,1.0
2018-09-17,0.886,0.886,0.0,1.0
2018-09-18,0.889,0.889,0.0,1.0
2018-09-19,0.899,0.899,0.0,1.0
2018-09-20,0.894,0.894,0.0,1.0
2018-09-21,0.914,0.914,0.0,1.0
2018-09-25,0.907,0.907,0.0,1.0
2018-09-26,0.914,0.914,0.0,1.0
2018-09-27,0.91,0.91,0.0,1.0
2018-09-28,0.914,0.914,0.0,1.0
2018-10-08,0.889,0.889,0.0,1.0
2018-10-09,0.878,0.878,0.0,1.0
2018-10-10,0.878,0.878,0.0,1.0
2018-10-11,0.836,0.836,0.0,1.0
2018-10-12,0.818,0.818,0.0,1.0
2018-10-15,0.81,0.81,0.0,1.0
2018-10-16,0.8,0.8,0.0,1.0
2018-10-17,0.801,0.801,0.0,1.0
2018-10-18,0.788,0.788,0.0,1.0
2018-10-19,0.805,0.805,0.0,1.0
2018-10-22,0.841,0.841,0.0,1.0
2018-10-23,0.817,0.817,0.0,1.0
2018-10-24,0.818,0.818,0.0,1.0
2018-10-25,0.816,0.816,0.0,1.0
2018-10-26,0.816,0.816,0.0,1.0
2018-10-29,0.805,0.805,0.0,1.0
2018-10-30,0.808,0.808,0.0,1.0
2018-10-31,0.812,0.812,0.0,1.0
2018-11-01,0.816,0.816,0.0,1.0
2018-11-02,0.853,0.853,0.0,1.0
2018-11-05,0.852,0.852,0.0,1.0
2018-11-06,0.846,0.846,0.0,1.0
2018-11-07,0.844,0.844,0.0,1.0
2018-11-08,0.842,0.842,0.0,1.0
2018-11-09,0.839,0.839,0.0,1.0
2018-11-12,0.849,0.849,0.0,1.0
2018-11-13,0.862,0.862,0.0,1.0
2018-11-14,0.854,0.854,0.0,1.0
2018-11-15,0.863,0.863,0.0,1.0
2018-11-16,0.871,0.871,0.0,1.0
2018-11-19,0.873,0.873,0.0,1.0
2018-11-20,0.855,0.855,0.0,1.0
2018-11-21,0.856,0.856,0.0,1.0
2018-11-22,0.855,0.855,0.0,1.0
2018-11-23,0.832,0.832,0.0,1.0
2018-11-26,0.828,0.828,0.0,1.0
2018-11-27,0.829,0.829,0.0,1.0
2018-11-28,0.84,0.84,0.0,1.0
2018-11-29,0.828,0.828,0.0,1.0
2018-11-30,0.838,0.838,0.0,1.0
2018-12-03,0.863,0.863,0.0,1.0
2018-12-04,0.862,0.862,0.0,1.0
2018-12-05,0.857,0.857,0.0,1.0
2018-12-06,0.841,0.841,0.0,1.0
2018-12-07,0.842,0.842,0.0,1.0
2018-12-10,0.833,0.833,0.0,1.0
2018-12-11,0.837,0.837,0.0,1.0
2018-12-12,0.838,0.838,0.0,1.0
2018-12-13,0.847,0.847,0.0,1.0
2018-12-14,0.83,0.83,0.0,1.0
2018-12-17,0.825,0.825,0.0,1.0
2018-12-18,0.822,0.822,0.0,1.0
2018-12-19,0.809,0.809,0.0,1.0
2018-12-20,0.813,0.813,0.0,1.0
2018-12-21,0.806,0.806,0.0,1.0
2018-12-24,0.81,0.81,0.0,1.0
2018-12-25,0.793,0.793,0.0,1.0
2018-12-26,0.793,0.793,0.0,1.0
2018-12-27,0.79,0.79,0.0,1.0
2018-12-28,0.792,0.792,0.0,1.0
2019-01-02,0.785,0.785,0.0,1.0
2019-01-03,0.775,0.775,0.0,1.0
2019-01-04,0.792,0.792,0.0,1.0
2019-01-07,0.805,0.805,0.0,1.0
2019-01-08,0.804,0.804,0.0,1.0
2019-01-09,0.815,0.815,0.0,1.0
2019-01-10,0.807,0.807,0.0,1.0
2019-01-11,0.813,0.813,0.0,1.0
2019-01-14,0.805,0.805,0.0,1.0
2019-01-15,0.823,0.823,0.0,1.0
2019-01-16,0.821,0.821,0.0,1.0
2019-01-17,0.814,0.814,0.0,1.0
2019-01-18,0.824,0.824,0.0,1.0
2019-01-21,0.83,0.83,0.0,1.0
2019-01-22,0.818,0.818,0.0,1.0
2019-01-23,0.816,0.816,0.0,1.0
2019-01-24,0.822,0.822,0.0,1.0
2019-01-25,0.827,0.827,0.0,1.0
2019-01-28,0.825,0.825,0.0,1.0
2019-01-29,0.824,0.824,0.0,1.0
2019-01-30,0.815,0.815,0.0,1.0
2019-01-31,0.82,0.82,0.0,1.0
2019-02-01,0.835,0.835,0.0,1.0
2019-02-11,0.863,0.863,0.0,1.0
2019-02-12,0.871,0.871,0.0,1.0
2019-02-13,0.889,0.889,0.0,1.0
2019-02-14,0.896,0.896,0.0,1.0
2019-02-15,0.888,0.888,0.0,1.0
2019-02-18,0.92,0.92,0.0,1.0
2019-02-19,0.918,0.918,0.0,1.0
2019-02-20,0.922,0.922,0.0,1.0
2019-02-21,0.924,0.924,0.0,1.0
2019-02-22,0.939,0.939,0.0,1.0
2019-02-25,0.999,0.999,0.0,1.0
2019-02-26,0.976,0.976,0.0,1.0
2019-02-27,0.976,0.976,0.0,1.0
2019-02-28,0.982,0.982,0.0,1.0
2019-03-01,0.995,0.995,0.0,1.0
2019-03-04,1.012,1.012,0.0,1.0
2019-03-05,1.044,1.044,0.0,1.0
2019-03-06,1.057,1.057,0.0,1.0
2019-03-07,1.053,1.053,0.0,1.0
2019-03-08,1.014,1.014,0.0,1.0
2019-03-11,1.057,1.057,0.0,1.0
2019-03-12,1.07,1.07,0.0,1.0
2019-03-13,1.051,1.051,0.0,1.0
2019-03-14,1.026,1.026,0.0,1.0
2019-03-15,1.046,1.046,0.0,1.0
2019-03-18,1.072,1.072,0.0,1.0
2019-03-19,1.073,1.073,0.0,1.0
2019-03-20,1.07,1.07,0.0,1.0
2019-03-21,1.075,1.075,0.0,1.0
2019-03-22,1.072,1.072,0.0,1.0
2019-03-25,1.056,1.056,0.0,1.0
2019-03-26,1.036,1.036,0.0,1.0
2019-03-27,1.046,1.046,0.0,1.0
2019-03-28,1.04,1.04,0.0,1.0
2019-03-29,1.08,1.08,0.0,1.0
2019-04-01,1.14,1.14,0.0,1.0
2019-04-02,1.123,1.123,0.0,1.0
2019-04-03,1.131,1.131,0.0,1.0
2019-04-04,1.133,1.133,0.0,1.0
2019-04-08,1.128,1.128,0.0,1.0
2019-04-09,1.136,1.136,0.0,1.0
2019-04-10,1.138,1.138,0.0,1.0
2019-04-11,1.11,1.11,0.0,1.0
2019-04-12,1.107,1.107,0.0,1.0
2019-04-15,1.107,1.107,0.0,1.0
2019-04-16,1.127,1.127,0.0,1.0
2019-04-17,1.124,1.124,0.0,1.0
2019-04-18,1.115,1.115,0.0,1.0
2019-04-19,1.127,1.127,0.0,1.0
2019-04-22,1.109,1.109,0.0,1.0
2019-04-23,1.099,1.099,0.0,1.0
2019-04-24,1.115,1.115,0.0,1.0
2019-04-25,1.085,1.085,0.0,1.0
2019-04-26,1.062,1.062,0.0,1.0
2019-04-29,1.056,1.056,0.0,1.0
2019-04-30,1.069,1.069,0.0,1.0
2019-05-06,0.983,0.983,0.0,1.0
2019-05-07,0.991,0.991,0.0,1.0
2019-05-08,0.984,0.984,0.0,1.0
2019-05-09,0.975,0.975,0.0,1.0
2019-05-10,1.009,1.009,0.0,1.0
2019-05-13,0.99,0.99,0.0,1.0
2019-05-14,0.983,0.983,0.0,1.0
2019-05-15,1.011,1.011,0.0,1.0
2019-05-16,1.014,1.014,0.0,1.0
2019-05-17,0.999,0.999,0.0,1.0
2019-05-20,0.982,0.982,0.0,1.0
2019-05-21,0.997,0.997,0.0,1.0
2019-05-22,0.987,0.987,0.0,1.0
2019-05-23,0.96,0.96,0.0,1.0
2019-05-24,0.968,0.968,0.0,1.0
2019-05-27,0.984,0.984,0.0,1.0
2019-05-28,0.977,0.977,0.0,1.0
2019-05-29,0.979,0.979,0.0,1.0
2019-05-30,0.978,0.978,0.0,1.0
2019-05-31,0.975,0.975,0.0,1.0
2019-06-03,0.971,0.971,0.0,1.0
2019-06-04,0.961,0.961,0.0,1.0
2019-06-05,0.961,0.961,0.0,1.0
2019-06-06,0.951,0.951,0.0,1.0
2019-06-10,0.958,0.958,0.0,1.0
2019-06-11,0.989,0.989,0.0,1.0
2019-06-12,0.981,0.981,0.0,1.0
2019-06-13,0.98,0.98,0.0,1.0
2019-06-14,0.967,0.967,0.0,1.0
2019-06-17,0.966,0.966,0.0,1.0
2019-06-18,0.965,0.965,0.0,1.0
2019-06-19,0.98,0.98,0.0,1.0
2019-06-20,1.005,1.005,0.0,1.0
2019-06-21,1.011,1.011,0.0,1.0
2019-06-24,1.007,1.007,0.0,1.0
2019-06-25,0.998,0.998,0.0,1.0
2019-06-26,0.997,0.997,0.0,1.0
2019-06-27,1.015,1.015,0.0,1.0
2019-06-28,1.007,1.007,0.0,1.0
2019-07-01,1.046,1.046,0.0,1.0
2019-07-02,1.044,1.044,0.0,1.0
2019-07-03,1.033,1.033,0.0,1.0
2019-07-04,1.026,1.026,0.0,1.0
2019-07-05,1.036,1.036,0.0,1.0
2019-07-08,1.008,1.008,0.0,1.0
2019-07-09,1.009,1.009,0.0,1.0
2019-07-10,1.007,1.007,0.0,1.0
2019-07-11,1.007,1.007,0.0,1.0
2019-07-12,1.011,1.011,0.0,1.0
2019-07-15,1.023,1.023,0.0,1.0
2019-07-16,1.022,1.022,0.0,1.0
2019-07-17,1.026,1.026,0.0,1.0
2019-07-18,1.01,1.01,0.0,1.0
2019-07-19,1.023,1.023,0.0,1.0
2019-07-22,1.015,1.015,0.0,1.0
2019-07-23,1.015,1.015,0.0,1.0
2019-07-24,1.026,1.026,0.0,1.0
2019-07-25,1.029,1.029,0.0,1.0
2019-07-26,1.031,1.031,0.0,1.0
2019-07-29,1.029,1.029,0.0,1.0
2019-07-30,1.036,1.036,0.0,1.0
2019-07-31,1.027,1.027,0.0,1.0
2019-08-01,1.019,1.019,0.0,1.0
2019-08-02,1.006,1.006,0.0,1.0
2019-08-05,0.993,0.993,0.0,1.0
2019-08-06,0.977,0.977,0.0,1.0
2019-08-07,0.975,0.975,0.0,1.0
2019-08-08,0.983,0.983,0.0,1.0
2019-08-09,0.972,0.972,0.0,1.0
2019-08-12,0.987,0.987,0.0,1.0
2019-08-13,0.979,0.979,0.0,1.0
2019-08-14,0.986,0.986,0.0,1.0
2019-08-15,0.991,0.991,0.0,1.0
2019-08-16,0.999,0.999,0.0,1.0
2019-08-19,1.034,1.034,0.0,1.0
2019-08-20,1.028,1.028,0.0,1.0
2019-08-21,1.024,1.024,0.0,1.0
2019-08-22,1.028,1.028,0.0,1.0
2019-08-23,1.029,1.029,0.0,1.0
2019-08-26,1.017,1.017,0.0,1.0
2019-08-27,1.038,1.038,0.0,1.0
2019-08-28,1.034,1.034,0.0,1.0
2019-08-29,1.034,1.034,0.0,1.0
2019-08-30,1.033,1.033,0.0,1.0
2019-09-02,1.053,1.053,0.0,1.0
2019-09-03,1.057,1.057,0.0,1.0
2019-09-04,1.067,1.067,0.0,1.0
2019-09-05,1.079,1.079,0.0,1.0
2019-09-06,1.08,1.08,0.0,1.0
2019-09-09,1.102,1.102,0.0,1.0
2019-09-10,1.095,1.095,0.0,1.0
2019-09-11,1.085,1.085,0.0,1.0
2019-09-12,1.095,1.095,0.0,1.0
2019-09-16,1.092,1.092,0.0,1.0
2019-09-17,1.07,1.07,0.0,1.0
2019-09-18,1.073,1.073,0.0,1.0
2019-09-19,1.085,1.085,0.0,1.0
2019-09-20,1.088,1.088,0.0,1.0
2019-09-23,1.077,1.077,0.0,1.0
2019-09-24,1.082,1.082,0.0,1.0
2019-09-25,1.065,1.065,0.0,1.0
2019-09-26,1.043,1.043,0.0,1.0
2019-09-27,1.053,1.053,0.0,1.0
2019-09-30,1.043,1.043,0.0,1.0
2019-10-08,1.045,1.045,0.0,1.0
2019-10-09,1.047,1.047,0.0,1.0
2019-10-10,1.061,1.061,0.0,1.0
2019-10-11,1.067,1.067,0.0,1.0
2019-10-14,1.08,1.08,0.0,1.0
2019-10-15,1.066,1.066,0.0,1.0
2019-10-16,1.062,1.062,0.0,1.0
2019-10-17,1.061,1.061,0.0,1.0
2019-10-18,1.05,1.05,0.0,1.0
2019-10-21,1.052,1.052,0.0,1.0
2019-10-22,1.063,1.063,0.0,1.0
2019-10-23,1.052,1.052,0.0,1.0
2019-10-24,1.054,1.054,0.0,1.0
2019-10-25,1.065,1.065,0.0,1.0
2019-10-28,1.078,1.078,0.0,1.0
2019-10-29,1.069,1.069,0.0,1.0
2019-10-30,1.064,1.064,0.0,1.0
2019-10-31,1.06,1.06,0.0,1.0
2019-11-01,1.078,1.078,0.0,1.0
2019-11-04,1.087,1.087,0.0,1.0
2019-11-05,1.093,1.093,0.0,1.0
2019-11-06,1.083,1.083,0.0,1.0
2019-11-07,1.089,1.089,0.0,1.0
2019-11-08,1.09,1.09,0.0,1.0
2019-11-11,0.983,0.983,0.0,1.0
2019-11-12,1.065,1.065,0.0,1.0
2019-11-13,1.066,1.066,0.0,1.0
2019-11-14,1.073,1.073,0.0,1.0
2019-11-15,1.068,1.068,0.0,1.0
2019-11-18,1.071,1.071,0.0,1.0
2019-11-19,1.087,1.087,0.0,1.0
2019-11-20,1.079,1.079,0.0,1.0
2019-11-21,1.077,1.077,0.0,1.0
2019-11-22,1.062,1.062,0.0,1.0
2019-11-25,1.06,1.06,0.0,1.0
2019-11-26,1.063,1.063,0.0,1.0
2019-11-27,1.06,1.06,0.0,1.0
2019-11-28,1.06,1.06,0.0,1.0
2019-11-29,1.055,1.055,0.0,1.0
2019-12-02,1.058,1.058,0.0,1.0
2019-12-03,1.062,1.062,0.0,1.0
2019-12-04,1.065,1.065,0.0,1.0
2019-12-05,1.083,1.083,0.0,1.0
2019-12-06,1.087,1.087,0.0,1.0
2019-12-09,1.09,1.09,0.0,1.0
2019-12-10,1.089,1.089,0.0,1.0
2019-12-11,1.088,1.088,0.0,1.0
2019-12-12,1.081,1.081,0.0,1.0
2019-12-13,1.102,1.102,0.0,1.0
2019-12-16,1.116,1.116,0.0,1.0
2019-12-17,1.132,1.132,0.0,1.0
2019-12-18,1.13,1.13,0.0,1.0
2019-12-19,1.133,1.133,0.0,1.0
2019-12-20,1.128,1.128,0.0,1.0
2019-12-23,1.104,1.104,0.0,1.0
2019-12-24,1.119,1.119,0.0,1.0
2019-12-25,1.125,1.125,0.0,1.0
2019-12-26,1.134,1.134,0.0,1.0
2019-12-27,1.127,1.127,0.0,1.0
2019-12-30,1.14,1.14,0.0,1.0
2019-12-31,1.147,1.147,0.0,1.0
2020-01-02,1.17,1.17,0.0,1.0
2020-01-03,1.172,1.172,0.0,1.0
2020-01-06,1.175,1.175,0.0,1.0
2020-01-07,1.19,1.19,0.0,1.0
2020-01-08,1.175,1.175,0.0,1.0
2020-01-09,1.203,1.203,0.0,1.0
2020-01-10,1.199,1.199,0.0,1.0
2020-01-13,1.221,1.221,0.0,1.0
2020-01-14,1.214,1.214,0.0,1.0
2020-01-15,1.21,1.21,0.0,1.0
2020-01-16,1.207,1.207,0.0,1.0
2020-01-17,1.208,1.208,0.0,1.0
2020-01-20,1.228,1.228,0.0,1.0
2020-01-21,1.209,1.209,0.0,1.0
2020-01-22,1.229,1.229,0.0,1.0
2020-01-23,1.205,1.205,0.0,1.0
2020-02-03,1.085,1.085,0.0,1.0
2020-02-04,1.113,1.113,0.0,1.0
2020-02-05,1.133,1.133,0.0,1.0
2020-02-06,1.165,1.165,0.0,1.0
2020-02-07,1.165,1.165,0.0,1.0
2020-02-10,1.176,1.176,0.0,1.0
2020-02-11,1.185,1.185,0.0,1.0
2020-02-12,1.203,1.203,0.0,1.0
2020-02-13,1.19,1.19,0.0,1.0
2020-02-14,1.198,1.198,0.0,1.0
2020-02-17,1.233,1.233,0.0,1.0
2020-02-18,1.242,1.242,0.0,1.0
2020-02-19,1.234,1.234,0.0,1.0
2020-02-20,1.268,1.268,0.0,1.0
2020-02-21,1.276,1.276,0.0,1.0
2020-02-24,1.291,1.291,0.0,1.0
2020-02-25,1.296,1.296,0.0,1.0
2020-02-26,1.265,1.265,0.0,1.0
2020-02-27,1.262,1.262,0.0,1.0
2020-02-28,1.206,1.206,0.0,1.0
2020-03-02,1.254,1.254,0.0,1.0
2020-03-03,1.262,1.262,0.0,1.0
2020-03-04,1.268,1.268,0.0,1.0
2020-03-05,1.282,1.282,0.0,1.0
2020-03-06,1.27,1.27,0.0,1.0
2020-03-09,1.224,1.224,0.0,1.0
2020-03-10,1.25,1.25,0.0,1.0
2020-03-11,1.23,1.23,0.0,1.0
2020-03-12,1.21,1.21,0.0,1.0
2020-03-13,1.192,1.192,0.0,1.0
2020-03-16,1.152,1.152,0.0,1.0
2020-03-17,1.134,1.134,0.0,1.0
2020-03-18,1.124,1.124,0.0,1.0
2020-03-19,1.112,1.112,0.0,1.0
2020-03-20,1.122,1.122,0.0,1.0
2020-03-23,1.092,1.092,0.0,1.0
2020-03-24,1.097,1.097,0.0,1.0
2020-03-25,1.126,1.126,0.0,1.0
2020-03-26,1.114,1.114,0.0,1.0
2020-03-27,1.113,1.113,0.0,1.0
2020-03-30,1.094,1.094,0.0,1.0
2020-03-31,1.093,1.093,0.0,1.0
2020-04-01,1.092,1.092,0.0,1.0
2020-04-02,1.117,1.117,0.0,1.0
2020-04-03,1.108,1.108,0.0,1.0
2020-04-07,1.145,1.145,0.0,1.0
2020-04-08,1.142,1.142,0.0,1.0
2020-04-09,1.148,1.148,0.0,1.0
2020-04-10,1.13,1.13,0.0,1.0
2020-04-13,1.123,1.123,0.0,1.0
2020-04-14,1.149,1.149,0.0,1.0
2020-04-15,1.143,1.143,0.0,1.0
2020-04-16,1.149,1.149,0.0,1.0
2020-04-17,1.155,1.155,0.0,1.0
2020-04-20,1.165,1.165,0.0,1.0
2020-04-21,1.154,1.154,0.0,1.0
2020-04-22,1.164,1.164,0.0,1.0
2020-04-23,1.162,1.162,0.0,1.0
2020-04-24,1.147,1.147,0.0,1.0
2020-04-27,1.149,1.149,0.0,1.0
2020-04-28,1.154,1.154,0.0,1.0
2020-04-29,1.16,1.16,0.0,1.0
2020-04-30,1.179,1.179,0.0,1.0
2020-05-06,1.199,1.199,0.0,1.0
2020-05-07,1.198,1.198,0.0,1.0
2020-05-08,1.212,1.212,0.0,1.0
2020-05-11,1.204,1.204,0.0,1.0
2020-05-12,1.212,1.212,0.0,1.0
2020-05-13,1.225,1.225,0.0,1.0
2020-05-14,1.212,1.212,0.0,1.0
2020-05-15,1.205,1.205,0.0,1.0
2020-05-18,1.203,1.203,0.0,1.0
2020-05-19,1.215,1.215,0.0,1.0
2020-05-20,1.203,1.203,0.0,1.0
2020-05-21,1.192,1.192,0.0,1.0
2020-05-22,1.166,1.166,0.0,1.0
2020-05-25,1.163,1.163,0.0,1.0
2020-05-26,1.186,1.186,0.0,1.0
2020-05-27,1.175,1.175,0.0,1.0
2020-05-28,1.176,1.176,0.0,1.0
2020-05-29,1.18,1.18,0.0,1.0
2020-06-01,1.22,1.22,0.0,1.0
2020-06-02,1.224,1.224,0.0,1.0
2020-06-03,1.227,1.227,0.0,1.0
2020-06-04,1.23,1.23,0.0,1.0
2020-06-05,1.235,1.235,0.0,1.0
2020-06-08,1.235,1.235,0.0,1.0
2020-06-09,1.247,1.247,0.0,1.0
2020-06-10,1.25,1.25,0.0,1.0
2020-06-11,1.244,1.244,0.0,1.0
2020-06-12,1.245,1.245,0.0,1.0
2020-06-15,1.236,1.236,0.0,1.0
2020-06-16,1.259,1.259,0.0,1.0
2020-06-17,1.267,1.267,0.0,1.0
2020-06-18,1.269,1.269,0.0,1.0
2020-06-19,1.292,1.292,0.0,1.0
2020-06-22,1.293,1.293,0.0,1.0
2020-06-23,1.305,1.305,0.0,1.0
2020-06-24,1.307,1.307,0.0,1.0
2020-06-29,1.3,1.3,0.0,1.0
2020-06-30,1.325,1.325,0.0,1.0
2020-07-01,1.342,1.342,0.0,1.0
2020-07-02,1.358,1.358,0.0,1.0
2020-07-03,1.374,1.374,0.0,1.0
2020-07-06,1.44,1.44,0.0,1.0
2020-07-07,1.466,1.466,0.0,1.0
2020-07-08,1.481,1.481,0.0,1.0
2020-07-09,1.528,1.528,0.0,1.0
2020-07-10,1.517,1.517,0.0,1.0
2020-07-13,1.565,1.565,0.0,1.0
2020-07-14,1.558,1.558,0.0,1.0
2020-07-15,1.53,1.53,0.0,1.0
2020-07-16,1.458,1.458,0.0,1.0
2020-07-17,1.454,1.454,0.0,1.0
2020-07-20,1.488,1.488,0.0,1.0
2020-07-21,1.493,1.493,0.0,1.0
2020-07-22,1.511,1.511,0.0,1.0
2020-07-23,1.512,1.512,0.0,1.0
2020-07-24,1.441,1.441,0.0,1.0
2020-07-27,1.435,1.435,0.0,1.0
2020-07-28,1.454,1.454,0.0,1.0
2020-07-29,1.499,1.499,0.0,1.0
2020-07-30,1.493,1.493,0.0,1.0
2020-07-31,1.509,1.509,0.0,1.0
2020-08-03,1.549,1.549,0.0,1.0
2020-08-04,1.536,1.536,0.0,1.0
2020-08-05,1.543,1.543,0.0,1.0
2020-08-06,1.535,1.535,0.0,1.0
2020-08-07,1.512,1.512,0.0,1.0
2020-08-10,1.514,1.514,0.0,1.0
2020-08-11,1.489,1.489,0.0,1.0
2020-08-12,1.475,1.475,0.0,1.0
2020-08-13,1.475,1.475,0.0,1.0
2020-08-14,1.498,1.498,0.0,1.0
2020-08-17,1.531,1.531,0.0,1.0
2020-08-18,1.526,1.526,0.0,1.0
2020-08-19,1.505,1.505,0.0,1.0
2020-08-20,1.485,1.485,0.0,1.0
2020-08-21,1.499,1.499,0.0,1.0
2020-08-24,1.528,1.528,0.0,1.0
2020-08-25,1.535,1.535,0.0,1.0
2020-08-26,1.503,1.503,0.0,1.0
2020-08-27,1.512,1.512,0.0,1.0
2020-08-28,1.553,1.553,0.0,1.0
2020-08-31,1.548,1.548,0.0,1.0
2020-09-01,1.558,1.558,0.0,1.0
2020-09-02,1.568,1.568,0.0,1.0
2020-09-03,1.567,1.567,0.0,1.0
2020-09-04,1.545,1.545,0.0,1.0
2020-09-07,1.493,1.493,0.0,1.0
2020-09-08,1.491,1.491,0.0,1.0
2020-09-09,1.457,1.457,0.0,1.0
2020-09-10,1.434,1.434,0.0,1.0
2020-09-11,1.451,1.451,0.0,1.0
2020-09-14,1.46,1.46,0.0,1.0
2020-09-15,1.477,1.477,0.0,1.0
2020-09-16,1.465,1.465,0.0,1.0
2020-09-17,1.473,1.473,0.0,1.0
2020-09-18,1.492,1.492,0.0,1.0
2020-09-21,1.486,1.486,0.0,1.0
2020-09-22,1.468,1.468,0.0,1.0
2020-09-23,1.477,1.477,0.0,1.0
2020-09-24,1.453,1.453,0.0,1.0
2020-09-25,1.449,1.449,0.0,1.0
2020-09-28,1.443,1.443,0.0,1.0
2020-09-29,1.459,1.459,0.0,1.0
2020-09-30,1.46,1.46,0.0,1.0
2020-10-09,1.494,1.494,0.0,1.0
2020-10-12,1.539,1.539,0.0,1.0
2020-10-13,1.551,1.551,0.0,1.0
2020-10-14,1.544,1.544,0.0,1.0
2020-10-15,1.538,1.538,0.0,1.0
2020-10-16,1.528,1.528,0.0,1.0
2020-10-19,1.513,1.513,0.0,1.0
2020-10-20,1.53,1.53,0.0,1.0
2020-10-21,1.519,1.519,0.0,1.0
2020-10-22,1.509,1.509,0.0,1.0
2020-10-23,1.485,1.485,0.0,1.0
2020-10-26,1.484,1.484,0.0,1.0
2020-10-27,1.495,1.495,0.0,1.0
2020-10-28,1.509,1.509,0.0,1.0
2020-10-29,1.529,1.529,0.0,1.0
2020-10-30,1.5,1.5,0.0,1.0
2020-11-02,1.518,1.518,0.0,1.0
2020-11-03,1.534,1.534,0.0,1.0
2020-11-04,1.537,1.537,0.0,1.0
2020-11-05,1.565,1.565,0.0,1.0
2020-11-06,1.567,1.567,0.0,1.0
2020-11-09,1.598,1.598,0.0,1.0
2020-11-10,1.589,1.589,0.0,1.0
2020-11-11,1.549,1.549,0.0,1.0
2020-11-12,1.56,1.56,0.0,1.0
2020-11-13,1.558,1.558,0.0,1.0
2020-11-16,1.567,1.567,0.0,1.0
2020-11-17,1.559,1.559,0.0,1.0
2020-11-18,1.55,1.55,0.0,1.0
2020-11-19,1.565,1.565,0.0,1.0
2020-11-20,1.567,1.567,0.0,1.0
2020-11-23,1.576,1.576,0.0,1.0
2020-11-24,1.569,1.569,0.0,1.0
2020-11-25,1.545,1.545,0.0,1.0
2020-11-26,1.539,1.539,0.0,1.0
2020-11-27,1.548,1.548,0.0,1.0
2020-11-30,1.546,1.546,0.0,1.0
2020-12-01,1.571,1.571,0.0,1.0
2020-12-02,1.579,1.579,0.0,1.0
2020-12-03,1.583,1.583,0.0,1.0
2020-12-04,1.586,1.586,0.0,1.0
2020-12-07,1.576,1.576,0.0,1.0
2020-12-08,1.575,1.575,0.0,1.0
2020-12-09,1.545,1.545,0.0,1.0
2020-12-10,1.546,1.546,0.0,1.0
2020-12-11,1.53,1.53,0.0,1.0
2020-12-14,1.546,1.546,0.0,1.0
2020-12-15,1.55,1.55,0.0,1.0
2020-12-16,1.55,1.55,0.0,1.0
2020-12-17,1.569,1.569,0.0,1.0
2020-12-18,1.568,1.568,0.0,1.0
2020-12-21,1.596,1.596,0.0,1.0
2020-12-22,1.563,1.563,0.0,1.0
2020-12-23,1.58,1.58,0.0,1.0
2020-12-24,1.57,1.57,0.0,1.0
2020-12-25,1.58,1.58,0.0,1.0
2020-12-28,1.585,1.585,0.0,1.0
2020-12-29,1.578,1.578,0.0,1.0
2020-12-30,1.601,1.601,0.0,1.0
2020-12-31,1.637,1.637,0.0,1.0
2021-01-04,1.674,1.674,0.0,1.0
2021-01-05,1.71,1.71,0.0,1.0
2021-01-06,1.72,1.72,0.0,1.0
2021-01-07,1.732,1.732,0.0,1.0
2021-01-08,1.728,1.728,0.0,1.0
2021-01-11,1.701,1.701,0.0,1.0
2021-01-12,1.738,1.738,0.0,1.0
2021-01-13,1.734,1.734,0.0,1.0
2021-01-14,1.708,1.708,0.0,1.0
2021-01-15,1.699,1.699,0.0,1.0
2021-01-18,1.72,1.72,0.0,1.0
2021-01-19,1.692,1.692,0.0,1.0
2021-01-20,1.715,1.715,0.0,1.0
2021-01-21,1.75,1.75,0.0,1.0
2021-01-22,1.765,1.765,0.0,1.0
2021-01-25,1.778,1.778,0.0,1.0
2021-01-26,1.737,1.737,0.0,1.0
2021-01-27,1.74,1.74,0.0,1.0
2021-01-28,1.692,1.692,0.0,1.0
2021-01-29,1.681,1.681,0.0,1.0
2021-02-01,1.7,1.7,0.0,1.0
2021-02-02,1.734,1.734,0.0,1.0
2021-02-03,1.724,1.724,0.0,1.0
2021-02-04,1.721,1.721,0.0,1.0
2021-02-05,1.709,1.709,0.0,1.0
2021-02-08,1.727,1.727,0.0,1.0
2021-02-09,1.771,1.771,0.0,1.0
2021-02-10,1.805,1.805,0.0,1.0
2021-02-18,1.78,1.78,0.0,1.0
2021-02-19,1.787,1.787,0.0,1.0
2021-02-22,1.733,1.733,0.0,1.0
2021-02-23,1.722,1.722,0.0,1.0
2021-02-24,1.688,1.688,0.0,1.0
2021-02-25,1.683,1.683,0.0,1.0
2021-02-26,1.663,1.663,0.0,1.0
2021-03-01,1.687,1.687,0.0,1.0
2021-03-02,1.679,1.679,0.0,1.0
2021-03-03,1.694,1.694,0.0,1.0
2021-03-04,1.653,1.653,0.0,1.0
2021-03-05,1.651,1.651,0.0,1.0
2021-03-08,1.581,1.581,0.0,1.0
2021-03-09,1.53,1.53,0.0,1.0
2021-03-10,1.537,1.537,0.0,1.0
2021-03-11,1.566,1.566,0.0,1.0
2021-03-12,1.573,1.573,0.0,1.0
2021-03-15,1.54,1.54,0.0,1.0
2021-03-16,1.543,1.543,0.0,1.0
2021-03-17,1.558,1.558,0.0,1.0
2021-03-18,1.574,1.574,0.0,1.0
2021-03-19,1.541,1.541,0.0,1.0
2021-03-22,1.552,1.552,0.0,1.0
2021-03-23,1.54,1.54,0.0,1.0
2021-03-24,1.52,1.52,0.0,1.0
2021-03-25,1.52,1.52,0.0,1.0
2021-03-26,1.554,1.554,0.0,1.0
2021-03-29,1.556,1.556,0.0,1.0
2021-03-30,1.565,1.565,0.0,1.0
2021-03-31,1.557,1.557,0.0,1.0
2021-04-01,1.576,1.576,0.0,1.0
2021-04-02,1.592,1.592,0.0,1.0
2021-04-06,1.59,1.59,0.0,1.0
2021-04-07,1.575,1.575,0.0,1.0
2021-04-08,1.576,1.576,0.0,1.0
2021-04-09,1.561,1.561,0.0,1.0
2021-04-12,1.53,1.53,0.0,1.0
2021-04-13,1.53,1.53,0.0,1.0
2021-04-14,1.554,1.554,0.0,1.0
2021-04-15,1.549,1.549,0.0,1.0
2021-04-16,1.555,1.555,0.0,1.0
2021-04-19,1.612,1.612,0.0,1.0
2021-04-20,1.601,1.601,0.0,1.0
2021-04-21,1.602,1.602,0.0,1.0
2021-04-22,1.607,1.607,0.0,1.0
2021-04-23,1.623,1.623,0.0,1.0
2021-04-26,1.606,1.606,0.0,1.0
2021-04-27,1.621,1.621,0.0,1.0
2021-04-28,1.636,1.636,0.0,1.0
2021-04-29,1.64,1.64,0.0,1.0
2021-04-30,1.639,1.639,0.0,1.0
2021-05-06,1.615,1.615,0.0,1.0
2021-05-07,1.591,1.591,0.0,1.0
2021-05-10,1.586,1.586,0.0,1.0
2021-05-11,1.59,1.59,0.0,1.0
2021-05-12,1.598,1.598,0.0,1.0
2021-05-13,1.587,1.587,0.0,1.0
2021-05-14,1.623,1.623,0.0,1.0
2021-05-17,1.643,1.643,0.0,1.0
2021-05-18,1.647,1.647,0.0,1.0
2021-05-19,1.647,1.647,0.0,1.0
2021-05-20,1.65,1.65,0.0,1.0
2021-05-21,1.638,1.638,0.0,1.0
2021-05-24,1.647,1.647,0.0,1.0
2021-05-25,1.682,1.682,0.0,1.0
2021-05-26,1.682,1.682,0.0,1.0
2021-05-27,1.693,1.693,0.0,1.0
2021-05-28,1.685,1.685,0.0,1.0
2021-05-31,1.702,1.702,0.0,1.0
2021-06-01,1.708,1.708,0.0,1.0
2021-06-02,1.69,1.69,0.0,1.0
2021-06-03,1.682,1.682,0.0,1.0
2021-06-04,1.699,1.699,0.0,1.0
2021-06-07,1.695,1.695,0.0,1.0
2021-06-08,1.684,1.684,0.0,1.0
2021-06-09,1.683,1.683,0.0,1.0
2021-06-10,1.697,1.697,0.0,1.0
2021-06-11,1.694,1.694,0.0,1.0
2021-06-15,1.68,1.68,0.0,1.0
2021-06-16,1.641,1.641,0.0,1.0
2021-06-17,1.658,1.658,0.0,1.0
2021-06-18,1.671,1.671,0.0,1.0
2021-06-21,1.677,1.677,0.0,1.0
2021-06-22,1.681,1.681,0.0,1.0
2021-06-23,1.701,1.701,0.0,1.0
2021-06-24,1.697,1.697,0.0,1.0
2021-06-25,1.72,1.72,0.0,1.0
2021-06-28,1.731,1.731,0.0,1.0
2021-06-29,1.71,1.71,0.0,1.0
2021-06-30,1.73,1.73,0.0,1.0
2021-07-01,1.718,1.718,0.0,1.0
2021-07-02,1.68,1.68,0.0,1.0
2021-07-05,1.685,1.685,0.0,1.0
2021-07-06,1.679,1.679,0.0,1.0
2021-07-07,1.71,1.71,0.0,1.0
2021-07-08,1.713,1.713,0.0,1.0
2021-07-09,1.705,1.705,0.0,1.0
2021-07-12,1.742,1.742,0.0,1.0
2021-07-13,1.745,1.745,0.0,1.0
2021-07-14,1.744,1.744,0.0,1.0
2021-07-15,1.745,1.745,0.0,1.0
2021-07-16,1.729,1.729,0.0,1.0
2021-07-19,1.725,1.725,0.0,1.0
2021-07-20,1.724,1.724,0.0,1.0
2021-07-21,1.747,1.747,0.0,1.0
2021-07-22,1.749,1.749,0.0,1.0
2021-07-23,1.73,1.73,0.0,1.0
2021-07-26,1.683,1.683,0.0,1.0
2021-07-27,1.638,1.638,0.0,1.0
2021-07-28,1.635,1.635,0.0,1.0
2021-07-29,1.669,1.669,0.0,1.0
2021-07-30,1.665,1.665,0.0,1.0
2021-08-02,1.699,1.699,0.0,1.0
2021-08-03,1.689,1.689,0.0,1.0
2021-08-04,1.715,1.715,0.0,1.0
2021-08-05,1.711,1.711,0.0,1.0
2021-08-06,1.702,1.702,0.0,1.0
2021-08-09,1.713,1.713,0.0,1.0
2021-08-10,1.724,1.724,0.0,1.0
2021-08-11,1.728,1.728,0.0,1.0
2021-08-12,1.713,1.713,0.0,1.0
2021-08-13,1.701,1.701,0.0,1.0
2021-08-16,1.691,1.691,0.0,1.0
2021-08-17,1.657,1.657,0.0,1.0
2021-08-18,1.669,1.669,0.0,1.0
2021-08-19,1.677,1.677,0.0,1.0
2021-08-20,1.652,1.652,0.0,1.0
2021-08-23,1.673,1.673,0.0,1.0
2021-08-24,1.685,1.685,0.0,1.0
2021-08-25,1.69,1.69,0.0,1.0
2021-08-26,1.667,1.667,0.0,1.0
2021-08-27,1.666,1.666,0.0,1.0
2021-08-30,1.664,1.664,0.0,1.0
2021-08-31,1.648,1.648,0.0,1.0
2021-09-01,1.648,1.648,0.0,1.0
2021-09-02,1.645,1.645,0.0,1.0
2021-09-03,1.639,1.639,0.0,1.0
2021-09-06,1.674,1.674,0.0,1.0
2021-09-07,1.694,1.694,0.0,1.0
2021-09-08,1.692,1.692,0.0,1.0
2021-09-09,1.692,1.692,0.0,1.0
2021-09-10,1.703,1.703,0.0,1.0
2021-09-13,1.694,1.694,0.0,1.0
2021-09-14,1.696,1.696,0.0,1.0
2021-09-15,1.676,1.676,0.0,1.0
2021-09-16,1.65,1.65,0.0,1.0
2021-09-17,1.663,1.663,0.0,1.0
2021-09-22,1.657,1.657,0.0,1.0
2021-09-23,1.66,1.66,0.0,1.0
2021-09-24,1.659,1.659,0.0,1.0
2021-09-27,1.654,1.654,0.0,1.0
2021-09-28,1.657,1.657,0.0,1.0
2021-09-29,1.638,1.638,0.0,1.0
2021-09-30,1.662,1.662,0.0,1.0
2021-10-08,1.667,1.667,0.0,1.0
2021-10-11,1.664,1.664,0.0,1.0
2021-10-12,1.644,1.644,0.0,1.0
2021-10-13,1.663,1.663,0.0,1.0
2021-10-14,1.66,1.66,0.0,1.0
2021-10-15,1.669,1.669,0.0,1.0
2021-10-18,1.66,1.66,0.0,1.0
2021-10-19,1.677,1.677,0.0,1.0
2021-10-20,1.672,1.672,0.0,1.0
2021-10-21,1.668,1.668,0.0,1.0
2021-10-22,1.675,1.675,0.0,1.0
2021-10-25,1.685,1.685,0.0,1.0
2021-10-26,1.684,1.684,0.0,1.0
2021-10-27,1.663,1.663,0.0,1.0
2021-10-28,1.644,1.644,0.0,1.0
2021-10-29,1.667,1.667,0.0,1.0
2021-11-01,1.673,1.673,0.0,1.0
2021-11-02,1.661,1.661,0.0,1.0
2021-11-03,1.663,1.663,0.0,1.0
2021-11-04,1.681,1.681,0.0,1.0
2021-11-05,1.673,1.673,0.0,1.0
2021-11-08,1.673,1.673,0.0,1.0
2021-11-09,1.682,1.682,0.0,1.0
2021-11-10,1.683,1.683,0.0,1.0
2021-11-11,1.699,1.699,0.0,1.0
2021-11-12,1.701,1.701,0.0,1.0
2021-11-15,1.691,1.691,0.0,1.0
2021-11-16,1.692,1.692,0.0,1.0
2021-11-17,1.7,1.7,0.0,1.0
2021-11-18,1.691,1.691,0.0,1.0
2021-11-19,1.703,1.703,0.0,1.0
2021-11-22,1.723,1.723,0.0,1.0
2021-11-23,1.723,1.723,0.0,1.0
2021-11-24,1.721,1.721,0.0,1.0
2021-11-25,1.717,1.717,0.0,1.0
2021-11-26,1.707,1.707,0.0,1.0
2021-11-29,1.711,1.711,0.0,1.0
2021-11-30,1.71,1.71,0.0,1.0
2021-12-01,1.709,1.709,0.0,1.0
2021-12-02,1.707,1.707,0.0,1.0
2021-12-03,1.719,1.719,0.0,1.0
2021-12-06,1.705,1.705,0.0,1.0
2021-12-07,1.698,1.698,0.0,1.0
2021-12-08,1.726,1.726,0.0,1.0
2021-12-09,1.748,1.748,0.0,1.0
2021-12-10,1.747,1.747,0.0,1.0
2021-12-13,1.754,1.754,0.0,1.0
2021-12-14,1.752,1.752,0.0,1.0
2021-12-15,1.741,1.741,0.0,1.0
2021-12-16,1.744,1.744,0.0,1.0
2021-12-17,1.725,1.725,0.0,1.0
2021-12-20,1.69,1.69,0.0,1.0
2021-12-21,1.703,1.703,0.0,1.0
2021-12-22,1.707,1.707,0.0,1.0
2021-12-23,1.717,1.717,0.0,1.0
2021-12-24,1.705,1.705,0.0,1.0
2021-12-27,1.701,1.701,0.0,1.0
2021-12-28,1.713,1.713,0.0,1.0
2021-12-29,1.698,1.698,0.0,1.0
2021-12-30,1.713,1.713,0.0,1.0
2021-12-31,1.716,1.716,0.0,1.0
2022-01-04,1.714,1.714,0.0,1.0
2022-01-05,1.69,1.69,0.0,1.0
2022-01-06,1.675,1.675,0.0,1.0
2022-01-07,1.67,1.67,0.0,1.0
2022-01-10,1.672,1.672,0.0,1.0
2022-01-11,1.653,1.653,0.0,1.0
2022-01-12,1.668,1.668,0.0,1.0
2022-01-13,1.643,1.643,0.0,1.0
2022-01-14,1.644,1.644,0.0,1.0
2022-01-17,1.661,1.661,0.0,1.0
2022-01-18,1.668,1.668,0.0,1.0
2022-01-19,1.66,1.66,0.0,1.0
2022-01-20,1.664,1.664,0.0,1.0
2022-01-21,1.647,1.647,0.0,1.0
2022-01-24,1.642,1.642,0.0,1.0
2022-01-25,1.604,1.604,0.0,1.0
2022-01-26,1.601,1.601,0.0,1.0
2022-01-27,1.569,1.569,0.0,1.0
2022-01-28,1.569,1.569,0.0,1.0
2022-02-07,1.569,1.569,0.0,1.0
2022-02-08,1.554,1.554,0.0,1.0
2022-02-09,1.564,1.564,0.0,1.0
2022-02-10,1.558,1.558,0.0,1.0
2022-02-11,1.547,1.547,0.0,1.0
2022-02-14,1.537,1.537,0.0,1.0
2022-02-15,1.55,1.55,0.0,1.0
2022-02-16,1.55,1.55,0.0,1.0
2022-02-17,1.56,1.56,0.0,1.0
2022-02-18,1.56,1.56,0.0,1.0
2022-02-21,1.562,1.562,0.0,1.0
2022-02-22,1.553,1.553,0.0,1.0
2022-02-23,1.564,1.564,0.0,1.0
2022-02-24,1.533,1.533,0.0,1.0
2022-02-25,1.55,1.55,0.0,1.0
2022-02-28,1.552,1.552,0.0,1.0
2022-03-01,1.555,1.555,0.0,1.0
2022-03-02,1.547,1.547,0.0,1.0
2022-03-03,1.531,1.531,0.0,1.0
2022-03-04,1.518,1.518,0.0,1.0
2022-03-07,1.479,1.479,0.0,1.0
2022-03-08,1.468,1.468,0.0,1.0
2022-03-09,1.416,1.416,0.0,1.0
2022-03-10,1.436,1.436,0.0,1.0
2022-03-11,1.44,1.44,0.0,1.0
2022-03-14,1.401,1.401,0.0,1.0
2022-03-15,1.359,1.359,0.0,1.0
2022-03-16,1.386,1.386,0.0,1.0
2022-03-17,1.419,1.419,0.0,1.0
2022-03-18,1.428,1.428,0.0,1.0
2022-03-21,1.427,1.427,0.0,1.0
2022-03-22,1.425,1.425,0.0,1.0
2022-03-23,1.435,1.435,0.0,1.0
2022-03-24,1.421,1.421,0.0,1.0
2022-03-25,1.4,1.4,0.0,1.0
2022-03-28,1.38,1.38,0.0,1.0
2022-03-29,1.378,1.378,0.0,1.0
2022-03-30,1.412,1.412,0.0,1.0
2022-03-31,1.401,1.401,0.0,1.0
2022-04-01,1.409,1.409,0.0,1.0
2022-04-06,1.405,1.405,0.0,1.0
2022-04-07,1.385,1.385,0.0,1.0
2022-04-08,1.384,1.384,0.0,1.0
2022-04-11,1.345,1.345,0.0,1.0
2022-04-12,1.368,1.368,0.0,1.0
2022-04-13,1.344,1.344,0.0,1.0
2022-04-14,1.358,1.358,0.0,1.0
2022-04-15,1.353,1.353,0.0,1.0
2022-04-18,1.352,1.352,0.0,1.0
2022-04-19,1.347,1.347,0.0,1.0
2022-04-20,1.322,1.322,0.0,1.0
2022-04-21,1.295,1.295,0.0,1.0
2022-04-22,1.308,1.308,0.0,1.0
2022-04-25,1.254,1.254,0.0,1.0
2022-04-26,1.231,1.231,0.0,1.0
2022-04-27,1.241,1.241,0.0,1.0
2022-04-28,1.234,1.234,0.0,1.0
2022-04-29,1.278,1.278,0.0,1.0
2022-05-05,1.278,1.278,0.0,1.0
2022-05-06,1.253,1.253,0.0,1.0
2022-05-09,1.253,1.253,0.0,1.0
2022-05-10,1.263,1.263,0.0,1.0
2022-05-11,1.284,1.284,0.0,1.0
2022-05-12,1.284,1.284,0.0,1.0
2022-05-13,1.291,1.291,0.0,1.0
2022-05-16,1.283,1.283,0.0,1.0
2022-05-17,1.297,1.297,0.0,1.0
2022-05-18,1.298,1.298,0.0,1.0
2022-05-19,1.303,1.303,0.0,1.0
2022-05-20,1.326,1.326,0.0,1.0
2022-05-23,1.326,1.326,0.0,1.0
2022-05-24,1.29,1.29,0.0,1.0
2022-05-25,1.295,1.295,0.0,1.0
2022-05-26,1.295,1.295,0.0,1.0
2022-05-27,1.296,1.296,0.0,1.0
2022-05-30,1.307,1.307,0.0,1.0
2022-05-31,1.333,1.333,0.0,1.0
2022-06-01,1.339,1.339,0.0,1.0
2022-06-02,1.347,1.347,0.0,1.0
2022-06-06,1.382,1.382,0.0,1.0
2022-06-07,1.376,1.376,0.0,1.0
2022-06-08,1.39,1.39,0.0,1.0
2022-06-09,1.37,1.37,0.0,1.0
2022-06-10,1.392,1.392,0.0,1.0
2022-06-13,1.388,1.388,0.0,1.0
2022-06-14,1.393,1.393,0.0,1.0
2022-06-15,1.406,1.406,0.0,1.0
2022-06-16,1.411,1.411,0.0,1.0
2022-06-17,1.43,1.43,0.0,1.0
2022-06-20,1.445,1.445,0.0,1.0
2022-06-21,1.437,1.437,0.0,1.0
2022-06-22,1.426,1.426,0.0,1.0
2022-06-23,1.448,1.448,0.0,1.0
2022-06-24,1.47,1.47,0.0,1.0
2022-06-27,1.487,1.487,0.0,1.0
2022-06-28,1.501,1.501,0.0,1.0
2022-06-29,1.477,1.477,0.0,1.0
2022-06-30,1.498,1.498,0.0,1.0
2022-07-01,1.494,1.494,0.0,1.0
2022-07-04,1.509,1.509,0.0,1.0
2022-07-05,1.506,1.506,0.0,1.0
2022-07-06,1.483,1.483,0.0,1.0
2022-07-07,1.5,1.5,0.0,1.0
2022-07-08,1.494,1.494,0.0,1.0
2022-07-11,1.468,1.468,0.0,1.0
2022-07-12,1.442,1.442,0.0,1.0
2022-07-13,1.45,1.45,0.0,1.0
2022-07-14,1.465,1.465,0.0,1.0
2022-07-15,1.445,1.445,0.0,1.0
2022-07-18,1.45,1.45,0.0,1.0
2022-07-19,1.445,1.445,0.0,1.0
2022-07-20,1.46,1.46,0.0,1.0
2022-07-21,1.454,1.454,0.0,1.0
2022-07-22,1.442,1.442,0.0,1.0
2022-07-25,1.434,1.434,0.0,1.0
2022-07-26,1.445,1.445,0.0,1.0
2022-07-27,1.443,1.443,0.0,1.0
2022-07-28,1.441,1.441,0.0,1.0
2022-07-29,1.428,1.428,0.0,1.0
2022-08-01,1.438,1.438,0.0,1.0
2022-08-02,1.411,1.411,0.0,1.0
2022-08-03,1.401,1.401,0.0,1.0
2022-08-04,1.411,1.411,0.0,1.0
2022-08-05,1.433,1.433,0.0,1.0
2022-08-08,1.435,1.435,0.0,1.0
2022-08-09,1.439,1.439,0.0,1.0
2022-08-10,1.43,1.43,0.0,1.0
2022-08-11,1.456,1.456,0.0,1.0
2022-08-12,1.451,1.451,0.0,1.0
2022-08-15,1.456,1.456,0.0,1.0
2022-08-16,1.454,1.454,0.0,1.0
2022-08-17,1.464,1.464,0.0,1.0
2022-08-18,1.46,1.46,0.0,1.0
2022-08-19,1.448,1.448,0.0,1.0
2022-08-22,1.465,1.465,0.0,1.0
2022-08-23,1.453,1.453,0.0,1.0
2022-08-24,1.418,1.418,0.0,1.0
2022-08-25,1.419,1.419,0.0,1.0
2022-08-26,1.412,1.412,0.0,1.0
2022-08-29,1.405,1.405,0.0,1.0
2022-08-30,1.402,1.402,0.0,1.0
2022-08-31,1.388,1.388,0.0,1.0
2022-09-01,1.377,1.377,0.0,1.0
2022-09-02,1.378,1.378,0.0,1.0
2022-09-05,1.373,1.373,0.0,1.0
2022-09-06,1.383,1.383,0.0,1.0
2022-09-07,1.384,1.384,0.0,1.0
2022-09-08,1.38,1.38,0.0,1.0
2022-09-09,1.392,1.392,0.0,1.0
2022-09-13,1.396,1.396,0.0,1.0
2022-09-14,1.387,1.387,0.0,1.0
2022-09-15,1.356,1.356,0.0,1.0
2022-09-16,1.332,1.332,0.0,1.0
2022-09-19,1.332,1.332,0.0,1.0
2022-09-20,1.333,1.333,0.0,1.0
2022-09-21,1.337,1.337,0.0,1.0
2022-09-22,1.331,1.331,0.0,1.0
2022-09-23,1.316,1.316,0.0,1.0
2022-09-26,1.304,1.304,0.0,1.0
2022-09-27,1.313,1.313,0.0,1.0
2022-09-28,1.31,1.31,0.0,1.0
2022-09-29,1.293,1.293,0.0,1.0
2022-09-30,1.305,1.305,0.0,1.0
2022-10-10,1.284,1.284,0.0,1.0
2022-10-11,1.273,1.273,0.0,1.0
2022-10-12,1.287,1.287,0.0,1.0
2022-10-13,1.286,1.286,0.0,1.0
2022-10-14,1.306,1.306,0.0,1.0
2022-10-17,1.312,1.312,0.0,1.0
2022-10-18,1.315,1.315,0.0,1.0
2022-10-19,1.293,1.293,0.0,1.0
2022-10-20,1.303,1.303,0.0,1.0
2022-10-21,1.283,1.283,0.0,1.0
2022-10-24,1.255,1.255,0.0,1.0
2022-10-25,1.249,1.249,0.0,1.0
2022-10-26,1.264,1.264,0.0,1.0
2022-10-27,1.267,1.267,0.0,1.0
2022-10-28,1.236,1.236,0.0,1.0
2022-10-31,1.222,1.222,0.0,1.0
2022-11-01,1.284,1.284,0.0,1.0
2022-11-02,1.286,1.286,0.0,1.0
2022-11-03,1.27,1.27,0.0,1.0
2022-11-04,1.305,1.305,0.0,1.0
2022-11-07,1.31,1.31,0.0,1.0
2022-11-08,1.31,1.31,0.0,1.0
2022-11-09,1.302,1.302,0.0,1.0
2022-11-10,1.273,1.273,0.0,1.0
2022-11-11,1.304,1.304,0.0,1.0
2022-11-14,1.297,1.297,0.0,1.0
2022-11-15,1.327,1.327,0.0,1.0
2022-11-16,1.321,1.321,0.0,1.0
2022-11-17,1.31,1.31,0.0,1.0
2022-11-18,1.317,1.317,0.0,1.0
2022-11-21,1.304,1.304,0.0,1.0
2022-11-22,1.3,1.3,0.0,1.0
2022-11-23,1.287,1.287,0.0,1.0
2022-11-24,1.285,1.285,0.0,1.0
2022-11-25,1.277,1.277,0.0,1.0
2022-11-28,1.273,1.273,0.0,1.0
2022-11-29,1.3,1.3,0.0,1.0
2022-11-30,1.297,1.297,0.0,1.0
2022-12-01,1.318,1.318,0.0,1.0
2022-12-02,1.315,1.315,0.0,1.0
2022-12-05,1.326,1.326,0.0,1.0
2022-12-06,1.341,1.341,0.0,1.0
2022-12-07,1.339,1.339,0.0,1.0
2022-12-08,1.336,1.336,0.0,1.0
2022-12-09,1.351,1.351,0.0,1.0
2022-12-12,1.341,1.341,0.0,1.0
2022-12-13,1.328,1.328,0.0,1.0
2022-12-14,1.327,1.327,0.0,1.0
2022-12-15,1.332,1.332,0.0,1.0
2022-12-16,1.321,1.321,0.0,1.0
2022-12-19,1.302,1.302,0.0,1.0
2022-12-20,1.284,1.284,0.0,1.0
2022-12-21,1.279,1.279,0.0,1.0
2022-12-22,1.276,1.276,0.0,1.0
2022-12-23,1.279,1.279,0.0,1.0
2022-12-26,1.283,1.283,0.0,1.0
2022-12-27,1.299,1.299,0.0,1.0
2022-12-28,1.287,1.287,0.0,1.0
2022-12-29,1.287,1.287,0.0,1.0
2022-12-30,1.289,1.289,0.0,1.0
2023-01-03,1.3,1.3,0.0,1.0
2023-01-04,1.296,1.296,0.0,1.0
2023-01-05,1.323,1.323,0.0,1.0
2023-01-06,1.327,1.327,0.0,1.0
2023-01-09,1.342,1.342,0.0,1.0
2023-01-10,1.346,1.346,0.0,1.0
2023-01-11,1.339,1.339,0.0,1.0
2023-01-12,1.341,1.341,0.0,1.0
2023-01-13,1.355,1.355,0.0,1.0
2023-01-16,1.376,1.376,0.0,1.0
2023-01-17,1.377,1.377,0.0,1.0
2023-01-18,1.379,1.379,0.0,1.0
2023-01-19,1.392,1.392,0.0,1.0
2023-01-20,1.399,1.399,0.0,1.0
2023-01-30,1.414,1.414,0.0,1.0
2023-01-31,1.402,1.402,0.0,1.0
2023-02-01,1.418,1.418,0.0,1.0
2023-02-02,1.419,1.419,0.0,1.0
2023-02-03,1.407,1.407,0.0,1.0
2023-02-06,1.389,1.389,0.0,1.0
2023-02-07,1.391,1.391,0.0,1.0
2023-02-08,1.383,1.383,0.0,1.0
2023-02-09,1.414,1.414,0.0,1.0
2023-02-10,1.406,1.406,0.0,1.0
2023-02-13,1.419,1.419,0.0,1.0
2023-02-14,1.419,1.419,0.0,1.0
2023-02-15,1.414,1.414,0.0,1.0
2023-02-16,1.394,1.394,0.0,1.0
2023-02-17,1.373,1.373,0.0,1.0
2023-02-20,1.4,1.4,0.0,1.0
2023-02-21,1.403,1.403,0.0,1.0
2023-02-22,1.393,1.393,0.0,1.0
2023-02-23,1.392,1.392,0.0,1.0
2023-02-24,1.381,1.381,0.0,1.0
2023-02-27,1.372,1.372,0.0,1.0
2023-02-28,1.382,1.382,0.0,1.0
2023-03-01,1.396,1.396,0.0,1.0
2023-03-02,1.388,1.388,0.0,1.0
2023-03-03,1.39,1.39,0.0,1.0
2023-03-06,1.389,1.389,0.0,1.0
2023-03-07,1.368,1.368,0.0,1.0
2023-03-08,1.36,1.36,0.0,1.0
2023-03-09,1.36,1.36,0.0,1.0
2023-03-10,1.342,1.342,0.0,1.0
2023-03-13,1.345,1.345,0.0,1.0
2023-03-14,1.339,1.339,0.0,1.0
2023-03-15,1.338,1.338,0.0,1.0
2023-03-16,1.316,1.316,0.0,1.0
2023-03-17,1.327,1.327,0.0,1.0
2023-03-20,1.321,1.321,0.0,1.0
2023-03-21,1.34,1.34,0.0,1.0
2023-03-22,1.347,1.347,0.0,1.0
2023-03-23,1.359,1.359,0.0,1.0
2023-03-24,1.363,1.363,0.0,1.0
2023-03-27,1.362,1.362,0.0,1.0
2023-03-28,1.352,1.352,0.0,1.0
2023-03-29,1.351,1.351,0.0,1.0
2023-03-30,1.36,1.36,0.0,1.0
2023-03-31,1.372,1.372,0.0,1.0
2023-04-03,1.39,1.39,0.0,1.0
2023-04-04,1.388,1.388,0.0,1.0
2023-04-06,1.388,1.388,0.0,1.0
2023-04-07,1.4,1.4,0.0,1.0
2023-04-10,1.384,1.384,0.0,1.0
2023-04-11,1.386,1.386,0.0,1.0
2023-04-12,1.387,1.387,0.0,1.0
2023-04-13,1.371,1.371,0.0,1.0
2023-04-14,1.379,1.379,0.0,1.0
2023-04-17,1.386,1.386,0.0,1.0
2023-04-18,1.387,1.387,0.0,1.0
2023-04-19,1.375,1.375,0.0,1.0
2023-04-20,1.371,1.371,0.0,1.0
2023-04-21,1.34,1.34,0.0,1.0
2023-04-24,1.325,1.325,0.0,1.0
2023-04-25,1.307,1.307,0.0,1.0
2023-04-26,1.311,1.311,0.0,1.0
2023-04-27,1.317,1.317,0.0,1.0
2023-04-28,1.329,1.329,0.0,1.0
2023-05-04,1.321,1.321,0.0,1.0
2023-05-05,1.314,1.314,0.0,1.0
2023-05-08,1.319,1.319,0.0,1.0
2023-05-09,1.311,1.311,0.0,1.0
2023-05-10,1.311,1.311,0.0,1.0
2023-05-11,1.311,1.311,0.0,1.0
2023-05-12,1.293,1.293,0.0,1.0
2023-05-15,1.31,1.31,0.0,1.0
2023-05-16,1.303,1.303,0.0,1.0
2023-05-17,1.299,1.299,0.0,1.0
2023-05-18,1.301,1.301,0.0,1.0
2023-05-19,1.303,1.303,0.0,1.0
2023-05-22,1.302,1.302,0.0,1.0
2023-05-23,1.291,1.291,0.0,1.0
2023-05-24,1.282,1.282,0.0,1.0
2023-05-25,1.278,1.278,0.0,1.0
2023-05-26,1.281,1.281,0.0,1.0
2023-05-29,1.271,1.271,0.0,1.0
2023-05-30,1.274,1.274,0.0,1.0
2023-05-31,1.268,1.268,0.0,1.0
2023-06-01,1.275,1.275,0.0,1.0
2023-06-02,1.294,1.294,0.0,1.0
2023-06-05,1.288,1.288,0.0,1.0
2023-06-06,1.27,1.27,0.0,1.0
2023-06-07,1.262,1.262,0.0,1.0
2023-06-08,1.26,1.26,0.0,1.0
2023-06-09,1.272,1.272,0.0,1.0
2023-06-12,1.277,1.277,0.0,1.0
2023-06-13,1.288,1.288,0.0,1.0
2023-06-14,1.29,1.29,0.0,1.0
2023-06-15,1.315,1.315,0.0,1.0
2023-06-16,1.329,1.329,0.0,1.0
2023-06-19,1.324,1.324,0.0,1.0
2023-06-20,1.333,1.333,0.0,1.0
2023-06-21,1.299,1.299,0.0,1.0
2023-06-26,1.281,1.281,0.0,1.0
2023-06-27,1.297,1.297,0.0,1.0
2023-06-28,1.288,1.288,0.0,1.0
2023-06-29,1.286,1.286,0.0,1.0
2023-06-30,1.303,1.303,0.0,1.0
2023-07-03,1.311,1.311,0.0,1.0
2023-07-04,1.314,1.314,0.0,1.0
2023-07-05,1.301,1.301,0.0,1.0
2023-07-06,1.293,1.293,0.0,1.0
2023-07-07,1.286,1.286,0.0,1.0
2023-07-10,1.292,1.292,0.0,1.0
2023-07-11,1.3,1.3,0.0,1.0
2023-07-12,1.288,1.288,0.0,1.0
2023-07-13,1.308,1.308,0.0,1.0
2023-07-14,1.306,1.306,0.0,1.0
2023-07-17,1.298,1.298,0.0,1.0
2023-07-18,1.296,1.296,0.0,1.0
2023-07-19,1.292,1.292,0.0,1.0
2023-07-20,1.283,1.283,0.0,1.0
2023-07-21,1.279,1.279,0.0,1.0
2023-07-24,1.274,1.274,0.0,1.0
2023-07-25,1.298,1.298,0.0,1.0
2023-07-26,1.296,1.296,0.0,1.0
2023-07-27,1.291,1.291,0.0,1.0
2023-07-28,1.31,1.31,0.0,1.0
2023-07-31,1.321,1.321,0.0,1.0
2023-08-01,1.313,1.313,0.0,1.0
2023-08-02,1.312,1.312,0.0,1.0
2023-08-03,1.319,1.319,0.0,1.0
2023-08-04,1.325,1.325,0.0,1.0
2023-08-07,1.314,1.314,0.0,1.0
2023-08-08,1.31,1.31,0.0,1.0
2023-08-09,1.308,1.308,0.0,1.0
2023-08-10,1.304,1.304,0.0,1.0
2023-08-11,1.279,1.279,0.0,1.0
2023-08-14,1.27,1.27,0.0,1.0
2023-08-15,1.262,1.262,0.0,1.0
2023-08-16,1.253,1.253,0.0,1.0
2023-08-17,1.258,1.258,0.0,1.0
2023-08-18,1.238,1.238,0.0,1.0
2023-08-21,1.225,1.225,0.0,1.0
2023-08-22,1.231,1.231,0.0,1.0
2023-08-23,1.2,1.2,0.0,1.0
2023-08-24,1.215,1.215,0.0,1.0
2023-08-25,1.199,1.199,0.0,1.0
2023-08-28,1.209,1.209,0.0,1.0
2023-08-29,1.236,1.236,0.0,1.0
2023-08-30,1.241,1.241,0.0,1.0
2023-08-31,1.233,1.233,0.0,1.0
2023-09-01,1.24,1.24,0.0,1.0
2023-09-04,1.253,1.253,0.0,1.0
2023-09-05,1.246,1.246,0.0,1.0
2023-09-06,1.244,1.244,0.0,1.0
2023-09-07,1.222,1.222,0.0,1.0
2023-09-08,1.217,1.217,0.0,1.0
2023-09-11,1.228,1.228,0.0,1.0
2023-09-12,1.227,1.227,0.0,1.0
2023-09-13,1.215,1.215,0.0,1.0
2023-09-14,1.207,1.207,0.0,1.0
2023-09-15,1.2,1.2,0.0,1.0
2023-09-18,1.204,1.204,0.0,1.0
2023-09-19,1.199,1.199,0.0,1.0
2023-09-20,1.194,1.194,0.0,1.0
2023-09-21,1.184,1.184,0.0,1.0
2023-09-22,1.204,1.204,0.0,1.0
2023-09-25,1.196,1.196,0.0,1.0
2023-09-26,1.19,1.19,0.0,1.0
2023-09-27,1.194,1.194,0.0,1.0
2023-09-28,1.195,1.195,0.0,1.0
2023-10-09,1.199,1.199,0.0,1.0
2023-10-10,1.191,1.191,0.0,1.0
2023-10-11,1.196,1.196,0.0,1.0
2023-10-12,1.202,1.202,0.0,1.0
2023-10-13,1.192,1.192,0.0,1.0
2023-10-16,1.174,1.174,0.0,1.0
2023-10-17,1.175,1.175,0.0,1.0
2023-10-18,1.164,1.164,0.0,1.0
2023-10-19,1.145,1.145,0.0,1.0
2023-10-20,1.134,1.134,0.0,1.0
2023-10-23,1.117,1.117,0.0,1.0
2023-10-24,1.119,1.119,0.0,1.0
2023-10-25,1.124,1.124,0.0,1.0
2023-10-26,1.129,1.129,0.0,1.0
2023-10-27,1.152,1.152,0.0,1.0
2023-10-30,1.173,1.173,0.0,1.0
2023-10-31,1.164,1.164,0.0,1.0
2023-11-01,1.161,1.161,0.0,1.0
2023-11-02,1.153,1.153,0.0,1.0
2023-11-03,1.163,1.163,0.0,1.0
2023-11-06,1.192,1.192,0.0,1.0
2023-11-07,1.188,1.188,0.0,1.0
2023-11-08,1.188,1.188,0.0,1.0
2023-11-09,1.183,1.183,0.0,1.0
2023-11-10,1.179,1.179,0.0,1.0
2023-11-13,1.18,1.18,0.0,1.0
2023-11-14,1.182,1.182,0.0,1.0
2023-11-15,1.19,1.19,0.0,1.0
2023-11-16,1.175,1.175,0.0,1.0
2023-11-17,1.179,1.179,0.0,1.0
2023-11-20,1.184,1.184,0.0,1.0
2023-11-21,1.183,1.183,0.0,1.0
2023-11-22,1.167,1.167,0.0,1.0
2023-11-23,1.175,1.175,0.0,1.0
2023-11-24,1.166,1.166,0.0,1.0
2023-11-27,1.157,1.157,0.0,1.0
2023-11-28,1.161,1.161,0.0,1.0
2023-11-29,1.154,1.154,0.0,1.0
2023-11-30,1.153,1.153,0.0,1.0
2023-12-01,1.151,1.151,0.0,1.0
2023-12-04,1.144,1.144,0.0,1.0
2023-12-05,1.121,1.121,0.0,1.0
2023-12-06,1.128,1.128,0.0,1.0
2023-12-07,1.126,1.126,0.0,1.0
2023-12-08,1.129,1.129,0.0,1.0
2023-12-11,1.139,1.139,0.0,1.0
2023-12-12,1.139,1.139,0.0,1.0
2023-12-13,1.125,1.125,0.0,1.0
2023-12-14,1.116,1.116,0.0,1.0
2023-12-15,1.11,1.11,0.0,1.0
2023-12-18,1.097,1.097,0.0,1.0
2023-12-19,1.101,1.101,0.0,1.0
2023-12-20,1.093,1.093,0.0,1.0
2023-12-21,1.096,1.096,0.0,1.0
2023-12-22,1.091,1.091,0.0,1.0
2023-12-25,1.094,1.094,0.0,1.0
2023-12-26,1.084,1.084,0.0,1.0
2023-12-27,1.086,1.086,0.0,1.0
2023-12-28,1.115,1.115,0.0,1.0
2023-12-29,1.124,1.124,0.0,1.0
2024-01-02,1.109,1.109,0.0,1.0
2024-01-03,1.102,1.102,0.0,1.0
2024-01-04,1.091,1.091,0.0,1.0
2024-01-05,1.076,1.076,0.0,1.0
2024-01-08,1.058,1.058,0.0,1.0
2024-01-09,1.06,1.06,0.0,1.0
2024-01-10,1.056,1.056,0.0,1.0
2024-01-11,1.07,1.07,0.0,1.0
2024-01-12,1.062,1.062,0.0,1.0
2024-01-15,1.058,1.058,0.0,1.0
2024-01-16,1.062,1.062,0.0,1.0
2024-01-17,1.041,1.041,0.0,1.0
2024-01-18,1.043,1.043,0.0,1.0
2024-01-19,1.036,1.036,0.0,1.0
2024-01-22,1.016,1.016,0.0,1.0
2024-01-23,1.013,1.013,0.0,1.0
2024-01-24,1.023,1.023,0.0,1.0
2024-01-25,1.045,1.045,0.0,1.0
2024-01-26,1.037,1.037,0.0,1.0
2024-01-29,1.016,1.016,0.0,1.0
2024-01-30,0.995,0.995,0.0,1.0
2024-01-31,0.98,0.98,0.0,1.0
2024-02-01,0.975,0.975,0.0,1.0
2024-02-02,0.958,0.958,0.0,1.0
2024-02-05,0.947,0.947,0.0,1.0
2024-02-06,1.001,1.001,0.0,1.0
2024-02-07,1.026,1.026,0.0,1.0
2024-02-08,1.046,1.046,0.0,1.0
2024-02-19,1.046,1.046,0.0,1.0
2024-02-20,1.046,1.046,0.0,1.0
2024-02-21,1.056,1.056,0.0,1.0
2024-02-22,1.065,1.065,0.0,1.0
2024-02-23,1.067,1.067,0.0,1.0
2024-02-26,1.067,1.067,0.0,1.0
2024-02-27,1.094,1.094,0.0,1.0
2024-02-28,1.067,1.067,0.0,1.0
2024-02-29,1.099,1.099,0.0,1.0
2024-03-01,1.115,1.115,0.0,1.0
2024-03-04,1.113,1.113,0.0,1.0
2024-03-05,1.109,1.109,0.0,1.0
2024-03-06,1.105,1.105,0.0,1.0
2024-03-07,1.094,1.094,0.0,1.0
2024-03-08,1.103,1.103,0.0,1.0
2024-03-11,1.13,1.13,0.0,1.0
2024-03-12,1.134,1.134,0.0,1.0
2024-03-13,1.133,1.133,0.0,1.0
2024-03-14,1.127,1.127,0.0,1.0
2024-03-15,1.133,1.133,0.0,1.0
2024-03-18,1.151,1.151,0.0,1.0
2024-03-19,1.142,1.142,0.0,1.0
2024-03-20,1.145,1.145,0.0,1.0
2024-03-21,1.14,1.14,0.0,1.0
2024-03-22,1.129,1.129,0.0,1.0
2024-03-25,1.113,1.113,0.0,1.0
2024-03-26,1.114,1.114,0.0,1.0
2024-03-27,1.093,1.093,0.0,1.0
2024-03-28,1.102,1.102,0.0,1.0
2024-03-29,1.109,1.109,0.0,1.0
2024-04-01,1.137,1.137,0.0,1.0
2024-04-02,1.132,1.132,0.0,1.0
2024-04-03,1.127,1.127,0.0,1.0
2024-04-08,1.109,1.109,0.0,1.0
2024-04-09,1.113,1.113,0.0,1.0
2024-04-10,1.096,1.096,0.0,1.0
2024-04-11,1.098,1.098,0.0,1.0
2024-04-12,1.09,1.09,0.0,1.0
2024-04-15,1.106,1.106,0.0,1.0
2024-04-16,1.082,1.082,0.0,1.0
2024-04-17,1.105,1.105,0.0,1.0
2024-04-18,1.103,1.103,0.0,1.0
2024-04-19,1.093,1.093,0.0,1.0
2024-04-22,1.092,1.092,0.0,1.0
2024-04-23,1.083,1.083,0.0,1.0
2024-04-24,1.091,1.091,0.0,1.0
2024-04-25,1.091,1.091,0.0,1.0
2024-04-26,1.116,1.116,0.0,1.0
2024-04-29,1.142,1.142,0.0,1.0
2024-04-30,1.13,1.13,0.0,1.0
2024-05-06,1.153,1.153,0.0,1.0
2024-05-07,1.155,1.155,0.0,1.0
2024-05-08,1.14,1.14,0.0,1.0
2024-05-09,1.154,1.154,0.0,1.0
2024-05-10,1.149,1.149,0.0,1.0
2024-05-13,1.141,1.141,0.0,1.0
2024-05-14,1.14,1.14,0.0,1.0
2024-05-15,1.132,1.132,0.0,1.0
2024-05-16,1.134,1.134,0.0,1.0
2024-05-17,1.149,1.149,0.0,1.0
2024-05-20,1.152,1.152,0.0,1.0
2024-05-21,1.144,1.144,0.0,1.0
2024-05-22,1.146,1.146,0.0,1.0
2024-05-23,1.132,1.132,0.0,1.0
2024-05-24,1.118,1.118,0.0,1.0
2024-05-27,1.127,1.127,0.0,1.0
2024-05-28,1.114,1.114,0.0,1.0
2024-05-29,1.115,1.115,0.0,1.0
2024-05-30,1.114,1.114,0.0,1.0
2024-05-31,1.113,1.113,0.0,1.0
2024-06-03,1.111,1.111,0.0,1.0
2024-06-04,1.124,1.124,0.0,1.0
2024-06-05,1.117,1.117,0.0,1.0
2024-06-06,1.112,1.112,0.0,1.0
2024-06-07,1.102,1.102,0.0,1.0
2024-06-11,1.098,1.098,0.0,1.0
2024-06-12,1.101,1.101,0.0,1.0
2024-06-13,1.095,1.095,0.0,1.0
2024-06-14,1.102,1.102,0.0,1.0
2024-06-17,1.104,1.104,0.0,1.0
2024-06-18,1.109,1.109,0.0,1.0
2024-06-19,1.099,1.099,0.0,1.0
2024-06-20,1.082,1.082,0.0,1.0
2024-06-21,1.082,1.082,0.0,1.0
2024-06-24,1.068,1.068,0.0,1.0
2024-06-25,1.055,1.055,0.0,1.0
2024-06-26,1.071,1.071,0.0,1.0
2024-06-27,1.054,1.054,0.0,1.0
2024-06-28,1.058,1.058,0.0,1.0
2024-07-01,1.06,1.06,0.0,1.0
2024-07-02,1.054,1.054,0.0,1.0
2024-07-03,1.046,1.046,0.0,1.0
2024-07-04,1.037,1.037,0.0,1.0
2024-07-05,1.038,1.038,0.0,1.0
2024-07-08,1.024,1.024,0.0,1.0
2024-07-09,1.039,1.039,0.0,1.0
2024-07-10,1.038,1.038,0.0,1.0
2024-07-11,1.059,1.059,0.0,1.0
2024-07-12,1.06,1.06,0.0,1.0
2024-07-15,1.051,1.051,0.0,1.0
2024-07-16,1.06,1.06,0.0,1.0
2024-07-17,1.056,1.056,0.0,1.0
2024-07-18,1.061,1.061,0.0,1.0
2024-07-19,1.065,1.065,0.0,1.0
2024-07-22,1.058,1.058,0.0,1.0
2024-07-23,1.032,1.032,0.0,1.0
2024-07-24,1.018,1.018,0.0,1.0
2024-07-25,1.014,1.014,0.0,1.0
2024-07-26,1.029,1.029,0.0,1.0
2024-07-29,1.023,1.023,0.0,1.0
2024-07-30,1.013,1.013,0.0,1.0
2024-07-31,1.048,1.048,0.0,1.0
2024-08-01,1.039,1.039,0.0,1.0
2024-08-02,1.023,1.023,0.0,1.0
2024-08-05,1.007,1.007,0.0,1.0
2024-08-06,1.012,1.012,0.0,1.0
2024-08-07,1.01,1.01,0.0,1.0
2024-08-08,1.012,1.012,0.0,1.0
2024-08-09,1.007,1.007,0.0,1.0
2024-08-12,1.003,1.003,0.0,1.0
2024-08-13,1.008,1.008,0.0,1.0
2024-08-14,0.997,0.997,0.0,1.0
2024-08-15,1.002,1.002,0.0,1.0
2024-08-16,1.001,1.001,0.0,1.0
2024-08-19,1.001,1.001,0.0,1.0
2024-08-20,0.991,0.991,0.0,1.0
2024-08-21,0.985,0.985,0.0,1.0
2024-08-22,0.978,0.978,0.0,1.0
2024-08-23,0.979,0.979,0.0,1.0
2024-08-26,0.981,0.981,0.0,1.0
2024-08-27,0.969,0.969,0.0,1.0
2024-08-28,0.967,0.967,0.0,1.0
2024-08-29,0.976,0.976,0.0,1.0
2024-08-30,1.001,1.001,0.0,1.0
2024-09-02,0.979,0.979,0.0,1.0
2024-09-03,0.989,0.989,0.0,1.0
2024-09-04,0.986,0.986,0.0,1.0
2024-09-05,0.988,0.988,0.0,1.0
2024-09-06,0.975,0.975,0.0,1.0
2024-09-09,0.968,0.968,0.0,1.0
2024-09-10,0.969,0.969,0.0,1.0
2024-09-11,0.971,0.971,0.0,1.0
2024-09-12,0.965,0.965,0.0,1.0
2024-09-13,0.958,0.958,0.0,1.0
2024-09-18,0.959,0.959,0.0,1.0
2024-09-19,0.969,0.969,0.0,1.0
2024-09-20,0.968,0.968,0.0,1.0
2024-09-23,0.968,0.968,0.0,1.0
2024-09-24,1.012,1.012,0.0,1.0
2024-09-25,1.022,1.022,0.0,1.0
2024-09-26,1.074,1.074,0.0,1.0
2024-09-27,1.144,1.144,0.0,1.0
2024-09-30,1.258,1.258,0.0,1.0
2024-10-08,1.384,1.384,0.0,1.0
2024-10-09,1.273,1.273,0.0,1.0
2024-10-10,1.261,1.261,0.0,1.0
2024-10-11,1.204,1.204,0.0,1.0
2024-10-14,1.239,1.239,0.0,1.0
2024-10-15,1.208,1.208,0.0,1.0
2024-10-16,1.196,1.196,0.0,1.0
2024-10-17,1.189,1.189,0.0,1.0
2024-10-18,1.242,1.242,0.0,1.0
2024-10-21,1.253,1.253,0.0,1.0
2024-10-22,1.262,1.262,0.0,1.0
2024-10-23,1.268,1.268,0.0,1.0
2024-10-24,1.25,1.25,0.0,1.0
2024-10-25,1.275,1.275,0.0,1.0
2024-10-28,1.28,1.28,0.0,1.0
2024-10-29,1.267,1.267,0.0,1.0
2024-10-30,1.26,1.26,0.0,1.0
2024-10-31,1.27,1.27,0.0,1.0
2024-11-01,1.258,1.258,0.0,1.0
2024-11-04,1.28,1.28,0.0,1.0
2024-11-05,1.319,1.319,0.0,1.0
2024-11-06,1.315,1.315,0.0,1.0
2024-11-07,1.35,1.35,0.0,1.0
2024-11-08,1.337,1.337,0.0,1.0
2024-11-11,1.365,1.365,0.0,1.0
2024-11-12,1.358,1.358,0.0,1.0
2024-11-13,1.359,1.359,0.0,1.0
2024-11-14,1.324,1.324,0.0,1.0
2024-11-15,1.291,1.291,0.0,1.0
2024-11-18,1.265,1.265,0.0,1.0
2024-11-19,1.288,1.288,0.0,1.0
2024-11-20,1.298,1.298,0.0,1.0
2024-11-21,1.297,1.297,0.0,1.0
2024-11-22,1.25,1.25,0.0,1.0
2024-11-25,1.25,1.25,0.0,1.0
2024-11-26,1.241,1.241,0.0,1.0
2024-11-27,1.27,1.27,0.0,1.0
2024-11-28,1.25,1.25,0.0,1.0
2024-11-29,1.275,1.275,0.0,1.0
2024-12-02,1.29,1.29,0.0,1.0
2024-12-03,1.286,1.286,0.0,1.0
2024-12-04,1.27,1.27,0.0,1.0
2024-12-05,1.274,1.274,0.0,1.0
2024-12-06,1.297,1.297,0.0,1.0
2024-12-09,1.287,1.287,0.0,1.0
2024-12-10,1.298,1.298,0.0,1.0
2024-12-11,1.299,1.299,0.0,1.0
2024-12-12,1.311,1.311,0.0,1.0
2024-12-13,1.284,1.284,0.0,1.0
2024-12-16,1.268,1.268,0.0,1.0
2024-12-17,1.266,1.266,0.0,1.0
2024-12-18,1.268,1.268,0.0,1.0
2024-12-19,1.277,1.277,0.0,1.0
2024-12-20,1.277,1.277,0.0,1.0
2024-12-23,1.266,1.266,0.0,1.0
2024-12-24,1.278,1.278,0.0,1.0
2024-12-25,1.274,1.274,0.0,1.0
2024-12-26,1.279,1.279,0.0,1.0
2024-12-27,1.278,1.278,0.0,1.0
2024-12-30,1.28,1.28,0.0,1.0
2024-12-31,1.25,1.25,0.0,1.0
2025-01-02,1.209,1.209,0.0,1.0
2025-01-03,1.191,1.191,0.0,1.0
2025-01-06,1.187,1.187,0.0,1.0
2025-01-07,1.2,1.2,0.0,1.0
2025-01-08,1.19,1.19,0.0,1.0
2025-01-09,1.196,1.196,0.0,1.0
2025-01-10,1.177,1.177,0.0,1.0
2025-01-13,1.173,1.173,0.0,1.0
2025-01-14,1.217,1.217,0.0,1.0
2025-01-15,1.205,1.205,0.0,1.0
2025-01-16,1.209,1.209,0.0,1.0
2025-01-17,1.216,1.216,0.0,1.0
2025-01-20,1.229,1.229,0.0,1.0
2025-01-21,1.235,1.235,0.0,1.0
2025-01-22,1.225,1.225,0.0,1.0
2025-01-23,1.224,1.224,0.0,1.0
2025-01-24,1.238,1.238,0.0,1.0
2025-01-27,1.221,1.221,0.0,1.0
2025-02-05,1.218,1.218,0.0,1.0
2025-02-06,1.246,1.246,0.0,1.0
2025-02-07,1.266,1.266,0.0,1.0
2025-02-10,1.273,1.273,0.0,1.0
2025-02-11,1.266,1.266,0.0,1.0
2025-02-12,1.282,1.282,0.0,1.0
2025-02-13,1.273,1.273,0.0,1.0
2025-02-14,1.287,1.287,0.0,1.0
2025-02-17,1.294,1.294,0.0,1.0
2025-02-18,1.273,1.273,0.0,1.0
2025-02-19,1.29,1.29,0.0,1.0
2025-02-20,1.291,1.291,0.0,1.0
2025-02-21,1.317,1.317,0.0,1.0
2025-02-24,1.315,1.315,0.0,1.0
2025-02-25,1.301,1.301,0.0,1.0
2025-02-26,1.312,1.312,0.0,1.0
2025-02-27,1.307,1.307,0.0,1.0
2025-02-28,1.275,1.275,0.0,1.0
2025-03-03,1.28,1.28,0.0,1.0
2025-03-04,1.278,1.278,0.0,1.0
2025-03-05,1.282,1.282,0.0,1.0
2025-03-06,1.305,1.305,0.0,1.0
2025-03-07,1.299,1.299,0.0,1.0
2025-03-10,1.296,1.296,0.0,1.0
2025-03-11,1.298,1.298,0.0,1.0
2025-03-12,1.299,1.299,0.0,1.0
2025-03-13,1.287,1.287,0.0,1.0
2025-03-14,1.315,1.315,0.0,1.0
2025-03-17,1.311,1.311,0.0,1.0
2025-03-18,1.319,1.319,0.0,1.0
2025-03-19,1.315,1.315,0.0,1.0
2025-03-20,1.306,1.306,0.0,1.0
2025-03-21,1.282,1.282,0.0,1.0
2025-03-24,1.282,1.282,0.0,1.0
2025-03-25,1.282,1.282,0.0,1.0
2025-03-26,1.276,1.276,0.0,1.0
2025-03-27,1.279,1.279,0.0,1.0
2025-03-28,1.272,1.272,0.0,1.0
2025-03-31,1.26,1.26,0.0,1.0
2025-04-01,1.259,1.259,0.0,1.0
2025-04-02,1.26,1.26,0.0,1.0
2025-04-03,1.242,1.242,0.0,1.0
2025-04-07,1.12,1.12,0.0,1.0
2025-04-08,1.129,1.129,0.0,1.0
2025-04-09,1.143,1.143,0.0,1.0
2025-04-10,1.17,1.17,0.0,1.0
2025-04-11,1.177,1.177,0.0,1.0
2025-04-14,1.183,1.183,0.0,1.0
2025-04-15,1.181,1.181,0.0,1.0
2025-04-16,1.172,1.172,0.0,1.0
2025-04-17,1.171,1.171,0.0,1.0
2025-04-18,1.172,1.172,0.0,1.0
2025-04-21,1.186,1.186,0.0,1.0
2025-04-22,1.183,1.183,0.0,1.0
2025-04-23,1.19,1.19,0.0,1.0
2025-04-24,1.185,1.185,0.0,1.0
2025-04-25,1.19,1.19,0.0,1.0
2025-04-28,1.183,1.183,0.0,1.0
2025-04-29,1.182,1.182,0.0,1.0
2025-04-30,1.189,1.189,0.0,1.0
2025-05-06,1.208,1.208,0.0,1.0
2025-05-07,1.213,1.213,0.0,1.0
2025-05-08,1.223,1.223,0.0,1.0
2025-05-09,1.216,1.216,0.0,1.0
2025-05-12,1.237,1.237,0.0,1.0
2025-05-13,1.233,1.233,0.0,1.0
2025-05-14,1.242,1.242,0.0,1.0
2025-05-15,1.226,1.226,0.0,1.0
2025-05-16,1.224,1.224,0.0,1.0
2025-05-19,1.221,1.221,0.0,1.0
2025-05-20,1.23,1.23,0.0,1.0
2025-05-21,1.234,1.234,0.0,1.0
2025-05-22,1.227,1.227,0.0,1.0
2025-05-23,1.219,1.219,0.0,1.0
2025-05-26,1.213,1.213,0.0,1.0
2025-05-27,1.207,1.207,0.0,1.0
2025-05-28,1.203,1.203,0.0,1.0
2025-05-29,1.219,1.219,0.0,1.0
2025-05-30,1.209,1.209,0.0,1.0
2025-06-03,1.208,1.208,0.0,1.0
2025-06-04,1.219,1.219,0.0,1.0
2025-06-05,1.225,1.225,0.0,1.0
2025-06-06,1.224,1.224,0.0,1.0
2025-06-09,1.233,1.233,0.0,1.0
2025-06-10,1.222,1.222,0.0,1.0
2025-06-11,1.232,1.232,0.0,1.0
2025-06-12,1.233,1.233,0.0,1.0
2025-06-13,1.222,1.222,0.0,1.0
2025-06-16,1.225,1.225,0.0,1.0
2025-06-17,1.224,1.224,0.0,1.0
2025-06-18,1.227,1.227,0.0,1.0
2025-06-19,1.215,1.215,0.0,1.0
2025-06-20,1.21,1.21,0.0,1.0
2025-06-23,1.215,1.215,0.0,1.0
2025-06-24,1.233,1.233,0.0,1.0
2025-06-25,1.254,1.254,0.0,1.0
2025-06-26,1.249,1.249,0.0,1.0
2025-06-27,1.253,1.253,0.0,1.0
2025-06-30,1.264,1.264,0.0,1.0
2025-07-01,1.265,1.265,0.0,1.0
2025-07-02,1.259,1.259,0.0,1.0
2025-07-03,1.271,1.271,0.0,1.0
2025-07-04,1.27,1.27,0.0,1.0
2025-07-07,1.263,1.263,0.0,1.0
2025-07-08,1.279,1.279,0.0,1.0
2025-07-09,1.277,1.277,0.0,1.0
2025-07-10,1.284,1.284,0.0,1.0
2025-07-11,1.291,1.291,0.0,1.0
2025-07-14,1.29,1.29,0.0,1.0
2025-07-15,1.298,1.298,0.0,1.0
2025-07-16,1.296,1.296,0.0,1.0
2025-07-17,1.314,1.314,0.0,1.0
2025-07-18,1.32,1.32,0.0,1.0
2025-07-21,1.335,1.335,0.0,1.0
2025-07-22,1.343,1.343,0.0,1.0
2025-07-23,1.34,1.34,0.0,1.0
2025-07-24,1.355,1.355,0.0,1.0
2025-07-25,1.35,1.35,0.0,1.0
2025-07-28,1.357,1.357,0.0,1.0
2025-07-29,1.366,1.366,0.0,1.0
2025-07-30,1.357,1.357,0.0,1.0
2025-07-31,1.335,1.335,0.0,1.0
2025-08-01,1.332,1.332,0.0,1.0
2025-08-04,1.337,1.337,0.0,1.0
2025-08-05,1.344,1.344,0.0,1.0
2025-08-06,1.354,1.354,0.0,1.0
2025-08-07,1.352,1.352,0.0,1.0
2025-08-08,1.348,1.348,0.0,1.0
2025-08-11,1.369,1.369,0.0,1.0
2025-08-12,1.374,1.374,0.0,1.0
2025-08-13,1.398,1.398,0.0,1.0
2025-08-14,1.385,1.385,0.0,1.0
2025-08-15,1.41,1.41,0.0,1.0
2025-08-18,1.434,1.434,0.0,1.0
2025-08-19,1.435,1.435,0.0,1.0
2025-08-20,1.446,1.446,0.0,1.0
2025-08-21,1.444,1.444,0.0,1.0
2025-08-22,1.48,1.48,0.0,1.0
2025-08-25,1.506,1.506,0.0,1.0
2025-08-26,1.51,1.51,0.0,1.0
2025-08-27,1.49,1.49,0.0,1.0
2025-08-28,1.525,1.525,0.0,1.0
2025-08-29,1.544,1.544,0.0,1.0
2025-09-01,1.557,1.557,0.0,1.0
2025-09-02,1.529,1.529,0.0,1.0
2025-09-03,1.509,1.509,0.0,1.0
2025-09-04,1.468,1.468,0.0,1.0
2025-09-05,1.526,1.526,0.0,1.0
2025-09-08,1.534,1.534,0.0,1.0
2025-09-09,1.52,1.52,0.0,1.0
2025-09-10,1.522,1.522,0.0,1.0
2025-09-11,1.579,1.579,0.0,1.0
2025-09-12,1.568,1.568,0.0,1.0
2025-09-15,1.576,1.576,0.0,1.0
2025-09-16,1.584,1.584,0.0,1.0
2025-09-17,1.601,1.601,0.0,1.0
2025-09-18,1.584,1.584,0.0,1.0
2025-09-19,1.586,1.586,0.0,1.0
2025-09-22,1.597,1.597,0.0,1.0
2025-09-23,1.593,1.593,0.0,1.0
2025-09-24,1.622,1.622,0.0,1.0
2025-09-25,1.63,1.63,0.0,1.0
2025-09-26,1.605,1.605,0.0,1.0
2025-09-29,1.637,1.637,0.0,1.0
2025-09-30,1.639,1.639,0.0,1.0
2025-10-09,1.665,1.665,0.0,1.0
2025-10-10,1.623,1.623,0.0,1.0
2025-10-13,1.605,1.605,0.0,1.0
2025-10-14,1.564,1.564,0.0,1.0
2025-10-15,1.589,1.589,0.0,1.0
2025-10-16,1.585,1.585,0.0,1.0
2025-10-17,1.544,1.544,0.0,1.0
2025-10-20,1.554,1.554,0.0,1.0
2025-10-21,1.587,1.587,0.0,1.0
2025-10-22,1.577,1.577,0.0,1.0
2025-10-23,1.58,1.58,0.0,1.0
2025-10-24,1.61,1.61,0.0,1.0
2025-10-27,1.635,1.635,0.0,1.0
2025-10-28,1.627,1.627,0.0,1.0
2025-10-29,1.658,1.658,0.0,1.0
2025-10-30,1.642,1.642,0.0,1.0
2025-10-31,1.625,1.625,0.0,1.0
2025-11-03,1.627,1.627,0.0,1.0
2025-11-04,1.599,1.599,0.0,1.0
2025-11-05,1.603,1.603,0.0,1.0
2025-11-06,1.632,1.632,0.0,1.0
2025-11-07,1.626,1.626,0.0,1.0
2025-11-10,1.628,1.628,0.0,1.0
2025-11-11,1.613,1.613,0.0,1.0
2025-11-12,1.607,1.607,0.0,1.0
2025-11-13,1.634,1.634,0.0,1.0
2025-11-14,1.606,1.606,0.0,1.0
2025-11-17,1.602,1.602,0.0,1.0
2025-11-18,1.588,1.588,0.0,1.0
2025-11-19,1.587,1.587,0.0,1.0
2025-11-20,1.577,1.577,0.0,1.0
2025-11-21,1.522,1.522,0.0,1.0
2025-11-24,1.526,1.526,0.0,1.0
2025-11-25,1.549,1.549,0.0,1.0
2025-11-26,1.566,1.566,0.0,1.0
2025-11-27,1.559,1.559,0.0,1.0
2025-11-28,1.574,1.574,0.0,1.0
2025-12-01,1.595,1.595,0.0,1.0
2025-12-02,1.584,1.584,0.0,1.0
2025-12-03,1.572,1.572,0.0,1.0
2025-12-04,1.576,1.576,0.0,1.0
2025-12-05,1.594,1.594,0.0,1.0
2025-12-08,1.614,1.614,0.0,1.0
2025-12-09,1.61,1.61,0.0,1.0
2025-12-10,1.616,1.616,0.0,1.0
2025-12-11,1.598,1.598,0.0,1.0
2025-12-12,1.608,1.608,0.0,1.0
2025-12-15,1.593,1.593,0.0,1.0
2025-12-16,1.567,1.567,0.0,1.0
2025-12-17,1.606,1.606,0.0,1.0
2025-12-18,1.585,1.585,0.0,1.0
2025-12-19,1.597,1.597,0.0,1.0
2025-12-22,1.616,1.616,0.0,1.0
2025-12-23,1.62,1.62,0.0,1.0
2025-12-24,1.635,1.635,0.0,1.0
2025-12-25,1.639,1.639,0.0,1.0
2025-12-26,1.65,1.65,0.0,1.0
2025-12-29,1.641,1.641,0.0,1.0
2025-12-30,1.648,1.648,0.0,1.0
2025-12-31,1.641,1.641,0.0,1.0
2026-01-05,1.678,1.678,0.0,1.0
2026-01-06,1.701,1.701,0.0,1.0
2026-01-07,1.701,1.701,0.0,1.0
2026-01-08,1.693,1.693,0.0,1.0
2026-01-09,1.719,1.719,0.0,1.0
2026-01-12,1.751,1.751,0.0,1.0
2026-01-13,1.723,1.723,0.0,1.0
2026-01-14,1.729,1.729,0.0,1.0
2026-01-15,1.735,1.735,0.0,1.0
2026-01-16,1.73,1.73,0.0,1.0
2026-01-19,1.731,1.731,0.0,1.0
2026-01-20,1.714,1.714,0.0,1.0
2026-01-21,1.727,1.727,0.0,1.0
2026-01-22,1.738,1.738,0.0,1.0
2026-01-23,1.754,1.754,0.0,1.0
2026-01-26,1.74,1.74,0.0,1.0
2026-01-27,1.739,1.739,0.0,1.0
2026-01-28,1.739,1.739,0.0,1.0
2026-01-29,1.735,1.735,0.0,1.0
2026-01-30,1.727,1.727,0.0,1.0
2026-02-02,1.677,1.677,0.0,1.0
2026-02-03,1.713,1.713,0.0,1.0
2026-02-04,1.717,1.717,0.0,1.0
2026-02-05,1.693,1.693,0.0,1.0
2026-02-06,1.689,1.689,0.0,1.0
2026-02-09,1.722,1.722,0.0,1.0
2026-02-10,1.722,1.722,0.0,1.0
2026-02-11,1.717,1.717,0.0,1.0
2026-02-12,1.733,1.733,0.0,1.0
2026-02-13,1.714,1.714,0.0,1.0
2026-02-24,1.734,1.734,0.0,1.0
2026-02-25,1.756,1.756,0.0,1.0
2026-02-26,1.76,1.76,0.0,1.0
2026-02-27,1.76,1.76,0.0,1.0
2026-03-02,1.755,1.755,0.0,1.0
2026-03-03,1.705,1.705,0.0,1.0
2026-03-04,1.69,1.69,0.0,1.0
2026-03-05,1.706,1.706,0.0,1.0
2026-03-06,1.718,1.718,0.0,1.0
2026-03-09,1.704,1.704,0.0,1.0
2026-03-10,1.738,1.738,0.0,1.0
2026-03-11,1.751,1.751,0.0,1.0
2026-03-12,1.743,1.743,0.0,1.0
2026-03-13,1.731,1.731,0.0,1.0
2026-03-16,1.732,1.732,0.0,1.0
2026-03-17,1.704,1.704,0.0,1.0
2026-03-18,1.718,1.718,0.0,1.0
2026-03-19,1.687,1.687,0.0,1.0
2026-03-20,1.685,1.685,0.0,1.0
2026-03-23,1.621,1.621,0.0,1.0
2026-03-24,1.637,1.637,0.0,1.0
2026-03-25,1.67,1.67,0.0,1.0
2026-03-26,1.65,1.65,0.0,1.0
2026-03-27,1.666,1.666,0.0,1.0
2026-03-30,1.665,1.665,0.0,1.0
2026-03-31,1.64,1.64,0.0,1.0
2026-04-01,1.66,1.66,0.0,1.0
2026-04-02,1.632,1.632,0.0,1.0
2026-04-03,1.621,1.621,0.0,1.0
2026-04-07,1.624,1.624,0.0,1.0
2026-04-08,1.704,1.704,0.0,1.0
2026-04-09,1.693,1.693,0.0,1.0
2026-04-10,1.73,1.73,0.0,1.0
2026-04-13,1.747,1.747,0.0,1.0
2026-04-14,1.776,1.776,0.0,1.0
2026-04-15,1.757,1.757,0.0,1.0
2026-04-16,1.796,1.796,0.0,1.0
2026-04-17,1.802,1.802,0.0,1.0
2026-04-20,1.81,1.81,0.0,1.0
2026-04-21,1.812,1.812,0.0,1.0
2026-04-22,1.84,1.84,0.0,1.0
2026-04-23,1.826,1.826,0.0,1.0
2026-04-24,1.813,1.813,0.0,1.0
2026-04-27,1.819,1.819,0.0,1.0
2026-04-28,1.8,1.8,0.0,1.0
2026-04-29,1.833,1.833,0.0,1.0
2026-04-30,1.834,1.834,0.0,1.0
2026-05-06,1.875,1.875,0.0,1.0
2026-05-07,1.897,1.897,0.0,1.0
2026-05-08,1.887,1.887,0.0,1.0
2026-05-11,1.933,1.933,0.0,1.0
2026-05-12,1.923,1.923,0.0,1.0
2026-05-13,1.955,1.955,0.0,1.0
2026-05-14,1.913,1.913,0.0,1.0
2026-05-15,1.888,1.888,0.0,1.0
2026-05-18,1.888,1.888,0.0,1.0
2026-05-19,1.892,1.892,0.0,1.0
2026-05-20,1.886,1.886,0.0,1.0
2026-05-21,1.855,1.855,0.0,1.0
2026-05-22,1.895,1.895,0.0,1.0
2026-05-25,1.928,1.928,0.0,1.0
2026-05-26,1.933,1.933,0.0,1.0
2026-05-27,1.914,1.914,0.0,1.0
2026-05-28,1.928,1.928,0.0,1.0
2026-05-29,1.896,1.896,0.0,1.0
2026-06-01,1.866,1.866,0.0,1.0
2026-06-02,1.891,1.891,0.0,1.0
2026-06-03,1.909,1.909,0.0,1.0
2026-06-04,1.901,1.901,0.0,1.0
2026-06-05,1.863,1.863,0.0,1.0
2026-06-08,1.803,1.803,0.0,1.0
2026-06-09,1.856,1.856,0.0,1.0
2026-06-10,1.822,1.822,0.0,1.0
2026-06-11,1.809,1.809,0.0,1.0
2026-06-12,1.823,1.823,0.0,1.0
2026-06-15,1.896,1.896,0.0,1.0
2026-06-16,1.904,1.904,0.0,1.0
2026-06-17,1.933,1.933,0.0,1.0
2026-06-18,1.951,1.951,0.0,1.0
2026-06-22,2.0,2.0,0.0,1.0
2026-06-23,1.933,1.933,0.0,1.0
2026-06-24,1.953,1.953,0.0,1.0
2026-06-25,1.988,1.988,0.0,1.0
2026-06-26,1.928,1.928,0.0,1.0
2026-06-29,1.929,1.929,0.0,1.0
2026-06-30,1.978,1.978,0.0,1.0
2026-07-01,1.965,1.965,0.0,1.0
2026-07-02,1.907,1.907,0.0,1.0
2026-07-03,1.901,1.901,0.0,1.0
2026-07-06,1.883,1.883,0.0,1.0
2026-07-07,1.858,1.858,0.0,1.0
2026-07-08,1.828,1.828,0.0,1.0
2026-07-09,1.879,1.879,0.0,1.0
2026-07-10,1.84,1.84,0.0,1.0
2026-07-13,1.779,1.779,0.0,1.0
2026-07-14,1.82,1.82,0.0,1.0
2026-07-15,1.81,1.81,0.0,1.0
2026-07-16,1.78,1.78,0.0,1.0
2026-07-17,1.689,1.689,0.0,1.0
