date,close,total_return_proxy,cumulative_dividend,split_factor
2011-01-11,1.0,1.0,0.0,1.0
2011-01-12,0.998,0.998,0.0,1.0
2011-01-13,1.0,1.0,0.0,1.0
2011-01-14,0.985,0.985,0.0,1.0
2011-01-17,0.943,0.943,0.0,1.0
2011-01-18,0.94,0.94,0.0,1.0
2011-01-19,0.963,0.963,0.0,1.0
2011-01-20,0.935,0.935,0.0,1.0
2011-01-21,0.935,0.935,0.0,1.0
2011-01-24,0.931,0.931,0.0,1.0
2011-01-25,0.929,0.929,0.0,1.0
2011-01-26,0.935,0.935,0.0,1.0
2011-01-27,0.948,0.948,0.0,1.0
2011-01-28,0.961,0.961,0.0,1.0
2011-01-31,0.97,0.97,0.0,1.0
2011-02-01,0.967,0.967,0.0,1.0
2011-02-09,0.948,0.948,0.0,1.0
2011-02-10,0.98,0.98,0.0,1.0
2011-02-11,0.99,0.99,0.0,1.0
2011-02-14,1.019,1.019,0.0,1.0
2011-02-15,1.018,1.018,0.0,1.0
2011-02-16,1.035,1.035,0.0,1.0
2011-02-17,1.031,1.031,0.0,1.0
2011-02-18,1.021,1.021,0.0,1.0
2011-02-21,1.039,1.039,0.0,1.0
2011-02-22,1.015,1.015,0.0,1.0
2011-02-23,1.012,1.012,0.0,1.0
2011-02-24,1.016,1.016,0.0,1.0
2011-02-25,1.018,1.018,0.0,1.0
2011-02-28,1.038,1.038,0.0,1.0
2011-03-01,1.038,1.038,0.0,1.0
2011-03-02,1.027,1.027,0.0,1.0
2011-03-03,1.023,1.023,0.0,1.0
2011-03-04,1.035,1.035,0.0,1.0
2011-03-07,1.058,1.058,0.0,1.0
2011-03-08,1.056,1.056,0.0,1.0
2011-03-09,1.06,1.06,0.0,1.0
2011-03-10,1.05,1.05,0.0,1.0
2011-03-11,1.035,1.035,0.0,1.0
2011-03-14,1.042,1.042,0.0,1.0
2011-03-15,1.032,1.032,0.0,1.0
2011-03-16,1.04,1.04,0.0,1.0
2011-03-17,1.023,1.023,0.0,1.0
2011-03-18,1.029,1.029,0.0,1.0
2011-03-21,1.019,1.019,0.0,1.0
2011-03-22,1.025,1.025,0.0,1.0
2011-03-23,1.027,1.027,0.0,1.0
2011-03-24,1.027,1.027,0.0,1.0
2011-03-25,1.028,1.028,0.0,1.0
2011-03-28,1.035,1.035,0.0,1.0
2011-03-29,1.019,1.019,0.0,1.0
2011-03-30,1.016,1.016,0.0,1.0
2011-03-31,1.01,1.01,0.0,1.0
2011-04-01,1.015,1.015,0.0,1.0
2011-04-06,1.016,1.016,0.0,1.0
2011-04-07,1.03,1.03,0.0,1.0
2011-04-08,1.039,1.039,0.0,1.0
2011-04-11,1.036,1.036,0.0,1.0
2011-04-12,1.036,1.036,0.0,1.0
2011-04-13,1.041,1.041,0.0,1.0
2011-04-14,1.03,1.03,0.0,1.0
2011-04-15,1.03,1.03,0.0,1.0
2011-04-18,1.025,1.025,0.0,1.0
2011-04-19,1.015,1.015,0.0,1.0
2011-04-20,1.016,1.016,0.0,1.0
2011-04-21,1.033,1.033,0.0,1.0
2011-04-22,1.02,1.02,0.0,1.0
2011-04-25,1.006,1.006,0.0,1.0
2011-04-26,0.999,0.999,0.0,1.0
2011-04-27,0.991,0.991,0.0,1.0
2011-04-28,0.973,0.973,0.0,1.0
2011-04-29,0.981,0.981,0.0,1.0
2011-05-03,0.994,0.994,0.0,1.0
2011-05-04,0.969,0.969,0.0,1.0
2011-05-05,0.964,0.964,0.0,1.0
2011-05-06,0.965,0.965,0.0,1.0
2011-05-09,0.973,0.973,0.0,1.0
2011-05-10,0.976,0.976,0.0,1.0
2011-05-11,0.975,0.975,0.0,1.0
2011-05-12,0.965,0.965,0.0,1.0
2011-05-13,0.97,0.97,0.0,1.0
2011-05-16,0.965,0.965,0.0,1.0
2011-05-17,0.968,0.968,0.0,1.0
2011-05-18,0.976,0.976,0.0,1.0
2011-05-19,0.97,0.97,0.0,1.0
2011-05-20,0.969,0.969,0.0,1.0
2011-05-23,0.936,0.936,0.0,1.0
2011-05-24,0.932,0.932,0.0,1.0
2011-05-25,0.929,0.929,0.0,1.0
2011-05-26,0.921,0.921,0.0,1.0
2011-05-27,0.922,0.922,0.0,1.0
2011-05-30,0.915,0.915,0.0,1.0
2011-05-31,0.928,0.928,0.0,1.0
2011-06-01,0.925,0.925,0.0,1.0
2011-06-02,0.919,0.919,0.0,1.0
2011-06-03,0.93,0.93,0.0,1.0
2011-06-07,0.935,0.935,0.0,1.0
2011-06-08,0.939,0.939,0.0,1.0
2011-06-09,0.921,0.921,0.0,1.0
2011-06-10,0.924,0.924,0.0,1.0
2011-06-13,0.917,0.917,0.0,1.0
2011-06-14,0.93,0.93,0.0,1.0
2011-06-15,0.929,0.929,0.0,1.0
2011-06-16,0.92,0.92,0.0,1.0
2011-06-17,0.919,0.919,0.0,1.0
2011-06-20,0.904,0.904,0.0,1.0
2011-06-21,0.918,0.918,0.0,1.0
2011-06-22,0.914,0.914,0.0,1.0
2011-06-23,0.933,0.933,0.0,1.0
2011-06-24,0.953,0.953,0.0,1.0
2011-06-27,0.947,0.947,0.0,1.0
2011-06-28,0.957,0.957,0.0,1.0
2011-06-29,0.948,0.948,0.0,1.0
2011-06-30,0.953,0.953,0.0,1.0
2011-07-01,0.971,0.971,0.0,1.0
2011-07-04,0.988,0.988,0.0,1.0
2011-07-05,0.988,0.988,0.0,1.0
2011-07-06,0.99,0.99,0.0,1.0
2011-07-07,0.982,0.982,0.0,1.0
2011-07-08,0.985,0.985,0.0,1.0
2011-07-11,0.985,0.985,0.0,1.0
2011-07-12,0.972,0.972,0.0,1.0
2011-07-13,0.988,0.988,0.0,1.0
2011-07-14,0.984,0.984,0.0,1.0
2011-07-15,0.986,0.986,0.0,1.0
2011-07-18,0.985,0.985,0.0,1.0
2011-07-19,0.98,0.98,0.0,1.0
2011-07-20,0.976,0.976,0.0,1.0
2011-07-21,0.971,0.971,0.0,1.0
2011-07-22,0.972,0.972,0.0,1.0
2011-07-25,0.95,0.95,0.0,1.0
2011-07-26,0.94,0.94,0.0,1.0
2011-07-27,0.95,0.95,0.0,1.0
2011-07-28,0.943,0.943,0.0,1.0
2011-07-29,0.95,0.95,0.0,1.0
2011-08-01,0.945,0.945,0.0,1.0
2011-08-02,0.938,0.938,0.0,1.0
2011-08-03,0.942,0.942,0.0,1.0
2011-08-04,0.942,0.942,0.0,1.0
2011-08-05,0.927,0.927,0.0,1.0
2011-08-08,0.881,0.881,0.0,1.0
2011-08-09,0.88,0.88,0.0,1.0
2011-08-10,0.894,0.894,0.0,1.0
2011-08-11,0.9,0.9,0.0,1.0
2011-08-12,0.903,0.903,0.0,1.0
2011-08-15,0.928,0.928,0.0,1.0
2011-08-16,0.905,0.905,0.0,1.0
2011-08-17,0.901,0.901,0.0,1.0
2011-08-18,0.885,0.885,0.0,1.0
2011-08-19,0.878,0.878,0.0,1.0
2011-08-22,0.865,0.865,0.0,1.0
2011-08-23,0.878,0.878,0.0,1.0
2011-08-24,0.872,0.872,0.0,1.0
2011-08-25,0.898,0.898,0.0,1.0
2011-08-26,0.897,0.897,0.0,1.0
2011-08-29,0.883,0.883,0.0,1.0
2011-08-30,0.885,0.885,0.0,1.0
2011-08-31,0.883,0.883,0.0,1.0
2011-09-01,0.886,0.886,0.0,1.0
2011-09-02,0.87,0.87,0.0,1.0
2011-09-05,0.86,0.86,0.0,1.0
2011-09-06,0.835,0.835,0.0,1.0
2011-09-07,0.855,0.855,0.0,1.0
2011-09-08,0.85,0.85,0.0,1.0
2011-09-09,0.843,0.843,0.0,1.0
2011-09-13,0.833,0.833,0.0,1.0
2011-09-14,0.849,0.849,0.0,1.0
2011-09-15,0.84,0.84,0.0,1.0
2011-09-16,0.843,0.843,0.0,1.0
2011-09-19,0.83,0.83,0.0,1.0
2011-09-20,0.828,0.828,0.0,1.0
2011-09-21,0.846,0.846,0.0,1.0
2011-09-22,0.831,0.831,0.0,1.0
2011-09-23,0.822,0.822,0.0,1.0
2011-09-26,0.802,0.802,0.0,1.0
2011-09-27,0.82,0.82,0.0,1.0
2011-09-28,0.808,0.808,0.0,1.0
2011-09-29,0.805,0.805,0.0,1.0
2011-09-30,0.801,0.801,0.0,1.0
2011-10-10,0.796,0.796,0.0,1.0
2011-10-11,0.78,0.78,0.0,1.0
2011-10-12,0.81,0.81,0.0,1.0
2011-10-13,0.81,0.81,0.0,1.0
2011-10-14,0.811,0.811,0.0,1.0
2011-10-17,0.811,0.811,0.0,1.0
2011-10-18,0.797,0.797,0.0,1.0
2011-10-19,0.783,0.783,0.0,1.0
2011-10-20,0.766,0.766,0.0,1.0
2011-10-21,0.755,0.755,0.0,1.0
2011-10-24,0.768,0.768,0.0,1.0
2011-10-25,0.788,0.788,0.0,1.0
2011-10-26,0.799,0.799,0.0,1.0
2011-10-27,0.797,0.797,0.0,1.0
2011-10-28,0.813,0.813,0.0,1.0
2011-10-31,0.816,0.816,0.0,1.0
2011-11-01,0.812,0.812,0.0,1.0
2011-11-02,0.819,0.819,0.0,1.0
2011-11-03,0.824,0.824,0.0,1.0
2011-11-04,0.832,0.832,0.0,1.0
2011-11-07,0.822,0.822,0.0,1.0
2011-11-08,0.817,0.817,0.0,1.0
2011-11-09,0.822,0.822,0.0,1.0
2011-11-10,0.814,0.814,0.0,1.0
2011-11-11,0.809,0.809,0.0,1.0
2011-11-14,0.853,0.853,0.0,1.0
2011-11-15,0.829,0.829,0.0,1.0
2011-11-16,0.806,0.806,0.0,1.0
2011-11-17,0.809,0.809,0.0,1.0
2011-11-18,0.783,0.783,0.0,1.0
2011-11-21,0.781,0.781,0.0,1.0
2011-11-22,0.778,0.778,0.0,1.0
2011-11-23,0.776,0.776,0.0,1.0
2011-11-24,0.778,0.778,0.0,1.0
2011-11-25,0.769,0.769,0.0,1.0
2011-11-28,0.763,0.763,0.0,1.0
2011-11-29,0.773,0.773,0.0,1.0
2011-11-30,0.749,0.749,0.0,1.0
2011-12-01,0.766,0.766,0.0,1.0
2011-12-02,0.756,0.756,0.0,1.0
2011-12-05,0.744,0.744,0.0,1.0
2011-12-06,0.744,0.744,0.0,1.0
2011-12-07,0.743,0.743,0.0,1.0
2011-12-08,0.746,0.746,0.0,1.0
2011-12-09,0.736,0.736,0.0,1.0
2011-12-12,0.732,0.732,0.0,1.0
2011-12-13,0.715,0.715,0.0,1.0
2011-12-14,0.705,0.705,0.0,1.0
2011-12-15,0.687,0.687,0.0,1.0
2011-12-16,0.71,0.71,0.0,1.0
2011-12-19,0.703,0.703,0.0,1.0
2011-12-20,0.7,0.7,0.0,1.0
2011-12-21,0.69,0.69,0.0,1.0
2011-12-22,0.693,0.693,0.0,1.0
2011-12-23,0.695,0.695,0.0,1.0
2011-12-26,0.688,0.688,0.0,1.0
2011-12-27,0.672,0.672,0.0,1.0
2011-12-28,0.679,0.679,0.0,1.0
2011-12-29,0.68,0.68,0.0,1.0
2011-12-30,0.69,0.69,0.0,1.0
2012-01-04,0.675,0.675,0.0,1.0
2012-01-05,0.667,0.667,0.0,1.0
2012-01-06,0.668,0.668,0.0,1.0
2012-01-09,0.691,0.691,0.0,1.0
2012-01-10,0.728,0.728,0.0,1.0
2012-01-11,0.713,0.713,0.0,1.0
2012-01-12,0.719,0.719,0.0,1.0
2012-01-13,0.699,0.699,0.0,1.0
2012-01-16,0.696,0.696,0.0,1.0
2012-01-17,0.728,0.728,0.0,1.0
2012-01-18,0.712,0.712,0.0,1.0
2012-01-19,0.721,0.721,0.0,1.0
2012-01-20,0.736,0.736,0.0,1.0
2012-01-30,0.717,0.717,0.0,1.0
2012-01-31,0.715,0.715,0.0,1.0
2012-02-01,0.7,0.7,0.0,1.0
2012-02-02,0.717,0.717,0.0,1.0
2012-02-03,0.725,0.725,0.0,1.0
2012-02-06,0.725,0.725,0.0,1.0
2012-02-07,0.713,0.713,0.0,1.0
2012-02-08,0.732,0.732,0.0,1.0
2012-02-09,0.731,0.731,0.0,1.0
2012-02-10,0.736,0.736,0.0,1.0
2012-02-13,0.736,0.736,0.0,1.0
2012-02-14,0.733,0.733,0.0,1.0
2012-02-15,0.746,0.746,0.0,1.0
2012-02-16,0.741,0.741,0.0,1.0
2012-02-17,0.741,0.741,0.0,1.0
2012-02-20,0.747,0.747,0.0,1.0
2012-02-21,0.754,0.754,0.0,1.0
2012-02-22,0.764,0.764,0.0,1.0
2012-02-23,0.771,0.771,0.0,1.0
2012-02-24,0.787,0.787,0.0,1.0
2012-02-27,0.791,0.791,0.0,1.0
2012-02-28,0.795,0.795,0.0,1.0
2012-02-29,0.776,0.776,0.0,1.0
2012-03-01,0.78,0.78,0.0,1.0
2012-03-02,0.795,0.795,0.0,1.0
2012-03-05,0.795,0.795,0.0,1.0
2012-03-06,0.785,0.785,0.0,1.0
2012-03-07,0.775,0.775,0.0,1.0
2012-03-08,0.791,0.791,0.0,1.0
2012-03-09,0.799,0.799,0.0,1.0
2012-03-12,0.799,0.799,0.0,1.0
2012-03-13,0.8,0.8,0.0,1.0
2012-03-14,0.779,0.779,0.0,1.0
2012-03-15,0.77,0.77,0.0,1.0
2012-03-16,0.78,0.78,0.0,1.0
2012-03-19,0.788,0.788,0.0,1.0
2012-03-20,0.774,0.774,0.0,1.0
2012-03-21,0.774,0.774,0.0,1.0
2012-03-22,0.768,0.768,0.0,1.0
2012-03-23,0.757,0.757,0.0,1.0
2012-03-26,0.753,0.753,0.0,1.0
2012-03-27,0.75,0.75,0.0,1.0
2012-03-28,0.738,0.738,0.0,1.0
2012-03-29,0.725,0.725,0.0,1.0
2012-03-30,0.723,0.723,0.0,1.0
2012-04-05,0.746,0.746,0.0,1.0
2012-04-06,0.749,0.749,0.0,1.0
2012-04-09,0.736,0.736,0.0,1.0
2012-04-10,0.746,0.746,0.0,1.0
2012-04-11,0.756,0.756,0.0,1.0
2012-04-12,0.761,0.761,0.0,1.0
2012-04-13,0.77,0.77,0.0,1.0
2012-04-16,0.77,0.77,0.0,1.0
2012-04-17,0.761,0.761,0.0,1.0
2012-04-18,0.775,0.775,0.0,1.0
2012-04-19,0.773,0.773,0.0,1.0
2012-04-20,0.779,0.779,0.0,1.0
2012-04-23,0.773,0.773,0.0,1.0
2012-04-24,0.774,0.774,0.0,1.0
2012-04-25,0.783,0.783,0.0,1.0
2012-04-26,0.782,0.782,0.0,1.0
2012-04-27,0.785,0.785,0.0,1.0
2012-05-02,0.806,0.806,0.0,1.0
2012-05-03,0.807,0.807,0.0,1.0
2012-05-04,0.812,0.812,0.0,1.0
2012-05-07,0.812,0.812,0.0,1.0
2012-05-08,0.808,0.808,0.0,1.0
2012-05-09,0.795,0.795,0.0,1.0
2012-05-10,0.794,0.794,0.0,1.0
2012-05-11,0.788,0.788,0.0,1.0
2012-05-14,0.787,0.787,0.0,1.0
2012-05-15,0.781,0.781,0.0,1.0
2012-05-16,0.773,0.773,0.0,1.0
2012-05-17,0.782,0.782,0.0,1.0
2012-05-18,0.769,0.769,0.0,1.0
2012-05-21,0.772,0.772,0.0,1.0
2012-05-22,0.785,0.785,0.0,1.0
2012-05-23,0.788,0.788,0.0,1.0
2012-05-24,0.781,0.781,0.0,1.0
2012-05-25,0.765,0.765,0.0,1.0
2012-05-28,0.775,0.775,0.0,1.0
2012-05-29,0.795,0.795,0.0,1.0
2012-05-30,0.795,0.795,0.0,1.0
2012-05-31,0.788,0.788,0.0,1.0
2012-06-01,0.795,0.795,0.0,1.0
2012-06-04,0.773,0.773,0.0,1.0
2012-06-05,0.769,0.769,0.0,1.0
2012-06-06,0.764,0.764,0.0,1.0
2012-06-07,0.769,0.769,0.0,1.0
2012-06-08,0.767,0.767,0.0,1.0
2012-06-11,0.778,0.778,0.0,1.0
2012-06-12,0.77,0.77,0.0,1.0
2012-06-13,0.775,0.775,0.0,1.0
2012-06-14,0.775,0.775,0.0,1.0
2012-06-15,0.771,0.771,0.0,1.0
2012-06-18,0.783,0.783,0.0,1.0
2012-06-19,0.775,0.775,0.0,1.0
2012-06-20,0.766,0.766,0.0,1.0
2012-06-21,0.759,0.759,0.0,1.0
2012-06-25,0.737,0.737,0.0,1.0
2012-06-26,0.74,0.74,0.0,1.0
2012-06-27,0.74,0.74,0.0,1.0
2012-06-28,0.736,0.736,0.0,1.0
2012-06-29,0.738,0.738,0.0,1.0
2012-07-02,0.74,0.74,0.0,1.0
2012-07-03,0.739,0.739,0.0,1.0
2012-07-04,0.737,0.737,0.0,1.0
2012-07-05,0.724,0.724,0.0,1.0
2012-07-06,0.743,0.743,0.0,1.0
2012-07-09,0.736,0.736,0.0,1.0
2012-07-10,0.73,0.73,0.0,1.0
2012-07-11,0.732,0.732,0.0,1.0
2012-07-12,0.745,0.745,0.0,1.0
2012-07-13,0.756,0.756,0.0,1.0
2012-07-16,0.737,0.737,0.0,1.0
2012-07-17,0.744,0.744,0.0,1.0
2012-07-18,0.74,0.74,0.0,1.0
2012-07-19,0.742,0.742,0.0,1.0
2012-07-20,0.732,0.732,0.0,1.0
2012-07-23,0.723,0.723,0.0,1.0
2012-07-24,0.73,0.73,0.0,1.0
2012-07-25,0.716,0.716,0.0,1.0
2012-07-26,0.715,0.715,0.0,1.0
2012-07-27,0.713,0.713,0.0,1.0
2012-07-30,0.717,0.717,0.0,1.0
2012-07-31,0.716,0.716,0.0,1.0
2012-08-01,0.725,0.725,0.0,1.0
2012-08-02,0.706,0.706,0.0,1.0
2012-08-03,0.708,0.708,0.0,1.0
2012-08-06,0.721,0.721,0.0,1.0
2012-08-07,0.719,0.719,0.0,1.0
2012-08-08,0.72,0.72,0.0,1.0
2012-08-09,0.726,0.726,0.0,1.0
2012-08-10,0.72,0.72,0.0,1.0
2012-08-13,0.698,0.698,0.0,1.0
2012-08-14,0.705,0.705,0.0,1.0
2012-08-15,0.698,0.698,0.0,1.0
2012-08-16,0.701,0.701,0.0,1.0
2012-08-17,0.692,0.692,0.0,1.0
2012-08-20,0.69,0.69,0.0,1.0
2012-08-21,0.689,0.689,0.0,1.0
2012-08-22,0.677,0.677,0.0,1.0
2012-08-23,0.68,0.68,0.0,1.0
2012-08-24,0.671,0.671,0.0,1.0
2012-08-27,0.662,0.662,0.0,1.0
2012-08-28,0.659,0.659,0.0,1.0
2012-08-29,0.649,0.649,0.0,1.0
2012-08-30,0.646,0.646,0.0,1.0
2012-08-31,0.647,0.647,0.0,1.0
2012-09-03,0.656,0.656,0.0,1.0
2012-09-04,0.646,0.646,0.0,1.0
2012-09-05,0.646,0.646,0.0,1.0
2012-09-06,0.649,0.649,0.0,1.0
2012-09-07,0.682,0.682,0.0,1.0
2012-09-10,0.681,0.681,0.0,1.0
2012-09-11,0.677,0.677,0.0,1.0
2012-09-12,0.681,0.681,0.0,1.0
2012-09-13,0.672,0.672,0.0,1.0
2012-09-14,0.672,0.672,0.0,1.0
2012-09-17,0.655,0.655,0.0,1.0
2012-09-18,0.649,0.649,0.0,1.0
2012-09-19,0.653,0.653,0.0,1.0
2012-09-20,0.633,0.633,0.0,1.0
2012-09-21,0.636,0.636,0.0,1.0
2012-09-24,0.645,0.645,0.0,1.0
2012-09-25,0.643,0.643,0.0,1.0
2012-09-26,0.639,0.639,0.0,1.0
2012-09-27,0.657,0.657,0.0,1.0
2012-09-28,0.67,0.67,0.0,1.0
2012-10-08,0.662,0.662,0.0,1.0
2012-10-09,0.674,0.674,0.0,1.0
2012-10-10,0.678,0.678,0.0,1.0
2012-10-11,0.671,0.671,0.0,1.0
2012-10-12,0.67,0.67,0.0,1.0
2012-10-15,0.666,0.666,0.0,1.0
2012-10-16,0.668,0.668,0.0,1.0
2012-10-17,0.667,0.667,0.0,1.0
2012-10-18,0.68,0.68,0.0,1.0
2012-10-19,0.68,0.68,0.0,1.0
2012-10-22,0.684,0.684,0.0,1.0
2012-10-23,0.677,0.677,0.0,1.0
2012-10-24,0.676,0.676,0.0,1.0
2012-10-25,0.67,0.67,0.0,1.0
2012-10-26,0.658,0.658,0.0,1.0
2012-10-29,0.65,0.65,0.0,1.0
2012-10-30,0.656,0.656,0.0,1.0
2012-10-31,0.663,0.663,0.0,1.0
2012-11-01,0.68,0.68,0.0,1.0
2012-11-02,0.683,0.683,0.0,1.0
2012-11-05,0.681,0.681,0.0,1.0
2012-11-06,0.675,0.675,0.0,1.0
2012-11-07,0.673,0.673,0.0,1.0
2012-11-08,0.668,0.668,0.0,1.0
2012-11-09,0.657,0.657,0.0,1.0
2012-11-12,0.658,0.658,0.0,1.0
2012-11-13,0.655,0.655,0.0,1.0
2012-11-14,0.65,0.65,0.0,1.0
2012-11-15,0.641,0.641,0.0,1.0
2012-11-16,0.636,0.636,0.0,1.0
2012-11-19,0.625,0.625,0.0,1.0
2012-11-20,0.636,0.636,0.0,1.0
2012-11-21,0.644,0.644,0.0,1.0
2012-11-22,0.639,0.639,0.0,1.0
2012-11-23,0.643,0.643,0.0,1.0
2012-11-26,0.637,0.637,0.0,1.0
2012-11-27,0.635,0.635,0.0,1.0
2012-11-28,0.629,0.629,0.0,1.0
2012-11-29,0.624,0.624,0.0,1.0
2012-11-30,0.636,0.636,0.0,1.0
2012-12-03,0.622,0.622,0.0,1.0
2012-12-04,0.628,0.628,0.0,1.0
2012-12-05,0.65,0.65,0.0,1.0
2012-12-06,0.647,0.647,0.0,1.0
2012-12-07,0.65,0.65,0.0,1.0
2012-12-10,0.658,0.658,0.0,1.0
2012-12-11,0.656,0.656,0.0,1.0
2012-12-12,0.658,0.658,0.0,1.0
2012-12-13,0.657,0.657,0.0,1.0
2012-12-14,0.681,0.681,0.0,1.0
2012-12-17,0.688,0.688,0.0,1.0
2012-12-18,0.682,0.682,0.0,1.0
2012-12-19,0.69,0.69,0.0,1.0
2012-12-20,0.695,0.695,0.0,1.0
2012-12-21,0.692,0.692,0.0,1.0
2012-12-24,0.698,0.698,0.0,1.0
2012-12-25,0.717,0.717,0.0,1.0
2012-12-26,0.72,0.72,0.0,1.0
2012-12-27,0.715,0.715,0.0,1.0
2012-12-28,0.721,0.721,0.0,1.0
2012-12-31,0.727,0.727,0.0,1.0
2013-01-04,0.726,0.726,0.0,1.0
2013-01-07,0.727,0.727,0.0,1.0
2013-01-08,0.728,0.728,0.0,1.0
2013-01-09,0.727,0.727,0.0,1.0
2013-01-10,0.73,0.73,0.0,1.0
2013-01-11,0.721,0.721,0.0,1.0
2013-01-14,0.74,0.74,0.0,1.0
2013-01-15,0.743,0.743,0.0,1.0
2013-01-16,0.738,0.738,0.0,1.0
2013-01-17,0.738,0.738,0.0,1.0
2013-01-18,0.745,0.745,0.0,1.0
2013-01-21,0.757,0.757,0.0,1.0
2013-01-22,0.759,0.759,0.0,1.0
2013-01-23,0.762,0.762,0.0,1.0
2013-01-24,0.76,0.76,0.0,1.0
2013-01-25,0.755,0.755,0.0,1.0
2013-01-28,0.773,0.773,0.0,1.0
2013-01-29,0.781,0.781,0.0,1.0
2013-01-30,0.788,0.788,0.0,1.0
2013-01-31,0.777,0.777,0.0,1.0
2013-02-01,0.788,0.788,0.0,1.0
2013-02-04,0.79,0.79,0.0,1.0
2013-02-05,0.804,0.804,0.0,1.0
2013-02-06,0.796,0.796,0.0,1.0
2013-02-07,0.795,0.795,0.0,1.0
2013-02-08,0.801,0.801,0.0,1.0
2013-02-18,0.79,0.79,0.0,1.0
2013-02-19,0.765,0.765,0.0,1.0
2013-02-20,0.775,0.775,0.0,1.0
2013-02-21,0.753,0.753,0.0,1.0
2013-02-22,0.751,0.751,0.0,1.0
2013-02-25,0.75,0.75,0.0,1.0
2013-02-26,0.736,0.736,0.0,1.0
2013-02-27,0.745,0.745,0.0,1.0
2013-02-28,0.772,0.772,0.0,1.0
2013-03-01,0.771,0.771,0.0,1.0
2013-03-04,0.729,0.729,0.0,1.0
2013-03-05,0.742,0.742,0.0,1.0
2013-03-06,0.744,0.744,0.0,1.0
2013-03-07,0.739,0.739,0.0,1.0
2013-03-08,0.735,0.735,0.0,1.0
2013-03-11,0.735,0.735,0.0,1.0
2013-03-12,0.73,0.73,0.0,1.0
2013-03-13,0.718,0.718,0.0,1.0
2013-03-14,0.717,0.717,0.0,1.0
2013-03-15,0.712,0.712,0.0,1.0
2013-03-18,0.709,0.709,0.0,1.0
2013-03-19,0.713,0.713,0.0,1.0
2013-03-20,0.732,0.732,0.0,1.0
2013-03-21,0.732,0.732,0.0,1.0
2013-03-22,0.733,0.733,0.0,1.0
2013-03-25,0.73,0.73,0.0,1.0
2013-03-26,0.727,0.727,0.0,1.0
2013-03-27,0.728,0.728,0.0,1.0
2013-03-28,0.713,0.713,0.0,1.0
2013-03-29,0.702,0.702,0.0,1.0
2013-04-01,0.713,0.713,0.0,1.0
2013-04-02,0.719,0.719,0.0,1.0
2013-04-03,0.72,0.72,0.0,1.0
2013-04-08,0.715,0.715,0.0,1.0
2013-04-09,0.72,0.72,0.0,1.0
2013-04-10,0.718,0.718,0.0,1.0
2013-04-11,0.713,0.713,0.0,1.0
2013-04-12,0.708,0.708,0.0,1.0
2013-04-15,0.704,0.704,0.0,1.0
2013-04-16,0.713,0.713,0.0,1.0
2013-04-17,0.718,0.718,0.0,1.0
2013-04-18,0.72,0.72,0.0,1.0
2013-04-19,0.734,0.734,0.0,1.0
2013-04-22,0.731,0.731,0.0,1.0
2013-04-23,0.709,0.709,0.0,1.0
2013-04-24,0.717,0.717,0.0,1.0
2013-04-25,0.71,0.71,0.0,1.0
2013-04-26,0.712,0.712,0.0,1.0
2013-05-02,0.716,0.716,0.0,1.0
2013-05-03,0.723,0.723,0.0,1.0
2013-05-06,0.73,0.73,0.0,1.0
2013-05-07,0.731,0.731,0.0,1.0
2013-05-08,0.74,0.74,0.0,1.0
2013-05-09,0.734,0.734,0.0,1.0
2013-05-10,0.738,0.738,0.0,1.0
2013-05-13,0.729,0.729,0.0,1.0
2013-05-14,0.715,0.715,0.0,1.0
2013-05-15,0.719,0.719,0.0,1.0
2013-05-16,0.733,0.733,0.0,1.0
2013-05-17,0.751,0.751,0.0,1.0
2013-05-20,0.755,0.755,0.0,1.0
2013-05-21,0.761,0.761,0.0,1.0
2013-05-22,0.763,0.763,0.0,1.0
2013-05-23,0.751,0.751,0.0,1.0
2013-05-24,0.751,0.751,0.0,1.0
2013-05-27,0.751,0.751,0.0,1.0
2013-05-28,0.765,0.765,0.0,1.0
2013-05-29,0.768,0.768,0.0,1.0
2013-05-30,0.769,0.769,0.0,1.0
2013-05-31,0.76,0.76,0.0,1.0
2013-06-03,0.758,0.758,0.0,1.0
2013-06-04,0.747,0.747,0.0,1.0
2013-06-05,0.746,0.746,0.0,1.0
2013-06-06,0.743,0.743,0.0,1.0
2013-06-07,0.723,0.723,0.0,1.0
2013-06-13,0.696,0.696,0.0,1.0
2013-06-14,0.699,0.699,0.0,1.0
2013-06-17,0.692,0.692,0.0,1.0
2013-06-18,0.697,0.697,0.0,1.0
2013-06-19,0.685,0.685,0.0,1.0
2013-06-20,0.675,0.675,0.0,1.0
2013-06-21,0.67,0.67,0.0,1.0
2013-06-24,0.628,0.628,0.0,1.0
2013-06-25,0.619,0.619,0.0,1.0
2013-06-26,0.618,0.618,0.0,1.0
2013-06-27,0.615,0.615,0.0,1.0
2013-06-28,0.631,0.631,0.0,1.0
2013-07-01,0.632,0.632,0.0,1.0
2013-07-02,0.631,0.631,0.0,1.0
2013-07-03,0.623,0.623,0.0,1.0
2013-07-04,0.641,0.641,0.0,1.0
2013-07-05,0.651,0.651,0.0,1.0
2013-07-08,0.633,0.633,0.0,1.0
2013-07-09,0.626,0.626,0.0,1.0
2013-07-10,0.645,0.645,0.0,1.0
2013-07-11,0.677,0.677,0.0,1.0
2013-07-12,0.658,0.658,0.0,1.0
2013-07-15,0.663,0.663,0.0,1.0
2013-07-16,0.666,0.666,0.0,1.0
2013-07-17,0.664,0.664,0.0,1.0
2013-07-18,0.651,0.651,0.0,1.0
2013-07-19,0.629,0.629,0.0,1.0
2013-07-22,0.625,0.625,0.0,1.0
2013-07-23,0.642,0.642,0.0,1.0
2013-07-24,0.644,0.644,0.0,1.0
2013-07-25,0.645,0.645,0.0,1.0
2013-07-26,0.64,0.64,0.0,1.0
2013-07-29,0.623,0.623,0.0,1.0
2013-07-30,0.638,0.638,0.0,1.0
2013-07-31,0.639,0.639,0.0,1.0
2013-08-01,0.647,0.647,0.0,1.0
2013-08-02,0.653,0.653,0.0,1.0
2013-08-05,0.656,0.656,0.0,1.0
2013-08-06,0.662,0.662,0.0,1.0
2013-08-07,0.662,0.662,0.0,1.0
2013-08-08,0.665,0.665,0.0,1.0
2013-08-09,0.662,0.662,0.0,1.0
2013-08-12,0.68,0.68,0.0,1.0
2013-08-13,0.682,0.682,0.0,1.0
2013-08-14,0.676,0.676,0.0,1.0
2013-08-15,0.677,0.677,0.0,1.0
2013-08-16,0.668,0.668,0.0,1.0
2013-08-19,0.67,0.67,0.0,1.0
2013-08-20,0.665,0.665,0.0,1.0
2013-08-21,0.659,0.659,0.0,1.0
2013-08-22,0.661,0.661,0.0,1.0
2013-08-23,0.653,0.653,0.0,1.0
2013-08-26,0.667,0.667,0.0,1.0
2013-08-27,0.66,0.66,0.0,1.0
2013-08-28,0.662,0.662,0.0,1.0
2013-08-29,0.662,0.662,0.0,1.0
2013-08-30,0.666,0.666,0.0,1.0
2013-09-02,0.668,0.668,0.0,1.0
2013-09-03,0.675,0.675,0.0,1.0
2013-09-04,0.674,0.674,0.0,1.0
2013-09-05,0.671,0.671,0.0,1.0
2013-09-06,0.671,0.671,0.0,1.0
2013-09-09,0.688,0.688,0.0,1.0
2013-09-10,0.697,0.697,0.0,1.0
2013-09-11,0.709,0.709,0.0,1.0
2013-09-12,0.707,0.707,0.0,1.0
2013-09-13,0.708,0.708,0.0,1.0
2013-09-16,0.7,0.7,0.0,1.0
2013-09-17,0.69,0.69,0.0,1.0
2013-09-18,0.683,0.683,0.0,1.0
2013-09-23,0.735,0.735,0.0,1.0
2013-09-24,0.692,0.692,0.0,1.0
2013-09-25,0.689,0.689,0.0,1.0
2013-09-26,0.678,0.678,0.0,1.0
2013-09-27,0.671,0.671,0.0,1.0
2013-09-30,0.677,0.677,0.0,1.0
2013-10-08,0.687,0.687,0.0,1.0
2013-10-09,0.686,0.686,0.0,1.0
2013-10-10,0.689,0.689,0.0,1.0
2013-10-11,0.698,0.698,0.0,1.0
2013-10-14,0.704,0.704,0.0,1.0
2013-10-15,0.701,0.701,0.0,1.0
2013-10-16,0.686,0.686,0.0,1.0
2013-10-17,0.666,0.666,0.0,1.0
2013-10-18,0.689,0.689,0.0,1.0
2013-10-21,0.707,0.707,0.0,1.0
2013-10-22,0.703,0.703,0.0,1.0
2013-10-23,0.692,0.692,0.0,1.0
2013-10-24,0.689,0.689,0.0,1.0
2013-10-25,0.686,0.686,0.0,1.0
2013-10-28,0.686,0.686,0.0,1.0
2013-10-29,0.68,0.68,0.0,1.0
2013-10-30,0.698,0.698,0.0,1.0
2013-10-31,0.698,0.698,0.0,1.0
2013-11-01,0.697,0.697,0.0,1.0
2013-11-04,0.692,0.692,0.0,1.0
2013-11-05,0.693,0.693,0.0,1.0
2013-11-06,0.625,0.625,0.0,1.0
2013-11-07,0.675,0.675,0.0,1.0
2013-11-08,0.676,0.676,0.0,1.0
2013-11-11,0.669,0.669,0.0,1.0
2013-11-12,0.678,0.678,0.0,1.0
2013-11-13,0.667,0.667,0.0,1.0
2013-11-14,0.663,0.663,0.0,1.0
2013-11-15,0.682,0.682,0.0,1.0
2013-11-18,0.7,0.7,0.0,1.0
2013-11-19,0.695,0.695,0.0,1.0
2013-11-20,0.716,0.716,0.0,1.0
2013-11-21,0.698,0.698,0.0,1.0
2013-11-22,0.69,0.69,0.0,1.0
2013-11-25,0.688,0.688,0.0,1.0
2013-11-26,0.678,0.678,0.0,1.0
2013-11-27,0.69,0.69,0.0,1.0
2013-11-28,0.705,0.705,0.0,1.0
2013-11-29,0.701,0.701,0.0,1.0
2013-12-02,0.697,0.697,0.0,1.0
2013-12-03,0.709,0.709,0.0,1.0
2013-12-04,0.72,0.72,0.0,1.0
2013-12-05,0.72,0.72,0.0,1.0
2013-12-06,0.719,0.719,0.0,1.0
2013-12-09,0.718,0.718,0.0,1.0
2013-12-10,0.72,0.72,0.0,1.0
2013-12-11,0.708,0.708,0.0,1.0
2013-12-12,0.705,0.705,0.0,1.0
2013-12-13,0.707,0.707,0.0,1.0
2013-12-16,0.713,0.713,0.0,1.0
2013-12-17,0.698,0.698,0.0,1.0
2013-12-18,0.698,0.698,0.0,1.0
2013-12-19,0.693,0.693,0.0,1.0
2013-12-20,0.686,0.686,0.0,1.0
2013-12-23,0.678,0.678,0.0,1.0
2013-12-24,0.684,0.684,0.0,1.0
2013-12-25,0.688,0.688,0.0,1.0
2013-12-26,0.677,0.677,0.0,1.0
2013-12-27,0.686,0.686,0.0,1.0
2013-12-30,0.687,0.687,0.0,1.0
2014-01-02,0.689,0.689,0.0,1.0
2014-01-03,0.72,0.72,0.0,1.0
2014-01-06,0.663,0.663,0.0,1.0
2014-01-07,0.659,0.659,0.0,1.0
2014-01-08,0.659,0.659,0.0,1.0
2014-01-09,0.652,0.652,0.0,1.0
2014-01-10,0.649,0.649,0.0,1.0
2014-01-13,0.635,0.635,0.0,1.0
2014-01-14,0.647,0.647,0.0,1.0
2014-01-15,0.646,0.646,0.0,1.0
2014-01-16,0.65,0.65,0.0,1.0
2014-01-17,0.64,0.64,0.0,1.0
2014-01-20,0.644,0.644,0.0,1.0
2014-01-21,0.652,0.652,0.0,1.0
2014-01-22,0.664,0.664,0.0,1.0
2014-01-23,0.665,0.665,0.0,1.0
2014-01-24,0.669,0.669,0.0,1.0
2014-01-27,0.656,0.656,0.0,1.0
2014-01-28,0.657,0.657,0.0,1.0
2014-01-29,0.656,0.656,0.0,1.0
2014-01-30,0.647,0.647,0.0,1.0
2014-02-07,0.647,0.647,0.0,1.0
2014-02-10,0.665,0.665,0.0,1.0
2014-02-11,0.67,0.67,0.0,1.0
2014-02-12,0.675,0.675,0.0,1.0
2014-02-13,0.671,0.671,0.0,1.0
2014-02-14,0.67,0.67,0.0,1.0
2014-02-17,0.672,0.672,0.0,1.0
2014-02-18,0.664,0.664,0.0,1.0
2014-02-19,0.671,0.671,0.0,1.0
2014-02-20,0.664,0.664,0.0,1.0
2014-02-21,0.655,0.655,0.0,1.0
2014-02-24,0.631,0.631,0.0,1.0
2014-02-25,0.616,0.616,0.0,1.0
2014-02-26,0.62,0.62,0.0,1.0
2014-02-27,0.609,0.609,0.0,1.0
2014-02-28,0.621,0.621,0.0,1.0
2014-03-03,0.624,0.624,0.0,1.0
2014-03-04,0.628,0.628,0.0,1.0
2014-03-05,0.623,0.623,0.0,1.0
2014-03-06,0.633,0.633,0.0,1.0
2014-03-07,0.625,0.625,0.0,1.0
2014-03-10,0.611,0.611,0.0,1.0
2014-03-11,0.618,0.618,0.0,1.0
2014-03-12,0.625,0.625,0.0,1.0
2014-03-13,0.63,0.63,0.0,1.0
2014-03-14,0.622,0.622,0.0,1.0
2014-03-17,0.63,0.63,0.0,1.0
2014-03-18,0.626,0.626,0.0,1.0
2014-03-19,0.622,0.622,0.0,1.0
2014-03-20,0.614,0.614,0.0,1.0
2014-03-21,0.631,0.631,0.0,1.0
2014-03-24,0.638,0.638,0.0,1.0
2014-03-25,0.635,0.635,0.0,1.0
2014-03-26,0.634,0.634,0.0,1.0
2014-03-27,0.639,0.639,0.0,1.0
2014-03-28,0.635,0.635,0.0,1.0
2014-03-31,0.636,0.636,0.0,1.0
2014-04-01,0.647,0.647,0.0,1.0
2014-04-02,0.649,0.649,0.0,1.0
2014-04-03,0.642,0.642,0.0,1.0
2014-04-04,0.646,0.646,0.0,1.0
2014-04-08,0.661,0.661,0.0,1.0
2014-04-09,0.657,0.657,0.0,1.0
2014-04-10,0.665,0.665,0.0,1.0
2014-04-11,0.668,0.668,0.0,1.0
2014-04-14,0.665,0.665,0.0,1.0
2014-04-15,0.654,0.654,0.0,1.0
2014-04-16,0.656,0.656,0.0,1.0
2014-04-17,0.652,0.652,0.0,1.0
2014-04-18,0.65,0.65,0.0,1.0
2014-04-21,0.644,0.644,0.0,1.0
2014-04-22,0.643,0.643,0.0,1.0
2014-04-23,0.645,0.645,0.0,1.0
2014-04-24,0.646,0.646,0.0,1.0
2014-04-25,0.643,0.643,0.0,1.0
2014-04-28,0.635,0.635,0.0,1.0
2014-04-29,0.64,0.64,0.0,1.0
2014-04-30,0.637,0.637,0.0,1.0
2014-05-05,0.637,0.637,0.0,1.0
2014-05-06,0.639,0.639,0.0,1.0
2014-05-07,0.633,0.633,0.0,1.0
2014-05-08,0.634,0.634,0.0,1.0
2014-05-09,0.63,0.63,0.0,1.0
2014-05-12,0.645,0.645,0.0,1.0
2014-05-13,0.643,0.643,0.0,1.0
2014-05-14,0.646,0.646,0.0,1.0
2014-05-15,0.636,0.636,0.0,1.0
2014-05-16,0.638,0.638,0.0,1.0
2014-05-19,0.632,0.632,0.0,1.0
2014-05-20,0.629,0.629,0.0,1.0
2014-05-21,0.632,0.632,0.0,1.0
2014-05-22,0.637,0.637,0.0,1.0
2014-05-23,0.641,0.641,0.0,1.0
2014-05-26,0.646,0.646,0.0,1.0
2014-05-27,0.643,0.643,0.0,1.0
2014-05-28,0.653,0.653,0.0,1.0
2014-05-29,0.652,0.652,0.0,1.0
2014-05-30,0.655,0.655,0.0,1.0
2014-06-03,0.65,0.65,0.0,1.0
2014-06-04,0.641,0.641,0.0,1.0
2014-06-05,0.648,0.648,0.0,1.0
2014-06-06,0.642,0.642,0.0,1.0
2014-06-09,0.646,0.646,0.0,1.0
2014-06-10,0.652,0.652,0.0,1.0
2014-06-11,0.653,0.653,0.0,1.0
2014-06-12,0.653,0.653,0.0,1.0
2014-06-13,0.66,0.66,0.0,1.0
2014-06-16,0.663,0.663,0.0,1.0
2014-06-17,0.654,0.654,0.0,1.0
2014-06-18,0.648,0.648,0.0,1.0
2014-06-19,0.637,0.637,0.0,1.0
2014-06-20,0.641,0.641,0.0,1.0
2014-06-23,0.639,0.639,0.0,1.0
2014-06-24,0.642,0.642,0.0,1.0
2014-06-25,0.642,0.642,0.0,1.0
2014-06-26,0.65,0.65,0.0,1.0
2014-06-27,0.656,0.656,0.0,1.0
2014-06-30,0.656,0.656,0.0,1.0
2014-07-01,0.652,0.652,0.0,1.0
2014-07-02,0.651,0.651,0.0,1.0
2014-07-03,0.657,0.657,0.0,1.0
2014-07-04,0.657,0.657,0.0,1.0
2014-07-07,0.659,0.659,0.0,1.0
2014-07-08,0.659,0.659,0.0,1.0
2014-07-09,0.655,0.655,0.0,1.0
2014-07-10,0.647,0.647,0.0,1.0
2014-07-11,0.652,0.652,0.0,1.0
2014-07-14,0.663,0.663,0.0,1.0
2014-07-15,0.666,0.666,0.0,1.0
2014-07-16,0.663,0.663,0.0,1.0
2014-07-17,0.659,0.659,0.0,1.0
2014-07-18,0.665,0.665,0.0,1.0
2014-07-21,0.669,0.669,0.0,1.0
2014-07-22,0.674,0.674,0.0,1.0
2014-07-23,0.677,0.677,0.0,1.0
2014-07-24,0.688,0.688,0.0,1.0
2014-07-25,0.695,0.695,0.0,1.0
2014-07-28,0.718,0.718,0.0,1.0
2014-07-29,0.719,0.719,0.0,1.0
2014-07-30,0.719,0.719,0.0,1.0
2014-07-31,0.728,0.728,0.0,1.0
2014-08-01,0.724,0.724,0.0,1.0
2014-08-04,0.733,0.733,0.0,1.0
2014-08-05,0.733,0.733,0.0,1.0
2014-08-06,0.733,0.733,0.0,1.0
2014-08-07,0.721,0.721,0.0,1.0
2014-08-08,0.722,0.722,0.0,1.0
2014-08-11,0.732,0.732,0.0,1.0
2014-08-12,0.727,0.727,0.0,1.0
2014-08-13,0.727,0.727,0.0,1.0
2014-08-14,0.721,0.721,0.0,1.0
2014-08-15,0.731,0.731,0.0,1.0
2014-08-18,0.73,0.73,0.0,1.0
2014-08-19,0.728,0.728,0.0,1.0
2014-08-20,0.728,0.728,0.0,1.0
2014-08-21,0.726,0.726,0.0,1.0
2014-08-22,0.733,0.733,0.0,1.0
2014-08-25,0.727,0.727,0.0,1.0
2014-08-26,0.714,0.714,0.0,1.0
2014-08-27,0.713,0.713,0.0,1.0
2014-08-28,0.707,0.707,0.0,1.0
2014-08-29,0.713,0.713,0.0,1.0
2014-09-01,0.721,0.721,0.0,1.0
2014-09-02,0.733,0.733,0.0,1.0
2014-09-03,0.74,0.74,0.0,1.0
2014-09-04,0.746,0.746,0.0,1.0
2014-09-05,0.748,0.748,0.0,1.0
2014-09-09,0.748,0.748,0.0,1.0
2014-09-10,0.742,0.742,0.0,1.0
2014-09-11,0.737,0.737,0.0,1.0
2014-09-12,0.741,0.741,0.0,1.0
2014-09-15,0.739,0.739,0.0,1.0
2014-09-16,0.723,0.723,0.0,1.0
2014-09-17,0.728,0.728,0.0,1.0
2014-09-18,0.731,0.731,0.0,1.0
2014-09-19,0.733,0.733,0.0,1.0
2014-09-22,0.723,0.723,0.0,1.0
2014-09-23,0.727,0.727,0.0,1.0
2014-09-24,0.742,0.742,0.0,1.0
2014-09-25,0.74,0.74,0.0,1.0
2014-09-26,0.736,0.736,0.0,1.0
2014-09-29,0.736,0.736,0.0,1.0
2014-09-30,0.735,0.735,0.0,1.0
2014-10-08,0.744,0.744,0.0,1.0
2014-10-09,0.747,0.747,0.0,1.0
2014-10-10,0.75,0.75,0.0,1.0
2014-10-13,0.747,0.747,0.0,1.0
2014-10-14,0.747,0.747,0.0,1.0
2014-10-15,0.752,0.752,0.0,1.0
2014-10-16,0.747,0.747,0.0,1.0
2014-10-17,0.745,0.745,0.0,1.0
2014-10-20,0.746,0.746,0.0,1.0
2014-10-21,0.739,0.739,0.0,1.0
2014-10-22,0.734,0.734,0.0,1.0
2014-10-23,0.727,0.727,0.0,1.0
2014-10-24,0.723,0.723,0.0,1.0
2014-10-27,0.712,0.712,0.0,1.0
2014-10-28,0.729,0.729,0.0,1.0
2014-10-29,0.743,0.743,0.0,1.0
2014-10-30,0.745,0.745,0.0,1.0
2014-10-31,0.756,0.756,0.0,1.0
2014-11-03,0.758,0.758,0.0,1.0
2014-11-04,0.76,0.76,0.0,1.0
2014-11-05,0.764,0.764,0.0,1.0
2014-11-06,0.764,0.764,0.0,1.0
2014-11-07,0.763,0.763,0.0,1.0
2014-11-10,0.785,0.785,0.0,1.0
2014-11-11,0.772,0.772,0.0,1.0
2014-11-12,0.787,0.787,0.0,1.0
2014-11-13,0.78,0.78,0.0,1.0
2014-11-14,0.779,0.779,0.0,1.0
2014-11-17,0.777,0.777,0.0,1.0
2014-11-18,0.768,0.768,0.0,1.0
2014-11-19,0.767,0.767,0.0,1.0
2014-11-20,0.766,0.766,0.0,1.0
2014-11-21,0.778,0.778,0.0,1.0
2014-11-24,0.811,0.811,0.0,1.0
2014-11-25,0.824,0.824,0.0,1.0
2014-11-26,0.829,0.829,0.0,1.0
2014-11-27,0.841,0.841,0.0,1.0
2014-11-28,0.849,0.849,0.0,1.0
2014-12-01,0.861,0.861,0.0,1.0
2014-12-02,0.891,0.891,0.0,1.0
2014-12-03,0.923,0.923,0.0,1.0
2014-12-04,0.975,0.975,0.0,1.0
2014-12-05,0.963,0.963,0.0,1.0
2014-12-08,1.03,1.03,0.0,1.0
2014-12-09,0.972,0.972,0.0,1.0
2014-12-10,1.029,1.029,0.0,1.0
2014-12-11,1.023,1.023,0.0,1.0
2014-12-12,1.019,1.019,0.0,1.0
2014-12-15,1.023,1.023,0.0,1.0
2014-12-16,1.047,1.047,0.0,1.0
2014-12-17,1.06,1.06,0.0,1.0
2014-12-18,1.046,1.046,0.0,1.0
2014-12-19,1.046,1.046,0.0,1.0
2014-12-22,1.034,1.034,0.0,1.0
2014-12-23,1.03,1.03,0.0,1.0
2014-12-24,0.997,0.997,0.0,1.0
2014-12-25,1.017,1.017,0.0,1.0
2014-12-26,1.056,1.056,0.0,1.0
2014-12-29,1.05,1.05,0.0,1.0
2014-12-30,1.047,1.047,0.0,1.0
2014-12-31,1.08,1.08,0.0,1.0
2015-01-05,1.124,1.124,0.0,1.0
2015-01-06,1.118,1.118,0.0,1.0
2015-01-07,1.119,1.119,0.0,1.0
2015-01-08,1.1,1.1,0.0,1.0
2015-01-09,1.089,1.089,0.0,1.0
2015-01-12,1.076,1.076,0.0,1.0
2015-01-13,1.082,1.082,0.0,1.0
2015-01-14,1.069,1.069,0.0,1.0
2015-01-15,1.097,1.097,0.0,1.0
2015-01-16,1.093,1.093,0.0,1.0
2015-01-19,1.012,1.012,0.0,1.0
2015-01-20,1.029,1.029,0.0,1.0
2015-01-21,1.072,1.072,0.0,1.0
2015-01-22,1.078,1.078,0.0,1.0
2015-01-23,1.08,1.08,0.0,1.0
2015-01-26,1.106,1.106,0.0,1.0
2015-01-27,1.091,1.091,0.0,1.0
2015-01-28,1.072,1.072,0.0,1.0
2015-01-29,1.06,1.06,0.0,1.0
2015-01-30,1.052,1.052,0.0,1.0
2015-02-02,1.026,1.026,0.0,1.0
2015-02-03,1.043,1.043,0.0,1.0
2015-02-04,1.038,1.038,0.0,1.0
2015-02-05,1.03,1.03,0.0,1.0
2015-02-06,1.001,1.001,0.0,1.0
2015-02-09,1.015,1.015,0.0,1.0
2015-02-10,1.036,1.036,0.0,1.0
2015-02-11,1.047,1.047,0.0,1.0
2015-02-12,1.054,1.054,0.0,1.0
2015-02-13,1.062,1.062,0.0,1.0
2015-02-16,1.071,1.071,0.0,1.0
2015-02-17,1.084,1.084,0.0,1.0
2015-02-25,1.071,1.071,0.0,1.0
2015-02-26,1.097,1.097,0.0,1.0
2015-02-27,1.09,1.09,0.0,1.0
2015-03-02,1.11,1.11,0.0,1.0
2015-03-03,1.079,1.079,0.0,1.0
2015-03-04,1.089,1.089,0.0,1.0
2015-03-05,1.078,1.078,0.0,1.0
2015-03-06,1.071,1.071,0.0,1.0
2015-03-09,1.078,1.078,0.0,1.0
2015-03-10,1.078,1.078,0.0,1.0
2015-03-11,1.079,1.079,0.0,1.0
2015-03-12,1.089,1.089,0.0,1.0
2015-03-13,1.095,1.095,0.0,1.0
2015-03-16,1.119,1.119,0.0,1.0
2015-03-17,1.143,1.143,0.0,1.0
2015-03-18,1.175,1.175,0.0,1.0
2015-03-19,1.17,1.17,0.0,1.0
2015-03-20,1.187,1.187,0.0,1.0
2015-03-23,1.206,1.206,0.0,1.0
2015-03-24,1.191,1.191,0.0,1.0
2015-03-25,1.189,1.189,0.0,1.0
2015-03-26,1.196,1.196,0.0,1.0
2015-03-27,1.214,1.214,0.0,1.0
2015-03-30,1.257,1.257,0.0,1.0
2015-03-31,1.249,1.249,0.0,1.0
2015-04-01,1.271,1.271,0.0,1.0
2015-04-02,1.266,1.266,0.0,1.0
2015-04-03,1.278,1.278,0.0,1.0
2015-04-07,1.3,1.3,0.0,1.0
2015-04-08,1.321,1.321,0.0,1.0
2015-04-09,1.321,1.321,0.0,1.0
2015-04-10,1.329,1.329,0.0,1.0
2015-04-13,1.331,1.331,0.0,1.0
2015-04-14,1.32,1.32,0.0,1.0
2015-04-15,1.279,1.279,0.0,1.0
2015-04-16,1.301,1.301,0.0,1.0
2015-04-17,1.331,1.331,0.0,1.0
2015-04-20,1.312,1.312,0.0,1.0
2015-04-21,1.364,1.364,0.0,1.0
2015-04-22,1.394,1.394,0.0,1.0
2015-04-23,1.39,1.39,0.0,1.0
2015-04-24,1.377,1.377,0.0,1.0
2015-04-27,1.396,1.396,0.0,1.0
2015-04-28,1.393,1.393,0.0,1.0
2015-04-29,1.391,1.391,0.0,1.0
2015-04-30,1.394,1.394,0.0,1.0
2015-05-04,1.391,1.391,0.0,1.0
2015-05-05,1.326,1.326,0.0,1.0
2015-05-06,1.302,1.302,0.0,1.0
2015-05-07,1.306,1.306,0.0,1.0
2015-05-08,1.325,1.325,0.0,1.0
2015-05-11,1.36,1.36,0.0,1.0
2015-05-12,1.362,1.362,0.0,1.0
2015-05-13,1.367,1.367,0.0,1.0
2015-05-14,1.364,1.364,0.0,1.0
2015-05-15,1.337,1.337,0.0,1.0
2015-05-18,1.322,1.322,0.0,1.0
2015-05-19,1.38,1.38,0.0,1.0
2015-05-20,1.385,1.385,0.0,1.0
2015-05-21,1.419,1.419,0.0,1.0
2015-05-22,1.44,1.44,0.0,1.0
2015-05-25,1.479,1.479,0.0,1.0
2015-05-26,1.52,1.52,0.0,1.0
2015-05-27,1.511,1.511,0.0,1.0
2015-05-28,1.42,1.42,0.0,1.0
2015-05-29,1.431,1.431,0.0,1.0
2015-06-01,1.5,1.5,0.0,1.0
2015-06-02,1.52,1.52,0.0,1.0
2015-06-03,1.53,1.53,0.0,1.0
2015-06-04,1.532,1.532,0.0,1.0
2015-06-05,1.567,1.567,0.0,1.0
2015-06-08,1.59,1.59,0.0,1.0
2015-06-09,1.576,1.576,0.0,1.0
2015-06-10,1.573,1.573,0.0,1.0
2015-06-11,1.579,1.579,0.0,1.0
2015-06-12,1.598,1.598,0.0,1.0
2015-06-15,1.573,1.573,0.0,1.0
2015-06-16,1.521,1.521,0.0,1.0
2015-06-17,1.54,1.54,0.0,1.0
2015-06-18,1.493,1.493,0.0,1.0
2015-06-19,1.408,1.408,0.0,1.0
2015-06-23,1.455,1.455,0.0,1.0
2015-06-24,1.483,1.483,0.0,1.0
2015-06-25,1.463,1.463,0.0,1.0
2015-06-26,1.341,1.341,0.0,1.0
2015-06-29,1.308,1.308,0.0,1.0
2015-06-30,1.395,1.395,0.0,1.0
2015-07-01,1.329,1.329,0.0,1.0
2015-07-02,1.276,1.276,0.0,1.0
2015-07-03,1.191,1.191,0.0,1.0
2015-07-06,1.223,1.223,0.0,1.0
2015-07-07,1.101,1.101,0.0,1.0
2015-07-08,0.991,0.991,0.0,1.0
2015-07-09,1.09,1.09,0.0,1.0
2015-07-10,1.199,1.199,0.0,1.0
2015-07-13,1.319,1.319,0.0,1.0
2015-07-14,1.315,1.315,0.0,1.0
2015-07-15,1.184,1.184,0.0,1.0
2015-07-16,1.195,1.195,0.0,1.0
2015-07-17,1.257,1.257,0.0,1.0
2015-07-20,1.251,1.251,0.0,1.0
2015-07-21,1.255,1.255,0.0,1.0
2015-07-22,1.246,1.246,0.0,1.0
2015-07-23,1.278,1.278,0.0,1.0
2015-07-24,1.25,1.25,0.0,1.0
2015-07-27,1.131,1.131,0.0,1.0
2015-07-28,1.147,1.147,0.0,1.0
2015-07-29,1.173,1.173,0.0,1.0
2015-07-30,1.147,1.147,0.0,1.0
2015-07-31,1.159,1.159,0.0,1.0
2015-08-03,1.189,1.189,0.0,1.0
2015-08-04,1.223,1.223,0.0,1.0
2015-08-05,1.206,1.206,0.0,1.0
2015-08-06,1.192,1.192,0.0,1.0
2015-08-07,1.2,1.2,0.0,1.0
2015-08-10,1.251,1.251,0.0,1.0
2015-08-11,1.254,1.254,0.0,1.0
2015-08-12,1.235,1.235,0.0,1.0
2015-08-13,1.251,1.251,0.0,1.0
2015-08-14,1.256,1.256,0.0,1.0
2015-08-17,1.252,1.252,0.0,1.0
2015-08-18,1.175,1.175,0.0,1.0
2015-08-19,1.197,1.197,0.0,1.0
2015-08-20,1.165,1.165,0.0,1.0
2015-08-21,1.102,1.102,0.0,1.0
2015-08-24,0.993,0.993,0.0,1.0
2015-08-25,0.894,0.894,0.0,1.0
2015-08-26,0.957,0.957,0.0,1.0
2015-08-27,0.989,0.989,0.0,1.0
2015-08-28,1.031,1.031,0.0,1.0
2015-08-31,1.024,1.024,0.0,1.0
2015-09-01,1.026,1.026,0.0,1.0
2015-09-02,1.027,1.027,0.0,1.0
2015-09-07,0.996,0.996,0.0,1.0
2015-09-08,1.01,1.01,0.0,1.0
2015-09-09,1.041,1.041,0.0,1.0
2015-09-10,1.021,1.021,0.0,1.0
2015-09-11,1.016,1.016,0.0,1.0
2015-09-14,0.971,0.971,0.0,1.0
2015-09-15,0.932,0.932,0.0,1.0
2015-09-16,0.979,0.979,0.0,1.0
2015-09-17,0.968,0.968,0.0,1.0
2015-09-18,0.965,0.965,0.0,1.0
2015-09-21,0.973,0.973,0.0,1.0
2015-09-22,0.983,0.983,0.0,1.0
2015-09-23,0.963,0.963,0.0,1.0
2015-09-24,0.973,0.973,0.0,1.0
2015-09-25,0.943,0.943,0.0,1.0
2015-09-28,0.945,0.945,0.0,1.0
2015-09-29,0.933,0.933,0.0,1.0
2015-09-30,0.934,0.934,0.0,1.0
2015-10-08,0.971,0.971,0.0,1.0
2015-10-09,0.985,0.985,0.0,1.0
2015-10-12,1.018,1.018,0.0,1.0
2015-10-13,1.012,1.012,0.0,1.0
2015-10-14,1.005,1.005,0.0,1.0
2015-10-15,1.022,1.022,0.0,1.0
2015-10-16,1.034,1.034,0.0,1.0
2015-10-19,1.035,1.035,0.0,1.0
2015-10-20,1.042,1.042,0.0,1.0
2015-10-21,1.014,1.014,0.0,1.0
2015-10-22,1.022,1.022,0.0,1.0
2015-10-23,1.058,1.058,0.0,1.0
2015-10-26,1.06,1.06,0.0,1.0
2015-10-27,1.052,1.052,0.0,1.0
2015-10-28,1.042,1.042,0.0,1.0
2015-10-29,1.043,1.043,0.0,1.0
2015-10-30,1.05,1.05,0.0,1.0
2015-11-02,1.033,1.033,0.0,1.0
2015-11-03,1.023,1.023,0.0,1.0
2015-11-04,1.07,1.07,0.0,1.0
2015-11-05,1.112,1.112,0.0,1.0
2015-11-06,1.128,1.128,0.0,1.0
2015-11-09,1.149,1.149,0.0,1.0
2015-11-10,1.141,1.141,0.0,1.0
2015-11-11,1.137,1.137,0.0,1.0
2015-11-12,1.128,1.128,0.0,1.0
2015-11-13,1.118,1.118,0.0,1.0
2015-11-16,1.112,1.112,0.0,1.0
2015-11-17,1.116,1.116,0.0,1.0
2015-11-18,1.12,1.12,0.0,1.0
2015-11-19,1.119,1.119,0.0,1.0
2015-11-20,1.12,1.12,0.0,1.0
2015-11-23,1.117,1.117,0.0,1.0
2015-11-24,1.109,1.109,0.0,1.0
2015-11-25,1.12,1.12,0.0,1.0
2015-11-26,1.13,1.13,0.0,1.0
2015-11-27,1.06,1.06,0.0,1.0
2015-11-30,1.07,1.07,0.0,1.0
2015-12-01,1.1,1.1,0.0,1.0
2015-12-02,1.161,1.161,0.0,1.0
2015-12-03,1.168,1.168,0.0,1.0
2015-12-04,1.165,1.165,0.0,1.0
2015-12-07,1.155,1.155,0.0,1.0
2015-12-08,1.132,1.132,0.0,1.0
2015-12-09,1.15,1.15,0.0,1.0
2015-12-10,1.145,1.145,0.0,1.0
2015-12-11,1.152,1.152,0.0,1.0
2015-12-14,1.182,1.182,0.0,1.0
2015-12-15,1.185,1.185,0.0,1.0
2015-12-16,1.175,1.175,0.0,1.0
2015-12-17,1.215,1.215,0.0,1.0
2015-12-18,1.232,1.232,0.0,1.0
2015-12-21,1.284,1.284,0.0,1.0
2015-12-22,1.285,1.285,0.0,1.0
2015-12-23,1.298,1.298,0.0,1.0
2015-12-24,1.274,1.274,0.0,1.0
2015-12-25,1.279,1.279,0.0,1.0
2015-12-28,1.245,1.245,0.0,1.0
2015-12-29,1.26,1.26,0.0,1.0
2015-12-30,1.256,1.256,0.0,1.0
2015-12-31,1.255,1.255,0.0,1.0
2016-01-04,1.188,1.188,0.0,1.0
2016-01-05,1.173,1.173,0.0,1.0
2016-01-06,1.183,1.183,0.0,1.0
2016-01-07,1.133,1.133,0.0,1.0
2016-01-08,1.137,1.137,0.0,1.0
2016-01-11,1.088,1.088,0.0,1.0
2016-01-12,1.096,1.096,0.0,1.0
2016-01-13,1.091,1.091,0.0,1.0
2016-01-14,1.1,1.1,0.0,1.0
2016-01-15,1.06,1.06,0.0,1.0
2016-01-18,1.046,1.046,0.0,1.0
2016-01-19,1.082,1.082,0.0,1.0
2016-01-20,1.076,1.076,0.0,1.0
2016-01-21,1.045,1.045,0.0,1.0
2016-01-22,1.045,1.045,0.0,1.0
2016-01-25,1.052,1.052,0.0,1.0
2016-01-26,1.02,1.02,0.0,1.0
2016-01-27,1.016,1.016,0.0,1.0
2016-01-28,0.975,0.975,0.0,1.0
2016-01-29,1.0,1.0,0.0,1.0
2016-02-01,1.006,1.006,0.0,1.0
2016-02-02,1.01,1.01,0.0,1.0
2016-02-03,1.003,1.003,0.0,1.0
2016-02-04,1.016,1.016,0.0,1.0
2016-02-05,1.006,1.006,0.0,1.0
2016-02-15,1.004,1.004,0.0,1.0
2016-02-16,1.04,1.04,0.0,1.0
2016-02-17,1.05,1.05,0.0,1.0
2016-02-18,1.052,1.052,0.0,1.0
2016-02-19,1.035,1.035,0.0,1.0
2016-02-22,1.044,1.044,0.0,1.0
2016-02-23,1.035,1.035,0.0,1.0
2016-02-24,1.039,1.039,0.0,1.0
2016-02-25,0.986,0.986,0.0,1.0
2016-02-26,1.004,1.004,0.0,1.0
2016-02-29,0.974,0.974,0.0,1.0
2016-03-01,0.996,0.996,0.0,1.0
2016-03-02,1.028,1.028,0.0,1.0
2016-03-03,1.027,1.027,0.0,1.0
2016-03-04,1.028,1.028,0.0,1.0
2016-03-07,1.04,1.04,0.0,1.0
2016-03-08,1.039,1.039,0.0,1.0
2016-03-09,1.026,1.026,0.0,1.0
2016-03-10,1.025,1.025,0.0,1.0
2016-03-11,1.022,1.022,0.0,1.0
2016-03-14,1.03,1.03,0.0,1.0
2016-03-15,1.034,1.034,0.0,1.0
2016-03-16,1.026,1.026,0.0,1.0
2016-03-17,1.041,1.041,0.0,1.0
2016-03-18,1.056,1.056,0.0,1.0
2016-03-21,1.078,1.078,0.0,1.0
2016-03-22,1.071,1.071,0.0,1.0
2016-03-23,1.074,1.074,0.0,1.0
2016-03-24,1.066,1.066,0.0,1.0
2016-03-25,1.06,1.06,0.0,1.0
2016-03-28,1.063,1.063,0.0,1.0
2016-03-29,1.035,1.035,0.0,1.0
2016-03-30,1.067,1.067,0.0,1.0
2016-03-31,1.073,1.073,0.0,1.0
2016-04-01,1.066,1.066,0.0,1.0
2016-04-05,1.085,1.085,0.0,1.0
2016-04-06,1.08,1.08,0.0,1.0
2016-04-07,1.065,1.065,0.0,1.0
2016-04-08,1.05,1.05,0.0,1.0
2016-04-11,1.07,1.07,0.0,1.0
2016-04-12,1.058,1.058,0.0,1.0
2016-04-13,1.07,1.07,0.0,1.0
2016-04-14,1.074,1.074,0.0,1.0
2016-04-15,1.08,1.08,0.0,1.0
2016-04-18,1.058,1.058,0.0,1.0
2016-04-19,1.064,1.064,0.0,1.0
2016-04-20,1.038,1.038,0.0,1.0
2016-04-21,1.044,1.044,0.0,1.0
2016-04-22,1.047,1.047,0.0,1.0
2016-04-25,1.044,1.044,0.0,1.0
2016-04-26,1.05,1.05,0.0,1.0
2016-04-27,1.05,1.05,0.0,1.0
2016-04-28,1.045,1.045,0.0,1.0
2016-04-29,1.051,1.051,0.0,1.0
2016-05-03,1.069,1.069,0.0,1.0
2016-05-04,1.069,1.069,0.0,1.0
2016-05-05,1.068,1.068,0.0,1.0
2016-05-06,1.051,1.051,0.0,1.0
2016-05-09,1.036,1.036,0.0,1.0
2016-05-10,1.04,1.04,0.0,1.0
2016-05-11,1.044,1.044,0.0,1.0
2016-05-12,1.043,1.043,0.0,1.0
2016-05-13,1.04,1.04,0.0,1.0
2016-05-16,1.044,1.044,0.0,1.0
2016-05-17,1.044,1.044,0.0,1.0
2016-05-18,1.031,1.031,0.0,1.0
2016-05-19,1.027,1.027,0.0,1.0
2016-05-20,1.031,1.031,0.0,1.0
2016-05-23,1.036,1.036,0.0,1.0
2016-05-24,1.032,1.032,0.0,1.0
2016-05-25,1.032,1.032,0.0,1.0
2016-05-26,1.029,1.029,0.0,1.0
2016-05-27,1.027,1.027,0.0,1.0
2016-05-30,1.027,1.027,0.0,1.0
2016-05-31,1.054,1.054,0.0,1.0
2016-06-01,1.053,1.053,0.0,1.0
2016-06-02,1.057,1.057,0.0,1.0
2016-06-03,1.072,1.072,0.0,1.0
2016-06-06,1.077,1.077,0.0,1.0
2016-06-07,1.071,1.071,0.0,1.0
2016-06-08,1.071,1.071,0.0,1.0
2016-06-13,1.041,1.041,0.0,1.0
2016-06-14,1.042,1.042,0.0,1.0
2016-06-15,1.057,1.057,0.0,1.0
2016-06-16,1.05,1.05,0.0,1.0
2016-06-17,1.063,1.063,0.0,1.0
2016-06-20,1.062,1.062,0.0,1.0
2016-06-21,1.059,1.059,0.0,1.0
2016-06-22,1.068,1.068,0.0,1.0
2016-06-23,1.06,1.06,0.0,1.0
2016-06-24,1.05,1.05,0.0,1.0
2016-06-27,1.065,1.065,0.0,1.0
2016-06-28,1.067,1.067,0.0,1.0
2016-06-29,1.065,1.065,0.0,1.0
2016-06-30,1.069,1.069,0.0,1.0
2016-07-01,1.064,1.064,0.0,1.0
2016-07-04,1.098,1.098,0.0,1.0
2016-07-05,1.093,1.093,0.0,1.0
2016-07-06,1.107,1.107,0.0,1.0
2016-07-07,1.102,1.102,0.0,1.0
2016-07-08,1.1,1.1,0.0,1.0
2016-07-11,1.12,1.12,0.0,1.0
2016-07-12,1.133,1.133,0.0,1.0
2016-07-13,1.138,1.138,0.0,1.0
2016-07-14,1.124,1.124,0.0,1.0
2016-07-15,1.133,1.133,0.0,1.0
2016-07-18,1.125,1.125,0.0,1.0
2016-07-19,1.11,1.11,0.0,1.0
2016-07-20,1.113,1.113,0.0,1.0
2016-07-21,1.116,1.116,0.0,1.0
2016-07-22,1.105,1.105,0.0,1.0
2016-07-25,1.11,1.11,0.0,1.0
2016-07-26,1.12,1.12,0.0,1.0
2016-07-27,1.099,1.099,0.0,1.0
2016-07-28,1.11,1.11,0.0,1.0
2016-07-29,1.118,1.118,0.0,1.0
2016-08-01,1.11,1.11,0.0,1.0
2016-08-02,1.107,1.107,0.0,1.0
2016-08-03,1.119,1.119,0.0,1.0
2016-08-04,1.129,1.129,0.0,1.0
2016-08-05,1.141,1.141,0.0,1.0
2016-08-08,1.148,1.148,0.0,1.0
2016-08-09,1.157,1.157,0.0,1.0
2016-08-10,1.144,1.144,0.0,1.0
2016-08-11,1.146,1.146,0.0,1.0
2016-08-12,1.172,1.172,0.0,1.0
2016-08-15,1.217,1.217,0.0,1.0
2016-08-16,1.235,1.235,0.0,1.0
2016-08-17,1.215,1.215,0.0,1.0
2016-08-18,1.217,1.217,0.0,1.0
2016-08-19,1.2,1.2,0.0,1.0
2016-08-22,1.196,1.196,0.0,1.0
2016-08-23,1.203,1.203,0.0,1.0
2016-08-24,1.187,1.187,0.0,1.0
2016-08-25,1.179,1.179,0.0,1.0
2016-08-26,1.171,1.171,0.0,1.0
2016-08-29,1.172,1.172,0.0,1.0
2016-08-30,1.172,1.172,0.0,1.0
2016-08-31,1.196,1.196,0.0,1.0
2016-09-01,1.172,1.172,0.0,1.0
2016-09-02,1.175,1.175,0.0,1.0
2016-09-05,1.18,1.18,0.0,1.0
2016-09-06,1.186,1.186,0.0,1.0
2016-09-07,1.183,1.183,0.0,1.0
2016-09-08,1.186,1.186,0.0,1.0
2016-09-09,1.176,1.176,0.0,1.0
2016-09-12,1.149,1.149,0.0,1.0
2016-09-13,1.149,1.149,0.0,1.0
2016-09-14,1.145,1.145,0.0,1.0
2016-09-19,1.152,1.152,0.0,1.0
2016-09-20,1.15,1.15,0.0,1.0
2016-09-21,1.159,1.159,0.0,1.0
2016-09-22,1.185,1.185,0.0,1.0
2016-09-23,1.172,1.172,0.0,1.0
2016-09-26,1.16,1.16,0.0,1.0
2016-09-27,1.163,1.163,0.0,1.0
2016-09-28,1.169,1.169,0.0,1.0
2016-09-29,1.171,1.171,0.0,1.0
2016-09-30,1.183,1.183,0.0,1.0
2016-10-10,1.187,1.187,0.0,1.0
2016-10-11,1.191,1.191,0.0,1.0
2016-10-12,1.189,1.189,0.0,1.0
2016-10-13,1.185,1.185,0.0,1.0
2016-10-14,1.184,1.184,0.0,1.0
2016-10-17,1.176,1.176,0.0,1.0
2016-10-18,1.185,1.185,0.0,1.0
2016-10-19,1.183,1.183,0.0,1.0
2016-10-20,1.185,1.185,0.0,1.0
2016-10-21,1.18,1.18,0.0,1.0
2016-10-24,1.199,1.199,0.0,1.0
2016-10-25,1.201,1.201,0.0,1.0
2016-10-26,1.202,1.202,0.0,1.0
2016-10-27,1.195,1.195,0.0,1.0
2016-10-28,1.193,1.193,0.0,1.0
2016-10-31,1.195,1.195,0.0,1.0
2016-11-01,1.205,1.205,0.0,1.0
2016-11-02,1.194,1.194,0.0,1.0
2016-11-03,1.199,1.199,0.0,1.0
2016-11-04,1.193,1.193,0.0,1.0
2016-11-07,1.187,1.187,0.0,1.0
2016-11-08,1.195,1.195,0.0,1.0
2016-11-09,1.2,1.2,0.0,1.0
2016-11-10,1.215,1.215,0.0,1.0
2016-11-11,1.216,1.216,0.0,1.0
2016-11-14,1.216,1.216,0.0,1.0
2016-11-15,1.227,1.227,0.0,1.0
2016-11-16,1.231,1.231,0.0,1.0
2016-11-17,1.234,1.234,0.0,1.0
2016-11-18,1.234,1.234,0.0,1.0
2016-11-21,1.232,1.232,0.0,1.0
2016-11-22,1.243,1.243,0.0,1.0
2016-11-23,1.259,1.259,0.0,1.0
2016-11-24,1.269,1.269,0.0,1.0
2016-11-25,1.281,1.281,0.0,1.0
2016-11-28,1.288,1.288,0.0,1.0
2016-11-29,1.3,1.3,0.0,1.0
2016-11-30,1.29,1.29,0.0,1.0
2016-12-01,1.311,1.311,0.0,1.0
2016-12-02,1.299,1.299,0.0,1.0
2016-12-05,1.265,1.265,0.0,1.0
2016-12-06,1.25,1.25,0.0,1.0
2016-12-07,1.247,1.247,0.0,1.0
2016-12-08,1.242,1.242,0.0,1.0
2016-12-09,1.249,1.249,0.0,1.0
2016-12-12,1.214,1.214,0.0,1.0
2016-12-13,1.21,1.21,0.0,1.0
2016-12-14,1.195,1.195,0.0,1.0
2016-12-15,1.178,1.178,0.0,1.0
2016-12-16,1.188,1.188,0.0,1.0
2016-12-19,1.189,1.189,0.0,1.0
2016-12-20,1.163,1.163,0.0,1.0
2016-12-21,1.176,1.176,0.0,1.0
2016-12-22,1.18,1.18,0.0,1.0
2016-12-23,1.16,1.16,0.0,1.0
2016-12-26,1.161,1.161,0.0,1.0
2016-12-27,1.178,1.178,0.0,1.0
2016-12-28,1.17,1.17,0.0,1.0
2016-12-29,1.168,1.168,0.0,1.0
2016-12-30,1.17,1.17,0.0,1.0
2017-01-03,1.183,1.183,0.0,1.0
2017-01-04,1.187,1.187,0.0,1.0
2017-01-05,1.19,1.19,0.0,1.0
2017-01-06,1.19,1.19,0.0,1.0
2017-01-09,1.182,1.182,0.0,1.0
2017-01-10,1.182,1.182,0.0,1.0
2017-01-11,1.182,1.182,0.0,1.0
2017-01-12,1.17,1.17,0.0,1.0
2017-01-13,1.168,1.168,0.0,1.0
2017-01-16,1.145,1.145,0.0,1.0
2017-01-17,1.154,1.154,0.0,1.0
2017-01-18,1.176,1.176,0.0,1.0
2017-01-19,1.167,1.167,0.0,1.0
2017-01-20,1.185,1.185,0.0,1.0
2017-01-23,1.188,1.188,0.0,1.0
2017-01-24,1.18,1.18,0.0,1.0
2017-01-25,1.183,1.183,0.0,1.0
2017-01-26,1.19,1.19,0.0,1.0
2017-02-03,1.183,1.183,0.0,1.0
2017-02-06,1.185,1.185,0.0,1.0
2017-02-07,1.19,1.19,0.0,1.0
2017-02-08,1.2,1.2,0.0,1.0
2017-02-09,1.203,1.203,0.0,1.0
2017-02-10,1.213,1.213,0.0,1.0
2017-02-13,1.239,1.239,0.0,1.0
2017-02-14,1.231,1.231,0.0,1.0
2017-02-15,1.235,1.235,0.0,1.0
2017-02-16,1.243,1.243,0.0,1.0
2017-02-17,1.247,1.247,0.0,1.0
2017-02-20,1.281,1.281,0.0,1.0
2017-02-21,1.268,1.268,0.0,1.0
2017-02-22,1.28,1.28,0.0,1.0
2017-02-23,1.268,1.268,0.0,1.0
2017-02-24,1.257,1.257,0.0,1.0
2017-02-27,1.246,1.246,0.0,1.0
2017-02-28,1.249,1.249,0.0,1.0
2017-03-01,1.256,1.256,0.0,1.0
2017-03-02,1.255,1.255,0.0,1.0
2017-03-03,1.246,1.246,0.0,1.0
2017-03-06,1.265,1.265,0.0,1.0
2017-03-07,1.26,1.26,0.0,1.0
2017-03-08,1.269,1.269,0.0,1.0
2017-03-09,1.252,1.252,0.0,1.0
2017-03-10,1.268,1.268,0.0,1.0
2017-03-13,1.274,1.274,0.0,1.0
2017-03-14,1.276,1.276,0.0,1.0
2017-03-15,1.285,1.285,0.0,1.0
2017-03-16,1.285,1.285,0.0,1.0
2017-03-17,1.267,1.267,0.0,1.0
2017-03-20,1.278,1.278,0.0,1.0
2017-03-21,1.288,1.288,0.0,1.0
2017-03-22,1.296,1.296,0.0,1.0
2017-03-23,1.296,1.296,0.0,1.0
2017-03-24,1.306,1.306,0.0,1.0
2017-03-27,1.293,1.293,0.0,1.0
2017-03-28,1.291,1.291,0.0,1.0
2017-03-29,1.288,1.288,0.0,1.0
2017-03-30,1.274,1.274,0.0,1.0
2017-03-31,1.287,1.287,0.0,1.0
2017-04-05,1.294,1.294,0.0,1.0
2017-04-06,1.305,1.305,0.0,1.0
2017-04-07,1.31,1.31,0.0,1.0
2017-04-10,1.295,1.295,0.0,1.0
2017-04-11,1.29,1.29,0.0,1.0
2017-04-12,1.3,1.3,0.0,1.0
2017-04-13,1.307,1.307,0.0,1.0
2017-04-14,1.295,1.295,0.0,1.0
2017-04-17,1.292,1.292,0.0,1.0
2017-04-18,1.31,1.31,0.0,1.0
2017-04-19,1.309,1.309,0.0,1.0
2017-04-20,1.325,1.325,0.0,1.0
2017-04-21,1.312,1.312,0.0,1.0
2017-04-24,1.29,1.29,0.0,1.0
2017-04-25,1.309,1.309,0.0,1.0
2017-04-26,1.31,1.31,0.0,1.0
2017-04-27,1.33,1.33,0.0,1.0
2017-04-28,1.291,1.291,0.0,1.0
2017-05-02,1.285,1.285,0.0,1.0
2017-05-03,1.282,1.282,0.0,1.0
2017-05-04,1.28,1.28,0.0,1.0
2017-05-05,1.272,1.272,0.0,1.0
2017-05-08,1.252,1.252,0.0,1.0
2017-05-09,1.249,1.249,0.0,1.0
2017-05-10,1.257,1.257,0.0,1.0
2017-05-11,1.273,1.273,0.0,1.0
2017-05-12,1.278,1.278,0.0,1.0
2017-05-15,1.288,1.288,0.0,1.0
2017-05-16,1.306,1.306,0.0,1.0
2017-05-17,1.292,1.292,0.0,1.0
2017-05-18,1.289,1.289,0.0,1.0
2017-05-19,1.296,1.296,0.0,1.0
2017-05-22,1.296,1.296,0.0,1.0
2017-05-23,1.311,1.311,0.0,1.0
2017-05-24,1.301,1.301,0.0,1.0
2017-05-25,1.325,1.325,0.0,1.0
2017-05-26,1.314,1.314,0.0,1.0
2017-05-31,1.33,1.33,0.0,1.0
2017-06-01,1.329,1.329,0.0,1.0
2017-06-02,1.317,1.317,0.0,1.0
2017-06-05,1.313,1.313,0.0,1.0
2017-06-06,1.336,1.336,0.0,1.0
2017-06-07,1.351,1.351,0.0,1.0
2017-06-08,1.37,1.37,0.0,1.0
2017-06-09,1.381,1.381,0.0,1.0
2017-06-12,1.387,1.387,0.0,1.0
2017-06-13,1.399,1.399,0.0,1.0
2017-06-14,1.388,1.388,0.0,1.0
2017-06-15,1.373,1.373,0.0,1.0
2017-06-16,1.368,1.368,0.0,1.0
2017-06-19,1.39,1.39,0.0,1.0
2017-06-20,1.388,1.388,0.0,1.0
2017-06-21,1.413,1.413,0.0,1.0
2017-06-22,1.42,1.42,0.0,1.0
2017-06-23,1.462,1.462,0.0,1.0
2017-06-26,1.484,1.484,0.0,1.0
2017-06-27,1.486,1.486,0.0,1.0
2017-06-28,1.465,1.465,0.0,1.0
2017-06-29,1.47,1.47,0.0,1.0
2017-06-30,1.476,1.476,0.0,1.0
2017-07-03,1.446,1.446,0.0,1.0
2017-07-04,1.429,1.429,0.0,1.0
2017-07-05,1.454,1.454,0.0,1.0
2017-07-06,1.449,1.449,0.0,1.0
2017-07-07,1.441,1.441,0.0,1.0
2017-07-10,1.441,1.441,0.0,1.0
2017-07-11,1.47,1.47,0.0,1.0
2017-07-12,1.459,1.459,0.0,1.0
2017-07-13,1.467,1.467,0.0,1.0
2017-07-14,1.477,1.477,0.0,1.0
2017-07-17,1.454,1.454,0.0,1.0
2017-07-18,1.451,1.451,0.0,1.0
2017-07-19,1.478,1.478,0.0,1.0
2017-07-20,1.496,1.496,0.0,1.0
2017-07-21,1.49,1.49,0.0,1.0
2017-07-24,1.503,1.503,0.0,1.0
2017-07-25,1.488,1.488,0.0,1.0
2017-07-26,1.467,1.467,0.0,1.0
2017-07-27,1.46,1.46,0.0,1.0
2017-07-28,1.474,1.474,0.0,1.0
2017-07-31,1.477,1.477,0.0,1.0
2017-08-01,1.485,1.485,0.0,1.0
2017-08-02,1.479,1.479,0.0,1.0
2017-08-03,1.463,1.463,0.0,1.0
2017-08-04,1.451,1.451,0.0,1.0
2017-08-07,1.463,1.463,0.0,1.0
2017-08-08,1.459,1.459,0.0,1.0
2017-08-09,1.475,1.475,0.0,1.0
2017-08-10,1.468,1.468,0.0,1.0
2017-08-11,1.425,1.425,0.0,1.0
2017-08-14,1.44,1.44,0.0,1.0
2017-08-15,1.443,1.443,0.0,1.0
2017-08-16,1.434,1.434,0.0,1.0
2017-08-17,1.438,1.438,0.0,1.0
2017-08-18,1.447,1.447,0.0,1.0
2017-08-21,1.46,1.46,0.0,1.0
2017-08-22,1.46,1.46,0.0,1.0
2017-08-23,1.466,1.466,0.0,1.0
2017-08-24,1.463,1.463,0.0,1.0
2017-08-25,1.477,1.477,0.0,1.0
2017-08-28,1.5,1.5,0.0,1.0
2017-08-29,1.494,1.494,0.0,1.0
2017-08-30,1.5,1.5,0.0,1.0
2017-08-31,1.487,1.487,0.0,1.0
2017-09-01,1.48,1.48,0.0,1.0
2017-09-04,1.488,1.488,0.0,1.0
2017-09-05,1.495,1.495,0.0,1.0
2017-09-06,1.491,1.491,0.0,1.0
2017-09-07,1.497,1.497,0.0,1.0
2017-09-08,1.487,1.487,0.0,1.0
2017-09-11,1.488,1.488,0.0,1.0
2017-09-12,1.484,1.484,0.0,1.0
2017-09-13,1.503,1.503,0.0,1.0
2017-09-14,1.509,1.509,0.0,1.0
2017-09-15,1.528,1.528,0.0,1.0
2017-09-18,1.534,1.534,0.0,1.0
2017-09-19,1.522,1.522,0.0,1.0
2017-09-20,1.541,1.541,0.0,1.0
2017-09-21,1.545,1.545,0.0,1.0
2017-09-22,1.55,1.55,0.0,1.0
2017-09-25,1.531,1.531,0.0,1.0
2017-09-26,1.524,1.524,0.0,1.0
2017-09-27,1.536,1.536,0.0,1.0
2017-09-28,1.542,1.542,0.0,1.0
2017-09-29,1.537,1.537,0.0,1.0
2017-10-09,1.57,1.57,0.0,1.0
2017-10-10,1.58,1.58,0.0,1.0
2017-10-11,1.594,1.594,0.0,1.0
2017-10-12,1.593,1.593,0.0,1.0
2017-10-13,1.596,1.596,0.0,1.0
2017-10-16,1.587,1.587,0.0,1.0
2017-10-17,1.589,1.589,0.0,1.0
2017-10-18,1.64,1.64,0.0,1.0
2017-10-19,1.605,1.605,0.0,1.0
2017-10-20,1.599,1.599,0.0,1.0
2017-10-23,1.596,1.596,0.0,1.0
2017-10-24,1.616,1.616,0.0,1.0
2017-10-25,1.632,1.632,0.0,1.0
2017-10-26,1.645,1.645,0.0,1.0
2017-10-27,1.66,1.66,0.0,1.0
2017-10-30,1.658,1.658,0.0,1.0
2017-10-31,1.654,1.654,0.0,1.0
2017-11-01,1.645,1.645,0.0,1.0
2017-11-02,1.66,1.66,0.0,1.0
2017-11-03,1.648,1.648,0.0,1.0
2017-11-06,1.676,1.676,0.0,1.0
2017-11-07,1.695,1.695,0.0,1.0
2017-11-08,1.688,1.688,0.0,1.0
2017-11-09,1.704,1.704,0.0,1.0
2017-11-10,1.734,1.734,0.0,1.0
2017-11-13,1.75,1.75,0.0,1.0
2017-11-14,1.718,1.718,0.0,1.0
2017-11-15,1.729,1.729,0.0,1.0
2017-11-16,1.75,1.75,0.0,1.0
2017-11-17,1.739,1.739,0.0,1.0
2017-11-20,1.752,1.752,0.0,1.0
2017-11-21,1.82,1.82,0.0,1.0
2017-11-22,1.804,1.804,0.0,1.0
2017-11-23,1.73,1.73,0.0,1.0
2017-11-24,1.754,1.754,0.0,1.0
2017-11-27,1.7,1.7,0.0,1.0
2017-11-28,1.702,1.702,0.0,1.0
2017-11-29,1.692,1.692,0.0,1.0
2017-11-30,1.665,1.665,0.0,1.0
2017-12-01,1.661,1.661,0.0,1.0
2017-12-04,1.67,1.67,0.0,1.0
2017-12-05,1.673,1.673,0.0,1.0
2017-12-06,1.66,1.66,0.0,1.0
2017-12-07,1.631,1.631,0.0,1.0
2017-12-08,1.648,1.648,0.0,1.0
2017-12-11,1.701,1.701,0.0,1.0
2017-12-12,1.69,1.69,0.0,1.0
2017-12-13,1.719,1.719,0.0,1.0
2017-12-14,1.714,1.714,0.0,1.0
2017-12-15,1.68,1.68,0.0,1.0
2017-12-18,1.692,1.692,0.0,1.0
2017-12-19,1.722,1.722,0.0,1.0
2017-12-20,1.718,1.718,0.0,1.0
2017-12-21,1.748,1.748,0.0,1.0
2017-12-22,1.743,1.743,0.0,1.0
2017-12-25,1.75,1.75,0.0,1.0
2017-12-26,1.741,1.741,0.0,1.0
2017-12-27,1.711,1.711,0.0,1.0
2017-12-28,1.734,1.734,0.0,1.0
2017-12-29,1.736,1.736,0.0,1.0
2018-01-02,1.775,1.775,0.0,1.0
2018-01-03,1.775,1.775,0.0,1.0
2018-01-04,1.798,1.798,0.0,1.0
2018-01-05,1.82,1.82,0.0,1.0
2018-01-08,1.83,1.83,0.0,1.0
2018-01-09,1.855,1.855,0.0,1.0
2018-01-10,1.883,1.883,0.0,1.0
2018-01-11,1.861,1.861,0.0,1.0
2018-01-12,1.896,1.896,0.0,1.0
2018-01-15,1.91,1.91,0.0,1.0
2018-01-16,1.954,1.954,0.0,1.0
2018-01-17,1.91,1.91,0.0,1.0
2018-01-18,1.92,1.92,0.0,1.0
2018-01-19,1.904,1.904,0.0,1.0
2018-01-22,1.968,1.968,0.0,1.0
2018-01-23,1.984,1.984,0.0,1.0
2018-01-24,1.962,1.962,0.0,1.0
2018-01-25,1.947,1.947,0.0,1.0
2018-01-26,1.962,1.962,0.0,1.0
2018-01-29,1.903,1.903,0.0,1.0
2018-01-30,1.866,1.866,0.0,1.0
2018-01-31,1.892,1.892,0.0,1.0
2018-02-01,1.867,1.867,0.0,1.0
2018-02-02,1.873,1.873,0.0,1.0
2018-02-05,1.845,1.845,0.0,1.0
2018-02-06,1.803,1.803,0.0,1.0
2018-02-07,1.71,1.71,0.0,1.0
2018-02-08,1.724,1.724,0.0,1.0
2018-02-09,1.647,1.647,0.0,1.0
2018-02-12,1.707,1.707,0.0,1.0
2018-02-13,1.73,1.73,0.0,1.0
2018-02-14,1.752,1.752,0.0,1.0
2018-02-22,1.804,1.804,0.0,1.0
2018-02-23,1.793,1.793,0.0,1.0
2018-02-26,1.798,1.798,0.0,1.0
2018-02-27,1.749,1.749,0.0,1.0
2018-02-28,1.742,1.742,0.0,1.0
2018-03-01,1.74,1.74,0.0,1.0
2018-03-02,1.74,1.74,0.0,1.0
2018-03-05,1.726,1.726,0.0,1.0
2018-03-06,1.755,1.755,0.0,1.0
2018-03-07,1.738,1.738,0.0,1.0
2018-03-08,1.785,1.785,0.0,1.0
2018-03-09,1.794,1.794,0.0,1.0
2018-03-12,1.792,1.792,0.0,1.0
2018-03-13,1.776,1.776,0.0,1.0
2018-03-14,1.774,1.774,0.0,1.0
2018-03-15,1.786,1.786,0.0,1.0
2018-03-16,1.767,1.767,0.0,1.0
2018-03-19,1.765,1.765,0.0,1.0
2018-03-20,1.754,1.754,0.0,1.0
2018-03-21,1.74,1.74,0.0,1.0
2018-03-22,1.708,1.708,0.0,1.0
2018-03-23,1.663,1.663,0.0,1.0
2018-03-26,1.646,1.646,0.0,1.0
2018-03-27,1.648,1.648,0.0,1.0
2018-03-28,1.614,1.614,0.0,1.0
2018-03-29,1.675,1.675,0.0,1.0
2018-03-30,1.66,1.66,0.0,1.0
2018-04-02,1.64,1.64,0.0,1.0
2018-04-03,1.638,1.638,0.0,1.0
2018-04-04,1.648,1.648,0.0,1.0
2018-04-09,1.632,1.632,0.0,1.0
2018-04-10,1.672,1.672,0.0,1.0
2018-04-11,1.68,1.68,0.0,1.0
2018-04-12,1.665,1.665,0.0,1.0
2018-04-13,1.646,1.646,0.0,1.0
2018-04-16,1.61,1.61,0.0,1.0
2018-04-17,1.599,1.599,0.0,1.0
2018-04-18,1.598,1.598,0.0,1.0
2018-04-19,1.63,1.63,0.0,1.0
2018-04-20,1.616,1.616,0.0,1.0
2018-04-23,1.626,1.626,0.0,1.0
2018-04-24,1.662,1.662,0.0,1.0
2018-04-25,1.649,1.649,0.0,1.0
2018-04-26,1.598,1.598,0.0,1.0
2018-04-27,1.596,1.596,0.0,1.0
2018-05-02,1.594,1.594,0.0,1.0
2018-05-03,1.606,1.606,0.0,1.0
2018-05-04,1.605,1.605,0.0,1.0
2018-05-07,1.632,1.632,0.0,1.0
2018-05-08,1.661,1.661,0.0,1.0
2018-05-09,1.66,1.66,0.0,1.0
2018-05-10,1.667,1.667,0.0,1.0
2018-05-11,1.657,1.657,0.0,1.0
2018-05-14,1.674,1.674,0.0,1.0
2018-05-15,1.679,1.679,0.0,1.0
2018-05-16,1.661,1.661,0.0,1.0
2018-05-17,1.648,1.648,0.0,1.0
2018-05-18,1.659,1.659,0.0,1.0
2018-05-21,1.664,1.664,0.0,1.0
2018-05-22,1.65,1.65,0.0,1.0
2018-05-23,1.631,1.631,0.0,1.0
2018-05-24,1.616,1.616,0.0,1.0
2018-05-25,1.61,1.61,0.0,1.0
2018-05-28,1.628,1.628,0.0,1.0
2018-05-29,1.614,1.614,0.0,1.0
2018-05-30,1.598,1.598,0.0,1.0
2018-05-31,1.628,1.628,0.0,1.0
2018-06-01,1.618,1.618,0.0,1.0
2018-06-04,1.645,1.645,0.0,1.0
2018-06-05,1.66,1.66,0.0,1.0
2018-06-06,1.654,1.654,0.0,1.0
2018-06-07,1.658,1.658,0.0,1.0
2018-06-08,1.639,1.639,0.0,1.0
2018-06-11,1.654,1.654,0.0,1.0
2018-06-12,1.687,1.687,0.0,1.0
2018-06-13,1.671,1.671,0.0,1.0
2018-06-14,1.653,1.653,0.0,1.0
2018-06-15,1.65,1.65,0.0,1.0
2018-06-19,1.579,1.579,0.0,1.0
2018-06-20,1.595,1.595,0.0,1.0
2018-06-21,1.572,1.572,0.0,1.0
2018-06-22,1.571,1.571,0.0,1.0
2018-06-25,1.568,1.568,0.0,1.0
2018-06-26,1.541,1.541,0.0,1.0
2018-06-27,1.504,1.504,0.0,1.0
2018-06-28,1.473,1.473,0.0,1.0
2018-06-29,1.516,1.516,0.0,1.0
2018-07-02,1.461,1.461,0.0,1.0
2018-07-03,1.454,1.454,0.0,1.0
2018-07-04,1.42,1.42,0.0,1.0
2018-07-05,1.408,1.408,0.0,1.0
2018-07-06,1.422,1.422,0.0,1.0
2018-07-09,1.474,1.474,0.0,1.0
2018-07-10,1.475,1.475,0.0,1.0
2018-07-11,1.451,1.451,0.0,1.0
2018-07-12,1.486,1.486,0.0,1.0
2018-07-13,1.491,1.491,0.0,1.0
2018-07-16,1.49,1.49,0.0,1.0
2018-07-17,1.476,1.476,0.0,1.0
2018-07-18,1.461,1.461,0.0,1.0
2018-07-19,1.466,1.466,0.0,1.0
2018-07-20,1.482,1.482,0.0,1.0
2018-07-23,1.483,1.483,0.0,1.0
2018-07-24,1.516,1.516,0.0,1.0
2018-07-25,1.51,1.51,0.0,1.0
2018-07-26,1.498,1.498,0.0,1.0
2018-07-27,1.487,1.487,0.0,1.0
2018-07-30,1.47,1.47,0.0,1.0
2018-07-31,1.476,1.476,0.0,1.0
2018-08-01,1.443,1.443,0.0,1.0
2018-08-02,1.398,1.398,0.0,1.0
2018-08-03,1.357,1.357,0.0,1.0
2018-08-06,1.336,1.336,0.0,1.0
2018-08-07,1.378,1.378,0.0,1.0
2018-08-08,1.354,1.354,0.0,1.0
2018-08-09,1.394,1.394,0.0,1.0
2018-08-10,1.398,1.398,0.0,1.0
2018-08-13,1.389,1.389,0.0,1.0
2018-08-14,1.38,1.38,0.0,1.0
2018-08-15,1.357,1.357,0.0,1.0
2018-08-16,1.358,1.358,0.0,1.0
2018-08-17,1.325,1.325,0.0,1.0
2018-08-20,1.344,1.344,0.0,1.0
2018-08-21,1.367,1.367,0.0,1.0
2018-08-22,1.356,1.356,0.0,1.0
2018-08-23,1.36,1.36,0.0,1.0
2018-08-24,1.365,1.365,0.0,1.0
2018-08-27,1.399,1.399,0.0,1.0
2018-08-28,1.401,1.401,0.0,1.0
2018-08-29,1.393,1.393,0.0,1.0
2018-08-30,1.384,1.384,0.0,1.0
2018-08-31,1.379,1.379,0.0,1.0
2018-09-03,1.365,1.365,0.0,1.0
2018-09-04,1.382,1.382,0.0,1.0
2018-09-05,1.364,1.364,0.0,1.0
2018-09-06,1.338,1.338,0.0,1.0
2018-09-07,1.336,1.336,0.0,1.0
2018-09-10,1.324,1.324,0.0,1.0
2018-09-11,1.327,1.327,0.0,1.0
2018-09-12,1.309,1.309,0.0,1.0
2018-09-13,1.318,1.318,0.0,1.0
2018-09-14,1.326,1.326,0.0,1.0
2018-09-17,1.319,1.319,0.0,1.0
2018-09-18,1.34,1.34,0.0,1.0
2018-09-19,1.364,1.364,0.0,1.0
2018-09-20,1.364,1.364,0.0,1.0
2018-09-21,1.402,1.402,0.0,1.0
2018-09-25,1.389,1.389,0.0,1.0
2018-09-26,1.405,1.405,0.0,1.0
2018-09-27,1.399,1.399,0.0,1.0
2018-09-28,1.407,1.407,0.0,1.0
2018-10-08,1.348,1.348,0.0,1.0
2018-10-09,1.35,1.35,0.0,1.0
2018-10-10,1.33,1.33,0.0,1.0
2018-10-11,1.283,1.283,0.0,1.0
2018-10-12,1.303,1.303,0.0,1.0
2018-10-15,1.288,1.288,0.0,1.0
2018-10-16,1.271,1.271,0.0,1.0
2018-10-17,1.286,1.286,0.0,1.0
2018-10-18,1.261,1.261,0.0,1.0
2018-10-19,1.29,1.29,0.0,1.0
2018-10-22,1.349,1.349,0.0,1.0
2018-10-23,1.314,1.314,0.0,1.0
2018-10-24,1.31,1.31,0.0,1.0
2018-10-25,1.309,1.309,0.0,1.0
2018-10-26,1.312,1.312,0.0,1.0
2018-10-29,1.253,1.253,0.0,1.0
2018-10-30,1.257,1.257,0.0,1.0
2018-10-31,1.272,1.272,0.0,1.0
2018-11-01,1.295,1.295,0.0,1.0
2018-11-02,1.349,1.349,0.0,1.0
2018-11-05,1.338,1.338,0.0,1.0
2018-11-06,1.329,1.329,0.0,1.0
2018-11-07,1.325,1.325,0.0,1.0
2018-11-08,1.323,1.323,0.0,1.0
2018-11-09,1.31,1.31,0.0,1.0
2018-11-12,1.329,1.329,0.0,1.0
2018-11-13,1.35,1.35,0.0,1.0
2018-11-14,1.337,1.337,0.0,1.0
2018-11-15,1.346,1.346,0.0,1.0
2018-11-16,1.362,1.362,0.0,1.0
2018-11-19,1.384,1.384,0.0,1.0
2018-11-20,1.34,1.34,0.0,1.0
2018-11-21,1.344,1.344,0.0,1.0
2018-11-22,1.345,1.345,0.0,1.0
2018-11-23,1.319,1.319,0.0,1.0
2018-11-26,1.319,1.319,0.0,1.0
2018-11-27,1.312,1.312,0.0,1.0
2018-11-28,1.338,1.338,0.0,1.0
2018-11-29,1.318,1.318,0.0,1.0
2018-11-30,1.332,1.332,0.0,1.0
2018-12-03,1.377,1.377,0.0,1.0
2018-12-04,1.371,1.371,0.0,1.0
2018-12-05,1.367,1.367,0.0,1.0
2018-12-06,1.337,1.337,0.0,1.0
2018-12-07,1.339,1.339,0.0,1.0
2018-12-10,1.32,1.32,0.0,1.0
2018-12-11,1.322,1.322,0.0,1.0
2018-12-12,1.333,1.333,0.0,1.0
2018-12-13,1.362,1.362,0.0,1.0
2018-12-14,1.342,1.342,0.0,1.0
2018-12-17,1.337,1.337,0.0,1.0
2018-12-18,1.323,1.323,0.0,1.0
2018-12-19,1.31,1.31,0.0,1.0
2018-12-20,1.307,1.307,0.0,1.0
2018-12-21,1.283,1.283,0.0,1.0
2018-12-24,1.291,1.291,0.0,1.0
2018-12-25,1.286,1.286,0.0,1.0
2018-12-26,1.28,1.28,0.0,1.0
2018-12-27,1.273,1.273,0.0,1.0
2018-12-28,1.282,1.282,0.0,1.0
2019-01-02,1.266,1.266,0.0,1.0
2019-01-03,1.266,1.266,0.0,1.0
2019-01-04,1.299,1.299,0.0,1.0
2019-01-07,1.31,1.31,0.0,1.0
2019-01-08,1.308,1.308,0.0,1.0
2019-01-09,1.331,1.331,0.0,1.0
2019-01-10,1.335,1.335,0.0,1.0
2019-01-11,1.346,1.346,0.0,1.0
2019-01-14,1.335,1.335,0.0,1.0
2019-01-15,1.365,1.365,0.0,1.0
2019-01-16,1.37,1.37,0.0,1.0
2019-01-17,1.355,1.355,0.0,1.0
2019-01-18,1.378,1.378,0.0,1.0
2019-01-21,1.384,1.384,0.0,1.0
2019-01-22,1.363,1.363,0.0,1.0
2019-01-23,1.367,1.367,0.0,1.0
2019-01-24,1.377,1.377,0.0,1.0
2019-01-25,1.389,1.389,0.0,1.0
2019-01-28,1.398,1.398,0.0,1.0
2019-01-29,1.414,1.414,0.0,1.0
2019-01-30,1.4,1.4,0.0,1.0
2019-01-31,1.424,1.424,0.0,1.0
2019-02-01,1.448,1.448,0.0,1.0
2019-02-11,1.487,1.487,0.0,1.0
2019-02-12,1.495,1.495,0.0,1.0
2019-02-13,1.524,1.524,0.0,1.0
2019-02-14,1.527,1.527,0.0,1.0
2019-02-15,1.496,1.496,0.0,1.0
2019-02-18,1.549,1.549,0.0,1.0
2019-02-19,1.554,1.554,0.0,1.0
2019-02-20,1.561,1.561,0.0,1.0
2019-02-21,1.554,1.554,0.0,1.0
2019-02-22,1.579,1.579,0.0,1.0
2019-02-25,1.678,1.678,0.0,1.0
2019-02-26,1.636,1.636,0.0,1.0
2019-02-27,1.634,1.634,0.0,1.0
2019-02-28,1.623,1.623,0.0,1.0
2019-03-01,1.665,1.665,0.0,1.0
2019-03-04,1.71,1.71,0.0,1.0
2019-03-05,1.74,1.74,0.0,1.0
2019-03-06,1.747,1.747,0.0,1.0
2019-03-07,1.716,1.716,0.0,1.0
2019-03-08,1.661,1.661,0.0,1.0
2019-03-11,1.703,1.703,0.0,1.0
2019-03-12,1.72,1.72,0.0,1.0
2019-03-13,1.69,1.69,0.0,1.0
2019-03-14,1.672,1.672,0.0,1.0
2019-03-15,1.709,1.709,0.0,1.0
2019-03-18,1.774,1.774,0.0,1.0
2019-03-19,1.763,1.763,0.0,1.0
2019-03-20,1.755,1.755,0.0,1.0
2019-03-21,1.754,1.754,0.0,1.0
2019-03-22,1.75,1.75,0.0,1.0
2019-03-25,1.71,1.71,0.0,1.0
2019-03-26,1.696,1.696,0.0,1.0
2019-03-27,1.726,1.726,0.0,1.0
2019-03-28,1.725,1.725,0.0,1.0
2019-03-29,1.806,1.806,0.0,1.0
2019-04-01,1.868,1.868,0.0,1.0
2019-04-02,1.849,1.849,0.0,1.0
2019-04-03,1.866,1.866,0.0,1.0
2019-04-04,1.894,1.894,0.0,1.0
2019-04-08,1.89,1.89,0.0,1.0
2019-04-09,1.927,1.927,0.0,1.0
2019-04-10,1.943,1.943,0.0,1.0
2019-04-11,1.894,1.894,0.0,1.0
2019-04-12,1.879,1.879,0.0,1.0
2019-04-15,1.875,1.875,0.0,1.0
2019-04-16,1.919,1.919,0.0,1.0
2019-04-17,1.921,1.921,0.0,1.0
2019-04-18,1.914,1.914,0.0,1.0
2019-04-19,1.959,1.959,0.0,1.0
2019-04-22,1.911,1.911,0.0,1.0
2019-04-23,1.907,1.907,0.0,1.0
2019-04-24,1.915,1.915,0.0,1.0
2019-04-25,1.864,1.864,0.0,1.0
2019-04-26,1.837,1.837,0.0,1.0
2019-04-29,1.849,1.849,0.0,1.0
2019-04-30,1.856,1.856,0.0,1.0
2019-05-06,1.722,1.722,0.0,1.0
2019-05-07,1.756,1.756,0.0,1.0
2019-05-08,1.73,1.73,0.0,1.0
2019-05-09,1.705,1.705,0.0,1.0
2019-05-10,1.777,1.777,0.0,1.0
2019-05-13,1.755,1.755,0.0,1.0
2019-05-14,1.748,1.748,0.0,1.0
2019-05-15,1.802,1.802,0.0,1.0
2019-05-16,1.803,1.803,0.0,1.0
2019-05-17,1.759,1.759,0.0,1.0
2019-05-20,1.733,1.733,0.0,1.0
2019-05-21,1.756,1.756,0.0,1.0
2019-05-22,1.743,1.743,0.0,1.0
2019-05-23,1.699,1.699,0.0,1.0
2019-05-24,1.708,1.708,0.0,1.0
2019-05-27,1.735,1.735,0.0,1.0
2019-05-28,1.748,1.748,0.0,1.0
2019-05-29,1.753,1.753,0.0,1.0
2019-05-30,1.748,1.748,0.0,1.0
2019-05-31,1.744,1.744,0.0,1.0
2019-06-03,1.739,1.739,0.0,1.0
2019-06-04,1.719,1.719,0.0,1.0
2019-06-05,1.729,1.729,0.0,1.0
2019-06-06,1.705,1.705,0.0,1.0
2019-06-10,1.73,1.73,0.0,1.0
2019-06-11,1.8,1.8,0.0,1.0
2019-06-12,1.783,1.783,0.0,1.0
2019-06-13,1.77,1.77,0.0,1.0
2019-06-14,1.752,1.752,0.0,1.0
2019-06-17,1.742,1.742,0.0,1.0
2019-06-18,1.75,1.75,0.0,1.0
2019-06-19,1.772,1.772,0.0,1.0
2019-06-20,1.828,1.828,0.0,1.0
2019-06-21,1.834,1.834,0.0,1.0
2019-06-24,1.827,1.827,0.0,1.0
2019-06-25,1.808,1.808,0.0,1.0
2019-06-26,1.808,1.808,0.0,1.0
2019-06-27,1.829,1.829,0.0,1.0
2019-06-28,1.827,1.827,0.0,1.0
2019-07-01,1.905,1.905,0.0,1.0
2019-07-02,1.914,1.914,0.0,1.0
2019-07-03,1.887,1.887,0.0,1.0
2019-07-04,1.876,1.876,0.0,1.0
2019-07-05,1.909,1.909,0.0,1.0
2019-07-08,1.869,1.869,0.0,1.0
2019-07-09,1.865,1.865,0.0,1.0
2019-07-10,1.861,1.861,0.0,1.0
2019-07-11,1.863,1.863,0.0,1.0
2019-07-12,1.888,1.888,0.0,1.0
2019-07-15,1.892,1.892,0.0,1.0
2019-07-16,1.877,1.877,0.0,1.0
2019-07-17,1.875,1.875,0.0,1.0
2019-07-18,1.852,1.852,0.0,1.0
2019-07-19,1.874,1.874,0.0,1.0
2019-07-22,1.869,1.869,0.0,1.0
2019-07-23,1.862,1.862,0.0,1.0
2019-07-24,1.868,1.868,0.0,1.0
2019-07-25,1.885,1.885,0.0,1.0
2019-07-26,1.883,1.883,0.0,1.0
2019-07-29,1.886,1.886,0.0,1.0
2019-07-30,1.894,1.894,0.0,1.0
2019-07-31,1.875,1.875,0.0,1.0
2019-08-01,1.852,1.852,0.0,1.0
2019-08-02,1.829,1.829,0.0,1.0
2019-08-05,1.798,1.798,0.0,1.0
2019-08-06,1.793,1.793,0.0,1.0
2019-08-07,1.785,1.785,0.0,1.0
2019-08-08,1.811,1.811,0.0,1.0
2019-08-09,1.782,1.782,0.0,1.0
2019-08-12,1.815,1.815,0.0,1.0
2019-08-13,1.797,1.797,0.0,1.0
2019-08-14,1.804,1.804,0.0,1.0
2019-08-15,1.811,1.811,0.0,1.0
2019-08-16,1.818,1.818,0.0,1.0
2019-08-19,1.858,1.858,0.0,1.0
2019-08-20,1.857,1.857,0.0,1.0
2019-08-21,1.855,1.855,0.0,1.0
2019-08-22,1.866,1.866,0.0,1.0
2019-08-23,1.873,1.873,0.0,1.0
2019-08-26,1.837,1.837,0.0,1.0
2019-08-27,1.878,1.878,0.0,1.0
2019-08-28,1.884,1.884,0.0,1.0
2019-08-29,1.878,1.878,0.0,1.0
2019-08-30,1.895,1.895,0.0,1.0
2019-09-02,1.924,1.924,0.0,1.0
2019-09-03,1.928,1.928,0.0,1.0
2019-09-04,1.942,1.942,0.0,1.0
2019-09-05,1.947,1.947,0.0,1.0
2019-09-06,1.953,1.953,0.0,1.0
2019-09-09,1.955,1.955,0.0,1.0
2019-09-10,1.95,1.95,0.0,1.0
2019-09-11,1.92,1.92,0.0,1.0
2019-09-12,1.939,1.939,0.0,1.0
2019-09-16,1.927,1.927,0.0,1.0
2019-09-17,1.9,1.9,0.0,1.0
2019-09-18,1.912,1.912,0.0,1.0
2019-09-19,1.923,1.923,0.0,1.0
2019-09-20,1.924,1.924,0.0,1.0
2019-09-23,1.904,1.904,0.0,1.0
2019-09-24,1.902,1.902,0.0,1.0
2019-09-25,1.896,1.896,0.0,1.0
2019-09-26,1.876,1.876,0.0,1.0
2019-09-27,1.878,1.878,0.0,1.0
2019-09-30,1.875,1.875,0.0,1.0
2019-10-08,1.895,1.895,0.0,1.0
2019-10-09,1.894,1.894,0.0,1.0
2019-10-10,1.897,1.897,0.0,1.0
2019-10-11,1.916,1.916,0.0,1.0
2019-10-14,1.933,1.933,0.0,1.0
2019-10-15,1.925,1.925,0.0,1.0
2019-10-16,1.918,1.918,0.0,1.0
2019-10-17,1.912,1.912,0.0,1.0
2019-10-18,1.892,1.892,0.0,1.0
2019-10-21,1.912,1.912,0.0,1.0
2019-10-22,1.919,1.919,0.0,1.0
2019-10-23,1.904,1.904,0.0,1.0
2019-10-24,1.904,1.904,0.0,1.0
2019-10-25,1.927,1.927,0.0,1.0
2019-10-28,1.932,1.932,0.0,1.0
2019-10-29,1.951,1.951,0.0,1.0
2019-10-30,1.941,1.941,0.0,1.0
2019-10-31,1.941,1.941,0.0,1.0
2019-11-01,1.998,1.998,0.0,1.0
2019-11-04,2.005,2.005,0.0,1.0
2019-11-05,2.016,2.016,0.0,1.0
2019-11-06,2.002,2.002,0.0,1.0
2019-11-07,2.005,2.005,0.0,1.0
2019-11-08,2.003,2.003,0.0,1.0
2019-11-11,1.961,1.961,0.0,1.0
2019-11-12,1.953,1.953,0.0,1.0
2019-11-13,1.951,1.951,0.0,1.0
2019-11-14,1.949,1.949,0.0,1.0
2019-11-15,1.935,1.935,0.0,1.0
2019-11-18,1.946,1.946,0.0,1.0
2019-11-19,1.967,1.967,0.0,1.0
2019-11-20,1.948,1.948,0.0,1.0
2019-11-21,1.933,1.933,0.0,1.0
2019-11-22,1.904,1.904,0.0,1.0
2019-11-25,1.926,1.926,0.0,1.0
2019-11-26,1.928,1.928,0.0,1.0
2019-11-27,1.92,1.92,0.0,1.0
2019-11-28,1.912,1.912,0.0,1.0
2019-11-29,1.893,1.893,0.0,1.0
2019-12-02,1.902,1.902,0.0,1.0
2019-12-03,1.915,1.915,0.0,1.0
2019-12-04,1.921,1.921,0.0,1.0
2019-12-05,1.93,1.93,0.0,1.0
2019-12-06,1.942,1.942,0.0,1.0
2019-12-09,1.941,1.941,0.0,1.0
2019-12-10,1.935,1.935,0.0,1.0
2019-12-11,1.931,1.931,0.0,1.0
2019-12-12,1.926,1.926,0.0,1.0
2019-12-13,1.963,1.963,0.0,1.0
2019-12-16,1.974,1.974,0.0,1.0
2019-12-17,2.008,2.008,0.0,1.0
2019-12-18,2.005,2.005,0.0,1.0
2019-12-19,2.016,2.016,0.0,1.0
2019-12-20,2.017,2.017,0.0,1.0
2019-12-23,1.989,1.989,0.0,1.0
2019-12-24,1.999,1.999,0.0,1.0
2019-12-25,1.994,1.994,0.0,1.0
2019-12-26,2.008,2.008,0.0,1.0
2019-12-27,2.007,2.007,0.0,1.0
2019-12-30,2.04,2.04,0.0,1.0
2019-12-31,2.048,2.048,0.0,1.0
2020-01-02,2.088,2.088,0.0,1.0
2020-01-03,2.079,2.079,0.0,1.0
2020-01-06,2.06,2.06,0.0,1.0
2020-01-07,2.09,2.09,0.0,1.0
2020-01-08,2.076,2.076,0.0,1.0
2020-01-09,2.109,2.109,0.0,1.0
2020-01-10,2.106,2.106,0.0,1.0
2020-01-13,2.131,2.131,0.0,1.0
2020-01-14,2.12,2.12,0.0,1.0
2020-01-15,2.104,2.104,0.0,1.0
2020-01-16,2.096,2.096,0.0,1.0
2020-01-17,2.092,2.092,0.0,1.0
2020-01-20,2.097,2.097,0.0,1.0
2020-01-21,2.043,2.043,0.0,1.0
2020-01-22,2.049,2.049,0.0,1.0
2020-01-23,1.969,1.969,0.0,1.0
2020-02-03,1.776,1.776,0.0,1.0
2020-02-04,1.843,1.843,0.0,1.0
2020-02-05,1.866,1.866,0.0,1.0
2020-02-06,1.893,1.893,0.0,1.0
2020-02-07,1.884,1.884,0.0,1.0
2020-02-10,1.897,1.897,0.0,1.0
2020-02-11,1.937,1.937,0.0,1.0
2020-02-12,1.944,1.944,0.0,1.0
2020-02-13,1.933,1.933,0.0,1.0
2020-02-14,1.952,1.952,0.0,1.0
2020-02-17,1.984,1.984,0.0,1.0
2020-02-18,1.968,1.968,0.0,1.0
2020-02-19,1.982,1.982,0.0,1.0
2020-02-20,2.026,2.026,0.0,1.0
2020-02-21,2.022,2.022,0.0,1.0
2020-02-24,2.007,2.007,0.0,1.0
2020-02-25,1.991,1.991,0.0,1.0
2020-02-26,1.98,1.98,0.0,1.0
2020-02-27,1.989,1.989,0.0,1.0
2020-02-28,1.914,1.914,0.0,1.0
2020-03-02,1.976,1.976,0.0,1.0
2020-03-03,1.98,1.98,0.0,1.0
2020-03-04,1.995,1.995,0.0,1.0
2020-03-05,2.073,2.073,0.0,1.0
2020-03-06,2.027,2.027,0.0,1.0
2020-03-09,1.961,1.961,0.0,1.0
2020-03-10,1.998,1.998,0.0,1.0
2020-03-11,1.971,1.971,0.0,1.0
2020-03-12,1.926,1.926,0.0,1.0
2020-03-13,1.893,1.893,0.0,1.0
2020-03-16,1.808,1.808,0.0,1.0
2020-03-17,1.779,1.779,0.0,1.0
2020-03-18,1.748,1.748,0.0,1.0
2020-03-19,1.71,1.71,0.0,1.0
2020-03-20,1.744,1.744,0.0,1.0
2020-03-23,1.669,1.669,0.0,1.0
2020-03-24,1.718,1.718,0.0,1.0
2020-03-25,1.774,1.774,0.0,1.0
2020-03-26,1.756,1.756,0.0,1.0
2020-03-27,1.766,1.766,0.0,1.0
2020-03-30,1.737,1.737,0.0,1.0
2020-03-31,1.753,1.753,0.0,1.0
2020-04-01,1.757,1.757,0.0,1.0
2020-04-02,1.78,1.78,0.0,1.0
2020-04-03,1.769,1.769,0.0,1.0
2020-04-07,1.813,1.813,0.0,1.0
2020-04-08,1.795,1.795,0.0,1.0
2020-04-09,1.797,1.797,0.0,1.0
2020-04-10,1.809,1.809,0.0,1.0
2020-04-13,1.811,1.811,0.0,1.0
2020-04-14,1.834,1.834,0.0,1.0
2020-04-15,1.818,1.818,0.0,1.0
2020-04-16,1.807,1.807,0.0,1.0
2020-04-17,1.82,1.82,0.0,1.0
2020-04-20,1.829,1.829,0.0,1.0
2020-04-21,1.803,1.803,0.0,1.0
2020-04-22,1.823,1.823,0.0,1.0
2020-04-23,1.826,1.826,0.0,1.0
2020-04-24,1.819,1.819,0.0,1.0
2020-04-27,1.829,1.829,0.0,1.0
2020-04-28,1.848,1.848,0.0,1.0
2020-04-29,1.859,1.859,0.0,1.0
2020-04-30,1.881,1.881,0.0,1.0
2020-05-06,1.891,1.891,0.0,1.0
2020-05-07,1.889,1.889,0.0,1.0
2020-05-08,1.922,1.922,0.0,1.0
2020-05-11,1.925,1.925,0.0,1.0
2020-05-12,1.927,1.927,0.0,1.0
2020-05-13,1.93,1.93,0.0,1.0
2020-05-14,1.91,1.91,0.0,1.0
2020-05-15,1.896,1.896,0.0,1.0
2020-05-18,1.917,1.917,0.0,1.0
2020-05-19,1.927,1.927,0.0,1.0
2020-05-20,1.917,1.917,0.0,1.0
2020-05-21,1.904,1.904,0.0,1.0
2020-05-22,1.858,1.858,0.0,1.0
2020-05-25,1.857,1.857,0.0,1.0
2020-05-26,1.885,1.885,0.0,1.0
2020-05-27,1.872,1.872,0.0,1.0
2020-05-28,1.874,1.874,0.0,1.0
2020-05-29,1.882,1.882,0.0,1.0
2020-06-01,1.939,1.939,0.0,1.0
2020-06-02,1.95,1.95,0.0,1.0
2020-06-03,1.948,1.948,0.0,1.0
2020-06-04,1.962,1.962,0.0,1.0
2020-06-05,1.97,1.97,0.0,1.0
2020-06-08,1.995,1.995,0.0,1.0
2020-06-09,1.999,1.999,0.0,1.0
2020-06-10,1.992,1.992,0.0,1.0
2020-06-11,1.961,1.961,0.0,1.0
2020-06-12,1.955,1.955,0.0,1.0
2020-06-15,1.931,1.931,0.0,1.0
2020-06-16,1.949,1.949,0.0,1.0
2020-06-17,1.946,1.946,0.0,1.0
2020-06-18,1.962,1.962,0.0,1.0
2020-06-19,1.996,1.996,0.0,1.0
2020-06-22,1.987,1.987,0.0,1.0
2020-06-23,1.994,1.994,0.0,1.0
2020-06-24,2.011,2.011,0.0,1.0
2020-06-29,1.997,1.997,0.0,1.0
2020-06-30,2.019,2.019,0.0,1.0
2020-07-01,2.095,2.095,0.0,1.0
2020-07-02,2.153,2.153,0.0,1.0
2020-07-03,2.172,2.172,0.0,1.0
2020-07-06,2.335,2.335,0.0,1.0
2020-07-07,2.307,2.307,0.0,1.0
2020-07-08,2.307,2.307,0.0,1.0
2020-07-09,2.338,2.338,0.0,1.0
2020-07-10,2.302,2.302,0.0,1.0
2020-07-13,2.352,2.352,0.0,1.0
2020-07-14,2.342,2.342,0.0,1.0
2020-07-15,2.331,2.331,0.0,1.0
2020-07-16,2.219,2.219,0.0,1.0
2020-07-17,2.246,2.246,0.0,1.0
2020-07-20,2.313,2.313,0.0,1.0
2020-07-21,2.311,2.311,0.0,1.0
2020-07-22,2.323,2.323,0.0,1.0
2020-07-23,2.319,2.319,0.0,1.0
2020-07-24,2.224,2.224,0.0,1.0
2020-07-27,2.229,2.229,0.0,1.0
2020-07-28,2.262,2.262,0.0,1.0
2020-07-29,2.316,2.316,0.0,1.0
2020-07-30,2.299,2.299,0.0,1.0
2020-07-31,2.301,2.301,0.0,1.0
2020-08-03,2.333,2.333,0.0,1.0
2020-08-04,2.336,2.336,0.0,1.0
2020-08-05,2.337,2.337,0.0,1.0
2020-08-06,2.321,2.321,0.0,1.0
2020-08-07,2.295,2.295,0.0,1.0
2020-08-10,2.316,2.316,0.0,1.0
2020-08-11,2.315,2.315,0.0,1.0
2020-08-12,2.297,2.297,0.0,1.0
2020-08-13,2.297,2.297,0.0,1.0
2020-08-14,2.334,2.334,0.0,1.0
2020-08-17,2.39,2.39,0.0,1.0
2020-08-18,2.38,2.38,0.0,1.0
2020-08-19,2.362,2.362,0.0,1.0
2020-08-20,2.324,2.324,0.0,1.0
2020-08-21,2.344,2.344,0.0,1.0
2020-08-24,2.373,2.373,0.0,1.0
2020-08-25,2.398,2.398,0.0,1.0
2020-08-26,2.372,2.372,0.0,1.0
2020-08-27,2.372,2.372,0.0,1.0
2020-08-28,2.441,2.441,0.0,1.0
2020-08-31,2.424,2.424,0.0,1.0
2020-09-01,2.428,2.428,0.0,1.0
2020-09-02,2.439,2.439,0.0,1.0
2020-09-03,2.431,2.431,0.0,1.0
2020-09-04,2.404,2.404,0.0,1.0
2020-09-07,2.355,2.355,0.0,1.0
2020-09-08,2.344,2.344,0.0,1.0
2020-09-09,2.29,2.29,0.0,1.0
2020-09-10,2.296,2.296,0.0,1.0
2020-09-11,2.317,2.317,0.0,1.0
2020-09-14,2.322,2.322,0.0,1.0
2020-09-15,2.349,2.349,0.0,1.0
2020-09-16,2.328,2.328,0.0,1.0
2020-09-17,2.32,2.32,0.0,1.0
2020-09-18,2.371,2.371,0.0,1.0
2020-09-21,2.345,2.345,0.0,1.0
2020-09-22,2.316,2.316,0.0,1.0
2020-09-23,2.318,2.318,0.0,1.0
2020-09-24,2.278,2.278,0.0,1.0
2020-09-25,2.276,2.276,0.0,1.0
2020-09-28,2.278,2.278,0.0,1.0
2020-09-29,2.291,2.291,0.0,1.0
2020-09-30,2.288,2.288,0.0,1.0
2020-10-09,2.323,2.323,0.0,1.0
2020-10-12,2.401,2.401,0.0,1.0
2020-10-13,2.431,2.431,0.0,1.0
2020-10-14,2.425,2.425,0.0,1.0
2020-10-15,2.425,2.425,0.0,1.0
2020-10-16,2.419,2.419,0.0,1.0
2020-10-19,2.404,2.404,0.0,1.0
2020-10-20,2.43,2.43,0.0,1.0
2020-10-21,2.437,2.437,0.0,1.0
2020-10-22,2.435,2.435,0.0,1.0
2020-10-23,2.41,2.41,0.0,1.0
2020-10-26,2.405,2.405,0.0,1.0
2020-10-27,2.405,2.405,0.0,1.0
2020-10-28,2.425,2.425,0.0,1.0
2020-10-29,2.488,2.488,0.0,1.0
2020-10-30,2.434,2.434,0.0,1.0
2020-11-02,2.486,2.486,0.0,1.0
2020-11-03,2.497,2.497,0.0,1.0
2020-11-04,2.537,2.537,0.0,1.0
2020-11-05,2.575,2.575,0.0,1.0
2020-11-06,2.6,2.6,0.0,1.0
2020-11-09,2.635,2.635,0.0,1.0
2020-11-10,2.633,2.633,0.0,1.0
2020-11-11,2.611,2.611,0.0,1.0
2020-11-12,2.621,2.621,0.0,1.0
2020-11-13,2.6,2.6,0.0,1.0
2020-11-16,2.642,2.642,0.0,1.0
2020-11-17,2.656,2.656,0.0,1.0
2020-11-18,2.652,2.652,0.0,1.0
2020-11-19,2.689,2.689,0.0,1.0
2020-11-20,2.684,2.684,0.0,1.0
2020-11-23,2.706,2.706,0.0,1.0
2020-11-24,2.684,2.684,0.0,1.0
2020-11-25,2.647,2.647,0.0,1.0
2020-11-26,2.639,2.639,0.0,1.0
2020-11-27,2.674,2.674,0.0,1.0
2020-11-30,2.645,2.645,0.0,1.0
2020-12-01,2.677,2.677,0.0,1.0
2020-12-02,2.717,2.717,0.0,1.0
2020-12-03,2.703,2.703,0.0,1.0
2020-12-04,2.704,2.704,0.0,1.0
2020-12-07,2.686,2.686,0.0,1.0
2020-12-08,2.67,2.67,0.0,1.0
2020-12-09,2.619,2.619,0.0,1.0
2020-12-10,2.619,2.619,0.0,1.0
2020-12-11,2.594,2.594,0.0,1.0
2020-12-14,2.628,2.628,0.0,1.0
2020-12-15,2.625,2.625,0.0,1.0
2020-12-16,2.634,2.634,0.0,1.0
2020-12-17,2.656,2.656,0.0,1.0
2020-12-18,2.648,2.648,0.0,1.0
2020-12-21,2.656,2.656,0.0,1.0
2020-12-22,2.634,2.634,0.0,1.0
2020-12-23,2.636,2.636,0.0,1.0
2020-12-24,2.636,2.636,0.0,1.0
2020-12-25,2.638,2.638,0.0,1.0
2020-12-28,2.691,2.691,0.0,1.0
2020-12-29,2.679,2.679,0.0,1.0
2020-12-30,2.699,2.699,0.0,1.0
2020-12-31,2.744,2.744,0.0,1.0
2021-01-04,2.8,2.8,0.0,1.0
2021-01-05,2.918,2.918,0.0,1.0
2021-01-06,2.949,2.949,0.0,1.0
2021-01-07,2.994,2.994,0.0,1.0
2021-01-08,2.958,2.958,0.0,1.0
2021-01-11,2.905,2.905,0.0,1.0
2021-01-12,2.981,2.981,0.0,1.0
2021-01-13,2.974,2.974,0.0,1.0
2021-01-14,2.89,2.89,0.0,1.0
2021-01-15,2.887,2.887,0.0,1.0
2021-01-18,2.917,2.917,0.0,1.0
2021-01-19,2.861,2.861,0.0,1.0
2021-01-20,2.864,2.864,0.0,1.0
2021-01-21,2.918,2.918,0.0,1.0
2021-01-22,2.913,2.913,0.0,1.0
2021-01-25,2.972,2.972,0.0,1.0
2021-01-26,2.935,2.935,0.0,1.0
2021-01-27,2.927,2.927,0.0,1.0
2021-01-28,2.84,2.84,0.0,1.0
2021-01-29,2.845,2.845,0.0,1.0
2021-02-01,2.907,2.907,0.0,1.0
2021-02-02,2.966,2.966,0.0,1.0
2021-02-03,2.976,2.976,0.0,1.0
2021-02-04,2.97,2.97,0.0,1.0
2021-02-05,2.98,2.98,0.0,1.0
2021-02-08,3.031,3.031,0.0,1.0
2021-02-09,3.105,3.105,0.0,1.0
2021-02-10,3.18,3.18,0.0,1.0
2021-02-18,3.118,3.118,0.0,1.0
2021-02-19,3.155,3.155,0.0,1.0
2021-02-22,3.005,3.005,0.0,1.0
2021-02-23,2.982,2.982,0.0,1.0
2021-02-24,2.92,2.92,0.0,1.0
2021-02-25,2.947,2.947,0.0,1.0
2021-02-26,2.882,2.882,0.0,1.0
2021-03-01,2.941,2.941,0.0,1.0
2021-03-02,2.903,2.903,0.0,1.0
2021-03-03,2.952,2.952,0.0,1.0
2021-03-04,2.847,2.847,0.0,1.0
2021-03-05,2.819,2.819,0.0,1.0
2021-03-08,2.702,2.702,0.0,1.0
2021-03-09,2.639,2.639,0.0,1.0
2021-03-10,2.674,2.674,0.0,1.0
2021-03-11,2.734,2.734,0.0,1.0
2021-03-12,2.748,2.748,0.0,1.0
2021-03-15,2.678,2.678,0.0,1.0
2021-03-16,2.719,2.719,0.0,1.0
2021-03-17,2.76,2.76,0.0,1.0
2021-03-18,2.797,2.797,0.0,1.0
2021-03-19,2.701,2.701,0.0,1.0
2021-03-22,2.735,2.735,0.0,1.0
2021-03-23,2.707,2.707,0.0,1.0
2021-03-24,2.678,2.678,0.0,1.0
2021-03-25,2.655,2.655,0.0,1.0
2021-03-26,2.714,2.714,0.0,1.0
2021-03-29,2.717,2.717,0.0,1.0
2021-03-30,2.739,2.739,0.0,1.0
2021-03-31,2.714,2.714,0.0,1.0
2021-04-01,2.75,2.75,0.0,1.0
2021-04-02,2.79,2.79,0.0,1.0
2021-04-06,2.77,2.77,0.0,1.0
2021-04-07,2.728,2.728,0.0,1.0
2021-04-08,2.73,2.73,0.0,1.0
2021-04-09,2.688,2.688,0.0,1.0
2021-04-12,2.632,2.632,0.0,1.0
2021-04-13,2.63,2.63,0.0,1.0
2021-04-14,2.66,2.66,0.0,1.0
2021-04-15,2.641,2.641,0.0,1.0
2021-04-16,2.658,2.658,0.0,1.0
2021-04-19,2.72,2.72,0.0,1.0
2021-04-20,2.724,2.724,0.0,1.0
2021-04-21,2.733,2.733,0.0,1.0
2021-04-22,2.739,2.739,0.0,1.0
2021-04-23,2.772,2.772,0.0,1.0
2021-04-26,2.735,2.735,0.0,1.0
2021-04-27,2.736,2.736,0.0,1.0
2021-04-28,2.762,2.762,0.0,1.0
2021-04-29,2.806,2.806,0.0,1.0
2021-04-30,2.771,2.771,0.0,1.0
2021-05-06,2.716,2.716,0.0,1.0
2021-05-07,2.689,2.689,0.0,1.0
2021-05-10,2.667,2.667,0.0,1.0
2021-05-11,2.69,2.69,0.0,1.0
2021-05-12,2.698,2.698,0.0,1.0
2021-05-13,2.656,2.656,0.0,1.0
2021-05-14,2.709,2.709,0.0,1.0
2021-05-17,2.751,2.751,0.0,1.0
2021-05-18,2.762,2.762,0.0,1.0
2021-05-19,2.745,2.745,0.0,1.0
2021-05-20,2.769,2.769,0.0,1.0
2021-05-21,2.751,2.751,0.0,1.0
2021-05-24,2.757,2.757,0.0,1.0
2021-05-25,2.833,2.833,0.0,1.0
2021-05-26,2.83,2.83,0.0,1.0
2021-05-27,2.842,2.842,0.0,1.0
2021-05-28,2.819,2.819,0.0,1.0
2021-05-31,2.8,2.8,0.0,1.0
2021-06-01,2.802,2.802,0.0,1.0
2021-06-02,2.784,2.784,0.0,1.0
2021-06-03,2.775,2.775,0.0,1.0
2021-06-04,2.795,2.795,0.0,1.0
2021-06-07,2.774,2.774,0.0,1.0
2021-06-08,2.727,2.727,0.0,1.0
2021-06-09,2.721,2.721,0.0,1.0
2021-06-10,2.73,2.73,0.0,1.0
2021-06-11,2.681,2.681,0.0,1.0
2021-06-15,2.655,2.655,0.0,1.0
2021-06-16,2.631,2.631,0.0,1.0
2021-06-17,2.624,2.624,0.0,1.0
2021-06-18,2.601,2.601,0.0,1.0
2021-06-21,2.574,2.574,0.0,1.0
2021-06-22,2.593,2.593,0.0,1.0
2021-06-23,2.59,2.59,0.0,1.0
2021-06-24,2.61,2.61,0.0,1.0
2021-06-25,2.648,2.648,0.0,1.0
2021-06-28,2.648,2.648,0.0,1.0
2021-06-29,2.598,2.598,0.0,1.0
2021-06-30,2.614,2.614,0.0,1.0
2021-07-01,2.633,2.633,0.0,1.0
2021-07-02,2.558,2.558,0.0,1.0
2021-07-05,2.52,2.52,0.0,1.0
2021-07-06,2.55,2.55,0.0,1.0
2021-07-07,2.558,2.558,0.0,1.0
2021-07-08,2.502,2.502,0.0,1.0
2021-07-09,2.491,2.491,0.0,1.0
2021-07-12,2.509,2.509,0.0,1.0
2021-07-13,2.538,2.538,0.0,1.0
2021-07-14,2.517,2.517,0.0,1.0
2021-07-15,2.542,2.542,0.0,1.0
2021-07-16,2.541,2.541,0.0,1.0
2021-07-19,2.55,2.55,0.0,1.0
2021-07-20,2.532,2.532,0.0,1.0
2021-07-21,2.521,2.521,0.0,1.0
2021-07-22,2.525,2.525,0.0,1.0
2021-07-23,2.496,2.496,0.0,1.0
2021-07-26,2.397,2.397,0.0,1.0
2021-07-27,2.285,2.285,0.0,1.0
2021-07-28,2.297,2.297,0.0,1.0
2021-07-29,2.303,2.303,0.0,1.0
2021-07-30,2.262,2.262,0.0,1.0
2021-08-02,2.338,2.338,0.0,1.0
2021-08-03,2.37,2.37,0.0,1.0
2021-08-04,2.354,2.354,0.0,1.0
2021-08-05,2.332,2.332,0.0,1.0
2021-08-06,2.326,2.326,0.0,1.0
2021-08-09,2.398,2.398,0.0,1.0
2021-08-10,2.449,2.449,0.0,1.0
2021-08-11,2.443,2.443,0.0,1.0
2021-08-12,2.401,2.401,0.0,1.0
2021-08-13,2.41,2.41,0.0,1.0
2021-08-16,2.433,2.433,0.0,1.0
2021-08-17,2.37,2.37,0.0,1.0
2021-08-18,2.402,2.402,0.0,1.0
2021-08-19,2.361,2.361,0.0,1.0
2021-08-20,2.302,2.302,0.0,1.0
2021-08-23,2.323,2.323,0.0,1.0
2021-08-24,2.333,2.333,0.0,1.0
2021-08-25,2.335,2.335,0.0,1.0
2021-08-26,2.284,2.284,0.0,1.0
2021-08-27,2.277,2.277,0.0,1.0
2021-08-30,2.239,2.239,0.0,1.0
2021-08-31,2.24,2.24,0.0,1.0
2021-09-01,2.31,2.31,0.0,1.0
2021-09-02,2.31,2.31,0.0,1.0
2021-09-03,2.316,2.316,0.0,1.0
2021-09-06,2.353,2.353,0.0,1.0
2021-09-07,2.378,2.378,0.0,1.0
2021-09-08,2.363,2.363,0.0,1.0
2021-09-09,2.357,2.357,0.0,1.0
2021-09-10,2.393,2.393,0.0,1.0
2021-09-13,2.384,2.384,0.0,1.0
2021-09-14,2.33,2.33,0.0,1.0
2021-09-15,2.296,2.296,0.0,1.0
2021-09-16,2.276,2.276,0.0,1.0
2021-09-17,2.303,2.303,0.0,1.0
2021-09-22,2.263,2.263,0.0,1.0
2021-09-23,2.265,2.265,0.0,1.0
2021-09-24,2.274,2.274,0.0,1.0
2021-09-27,2.32,2.32,0.0,1.0
2021-09-28,2.338,2.338,0.0,1.0
2021-09-29,2.343,2.343,0.0,1.0
2021-09-30,2.336,2.336,0.0,1.0
2021-10-08,2.4,2.4,0.0,1.0
2021-10-11,2.411,2.411,0.0,1.0
2021-10-12,2.399,2.399,0.0,1.0
2021-10-13,2.424,2.424,0.0,1.0
2021-10-14,2.405,2.405,0.0,1.0
2021-10-15,2.385,2.385,0.0,1.0
2021-10-18,2.331,2.331,0.0,1.0
2021-10-19,2.37,2.37,0.0,1.0
2021-10-20,2.351,2.351,0.0,1.0
2021-10-21,2.383,2.383,0.0,1.0
2021-10-22,2.415,2.415,0.0,1.0
2021-10-25,2.384,2.384,0.0,1.0
2021-10-26,2.364,2.364,0.0,1.0
2021-10-27,2.317,2.317,0.0,1.0
2021-10-28,2.303,2.303,0.0,1.0
2021-10-29,2.309,2.309,0.0,1.0
2021-11-01,2.326,2.326,0.0,1.0
2021-11-02,2.263,2.263,0.0,1.0
2021-11-03,2.263,2.263,0.0,1.0
2021-11-04,2.293,2.293,0.0,1.0
2021-11-05,2.285,2.285,0.0,1.0
2021-11-08,2.284,2.284,0.0,1.0
2021-11-09,2.274,2.274,0.0,1.0
2021-11-10,2.265,2.265,0.0,1.0
2021-11-11,2.323,2.323,0.0,1.0
2021-11-12,2.307,2.307,0.0,1.0
2021-11-15,2.314,2.314,0.0,1.0
2021-11-16,2.328,2.328,0.0,1.0
2021-11-17,2.32,2.32,0.0,1.0
2021-11-18,2.292,2.292,0.0,1.0
2021-11-19,2.325,2.325,0.0,1.0
2021-11-22,2.316,2.316,0.0,1.0
2021-11-23,2.307,2.307,0.0,1.0
2021-11-24,2.329,2.329,0.0,1.0
2021-11-25,2.311,2.311,0.0,1.0
2021-11-26,2.298,2.298,0.0,1.0
2021-11-29,2.283,2.283,0.0,1.0
2021-11-30,2.273,2.273,0.0,1.0
2021-12-01,2.29,2.29,0.0,1.0
2021-12-02,2.305,2.305,0.0,1.0
2021-12-03,2.34,2.34,0.0,1.0
2021-12-06,2.355,2.355,0.0,1.0
2021-12-07,2.386,2.386,0.0,1.0
2021-12-08,2.417,2.417,0.0,1.0
2021-12-09,2.47,2.47,0.0,1.0
2021-12-10,2.44,2.44,0.0,1.0
2021-12-13,2.454,2.454,0.0,1.0
2021-12-14,2.428,2.428,0.0,1.0
2021-12-15,2.404,2.404,0.0,1.0
2021-12-16,2.42,2.42,0.0,1.0
2021-12-17,2.384,2.384,0.0,1.0
2021-12-20,2.371,2.371,0.0,1.0
2021-12-21,2.393,2.393,0.0,1.0
2021-12-22,2.391,2.391,0.0,1.0
2021-12-23,2.412,2.412,0.0,1.0
2021-12-24,2.416,2.416,0.0,1.0
2021-12-27,2.417,2.417,0.0,1.0
2021-12-28,2.44,2.44,0.0,1.0
2021-12-29,2.375,2.375,0.0,1.0
2021-12-30,2.389,2.389,0.0,1.0
2021-12-31,2.394,2.394,0.0,1.0
2022-01-04,2.421,2.421,0.0,1.0
2022-01-05,2.437,2.437,0.0,1.0
2022-01-06,2.405,2.405,0.0,1.0
2022-01-07,2.428,2.428,0.0,1.0
2022-01-10,2.437,2.437,0.0,1.0
2022-01-11,2.401,2.401,0.0,1.0
2022-01-12,2.398,2.398,0.0,1.0
2022-01-13,2.34,2.34,0.0,1.0
2022-01-14,2.315,2.315,0.0,1.0
2022-01-17,2.333,2.333,0.0,1.0
2022-01-18,2.374,2.374,0.0,1.0
2022-01-19,2.375,2.375,0.0,1.0
2022-01-20,2.416,2.416,0.0,1.0
2022-01-21,2.395,2.395,0.0,1.0
2022-01-24,2.385,2.385,0.0,1.0
2022-01-25,2.33,2.33,0.0,1.0
2022-01-26,2.342,2.342,0.0,1.0
2022-01-27,2.297,2.297,0.0,1.0
2022-01-28,2.264,2.264,0.0,1.0
2022-02-07,2.29,2.29,0.0,1.0
2022-02-08,2.288,2.288,0.0,1.0
2022-02-09,2.325,2.325,0.0,1.0
2022-02-10,2.317,2.317,0.0,1.0
2022-02-11,2.316,2.316,0.0,1.0
2022-02-14,2.29,2.29,0.0,1.0
2022-02-15,2.289,2.289,0.0,1.0
2022-02-16,2.295,2.295,0.0,1.0
2022-02-17,2.284,2.284,0.0,1.0
2022-02-18,2.307,2.307,0.0,1.0
2022-02-21,2.307,2.307,0.0,1.0
2022-02-22,2.26,2.26,0.0,1.0
2022-02-23,2.274,2.274,0.0,1.0
2022-02-24,2.21,2.21,0.0,1.0
2022-02-25,2.215,2.215,0.0,1.0
2022-02-28,2.197,2.197,0.0,1.0
2022-03-01,2.226,2.226,0.0,1.0
2022-03-02,2.209,2.209,0.0,1.0
2022-03-03,2.191,2.191,0.0,1.0
2022-03-04,2.154,2.154,0.0,1.0
2022-03-07,2.084,2.084,0.0,1.0
2022-03-08,2.03,2.03,0.0,1.0
2022-03-09,1.999,1.999,0.0,1.0
2022-03-10,2.042,2.042,0.0,1.0
2022-03-11,2.056,2.056,0.0,1.0
2022-03-14,1.987,1.987,0.0,1.0
2022-03-15,1.88,1.88,0.0,1.0
2022-03-16,1.945,1.945,0.0,1.0
2022-03-17,2.002,2.002,0.0,1.0
2022-03-18,2.017,2.017,0.0,1.0
2022-03-21,2.001,2.001,0.0,1.0
2022-03-22,2.015,2.015,0.0,1.0
2022-03-23,2.027,2.027,0.0,1.0
2022-03-24,2.004,2.004,0.0,1.0
2022-03-25,1.97,1.97,0.0,1.0
2022-03-28,1.955,1.955,0.0,1.0
2022-03-29,1.943,1.943,0.0,1.0
2022-03-30,2.005,2.005,0.0,1.0
2022-03-31,2.001,2.001,0.0,1.0
2022-04-01,2.048,2.048,0.0,1.0
2022-04-06,2.058,2.058,0.0,1.0
2022-04-07,2.035,2.035,0.0,1.0
2022-04-08,2.046,2.046,0.0,1.0
2022-04-11,1.993,1.993,0.0,1.0
2022-04-12,2.031,2.031,0.0,1.0
2022-04-13,2.012,2.012,0.0,1.0
2022-04-14,2.068,2.068,0.0,1.0
2022-04-15,2.069,2.069,0.0,1.0
2022-04-18,2.045,2.045,0.0,1.0
2022-04-19,2.033,2.033,0.0,1.0
2022-04-20,2.012,2.012,0.0,1.0
2022-04-21,1.974,1.974,0.0,1.0
2022-04-22,1.995,1.995,0.0,1.0
2022-04-25,1.904,1.904,0.0,1.0
2022-04-26,1.882,1.882,0.0,1.0
2022-04-27,1.918,1.918,0.0,1.0
2022-04-28,1.928,1.928,0.0,1.0
2022-04-29,1.97,1.97,0.0,1.0
2022-05-05,1.972,1.972,0.0,1.0
2022-05-06,1.919,1.919,0.0,1.0
2022-05-09,1.895,1.895,0.0,1.0
2022-05-10,1.901,1.901,0.0,1.0
2022-05-11,1.909,1.909,0.0,1.0
2022-05-12,1.9,1.9,0.0,1.0
2022-05-13,1.905,1.905,0.0,1.0
2022-05-16,1.9,1.9,0.0,1.0
2022-05-17,1.905,1.905,0.0,1.0
2022-05-18,1.894,1.894,0.0,1.0
2022-05-19,1.885,1.885,0.0,1.0
2022-05-20,1.928,1.928,0.0,1.0
2022-05-23,1.9,1.9,0.0,1.0
2022-05-24,1.868,1.868,0.0,1.0
2022-05-25,1.873,1.873,0.0,1.0
2022-05-26,1.876,1.876,0.0,1.0
2022-05-27,1.872,1.872,0.0,1.0
2022-05-30,1.891,1.891,0.0,1.0
2022-05-31,1.926,1.926,0.0,1.0
2022-06-01,1.916,1.916,0.0,1.0
2022-06-02,1.911,1.911,0.0,1.0
2022-06-06,1.928,1.928,0.0,1.0
2022-06-07,1.94,1.94,0.0,1.0
2022-06-08,1.959,1.959,0.0,1.0
2022-06-09,1.944,1.944,0.0,1.0
2022-06-10,1.961,1.961,0.0,1.0
2022-06-13,1.932,1.932,0.0,1.0
2022-06-14,1.953,1.953,0.0,1.0
2022-06-15,2.009,2.009,0.0,1.0
2022-06-16,1.995,1.995,0.0,1.0
2022-06-17,2.007,2.007,0.0,1.0
2022-06-20,2.036,2.036,0.0,1.0
2022-06-21,2.038,2.038,0.0,1.0
2022-06-22,2.002,2.002,0.0,1.0
2022-06-23,2.018,2.018,0.0,1.0
2022-06-24,2.044,2.044,0.0,1.0
2022-06-27,2.081,2.081,0.0,1.0
2022-06-28,2.106,2.106,0.0,1.0
2022-06-29,2.087,2.087,0.0,1.0
2022-06-30,2.14,2.14,0.0,1.0
2022-07-01,2.13,2.13,0.0,1.0
2022-07-04,2.141,2.141,0.0,1.0
2022-07-05,2.126,2.126,0.0,1.0
2022-07-06,2.086,2.086,0.0,1.0
2022-07-07,2.083,2.083,0.0,1.0
2022-07-08,2.089,2.089,0.0,1.0
2022-07-11,2.076,2.076,0.0,1.0
2022-07-12,2.081,2.081,0.0,1.0
2022-07-13,2.075,2.075,0.0,1.0
2022-07-14,2.048,2.048,0.0,1.0
2022-07-15,2.013,2.013,0.0,1.0
2022-07-18,2.021,2.021,0.0,1.0
2022-07-19,2.025,2.025,0.0,1.0
2022-07-20,2.03,2.03,0.0,1.0
2022-07-21,2.009,2.009,0.0,1.0
2022-07-22,2.002,2.002,0.0,1.0
2022-07-25,2.013,2.013,0.0,1.0
2022-07-26,2.034,2.034,0.0,1.0
2022-07-27,2.012,2.012,0.0,1.0
2022-07-28,2.009,2.009,0.0,1.0
2022-07-29,1.978,1.978,0.0,1.0
2022-08-01,1.966,1.966,0.0,1.0
2022-08-02,1.922,1.922,0.0,1.0
2022-08-03,1.904,1.904,0.0,1.0
2022-08-04,1.924,1.924,0.0,1.0
2022-08-05,1.951,1.951,0.0,1.0
2022-08-08,1.939,1.939,0.0,1.0
2022-08-09,1.93,1.93,0.0,1.0
2022-08-10,1.911,1.911,0.0,1.0
2022-08-11,1.951,1.951,0.0,1.0
2022-08-12,1.968,1.968,0.0,1.0
2022-08-15,1.948,1.948,0.0,1.0
2022-08-16,1.944,1.944,0.0,1.0
2022-08-17,1.965,1.965,0.0,1.0
2022-08-18,1.933,1.933,0.0,1.0
2022-08-19,1.943,1.943,0.0,1.0
2022-08-22,1.948,1.948,0.0,1.0
2022-08-23,1.933,1.933,0.0,1.0
2022-08-24,1.909,1.909,0.0,1.0
2022-08-25,1.93,1.93,0.0,1.0
2022-08-26,1.941,1.941,0.0,1.0
2022-08-29,1.926,1.926,0.0,1.0
2022-08-30,1.925,1.925,0.0,1.0
2022-08-31,1.952,1.952,0.0,1.0
2022-09-01,1.947,1.947,0.0,1.0
2022-09-02,1.929,1.929,0.0,1.0
2022-09-05,1.92,1.92,0.0,1.0
2022-09-06,1.931,1.931,0.0,1.0
2022-09-07,1.916,1.916,0.0,1.0
2022-09-08,1.917,1.917,0.0,1.0
2022-09-09,1.952,1.952,0.0,1.0
2022-09-13,1.973,1.973,0.0,1.0
2022-09-14,1.953,1.953,0.0,1.0
2022-09-15,1.954,1.954,0.0,1.0
2022-09-16,1.913,1.913,0.0,1.0
2022-09-19,1.917,1.917,0.0,1.0
2022-09-20,1.908,1.908,0.0,1.0
2022-09-21,1.901,1.901,0.0,1.0
2022-09-22,1.87,1.87,0.0,1.0
2022-09-23,1.861,1.861,0.0,1.0
2022-09-26,1.856,1.856,0.0,1.0
2022-09-27,1.903,1.903,0.0,1.0
2022-09-28,1.888,1.888,0.0,1.0
2022-09-29,1.875,1.875,0.0,1.0
2022-09-30,1.879,1.879,0.0,1.0
2022-10-10,1.838,1.838,0.0,1.0
2022-10-11,1.832,1.832,0.0,1.0
2022-10-12,1.845,1.845,0.0,1.0
2022-10-13,1.824,1.824,0.0,1.0
2022-10-14,1.85,1.85,0.0,1.0
2022-10-17,1.846,1.846,0.0,1.0
2022-10-18,1.842,1.842,0.0,1.0
2022-10-19,1.786,1.786,0.0,1.0
2022-10-20,1.78,1.78,0.0,1.0
2022-10-21,1.765,1.765,0.0,1.0
2022-10-24,1.695,1.695,0.0,1.0
2022-10-25,1.682,1.682,0.0,1.0
2022-10-26,1.677,1.677,0.0,1.0
2022-10-27,1.661,1.661,0.0,1.0
2022-10-28,1.625,1.625,0.0,1.0
2022-10-31,1.592,1.592,0.0,1.0
2022-11-01,1.654,1.654,0.0,1.0
2022-11-02,1.676,1.676,0.0,1.0
2022-11-03,1.654,1.654,0.0,1.0
2022-11-04,1.712,1.712,0.0,1.0
2022-11-07,1.719,1.719,0.0,1.0
2022-11-08,1.705,1.705,0.0,1.0
2022-11-09,1.694,1.694,0.0,1.0
2022-11-10,1.696,1.696,0.0,1.0
2022-11-11,1.767,1.767,0.0,1.0
2022-11-14,1.795,1.795,0.0,1.0
2022-11-15,1.819,1.819,0.0,1.0
2022-11-16,1.807,1.807,0.0,1.0
2022-11-17,1.801,1.801,0.0,1.0
2022-11-18,1.808,1.808,0.0,1.0
2022-11-21,1.773,1.773,0.0,1.0
2022-11-22,1.774,1.774,0.0,1.0
2022-11-23,1.769,1.769,0.0,1.0
2022-11-24,1.761,1.761,0.0,1.0
2022-11-25,1.787,1.787,0.0,1.0
2022-11-28,1.768,1.768,0.0,1.0
2022-11-29,1.856,1.856,0.0,1.0
2022-11-30,1.845,1.845,0.0,1.0
2022-12-01,1.88,1.88,0.0,1.0
2022-12-02,1.866,1.866,0.0,1.0
2022-12-05,1.915,1.915,0.0,1.0
2022-12-06,1.936,1.936,0.0,1.0
2022-12-07,1.931,1.931,0.0,1.0
2022-12-08,1.942,1.942,0.0,1.0
2022-12-09,1.998,1.998,0.0,1.0
2022-12-12,1.961,1.961,0.0,1.0
2022-12-13,1.969,1.969,0.0,1.0
2022-12-14,1.994,1.994,0.0,1.0
2022-12-15,1.97,1.97,0.0,1.0
2022-12-16,1.981,1.981,0.0,1.0
2022-12-19,1.949,1.949,0.0,1.0
2022-12-20,1.896,1.896,0.0,1.0
2022-12-21,1.907,1.907,0.0,1.0
2022-12-22,1.929,1.929,0.0,1.0
2022-12-23,1.932,1.932,0.0,1.0
2022-12-26,1.915,1.915,0.0,1.0
2022-12-27,1.942,1.942,0.0,1.0
2022-12-28,1.935,1.935,0.0,1.0
2022-12-29,1.918,1.918,0.0,1.0
2022-12-30,1.939,1.939,0.0,1.0
2023-01-03,1.925,1.925,0.0,1.0
2023-01-04,1.957,1.957,0.0,1.0
2023-01-05,2.004,2.004,0.0,1.0
2023-01-06,1.992,1.992,0.0,1.0
2023-01-09,2.014,2.014,0.0,1.0
2023-01-10,2.01,2.01,0.0,1.0
2023-01-11,2.009,2.009,0.0,1.0
2023-01-12,2.005,2.005,0.0,1.0
2023-01-13,2.053,2.053,0.0,1.0
2023-01-16,2.094,2.094,0.0,1.0
2023-01-17,2.082,2.082,0.0,1.0
2023-01-18,2.083,2.083,0.0,1.0
2023-01-19,2.095,2.095,0.0,1.0
2023-01-20,2.099,2.099,0.0,1.0
2023-01-30,2.107,2.107,0.0,1.0
2023-01-31,2.075,2.075,0.0,1.0
2023-02-01,2.091,2.091,0.0,1.0
2023-02-02,2.083,2.083,0.0,1.0
2023-02-03,2.068,2.068,0.0,1.0
2023-02-06,2.026,2.026,0.0,1.0
2023-02-07,2.034,2.034,0.0,1.0
2023-02-08,2.021,2.021,0.0,1.0
2023-02-09,2.059,2.059,0.0,1.0
2023-02-10,2.054,2.054,0.0,1.0
2023-02-13,2.089,2.089,0.0,1.0
2023-02-14,2.078,2.078,0.0,1.0
2023-02-15,2.065,2.065,0.0,1.0
2023-02-16,2.059,2.059,0.0,1.0
2023-02-17,2.046,2.046,0.0,1.0
2023-02-20,2.111,2.111,0.0,1.0
2023-02-21,2.111,2.111,0.0,1.0
2023-02-22,2.093,2.093,0.0,1.0
2023-02-23,2.09,2.09,0.0,1.0
2023-02-24,2.064,2.064,0.0,1.0
2023-02-27,2.061,2.061,0.0,1.0
2023-02-28,2.075,2.075,0.0,1.0
2023-03-01,2.109,2.109,0.0,1.0
2023-03-02,2.107,2.107,0.0,1.0
2023-03-03,2.108,2.108,0.0,1.0
2023-03-06,2.083,2.083,0.0,1.0
2023-03-07,2.041,2.041,0.0,1.0
2023-03-08,2.033,2.033,0.0,1.0
2023-03-09,2.028,2.028,0.0,1.0
2023-03-10,1.989,1.989,0.0,1.0
2023-03-13,2.021,2.021,0.0,1.0
2023-03-14,2.01,2.01,0.0,1.0
2023-03-15,2.007,2.007,0.0,1.0
2023-03-16,1.987,1.987,0.0,1.0
2023-03-17,1.996,1.996,0.0,1.0
2023-03-20,1.981,1.981,0.0,1.0
2023-03-21,2.013,2.013,0.0,1.0
2023-03-22,2.028,2.028,0.0,1.0
2023-03-23,2.04,2.04,0.0,1.0
2023-03-24,2.04,2.04,0.0,1.0
2023-03-27,2.024,2.024,0.0,1.0
2023-03-28,2.029,2.029,0.0,1.0
2023-03-29,2.033,2.033,0.0,1.0
2023-03-30,2.067,2.067,0.0,1.0
2023-03-31,2.065,2.065,0.0,1.0
2023-04-03,2.073,2.073,0.0,1.0
2023-04-04,2.093,2.093,0.0,1.0
2023-04-06,2.062,2.062,0.0,1.0
2023-04-07,2.075,2.075,0.0,1.0
2023-04-10,2.06,2.06,0.0,1.0
2023-04-11,2.059,2.059,0.0,1.0
2023-04-12,2.051,2.051,0.0,1.0
2023-04-13,2.036,2.036,0.0,1.0
2023-04-14,2.023,2.023,0.0,1.0
2023-04-17,2.045,2.045,0.0,1.0
2023-04-18,2.053,2.053,0.0,1.0
2023-04-19,2.033,2.033,0.0,1.0
2023-04-20,2.031,2.031,0.0,1.0
2023-04-21,1.995,1.995,0.0,1.0
2023-04-24,1.964,1.964,0.0,1.0
2023-04-25,1.968,1.968,0.0,1.0
2023-04-26,1.952,1.952,0.0,1.0
2023-04-27,1.956,1.956,0.0,1.0
2023-04-28,1.972,1.972,0.0,1.0
2023-05-04,1.966,1.966,0.0,1.0
2023-05-05,1.966,1.966,0.0,1.0
2023-05-08,1.968,1.968,0.0,1.0
2023-05-09,1.961,1.961,0.0,1.0
2023-05-10,1.953,1.953,0.0,1.0
2023-05-11,1.947,1.947,0.0,1.0
2023-05-12,1.927,1.927,0.0,1.0
2023-05-15,1.937,1.937,0.0,1.0
2023-05-16,1.921,1.921,0.0,1.0
2023-05-17,1.909,1.909,0.0,1.0
2023-05-18,1.905,1.905,0.0,1.0
2023-05-19,1.912,1.912,0.0,1.0
2023-05-22,1.941,1.941,0.0,1.0
2023-05-23,1.922,1.922,0.0,1.0
2023-05-24,1.886,1.886,0.0,1.0
2023-05-25,1.87,1.87,0.0,1.0
2023-05-26,1.88,1.88,0.0,1.0
2023-05-29,1.86,1.86,0.0,1.0
2023-05-30,1.854,1.854,0.0,1.0
2023-05-31,1.831,1.831,0.0,1.0
2023-06-01,1.834,1.834,0.0,1.0
2023-06-02,1.883,1.883,0.0,1.0
2023-06-05,1.88,1.88,0.0,1.0
2023-06-06,1.873,1.873,0.0,1.0
2023-06-07,1.876,1.876,0.0,1.0
2023-06-08,1.905,1.905,0.0,1.0
2023-06-09,1.889,1.889,0.0,1.0
2023-06-12,1.915,1.915,0.0,1.0
2023-06-13,1.926,1.926,0.0,1.0
2023-06-14,1.946,1.946,0.0,1.0
2023-06-15,1.971,1.971,0.0,1.0
2023-06-16,1.98,1.98,0.0,1.0
2023-06-19,1.953,1.953,0.0,1.0
2023-06-20,1.942,1.942,0.0,1.0
2023-06-21,1.925,1.925,0.0,1.0
2023-06-26,1.89,1.89,0.0,1.0
2023-06-27,1.929,1.929,0.0,1.0
2023-06-28,1.928,1.928,0.0,1.0
2023-06-29,1.91,1.91,0.0,1.0
2023-06-30,1.915,1.915,0.0,1.0
2023-07-03,1.941,1.941,0.0,1.0
2023-07-04,1.943,1.943,0.0,1.0
2023-07-05,1.931,1.931,0.0,1.0
2023-07-06,1.923,1.923,0.0,1.0
2023-07-07,1.916,1.916,0.0,1.0
2023-07-10,1.918,1.918,0.0,1.0
2023-07-11,1.927,1.927,0.0,1.0
2023-07-12,1.927,1.927,0.0,1.0
2023-07-13,1.967,1.967,0.0,1.0
2023-07-14,1.966,1.966,0.0,1.0
2023-07-17,1.951,1.951,0.0,1.0
2023-07-18,1.944,1.944,0.0,1.0
2023-07-19,1.954,1.954,0.0,1.0
2023-07-20,1.942,1.942,0.0,1.0
2023-07-21,1.947,1.947,0.0,1.0
2023-07-24,1.929,1.929,0.0,1.0
2023-07-25,2.022,2.022,0.0,1.0
2023-07-26,2.009,2.009,0.0,1.0
2023-07-27,2.005,2.005,0.0,1.0
2023-07-28,2.054,2.054,0.0,1.0
2023-07-31,2.078,2.078,0.0,1.0
2023-08-01,2.052,2.052,0.0,1.0
2023-08-02,2.039,2.039,0.0,1.0
2023-08-03,2.05,2.05,0.0,1.0
2023-08-04,2.062,2.062,0.0,1.0
2023-08-07,2.033,2.033,0.0,1.0
2023-08-08,2.025,2.025,0.0,1.0
2023-08-09,2.02,2.02,0.0,1.0
2023-08-10,2.015,2.015,0.0,1.0
2023-08-11,1.973,1.973,0.0,1.0
2023-08-14,1.964,1.964,0.0,1.0
2023-08-15,1.956,1.956,0.0,1.0
2023-08-16,1.949,1.949,0.0,1.0
2023-08-17,1.961,1.961,0.0,1.0
2023-08-18,1.931,1.931,0.0,1.0
2023-08-21,1.91,1.91,0.0,1.0
2023-08-22,1.92,1.92,0.0,1.0
2023-08-23,1.893,1.893,0.0,1.0
2023-08-24,1.91,1.91,0.0,1.0
2023-08-25,1.906,1.906,0.0,1.0
2023-08-28,1.927,1.927,0.0,1.0
2023-08-29,1.946,1.946,0.0,1.0
2023-08-30,1.953,1.953,0.0,1.0
2023-08-31,1.937,1.937,0.0,1.0
2023-09-01,1.969,1.969,0.0,1.0
2023-09-04,2.009,2.009,0.0,1.0
2023-09-05,1.985,1.985,0.0,1.0
2023-09-06,1.979,1.979,0.0,1.0
2023-09-07,1.954,1.954,0.0,1.0
2023-09-08,1.942,1.942,0.0,1.0
2023-09-11,1.955,1.955,0.0,1.0
2023-09-12,1.949,1.949,0.0,1.0
2023-09-13,1.939,1.939,0.0,1.0
2023-09-14,1.932,1.932,0.0,1.0
2023-09-15,1.914,1.914,0.0,1.0
2023-09-18,1.923,1.923,0.0,1.0
2023-09-19,1.918,1.918,0.0,1.0
2023-09-20,1.92,1.92,0.0,1.0
2023-09-21,1.899,1.899,0.0,1.0
2023-09-22,1.931,1.931,0.0,1.0
2023-09-25,1.916,1.916,0.0,1.0
2023-09-26,1.909,1.909,0.0,1.0
2023-09-27,1.91,1.91,0.0,1.0
2023-09-28,1.903,1.903,0.0,1.0
2023-10-09,1.904,1.904,0.0,1.0
2023-10-10,1.883,1.883,0.0,1.0
2023-10-11,1.883,1.883,0.0,1.0
2023-10-12,1.893,1.893,0.0,1.0
2023-10-13,1.876,1.876,0.0,1.0
2023-10-16,1.858,1.858,0.0,1.0
2023-10-17,1.865,1.865,0.0,1.0
2023-10-18,1.853,1.853,0.0,1.0
2023-10-19,1.808,1.808,0.0,1.0
2023-10-20,1.796,1.796,0.0,1.0
2023-10-23,1.787,1.787,0.0,1.0
2023-10-24,1.796,1.796,0.0,1.0
2023-10-25,1.82,1.82,0.0,1.0
2023-10-26,1.828,1.828,0.0,1.0
2023-10-27,1.851,1.851,0.0,1.0
2023-10-30,1.869,1.869,0.0,1.0
2023-10-31,1.857,1.857,0.0,1.0
2023-11-01,1.865,1.865,0.0,1.0
2023-11-02,1.857,1.857,0.0,1.0
2023-11-03,1.865,1.865,0.0,1.0
2023-11-06,1.888,1.888,0.0,1.0
2023-11-07,1.889,1.889,0.0,1.0
2023-11-08,1.88,1.88,0.0,1.0
2023-11-09,1.881,1.881,0.0,1.0
2023-11-10,1.868,1.868,0.0,1.0
2023-11-13,1.847,1.847,0.0,1.0
2023-11-14,1.852,1.852,0.0,1.0
2023-11-15,1.868,1.868,0.0,1.0
2023-11-16,1.856,1.856,0.0,1.0
2023-11-17,1.848,1.848,0.0,1.0
2023-11-20,1.855,1.855,0.0,1.0
2023-11-21,1.863,1.863,0.0,1.0
2023-11-22,1.846,1.846,0.0,1.0
2023-11-23,1.864,1.864,0.0,1.0
2023-11-24,1.86,1.86,0.0,1.0
2023-11-27,1.853,1.853,0.0,1.0
2023-11-28,1.857,1.857,0.0,1.0
2023-11-29,1.839,1.839,0.0,1.0
2023-11-30,1.834,1.834,0.0,1.0
2023-12-01,1.816,1.816,0.0,1.0
2023-12-04,1.8,1.8,0.0,1.0
2023-12-05,1.763,1.763,0.0,1.0
2023-12-06,1.77,1.77,0.0,1.0
2023-12-07,1.767,1.767,0.0,1.0
2023-12-08,1.765,1.765,0.0,1.0
2023-12-11,1.765,1.765,0.0,1.0
2023-12-12,1.77,1.77,0.0,1.0
2023-12-13,1.738,1.738,0.0,1.0
2023-12-14,1.721,1.721,0.0,1.0
2023-12-15,1.726,1.726,0.0,1.0
2023-12-18,1.717,1.717,0.0,1.0
2023-12-19,1.717,1.717,0.0,1.0
2023-12-20,1.691,1.691,0.0,1.0
2023-12-21,1.708,1.708,0.0,1.0
2023-12-22,1.706,1.706,0.0,1.0
2023-12-25,1.713,1.713,0.0,1.0
2023-12-26,1.703,1.703,0.0,1.0
2023-12-27,1.714,1.714,0.0,1.0
2023-12-28,1.751,1.751,0.0,1.0
2023-12-29,1.759,1.759,0.0,1.0
2024-01-02,1.735,1.735,0.0,1.0
2024-01-03,1.726,1.726,0.0,1.0
2024-01-04,1.713,1.713,0.0,1.0
2024-01-05,1.713,1.713,0.0,1.0
2024-01-08,1.696,1.696,0.0,1.0
2024-01-09,1.697,1.697,0.0,1.0
2024-01-10,1.689,1.689,0.0,1.0
2024-01-11,1.697,1.697,0.0,1.0
2024-01-12,1.692,1.692,0.0,1.0
2024-01-15,1.697,1.697,0.0,1.0
2024-01-16,1.708,1.708,0.0,1.0
2024-01-17,1.682,1.682,0.0,1.0
2024-01-18,1.691,1.691,0.0,1.0
2024-01-19,1.685,1.685,0.0,1.0
2024-01-22,1.653,1.653,0.0,1.0
2024-01-23,1.662,1.662,0.0,1.0
2024-01-24,1.69,1.69,0.0,1.0
2024-01-25,1.721,1.721,0.0,1.0
2024-01-26,1.725,1.725,0.0,1.0
2024-01-29,1.735,1.735,0.0,1.0
2024-01-30,1.707,1.707,0.0,1.0
2024-01-31,1.696,1.696,0.0,1.0
2024-02-01,1.696,1.696,0.0,1.0
2024-02-02,1.68,1.68,0.0,1.0
2024-02-05,1.687,1.687,0.0,1.0
2024-02-06,1.746,1.746,0.0,1.0
2024-02-07,1.756,1.756,0.0,1.0
2024-02-08,1.762,1.762,0.0,1.0
2024-02-19,1.787,1.787,0.0,1.0
2024-02-20,1.796,1.796,0.0,1.0
2024-02-21,1.833,1.833,0.0,1.0
2024-02-22,1.834,1.834,0.0,1.0
2024-02-23,1.835,1.835,0.0,1.0
2024-02-26,1.828,1.828,0.0,1.0
2024-02-27,1.845,1.845,0.0,1.0
2024-02-28,1.827,1.827,0.0,1.0
2024-02-29,1.864,1.864,0.0,1.0
2024-03-01,1.875,1.875,0.0,1.0
2024-03-04,1.856,1.856,0.0,1.0
2024-03-05,1.875,1.875,0.0,1.0
2024-03-06,1.855,1.855,0.0,1.0
2024-03-07,1.856,1.856,0.0,1.0
2024-03-08,1.857,1.857,0.0,1.0
2024-03-11,1.866,1.866,0.0,1.0
2024-03-12,1.881,1.881,0.0,1.0
2024-03-13,1.876,1.876,0.0,1.0
2024-03-14,1.882,1.882,0.0,1.0
2024-03-15,1.881,1.881,0.0,1.0
2024-03-18,1.883,1.883,0.0,1.0
2024-03-19,1.884,1.884,0.0,1.0
2024-03-20,1.877,1.877,0.0,1.0
2024-03-21,1.877,1.877,0.0,1.0
2024-03-22,1.859,1.859,0.0,1.0
2024-03-25,1.855,1.855,0.0,1.0
2024-03-26,1.872,1.872,0.0,1.0
2024-03-27,1.856,1.856,0.0,1.0
2024-03-28,1.869,1.869,0.0,1.0
2024-03-29,1.875,1.875,0.0,1.0
2024-04-01,1.931,1.931,0.0,1.0
2024-04-02,1.919,1.919,0.0,1.0
2024-04-03,1.923,1.923,0.0,1.0
2024-04-08,1.888,1.888,0.0,1.0
2024-04-09,1.875,1.875,0.0,1.0
2024-04-10,1.852,1.852,0.0,1.0
2024-04-11,1.862,1.862,0.0,1.0
2024-04-12,1.84,1.84,0.0,1.0
2024-04-15,1.89,1.89,0.0,1.0
2024-04-16,1.877,1.877,0.0,1.0
2024-04-17,1.907,1.907,0.0,1.0
2024-04-18,1.911,1.911,0.0,1.0
2024-04-19,1.903,1.903,0.0,1.0
2024-04-22,1.899,1.899,0.0,1.0
2024-04-23,1.88,1.88,0.0,1.0
2024-04-24,1.887,1.887,0.0,1.0
2024-04-25,1.888,1.888,0.0,1.0
2024-04-26,1.912,1.912,0.0,1.0
2024-04-29,1.93,1.93,0.0,1.0
2024-04-30,1.923,1.923,0.0,1.0
2024-05-06,1.964,1.964,0.0,1.0
2024-05-07,1.955,1.955,0.0,1.0
2024-05-08,1.933,1.933,0.0,1.0
2024-05-09,1.955,1.955,0.0,1.0
2024-05-10,1.962,1.962,0.0,1.0
2024-05-13,1.953,1.953,0.0,1.0
2024-05-14,1.944,1.944,0.0,1.0
2024-05-15,1.952,1.952,0.0,1.0
2024-05-16,1.955,1.955,0.0,1.0
2024-05-17,1.974,1.974,0.0,1.0
2024-05-20,1.966,1.966,0.0,1.0
2024-05-21,1.964,1.964,0.0,1.0
2024-05-22,1.956,1.956,0.0,1.0
2024-05-23,1.932,1.932,0.0,1.0
2024-05-24,1.92,1.92,0.0,1.0
2024-05-27,1.938,1.938,0.0,1.0
2024-05-28,1.912,1.912,0.0,1.0
2024-05-29,1.9,1.9,0.0,1.0
2024-05-30,1.887,1.887,0.0,1.0
2024-05-31,1.88,1.88,0.0,1.0
2024-06-03,1.875,1.875,0.0,1.0
2024-06-04,1.895,1.895,0.0,1.0
2024-06-05,1.877,1.877,0.0,1.0
2024-06-06,1.878,1.878,0.0,1.0
2024-06-07,1.872,1.872,0.0,1.0
2024-06-11,1.851,1.851,0.0,1.0
2024-06-12,1.847,1.847,0.0,1.0
2024-06-13,1.822,1.822,0.0,1.0
2024-06-14,1.839,1.839,0.0,1.0
2024-06-17,1.825,1.825,0.0,1.0
2024-06-18,1.828,1.828,0.0,1.0
2024-06-19,1.816,1.816,0.0,1.0
2024-06-20,1.797,1.797,0.0,1.0
2024-06-21,1.795,1.795,0.0,1.0
2024-06-24,1.785,1.785,0.0,1.0
2024-06-25,1.792,1.792,0.0,1.0
2024-06-26,1.799,1.799,0.0,1.0
2024-06-27,1.777,1.777,0.0,1.0
2024-06-28,1.778,1.778,0.0,1.0
2024-07-01,1.791,1.791,0.0,1.0
2024-07-02,1.777,1.777,0.0,1.0
2024-07-03,1.771,1.771,0.0,1.0
2024-07-04,1.765,1.765,0.0,1.0
2024-07-05,1.753,1.753,0.0,1.0
2024-07-08,1.729,1.729,0.0,1.0
2024-07-09,1.744,1.744,0.0,1.0
2024-07-10,1.742,1.742,0.0,1.0
2024-07-11,1.773,1.773,0.0,1.0
2024-07-12,1.785,1.785,0.0,1.0
2024-07-15,1.775,1.775,0.0,1.0
2024-07-16,1.772,1.772,0.0,1.0
2024-07-17,1.773,1.773,0.0,1.0
2024-07-18,1.783,1.783,0.0,1.0
2024-07-19,1.791,1.791,0.0,1.0
2024-07-22,1.772,1.772,0.0,1.0
2024-07-23,1.73,1.73,0.0,1.0
2024-07-24,1.704,1.704,0.0,1.0
2024-07-25,1.702,1.702,0.0,1.0
2024-07-26,1.733,1.733,0.0,1.0
2024-07-29,1.721,1.721,0.0,1.0
2024-07-30,1.701,1.701,0.0,1.0
2024-07-31,1.748,1.748,0.0,1.0
2024-08-01,1.736,1.736,0.0,1.0
2024-08-02,1.722,1.722,0.0,1.0
2024-08-05,1.707,1.707,0.0,1.0
2024-08-06,1.705,1.705,0.0,1.0
2024-08-07,1.707,1.707,0.0,1.0
2024-08-08,1.715,1.715,0.0,1.0
2024-08-09,1.707,1.707,0.0,1.0
2024-08-12,1.703,1.703,0.0,1.0
2024-08-13,1.702,1.702,0.0,1.0
2024-08-14,1.687,1.687,0.0,1.0
2024-08-15,1.705,1.705,0.0,1.0
2024-08-16,1.704,1.704,0.0,1.0
2024-08-19,1.71,1.71,0.0,1.0
2024-08-20,1.703,1.703,0.0,1.0
2024-08-21,1.698,1.698,0.0,1.0
2024-08-22,1.696,1.696,0.0,1.0
2024-08-23,1.714,1.714,0.0,1.0
2024-08-26,1.713,1.713,0.0,1.0
2024-08-27,1.701,1.701,0.0,1.0
2024-08-28,1.681,1.681,0.0,1.0
2024-08-29,1.686,1.686,0.0,1.0
2024-08-30,1.717,1.717,0.0,1.0
2024-09-02,1.694,1.694,0.0,1.0
2024-09-03,1.702,1.702,0.0,1.0
2024-09-04,1.695,1.695,0.0,1.0
2024-09-05,1.687,1.687,0.0,1.0
2024-09-06,1.671,1.671,0.0,1.0
2024-09-09,1.639,1.639,0.0,1.0
2024-09-10,1.64,1.64,0.0,1.0
2024-09-11,1.634,1.634,0.0,1.0
2024-09-12,1.621,1.621,0.0,1.0
2024-09-13,1.613,1.613,0.0,1.0
2024-09-18,1.63,1.63,0.0,1.0
2024-09-19,1.656,1.656,0.0,1.0
2024-09-20,1.663,1.663,0.0,1.0
2024-09-23,1.681,1.681,0.0,1.0
2024-09-24,1.737,1.737,0.0,1.0
2024-09-25,1.764,1.764,0.0,1.0
2024-09-26,1.875,1.875,0.0,1.0
2024-09-27,1.873,1.947,0.074,1.0
2024-09-30,2.026,2.0999999999999996,0.074,1.0
2024-10-08,2.109,2.183,0.074,1.0
2024-10-09,1.927,2.001,0.074,1.0
2024-10-10,1.964,2.038,0.074,1.0
2024-10-11,1.907,1.981,0.074,1.0
2024-10-14,1.954,2.028,0.074,1.0
2024-10-15,1.899,1.973,0.074,1.0
2024-10-16,1.891,1.965,0.074,1.0
2024-10-17,1.853,1.927,0.074,1.0
2024-10-18,1.899,1.973,0.074,1.0
2024-10-21,1.897,1.971,0.074,1.0
2024-10-22,1.926,2.0,0.074,1.0
2024-10-23,1.942,2.016,0.074,1.0
2024-10-24,1.916,1.99,0.074,1.0
2024-10-25,1.924,1.998,0.074,1.0
2024-10-28,1.938,2.012,0.074,1.0
2024-10-29,1.913,1.987,0.074,1.0
2024-10-30,1.82,1.979,0.159,1.0
2024-10-31,1.82,1.979,0.159,1.0
2024-11-01,1.822,1.981,0.159,1.0
2024-11-04,1.833,1.992,0.159,1.0
2024-11-05,1.872,2.031,0.159,1.0
2024-11-06,1.855,2.014,0.159,1.0
2024-11-07,1.918,2.077,0.159,1.0
2024-11-08,1.899,2.058,0.159,1.0
2024-11-11,1.894,2.053,0.159,1.0
2024-11-12,1.873,2.032,0.159,1.0
2024-11-13,1.877,2.036,0.159,1.0
2024-11-14,1.857,2.016,0.159,1.0
2024-11-15,1.835,1.994,0.159,1.0
2024-11-18,1.821,1.98,0.159,1.0
2024-11-19,1.822,1.981,0.159,1.0
2024-11-20,1.825,1.984,0.159,1.0
2024-11-21,1.819,1.978,0.159,1.0
2024-11-22,1.771,1.93,0.159,1.0
2024-11-25,1.759,1.918,0.159,1.0
2024-11-26,1.761,1.92,0.159,1.0
2024-11-27,1.788,1.947,0.159,1.0
2024-11-28,1.774,1.933,0.159,1.0
2024-11-29,1.713,1.9500000000000002,0.237,1.0
2024-12-02,1.72,1.9569999999999999,0.237,1.0
2024-12-03,1.72,1.9569999999999999,0.237,1.0
2024-12-04,1.712,1.9489999999999998,0.237,1.0
2024-12-05,1.71,1.947,0.237,1.0
2024-12-06,1.73,1.967,0.237,1.0
2024-12-09,1.734,1.971,0.237,1.0
2024-12-10,1.751,1.988,0.237,1.0
2024-12-11,1.758,1.995,0.237,1.0
2024-12-12,1.772,2.009,0.237,1.0
2024-12-13,1.734,1.971,0.237,1.0
2024-12-16,1.715,1.952,0.237,1.0
2024-12-17,1.715,1.952,0.237,1.0
2024-12-18,1.723,1.96,0.237,1.0
2024-12-19,1.724,1.9609999999999999,0.237,1.0
2024-12-20,1.72,1.9569999999999999,0.237,1.0
2024-12-23,1.66,1.966,0.306,1.0
2024-12-24,1.676,1.982,0.306,1.0
2024-12-25,1.673,1.979,0.306,1.0
2024-12-26,1.672,1.978,0.306,1.0
2024-12-27,1.666,1.972,0.306,1.0
2024-12-30,1.666,1.972,0.306,1.0
2024-12-31,1.651,1.957,0.306,1.0
2025-01-02,1.625,1.931,0.306,1.0
2025-01-03,1.61,1.9160000000000001,0.306,1.0
2025-01-06,1.602,1.9080000000000001,0.306,1.0
2025-01-07,1.606,1.9120000000000001,0.306,1.0
2025-01-08,1.614,1.9200000000000002,0.306,1.0
2025-01-09,1.619,1.925,0.306,1.0
2025-01-10,1.591,1.897,0.306,1.0
2025-01-13,1.579,1.885,0.306,1.0
2025-01-14,1.616,1.9220000000000002,0.306,1.0
2025-01-15,1.605,1.911,0.306,1.0
2025-01-16,1.61,1.9160000000000001,0.306,1.0
2025-01-17,1.618,1.9240000000000002,0.306,1.0
2025-01-20,1.618,1.9240000000000002,0.306,1.0
2025-01-21,1.613,1.919,0.306,1.0
2025-01-22,1.593,1.899,0.306,1.0
2025-01-23,1.6,1.9060000000000001,0.306,1.0
2025-01-24,1.607,1.913,0.306,1.0
2025-01-27,1.613,1.919,0.306,1.0
2025-02-05,1.593,1.899,0.306,1.0
2025-02-06,1.602,1.9080000000000001,0.306,1.0
2025-02-07,1.62,1.9260000000000002,0.306,1.0
2025-02-10,1.622,1.9280000000000002,0.306,1.0
2025-02-11,1.62,1.9260000000000002,0.306,1.0
2025-02-12,1.624,1.9300000000000002,0.306,1.0
2025-02-13,1.629,1.935,0.306,1.0
2025-02-14,1.636,1.942,0.306,1.0
2025-02-17,1.634,1.94,0.306,1.0
2025-02-18,1.62,1.9260000000000002,0.306,1.0
2025-02-19,1.62,1.9260000000000002,0.306,1.0
2025-02-20,1.616,1.9220000000000002,0.306,1.0
2025-02-21,1.628,1.934,0.306,1.0
2025-02-24,1.634,1.94,0.306,1.0
2025-02-25,1.609,1.915,0.306,1.0
2025-02-26,1.622,1.9280000000000002,0.306,1.0
2025-02-27,1.637,1.943,0.306,1.0
2025-02-28,1.618,1.9240000000000002,0.306,1.0
2025-03-03,1.62,1.9260000000000002,0.306,1.0
2025-03-04,1.627,1.933,0.306,1.0
2025-03-05,1.634,1.94,0.306,1.0
2025-03-06,1.652,1.958,0.306,1.0
2025-03-07,1.66,1.966,0.306,1.0
2025-03-10,1.658,1.964,0.306,1.0
2025-03-11,1.667,1.973,0.306,1.0
2025-03-12,1.664,1.97,0.306,1.0
2025-03-13,1.66,1.966,0.306,1.0
2025-03-14,1.696,2.002,0.306,1.0
2025-03-17,1.693,1.999,0.306,1.0
2025-03-18,1.706,2.012,0.306,1.0
2025-03-19,1.71,2.016,0.306,1.0
2025-03-20,1.681,1.987,0.306,1.0
2025-03-21,1.668,1.974,0.306,1.0
2025-03-24,1.686,1.992,0.306,1.0
2025-03-25,1.679,1.985,0.306,1.0
2025-03-26,1.673,1.979,0.306,1.0
2025-03-27,1.679,1.985,0.306,1.0
2025-03-28,1.679,1.985,0.306,1.0
2025-03-31,1.677,1.983,0.306,1.0
2025-04-01,1.668,1.974,0.306,1.0
2025-04-02,1.671,1.977,0.306,1.0
2025-04-03,1.659,1.965,0.306,1.0
2025-04-07,1.539,1.845,0.306,1.0
2025-04-08,1.586,1.8920000000000001,0.306,1.0
2025-04-09,1.599,1.905,0.306,1.0
2025-04-10,1.624,1.9300000000000002,0.306,1.0
2025-04-11,1.616,1.9220000000000002,0.306,1.0
2025-04-14,1.613,1.919,0.306,1.0
2025-04-15,1.623,1.929,0.306,1.0
2025-04-16,1.625,1.931,0.306,1.0
2025-04-17,1.622,1.9280000000000002,0.306,1.0
2025-04-18,1.623,1.929,0.306,1.0
2025-04-21,1.628,1.934,0.306,1.0
2025-04-22,1.628,1.934,0.306,1.0
2025-04-23,1.623,1.929,0.306,1.0
2025-04-24,1.622,1.9280000000000002,0.306,1.0
2025-04-25,1.617,1.923,0.306,1.0
2025-04-28,1.62,1.9260000000000002,0.306,1.0
2025-04-29,1.617,1.923,0.306,1.0
2025-04-30,1.616,1.9220000000000002,0.306,1.0
2025-05-06,1.631,1.937,0.306,1.0
2025-05-07,1.635,1.941,0.306,1.0
2025-05-08,1.639,1.945,0.306,1.0
2025-05-09,1.638,1.944,0.306,1.0
2025-05-12,1.646,1.952,0.306,1.0
2025-05-13,1.651,1.957,0.306,1.0
2025-05-14,1.662,1.968,0.306,1.0
2025-05-15,1.647,1.953,0.306,1.0
2025-05-16,1.641,1.947,0.306,1.0
2025-05-19,1.637,1.943,0.306,1.0
2025-05-20,1.651,1.957,0.306,1.0
2025-05-21,1.659,1.965,0.306,1.0
2025-05-22,1.656,1.962,0.306,1.0
2025-05-23,1.648,1.954,0.306,1.0
2025-05-26,1.638,1.944,0.306,1.0
2025-05-27,1.632,1.938,0.306,1.0
2025-05-28,1.637,1.943,0.306,1.0
2025-05-29,1.642,1.948,0.306,1.0
2025-05-30,1.644,1.95,0.306,1.0
2025-06-03,1.629,1.935,0.306,1.0
2025-06-04,1.633,1.939,0.306,1.0
2025-06-05,1.626,1.932,0.306,1.0
2025-06-06,1.63,1.936,0.306,1.0
2025-06-09,1.638,1.944,0.306,1.0
2025-06-10,1.63,1.936,0.306,1.0
2025-06-11,1.641,1.947,0.306,1.0
2025-06-12,1.64,1.946,0.306,1.0
2025-06-13,1.626,1.932,0.306,1.0
2025-06-16,1.615,1.921,0.306,1.0
2025-06-17,1.616,1.9220000000000002,0.306,1.0
2025-06-18,1.616,1.9220000000000002,0.306,1.0
2025-06-19,1.6,1.9060000000000001,0.306,1.0
2025-06-20,1.606,1.9120000000000001,0.306,1.0
2025-06-23,1.606,1.9120000000000001,0.306,1.0
2025-06-24,1.62,1.9260000000000002,0.306,1.0
2025-06-25,1.634,1.94,0.306,1.0
2025-06-26,1.628,1.934,0.306,1.0
2025-06-27,1.627,1.933,0.306,1.0
2025-06-30,1.625,1.931,0.306,1.0
2025-07-01,1.629,1.935,0.306,1.0
2025-07-02,1.635,1.941,0.306,1.0
2025-07-03,1.64,1.946,0.306,1.0
2025-07-04,1.644,1.95,0.306,1.0
2025-07-07,1.635,1.941,0.306,1.0
2025-07-08,1.642,1.948,0.306,1.0
2025-07-09,1.64,1.946,0.306,1.0
2025-07-10,1.646,1.952,0.306,1.0
2025-07-11,1.66,1.966,0.306,1.0
2025-07-14,1.662,1.968,0.306,1.0
2025-07-15,1.658,1.964,0.306,1.0
2025-07-16,1.657,1.963,0.306,1.0
2025-07-17,1.662,1.968,0.306,1.0
2025-07-18,1.675,1.981,0.306,1.0
2025-07-21,1.688,1.994,0.306,1.0
2025-07-22,1.719,2.025,0.306,1.0
2025-07-23,1.712,2.018,0.306,1.0
2025-07-24,1.719,2.025,0.306,1.0
2025-07-25,1.702,2.008,0.306,1.0
2025-07-28,1.696,2.002,0.306,1.0
2025-07-29,1.689,1.995,0.306,1.0
2025-07-30,1.705,2.011,0.306,1.0
2025-07-31,1.668,1.974,0.306,1.0
2025-08-01,1.671,1.977,0.306,1.0
2025-08-04,1.677,1.983,0.306,1.0
2025-08-05,1.695,2.001,0.306,1.0
2025-08-06,1.701,2.007,0.306,1.0
2025-08-07,1.704,2.01,0.306,1.0
2025-08-08,1.71,2.016,0.306,1.0
2025-08-11,1.716,2.022,0.306,1.0
2025-08-12,1.72,2.026,0.306,1.0
2025-08-13,1.725,2.031,0.306,1.0
2025-08-14,1.721,2.027,0.306,1.0
2025-08-15,1.727,2.033,0.306,1.0
2025-08-18,1.727,2.033,0.306,1.0
2025-08-19,1.729,2.035,0.306,1.0
2025-08-20,1.742,2.048,0.306,1.0
2025-08-21,1.747,2.053,0.306,1.0
2025-08-22,1.757,2.0629999999999997,0.306,1.0
2025-08-25,1.793,2.0989999999999998,0.306,1.0
2025-08-26,1.799,2.105,0.306,1.0
2025-08-27,1.763,2.069,0.306,1.0
2025-08-28,1.771,2.077,0.306,1.0
2025-08-29,1.78,2.086,0.306,1.0
2025-09-01,1.789,2.0949999999999998,0.306,1.0
2025-09-02,1.786,2.092,0.306,1.0
2025-09-03,1.772,2.078,0.306,1.0
2025-09-04,1.752,2.058,0.306,1.0
2025-09-05,1.779,2.085,0.306,1.0
2025-09-08,1.802,2.108,0.306,1.0
2025-09-09,1.805,2.1109999999999998,0.306,1.0
2025-09-10,1.794,2.1,0.306,1.0
2025-09-11,1.801,2.1069999999999998,0.306,1.0
2025-09-12,1.791,2.097,0.306,1.0
2025-09-15,1.786,2.092,0.306,1.0
2025-09-16,1.776,2.082,0.306,1.0
2025-09-17,1.785,2.0909999999999997,0.306,1.0
2025-09-18,1.76,2.066,0.306,1.0
2025-09-19,1.773,2.0789999999999997,0.306,1.0
2025-09-22,1.755,2.061,0.306,1.0
2025-09-23,1.746,2.052,0.306,1.0
2025-09-24,1.765,2.0709999999999997,0.306,1.0
2025-09-25,1.765,2.0709999999999997,0.306,1.0
2025-09-26,1.758,2.064,0.306,1.0
2025-09-29,1.785,2.0909999999999997,0.306,1.0
2025-09-30,1.785,2.0909999999999997,0.306,1.0
2025-10-09,1.808,2.114,0.306,1.0
2025-10-10,1.805,2.1109999999999998,0.306,1.0
2025-10-13,1.784,2.09,0.306,1.0
2025-10-14,1.789,2.0949999999999998,0.306,1.0
2025-10-15,1.808,2.114,0.306,1.0
2025-10-16,1.802,2.108,0.306,1.0
2025-10-17,1.774,2.08,0.306,1.0
2025-10-20,1.771,2.077,0.306,1.0
2025-10-21,1.78,2.086,0.306,1.0
2025-10-22,1.783,2.089,0.306,1.0
2025-10-23,1.796,2.102,0.306,1.0
2025-10-24,1.793,2.0989999999999998,0.306,1.0
2025-10-27,1.797,2.1029999999999998,0.306,1.0
2025-10-28,1.776,2.082,0.306,1.0
2025-10-29,1.79,2.096,0.306,1.0
2025-10-30,1.789,2.0949999999999998,0.306,1.0
2025-10-31,1.795,2.101,0.306,1.0
2025-11-03,1.789,2.0949999999999998,0.306,1.0
2025-11-04,1.772,2.078,0.306,1.0
2025-11-05,1.772,2.078,0.306,1.0
2025-11-06,1.801,2.1069999999999998,0.306,1.0
2025-11-07,1.797,2.1029999999999998,0.306,1.0
2025-11-10,1.831,2.137,0.306,1.0
2025-11-11,1.823,2.129,0.306,1.0
2025-11-12,1.83,2.136,0.306,1.0
2025-11-13,1.841,2.147,0.306,1.0
2025-11-14,1.819,2.125,0.306,1.0
2025-11-17,1.803,2.109,0.306,1.0
2025-11-18,1.795,2.101,0.306,1.0
2025-11-19,1.794,2.1,0.306,1.0
2025-11-20,1.789,2.0949999999999998,0.306,1.0
2025-11-21,1.766,2.072,0.306,1.0
2025-11-24,1.764,2.07,0.306,1.0
2025-11-25,1.773,2.0789999999999997,0.306,1.0
2025-11-26,1.781,2.0869999999999997,0.306,1.0
2025-11-27,1.783,2.089,0.306,1.0
2025-11-28,1.792,2.098,0.306,1.0
2025-12-01,1.805,2.1109999999999998,0.306,1.0
2025-12-02,1.802,2.108,0.306,1.0
2025-12-03,1.806,2.112,0.306,1.0
2025-12-04,1.799,2.105,0.306,1.0
2025-12-05,1.819,2.125,0.306,1.0
2025-12-08,1.808,2.114,0.306,1.0
2025-12-09,1.78,2.086,0.306,1.0
2025-12-10,1.789,2.0949999999999998,0.306,1.0
2025-12-11,1.781,2.0869999999999997,0.306,1.0
2025-12-12,1.79,2.096,0.306,1.0
2025-12-15,1.798,2.104,0.306,1.0
2025-12-16,1.779,2.085,0.306,1.0
2025-12-17,1.8,2.106,0.306,1.0
2025-12-18,1.8,2.106,0.306,1.0
2025-12-19,1.812,2.118,0.306,1.0
2025-12-22,1.809,2.1149999999999998,0.306,1.0
2025-12-23,1.808,2.114,0.306,1.0
2025-12-24,1.804,2.11,0.306,1.0
2025-12-25,1.81,2.116,0.306,1.0
2025-12-26,1.821,2.127,0.306,1.0
2025-12-29,1.805,2.1109999999999998,0.306,1.0
2025-12-30,1.808,2.114,0.306,1.0
2025-12-31,1.805,2.1109999999999998,0.306,1.0
2026-01-05,1.829,2.135,0.306,1.0
2026-01-06,1.854,2.16,0.306,1.0
2026-01-07,1.849,2.155,0.306,1.0
2026-01-08,1.837,2.143,0.306,1.0
2026-01-09,1.858,2.164,0.306,1.0
2026-01-12,1.873,2.179,0.306,1.0
2026-01-13,1.863,2.169,0.306,1.0
2026-01-14,1.862,2.168,0.306,1.0
2026-01-15,1.86,2.166,0.306,1.0
2026-01-16,1.851,2.157,0.306,1.0
2026-01-19,1.875,2.181,0.306,1.0
2026-01-20,1.894,2.1999999999999997,0.306,1.0
2026-01-21,1.888,2.194,0.306,1.0
2026-01-22,1.884,2.19,0.306,1.0
2026-01-23,1.891,2.197,0.306,1.0
2026-01-26,1.906,2.2119999999999997,0.306,1.0
2026-01-27,1.875,2.181,0.306,1.0
2026-01-28,1.885,2.191,0.306,1.0
2026-01-29,1.94,2.246,0.306,1.0
2026-01-30,1.886,2.1919999999999997,0.306,1.0
2026-02-02,1.84,2.146,0.306,1.0
2026-02-03,1.882,2.1879999999999997,0.306,1.0
2026-02-04,1.912,2.218,0.306,1.0
2026-02-05,1.904,2.21,0.306,1.0
2026-02-06,1.888,2.194,0.306,1.0
2026-02-09,1.901,2.207,0.306,1.0
2026-02-10,1.908,2.214,0.306,1.0
2026-02-11,1.909,2.215,0.306,1.0
2026-02-12,1.907,2.213,0.306,1.0
2026-02-13,1.882,2.1879999999999997,0.306,1.0
2026-02-24,1.906,2.2119999999999997,0.306,1.0
2026-02-25,1.907,2.213,0.306,1.0
2026-02-26,1.899,2.205,0.306,1.0
2026-02-27,1.897,2.203,0.306,1.0
2026-03-02,1.897,2.203,0.306,1.0
2026-03-03,1.86,2.166,0.306,1.0
2026-03-04,1.846,2.152,0.306,1.0
2026-03-05,1.86,2.166,0.306,1.0
2026-03-06,1.876,2.182,0.306,1.0
2026-03-09,1.85,2.156,0.306,1.0
2026-03-10,1.873,2.179,0.306,1.0
2026-03-11,1.881,2.187,0.306,1.0
2026-03-12,1.87,2.176,0.306,1.0
2026-03-13,1.862,2.168,0.306,1.0
2026-03-16,1.846,2.152,0.306,1.0
2026-03-17,1.84,2.146,0.306,1.0
2026-03-18,1.835,2.141,0.306,1.0
2026-03-19,1.793,2.0989999999999998,0.306,1.0
2026-03-20,1.774,2.08,0.306,1.0
2026-03-23,1.718,2.024,0.306,1.0
2026-03-24,1.748,2.054,0.306,1.0
2026-03-25,1.77,2.076,0.306,1.0
2026-03-26,1.746,2.052,0.306,1.0
2026-03-27,1.763,2.069,0.306,1.0
2026-03-30,1.778,2.084,0.306,1.0
2026-03-31,1.784,2.09,0.306,1.0
2026-04-01,1.807,2.113,0.306,1.0
2026-04-02,1.8,2.106,0.306,1.0
2026-04-03,1.779,2.085,0.306,1.0
2026-04-07,1.772,2.078,0.306,1.0
2026-04-08,1.82,2.126,0.306,1.0
2026-04-09,1.802,2.108,0.306,1.0
2026-04-10,1.806,2.112,0.306,1.0
2026-04-13,1.804,2.11,0.306,1.0
2026-04-14,1.818,2.124,0.306,1.0
2026-04-15,1.824,2.13,0.306,1.0
2026-04-16,1.838,2.144,0.306,1.0
2026-04-17,1.82,2.126,0.306,1.0
2026-04-20,1.821,2.127,0.306,1.0
2026-04-21,1.819,2.125,0.306,1.0
2026-04-22,1.821,2.127,0.306,1.0
2026-04-23,1.824,2.13,0.306,1.0
2026-04-24,1.82,2.126,0.306,1.0
2026-04-27,1.814,2.12,0.306,1.0
2026-04-28,1.828,2.134,0.306,1.0
2026-04-29,1.853,2.159,0.306,1.0
2026-04-30,1.846,2.152,0.306,1.0
2026-05-06,1.86,2.166,0.306,1.0
2026-05-07,1.852,2.158,0.306,1.0
2026-05-08,1.838,2.144,0.306,1.0
2026-05-11,1.851,2.157,0.306,1.0
2026-05-12,1.831,2.137,0.306,1.0
2026-05-13,1.835,2.141,0.306,1.0
2026-05-14,1.82,2.126,0.306,1.0
2026-05-15,1.797,2.1029999999999998,0.306,1.0
2026-05-18,1.761,2.0669999999999997,0.306,1.0
2026-05-19,1.76,2.066,0.306,1.0
2026-05-20,1.758,2.064,0.306,1.0
2026-05-21,1.742,2.048,0.306,1.0
2026-05-22,1.747,2.053,0.306,1.0
2026-05-25,1.754,2.06,0.306,1.0
2026-05-26,1.762,2.068,0.306,1.0
2026-05-27,1.741,2.047,0.306,1.0
2026-05-28,1.718,2.024,0.306,1.0
2026-05-29,1.747,2.053,0.306,1.0
2026-06-01,1.739,2.045,0.306,1.0
2026-06-02,1.74,2.046,0.306,1.0
2026-06-03,1.73,2.036,0.306,1.0
2026-06-04,1.716,2.022,0.306,1.0
2026-06-05,1.703,2.009,0.306,1.0
2026-06-08,1.676,1.982,0.306,1.0
2026-06-09,1.68,1.986,0.306,1.0
2026-06-10,1.678,1.984,0.306,1.0
2026-06-11,1.681,1.987,0.306,1.0
2026-06-12,1.697,2.003,0.306,1.0
2026-06-15,1.696,2.002,0.306,1.0
2026-06-16,1.679,1.985,0.306,1.0
2026-06-17,1.69,1.996,0.306,1.0
2026-06-18,1.672,1.978,0.306,1.0
2026-06-22,1.697,2.003,0.306,1.0
2026-06-23,1.646,1.952,0.306,1.0
2026-06-24,1.651,1.957,0.306,1.0
2026-06-25,1.657,1.963,0.306,1.0
2026-06-26,1.622,1.9280000000000002,0.306,1.0
2026-06-29,1.638,1.944,0.306,1.0
2026-06-30,1.639,1.945,0.306,1.0
2026-07-01,1.653,1.959,0.306,1.0
2026-07-02,1.639,1.945,0.306,1.0
2026-07-03,1.662,1.968,0.306,1.0
2026-07-06,1.671,1.977,0.306,1.0
2026-07-07,1.648,1.954,0.306,1.0
2026-07-08,1.623,1.929,0.306,1.0
2026-07-09,1.627,1.933,0.306,1.0
2026-07-10,1.616,1.9220000000000002,0.306,1.0
2026-07-13,1.603,1.909,0.306,1.0
2026-07-14,1.637,1.943,0.306,1.0
2026-07-15,1.662,1.968,0.306,1.0
2026-07-16,1.649,1.955,0.306,1.0
2026-07-17,1.617,1.923,0.306,1.0
