date,close,total_return_proxy,cumulative_dividend,split_factor
2011-09-01,3.018,3.018,0.0,1.0
2011-09-02,2.993,2.993,0.0,1.0
2011-09-05,2.92,2.92,0.0,1.0
2011-09-06,2.885,2.885,0.0,1.0
2011-09-07,2.941,2.941,0.0,1.0
2011-09-08,2.916,2.916,0.0,1.0
2011-09-09,2.9,2.9,0.0,1.0
2011-09-13,2.853,2.853,0.0,1.0
2011-09-14,2.889,2.889,0.0,1.0
2011-09-15,2.898,2.898,0.0,1.0
2011-09-16,2.898,2.898,0.0,1.0
2011-09-19,2.834,2.834,0.0,1.0
2011-09-20,2.843,2.843,0.0,1.0
2011-09-21,2.939,2.939,0.0,1.0
2011-09-22,2.861,2.861,0.0,1.0
2011-09-23,2.867,2.867,0.0,1.0
2011-09-26,2.815,2.815,0.0,1.0
2011-09-27,2.844,2.844,0.0,1.0
2011-09-28,2.801,2.801,0.0,1.0
2011-09-29,2.746,2.746,0.0,1.0
2011-09-30,2.745,2.745,0.0,1.0
2011-10-10,2.696,2.696,0.0,1.0
2011-10-11,2.683,2.683,0.0,1.0
2011-10-12,2.739,2.739,0.0,1.0
2011-10-13,2.836,2.836,0.0,1.0
2011-10-14,2.777,2.777,0.0,1.0
2011-10-17,2.783,2.783,0.0,1.0
2011-10-18,2.8,2.8,0.0,1.0
2011-10-19,2.75,2.75,0.0,1.0
2011-10-20,2.626,2.626,0.0,1.0
2011-10-21,2.59,2.59,0.0,1.0
2011-10-24,2.603,2.603,0.0,1.0
2011-10-25,2.67,2.67,0.0,1.0
2011-10-26,2.711,2.711,0.0,1.0
2011-10-27,2.695,2.695,0.0,1.0
2011-10-28,2.799,2.799,0.0,1.0
2011-10-31,2.79,2.79,0.0,1.0
2011-11-01,2.775,2.775,0.0,1.0
2011-11-02,2.861,2.861,0.0,1.0
2011-11-03,2.925,2.925,0.0,1.0
2011-11-04,2.92,2.92,0.0,1.0
2011-11-07,2.893,2.893,0.0,1.0
2011-11-08,2.85,2.85,0.0,1.0
2011-11-09,2.87,2.87,0.0,1.0
2011-11-10,2.856,2.856,0.0,1.0
2011-11-11,2.832,2.832,0.0,1.0
2011-11-14,2.915,2.915,0.0,1.0
2011-11-15,2.936,2.936,0.0,1.0
2011-11-16,2.897,2.897,0.0,1.0
2011-11-17,2.92,2.92,0.0,1.0
2011-11-18,2.79,2.79,0.0,1.0
2011-11-21,2.756,2.756,0.0,1.0
2011-11-22,2.731,2.731,0.0,1.0
2011-11-23,2.734,2.734,0.0,1.0
2011-11-24,2.712,2.712,0.0,1.0
2011-11-25,2.734,2.734,0.0,1.0
2011-11-28,2.729,2.729,0.0,1.0
2011-11-29,2.732,2.732,0.0,1.0
2011-11-30,2.634,2.634,0.0,1.0
2011-12-01,2.66,2.66,0.0,1.0
2011-12-02,2.638,2.638,0.0,1.0
2011-12-05,2.622,2.622,0.0,1.0
2011-12-06,2.547,2.547,0.0,1.0
2011-12-07,2.56,2.56,0.0,1.0
2011-12-08,2.525,2.525,0.0,1.0
2011-12-09,2.54,2.54,0.0,1.0
2011-12-12,2.505,2.505,0.0,1.0
2011-12-13,2.44,2.44,0.0,1.0
2011-12-14,2.387,2.387,0.0,1.0
2011-12-15,2.345,2.345,0.0,1.0
2011-12-16,2.388,2.388,0.0,1.0
2011-12-19,2.428,2.428,0.0,1.0
2011-12-20,2.41,2.41,0.0,1.0
2011-12-21,2.344,2.344,0.0,1.0
2011-12-22,2.317,2.317,0.0,1.0
2011-12-23,2.338,2.338,0.0,1.0
2011-12-26,2.35,2.35,0.0,1.0
2011-12-27,2.291,2.291,0.0,1.0
2011-12-28,2.297,2.297,0.0,1.0
2011-12-29,2.248,2.248,0.0,1.0
2011-12-30,2.299,2.299,0.0,1.0
2012-01-04,2.278,2.278,0.0,1.0
2012-01-05,2.216,2.216,0.0,1.0
2012-01-06,2.176,2.176,0.0,1.0
2012-01-09,2.294,2.294,0.0,1.0
2012-01-10,2.398,2.398,0.0,1.0
2012-01-11,2.407,2.407,0.0,1.0
2012-01-12,2.398,2.398,0.0,1.0
2012-01-13,2.308,2.308,0.0,1.0
2012-01-16,2.243,2.243,0.0,1.0
2012-01-17,2.328,2.328,0.0,1.0
2012-01-18,2.286,2.286,0.0,1.0
2012-01-19,2.307,2.307,0.0,1.0
2012-01-20,2.327,2.327,0.0,1.0
2012-01-30,2.299,2.299,0.0,1.0
2012-02-01,2.278,2.278,0.0,1.0
2012-02-02,2.299,2.299,0.0,1.0
2012-02-03,2.331,2.331,0.0,1.0
2012-02-06,2.385,2.385,0.0,1.0
2012-02-07,2.343,2.343,0.0,1.0
2012-02-08,2.386,2.386,0.0,1.0
2012-02-09,2.42,2.42,0.0,1.0
2012-02-10,2.42,2.42,0.0,1.0
2012-02-13,2.432,2.432,0.0,1.0
2012-02-14,2.444,2.444,0.0,1.0
2012-02-15,2.49,2.49,0.0,1.0
2012-02-16,2.475,2.475,0.0,1.0
2012-02-17,2.497,2.497,0.0,1.0
2012-02-20,2.525,2.525,0.0,1.0
2012-02-21,2.571,2.571,0.0,1.0
2012-02-22,2.635,2.635,0.0,1.0
2012-02-23,2.604,2.604,0.0,1.0
2012-02-24,2.63,2.63,0.0,1.0
2012-02-27,2.656,2.656,0.0,1.0
2012-02-28,2.651,2.651,0.0,1.0
2012-02-29,2.607,2.607,0.0,1.0
2012-03-01,2.63,2.63,0.0,1.0
2012-03-02,2.675,2.675,0.0,1.0
2012-03-05,2.687,2.687,0.0,1.0
2012-03-06,2.682,2.682,0.0,1.0
2012-03-07,2.669,2.669,0.0,1.0
2012-03-08,2.689,2.689,0.0,1.0
2012-03-09,2.731,2.731,0.0,1.0
2012-03-12,2.73,2.73,0.0,1.0
2012-03-13,2.756,2.756,0.0,1.0
2012-03-14,2.688,2.688,0.0,1.0
2012-03-15,2.6,2.6,0.0,1.0
2012-03-16,2.65,2.65,0.0,1.0
2012-03-19,2.677,2.677,0.0,1.0
2012-03-20,2.636,2.636,0.0,1.0
2012-03-21,2.619,2.619,0.0,1.0
2012-03-22,2.594,2.594,0.0,1.0
2012-03-23,2.586,2.586,0.0,1.0
2012-03-26,2.527,2.527,0.0,1.0
2012-03-27,2.534,2.534,0.0,1.0
2012-03-28,2.422,2.422,0.0,1.0
2012-03-29,2.43,2.43,0.0,1.0
2012-03-30,2.429,2.429,0.0,1.0
2012-04-05,2.494,2.494,0.0,1.0
2012-04-06,2.505,2.505,0.0,1.0
2012-04-09,2.463,2.463,0.0,1.0
2012-04-10,2.485,2.485,0.0,1.0
2012-04-11,2.49,2.49,0.0,1.0
2012-04-12,2.527,2.527,0.0,1.0
2012-04-13,2.577,2.577,0.0,1.0
2012-04-16,2.552,2.552,0.0,1.0
2012-04-17,2.53,2.53,0.0,1.0
2012-04-18,2.591,2.591,0.0,1.0
2012-04-19,2.58,2.58,0.0,1.0
2012-04-20,2.605,2.605,0.0,1.0
2012-04-23,2.541,2.541,0.0,1.0
2012-04-24,2.5,2.5,0.0,1.0
2012-04-25,2.525,2.525,0.0,1.0
2012-04-26,2.526,2.526,0.0,1.0
2012-04-27,2.501,2.501,0.0,1.0
2012-05-02,2.55,2.55,0.0,1.0
2012-05-03,2.556,2.556,0.0,1.0
2012-05-04,2.6,2.6,0.0,1.0
2012-05-07,2.645,2.645,0.0,1.0
2012-05-08,2.632,2.632,0.0,1.0
2012-05-09,2.597,2.597,0.0,1.0
2012-05-10,2.638,2.638,0.0,1.0
2012-05-11,2.615,2.615,0.0,1.0
2012-05-14,2.58,2.58,0.0,1.0
2012-05-15,2.58,2.58,0.0,1.0
2012-05-16,2.572,2.572,0.0,1.0
2012-05-17,2.585,2.585,0.0,1.0
2012-05-18,2.578,2.578,0.0,1.0
2012-05-21,2.58,2.58,0.0,1.0
2012-05-22,2.59,2.59,0.0,1.0
2012-05-23,2.577,2.577,0.0,1.0
2012-05-24,2.593,2.593,0.0,1.0
2012-05-25,2.556,2.556,0.0,1.0
2012-05-28,2.543,2.543,0.0,1.0
2012-05-29,2.593,2.593,0.0,1.0
2012-05-30,2.604,2.604,0.0,1.0
2012-05-31,2.637,2.637,0.0,1.0
2012-06-01,2.63,2.63,0.0,1.0
2012-06-04,2.611,2.611,0.0,1.0
2012-06-05,2.551,2.551,0.0,1.0
2012-06-06,2.557,2.557,0.0,1.0
2012-06-07,2.566,2.566,0.0,1.0
2012-06-08,2.524,2.524,0.0,1.0
2012-06-11,2.578,2.578,0.0,1.0
2012-06-12,2.559,2.559,0.0,1.0
2012-06-13,2.572,2.572,0.0,1.0
2012-06-14,2.574,2.574,0.0,1.0
2012-06-15,2.548,2.548,0.0,1.0
2012-06-18,2.575,2.575,0.0,1.0
2012-06-19,2.564,2.564,0.0,1.0
2012-06-20,2.559,2.559,0.0,1.0
2012-06-21,2.546,2.546,0.0,1.0
2012-06-25,2.487,2.487,0.0,1.0
2012-06-26,2.466,2.466,0.0,1.0
2012-06-27,2.492,2.492,0.0,1.0
2012-06-28,2.463,2.463,0.0,1.0
2012-06-29,2.474,2.474,0.0,1.0
2012-07-02,2.489,2.489,0.0,1.0
2012-07-03,2.492,2.492,0.0,1.0
2012-07-04,2.501,2.501,0.0,1.0
2012-07-05,2.449,2.449,0.0,1.0
2012-07-06,2.515,2.515,0.0,1.0
2012-07-09,2.466,2.466,0.0,1.0
2012-07-10,2.441,2.441,0.0,1.0
2012-07-11,2.43,2.43,0.0,1.0
2012-07-12,2.478,2.478,0.0,1.0
2012-07-13,2.468,2.468,0.0,1.0
2012-07-16,2.38,2.38,0.0,1.0
2012-07-17,2.338,2.338,0.0,1.0
2012-07-18,2.35,2.35,0.0,1.0
2012-07-19,2.4,2.4,0.0,1.0
2012-07-20,2.377,2.377,0.0,1.0
2012-07-23,2.359,2.359,0.0,1.0
2012-07-24,2.371,2.371,0.0,1.0
2012-07-25,2.368,2.368,0.0,1.0
2012-07-26,2.369,2.369,0.0,1.0
2012-07-27,2.34,2.34,0.0,1.0
2012-07-30,2.316,2.316,0.0,1.0
2012-07-31,2.268,2.268,0.0,1.0
2012-08-01,2.269,2.269,0.0,1.0
2012-08-02,2.296,2.296,0.0,1.0
2012-08-03,2.331,2.331,0.0,1.0
2012-08-06,2.406,2.406,0.0,1.0
2012-08-07,2.439,2.439,0.0,1.0
2012-08-08,2.415,2.415,0.0,1.0
2012-08-09,2.44,2.44,0.0,1.0
2012-08-10,2.43,2.43,0.0,1.0
2012-08-13,2.406,2.406,0.0,1.0
2012-08-14,2.38,2.38,0.0,1.0
2012-08-15,2.351,2.351,0.0,1.0
2012-08-16,2.394,2.394,0.0,1.0
2012-08-17,2.381,2.381,0.0,1.0
2012-08-20,2.369,2.369,0.0,1.0
2012-08-21,2.402,2.402,0.0,1.0
2012-08-22,2.408,2.408,0.0,1.0
2012-08-23,2.427,2.427,0.0,1.0
2012-08-24,2.403,2.403,0.0,1.0
2012-08-27,2.336,2.336,0.0,1.0
2012-08-28,2.365,2.365,0.0,1.0
2012-08-29,2.378,2.378,0.0,1.0
2012-08-30,2.314,2.314,0.0,1.0
2012-08-31,2.311,2.311,0.0,1.0
2012-09-03,2.387,2.387,0.0,1.0
2012-09-04,2.386,2.386,0.0,1.0
2012-09-05,2.383,2.383,0.0,1.0
2012-09-06,2.374,2.374,0.0,1.0
2012-09-07,2.484,2.484,0.0,1.0
2012-09-10,2.46,2.46,0.0,1.0
2012-09-11,2.46,2.46,0.0,1.0
2012-09-12,2.452,2.452,0.0,1.0
2012-09-13,2.501,2.501,0.0,1.0
2012-09-14,2.447,2.447,0.0,1.0
2012-09-17,2.435,2.435,0.0,1.0
2012-09-18,2.398,2.398,0.0,1.0
2012-09-19,2.425,2.425,0.0,1.0
2012-09-20,2.377,2.377,0.0,1.0
2012-09-21,2.355,2.355,0.0,1.0
2012-09-24,2.347,2.347,0.0,1.0
2012-09-25,2.343,2.343,0.0,1.0
2012-09-26,2.291,2.291,0.0,1.0
2012-09-27,2.282,2.282,0.0,1.0
2012-09-28,2.372,2.372,0.0,1.0
2012-10-08,2.36,2.36,0.0,1.0
2012-10-09,2.405,2.405,0.0,1.0
2012-10-10,2.407,2.407,0.0,1.0
2012-10-11,2.41,2.41,0.0,1.0
2012-10-12,2.382,2.382,0.0,1.0
2012-10-15,2.358,2.358,0.0,1.0
2012-10-16,2.347,2.347,0.0,1.0
2012-10-17,2.346,2.346,0.0,1.0
2012-10-18,2.404,2.404,0.0,1.0
2012-10-19,2.413,2.413,0.0,1.0
2012-10-22,2.388,2.388,0.0,1.0
2012-10-23,2.382,2.382,0.0,1.0
2012-10-24,2.372,2.372,0.0,1.0
2012-10-25,2.36,2.36,0.0,1.0
2012-10-26,2.309,2.309,0.0,1.0
2012-10-29,2.305,2.305,0.0,1.0
2012-10-30,2.311,2.311,0.0,1.0
2012-10-31,2.323,2.323,0.0,1.0
2012-11-01,2.36,2.36,0.0,1.0
2012-11-02,2.333,2.333,0.0,1.0
2012-11-05,2.338,2.338,0.0,1.0
2012-11-06,2.303,2.303,0.0,1.0
2012-11-07,2.326,2.326,0.0,1.0
2012-11-08,2.289,2.289,0.0,1.0
2012-11-09,2.268,2.268,0.0,1.0
2012-11-12,2.26,2.26,0.0,1.0
2012-11-13,2.237,2.237,0.0,1.0
2012-11-14,2.227,2.227,0.0,1.0
2012-11-15,2.216,2.216,0.0,1.0
2012-11-16,2.193,2.193,0.0,1.0
2012-11-19,2.192,2.192,0.0,1.0
2012-11-20,2.205,2.205,0.0,1.0
2012-11-21,2.216,2.216,0.0,1.0
2012-11-22,2.195,2.195,0.0,1.0
2012-11-26,2.173,2.173,0.0,1.0
2012-11-27,2.132,2.132,0.0,1.0
2012-11-28,2.08,2.08,0.0,1.0
2012-11-29,2.08,2.08,0.0,1.0
2012-11-30,2.101,2.101,0.0,1.0
2012-12-03,2.069,2.069,0.0,1.0
2012-12-04,2.078,2.078,0.0,1.0
2012-12-05,2.152,2.152,0.0,1.0
2012-12-06,2.141,2.141,0.0,1.0
2012-12-07,2.166,2.166,0.0,1.0
2012-12-10,2.2,2.2,0.0,1.0
2012-12-11,2.205,2.205,0.0,1.0
2012-12-12,2.175,2.175,0.0,1.0
2012-12-13,2.164,2.164,0.0,1.0
2012-12-14,2.26,2.26,0.0,1.0
2012-12-17,2.211,2.211,0.0,1.0
2012-12-18,2.245,2.245,0.0,1.0
2012-12-19,2.23,2.23,0.0,1.0
2012-12-20,2.209,2.209,0.0,1.0
2012-12-21,2.27,2.27,0.0,1.0
2012-12-24,2.307,2.307,0.0,1.0
2012-12-25,2.326,2.326,0.0,1.0
2012-12-26,2.32,2.32,0.0,1.0
2012-12-27,2.355,2.355,0.0,1.0
2012-12-28,2.306,2.306,0.0,1.0
2012-12-31,2.36,2.36,0.0,1.0
2013-01-04,2.36,2.36,0.0,1.0
2013-01-07,2.34,2.34,0.0,1.0
2013-01-08,2.37,2.37,0.0,1.0
2013-01-09,2.409,2.409,0.0,1.0
2013-01-10,2.401,2.401,0.0,1.0
2013-01-11,2.402,2.402,0.0,1.0
2013-01-14,2.422,2.422,0.0,1.0
2013-01-15,2.565,2.565,0.0,1.0
2013-01-16,2.564,2.564,0.0,1.0
2013-01-17,2.523,2.523,0.0,1.0
2013-01-18,2.581,2.581,0.0,1.0
2013-01-21,2.531,2.531,0.0,1.0
2013-01-22,2.518,2.518,0.0,1.0
2013-01-23,2.525,2.525,0.0,1.0
2013-01-24,2.495,2.495,0.0,1.0
2013-01-25,2.482,2.482,0.0,1.0
2013-01-28,2.528,2.528,0.0,1.0
2013-01-29,2.52,2.52,0.0,1.0
2013-01-30,2.543,2.543,0.0,1.0
2013-01-31,2.507,2.507,0.0,1.0
2013-02-01,2.519,2.519,0.0,1.0
2013-02-04,2.487,2.487,0.0,1.0
2013-02-05,2.522,2.522,0.0,1.0
2013-02-06,2.569,2.569,0.0,1.0
2013-02-07,2.609,2.609,0.0,1.0
2013-02-08,2.666,2.666,0.0,1.0
2013-02-18,2.67,2.67,0.0,1.0
2013-02-19,2.63,2.63,0.0,1.0
2013-02-20,2.675,2.675,0.0,1.0
2013-02-21,2.622,2.622,0.0,1.0
2013-02-22,2.661,2.661,0.0,1.0
2013-02-25,2.63,2.63,0.0,1.0
2013-02-26,2.671,2.671,0.0,1.0
2013-02-27,2.651,2.651,0.0,1.0
2013-02-28,2.707,2.707,0.0,1.0
2013-03-01,2.756,2.756,0.0,1.0
2013-03-04,2.713,2.713,0.0,1.0
2013-03-05,2.768,2.768,0.0,1.0
2013-03-06,2.881,2.881,0.0,1.0
2013-03-07,2.82,2.82,0.0,1.0
2013-03-08,2.791,2.791,0.0,1.0
2013-03-11,2.799,2.799,0.0,1.0
2013-03-12,2.667,2.667,0.0,1.0
2013-03-13,2.651,2.651,0.0,1.0
2013-03-14,2.769,2.769,0.0,1.0
2013-03-15,2.796,2.796,0.0,1.0
2013-03-18,2.782,2.782,0.0,1.0
2013-03-19,2.75,2.75,0.0,1.0
2013-03-20,2.812,2.812,0.0,1.0
2013-03-21,2.888,2.888,0.0,1.0
2013-03-22,2.903,2.903,0.0,1.0
2013-03-25,2.858,2.858,0.0,1.0
2013-03-26,2.89,2.89,0.0,1.0
2013-03-27,2.903,2.903,0.0,1.0
2013-03-28,2.84,2.84,0.0,1.0
2013-03-29,2.856,2.856,0.0,1.0
2013-04-01,2.861,2.861,0.0,1.0
2013-04-02,2.799,2.799,0.0,1.0
2013-04-03,2.793,2.793,0.0,1.0
2013-04-08,2.87,2.87,0.0,1.0
2013-04-09,2.919,2.919,0.0,1.0
2013-04-10,2.885,2.885,0.0,1.0
2013-04-11,2.868,2.868,0.0,1.0
2013-04-12,2.848,2.848,0.0,1.0
2013-04-15,2.81,2.81,0.0,1.0
2013-04-16,2.846,2.846,0.0,1.0
2013-04-17,2.91,2.91,0.0,1.0
2013-04-18,2.922,2.922,0.0,1.0
2013-04-19,2.965,2.965,0.0,1.0
2013-04-22,3.023,3.023,0.0,1.0
2013-04-23,2.952,2.952,0.0,1.0
2013-04-24,3.055,3.055,0.0,1.0
2013-04-25,2.993,2.993,0.0,1.0
2013-04-26,2.92,2.92,0.0,1.0
2013-05-02,2.99,2.99,0.0,1.0
2013-05-03,3.04,3.04,0.0,1.0
2013-05-06,3.116,3.116,0.0,1.0
2013-05-07,3.076,3.076,0.0,1.0
2013-05-08,3.135,3.135,0.0,1.0
2013-05-09,3.151,3.151,0.0,1.0
2013-05-10,3.148,3.148,0.0,1.0
2013-05-13,3.18,3.18,0.0,1.0
2013-05-14,3.139,3.139,0.0,1.0
2013-05-15,3.213,3.213,0.0,1.0
2013-05-16,3.23,3.23,0.0,1.0
2013-05-17,3.305,3.305,0.0,1.0
2013-05-20,3.383,3.383,0.0,1.0
2013-05-21,3.47,3.47,0.0,1.0
2013-05-22,3.378,3.378,0.0,1.0
2013-05-23,3.369,3.369,0.0,1.0
2013-05-24,3.441,3.441,0.0,1.0
2013-05-27,3.453,3.453,0.0,1.0
2013-05-28,3.374,3.374,0.0,1.0
2013-05-29,3.388,3.388,0.0,1.0
2013-05-30,3.399,3.399,0.0,1.0
2013-05-31,3.361,3.361,0.0,1.0
2013-06-03,3.34,3.34,0.0,1.0
2013-06-04,3.217,3.217,0.0,1.0
2013-06-05,3.28,3.28,0.0,1.0
2013-06-06,3.254,3.254,0.0,1.0
2013-06-07,3.204,3.204,0.0,1.0
2013-06-13,3.141,3.141,0.0,1.0
2013-06-14,3.298,3.298,0.0,1.0
2013-06-17,3.303,3.303,0.0,1.0
2013-06-18,3.311,3.311,0.0,1.0
2013-06-19,3.317,3.317,0.0,1.0
2013-06-20,3.209,3.209,0.0,1.0
2013-06-21,3.205,3.205,0.0,1.0
2013-06-24,3.013,3.013,0.0,1.0
2013-06-25,3.04,3.04,0.0,1.0
2013-06-26,3.187,3.187,0.0,1.0
2013-06-27,3.099,3.099,0.0,1.0
2013-06-28,3.063,3.063,0.0,1.0
2013-07-01,3.15,3.15,0.0,1.0
2013-07-02,3.225,3.225,0.0,1.0
2013-07-03,3.301,3.301,0.0,1.0
2013-07-04,3.29,3.29,0.0,1.0
2013-07-05,3.234,3.234,0.0,1.0
2013-07-08,3.124,3.124,0.0,1.0
2013-07-09,3.129,3.129,0.0,1.0
2013-07-10,3.217,3.217,0.0,1.0
2013-07-11,3.32,3.32,0.0,1.0
2013-07-12,3.281,3.281,0.0,1.0
2013-07-15,3.374,3.374,0.0,1.0
2013-07-16,3.442,3.442,0.0,1.0
2013-07-17,3.368,3.368,0.0,1.0
2013-07-18,3.38,3.38,0.0,1.0
2013-07-19,3.332,3.332,0.0,1.0
2013-07-22,3.399,3.399,0.0,1.0
2013-07-23,3.527,3.527,0.0,1.0
2013-07-24,3.588,3.588,0.0,1.0
2013-07-25,3.537,3.537,0.0,1.0
2013-07-26,3.493,3.493,0.0,1.0
2013-07-29,3.49,3.49,0.0,1.0
2013-07-30,3.44,3.44,0.0,1.0
2013-07-31,3.416,3.416,0.0,1.0
2013-08-01,3.519,3.519,0.0,1.0
2013-08-02,3.531,3.531,0.0,1.0
2013-08-05,3.569,3.569,0.0,1.0
2013-08-06,3.613,3.613,0.0,1.0
2013-08-07,3.547,3.547,0.0,1.0
2013-08-08,3.578,3.578,0.0,1.0
2013-08-09,3.552,3.552,0.0,1.0
2013-08-12,3.535,3.535,0.0,1.0
2013-08-13,3.58,3.58,0.0,1.0
2013-08-14,3.6,3.6,0.0,1.0
2013-08-15,3.543,3.543,0.0,1.0
2013-08-16,3.522,3.522,0.0,1.0
2013-08-19,3.588,3.588,0.0,1.0
2013-08-20,3.573,3.573,0.0,1.0
2013-08-21,3.566,3.566,0.0,1.0
2013-08-22,3.607,3.607,0.0,1.0
2013-08-23,3.636,3.636,0.0,1.0
2013-08-26,3.708,3.708,0.0,1.0
2013-08-27,3.7,3.7,0.0,1.0
2013-08-28,3.675,3.675,0.0,1.0
2013-08-29,3.66,3.66,0.0,1.0
2013-08-30,3.535,3.535,0.0,1.0
2013-09-02,3.595,3.595,0.0,1.0
2013-09-03,3.629,3.629,0.0,1.0
2013-09-04,3.65,3.65,0.0,1.0
2013-09-05,3.68,3.68,0.0,1.0
2013-09-06,3.694,3.694,0.0,1.0
2013-09-09,3.704,3.704,0.0,1.0
2013-09-10,3.655,3.655,0.0,1.0
2013-09-11,3.555,3.555,0.0,1.0
2013-09-12,3.567,3.567,0.0,1.0
2013-09-13,3.609,3.609,0.0,1.0
2013-09-16,3.623,3.623,0.0,1.0
2013-09-17,3.602,3.602,0.0,1.0
2013-09-18,3.617,3.617,0.0,1.0
2013-09-23,3.765,3.765,0.0,1.0
2013-09-24,3.782,3.782,0.0,1.0
2013-09-25,3.759,3.759,0.0,1.0
2013-09-26,3.779,3.779,0.0,1.0
2013-09-27,3.769,3.769,0.0,1.0
2013-09-30,3.797,3.797,0.0,1.0
2013-10-08,3.858,3.858,0.0,1.0
2013-10-09,3.88,3.88,0.0,1.0
2013-10-10,3.88,3.88,0.0,1.0
2013-10-11,3.887,3.887,0.0,1.0
2013-10-14,3.879,3.879,0.0,1.0
2013-10-15,3.866,3.866,0.0,1.0
2013-10-16,3.789,3.789,0.0,1.0
2013-10-17,3.783,3.783,0.0,1.0
2013-10-18,3.806,3.806,0.0,1.0
2013-10-21,3.877,3.877,0.0,1.0
2013-10-22,3.808,3.808,0.0,1.0
2013-10-23,3.728,3.728,0.0,1.0
2013-10-24,3.664,3.664,0.0,1.0
2013-10-25,3.548,3.548,0.0,1.0
2013-10-28,3.629,3.629,0.0,1.0
2013-10-29,3.533,3.533,0.0,1.0
2013-10-30,3.616,3.616,0.0,1.0
2013-10-31,3.53,3.53,0.0,1.0
2013-11-01,3.482,3.482,0.0,1.0
2013-11-04,3.508,3.508,0.0,1.0
2013-11-05,3.566,3.566,0.0,1.0
2013-11-06,3.56,3.56,0.0,1.0
2013-11-07,3.475,3.475,0.0,1.0
2013-11-08,3.44,3.44,0.0,1.0
2013-11-11,3.445,3.445,0.0,1.0
2013-11-12,3.558,3.558,0.0,1.0
2013-11-13,3.48,3.48,0.0,1.0
2013-11-14,3.532,3.532,0.0,1.0
2013-11-15,3.56,3.56,0.0,1.0
2013-11-18,3.6,3.6,0.0,1.0
2013-11-19,3.61,3.61,0.0,1.0
2013-11-20,3.62,3.62,0.0,1.0
2013-11-21,3.603,3.603,0.0,1.0
2013-11-22,3.6,3.6,0.0,1.0
2013-11-25,3.575,3.575,0.0,1.0
2013-11-26,3.6,3.6,0.0,1.0
2013-11-27,3.695,3.695,0.0,1.0
2013-11-28,3.746,3.746,0.0,1.0
2013-11-29,3.746,3.746,0.0,1.0
2013-12-02,3.661,3.661,0.0,1.0
2013-12-03,3.7,3.7,0.0,1.0
2013-12-04,3.687,3.687,0.0,1.0
2013-12-05,3.62,3.62,0.0,1.0
2013-12-06,3.587,3.587,0.0,1.0
2013-12-09,3.613,3.613,0.0,1.0
2013-12-10,3.638,3.638,0.0,1.0
2013-12-11,3.625,3.625,0.0,1.0
2013-12-12,3.651,3.651,0.0,1.0
2013-12-13,3.666,3.666,0.0,1.0
2013-12-16,3.641,3.641,0.0,1.0
2013-12-17,3.61,3.61,0.0,1.0
2013-12-18,3.6,3.6,0.0,1.0
2013-12-19,3.583,3.583,0.0,1.0
2013-12-20,3.555,3.555,0.0,1.0
2013-12-23,3.555,3.555,0.0,1.0
2013-12-24,3.6,3.6,0.0,1.0
2013-12-25,3.6,3.6,0.0,1.0
2013-12-26,3.58,3.58,0.0,1.0
2013-12-27,3.613,3.613,0.0,1.0
2013-12-30,3.6,3.6,0.0,1.0
2013-12-31,3.595,3.595,0.0,1.0
2014-01-02,3.632,3.632,0.0,1.0
2014-01-03,3.66,3.66,0.0,1.0
2014-01-06,3.6,3.6,0.0,1.0
2014-01-07,3.587,3.587,0.0,1.0
2014-01-08,3.629,3.629,0.0,1.0
2014-01-09,3.603,3.603,0.0,1.0
2014-01-10,3.58,3.58,0.0,1.0
2014-01-13,3.55,3.55,0.0,1.0
2014-01-14,3.63,3.63,0.0,1.0
2014-01-15,3.659,3.659,0.0,1.0
2014-01-16,3.64,3.64,0.0,1.0
2014-01-17,3.605,3.605,0.0,1.0
2014-01-20,3.559,3.559,0.0,1.0
2014-01-21,3.661,3.661,0.0,1.0
2014-01-22,3.691,3.691,0.0,1.0
2014-01-23,3.721,3.721,0.0,1.0
2014-01-24,3.809,3.809,0.0,1.0
2014-01-27,3.813,3.813,0.0,1.0
2014-01-28,3.779,3.779,0.0,1.0
2014-01-29,3.801,3.801,0.0,1.0
2014-01-30,3.818,3.818,0.0,1.0
2014-02-07,3.876,3.876,0.0,1.0
2014-02-10,3.928,3.928,0.0,1.0
2014-02-11,3.966,3.966,0.0,1.0
2014-02-12,3.9,3.9,0.0,1.0
2014-02-13,3.881,3.881,0.0,1.0
2014-02-14,3.895,3.895,0.0,1.0
2014-02-17,3.938,3.938,0.0,1.0
2014-02-18,3.92,3.92,0.0,1.0
2014-02-19,3.914,3.914,0.0,1.0
2014-02-20,3.831,3.831,0.0,1.0
2014-02-21,3.81,3.81,0.0,1.0
2014-02-24,3.867,3.867,0.0,1.0
2014-02-25,3.8,3.8,0.0,1.0
2014-02-26,3.711,3.711,0.0,1.0
2014-02-27,3.718,3.718,0.0,1.0
2014-02-28,3.721,3.721,0.0,1.0
2014-03-03,3.809,3.809,0.0,1.0
2014-03-04,3.768,3.768,0.0,1.0
2014-03-05,3.691,3.691,0.0,1.0
2014-03-06,3.651,3.651,0.0,1.0
2014-03-07,3.638,3.638,0.0,1.0
2014-03-10,3.53,3.53,0.0,1.0
2014-03-11,3.511,3.511,0.0,1.0
2014-03-12,3.501,3.501,0.0,1.0
2014-03-13,3.56,3.56,0.0,1.0
2014-03-14,3.535,3.535,0.0,1.0
2014-03-17,3.63,3.63,0.0,1.0
2014-03-18,3.569,3.569,0.0,1.0
2014-03-19,3.52,3.52,0.0,1.0
2014-03-20,3.569,3.569,0.0,1.0
2014-03-21,3.501,3.501,0.0,1.0
2014-03-24,3.501,3.501,0.0,1.0
2014-03-25,3.52,3.52,0.0,1.0
2014-03-26,3.498,3.498,0.0,1.0
2014-03-27,3.408,3.408,0.0,1.0
2014-03-28,3.37,3.37,0.0,1.0
2014-03-31,3.342,3.342,0.0,1.0
2014-04-01,3.41,3.41,0.0,1.0
2014-04-02,3.4,3.4,0.0,1.0
2014-04-03,3.425,3.425,0.0,1.0
2014-04-04,3.455,3.455,0.0,1.0
2014-04-08,3.49,3.49,0.0,1.0
2014-04-09,3.549,3.549,0.0,1.0
2014-04-10,3.549,3.549,0.0,1.0
2014-04-11,3.54,3.54,0.0,1.0
2014-04-14,3.547,3.547,0.0,1.0
2014-04-15,3.534,3.534,0.0,1.0
2014-04-16,3.474,3.474,0.0,1.0
2014-04-17,3.481,3.481,0.0,1.0
2014-04-18,3.518,3.518,0.0,1.0
2014-04-21,3.518,3.518,0.0,1.0
2014-04-22,3.507,3.507,0.0,1.0
2014-04-23,3.405,3.405,0.0,1.0
2014-04-24,3.393,3.393,0.0,1.0
2014-04-25,3.343,3.343,0.0,1.0
2014-04-28,3.33,3.33,0.0,1.0
2014-04-29,3.299,3.299,0.0,1.0
2014-04-30,3.35,3.35,0.0,1.0
2014-05-06,3.402,3.402,0.0,1.0
2014-05-07,3.328,3.328,0.0,1.0
2014-05-08,3.306,3.306,0.0,1.0
2014-05-09,3.265,3.265,0.0,1.0
2014-05-12,3.343,3.343,0.0,1.0
2014-05-13,3.367,3.367,0.0,1.0
2014-05-14,3.359,3.359,0.0,1.0
2014-05-15,3.31,3.31,0.0,1.0
2014-05-16,3.335,3.335,0.0,1.0
2014-05-19,3.362,3.362,0.0,1.0
2014-05-20,3.292,3.292,0.0,1.0
2014-05-21,3.3,3.3,0.0,1.0
2014-05-22,3.32,3.32,0.0,1.0
2014-05-23,3.305,3.305,0.0,1.0
2014-05-26,3.34,3.34,0.0,1.0
2014-05-27,3.333,3.333,0.0,1.0
2014-05-28,3.469,3.469,0.0,1.0
2014-05-29,3.451,3.451,0.0,1.0
2014-05-30,3.498,3.498,0.0,1.0
2014-06-03,3.451,3.451,0.0,1.0
2014-06-04,3.402,3.402,0.0,1.0
2014-06-05,3.576,3.576,0.0,1.0
2014-06-06,3.501,3.501,0.0,1.0
2014-06-09,3.421,3.421,0.0,1.0
2014-06-10,3.475,3.475,0.0,1.0
2014-06-11,3.462,3.462,0.0,1.0
2014-06-12,3.456,3.456,0.0,1.0
2014-06-13,3.55,3.55,0.0,1.0
2014-06-16,3.593,3.593,0.0,1.0
2014-06-17,3.592,3.592,0.0,1.0
2014-06-18,3.508,3.508,0.0,1.0
2014-06-19,3.492,3.492,0.0,1.0
2014-06-20,3.481,3.481,0.0,1.0
2014-06-23,3.41,3.41,0.0,1.0
2014-06-24,3.424,3.424,0.0,1.0
2014-06-25,3.411,3.411,0.0,1.0
2014-06-26,3.472,3.472,0.0,1.0
2014-06-27,3.466,3.466,0.0,1.0
2014-06-30,3.487,3.487,0.0,1.0
2014-07-01,3.536,3.536,0.0,1.0
2014-07-02,3.697,3.697,0.0,1.0
2014-07-03,3.7,3.7,0.0,1.0
2014-07-04,3.59,3.59,0.0,1.0
2014-07-07,3.596,3.596,0.0,1.0
2014-07-09,3.532,3.532,0.0,1.0
2014-07-10,3.57,3.57,0.0,1.0
2014-07-11,3.5,3.5,0.0,1.0
2014-07-14,3.449,3.449,0.0,1.0
2014-07-15,3.431,3.431,0.0,1.0
2014-07-16,3.453,3.453,0.0,1.0
2014-07-17,3.392,3.392,0.0,1.0
2014-07-18,3.358,3.358,0.0,1.0
2014-07-21,3.375,3.375,0.0,1.0
2014-07-22,3.402,3.402,0.0,1.0
2014-07-23,3.37,3.37,0.0,1.0
2014-07-24,3.312,3.312,0.0,1.0
2014-07-25,3.44,3.44,0.0,1.0
2014-07-28,3.49,3.49,0.0,1.0
2014-07-29,3.535,3.535,0.0,1.0
2014-07-30,3.518,3.518,0.0,1.0
2014-07-31,3.594,3.594,0.0,1.0
2014-08-01,3.55,3.55,0.0,1.0
2014-08-04,3.51,3.51,0.0,1.0
2014-08-05,3.648,3.648,0.0,1.0
2014-08-06,3.596,3.596,0.0,1.0
2014-08-07,3.528,3.528,0.0,1.0
2014-08-08,3.545,3.545,0.0,1.0
2014-08-11,3.6,3.6,0.0,1.0
2014-08-12,3.6,3.6,0.0,1.0
2014-08-13,3.6,3.6,0.0,1.0
2014-08-14,3.626,3.626,0.0,1.0
2014-08-15,3.65,3.65,0.0,1.0
2014-08-18,3.7,3.7,0.0,1.0
2014-08-19,3.75,3.75,0.0,1.0
2014-08-20,3.72,3.72,0.0,1.0
2014-08-21,3.738,3.738,0.0,1.0
2014-08-22,3.8,3.8,0.0,1.0
2014-08-25,3.73,3.73,0.0,1.0
2014-08-26,3.769,3.769,0.0,1.0
2014-08-27,3.694,3.694,0.0,1.0
2014-08-28,3.643,3.643,0.0,1.0
2014-08-29,3.693,3.693,0.0,1.0
2014-09-01,3.71,3.71,0.0,1.0
2014-09-02,3.8,3.8,0.0,1.0
2014-09-03,3.85,3.85,0.0,1.0
2014-09-04,3.86,3.86,0.0,1.0
2014-09-05,3.85,3.85,0.0,1.0
2014-09-09,3.84,3.84,0.0,1.0
2014-09-10,3.782,3.782,0.0,1.0
2014-09-11,3.84,3.84,0.0,1.0
2014-09-12,3.87,3.87,0.0,1.0
2014-09-15,3.855,3.855,0.0,1.0
2014-09-16,3.702,3.702,0.0,1.0
2014-09-17,3.715,3.715,0.0,1.0
2014-09-18,3.759,3.759,0.0,1.0
2014-09-19,3.77,3.77,0.0,1.0
2014-09-22,3.702,3.702,0.0,1.0
2014-09-23,3.735,3.735,0.0,1.0
2014-09-24,3.778,3.778,0.0,1.0
2014-09-25,3.8,3.8,0.0,1.0
2014-09-26,3.758,3.758,0.0,1.0
2014-09-29,3.825,3.825,0.0,1.0
2014-09-30,3.81,3.81,0.0,1.0
2014-10-08,3.817,3.817,0.0,1.0
2014-10-09,3.842,3.842,0.0,1.0
2014-10-10,3.826,3.826,0.0,1.0
2014-10-13,3.82,3.82,0.0,1.0
2014-10-14,3.786,3.786,0.0,1.0
2014-10-15,3.839,3.839,0.0,1.0
2014-10-16,3.809,3.809,0.0,1.0
2014-10-17,3.736,3.736,0.0,1.0
2014-10-20,3.778,3.778,0.0,1.0
2014-10-21,3.78,3.78,0.0,1.0
2014-10-22,3.763,3.763,0.0,1.0
2014-10-23,3.72,3.72,0.0,1.0
2014-10-24,3.725,3.725,0.0,1.0
2014-10-27,3.67,3.67,0.0,1.0
2014-10-28,3.742,3.742,0.0,1.0
2014-10-29,3.76,3.76,0.0,1.0
2014-10-30,3.727,3.727,0.0,1.0
2014-10-31,3.768,3.768,0.0,1.0
2014-11-03,3.781,3.781,0.0,1.0
2014-11-05,3.828,3.828,0.0,1.0
2014-11-06,3.76,3.76,0.0,1.0
2014-11-07,3.766,3.766,0.0,1.0
2014-11-10,3.786,3.786,0.0,1.0
2014-11-11,3.708,3.708,0.0,1.0
2014-11-12,3.725,3.725,0.0,1.0
2014-11-13,3.667,3.667,0.0,1.0
2014-11-14,3.707,3.707,0.0,1.0
2014-11-17,3.717,3.717,0.0,1.0
2014-11-18,3.704,3.704,0.0,1.0
2014-11-19,3.768,3.768,0.0,1.0
2014-11-20,3.725,3.725,0.0,1.0
2014-11-21,3.745,3.745,0.0,1.0
2014-11-24,3.806,3.806,0.0,1.0
2014-11-25,3.88,3.88,0.0,1.0
2014-11-26,3.874,3.874,0.0,1.0
2014-11-27,3.879,3.879,0.0,1.0
2014-11-28,3.92,3.92,0.0,1.0
2014-12-01,3.912,3.912,0.0,1.0
2014-12-02,3.946,3.946,0.0,1.0
2014-12-03,4.08,4.08,0.0,1.0
2014-12-04,4.144,4.144,0.0,1.0
2014-12-05,4.002,4.002,0.0,1.0
2014-12-08,4.149,4.149,0.0,1.0
2014-12-09,4.1,4.1,0.0,1.0
2014-12-10,4.098,4.098,0.0,1.0
2014-12-11,4.136,4.136,0.0,1.0
2014-12-12,3.974,3.974,0.0,1.0
2014-12-15,4.2,4.2,0.0,1.0
2014-12-16,4.238,4.238,0.0,1.0
2014-12-17,4.599,4.599,0.0,1.0
2014-12-18,4.366,4.366,0.0,1.0
2014-12-19,4.259,4.259,0.0,1.0
2014-12-22,4.0,4.0,0.0,1.0
2014-12-23,4.143,4.143,0.0,1.0
2014-12-24,4.105,4.105,0.0,1.0
2014-12-26,4.299,4.299,0.0,1.0
2014-12-29,4.008,4.008,0.0,1.0
2014-12-30,4.012,4.012,0.0,1.0
2014-12-31,4.012,4.012,0.0,1.0
2015-01-05,4.002,4.002,0.0,1.0
2015-01-06,4.24,4.24,0.0,1.0
2015-01-07,4.19,4.19,0.0,1.0
2015-01-08,4.48,4.48,0.0,1.0
2015-01-09,4.24,4.24,0.0,1.0
2015-01-12,4.235,4.235,0.0,1.0
2015-01-13,4.29,4.29,0.0,1.0
2015-01-14,4.28,4.28,0.0,1.0
2015-01-15,4.3,4.3,0.0,1.0
2015-01-16,4.418,4.418,0.0,1.0
2015-01-19,4.38,4.38,0.0,1.0
2015-01-20,4.539,4.539,0.0,1.0
2015-01-21,4.533,4.533,0.0,1.0
2015-01-22,4.951,4.951,0.0,1.0
2015-01-23,4.93,4.93,0.0,1.0
2015-01-26,4.8,4.8,0.0,1.0
2015-01-27,4.8,4.8,0.0,1.0
2015-01-28,4.703,4.703,0.0,1.0
2015-01-29,4.706,4.706,0.0,1.0
2015-01-30,4.841,4.841,0.0,1.0
2015-02-02,4.85,4.85,0.0,1.0
2015-02-03,4.882,4.882,0.0,1.0
2015-02-04,4.878,4.878,0.0,1.0
2015-02-05,4.869,4.869,0.0,1.0
2015-02-06,4.691,4.691,0.0,1.0
2015-02-10,4.522,4.522,0.0,1.0
2015-02-11,4.766,4.766,0.0,1.0
2015-02-12,4.786,4.786,0.0,1.0
2015-02-13,4.908,4.908,0.0,1.0
2015-02-16,5.086,5.086,0.0,1.0
2015-02-17,5.568,5.568,0.0,1.0
2015-02-25,5.299,5.299,0.0,1.0
2015-02-26,5.096,5.096,0.0,1.0
2015-02-27,5.17,5.17,0.0,1.0
2015-03-02,5.269,5.269,0.0,1.0
2015-03-03,5.25,5.25,0.0,1.0
2015-03-04,5.2,5.2,0.0,1.0
2015-03-05,5.2,5.2,0.0,1.0
2015-03-06,5.09,5.09,0.0,1.0
2015-03-09,5.147,5.147,0.0,1.0
2015-03-10,5.28,5.28,0.0,1.0
2015-03-11,5.25,5.25,0.0,1.0
2015-03-12,5.326,5.326,0.0,1.0
2015-03-13,5.35,5.35,0.0,1.0
2015-03-16,5.456,5.456,0.0,1.0
2015-03-17,5.51,5.51,0.0,1.0
2015-03-18,5.511,5.511,0.0,1.0
2015-03-19,5.518,5.518,0.0,1.0
2015-03-20,5.795,5.795,0.0,1.0
2015-03-23,5.932,5.932,0.0,1.0
2015-03-24,6.06,6.06,0.0,1.0
2015-03-25,6.0,6.0,0.0,1.0
2015-03-26,5.9,5.9,0.0,1.0
2015-03-27,5.866,5.866,0.0,1.0
2015-03-30,5.88,5.88,0.0,1.0
2015-03-31,5.999,5.999,0.0,1.0
2015-04-01,6.192,6.192,0.0,1.0
2015-04-02,6.313,6.313,0.0,1.0
2015-04-03,6.313,6.313,0.0,1.0
2015-04-07,6.418,6.418,0.0,1.0
2015-04-08,6.3,6.3,0.0,1.0
2015-04-09,6.145,6.145,0.0,1.0
2015-04-10,6.201,6.201,0.0,1.0
2015-04-13,6.238,6.238,0.0,1.0
2015-04-14,6.399,6.399,0.0,1.0
2015-04-15,6.287,6.287,0.0,1.0
2015-04-16,6.273,6.273,0.0,1.0
2015-04-17,6.3,6.3,0.0,1.0
2015-04-20,6.151,6.151,0.0,1.0
2015-04-21,6.49,6.49,0.0,1.0
2015-04-22,6.505,6.505,0.0,1.0
2015-04-23,6.71,6.71,0.0,1.0
2015-04-24,6.68,6.68,0.0,1.0
2015-04-27,7.2,7.2,0.0,1.0
2015-04-28,7.5,7.5,0.0,1.0
2015-04-29,7.299,7.299,0.0,1.0
2015-04-30,7.286,7.286,0.0,1.0
2015-05-04,7.288,7.288,0.0,1.0
2015-05-05,7.195,7.195,0.0,1.0
2015-05-06,7.064,7.064,0.0,1.0
2015-05-07,6.858,6.858,0.0,1.0
2015-05-08,7.176,7.176,0.0,1.0
2015-05-11,7.679,7.679,0.0,1.0
2015-05-12,7.652,7.652,0.0,1.0
2015-05-13,7.825,7.825,0.0,1.0
2015-05-14,7.801,7.801,0.0,1.0
2015-05-15,7.88,7.88,0.0,1.0
2015-05-18,7.91,7.91,0.0,1.0
2015-05-19,8.016,8.016,0.0,1.0
2015-05-20,8.401,8.401,0.0,1.0
2015-05-21,9.24,9.24,0.0,1.0
2015-05-22,9.25,9.25,0.0,1.0
2015-05-25,8.863,8.863,0.0,1.0
2015-05-26,9.225,9.225,0.0,1.0
2015-05-27,8.973,8.973,0.0,1.0
2015-05-28,8.4,8.4,0.0,1.0
2015-05-29,8.58,8.58,0.0,1.0
2015-06-01,8.96,8.96,0.0,1.0
2015-06-02,9.449,9.449,0.0,1.0
2015-06-03,9.58,9.58,0.0,1.0
2015-06-04,9.33,9.33,0.0,1.0
2015-06-05,9.382,9.382,0.0,1.0
2015-06-08,9.18,9.18,0.0,1.0
2015-06-09,9.069,9.069,0.0,1.0
2015-06-10,9.167,9.167,0.0,1.0
2015-06-11,9.26,9.26,0.0,1.0
2015-06-12,9.313,9.313,0.0,1.0
2015-06-15,9.154,9.154,0.0,1.0
2015-06-16,8.635,8.635,0.0,1.0
2015-06-17,9.02,9.02,0.0,1.0
2015-06-18,8.5,8.5,0.0,1.0
2015-06-19,8.1,8.1,0.0,1.0
2015-06-23,8.2,8.2,0.0,1.0
2015-06-24,8.214,8.214,0.0,1.0
2015-06-25,7.82,7.82,0.0,1.0
2015-06-26,7.038,7.038,0.0,1.0
2015-06-29,6.7,6.7,0.0,1.0
2015-06-30,7.163,7.163,0.0,1.0
2015-07-01,7.006,7.006,0.0,1.0
2015-07-02,6.512,6.512,0.0,1.0
2015-07-03,6.1,6.1,0.0,1.0
2015-07-06,6.186,6.186,0.0,1.0
2015-07-07,5.567,5.567,0.0,1.0
2015-07-08,5.01,5.01,0.0,1.0
2015-07-09,5.511,5.511,0.0,1.0
2015-07-10,6.062,6.062,0.0,1.0
2015-07-13,6.668,6.668,0.0,1.0
2015-07-14,7.18,7.18,0.0,1.0
2015-07-15,6.464,6.464,0.0,1.0
2015-07-16,6.584,6.584,0.0,1.0
2015-07-17,7.05,7.05,0.0,1.0
2015-07-20,7.181,7.181,0.0,1.0
2015-07-21,7.012,7.012,0.0,1.0
2015-07-22,7.0,7.0,0.0,1.0
2015-07-23,7.066,7.066,0.0,1.0
2015-07-24,6.965,6.965,0.0,1.0
2015-07-27,6.272,6.272,0.0,1.0
2015-07-28,6.262,6.262,0.0,1.0
2015-07-29,6.455,6.455,0.0,1.0
2015-07-30,6.366,6.366,0.0,1.0
2015-07-31,6.326,6.326,0.0,1.0
2015-08-03,6.006,6.006,0.0,1.0
2015-08-04,6.192,6.192,0.0,1.0
2015-08-05,6.279,6.279,0.0,1.0
2015-08-06,6.197,6.197,0.0,1.0
2015-08-07,6.358,6.358,0.0,1.0
2015-08-10,6.67,6.67,0.0,1.0
2015-08-11,6.71,6.71,0.0,1.0
2015-08-12,6.543,6.543,0.0,1.0
2015-08-13,6.577,6.577,0.0,1.0
2015-08-14,6.621,6.621,0.0,1.0
2015-08-17,6.5,6.5,0.0,1.0
2015-08-18,6.588,6.588,0.0,1.0
2015-08-19,6.401,6.401,0.0,1.0
2015-08-20,6.334,6.334,0.0,1.0
2015-08-21,6.111,6.111,0.0,1.0
2015-08-24,5.5,5.5,0.0,1.0
2015-08-25,4.95,4.95,0.0,1.0
2015-08-26,5.185,5.185,0.0,1.0
2015-08-27,5.099,5.099,0.0,1.0
2015-08-28,5.262,5.262,0.0,1.0
2015-08-31,5.135,5.135,0.0,1.0
2015-09-01,4.836,4.836,0.0,1.0
2015-09-02,4.612,4.612,0.0,1.0
2015-09-07,4.9,4.9,0.0,1.0
2015-09-08,5.29,5.29,0.0,1.0
2015-09-09,5.55,5.55,0.0,1.0
2015-09-10,5.522,5.522,0.0,1.0
2015-09-11,5.5,5.5,0.0,1.0
2015-09-14,5.48,5.48,0.0,1.0
2015-09-15,5.148,5.148,0.0,1.0
2015-09-16,5.596,5.596,0.0,1.0
2015-09-17,5.46,5.46,0.0,1.0
2015-09-18,5.484,5.484,0.0,1.0
2015-09-21,5.48,5.48,0.0,1.0
2015-09-22,5.46,5.46,0.0,1.0
2015-09-23,5.369,5.369,0.0,1.0
2015-09-24,5.368,5.368,0.0,1.0
2015-09-25,5.349,5.349,0.0,1.0
2015-09-28,5.321,5.321,0.0,1.0
2015-09-29,5.21,5.21,0.0,1.0
2015-09-30,5.2,5.2,0.0,1.0
2015-10-08,5.389,5.389,0.0,1.0
2015-10-09,5.397,5.397,0.0,1.0
2015-10-12,5.649,5.649,0.0,1.0
2015-10-13,5.649,5.649,0.0,1.0
2015-10-14,5.64,5.64,0.0,1.0
2015-10-15,5.639,5.639,0.0,1.0
2015-10-16,5.68,5.68,0.0,1.0
2015-10-19,5.611,5.611,0.0,1.0
2015-10-20,5.748,5.748,0.0,1.0
2015-10-21,5.581,5.581,0.0,1.0
2015-10-22,5.686,5.686,0.0,1.0
2015-10-23,5.791,5.791,0.0,1.0
2015-10-26,5.83,5.83,0.0,1.0
2015-10-27,5.79,5.79,0.0,1.0
2015-10-28,5.774,5.774,0.0,1.0
2015-10-29,5.784,5.784,0.0,1.0
2015-10-30,5.789,5.789,0.0,1.0
2015-11-02,5.677,5.677,0.0,1.0
2015-11-03,5.589,5.589,0.0,1.0
2015-11-04,5.841,5.841,0.0,1.0
2015-11-05,5.862,5.862,0.0,1.0
2015-11-06,6.016,6.016,0.0,1.0
2015-11-09,6.05,6.05,0.0,1.0
2015-11-10,6.2,6.2,0.0,1.0
2015-11-11,6.239,6.239,0.0,1.0
2015-11-12,6.267,6.267,0.0,1.0
2015-11-13,6.178,6.178,0.0,1.0
2015-11-16,6.185,6.185,0.0,1.0
2015-11-17,6.063,6.063,0.0,1.0
2015-11-18,6.075,6.075,0.0,1.0
2015-11-19,6.174,6.174,0.0,1.0
2015-11-20,6.285,6.285,0.0,1.0
2015-11-23,6.157,6.157,0.0,1.0
2015-11-24,6.17,6.17,0.0,1.0
2015-11-25,6.32,6.32,0.0,1.0
2015-11-26,6.353,6.353,0.0,1.0
2015-11-27,6.186,6.186,0.0,1.0
2015-11-30,5.893,5.893,0.0,1.0
2015-12-01,5.782,5.782,0.0,1.0
2015-12-02,5.806,5.806,0.0,1.0
2015-12-03,5.96,5.96,0.0,1.0
2015-12-04,5.98,5.98,0.0,1.0
2015-12-07,5.997,5.997,0.0,1.0
2015-12-08,5.9,5.9,0.0,1.0
2015-12-09,5.887,5.887,0.0,1.0
2015-12-10,5.97,5.97,0.0,1.0
2015-12-11,5.97,5.97,0.0,1.0
2015-12-14,5.946,5.946,0.0,1.0
2015-12-15,6.021,6.021,0.0,1.0
2015-12-16,6.119,6.119,0.0,1.0
2015-12-17,6.21,6.21,0.0,1.0
2015-12-18,6.219,6.219,0.0,1.0
2015-12-21,6.23,6.23,0.0,1.0
2015-12-22,6.329,6.329,0.0,1.0
2015-12-23,6.21,6.21,0.0,1.0
2015-12-24,6.225,6.225,0.0,1.0
2015-12-25,6.342,6.342,0.0,1.0
2015-12-28,6.226,6.226,0.0,1.0
2015-12-29,6.152,6.152,0.0,1.0
2015-12-31,6.225,6.225,0.0,1.0
2016-01-04,5.985,5.985,0.0,1.0
2016-01-05,5.429,5.429,0.0,1.0
2016-01-06,5.499,5.499,0.0,1.0
2016-01-07,5.264,5.264,0.0,1.0
2016-01-08,5.55,5.55,0.0,1.0
2016-01-11,5.53,5.53,0.0,1.0
2016-01-12,5.228,5.228,0.0,1.0
2016-01-13,5.118,5.118,0.0,1.0
2016-01-14,5.09,5.09,0.0,1.0
2016-01-15,5.04,5.04,0.0,1.0
2016-01-18,5.069,5.069,0.0,1.0
2016-01-19,5.08,5.08,0.0,1.0
2016-01-20,5.06,5.06,0.0,1.0
2016-01-21,5.107,5.107,0.0,1.0
2016-01-22,5.1,5.1,0.0,1.0
2016-01-25,5.11,5.11,0.0,1.0
2016-01-26,4.894,4.894,0.0,1.0
2016-01-27,4.876,4.876,0.0,1.0
2016-01-28,4.76,4.76,0.0,1.0
2016-01-29,4.838,4.838,0.0,1.0
2016-02-01,4.707,4.707,0.0,1.0
2016-02-02,4.74,4.74,0.0,1.0
2016-02-03,4.881,4.881,0.0,1.0
2016-02-04,4.795,4.795,0.0,1.0
2016-02-05,5.044,5.044,0.0,1.0
2016-02-15,5.02,5.02,0.0,1.0
2016-02-16,5.1,5.1,0.0,1.0
2016-02-17,5.134,5.134,0.0,1.0
2016-02-18,5.132,5.132,0.0,1.0
2016-02-19,5.019,5.019,0.0,1.0
2016-02-22,5.195,5.195,0.0,1.0
2016-02-23,5.195,5.195,0.0,1.0
2016-02-24,5.159,5.159,0.0,1.0
2016-02-25,5.045,5.045,0.0,1.0
2016-02-29,4.709,4.709,0.0,1.0
2016-03-01,4.86,4.86,0.0,1.0
2016-03-02,4.997,4.997,0.0,1.0
2016-03-03,5.008,5.008,0.0,1.0
2016-03-04,4.99,4.99,0.0,1.0
2016-03-07,5.051,5.051,0.0,1.0
2016-03-08,4.98,4.98,0.0,1.0
2016-03-09,5.216,5.216,0.0,1.0
2016-03-10,5.085,5.085,0.0,1.0
2016-03-11,5.16,5.16,0.0,1.0
2016-03-14,5.2,5.2,0.0,1.0
2016-03-15,5.01,5.01,0.0,1.0
2016-03-16,4.989,4.989,0.0,1.0
2016-03-17,5.174,5.174,0.0,1.0
2016-03-18,5.183,5.183,0.0,1.0
2016-03-21,5.291,5.291,0.0,1.0
2016-03-22,5.249,5.249,0.0,1.0
2016-03-23,5.278,5.278,0.0,1.0
2016-03-24,5.285,5.285,0.0,1.0
2016-03-25,5.168,5.168,0.0,1.0
2016-03-28,5.029,5.029,0.0,1.0
2016-03-29,5.03,5.03,0.0,1.0
2016-03-30,5.059,5.059,0.0,1.0
2016-03-31,5.079,5.079,0.0,1.0
2016-04-01,5.028,5.028,0.0,1.0
2016-04-05,5.049,5.049,0.0,1.0
2016-04-06,5.055,5.055,0.0,1.0
2016-04-08,5.065,5.065,0.0,1.0
2016-04-11,5.03,5.03,0.0,1.0
2016-04-12,5.039,5.039,0.0,1.0
2016-04-13,5.089,5.089,0.0,1.0
2016-04-14,5.095,5.095,0.0,1.0
2016-04-15,5.09,5.09,0.0,1.0
2016-04-18,5.16,5.16,0.0,1.0
2016-04-19,5.04,5.04,0.0,1.0
2016-04-20,4.7,4.7,0.0,1.0
2016-04-21,4.735,4.735,0.0,1.0
2016-04-22,4.8,4.8,0.0,1.0
2016-04-26,4.742,4.742,0.0,1.0
2016-04-27,4.86,4.86,0.0,1.0
2016-04-28,4.743,4.743,0.0,1.0
2016-04-29,4.746,4.746,0.0,1.0
2016-05-03,5.1,5.1,0.0,1.0
2016-05-04,4.95,4.95,0.0,1.0
2016-05-05,5.019,5.019,0.0,1.0
2016-05-06,4.99,4.99,0.0,1.0
2016-05-09,4.836,4.836,0.0,1.0
2016-05-10,4.78,4.78,0.0,1.0
2016-05-11,4.868,4.868,0.0,1.0
2016-05-12,4.858,4.858,0.0,1.0
2016-05-13,4.745,4.745,0.0,1.0
2016-05-16,4.75,4.75,0.0,1.0
2016-05-17,4.749,4.749,0.0,1.0
2016-05-19,4.721,4.721,0.0,1.0
2016-05-20,4.856,4.856,0.0,1.0
2016-05-23,4.917,4.917,0.0,1.0
2016-05-24,4.77,4.77,0.0,1.0
2016-05-25,4.71,4.71,0.0,1.0
2016-05-26,4.699,4.699,0.0,1.0
2016-05-30,4.795,4.795,0.0,1.0
2016-05-31,4.98,4.98,0.0,1.0
2016-06-01,4.988,4.988,0.0,1.0
2016-06-03,5.058,5.058,0.0,1.0
2016-06-06,5.027,5.027,0.0,1.0
2016-06-07,4.975,4.975,0.0,1.0
2016-06-08,4.975,4.975,0.0,1.0
2016-06-13,4.875,4.875,0.0,1.0
2016-06-15,4.899,4.899,0.0,1.0
2016-06-16,4.814,4.814,0.0,1.0
2016-06-17,4.898,4.898,0.0,1.0
2016-06-20,4.875,4.875,0.0,1.0
2016-06-21,4.887,4.887,0.0,1.0
2016-06-23,4.876,4.876,0.0,1.0
2016-06-24,4.899,4.899,0.0,1.0
2016-06-27,4.975,4.975,0.0,1.0
2016-06-28,4.962,4.962,0.0,1.0
2016-06-29,4.969,4.969,0.0,1.0
2016-06-30,5.03,5.03,0.0,1.0
2016-07-01,5.019,5.019,0.0,1.0
2016-07-04,5.099,5.099,0.0,1.0
2016-07-05,5.166,5.166,0.0,1.0
2016-07-06,4.989,4.989,0.0,1.0
2016-07-08,5.088,5.088,0.0,1.0
2016-07-12,5.002,5.002,0.0,1.0
2016-07-13,5.135,5.135,0.0,1.0
2016-07-14,5.178,5.178,0.0,1.0
2016-07-15,5.118,5.118,0.0,1.0
2016-07-18,5.12,5.12,0.0,1.0
2016-07-19,5.119,5.119,0.0,1.0
2016-07-20,5.159,5.159,0.0,1.0
2016-07-21,5.158,5.158,0.0,1.0
2016-07-22,5.169,5.169,0.0,1.0
2016-07-25,5.198,5.198,0.0,1.0
2016-07-26,5.2,5.2,0.0,1.0
2016-07-27,5.291,5.291,0.0,1.0
2016-07-28,5.088,5.088,0.0,1.0
2016-07-29,5.011,5.011,0.0,1.0
2016-08-01,4.9,4.9,0.0,1.0
2016-08-04,4.976,4.976,0.0,1.0
2016-08-05,4.91,4.91,0.0,1.0
2016-08-09,4.99,4.99,0.0,1.0
2016-08-10,5.059,5.059,0.0,1.0
2016-08-11,5.03,5.03,0.0,1.0
2016-08-15,5.09,5.09,0.0,1.0
2016-08-16,5.1,5.1,0.0,1.0
2016-08-17,5.12,5.12,0.0,1.0
2016-08-18,5.162,5.162,0.0,1.0
2016-08-19,5.162,5.162,0.0,1.0
2016-08-22,5.105,5.105,0.0,1.0
2016-08-23,5.09,5.09,0.0,1.0
2016-08-24,5.106,5.106,0.0,1.0
2016-08-25,5.038,5.038,0.0,1.0
2016-08-26,5.101,5.101,0.0,1.0
2016-08-29,5.128,5.128,0.0,1.0
2016-08-30,5.07,5.07,0.0,1.0
2016-09-01,5.019,5.019,0.0,1.0
2016-09-06,5.019,5.019,0.0,1.0
2016-09-07,5.136,5.136,0.0,1.0
2016-09-08,5.136,5.136,0.0,1.0
2016-09-09,5.101,5.101,0.0,1.0
2016-09-12,5.138,5.138,0.0,1.0
2016-09-13,4.941,4.941,0.0,1.0
2016-09-14,5.092,5.092,0.0,1.0
2016-09-19,4.97,4.97,0.0,1.0
2016-09-20,4.961,4.961,0.0,1.0
2016-09-21,4.976,4.976,0.0,1.0
2016-09-22,4.995,4.995,0.0,1.0
2016-09-23,4.98,4.98,0.0,1.0
2016-09-26,4.879,4.879,0.0,1.0
2016-09-27,4.851,4.851,0.0,1.0
2016-09-28,4.944,4.944,0.0,1.0
2016-09-29,4.889,4.889,0.0,1.0
2016-09-30,4.961,4.961,0.0,1.0
2016-10-10,4.989,4.989,0.0,1.0
2016-10-11,4.999,4.999,0.0,1.0
2016-10-13,5.028,5.028,0.0,1.0
2016-10-14,5.158,5.158,0.0,1.0
2016-10-17,4.999,4.999,0.0,1.0
2016-10-18,5.014,5.014,0.0,1.0
2016-10-19,5.019,5.019,0.0,1.0
2016-10-20,5.021,5.021,0.0,1.0
2016-10-21,4.996,4.996,0.0,1.0
2016-10-24,5.032,5.032,0.0,1.0
2016-10-26,4.98,4.98,0.0,1.0
2016-10-27,4.98,4.98,0.0,1.0
2016-10-28,4.999,4.999,0.0,1.0
2016-11-01,4.997,4.997,0.0,1.0
2016-11-02,4.981,4.981,0.0,1.0
2016-11-03,5.018,5.018,0.0,1.0
2016-11-04,4.998,4.998,0.0,1.0
2016-11-07,4.95,4.95,0.0,1.0
2016-11-08,5.005,5.005,0.0,1.0
2016-11-09,4.968,4.968,0.0,1.0
2016-11-10,5.018,5.018,0.0,1.0
2016-11-11,5.029,5.029,0.0,1.0
2016-11-15,5.03,5.03,0.0,1.0
2016-11-16,5.075,5.075,0.0,1.0
2016-11-17,5.068,5.068,0.0,1.0
2016-11-18,4.961,4.961,0.0,1.0
2016-11-21,4.979,4.979,0.0,1.0
2016-11-22,4.997,4.997,0.0,1.0
2016-11-23,4.995,4.995,0.0,1.0
2016-11-24,4.97,4.97,0.0,1.0
2016-11-25,4.999,4.999,0.0,1.0
2016-11-28,4.991,4.991,0.0,1.0
2016-11-29,5.022,5.022,0.0,1.0
2016-11-30,5.027,5.027,0.0,1.0
2016-12-01,5.024,5.024,0.0,1.0
2016-12-02,5.015,5.015,0.0,1.0
2016-12-05,4.94,4.94,0.0,1.0
2016-12-06,4.884,4.884,0.0,1.0
2016-12-07,4.892,4.892,0.0,1.0
2016-12-08,4.885,4.885,0.0,1.0
2016-12-09,4.854,4.854,0.0,1.0
2016-12-12,4.673,4.673,0.0,1.0
2016-12-13,4.608,4.608,0.0,1.0
2016-12-14,4.569,4.569,0.0,1.0
2016-12-15,4.756,4.756,0.0,1.0
2016-12-16,4.794,4.794,0.0,1.0
2016-12-20,4.727,4.727,0.0,1.0
2016-12-21,4.648,4.648,0.0,1.0
2016-12-22,4.69,4.69,0.0,1.0
2016-12-23,4.68,4.68,0.0,1.0
2016-12-26,4.655,4.655,0.0,1.0
2016-12-27,4.638,4.638,0.0,1.0
2016-12-28,4.58,4.58,0.0,1.0
2016-12-29,4.675,4.675,0.0,1.0
2016-12-30,4.647,4.647,0.0,1.0
2017-01-04,4.776,4.776,0.0,1.0
2017-01-06,4.775,4.775,0.0,1.0
2017-01-09,4.76,4.76,0.0,1.0
2017-01-10,4.689,4.689,0.0,1.0
2017-01-11,4.618,4.618,0.0,1.0
2017-01-12,4.616,4.616,0.0,1.0
2017-01-13,4.588,4.588,0.0,1.0
2017-01-16,4.365,4.365,0.0,1.0
2017-01-17,4.469,4.469,0.0,1.0
2017-01-18,4.424,4.424,0.0,1.0
2017-01-19,4.43,4.43,0.0,1.0
2017-01-20,4.45,4.45,0.0,1.0
2017-01-23,4.49,4.49,0.0,1.0
2017-01-25,4.889,4.889,0.0,1.0
2017-01-26,4.797,4.797,0.0,1.0
2017-02-06,4.75,4.75,0.0,1.0
2017-02-07,4.72,4.72,0.0,1.0
2017-02-08,4.69,4.69,0.0,1.0
2017-02-09,4.657,4.657,0.0,1.0
2017-02-10,4.518,4.518,0.0,1.0
2017-02-13,4.482,4.482,0.0,1.0
2017-02-14,4.61,4.61,0.0,1.0
2017-02-15,4.657,4.657,0.0,1.0
2017-02-16,4.657,4.657,0.0,1.0
2017-02-17,4.588,4.588,0.0,1.0
2017-02-20,4.598,4.598,0.0,1.0
2017-02-21,4.65,4.65,0.0,1.0
2017-02-22,4.644,4.644,0.0,1.0
2017-02-23,4.631,4.631,0.0,1.0
2017-02-24,4.637,4.637,0.0,1.0
2017-02-27,4.659,4.659,0.0,1.0
2017-02-28,4.679,4.679,0.0,1.0
2017-03-01,4.672,4.672,0.0,1.0
2017-03-02,4.63,4.63,0.0,1.0
2017-03-03,4.679,4.679,0.0,1.0
2017-03-06,4.681,4.681,0.0,1.0
2017-03-07,4.74,4.74,0.0,1.0
2017-03-10,4.73,4.73,0.0,1.0
2017-03-13,4.661,4.661,0.0,1.0
2017-03-14,4.676,4.676,0.0,1.0
2017-03-16,4.692,4.692,0.0,1.0
2017-03-17,4.729,4.729,0.0,1.0
2017-03-20,4.676,4.676,0.0,1.0
2017-03-21,4.698,4.698,0.0,1.0
2017-03-22,4.675,4.675,0.0,1.0
2017-03-23,4.667,4.667,0.0,1.0
2017-03-24,4.716,4.716,0.0,1.0
2017-03-27,4.617,4.617,0.0,1.0
2017-03-28,4.647,4.647,0.0,1.0
2017-03-29,4.66,4.66,0.0,1.0
2017-03-30,4.613,4.613,0.0,1.0
2017-03-31,4.693,4.693,0.0,1.0
2017-04-05,4.693,4.693,0.0,1.0
2017-04-06,4.74,4.74,0.0,1.0
2017-04-07,4.768,4.768,0.0,1.0
2017-04-11,4.7,4.7,0.0,1.0
2017-04-12,4.702,4.702,0.0,1.0
2017-04-13,4.698,4.698,0.0,1.0
2017-04-14,4.613,4.613,0.0,1.0
2017-04-17,4.65,4.65,0.0,1.0
2017-04-18,4.644,4.644,0.0,1.0
2017-04-19,4.602,4.602,0.0,1.0
2017-04-20,4.687,4.687,0.0,1.0
2017-04-21,4.685,4.685,0.0,1.0
2017-04-24,4.6,4.6,0.0,1.0
2017-04-25,4.69,4.69,0.0,1.0
2017-04-26,4.668,4.668,0.0,1.0
2017-04-27,4.653,4.653,0.0,1.0
2017-04-28,4.668,4.668,0.0,1.0
2017-05-02,4.641,4.641,0.0,1.0
2017-05-03,4.64,4.64,0.0,1.0
2017-05-04,4.676,4.676,0.0,1.0
2017-05-05,4.675,4.675,0.0,1.0
2017-05-08,4.601,4.601,0.0,1.0
2017-05-10,4.556,4.556,0.0,1.0
2017-05-11,4.561,4.561,0.0,1.0
2017-05-12,4.598,4.598,0.0,1.0
2017-05-17,4.7,4.7,0.0,1.0
2017-05-18,4.662,4.662,0.0,1.0
2017-05-23,4.625,4.625,0.0,1.0
2017-05-24,4.689,4.689,0.0,1.0
2017-05-25,4.684,4.684,0.0,1.0
2017-05-26,4.562,4.562,0.0,1.0
2017-05-31,4.665,4.665,0.0,1.0
2017-06-01,4.598,4.598,0.0,1.0
2017-06-02,4.454,4.454,0.0,1.0
2017-06-05,4.654,4.654,0.0,1.0
2017-06-06,4.584,4.584,0.0,1.0
2017-06-07,4.65,4.65,0.0,1.0
2017-06-08,4.704,4.704,0.0,1.0
2017-06-09,4.719,4.719,0.0,1.0
2017-06-12,4.695,4.695,0.0,1.0
2017-06-14,4.675,4.675,0.0,1.0
2017-06-15,4.719,4.719,0.0,1.0
2017-06-16,4.67,4.67,0.0,1.0
2017-06-19,4.74,4.74,0.0,1.0
2017-06-20,4.79,4.79,0.0,1.0
2017-06-21,4.816,4.816,0.0,1.0
2017-06-22,4.801,4.801,0.0,1.0
2017-06-23,4.874,4.874,0.0,1.0
2017-06-26,4.93,4.93,0.0,1.0
2017-06-27,4.996,4.996,0.0,1.0
2017-06-28,4.87,4.87,0.0,1.0
2017-06-29,4.993,4.993,0.0,1.0
2017-06-30,4.992,4.992,0.0,1.0
2017-07-03,5.018,5.018,0.0,1.0
2017-07-04,4.92,4.92,0.0,1.0
2017-07-05,5.002,5.002,0.0,1.0
2017-07-06,5.004,5.004,0.0,1.0
2017-07-12,4.92,4.92,0.0,1.0
2017-07-13,4.958,4.958,0.0,1.0
2017-07-17,4.979,4.979,0.0,1.0
2017-07-18,4.801,4.801,0.0,1.0
2017-07-19,4.87,4.87,0.0,1.0
2017-07-20,4.968,4.968,0.0,1.0
2017-07-21,4.968,4.968,0.0,1.0
2017-07-24,4.979,4.979,0.0,1.0
2017-07-25,4.99,4.99,0.0,1.0
2017-07-26,4.92,4.92,0.0,1.0
2017-07-27,4.98,4.98,0.0,1.0
2017-07-28,4.97,4.97,0.0,1.0
2017-07-31,5.077,5.077,0.0,1.0
2017-08-01,5.02,5.02,0.0,1.0
2017-08-02,5.1,5.1,0.0,1.0
2017-08-03,5.099,5.099,0.0,1.0
2017-08-04,4.946,4.946,0.0,1.0
2017-08-07,4.998,4.998,0.0,1.0
2017-08-09,5.053,5.053,0.0,1.0
2017-08-10,5.055,5.055,0.0,1.0
2017-08-11,4.966,4.966,0.0,1.0
2017-08-14,5.15,5.15,0.0,1.0
2017-08-15,5.18,5.18,0.0,1.0
2017-08-16,5.379,5.379,0.0,1.0
2017-08-17,5.482,5.482,0.0,1.0
2017-08-18,5.469,5.469,0.0,1.0
2017-08-21,5.308,5.308,0.0,1.0
2017-08-22,5.36,5.36,0.0,1.0
2017-08-23,5.292,5.292,0.0,1.0
2017-08-24,5.272,5.272,0.0,1.0
2017-08-25,5.27,5.27,0.0,1.0
2017-08-28,5.377,5.377,0.0,1.0
2017-08-29,5.433,5.433,0.0,1.0
2017-08-30,5.4,5.4,0.0,1.0
2017-08-31,5.39,5.39,0.0,1.0
2017-09-01,5.4,5.4,0.0,1.0
2017-09-04,5.414,5.414,0.0,1.0
2017-09-05,5.5,5.5,0.0,1.0
2017-09-06,5.568,5.568,0.0,1.0
2017-09-07,5.567,5.567,0.0,1.0
2017-09-08,5.431,5.431,0.0,1.0
2017-09-11,5.468,5.468,0.0,1.0
2017-09-12,5.493,5.493,0.0,1.0
2017-09-13,5.43,5.43,0.0,1.0
2017-09-14,5.407,5.407,0.0,1.0
2017-09-15,5.43,5.43,0.0,1.0
2017-09-18,5.402,5.402,0.0,1.0
2017-09-21,5.402,5.402,0.0,1.0
2017-09-22,5.449,5.449,0.0,1.0
2017-09-26,5.222,5.222,0.0,1.0
2017-09-27,5.27,5.27,0.0,1.0
2017-09-28,5.352,5.352,0.0,1.0
2017-09-29,5.385,5.385,0.0,1.0
2017-10-09,5.35,5.35,0.0,1.0
2017-10-10,5.4,5.4,0.0,1.0
2017-10-11,5.429,5.429,0.0,1.0
2017-10-12,5.288,5.288,0.0,1.0
2017-10-13,5.445,5.445,0.0,1.0
2017-10-16,5.487,5.487,0.0,1.0
2017-10-17,5.44,5.44,0.0,1.0
2017-10-18,5.437,5.437,0.0,1.0
2017-10-19,5.402,5.402,0.0,1.0
2017-10-20,5.43,5.43,0.0,1.0
2017-10-23,5.419,5.419,0.0,1.0
2017-10-24,5.437,5.437,0.0,1.0
2017-10-25,5.466,5.466,0.0,1.0
2017-10-26,4.92,4.92,0.0,1.0
2017-10-27,5.412,5.412,0.0,1.0
2017-10-30,5.479,5.479,0.0,1.0
2017-10-31,5.479,5.479,0.0,1.0
2017-11-01,5.486,5.486,0.0,1.0
2017-11-02,5.499,5.499,0.0,1.0
2017-11-03,5.472,5.472,0.0,1.0
2017-11-06,5.538,5.538,0.0,1.0
2017-11-07,5.58,5.58,0.0,1.0
2017-11-08,5.644,5.644,0.0,1.0
2017-11-09,5.675,5.675,0.0,1.0
2017-11-13,5.731,5.731,0.0,1.0
2017-11-14,5.948,5.948,0.0,1.0
2017-11-15,5.839,5.839,0.0,1.0
2017-11-16,5.839,5.839,0.0,1.0
2017-11-17,5.742,5.742,0.0,1.0
2017-11-20,5.896,5.896,0.0,1.0
2017-11-21,5.882,5.882,0.0,1.0
2017-11-22,5.936,5.936,0.0,1.0
2017-11-23,5.884,5.884,0.0,1.0
2017-11-24,5.673,5.673,0.0,1.0
2017-11-27,5.57,5.57,0.0,1.0
2017-11-28,5.496,5.496,0.0,1.0
2017-11-29,5.525,5.525,0.0,1.0
2017-11-30,5.514,5.514,0.0,1.0
2017-12-01,5.512,5.512,0.0,1.0
2017-12-04,5.545,5.545,0.0,1.0
2017-12-05,5.476,5.476,0.0,1.0
2017-12-06,5.434,5.434,0.0,1.0
2017-12-07,5.42,5.42,0.0,1.0
2017-12-08,5.555,5.555,0.0,1.0
2017-12-11,5.59,5.59,0.0,1.0
2017-12-12,5.569,5.569,0.0,1.0
2017-12-13,5.549,5.549,0.0,1.0
2017-12-14,5.546,5.546,0.0,1.0
2017-12-15,5.568,5.568,0.0,1.0
2017-12-18,5.54,5.54,0.0,1.0
2017-12-19,5.553,5.553,0.0,1.0
2017-12-20,5.55,5.55,0.0,1.0
2017-12-21,5.555,5.555,0.0,1.0
2017-12-22,5.56,5.56,0.0,1.0
2017-12-25,5.657,5.657,0.0,1.0
2017-12-26,5.491,5.491,0.0,1.0
2017-12-27,5.54,5.54,0.0,1.0
2017-12-28,5.642,5.642,0.0,1.0
2018-01-02,5.481,5.481,0.0,1.0
2018-01-03,5.535,5.535,0.0,1.0
2018-01-04,5.473,5.473,0.0,1.0
2018-01-05,5.484,5.484,0.0,1.0
2018-01-08,5.485,5.485,0.0,1.0
2018-01-09,5.45,5.45,0.0,1.0
2018-01-10,5.521,5.521,0.0,1.0
2018-01-12,5.461,5.461,0.0,1.0
2018-01-15,5.5,5.5,0.0,1.0
2018-01-16,5.443,5.443,0.0,1.0
2018-01-17,5.416,5.416,0.0,1.0
2018-01-18,5.366,5.366,0.0,1.0
2018-01-19,5.354,5.354,0.0,1.0
2018-01-22,5.414,5.414,0.0,1.0
2018-01-24,5.449,5.449,0.0,1.0
2018-01-25,5.459,5.459,0.0,1.0
2018-01-26,5.488,5.488,0.0,1.0
2018-01-29,5.389,5.389,0.0,1.0
2018-01-30,5.287,5.287,0.0,1.0
2018-01-31,5.242,5.242,0.0,1.0
2018-02-01,5.113,5.113,0.0,1.0
2018-02-02,5.113,5.113,0.0,1.0
2018-02-05,5.13,5.13,0.0,1.0
2018-02-06,5.0,5.0,0.0,1.0
2018-02-07,4.792,4.792,0.0,1.0
2018-02-08,4.898,4.898,0.0,1.0
2018-02-09,4.752,4.752,0.0,1.0
2018-02-12,4.883,4.883,0.0,1.0
2018-02-13,4.95,4.95,0.0,1.0
2018-02-14,4.939,4.939,0.0,1.0
2018-02-22,4.96,4.96,0.0,1.0
2018-02-23,5.01,5.01,0.0,1.0
2018-02-26,5.215,5.215,0.0,1.0
2018-02-27,5.278,5.278,0.0,1.0
2018-02-28,5.351,5.351,0.0,1.0
2018-03-01,5.36,5.36,0.0,1.0
2018-03-02,5.386,5.386,0.0,1.0
2018-03-05,5.38,5.38,0.0,1.0
2018-03-06,5.335,5.335,0.0,1.0
2018-03-07,5.427,5.427,0.0,1.0
2018-03-08,5.498,5.498,0.0,1.0
2018-03-09,5.54,5.54,0.0,1.0
2018-03-12,5.6,5.6,0.0,1.0
2018-03-13,5.6,5.6,0.0,1.0
2018-03-14,5.512,5.512,0.0,1.0
2018-03-15,5.455,5.455,0.0,1.0
2018-03-16,5.475,5.475,0.0,1.0
2018-03-19,5.461,5.461,0.0,1.0
2018-03-20,5.598,5.598,0.0,1.0
2018-03-21,5.595,5.595,0.0,1.0
2018-03-22,5.59,5.59,0.0,1.0
2018-03-23,5.4,5.4,0.0,1.0
2018-03-26,5.52,5.52,0.0,1.0
2018-03-27,5.375,5.375,0.0,1.0
2018-03-28,5.52,5.52,0.0,1.0
2018-03-29,5.587,5.587,0.0,1.0
2018-03-30,5.591,5.591,0.0,1.0
2018-04-02,5.422,5.422,0.0,1.0
2018-04-03,5.583,5.583,0.0,1.0
2018-04-04,5.52,5.52,0.0,1.0
2018-04-09,5.523,5.523,0.0,1.0
2018-04-11,5.566,5.566,0.0,1.0
2018-04-12,5.6,5.6,0.0,1.0
2018-04-13,5.605,5.605,0.0,1.0
2018-04-17,5.42,5.42,0.0,1.0
2018-04-18,5.42,5.42,0.0,1.0
2018-04-19,5.448,5.448,0.0,1.0
2018-04-20,5.497,5.497,0.0,1.0
2018-04-23,5.465,5.465,0.0,1.0
2018-04-24,5.444,5.444,0.0,1.0
2018-04-25,5.302,5.302,0.0,1.0
2018-04-26,5.15,5.15,0.0,1.0
2018-04-27,5.05,5.05,0.0,1.0
2018-05-02,4.994,4.994,0.0,1.0
2018-05-03,5.078,5.078,0.0,1.0
2018-05-04,5.084,5.084,0.0,1.0
2018-05-07,5.095,5.095,0.0,1.0
2018-05-08,5.164,5.164,0.0,1.0
2018-05-09,5.123,5.123,0.0,1.0
2018-05-10,5.141,5.141,0.0,1.0
2018-05-11,5.141,5.141,0.0,1.0
2018-05-14,5.149,5.149,0.0,1.0
2018-05-15,5.192,5.192,0.0,1.0
2018-05-16,5.162,5.162,0.0,1.0
2018-05-17,5.126,5.126,0.0,1.0
2018-05-18,5.126,5.126,0.0,1.0
2018-05-21,5.231,5.231,0.0,1.0
2018-05-22,5.23,5.23,0.0,1.0
2018-05-23,5.188,5.188,0.0,1.0
2018-05-24,5.126,5.126,0.0,1.0
2018-05-25,5.037,5.037,0.0,1.0
2018-05-28,5.045,5.045,0.0,1.0
2018-05-29,5.045,5.045,0.0,1.0
2018-05-30,4.91,4.91,0.0,1.0
2018-05-31,4.939,4.939,0.0,1.0
2018-06-01,4.9,4.9,0.0,1.0
2018-06-04,4.908,4.908,0.0,1.0
2018-06-05,5.026,5.026,0.0,1.0
2018-06-06,5.016,5.016,0.0,1.0
2018-06-07,4.999,4.999,0.0,1.0
2018-06-08,4.951,4.951,0.0,1.0
2018-06-11,4.949,4.949,0.0,1.0
2018-06-12,4.988,4.988,0.0,1.0
2018-06-13,4.878,4.878,0.0,1.0
2018-06-14,4.826,4.826,0.0,1.0
2018-06-15,4.727,4.727,0.0,1.0
2018-06-19,4.88,4.88,0.0,1.0
2018-06-20,4.423,4.423,0.0,1.0
2018-06-21,4.244,4.244,0.0,1.0
2018-06-22,4.28,4.28,0.0,1.0
2018-06-25,4.213,4.213,0.0,1.0
2018-06-26,4.291,4.291,0.0,1.0
2018-06-27,4.224,4.224,0.0,1.0
2018-06-28,4.22,4.22,0.0,1.0
2018-06-29,4.55,4.55,0.0,1.0
2018-07-02,4.49,4.49,0.0,1.0
2018-07-03,4.39,4.39,0.0,1.0
2018-07-04,4.299,4.299,0.0,1.0
2018-07-05,4.198,4.198,0.0,1.0
2018-07-06,4.229,4.229,0.0,1.0
2018-07-09,4.339,4.339,0.0,1.0
2018-07-10,4.342,4.342,0.0,1.0
2018-07-11,4.24,4.24,0.0,1.0
2018-07-12,4.436,4.436,0.0,1.0
2018-07-13,4.453,4.453,0.0,1.0
2018-07-16,4.499,4.499,0.0,1.0
2018-07-17,4.477,4.477,0.0,1.0
2018-07-19,4.412,4.412,0.0,1.0
2018-07-20,4.49,4.49,0.0,1.0
2018-07-23,4.533,4.533,0.0,1.0
2018-07-24,4.59,4.59,0.0,1.0
2018-07-25,4.596,4.596,0.0,1.0
2018-07-26,4.489,4.489,0.0,1.0
2018-07-27,4.461,4.461,0.0,1.0
2018-07-30,4.372,4.372,0.0,1.0
2018-07-31,4.347,4.347,0.0,1.0
2018-08-01,4.3,4.3,0.0,1.0
2018-08-02,4.181,4.181,0.0,1.0
2018-08-03,4.15,4.15,0.0,1.0
2018-08-06,4.08,4.08,0.0,1.0
2018-08-07,4.052,4.052,0.0,1.0
2018-08-08,4.021,4.021,0.0,1.0
2018-08-09,4.168,4.168,0.0,1.0
2018-08-10,4.209,4.209,0.0,1.0
2018-08-13,4.203,4.203,0.0,1.0
2018-08-14,4.198,4.198,0.0,1.0
2018-08-15,4.107,4.107,0.0,1.0
2018-08-16,4.083,4.083,0.0,1.0
2018-08-17,4.004,4.004,0.0,1.0
2018-08-20,4.077,4.077,0.0,1.0
2018-08-21,4.084,4.084,0.0,1.0
2018-08-22,4.022,4.022,0.0,1.0
2018-08-23,4.071,4.071,0.0,1.0
2018-08-24,4.077,4.077,0.0,1.0
2018-08-27,4.203,4.203,0.0,1.0
2018-08-28,4.21,4.21,0.0,1.0
2018-08-29,4.159,4.159,0.0,1.0
2018-08-30,4.157,4.157,0.0,1.0
2018-08-31,4.092,4.092,0.0,1.0
2018-09-03,4.029,4.029,0.0,1.0
2018-09-04,4.123,4.123,0.0,1.0
2018-09-05,4.06,4.06,0.0,1.0
2018-09-06,4.039,4.039,0.0,1.0
2018-09-07,3.986,3.986,0.0,1.0
2018-09-10,3.821,3.821,0.0,1.0
2018-09-11,3.823,3.823,0.0,1.0
2018-09-12,3.789,3.789,0.0,1.0
2018-09-13,3.831,3.831,0.0,1.0
2018-09-14,3.792,3.792,0.0,1.0
2018-09-17,3.727,3.727,0.0,1.0
2018-09-18,3.77,3.77,0.0,1.0
2018-09-19,3.84,3.84,0.0,1.0
2018-09-20,3.796,3.796,0.0,1.0
2018-09-21,3.882,3.882,0.0,1.0
2018-09-25,3.845,3.845,0.0,1.0
2018-09-26,3.872,3.872,0.0,1.0
2018-09-27,3.797,3.797,0.0,1.0
2018-09-28,3.818,3.818,0.0,1.0
2018-10-08,3.619,3.619,0.0,1.0
2018-10-09,3.581,3.581,0.0,1.0
2018-10-10,3.592,3.592,0.0,1.0
2018-10-11,3.332,3.332,0.0,1.0
2018-10-12,3.375,3.375,0.0,1.0
2018-10-15,3.303,3.303,0.0,1.0
2018-10-16,3.205,3.205,0.0,1.0
2018-10-17,3.274,3.274,0.0,1.0
2018-10-18,3.227,3.227,0.0,1.0
2018-10-19,3.31,3.31,0.0,1.0
2018-10-22,3.499,3.499,0.0,1.0
2018-10-23,3.401,3.401,0.0,1.0
2018-10-24,3.366,3.366,0.0,1.0
2018-10-25,3.276,3.276,0.0,1.0
2018-10-26,3.332,3.332,0.0,1.0
2018-10-29,3.311,3.311,0.0,1.0
2018-10-30,3.292,3.292,0.0,1.0
2018-10-31,3.334,3.334,0.0,1.0
2018-11-01,3.406,3.406,0.0,1.0
2018-11-02,3.55,3.55,0.0,1.0
2018-11-05,3.51,3.51,0.0,1.0
2018-11-06,3.485,3.485,0.0,1.0
2018-11-07,3.47,3.47,0.0,1.0
2018-11-08,3.408,3.408,0.0,1.0
2018-11-09,3.383,3.383,0.0,1.0
2018-11-12,3.497,3.497,0.0,1.0
2018-11-13,3.571,3.571,0.0,1.0
2018-11-14,3.524,3.524,0.0,1.0
2018-11-15,3.609,3.609,0.0,1.0
2018-11-16,3.667,3.667,0.0,1.0
2018-11-19,3.666,3.666,0.0,1.0
2018-11-20,3.533,3.533,0.0,1.0
2018-11-21,3.599,3.599,0.0,1.0
2018-11-22,3.525,3.525,0.0,1.0
2018-11-23,3.5,3.5,0.0,1.0
2018-11-26,3.525,3.525,0.0,1.0
2018-11-27,3.392,3.392,0.0,1.0
2018-11-28,3.455,3.455,0.0,1.0
2018-11-29,3.365,3.365,0.0,1.0
2018-11-30,3.405,3.405,0.0,1.0
2018-12-03,3.562,3.562,0.0,1.0
2018-12-04,3.551,3.551,0.0,1.0
2018-12-05,3.481,3.481,0.0,1.0
2018-12-06,3.392,3.392,0.0,1.0
2018-12-07,3.414,3.414,0.0,1.0
2018-12-10,3.4,3.4,0.0,1.0
2018-12-11,3.399,3.399,0.0,1.0
2018-12-12,3.404,3.404,0.0,1.0
2018-12-13,3.456,3.456,0.0,1.0
2018-12-14,3.37,3.37,0.0,1.0
2018-12-17,3.333,3.333,0.0,1.0
2018-12-18,3.319,3.319,0.0,1.0
2018-12-19,3.275,3.275,0.0,1.0
2018-12-20,3.268,3.268,0.0,1.0
2018-12-21,3.245,3.245,0.0,1.0
2018-12-24,3.277,3.277,0.0,1.0
2018-12-25,3.269,3.269,0.0,1.0
2018-12-26,3.262,3.262,0.0,1.0
2018-12-27,3.228,3.228,0.0,1.0
2018-12-28,3.164,3.164,0.0,1.0
2019-01-02,3.189,3.189,0.0,1.0
2019-01-03,3.123,3.123,0.0,1.0
2019-01-04,3.203,3.203,0.0,1.0
2019-01-07,3.299,3.299,0.0,1.0
2019-01-08,3.306,3.306,0.0,1.0
2019-01-09,3.337,3.337,0.0,1.0
2019-01-10,3.313,3.313,0.0,1.0
2019-01-14,3.3,3.3,0.0,1.0
2019-01-15,3.366,3.366,0.0,1.0
2019-01-16,3.349,3.349,0.0,1.0
2019-01-17,3.306,3.306,0.0,1.0
2019-01-18,3.346,3.346,0.0,1.0
2019-01-21,3.369,3.369,0.0,1.0
2019-01-22,3.321,3.321,0.0,1.0
2019-01-23,3.307,3.307,0.0,1.0
2019-01-24,3.352,3.352,0.0,1.0
2019-01-25,3.392,3.392,0.0,1.0
2019-01-28,3.386,3.386,0.0,1.0
2019-01-29,3.35,3.35,0.0,1.0
2019-01-30,3.301,3.301,0.0,1.0
2019-01-31,3.317,3.317,0.0,1.0
2019-02-01,3.375,3.375,0.0,1.0
2019-02-11,3.57,3.57,0.0,1.0
2019-02-12,3.75,3.75,0.0,1.0
2019-02-13,3.8,3.8,0.0,1.0
2019-02-14,3.868,3.868,0.0,1.0
2019-02-15,3.792,3.792,0.0,1.0
2019-02-18,3.965,3.965,0.0,1.0
2019-02-19,3.957,3.957,0.0,1.0
2019-02-20,3.963,3.963,0.0,1.0
2019-02-21,3.992,3.992,0.0,1.0
2019-02-22,4.162,4.162,0.0,1.0
2019-02-25,4.464,4.464,0.0,1.0
2019-02-26,4.499,4.499,0.0,1.0
2019-02-27,4.343,4.343,0.0,1.0
2019-02-28,4.335,4.335,0.0,1.0
2019-03-01,4.367,4.367,0.0,1.0
2019-03-04,4.547,4.547,0.0,1.0
2019-03-05,4.699,4.699,0.0,1.0
2019-03-06,4.707,4.707,0.0,1.0
2019-03-07,4.662,4.662,0.0,1.0
2019-03-08,4.507,4.507,0.0,1.0
2019-03-11,4.749,4.749,0.0,1.0
2019-03-12,4.815,4.815,0.0,1.0
2019-03-13,4.61,4.61,0.0,1.0
2019-03-14,4.512,4.512,0.0,1.0
2019-03-15,4.525,4.525,0.0,1.0
2019-03-18,4.61,4.61,0.0,1.0
2019-03-19,4.654,4.654,0.0,1.0
2019-03-20,4.625,4.625,0.0,1.0
2019-03-21,4.697,4.697,0.0,1.0
2019-03-22,4.685,4.685,0.0,1.0
2019-03-25,4.604,4.604,0.0,1.0
2019-03-26,4.451,4.451,0.0,1.0
2019-03-27,4.45,4.45,0.0,1.0
2019-03-28,4.48,4.48,0.0,1.0
2019-03-29,4.6,4.6,0.0,1.0
2019-04-01,4.789,4.789,0.0,1.0
2019-04-02,4.775,4.775,0.0,1.0
2019-04-03,4.801,4.801,0.0,1.0
2019-04-04,4.799,4.799,0.0,1.0
2019-04-08,4.689,4.689,0.0,1.0
2019-04-09,4.698,4.698,0.0,1.0
2019-04-10,4.685,4.685,0.0,1.0
2019-04-11,4.562,4.562,0.0,1.0
2019-04-12,4.575,4.575,0.0,1.0
2019-04-15,4.545,4.545,0.0,1.0
2019-04-16,4.695,4.695,0.0,1.0
2019-04-17,4.722,4.722,0.0,1.0
2019-04-18,4.684,4.684,0.0,1.0
2019-04-19,4.756,4.756,0.0,1.0
2019-04-22,4.683,4.683,0.0,1.0
2019-04-23,4.615,4.615,0.0,1.0
2019-04-24,4.715,4.715,0.0,1.0
2019-04-25,4.521,4.521,0.0,1.0
2019-04-26,4.471,4.471,0.0,1.0
2019-04-29,4.331,4.331,0.0,1.0
2019-04-30,4.344,4.344,0.0,1.0
2019-05-06,3.973,3.973,0.0,1.0
2019-05-07,4.03,4.03,0.0,1.0
2019-05-08,4.01,4.01,0.0,1.0
2019-05-09,3.96,3.96,0.0,1.0
2019-05-10,4.14,4.14,0.0,1.0
2019-05-13,4.006,4.006,0.0,1.0
2019-05-14,3.993,3.993,0.0,1.0
2019-05-15,4.063,4.063,0.0,1.0
2019-05-16,4.027,4.027,0.0,1.0
2019-05-17,3.892,3.892,0.0,1.0
2019-05-20,3.864,3.864,0.0,1.0
2019-05-21,3.982,3.982,0.0,1.0
2019-05-22,3.965,3.965,0.0,1.0
2019-05-23,3.88,3.88,0.0,1.0
2019-05-24,3.85,3.85,0.0,1.0
2019-05-27,3.933,3.933,0.0,1.0
2019-05-28,3.916,3.916,0.0,1.0
2019-05-29,3.926,3.926,0.0,1.0
2019-05-30,3.891,3.891,0.0,1.0
2019-05-31,3.9,3.9,0.0,1.0
2019-06-03,3.893,3.893,0.0,1.0
2019-06-04,3.839,3.839,0.0,1.0
2019-06-05,3.878,3.878,0.0,1.0
2019-06-06,3.786,3.786,0.0,1.0
2019-06-10,3.865,3.865,0.0,1.0
2019-06-11,4.005,4.005,0.0,1.0
2019-06-12,3.962,3.962,0.0,1.0
2019-06-13,3.964,3.964,0.0,1.0
2019-06-14,3.863,3.863,0.0,1.0
2019-06-17,3.845,3.845,0.0,1.0
2019-06-18,3.861,3.861,0.0,1.0
2019-06-19,3.964,3.964,0.0,1.0
2019-06-20,4.046,4.046,0.0,1.0
2019-06-21,4.135,4.135,0.0,1.0
2019-06-24,4.078,4.078,0.0,1.0
2019-06-25,4.032,4.032,0.0,1.0
2019-06-26,4.054,4.054,0.0,1.0
2019-06-27,4.121,4.121,0.0,1.0
2019-06-28,4.089,4.089,0.0,1.0
2019-07-01,4.32,4.32,0.0,1.0
2019-07-02,4.281,4.281,0.0,1.0
2019-07-03,4.196,4.196,0.0,1.0
2019-07-04,4.178,4.178,0.0,1.0
2019-07-05,4.191,4.191,0.0,1.0
2019-07-08,4.08,4.08,0.0,1.0
2019-07-09,4.057,4.057,0.0,1.0
2019-07-10,4.054,4.054,0.0,1.0
2019-07-11,4.03,4.03,0.0,1.0
2019-07-12,4.051,4.051,0.0,1.0
2019-07-15,4.129,4.129,0.0,1.0
2019-07-16,4.142,4.142,0.0,1.0
2019-07-17,4.18,4.18,0.0,1.0
2019-07-18,4.072,4.072,0.0,1.0
2019-07-19,4.086,4.086,0.0,1.0
2019-07-22,4.044,4.044,0.0,1.0
2019-07-23,4.108,4.108,0.0,1.0
2019-07-24,4.185,4.185,0.0,1.0
2019-07-25,4.278,4.278,0.0,1.0
2019-07-26,4.285,4.285,0.0,1.0
2019-07-29,4.295,4.295,0.0,1.0
2019-07-30,4.3,4.3,0.0,1.0
2019-07-31,4.293,4.293,0.0,1.0
2019-08-01,4.29,4.29,0.0,1.0
2019-08-02,4.199,4.199,0.0,1.0
2019-08-05,4.116,4.116,0.0,1.0
2019-08-06,4.043,4.043,0.0,1.0
2019-08-07,4.05,4.05,0.0,1.0
2019-08-08,4.055,4.055,0.0,1.0
2019-08-09,3.979,3.979,0.0,1.0
2019-08-12,4.124,4.124,0.0,1.0
2019-08-13,4.085,4.085,0.0,1.0
2019-08-14,4.133,4.133,0.0,1.0
2019-08-15,4.21,4.21,0.0,1.0
2019-08-16,4.241,4.241,0.0,1.0
2019-08-19,4.497,4.497,0.0,1.0
2019-08-20,4.49,4.49,0.0,1.0
2019-08-21,4.436,4.436,0.0,1.0
2019-08-22,4.435,4.435,0.0,1.0
2019-08-23,4.443,4.443,0.0,1.0
2019-08-26,4.357,4.357,0.0,1.0
2019-08-27,4.453,4.453,0.0,1.0
2019-08-28,4.427,4.427,0.0,1.0
2019-08-29,4.426,4.426,0.0,1.0
2019-08-30,4.363,4.363,0.0,1.0
2019-09-02,4.496,4.496,0.0,1.0
2019-09-03,4.598,4.598,0.0,1.0
2019-09-04,4.637,4.637,0.0,1.0
2019-09-05,4.77,4.77,0.0,1.0
2019-09-06,4.762,4.762,0.0,1.0
2019-09-09,4.956,4.956,0.0,1.0
2019-09-10,4.879,4.879,0.0,1.0
2019-09-11,4.817,4.817,0.0,1.0
2019-09-12,4.861,4.861,0.0,1.0
2019-09-16,4.884,4.884,0.0,1.0
2019-09-17,4.765,4.765,0.0,1.0
2019-09-18,4.76,4.76,0.0,1.0
2019-09-19,4.853,4.853,0.0,1.0
2019-09-20,4.885,4.885,0.0,1.0
2019-09-23,4.898,4.898,0.0,1.0
2019-09-24,4.923,4.923,0.0,1.0
2019-09-25,4.778,4.778,0.0,1.0
2019-09-26,4.657,4.657,0.0,1.0
2019-09-27,4.756,4.756,0.0,1.0
2019-09-30,4.653,4.653,0.0,1.0
2019-10-08,4.562,4.562,0.0,1.0
2019-10-09,4.579,4.579,0.0,1.0
2019-10-10,4.67,4.67,0.0,1.0
2019-10-11,4.688,4.688,0.0,1.0
2019-10-14,4.764,4.764,0.0,1.0
2019-10-15,4.658,4.658,0.0,1.0
2019-10-16,4.652,4.652,0.0,1.0
2019-10-17,4.689,4.689,0.0,1.0
2019-10-18,4.625,4.625,0.0,1.0
2019-10-21,4.609,4.609,0.0,1.0
2019-10-22,4.67,4.67,0.0,1.0
2019-10-23,4.654,4.654,0.0,1.0
2019-10-24,4.668,4.668,0.0,1.0
2019-10-25,4.729,4.729,0.0,1.0
2019-10-28,4.839,4.839,0.0,1.0
2019-10-29,4.764,4.764,0.0,1.0
2019-10-30,4.765,4.765,0.0,1.0
2019-10-31,4.705,4.705,0.0,1.0
2019-11-01,4.766,4.766,0.0,1.0
2019-11-04,4.826,4.826,0.0,1.0
2019-11-05,4.857,4.857,0.0,1.0
2019-11-06,4.797,4.797,0.0,1.0
2019-11-07,4.841,4.841,0.0,1.0
2019-11-08,4.864,4.864,0.0,1.0
2019-11-11,4.781,4.781,0.0,1.0
2019-11-12,4.754,4.754,0.0,1.0
2019-11-13,4.791,4.791,0.0,1.0
2019-11-14,4.843,4.843,0.0,1.0
2019-11-15,4.799,4.799,0.0,1.0
2019-11-18,4.81,4.81,0.0,1.0
2019-11-19,4.913,4.913,0.0,1.0
2019-11-20,4.852,4.852,0.0,1.0
2019-11-21,4.843,4.843,0.0,1.0
2019-11-22,4.737,4.737,0.0,1.0
2019-11-25,4.678,4.678,0.0,1.0
2019-11-26,4.713,4.713,0.0,1.0
2019-11-27,4.747,4.747,0.0,1.0
2019-11-28,4.725,4.725,0.0,1.0
2019-11-29,4.736,4.736,0.0,1.0
2019-12-02,4.76,4.76,0.0,1.0
2019-12-03,4.772,4.772,0.0,1.0
2019-12-04,4.792,4.792,0.0,1.0
2019-12-05,4.905,4.905,0.0,1.0
2019-12-06,4.95,4.95,0.0,1.0
2019-12-09,4.937,4.937,0.0,1.0
2019-12-10,4.983,4.983,0.0,1.0
2019-12-11,4.915,4.915,0.0,1.0
2019-12-12,4.915,4.915,0.0,1.0
2019-12-13,5.024,5.024,0.0,1.0
2019-12-16,5.21,5.21,0.0,1.0
2019-12-17,5.275,5.275,0.0,1.0
2019-12-18,5.278,5.278,0.0,1.0
2019-12-19,5.27,5.27,0.0,1.0
2019-12-20,5.196,5.196,0.0,1.0
2019-12-23,5.053,5.053,0.0,1.0
2019-12-24,5.147,5.147,0.0,1.0
2019-12-25,5.205,5.205,0.0,1.0
2019-12-26,5.2,5.2,0.0,1.0
2019-12-27,5.165,5.165,0.0,1.0
2019-12-30,5.165,5.165,0.0,1.0
2019-12-31,5.19,5.19,0.0,1.0
2020-01-02,5.4,5.4,0.0,1.0
2020-01-03,5.395,5.395,0.0,1.0
2020-01-06,5.448,5.448,0.0,1.0
2020-01-07,5.48,5.48,0.0,1.0
2020-01-08,5.401,5.401,0.0,1.0
2020-01-09,5.539,5.539,0.0,1.0
2020-01-10,5.551,5.551,0.0,1.0
2020-01-13,5.66,5.66,0.0,1.0
2020-01-14,5.64,5.64,0.0,1.0
2020-01-15,5.662,5.662,0.0,1.0
2020-01-16,5.678,5.678,0.0,1.0
2020-01-17,5.671,5.671,0.0,1.0
2020-01-20,5.834,5.834,0.0,1.0
2020-01-21,5.756,5.756,0.0,1.0
2020-01-22,5.907,5.907,0.0,1.0
2020-01-23,5.699,5.699,0.0,1.0
2020-02-03,5.146,5.146,0.0,1.0
2020-02-04,5.403,5.403,0.0,1.0
2020-02-05,5.539,5.539,0.0,1.0
2020-02-06,5.667,5.667,0.0,1.0
2020-02-07,5.746,5.746,0.0,1.0
2020-02-10,5.758,5.758,0.0,1.0
2020-02-11,5.824,5.824,0.0,1.0
2020-02-12,5.969,5.969,0.0,1.0
2020-02-13,6.0,6.0,0.0,1.0
2020-02-14,5.94,5.94,0.0,1.0
2020-02-17,6.181,6.181,0.0,1.0
2020-02-18,6.244,6.244,0.0,1.0
2020-02-19,6.181,6.181,0.0,1.0
2020-02-20,6.359,6.359,0.0,1.0
2020-02-21,6.581,6.581,0.0,1.0
2020-02-24,6.855,6.855,0.0,1.0
2020-02-25,6.868,6.868,0.0,1.0
2020-02-26,6.482,6.482,0.0,1.0
2020-02-27,6.45,6.45,0.0,1.0
2020-02-28,6.085,6.085,0.0,1.0
2020-03-02,6.371,6.371,0.0,1.0
2020-03-03,6.393,6.393,0.0,1.0
2020-03-04,6.267,6.267,0.0,1.0
2020-03-05,6.305,6.305,0.0,1.0
2020-03-06,6.28,6.28,0.0,1.0
2020-03-09,5.926,5.926,0.0,1.0
2020-03-10,6.172,6.172,0.0,1.0
2020-03-11,6.031,6.031,0.0,1.0
2020-03-12,5.859,5.859,0.0,1.0
2020-03-13,5.818,5.818,0.0,1.0
2020-03-16,5.4,5.4,0.0,1.0
2020-03-17,5.374,5.374,0.0,1.0
2020-03-18,5.277,5.277,0.0,1.0
2020-03-19,5.378,5.378,0.0,1.0
2020-03-20,5.399,5.399,0.0,1.0
2020-03-23,5.069,5.069,0.0,1.0
2020-03-24,5.144,5.144,0.0,1.0
2020-03-25,5.37,5.37,0.0,1.0
2020-03-26,5.272,5.272,0.0,1.0
2020-03-27,5.2,5.2,0.0,1.0
2020-03-30,5.036,5.036,0.0,1.0
2020-03-31,5.045,5.045,0.0,1.0
2020-04-01,5.079,5.079,0.0,1.0
2020-04-02,5.287,5.287,0.0,1.0
2020-04-03,5.215,5.215,0.0,1.0
2020-04-07,5.375,5.375,0.0,1.0
2020-04-08,5.351,5.351,0.0,1.0
2020-04-09,5.359,5.359,0.0,1.0
2020-04-10,5.185,5.185,0.0,1.0
2020-04-13,5.044,5.044,0.0,1.0
2020-04-14,5.234,5.234,0.0,1.0
2020-04-15,5.248,5.248,0.0,1.0
2020-04-16,5.309,5.309,0.0,1.0
2020-04-17,5.371,5.371,0.0,1.0
2020-04-20,5.426,5.426,0.0,1.0
2020-04-21,5.373,5.373,0.0,1.0
2020-04-22,5.391,5.391,0.0,1.0
2020-04-23,5.307,5.307,0.0,1.0
2020-04-24,5.223,5.223,0.0,1.0
2020-04-27,5.253,5.253,0.0,1.0
2020-04-28,5.328,5.328,0.0,1.0
2020-04-29,5.354,5.354,0.0,1.0
2020-04-30,5.594,5.594,0.0,1.0
2020-05-06,5.716,5.716,0.0,1.0
2020-05-07,5.674,5.674,0.0,1.0
2020-05-08,5.738,5.738,0.0,1.0
2020-05-11,5.725,5.725,0.0,1.0
2020-05-12,5.761,5.761,0.0,1.0
2020-05-13,5.784,5.784,0.0,1.0
2020-05-14,5.709,5.709,0.0,1.0
2020-05-15,5.734,5.734,0.0,1.0
2020-05-18,5.566,5.566,0.0,1.0
2020-05-19,5.686,5.686,0.0,1.0
2020-05-20,5.645,5.645,0.0,1.0
2020-05-21,5.538,5.538,0.0,1.0
2020-05-22,5.421,5.421,0.0,1.0
2020-05-25,5.322,5.322,0.0,1.0
2020-05-26,5.457,5.457,0.0,1.0
2020-05-27,5.353,5.353,0.0,1.0
2020-05-28,5.352,5.352,0.0,1.0
2020-05-29,5.384,5.384,0.0,1.0
2020-06-01,5.666,5.666,0.0,1.0
2020-06-02,5.715,5.715,0.0,1.0
2020-06-03,5.75,5.75,0.0,1.0
2020-06-04,5.738,5.738,0.0,1.0
2020-06-05,5.793,5.793,0.0,1.0
2020-06-08,5.83,5.83,0.0,1.0
2020-06-09,5.837,5.837,0.0,1.0
2020-06-10,5.915,5.915,0.0,1.0
2020-06-11,5.887,5.887,0.0,1.0
2020-06-12,5.905,5.905,0.0,1.0
2020-06-15,5.82,5.82,0.0,1.0
2020-06-16,5.946,5.946,0.0,1.0
2020-06-17,5.966,5.966,0.0,1.0
2020-06-18,6.128,6.128,0.0,1.0
2020-06-19,6.166,6.166,0.0,1.0
2020-06-22,6.241,6.241,0.0,1.0
2020-06-23,6.312,6.312,0.0,1.0
2020-06-24,6.334,6.334,0.0,1.0
2020-06-29,6.285,6.285,0.0,1.0
2020-06-30,6.504,6.504,0.0,1.0
2020-07-01,6.525,6.525,0.0,1.0
2020-07-02,6.563,6.563,0.0,1.0
2020-07-03,6.634,6.634,0.0,1.0
2020-07-06,6.95,6.95,0.0,1.0
2020-07-07,7.222,7.222,0.0,1.0
2020-07-08,7.26,7.26,0.0,1.0
2020-07-09,7.485,7.485,0.0,1.0
2020-07-10,7.419,7.419,0.0,1.0
2020-07-13,7.604,7.604,0.0,1.0
2020-07-14,7.444,7.444,0.0,1.0
2020-07-15,7.186,7.186,0.0,1.0
2020-07-16,6.769,6.769,0.0,1.0
2020-07-17,6.84,6.84,0.0,1.0
2020-07-20,6.979,6.979,0.0,1.0
2020-07-21,7.015,7.015,0.0,1.0
2020-07-22,7.132,7.132,0.0,1.0
2020-07-23,7.057,7.057,0.0,1.0
2020-07-24,6.651,6.651,0.0,1.0
2020-07-27,6.673,6.673,0.0,1.0
2020-07-28,6.807,6.807,0.0,1.0
2020-07-29,7.039,7.039,0.0,1.0
2020-07-30,6.932,6.932,0.0,1.0
2020-07-31,7.087,7.087,0.0,1.0
2020-08-03,7.296,7.296,0.0,1.0
2020-08-04,7.138,7.138,0.0,1.0
2020-08-05,7.185,7.185,0.0,1.0
2020-08-06,7.143,7.143,0.0,1.0
2020-08-07,7.041,7.041,0.0,1.0
2020-08-10,6.994,6.994,0.0,1.0
2020-08-11,6.887,6.887,0.0,1.0
2020-08-12,6.886,6.886,0.0,1.0
2020-08-13,6.859,6.859,0.0,1.0
2020-08-14,6.988,6.988,0.0,1.0
2020-08-17,7.15,7.15,0.0,1.0
2020-08-18,7.09,7.09,0.0,1.0
2020-08-19,6.874,6.874,0.0,1.0
2020-08-20,6.856,6.856,0.0,1.0
2020-08-21,6.96,6.96,0.0,1.0
2020-08-24,7.238,7.238,0.0,1.0
2020-08-25,7.184,7.184,0.0,1.0
2020-08-26,6.994,6.994,0.0,1.0
2020-08-27,7.05,7.05,0.0,1.0
2020-08-28,7.172,7.172,0.0,1.0
2020-08-31,7.121,7.121,0.0,1.0
2020-09-01,7.175,7.175,0.0,1.0
2020-09-02,7.251,7.251,0.0,1.0
2020-09-03,7.168,7.168,0.0,1.0
2020-09-04,7.14,7.14,0.0,1.0
2020-09-07,6.883,6.883,0.0,1.0
2020-09-08,6.842,6.842,0.0,1.0
2020-09-09,6.609,6.609,0.0,1.0
2020-09-10,6.504,6.504,0.0,1.0
2020-09-11,6.703,6.703,0.0,1.0
2020-09-14,6.737,6.737,0.0,1.0
2020-09-15,6.787,6.787,0.0,1.0
2020-09-16,6.715,6.715,0.0,1.0
2020-09-17,6.74,6.74,0.0,1.0
2020-09-18,6.855,6.855,0.0,1.0
2020-09-21,6.798,6.798,0.0,1.0
2020-09-22,6.715,6.715,0.0,1.0
2020-09-23,6.773,6.773,0.0,1.0
2020-09-24,6.61,6.61,0.0,1.0
2020-09-25,6.639,6.639,0.0,1.0
2020-09-28,6.643,6.643,0.0,1.0
2020-09-29,6.76,6.76,0.0,1.0
2020-09-30,6.727,6.727,0.0,1.0
2020-10-09,6.975,6.975,0.0,1.0
2020-10-12,7.11,7.11,0.0,1.0
2020-10-13,7.146,7.146,0.0,1.0
2020-10-14,7.033,7.033,0.0,1.0
2020-10-15,6.99,6.99,0.0,1.0
2020-10-16,6.923,6.923,0.0,1.0
2020-10-19,6.897,6.897,0.0,1.0
2020-10-20,7.0,7.0,0.0,1.0
2020-10-21,6.884,6.884,0.0,1.0
2020-10-22,6.86,6.86,0.0,1.0
2020-10-23,6.73,6.73,0.0,1.0
2020-10-26,6.829,6.829,0.0,1.0
2020-10-27,6.863,6.863,0.0,1.0
2020-10-28,6.982,6.982,0.0,1.0
2020-10-29,6.94,6.94,0.0,1.0
2020-10-30,6.782,6.782,0.0,1.0
2020-11-02,6.876,6.876,0.0,1.0
2020-11-03,6.965,6.965,0.0,1.0
2020-11-04,6.992,6.992,0.0,1.0
2020-11-05,7.168,7.168,0.0,1.0
2020-11-06,7.2,7.2,0.0,1.0
2020-11-09,7.395,7.395,0.0,1.0
2020-11-10,7.258,7.258,0.0,1.0
2020-11-11,7.033,7.033,0.0,1.0
2020-11-12,7.106,7.106,0.0,1.0
2020-11-13,7.076,7.076,0.0,1.0
2020-11-16,7.014,7.014,0.0,1.0
2020-11-17,6.951,6.951,0.0,1.0
2020-11-18,6.91,6.91,0.0,1.0
2020-11-19,6.965,6.965,0.0,1.0
2020-11-20,6.986,6.986,0.0,1.0
2020-11-23,6.939,6.939,0.0,1.0
2020-11-24,6.906,6.906,0.0,1.0
2020-11-25,6.822,6.822,0.0,1.0
2020-11-26,6.81,6.81,0.0,1.0
2020-11-27,6.841,6.841,0.0,1.0
2020-11-30,6.909,6.909,0.0,1.0
2020-12-01,7.056,7.056,0.0,1.0
2020-12-02,7.062,7.062,0.0,1.0
2020-12-03,7.046,7.046,0.0,1.0
2020-12-04,7.035,7.035,0.0,1.0
2020-12-07,7.02,7.02,0.0,1.0
2020-12-08,7.022,7.022,0.0,1.0
2020-12-09,6.928,6.928,0.0,1.0
2020-12-10,6.932,6.932,0.0,1.0
2020-12-11,6.788,6.788,0.0,1.0
2020-12-14,6.843,6.843,0.0,1.0
2020-12-15,6.929,6.929,0.0,1.0
2020-12-16,6.87,6.87,0.0,1.0
2020-12-17,6.85,6.85,0.0,1.0
2020-12-18,6.853,6.853,0.0,1.0
2020-12-21,7.009,7.009,0.0,1.0
2020-12-22,6.86,6.86,0.0,1.0
2020-12-23,7.008,7.008,0.0,1.0
2020-12-24,6.988,6.988,0.0,1.0
2020-12-25,6.98,6.98,0.0,1.0
2020-12-28,6.907,6.907,0.0,1.0
2020-12-29,6.976,6.976,0.0,1.0
2020-12-30,7.096,7.096,0.0,1.0
2020-12-31,7.222,7.222,0.0,1.0
2021-01-04,7.398,7.398,0.0,1.0
2021-01-05,7.597,7.597,0.0,1.0
2021-01-06,7.53,7.53,0.0,1.0
2021-01-07,7.605,7.605,0.0,1.0
2021-01-08,7.687,7.687,0.0,1.0
2021-01-11,7.796,7.796,0.0,1.0
2021-01-12,7.979,7.979,0.0,1.0
2021-01-13,8.033,8.033,0.0,1.0
2021-01-14,7.903,7.903,0.0,1.0
2021-01-15,7.835,7.835,0.0,1.0
2021-01-18,8.09,8.09,0.0,1.0
2021-01-19,7.899,7.899,0.0,1.0
2021-01-20,8.01,8.01,0.0,1.0
2021-01-21,8.179,8.179,0.0,1.0
2021-01-22,8.164,8.164,0.0,1.0
2021-01-25,8.119,8.119,0.0,1.0
2021-01-26,7.9,7.9,0.0,1.0
2021-01-27,7.995,7.995,0.0,1.0
2021-01-28,7.613,7.613,0.0,1.0
2021-01-29,7.548,7.548,0.0,1.0
2021-02-01,7.687,7.687,0.0,1.0
2021-02-02,7.807,7.807,0.0,1.0
2021-02-03,7.635,7.635,0.0,1.0
2021-02-04,7.54,7.54,0.0,1.0
2021-02-05,7.375,7.375,0.0,1.0
2021-02-08,7.435,7.435,0.0,1.0
2021-02-09,7.65,7.65,0.0,1.0
2021-02-10,7.865,7.865,0.0,1.0
2021-02-18,7.78,7.78,0.0,1.0
2021-02-19,7.755,7.755,0.0,1.0
2021-02-22,7.573,7.573,0.0,1.0
2021-02-23,7.526,7.526,0.0,1.0
2021-02-24,7.399,7.399,0.0,1.0
2021-02-25,7.346,7.346,0.0,1.0
2021-02-26,7.201,7.201,0.0,1.0
2021-03-01,7.414,7.414,0.0,1.0
2021-03-02,7.391,7.391,0.0,1.0
2021-03-03,7.476,7.476,0.0,1.0
2021-03-04,7.212,7.212,0.0,1.0
2021-03-05,7.297,7.297,0.0,1.0
2021-03-08,7.054,7.054,0.0,1.0
2021-03-09,6.845,6.845,0.0,1.0
2021-03-10,6.874,6.874,0.0,1.0
2021-03-11,0.707,6.925118827445,0.0,9.795076135
2021-03-12,0.703,6.885938522905,0.0,9.795076135
2021-03-15,0.682,6.680241924070001,0.0,9.795076135
2021-03-16,0.682,6.680241924070001,0.0,9.795076135
2021-03-17,0.693,6.787987761555,0.0,9.795076135
2021-03-18,0.697,6.827168066095,0.0,9.795076135
2021-03-19,0.678,6.64106161953,0.0,9.795076135
2021-03-22,0.693,6.787987761555,0.0,9.795076135
2021-03-23,0.681,6.6704468479350005,0.0,9.795076135
2021-03-24,0.672,6.582291162720001,0.0,9.795076135
2021-03-25,0.671,6.572496086585001,0.0,9.795076135
2021-03-26,0.693,6.787987761555,0.0,9.795076135
2021-03-29,0.687,6.729217304745001,0.0,9.795076135
2021-03-30,0.692,6.77819268542,0.0,9.795076135
2021-03-31,0.691,6.768397609285,0.0,9.795076135
2021-04-01,0.702,6.87614344677,0.0,9.795076135
2021-04-02,0.711,6.964299131985,0.0,9.795076135
2021-04-06,0.713,6.9838892842549996,0.0,9.795076135
2021-04-07,0.71,6.95450405585,0.0,9.795076135
2021-04-08,0.708,6.93491390358,0.0,9.795076135
2021-04-09,0.701,6.8663483706349995,0.0,9.795076135
2021-04-12,0.685,6.709627152475001,0.0,9.795076135
2021-04-13,0.686,6.719422228610001,0.0,9.795076135
2021-04-14,0.704,6.89573359904,0.0,9.795076135
2021-04-15,0.703,6.885938522905,0.0,9.795076135
2021-04-16,0.702,6.87614344677,0.0,9.795076135
2021-04-19,0.729,7.140610502415,0.0,9.795076135
2021-04-20,0.727,7.121020350145,0.0,9.795076135
2021-04-21,0.73,7.15040557855,0.0,9.795076135
2021-04-22,0.74,7.2483563399,0.0,9.795076135
2021-04-23,0.739,7.238561263765,0.0,9.795076135
2021-04-26,0.735,7.199380959225,0.0,9.795076135
2021-04-27,0.736,7.2091760353600005,0.0,9.795076135
2021-04-28,0.735,7.199380959225,0.0,9.795076135
2021-04-29,0.739,7.238561263765,0.0,9.795076135
2021-04-30,0.734,7.18958588309,0.0,9.795076135
2021-05-06,0.723,7.081840045605,0.0,9.795076135
2021-05-07,0.701,6.8663483706349995,0.0,9.795076135
2021-05-10,0.697,6.827168066095,0.0,9.795076135
2021-05-11,0.7,6.8565532945,0.0,9.795076135
2021-05-12,0.707,6.925118827445,0.0,9.795076135
2021-05-13,0.698,6.83696314223,0.0,9.795076135
2021-05-14,0.715,7.003479436525,0.0,9.795076135
2021-05-17,0.728,7.13081542628,0.0,9.795076135
2021-05-18,0.729,7.140610502415,0.0,9.795076135
2021-05-19,0.737,7.218971111495001,0.0,9.795076135
2021-05-20,0.742,7.26794649217,0.0,9.795076135
2021-05-21,0.732,7.16999573082,0.0,9.795076135
2021-05-24,0.745,7.297331720575,0.0,9.795076135
2021-05-25,0.768,7.52261847168,0.0,9.795076135
2021-05-26,0.757,7.414872634195,0.0,9.795076135
2021-05-27,0.764,7.48343816714,0.0,9.795076135
2021-05-28,0.76,7.444257862600001,0.0,9.795076135
2021-05-31,0.764,7.48343816714,0.0,9.795076135
2021-06-01,0.766,7.50302831941,0.0,9.795076135
2021-06-02,0.753,7.375692329655,0.0,9.795076135
2021-06-03,0.75,7.34630710125,0.0,9.795076135
2021-06-04,0.752,7.36589725352,0.0,9.795076135
2021-06-07,0.757,7.414872634195,0.0,9.795076135
2021-06-08,0.752,7.36589725352,0.0,9.795076135
2021-06-09,0.757,7.414872634195,0.0,9.795076135
2021-06-10,0.763,7.473643091005,0.0,9.795076135
2021-06-11,0.758,7.4246677103300005,0.0,9.795076135
2021-06-15,0.758,7.4246677103300005,0.0,9.795076135
2021-06-16,0.736,7.2091760353600005,0.0,9.795076135
2021-06-17,0.756,7.40507755806,0.0,9.795076135
2021-06-18,0.768,7.52261847168,0.0,9.795076135
2021-06-21,0.774,7.581388928490001,0.0,9.795076135
2021-06-22,0.772,7.561798776220001,0.0,9.795076135
2021-06-23,0.794,7.777290451190001,0.0,9.795076135
2021-06-24,0.79,7.73811014665,0.0,9.795076135
2021-06-25,0.797,7.806675679595001,0.0,9.795076135
2021-06-28,0.806,7.894831364810001,0.0,9.795076135
2021-06-29,0.797,7.806675679595001,0.0,9.795076135
2021-06-30,0.807,7.904626440945001,0.0,9.795076135
2021-07-01,0.797,7.806675679595001,0.0,9.795076135
2021-07-02,0.773,7.571593852355001,0.0,9.795076135
2021-07-05,0.783,7.669544613705001,0.0,9.795076135
2021-07-06,0.779,7.630364309165,0.0,9.795076135
2021-07-07,0.797,7.806675679595001,0.0,9.795076135
2021-07-08,0.805,7.885036288675001,0.0,9.795076135
2021-07-09,0.794,7.777290451190001,0.0,9.795076135
2021-07-12,0.813,7.963396897755,0.0,9.795076135
2021-07-13,0.806,7.894831364810001,0.0,9.795076135
2021-07-14,0.801,7.845855984135,0.0,9.795076135
2021-07-15,0.807,7.904626440945001,0.0,9.795076135
2021-07-16,0.802,7.8556510602700005,0.0,9.795076135
2021-07-19,0.808,7.914421517080001,0.0,9.795076135
2021-07-20,0.806,7.894831364810001,0.0,9.795076135
2021-07-21,0.811,7.943806745485001,0.0,9.795076135
2021-07-22,0.814,7.97319197389,0.0,9.795076135
2021-07-23,0.804,7.875241212540001,0.0,9.795076135
2021-07-26,0.789,7.728315070515,0.0,9.795076135
2021-07-27,0.785,7.689134765975001,0.0,9.795076135
2021-07-28,0.763,7.473643091005,0.0,9.795076135
2021-07-29,0.785,7.689134765975001,0.0,9.795076135
2021-07-30,0.788,7.71851999438,0.0,9.795076135
2021-08-02,0.796,7.796880603460001,0.0,9.795076135
2021-08-03,0.782,7.659749537570001,0.0,9.795076135
2021-08-04,0.802,7.8556510602700005,0.0,9.795076135
2021-08-05,0.797,7.806675679595001,0.0,9.795076135
2021-08-06,0.792,7.757700298920001,0.0,9.795076135
2021-08-09,0.798,7.816470755730001,0.0,9.795076135
2021-08-10,0.799,7.826265831865001,0.0,9.795076135
2021-08-11,0.794,7.777290451190001,0.0,9.795076135
2021-08-12,0.792,7.757700298920001,0.0,9.795076135
2021-08-13,0.774,7.581388928490001,0.0,9.795076135
2021-08-16,0.769,7.5324135478150005,0.0,9.795076135
2021-08-17,0.751,7.356102177385,0.0,9.795076135
2021-08-18,0.754,7.38548740579,0.0,9.795076135
2021-08-19,0.765,7.493233243275,0.0,9.795076135
2021-08-20,0.755,7.395282481925,0.0,9.795076135
2021-08-23,0.78,7.6401593853000005,0.0,9.795076135
2021-08-24,0.778,7.62056923303,0.0,9.795076135
2021-08-25,0.779,7.630364309165,0.0,9.795076135
2021-08-26,0.765,7.493233243275,0.0,9.795076135
2021-08-27,0.765,7.493233243275,0.0,9.795076135
2021-08-30,0.759,7.434462786465001,0.0,9.795076135
2021-08-31,0.751,7.356102177385,0.0,9.795076135
2021-09-01,0.754,7.38548740579,0.0,9.795076135
2021-09-02,0.746,7.30712679671,0.0,9.795076135
2021-09-03,0.741,7.258151416035,0.0,9.795076135
2021-09-06,0.753,7.375692329655,0.0,9.795076135
2021-09-07,0.76,7.444257862600001,0.0,9.795076135
2021-09-08,0.765,7.493233243275,0.0,9.795076135
2021-09-09,0.756,7.40507755806,0.0,9.795076135
2021-09-10,0.766,7.50302831941,0.0,9.795076135
2021-09-13,0.751,7.356102177385,0.0,9.795076135
2021-09-14,0.749,7.336512025115001,0.0,9.795076135
2021-09-15,0.744,7.28753664444,0.0,9.795076135
2021-09-16,0.73,7.15040557855,0.0,9.795076135
2021-09-17,0.732,7.16999573082,0.0,9.795076135
2021-09-22,0.73,7.15040557855,0.0,9.795076135
2021-09-23,0.742,7.26794649217,0.0,9.795076135
2021-09-24,0.739,7.238561263765,0.0,9.795076135
2021-09-27,0.746,7.30712679671,0.0,9.795076135
2021-09-28,0.74,7.2483563399,0.0,9.795076135
2021-09-29,0.726,7.11122527401,0.0,9.795076135
2021-09-30,0.732,7.16999573082,0.0,9.795076135
2021-10-08,0.746,7.30712679671,0.0,9.795076135
2021-10-11,0.743,7.277741568305,0.0,9.795076135
2021-10-12,0.727,7.121020350145,0.0,9.795076135
2021-10-13,0.736,7.2091760353600005,0.0,9.795076135
2021-10-14,0.737,7.218971111495001,0.0,9.795076135
2021-10-15,0.746,7.30712679671,0.0,9.795076135
2021-10-18,0.736,7.2091760353600005,0.0,9.795076135
2021-10-19,0.746,7.30712679671,0.0,9.795076135
2021-10-20,0.742,7.26794649217,0.0,9.795076135
2021-10-21,0.734,7.18958588309,0.0,9.795076135
2021-10-22,0.742,7.26794649217,0.0,9.795076135
2021-10-25,0.741,7.258151416035,0.0,9.795076135
2021-10-26,0.752,7.36589725352,0.0,9.795076135
2021-10-27,0.738,7.22876618763,0.0,9.795076135
2021-10-28,0.736,7.2091760353600005,0.0,9.795076135
2021-10-29,0.75,7.34630710125,0.0,9.795076135
2021-11-01,0.758,7.4246677103300005,0.0,9.795076135
2021-11-02,0.757,7.414872634195,0.0,9.795076135
2021-11-03,0.76,7.444257862600001,0.0,9.795076135
2021-11-04,0.77,7.542208623950001,0.0,9.795076135
2021-11-05,0.772,7.561798776220001,0.0,9.795076135
2021-11-08,0.777,7.610774156895,0.0,9.795076135
2021-11-09,0.782,7.659749537570001,0.0,9.795076135
2021-11-10,0.78,7.6401593853000005,0.0,9.795076135
2021-11-11,0.788,7.71851999438,0.0,9.795076135
2021-11-12,0.789,7.728315070515,0.0,9.795076135
2021-11-15,0.788,7.71851999438,0.0,9.795076135
2021-11-16,0.786,7.698929842110001,0.0,9.795076135
2021-11-17,0.791,7.7479052227850005,0.0,9.795076135
2021-11-18,0.78,7.6401593853000005,0.0,9.795076135
2021-11-19,0.794,7.777290451190001,0.0,9.795076135
2021-11-22,0.811,7.943806745485001,0.0,9.795076135
2021-11-23,0.803,7.865446136405001,0.0,9.795076135
2021-11-24,0.802,7.8556510602700005,0.0,9.795076135
2021-11-25,0.8,7.836060908,0.0,9.795076135
2021-11-26,0.788,7.71851999438,0.0,9.795076135
2021-11-29,0.788,7.71851999438,0.0,9.795076135
2021-11-30,0.792,7.757700298920001,0.0,9.795076135
2021-12-01,0.791,7.7479052227850005,0.0,9.795076135
2021-12-02,0.785,7.689134765975001,0.0,9.795076135
2021-12-03,0.791,7.7479052227850005,0.0,9.795076135
2021-12-06,0.785,7.689134765975001,0.0,9.795076135
2021-12-07,0.783,7.669544613705001,0.0,9.795076135
2021-12-08,0.804,7.875241212540001,0.0,9.795076135
2021-12-09,0.816,7.99278212616,0.0,9.795076135
2021-12-10,0.815,7.982987050025,0.0,9.795076135
2021-12-13,0.826,8.09073288751,0.0,9.795076135
2021-12-14,0.825,8.080937811375,0.0,9.795076135
2021-12-15,0.817,8.002577202294999,0.0,9.795076135
2021-12-16,0.823,8.061347659105,0.0,9.795076135
2021-12-17,0.809,7.924216593215001,0.0,9.795076135
2021-12-20,0.788,7.71851999438,0.0,9.795076135
2021-12-21,0.799,7.826265831865001,0.0,9.795076135
2021-12-22,0.807,7.904626440945001,0.0,9.795076135
2021-12-23,0.81,7.934011669350001,0.0,9.795076135
2021-12-24,0.809,7.924216593215001,0.0,9.795076135
2021-12-27,0.802,7.8556510602700005,0.0,9.795076135
2021-12-28,0.803,7.865446136405001,0.0,9.795076135
2021-12-29,0.795,7.787085527325001,0.0,9.795076135
2021-12-30,0.809,7.924216593215001,0.0,9.795076135
2021-12-31,0.81,7.934011669350001,0.0,9.795076135
2022-01-04,0.809,7.924216593215001,0.0,9.795076135
2022-01-05,0.791,7.7479052227850005,0.0,9.795076135
2022-01-06,0.781,7.649954461435001,0.0,9.795076135
2022-01-07,0.775,7.591184004625,0.0,9.795076135
2022-01-10,0.78,7.6401593853000005,0.0,9.795076135
2022-01-11,0.765,7.493233243275,0.0,9.795076135
2022-01-12,0.775,7.591184004625,0.0,9.795076135
2022-01-13,0.759,7.434462786465001,0.0,9.795076135
2022-01-14,0.761,7.454052938735001,0.0,9.795076135
2022-01-17,0.777,7.610774156895,0.0,9.795076135
2022-01-18,0.78,7.6401593853000005,0.0,9.795076135
2022-01-19,0.77,7.542208623950001,0.0,9.795076135
2022-01-20,0.769,7.5324135478150005,0.0,9.795076135
2022-01-21,0.757,7.414872634195,0.0,9.795076135
2022-01-24,0.77,7.542208623950001,0.0,9.795076135
2022-01-25,0.745,7.297331720575,0.0,9.795076135
2022-01-26,0.749,7.336512025115001,0.0,9.795076135
2022-01-27,0.727,7.121020350145,0.0,9.795076135
2022-01-28,0.74,7.2483563399,0.0,9.795076135
2022-02-07,0.727,7.121020350145,0.0,9.795076135
2022-02-08,0.705,6.905528675175,0.0,9.795076135
2022-02-09,0.717,7.023069588795,0.0,9.795076135
2022-02-10,0.712,6.97409420812,0.0,9.795076135
2022-02-11,0.699,6.846758218365,0.0,9.795076135
2022-02-14,0.696,6.81737298996,0.0,9.795076135
2022-02-15,0.712,6.97409420812,0.0,9.795076135
2022-02-16,0.709,6.944708979715,0.0,9.795076135
2022-02-17,0.71,6.95450405585,0.0,9.795076135
2022-02-18,0.71,6.95450405585,0.0,9.795076135
2022-02-21,0.713,6.9838892842549996,0.0,9.795076135
2022-02-22,0.704,6.89573359904,0.0,9.795076135
2022-02-23,0.728,7.13081542628,0.0,9.795076135
2022-02-24,0.711,6.964299131985,0.0,9.795076135
2022-02-25,0.726,7.11122527401,0.0,9.795076135
2022-02-28,0.717,7.023069588795,0.0,9.795076135
2022-03-01,0.717,7.023069588795,0.0,9.795076135
2022-03-02,0.706,6.91532375131,0.0,9.795076135
2022-03-03,0.692,6.77819268542,0.0,9.795076135
2022-03-04,0.692,6.77819268542,0.0,9.795076135
2022-03-07,0.655,6.415774868425,0.0,9.795076135
2022-03-08,0.644,6.30802903094,0.0,9.795076135
2022-03-09,0.64,6.268848726400001,0.0,9.795076135
2022-03-10,0.651,6.376594563885001,0.0,9.795076135
2022-03-11,0.65,6.366799487750001,0.0,9.795076135
2022-03-14,0.631,6.180693041185,0.0,9.795076135
2022-03-15,0.608,5.95540629008,0.0,9.795076135
2022-03-16,0.628,6.151307812780001,0.0,9.795076135
2022-03-17,0.644,6.30802903094,0.0,9.795076135
2022-03-18,0.64,6.268848726400001,0.0,9.795076135
2022-03-21,0.643,6.298233954805,0.0,9.795076135
2022-03-22,0.638,6.249258574130001,0.0,9.795076135
2022-03-23,0.646,6.32761918321,0.0,9.795076135
2022-03-24,0.635,6.219873345725,0.0,9.795076135
2022-03-25,0.624,6.11212750824,0.0,9.795076135
2022-03-28,0.615,6.023971823025001,0.0,9.795076135
2022-03-29,0.607,5.945611213945,0.0,9.795076135
2022-03-30,0.624,6.11212750824,0.0,9.795076135
2022-03-31,0.614,6.0141767468900005,0.0,9.795076135
2022-04-01,0.619,6.063152127565,0.0,9.795076135
2022-04-06,0.608,5.95540629008,0.0,9.795076135
2022-04-07,0.597,5.847660452595,0.0,9.795076135
2022-04-08,0.593,5.808480148055,0.0,9.795076135
2022-04-11,0.566,5.544013092409999,0.0,9.795076135
2022-04-12,0.574,5.62237370149,0.0,9.795076135
2022-04-13,0.57,5.58319339695,0.0,9.795076135
2022-04-14,0.574,5.62237370149,0.0,9.795076135
2022-04-15,0.572,5.60278354922,0.0,9.795076135
2022-04-18,0.581,5.690939234435,0.0,9.795076135
2022-04-19,0.577,5.651758929895,0.0,9.795076135
2022-04-20,0.573,5.612578625355,0.0,9.795076135
2022-04-21,0.558,5.46565248333,0.0,9.795076135
2022-04-22,0.555,5.436267254925001,0.0,9.795076135
2022-04-25,0.52,5.0934395902,0.0,9.795076135
2022-04-26,0.507,4.966103600445,0.0,9.795076135
2022-04-27,0.534,5.23057065609,0.0,9.795076135
2022-04-28,0.537,5.2599558844950005,0.0,9.795076135
2022-04-29,0.566,5.544013092409999,0.0,9.795076135
2022-05-05,0.564,5.52442294014,0.0,9.795076135
2022-05-06,0.547,5.357906645845,0.0,9.795076135
2022-05-09,0.541,5.299136189035001,0.0,9.795076135
2022-05-10,0.549,5.377496798115001,0.0,9.795076135
2022-05-11,0.569,5.5733983208149995,0.0,9.795076135
2022-05-12,0.567,5.553808168544999,0.0,9.795076135
2022-05-13,0.562,5.504832787870001,0.0,9.795076135
2022-05-16,0.561,5.495037711735001,0.0,9.795076135
2022-05-17,0.569,5.5733983208149995,0.0,9.795076135
2022-05-18,0.574,5.62237370149,0.0,9.795076135
2022-05-19,0.574,5.62237370149,0.0,9.795076135
2022-05-20,0.58,5.6811441582999995,0.0,9.795076135
2022-05-23,0.579,5.6713490821649994,0.0,9.795076135
2022-05-24,0.561,5.495037711735001,0.0,9.795076135
2022-05-25,0.562,5.504832787870001,0.0,9.795076135
2022-05-26,0.571,5.592988473085,0.0,9.795076135
2022-05-27,0.568,5.5636032446799994,0.0,9.795076135
2022-05-30,0.577,5.651758929895,0.0,9.795076135
2022-05-31,0.595,5.828070300325,0.0,9.795076135
2022-06-01,0.593,5.808480148055,0.0,9.795076135
2022-06-02,0.606,5.93581613781,0.0,9.795076135
2022-06-06,0.622,6.09253735597,0.0,9.795076135
2022-06-07,0.618,6.05335705143,0.0,9.795076135
2022-06-08,0.621,6.082742279835,0.0,9.795076135
2022-06-09,0.605,5.926021061675,0.0,9.795076135
2022-06-10,0.614,6.0141767468900005,0.0,9.795076135
2022-06-13,0.609,5.965201366215,0.0,9.795076135
2022-06-14,0.603,5.9064309094050005,0.0,9.795076135
2022-06-15,0.615,6.023971823025001,0.0,9.795076135
2022-06-16,0.624,6.11212750824,0.0,9.795076135
2022-06-17,0.618,6.05335705143,0.0,9.795076135
2022-06-20,0.624,6.11212750824,0.0,9.795076135
2022-06-21,0.624,6.11212750824,0.0,9.795076135
2022-06-22,0.606,5.93581613781,0.0,9.795076135
2022-06-23,0.622,6.09253735597,0.0,9.795076135
2022-06-24,0.626,6.131717660510001,0.0,9.795076135
2022-06-27,0.631,6.180693041185,0.0,9.795076135
2022-06-28,0.641,6.278643802535,0.0,9.795076135
2022-06-29,0.631,6.180693041185,0.0,9.795076135
2022-06-30,0.639,6.259053650265001,0.0,9.795076135
2022-07-01,0.632,6.19048811732,0.0,9.795076135
2022-07-04,0.631,6.180693041185,0.0,9.795076135
2022-07-05,0.625,6.1219225843750005,0.0,9.795076135
2022-07-06,0.624,6.11212750824,0.0,9.795076135
2022-07-07,0.629,6.161102888915,0.0,9.795076135
2022-07-08,0.63,6.17089796505,0.0,9.795076135
2022-07-11,0.615,6.023971823025001,0.0,9.795076135
2022-07-12,0.609,5.965201366215,0.0,9.795076135
2022-07-13,0.602,5.89663583327,0.0,9.795076135
2022-07-14,0.606,5.93581613781,0.0,9.795076135
2022-07-15,0.601,5.886840757135,0.0,9.795076135
2022-07-18,0.605,5.926021061675,0.0,9.795076135
2022-07-19,0.61,5.97499644235,0.0,9.795076135
2022-07-20,0.612,5.99458659462,0.0,9.795076135
2022-07-21,0.614,6.0141767468900005,0.0,9.795076135
2022-07-22,0.614,6.0141767468900005,0.0,9.795076135
2022-07-25,0.6,5.877045681,0.0,9.795076135
2022-07-26,0.605,5.926021061675,0.0,9.795076135
2022-07-27,0.605,5.926021061675,0.0,9.795076135
2022-07-28,0.616,6.03376689916,0.0,9.795076135
2022-07-29,0.606,5.93581613781,0.0,9.795076135
2022-08-01,0.615,6.023971823025001,0.0,9.795076135
2022-08-02,0.603,5.9064309094050005,0.0,9.795076135
2022-08-03,0.603,5.9064309094050005,0.0,9.795076135
2022-08-04,0.606,5.93581613781,0.0,9.795076135
2022-08-05,0.628,6.151307812780001,0.0,9.795076135
2022-08-08,0.633,6.200283193455,0.0,9.795076135
2022-08-09,0.633,6.200283193455,0.0,9.795076135
2022-08-10,0.625,6.1219225843750005,0.0,9.795076135
2022-08-11,0.643,6.298233954805,0.0,9.795076135
2022-08-12,0.64,6.268848726400001,0.0,9.795076135
2022-08-15,0.632,6.19048811732,0.0,9.795076135
2022-08-16,0.627,6.141512736645001,0.0,9.795076135
2022-08-17,0.639,6.259053650265001,0.0,9.795076135
2022-08-18,0.637,6.2394634979950006,0.0,9.795076135
2022-08-19,0.626,6.131717660510001,0.0,9.795076135
2022-08-22,0.632,6.19048811732,0.0,9.795076135
2022-08-23,0.63,6.17089796505,0.0,9.795076135
2022-08-24,0.607,5.945611213945,0.0,9.795076135
2022-08-25,0.609,5.965201366215,0.0,9.795076135
2022-08-26,0.606,5.93581613781,0.0,9.795076135
2022-08-29,0.603,5.9064309094050005,0.0,9.795076135
2022-08-30,0.601,5.886840757135,0.0,9.795076135
2022-08-31,0.596,5.83786537646,0.0,9.795076135
2022-09-01,0.59,5.77909491965,0.0,9.795076135
2022-09-02,0.597,5.847660452595,0.0,9.795076135
2022-09-05,0.588,5.75950476738,0.0,9.795076135
2022-09-06,0.594,5.81827522419,0.0,9.795076135
2022-09-07,0.597,5.847660452595,0.0,9.795076135
2022-09-08,0.594,5.81827522419,0.0,9.795076135
2022-09-09,0.595,5.828070300325,0.0,9.795076135
2022-09-13,0.599,5.867250604865,0.0,9.795076135
2022-09-14,0.592,5.79868507192,0.0,9.795076135
2022-09-15,0.583,5.710529386705,0.0,9.795076135
2022-09-16,0.579,5.6713490821649994,0.0,9.795076135
2022-09-19,0.57,5.58319339695,0.0,9.795076135
2022-09-20,0.568,5.5636032446799994,0.0,9.795076135
2022-09-21,0.565,5.534218016275,0.0,9.795076135
2022-09-22,0.559,5.4754475594650005,0.0,9.795076135
2022-09-23,0.56,5.485242635600001,0.0,9.795076135
2022-09-26,0.545,5.338316493575,0.0,9.795076135
2022-09-27,0.553,5.416677102655001,0.0,9.795076135
2022-09-28,0.542,5.308931265170001,0.0,9.795076135
2022-09-29,0.542,5.308931265170001,0.0,9.795076135
2022-09-30,0.536,5.25016080836,0.0,9.795076135
2022-10-10,0.516,5.054259285660001,0.0,9.795076135
2022-10-11,0.512,5.01507898112,0.0,9.795076135
2022-10-12,0.53,5.191390351550001,0.0,9.795076135
2022-10-13,0.534,5.23057065609,0.0,9.795076135
2022-10-14,0.546,5.34811156971,0.0,9.795076135
2022-10-17,0.555,5.436267254925001,0.0,9.795076135
2022-10-18,0.555,5.436267254925001,0.0,9.795076135
2022-10-19,0.549,5.377496798115001,0.0,9.795076135
2022-10-20,0.556,5.446062331060001,0.0,9.795076135
2022-10-21,0.552,5.406882026520001,0.0,9.795076135
2022-10-24,0.548,5.3677017219800005,0.0,9.795076135
2022-10-25,0.541,5.299136189035001,0.0,9.795076135
2022-10-26,0.556,5.446062331060001,0.0,9.795076135
2022-10-27,0.557,5.455857407195,0.0,9.795076135
2022-10-28,0.543,5.318726341305001,0.0,9.795076135
2022-10-31,0.546,5.34811156971,0.0,9.795076135
2022-11-01,0.552,5.406882026520001,0.0,9.795076135
2022-11-02,0.563,5.514627864005,0.0,9.795076135
2022-11-03,0.562,5.504832787870001,0.0,9.795076135
2022-11-04,0.571,5.592988473085,0.0,9.795076135
2022-11-07,0.572,5.60278354922,0.0,9.795076135
2022-11-08,0.566,5.544013092409999,0.0,9.795076135
2022-11-09,0.56,5.485242635600001,0.0,9.795076135
2022-11-10,0.554,5.426472178790001,0.0,9.795076135
2022-11-11,0.563,5.514627864005,0.0,9.795076135
2022-11-14,0.569,5.5733983208149995,0.0,9.795076135
2022-11-15,0.583,5.710529386705,0.0,9.795076135
2022-11-16,0.579,5.6713490821649994,0.0,9.795076135
2022-11-17,0.583,5.710529386705,0.0,9.795076135
2022-11-18,0.585,5.730119538975,0.0,9.795076135
2022-11-21,0.574,5.62237370149,0.0,9.795076135
2022-11-22,0.57,5.58319339695,0.0,9.795076135
2022-11-23,0.566,5.544013092409999,0.0,9.795076135
2022-11-24,0.56,5.485242635600001,0.0,9.795076135
2022-11-25,0.556,5.446062331060001,0.0,9.795076135
2022-11-28,0.56,5.485242635600001,0.0,9.795076135
2022-11-29,0.56,5.485242635600001,0.0,9.795076135
2022-11-30,0.557,5.455857407195,0.0,9.795076135
2022-12-01,0.569,5.5733983208149995,0.0,9.795076135
2022-12-02,0.564,5.52442294014,0.0,9.795076135
2022-12-05,0.568,5.5636032446799994,0.0,9.795076135
2022-12-06,0.576,5.64196385376,0.0,9.795076135
2022-12-07,0.571,5.592988473085,0.0,9.795076135
2022-12-08,0.572,5.60278354922,0.0,9.795076135
2022-12-09,0.573,5.612578625355,0.0,9.795076135
2022-12-12,0.578,5.66155400603,0.0,9.795076135
2022-12-13,0.573,5.612578625355,0.0,9.795076135
2022-12-14,0.569,5.5733983208149995,0.0,9.795076135
2022-12-15,0.573,5.612578625355,0.0,9.795076135
2022-12-16,0.567,5.553808168544999,0.0,9.795076135
2022-12-19,0.557,5.455857407195,0.0,9.795076135
2022-12-20,0.555,5.436267254925001,0.0,9.795076135
2022-12-21,0.548,5.3677017219800005,0.0,9.795076135
2022-12-22,0.548,5.3677017219800005,0.0,9.795076135
2022-12-23,0.549,5.377496798115001,0.0,9.795076135
2022-12-26,0.558,5.46565248333,0.0,9.795076135
2022-12-27,0.562,5.504832787870001,0.0,9.795076135
2022-12-28,0.557,5.455857407195,0.0,9.795076135
2022-12-29,0.553,5.416677102655001,0.0,9.795076135
2022-12-30,0.565,5.534218016275,0.0,9.795076135
2023-01-03,0.568,5.5636032446799994,0.0,9.795076135
2023-01-04,0.563,5.514627864005,0.0,9.795076135
2023-01-05,0.571,5.592988473085,0.0,9.795076135
2023-01-06,0.567,5.553808168544999,0.0,9.795076135
2023-01-09,0.569,5.5733983208149995,0.0,9.795076135
2023-01-10,0.572,5.60278354922,0.0,9.795076135
2023-01-11,0.566,5.544013092409999,0.0,9.795076135
2023-01-12,0.567,5.553808168544999,0.0,9.795076135
2023-01-13,0.567,5.553808168544999,0.0,9.795076135
2023-01-16,0.576,5.64196385376,0.0,9.795076135
2023-01-17,0.584,5.72032446284,0.0,9.795076135
2023-01-18,0.587,5.749709691245,0.0,9.795076135
2023-01-19,0.602,5.89663583327,0.0,9.795076135
2023-01-20,0.604,5.91622598554,0.0,9.795076135
2023-01-30,0.613,6.004381670755,0.0,9.795076135
2023-01-31,0.605,5.926021061675,0.0,9.795076135
2023-02-01,0.612,5.99458659462,0.0,9.795076135
2023-02-02,0.616,6.03376689916,0.0,9.795076135
2023-02-03,0.619,6.063152127565,0.0,9.795076135
2023-02-06,0.618,6.05335705143,0.0,9.795076135
2023-02-07,0.616,6.03376689916,0.0,9.795076135
2023-02-08,0.608,5.95540629008,0.0,9.795076135
2023-02-09,0.629,6.161102888915,0.0,9.795076135
2023-02-10,0.623,6.102332432105,0.0,9.795076135
2023-02-13,0.626,6.131717660510001,0.0,9.795076135
2023-02-14,0.626,6.131717660510001,0.0,9.795076135
2023-02-15,0.64,6.268848726400001,0.0,9.795076135
2023-02-16,0.632,6.19048811732,0.0,9.795076135
2023-02-17,0.612,5.99458659462,0.0,9.795076135
2023-02-20,0.625,6.1219225843750005,0.0,9.795076135
2023-02-21,0.623,6.102332432105,0.0,9.795076135
2023-02-22,0.619,6.063152127565,0.0,9.795076135
2023-02-23,0.616,6.03376689916,0.0,9.795076135
2023-02-24,0.617,6.043561975295,0.0,9.795076135
2023-02-27,0.608,5.95540629008,0.0,9.795076135
2023-02-28,0.619,6.063152127565,0.0,9.795076135
2023-03-01,0.631,6.180693041185,0.0,9.795076135
2023-03-02,0.63,6.17089796505,0.0,9.795076135
2023-03-03,0.627,6.141512736645001,0.0,9.795076135
2023-03-06,0.627,6.141512736645001,0.0,9.795076135
2023-03-07,0.61,5.97499644235,0.0,9.795076135
2023-03-08,0.613,6.004381670755,0.0,9.795076135
2023-03-09,0.615,6.023971823025001,0.0,9.795076135
2023-03-10,0.607,5.945611213945,0.0,9.795076135
2023-03-13,0.618,6.05335705143,0.0,9.795076135
2023-03-14,0.615,6.023971823025001,0.0,9.795076135
2023-03-15,0.614,6.0141767468900005,0.0,9.795076135
2023-03-16,0.605,5.926021061675,0.0,9.795076135
2023-03-17,0.622,6.09253735597,0.0,9.795076135
2023-03-20,0.629,6.161102888915,0.0,9.795076135
2023-03-21,0.629,6.161102888915,0.0,9.795076135
2023-03-22,0.644,6.30802903094,0.0,9.795076135
2023-03-23,0.674,6.601881314990001,0.0,9.795076135
2023-03-24,0.675,6.611676391125001,0.0,9.795076135
2023-03-27,0.674,6.601881314990001,0.0,9.795076135
2023-03-28,0.654,6.40597979229,0.0,9.795076135
2023-03-29,0.661,6.474545325235001,0.0,9.795076135
2023-03-30,0.659,6.4549551729650005,0.0,9.795076135
2023-03-31,0.67,6.5627010104500005,0.0,9.795076135
2023-04-03,0.693,6.787987761555,0.0,9.795076135
2023-04-04,0.694,6.79778283769,0.0,9.795076135
2023-04-06,0.701,6.8663483706349995,0.0,9.795076135
2023-04-07,0.715,7.003479436525,0.0,9.795076135
2023-04-10,0.687,6.729217304745001,0.0,9.795076135
2023-04-11,0.689,6.748807457014999,0.0,9.795076135
2023-04-12,0.706,6.91532375131,0.0,9.795076135
2023-04-13,0.684,6.699832076340001,0.0,9.795076135
2023-04-14,0.682,6.680241924070001,0.0,9.795076135
2023-04-17,0.682,6.680241924070001,0.0,9.795076135
2023-04-18,0.678,6.64106161953,0.0,9.795076135
2023-04-19,0.675,6.611676391125001,0.0,9.795076135
2023-04-20,0.688,6.739012380879999,0.0,9.795076135
2023-04-21,0.655,6.415774868425,0.0,9.795076135
2023-04-24,0.655,6.415774868425,0.0,9.795076135
2023-04-25,0.647,6.3374142593450005,0.0,9.795076135
2023-04-26,0.626,6.131717660510001,0.0,9.795076135
2023-04-27,0.619,6.063152127565,0.0,9.795076135
2023-04-28,0.638,6.249258574130001,0.0,9.795076135
2023-05-04,0.63,6.17089796505,0.0,9.795076135
2023-05-05,0.617,6.043561975295,0.0,9.795076135
2023-05-08,0.623,6.102332432105,0.0,9.795076135
2023-05-09,0.619,6.063152127565,0.0,9.795076135
2023-05-10,0.612,5.99458659462,0.0,9.795076135
2023-05-11,0.609,5.965201366215,0.0,9.795076135
2023-05-12,0.601,5.886840757135,0.0,9.795076135
2023-05-15,0.608,5.95540629008,0.0,9.795076135
2023-05-16,0.603,5.9064309094050005,0.0,9.795076135
2023-05-17,0.608,5.95540629008,0.0,9.795076135
2023-05-18,0.619,6.063152127565,0.0,9.795076135
2023-05-19,0.619,6.063152127565,0.0,9.795076135
2023-05-22,0.618,6.05335705143,0.0,9.795076135
2023-05-23,0.608,5.95540629008,0.0,9.795076135
2023-05-24,0.604,5.91622598554,0.0,9.795076135
2023-05-25,0.604,5.91622598554,0.0,9.795076135
2023-05-26,0.61,5.97499644235,0.0,9.795076135
2023-05-29,0.615,6.023971823025001,0.0,9.795076135
2023-05-30,0.624,6.11212750824,0.0,9.795076135
2023-05-31,0.625,6.1219225843750005,0.0,9.795076135
2023-06-01,0.639,6.259053650265001,0.0,9.795076135
2023-06-02,0.644,6.30802903094,0.0,9.795076135
2023-06-05,0.645,6.317824107075,0.0,9.795076135
2023-06-06,0.626,6.131717660510001,0.0,9.795076135
2023-06-07,0.626,6.131717660510001,0.0,9.795076135
2023-06-08,0.623,6.102332432105,0.0,9.795076135
2023-06-09,0.632,6.19048811732,0.0,9.795076135
2023-06-12,0.64,6.268848726400001,0.0,9.795076135
2023-06-13,0.658,6.4451600968300005,0.0,9.795076135
2023-06-14,0.659,6.4549551729650005,0.0,9.795076135
2023-06-15,0.665,6.513725629775001,0.0,9.795076135
2023-06-16,0.685,6.709627152475001,0.0,9.795076135
2023-06-19,0.69,6.7586025331499995,0.0,9.795076135
2023-06-20,0.707,6.925118827445,0.0,9.795076135
2023-06-21,0.676,6.621471467260001,0.0,9.795076135
2023-06-26,0.658,6.4451600968300005,0.0,9.795076135
2023-06-27,0.667,6.533315782045,0.0,9.795076135
2023-06-28,0.65,6.366799487750001,0.0,9.795076135
2023-06-29,0.66,6.464750249100001,0.0,9.795076135
2023-06-30,0.666,6.52352070591,0.0,9.795076135
2023-07-03,0.663,6.494135477505001,0.0,9.795076135
2023-07-04,0.675,6.611676391125001,0.0,9.795076135
2023-07-05,0.665,6.513725629775001,0.0,9.795076135
2023-07-06,0.665,6.513725629775001,0.0,9.795076135
2023-07-07,0.66,6.464750249100001,0.0,9.795076135
2023-07-10,0.656,6.42556994456,0.0,9.795076135
2023-07-11,0.67,6.5627010104500005,0.0,9.795076135
2023-07-12,0.654,6.40597979229,0.0,9.795076135
2023-07-13,0.67,6.5627010104500005,0.0,9.795076135
2023-07-14,0.675,6.611676391125001,0.0,9.795076135
2023-07-17,0.674,6.601881314990001,0.0,9.795076135
2023-07-18,0.667,6.533315782045,0.0,9.795076135
2023-07-19,0.661,6.474545325235001,0.0,9.795076135
2023-07-20,0.64,6.268848726400001,0.0,9.795076135
2023-07-21,0.636,6.2296684218600005,0.0,9.795076135
2023-07-24,0.637,6.2394634979950006,0.0,9.795076135
2023-07-25,0.65,6.366799487750001,0.0,9.795076135
2023-07-26,0.64,6.268848726400001,0.0,9.795076135
2023-07-27,0.635,6.219873345725,0.0,9.795076135
2023-07-28,0.64,6.268848726400001,0.0,9.795076135
2023-07-31,0.649,6.357004411615001,0.0,9.795076135
2023-08-01,0.653,6.396184716155001,0.0,9.795076135
2023-08-02,0.654,6.40597979229,0.0,9.795076135
2023-08-03,0.653,6.396184716155001,0.0,9.795076135
2023-08-04,0.661,6.474545325235001,0.0,9.795076135
2023-08-07,0.659,6.4549551729650005,0.0,9.795076135
2023-08-08,0.655,6.415774868425,0.0,9.795076135
2023-08-09,0.645,6.317824107075,0.0,9.795076135
2023-08-10,0.645,6.317824107075,0.0,9.795076135
2023-08-11,0.634,6.21007826959,0.0,9.795076135
2023-08-14,0.633,6.200283193455,0.0,9.795076135
2023-08-15,0.629,6.161102888915,0.0,9.795076135
2023-08-16,0.612,5.99458659462,0.0,9.795076135
2023-08-17,0.613,6.004381670755,0.0,9.795076135
2023-08-18,0.602,5.89663583327,0.0,9.795076135
2023-08-21,0.596,5.83786537646,0.0,9.795076135
2023-08-22,0.611,5.984791518485,0.0,9.795076135
2023-08-23,0.595,5.828070300325,0.0,9.795076135
2023-08-24,0.596,5.83786537646,0.0,9.795076135
2023-08-25,0.577,5.651758929895,0.0,9.795076135
2023-08-28,0.587,5.749709691245,0.0,9.795076135
2023-08-29,0.604,5.91622598554,0.0,9.795076135
2023-08-30,0.619,6.063152127565,0.0,9.795076135
2023-08-31,0.611,5.984791518485,0.0,9.795076135
2023-09-01,0.609,5.965201366215,0.0,9.795076135
2023-09-04,0.615,6.023971823025001,0.0,9.795076135
2023-09-05,0.611,5.984791518485,0.0,9.795076135
2023-09-06,0.61,5.97499644235,0.0,9.795076135
2023-09-07,0.595,5.828070300325,0.0,9.795076135
2023-09-08,0.593,5.808480148055,0.0,9.795076135
2023-09-11,0.602,5.89663583327,0.0,9.795076135
2023-09-12,0.6,5.877045681,0.0,9.795076135
2023-09-13,0.589,5.769299843515,0.0,9.795076135
2023-09-14,0.582,5.70073431057,0.0,9.795076135
2023-09-15,0.577,5.651758929895,0.0,9.795076135
2023-09-18,0.577,5.651758929895,0.0,9.795076135
2023-09-19,0.571,5.592988473085,0.0,9.795076135
2023-09-20,0.566,5.544013092409999,0.0,9.795076135
2023-09-21,0.566,5.544013092409999,0.0,9.795076135
2023-09-22,0.583,5.710529386705,0.0,9.795076135
2023-09-25,0.578,5.66155400603,0.0,9.795076135
2023-09-26,0.581,5.690939234435,0.0,9.795076135
2023-09-27,0.582,5.70073431057,0.0,9.795076135
2023-09-28,0.585,5.730119538975,0.0,9.795076135
2023-10-09,0.589,5.769299843515,0.0,9.795076135
2023-10-10,0.589,5.769299843515,0.0,9.795076135
2023-10-11,0.6,5.877045681,0.0,9.795076135
2023-10-12,0.599,5.867250604865,0.0,9.795076135
2023-10-13,0.594,5.81827522419,0.0,9.795076135
2023-10-16,0.583,5.710529386705,0.0,9.795076135
2023-10-17,0.582,5.70073431057,0.0,9.795076135
2023-10-18,0.574,5.62237370149,0.0,9.795076135
2023-10-19,0.568,5.5636032446799994,0.0,9.795076135
2023-10-20,0.554,5.426472178790001,0.0,9.795076135
2023-10-23,0.549,5.377496798115001,0.0,9.795076135
2023-10-24,0.547,5.357906645845,0.0,9.795076135
2023-10-25,0.551,5.397086950385001,0.0,9.795076135
2023-10-26,0.549,5.377496798115001,0.0,9.795076135
2023-10-27,0.556,5.446062331060001,0.0,9.795076135
2023-10-30,0.573,5.612578625355,0.0,9.795076135
2023-10-31,0.569,5.5733983208149995,0.0,9.795076135
2023-11-01,0.563,5.514627864005,0.0,9.795076135
2023-11-02,0.559,5.4754475594650005,0.0,9.795076135
2023-11-03,0.568,5.5636032446799994,0.0,9.795076135
2023-11-06,0.588,5.75950476738,0.0,9.795076135
2023-11-07,0.591,5.7888899957849995,0.0,9.795076135
2023-11-08,0.595,5.828070300325,0.0,9.795076135
2023-11-09,0.589,5.769299843515,0.0,9.795076135
2023-11-10,0.59,5.77909491965,0.0,9.795076135
2023-11-13,0.591,5.7888899957849995,0.0,9.795076135
2023-11-14,0.594,5.81827522419,0.0,9.795076135
2023-11-15,0.594,5.81827522419,0.0,9.795076135
2023-11-16,0.586,5.73991461511,0.0,9.795076135
2023-11-17,0.587,5.749709691245,0.0,9.795076135
2023-11-20,0.587,5.749709691245,0.0,9.795076135
2023-11-21,0.58,5.6811441582999995,0.0,9.795076135
2023-11-22,0.579,5.6713490821649994,0.0,9.795076135
2023-11-23,0.579,5.6713490821649994,0.0,9.795076135
2023-11-24,0.569,5.5733983208149995,0.0,9.795076135
2023-11-27,0.569,5.5733983208149995,0.0,9.795076135
2023-11-28,0.576,5.64196385376,0.0,9.795076135
2023-11-29,0.571,5.592988473085,0.0,9.795076135
2023-11-30,0.567,5.553808168544999,0.0,9.795076135
2023-12-01,0.572,5.60278354922,0.0,9.795076135
2023-12-04,0.57,5.58319339695,0.0,9.795076135
2023-12-05,0.553,5.416677102655001,0.0,9.795076135
2023-12-06,0.556,5.446062331060001,0.0,9.795076135
2023-12-07,0.555,5.436267254925001,0.0,9.795076135
2023-12-08,0.564,5.52442294014,0.0,9.795076135
2023-12-11,0.573,5.612578625355,0.0,9.795076135
2023-12-12,0.572,5.60278354922,0.0,9.795076135
2023-12-13,0.564,5.52442294014,0.0,9.795076135
2023-12-14,0.562,5.504832787870001,0.0,9.795076135
2023-12-15,0.559,5.4754475594650005,0.0,9.795076135
2023-12-18,0.549,5.377496798115001,0.0,9.795076135
2023-12-19,0.554,5.426472178790001,0.0,9.795076135
2023-12-20,0.543,5.318726341305001,0.0,9.795076135
2023-12-21,0.551,5.397086950385001,0.0,9.795076135
2023-12-22,0.541,5.299136189035001,0.0,9.795076135
2023-12-25,0.545,5.338316493575,0.0,9.795076135
2023-12-26,0.536,5.25016080836,0.0,9.795076135
2023-12-27,0.54,5.289341112900001,0.0,9.795076135
2023-12-28,0.551,5.397086950385001,0.0,9.795076135
2023-12-29,0.563,5.514627864005,0.0,9.795076135
2024-01-02,0.553,5.416677102655001,0.0,9.795076135
2024-01-03,0.543,5.318726341305001,0.0,9.795076135
2024-01-04,0.534,5.23057065609,0.0,9.795076135
2024-01-05,0.528,5.171800199280001,0.0,9.795076135
2024-01-08,0.515,5.0444642095250005,0.0,9.795076135
2024-01-09,0.514,5.03466913339,0.0,9.795076135
2024-01-10,0.505,4.946513448175001,0.0,9.795076135
2024-01-11,0.516,5.054259285660001,0.0,9.795076135
2024-01-12,0.509,4.985693752715,0.0,9.795076135
2024-01-15,0.509,4.985693752715,0.0,9.795076135
2024-01-16,0.508,4.97589867658,0.0,9.795076135
2024-01-17,0.497,4.868152839095,0.0,9.795076135
2024-01-18,0.506,4.956308524310001,0.0,9.795076135
2024-01-19,0.506,4.956308524310001,0.0,9.795076135
2024-01-22,0.496,4.85835776296,0.0,9.795076135
2024-01-23,0.5,4.8975380675,0.0,9.795076135
2024-01-24,0.499,4.887742991365,0.0,9.795076135
2024-01-25,0.511,5.005283904985,0.0,9.795076135
2024-01-26,0.503,4.926923295905,0.0,9.795076135
2024-01-29,0.487,4.770202077745,0.0,9.795076135
2024-01-30,0.485,4.750611925475,0.0,9.795076135
2024-01-31,0.471,4.613480859585,0.0,9.795076135
2024-02-01,0.47,4.60368578345,0.0,9.795076135
2024-02-02,0.459,4.4959399459650005,0.0,9.795076135
2024-02-05,0.454,4.44696456529,0.0,9.795076135
2024-02-06,0.481,4.7114316209350005,0.0,9.795076135
2024-02-07,0.489,4.789792230015,0.0,9.795076135
2024-02-08,0.501,4.907333143635,0.0,9.795076135
2024-02-19,0.521,5.103234666335,0.0,9.795076135
2024-02-20,0.518,5.073849437930001,0.0,9.795076135
2024-02-21,0.522,5.11302974247,0.0,9.795076135
2024-02-22,0.527,5.162005123145001,0.0,9.795076135
2024-02-23,0.529,5.181595275415001,0.0,9.795076135
2024-02-26,0.529,5.181595275415001,0.0,9.795076135
2024-02-27,0.55,5.387291874250001,0.0,9.795076135
2024-02-28,0.53,5.191390351550001,0.0,9.795076135
2024-02-29,0.555,5.436267254925001,0.0,9.795076135
2024-03-01,0.577,5.651758929895,0.0,9.795076135
2024-03-04,0.573,5.612578625355,0.0,9.795076135
2024-03-05,0.572,5.60278354922,0.0,9.795076135
2024-03-06,0.569,5.5733983208149995,0.0,9.795076135
2024-03-07,0.559,5.4754475594650005,0.0,9.795076135
2024-03-08,0.568,5.5636032446799994,0.0,9.795076135
2024-03-11,0.573,5.612578625355,0.0,9.795076135
2024-03-12,0.571,5.592988473085,0.0,9.795076135
2024-03-13,0.573,5.612578625355,0.0,9.795076135
2024-03-14,0.567,5.553808168544999,0.0,9.795076135
2024-03-15,0.572,5.60278354922,0.0,9.795076135
2024-03-18,0.58,5.6811441582999995,0.0,9.795076135
2024-03-19,0.577,5.651758929895,0.0,9.795076135
2024-03-20,0.58,5.6811441582999995,0.0,9.795076135
2024-03-21,0.577,5.651758929895,0.0,9.795076135
2024-03-22,0.575,5.632168777625,0.0,9.795076135
2024-03-25,0.562,5.504832787870001,0.0,9.795076135
2024-03-26,0.557,5.455857407195,0.0,9.795076135
2024-03-27,0.542,5.308931265170001,0.0,9.795076135
2024-03-28,0.553,5.416677102655001,0.0,9.795076135
2024-03-29,0.554,5.426472178790001,0.0,9.795076135
2024-04-01,0.573,5.612578625355,0.0,9.795076135
2024-04-02,0.563,5.514627864005,0.0,9.795076135
2024-04-03,0.555,5.436267254925001,0.0,9.795076135
2024-04-08,0.551,5.397086950385001,0.0,9.795076135
2024-04-09,0.554,5.426472178790001,0.0,9.795076135
2024-04-10,0.54,5.289341112900001,0.0,9.795076135
2024-04-11,0.542,5.308931265170001,0.0,9.795076135
2024-04-12,0.538,5.269750960630001,0.0,9.795076135
2024-04-15,0.544,5.32852141744,0.0,9.795076135
2024-04-16,0.538,5.269750960630001,0.0,9.795076135
2024-04-17,0.55,5.387291874250001,0.0,9.795076135
2024-04-18,0.546,5.34811156971,0.0,9.795076135
2024-04-19,0.538,5.269750960630001,0.0,9.795076135
2024-04-22,0.534,5.23057065609,0.0,9.795076135
2024-04-23,0.533,5.220775579955,0.0,9.795076135
2024-04-24,0.541,5.299136189035001,0.0,9.795076135
2024-04-25,0.544,5.32852141744,0.0,9.795076135
2024-04-26,0.557,5.455857407195,0.0,9.795076135
2024-04-29,0.571,5.592988473085,0.0,9.795076135
2024-04-30,0.564,5.52442294014,0.0,9.795076135
2024-05-06,0.572,5.60278354922,0.0,9.795076135
2024-05-07,0.566,5.544013092409999,0.0,9.795076135
2024-05-08,0.556,5.446062331060001,0.0,9.795076135
2024-05-09,0.561,5.495037711735001,0.0,9.795076135
2024-05-10,0.56,5.485242635600001,0.0,9.795076135
2024-05-13,0.556,5.446062331060001,0.0,9.795076135
2024-05-14,0.559,5.4754475594650005,0.0,9.795076135
2024-05-15,0.552,5.406882026520001,0.0,9.795076135
2024-05-16,0.558,5.46565248333,0.0,9.795076135
2024-05-17,0.559,5.4754475594650005,0.0,9.795076135
2024-05-20,0.563,5.514627864005,0.0,9.795076135
2024-05-21,0.56,5.485242635600001,0.0,9.795076135
2024-05-22,0.564,5.52442294014,0.0,9.795076135
2024-05-23,0.555,5.436267254925001,0.0,9.795076135
2024-05-24,0.544,5.32852141744,0.0,9.795076135
2024-05-27,0.551,5.397086950385001,0.0,9.795076135
2024-05-28,0.541,5.299136189035001,0.0,9.795076135
2024-05-29,0.544,5.32852141744,0.0,9.795076135
2024-05-30,0.545,5.338316493575,0.0,9.795076135
2024-05-31,0.546,5.34811156971,0.0,9.795076135
2024-06-03,0.55,5.387291874250001,0.0,9.795076135
2024-06-04,0.557,5.455857407195,0.0,9.795076135
2024-06-05,0.556,5.446062331060001,0.0,9.795076135
2024-06-06,0.556,5.446062331060001,0.0,9.795076135
2024-06-07,0.551,5.397086950385001,0.0,9.795076135
2024-06-11,0.555,5.436267254925001,0.0,9.795076135
2024-06-12,0.558,5.46565248333,0.0,9.795076135
2024-06-13,0.56,5.485242635600001,0.0,9.795076135
2024-06-14,0.57,5.58319339695,0.0,9.795076135
2024-06-17,0.577,5.651758929895,0.0,9.795076135
2024-06-18,0.586,5.73991461511,0.0,9.795076135
2024-06-19,0.581,5.690939234435,0.0,9.795076135
2024-06-20,0.57,5.58319339695,0.0,9.795076135
2024-06-21,0.575,5.632168777625,0.0,9.795076135
2024-06-24,0.56,5.485242635600001,0.0,9.795076135
2024-06-25,0.544,5.32852141744,0.0,9.795076135
2024-06-26,0.562,5.504832787870001,0.0,9.795076135
2024-06-27,0.558,5.46565248333,0.0,9.795076135
2024-06-28,0.566,5.544013092409999,0.0,9.795076135
2024-07-01,0.569,5.5733983208149995,0.0,9.795076135
2024-07-02,0.564,5.52442294014,0.0,9.795076135
2024-07-03,0.561,5.495037711735001,0.0,9.795076135
2024-07-04,0.556,5.446062331060001,0.0,9.795076135
2024-07-05,0.557,5.455857407195,0.0,9.795076135
2024-07-08,0.551,5.397086950385001,0.0,9.795076135
2024-07-09,0.57,5.58319339695,0.0,9.795076135
2024-07-10,0.575,5.632168777625,0.0,9.795076135
2024-07-11,0.58,5.6811441582999995,0.0,9.795076135
2024-07-12,0.576,5.64196385376,0.0,9.795076135
2024-07-15,0.571,5.592988473085,0.0,9.795076135
2024-07-16,0.586,5.73991461511,0.0,9.795076135
2024-07-17,0.574,5.62237370149,0.0,9.795076135
2024-07-18,0.574,5.62237370149,0.0,9.795076135
2024-07-19,0.575,5.632168777625,0.0,9.795076135
2024-07-22,0.575,5.632168777625,0.0,9.795076135
2024-07-23,0.558,5.46565248333,0.0,9.795076135
2024-07-24,0.55,5.387291874250001,0.0,9.795076135
2024-07-25,0.54,5.289341112900001,0.0,9.795076135
2024-07-26,0.549,5.377496798115001,0.0,9.795076135
2024-07-29,0.55,5.387291874250001,0.0,9.795076135
2024-07-30,0.545,5.338316493575,0.0,9.795076135
2024-07-31,0.563,5.514627864005,0.0,9.795076135
2024-08-01,0.559,5.4754475594650005,0.0,9.795076135
2024-08-02,0.545,5.338316493575,0.0,9.795076135
2024-08-05,0.521,5.103234666335,0.0,9.795076135
2024-08-06,0.525,5.142414970875,0.0,9.795076135
2024-08-07,0.525,5.142414970875,0.0,9.795076135
2024-08-08,0.522,5.11302974247,0.0,9.795076135
2024-08-09,0.524,5.13261989474,0.0,9.795076135
2024-08-12,0.522,5.11302974247,0.0,9.795076135
2024-08-13,0.524,5.13261989474,0.0,9.795076135
2024-08-14,0.522,5.11302974247,0.0,9.795076135
2024-08-15,0.525,5.142414970875,0.0,9.795076135
2024-08-16,0.525,5.142414970875,0.0,9.795076135
2024-08-19,0.527,5.162005123145001,0.0,9.795076135
2024-08-20,0.518,5.073849437930001,0.0,9.795076135
2024-08-21,0.522,5.11302974247,0.0,9.795076135
2024-08-22,0.516,5.054259285660001,0.0,9.795076135
2024-08-23,0.516,5.054259285660001,0.0,9.795076135
2024-08-26,0.515,5.0444642095250005,0.0,9.795076135
2024-08-27,0.507,4.966103600445,0.0,9.795076135
2024-08-28,0.506,4.956308524310001,0.0,9.795076135
2024-08-29,0.51,4.99548882885,0.0,9.795076135
2024-08-30,0.527,5.162005123145001,0.0,9.795076135
2024-09-02,0.513,5.024874057255,0.0,9.795076135
2024-09-03,0.519,5.083644514065,0.0,9.795076135
2024-09-04,0.511,5.005283904985,0.0,9.795076135
2024-09-05,0.511,5.005283904985,0.0,9.795076135
2024-09-06,0.505,4.946513448175001,0.0,9.795076135
2024-09-09,0.502,4.91712821977,0.0,9.795076135
2024-09-10,0.505,4.946513448175001,0.0,9.795076135
2024-09-11,0.506,4.956308524310001,0.0,9.795076135
2024-09-12,0.502,4.91712821977,0.0,9.795076135
2024-09-13,0.503,4.926923295905,0.0,9.795076135
2024-09-18,0.5,4.8975380675,0.0,9.795076135
2024-09-19,0.501,4.907333143635,0.0,9.795076135
2024-09-20,0.506,4.956308524310001,0.0,9.795076135
2024-09-23,0.505,4.946513448175001,0.0,9.795076135
2024-09-24,0.526,5.1522100470100005,0.0,9.795076135
2024-09-25,0.53,5.191390351550001,0.0,9.795076135
2024-09-26,0.55,5.387291874250001,0.0,9.795076135
2024-09-27,0.59,5.77909491965,0.0,9.795076135
2024-09-30,0.649,6.357004411615001,0.0,9.795076135
2024-10-08,0.714,6.99368436039,0.0,9.795076135
2024-10-09,0.69,6.7586025331499995,0.0,9.795076135
2024-10-10,0.66,6.464750249100001,0.0,9.795076135
2024-10-11,0.632,6.19048811732,0.0,9.795076135
2024-10-14,0.654,6.40597979229,0.0,9.795076135
2024-10-15,0.646,6.32761918321,0.0,9.795076135
2024-10-16,0.629,6.161102888915,0.0,9.795076135
2024-10-17,0.635,6.219873345725,0.0,9.795076135
2024-10-18,0.676,6.621471467260001,0.0,9.795076135
2024-10-21,0.677,6.631266543395001,0.0,9.795076135
2024-10-22,0.682,6.680241924070001,0.0,9.795076135
2024-10-23,0.675,6.611676391125001,0.0,9.795076135
2024-10-24,0.668,6.54311085818,0.0,9.795076135
2024-10-25,0.675,6.611676391125001,0.0,9.795076135
2024-10-28,0.675,6.611676391125001,0.0,9.795076135
2024-10-29,0.671,6.572496086585001,0.0,9.795076135
2024-10-30,0.675,6.611676391125001,0.0,9.795076135
2024-10-31,0.68,6.6606517718000005,0.0,9.795076135
2024-11-01,0.664,6.503930553640001,0.0,9.795076135
2024-11-04,0.674,6.601881314990001,0.0,9.795076135
2024-11-05,0.7,6.8565532945,0.0,9.795076135
2024-11-06,0.7,6.8565532945,0.0,9.795076135
2024-11-07,0.707,6.925118827445,0.0,9.795076135
2024-11-08,0.714,6.99368436039,0.0,9.795076135
2024-11-11,0.739,7.238561263765,0.0,9.795076135
2024-11-12,0.729,7.140610502415,0.0,9.795076135
2024-11-13,0.736,7.2091760353600005,0.0,9.795076135
2024-11-14,0.712,6.97409420812,0.0,9.795076135
2024-11-15,0.69,6.7586025331499995,0.0,9.795076135
2024-11-18,0.664,6.503930553640001,0.0,9.795076135
2024-11-19,0.677,6.631266543395001,0.0,9.795076135
2024-11-20,0.68,6.6606517718000005,0.0,9.795076135
2024-11-21,0.677,6.631266543395001,0.0,9.795076135
2024-11-22,0.657,6.435365020695,0.0,9.795076135
2024-11-25,0.644,6.30802903094,0.0,9.795076135
2024-11-26,0.641,6.278643802535,0.0,9.795076135
2024-11-27,0.661,6.474545325235001,0.0,9.795076135
2024-11-28,0.651,6.376594563885001,0.0,9.795076135
2024-11-29,0.665,6.513725629775001,0.0,9.795076135
2024-12-02,0.677,6.631266543395001,0.0,9.795076135
2024-12-03,0.671,6.572496086585001,0.0,9.795076135
2024-12-04,0.669,6.5529059343150005,0.0,9.795076135
2024-12-05,0.669,6.5529059343150005,0.0,9.795076135
2024-12-06,0.679,6.650856695665,0.0,9.795076135
2024-12-09,0.674,6.601881314990001,0.0,9.795076135
2024-12-10,0.682,6.680241924070001,0.0,9.795076135
2024-12-11,0.684,6.699832076340001,0.0,9.795076135
2024-12-12,0.69,6.7586025331499995,0.0,9.795076135
2024-12-13,0.677,6.631266543395001,0.0,9.795076135
2024-12-16,0.669,6.5529059343150005,0.0,9.795076135
2024-12-17,0.671,6.572496086585001,0.0,9.795076135
2024-12-18,0.677,6.631266543395001,0.0,9.795076135
2024-12-19,0.694,6.79778283769,0.0,9.795076135
2024-12-20,0.698,6.83696314223,0.0,9.795076135
2024-12-23,0.689,6.748807457014999,0.0,9.795076135
2024-12-24,0.695,6.807577913825,0.0,9.795076135
2024-12-25,0.693,6.787987761555,0.0,9.795076135
2024-12-26,0.711,6.964299131985,0.0,9.795076135
2024-12-27,0.702,6.87614344677,0.0,9.795076135
2024-12-30,0.7,6.8565532945,0.0,9.795076135
2024-12-31,0.68,6.6606517718000005,0.0,9.795076135
2025-01-02,0.66,6.464750249100001,0.0,9.795076135
2025-01-03,0.64,6.268848726400001,0.0,9.795076135
2025-01-06,0.637,6.2394634979950006,0.0,9.795076135
2025-01-07,0.655,6.415774868425,0.0,9.795076135
2025-01-08,0.648,6.3472093354800005,0.0,9.795076135
2025-01-09,0.65,6.366799487750001,0.0,9.795076135
2025-01-10,0.636,6.2296684218600005,0.0,9.795076135
2025-01-13,0.634,6.21007826959,0.0,9.795076135
2025-01-14,0.661,6.474545325235001,0.0,9.795076135
2025-01-15,0.653,6.396184716155001,0.0,9.795076135
2025-01-16,0.659,6.4549551729650005,0.0,9.795076135
2025-01-17,0.663,6.494135477505001,0.0,9.795076135
2025-01-20,0.67,6.5627010104500005,0.0,9.795076135
2025-01-21,0.685,6.709627152475001,0.0,9.795076135
2025-01-22,0.687,6.729217304745001,0.0,9.795076135
2025-01-23,0.68,6.6606517718000005,0.0,9.795076135
2025-01-24,0.692,6.77819268542,0.0,9.795076135
2025-01-27,0.678,6.64106161953,0.0,9.795076135
2025-02-05,0.68,6.6606517718000005,0.0,9.795076135
2025-02-06,0.7,6.8565532945,0.0,9.795076135
2025-02-07,0.708,6.93491390358,0.0,9.795076135
2025-02-10,0.713,6.9838892842549996,0.0,9.795076135
2025-02-11,0.71,6.95450405585,0.0,9.795076135
2025-02-12,0.727,7.121020350145,0.0,9.795076135
2025-02-13,0.711,6.964299131985,0.0,9.795076135
2025-02-14,0.721,7.062249893335,0.0,9.795076135
2025-02-17,0.729,7.140610502415,0.0,9.795076135
2025-02-18,0.714,6.99368436039,0.0,9.795076135
2025-02-19,0.727,7.121020350145,0.0,9.795076135
2025-02-20,0.73,7.15040557855,0.0,9.795076135
2025-02-21,0.751,7.356102177385,0.0,9.795076135
2025-02-24,0.749,7.336512025115001,0.0,9.795076135
2025-02-25,0.738,7.22876618763,0.0,9.795076135
2025-02-26,0.741,7.258151416035,0.0,9.795076135
2025-02-27,0.726,7.11122527401,0.0,9.795076135
2025-02-28,0.692,6.77819268542,0.0,9.795076135
2025-03-03,0.688,6.739012380879999,0.0,9.795076135
2025-03-04,0.696,6.81737298996,0.0,9.795076135
2025-03-05,0.7,6.8565532945,0.0,9.795076135
2025-03-06,0.719,7.042659741065,0.0,9.795076135
2025-03-07,0.713,6.9838892842549996,0.0,9.795076135
2025-03-10,0.708,6.93491390358,0.0,9.795076135
2025-03-11,0.704,6.89573359904,0.0,9.795076135
2025-03-12,0.706,6.91532375131,0.0,9.795076135
2025-03-13,0.696,6.81737298996,0.0,9.795076135
2025-03-14,0.709,6.944708979715,0.0,9.795076135
2025-03-17,0.707,6.925118827445,0.0,9.795076135
2025-03-18,0.715,7.003479436525,0.0,9.795076135
2025-03-19,0.703,6.885938522905,0.0,9.795076135
2025-03-20,0.695,6.807577913825,0.0,9.795076135
2025-03-21,0.682,6.680241924070001,0.0,9.795076135
2025-03-24,0.684,6.699832076340001,0.0,9.795076135
2025-03-25,0.678,6.64106161953,0.0,9.795076135
2025-03-26,0.675,6.611676391125001,0.0,9.795076135
2025-03-27,0.675,6.611676391125001,0.0,9.795076135
2025-03-28,0.671,6.572496086585001,0.0,9.795076135
2025-03-31,0.666,6.52352070591,0.0,9.795076135
2025-04-01,0.668,6.54311085818,0.0,9.795076135
2025-04-02,0.669,6.5529059343150005,0.0,9.795076135
2025-04-03,0.655,6.415774868425,0.0,9.795076135
2025-04-07,0.607,5.945611213945,0.0,9.795076135
2025-04-08,0.581,5.690939234435,0.0,9.795076135
2025-04-09,0.586,5.73991461511,0.0,9.795076135
2025-04-10,0.604,5.91622598554,0.0,9.795076135
2025-04-11,0.612,5.99458659462,0.0,9.795076135
2025-04-14,0.617,6.043561975295,0.0,9.795076135
2025-04-15,0.61,5.97499644235,0.0,9.795076135
2025-04-16,0.605,5.926021061675,0.0,9.795076135
2025-04-17,0.605,5.926021061675,0.0,9.795076135
2025-04-18,0.607,5.945611213945,0.0,9.795076135
2025-04-21,0.616,6.03376689916,0.0,9.795076135
2025-04-22,0.61,5.97499644235,0.0,9.795076135
2025-04-23,0.618,6.05335705143,0.0,9.795076135
2025-04-24,0.608,5.95540629008,0.0,9.795076135
2025-04-25,0.612,5.99458659462,0.0,9.795076135
2025-04-28,0.608,5.95540629008,0.0,9.795076135
2025-04-29,0.608,5.95540629008,0.0,9.795076135
2025-04-30,0.615,6.023971823025001,0.0,9.795076135
2025-05-06,0.629,6.161102888915,0.0,9.795076135
2025-05-07,0.628,6.151307812780001,0.0,9.795076135
2025-05-08,0.639,6.259053650265001,0.0,9.795076135
2025-05-09,0.629,6.161102888915,0.0,9.795076135
2025-05-12,0.645,6.317824107075,0.0,9.795076135
2025-05-13,0.638,6.249258574130001,0.0,9.795076135
2025-05-14,0.641,6.278643802535,0.0,9.795076135
2025-05-15,0.628,6.151307812780001,0.0,9.795076135
2025-05-16,0.629,6.161102888915,0.0,9.795076135
2025-05-19,0.624,6.11212750824,0.0,9.795076135
2025-05-20,0.631,6.180693041185,0.0,9.795076135
2025-05-21,0.627,6.141512736645001,0.0,9.795076135
2025-05-22,0.624,6.11212750824,0.0,9.795076135
2025-05-23,0.619,6.063152127565,0.0,9.795076135
2025-05-26,0.621,6.082742279835,0.0,9.795076135
2025-05-27,0.614,6.0141767468900005,0.0,9.795076135
2025-05-28,0.612,5.99458659462,0.0,9.795076135
2025-05-29,0.625,6.1219225843750005,0.0,9.795076135
2025-05-30,0.617,6.043561975295,0.0,9.795076135
2025-06-03,0.618,6.05335705143,0.0,9.795076135
2025-06-04,0.626,6.131717660510001,0.0,9.795076135
2025-06-05,0.641,6.278643802535,0.0,9.795076135
2025-06-06,0.639,6.259053650265001,0.0,9.795076135
2025-06-09,0.646,6.32761918321,0.0,9.795076135
2025-06-10,0.638,6.249258574130001,0.0,9.795076135
2025-06-11,0.637,6.2394634979950006,0.0,9.795076135
2025-06-12,0.64,6.268848726400001,0.0,9.795076135
2025-06-13,0.635,6.219873345725,0.0,9.795076135
2025-06-16,0.645,6.317824107075,0.0,9.795076135
2025-06-17,0.647,6.3374142593450005,0.0,9.795076135
2025-06-18,0.655,6.415774868425,0.0,9.795076135
2025-06-19,0.647,6.3374142593450005,0.0,9.795076135
2025-06-20,0.645,6.317824107075,0.0,9.795076135
2025-06-23,0.648,6.3472093354800005,0.0,9.795076135
2025-06-24,0.656,6.42556994456,0.0,9.795076135
2025-06-25,0.668,6.54311085818,0.0,9.795076135
2025-06-26,0.669,6.5529059343150005,0.0,9.795076135
2025-06-27,0.676,6.621471467260001,0.0,9.795076135
2025-06-30,0.688,6.739012380879999,0.0,9.795076135
2025-07-01,0.688,6.739012380879999,0.0,9.795076135
2025-07-02,0.678,6.64106161953,0.0,9.795076135
2025-07-03,0.692,6.77819268542,0.0,9.795076135
2025-07-04,0.689,6.748807457014999,0.0,9.795076135
2025-07-07,0.682,6.680241924070001,0.0,9.795076135
2025-07-08,0.7,6.8565532945,0.0,9.795076135
2025-07-09,0.699,6.846758218365,0.0,9.795076135
2025-07-10,0.699,6.846758218365,0.0,9.795076135
2025-07-11,0.702,6.87614344677,0.0,9.795076135
2025-07-14,0.702,6.87614344677,0.0,9.795076135
2025-07-15,0.726,7.11122527401,0.0,9.795076135
2025-07-16,0.724,7.09163512174,0.0,9.795076135
2025-07-17,0.749,7.336512025115001,0.0,9.795076135
2025-07-18,0.744,7.28753664444,0.0,9.795076135
2025-07-21,0.747,7.3169218728450005,0.0,9.795076135
2025-07-22,0.742,7.26794649217,0.0,9.795076135
2025-07-23,0.74,7.2483563399,0.0,9.795076135
2025-07-24,0.749,7.336512025115001,0.0,9.795076135
2025-07-25,0.75,7.34630710125,0.0,9.795076135
2025-07-28,0.764,7.48343816714,0.0,9.795076135
2025-07-29,0.778,7.62056923303,0.0,9.795076135
2025-07-30,0.772,7.561798776220001,0.0,9.795076135
2025-07-31,0.769,7.5324135478150005,0.0,9.795076135
2025-08-01,0.763,7.473643091005,0.0,9.795076135
2025-08-04,0.76,7.444257862600001,0.0,9.795076135
2025-08-05,0.766,7.50302831941,0.0,9.795076135
2025-08-06,0.772,7.561798776220001,0.0,9.795076135
2025-08-07,0.768,7.52261847168,0.0,9.795076135
2025-08-08,0.761,7.454052938735001,0.0,9.795076135
2025-08-11,0.778,7.62056923303,0.0,9.795076135
2025-08-12,0.792,7.757700298920001,0.0,9.795076135
2025-08-13,0.823,8.061347659105,0.0,9.795076135
2025-08-14,0.809,7.924216593215001,0.0,9.795076135
2025-08-15,0.821,8.041757506835,0.0,9.795076135
2025-08-18,0.857,8.394380247695,0.0,9.795076135
2025-08-19,0.855,8.374790095425,0.0,9.795076135
2025-08-20,0.868,8.50212608518,0.0,9.795076135
2025-08-21,0.866,8.48253593291,0.0,9.795076135
2025-08-22,0.907,8.884134054445001,0.0,9.795076135
2025-08-25,0.929,9.099625729415001,0.0,9.795076135
2025-08-26,0.932,9.12901095782,0.0,9.795076135
2025-08-27,0.937,9.177986338495002,0.0,9.795076135
2025-08-28,0.988,9.67753522138,0.0,9.795076135
2025-08-29,0.992,9.71671552592,0.0,9.795076135
2025-09-01,1.021,10.000772733835,0.0,9.795076135
2025-09-02,0.977,9.569789383895,0.0,9.795076135
2025-09-03,0.976,9.55999430776,0.0,9.795076135
2025-09-04,0.919,9.001674968065,0.0,9.795076135
2025-09-05,0.966,9.46204354641,0.0,9.795076135
2025-09-08,0.951,9.315117404385,0.0,9.795076135
2025-09-09,0.931,9.119215881685001,0.0,9.795076135
2025-09-10,0.953,9.334707556655,0.0,9.795076135
2025-09-11,1.029,10.079133342915,0.0,9.795076135
2025-09-12,1.015,9.942002277024999,0.0,9.795076135
2025-09-15,1.008,9.873436744080001,0.0,9.795076135
2025-09-16,1.015,9.942002277024999,0.0,9.795076135
2025-09-17,1.023,10.020362886105,0.0,9.795076135
2025-09-18,1.024,10.03015796224,0.0,9.795076135
2025-09-19,1.025,10.039953038375,0.0,9.795076135
2025-09-22,1.049,10.275034865615,0.0,9.795076135
2025-09-23,1.052,10.304420094020001,0.0,9.795076135
2025-09-24,1.067,10.451346236045,0.0,9.795076135
2025-09-25,1.084,10.617862530340002,0.0,9.795076135
2025-09-26,1.051,10.294625017885,0.0,9.795076135
2025-09-29,1.066,10.44155115991,0.0,9.795076135
2025-09-30,1.064,10.42196100764,0.0,9.795076135
2025-10-09,1.076,10.539501921260001,0.0,9.795076135
2025-10-10,1.036,10.147698875860002,0.0,9.795076135
2025-10-13,1.019,9.981182581565,0.0,9.795076135
2025-10-14,0.98,9.5991746123,0.0,9.795076135
2025-10-15,0.994,9.73630567819,0.0,9.795076135
2025-10-16,0.996,9.75589583046,0.0,9.795076135
2025-10-17,0.964,9.44245339414,0.0,9.795076135
2025-10-20,0.982,9.61876476457,0.0,9.795076135
2025-10-21,1.025,10.039953038375,0.0,9.795076135
2025-10-22,1.022,10.01056780997,0.0,9.795076135
2025-10-23,1.017,9.961592429294999,0.0,9.795076135
2025-10-24,1.058,10.363190550830002,0.0,9.795076135
2025-10-27,1.094,10.71581329169,0.0,9.795076135
2025-10-28,1.093,10.706018215555,0.0,9.795076135
2025-10-29,1.109,10.862739433715001,0.0,9.795076135
2025-10-30,1.081,10.588477301935,0.0,9.795076135
2025-10-31,1.041,10.196674256535,0.0,9.795076135
2025-11-03,1.046,10.24564963721,0.0,9.795076135
2025-11-04,1.03,10.088928419050001,0.0,9.795076135
2025-11-05,1.023,10.020362886105,0.0,9.795076135
2025-11-06,1.046,10.24564963721,0.0,9.795076135
2025-11-07,1.034,10.128108723590001,0.0,9.795076135
2025-11-10,1.027,10.059543190645,0.0,9.795076135
2025-11-11,1.004,9.83425643954,0.0,9.795076135
2025-11-12,1.006,9.85384659181,0.0,9.795076135
2025-11-13,1.005,9.844051515675,0.0,9.795076135
2025-11-14,0.98,9.5991746123,0.0,9.795076135
2025-11-17,0.98,9.5991746123,0.0,9.795076135
2025-11-18,0.984,9.638354916840001,0.0,9.795076135
2025-11-19,0.981,9.608969688435,0.0,9.795076135
2025-11-20,0.978,9.57958446003,0.0,9.795076135
2025-11-21,0.936,9.16819126236,0.0,9.795076135
2025-11-24,0.937,9.177986338495002,0.0,9.795076135
2025-11-25,0.966,9.46204354641,0.0,9.795076135
2025-11-26,0.997,9.765690906595001,0.0,9.795076135
2025-11-27,0.992,9.71671552592,0.0,9.795076135
2025-11-28,0.993,9.726510602055,0.0,9.795076135
2025-12-01,1.02,9.9909776577,0.0,9.795076135
2025-12-02,1.016,9.95179735316,0.0,9.795076135
2025-12-03,1.008,9.873436744080001,0.0,9.795076135
2025-12-04,1.015,9.942002277024999,0.0,9.795076135
2025-12-05,1.021,10.000772733835,0.0,9.795076135
2025-12-08,1.055,10.333805322425,0.0,9.795076135
2025-12-09,1.074,10.519911768990001,0.0,9.795076135
2025-12-10,1.076,10.539501921260001,0.0,9.795076135
2025-12-11,1.048,10.26523978948,0.0,9.795076135
2025-12-12,1.061,10.392575779234999,0.0,9.795076135
2025-12-15,1.04,10.1868791804,0.0,9.795076135
2025-12-16,1.025,10.039953038375,0.0,9.795076135
2025-12-17,1.063,10.412165931505,0.0,9.795076135
2025-12-18,1.045,10.235854561075,0.0,9.795076135
2025-12-19,1.042,10.20646933267,0.0,9.795076135
2025-12-22,1.069,10.470936388315,0.0,9.795076135
2025-12-23,1.072,10.50032161672,0.0,9.795076135
2025-12-24,1.088,10.65704283488,0.0,9.795076135
2025-12-25,1.084,10.617862530340002,0.0,9.795076135
2025-12-26,1.075,10.529706845125,0.0,9.795076135
2025-12-29,1.078,10.559092073530001,0.0,9.795076135
2025-12-30,1.084,10.617862530340002,0.0,9.795076135
2025-12-31,1.069,10.470936388315,0.0,9.795076135
2026-01-05,1.097,10.745198520095,0.0,9.795076135
2026-01-06,1.113,10.901919738255,0.0,9.795076135
2026-01-07,1.111,10.882329585985,0.0,9.795076135
2026-01-08,1.097,10.745198520095,0.0,9.795076135
2026-01-09,1.112,10.892124662120002,0.0,9.795076135
2026-01-12,1.142,11.18597694617,0.0,9.795076135
2026-01-13,1.123,10.999870499605,0.0,9.795076135
2026-01-14,1.13,11.06843603255,0.0,9.795076135
2026-01-15,1.145,11.215362174575,0.0,9.795076135
2026-01-16,1.149,11.254542479115,0.0,9.795076135
2026-01-19,1.138,11.146796641629999,0.0,9.795076135
2026-01-20,1.113,10.901919738255,0.0,9.795076135
2026-01-21,1.127,11.039050804145,0.0,9.795076135
2026-01-22,1.14,11.1663867939,0.0,9.795076135
2026-01-23,1.135,11.117411413225,0.0,9.795076135
2026-01-26,1.118,10.950895118930001,0.0,9.795076135
2026-01-27,1.131,11.078231108685001,0.0,9.795076135
2026-01-28,1.128,11.04884588028,0.0,9.795076135
2026-01-29,1.11,10.872534509850002,0.0,9.795076135
2026-01-30,1.115,10.921509890525,0.0,9.795076135
2026-02-02,1.09,10.67663298715,0.0,9.795076135
2026-02-03,1.107,10.843149281445001,0.0,9.795076135
2026-02-04,1.092,10.69622313942,0.0,9.795076135
2026-02-05,1.079,10.568887149665,0.0,9.795076135
2026-02-06,1.068,10.46114131218,0.0,9.795076135
2026-02-09,1.102,10.794173900770001,0.0,9.795076135
2026-02-10,1.102,10.794173900770001,0.0,9.795076135
2026-02-11,1.091,10.686428063285,0.0,9.795076135
2026-02-12,1.096,10.735403443960001,0.0,9.795076135
2026-02-13,1.095,10.725608367825,0.0,9.795076135
2026-02-24,1.115,10.921509890525,0.0,9.795076135
2026-02-25,1.124,11.009665575740001,0.0,9.795076135
2026-02-26,1.145,11.215362174575,0.0,9.795076135
2026-02-27,1.133,11.097821260955001,0.0,9.795076135
2026-03-02,1.125,11.019460651875,0.0,9.795076135
2026-03-03,1.086,10.637452682610002,0.0,9.795076135
2026-03-04,1.08,10.578682225800002,0.0,9.795076135
2026-03-05,1.099,10.764788672365,0.0,9.795076135
2026-03-06,1.096,10.735403443960001,0.0,9.795076135
2026-03-09,1.083,10.608067454205,0.0,9.795076135
2026-03-10,1.119,10.960690195065,0.0,9.795076135
2026-03-11,1.119,10.960690195065,0.0,9.795076135
2026-03-12,1.109,10.862739433715001,0.0,9.795076135
2026-03-13,1.103,10.803968976905,0.0,9.795076135
2026-03-16,1.112,10.892124662120002,0.0,9.795076135
2026-03-17,1.086,10.637452682610002,0.0,9.795076135
2026-03-18,1.114,10.91171481439,0.0,9.795076135
2026-03-19,1.099,10.764788672365,0.0,9.795076135
2026-03-20,1.101,10.784378824635,0.0,9.795076135
2026-03-23,1.048,10.26523978948,0.0,9.795076135
2026-03-24,1.062,10.402370855370002,0.0,9.795076135
2026-03-25,1.089,10.666837911015,0.0,9.795076135
2026-03-26,1.069,10.470936388315,0.0,9.795076135
2026-03-27,1.063,10.412165931505,0.0,9.795076135
2026-03-30,1.062,10.402370855370002,0.0,9.795076135
2026-03-31,1.045,10.235854561075,0.0,9.795076135
2026-04-01,1.069,10.470936388315,0.0,9.795076135
2026-04-02,1.046,10.24564963721,0.0,9.795076135
2026-04-03,1.047,10.255444713345,0.0,9.795076135
2026-04-07,1.048,10.26523978948,0.0,9.795076135
2026-04-08,1.123,10.999870499605,0.0,9.795076135
2026-04-09,1.133,11.097821260955001,0.0,9.795076135
2026-04-10,1.167,11.430853849545,0.0,9.795076135
2026-04-13,1.174,11.49941938249,0.0,9.795076135
2026-04-14,1.197,11.724706133595001,0.0,9.795076135
2026-04-15,1.175,11.509214458625001,0.0,9.795076135
2026-04-16,1.201,11.763886438135001,0.0,9.795076135
2026-04-17,1.231,12.057738722185002,0.0,9.795076135
2026-04-20,1.247,12.214459940345002,0.0,9.795076135
2026-04-21,1.243,12.175279635805001,0.0,9.795076135
2026-04-22,1.291,12.645443290285,0.0,9.795076135
2026-04-23,1.272,12.459336843720001,0.0,9.795076135
2026-04-24,1.248,12.22425501648,0.0,9.795076135
2026-04-27,1.27,12.43974669145,0.0,9.795076135
2026-04-28,1.248,12.22425501648,0.0,9.795076135
2026-04-29,1.264,12.38097623464,0.0,9.795076135
2026-04-30,1.274,12.478926995990001,0.0,9.795076135
2026-05-06,1.295,12.684623594825,0.0,9.795076135
2026-05-07,1.332,13.04704141182,0.0,9.795076135
2026-05-08,1.335,13.076426640225,0.0,9.795076135
2026-05-11,1.38,13.517205066299999,0.0,9.795076135
2026-05-12,1.39,13.61515582765,0.0,9.795076135
2026-05-13,1.43,14.00695887305,0.0,9.795076135
2026-05-14,1.395,13.664131208325001,0.0,9.795076135
2026-05-15,1.374,13.458434609490002,0.0,9.795076135
2026-05-18,1.384,13.55638537084,0.0,9.795076135
2026-05-19,1.388,13.59556567538,0.0,9.795076135
2026-05-20,1.393,13.644541056055001,0.0,9.795076135
2026-05-21,1.356,13.28212323906,0.0,9.795076135
2026-05-22,1.429,13.997163796915,0.0,9.795076135
2026-05-25,1.498,14.673024050230001,0.0,9.795076135
2026-05-26,1.489,14.584868365015002,0.0,9.795076135
2026-05-27,1.479,14.486917603665,0.0,9.795076135
2026-05-28,1.505,14.741589583175,0.0,9.795076135
2026-05-29,1.456,14.26163085256,0.0,9.795076135
2026-06-01,1.408,13.79146719808,0.0,9.795076135
2026-06-02,1.465,14.349786537775001,0.0,9.795076135
2026-06-03,1.498,14.673024050230001,0.0,9.795076135
2026-06-04,1.519,14.878720649065,0.0,9.795076135
2026-06-05,1.469,14.388966842315002,0.0,9.795076135
2026-06-08,1.41,13.81105735035,0.0,9.795076135
2026-06-09,1.474,14.437942222990001,0.0,9.795076135
2026-06-10,1.431,14.016753949185,0.0,9.795076135
2026-06-11,1.401,13.722901665135002,0.0,9.795076135
2026-06-12,1.397,13.683721360595001,0.0,9.795076135
2026-06-15,1.48,14.4967126798,0.0,9.795076135
2026-06-16,1.499,14.682819126365002,0.0,9.795076135
2026-06-17,1.557,15.250933542195,0.0,9.795076135
2026-06-18,1.596,15.632941511460002,0.0,9.795076135
2026-06-22,1.611,15.779867653485,0.0,9.795076135
2026-06-23,1.56,15.280318770600001,0.0,9.795076135
2026-06-24,1.602,15.69171196827,0.0,9.795076135
2026-06-25,1.682,16.47531805907,0.0,9.795076135
2026-06-26,1.619,15.858228262565001,0.0,9.795076135
2026-06-29,1.623,15.897408567105,0.0,9.795076135
2026-06-30,1.696,16.61244912496,0.0,9.795076135
2026-07-01,1.668,16.33818699318,0.0,9.795076135
2026-07-02,1.546,15.143187704710002,0.0,9.795076135
2026-07-03,1.559,15.270523694465,0.0,9.795076135
2026-07-06,1.535,15.035441867225,0.0,9.795076135
2026-07-07,1.522,14.908105877470001,0.0,9.795076135
2026-07-08,1.513,14.819950192255,0.0,9.795076135
2026-07-09,1.608,15.750482425080001,0.0,9.795076135
2026-07-10,1.544,15.123597552440001,0.0,9.795076135
2026-07-13,1.466,14.35958161391,0.0,9.795076135
2026-07-14,1.529,14.976671410415,0.0,9.795076135
2026-07-15,1.483,14.526097908205001,0.0,9.795076135
2026-07-16,1.468,14.37917176618,0.0,9.795076135
2026-07-17,1.339,13.115606944765,0.0,9.795076135
