date,close,total_return_proxy,cumulative_dividend,split_factor
2006-09-05,0.992,0.992,0.0,1.0
2006-09-06,0.987,0.987,0.0,1.0
2006-09-07,0.982,0.982,0.0,1.0
2006-09-08,0.986,0.986,0.0,1.0
2006-09-11,0.986,0.986,0.0,1.0
2006-09-12,0.991,0.991,0.0,1.0
2006-09-13,0.987,0.987,0.0,1.0
2006-09-14,0.979,0.979,0.0,1.0
2006-09-15,0.987,0.987,0.0,1.0
2006-09-18,0.994,0.994,0.0,1.0
2006-09-19,0.997,0.997,0.0,1.0
2006-09-20,0.998,0.998,0.0,1.0
2006-09-21,1.008,1.008,0.0,1.0
2006-09-22,1.014,1.014,0.0,1.0
2006-09-25,1.013,1.013,0.0,1.0
2006-09-26,1.002,1.002,0.0,1.0
2006-09-27,1.0,1.0,0.0,1.0
2006-09-28,1.012,1.012,0.0,1.0
2006-09-29,1.021,1.021,0.0,1.0
2006-10-09,1.035,1.035,0.0,1.0
2006-10-10,1.036,1.036,0.0,1.0
2006-10-11,1.046,1.046,0.0,1.0
2006-10-12,1.03,1.03,0.0,1.0
2006-10-13,1.027,1.027,0.0,1.0
2006-10-16,1.019,1.019,0.0,1.0
2006-10-17,1.013,1.013,0.0,1.0
2006-10-18,1.02,1.02,0.0,1.0
2006-10-19,1.028,1.028,0.0,1.0
2006-10-20,1.022,1.022,0.0,1.0
2006-10-23,1.0,1.0,0.0,1.0
2006-10-24,1.015,1.015,0.0,1.0
2006-10-25,1.013,1.013,0.0,1.0
2006-10-26,1.008,1.008,0.0,1.0
2006-10-27,1.001,1.001,0.0,1.0
2006-10-30,0.989,0.989,0.0,1.0
2006-10-31,0.996,0.996,0.0,1.0
2006-11-01,0.995,0.995,0.0,1.0
2006-11-02,0.981,0.981,0.0,1.0
2006-11-03,0.987,0.987,0.0,1.0
2006-11-06,0.98,0.98,0.0,1.0
2006-11-07,0.983,0.983,0.0,1.0
2006-11-08,0.985,0.985,0.0,1.0
2006-11-09,0.992,0.992,0.0,1.0
2006-11-10,0.976,0.976,0.0,1.0
2006-11-13,0.942,0.942,0.0,1.0
2006-11-14,0.956,0.956,0.0,1.0
2006-11-15,0.979,0.979,0.0,1.0
2006-11-16,0.98,0.98,0.0,1.0
2006-11-17,0.988,0.988,0.0,1.0
2006-11-20,0.982,0.982,0.0,1.0
2006-11-21,0.987,0.987,0.0,1.0
2006-11-22,1.005,1.005,0.0,1.0
2006-11-23,1.005,1.005,0.0,1.0
2006-11-24,1.014,1.014,0.0,1.0
2006-11-27,1.025,1.025,0.0,1.0
2006-11-28,1.039,1.039,0.0,1.0
2006-11-29,1.05,1.05,0.0,1.0
2006-11-30,1.064,1.064,0.0,1.0
2006-12-01,1.07,1.07,0.0,1.0
2006-12-04,1.087,1.087,0.0,1.0
2006-12-05,1.073,1.073,0.0,1.0
2006-12-06,1.066,1.066,0.0,1.0
2006-12-07,1.055,1.055,0.0,1.0
2006-12-08,1.04,1.04,0.0,1.0
2006-12-11,1.06,1.06,0.0,1.0
2006-12-12,1.072,1.072,0.0,1.0
2006-12-13,1.094,1.094,0.0,1.0
2006-12-14,1.115,1.115,0.0,1.0
2006-12-15,1.122,1.122,0.0,1.0
2006-12-18,1.146,1.146,0.0,1.0
2006-12-19,1.145,1.145,0.0,1.0
2006-12-20,1.192,1.192,0.0,1.0
2006-12-21,1.17,1.17,0.0,1.0
2006-12-22,1.155,1.155,0.0,1.0
2006-12-25,1.167,1.167,0.0,1.0
2006-12-26,1.16,1.16,0.0,1.0
2006-12-27,1.168,1.168,0.0,1.0
2006-12-28,1.153,1.153,0.0,1.0
2006-12-29,1.185,1.185,0.0,1.0
2007-01-04,1.18,1.18,0.0,1.0
2007-01-05,1.254,1.254,0.0,1.0
2007-01-08,1.247,1.247,0.0,1.0
2007-01-09,1.311,1.311,0.0,1.0
2007-01-10,1.296,1.296,0.0,1.0
2007-01-11,1.289,1.289,0.0,1.0
2007-01-12,1.255,1.255,0.0,1.0
2007-01-15,1.32,1.32,0.0,1.0
2007-01-16,1.388,1.388,0.0,1.0
2007-01-17,1.375,1.375,0.0,1.0
2007-01-18,1.429,1.429,0.0,1.0
2007-01-19,1.498,1.498,0.0,1.0
2007-01-22,1.585,1.585,0.0,1.0
2007-01-23,1.551,1.551,0.0,1.0
2007-01-24,1.552,1.552,0.0,1.0
2007-01-25,1.5,1.5,0.0,1.0
2007-01-26,1.51,1.51,0.0,1.0
2007-01-29,1.523,1.523,0.0,1.0
2007-01-30,1.539,1.539,0.0,1.0
2007-01-31,1.475,1.475,0.0,1.0
2007-02-01,1.498,1.498,0.0,1.0
2007-02-02,1.472,1.472,0.0,1.0
2007-02-05,1.468,1.468,0.0,1.0
2007-02-06,1.469,1.469,0.0,1.0
2007-02-07,1.48,1.48,0.0,1.0
2007-02-08,1.486,1.486,0.0,1.0
2007-02-09,1.493,1.493,0.0,1.0
2007-02-12,1.542,1.542,0.0,1.0
2007-02-13,1.557,1.557,0.0,1.0
2007-02-14,1.583,1.583,0.0,1.0
2007-02-15,1.62,1.62,0.0,1.0
2007-02-16,1.619,1.619,0.0,1.0
2007-02-26,1.645,1.645,0.0,1.0
2007-02-27,1.487,1.487,0.0,1.0
2007-02-28,1.53,1.53,0.0,1.0
2007-03-01,1.49,1.49,0.0,1.0
2007-03-02,1.521,1.521,0.0,1.0
2007-03-05,1.521,1.521,0.0,1.0
2007-03-06,1.537,1.537,0.0,1.0
2007-03-07,1.592,1.592,0.0,1.0
2007-03-08,1.619,1.619,0.0,1.0
2007-03-09,1.603,1.603,0.0,1.0
2007-03-12,1.624,1.624,0.0,1.0
2007-03-13,1.628,1.628,0.0,1.0
2007-03-14,1.617,1.617,0.0,1.0
2007-03-15,1.65,1.65,0.0,1.0
2007-03-16,1.626,1.626,0.0,1.0
2007-03-19,1.647,1.647,0.0,1.0
2007-03-20,1.668,1.668,0.0,1.0
2007-03-21,1.684,1.684,0.0,1.0
2007-03-22,1.691,1.691,0.0,1.0
2007-03-23,1.722,1.722,0.0,1.0
2007-03-26,1.766,1.766,0.0,1.0
2007-03-27,1.759,1.759,0.0,1.0
2007-03-28,1.741,1.741,0.0,1.0
2007-03-29,1.72,1.72,0.0,1.0
2007-03-30,1.749,1.749,0.0,1.0
2007-04-02,1.765,1.765,0.0,1.0
2007-04-03,1.81,1.81,0.0,1.0
2007-04-04,1.8,1.8,0.0,1.0
2007-04-05,1.814,1.814,0.0,1.0
2007-04-06,1.855,1.855,0.0,1.0
2007-04-09,1.921,1.921,0.0,1.0
2007-04-10,1.895,1.895,0.0,1.0
2007-04-11,1.899,1.899,0.0,1.0
2007-04-12,1.954,1.954,0.0,1.0
2007-04-13,1.958,1.958,0.0,1.0
2007-04-16,2.049,2.049,0.0,1.0
2007-04-17,2.046,2.046,0.0,1.0
2007-04-18,2.055,2.055,0.0,1.0
2007-04-19,1.952,1.952,0.0,1.0
2007-04-20,2.022,2.022,0.0,1.0
2007-04-23,2.066,2.066,0.0,1.0
2007-04-24,2.056,2.056,0.0,1.0
2007-04-25,2.041,2.041,0.0,1.0
2007-04-26,2.06,2.06,0.0,1.0
2007-04-27,2.023,2.023,0.0,1.0
2007-04-30,2.046,2.046,0.0,1.0
2007-05-08,2.099,2.099,0.0,1.0
2007-05-09,2.085,2.085,0.0,1.0
2007-05-10,2.073,2.073,0.0,1.0
2007-05-11,2.05,2.05,0.0,1.0
2007-05-14,2.086,2.086,0.0,1.0
2007-05-15,2.033,2.033,0.0,1.0
2007-05-16,2.066,2.066,0.0,1.0
2007-05-17,2.131,2.131,0.0,1.0
2007-05-18,2.189,2.189,0.0,1.0
2007-05-21,2.239,2.239,0.0,1.0
2007-05-22,2.238,2.238,0.0,1.0
2007-05-23,2.297,2.297,0.0,1.0
2007-05-24,2.258,2.258,0.0,1.0
2007-05-25,2.299,2.299,0.0,1.0
2007-05-28,2.373,2.373,0.0,1.0
2007-05-29,2.43,2.43,0.0,1.0
2007-05-30,2.213,2.213,0.0,1.0
2007-05-31,2.244,2.244,0.0,1.0
2007-06-01,2.13,2.13,0.0,1.0
2007-06-04,1.98,1.98,0.0,1.0
2007-06-05,2.034,2.034,0.0,1.0
2007-06-06,2.088,2.088,0.0,1.0
2007-06-07,2.196,2.196,0.0,1.0
2007-06-08,2.218,2.218,0.0,1.0
2007-06-11,2.28,2.28,0.0,1.0
2007-06-12,2.333,2.333,0.0,1.0
2007-06-13,2.42,2.42,0.0,1.0
2007-06-14,2.419,2.419,0.0,1.0
2007-06-15,2.416,2.416,0.0,1.0
2007-06-18,2.487,2.487,0.0,1.0
2007-06-19,2.51,2.51,0.0,1.0
2007-06-20,2.452,2.452,0.0,1.0
2007-06-21,2.418,2.418,0.0,1.0
2007-06-22,2.31,2.31,0.0,1.0
2007-06-25,2.185,2.185,0.0,1.0
2007-06-26,2.245,2.245,0.0,1.0
2007-06-27,2.293,2.293,0.0,1.0
2007-06-28,2.178,2.178,0.0,1.0
2007-06-29,2.109,2.109,0.0,1.0
2007-07-02,2.116,2.116,0.0,1.0
2007-07-03,2.16,2.16,0.0,1.0
2007-07-04,2.12,2.12,0.0,1.0
2007-07-05,2.04,2.04,0.0,1.0
2007-07-06,2.126,2.126,0.0,1.0
2007-07-09,2.17,2.17,0.0,1.0
2007-07-10,2.092,2.092,0.0,1.0
2007-07-11,2.107,2.107,0.0,1.0
2007-07-12,2.135,2.135,0.0,1.0
2007-07-13,2.149,2.149,0.0,1.0
2007-07-16,2.127,2.127,0.0,1.0
2007-07-17,2.151,2.151,0.0,1.0
2007-07-18,2.152,2.152,0.0,1.0
2007-07-19,2.163,2.163,0.0,1.0
2007-07-20,2.268,2.268,0.0,1.0
2007-07-23,2.352,2.352,0.0,1.0
2007-07-24,2.34,2.34,0.0,1.0
2007-07-25,2.368,2.368,0.0,1.0
2007-07-26,2.394,2.394,0.0,1.0
2007-07-27,2.4,2.4,0.0,1.0
2007-07-30,2.45,2.45,0.0,1.0
2007-07-31,2.508,2.508,0.0,1.0
2007-08-01,2.419,2.419,0.0,1.0
2007-08-02,2.475,2.475,0.0,1.0
2007-08-03,2.523,2.523,0.0,1.0
2007-08-06,2.577,2.577,0.0,1.0
2007-08-07,2.598,2.598,0.0,1.0
2007-08-08,2.548,2.548,0.0,1.0
2007-08-09,2.549,2.549,0.0,1.0
2007-08-10,2.496,2.496,0.0,1.0
2007-08-13,2.478,2.478,0.0,1.0
2007-08-14,2.51,2.51,0.0,1.0
2007-08-15,2.507,2.507,0.0,1.0
2007-08-16,2.522,2.522,0.0,1.0
2007-08-17,2.507,2.507,0.0,1.0
2007-08-20,2.595,2.595,0.0,1.0
2007-08-21,2.62,2.62,0.0,1.0
2007-08-22,2.67,2.67,0.0,1.0
2007-08-23,2.72,2.72,0.0,1.0
2007-08-24,2.754,2.754,0.0,1.0
2007-08-27,2.719,2.719,0.0,1.0
2007-08-28,2.681,2.681,0.0,1.0
2007-08-29,2.659,2.659,0.0,1.0
2007-08-30,2.75,2.75,0.0,1.0
2007-08-31,2.813,2.813,0.0,1.0
2007-09-03,2.83,2.83,0.0,1.0
2007-09-04,2.79,2.79,0.0,1.0
2007-09-05,2.792,2.792,0.0,1.0
2007-09-06,2.802,2.802,0.0,1.0
2007-09-07,2.742,2.742,0.0,1.0
2007-09-10,2.755,2.755,0.0,1.0
2007-09-11,2.62,2.62,0.0,1.0
2007-09-12,2.675,2.675,0.0,1.0
2007-09-13,2.715,2.715,0.0,1.0
2007-09-14,2.72,2.72,0.0,1.0
2007-09-17,2.751,2.751,0.0,1.0
2007-09-18,2.715,2.715,0.0,1.0
2007-09-19,2.676,2.676,0.0,1.0
2007-09-20,2.673,2.673,0.0,1.0
2007-09-21,2.635,2.635,0.0,1.0
2007-09-24,2.644,2.644,0.0,1.0
2007-09-25,2.716,2.716,0.0,1.0
2007-09-26,2.681,2.681,0.0,1.0
2007-09-27,2.722,2.722,0.0,1.0
2007-09-28,2.791,2.791,0.0,1.0
2007-10-08,2.795,2.795,0.0,1.0
2007-10-09,2.833,2.833,0.0,1.0
2007-10-10,2.866,2.866,0.0,1.0
2007-10-11,2.843,2.843,0.0,1.0
2007-10-12,2.78,2.78,0.0,1.0
2007-10-15,2.761,2.761,0.0,1.0
2007-10-16,2.774,2.774,0.0,1.0
2007-10-17,2.79,2.79,0.0,1.0
2007-10-18,2.738,2.738,0.0,1.0
2007-10-19,2.761,2.761,0.0,1.0
2007-10-22,2.708,2.708,0.0,1.0
2007-10-23,2.7,2.7,0.0,1.0
2007-10-24,2.697,2.697,0.0,1.0
2007-10-25,2.563,2.563,0.0,1.0
2007-10-26,2.57,2.57,0.0,1.0
2007-10-29,2.612,2.612,0.0,1.0
2007-10-30,2.616,2.616,0.0,1.0
2007-10-31,2.66,2.66,0.0,1.0
2007-11-01,2.578,2.578,0.0,1.0
2007-11-02,2.537,2.537,0.0,1.0
2007-11-05,2.557,2.557,0.0,1.0
2007-11-06,2.582,2.582,0.0,1.0
2007-11-07,2.597,2.597,0.0,1.0
2007-11-08,2.539,2.539,0.0,1.0
2007-11-09,2.465,2.465,0.0,1.0
2007-11-12,2.405,2.405,0.0,1.0
2007-11-13,2.41,2.41,0.0,1.0
2007-11-14,2.53,2.53,0.0,1.0
2007-11-15,2.477,2.477,0.0,1.0
2007-11-16,2.453,2.453,0.0,1.0
2007-11-19,2.538,2.538,0.0,1.0
2007-11-20,2.565,2.565,0.0,1.0
2007-11-21,2.563,2.563,0.0,1.0
2007-11-22,2.49,2.49,0.0,1.0
2007-11-23,2.501,2.501,0.0,1.0
2007-11-26,2.502,2.502,0.0,1.0
2007-11-27,2.44,2.44,0.0,1.0
2007-11-28,2.409,2.409,0.0,1.0
2007-11-29,2.474,2.474,0.0,1.0
2007-11-30,2.433,2.433,0.0,1.0
2007-12-03,2.441,2.441,0.0,1.0
2007-12-04,2.462,2.462,0.0,1.0
2007-12-05,2.55,2.55,0.0,1.0
2007-12-06,2.57,2.57,0.0,1.0
2007-12-07,2.587,2.587,0.0,1.0
2007-12-10,2.699,2.699,0.0,1.0
2007-12-11,2.738,2.738,0.0,1.0
2007-12-12,2.754,2.754,0.0,1.0
2007-12-13,2.65,2.65,0.0,1.0
2007-12-14,2.706,2.706,0.0,1.0
2007-12-17,2.779,2.779,0.0,1.0
2007-12-18,2.711,2.711,0.0,1.0
2007-12-19,2.729,2.729,0.0,1.0
2007-12-20,2.76,2.76,0.0,1.0
2007-12-21,2.787,2.787,0.0,1.0
2007-12-24,2.857,2.857,0.0,1.0
2007-12-25,2.892,2.892,0.0,1.0
2007-12-26,2.989,2.989,0.0,1.0
2007-12-27,2.977,2.977,0.0,1.0
2007-12-28,2.988,2.988,0.0,1.0
2008-01-02,3.105,3.105,0.0,1.0
2008-01-03,3.056,3.056,0.0,1.0
2008-01-04,3.041,3.041,0.0,1.0
2008-01-07,3.027,3.027,0.0,1.0
2008-01-08,2.969,2.969,0.0,1.0
2008-01-09,3.052,3.052,0.0,1.0
2008-01-10,3.031,3.031,0.0,1.0
2008-01-11,3.04,3.04,0.0,1.0
2008-01-14,3.093,3.093,0.0,1.0
2008-01-15,3.112,3.112,0.0,1.0
2008-01-16,3.081,3.081,0.0,1.0
2008-01-17,3.051,3.051,0.0,1.0
2008-01-18,3.048,3.048,0.0,1.0
2008-01-21,2.946,2.946,0.0,1.0
2008-01-22,2.705,2.705,0.0,1.0
2008-01-23,2.92,2.92,0.0,1.0
2008-01-24,2.966,2.966,0.0,1.0
2008-01-25,2.951,2.951,0.0,1.0
2008-01-28,2.79,2.79,0.0,1.0
2008-01-29,2.815,2.815,0.0,1.0
2008-01-30,2.781,2.781,0.0,1.0
2008-01-31,2.717,2.717,0.0,1.0
2008-02-01,2.645,2.645,0.0,1.0
2008-02-04,2.89,2.89,0.0,1.0
2008-02-05,2.839,2.839,0.0,1.0
2008-02-13,2.8,2.8,0.0,1.0
2008-02-14,2.867,2.867,0.0,1.0
2008-02-15,2.868,2.868,0.0,1.0
2008-02-18,2.963,2.963,0.0,1.0
2008-02-19,3.025,3.025,0.0,1.0
2008-02-20,2.977,2.977,0.0,1.0
2008-02-21,3.03,3.03,0.0,1.0
2008-02-22,2.959,2.959,0.0,1.0
2008-02-25,2.847,2.847,0.0,1.0
2008-02-26,2.821,2.821,0.0,1.0
2008-02-27,2.853,2.853,0.0,1.0
2008-02-28,2.866,2.866,0.0,1.0
2008-02-29,2.892,2.892,0.0,1.0
2008-03-03,3.001,3.001,0.0,1.0
2008-03-04,2.978,2.978,0.0,1.0
2008-03-05,2.96,2.96,0.0,1.0
2008-03-06,2.951,2.951,0.0,1.0
2008-03-07,2.926,2.926,0.0,1.0
2008-03-10,2.829,2.829,0.0,1.0
2008-03-11,2.849,2.849,0.0,1.0
2008-03-12,2.781,2.781,0.0,1.0
2008-03-13,2.669,2.669,0.0,1.0
2008-03-14,2.668,2.668,0.0,1.0
2008-03-17,2.465,2.465,0.0,1.0
2008-03-18,2.289,2.289,0.0,1.0
2008-03-19,2.402,2.402,0.0,1.0
2008-03-20,2.498,2.498,0.0,1.0
2008-03-21,2.515,2.515,0.0,1.0
2008-03-24,2.451,2.451,0.0,1.0
2008-03-25,2.484,2.484,0.0,1.0
2008-03-26,2.484,2.484,0.0,1.0
2008-03-27,2.4,2.4,0.0,1.0
2008-03-28,2.459,2.459,0.0,1.0
2008-03-31,2.378,2.378,0.0,1.0
2008-04-01,2.2,2.2,0.0,1.0
2008-04-02,2.092,2.092,0.0,1.0
2008-04-03,2.18,2.18,0.0,1.0
2008-04-07,2.318,2.318,0.0,1.0
2008-04-08,2.349,2.349,0.0,1.0
2008-04-09,2.257,2.257,0.0,1.0
2008-04-10,2.3,2.3,0.0,1.0
2008-04-11,2.333,2.333,0.0,1.0
2008-04-14,2.23,2.23,0.0,1.0
2008-04-15,2.275,2.275,0.0,1.0
2008-04-16,2.222,2.222,0.0,1.0
2008-04-17,2.138,2.138,0.0,1.0
2008-04-18,2.058,2.058,0.0,1.0
2008-04-21,2.046,2.046,0.0,1.0
2008-04-22,2.0,2.0,0.0,1.0
2008-04-23,2.091,2.091,0.0,1.0
2008-04-24,2.3,2.3,0.0,1.0
2008-04-25,2.267,2.267,0.0,1.0
2008-04-28,2.205,2.205,0.0,1.0
2008-04-29,2.24,2.24,0.0,1.0
2008-04-30,2.35,2.35,0.0,1.0
2008-05-05,2.436,2.436,0.0,1.0
2008-05-06,2.4,2.4,0.0,1.0
2008-05-07,2.333,2.333,0.0,1.0
2008-05-08,2.406,2.406,0.0,1.0
2008-05-09,2.4,2.4,0.0,1.0
2008-05-12,2.467,2.467,0.0,1.0
2008-05-13,2.485,2.485,0.0,1.0
2008-05-14,2.518,2.518,0.0,1.0
2008-05-15,2.482,2.482,0.0,1.0
2008-05-16,2.442,2.442,0.0,1.0
2008-05-19,2.444,2.444,0.0,1.0
2008-05-20,2.34,2.34,0.0,1.0
2008-05-21,2.362,2.362,0.0,1.0
2008-05-22,2.325,2.325,0.0,1.0
2008-05-23,2.305,2.305,0.0,1.0
2008-05-26,2.237,2.237,0.0,1.0
2008-05-27,2.249,2.249,0.0,1.0
2008-05-28,2.32,2.32,0.0,1.0
2008-05-29,2.258,2.258,0.0,1.0
2008-05-30,2.273,2.273,0.0,1.0
2008-06-02,2.289,2.289,0.0,1.0
2008-06-03,2.268,2.268,0.0,1.0
2008-06-04,2.228,2.228,0.0,1.0
2008-06-05,2.226,2.226,0.0,1.0
2008-06-06,2.21,2.21,0.0,1.0
2008-06-10,2.011,2.011,0.0,1.0
2008-06-11,2.004,2.004,0.0,1.0
2008-06-12,1.959,1.959,0.0,1.0
2008-06-13,1.892,1.892,0.0,1.0
2008-06-16,1.855,1.855,0.0,1.0
2008-06-17,1.8,1.8,0.0,1.0
2008-06-18,1.898,1.898,0.0,1.0
2008-06-19,1.715,1.715,0.0,1.0
2008-06-20,1.771,1.771,0.0,1.0
2008-06-23,1.723,1.723,0.0,1.0
2008-06-24,1.782,1.782,0.0,1.0
2008-06-25,1.877,1.877,0.0,1.0
2008-06-26,1.908,1.908,0.0,1.0
2008-06-27,1.794,1.794,0.0,1.0
2008-06-30,1.791,1.791,0.0,1.0
2008-07-01,1.778,1.778,0.0,1.0
2008-07-02,1.795,1.795,0.0,1.0
2008-07-03,1.86,1.86,0.0,1.0
2008-07-04,1.858,1.858,0.0,1.0
2008-07-07,1.947,1.947,0.0,1.0
2008-07-08,1.992,1.992,0.0,1.0
2008-07-09,2.035,2.035,0.0,1.0
2008-07-10,2.011,2.011,0.0,1.0
2008-07-11,1.98,1.98,0.0,1.0
2008-07-14,2.003,2.003,0.0,1.0
2008-07-15,1.944,1.944,0.0,1.0
2008-07-16,1.883,1.883,0.0,1.0
2008-07-17,1.88,1.88,0.0,1.0
2008-07-18,1.927,1.927,0.0,1.0
2008-07-21,1.999,1.999,0.0,1.0
2008-07-22,1.989,1.989,0.0,1.0
2008-07-23,1.97,1.97,0.0,1.0
2008-07-24,2.013,2.013,0.0,1.0
2008-07-25,2.0,2.0,0.0,1.0
2008-07-28,2.011,2.011,0.0,1.0
2008-07-29,1.993,1.993,0.0,1.0
2008-07-30,1.982,1.982,0.0,1.0
2008-07-31,1.931,1.931,0.0,1.0
2008-08-01,1.949,1.949,0.0,1.0
2008-08-04,1.908,1.908,0.0,1.0
2008-08-05,1.854,1.854,0.0,1.0
2008-08-06,1.865,1.865,0.0,1.0
2008-08-07,1.86,1.86,0.0,1.0
2008-08-08,1.755,1.755,0.0,1.0
2008-08-11,1.672,1.672,0.0,1.0
2008-08-12,1.672,1.672,0.0,1.0
2008-08-13,1.689,1.689,0.0,1.0
2008-08-14,1.715,1.715,0.0,1.0
2008-08-15,1.71,1.71,0.0,1.0
2008-08-18,1.63,1.63,0.0,1.0
2008-08-19,1.656,1.656,0.0,1.0
2008-08-20,1.775,1.775,0.0,1.0
2008-08-21,1.701,1.701,0.0,1.0
2008-08-22,1.661,1.661,0.0,1.0
2008-08-25,1.656,1.656,0.0,1.0
2008-08-26,1.592,1.592,0.0,1.0
2008-08-27,1.56,1.56,0.0,1.0
2008-08-28,1.556,1.556,0.0,1.0
2008-08-29,1.587,1.587,0.0,1.0
2008-09-01,1.5,1.5,0.0,1.0
2008-09-02,1.47,1.47,0.0,1.0
2008-09-03,1.443,1.443,0.0,1.0
2008-09-04,1.456,1.456,0.0,1.0
2008-09-05,1.41,1.41,0.0,1.0
2008-09-08,1.357,1.357,0.0,1.0
2008-09-09,1.365,1.365,0.0,1.0
2008-09-10,1.367,1.367,0.0,1.0
2008-09-11,1.357,1.357,0.0,1.0
2008-09-12,1.371,1.371,0.0,1.0
2008-09-16,1.37,1.37,0.0,1.0
2008-09-17,1.331,1.331,0.0,1.0
2008-09-18,1.263,1.263,0.0,1.0
2008-09-19,1.389,1.389,0.0,1.0
2008-09-22,1.454,1.454,0.0,1.0
2008-09-23,1.341,1.341,0.0,1.0
2008-09-24,1.366,1.366,0.0,1.0
2008-09-25,1.397,1.397,0.0,1.0
2008-09-26,1.409,1.409,0.0,1.0
2008-10-06,1.352,1.352,0.0,1.0
2008-10-07,1.352,1.352,0.0,1.0
2008-10-08,1.318,1.318,0.0,1.0
2008-10-09,1.289,1.289,0.0,1.0
2008-10-10,1.21,1.21,0.0,1.0
2008-10-13,1.23,1.23,0.0,1.0
2008-10-14,1.181,1.181,0.0,1.0
2008-10-15,1.16,1.16,0.0,1.0
2008-10-16,1.102,1.102,0.0,1.0
2008-10-17,1.106,1.106,0.0,1.0
2008-10-20,1.152,1.152,0.0,1.0
2008-10-21,1.158,1.158,0.0,1.0
2008-10-22,1.155,1.155,0.0,1.0
2008-10-23,1.162,1.162,0.0,1.0
2008-10-24,1.153,1.153,0.0,1.0
2008-10-27,1.069,1.069,0.0,1.0
2008-10-28,1.113,1.113,0.0,1.0
2008-10-29,1.095,1.095,0.0,1.0
2008-10-30,1.108,1.108,0.0,1.0
2008-10-31,1.09,1.09,0.0,1.0
2008-11-03,1.095,1.095,0.0,1.0
2008-11-04,1.087,1.087,0.0,1.0
2008-11-05,1.116,1.116,0.0,1.0
2008-11-06,1.093,1.093,0.0,1.0
2008-11-07,1.097,1.097,0.0,1.0
2008-11-10,1.165,1.165,0.0,1.0
2008-11-11,1.138,1.138,0.0,1.0
2008-11-12,1.132,1.132,0.0,1.0
2008-11-13,1.181,1.181,0.0,1.0
2008-11-14,1.242,1.242,0.0,1.0
2008-11-17,1.304,1.304,0.0,1.0
2008-11-18,1.204,1.204,0.0,1.0
2008-11-19,1.292,1.292,0.0,1.0
2008-11-20,1.269,1.269,0.0,1.0
2008-11-21,1.234,1.234,0.0,1.0
2008-11-24,1.221,1.221,0.0,1.0
2008-11-25,1.225,1.225,0.0,1.0
2008-11-26,1.227,1.227,0.0,1.0
2008-11-27,1.267,1.267,0.0,1.0
2008-11-28,1.286,1.286,0.0,1.0
2008-12-01,1.33,1.33,0.0,1.0
2008-12-02,1.347,1.347,0.0,1.0
2008-12-03,1.4,1.4,0.0,1.0
2008-12-04,1.403,1.403,0.0,1.0
2008-12-05,1.433,1.433,0.0,1.0
2008-12-08,1.485,1.485,0.0,1.0
2008-12-09,1.465,1.465,0.0,1.0
2008-12-10,1.5,1.5,0.0,1.0
2008-12-11,1.447,1.447,0.0,1.0
2008-12-12,1.381,1.381,0.0,1.0
2008-12-15,1.398,1.398,0.0,1.0
2008-12-16,1.448,1.448,0.0,1.0
2008-12-17,1.459,1.459,0.0,1.0
2008-12-18,1.478,1.478,0.0,1.0
2008-12-19,1.499,1.499,0.0,1.0
2008-12-22,1.502,1.502,0.0,1.0
2008-12-23,1.434,1.434,0.0,1.0
2008-12-24,1.394,1.394,0.0,1.0
2008-12-25,1.41,1.41,0.0,1.0
2008-12-26,1.416,1.416,0.0,1.0
2008-12-29,1.415,1.415,0.0,1.0
2008-12-30,1.415,1.415,0.0,1.0
2008-12-31,1.411,1.411,0.0,1.0
2009-01-05,1.443,1.443,0.0,1.0
2009-01-06,1.458,1.458,0.0,1.0
2009-01-07,1.456,1.456,0.0,1.0
2009-01-08,1.429,1.429,0.0,1.0
2009-01-09,1.465,1.465,0.0,1.0
2009-01-12,1.481,1.481,0.0,1.0
2009-01-13,1.44,1.44,0.0,1.0
2009-01-14,1.489,1.489,0.0,1.0
2009-01-15,1.49,1.49,0.0,1.0
2009-01-16,1.492,1.492,0.0,1.0
2009-01-19,1.49,1.49,0.0,1.0
2009-01-20,1.505,1.505,0.0,1.0
2009-01-21,1.478,1.478,0.0,1.0
2009-01-22,1.494,1.494,0.0,1.0
2009-01-23,1.488,1.488,0.0,1.0
2009-02-02,1.517,1.517,0.0,1.0
2009-02-03,1.55,1.55,0.0,1.0
2009-02-04,1.575,1.575,0.0,1.0
2009-02-05,1.543,1.543,0.0,1.0
2009-02-06,1.603,1.603,0.0,1.0
2009-02-09,1.662,1.662,0.0,1.0
2009-02-10,1.694,1.694,0.0,1.0
2009-02-11,1.69,1.69,0.0,1.0
2009-02-12,1.712,1.712,0.0,1.0
2009-02-13,1.771,1.771,0.0,1.0
2009-02-16,1.774,1.774,0.0,1.0
2009-02-17,1.728,1.728,0.0,1.0
2009-02-18,1.654,1.654,0.0,1.0
2009-02-19,1.688,1.688,0.0,1.0
2009-02-20,1.733,1.733,0.0,1.0
2009-02-23,1.777,1.777,0.0,1.0
2009-02-24,1.696,1.696,0.0,1.0
2009-02-25,1.696,1.696,0.0,1.0
2009-02-26,1.592,1.592,0.0,1.0
2009-02-27,1.537,1.537,0.0,1.0
2009-03-02,1.575,1.575,0.0,1.0
2009-03-03,1.581,1.581,0.0,1.0
2009-03-04,1.675,1.675,0.0,1.0
2009-03-05,1.662,1.662,0.0,1.0
2009-03-06,1.665,1.665,0.0,1.0
2009-03-09,1.611,1.611,0.0,1.0
2009-03-10,1.635,1.635,0.0,1.0
2009-03-11,1.618,1.618,0.0,1.0
2009-03-12,1.613,1.613,0.0,1.0
2009-03-13,1.608,1.608,0.0,1.0
2009-03-16,1.627,1.627,0.0,1.0
2009-03-17,1.691,1.691,0.0,1.0
2009-03-18,1.71,1.71,0.0,1.0
2009-03-19,1.743,1.743,0.0,1.0
2009-03-20,1.733,1.733,0.0,1.0
2009-03-23,1.765,1.765,0.0,1.0
2009-03-24,1.783,1.783,0.0,1.0
2009-03-25,1.752,1.752,0.0,1.0
2009-03-26,1.788,1.788,0.0,1.0
2009-03-27,1.796,1.796,0.0,1.0
2009-03-30,1.79,1.79,0.0,1.0
2009-03-31,1.805,1.805,0.0,1.0
2009-04-01,1.846,1.846,0.0,1.0
2009-04-02,1.877,1.877,0.0,1.0
2009-04-03,1.871,1.871,0.0,1.0
2009-04-07,1.88,1.88,0.0,1.0
2009-04-08,1.833,1.833,0.0,1.0
2009-04-09,1.846,1.846,0.0,1.0
2009-04-10,1.92,1.92,0.0,1.0
2009-04-13,1.962,1.962,0.0,1.0
2009-04-14,1.987,1.987,0.0,1.0
2009-04-15,1.99,1.99,0.0,1.0
2009-04-16,1.988,1.988,0.0,1.0
2009-04-17,1.97,1.97,0.0,1.0
2009-04-20,2.03,2.03,0.0,1.0
2009-04-21,2.036,2.036,0.0,1.0
2009-04-22,1.942,1.942,0.0,1.0
2009-04-23,1.952,1.952,0.0,1.0
2009-04-24,1.946,1.946,0.0,1.0
2009-04-27,1.878,1.878,0.0,1.0
2009-04-28,1.888,1.888,0.0,1.0
2009-04-29,1.933,1.933,0.0,1.0
2009-04-30,1.957,1.957,0.0,1.0
2009-05-04,2.01,2.01,0.0,1.0
2009-05-05,2.013,2.013,0.0,1.0
2009-05-06,2.058,2.058,0.0,1.0
2009-05-07,2.043,2.043,0.0,1.0
2009-05-08,2.02,2.02,0.0,1.0
2009-05-11,1.967,1.967,0.0,1.0
2009-05-12,1.996,1.996,0.0,1.0
2009-05-13,2.025,2.025,0.0,1.0
2009-05-14,2.017,2.017,0.0,1.0
2009-05-15,2.041,2.041,0.0,1.0
2009-05-18,2.046,2.046,0.0,1.0
2009-05-19,2.055,2.055,0.0,1.0
2009-05-20,2.059,2.059,0.0,1.0
2009-05-21,2.015,2.015,0.0,1.0
2009-05-22,2.019,2.019,0.0,1.0
2009-05-25,2.023,2.023,0.0,1.0
2009-05-26,2.023,2.023,0.0,1.0
2009-05-27,2.035,2.035,0.0,1.0
2009-06-01,2.065,2.065,0.0,1.0
2009-06-02,2.072,2.072,0.0,1.0
2009-06-03,2.075,2.075,0.0,1.0
2009-06-04,2.078,2.078,0.0,1.0
2009-06-05,2.074,2.074,0.0,1.0
2009-06-08,2.055,2.055,0.0,1.0
2009-06-09,2.073,2.073,0.0,1.0
2009-06-10,2.103,2.103,0.0,1.0
2009-06-11,2.096,2.096,0.0,1.0
2009-06-12,2.061,2.061,0.0,1.0
2009-06-15,2.095,2.095,0.0,1.0
2009-06-16,2.11,2.11,0.0,1.0
2009-06-17,2.126,2.126,0.0,1.0
2009-06-18,2.142,2.142,0.0,1.0
2009-06-19,2.133,2.133,0.0,1.0
2009-06-22,2.125,2.125,0.0,1.0
2009-06-23,2.111,2.111,0.0,1.0
2009-06-24,2.135,2.135,0.0,1.0
2009-06-25,2.138,2.138,0.0,1.0
2009-06-26,2.137,2.137,0.0,1.0
2009-06-29,2.128,2.128,0.0,1.0
2009-06-30,2.127,2.127,0.0,1.0
2009-07-01,2.144,2.144,0.0,1.0
2009-07-02,2.166,2.166,0.0,1.0
2009-07-03,2.164,2.164,0.0,1.0
2009-07-06,2.17,2.17,0.0,1.0
2009-07-07,2.179,2.179,0.0,1.0
2009-07-08,2.19,2.19,0.0,1.0
2009-07-09,2.245,2.245,0.0,1.0
2009-07-10,2.239,2.239,0.0,1.0
2009-07-13,2.258,2.258,0.0,1.0
2009-07-14,2.292,2.292,0.0,1.0
2009-07-15,2.288,2.288,0.0,1.0
2009-07-16,2.27,2.27,0.0,1.0
2009-07-17,2.28,2.28,0.0,1.0
2009-07-20,2.327,2.327,0.0,1.0
2009-07-21,2.26,2.26,0.0,1.0
2009-07-22,2.288,2.288,0.0,1.0
2009-07-23,2.296,2.296,0.0,1.0
2009-07-24,2.275,2.275,0.0,1.0
2009-07-27,2.311,2.311,0.0,1.0
2009-07-28,2.361,2.361,0.0,1.0
2009-07-29,2.245,2.245,0.0,1.0
2009-07-30,2.247,2.247,0.0,1.0
2009-07-31,2.316,2.316,0.0,1.0
2009-08-03,2.351,2.351,0.0,1.0
2009-08-04,2.389,2.389,0.0,1.0
2009-08-05,2.405,2.405,0.0,1.0
2009-08-06,2.401,2.401,0.0,1.0
2009-08-07,2.312,2.312,0.0,1.0
2009-08-10,2.343,2.343,0.0,1.0
2009-08-11,2.359,2.359,0.0,1.0
2009-08-12,2.24,2.24,0.0,1.0
2009-08-13,2.24,2.24,0.0,1.0
2009-08-14,2.153,2.153,0.0,1.0
2009-08-17,2.01,2.01,0.0,1.0
2009-08-18,2.055,2.055,0.0,1.0
2009-08-19,1.96,1.96,0.0,1.0
2009-08-20,2.039,2.039,0.0,1.0
2009-08-21,2.087,2.087,0.0,1.0
2009-08-24,2.138,2.138,0.0,1.0
2009-08-25,2.109,2.109,0.0,1.0
2009-08-26,2.171,2.171,0.0,1.0
2009-08-27,2.19,2.19,0.0,1.0
2009-08-28,2.124,2.124,0.0,1.0
2009-08-31,1.973,1.973,0.0,1.0
2009-09-01,1.984,1.984,0.0,1.0
2009-09-02,1.99,1.99,0.0,1.0
2009-09-03,2.085,2.085,0.0,1.0
2009-09-04,2.108,2.108,0.0,1.0
2009-09-07,2.159,2.159,0.0,1.0
2009-09-08,2.201,2.201,0.0,1.0
2009-09-09,2.218,2.218,0.0,1.0
2009-09-10,2.186,2.186,0.0,1.0
2009-09-11,2.24,2.24,0.0,1.0
2009-09-14,2.279,2.279,0.0,1.0
2009-09-15,2.302,2.302,0.0,1.0
2009-09-16,2.302,2.302,0.0,1.0
2009-09-17,2.366,2.366,0.0,1.0
2009-09-18,2.289,2.289,0.0,1.0
2009-09-21,2.343,2.343,0.0,1.0
2009-09-22,2.307,2.307,0.0,1.0
2009-09-23,2.218,2.218,0.0,1.0
2009-09-24,2.2,2.2,0.0,1.0
2009-09-25,2.206,2.206,0.0,1.0
2009-09-28,2.177,2.177,0.0,1.0
2009-09-29,2.15,2.15,0.0,1.0
2009-09-30,2.173,2.173,0.0,1.0
2009-10-09,2.282,2.282,0.0,1.0
2009-10-12,2.278,2.278,0.0,1.0
2009-10-13,2.3,2.3,0.0,1.0
2009-10-14,2.288,2.288,0.0,1.0
2009-10-15,2.283,2.283,0.0,1.0
2009-10-16,2.283,2.283,0.0,1.0
2009-10-19,2.333,2.333,0.0,1.0
2009-10-20,2.364,2.364,0.0,1.0
2009-10-21,2.333,2.333,0.0,1.0
2009-10-22,2.325,2.325,0.0,1.0
2009-10-23,2.357,2.357,0.0,1.0
2009-10-26,2.38,2.38,0.0,1.0
2009-10-27,2.309,2.309,0.0,1.0
2009-10-28,2.345,2.345,0.0,1.0
2009-10-29,2.315,2.315,0.0,1.0
2009-10-30,2.328,2.328,0.0,1.0
2009-11-02,2.419,2.419,0.0,1.0
2009-11-03,2.468,2.468,0.0,1.0
2009-11-04,2.488,2.488,0.0,1.0
2009-11-05,2.496,2.496,0.0,1.0
2009-11-06,2.499,2.499,0.0,1.0
2009-11-09,2.506,2.506,0.0,1.0
2009-11-10,2.51,2.51,0.0,1.0
2009-11-11,2.519,2.519,0.0,1.0
2009-11-12,2.543,2.543,0.0,1.0
2009-11-13,2.599,2.599,0.0,1.0
2009-11-16,2.646,2.646,0.0,1.0
2009-11-17,2.643,2.643,0.0,1.0
2009-11-18,2.646,2.646,0.0,1.0
2009-11-19,2.688,2.688,0.0,1.0
2009-11-20,2.69,2.69,0.0,1.0
2009-11-23,2.736,2.736,0.0,1.0
2009-11-24,2.6,2.6,0.0,1.0
2009-11-25,2.688,2.688,0.0,1.0
2009-11-26,2.465,2.565,0.1,1.0
2009-11-27,2.42,2.52,0.1,1.0
2009-11-30,2.543,2.6430000000000002,0.1,1.0
2009-12-01,2.6,2.7,0.1,1.0
2009-12-02,2.616,2.716,0.1,1.0
2009-12-03,2.625,2.725,0.1,1.0
2009-12-04,2.569,2.669,0.1,1.0
2009-12-07,2.622,2.722,0.1,1.0
2009-12-08,2.601,2.701,0.1,1.0
2009-12-09,2.564,2.664,0.1,1.0
2009-12-10,2.59,2.69,0.1,1.0
2009-12-11,2.585,2.685,0.1,1.0
2009-12-14,2.59,2.69,0.1,1.0
2009-12-15,2.59,2.69,0.1,1.0
2009-12-16,2.573,2.673,0.1,1.0
2009-12-17,2.51,2.61,0.1,1.0
2009-12-18,2.435,2.535,0.1,1.0
2009-12-21,2.453,2.553,0.1,1.0
2009-12-22,2.42,2.52,0.1,1.0
2009-12-23,2.47,2.5700000000000003,0.1,1.0
2009-12-24,2.551,2.6510000000000002,0.1,1.0
2009-12-25,2.555,2.6550000000000002,0.1,1.0
2009-12-28,2.6,2.7,0.1,1.0
2009-12-29,2.626,2.726,0.1,1.0
2009-12-30,2.62,2.72,0.1,1.0
2009-12-31,2.635,2.735,0.1,1.0
2010-01-04,2.637,2.737,0.1,1.0
2010-01-05,2.658,2.758,0.1,1.0
2010-01-06,2.656,2.7560000000000002,0.1,1.0
2010-01-07,2.59,2.69,0.1,1.0
2010-01-08,2.614,2.714,0.1,1.0
2010-01-11,2.606,2.706,0.1,1.0
2010-01-12,2.674,2.774,0.1,1.0
2010-01-13,2.639,2.739,0.1,1.0
2010-01-14,2.705,2.805,0.1,1.0
2010-01-15,2.732,2.8320000000000003,0.1,1.0
2010-01-18,2.768,2.868,0.1,1.0
2010-01-19,2.754,2.854,0.1,1.0
2010-01-20,2.65,2.75,0.1,1.0
2010-01-21,2.653,2.753,0.1,1.0
2010-01-22,2.588,2.688,0.1,1.0
2010-01-25,2.56,2.66,0.1,1.0
2010-01-26,2.5,2.6,0.1,1.0
2010-01-27,2.484,2.584,0.1,1.0
2010-01-28,2.51,2.61,0.1,1.0
2010-01-29,2.543,2.6430000000000002,0.1,1.0
2010-02-01,2.488,2.588,0.1,1.0
2010-02-02,2.474,2.5740000000000003,0.1,1.0
2010-02-03,2.517,2.617,0.1,1.0
2010-02-04,2.506,2.606,0.1,1.0
2010-02-05,2.456,2.556,0.1,1.0
2010-02-08,2.459,2.559,0.1,1.0
2010-02-09,2.466,2.5660000000000003,0.1,1.0
2010-02-10,2.504,2.604,0.1,1.0
2010-02-11,2.503,2.603,0.1,1.0
2010-02-12,2.54,2.64,0.1,1.0
2010-02-22,2.523,2.623,0.1,1.0
2010-02-23,2.537,2.637,0.1,1.0
2010-02-24,2.595,2.6950000000000003,0.1,1.0
2010-02-25,2.635,2.735,0.1,1.0
2010-02-26,2.632,2.732,0.1,1.0
2010-03-01,2.663,2.763,0.1,1.0
2010-03-02,2.667,2.767,0.1,1.0
2010-03-03,2.7,2.8000000000000003,0.1,1.0
2010-03-04,2.618,2.718,0.1,1.0
2010-03-05,2.607,2.7070000000000003,0.1,1.0
2010-03-08,2.639,2.739,0.1,1.0
2010-03-09,2.637,2.737,0.1,1.0
2010-03-10,2.612,2.712,0.1,1.0
2010-03-11,2.593,2.693,0.1,1.0
2010-03-12,2.556,2.656,0.1,1.0
2010-03-15,2.531,2.6310000000000002,0.1,1.0
2010-03-16,2.553,2.653,0.1,1.0
2010-03-17,2.624,2.724,0.1,1.0
2010-03-18,2.611,2.7110000000000003,0.1,1.0
2010-03-19,2.636,2.736,0.1,1.0
2010-03-22,2.647,2.747,0.1,1.0
2010-03-23,2.633,2.733,0.1,1.0
2010-03-24,2.645,2.745,0.1,1.0
2010-03-25,2.615,2.7150000000000003,0.1,1.0
2010-03-26,2.656,2.7560000000000002,0.1,1.0
2010-03-29,2.68,2.7800000000000002,0.1,1.0
2010-03-30,2.701,2.801,0.1,1.0
2010-03-31,2.71,2.81,0.1,1.0
2010-04-01,2.758,2.858,0.1,1.0
2010-04-02,2.771,2.871,0.1,1.0
2010-04-06,2.764,2.864,0.1,1.0
2010-04-07,2.775,2.875,0.1,1.0
2010-04-08,2.774,2.874,0.1,1.0
2010-04-09,2.836,2.936,0.1,1.0
2010-04-12,2.864,2.964,0.1,1.0
2010-04-13,2.813,2.9130000000000003,0.1,1.0
2010-04-14,2.84,2.94,0.1,1.0
2010-04-15,2.806,2.906,0.1,1.0
2010-04-16,2.8,2.9,0.1,1.0
2010-04-19,2.714,2.814,0.1,1.0
2010-04-20,2.737,2.837,0.1,1.0
2010-04-21,2.835,2.935,0.1,1.0
2010-04-22,2.84,2.94,0.1,1.0
2010-04-23,2.818,2.918,0.1,1.0
2010-04-26,2.825,2.9250000000000003,0.1,1.0
2010-04-27,2.753,2.853,0.1,1.0
2010-04-28,2.754,2.854,0.1,1.0
2010-04-29,2.674,2.774,0.1,1.0
2010-04-30,2.62,2.72,0.1,1.0
2010-05-04,2.61,2.71,0.1,1.0
2010-05-05,2.684,2.7840000000000003,0.1,1.0
2010-05-06,2.602,2.702,0.1,1.0
2010-05-07,2.549,2.649,0.1,1.0
2010-05-10,2.48,2.58,0.1,1.0
2010-05-11,2.433,2.533,0.1,1.0
2010-05-12,2.389,2.489,0.1,1.0
2010-05-13,2.468,2.568,0.1,1.0
2010-05-14,2.478,2.5780000000000003,0.1,1.0
2010-05-17,2.364,2.464,0.1,1.0
2010-05-18,2.381,2.481,0.1,1.0
2010-05-19,2.403,2.503,0.1,1.0
2010-05-20,2.393,2.493,0.1,1.0
2010-05-21,2.458,2.5580000000000003,0.1,1.0
2010-05-24,2.537,2.637,0.1,1.0
2010-05-25,2.5,2.6,0.1,1.0
2010-05-26,2.501,2.601,0.1,1.0
2010-05-27,2.557,2.657,0.1,1.0
2010-05-28,2.556,2.656,0.1,1.0
2010-05-31,2.485,2.585,0.1,1.0
2010-06-01,2.452,2.552,0.1,1.0
2010-06-02,2.479,2.579,0.1,1.0
2010-06-03,2.48,2.58,0.1,1.0
2010-06-04,2.514,2.614,0.1,1.0
2010-06-07,2.515,2.615,0.1,1.0
2010-06-08,2.538,2.638,0.1,1.0
2010-06-09,2.598,2.698,0.1,1.0
2010-06-10,2.606,2.706,0.1,1.0
2010-06-11,2.587,2.6870000000000003,0.1,1.0
2010-06-17,2.525,2.625,0.1,1.0
2010-06-18,2.433,2.533,0.1,1.0
2010-06-21,2.498,2.5980000000000003,0.1,1.0
2010-06-22,2.523,2.623,0.1,1.0
2010-06-23,2.516,2.616,0.1,1.0
2010-06-24,2.517,2.617,0.1,1.0
2010-06-25,2.46,2.56,0.1,1.0
2010-06-28,2.428,2.528,0.1,1.0
2010-06-29,2.327,2.427,0.1,1.0
2010-06-30,2.291,2.391,0.1,1.0
2010-07-01,2.251,2.351,0.1,1.0
2010-07-02,2.223,2.323,0.1,1.0
2010-07-05,2.222,2.322,0.1,1.0
2010-07-06,2.291,2.391,0.1,1.0
2010-07-07,2.317,2.4170000000000003,0.1,1.0
2010-07-08,2.296,2.396,0.1,1.0
2010-07-09,2.368,2.468,0.1,1.0
2010-07-12,2.373,2.4730000000000003,0.1,1.0
2010-07-13,2.354,2.454,0.1,1.0
2010-07-14,2.352,2.452,0.1,1.0
2010-07-15,2.307,2.407,0.1,1.0
2010-07-16,2.309,2.4090000000000003,0.1,1.0
2010-07-19,2.362,2.462,0.1,1.0
2010-07-20,2.443,2.543,0.1,1.0
2010-07-21,2.439,2.539,0.1,1.0
2010-07-22,2.472,2.572,0.1,1.0
2010-07-23,2.478,2.5780000000000003,0.1,1.0
2010-07-26,2.511,2.611,0.1,1.0
2010-07-27,2.514,2.614,0.1,1.0
2010-07-28,2.58,2.68,0.1,1.0
2010-07-29,2.574,2.674,0.1,1.0
2010-07-30,2.575,2.6750000000000003,0.1,1.0
2010-08-02,2.622,2.722,0.1,1.0
2010-08-03,2.57,2.67,0.1,1.0
2010-08-04,2.596,2.696,0.1,1.0
2010-08-05,2.61,2.71,0.1,1.0
2010-08-06,2.667,2.767,0.1,1.0
2010-08-09,2.712,2.8120000000000003,0.1,1.0
2010-08-10,2.603,2.7030000000000003,0.1,1.0
2010-08-11,2.636,2.736,0.1,1.0
2010-08-12,2.615,2.7150000000000003,0.1,1.0
2010-08-13,2.67,2.77,0.1,1.0
2010-08-16,2.747,2.847,0.1,1.0
2010-08-17,2.779,2.879,0.1,1.0
2010-08-18,2.787,2.887,0.1,1.0
2010-08-19,2.774,2.874,0.1,1.0
2010-08-20,2.715,2.815,0.1,1.0
2010-08-23,2.727,2.827,0.1,1.0
2010-08-24,2.768,2.868,0.1,1.0
2010-08-25,2.718,2.818,0.1,1.0
2010-08-26,2.745,2.845,0.1,1.0
2010-08-27,2.777,2.8770000000000002,0.1,1.0
2010-08-30,2.86,2.96,0.1,1.0
2010-08-31,2.882,2.982,0.1,1.0
2010-09-01,2.857,2.9570000000000003,0.1,1.0
2010-09-02,2.882,2.982,0.1,1.0
2010-09-03,2.897,2.997,0.1,1.0
2010-09-06,2.886,2.986,0.1,1.0
2010-09-07,2.897,2.997,0.1,1.0
2010-09-08,2.937,3.037,0.1,1.0
2010-09-09,2.892,2.992,0.1,1.0
2010-09-10,2.943,3.043,0.1,1.0
2010-09-13,3.008,3.108,0.1,1.0
2010-09-14,3.013,3.113,0.1,1.0
2010-09-15,2.962,3.0620000000000003,0.1,1.0
2010-09-16,2.886,2.986,0.1,1.0
2010-09-17,2.889,2.989,0.1,1.0
2010-09-20,2.867,2.967,0.1,1.0
2010-09-21,2.872,2.972,0.1,1.0
2010-09-27,2.957,3.057,0.1,1.0
2010-09-28,2.936,3.036,0.1,1.0
2010-09-29,2.9,3.0,0.1,1.0
2010-09-30,2.959,3.059,0.1,1.0
2010-10-08,3.024,3.124,0.1,1.0
2010-10-11,3.012,3.112,0.1,1.0
2010-10-12,3.007,3.107,0.1,1.0
2010-10-13,3.03,3.13,0.1,1.0
2010-10-14,2.939,3.039,0.1,1.0
2010-10-15,2.953,3.053,0.1,1.0
2010-10-18,2.905,3.005,0.1,1.0
2010-10-19,3.006,3.106,0.1,1.0
2010-10-20,3.026,3.126,0.1,1.0
2010-10-21,3.065,3.165,0.1,1.0
2010-10-22,3.108,3.208,0.1,1.0
2010-10-25,3.195,3.295,0.1,1.0
2010-10-26,3.209,3.309,0.1,1.0
2010-10-27,3.171,3.271,0.1,1.0
2010-10-28,3.182,3.282,0.1,1.0
2010-10-29,3.231,3.331,0.1,1.0
2010-11-01,3.322,3.422,0.1,1.0
2010-11-02,3.264,3.364,0.1,1.0
2010-11-03,3.202,3.302,0.1,1.0
2010-11-04,3.285,3.3850000000000002,0.1,1.0
2010-11-05,3.331,3.431,0.1,1.0
2010-11-08,3.386,3.486,0.1,1.0
2010-11-09,3.404,3.504,0.1,1.0
2010-11-10,3.426,3.5260000000000002,0.1,1.0
2010-11-11,3.416,3.516,0.1,1.0
2010-11-12,3.199,3.299,0.1,1.0
2010-11-15,3.28,3.38,0.1,1.0
2010-11-16,3.14,3.24,0.1,1.0
2010-11-17,3.039,3.1390000000000002,0.1,1.0
2010-11-18,3.104,3.204,0.1,1.0
2010-11-19,3.223,3.323,0.1,1.0
2010-11-22,3.265,3.365,0.1,1.0
2010-11-23,3.222,3.322,0.1,1.0
2010-11-24,3.308,3.408,0.1,1.0
2010-11-25,3.3,3.4,0.1,1.0
2010-11-26,3.308,3.408,0.1,1.0
2010-11-29,3.304,3.404,0.1,1.0
2010-11-30,3.23,3.33,0.1,1.0
2010-12-01,3.222,3.322,0.1,1.0
2010-12-02,3.224,3.3240000000000003,0.1,1.0
2010-12-03,3.191,3.291,0.1,1.0
2010-12-06,3.15,3.25,0.1,1.0
2010-12-07,3.246,3.346,0.1,1.0
2010-12-08,3.226,3.326,0.1,1.0
2010-12-09,3.166,3.266,0.1,1.0
2010-12-10,3.226,3.326,0.1,1.0
2010-12-13,3.31,3.41,0.1,1.0
2010-12-14,3.332,3.432,0.1,1.0
2010-12-15,3.31,3.41,0.1,1.0
2010-12-16,3.304,3.404,0.1,1.0
2010-12-17,3.316,3.416,0.1,1.0
2010-12-20,3.275,3.375,0.1,1.0
2010-12-21,3.306,3.406,0.1,1.0
2010-12-22,3.264,3.364,0.1,1.0
2010-12-23,3.208,3.3080000000000003,0.1,1.0
2010-12-24,3.14,3.24,0.1,1.0
2010-12-27,3.06,3.16,0.1,1.0
2010-12-28,3.009,3.109,0.1,1.0
2010-12-29,3.092,3.192,0.1,1.0
2010-12-30,3.116,3.216,0.1,1.0
2010-12-31,3.182,3.282,0.1,1.0
2011-01-04,3.216,3.3160000000000003,0.1,1.0
2011-01-05,3.191,3.291,0.1,1.0
2011-01-06,3.169,3.269,0.1,1.0
2011-01-07,3.15,3.25,0.1,1.0
2011-01-10,3.073,3.173,0.1,1.0
2011-01-11,3.052,3.152,0.1,1.0
2011-01-12,3.058,3.158,0.1,1.0
2011-01-13,3.06,3.16,0.1,1.0
2011-01-14,3.002,3.102,0.1,1.0
2011-01-17,2.851,2.951,0.1,1.0
2011-01-18,2.885,2.985,0.1,1.0
2011-01-19,2.951,3.051,0.1,1.0
2011-01-20,2.846,2.946,0.1,1.0
2011-01-21,2.855,2.955,0.1,1.0
2011-01-24,2.769,2.869,0.1,1.0
2011-01-25,2.74,2.8400000000000003,0.1,1.0
2011-01-26,2.784,2.884,0.1,1.0
2011-01-27,2.838,2.938,0.1,1.0
2011-01-28,2.861,2.9610000000000003,0.1,1.0
2011-01-31,2.891,2.991,0.1,1.0
2011-02-01,2.895,2.995,0.1,1.0
2011-02-09,2.853,2.9530000000000003,0.1,1.0
2011-02-10,2.941,3.041,0.1,1.0
2011-02-11,2.99,3.0900000000000003,0.1,1.0
2011-02-14,3.042,3.142,0.1,1.0
2011-02-15,3.027,3.1270000000000002,0.1,1.0
2011-02-16,3.078,3.178,0.1,1.0
2011-02-17,3.089,3.189,0.1,1.0
2011-02-18,3.055,3.1550000000000002,0.1,1.0
2011-02-21,3.115,3.2150000000000003,0.1,1.0
2011-02-22,3.031,3.1310000000000002,0.1,1.0
2011-02-23,3.06,3.16,0.1,1.0
2011-02-24,3.09,3.19,0.1,1.0
2011-02-25,3.105,3.205,0.1,1.0
2011-02-28,3.13,3.23,0.1,1.0
2011-03-01,3.143,3.243,0.1,1.0
2011-03-02,3.121,3.221,0.1,1.0
2011-03-03,3.067,3.1670000000000003,0.1,1.0
2011-03-04,3.089,3.189,0.1,1.0
2011-03-07,3.131,3.231,0.1,1.0
2011-03-08,3.137,3.237,0.1,1.0
2011-03-09,3.143,3.243,0.1,1.0
2011-03-10,3.134,3.234,0.1,1.0
2011-03-11,3.124,3.224,0.1,1.0
2011-03-14,3.15,3.25,0.1,1.0
2011-03-15,3.128,3.228,0.1,1.0
2011-03-16,3.173,3.273,0.1,1.0
2011-03-17,3.113,3.213,0.1,1.0
2011-03-18,3.135,3.235,0.1,1.0
2011-03-21,3.101,3.201,0.1,1.0
2011-03-22,3.079,3.1790000000000003,0.1,1.0
2011-03-23,3.125,3.225,0.1,1.0
2011-03-24,3.124,3.224,0.1,1.0
2011-03-25,3.139,3.239,0.1,1.0
2011-03-28,3.095,3.1950000000000003,0.1,1.0
2011-03-29,3.022,3.122,0.1,1.0
2011-03-30,2.998,3.0980000000000003,0.1,1.0
2011-03-31,2.976,3.076,0.1,1.0
2011-04-01,3.001,3.101,0.1,1.0
2011-04-06,2.972,3.072,0.1,1.0
2011-04-07,3.007,3.107,0.1,1.0
2011-04-08,3.033,3.133,0.1,1.0
2011-04-11,2.999,3.099,0.1,1.0
2011-04-12,2.973,3.073,0.1,1.0
2011-04-13,3.017,3.117,0.1,1.0
2011-04-14,3.01,3.11,0.1,1.0
2011-04-15,2.991,3.091,0.1,1.0
2011-04-18,2.993,3.093,0.1,1.0
2011-04-19,2.968,3.068,0.1,1.0
2011-04-20,2.974,3.0740000000000003,0.1,1.0
2011-04-21,2.99,3.0900000000000003,0.1,1.0
2011-04-22,2.974,3.0740000000000003,0.1,1.0
2011-04-25,2.917,3.017,0.1,1.0
2011-04-26,2.885,2.985,0.1,1.0
2011-04-27,2.855,2.955,0.1,1.0
2011-04-28,2.79,2.89,0.1,1.0
2011-04-29,2.816,2.916,0.1,1.0
2011-05-03,2.854,2.954,0.1,1.0
2011-05-04,2.796,2.896,0.1,1.0
2011-05-05,2.797,2.8970000000000002,0.1,1.0
2011-05-06,2.827,2.927,0.1,1.0
2011-05-09,2.836,2.936,0.1,1.0
2011-05-10,2.845,2.9450000000000003,0.1,1.0
2011-05-11,2.836,2.936,0.1,1.0
2011-05-12,2.8,2.9,0.1,1.0
2011-05-13,2.811,2.911,0.1,1.0
2011-05-16,2.805,2.9050000000000002,0.1,1.0
2011-05-17,2.813,2.9130000000000003,0.1,1.0
2011-05-18,2.824,2.924,0.1,1.0
2011-05-19,2.818,2.918,0.1,1.0
2011-05-20,2.809,2.9090000000000003,0.1,1.0
2011-05-23,2.73,2.83,0.1,1.0
2011-05-24,2.712,2.8120000000000003,0.1,1.0
2011-05-25,2.668,2.7680000000000002,0.1,1.0
2011-05-26,2.65,2.75,0.1,1.0
2011-05-27,2.586,2.686,0.1,1.0
2011-05-30,2.57,2.67,0.1,1.0
2011-05-31,2.615,2.7150000000000003,0.1,1.0
2011-06-01,2.641,2.741,0.1,1.0
2011-06-02,2.604,2.704,0.1,1.0
2011-06-03,2.644,2.744,0.1,1.0
2011-06-07,2.675,2.775,0.1,1.0
2011-06-08,2.675,2.775,0.1,1.0
2011-06-09,2.63,2.73,0.1,1.0
2011-06-10,2.622,2.722,0.1,1.0
2011-06-13,2.618,2.718,0.1,1.0
2011-06-14,2.654,2.754,0.1,1.0
2011-06-15,2.623,2.7230000000000003,0.1,1.0
2011-06-16,2.576,2.676,0.1,1.0
2011-06-17,2.557,2.657,0.1,1.0
2011-06-20,2.506,2.606,0.1,1.0
2011-06-21,2.539,2.6390000000000002,0.1,1.0
2011-06-22,2.54,2.64,0.1,1.0
2011-06-23,2.596,2.696,0.1,1.0
2011-06-24,2.662,2.762,0.1,1.0
2011-06-27,2.691,2.791,0.1,1.0
2011-06-28,2.703,2.803,0.1,1.0
2011-06-29,2.673,2.773,0.1,1.0
2011-06-30,2.72,2.8200000000000003,0.1,1.0
2011-07-01,2.73,2.83,0.1,1.0
2011-07-04,2.788,2.888,0.1,1.0
2011-07-05,2.799,2.899,0.1,1.0
2011-07-06,2.814,2.914,0.1,1.0
2011-07-07,2.821,2.9210000000000003,0.1,1.0
2011-07-08,2.822,2.922,0.1,1.0
2011-07-11,2.842,2.942,0.1,1.0
2011-07-12,2.815,2.915,0.1,1.0
2011-07-13,2.857,2.9570000000000003,0.1,1.0
2011-07-14,2.862,2.962,0.1,1.0
2011-07-15,2.878,2.978,0.1,1.0
2011-07-18,2.891,2.991,0.1,1.0
2011-07-19,2.855,2.955,0.1,1.0
2011-07-20,2.851,2.951,0.1,1.0
2011-07-21,2.819,2.919,0.1,1.0
2011-07-22,2.829,2.9290000000000003,0.1,1.0
2011-07-25,2.73,2.83,0.1,1.0
2011-07-26,2.739,2.839,0.1,1.0
2011-07-27,2.789,2.8890000000000002,0.1,1.0
2011-07-28,2.777,2.8770000000000002,0.1,1.0
2011-07-29,2.735,2.835,0.1,1.0
2011-08-01,2.747,2.847,0.1,1.0
2011-08-02,2.727,2.827,0.1,1.0
2011-08-03,2.743,2.843,0.1,1.0
2011-08-04,2.76,2.86,0.1,1.0
2011-08-05,2.718,2.818,0.1,1.0
2011-08-08,2.624,2.724,0.1,1.0
2011-08-09,2.625,2.725,0.1,1.0
2011-08-10,2.663,2.763,0.1,1.0
2011-08-11,2.711,2.811,0.1,1.0
2011-08-12,2.73,2.83,0.1,1.0
2011-08-15,2.752,2.852,0.1,1.0
2011-08-16,2.733,2.833,0.1,1.0
2011-08-17,2.716,2.8160000000000003,0.1,1.0
2011-08-18,2.66,2.7600000000000002,0.1,1.0
2011-08-19,2.648,2.748,0.1,1.0
2011-08-22,2.615,2.7150000000000003,0.1,1.0
2011-08-23,2.649,2.749,0.1,1.0
2011-08-24,2.654,2.754,0.1,1.0
2011-08-25,2.704,2.8040000000000003,0.1,1.0
2011-08-26,2.704,2.8040000000000003,0.1,1.0
2011-08-29,2.683,2.783,0.1,1.0
2011-08-30,2.653,2.753,0.1,1.0
2011-08-31,2.647,2.747,0.1,1.0
2011-09-01,2.63,2.73,0.1,1.0
2011-09-02,2.598,2.698,0.1,1.0
2011-09-05,2.56,2.66,0.1,1.0
2011-09-06,2.515,2.615,0.1,1.0
2011-09-07,2.574,2.674,0.1,1.0
2011-09-08,2.557,2.657,0.1,1.0
2011-09-09,2.539,2.6390000000000002,0.1,1.0
2011-09-13,2.492,2.592,0.1,1.0
2011-09-14,2.517,2.617,0.1,1.0
2011-09-15,2.524,2.624,0.1,1.0
2011-09-16,2.517,2.617,0.1,1.0
2011-09-19,2.469,2.569,0.1,1.0
2011-09-20,2.469,2.569,0.1,1.0
2011-09-21,2.539,2.6390000000000002,0.1,1.0
2011-09-22,2.466,2.5660000000000003,0.1,1.0
2011-09-23,2.447,2.547,0.1,1.0
2011-09-26,2.406,2.5060000000000002,0.1,1.0
2011-09-27,2.418,2.5180000000000002,0.1,1.0
2011-09-28,2.38,2.48,0.1,1.0
2011-09-29,2.335,2.435,0.1,1.0
2011-09-30,2.326,2.426,0.1,1.0
2011-10-10,2.309,2.4090000000000003,0.1,1.0
2011-10-11,2.293,2.3930000000000002,0.1,1.0
2011-10-12,2.38,2.48,0.1,1.0
2011-10-13,2.404,2.504,0.1,1.0
2011-10-14,2.39,2.49,0.1,1.0
2011-10-17,2.405,2.505,0.1,1.0
2011-10-18,2.341,2.4410000000000003,0.1,1.0
2011-10-19,2.33,2.43,0.1,1.0
2011-10-20,2.251,2.351,0.1,1.0
2011-10-21,2.221,2.321,0.1,1.0
2011-10-24,2.268,2.368,0.1,1.0
2011-10-25,2.329,2.4290000000000003,0.1,1.0
2011-10-26,2.355,2.455,0.1,1.0
2011-10-27,2.345,2.4450000000000003,0.1,1.0
2011-10-28,2.4,2.5,0.1,1.0
2011-10-31,2.397,2.497,0.1,1.0
2011-11-01,2.391,2.491,0.1,1.0
2011-11-02,2.452,2.552,0.1,1.0
2011-11-03,2.457,2.557,0.1,1.0
2011-11-04,2.475,2.575,0.1,1.0
2011-11-07,2.456,2.556,0.1,1.0
2011-11-08,2.426,2.5260000000000002,0.1,1.0
2011-11-09,2.474,2.5740000000000003,0.1,1.0
2011-11-10,2.44,2.54,0.1,1.0
2011-11-11,2.436,2.536,0.1,1.0
2011-11-14,2.497,2.597,0.1,1.0
2011-11-15,2.502,2.602,0.1,1.0
2011-11-16,2.442,2.5420000000000003,0.1,1.0
2011-11-17,2.434,2.5340000000000003,0.1,1.0
2011-11-18,2.368,2.468,0.1,1.0
2011-11-21,2.37,2.47,0.1,1.0
2011-11-22,2.361,2.4610000000000003,0.1,1.0
2011-11-23,2.353,2.4530000000000003,0.1,1.0
2011-11-24,2.355,2.455,0.1,1.0
2011-11-25,2.339,2.439,0.1,1.0
2011-11-28,2.347,2.447,0.1,1.0
2011-11-29,2.383,2.483,0.1,1.0
2011-11-30,2.291,2.391,0.1,1.0
2011-12-01,2.34,2.44,0.1,1.0
2011-12-02,2.292,2.392,0.1,1.0
2011-12-05,2.221,2.321,0.1,1.0
2011-12-06,2.22,2.3200000000000003,0.1,1.0
2011-12-07,2.228,2.3280000000000003,0.1,1.0
2011-12-08,2.231,2.331,0.1,1.0
2011-12-09,2.202,2.302,0.1,1.0
2011-12-12,2.183,2.283,0.1,1.0
2011-12-13,2.134,2.234,0.1,1.0
2011-12-14,2.093,2.193,0.1,1.0
2011-12-15,2.064,2.164,0.1,1.0
2011-12-16,2.116,2.216,0.1,1.0
2011-12-19,2.102,2.202,0.1,1.0
2011-12-20,2.091,2.1910000000000003,0.1,1.0
2011-12-21,2.047,2.1470000000000002,0.1,1.0
2011-12-22,2.028,2.128,0.1,1.0
2011-12-23,2.037,2.137,0.1,1.0
2011-12-26,2.011,2.111,0.1,1.0
2011-12-27,1.967,2.067,0.1,1.0
2011-12-28,1.957,2.057,0.1,1.0
2011-12-29,1.966,2.066,0.1,1.0
2011-12-30,2.008,2.108,0.1,1.0
2012-01-04,1.956,2.056,0.1,1.0
2012-01-05,1.886,1.986,0.1,1.0
2012-01-06,1.89,1.99,0.1,1.0
2012-01-09,1.951,2.051,0.1,1.0
2012-01-10,2.033,2.133,0.1,1.0
2012-01-11,2.022,2.122,0.1,1.0
2012-01-12,2.01,2.11,0.1,1.0
2012-01-13,1.93,2.03,0.1,1.0
2012-01-16,1.859,1.959,0.1,1.0
2012-01-17,1.96,2.06,0.1,1.0
2012-01-18,1.892,1.992,0.1,1.0
2012-01-19,1.923,2.023,0.1,1.0
2012-01-20,1.968,2.068,0.1,1.0
2012-01-30,1.95,2.05,0.1,1.0
2012-01-31,1.955,2.055,0.1,1.0
2012-02-01,1.947,2.047,0.1,1.0
2012-02-02,1.985,2.085,0.1,1.0
2012-02-03,2.018,2.118,0.1,1.0
2012-02-06,2.036,2.136,0.1,1.0
2012-02-07,2.002,2.102,0.1,1.0
2012-02-08,2.062,2.162,0.1,1.0
2012-02-09,2.071,2.1710000000000003,0.1,1.0
2012-02-10,2.079,2.1790000000000003,0.1,1.0
2012-02-13,2.107,2.2070000000000003,0.1,1.0
2012-02-14,2.103,2.2030000000000003,0.1,1.0
2012-02-15,2.13,2.23,0.1,1.0
2012-02-16,2.112,2.212,0.1,1.0
2012-02-17,2.103,2.2030000000000003,0.1,1.0
2012-02-20,2.11,2.21,0.1,1.0
2012-02-21,2.139,2.239,0.1,1.0
2012-02-22,2.193,2.293,0.1,1.0
2012-02-23,2.202,2.302,0.1,1.0
2012-02-24,2.221,2.321,0.1,1.0
2012-02-27,2.229,2.329,0.1,1.0
2012-02-28,2.215,2.315,0.1,1.0
2012-02-29,2.19,2.29,0.1,1.0
2012-03-01,2.194,2.294,0.1,1.0
2012-03-02,2.236,2.3360000000000003,0.1,1.0
2012-03-05,2.226,2.326,0.1,1.0
2012-03-06,2.208,2.3080000000000003,0.1,1.0
2012-03-07,2.211,2.311,0.1,1.0
2012-03-08,2.243,2.343,0.1,1.0
2012-03-09,2.281,2.3810000000000002,0.1,1.0
2012-03-12,2.299,2.399,0.1,1.0
2012-03-13,2.319,2.419,0.1,1.0
2012-03-14,2.228,2.3280000000000003,0.1,1.0
2012-03-15,2.225,2.325,0.1,1.0
2012-03-16,2.281,2.3810000000000002,0.1,1.0
2012-03-19,2.29,2.39,0.1,1.0
2012-03-20,2.224,2.3240000000000003,0.1,1.0
2012-03-21,2.226,2.326,0.1,1.0
2012-03-22,2.214,2.314,0.1,1.0
2012-03-23,2.188,2.2880000000000003,0.1,1.0
2012-03-26,2.199,2.299,0.1,1.0
2012-03-27,2.183,2.283,0.1,1.0
2012-03-28,2.097,2.197,0.1,1.0
2012-03-29,2.068,2.168,0.1,1.0
2012-03-30,2.055,2.1550000000000002,0.1,1.0
2012-04-05,2.124,2.224,0.1,1.0
2012-04-06,2.135,2.235,0.1,1.0
2012-04-09,2.107,2.2070000000000003,0.1,1.0
2012-04-10,2.123,2.2230000000000003,0.1,1.0
2012-04-11,2.125,2.225,0.1,1.0
2012-04-12,2.166,2.266,0.1,1.0
2012-04-13,2.175,2.275,0.1,1.0
2012-04-16,2.167,2.267,0.1,1.0
2012-04-17,2.148,2.248,0.1,1.0
2012-04-18,2.2,2.3000000000000003,0.1,1.0
2012-04-19,2.194,2.294,0.1,1.0
2012-04-20,2.205,2.305,0.1,1.0
2012-04-23,2.163,2.263,0.1,1.0
2012-04-24,2.155,2.255,0.1,1.0
2012-04-25,2.17,2.27,0.1,1.0
2012-04-26,2.166,2.266,0.1,1.0
2012-04-27,2.143,2.243,0.1,1.0
2012-05-02,2.18,2.2800000000000002,0.1,1.0
2012-05-03,2.192,2.2920000000000003,0.1,1.0
2012-05-04,2.219,2.319,0.1,1.0
2012-05-07,2.243,2.343,0.1,1.0
2012-05-08,2.236,2.3360000000000003,0.1,1.0
2012-05-09,2.205,2.305,0.1,1.0
2012-05-10,2.213,2.313,0.1,1.0
2012-05-11,2.191,2.291,0.1,1.0
2012-05-14,2.17,2.27,0.1,1.0
2012-05-15,2.18,2.2800000000000002,0.1,1.0
2012-05-16,2.148,2.248,0.1,1.0
2012-05-17,2.171,2.271,0.1,1.0
2012-05-18,2.136,2.236,0.1,1.0
2012-05-21,2.149,2.249,0.1,1.0
2012-05-22,2.179,2.279,0.1,1.0
2012-05-23,2.18,2.2800000000000002,0.1,1.0
2012-05-24,2.149,2.249,0.1,1.0
2012-05-25,2.116,2.216,0.1,1.0
2012-05-28,2.152,2.2520000000000002,0.1,1.0
2012-05-29,2.182,2.282,0.1,1.0
2012-05-30,2.183,2.283,0.1,1.0
2012-05-31,2.208,2.3080000000000003,0.1,1.0
2012-06-01,2.203,2.303,0.1,1.0
2012-06-04,2.143,2.243,0.1,1.0
2012-06-05,2.145,2.245,0.1,1.0
2012-06-06,2.146,2.246,0.1,1.0
2012-06-07,2.129,2.229,0.1,1.0
2012-06-08,2.113,2.213,0.1,1.0
2012-06-11,2.157,2.257,0.1,1.0
2012-06-12,2.155,2.255,0.1,1.0
2012-06-13,2.195,2.295,0.1,1.0
2012-06-14,2.18,2.2800000000000002,0.1,1.0
2012-06-15,2.18,2.2800000000000002,0.1,1.0
2012-06-18,2.199,2.299,0.1,1.0
2012-06-19,2.184,2.2840000000000003,0.1,1.0
2012-06-20,2.178,2.278,0.1,1.0
2012-06-21,2.138,2.238,0.1,1.0
2012-06-25,2.098,2.198,0.1,1.0
2012-06-26,2.096,2.196,0.1,1.0
2012-06-27,2.096,2.196,0.1,1.0
2012-06-28,2.083,2.1830000000000003,0.1,1.0
2012-06-29,2.11,2.21,0.1,1.0
2012-07-02,2.144,2.244,0.1,1.0
2012-07-03,2.15,2.25,0.1,1.0
2012-07-04,2.134,2.234,0.1,1.0
2012-07-05,2.104,2.204,0.1,1.0
2012-07-06,2.148,2.248,0.1,1.0
2012-07-09,2.114,2.214,0.1,1.0
2012-07-10,2.1,2.2,0.1,1.0
2012-07-11,2.115,2.2150000000000003,0.1,1.0
2012-07-12,2.143,2.243,0.1,1.0
2012-07-13,2.133,2.233,0.1,1.0
2012-07-16,2.055,2.1550000000000002,0.1,1.0
2012-07-17,2.06,2.16,0.1,1.0
2012-07-18,2.06,2.16,0.1,1.0
2012-07-19,2.07,2.17,0.1,1.0
2012-07-20,2.05,2.15,0.1,1.0
2012-07-23,2.029,2.129,0.1,1.0
2012-07-24,2.053,2.153,0.1,1.0
2012-07-25,2.041,2.141,0.1,1.0
2012-07-26,2.028,2.128,0.1,1.0
2012-07-27,2.015,2.115,0.1,1.0
2012-07-30,1.989,2.089,0.1,1.0
2012-07-31,1.967,2.067,0.1,1.0
2012-08-01,1.989,2.089,0.1,1.0
2012-08-02,1.978,2.078,0.1,1.0
2012-08-03,2.014,2.114,0.1,1.0
2012-08-06,2.057,2.157,0.1,1.0
2012-08-07,2.08,2.18,0.1,1.0
2012-08-08,2.073,2.173,0.1,1.0
2012-08-09,2.108,2.208,0.1,1.0
2012-08-10,2.104,2.204,0.1,1.0
2012-08-13,2.07,2.17,0.1,1.0
2012-08-14,2.058,2.158,0.1,1.0
2012-08-15,2.059,2.1590000000000003,0.1,1.0
2012-08-16,2.036,2.136,0.1,1.0
2012-08-17,2.025,2.125,0.1,1.0
2012-08-20,2.03,2.13,0.1,1.0
2012-08-21,2.056,2.156,0.1,1.0
2012-08-22,2.033,2.133,0.1,1.0
2012-08-23,2.039,2.1390000000000002,0.1,1.0
2012-08-24,2.005,2.105,0.1,1.0
2012-08-27,1.972,2.072,0.1,1.0
2012-08-28,1.976,2.076,0.1,1.0
2012-08-29,1.974,2.074,0.1,1.0
2012-08-30,1.938,2.038,0.1,1.0
2012-08-31,1.94,2.04,0.1,1.0
2012-09-03,1.984,2.084,0.1,1.0
2012-09-04,1.967,2.067,0.1,1.0
2012-09-05,1.982,2.082,0.1,1.0
2012-09-06,2.008,2.108,0.1,1.0
2012-09-07,2.079,2.1790000000000003,0.1,1.0
2012-09-10,2.087,2.1870000000000003,0.1,1.0
2012-09-11,2.086,2.186,0.1,1.0
2012-09-12,2.092,2.192,0.1,1.0
2012-09-13,2.068,2.168,0.1,1.0
2012-09-14,2.066,2.166,0.1,1.0
2012-09-17,2.018,2.118,0.1,1.0
2012-09-18,2.005,2.105,0.1,1.0
2012-09-19,2.024,2.124,0.1,1.0
2012-09-20,1.97,2.07,0.1,1.0
2012-09-21,1.941,2.041,0.1,1.0
2012-09-24,1.959,2.059,0.1,1.0
2012-09-25,1.946,2.046,0.1,1.0
2012-09-26,1.909,2.009,0.1,1.0
2012-09-27,1.956,2.056,0.1,1.0
2012-09-28,2.005,2.105,0.1,1.0
2012-10-08,1.987,2.087,0.1,1.0
2012-10-09,2.036,2.136,0.1,1.0
2012-10-10,2.063,2.1630000000000003,0.1,1.0
2012-10-11,2.033,2.133,0.1,1.0
2012-10-12,2.018,2.118,0.1,1.0
2012-10-15,2.007,2.107,0.1,1.0
2012-10-16,2.012,2.112,0.1,1.0
2012-10-17,2.018,2.118,0.1,1.0
2012-10-18,2.056,2.156,0.1,1.0
2012-10-19,2.048,2.148,0.1,1.0
2012-10-22,2.052,2.152,0.1,1.0
2012-10-23,2.024,2.124,0.1,1.0
2012-10-24,2.009,2.109,0.1,1.0
2012-10-25,1.99,2.09,0.1,1.0
2012-10-26,1.947,2.047,0.1,1.0
2012-10-29,1.957,2.057,0.1,1.0
2012-10-30,1.954,2.054,0.1,1.0
2012-10-31,1.962,2.062,0.1,1.0
2012-11-01,1.993,2.093,0.1,1.0
2012-11-02,1.99,2.09,0.1,1.0
2012-11-05,1.975,2.075,0.1,1.0
2012-11-06,1.959,2.059,0.1,1.0
2012-11-07,1.96,2.06,0.1,1.0
2012-11-08,1.917,2.017,0.1,1.0
2012-11-09,1.907,2.007,0.1,1.0
2012-11-12,1.908,2.008,0.1,1.0
2012-11-13,1.87,1.9700000000000002,0.1,1.0
2012-11-14,1.87,1.9700000000000002,0.1,1.0
2012-11-15,1.846,1.9460000000000002,0.1,1.0
2012-11-16,1.836,1.9360000000000002,0.1,1.0
2012-11-19,1.833,1.933,0.1,1.0
2012-11-20,1.829,1.929,0.1,1.0
2012-11-21,1.842,1.9420000000000002,0.1,1.0
2012-11-22,1.817,1.917,0.1,1.0
2012-11-23,1.819,1.919,0.1,1.0
2012-11-26,1.794,1.8940000000000001,0.1,1.0
2012-11-27,1.746,1.846,0.1,1.0
2012-11-28,1.72,1.82,0.1,1.0
2012-11-29,1.712,1.812,0.1,1.0
2012-11-30,1.725,1.8250000000000002,0.1,1.0
2012-12-03,1.688,1.788,0.1,1.0
2012-12-04,1.713,1.8130000000000002,0.1,1.0
2012-12-05,1.775,1.875,0.1,1.0
2012-12-06,1.764,1.864,0.1,1.0
2012-12-07,1.799,1.899,0.1,1.0
2012-12-10,1.826,1.9260000000000002,0.1,1.0
2012-12-11,1.809,1.909,0.1,1.0
2012-12-12,1.808,1.9080000000000001,0.1,1.0
2012-12-13,1.788,1.8880000000000001,0.1,1.0
2012-12-14,1.867,1.967,0.1,1.0
2012-12-17,1.855,1.955,0.1,1.0
2012-12-18,1.85,1.9500000000000002,0.1,1.0
2012-12-19,1.866,1.9660000000000002,0.1,1.0
2012-12-20,1.869,1.969,0.1,1.0
2012-12-21,1.879,1.979,0.1,1.0
2012-12-24,1.886,1.986,0.1,1.0
2012-12-25,1.927,2.027,0.1,1.0
2012-12-26,1.955,2.055,0.1,1.0
2012-12-27,1.947,2.047,0.1,1.0
2012-12-28,1.967,2.067,0.1,1.0
2012-12-31,1.985,2.085,0.1,1.0
2013-01-04,1.958,2.058,0.1,1.0
2013-01-07,1.976,2.076,0.1,1.0
2013-01-08,2.006,2.106,0.1,1.0
2013-01-09,2.024,2.124,0.1,1.0
2013-01-10,2.038,2.138,0.1,1.0
2013-01-11,2.008,2.108,0.1,1.0
2013-01-14,2.097,2.197,0.1,1.0
2013-01-15,2.135,2.235,0.1,1.0
2013-01-16,2.135,2.235,0.1,1.0
2013-01-17,2.113,2.213,0.1,1.0
2013-01-18,2.145,2.245,0.1,1.0
2013-01-21,2.137,2.237,0.1,1.0
2013-01-22,2.103,2.2030000000000003,0.1,1.0
2013-01-23,2.11,2.21,0.1,1.0
2013-01-24,2.062,2.162,0.1,1.0
2013-01-25,2.066,2.166,0.1,1.0
2013-01-28,2.108,2.208,0.1,1.0
2013-01-29,2.121,2.221,0.1,1.0
2013-01-30,2.119,2.2190000000000003,0.1,1.0
2013-01-31,2.096,2.196,0.1,1.0
2013-02-01,2.114,2.214,0.1,1.0
2013-02-04,2.082,2.182,0.1,1.0
2013-02-05,2.116,2.216,0.1,1.0
2013-02-06,2.132,2.232,0.1,1.0
2013-02-07,2.165,2.265,0.1,1.0
2013-02-08,2.197,2.297,0.1,1.0
2013-02-18,2.184,2.2840000000000003,0.1,1.0
2013-02-19,2.149,2.249,0.1,1.0
2013-02-20,2.202,2.302,0.1,1.0
2013-02-21,2.154,2.254,0.1,1.0
2013-02-22,2.16,2.2600000000000002,0.1,1.0
2013-02-25,2.18,2.2800000000000002,0.1,1.0
2013-02-26,2.141,2.241,0.1,1.0
2013-02-27,2.142,2.242,0.1,1.0
2013-02-28,2.181,2.281,0.1,1.0
2013-03-01,2.207,2.307,0.1,1.0
2013-03-04,2.144,2.244,0.1,1.0
2013-03-05,2.203,2.303,0.1,1.0
2013-03-06,2.242,2.342,0.1,1.0
2013-03-07,2.2,2.3000000000000003,0.1,1.0
2013-03-08,2.178,2.278,0.1,1.0
2013-03-11,2.188,2.2880000000000003,0.1,1.0
2013-03-12,2.129,2.229,0.1,1.0
2013-03-13,2.116,2.216,0.1,1.0
2013-03-14,2.13,2.23,0.1,1.0
2013-03-15,2.142,2.242,0.1,1.0
2013-03-18,2.112,2.212,0.1,1.0
2013-03-19,2.119,2.2190000000000003,0.1,1.0
2013-03-20,2.184,2.2840000000000003,0.1,1.0
2013-03-21,2.198,2.298,0.1,1.0
2013-03-22,2.214,2.314,0.1,1.0
2013-03-25,2.216,2.3160000000000003,0.1,1.0
2013-03-26,2.204,2.3040000000000003,0.1,1.0
2013-03-27,2.202,2.302,0.1,1.0
2013-03-28,2.156,2.2560000000000002,0.1,1.0
2013-03-29,2.158,2.258,0.1,1.0
2013-04-01,2.16,2.2600000000000002,0.1,1.0
2013-04-02,2.105,2.205,0.1,1.0
2013-04-03,2.094,2.194,0.1,1.0
2013-04-08,2.13,2.23,0.1,1.0
2013-04-09,2.14,2.24,0.1,1.0
2013-04-10,2.125,2.225,0.1,1.0
2013-04-11,2.116,2.216,0.1,1.0
2013-04-12,2.109,2.209,0.1,1.0
2013-04-15,2.081,2.181,0.1,1.0
2013-04-16,2.102,2.202,0.1,1.0
2013-04-17,2.139,2.239,0.1,1.0
2013-04-18,2.135,2.235,0.1,1.0
2013-04-19,2.184,2.2840000000000003,0.1,1.0
2013-04-22,2.197,2.297,0.1,1.0
2013-04-23,2.136,2.236,0.1,1.0
2013-04-24,2.188,2.2880000000000003,0.1,1.0
2013-04-25,2.135,2.235,0.1,1.0
2013-04-26,2.098,2.198,0.1,1.0
2013-05-02,2.111,2.2110000000000003,0.1,1.0
2013-05-03,2.158,2.258,0.1,1.0
2013-05-06,2.202,2.302,0.1,1.0
2013-05-07,2.194,2.294,0.1,1.0
2013-05-08,2.219,2.319,0.1,1.0
2013-05-09,2.226,2.326,0.1,1.0
2013-05-10,2.237,2.337,0.1,1.0
2013-05-13,2.236,2.3360000000000003,0.1,1.0
2013-05-14,2.208,2.3080000000000003,0.1,1.0
2013-05-15,2.254,2.354,0.1,1.0
2013-05-16,2.275,2.375,0.1,1.0
2013-05-17,2.314,2.414,0.1,1.0
2013-05-20,2.356,2.456,0.1,1.0
2013-05-21,2.405,2.505,0.1,1.0
2013-05-22,2.375,2.475,0.1,1.0
2013-05-23,2.376,2.476,0.1,1.0
2013-05-24,2.424,2.524,0.1,1.0
2013-05-27,2.434,2.5340000000000003,0.1,1.0
2013-05-28,2.412,2.512,0.1,1.0
2013-05-29,2.44,2.54,0.1,1.0
2013-05-30,2.439,2.539,0.1,1.0
2013-05-31,2.403,2.503,0.1,1.0
2013-06-03,2.378,2.478,0.1,1.0
2013-06-04,2.323,2.423,0.1,1.0
2013-06-05,2.343,2.443,0.1,1.0
2013-06-06,2.314,2.414,0.1,1.0
2013-06-07,2.278,2.378,0.1,1.0
2013-06-13,2.208,2.3080000000000003,0.1,1.0
2013-06-14,2.297,2.3970000000000002,0.1,1.0
2013-06-17,2.29,2.39,0.1,1.0
2013-06-18,2.292,2.392,0.1,1.0
2013-06-19,2.288,2.388,0.1,1.0
2013-06-20,2.21,2.31,0.1,1.0
2013-06-21,2.205,2.305,0.1,1.0
2013-06-24,2.064,2.164,0.1,1.0
2013-06-25,2.07,2.17,0.1,1.0
2013-06-26,2.142,2.242,0.1,1.0
2013-06-27,2.102,2.202,0.1,1.0
2013-06-28,2.105,2.205,0.1,1.0
2013-07-01,2.164,2.2640000000000002,0.1,1.0
2013-07-02,2.207,2.307,0.1,1.0
2013-07-03,2.223,2.323,0.1,1.0
2013-07-04,2.212,2.3120000000000003,0.1,1.0
2013-07-05,2.196,2.2960000000000003,0.1,1.0
2013-07-08,2.114,2.214,0.1,1.0
2013-07-09,2.109,2.209,0.1,1.0
2013-07-10,2.168,2.2680000000000002,0.1,1.0
2013-07-11,2.227,2.327,0.1,1.0
2013-07-12,2.22,2.3200000000000003,0.1,1.0
2013-07-15,2.273,2.373,0.1,1.0
2013-07-16,2.305,2.4050000000000002,0.1,1.0
2013-07-17,2.257,2.357,0.1,1.0
2013-07-18,2.239,2.339,0.1,1.0
2013-07-19,2.203,2.303,0.1,1.0
2013-07-22,2.241,2.341,0.1,1.0
2013-07-23,2.31,2.41,0.1,1.0
2013-07-24,2.32,2.42,0.1,1.0
2013-07-25,2.268,2.368,0.1,1.0
2013-07-26,2.257,2.357,0.1,1.0
2013-07-29,2.208,2.3080000000000003,0.1,1.0
2013-07-30,2.183,2.283,0.1,1.0
2013-07-31,2.182,2.282,0.1,1.0
2013-08-01,2.269,2.369,0.1,1.0
2013-08-02,2.275,2.375,0.1,1.0
2013-08-05,2.326,2.426,0.1,1.0
2013-08-06,2.363,2.463,0.1,1.0
2013-08-07,2.325,2.4250000000000003,0.1,1.0
2013-08-08,2.353,2.4530000000000003,0.1,1.0
2013-08-09,2.339,2.439,0.1,1.0
2013-08-12,2.37,2.47,0.1,1.0
2013-08-13,2.374,2.474,0.1,1.0
2013-08-14,2.365,2.4650000000000003,0.1,1.0
2013-08-15,2.33,2.43,0.1,1.0
2013-08-16,2.266,2.366,0.1,1.0
2013-08-19,2.315,2.415,0.1,1.0
2013-08-20,2.3,2.4,0.1,1.0
2013-08-21,2.322,2.422,0.1,1.0
2013-08-22,2.329,2.4290000000000003,0.1,1.0
2013-08-23,2.341,2.4410000000000003,0.1,1.0
2013-08-26,2.387,2.487,0.1,1.0
2013-08-27,2.389,2.489,0.1,1.0
2013-08-28,2.35,2.45,0.1,1.0
2013-08-29,2.334,2.434,0.1,1.0
2013-08-30,2.293,2.3930000000000002,0.1,1.0
2013-09-02,2.335,2.435,0.1,1.0
2013-09-03,2.364,2.464,0.1,1.0
2013-09-04,2.354,2.454,0.1,1.0
2013-09-05,2.36,2.46,0.1,1.0
2013-09-06,2.367,2.467,0.1,1.0
2013-09-09,2.384,2.484,0.1,1.0
2013-09-10,2.382,2.482,0.1,1.0
2013-09-11,2.337,2.4370000000000003,0.1,1.0
2013-09-12,2.349,2.4490000000000003,0.1,1.0
2013-09-13,2.376,2.476,0.1,1.0
2013-09-16,2.398,2.498,0.1,1.0
2013-09-17,2.365,2.4650000000000003,0.1,1.0
2013-09-18,2.388,2.488,0.1,1.0
2013-09-23,2.467,2.567,0.1,1.0
2013-09-24,2.495,2.595,0.1,1.0
2013-09-25,2.469,2.569,0.1,1.0
2013-09-26,2.427,2.527,0.1,1.0
2013-09-27,2.44,2.54,0.1,1.0
2013-09-30,2.477,2.577,0.1,1.0
2013-10-08,2.513,2.613,0.1,1.0
2013-10-09,2.52,2.62,0.1,1.0
2013-10-10,2.522,2.622,0.1,1.0
2013-10-11,2.521,2.621,0.1,1.0
2013-10-14,2.545,2.645,0.1,1.0
2013-10-15,2.518,2.618,0.1,1.0
2013-10-16,2.47,2.5700000000000003,0.1,1.0
2013-10-17,2.459,2.559,0.1,1.0
2013-10-18,2.483,2.583,0.1,1.0
2013-10-21,2.549,2.649,0.1,1.0
2013-10-22,2.515,2.615,0.1,1.0
2013-10-23,2.446,2.5460000000000003,0.1,1.0
2013-10-24,2.435,2.535,0.1,1.0
2013-10-25,2.364,2.464,0.1,1.0
2013-10-28,2.362,2.462,0.1,1.0
2013-10-29,2.33,2.43,0.1,1.0
2013-10-30,2.356,2.456,0.1,1.0
2013-10-31,2.305,2.4050000000000002,0.1,1.0
2013-11-01,2.294,2.394,0.1,1.0
2013-11-04,2.31,2.41,0.1,1.0
2013-11-05,2.349,2.4490000000000003,0.1,1.0
2013-11-06,2.322,2.422,0.1,1.0
2013-11-07,2.287,2.387,0.1,1.0
2013-11-08,2.252,2.352,0.1,1.0
2013-11-11,2.282,2.382,0.1,1.0
2013-11-12,2.289,2.3890000000000002,0.1,1.0
2013-11-13,2.25,2.35,0.1,1.0
2013-11-14,2.283,2.383,0.1,1.0
2013-11-15,2.318,2.418,0.1,1.0
2013-11-18,2.359,2.459,0.1,1.0
2013-11-19,2.362,2.462,0.1,1.0
2013-11-20,2.373,2.4730000000000003,0.1,1.0
2013-11-21,2.37,2.47,0.1,1.0
2013-11-22,2.357,2.4570000000000003,0.1,1.0
2013-11-25,2.342,2.442,0.1,1.0
2013-11-26,2.346,2.446,0.1,1.0
2013-11-27,2.379,2.479,0.1,1.0
2013-11-28,2.4,2.5,0.1,1.0
2013-11-29,2.411,2.511,0.1,1.0
2013-12-02,2.293,2.3930000000000002,0.1,1.0
2013-12-03,2.341,2.4410000000000003,0.1,1.0
2013-12-04,2.376,2.476,0.1,1.0
2013-12-05,2.357,2.4570000000000003,0.1,1.0
2013-12-06,2.354,2.454,0.1,1.0
2013-12-09,2.37,2.47,0.1,1.0
2013-12-10,2.373,2.4730000000000003,0.1,1.0
2013-12-11,2.358,2.458,0.1,1.0
2013-12-12,2.373,2.4730000000000003,0.1,1.0
2013-12-13,2.38,2.48,0.1,1.0
2013-12-16,2.343,2.443,0.1,1.0
2013-12-17,2.333,2.4330000000000003,0.1,1.0
2013-12-18,2.333,2.4330000000000003,0.1,1.0
2013-12-19,2.318,2.418,0.1,1.0
2013-12-20,2.295,2.395,0.1,1.0
2013-12-23,2.293,2.3930000000000002,0.1,1.0
2013-12-24,2.312,2.412,0.1,1.0
2013-12-25,2.336,2.436,0.1,1.0
2013-12-26,2.298,2.398,0.1,1.0
2013-12-27,2.33,2.43,0.1,1.0
2013-12-30,2.333,2.4330000000000003,0.1,1.0
2013-12-31,2.345,2.4450000000000003,0.1,1.0
2014-01-02,2.382,2.482,0.1,1.0
2014-01-03,2.387,2.487,0.1,1.0
2014-01-06,2.328,2.428,0.1,1.0
2014-01-07,2.35,2.45,0.1,1.0
2014-01-08,2.364,2.464,0.1,1.0
2014-01-09,2.331,2.431,0.1,1.0
2014-01-10,2.287,2.387,0.1,1.0
2014-01-13,2.276,2.376,0.1,1.0
2014-01-14,2.309,2.4090000000000003,0.1,1.0
2014-01-15,2.339,2.439,0.1,1.0
2014-01-16,2.324,2.424,0.1,1.0
2014-01-17,2.293,2.3930000000000002,0.1,1.0
2014-01-20,2.272,2.372,0.1,1.0
2014-01-21,2.294,2.394,0.1,1.0
2014-01-22,2.35,2.45,0.1,1.0
2014-01-23,2.366,2.466,0.1,1.0
2014-01-24,2.404,2.504,0.1,1.0
2014-01-27,2.394,2.494,0.1,1.0
2014-01-28,2.382,2.482,0.1,1.0
2014-01-29,2.398,2.498,0.1,1.0
2014-01-30,2.37,2.47,0.1,1.0
2014-02-07,2.411,2.511,0.1,1.0
2014-02-10,2.492,2.592,0.1,1.0
2014-02-11,2.482,2.5820000000000003,0.1,1.0
2014-02-12,2.51,2.61,0.1,1.0
2014-02-13,2.473,2.573,0.1,1.0
2014-02-14,2.514,2.614,0.1,1.0
2014-02-17,2.545,2.645,0.1,1.0
2014-02-18,2.535,2.6350000000000002,0.1,1.0
2014-02-19,2.55,2.65,0.1,1.0
2014-02-20,2.496,2.596,0.1,1.0
2014-02-21,2.483,2.583,0.1,1.0
2014-02-24,2.479,2.579,0.1,1.0
2014-02-25,2.375,2.475,0.1,1.0
2014-02-26,2.38,2.48,0.1,1.0
2014-02-27,2.325,2.4250000000000003,0.1,1.0
2014-02-28,2.363,2.463,0.1,1.0
2014-03-03,2.395,2.495,0.1,1.0
2014-03-04,2.37,2.47,0.1,1.0
2014-03-05,2.37,2.47,0.1,1.0
2014-03-06,2.36,2.46,0.1,1.0
2014-03-07,2.35,2.45,0.1,1.0
2014-03-10,2.27,2.37,0.1,1.0
2014-03-11,2.264,2.364,0.1,1.0
2014-03-12,2.252,2.352,0.1,1.0
2014-03-13,2.266,2.386,0.12,1.0
2014-03-14,2.247,2.367,0.12,1.0
2014-03-17,2.291,2.411,0.12,1.0
2014-03-18,2.297,2.4170000000000003,0.12,1.0
2014-03-19,2.262,2.382,0.12,1.0
2014-03-20,2.191,2.311,0.12,1.0
2014-03-21,2.235,2.355,0.12,1.0
2014-03-24,2.229,2.349,0.12,1.0
2014-03-25,2.226,2.346,0.12,1.0
2014-03-26,2.244,2.3640000000000003,0.12,1.0
2014-03-27,2.197,2.317,0.12,1.0
2014-03-28,2.146,2.266,0.12,1.0
2014-03-31,2.143,2.263,0.12,1.0
2014-04-01,2.179,2.299,0.12,1.0
2014-04-02,2.179,2.299,0.12,1.0
2014-04-03,2.187,2.307,0.12,1.0
2014-04-04,2.216,2.3360000000000003,0.12,1.0
2014-04-08,2.241,2.361,0.12,1.0
2014-04-09,2.257,2.3770000000000002,0.12,1.0
2014-04-10,2.266,2.386,0.12,1.0
2014-04-11,2.25,2.37,0.12,1.0
2014-04-14,2.263,2.383,0.12,1.0
2014-04-15,2.234,2.354,0.12,1.0
2014-04-16,2.234,2.354,0.12,1.0
2014-04-17,2.245,2.365,0.12,1.0
2014-04-18,2.253,2.373,0.12,1.0
2014-04-21,2.209,2.329,0.12,1.0
2014-04-22,2.2,2.3200000000000003,0.12,1.0
2014-04-23,2.2,2.3200000000000003,0.12,1.0
2014-04-24,2.174,2.294,0.12,1.0
2014-04-25,2.141,2.261,0.12,1.0
2014-04-28,2.087,2.2070000000000003,0.12,1.0
2014-04-29,2.105,2.225,0.12,1.0
2014-04-30,2.12,2.24,0.12,1.0
2014-05-05,2.142,2.262,0.12,1.0
2014-05-06,2.163,2.283,0.12,1.0
2014-05-07,2.126,2.246,0.12,1.0
2014-05-08,2.117,2.237,0.12,1.0
2014-05-09,2.092,2.212,0.12,1.0
2014-05-12,2.149,2.269,0.12,1.0
2014-05-13,2.143,2.263,0.12,1.0
2014-05-14,2.144,2.2640000000000002,0.12,1.0
2014-05-15,2.096,2.216,0.12,1.0
2014-05-16,2.097,2.217,0.12,1.0
2014-05-19,2.084,2.204,0.12,1.0
2014-05-20,2.089,2.209,0.12,1.0
2014-05-21,2.119,2.2390000000000003,0.12,1.0
2014-05-22,2.114,2.234,0.12,1.0
2014-05-23,2.139,2.259,0.12,1.0
2014-05-26,2.154,2.274,0.12,1.0
2014-05-27,2.148,2.2680000000000002,0.12,1.0
2014-05-28,2.183,2.303,0.12,1.0
2014-05-29,2.159,2.279,0.12,1.0
2014-05-30,2.166,2.286,0.12,1.0
2014-06-03,2.167,2.287,0.12,1.0
2014-06-04,2.14,2.2600000000000002,0.12,1.0
2014-06-05,2.167,2.287,0.12,1.0
2014-06-06,2.167,2.287,0.12,1.0
2014-06-09,2.154,2.274,0.12,1.0
2014-06-10,2.189,2.309,0.12,1.0
2014-06-11,2.193,2.313,0.12,1.0
2014-06-12,2.184,2.3040000000000003,0.12,1.0
2014-06-13,2.211,2.331,0.12,1.0
2014-06-16,2.225,2.345,0.12,1.0
2014-06-17,2.201,2.321,0.12,1.0
2014-06-18,2.196,2.3160000000000003,0.12,1.0
2014-06-19,2.136,2.2560000000000002,0.12,1.0
2014-06-20,2.159,2.279,0.12,1.0
2014-06-23,2.174,2.294,0.12,1.0
2014-06-24,2.192,2.3120000000000003,0.12,1.0
2014-06-25,2.176,2.2960000000000003,0.12,1.0
2014-06-26,2.205,2.325,0.12,1.0
2014-06-27,2.21,2.33,0.12,1.0
2014-06-30,2.23,2.35,0.12,1.0
2014-07-01,2.252,2.372,0.12,1.0
2014-07-02,2.259,2.379,0.12,1.0
2014-07-03,2.263,2.383,0.12,1.0
2014-07-04,2.258,2.378,0.12,1.0
2014-07-07,2.249,2.369,0.12,1.0
2014-07-08,2.26,2.38,0.12,1.0
2014-07-09,2.215,2.335,0.12,1.0
2014-07-10,2.191,2.311,0.12,1.0
2014-07-11,2.202,2.322,0.12,1.0
2014-07-14,2.217,2.337,0.12,1.0
2014-07-15,2.215,2.335,0.12,1.0
2014-07-16,2.192,2.3120000000000003,0.12,1.0
2014-07-17,2.179,2.299,0.12,1.0
2014-07-18,2.177,2.297,0.12,1.0
2014-07-21,2.183,2.303,0.12,1.0
2014-07-22,2.208,2.3280000000000003,0.12,1.0
2014-07-23,2.185,2.305,0.12,1.0
2014-07-24,2.18,2.3000000000000003,0.12,1.0
2014-07-25,2.2,2.3200000000000003,0.12,1.0
2014-07-28,2.25,2.37,0.12,1.0
2014-07-29,2.277,2.3970000000000002,0.12,1.0
2014-07-30,2.291,2.411,0.12,1.0
2014-07-31,2.307,2.427,0.12,1.0
2014-08-01,2.28,2.4,0.12,1.0
2014-08-04,2.312,2.432,0.12,1.0
2014-08-05,2.324,2.444,0.12,1.0
2014-08-06,2.339,2.459,0.12,1.0
2014-08-07,2.313,2.4330000000000003,0.12,1.0
2014-08-08,2.326,2.446,0.12,1.0
2014-08-11,2.364,2.484,0.12,1.0
2014-08-12,2.364,2.484,0.12,1.0
2014-08-13,2.367,2.487,0.12,1.0
2014-08-14,2.344,2.464,0.12,1.0
2014-08-15,2.382,2.5020000000000002,0.12,1.0
2014-08-18,2.415,2.535,0.12,1.0
2014-08-19,2.425,2.545,0.12,1.0
2014-08-20,2.422,2.5420000000000003,0.12,1.0
2014-08-21,2.433,2.553,0.12,1.0
2014-08-22,2.447,2.567,0.12,1.0
2014-08-25,2.431,2.551,0.12,1.0
2014-08-26,2.396,2.516,0.12,1.0
2014-08-27,2.422,2.5420000000000003,0.12,1.0
2014-08-28,2.395,2.515,0.12,1.0
2014-08-29,2.423,2.543,0.12,1.0
2014-09-01,2.462,2.5820000000000003,0.12,1.0
2014-09-02,2.49,2.6100000000000003,0.12,1.0
2014-09-03,2.506,2.626,0.12,1.0
2014-09-04,2.526,2.646,0.12,1.0
2014-09-05,2.534,2.654,0.12,1.0
2014-09-09,2.545,2.665,0.12,1.0
2014-09-10,2.551,2.6710000000000003,0.12,1.0
2014-09-11,2.54,2.66,0.12,1.0
2014-09-12,2.568,2.688,0.12,1.0
2014-09-15,2.583,2.7030000000000003,0.12,1.0
2014-09-16,2.485,2.605,0.12,1.0
2014-09-17,2.505,2.625,0.12,1.0
2014-09-18,2.513,2.633,0.12,1.0
2014-09-19,2.532,2.652,0.12,1.0
2014-09-22,2.493,2.613,0.12,1.0
2014-09-23,2.519,2.6390000000000002,0.12,1.0
2014-09-24,2.553,2.673,0.12,1.0
2014-09-25,2.554,2.674,0.12,1.0
2014-09-26,2.563,2.6830000000000003,0.12,1.0
2014-09-29,2.593,2.713,0.12,1.0
2014-09-30,2.612,2.732,0.12,1.0
2014-10-08,2.638,2.758,0.12,1.0
2014-10-09,2.645,2.765,0.12,1.0
2014-10-10,2.628,2.748,0.12,1.0
2014-10-13,2.605,2.725,0.12,1.0
2014-10-14,2.594,2.714,0.12,1.0
2014-10-15,2.611,2.7310000000000003,0.12,1.0
2014-10-16,2.574,2.694,0.12,1.0
2014-10-17,2.555,2.6750000000000003,0.12,1.0
2014-10-20,2.589,2.709,0.12,1.0
2014-10-21,2.564,2.684,0.12,1.0
2014-10-22,2.544,2.664,0.12,1.0
2014-10-23,2.513,2.633,0.12,1.0
2014-10-24,2.522,2.642,0.12,1.0
2014-10-27,2.534,2.654,0.12,1.0
2014-10-28,2.581,2.701,0.12,1.0
2014-10-29,2.594,2.714,0.12,1.0
2014-10-30,2.589,2.709,0.12,1.0
2014-10-31,2.586,2.706,0.12,1.0
2014-11-03,2.59,2.71,0.12,1.0
2014-11-04,2.564,2.684,0.12,1.0
2014-11-05,2.565,2.685,0.12,1.0
2014-11-06,2.579,2.6990000000000003,0.12,1.0
2014-11-07,2.556,2.676,0.12,1.0
2014-11-10,2.577,2.697,0.12,1.0
2014-11-11,2.491,2.611,0.12,1.0
2014-11-12,2.516,2.636,0.12,1.0
2014-11-13,2.465,2.585,0.12,1.0
2014-11-14,2.475,2.595,0.12,1.0
2014-11-17,2.498,2.6180000000000003,0.12,1.0
2014-11-18,2.501,2.621,0.12,1.0
2014-11-19,2.517,2.637,0.12,1.0
2014-11-20,2.496,2.616,0.12,1.0
2014-11-21,2.52,2.64,0.12,1.0
2014-11-24,2.537,2.657,0.12,1.0
2014-11-25,2.587,2.7070000000000003,0.12,1.0
2014-11-26,2.59,2.71,0.12,1.0
2014-11-27,2.599,2.7190000000000003,0.12,1.0
2014-11-28,2.602,2.722,0.12,1.0
2014-12-01,2.573,2.693,0.12,1.0
2014-12-02,2.609,2.729,0.12,1.0
2014-12-03,2.651,2.771,0.12,1.0
2014-12-04,2.723,2.843,0.12,1.0
2014-12-05,2.648,2.7680000000000002,0.12,1.0
2014-12-08,2.648,2.7680000000000002,0.12,1.0
2014-12-09,2.551,2.6710000000000003,0.12,1.0
2014-12-10,2.655,2.775,0.12,1.0
2014-12-11,2.666,2.786,0.12,1.0
2014-12-12,2.689,2.809,0.12,1.0
2014-12-15,2.741,2.861,0.12,1.0
2014-12-16,2.717,2.837,0.12,1.0
2014-12-17,2.688,2.8080000000000003,0.12,1.0
2014-12-18,2.682,2.802,0.12,1.0
2014-12-19,2.639,2.759,0.12,1.0
2014-12-22,2.521,2.641,0.12,1.0
2014-12-23,2.511,2.6310000000000002,0.12,1.0
2014-12-24,2.543,2.6630000000000003,0.12,1.0
2014-12-25,2.565,2.685,0.12,1.0
2014-12-26,2.583,2.7030000000000003,0.12,1.0
2014-12-29,2.554,2.674,0.12,1.0
2014-12-30,2.507,2.6270000000000002,0.12,1.0
2014-12-31,2.545,2.665,0.12,1.0
2015-01-05,2.61,2.73,0.12,1.0
2015-01-06,2.655,2.775,0.12,1.0
2015-01-07,2.634,2.754,0.12,1.0
2015-01-08,2.639,2.759,0.12,1.0
2015-01-09,2.629,2.749,0.12,1.0
2015-01-12,2.647,2.767,0.12,1.0
2015-01-13,2.72,2.8400000000000003,0.12,1.0
2015-01-14,2.696,2.8160000000000003,0.12,1.0
2015-01-15,2.695,2.815,0.12,1.0
2015-01-16,2.744,2.8640000000000003,0.12,1.0
2015-01-19,2.67,2.79,0.12,1.0
2015-01-20,2.775,2.895,0.12,1.0
2015-01-21,2.828,2.948,0.12,1.0
2015-01-22,2.858,2.978,0.12,1.0
2015-01-23,2.826,2.946,0.12,1.0
2015-01-26,2.895,3.015,0.12,1.0
2015-01-27,2.905,3.025,0.12,1.0
2015-01-28,2.865,2.9850000000000003,0.12,1.0
2015-01-29,2.856,2.976,0.12,1.0
2015-01-30,2.816,2.936,0.12,1.0
2015-02-02,2.8,2.92,0.12,1.0
2015-02-03,2.883,3.003,0.12,1.0
2015-02-04,2.864,2.984,0.12,1.0
2015-02-05,2.864,2.984,0.12,1.0
2015-02-06,2.805,2.9250000000000003,0.12,1.0
2015-02-09,2.784,2.904,0.12,1.0
2015-02-10,2.861,2.9810000000000003,0.12,1.0
2015-02-11,2.895,3.015,0.12,1.0
2015-02-12,2.913,3.033,0.12,1.0
2015-02-13,2.957,3.077,0.12,1.0
2015-02-16,3.052,3.172,0.12,1.0
2015-02-17,3.06,3.18,0.12,1.0
2015-02-25,3.027,3.1470000000000002,0.12,1.0
2015-02-26,3.059,3.1790000000000003,0.12,1.0
2015-02-27,3.083,3.2030000000000003,0.12,1.0
2015-03-02,3.135,3.255,0.12,1.0
2015-03-03,3.089,3.209,0.12,1.0
2015-03-04,3.151,3.271,0.12,1.0
2015-03-05,3.168,3.2880000000000003,0.12,1.0
2015-03-06,3.086,3.206,0.12,1.0
2015-03-09,3.133,3.253,0.12,1.0
2015-03-10,3.186,3.306,0.12,1.0
2015-03-11,3.174,3.294,0.12,1.0
2015-03-12,3.174,3.294,0.12,1.0
2015-03-13,3.217,3.337,0.12,1.0
2015-03-16,3.336,3.456,0.12,1.0
2015-03-17,3.343,3.463,0.12,1.0
2015-03-18,3.415,3.535,0.12,1.0
2015-03-19,3.42,3.54,0.12,1.0
2015-03-20,3.444,3.564,0.12,1.0
2015-03-23,3.56,3.68,0.12,1.0
2015-03-24,3.6,3.72,0.12,1.0
2015-03-25,3.67,3.79,0.12,1.0
2015-03-26,3.587,3.7070000000000003,0.12,1.0
2015-03-27,3.655,3.775,0.12,1.0
2015-03-30,3.688,3.8080000000000003,0.12,1.0
2015-03-31,3.716,3.8360000000000003,0.12,1.0
2015-04-01,3.825,3.9450000000000003,0.12,1.0
2015-04-02,3.895,4.015,0.12,1.0
2015-04-03,3.928,4.048,0.12,1.0
2015-04-07,3.985,4.1049999999999995,0.12,1.0
2015-04-08,3.918,4.038,0.12,1.0
2015-04-09,3.845,3.9650000000000003,0.12,1.0
2015-04-10,3.96,4.08,0.12,1.0
2015-04-13,4.052,4.172,0.12,1.0
2015-04-14,4.024,4.144,0.12,1.0
2015-04-15,3.878,3.998,0.12,1.0
2015-04-16,3.92,4.04,0.12,1.0
2015-04-17,3.915,4.035,0.12,1.0
2015-04-20,3.815,3.935,0.12,1.0
2015-04-21,3.982,4.102,0.12,1.0
2015-04-22,4.083,4.203,0.12,1.0
2015-04-23,4.103,4.223,0.12,1.0
2015-04-24,4.14,4.26,0.12,1.0
2015-04-27,4.155,4.275,0.12,1.0
2015-04-28,4.018,4.138,0.12,1.0
2015-04-29,4.104,4.224,0.12,1.0
2015-04-30,4.076,4.196,0.12,1.0
2015-05-04,4.099,4.219,0.12,1.0
2015-05-05,3.995,4.115,0.12,1.0
2015-05-06,4.001,4.121,0.12,1.0
2015-05-07,3.967,4.087,0.12,1.0
2015-05-08,4.19,4.3100000000000005,0.12,1.0
2015-05-11,4.389,4.509,0.12,1.0
2015-05-12,4.461,4.581,0.12,1.0
2015-05-13,4.509,4.6290000000000004,0.12,1.0
2015-05-14,4.498,4.618,0.12,1.0
2015-05-15,4.465,4.585,0.12,1.0
2015-05-18,4.623,4.743,0.12,1.0
2015-05-19,4.732,4.852,0.12,1.0
2015-05-20,4.85,4.97,0.12,1.0
2015-05-21,5.116,5.236,0.12,1.0
2015-05-22,5.072,5.192,0.12,1.0
2015-05-25,5.171,5.291,0.12,1.0
2015-05-26,5.398,5.518,0.12,1.0
2015-05-27,5.368,5.488,0.12,1.0
2015-05-28,5.04,5.16,0.12,1.0
2015-05-29,5.104,5.224,0.12,1.0
2015-06-01,5.4,5.5200000000000005,0.12,1.0
2015-06-02,5.53,5.65,0.12,1.0
2015-06-03,5.466,5.586,0.12,1.0
2015-06-04,5.439,5.559,0.12,1.0
2015-06-05,5.433,5.553,0.12,1.0
2015-06-08,5.34,5.46,0.12,1.0
2015-06-09,5.34,5.46,0.12,1.0
2015-06-10,5.458,5.578,0.12,1.0
2015-06-11,5.538,5.658,0.12,1.0
2015-06-12,5.558,5.678,0.12,1.0
2015-06-15,5.437,5.557,0.12,1.0
2015-06-16,5.218,5.338,0.12,1.0
2015-06-17,5.28,5.4,0.12,1.0
2015-06-18,5.05,5.17,0.12,1.0
2015-06-19,4.738,4.8580000000000005,0.12,1.0
2015-06-23,4.85,4.97,0.12,1.0
2015-06-24,4.902,5.022,0.12,1.0
2015-06-25,4.727,4.847,0.12,1.0
2015-06-26,4.254,4.374,0.12,1.0
2015-06-29,3.99,4.11,0.12,1.0
2015-06-30,4.348,4.468,0.12,1.0
2015-07-01,4.063,4.183,0.12,1.0
2015-07-02,3.852,3.972,0.12,1.0
2015-07-03,3.767,3.887,0.12,1.0
2015-07-06,3.705,3.825,0.12,1.0
2015-07-07,3.335,3.455,0.12,1.0
2015-07-08,3.002,3.122,0.12,1.0
2015-07-09,3.302,3.422,0.12,1.0
2015-07-10,3.632,3.7520000000000002,0.12,1.0
2015-07-13,3.995,4.115,0.12,1.0
2015-07-14,4.207,4.327,0.12,1.0
2015-07-15,3.786,3.906,0.12,1.0
2015-07-16,3.826,3.946,0.12,1.0
2015-07-17,4.149,4.269,0.12,1.0
2015-07-20,4.108,4.228,0.12,1.0
2015-07-21,4.158,4.2780000000000005,0.12,1.0
2015-07-22,4.175,4.295,0.12,1.0
2015-07-23,4.286,4.406,0.12,1.0
2015-07-24,4.177,4.297,0.12,1.0
2015-07-27,3.759,3.879,0.12,1.0
2015-07-28,3.809,3.9290000000000003,0.12,1.0
2015-07-29,4.003,4.123,0.12,1.0
2015-07-30,3.81,3.93,0.12,1.0
2015-07-31,3.844,3.964,0.12,1.0
2015-08-03,3.751,3.871,0.12,1.0
2015-08-04,4.005,4.125,0.12,1.0
2015-08-05,3.89,4.01,0.12,1.0
2015-08-06,3.862,3.982,0.12,1.0
2015-08-07,3.98,4.1,0.12,1.0
2015-08-10,4.169,4.289,0.12,1.0
2015-08-11,4.15,4.2700000000000005,0.12,1.0
2015-08-12,4.051,4.171,0.12,1.0
2015-08-13,4.176,4.296,0.12,1.0
2015-08-14,4.155,4.275,0.12,1.0
2015-08-17,4.199,4.319,0.12,1.0
2015-08-18,3.833,3.9530000000000003,0.12,1.0
2015-08-19,4.01,4.13,0.12,1.0
2015-08-20,3.89,4.01,0.12,1.0
2015-08-21,3.706,3.826,0.12,1.0
2015-08-24,3.335,3.455,0.12,1.0
2015-08-25,3.002,3.122,0.12,1.0
2015-08-26,3.035,3.1550000000000002,0.12,1.0
2015-08-27,3.187,3.307,0.12,1.0
2015-08-28,3.349,3.4690000000000003,0.12,1.0
2015-08-31,3.23,3.35,0.12,1.0
2015-09-01,3.06,3.18,0.12,1.0
2015-09-02,3.09,3.21,0.12,1.0
2015-09-07,3.102,3.222,0.12,1.0
2015-09-08,3.242,3.362,0.12,1.0
2015-09-09,3.315,3.435,0.12,1.0
2015-09-10,3.214,3.334,0.12,1.0
2015-09-11,3.223,3.343,0.12,1.0
2015-09-14,2.901,3.021,0.12,1.0
2015-09-15,2.8,2.92,0.12,1.0
2015-09-16,3.08,3.2,0.12,1.0
2015-09-17,2.969,3.089,0.12,1.0
2015-09-18,3.015,3.1350000000000002,0.12,1.0
2015-09-21,3.126,3.246,0.12,1.0
2015-09-22,3.149,3.269,0.12,1.0
2015-09-23,3.103,3.2230000000000003,0.12,1.0
2015-09-24,3.167,3.287,0.12,1.0
2015-09-25,3.067,3.1870000000000003,0.12,1.0
2015-09-28,3.13,3.25,0.12,1.0
2015-09-29,3.091,3.2110000000000003,0.12,1.0
2015-09-30,3.07,3.19,0.12,1.0
2015-10-08,3.236,3.3560000000000003,0.12,1.0
2015-10-09,3.271,3.391,0.12,1.0
2015-10-12,3.42,3.54,0.12,1.0
2015-10-13,3.446,3.5660000000000003,0.12,1.0
2015-10-14,3.403,3.523,0.12,1.0
2015-10-15,3.538,3.658,0.12,1.0
2015-10-16,3.571,3.6910000000000003,0.12,1.0
2015-10-19,3.546,3.666,0.12,1.0
2015-10-20,3.653,3.773,0.12,1.0
2015-10-21,3.432,3.552,0.12,1.0
2015-10-22,3.57,3.69,0.12,1.0
2015-10-23,3.656,3.7760000000000002,0.12,1.0
2015-10-26,3.669,3.789,0.12,1.0
2015-10-27,3.705,3.825,0.12,1.0
2015-10-28,3.59,3.71,0.12,1.0
2015-10-29,3.598,3.718,0.12,1.0
2015-10-30,3.632,3.7520000000000002,0.12,1.0
2015-11-02,3.551,3.6710000000000003,0.12,1.0
2015-11-03,3.55,3.67,0.12,1.0
2015-11-04,3.789,3.9090000000000003,0.12,1.0
2015-11-05,3.752,3.872,0.12,1.0
2015-11-06,3.853,3.9730000000000003,0.12,1.0
2015-11-09,3.915,4.035,0.12,1.0
2015-11-10,3.931,4.051,0.12,1.0
2015-11-11,3.983,4.103,0.12,1.0
2015-11-12,3.99,4.11,0.12,1.0
2015-11-13,3.894,4.014,0.12,1.0
2015-11-16,3.985,4.1049999999999995,0.12,1.0
2015-11-17,3.926,4.046,0.12,1.0
2015-11-18,3.867,3.987,0.12,1.0
2015-11-19,3.995,4.115,0.12,1.0
2015-11-20,4.002,4.122,0.12,1.0
2015-11-23,3.966,4.086,0.12,1.0
2015-11-24,4.02,4.14,0.12,1.0
2015-11-25,4.095,4.215,0.12,1.0
2015-11-26,4.035,4.155,0.12,1.0
2015-11-27,3.748,3.8680000000000003,0.12,1.0
2015-11-30,3.795,3.915,0.12,1.0
2015-12-01,3.809,3.9290000000000003,0.12,1.0
2015-12-02,3.808,3.928,0.12,1.0
2015-12-03,3.891,4.011,0.12,1.0
2015-12-04,3.823,3.943,0.12,1.0
2015-12-07,3.88,4.0,0.12,1.0
2015-12-08,3.793,3.9130000000000003,0.12,1.0
2015-12-09,3.771,3.891,0.12,1.0
2015-12-10,3.789,3.9090000000000003,0.12,1.0
2015-12-11,3.781,3.9010000000000002,0.12,1.0
2015-12-14,3.879,3.999,0.12,1.0
2015-12-15,3.881,4.0009999999999994,0.12,1.0
2015-12-16,3.9,4.02,0.12,1.0
2015-12-17,3.993,4.1129999999999995,0.12,1.0
2015-12-18,3.97,4.09,0.12,1.0
2015-12-21,4.025,4.1450000000000005,0.12,1.0
2015-12-22,4.054,4.174,0.12,1.0
2015-12-23,4.01,4.13,0.12,1.0
2015-12-24,3.991,4.111,0.12,1.0
2015-12-25,4.01,4.13,0.12,1.0
2015-12-28,3.917,4.037,0.12,1.0
2015-12-29,3.966,4.086,0.12,1.0
2015-12-30,3.998,4.118,0.12,1.0
2015-12-31,3.925,4.045,0.12,1.0
2016-01-04,3.591,3.7110000000000003,0.12,1.0
2016-01-05,3.585,3.705,0.12,1.0
2016-01-06,3.617,3.737,0.12,1.0
2016-01-07,3.29,3.41,0.12,1.0
2016-01-08,3.364,3.484,0.12,1.0
2016-01-11,3.164,3.2840000000000003,0.12,1.0
2016-01-12,3.191,3.311,0.12,1.0
2016-01-13,3.073,3.193,0.12,1.0
2016-01-14,3.203,3.323,0.12,1.0
2016-01-15,3.093,3.213,0.12,1.0
2016-01-18,3.144,3.2640000000000002,0.12,1.0
2016-01-19,3.27,3.39,0.12,1.0
2016-01-20,3.223,3.343,0.12,1.0
2016-01-21,3.107,3.2270000000000003,0.12,1.0
2016-01-22,3.135,3.255,0.12,1.0
2016-01-25,3.156,3.2760000000000002,0.12,1.0
2016-01-26,2.955,3.075,0.12,1.0
2016-01-27,2.923,3.043,0.12,1.0
2016-01-28,2.82,2.94,0.12,1.0
2016-01-29,2.928,3.048,0.12,1.0
2016-02-01,2.91,3.0300000000000002,0.12,1.0
2016-02-02,2.995,3.115,0.12,1.0
2016-02-03,2.997,3.117,0.12,1.0
2016-02-04,3.04,3.16,0.12,1.0
2016-02-05,3.0,3.12,0.12,1.0
2016-02-15,3.0,3.12,0.12,1.0
2016-02-16,3.115,3.2350000000000003,0.12,1.0
2016-02-17,3.149,3.269,0.12,1.0
2016-02-18,3.129,3.249,0.12,1.0
2016-02-19,3.14,3.2600000000000002,0.12,1.0
2016-02-22,3.205,3.325,0.12,1.0
2016-02-23,3.183,3.303,0.12,1.0
2016-02-24,3.171,3.291,0.12,1.0
2016-02-25,2.905,3.025,0.12,1.0
2016-02-26,2.941,3.061,0.12,1.0
2016-02-29,2.801,2.9210000000000003,0.12,1.0
2016-03-01,2.869,2.9890000000000003,0.12,1.0
2016-03-02,3.003,3.123,0.12,1.0
2016-03-03,2.996,3.116,0.12,1.0
2016-03-04,2.927,3.047,0.12,1.0
2016-03-07,2.97,3.0900000000000003,0.12,1.0
2016-03-08,2.967,3.087,0.12,1.0
2016-03-09,2.918,3.0380000000000003,0.12,1.0
2016-03-10,2.88,3.0,0.12,1.0
2016-03-11,2.874,2.994,0.12,1.0
2016-03-14,2.958,3.0780000000000003,0.12,1.0
2016-03-15,2.941,3.061,0.12,1.0
2016-03-16,2.909,3.029,0.12,1.0
2016-03-17,3.007,3.1270000000000002,0.12,1.0
2016-03-18,3.107,3.2270000000000003,0.12,1.0
2016-03-21,3.185,3.305,0.12,1.0
2016-03-22,3.178,3.298,0.12,1.0
2016-03-23,3.23,3.35,0.12,1.0
2016-03-24,3.166,3.286,0.12,1.0
2016-03-25,3.191,3.311,0.12,1.0
2016-03-28,3.163,3.283,0.12,1.0
2016-03-29,3.111,3.2310000000000003,0.12,1.0
2016-03-30,3.221,3.341,0.12,1.0
2016-03-31,3.21,3.33,0.12,1.0
2016-04-01,3.181,3.301,0.12,1.0
2016-04-05,3.263,3.383,0.12,1.0
2016-04-06,3.282,3.402,0.12,1.0
2016-04-07,3.218,3.338,0.12,1.0
2016-04-08,3.19,3.31,0.12,1.0
2016-04-11,3.248,3.3680000000000003,0.12,1.0
2016-04-12,3.227,3.347,0.12,1.0
2016-04-13,3.259,3.379,0.12,1.0
2016-04-14,3.29,3.41,0.12,1.0
2016-04-15,3.28,3.4,0.12,1.0
2016-04-18,3.23,3.35,0.12,1.0
2016-04-19,3.235,3.355,0.12,1.0
2016-04-20,3.105,3.225,0.12,1.0
2016-04-21,3.091,3.2110000000000003,0.12,1.0
2016-04-22,3.119,3.2390000000000003,0.12,1.0
2016-04-25,3.116,3.236,0.12,1.0
2016-04-26,3.137,3.257,0.12,1.0
2016-04-27,3.123,3.2430000000000003,0.12,1.0
2016-04-28,3.118,3.238,0.12,1.0
2016-04-29,3.125,3.245,0.12,1.0
2016-05-03,3.214,3.334,0.12,1.0
2016-05-04,3.215,3.335,0.12,1.0
2016-05-05,3.222,3.342,0.12,1.0
2016-05-06,3.11,3.23,0.12,1.0
2016-05-09,3.03,3.15,0.12,1.0
2016-05-10,3.03,3.15,0.12,1.0
2016-05-11,3.028,3.148,0.12,1.0
2016-05-12,3.055,3.1750000000000003,0.12,1.0
2016-05-13,3.033,3.153,0.12,1.0
2016-05-16,3.089,3.209,0.12,1.0
2016-05-17,3.081,3.201,0.12,1.0
2016-05-18,3.025,3.145,0.12,1.0
2016-05-19,3.029,3.149,0.12,1.0
2016-05-20,3.047,3.1670000000000003,0.12,1.0
2016-05-23,3.076,3.196,0.12,1.0
2016-05-24,3.052,3.172,0.12,1.0
2016-05-25,3.036,3.156,0.12,1.0
2016-05-26,3.049,3.169,0.12,1.0
2016-05-27,3.05,3.17,0.12,1.0
2016-05-30,3.03,3.15,0.12,1.0
2016-05-31,3.16,3.2800000000000002,0.12,1.0
2016-06-01,3.165,3.285,0.12,1.0
2016-06-02,3.19,3.31,0.12,1.0
2016-06-03,3.232,3.3520000000000003,0.12,1.0
2016-06-06,3.237,3.357,0.12,1.0
2016-06-07,3.237,3.357,0.12,1.0
2016-06-08,3.234,3.354,0.12,1.0
2016-06-13,3.089,3.209,0.12,1.0
2016-06-14,3.097,3.217,0.12,1.0
2016-06-15,3.188,3.3080000000000003,0.12,1.0
2016-06-16,3.167,3.287,0.12,1.0
2016-06-17,3.196,3.3160000000000003,0.12,1.0
2016-06-20,3.211,3.331,0.12,1.0
2016-06-21,3.187,3.307,0.12,1.0
2016-06-22,3.237,3.357,0.12,1.0
2016-06-23,3.215,3.335,0.12,1.0
2016-06-24,3.165,3.285,0.12,1.0
2016-06-27,3.259,3.379,0.12,1.0
2016-06-28,3.286,3.406,0.12,1.0
2016-06-29,3.277,3.3970000000000002,0.12,1.0
2016-06-30,3.286,3.406,0.12,1.0
2016-07-01,3.274,3.394,0.12,1.0
2016-07-04,3.338,3.458,0.12,1.0
2016-07-05,3.319,3.439,0.12,1.0
2016-07-06,3.332,3.452,0.12,1.0
2016-07-07,3.327,3.447,0.12,1.0
2016-07-08,3.33,3.45,0.12,1.0
2016-07-11,3.303,3.423,0.12,1.0
2016-07-12,3.359,3.479,0.12,1.0
2016-07-13,3.385,3.505,0.12,1.0
2016-07-14,3.385,3.505,0.12,1.0
2016-07-15,3.385,3.505,0.12,1.0
2016-07-18,3.355,3.475,0.12,1.0
2016-07-19,3.369,3.4890000000000003,0.12,1.0
2016-07-20,3.364,3.484,0.12,1.0
2016-07-21,3.371,3.491,0.12,1.0
2016-07-22,3.351,3.471,0.12,1.0
2016-07-25,3.358,3.478,0.12,1.0
2016-07-26,3.398,3.5180000000000002,0.12,1.0
2016-07-27,3.258,3.378,0.12,1.0
2016-07-28,3.255,3.375,0.12,1.0
2016-07-29,3.236,3.3560000000000003,0.12,1.0
2016-08-01,3.186,3.306,0.12,1.0
2016-08-02,3.206,3.326,0.12,1.0
2016-08-03,3.216,3.3360000000000003,0.12,1.0
2016-08-04,3.24,3.3600000000000003,0.12,1.0
2016-08-05,3.233,3.353,0.12,1.0
2016-08-08,3.278,3.398,0.12,1.0
2016-08-09,3.304,3.424,0.12,1.0
2016-08-10,3.284,3.404,0.12,1.0
2016-08-11,3.254,3.374,0.12,1.0
2016-08-12,3.281,3.4010000000000002,0.12,1.0
2016-08-15,3.363,3.483,0.12,1.0
2016-08-16,3.365,3.4850000000000003,0.12,1.0
2016-08-17,3.375,3.495,0.12,1.0
2016-08-18,3.366,3.486,0.12,1.0
2016-08-19,3.374,3.494,0.12,1.0
2016-08-22,3.328,3.448,0.12,1.0
2016-08-23,3.338,3.458,0.12,1.0
2016-08-24,3.344,3.464,0.12,1.0
2016-08-25,3.327,3.447,0.12,1.0
2016-08-26,3.337,3.4570000000000003,0.12,1.0
2016-08-29,3.365,3.4850000000000003,0.12,1.0
2016-08-30,3.344,3.464,0.12,1.0
2016-08-31,3.352,3.472,0.12,1.0
2016-09-01,3.324,3.444,0.12,1.0
2016-09-02,3.304,3.424,0.12,1.0
2016-09-05,3.309,3.4290000000000003,0.12,1.0
2016-09-06,3.366,3.486,0.12,1.0
2016-09-07,3.352,3.472,0.12,1.0
2016-09-08,3.364,3.484,0.12,1.0
2016-09-09,3.336,3.456,0.12,1.0
2016-09-12,3.238,3.358,0.12,1.0
2016-09-13,3.259,3.379,0.12,1.0
2016-09-14,3.24,3.3600000000000003,0.12,1.0
2016-09-19,3.264,3.384,0.12,1.0
2016-09-20,3.26,3.38,0.12,1.0
2016-09-21,3.268,3.388,0.12,1.0
2016-09-22,3.284,3.404,0.12,1.0
2016-09-23,3.286,3.406,0.12,1.0
2016-09-26,3.215,3.335,0.12,1.0
2016-09-27,3.233,3.353,0.12,1.0
2016-09-28,3.226,3.346,0.12,1.0
2016-09-29,3.246,3.366,0.12,1.0
2016-09-30,3.26,3.38,0.12,1.0
2016-10-10,3.323,3.443,0.12,1.0
2016-10-11,3.337,3.4570000000000003,0.12,1.0
2016-10-12,3.337,3.4570000000000003,0.12,1.0
2016-10-13,3.338,3.458,0.12,1.0
2016-10-14,3.338,3.458,0.12,1.0
2016-10-17,3.3,3.42,0.12,1.0
2016-10-18,3.348,3.468,0.12,1.0
2016-10-19,3.329,3.4490000000000003,0.12,1.0
2016-10-20,3.349,3.4690000000000003,0.12,1.0
2016-10-21,3.341,3.4610000000000003,0.12,1.0
2016-10-24,3.37,3.49,0.12,1.0
2016-10-25,3.371,3.491,0.12,1.0
2016-10-26,3.353,3.4730000000000003,0.12,1.0
2016-10-27,3.351,3.471,0.12,1.0
2016-10-28,3.327,3.447,0.12,1.0
2016-10-31,3.31,3.43,0.12,1.0
2016-11-01,3.341,3.4610000000000003,0.12,1.0
2016-11-02,3.309,3.4290000000000003,0.12,1.0
2016-11-03,3.329,3.4490000000000003,0.12,1.0
2016-11-04,3.305,3.4250000000000003,0.12,1.0
2016-11-07,3.308,3.428,0.12,1.0
2016-11-08,3.323,3.443,0.12,1.0
2016-11-09,3.286,3.406,0.12,1.0
2016-11-10,3.324,3.444,0.12,1.0
2016-11-11,3.337,3.4570000000000003,0.12,1.0
2016-11-14,3.331,3.451,0.12,1.0
2016-11-15,3.345,3.4650000000000003,0.12,1.0
2016-11-16,3.352,3.472,0.12,1.0
2016-11-17,3.346,3.466,0.12,1.0
2016-11-18,3.328,3.448,0.12,1.0
2016-11-21,3.325,3.4450000000000003,0.12,1.0
2016-11-22,3.349,3.4690000000000003,0.12,1.0
2016-11-23,3.33,3.45,0.12,1.0
2016-11-24,3.303,3.423,0.12,1.0
2016-11-25,3.324,3.444,0.12,1.0
2016-11-28,3.332,3.452,0.12,1.0
2016-11-29,3.331,3.451,0.12,1.0
2016-11-30,3.311,3.431,0.12,1.0
2016-12-01,3.326,3.446,0.12,1.0
2016-12-02,3.29,3.41,0.12,1.0
2016-12-05,3.286,3.406,0.12,1.0
2016-12-06,3.288,3.408,0.12,1.0
2016-12-07,3.304,3.424,0.12,1.0
2016-12-08,3.301,3.4210000000000003,0.12,1.0
2016-12-09,3.278,3.398,0.12,1.0
2016-12-12,3.137,3.257,0.12,1.0
2016-12-13,3.144,3.2640000000000002,0.12,1.0
2016-12-14,3.121,3.241,0.12,1.0
2016-12-15,3.122,3.242,0.12,1.0
2016-12-16,3.136,3.2560000000000002,0.12,1.0
2016-12-19,3.124,3.244,0.12,1.0
2016-12-20,3.12,3.24,0.12,1.0
2016-12-21,3.144,3.2640000000000002,0.12,1.0
2016-12-22,3.144,3.2640000000000002,0.12,1.0
2016-12-23,3.12,3.24,0.12,1.0
2016-12-26,3.134,3.254,0.12,1.0
2016-12-27,3.13,3.25,0.12,1.0
2016-12-28,3.118,3.238,0.12,1.0
2016-12-29,3.107,3.2270000000000003,0.12,1.0
2016-12-30,3.118,3.238,0.12,1.0
2017-01-03,3.128,3.248,0.12,1.0
2017-01-04,3.169,3.289,0.12,1.0
2017-01-05,3.164,3.2840000000000003,0.12,1.0
2017-01-06,3.136,3.2560000000000002,0.12,1.0
2017-01-09,3.144,3.2640000000000002,0.12,1.0
2017-01-10,3.137,3.257,0.12,1.0
2017-01-11,3.117,3.237,0.12,1.0
2017-01-12,3.085,3.205,0.12,1.0
2017-01-13,3.042,3.162,0.12,1.0
2017-01-16,2.952,3.072,0.12,1.0
2017-01-17,2.991,3.111,0.12,1.0
2017-01-18,2.988,3.108,0.12,1.0
2017-01-19,2.975,3.095,0.12,1.0
2017-01-20,3.01,3.13,0.12,1.0
2017-01-23,3.024,3.144,0.12,1.0
2017-01-24,3.017,3.137,0.12,1.0
2017-01-25,3.032,3.152,0.12,1.0
2017-01-26,3.048,3.168,0.12,1.0
2017-02-03,3.045,3.165,0.12,1.0
2017-02-06,3.062,3.182,0.12,1.0
2017-02-07,3.052,3.172,0.12,1.0
2017-02-08,3.079,3.1990000000000003,0.12,1.0
2017-02-09,3.096,3.216,0.12,1.0
2017-02-10,3.097,3.217,0.12,1.0
2017-02-13,3.122,3.242,0.12,1.0
2017-02-14,3.124,3.244,0.12,1.0
2017-02-15,3.093,3.213,0.12,1.0
2017-02-16,3.123,3.2430000000000003,0.12,1.0
2017-02-17,3.11,3.23,0.12,1.0
2017-02-20,3.151,3.271,0.12,1.0
2017-02-21,3.17,3.29,0.12,1.0
2017-02-22,3.18,3.3000000000000003,0.12,1.0
2017-02-23,3.183,3.303,0.12,1.0
2017-02-24,3.193,3.313,0.12,1.0
2017-02-27,3.172,3.2920000000000003,0.12,1.0
2017-02-28,3.182,3.302,0.12,1.0
2017-03-01,3.188,3.3080000000000003,0.12,1.0
2017-03-02,3.178,3.298,0.12,1.0
2017-03-03,3.208,3.3280000000000003,0.12,1.0
2017-03-06,3.245,3.365,0.12,1.0
2017-03-07,3.245,3.365,0.12,1.0
2017-03-08,3.23,3.35,0.12,1.0
2017-03-09,3.208,3.3280000000000003,0.12,1.0
2017-03-10,3.227,3.347,0.12,1.0
2017-03-13,3.273,3.3930000000000002,0.12,1.0
2017-03-14,3.259,3.379,0.12,1.0
2017-03-15,3.258,3.378,0.12,1.0
2017-03-16,3.287,3.407,0.12,1.0
2017-03-17,3.245,3.365,0.12,1.0
2017-03-20,3.248,3.3680000000000003,0.12,1.0
2017-03-21,3.27,3.39,0.12,1.0
2017-03-22,3.256,3.376,0.12,1.0
2017-03-23,3.27,3.39,0.12,1.0
2017-03-24,3.297,3.4170000000000003,0.12,1.0
2017-03-27,3.278,3.398,0.12,1.0
2017-03-28,3.274,3.394,0.12,1.0
2017-03-29,3.261,3.3810000000000002,0.12,1.0
2017-03-30,3.201,3.321,0.12,1.0
2017-03-31,3.232,3.3520000000000003,0.12,1.0
2017-04-05,3.301,3.4210000000000003,0.12,1.0
2017-04-06,3.296,3.416,0.12,1.0
2017-04-07,3.31,3.43,0.12,1.0
2017-04-10,3.278,3.398,0.12,1.0
2017-04-11,3.299,3.419,0.12,1.0
2017-04-12,3.266,3.386,0.12,1.0
2017-04-13,3.287,3.407,0.12,1.0
2017-04-14,3.253,3.373,0.12,1.0
2017-04-17,3.235,3.355,0.12,1.0
2017-04-18,3.229,3.349,0.12,1.0
2017-04-19,3.215,3.335,0.12,1.0
2017-04-20,3.229,3.349,0.12,1.0
2017-04-21,3.208,3.3280000000000003,0.12,1.0
2017-04-24,3.143,3.263,0.12,1.0
2017-04-25,3.156,3.2760000000000002,0.12,1.0
2017-04-26,3.18,3.3000000000000003,0.12,1.0
2017-04-27,3.183,3.303,0.12,1.0
2017-04-28,3.176,3.2960000000000003,0.12,1.0
2017-05-02,3.17,3.29,0.12,1.0
2017-05-03,3.154,3.274,0.12,1.0
2017-05-04,3.153,3.273,0.12,1.0
2017-05-05,3.112,3.232,0.12,1.0
2017-05-08,3.08,3.2,0.12,1.0
2017-05-09,3.084,3.204,0.12,1.0
2017-05-10,3.062,3.182,0.12,1.0
2017-05-11,3.073,3.193,0.12,1.0
2017-05-12,3.067,3.1870000000000003,0.12,1.0
2017-05-15,3.09,3.21,0.12,1.0
2017-05-16,3.165,3.285,0.12,1.0
2017-05-17,3.144,3.2640000000000002,0.12,1.0
2017-05-18,3.126,3.246,0.12,1.0
2017-05-19,3.122,3.242,0.12,1.0
2017-05-22,3.103,3.2230000000000003,0.12,1.0
2017-05-23,3.072,3.192,0.12,1.0
2017-05-24,3.101,3.221,0.12,1.0
2017-05-25,3.115,3.2350000000000003,0.12,1.0
2017-05-26,3.09,3.21,0.12,1.0
2017-05-31,3.087,3.2070000000000003,0.12,1.0
2017-06-01,3.059,3.1790000000000003,0.12,1.0
2017-06-02,3.077,3.197,0.12,1.0
2017-06-05,3.102,3.222,0.12,1.0
2017-06-06,3.122,3.242,0.12,1.0
2017-06-07,3.195,3.315,0.12,1.0
2017-06-08,3.193,3.313,0.12,1.0
2017-06-09,3.222,3.342,0.12,1.0
2017-06-12,3.189,3.309,0.12,1.0
2017-06-13,3.236,3.3560000000000003,0.12,1.0
2017-06-14,3.207,3.327,0.12,1.0
2017-06-15,3.233,3.353,0.12,1.0
2017-06-16,3.224,3.3440000000000003,0.12,1.0
2017-06-19,3.237,3.357,0.12,1.0
2017-06-20,3.241,3.361,0.12,1.0
2017-06-21,3.28,3.4,0.12,1.0
2017-06-22,3.25,3.37,0.12,1.0
2017-06-23,3.282,3.402,0.12,1.0
2017-06-26,3.34,3.46,0.12,1.0
2017-06-27,3.324,3.444,0.12,1.0
2017-06-28,3.31,3.43,0.12,1.0
2017-06-29,3.345,3.4650000000000003,0.12,1.0
2017-06-30,3.35,3.47,0.12,1.0
2017-07-03,3.34,3.46,0.12,1.0
2017-07-04,3.323,3.443,0.12,1.0
2017-07-05,3.361,3.4810000000000003,0.12,1.0
2017-07-06,3.353,3.4730000000000003,0.12,1.0
2017-07-07,3.359,3.479,0.12,1.0
2017-07-10,3.335,3.455,0.12,1.0
2017-07-11,3.32,3.44,0.12,1.0
2017-07-12,3.328,3.448,0.12,1.0
2017-07-13,3.328,3.448,0.12,1.0
2017-07-14,3.335,3.455,0.12,1.0
2017-07-17,3.22,3.3400000000000003,0.12,1.0
2017-07-18,3.229,3.349,0.12,1.0
2017-07-19,3.316,3.436,0.12,1.0
2017-07-20,3.345,3.4650000000000003,0.12,1.0
2017-07-21,3.342,3.462,0.12,1.0
2017-07-24,3.351,3.471,0.12,1.0
2017-07-25,3.334,3.454,0.12,1.0
2017-07-26,3.302,3.422,0.12,1.0
2017-07-27,3.352,3.472,0.12,1.0
2017-07-28,3.368,3.488,0.12,1.0
2017-07-31,3.407,3.527,0.12,1.0
2017-08-01,3.412,3.532,0.12,1.0
2017-08-02,3.398,3.5180000000000002,0.12,1.0
2017-08-03,3.367,3.487,0.12,1.0
2017-08-04,3.338,3.458,0.12,1.0
2017-08-07,3.359,3.479,0.12,1.0
2017-08-08,3.362,3.482,0.12,1.0
2017-08-09,3.386,3.5060000000000002,0.12,1.0
2017-08-10,3.372,3.492,0.12,1.0
2017-08-11,3.302,3.422,0.12,1.0
2017-08-14,3.422,3.5420000000000003,0.12,1.0
2017-08-15,3.438,3.5580000000000003,0.12,1.0
2017-08-16,3.47,3.5900000000000003,0.12,1.0
2017-08-17,3.481,3.601,0.12,1.0
2017-08-18,3.478,3.5980000000000003,0.12,1.0
2017-08-21,3.484,3.604,0.12,1.0
2017-08-22,3.474,3.5940000000000003,0.12,1.0
2017-08-23,3.47,3.5900000000000003,0.12,1.0
2017-08-24,3.442,3.5620000000000003,0.12,1.0
2017-08-25,3.476,3.596,0.12,1.0
2017-08-28,3.505,3.625,0.12,1.0
2017-08-29,3.511,3.6310000000000002,0.12,1.0
2017-08-30,3.526,3.646,0.12,1.0
2017-08-31,3.542,3.662,0.12,1.0
2017-09-01,3.571,3.6910000000000003,0.12,1.0
2017-09-04,3.598,3.718,0.12,1.0
2017-09-05,3.616,3.736,0.12,1.0
2017-09-06,3.618,3.738,0.12,1.0
2017-09-07,3.593,3.713,0.12,1.0
2017-09-08,3.604,3.724,0.12,1.0
2017-09-11,3.647,3.767,0.12,1.0
2017-09-12,3.65,3.77,0.12,1.0
2017-09-13,3.66,3.7800000000000002,0.12,1.0
2017-09-14,3.633,3.753,0.12,1.0
2017-09-15,3.616,3.736,0.12,1.0
2017-09-18,3.659,3.779,0.12,1.0
2017-09-19,3.618,3.738,0.12,1.0
2017-09-20,3.671,3.791,0.12,1.0
2017-09-21,3.662,3.782,0.12,1.0
2017-09-22,3.64,3.7600000000000002,0.12,1.0
2017-09-25,3.591,3.7110000000000003,0.12,1.0
2017-09-26,3.594,3.714,0.12,1.0
2017-09-27,3.636,3.7560000000000002,0.12,1.0
2017-09-28,3.638,3.758,0.12,1.0
2017-09-29,3.656,3.7760000000000002,0.12,1.0
2017-10-09,3.692,3.8120000000000003,0.12,1.0
2017-10-10,3.719,3.839,0.12,1.0
2017-10-11,3.732,3.8520000000000003,0.12,1.0
2017-10-12,3.72,3.8400000000000003,0.12,1.0
2017-10-13,3.759,3.879,0.12,1.0
2017-10-16,3.733,3.853,0.12,1.0
2017-10-17,3.732,3.8520000000000003,0.12,1.0
2017-10-18,3.742,3.862,0.12,1.0
2017-10-19,3.723,3.843,0.12,1.0
2017-10-20,3.745,3.865,0.12,1.0
2017-10-23,3.77,3.89,0.12,1.0
2017-10-24,3.776,3.896,0.12,1.0
2017-10-25,3.793,3.9130000000000003,0.12,1.0
2017-10-26,3.798,3.918,0.12,1.0
2017-10-27,3.773,3.8930000000000002,0.12,1.0
2017-10-30,3.738,3.858,0.12,1.0
2017-10-31,3.78,3.9,0.12,1.0
2017-11-01,3.772,3.892,0.12,1.0
2017-11-02,3.769,3.8890000000000002,0.12,1.0
2017-11-03,3.751,3.871,0.12,1.0
2017-11-06,3.795,3.915,0.12,1.0
2017-11-07,3.83,3.95,0.12,1.0
2017-11-08,3.818,3.938,0.12,1.0
2017-11-09,3.867,3.987,0.12,1.0
2017-11-10,3.904,4.024,0.12,1.0
2017-11-13,3.938,4.058,0.12,1.0
2017-11-14,3.898,4.018,0.12,1.0
2017-11-15,3.807,3.927,0.12,1.0
2017-11-16,3.848,3.968,0.12,1.0
2017-11-17,3.77,3.89,0.12,1.0
2017-11-20,3.85,3.97,0.12,1.0
2017-11-21,3.905,4.0249999999999995,0.12,1.0
2017-11-22,3.88,4.0,0.12,1.0
2017-11-23,3.732,3.8520000000000003,0.12,1.0
2017-11-24,3.731,3.851,0.12,1.0
2017-11-27,3.633,3.753,0.12,1.0
2017-11-28,3.7,3.8200000000000003,0.12,1.0
2017-11-29,3.691,3.811,0.12,1.0
2017-11-30,3.642,3.762,0.12,1.0
2017-12-01,3.69,3.81,0.12,1.0
2017-12-04,3.678,3.798,0.12,1.0
2017-12-05,3.608,3.728,0.12,1.0
2017-12-06,3.637,3.757,0.12,1.0
2017-12-07,3.585,3.705,0.12,1.0
2017-12-08,3.638,3.758,0.12,1.0
2017-12-11,3.71,3.83,0.12,1.0
2017-12-12,3.686,3.806,0.12,1.0
2017-12-13,3.724,3.8440000000000003,0.12,1.0
2017-12-14,3.696,3.8160000000000003,0.12,1.0
2017-12-15,3.652,3.7720000000000002,0.12,1.0
2017-12-18,3.613,3.733,0.12,1.0
2017-12-19,3.657,3.777,0.12,1.0
2017-12-20,3.634,3.754,0.12,1.0
2017-12-21,3.69,3.81,0.12,1.0
2017-12-22,3.671,3.791,0.12,1.0
2017-12-25,3.632,3.7520000000000002,0.12,1.0
2017-12-26,3.639,3.759,0.12,1.0
2017-12-27,3.596,3.716,0.12,1.0
2017-12-28,3.613,3.733,0.12,1.0
2017-12-29,3.648,3.7680000000000002,0.12,1.0
2018-01-02,3.684,3.8040000000000003,0.12,1.0
2018-01-03,3.729,3.849,0.12,1.0
2018-01-04,3.745,3.865,0.12,1.0
2018-01-05,3.723,3.843,0.12,1.0
2018-01-08,3.73,3.85,0.12,1.0
2018-01-09,3.737,3.857,0.12,1.0
2018-01-10,3.729,3.849,0.12,1.0
2018-01-11,3.753,3.873,0.12,1.0
2018-01-12,3.74,3.8600000000000003,0.12,1.0
2018-01-15,3.667,3.787,0.12,1.0
2018-01-16,3.672,3.7920000000000003,0.12,1.0
2018-01-17,3.637,3.757,0.12,1.0
2018-01-18,3.641,3.761,0.12,1.0
2018-01-19,3.643,3.763,0.12,1.0
2018-01-22,3.709,3.829,0.12,1.0
2018-01-23,3.724,3.8440000000000003,0.12,1.0
2018-01-24,3.737,3.857,0.12,1.0
2018-01-25,3.715,3.835,0.12,1.0
2018-01-26,3.704,3.8240000000000003,0.12,1.0
2018-01-29,3.633,3.753,0.12,1.0
2018-01-30,3.627,3.747,0.12,1.0
2018-01-31,3.574,3.694,0.12,1.0
2018-02-01,3.487,3.607,0.12,1.0
2018-02-02,3.509,3.629,0.12,1.0
2018-02-05,3.481,3.601,0.12,1.0
2018-02-06,3.353,3.4730000000000003,0.12,1.0
2018-02-07,3.304,3.424,0.12,1.0
2018-02-08,3.382,3.5020000000000002,0.12,1.0
2018-02-09,3.272,3.392,0.12,1.0
2018-02-12,3.39,3.5100000000000002,0.12,1.0
2018-02-13,3.398,3.5180000000000002,0.12,1.0
2018-02-14,3.418,3.5380000000000003,0.12,1.0
2018-02-22,3.504,3.624,0.12,1.0
2018-02-23,3.506,3.626,0.12,1.0
2018-02-26,3.617,3.737,0.12,1.0
2018-02-27,3.583,3.7030000000000003,0.12,1.0
2018-02-28,3.601,3.721,0.12,1.0
2018-03-01,3.658,3.778,0.12,1.0
2018-03-02,3.588,3.708,0.12,1.0
2018-03-05,3.605,3.725,0.12,1.0
2018-03-06,3.637,3.757,0.12,1.0
2018-03-07,3.592,3.712,0.12,1.0
2018-03-08,3.622,3.742,0.12,1.0
2018-03-09,3.697,3.817,0.12,1.0
2018-03-12,3.752,3.872,0.12,1.0
2018-03-13,3.706,3.826,0.12,1.0
2018-03-14,3.675,3.795,0.12,1.0
2018-03-15,3.69,3.81,0.12,1.0
2018-03-16,3.636,3.7560000000000002,0.12,1.0
2018-03-19,3.654,3.774,0.12,1.0
2018-03-20,3.651,3.771,0.12,1.0
2018-03-21,3.625,3.745,0.12,1.0
2018-03-22,3.595,3.7150000000000003,0.12,1.0
2018-03-23,3.44,3.56,0.12,1.0
2018-03-26,3.51,3.63,0.12,1.0
2018-03-27,3.596,3.716,0.12,1.0
2018-03-28,3.528,3.648,0.12,1.0
2018-03-29,3.543,3.6630000000000003,0.12,1.0
2018-03-30,3.588,3.708,0.12,1.0
2018-04-02,3.556,3.676,0.12,1.0
2018-04-03,3.532,3.652,0.12,1.0
2018-04-04,3.5,3.62,0.12,1.0
2018-04-09,3.494,3.6140000000000003,0.12,1.0
2018-04-10,3.535,3.6550000000000002,0.12,1.0
2018-04-11,3.553,3.673,0.12,1.0
2018-04-12,3.53,3.65,0.12,1.0
2018-04-13,3.52,3.64,0.12,1.0
2018-04-16,3.501,3.621,0.12,1.0
2018-04-17,3.405,3.525,0.12,1.0
2018-04-18,3.433,3.553,0.12,1.0
2018-04-19,3.459,3.579,0.12,1.0
2018-04-20,3.405,3.525,0.12,1.0
2018-04-23,3.353,3.4730000000000003,0.12,1.0
2018-04-24,3.425,3.545,0.12,1.0
2018-04-25,3.417,3.537,0.12,1.0
2018-04-26,3.351,3.471,0.12,1.0
2018-04-27,3.376,3.496,0.12,1.0
2018-05-02,3.389,3.509,0.12,1.0
2018-05-03,3.426,3.5460000000000003,0.12,1.0
2018-05-04,3.424,3.544,0.12,1.0
2018-05-07,3.497,3.617,0.12,1.0
2018-05-08,3.516,3.636,0.12,1.0
2018-05-09,3.514,3.634,0.12,1.0
2018-05-10,3.535,3.6550000000000002,0.12,1.0
2018-05-11,3.51,3.63,0.12,1.0
2018-05-14,3.553,3.673,0.12,1.0
2018-05-15,3.57,3.69,0.12,1.0
2018-05-16,3.57,3.69,0.12,1.0
2018-05-17,3.538,3.658,0.12,1.0
2018-05-18,3.542,3.662,0.12,1.0
2018-05-21,3.581,3.701,0.12,1.0
2018-05-22,3.585,3.705,0.12,1.0
2018-05-23,3.539,3.6590000000000003,0.12,1.0
2018-05-24,3.515,3.6350000000000002,0.12,1.0
2018-05-25,3.465,3.585,0.12,1.0
2018-05-28,3.484,3.604,0.12,1.0
2018-05-29,3.436,3.556,0.12,1.0
2018-05-30,3.363,3.483,0.12,1.0
2018-05-31,3.422,3.5420000000000003,0.12,1.0
2018-06-01,3.386,3.5060000000000002,0.12,1.0
2018-06-04,3.383,3.503,0.12,1.0
2018-06-05,3.45,3.5700000000000003,0.12,1.0
2018-06-06,3.447,3.567,0.12,1.0
2018-06-07,3.429,3.549,0.12,1.0
2018-06-08,3.392,3.512,0.12,1.0
2018-06-11,3.378,3.498,0.12,1.0
2018-06-12,3.415,3.535,0.12,1.0
2018-06-13,3.359,3.479,0.12,1.0
2018-06-14,3.343,3.463,0.12,1.0
2018-06-15,3.293,3.4130000000000003,0.12,1.0
2018-06-19,3.12,3.24,0.12,1.0
2018-06-20,3.156,3.2760000000000002,0.12,1.0
2018-06-21,3.09,3.21,0.12,1.0
2018-06-22,3.142,3.262,0.12,1.0
2018-06-25,3.111,3.2310000000000003,0.12,1.0
2018-06-26,3.126,3.246,0.12,1.0
2018-06-27,3.054,3.174,0.12,1.0
2018-06-28,3.026,3.146,0.12,1.0
2018-06-29,3.131,3.251,0.12,1.0
2018-07-02,3.065,3.185,0.12,1.0
2018-07-03,3.08,3.2,0.12,1.0
2018-07-04,3.015,3.1350000000000002,0.12,1.0
2018-07-05,2.938,3.0580000000000003,0.12,1.0
2018-07-06,2.971,3.091,0.12,1.0
2018-07-09,3.066,3.186,0.12,1.0
2018-07-10,3.076,3.196,0.12,1.0
2018-07-11,3.031,3.1510000000000002,0.12,1.0
2018-07-12,3.122,3.242,0.12,1.0
2018-07-13,3.136,3.2560000000000002,0.12,1.0
2018-07-16,3.137,3.257,0.12,1.0
2018-07-17,3.121,3.241,0.12,1.0
2018-07-18,3.091,3.2110000000000003,0.12,1.0
2018-07-19,3.087,3.2070000000000003,0.12,1.0
2018-07-20,3.133,3.253,0.12,1.0
2018-07-23,3.151,3.271,0.12,1.0
2018-07-24,3.184,3.3040000000000003,0.12,1.0
2018-07-25,3.178,3.298,0.12,1.0
2018-07-26,3.132,3.2520000000000002,0.12,1.0
2018-07-27,3.122,3.242,0.12,1.0
2018-07-30,3.07,3.19,0.12,1.0
2018-07-31,3.068,3.188,0.12,1.0
2018-08-01,3.012,3.132,0.12,1.0
2018-08-02,2.937,3.057,0.12,1.0
2018-08-03,2.88,3.0,0.12,1.0
2018-08-06,2.8,2.92,0.12,1.0
2018-08-07,2.876,2.996,0.12,1.0
2018-08-08,2.817,2.9370000000000003,0.12,1.0
2018-08-09,2.91,3.0300000000000002,0.12,1.0
2018-08-10,2.922,3.0420000000000003,0.12,1.0
2018-08-13,2.946,3.0660000000000003,0.12,1.0
2018-08-14,2.922,3.0420000000000003,0.12,1.0
2018-08-15,2.858,2.978,0.12,1.0
2018-08-16,2.83,2.95,0.12,1.0
2018-08-17,2.781,2.9010000000000002,0.12,1.0
2018-08-20,2.81,2.93,0.12,1.0
2018-08-21,2.845,2.9650000000000003,0.12,1.0
2018-08-22,2.809,2.9290000000000003,0.12,1.0
2018-08-23,2.822,2.942,0.12,1.0
2018-08-24,2.818,2.938,0.12,1.0
2018-08-27,2.894,3.0140000000000002,0.12,1.0
2018-08-28,2.89,3.0100000000000002,0.12,1.0
2018-08-29,2.875,2.995,0.12,1.0
2018-08-30,2.84,2.96,0.12,1.0
2018-08-31,2.81,2.93,0.12,1.0
2018-09-03,2.812,2.932,0.12,1.0
2018-09-04,2.847,2.967,0.12,1.0
2018-09-05,2.803,2.923,0.12,1.0
2018-09-06,2.776,2.896,0.12,1.0
2018-09-07,2.768,2.888,0.12,1.0
2018-09-10,2.69,2.81,0.12,1.0
2018-09-11,2.69,2.81,0.12,1.0
2018-09-12,2.668,2.7880000000000003,0.12,1.0
2018-09-13,2.679,2.799,0.12,1.0
2018-09-14,2.67,2.79,0.12,1.0
2018-09-17,2.624,2.744,0.12,1.0
2018-09-18,2.67,2.79,0.12,1.0
2018-09-19,2.7,2.8200000000000003,0.12,1.0
2018-09-20,2.706,2.826,0.12,1.0
2018-09-21,2.779,2.899,0.12,1.0
2018-09-25,2.755,2.875,0.12,1.0
2018-09-26,2.782,2.902,0.12,1.0
2018-09-27,2.756,2.876,0.12,1.0
2018-09-28,2.776,2.896,0.12,1.0
2018-10-08,2.643,2.763,0.12,1.0
2018-10-09,2.63,2.75,0.12,1.0
2018-10-10,2.608,2.728,0.12,1.0
2018-10-11,2.43,2.5500000000000003,0.12,1.0
2018-10-12,2.457,2.577,0.12,1.0
2018-10-15,2.42,2.54,0.12,1.0
2018-10-16,2.371,2.491,0.12,1.0
2018-10-17,2.393,2.513,0.12,1.0
2018-10-18,2.355,2.475,0.12,1.0
2018-10-19,2.407,2.527,0.12,1.0
2018-10-22,2.55,2.67,0.12,1.0
2018-10-23,2.467,2.587,0.12,1.0
2018-10-24,2.454,2.5740000000000003,0.12,1.0
2018-10-25,2.438,2.5580000000000003,0.12,1.0
2018-10-26,2.429,2.549,0.12,1.0
2018-10-29,2.369,2.4890000000000003,0.12,1.0
2018-10-30,2.379,2.499,0.12,1.0
2018-10-31,2.403,2.523,0.12,1.0
2018-11-01,2.445,2.565,0.12,1.0
2018-11-02,2.576,2.696,0.12,1.0
2018-11-05,2.549,2.669,0.12,1.0
2018-11-06,2.508,2.628,0.12,1.0
2018-11-07,2.489,2.609,0.12,1.0
2018-11-08,2.475,2.595,0.12,1.0
2018-11-09,2.465,2.585,0.12,1.0
2018-11-12,2.526,2.646,0.12,1.0
2018-11-13,2.555,2.6750000000000003,0.12,1.0
2018-11-14,2.534,2.654,0.12,1.0
2018-11-15,2.559,2.6790000000000003,0.12,1.0
2018-11-16,2.59,2.71,0.12,1.0
2018-11-19,2.593,2.713,0.12,1.0
2018-11-20,2.524,2.644,0.12,1.0
2018-11-21,2.529,2.649,0.12,1.0
2018-11-22,2.535,2.6550000000000002,0.12,1.0
2018-11-23,2.439,2.559,0.12,1.0
2018-11-26,2.431,2.551,0.12,1.0
2018-11-27,2.43,2.5500000000000003,0.12,1.0
2018-11-28,2.476,2.596,0.12,1.0
2018-11-29,2.432,2.552,0.12,1.0
2018-11-30,2.462,2.5820000000000003,0.12,1.0
2018-12-03,2.559,2.6790000000000003,0.12,1.0
2018-12-04,2.563,2.6830000000000003,0.12,1.0
2018-12-05,2.556,2.676,0.12,1.0
2018-12-06,2.491,2.611,0.12,1.0
2018-12-07,2.491,2.611,0.12,1.0
2018-12-10,2.459,2.579,0.12,1.0
2018-12-11,2.467,2.587,0.12,1.0
2018-12-12,2.466,2.5860000000000003,0.12,1.0
2018-12-13,2.5,2.62,0.12,1.0
2018-12-14,2.443,2.563,0.12,1.0
2018-12-17,2.423,2.543,0.12,1.0
2018-12-18,2.403,2.523,0.12,1.0
2018-12-19,2.366,2.486,0.12,1.0
2018-12-20,2.36,2.48,0.12,1.0
2018-12-21,2.326,2.446,0.12,1.0
2018-12-24,2.347,2.467,0.12,1.0
2018-12-25,2.332,2.452,0.12,1.0
2018-12-26,2.314,2.434,0.12,1.0
2018-12-27,2.29,2.41,0.12,1.0
2018-12-28,2.294,2.414,0.12,1.0
2019-01-02,2.269,2.3890000000000002,0.12,1.0
2019-01-03,2.242,2.362,0.12,1.0
2019-01-04,2.302,2.422,0.12,1.0
2019-01-07,2.352,2.472,0.12,1.0
2019-01-08,2.35,2.47,0.12,1.0
2019-01-09,2.365,2.4850000000000003,0.12,1.0
2019-01-10,2.361,2.4810000000000003,0.12,1.0
2019-01-11,2.374,2.494,0.12,1.0
2019-01-14,2.353,2.4730000000000003,0.12,1.0
2019-01-15,2.396,2.516,0.12,1.0
2019-01-16,2.388,2.508,0.12,1.0
2019-01-17,2.367,2.487,0.12,1.0
2019-01-18,2.406,2.5260000000000002,0.12,1.0
2019-01-21,2.419,2.539,0.12,1.0
2019-01-22,2.385,2.505,0.12,1.0
2019-01-23,2.384,2.504,0.12,1.0
2019-01-24,2.401,2.521,0.12,1.0
2019-01-25,2.415,2.535,0.12,1.0
2019-01-28,2.418,2.5380000000000003,0.12,1.0
2019-01-29,2.396,2.516,0.12,1.0
2019-01-30,2.365,2.4850000000000003,0.12,1.0
2019-01-31,2.365,2.4850000000000003,0.12,1.0
2019-02-01,2.448,2.568,0.12,1.0
2019-02-11,2.529,2.649,0.12,1.0
2019-02-12,2.551,2.6710000000000003,0.12,1.0
2019-02-13,2.608,2.728,0.12,1.0
2019-02-14,2.632,2.7520000000000002,0.12,1.0
2019-02-15,2.598,2.718,0.12,1.0
2019-02-18,2.709,2.829,0.12,1.0
2019-02-19,2.7,2.8200000000000003,0.12,1.0
2019-02-20,2.718,2.838,0.12,1.0
2019-02-21,2.71,2.83,0.12,1.0
2019-02-22,2.79,2.91,0.12,1.0
2019-02-25,2.934,3.0540000000000003,0.12,1.0
2019-02-26,2.91,3.0300000000000002,0.12,1.0
2019-02-27,2.878,2.998,0.12,1.0
2019-02-28,2.873,2.9930000000000003,0.12,1.0
2019-03-01,2.895,3.015,0.12,1.0
2019-03-04,2.959,3.079,0.12,1.0
2019-03-05,3.031,3.1510000000000002,0.12,1.0
2019-03-06,3.06,3.18,0.12,1.0
2019-03-07,3.044,3.164,0.12,1.0
2019-03-08,2.967,3.087,0.12,1.0
2019-03-11,3.074,3.194,0.12,1.0
2019-03-12,3.118,3.238,0.12,1.0
2019-03-13,3.025,3.145,0.12,1.0
2019-03-14,2.973,3.093,0.12,1.0
2019-03-15,3.023,3.1430000000000002,0.12,1.0
2019-03-18,3.103,3.2230000000000003,0.12,1.0
2019-03-19,3.094,3.214,0.12,1.0
2019-03-20,3.077,3.197,0.12,1.0
2019-03-21,3.102,3.222,0.12,1.0
2019-03-22,3.101,3.221,0.12,1.0
2019-03-25,3.045,3.165,0.12,1.0
2019-03-26,2.979,3.099,0.12,1.0
2019-03-27,3.005,3.125,0.12,1.0
2019-03-28,2.99,3.1100000000000003,0.12,1.0
2019-03-29,3.111,3.2310000000000003,0.12,1.0
2019-04-01,3.223,3.343,0.12,1.0
2019-04-02,3.207,3.327,0.12,1.0
2019-04-03,3.236,3.3560000000000003,0.12,1.0
2019-04-04,3.241,3.361,0.12,1.0
2019-04-08,3.208,3.3280000000000003,0.12,1.0
2019-04-09,3.21,3.33,0.12,1.0
2019-04-10,3.2,3.3200000000000003,0.12,1.0
2019-04-11,3.126,3.246,0.12,1.0
2019-04-12,3.127,3.247,0.12,1.0
2019-04-15,3.099,3.2190000000000003,0.12,1.0
2019-04-16,3.168,3.2880000000000003,0.12,1.0
2019-04-17,3.179,3.299,0.12,1.0
2019-04-18,3.152,3.2720000000000002,0.12,1.0
2019-04-19,3.184,3.3040000000000003,0.12,1.0
2019-04-22,3.125,3.245,0.12,1.0
2019-04-23,3.091,3.2110000000000003,0.12,1.0
2019-04-24,3.123,3.2430000000000003,0.12,1.0
2019-04-25,3.029,3.149,0.12,1.0
2019-04-26,2.977,3.097,0.12,1.0
2019-04-29,2.931,3.051,0.12,1.0
2019-04-30,2.944,3.064,0.12,1.0
2019-05-06,2.736,2.8560000000000003,0.12,1.0
2019-05-07,2.773,2.8930000000000002,0.12,1.0
2019-05-08,2.743,2.863,0.12,1.0
2019-05-09,2.705,2.825,0.12,1.0
2019-05-10,2.8,2.92,0.12,1.0
2019-05-13,2.744,2.8640000000000003,0.12,1.0
2019-05-14,2.724,2.8440000000000003,0.12,1.0
2019-05-15,2.778,2.898,0.12,1.0
2019-05-16,2.788,2.908,0.12,1.0
2019-05-17,2.711,2.831,0.12,1.0
2019-05-20,2.682,2.802,0.12,1.0
2019-05-21,2.735,2.855,0.12,1.0
2019-05-22,2.719,2.839,0.12,1.0
2019-05-23,2.646,2.766,0.12,1.0
2019-05-24,2.629,2.749,0.12,1.0
2019-05-27,2.692,2.8120000000000003,0.12,1.0
2019-05-28,2.695,2.815,0.12,1.0
2019-05-29,2.7,2.8200000000000003,0.12,1.0
2019-05-30,2.692,2.8120000000000003,0.12,1.0
2019-05-31,2.688,2.8080000000000003,0.12,1.0
2019-06-03,2.675,2.795,0.12,1.0
2019-06-04,2.636,2.7560000000000002,0.12,1.0
2019-06-05,2.636,2.7560000000000002,0.12,1.0
2019-06-06,2.58,2.7,0.12,1.0
2019-06-10,2.627,2.747,0.12,1.0
2019-06-11,2.725,2.845,0.12,1.0
2019-06-12,2.702,2.822,0.12,1.0
2019-06-13,2.698,2.818,0.12,1.0
2019-06-14,2.655,2.775,0.12,1.0
2019-06-17,2.645,2.765,0.12,1.0
2019-06-18,2.65,2.77,0.12,1.0
2019-06-19,2.707,2.827,0.12,1.0
2019-06-20,2.761,2.8810000000000002,0.12,1.0
2019-06-21,2.79,2.91,0.12,1.0
2019-06-24,2.786,2.906,0.12,1.0
2019-06-25,2.751,2.871,0.12,1.0
2019-06-26,2.77,2.89,0.12,1.0
2019-06-27,2.813,2.9330000000000003,0.12,1.0
2019-06-28,2.79,2.91,0.12,1.0
2019-07-01,2.907,3.027,0.12,1.0
2019-07-02,2.901,3.021,0.12,1.0
2019-07-03,2.866,2.986,0.12,1.0
2019-07-04,2.836,2.956,0.12,1.0
2019-07-05,2.854,2.974,0.12,1.0
2019-07-08,2.782,2.902,0.12,1.0
2019-07-09,2.777,2.8970000000000002,0.12,1.0
2019-07-10,2.762,2.882,0.12,1.0
2019-07-11,2.755,2.875,0.12,1.0
2019-07-12,2.771,2.891,0.12,1.0
2019-07-15,2.799,2.919,0.12,1.0
2019-07-16,2.791,2.911,0.12,1.0
2019-07-17,2.805,2.9250000000000003,0.12,1.0
2019-07-18,2.753,2.873,0.12,1.0
2019-07-19,2.769,2.8890000000000002,0.12,1.0
2019-07-22,2.753,2.873,0.12,1.0
2019-07-23,2.777,2.8970000000000002,0.12,1.0
2019-07-24,2.813,2.9330000000000003,0.12,1.0
2019-07-25,2.846,2.966,0.12,1.0
2019-07-26,2.854,2.974,0.12,1.0
2019-07-29,2.858,2.978,0.12,1.0
2019-07-30,2.866,2.986,0.12,1.0
2019-07-31,2.852,2.972,0.12,1.0
2019-08-01,2.838,2.958,0.12,1.0
2019-08-02,2.788,2.908,0.12,1.0
2019-08-05,2.732,2.8520000000000003,0.12,1.0
2019-08-06,2.702,2.822,0.12,1.0
2019-08-07,2.689,2.809,0.12,1.0
2019-08-08,2.717,2.837,0.12,1.0
2019-08-09,2.687,2.807,0.12,1.0
2019-08-12,2.755,2.875,0.12,1.0
2019-08-13,2.721,2.841,0.12,1.0
2019-08-14,2.743,2.863,0.12,1.0
2019-08-15,2.766,2.886,0.12,1.0
2019-08-16,2.794,2.914,0.12,1.0
2019-08-19,2.884,3.004,0.12,1.0
2019-08-20,2.868,2.988,0.12,1.0
2019-08-21,2.867,2.987,0.12,1.0
2019-08-22,2.876,2.996,0.12,1.0
2019-08-23,2.887,3.007,0.12,1.0
2019-08-26,2.852,2.972,0.12,1.0
2019-08-27,2.917,3.037,0.12,1.0
2019-08-28,2.905,3.025,0.12,1.0
2019-08-29,2.91,3.0300000000000002,0.12,1.0
2019-08-30,2.894,3.0140000000000002,0.12,1.0
2019-09-02,2.948,3.068,0.12,1.0
2019-09-03,2.994,3.1140000000000003,0.12,1.0
2019-09-04,3.0,3.12,0.12,1.0
2019-09-05,3.021,3.141,0.12,1.0
2019-09-06,3.034,3.154,0.12,1.0
2019-09-09,3.092,3.212,0.12,1.0
2019-09-10,3.08,3.2,0.12,1.0
2019-09-11,3.044,3.164,0.12,1.0
2019-09-12,3.064,3.184,0.12,1.0
2019-09-16,3.067,3.1870000000000003,0.12,1.0
2019-09-17,3.011,3.1310000000000002,0.12,1.0
2019-09-18,3.021,3.141,0.12,1.0
2019-09-19,3.058,3.178,0.12,1.0
2019-09-20,3.068,3.188,0.12,1.0
2019-09-23,3.05,3.17,0.12,1.0
2019-09-24,3.055,3.1750000000000003,0.12,1.0
2019-09-25,3.002,3.122,0.12,1.0
2019-09-26,2.941,3.061,0.12,1.0
2019-09-27,2.986,3.1060000000000003,0.12,1.0
2019-09-30,2.949,3.069,0.12,1.0
2019-10-08,2.931,3.051,0.12,1.0
2019-10-09,2.942,3.0620000000000003,0.12,1.0
2019-10-10,2.99,3.1100000000000003,0.12,1.0
2019-10-11,2.999,3.119,0.12,1.0
2019-10-14,3.036,3.156,0.12,1.0
2019-10-15,2.988,3.108,0.12,1.0
2019-10-16,2.985,3.105,0.12,1.0
2019-10-17,3.001,3.121,0.12,1.0
2019-10-18,2.963,3.083,0.12,1.0
2019-10-21,2.975,3.095,0.12,1.0
2019-10-22,3.011,3.1310000000000002,0.12,1.0
2019-10-23,2.98,3.1,0.12,1.0
2019-10-24,2.982,3.1020000000000003,0.12,1.0
2019-10-25,3.026,3.146,0.12,1.0
2019-10-28,3.08,3.2,0.12,1.0
2019-10-29,3.054,3.174,0.12,1.0
2019-10-30,3.041,3.161,0.12,1.0
2019-10-31,3.013,3.133,0.12,1.0
2019-11-01,3.049,3.169,0.12,1.0
2019-11-04,3.068,3.188,0.12,1.0
2019-11-05,3.099,3.2190000000000003,0.12,1.0
2019-11-06,3.075,3.1950000000000003,0.12,1.0
2019-11-07,3.092,3.212,0.12,1.0
2019-11-08,3.092,3.212,0.12,1.0
2019-11-11,3.041,3.161,0.12,1.0
2019-11-12,3.041,3.161,0.12,1.0
2019-11-13,3.049,3.169,0.12,1.0
2019-11-14,3.07,3.19,0.12,1.0
2019-11-15,3.044,3.164,0.12,1.0
2019-11-18,3.062,3.182,0.12,1.0
2019-11-19,3.119,3.2390000000000003,0.12,1.0
2019-11-20,3.09,3.21,0.12,1.0
2019-11-21,3.081,3.201,0.12,1.0
2019-11-22,3.021,3.141,0.12,1.0
2019-11-25,3.0,3.12,0.12,1.0
2019-11-26,3.005,3.125,0.12,1.0
2019-11-27,3.013,3.133,0.12,1.0
2019-11-28,2.998,3.1180000000000003,0.12,1.0
2019-11-29,2.984,3.104,0.12,1.0
2019-12-02,2.992,3.112,0.12,1.0
2019-12-03,2.999,3.119,0.12,1.0
2019-12-04,3.006,3.126,0.12,1.0
2019-12-05,3.055,3.1750000000000003,0.12,1.0
2019-12-06,3.077,3.197,0.12,1.0
2019-12-09,3.06,3.18,0.12,1.0
2019-12-10,3.073,3.193,0.12,1.0
2019-12-11,3.061,3.181,0.12,1.0
2019-12-12,3.052,3.172,0.12,1.0
2019-12-13,3.107,3.2270000000000003,0.12,1.0
2019-12-16,3.158,3.278,0.12,1.0
2019-12-17,3.203,3.323,0.12,1.0
2019-12-18,3.202,3.322,0.12,1.0
2019-12-19,3.194,3.314,0.12,1.0
2019-12-20,3.178,3.298,0.12,1.0
2019-12-23,3.122,3.242,0.12,1.0
2019-12-24,3.166,3.286,0.12,1.0
2019-12-25,3.185,3.305,0.12,1.0
2019-12-26,3.205,3.325,0.12,1.0
2019-12-27,3.18,3.3000000000000003,0.12,1.0
2019-12-30,3.216,3.3360000000000003,0.12,1.0
2019-12-31,3.249,3.369,0.12,1.0
2020-01-02,3.34,3.46,0.12,1.0
2020-01-03,3.348,3.468,0.12,1.0
2020-01-06,3.376,3.496,0.12,1.0
2020-01-07,3.418,3.5380000000000003,0.12,1.0
2020-01-08,3.367,3.487,0.12,1.0
2020-01-09,3.428,3.548,0.12,1.0
2020-01-10,3.417,3.537,0.12,1.0
2020-01-13,3.493,3.613,0.12,1.0
2020-01-14,3.483,3.603,0.12,1.0
2020-01-15,3.484,3.604,0.12,1.0
2020-01-16,3.488,3.608,0.12,1.0
2020-01-17,3.478,3.5980000000000003,0.12,1.0
2020-01-20,3.542,3.662,0.12,1.0
2020-01-21,3.498,3.6180000000000003,0.12,1.0
2020-01-22,3.567,3.6870000000000003,0.12,1.0
2020-01-23,3.444,3.564,0.12,1.0
2020-02-03,3.1,3.22,0.12,1.0
2020-02-04,3.26,3.38,0.12,1.0
2020-02-05,3.336,3.456,0.12,1.0
2020-02-06,3.43,3.5500000000000003,0.12,1.0
2020-02-07,3.427,3.547,0.12,1.0
2020-02-10,3.454,3.5740000000000003,0.12,1.0
2020-02-11,3.475,3.595,0.12,1.0
2020-02-12,3.539,3.6590000000000003,0.12,1.0
2020-02-13,3.513,3.633,0.12,1.0
2020-02-14,3.534,3.654,0.12,1.0
2020-02-17,3.645,3.765,0.12,1.0
2020-02-18,3.643,3.763,0.12,1.0
2020-02-19,3.621,3.741,0.12,1.0
2020-02-20,3.718,3.838,0.12,1.0
2020-02-21,3.769,3.8890000000000002,0.12,1.0
2020-02-24,3.814,3.934,0.12,1.0
2020-02-25,3.854,3.974,0.12,1.0
2020-02-26,3.715,3.835,0.12,1.0
2020-02-27,3.723,3.843,0.12,1.0
2020-02-28,3.543,3.6630000000000003,0.12,1.0
2020-03-02,3.676,3.7960000000000003,0.12,1.0
2020-03-03,3.7,3.8200000000000003,0.12,1.0
2020-03-04,3.686,3.806,0.12,1.0
2020-03-05,3.733,3.853,0.12,1.0
2020-03-06,3.704,3.8240000000000003,0.12,1.0
2020-03-09,3.539,3.6590000000000003,0.12,1.0
2020-03-10,3.648,3.7680000000000002,0.12,1.0
2020-03-11,3.57,3.69,0.12,1.0
2020-03-12,3.487,3.607,0.12,1.0
2020-03-13,3.452,3.572,0.12,1.0
2020-03-16,3.258,3.378,0.12,1.0
2020-03-17,3.233,3.353,0.12,1.0
2020-03-18,3.205,3.325,0.12,1.0
2020-03-19,3.227,3.347,0.12,1.0
2020-03-20,3.258,3.378,0.12,1.0
2020-03-23,3.087,3.2070000000000003,0.12,1.0
2020-03-24,3.142,3.262,0.12,1.0
2020-03-25,3.254,3.374,0.12,1.0
2020-03-26,3.222,3.342,0.12,1.0
2020-03-27,3.205,3.325,0.12,1.0
2020-03-30,3.135,3.255,0.12,1.0
2020-03-31,3.179,3.299,0.12,1.0
2020-04-01,3.181,3.301,0.12,1.0
2020-04-02,3.276,3.396,0.12,1.0
2020-04-03,3.247,3.367,0.12,1.0
2020-04-07,3.354,3.474,0.12,1.0
2020-04-08,3.335,3.455,0.12,1.0
2020-04-09,3.348,3.468,0.12,1.0
2020-04-10,3.281,3.4010000000000002,0.12,1.0
2020-04-13,3.238,3.358,0.12,1.0
2020-04-14,3.333,3.4530000000000003,0.12,1.0
2020-04-15,3.332,3.452,0.12,1.0
2020-04-16,3.349,3.4690000000000003,0.12,1.0
2020-04-17,3.369,3.4890000000000003,0.12,1.0
2020-04-20,3.398,3.5180000000000002,0.12,1.0
2020-04-21,3.363,3.483,0.12,1.0
2020-04-22,3.399,3.519,0.12,1.0
2020-04-23,3.367,3.487,0.12,1.0
2020-04-24,3.324,3.444,0.12,1.0
2020-04-27,3.35,3.47,0.12,1.0
2020-04-28,3.38,3.5,0.12,1.0
2020-04-29,3.39,3.5100000000000002,0.12,1.0
2020-04-30,3.482,3.6020000000000003,0.12,1.0
2020-05-06,3.52,3.64,0.12,1.0
2020-05-07,3.504,3.624,0.12,1.0
2020-05-08,3.545,3.665,0.12,1.0
2020-05-11,3.509,3.629,0.12,1.0
2020-05-12,3.528,3.648,0.12,1.0
2020-05-13,3.549,3.669,0.12,1.0
2020-05-14,3.511,3.6310000000000002,0.12,1.0
2020-05-15,3.503,3.623,0.12,1.0
2020-05-18,3.476,3.596,0.12,1.0
2020-05-19,3.533,3.653,0.12,1.0
2020-05-20,3.503,3.623,0.12,1.0
2020-05-21,3.457,3.577,0.12,1.0
2020-05-22,3.398,3.5180000000000002,0.12,1.0
2020-05-25,3.379,3.499,0.12,1.0
2020-05-26,3.453,3.573,0.12,1.0
2020-05-27,3.407,3.527,0.12,1.0
2020-05-28,3.397,3.517,0.12,1.0
2020-05-29,3.432,3.552,0.12,1.0
2020-06-01,3.56,3.68,0.12,1.0
2020-06-02,3.554,3.674,0.12,1.0
2020-06-03,3.571,3.6910000000000003,0.12,1.0
2020-06-04,3.574,3.694,0.12,1.0
2020-06-05,3.599,3.7190000000000003,0.12,1.0
2020-06-08,3.594,3.714,0.12,1.0
2020-06-09,3.629,3.749,0.12,1.0
2020-06-10,3.655,3.775,0.12,1.0
2020-06-11,3.634,3.754,0.12,1.0
2020-06-12,3.636,3.7560000000000002,0.12,1.0
2020-06-15,3.612,3.732,0.12,1.0
2020-06-16,3.688,3.8080000000000003,0.12,1.0
2020-06-17,3.706,3.826,0.12,1.0
2020-06-18,3.737,3.857,0.12,1.0
2020-06-19,3.787,3.907,0.12,1.0
2020-06-22,3.815,3.935,0.12,1.0
2020-06-23,3.866,3.986,0.12,1.0
2020-06-24,3.87,3.99,0.12,1.0
2020-06-29,3.839,3.959,0.12,1.0
2020-06-30,3.94,4.06,0.12,1.0
2020-07-01,3.976,4.096,0.12,1.0
2020-07-02,4.03,4.15,0.12,1.0
2020-07-03,4.09,4.21,0.12,1.0
2020-07-06,4.359,4.479,0.12,1.0
2020-07-07,4.349,4.469,0.12,1.0
2020-07-08,4.407,4.527,0.12,1.0
2020-07-09,4.54,4.66,0.12,1.0
2020-07-10,4.5,4.62,0.12,1.0
2020-07-13,4.687,4.807,0.12,1.0
2020-07-14,4.607,4.727,0.12,1.0
2020-07-15,4.501,4.621,0.12,1.0
2020-07-16,4.273,4.393,0.12,1.0
2020-07-17,4.311,4.431,0.12,1.0
2020-07-20,4.421,4.541,0.12,1.0
2020-07-21,4.428,4.548,0.12,1.0
2020-07-22,4.485,4.605,0.12,1.0
2020-07-23,4.473,4.593,0.12,1.0
2020-07-24,4.214,4.3340000000000005,0.12,1.0
2020-07-27,4.236,4.356,0.12,1.0
2020-07-28,4.302,4.422,0.12,1.0
2020-07-29,4.428,4.548,0.12,1.0
2020-07-30,4.404,4.524,0.12,1.0
2020-07-31,4.478,4.598,0.12,1.0
2020-08-03,4.572,4.692,0.12,1.0
2020-08-04,4.529,4.649,0.12,1.0
2020-08-05,4.567,4.687,0.12,1.0
2020-08-06,4.535,4.655,0.12,1.0
2020-08-07,4.477,4.597,0.12,1.0
2020-08-10,4.473,4.593,0.12,1.0
2020-08-11,4.412,4.532,0.12,1.0
2020-08-12,4.386,4.506,0.12,1.0
2020-08-13,4.367,4.487,0.12,1.0
2020-08-14,4.447,4.567,0.12,1.0
2020-08-17,4.518,4.638,0.12,1.0
2020-08-18,4.509,4.6290000000000004,0.12,1.0
2020-08-19,4.413,4.533,0.12,1.0
2020-08-20,4.377,4.497,0.12,1.0
2020-08-21,4.461,4.581,0.12,1.0
2020-08-24,4.54,4.66,0.12,1.0
2020-08-25,4.505,4.625,0.12,1.0
2020-08-26,4.436,4.556,0.12,1.0
2020-08-27,4.468,4.588,0.12,1.0
2020-08-28,4.57,4.69,0.12,1.0
2020-08-31,4.51,4.63,0.12,1.0
2020-09-01,4.553,4.673,0.12,1.0
2020-09-02,4.562,4.682,0.12,1.0
2020-09-03,4.499,4.619,0.12,1.0
2020-09-04,4.469,4.589,0.12,1.0
2020-09-07,4.34,4.46,0.12,1.0
2020-09-08,4.316,4.436,0.12,1.0
2020-09-09,4.179,4.299,0.12,1.0
2020-09-10,4.155,4.275,0.12,1.0
2020-09-11,4.23,4.3500000000000005,0.12,1.0
2020-09-14,4.26,4.38,0.12,1.0
2020-09-15,4.31,4.43,0.12,1.0
2020-09-16,4.262,4.382,0.12,1.0
2020-09-17,4.273,4.393,0.12,1.0
2020-09-18,4.352,4.472,0.12,1.0
2020-09-21,4.303,4.423,0.12,1.0
2020-09-22,4.26,4.38,0.12,1.0
2020-09-23,4.292,4.412,0.12,1.0
2020-09-24,4.21,4.33,0.12,1.0
2020-09-25,4.215,4.335,0.12,1.0
2020-09-28,4.211,4.331,0.12,1.0
2020-09-29,4.264,4.384,0.12,1.0
2020-09-30,4.271,4.391,0.12,1.0
2020-10-09,4.399,4.519,0.12,1.0
2020-10-12,4.522,4.642,0.12,1.0
2020-10-13,4.575,4.695,0.12,1.0
2020-10-14,4.534,4.654,0.12,1.0
2020-10-15,4.513,4.633,0.12,1.0
2020-10-16,4.468,4.588,0.12,1.0
2020-10-19,4.439,4.559,0.12,1.0
2020-10-20,4.505,4.625,0.12,1.0
2020-10-21,4.449,4.569,0.12,1.0
2020-10-22,4.432,4.5520000000000005,0.12,1.0
2020-10-23,4.352,4.472,0.12,1.0
2020-10-26,4.393,4.513,0.12,1.0
2020-10-27,4.428,4.548,0.12,1.0
2020-10-28,4.495,4.615,0.12,1.0
2020-10-29,4.513,4.633,0.12,1.0
2020-10-30,4.409,4.529,0.12,1.0
2020-11-02,4.456,4.5760000000000005,0.12,1.0
2020-11-03,4.495,4.615,0.12,1.0
2020-11-04,4.525,4.6450000000000005,0.12,1.0
2020-11-05,4.609,4.729,0.12,1.0
2020-11-06,4.592,4.712,0.12,1.0
2020-11-09,4.687,4.807,0.12,1.0
2020-11-10,4.62,4.74,0.12,1.0
2020-11-11,4.515,4.635,0.12,1.0
2020-11-12,4.524,4.644,0.12,1.0
2020-11-13,4.512,4.632,0.12,1.0
2020-11-16,4.516,4.636,0.12,1.0
2020-11-17,4.472,4.5920000000000005,0.12,1.0
2020-11-18,4.439,4.559,0.12,1.0
2020-11-19,4.485,4.605,0.12,1.0
2020-11-20,4.499,4.619,0.12,1.0
2020-11-23,4.505,4.625,0.12,1.0
2020-11-24,4.488,4.6080000000000005,0.12,1.0
2020-11-25,4.418,4.538,0.12,1.0
2020-11-26,4.404,4.524,0.12,1.0
2020-11-27,4.448,4.5680000000000005,0.12,1.0
2020-11-30,4.448,4.5680000000000005,0.12,1.0
2020-12-01,4.524,4.644,0.12,1.0
2020-12-02,4.518,4.638,0.12,1.0
2020-12-03,4.532,4.652,0.12,1.0
2020-12-04,4.569,4.689,0.12,1.0
2020-12-07,4.561,4.681,0.12,1.0
2020-12-08,4.562,4.682,0.12,1.0
2020-12-09,4.496,4.6160000000000005,0.12,1.0
2020-12-10,4.487,4.607,0.12,1.0
2020-12-11,4.408,4.5280000000000005,0.12,1.0
2020-12-14,4.435,4.555,0.12,1.0
2020-12-15,4.468,4.588,0.12,1.0
2020-12-16,4.449,4.569,0.12,1.0
2020-12-17,4.476,4.596,0.12,1.0
2020-12-18,4.481,4.601,0.12,1.0
2020-12-21,4.567,4.687,0.12,1.0
2020-12-22,4.521,4.641,0.12,1.0
2020-12-23,4.575,4.695,0.12,1.0
2020-12-24,4.571,4.691,0.12,1.0
2020-12-25,4.608,4.728,0.12,1.0
2020-12-28,4.572,4.692,0.12,1.0
2020-12-29,4.558,4.678,0.12,1.0
2020-12-30,4.617,4.737,0.12,1.0
2020-12-31,4.706,4.8260000000000005,0.12,1.0
2021-01-04,4.83,4.95,0.12,1.0
2021-01-05,4.99,5.11,0.12,1.0
2021-01-06,4.991,5.111,0.12,1.0
2021-01-07,5.092,5.212,0.12,1.0
2021-01-08,5.084,5.204,0.12,1.0
2021-01-11,5.055,5.175,0.12,1.0
2021-01-12,5.16,5.28,0.12,1.0
2021-01-13,5.122,5.242,0.12,1.0
2021-01-14,5.002,5.122,0.12,1.0
2021-01-15,4.985,5.105,0.12,1.0
2021-01-18,5.064,5.184,0.12,1.0
2021-01-19,4.973,5.093,0.12,1.0
2021-01-20,5.029,5.149,0.12,1.0
2021-01-21,5.12,5.24,0.12,1.0
2021-01-22,5.193,5.313,0.12,1.0
2021-01-25,5.181,5.301,0.12,1.0
2021-01-26,5.089,5.2090000000000005,0.12,1.0
2021-01-27,5.155,5.275,0.12,1.0
2021-01-28,4.95,5.07,0.12,1.0
2021-01-29,4.921,5.041,0.12,1.0
2021-02-01,5.018,5.138,0.12,1.0
2021-02-02,5.128,5.248,0.12,1.0
2021-02-03,5.063,5.183,0.12,1.0
2021-02-04,5.017,5.1370000000000005,0.12,1.0
2021-02-05,4.967,5.087,0.12,1.0
2021-02-08,5.04,5.16,0.12,1.0
2021-02-09,5.178,5.298,0.12,1.0
2021-02-10,5.342,5.462,0.12,1.0
2021-02-18,5.258,5.378,0.12,1.0
2021-02-19,5.276,5.396,0.12,1.0
2021-02-22,5.129,5.249,0.12,1.0
2021-02-23,5.078,5.198,0.12,1.0
2021-02-24,4.929,5.049,0.12,1.0
2021-02-25,4.91,5.03,0.12,1.0
2021-02-26,4.79,4.91,0.12,1.0
2021-03-01,4.928,5.048,0.12,1.0
2021-03-02,4.912,5.032,0.12,1.0
2021-03-03,4.961,5.081,0.12,1.0
2021-03-04,4.777,4.897,0.12,1.0
2021-03-05,4.785,4.905,0.12,1.0
2021-03-08,4.595,4.715,0.12,1.0
2021-03-09,4.457,4.577,0.12,1.0
2021-03-10,4.485,4.605,0.12,1.0
2021-03-11,4.554,4.674,0.12,1.0
2021-03-12,4.542,4.662,0.12,1.0
2021-03-15,4.412,4.532,0.12,1.0
2021-03-16,4.426,4.546,0.12,1.0
2021-03-17,4.488,4.6080000000000005,0.12,1.0
2021-03-18,4.53,4.65,0.12,1.0
2021-03-19,4.388,4.508,0.12,1.0
2021-03-22,4.42,4.54,0.12,1.0
2021-03-23,4.361,4.481,0.12,1.0
2021-03-24,4.295,4.415,0.12,1.0
2021-03-25,4.295,4.415,0.12,1.0
2021-03-26,4.416,4.5360000000000005,0.12,1.0
2021-03-29,4.398,4.518,0.12,1.0
2021-03-30,4.437,4.557,0.12,1.0
2021-03-31,4.388,4.508,0.12,1.0
2021-04-01,4.453,4.573,0.12,1.0
2021-04-02,4.494,4.614,0.12,1.0
2021-04-06,4.483,4.603,0.12,1.0
2021-04-07,4.449,4.569,0.12,1.0
2021-04-08,4.448,4.5680000000000005,0.12,1.0
2021-04-09,4.4,4.5200000000000005,0.12,1.0
2021-04-12,4.264,4.384,0.12,1.0
2021-04-13,4.278,4.398,0.12,1.0
2021-04-14,4.334,4.454,0.12,1.0
2021-04-15,4.324,4.444,0.12,1.0
2021-04-16,4.329,4.449,0.12,1.0
2021-04-19,4.499,4.619,0.12,1.0
2021-04-20,4.49,4.61,0.12,1.0
2021-04-21,4.506,4.626,0.12,1.0
2021-04-22,4.531,4.651,0.12,1.0
2021-04-23,4.553,4.673,0.12,1.0
2021-04-26,4.523,4.643,0.12,1.0
2021-04-27,4.527,4.647,0.12,1.0
2021-04-28,4.558,4.678,0.12,1.0
2021-04-29,4.588,4.708,0.12,1.0
2021-04-30,4.569,4.689,0.12,1.0
2021-05-06,4.501,4.621,0.12,1.0
2021-05-07,4.425,4.545,0.12,1.0
2021-05-10,4.402,4.522,0.12,1.0
2021-05-11,4.401,4.521,0.12,1.0
2021-05-12,4.428,4.548,0.12,1.0
2021-05-13,4.383,4.503,0.12,1.0
2021-05-14,4.452,4.572,0.12,1.0
2021-05-17,4.543,4.663,0.12,1.0
2021-05-18,4.542,4.662,0.12,1.0
2021-05-19,4.564,4.684,0.12,1.0
2021-05-20,4.6,4.72,0.12,1.0
2021-05-21,4.559,4.679,0.12,1.0
2021-05-24,4.6,4.72,0.12,1.0
2021-05-25,4.713,4.833,0.12,1.0
2021-05-26,4.685,4.805,0.12,1.0
2021-05-27,4.71,4.83,0.12,1.0
2021-05-28,4.698,4.8180000000000005,0.12,1.0
2021-05-31,4.745,4.865,0.12,1.0
2021-06-01,4.781,4.901,0.12,1.0
2021-06-02,4.717,4.837,0.12,1.0
2021-06-03,4.69,4.8100000000000005,0.12,1.0
2021-06-04,4.737,4.857,0.12,1.0
2021-06-07,4.738,4.8580000000000005,0.12,1.0
2021-06-08,4.702,4.822,0.12,1.0
2021-06-09,4.72,4.84,0.12,1.0
2021-06-10,4.766,4.886,0.12,1.0
2021-06-11,4.693,4.813,0.12,1.0
2021-06-15,4.675,4.795,0.12,1.0
2021-06-16,4.552,4.672,0.12,1.0
2021-06-17,4.615,4.735,0.12,1.0
2021-06-18,4.665,4.785,0.12,1.0
2021-06-21,4.692,4.812,0.12,1.0
2021-06-22,4.702,4.822,0.12,1.0
2021-06-23,4.779,4.899,0.12,1.0
2021-06-24,4.794,4.914,0.12,1.0
2021-06-25,4.864,4.984,0.12,1.0
2021-06-28,4.911,5.031,0.12,1.0
2021-06-29,4.861,4.981,0.12,1.0
2021-06-30,4.9,5.0200000000000005,0.12,1.0
2021-07-01,4.841,4.961,0.12,1.0
2021-07-02,4.742,4.862,0.12,1.0
2021-07-05,4.78,4.9,0.12,1.0
2021-07-06,4.805,4.925,0.12,1.0
2021-07-07,4.881,5.001,0.12,1.0
2021-07-08,4.84,4.96,0.12,1.0
2021-07-09,4.834,4.954,0.12,1.0
2021-07-12,4.909,5.029,0.12,1.0
2021-07-13,4.921,5.041,0.12,1.0
2021-07-14,4.851,4.971,0.12,1.0
2021-07-15,4.89,5.01,0.12,1.0
2021-07-16,4.822,4.942,0.12,1.0
2021-07-19,4.81,4.93,0.12,1.0
2021-07-20,4.828,4.948,0.12,1.0
2021-07-21,4.907,5.027,0.12,1.0
2021-07-22,4.926,5.046,0.12,1.0
2021-07-23,4.88,5.0,0.12,1.0
2021-07-26,4.771,4.891,0.12,1.0
2021-07-27,4.592,4.712,0.12,1.0
2021-07-28,4.575,4.695,0.12,1.0
2021-07-29,4.7,4.82,0.12,1.0
2021-07-30,4.682,4.8020000000000005,0.12,1.0
2021-08-02,4.801,4.921,0.12,1.0
2021-08-03,4.754,4.874,0.12,1.0
2021-08-04,4.872,4.992,0.12,1.0
2021-08-05,4.853,4.973,0.12,1.0
2021-08-06,4.833,4.953,0.12,1.0
2021-08-09,4.878,4.998,0.12,1.0
2021-08-10,4.876,4.996,0.12,1.0
2021-08-11,4.874,4.994,0.12,1.0
2021-08-12,4.855,4.9750000000000005,0.12,1.0
2021-08-13,4.8,4.92,0.12,1.0
2021-08-16,4.73,4.8500000000000005,0.12,1.0
2021-08-17,4.622,4.742,0.12,1.0
2021-08-18,4.651,4.771,0.12,1.0
2021-08-19,4.688,4.808,0.12,1.0
2021-08-20,4.664,4.784,0.12,1.0
2021-08-23,4.768,4.888,0.12,1.0
2021-08-24,4.815,4.9350000000000005,0.12,1.0
2021-08-25,4.817,4.937,0.12,1.0
2021-08-26,4.753,4.873,0.12,1.0
2021-08-27,4.772,4.892,0.12,1.0
2021-08-30,4.743,4.863,0.12,1.0
2021-08-31,4.71,4.83,0.12,1.0
2021-09-01,4.704,4.824,0.12,1.0
2021-09-02,4.703,4.823,0.12,1.0
2021-09-03,4.638,4.758,0.12,1.0
2021-09-06,4.781,4.901,0.12,1.0
2021-09-07,4.816,4.936,0.12,1.0
2021-09-08,4.829,4.949,0.12,1.0
2021-09-09,4.803,4.923,0.12,1.0
2021-09-10,4.82,4.94,0.12,1.0
2021-09-13,4.789,4.909,0.12,1.0
2021-09-14,4.782,4.902,0.12,1.0
2021-09-15,4.781,4.901,0.12,1.0
2021-09-16,4.695,4.815,0.12,1.0
2021-09-17,4.707,4.827,0.12,1.0
2021-09-22,4.677,4.797,0.12,1.0
2021-09-23,4.705,4.825,0.12,1.0
2021-09-24,4.715,4.835,0.12,1.0
2021-09-27,4.694,4.814,0.12,1.0
2021-09-28,4.672,4.792,0.12,1.0
2021-09-29,4.61,4.73,0.12,1.0
2021-09-30,4.673,4.793,0.12,1.0
2021-10-08,4.705,4.825,0.12,1.0
2021-10-11,4.719,4.839,0.12,1.0
2021-10-12,4.637,4.757,0.12,1.0
2021-10-13,4.72,4.84,0.12,1.0
2021-10-14,4.71,4.83,0.12,1.0
2021-10-15,4.748,4.868,0.12,1.0
2021-10-18,4.732,4.852,0.12,1.0
2021-10-19,4.802,4.922,0.12,1.0
2021-10-20,4.789,4.909,0.12,1.0
2021-10-21,4.763,4.883,0.12,1.0
2021-10-22,4.795,4.915,0.12,1.0
2021-10-25,4.835,4.955,0.12,1.0
2021-10-26,4.847,4.9670000000000005,0.12,1.0
2021-10-27,4.822,4.942,0.12,1.0
2021-10-28,4.798,4.918,0.12,1.0
2021-10-29,4.862,4.982,0.12,1.0
2021-11-01,4.876,4.996,0.12,1.0
2021-11-02,4.867,4.987,0.12,1.0
2021-11-03,4.864,4.984,0.12,1.0
2021-11-04,4.934,5.054,0.12,1.0
2021-11-05,4.89,5.01,0.12,1.0
2021-11-08,4.89,5.01,0.12,1.0
2021-11-09,4.903,5.023,0.12,1.0
2021-11-10,4.852,4.972,0.12,1.0
2021-11-11,4.92,5.04,0.12,1.0
2021-11-12,4.931,5.051,0.12,1.0
2021-11-15,4.894,5.014,0.12,1.0
2021-11-16,4.889,5.009,0.12,1.0
2021-11-17,4.913,5.033,0.12,1.0
2021-11-18,4.863,4.9830000000000005,0.12,1.0
2021-11-19,4.92,5.04,0.12,1.0
2021-11-22,4.98,5.1000000000000005,0.12,1.0
2021-11-23,4.934,5.054,0.12,1.0
2021-11-24,4.894,5.014,0.12,1.0
2021-11-25,4.881,5.001,0.12,1.0
2021-11-26,4.858,4.978,0.12,1.0
2021-11-29,4.858,4.978,0.12,1.0
2021-11-30,4.867,4.987,0.12,1.0
2021-12-01,4.845,4.965,0.12,1.0
2021-12-02,4.827,4.947,0.12,1.0
2021-12-03,4.865,4.985,0.12,1.0
2021-12-06,4.834,4.954,0.12,1.0
2021-12-07,4.822,4.942,0.12,1.0
2021-12-08,4.948,5.0680000000000005,0.12,1.0
2021-12-09,5.017,5.1370000000000005,0.12,1.0
2021-12-10,5.005,5.125,0.12,1.0
2021-12-13,5.036,5.156,0.12,1.0
2021-12-14,4.99,5.11,0.12,1.0
2021-12-15,4.955,5.075,0.12,1.0
2021-12-16,4.964,5.0840000000000005,0.12,1.0
2021-12-17,4.89,5.01,0.12,1.0
2021-12-20,4.78,4.9,0.12,1.0
2021-12-21,4.823,4.9430000000000005,0.12,1.0
2021-12-22,4.868,4.988,0.12,1.0
2021-12-23,4.9,5.0200000000000005,0.12,1.0
2021-12-24,4.882,5.002,0.12,1.0
2021-12-27,4.886,5.006,0.12,1.0
2021-12-28,4.929,5.049,0.12,1.0
2021-12-29,4.884,5.0040000000000004,0.12,1.0
2021-12-30,4.948,5.0680000000000005,0.12,1.0
2021-12-31,4.974,5.094,0.12,1.0
2022-01-04,4.979,5.099,0.12,1.0
2022-01-05,4.852,4.972,0.12,1.0
2022-01-06,4.808,4.928,0.12,1.0
2022-01-07,4.772,4.892,0.12,1.0
2022-01-10,4.802,4.922,0.12,1.0
2022-01-11,4.719,4.839,0.12,1.0
2022-01-12,4.794,4.914,0.12,1.0
2022-01-13,4.704,4.824,0.12,1.0
2022-01-14,4.704,4.824,0.12,1.0
2022-01-17,4.79,4.91,0.12,1.0
2022-01-18,4.82,4.94,0.12,1.0
2022-01-19,4.757,4.877,0.12,1.0
2022-01-20,4.764,4.884,0.12,1.0
2022-01-21,4.71,4.83,0.12,1.0
2022-01-24,4.756,4.876,0.12,1.0
2022-01-25,4.64,4.76,0.12,1.0
2022-01-26,4.679,4.799,0.12,1.0
2022-01-27,4.571,4.691,0.12,1.0
2022-01-28,4.546,4.666,0.12,1.0
2022-02-07,4.583,4.703,0.12,1.0
2022-02-08,4.49,4.61,0.12,1.0
2022-02-09,4.555,4.675,0.12,1.0
2022-02-10,4.532,4.652,0.12,1.0
2022-02-11,4.469,4.589,0.12,1.0
2022-02-14,4.453,4.573,0.12,1.0
2022-02-15,4.54,4.66,0.12,1.0
2022-02-16,4.539,4.659,0.12,1.0
2022-02-17,4.577,4.697,0.12,1.0
2022-02-18,4.578,4.698,0.12,1.0
2022-02-21,4.598,4.718,0.12,1.0
2022-02-22,4.542,4.662,0.12,1.0
2022-02-23,4.635,4.755,0.12,1.0
2022-02-24,4.551,4.671,0.12,1.0
2022-02-25,4.596,4.716,0.12,1.0
2022-02-28,4.608,4.728,0.12,1.0
2022-03-01,4.601,4.721,0.12,1.0
2022-03-02,4.55,4.67,0.12,1.0
2022-03-03,4.489,4.609,0.12,1.0
2022-03-04,4.435,4.555,0.12,1.0
2022-03-07,4.281,4.401,0.12,1.0
2022-03-08,4.164,4.284,0.12,1.0
2022-03-09,4.188,4.308,0.12,1.0
2022-03-10,4.215,4.335,0.12,1.0
2022-03-11,4.233,4.353,0.12,1.0
2022-03-14,4.106,4.226,0.12,1.0
2022-03-15,3.944,4.064,0.12,1.0
2022-03-16,4.062,4.182,0.12,1.0
2022-03-17,4.17,4.29,0.12,1.0
2022-03-18,4.162,4.282,0.12,1.0
2022-03-21,4.18,4.3,0.12,1.0
2022-03-22,4.162,4.282,0.12,1.0
2022-03-23,4.178,4.298,0.12,1.0
2022-03-24,4.135,4.255,0.12,1.0
2022-03-25,4.059,4.179,0.12,1.0
2022-03-28,4.008,4.128,0.12,1.0
2022-03-29,4.0,4.12,0.12,1.0
2022-03-30,4.103,4.223,0.12,1.0
2022-03-31,4.05,4.17,0.12,1.0
2022-04-01,4.087,4.207,0.12,1.0
2022-04-06,4.063,4.183,0.12,1.0
2022-04-07,4.021,4.141,0.12,1.0
2022-04-08,4.012,4.132,0.12,1.0
2022-04-11,3.874,3.994,0.12,1.0
2022-04-12,3.922,4.042,0.12,1.0
2022-04-13,3.872,3.992,0.12,1.0
2022-04-14,3.904,4.024,0.12,1.0
2022-04-15,3.88,4.0,0.12,1.0
2022-04-18,3.919,4.039,0.12,1.0
2022-04-19,3.902,4.022,0.12,1.0
2022-04-20,3.857,3.9770000000000003,0.12,1.0
2022-04-21,3.764,3.884,0.12,1.0
2022-04-22,3.733,3.853,0.12,1.0
2022-04-25,3.528,3.648,0.12,1.0
2022-04-26,3.455,3.575,0.12,1.0
2022-04-27,3.618,3.738,0.12,1.0
2022-04-28,3.633,3.753,0.12,1.0
2022-04-29,3.798,3.918,0.12,1.0
2022-05-05,3.797,3.9170000000000003,0.12,1.0
2022-05-06,3.71,3.83,0.12,1.0
2022-05-09,3.681,3.801,0.12,1.0
2022-05-10,3.725,3.845,0.12,1.0
2022-05-11,3.806,3.926,0.12,1.0
2022-05-12,3.793,3.9130000000000003,0.12,1.0
2022-05-13,3.793,3.9130000000000003,0.12,1.0
2022-05-16,3.781,3.9010000000000002,0.12,1.0
2022-05-17,3.845,3.9650000000000003,0.12,1.0
2022-05-18,3.846,3.966,0.12,1.0
2022-05-19,3.854,3.974,0.12,1.0
2022-05-20,3.919,4.039,0.12,1.0
2022-05-23,3.922,4.042,0.12,1.0
2022-05-24,3.799,3.919,0.12,1.0
2022-05-25,3.826,3.946,0.12,1.0
2022-05-26,3.863,3.983,0.12,1.0
2022-05-27,3.858,3.978,0.12,1.0
2022-05-30,3.897,4.0169999999999995,0.12,1.0
2022-05-31,3.979,4.099,0.12,1.0
2022-06-01,3.978,4.098,0.12,1.0
2022-06-02,4.014,4.134,0.12,1.0
2022-06-06,4.136,4.256,0.12,1.0
2022-06-07,4.125,4.245,0.12,1.0
2022-06-08,4.171,4.291,0.12,1.0
2022-06-09,4.113,4.2330000000000005,0.12,1.0
2022-06-10,4.219,4.339,0.12,1.0
2022-06-13,4.2,4.32,0.12,1.0
2022-06-14,4.184,4.304,0.12,1.0
2022-06-15,4.198,4.3180000000000005,0.12,1.0
2022-06-16,4.21,4.33,0.12,1.0
2022-06-17,4.251,4.371,0.12,1.0
2022-06-20,4.304,4.424,0.12,1.0
2022-06-21,4.287,4.407,0.12,1.0
2022-06-22,4.226,4.346,0.12,1.0
2022-06-23,4.294,4.414,0.12,1.0
2022-06-24,4.328,4.448,0.12,1.0
2022-06-27,4.395,4.515,0.12,1.0
2022-06-28,4.47,4.59,0.12,1.0
2022-06-29,4.367,4.487,0.12,1.0
2022-06-30,4.42,4.54,0.12,1.0
2022-07-01,4.418,4.538,0.12,1.0
2022-07-04,4.5,4.62,0.12,1.0
2022-07-05,4.486,4.606,0.12,1.0
2022-07-06,4.445,4.565,0.12,1.0
2022-07-07,4.48,4.6000000000000005,0.12,1.0
2022-07-08,4.457,4.577,0.12,1.0
2022-07-11,4.338,4.458,0.12,1.0
2022-07-12,4.277,4.397,0.12,1.0
2022-07-13,4.287,4.407,0.12,1.0
2022-07-14,4.305,4.425,0.12,1.0
2022-07-15,4.268,4.388,0.12,1.0
2022-07-18,4.273,4.393,0.12,1.0
2022-07-19,4.273,4.393,0.12,1.0
2022-07-20,4.29,4.41,0.12,1.0
2022-07-21,4.242,4.362,0.12,1.0
2022-07-22,4.229,4.349,0.12,1.0
2022-07-25,4.184,4.304,0.12,1.0
2022-07-26,4.228,4.348,0.12,1.0
2022-07-27,4.228,4.348,0.12,1.0
2022-07-28,4.251,4.371,0.12,1.0
2022-07-29,4.198,4.3180000000000005,0.12,1.0
2022-08-01,4.248,4.368,0.12,1.0
2022-08-02,4.159,4.279,0.12,1.0
2022-08-03,4.113,4.2330000000000005,0.12,1.0
2022-08-04,4.151,4.271,0.12,1.0
2022-08-05,4.215,4.335,0.12,1.0
2022-08-08,4.246,4.3660000000000005,0.12,1.0
2022-08-09,4.251,4.371,0.12,1.0
2022-08-10,4.202,4.322,0.12,1.0
2022-08-11,4.305,4.425,0.12,1.0
2022-08-12,4.285,4.405,0.12,1.0
2022-08-15,4.29,4.41,0.12,1.0
2022-08-16,4.287,4.407,0.12,1.0
2022-08-17,4.33,4.45,0.12,1.0
2022-08-18,4.293,4.413,0.12,1.0
2022-08-19,4.233,4.353,0.12,1.0
2022-08-22,4.295,4.415,0.12,1.0
2022-08-23,4.275,4.3950000000000005,0.12,1.0
2022-08-24,4.168,4.288,0.12,1.0
2022-08-25,4.157,4.277,0.12,1.0
2022-08-26,4.151,4.271,0.12,1.0
2022-08-29,4.124,4.244,0.12,1.0
2022-08-30,4.107,4.227,0.12,1.0
2022-08-31,4.037,4.157,0.12,1.0
2022-09-01,4.015,4.135,0.12,1.0
2022-09-02,4.008,4.128,0.12,1.0
2022-09-05,3.978,4.098,0.12,1.0
2022-09-06,4.028,4.148,0.12,1.0
2022-09-07,4.042,4.162,0.12,1.0
2022-09-08,4.014,4.134,0.12,1.0
2022-09-09,4.057,4.1770000000000005,0.12,1.0
2022-09-13,4.08,4.2,0.12,1.0
2022-09-14,4.048,4.168,0.12,1.0
2022-09-15,3.958,4.078,0.12,1.0
2022-09-16,3.887,4.007,0.12,1.0
2022-09-19,3.881,4.0009999999999994,0.12,1.0
2022-09-20,3.911,4.031,0.12,1.0
2022-09-21,3.877,3.997,0.12,1.0
2022-09-22,3.837,3.9570000000000003,0.12,1.0
2022-09-23,3.793,3.9130000000000003,0.12,1.0
2022-09-26,3.786,3.906,0.12,1.0
2022-09-27,3.835,3.955,0.12,1.0
2022-09-28,3.752,3.872,0.12,1.0
2022-09-29,3.756,3.876,0.12,1.0
2022-09-30,3.702,3.822,0.12,1.0
2022-10-10,3.609,3.729,0.12,1.0
2022-10-11,3.621,3.741,0.12,1.0
2022-10-12,3.688,3.8080000000000003,0.12,1.0
2022-10-13,3.677,3.797,0.12,1.0
2022-10-14,3.772,3.892,0.12,1.0
2022-10-17,3.794,3.914,0.12,1.0
2022-10-18,3.799,3.919,0.12,1.0
2022-10-19,3.743,3.863,0.12,1.0
2022-10-20,3.71,3.83,0.12,1.0
2022-10-21,3.704,3.8240000000000003,0.12,1.0
2022-10-24,3.631,3.751,0.12,1.0
2022-10-25,3.633,3.753,0.12,1.0
2022-10-26,3.673,3.793,0.12,1.0
2022-10-27,3.666,3.786,0.12,1.0
2022-10-28,3.553,3.673,0.12,1.0
2022-10-31,3.55,3.67,0.12,1.0
2022-11-01,3.674,3.794,0.12,1.0
2022-11-02,3.735,3.855,0.12,1.0
2022-11-03,3.707,3.827,0.12,1.0
2022-11-04,3.847,3.967,0.12,1.0
2022-11-07,3.836,3.956,0.12,1.0
2022-11-08,3.817,3.9370000000000003,0.12,1.0
2022-11-09,3.776,3.896,0.12,1.0
2022-11-10,3.715,3.835,0.12,1.0
2022-11-11,3.791,3.911,0.12,1.0
2022-11-14,3.774,3.894,0.12,1.0
2022-11-15,3.858,3.978,0.12,1.0
2022-11-16,3.815,3.935,0.12,1.0
2022-11-17,3.813,3.9330000000000003,0.12,1.0
2022-11-18,3.791,3.911,0.12,1.0
2022-11-21,3.778,3.898,0.12,1.0
2022-11-22,3.722,3.842,0.12,1.0
2022-11-23,3.706,3.826,0.12,1.0
2022-11-24,3.7,3.8200000000000003,0.12,1.0
2022-11-25,3.678,3.798,0.12,1.0
2022-11-28,3.641,3.761,0.12,1.0
2022-11-29,3.712,3.8320000000000003,0.12,1.0
2022-11-30,3.721,3.841,0.12,1.0
2022-12-01,3.774,3.894,0.12,1.0
2022-12-02,3.762,3.882,0.12,1.0
2022-12-05,3.794,3.914,0.12,1.0
2022-12-06,3.825,3.9450000000000003,0.12,1.0
2022-12-07,3.841,3.9610000000000003,0.12,1.0
2022-12-08,3.819,3.939,0.12,1.0
2022-12-09,3.852,3.972,0.12,1.0
2022-12-12,3.828,3.948,0.12,1.0
2022-12-13,3.8,3.92,0.12,1.0
2022-12-14,3.795,3.915,0.12,1.0
2022-12-15,3.81,3.93,0.12,1.0
2022-12-16,3.778,3.898,0.12,1.0
2022-12-19,3.733,3.853,0.12,1.0
2022-12-20,3.679,3.799,0.12,1.0
2022-12-21,3.67,3.79,0.12,1.0
2022-12-22,3.655,3.775,0.12,1.0
2022-12-23,3.642,3.762,0.12,1.0
2022-12-26,3.699,3.819,0.12,1.0
2022-12-27,3.737,3.857,0.12,1.0
2022-12-28,3.699,3.819,0.12,1.0
2022-12-29,3.687,3.807,0.12,1.0
2022-12-30,3.691,3.811,0.12,1.0
2023-01-03,3.725,3.845,0.12,1.0
2023-01-04,3.692,3.8120000000000003,0.12,1.0
2023-01-05,3.773,3.8930000000000002,0.12,1.0
2023-01-06,3.775,3.895,0.12,1.0
2023-01-09,3.793,3.9130000000000003,0.12,1.0
2023-01-10,3.805,3.9250000000000003,0.12,1.0
2023-01-11,3.781,3.9010000000000002,0.12,1.0
2023-01-12,3.797,3.9170000000000003,0.12,1.0
2023-01-13,3.83,3.95,0.12,1.0
2023-01-16,3.879,3.999,0.12,1.0
2023-01-17,3.888,4.008,0.12,1.0
2023-01-18,3.893,4.013,0.12,1.0
2023-01-19,3.925,4.045,0.12,1.0
2023-01-20,3.947,4.067,0.12,1.0
2023-01-30,4.001,4.121,0.12,1.0
2023-01-31,3.98,4.1,0.12,1.0
2023-02-01,4.038,4.158,0.12,1.0
2023-02-02,4.03,4.15,0.12,1.0
2023-02-03,4.013,4.133,0.12,1.0
2023-02-06,3.975,4.095,0.12,1.0
2023-02-07,3.963,4.083,0.12,1.0
2023-02-08,3.953,4.0729999999999995,0.12,1.0
2023-02-09,4.012,4.132,0.12,1.0
2023-02-10,3.972,4.092,0.12,1.0
2023-02-13,3.999,4.119,0.12,1.0
2023-02-14,3.99,4.11,0.12,1.0
2023-02-15,3.968,4.088,0.12,1.0
2023-02-16,3.928,4.048,0.12,1.0
2023-02-17,3.86,3.98,0.12,1.0
2023-02-20,3.93,4.05,0.12,1.0
2023-02-21,3.934,4.054,0.12,1.0
2023-02-22,3.904,4.024,0.12,1.0
2023-02-23,3.904,4.024,0.12,1.0
2023-02-24,3.878,3.998,0.12,1.0
2023-02-27,3.84,3.96,0.12,1.0
2023-02-28,3.866,3.986,0.12,1.0
2023-03-01,3.901,4.021,0.12,1.0
2023-03-02,3.883,4.003,0.12,1.0
2023-03-03,3.884,4.004,0.12,1.0
2023-03-06,3.888,4.008,0.12,1.0
2023-03-07,3.822,3.942,0.12,1.0
2023-03-08,3.808,3.928,0.12,1.0
2023-03-09,3.796,3.916,0.12,1.0
2023-03-10,3.743,3.863,0.12,1.0
2023-03-13,3.765,3.8850000000000002,0.12,1.0
2023-03-14,3.744,3.8640000000000003,0.12,1.0
2023-03-15,3.746,3.866,0.12,1.0
2023-03-16,3.669,3.789,0.12,1.0
2023-03-17,3.694,3.814,0.12,1.0
2023-03-20,3.7,3.8200000000000003,0.12,1.0
2023-03-21,3.748,3.8680000000000003,0.12,1.0
2023-03-22,3.787,3.907,0.12,1.0
2023-03-23,3.833,3.9530000000000003,0.12,1.0
2023-03-24,3.858,3.978,0.12,1.0
2023-03-27,3.86,3.98,0.12,1.0
2023-03-28,3.833,3.9530000000000003,0.12,1.0
2023-03-29,3.841,3.9610000000000003,0.12,1.0
2023-03-30,3.867,3.987,0.12,1.0
2023-03-31,3.911,4.031,0.12,1.0
2023-04-03,3.96,4.08,0.12,1.0
2023-04-04,3.935,4.055,0.12,1.0
2023-04-06,3.944,4.064,0.12,1.0
2023-04-07,3.974,4.094,0.12,1.0
2023-04-10,3.945,4.0649999999999995,0.12,1.0
2023-04-11,3.936,4.056,0.12,1.0
2023-04-12,3.94,4.06,0.12,1.0
2023-04-13,3.88,4.0,0.12,1.0
2023-04-14,3.902,4.022,0.12,1.0
2023-04-17,3.92,4.04,0.12,1.0
2023-04-18,3.922,4.042,0.12,1.0
2023-04-19,3.895,4.015,0.12,1.0
2023-04-20,3.86,3.98,0.12,1.0
2023-04-21,3.769,3.8890000000000002,0.12,1.0
2023-04-24,3.738,3.858,0.12,1.0
2023-04-25,3.669,3.789,0.12,1.0
2023-04-26,3.692,3.8120000000000003,0.12,1.0
2023-04-27,3.695,3.815,0.12,1.0
2023-04-28,3.741,3.861,0.12,1.0
2023-05-04,3.725,3.845,0.12,1.0
2023-05-05,3.685,3.805,0.12,1.0
2023-05-08,3.685,3.805,0.12,1.0
2023-05-09,3.649,3.769,0.12,1.0
2023-05-10,3.664,3.7840000000000003,0.12,1.0
2023-05-11,3.668,3.7880000000000003,0.12,1.0
2023-05-12,3.616,3.736,0.12,1.0
2023-05-15,3.687,3.807,0.12,1.0
2023-05-16,3.671,3.791,0.12,1.0
2023-05-17,3.653,3.773,0.12,1.0
2023-05-18,3.65,3.77,0.12,1.0
2023-05-19,3.653,3.773,0.12,1.0
2023-05-22,3.666,3.786,0.12,1.0
2023-05-23,3.646,3.766,0.12,1.0
2023-05-24,3.615,3.7350000000000003,0.12,1.0
2023-05-25,3.6,3.72,0.12,1.0
2023-05-26,3.582,3.702,0.12,1.0
2023-05-29,3.542,3.662,0.12,1.0
2023-05-30,3.563,3.6830000000000003,0.12,1.0
2023-05-31,3.548,3.668,0.12,1.0
2023-06-01,3.574,3.694,0.12,1.0
2023-06-02,3.628,3.748,0.12,1.0
2023-06-05,3.61,3.73,0.12,1.0
2023-06-06,3.559,3.6790000000000003,0.12,1.0
2023-06-07,3.535,3.6550000000000002,0.12,1.0
2023-06-08,3.544,3.664,0.12,1.0
2023-06-09,3.567,3.6870000000000003,0.12,1.0
2023-06-12,3.597,3.717,0.12,1.0
2023-06-13,3.645,3.765,0.12,1.0
2023-06-14,3.649,3.769,0.12,1.0
2023-06-15,3.713,3.833,0.12,1.0
2023-06-16,3.752,3.872,0.12,1.0
2023-06-19,3.74,3.8600000000000003,0.12,1.0
2023-06-20,3.762,3.882,0.12,1.0
2023-06-21,3.684,3.8040000000000003,0.12,1.0
2023-06-26,3.611,3.7310000000000003,0.12,1.0
2023-06-27,3.646,3.766,0.12,1.0
2023-06-28,3.624,3.744,0.12,1.0
2023-06-29,3.624,3.744,0.12,1.0
2023-06-30,3.645,3.765,0.12,1.0
2023-07-03,3.662,3.782,0.12,1.0
2023-07-04,3.687,3.807,0.12,1.0
2023-07-05,3.65,3.77,0.12,1.0
2023-07-06,3.624,3.744,0.12,1.0
2023-07-07,3.602,3.722,0.12,1.0
2023-07-10,3.62,3.74,0.12,1.0
2023-07-11,3.651,3.771,0.12,1.0
2023-07-12,3.629,3.749,0.12,1.0
2023-07-13,3.675,3.795,0.12,1.0
2023-07-14,3.667,3.787,0.12,1.0
2023-07-17,3.639,3.759,0.12,1.0
2023-07-18,3.625,3.745,0.12,1.0
2023-07-19,3.605,3.725,0.12,1.0
2023-07-20,3.572,3.692,0.12,1.0
2023-07-21,3.555,3.6750000000000003,0.12,1.0
2023-07-24,3.527,3.6470000000000002,0.12,1.0
2023-07-25,3.607,3.7270000000000003,0.12,1.0
2023-07-26,3.598,3.718,0.12,1.0
2023-07-27,3.579,3.6990000000000003,0.12,1.0
2023-07-28,3.634,3.754,0.12,1.0
2023-07-31,3.677,3.797,0.12,1.0
2023-08-01,3.668,3.7880000000000003,0.12,1.0
2023-08-02,3.645,3.765,0.12,1.0
2023-08-03,3.667,3.787,0.12,1.0
2023-08-04,3.682,3.802,0.12,1.0
2023-08-07,3.669,3.789,0.12,1.0
2023-08-08,3.656,3.7760000000000002,0.12,1.0
2023-08-09,3.627,3.747,0.12,1.0
2023-08-10,3.632,3.7520000000000002,0.12,1.0
2023-08-11,3.568,3.688,0.12,1.0
2023-08-14,3.533,3.653,0.12,1.0
2023-08-15,3.505,3.625,0.12,1.0
2023-08-16,3.471,3.591,0.12,1.0
2023-08-17,3.479,3.599,0.12,1.0
2023-08-18,3.433,3.553,0.12,1.0
2023-08-21,3.383,3.503,0.12,1.0
2023-08-22,3.399,3.519,0.12,1.0
2023-08-23,3.32,3.44,0.12,1.0
2023-08-24,3.344,3.464,0.12,1.0
2023-08-25,3.313,3.4330000000000003,0.12,1.0
2023-08-28,3.343,3.463,0.12,1.0
2023-08-29,3.416,3.536,0.12,1.0
2023-08-30,3.428,3.548,0.12,1.0
2023-08-31,3.411,3.531,0.12,1.0
2023-09-01,3.413,3.533,0.12,1.0
2023-09-04,3.452,3.572,0.12,1.0
2023-09-05,3.426,3.5460000000000003,0.12,1.0
2023-09-06,3.425,3.545,0.12,1.0
2023-09-07,3.359,3.479,0.12,1.0
2023-09-08,3.335,3.455,0.12,1.0
2023-09-11,3.367,3.487,0.12,1.0
2023-09-12,3.376,3.496,0.12,1.0
2023-09-13,3.334,3.454,0.12,1.0
2023-09-14,3.298,3.418,0.12,1.0
2023-09-15,3.29,3.41,0.12,1.0
2023-09-18,3.308,3.428,0.12,1.0
2023-09-19,3.281,3.4010000000000002,0.12,1.0
2023-09-20,3.262,3.382,0.12,1.0
2023-09-21,3.227,3.347,0.12,1.0
2023-09-22,3.293,3.4130000000000003,0.12,1.0
2023-09-25,3.276,3.396,0.12,1.0
2023-09-26,3.262,3.382,0.12,1.0
2023-09-27,3.278,3.398,0.12,1.0
2023-09-28,3.28,3.4,0.12,1.0
2023-10-09,3.282,3.402,0.12,1.0
2023-10-10,3.269,3.3890000000000002,0.12,1.0
2023-10-11,3.276,3.396,0.12,1.0
2023-10-12,3.308,3.428,0.12,1.0
2023-10-13,3.27,3.39,0.12,1.0
2023-10-16,3.222,3.342,0.12,1.0
2023-10-17,3.227,3.347,0.12,1.0
2023-10-18,3.203,3.323,0.12,1.0
2023-10-19,3.146,3.266,0.12,1.0
2023-10-20,3.122,3.242,0.12,1.0
2023-10-23,3.091,3.2110000000000003,0.12,1.0
2023-10-24,3.1,3.22,0.12,1.0
2023-10-25,3.118,3.238,0.12,1.0
2023-10-26,3.116,3.236,0.12,1.0
2023-10-27,3.188,3.3080000000000003,0.12,1.0
2023-10-30,3.238,3.358,0.12,1.0
2023-10-31,3.208,3.3280000000000003,0.12,1.0
2023-11-01,3.181,3.301,0.12,1.0
2023-11-02,3.151,3.271,0.12,1.0
2023-11-03,3.186,3.306,0.12,1.0
2023-11-06,3.269,3.3890000000000002,0.12,1.0
2023-11-07,3.261,3.3810000000000002,0.12,1.0
2023-11-08,3.266,3.386,0.12,1.0
2023-11-09,3.254,3.374,0.12,1.0
2023-11-10,3.239,3.359,0.12,1.0
2023-11-13,3.244,3.3640000000000003,0.12,1.0
2023-11-14,3.245,3.365,0.12,1.0
2023-11-15,3.275,3.395,0.12,1.0
2023-11-16,3.235,3.355,0.12,1.0
2023-11-17,3.231,3.351,0.12,1.0
2023-11-20,3.243,3.363,0.12,1.0
2023-11-21,3.234,3.354,0.12,1.0
2023-11-22,3.186,3.306,0.12,1.0
2023-11-23,3.205,3.325,0.12,1.0
2023-11-24,3.175,3.295,0.12,1.0
2023-11-27,3.15,3.27,0.12,1.0
2023-11-28,3.16,3.2800000000000002,0.12,1.0
2023-11-29,3.13,3.25,0.12,1.0
2023-11-30,3.123,3.2430000000000003,0.12,1.0
2023-12-01,3.118,3.238,0.12,1.0
2023-12-04,3.098,3.218,0.12,1.0
2023-12-05,3.032,3.152,0.12,1.0
2023-12-06,3.065,3.185,0.12,1.0
2023-12-07,3.057,3.177,0.12,1.0
2023-12-08,3.055,3.1750000000000003,0.12,1.0
2023-12-11,3.095,3.2150000000000003,0.12,1.0
2023-12-12,3.095,3.2150000000000003,0.12,1.0
2023-12-13,3.052,3.172,0.12,1.0
2023-12-14,3.031,3.1510000000000002,0.12,1.0
2023-12-15,3.025,3.145,0.12,1.0
2023-12-18,2.995,3.115,0.12,1.0
2023-12-19,2.998,3.1180000000000003,0.12,1.0
2023-12-20,2.962,3.0820000000000003,0.12,1.0
2023-12-21,2.985,3.105,0.12,1.0
2023-12-22,2.966,3.0860000000000003,0.12,1.0
2023-12-25,2.978,3.0980000000000003,0.12,1.0
2023-12-26,2.95,3.0700000000000003,0.12,1.0
2023-12-27,2.961,3.081,0.12,1.0
2023-12-28,3.032,3.152,0.12,1.0
2023-12-29,3.07,3.19,0.12,1.0
2024-01-02,3.027,3.1470000000000002,0.12,1.0
2024-01-03,2.992,3.112,0.12,1.0
2024-01-04,2.956,3.076,0.12,1.0
2024-01-05,2.929,3.049,0.12,1.0
2024-01-08,2.873,2.9930000000000003,0.12,1.0
2024-01-09,2.876,2.996,0.12,1.0
2024-01-10,2.858,2.978,0.12,1.0
2024-01-11,2.902,3.0220000000000002,0.12,1.0
2024-01-12,2.883,3.003,0.12,1.0
2024-01-15,2.865,2.9850000000000003,0.12,1.0
2024-01-16,2.873,2.9930000000000003,0.12,1.0
2024-01-17,2.803,2.923,0.12,1.0
2024-01-18,2.831,2.951,0.12,1.0
2024-01-19,2.824,2.944,0.12,1.0
2024-01-22,2.736,2.8560000000000003,0.12,1.0
2024-01-23,2.763,2.883,0.12,1.0
2024-01-24,2.778,2.898,0.12,1.0
2024-01-25,2.826,2.946,0.12,1.0
2024-01-26,2.792,2.912,0.12,1.0
2024-01-29,2.715,2.835,0.12,1.0
2024-01-30,2.657,2.777,0.12,1.0
2024-01-31,2.613,2.733,0.12,1.0
2024-02-01,2.608,2.728,0.12,1.0
2024-02-02,2.547,2.6670000000000003,0.12,1.0
2024-02-05,2.508,2.628,0.12,1.0
2024-02-06,2.664,2.7840000000000003,0.12,1.0
2024-02-07,2.736,2.8560000000000003,0.12,1.0
2024-02-08,2.785,2.9050000000000002,0.12,1.0
2024-02-19,2.8,2.92,0.12,1.0
2024-02-20,2.79,2.91,0.12,1.0
2024-02-21,2.81,2.93,0.12,1.0
2024-02-22,2.838,2.958,0.12,1.0
2024-02-23,2.852,2.972,0.12,1.0
2024-02-26,2.859,2.979,0.12,1.0
2024-02-27,2.925,3.045,0.12,1.0
2024-02-28,2.854,2.974,0.12,1.0
2024-02-29,2.946,3.0660000000000003,0.12,1.0
2024-03-01,2.977,3.097,0.12,1.0
2024-03-04,2.966,3.0860000000000003,0.12,1.0
2024-03-05,2.969,3.089,0.12,1.0
2024-03-06,2.954,3.0740000000000003,0.12,1.0
2024-03-07,2.903,3.023,0.12,1.0
2024-03-08,2.942,3.0620000000000003,0.12,1.0
2024-03-11,3.003,3.123,0.12,1.0
2024-03-12,3.022,3.142,0.12,1.0
2024-03-13,3.019,3.1390000000000002,0.12,1.0
2024-03-14,2.991,3.111,0.12,1.0
2024-03-15,3.013,3.133,0.12,1.0
2024-03-18,3.055,3.1750000000000003,0.12,1.0
2024-03-19,3.043,3.1630000000000003,0.12,1.0
2024-03-20,3.056,3.176,0.12,1.0
2024-03-21,3.053,3.173,0.12,1.0
2024-03-22,3.025,3.145,0.12,1.0
2024-03-25,2.966,3.0860000000000003,0.12,1.0
2024-03-26,2.981,3.101,0.12,1.0
2024-03-27,2.912,3.032,0.12,1.0
2024-03-28,2.941,3.061,0.12,1.0
2024-03-29,2.95,3.0700000000000003,0.12,1.0
2024-04-01,3.026,3.146,0.12,1.0
2024-04-02,3.01,3.13,0.12,1.0
2024-04-03,2.989,3.109,0.12,1.0
2024-04-08,2.953,3.073,0.12,1.0
2024-04-09,2.974,3.0940000000000003,0.12,1.0
2024-04-10,2.922,3.0420000000000003,0.12,1.0
2024-04-11,2.92,3.04,0.12,1.0
2024-04-12,2.903,3.023,0.12,1.0
2024-04-15,2.935,3.055,0.12,1.0
2024-04-16,2.865,2.9850000000000003,0.12,1.0
2024-04-17,2.93,3.0500000000000003,0.12,1.0
2024-04-18,2.93,3.0500000000000003,0.12,1.0
2024-04-19,2.89,3.0100000000000002,0.12,1.0
2024-04-22,2.891,3.011,0.12,1.0
2024-04-23,2.87,2.99,0.12,1.0
2024-04-24,2.88,3.0,0.12,1.0
2024-04-25,2.892,3.012,0.12,1.0
2024-04-26,2.945,3.065,0.12,1.0
2024-04-29,3.019,3.1390000000000002,0.12,1.0
2024-04-30,2.995,3.115,0.12,1.0
2024-05-06,3.045,3.165,0.12,1.0
2024-05-07,3.049,3.169,0.12,1.0
2024-05-08,3.002,3.122,0.12,1.0
2024-05-09,3.049,3.169,0.12,1.0
2024-05-10,3.039,3.1590000000000003,0.12,1.0
2024-05-13,3.028,3.148,0.12,1.0
2024-05-14,3.032,3.152,0.12,1.0
2024-05-15,3.003,3.123,0.12,1.0
2024-05-16,3.013,3.133,0.12,1.0
2024-05-17,3.044,3.164,0.12,1.0
2024-05-20,3.064,3.184,0.12,1.0
2024-05-21,3.045,3.165,0.12,1.0
2024-05-22,3.053,3.173,0.12,1.0
2024-05-23,3.025,3.145,0.12,1.0
2024-05-24,2.972,3.092,0.12,1.0
2024-05-27,2.999,3.119,0.12,1.0
2024-05-28,2.968,3.088,0.12,1.0
2024-05-29,2.99,3.1100000000000003,0.12,1.0
2024-05-30,3.004,3.124,0.12,1.0
2024-05-31,2.99,3.1100000000000003,0.12,1.0
2024-06-03,2.997,3.117,0.12,1.0
2024-06-04,3.031,3.1510000000000002,0.12,1.0
2024-06-05,3.024,3.144,0.12,1.0
2024-06-06,3.006,3.126,0.12,1.0
2024-06-07,2.974,3.0940000000000003,0.12,1.0
2024-06-11,2.99,3.1100000000000003,0.12,1.0
2024-06-12,3.005,3.125,0.12,1.0
2024-06-13,2.991,3.111,0.12,1.0
2024-06-14,3.014,3.134,0.12,1.0
2024-06-17,3.031,3.1510000000000002,0.12,1.0
2024-06-18,3.043,3.1630000000000003,0.12,1.0
2024-06-19,3.013,3.133,0.12,1.0
2024-06-20,2.978,3.0980000000000003,0.12,1.0
2024-06-21,2.971,3.091,0.12,1.0
2024-06-24,2.928,3.048,0.12,1.0
2024-06-25,2.905,3.025,0.12,1.0
2024-06-26,2.954,3.0740000000000003,0.12,1.0
2024-06-27,2.915,3.035,0.12,1.0
2024-06-28,2.926,3.0460000000000003,0.12,1.0
2024-07-01,2.938,3.0580000000000003,0.12,1.0
2024-07-02,2.919,3.039,0.12,1.0
2024-07-03,2.897,3.017,0.12,1.0
2024-07-04,2.88,3.0,0.12,1.0
2024-07-05,2.875,2.995,0.12,1.0
2024-07-08,2.844,2.964,0.12,1.0
2024-07-09,2.896,3.016,0.12,1.0
2024-07-10,2.904,3.024,0.12,1.0
2024-07-11,2.953,3.073,0.12,1.0
2024-07-12,2.956,3.076,0.12,1.0
2024-07-15,2.944,3.064,0.12,1.0
2024-07-16,2.98,3.1,0.12,1.0
2024-07-17,2.966,3.0860000000000003,0.12,1.0
2024-07-18,2.96,3.08,0.12,1.0
2024-07-19,2.973,3.093,0.12,1.0
2024-07-22,2.96,3.08,0.12,1.0
2024-07-23,2.873,2.9930000000000003,0.12,1.0
2024-07-24,2.841,2.9610000000000003,0.12,1.0
2024-07-25,2.847,2.967,0.12,1.0
2024-07-26,2.872,2.992,0.12,1.0
2024-07-29,2.859,2.979,0.12,1.0
2024-07-30,2.829,2.9490000000000003,0.12,1.0
2024-07-31,2.92,3.04,0.12,1.0
2024-08-01,2.894,3.0140000000000002,0.12,1.0
2024-08-02,2.857,2.9770000000000003,0.12,1.0
2024-08-05,2.796,2.916,0.12,1.0
2024-08-06,2.816,2.936,0.12,1.0
2024-08-07,2.803,2.923,0.12,1.0
2024-08-08,2.809,2.9290000000000003,0.12,1.0
2024-08-09,2.801,2.9210000000000003,0.12,1.0
2024-08-12,2.791,2.911,0.12,1.0
2024-08-13,2.8,2.92,0.12,1.0
2024-08-14,2.771,2.891,0.12,1.0
2024-08-15,2.781,2.9010000000000002,0.12,1.0
2024-08-16,2.775,2.895,0.12,1.0
2024-08-19,2.767,2.887,0.12,1.0
2024-08-20,2.734,2.854,0.12,1.0
2024-08-21,2.736,2.8560000000000003,0.12,1.0
2024-08-22,2.711,2.831,0.12,1.0
2024-08-23,2.711,2.831,0.12,1.0
2024-08-26,2.709,2.829,0.12,1.0
2024-08-27,2.693,2.813,0.12,1.0
2024-08-28,2.684,2.8040000000000003,0.12,1.0
2024-08-29,2.717,2.837,0.12,1.0
2024-08-30,2.804,2.924,0.12,1.0
2024-09-02,2.743,2.863,0.12,1.0
2024-09-03,2.775,2.895,0.12,1.0
2024-09-04,2.756,2.876,0.12,1.0
2024-09-05,2.768,2.888,0.12,1.0
2024-09-06,2.72,2.8400000000000003,0.12,1.0
2024-09-09,2.697,2.817,0.12,1.0
2024-09-10,2.705,2.825,0.12,1.0
2024-09-11,2.725,2.845,0.12,1.0
2024-09-12,2.7,2.8200000000000003,0.12,1.0
2024-09-13,2.683,2.803,0.12,1.0
2024-09-18,2.679,2.799,0.12,1.0
2024-09-19,2.694,2.814,0.12,1.0
2024-09-20,2.692,2.8120000000000003,0.12,1.0
2024-09-23,2.691,2.811,0.12,1.0
2024-09-24,2.803,2.923,0.12,1.0
2024-09-25,2.826,2.946,0.12,1.0
2024-09-26,2.936,3.056,0.12,1.0
2024-09-27,3.126,3.246,0.12,1.0
2024-09-30,3.439,3.559,0.12,1.0
2024-10-08,3.778,3.898,0.12,1.0
2024-10-09,3.4,3.52,0.12,1.0
2024-10-10,3.351,3.471,0.12,1.0
2024-10-11,3.207,3.327,0.12,1.0
2024-10-14,3.302,3.422,0.12,1.0
2024-10-15,3.237,3.357,0.12,1.0
2024-10-16,3.198,3.318,0.12,1.0
2024-10-17,3.187,3.307,0.12,1.0
2024-10-18,3.318,3.438,0.12,1.0
2024-10-21,3.363,3.483,0.12,1.0
2024-10-22,3.41,3.5300000000000002,0.12,1.0
2024-10-23,3.419,3.539,0.12,1.0
2024-10-24,3.37,3.49,0.12,1.0
2024-10-25,3.413,3.533,0.12,1.0
2024-10-28,3.433,3.553,0.12,1.0
2024-10-29,3.41,3.5300000000000002,0.12,1.0
2024-10-30,3.413,3.533,0.12,1.0
2024-10-31,3.418,3.5380000000000003,0.12,1.0
2024-11-01,3.39,3.5100000000000002,0.12,1.0
2024-11-04,3.456,3.576,0.12,1.0
2024-11-05,3.55,3.67,0.12,1.0
2024-11-06,3.532,3.652,0.12,1.0
2024-11-07,3.583,3.7030000000000003,0.12,1.0
2024-11-08,3.569,3.689,0.12,1.0
2024-11-11,3.648,3.7680000000000002,0.12,1.0
2024-11-12,3.613,3.733,0.12,1.0
2024-11-13,3.627,3.747,0.12,1.0
2024-11-14,3.541,3.661,0.12,1.0
2024-11-15,3.457,3.577,0.12,1.0
2024-11-18,3.382,3.5020000000000002,0.12,1.0
2024-11-19,3.429,3.549,0.12,1.0
2024-11-20,3.463,3.583,0.12,1.0
2024-11-21,3.458,3.5780000000000003,0.12,1.0
2024-11-22,3.347,3.467,0.12,1.0
2024-11-25,3.339,3.459,0.12,1.0
2024-11-26,3.312,3.432,0.12,1.0
2024-11-27,3.386,3.5060000000000002,0.12,1.0
2024-11-28,3.336,3.456,0.12,1.0
2024-11-29,3.388,3.508,0.12,1.0
2024-12-02,3.433,3.553,0.12,1.0
2024-12-03,3.411,3.531,0.12,1.0
2024-12-04,3.368,3.488,0.12,1.0
2024-12-05,3.372,3.492,0.12,1.0
2024-12-06,3.42,3.54,0.12,1.0
2024-12-09,3.408,3.528,0.12,1.0
2024-12-10,3.432,3.552,0.12,1.0
2024-12-11,3.429,3.549,0.12,1.0
2024-12-12,3.461,3.581,0.12,1.0
2024-12-13,3.397,3.517,0.12,1.0
2024-12-16,3.345,3.4650000000000003,0.12,1.0
2024-12-17,3.349,3.4690000000000003,0.12,1.0
2024-12-18,3.356,3.476,0.12,1.0
2024-12-19,3.41,3.5300000000000002,0.12,1.0
2024-12-20,3.387,3.507,0.12,1.0
2024-12-23,3.345,3.4650000000000003,0.12,1.0
2024-12-24,3.398,3.5180000000000002,0.12,1.0
2024-12-25,3.371,3.491,0.12,1.0
2024-12-26,3.399,3.519,0.12,1.0
2024-12-27,3.393,3.513,0.12,1.0
2024-12-30,3.408,3.528,0.12,1.0
2024-12-31,3.335,3.455,0.12,1.0
2025-01-02,3.218,3.338,0.12,1.0
2025-01-03,3.174,3.294,0.12,1.0
2025-01-06,3.17,3.29,0.12,1.0
2025-01-07,3.215,3.335,0.12,1.0
2025-01-08,3.195,3.315,0.12,1.0
2025-01-09,3.2,3.3200000000000003,0.12,1.0
2025-01-10,3.159,3.279,0.12,1.0
2025-01-13,3.15,3.27,0.12,1.0
2025-01-14,3.256,3.376,0.12,1.0
2025-01-15,3.225,3.345,0.12,1.0
2025-01-16,3.231,3.351,0.12,1.0
2025-01-17,3.254,3.374,0.12,1.0
2025-01-20,3.285,3.4050000000000002,0.12,1.0
2025-01-21,3.308,3.428,0.12,1.0
2025-01-22,3.285,3.4050000000000002,0.12,1.0
2025-01-23,3.268,3.388,0.12,1.0
2025-01-24,3.308,3.428,0.12,1.0
2025-01-27,3.277,3.3970000000000002,0.12,1.0
2025-02-05,3.293,3.4130000000000003,0.12,1.0
2025-02-06,3.392,3.512,0.12,1.0
2025-02-07,3.441,3.561,0.12,1.0
2025-02-10,3.44,3.56,0.12,1.0
2025-02-11,3.427,3.547,0.12,1.0
2025-02-12,3.489,3.609,0.12,1.0
2025-02-13,3.446,3.5660000000000003,0.12,1.0
2025-02-14,3.488,3.608,0.12,1.0
2025-02-17,3.486,3.6060000000000003,0.12,1.0
2025-02-18,3.467,3.587,0.12,1.0
2025-02-19,3.495,3.615,0.12,1.0
2025-02-20,3.512,3.632,0.12,1.0
2025-02-21,3.583,3.7030000000000003,0.12,1.0
2025-02-24,3.561,3.681,0.12,1.0
2025-02-25,3.536,3.656,0.12,1.0
2025-02-26,3.553,3.673,0.12,1.0
2025-02-27,3.54,3.66,0.12,1.0
2025-02-28,3.444,3.564,0.12,1.0
2025-03-03,3.451,3.571,0.12,1.0
2025-03-04,3.453,3.573,0.12,1.0
2025-03-05,3.456,3.576,0.12,1.0
2025-03-06,3.526,3.646,0.12,1.0
2025-03-07,3.508,3.628,0.12,1.0
2025-03-10,3.501,3.621,0.12,1.0
2025-03-11,3.497,3.617,0.12,1.0
2025-03-12,3.509,3.629,0.12,1.0
2025-03-13,3.478,3.5980000000000003,0.12,1.0
2025-03-14,3.552,3.672,0.12,1.0
2025-03-17,3.555,3.6750000000000003,0.12,1.0
2025-03-18,3.571,3.6910000000000003,0.12,1.0
2025-03-19,3.562,3.682,0.12,1.0
2025-03-20,3.536,3.656,0.12,1.0
2025-03-21,3.463,3.583,0.12,1.0
2025-03-24,3.482,3.6020000000000003,0.12,1.0
2025-03-25,3.469,3.589,0.12,1.0
2025-03-26,3.474,3.5940000000000003,0.12,1.0
2025-03-27,3.489,3.609,0.12,1.0
2025-03-28,3.469,3.589,0.12,1.0
2025-03-31,3.427,3.547,0.12,1.0
2025-04-01,3.432,3.552,0.12,1.0
2025-04-02,3.426,3.5460000000000003,0.12,1.0
2025-04-03,3.374,3.494,0.12,1.0
2025-04-07,3.085,3.205,0.12,1.0
2025-04-08,3.06,3.18,0.12,1.0
2025-04-09,3.102,3.222,0.12,1.0
2025-04-10,3.184,3.3040000000000003,0.12,1.0
2025-04-11,3.236,3.3560000000000003,0.12,1.0
2025-04-14,3.232,3.3520000000000003,0.12,1.0
2025-04-15,3.213,3.333,0.12,1.0
2025-04-16,3.19,3.31,0.12,1.0
2025-04-17,3.185,3.305,0.12,1.0
2025-04-18,3.191,3.311,0.12,1.0
2025-04-21,3.232,3.3520000000000003,0.12,1.0
2025-04-22,3.221,3.341,0.12,1.0
2025-04-23,3.252,3.372,0.12,1.0
2025-04-24,3.239,3.359,0.12,1.0
2025-04-25,3.254,3.374,0.12,1.0
2025-04-28,3.226,3.346,0.12,1.0
2025-04-29,3.218,3.338,0.12,1.0
2025-04-30,3.236,3.3560000000000003,0.12,1.0
2025-05-06,3.289,3.4090000000000003,0.12,1.0
2025-05-07,3.288,3.408,0.12,1.0
2025-05-08,3.305,3.4250000000000003,0.12,1.0
2025-05-09,3.291,3.411,0.12,1.0
2025-05-12,3.336,3.456,0.12,1.0
2025-05-13,3.325,3.4450000000000003,0.12,1.0
2025-05-14,3.342,3.462,0.12,1.0
2025-05-15,3.307,3.427,0.12,1.0
2025-05-16,3.31,3.43,0.12,1.0
2025-05-19,3.305,3.4250000000000003,0.12,1.0
2025-05-20,3.354,3.474,0.12,1.0
2025-05-21,3.362,3.482,0.12,1.0
2025-05-22,3.351,3.471,0.12,1.0
2025-05-23,3.343,3.463,0.12,1.0
2025-05-26,3.315,3.435,0.12,1.0
2025-05-27,3.289,3.4090000000000003,0.12,1.0
2025-05-28,3.277,3.3970000000000002,0.12,1.0
2025-05-29,3.32,3.44,0.12,1.0
2025-05-30,3.302,3.422,0.12,1.0
2025-06-03,3.313,3.4330000000000003,0.12,1.0
2025-06-04,3.34,3.46,0.12,1.0
2025-06-05,3.35,3.47,0.12,1.0
2025-06-06,3.342,3.462,0.12,1.0
2025-06-09,3.352,3.472,0.12,1.0
2025-06-10,3.33,3.45,0.12,1.0
2025-06-11,3.365,3.4850000000000003,0.12,1.0
2025-06-12,3.355,3.475,0.12,1.0
2025-06-13,3.327,3.447,0.12,1.0
2025-06-16,3.341,3.4610000000000003,0.12,1.0
2025-06-17,3.333,3.4530000000000003,0.12,1.0
2025-06-18,3.36,3.48,0.12,1.0
2025-06-19,3.3,3.42,0.12,1.0
2025-06-20,3.334,3.454,0.12,1.0
2025-06-23,3.329,3.4490000000000003,0.12,1.0
2025-06-24,3.373,3.4930000000000003,0.12,1.0
2025-06-25,3.412,3.532,0.12,1.0
2025-06-26,3.391,3.511,0.12,1.0
2025-06-27,3.398,3.5180000000000002,0.12,1.0
2025-06-30,3.429,3.549,0.12,1.0
2025-07-01,3.449,3.569,0.12,1.0
2025-07-02,3.428,3.548,0.12,1.0
2025-07-03,3.473,3.593,0.12,1.0
2025-07-04,3.471,3.591,0.12,1.0
2025-07-07,3.436,3.556,0.12,1.0
2025-07-08,3.484,3.604,0.12,1.0
2025-07-09,3.472,3.592,0.12,1.0
2025-07-10,3.491,3.611,0.12,1.0
2025-07-11,3.495,3.615,0.12,1.0
2025-07-14,3.494,3.6140000000000003,0.12,1.0
2025-07-15,3.508,3.628,0.12,1.0
2025-07-16,3.508,3.628,0.12,1.0
2025-07-17,3.57,3.69,0.12,1.0
2025-07-18,3.579,3.6990000000000003,0.12,1.0
2025-07-21,3.61,3.73,0.12,1.0
2025-07-22,3.632,3.7520000000000002,0.12,1.0
2025-07-23,3.616,3.736,0.12,1.0
2025-07-24,3.651,3.771,0.12,1.0
2025-07-25,3.667,3.787,0.12,1.0
2025-07-28,3.682,3.802,0.12,1.0
2025-07-29,3.693,3.813,0.12,1.0
2025-07-30,3.676,3.7960000000000003,0.12,1.0
2025-07-31,3.608,3.728,0.12,1.0
2025-08-01,3.603,3.7230000000000003,0.12,1.0
2025-08-04,3.602,3.722,0.12,1.0
2025-08-05,3.629,3.749,0.12,1.0
2025-08-06,3.64,3.7600000000000002,0.12,1.0
2025-08-07,3.653,3.773,0.12,1.0
2025-08-08,3.647,3.767,0.12,1.0
2025-08-11,3.701,3.821,0.12,1.0
2025-08-12,3.71,3.83,0.12,1.0
2025-08-13,3.749,3.869,0.12,1.0
2025-08-14,3.719,3.839,0.12,1.0
2025-08-15,3.758,3.878,0.12,1.0
2025-08-18,3.814,3.934,0.12,1.0
2025-08-19,3.809,3.9290000000000003,0.12,1.0
2025-08-20,3.865,3.9850000000000003,0.12,1.0
2025-08-21,3.878,3.998,0.12,1.0
2025-08-22,3.936,4.056,0.12,1.0
2025-08-25,4.01,4.13,0.12,1.0
2025-08-26,4.08,4.2,0.12,1.0
2025-08-27,4.021,4.141,0.12,1.0
2025-08-28,4.081,4.2010000000000005,0.12,1.0
2025-08-29,4.118,4.238,0.12,1.0
2025-09-01,4.114,4.234,0.12,1.0
2025-09-02,4.035,4.155,0.12,1.0
2025-09-03,3.978,4.098,0.12,1.0
2025-09-04,3.881,4.0009999999999994,0.12,1.0
2025-09-05,4.019,4.139,0.12,1.0
2025-09-08,4.103,4.223,0.12,1.0
2025-09-09,4.061,4.181,0.12,1.0
2025-09-10,4.065,4.1850000000000005,0.12,1.0
2025-09-11,4.199,4.319,0.12,1.0
2025-09-12,4.165,4.285,0.12,1.0
2025-09-15,4.19,4.3100000000000005,0.12,1.0
2025-09-16,4.212,4.332,0.12,1.0
2025-09-17,4.254,4.374,0.12,1.0
2025-09-18,4.237,4.357,0.12,1.0
2025-09-19,4.261,4.381,0.12,1.0
2025-09-22,4.311,4.431,0.12,1.0
2025-09-23,4.291,4.4110000000000005,0.12,1.0
2025-09-24,4.389,4.509,0.12,1.0
2025-09-25,4.411,4.531,0.12,1.0
2025-09-26,4.332,4.452,0.12,1.0
2025-09-29,4.403,4.523,0.12,1.0
2025-09-30,4.433,4.553,0.12,1.0
2025-10-09,4.516,4.636,0.12,1.0
2025-10-10,4.399,4.519,0.12,1.0
2025-10-13,4.341,4.461,0.12,1.0
2025-10-14,4.214,4.3340000000000005,0.12,1.0
2025-10-15,4.289,4.409,0.12,1.0
2025-10-16,4.263,4.383,0.12,1.0
2025-10-17,4.143,4.263,0.12,1.0
2025-10-20,4.175,4.295,0.12,1.0
2025-10-21,4.262,4.382,0.12,1.0
2025-10-22,4.235,4.355,0.12,1.0
2025-10-23,4.237,4.357,0.12,1.0
2025-10-24,4.317,4.437,0.12,1.0
2025-10-27,4.384,4.5040000000000004,0.12,1.0
2025-10-28,4.37,4.49,0.12,1.0
2025-10-29,4.447,4.567,0.12,1.0
2025-10-30,4.416,4.5360000000000005,0.12,1.0
2025-10-31,4.36,4.48,0.12,1.0
2025-11-03,4.36,4.48,0.12,1.0
2025-11-04,4.285,4.405,0.12,1.0
2025-11-05,4.27,4.39,0.12,1.0
2025-11-06,4.35,4.47,0.12,1.0
2025-11-07,4.329,4.449,0.12,1.0
2025-11-10,4.334,4.454,0.12,1.0
2025-11-11,4.279,4.399,0.12,1.0
2025-11-12,4.271,4.391,0.12,1.0
2025-11-13,4.324,4.444,0.12,1.0
2025-11-14,4.253,4.373,0.12,1.0
2025-11-17,4.238,4.3580000000000005,0.12,1.0
2025-11-18,4.216,4.336,0.12,1.0
2025-11-19,4.21,4.33,0.12,1.0
2025-11-20,4.173,4.293,0.12,1.0
2025-11-21,4.045,4.165,0.12,1.0
2025-11-24,4.051,4.171,0.12,1.0
2025-11-25,4.135,4.255,0.12,1.0
2025-11-26,4.164,4.284,0.12,1.0
2025-11-27,4.147,4.267,0.12,1.0
2025-11-28,4.179,4.299,0.12,1.0
2025-12-01,4.243,4.363,0.12,1.0
2025-12-02,4.213,4.333,0.12,1.0
2025-12-03,4.182,4.3020000000000005,0.12,1.0
2025-12-04,4.193,4.313,0.12,1.0
2025-12-05,4.225,4.345,0.12,1.0
2025-12-08,4.261,4.381,0.12,1.0
2025-12-09,4.242,4.362,0.12,1.0
2025-12-10,4.256,4.376,0.12,1.0
2025-12-11,4.228,4.348,0.12,1.0
2025-12-12,4.251,4.371,0.12,1.0
2025-12-15,4.201,4.321,0.12,1.0
2025-12-16,4.156,4.276,0.12,1.0
2025-12-17,4.232,4.352,0.12,1.0
2025-12-18,4.193,4.313,0.12,1.0
2025-12-19,4.225,4.345,0.12,1.0
2025-12-22,4.28,4.4,0.12,1.0
2025-12-23,4.304,4.424,0.12,1.0
2025-12-24,4.332,4.452,0.12,1.0
2025-12-25,4.359,4.479,0.12,1.0
2025-12-26,4.373,4.493,0.12,1.0
2025-12-29,4.379,4.499,0.12,1.0
2025-12-30,4.396,4.516,0.12,1.0
2025-12-31,4.376,4.496,0.12,1.0
2026-01-05,4.476,4.596,0.12,1.0
2026-01-06,4.558,4.678,0.12,1.0
2026-01-07,4.565,4.6850000000000005,0.12,1.0
2026-01-08,4.548,4.668,0.12,1.0
2026-01-09,4.606,4.726,0.12,1.0
2026-01-12,4.676,4.796,0.12,1.0
2026-01-13,4.633,4.753,0.12,1.0
2026-01-14,4.648,4.768,0.12,1.0
2026-01-15,4.667,4.787,0.12,1.0
2026-01-16,4.666,4.7860000000000005,0.12,1.0
2026-01-19,4.683,4.803,0.12,1.0
2026-01-20,4.638,4.758,0.12,1.0
2026-01-21,4.673,4.793,0.12,1.0
2026-01-22,4.679,4.799,0.12,1.0
2026-01-23,4.716,4.836,0.12,1.0
2026-01-26,4.63,4.75,0.12,1.0
2026-01-27,4.626,4.746,0.12,1.0
2026-01-28,4.631,4.751,0.12,1.0
2026-01-29,4.595,4.715,0.12,1.0
2026-01-30,4.535,4.655,0.12,1.0
2026-02-02,4.428,4.548,0.12,1.0
2026-02-03,4.526,4.646,0.12,1.0
2026-02-04,4.524,4.644,0.12,1.0
2026-02-05,4.465,4.585,0.12,1.0
2026-02-06,4.483,4.603,0.12,1.0
2026-02-09,4.556,4.676,0.12,1.0
2026-02-10,4.583,4.703,0.12,1.0
2026-02-11,4.571,4.691,0.12,1.0
2026-02-12,4.582,4.702,0.12,1.0
2026-02-13,4.562,4.682,0.12,1.0
2026-02-24,4.612,4.732,0.12,1.0
2026-02-25,4.658,4.7780000000000005,0.12,1.0
2026-02-26,4.689,4.809,0.12,1.0
2026-02-27,4.673,4.793,0.12,1.0
2026-03-02,4.683,4.803,0.12,1.0
2026-03-03,4.544,4.664,0.12,1.0
2026-03-04,4.575,4.695,0.12,1.0
2026-03-05,4.569,4.689,0.12,1.0
2026-03-06,4.605,4.7250000000000005,0.12,1.0
2026-03-09,4.568,4.688,0.12,1.0
2026-03-10,4.657,4.777,0.12,1.0
2026-03-11,4.686,4.806,0.12,1.0
2026-03-12,4.676,4.796,0.12,1.0
2026-03-13,4.645,4.765,0.12,1.0
2026-03-16,4.64,4.76,0.12,1.0
2026-03-17,4.579,4.699,0.12,1.0
2026-03-18,4.591,4.711,0.12,1.0
2026-03-19,4.495,4.615,0.12,1.0
2026-03-20,4.468,4.588,0.12,1.0
2026-03-23,4.298,4.418,0.12,1.0
2026-03-24,4.348,4.468,0.12,1.0
2026-03-25,4.44,4.5600000000000005,0.12,1.0
2026-03-26,4.38,4.5,0.12,1.0
2026-03-27,4.431,4.551,0.12,1.0
2026-03-30,4.439,4.559,0.12,1.0
2026-03-31,4.376,4.496,0.12,1.0
2026-04-01,4.447,4.567,0.12,1.0
2026-04-02,4.386,4.506,0.12,1.0
2026-04-03,4.342,4.462,0.12,1.0
2026-04-07,4.346,4.466,0.12,1.0
2026-04-08,4.542,4.662,0.12,1.0
2026-04-09,4.552,4.672,0.12,1.0
2026-04-10,4.644,4.764,0.12,1.0
2026-04-13,4.666,4.7860000000000005,0.12,1.0
2026-04-14,4.747,4.867,0.12,1.0
2026-04-15,4.707,4.827,0.12,1.0
2026-04-16,4.788,4.908,0.12,1.0
2026-04-17,4.788,4.908,0.12,1.0
2026-04-20,4.835,4.955,0.12,1.0
2026-04-21,4.85,4.97,0.12,1.0
2026-04-22,4.942,5.062,0.12,1.0
2026-04-23,4.898,5.018,0.12,1.0
2026-04-24,4.888,5.008,0.12,1.0
2026-04-27,4.968,5.088,0.12,1.0
2026-04-28,4.916,5.0360000000000005,0.12,1.0
2026-04-29,4.961,5.081,0.12,1.0
2026-04-30,4.997,5.117,0.12,1.0
2026-05-06,5.088,5.208,0.12,1.0
2026-05-07,5.136,5.256,0.12,1.0
2026-05-08,5.126,5.246,0.12,1.0
2026-05-11,5.218,5.338,0.12,1.0
2026-05-12,5.197,5.317,0.12,1.0
2026-05-13,5.266,5.386,0.12,1.0
2026-05-14,5.13,5.25,0.12,1.0
2026-05-15,5.05,5.17,0.12,1.0
2026-05-18,5.044,5.164,0.12,1.0
2026-05-19,5.105,5.2250000000000005,0.12,1.0
2026-05-20,5.087,5.207,0.12,1.0
2026-05-21,5.0,5.12,0.12,1.0
2026-05-22,5.105,5.2250000000000005,0.12,1.0
2026-05-25,5.202,5.322,0.12,1.0
2026-05-26,5.181,5.301,0.12,1.0
2026-05-27,5.11,5.23,0.12,1.0
2026-05-28,5.116,5.236,0.12,1.0
2026-05-29,5.022,5.142,0.12,1.0
2026-06-01,4.935,5.055,0.12,1.0
2026-06-02,5.003,5.123,0.12,1.0
2026-06-03,5.017,5.1370000000000005,0.12,1.0
2026-06-04,5.021,5.141,0.12,1.0
2026-06-05,4.907,5.027,0.12,1.0
2026-06-08,4.767,4.8870000000000005,0.12,1.0
2026-06-09,4.919,5.039,0.12,1.0
2026-06-10,4.81,4.93,0.12,1.0
2026-06-11,4.782,4.902,0.12,1.0
2026-06-12,4.83,4.95,0.12,1.0
2026-06-15,4.95,5.07,0.12,1.0
2026-06-16,4.985,5.105,0.12,1.0
2026-06-17,5.059,5.179,0.12,1.0
2026-06-18,5.101,5.221,0.12,1.0
2026-06-22,5.184,5.304,0.12,1.0
2026-06-23,5.061,5.181,0.12,1.0
2026-06-24,5.141,5.261,0.12,1.0
2026-06-25,5.22,5.34,0.12,1.0
2026-06-26,5.045,5.165,0.12,1.0
2026-06-29,5.036,5.156,0.12,1.0
2026-06-30,5.175,5.295,0.12,1.0
2026-07-01,5.149,5.269,0.12,1.0
2026-07-02,4.965,5.085,0.12,1.0
2026-07-03,5.066,5.186,0.12,1.0
2026-07-06,5.013,5.133,0.12,1.0
2026-07-07,4.981,5.101,0.12,1.0
2026-07-08,4.876,4.996,0.12,1.0
2026-07-09,5.043,5.163,0.12,1.0
2026-07-10,4.971,5.091,0.12,1.0
2026-07-13,4.787,4.907,0.12,1.0
2026-07-14,4.905,5.025,0.12,1.0
2026-07-15,4.875,4.995,0.12,1.0
2026-07-16,4.829,4.949,0.12,1.0
2026-07-17,4.597,4.7170000000000005,0.12,1.0
