date,close,total_return_proxy,cumulative_dividend,split_factor
2013-09-16,0.987,0.987,0.0,1.0
2013-09-17,0.971,0.971,0.0,1.0
2013-09-18,0.983,0.983,0.0,1.0
2013-09-23,0.996,0.996,0.0,1.0
2013-09-24,1.005,1.005,0.0,1.0
2013-09-25,1.003,1.003,0.0,1.0
2013-09-26,1.007,1.007,0.0,1.0
2013-09-27,1.002,1.002,0.0,1.0
2013-09-30,1.016,1.016,0.0,1.0
2013-10-08,1.028,1.028,0.0,1.0
2013-10-09,1.035,1.035,0.0,1.0
2013-10-10,1.036,1.036,0.0,1.0
2013-10-11,1.049,1.049,0.0,1.0
2013-10-14,1.068,1.068,0.0,1.0
2013-10-15,1.082,1.082,0.0,1.0
2013-10-16,1.061,1.061,0.0,1.0
2013-10-17,1.058,1.058,0.0,1.0
2013-10-18,1.063,1.063,0.0,1.0
2013-10-21,1.101,1.101,0.0,1.0
2013-10-22,1.089,1.089,0.0,1.0
2013-10-23,1.056,1.056,0.0,1.0
2013-10-24,1.041,1.041,0.0,1.0
2013-10-25,1.015,1.015,0.0,1.0
2013-10-28,1.009,1.009,0.0,1.0
2013-10-29,0.996,0.996,0.0,1.0
2013-10-30,1.008,1.008,0.0,1.0
2013-10-31,0.985,0.985,0.0,1.0
2013-11-01,0.983,0.983,0.0,1.0
2013-11-04,0.981,0.981,0.0,1.0
2013-11-05,0.987,0.987,0.0,1.0
2013-11-06,0.981,0.981,0.0,1.0
2013-11-07,0.967,0.967,0.0,1.0
2013-11-08,0.955,0.955,0.0,1.0
2013-11-11,0.974,0.974,0.0,1.0
2013-11-12,0.981,0.981,0.0,1.0
2013-11-13,0.963,0.963,0.0,1.0
2013-11-14,0.977,0.977,0.0,1.0
2013-11-15,0.996,0.996,0.0,1.0
2013-11-18,1.018,1.018,0.0,1.0
2013-11-19,1.005,1.005,0.0,1.0
2013-11-20,1.009,1.009,0.0,1.0
2013-11-21,0.999,0.999,0.0,1.0
2013-11-22,0.997,0.997,0.0,1.0
2013-11-25,0.995,0.995,0.0,1.0
2013-11-26,0.994,0.994,0.0,1.0
2013-11-27,0.998,0.998,0.0,1.0
2013-11-28,1.012,1.012,0.0,1.0
2013-11-29,1.012,1.012,0.0,1.0
2013-12-02,0.975,0.975,0.0,1.0
2013-12-03,0.998,0.998,0.0,1.0
2013-12-04,1.009,1.009,0.0,1.0
2013-12-05,1.012,1.012,0.0,1.0
2013-12-06,1.01,1.01,0.0,1.0
2013-12-09,1.017,1.017,0.0,1.0
2013-12-10,1.016,1.016,0.0,1.0
2013-12-11,1.009,1.009,0.0,1.0
2013-12-12,1.004,1.004,0.0,1.0
2013-12-13,1.003,1.003,0.0,1.0
2013-12-16,0.985,0.985,0.0,1.0
2013-12-17,0.98,0.98,0.0,1.0
2013-12-18,0.978,0.978,0.0,1.0
2013-12-19,0.97,0.97,0.0,1.0
2013-12-20,0.97,0.97,0.0,1.0
2013-12-23,0.967,0.967,0.0,1.0
2013-12-24,0.968,0.968,0.0,1.0
2013-12-25,0.976,0.976,0.0,1.0
2013-12-26,0.964,0.964,0.0,1.0
2013-12-27,0.972,0.972,0.0,1.0
2013-12-30,0.976,0.976,0.0,1.0
2013-12-31,0.99,0.99,0.0,1.0
2014-01-02,0.982,0.982,0.0,1.0
2014-01-03,0.975,0.975,0.0,1.0
2014-01-06,0.948,0.948,0.0,1.0
2014-01-07,0.95,0.95,0.0,1.0
2014-01-08,0.952,0.952,0.0,1.0
2014-01-09,0.943,0.943,0.0,1.0
2014-01-10,0.94,0.94,0.0,1.0
2014-01-13,0.938,0.938,0.0,1.0
2014-01-14,0.949,0.949,0.0,1.0
2014-01-15,0.947,0.947,0.0,1.0
2014-01-16,0.953,0.953,0.0,1.0
2014-01-17,0.932,0.932,0.0,1.0
2014-01-20,0.927,0.927,0.0,1.0
2014-01-21,0.928,0.928,0.0,1.0
2014-01-22,0.953,0.953,0.0,1.0
2014-01-23,0.951,0.951,0.0,1.0
2014-01-24,0.957,0.957,0.0,1.0
2014-01-27,0.95,0.95,0.0,1.0
2014-01-28,0.938,0.938,0.0,1.0
2014-01-29,0.927,0.927,0.0,1.0
2014-01-30,0.91,0.91,0.0,1.0
2014-02-07,0.924,0.924,0.0,1.0
2014-02-10,0.946,0.946,0.0,1.0
2014-02-11,0.952,0.952,0.0,1.0
2014-02-12,0.954,0.954,0.0,1.0
2014-02-13,0.95,0.95,0.0,1.0
2014-02-14,0.966,0.966,0.0,1.0
2014-02-17,0.978,0.978,0.0,1.0
2014-02-18,0.972,0.972,0.0,1.0
2014-02-19,0.975,0.975,0.0,1.0
2014-02-20,0.972,0.972,0.0,1.0
2014-02-21,0.961,0.961,0.0,1.0
2014-02-24,0.951,0.951,0.0,1.0
2014-02-25,0.918,0.918,0.0,1.0
2014-02-26,0.917,0.917,0.0,1.0
2014-02-27,0.91,0.91,0.0,1.0
2014-02-28,0.926,0.926,0.0,1.0
2014-03-03,0.943,0.943,0.0,1.0
2014-03-04,0.937,0.937,0.0,1.0
2014-03-05,0.94,0.94,0.0,1.0
2014-03-06,0.939,0.939,0.0,1.0
2014-03-07,0.945,0.945,0.0,1.0
2014-03-10,0.924,0.924,0.0,1.0
2014-03-11,0.938,0.938,0.0,1.0
2014-03-12,0.932,0.932,0.0,1.0
2014-03-13,0.962,0.962,0.0,1.0
2014-03-14,0.953,0.953,0.0,1.0
2014-03-17,0.956,0.956,0.0,1.0
2014-03-18,0.965,0.965,0.0,1.0
2014-03-19,0.947,0.947,0.0,1.0
2014-03-20,0.931,0.931,0.0,1.0
2014-03-21,0.95,0.95,0.0,1.0
2014-03-24,0.947,0.947,0.0,1.0
2014-03-25,0.94,0.94,0.0,1.0
2014-03-26,0.938,0.938,0.0,1.0
2014-03-27,0.924,0.924,0.0,1.0
2014-03-28,0.913,0.913,0.0,1.0
2014-03-31,0.913,0.913,0.0,1.0
2014-04-01,0.931,0.931,0.0,1.0
2014-04-02,0.934,0.934,0.0,1.0
2014-04-03,0.93,0.93,0.0,1.0
2014-04-04,0.937,0.937,0.0,1.0
2014-04-08,0.955,0.955,0.0,1.0
2014-04-09,0.959,0.959,0.0,1.0
2014-04-10,0.968,0.968,0.0,1.0
2014-04-11,0.976,0.976,0.0,1.0
2014-04-14,0.978,0.978,0.0,1.0
2014-04-15,0.969,0.969,0.0,1.0
2014-04-16,0.968,0.968,0.0,1.0
2014-04-17,0.967,0.967,0.0,1.0
2014-04-18,0.972,0.972,0.0,1.0
2014-04-21,0.953,0.953,0.0,1.0
2014-04-22,0.954,0.954,0.0,1.0
2014-04-23,0.962,0.962,0.0,1.0
2014-04-24,0.955,0.955,0.0,1.0
2014-04-25,0.929,0.929,0.0,1.0
2014-04-28,0.909,0.909,0.0,1.0
2014-04-29,0.92,0.92,0.0,1.0
2014-04-30,0.927,0.927,0.0,1.0
2014-05-05,0.932,0.932,0.0,1.0
2014-05-06,0.932,0.932,0.0,1.0
2014-05-07,0.922,0.922,0.0,1.0
2014-05-08,0.92,0.92,0.0,1.0
2014-05-09,0.919,0.919,0.0,1.0
2014-05-12,0.93,0.93,0.0,1.0
2014-05-13,0.933,0.933,0.0,1.0
2014-05-14,0.925,0.925,0.0,1.0
2014-05-15,0.914,0.914,0.0,1.0
2014-05-16,0.912,0.912,0.0,1.0
2014-05-19,0.9,0.9,0.0,1.0
2014-05-20,0.896,0.896,0.0,1.0
2014-05-21,0.907,0.907,0.0,1.0
2014-05-22,0.903,0.903,0.0,1.0
2014-05-23,0.908,0.908,0.0,1.0
2014-05-26,0.914,0.914,0.0,1.0
2014-05-27,0.911,0.911,0.0,1.0
2014-05-28,0.915,0.915,0.0,1.0
2014-05-29,0.91,0.91,0.0,1.0
2014-05-30,0.911,0.911,0.0,1.0
2014-06-03,0.899,0.899,0.0,1.0
2014-06-04,0.892,0.892,0.0,1.0
2014-06-05,0.902,0.902,0.0,1.0
2014-06-06,0.896,0.896,0.0,1.0
2014-06-09,0.894,0.894,0.0,1.0
2014-06-10,0.901,0.901,0.0,1.0
2014-06-11,0.905,0.905,0.0,1.0
2014-06-12,0.905,0.905,0.0,1.0
2014-06-13,0.908,0.908,0.0,1.0
2014-06-16,0.913,0.913,0.0,1.0
2014-06-17,0.902,0.902,0.0,1.0
2014-06-18,0.899,0.899,0.0,1.0
2014-06-19,0.884,0.884,0.0,1.0
2014-06-20,0.886,0.886,0.0,1.0
2014-06-23,0.89,0.89,0.0,1.0
2014-06-24,0.9,0.9,0.0,1.0
2014-06-25,0.9,0.9,0.0,1.0
2014-06-26,0.908,0.908,0.0,1.0
2014-06-27,0.907,0.907,0.0,1.0
2014-06-30,0.914,0.914,0.0,1.0
2014-07-01,0.912,0.912,0.0,1.0
2014-07-02,0.915,0.915,0.0,1.0
2014-07-03,0.921,0.921,0.0,1.0
2014-07-04,0.922,0.922,0.0,1.0
2014-07-07,0.919,0.919,0.0,1.0
2014-07-08,0.922,0.922,0.0,1.0
2014-07-09,0.908,0.908,0.0,1.0
2014-07-10,0.903,0.903,0.0,1.0
2014-07-11,0.907,0.907,0.0,1.0
2014-07-14,0.926,0.926,0.0,1.0
2014-07-15,0.942,0.942,0.0,1.0
2014-07-16,0.941,0.941,0.0,1.0
2014-07-17,0.929,0.929,0.0,1.0
2014-07-18,0.945,0.945,0.0,1.0
2014-07-21,0.95,0.95,0.0,1.0
2014-07-22,0.96,0.96,0.0,1.0
2014-07-23,0.955,0.955,0.0,1.0
2014-07-24,0.96,0.96,0.0,1.0
2014-07-25,0.967,0.967,0.0,1.0
2014-07-28,0.987,0.987,0.0,1.0
2014-07-29,0.981,0.981,0.0,1.0
2014-07-30,0.982,0.982,0.0,1.0
2014-07-31,0.998,0.998,0.0,1.0
2014-08-01,1.006,1.006,0.0,1.0
2014-08-04,1.02,1.02,0.0,1.0
2014-08-05,1.02,1.02,0.0,1.0
2014-08-06,1.017,1.017,0.0,1.0
2014-08-07,0.998,0.998,0.0,1.0
2014-08-08,1.001,1.001,0.0,1.0
2014-08-11,1.018,1.018,0.0,1.0
2014-08-12,1.019,1.019,0.0,1.0
2014-08-13,1.02,1.02,0.0,1.0
2014-08-14,1.012,1.012,0.0,1.0
2014-08-15,1.018,1.018,0.0,1.0
2014-08-18,1.022,1.022,0.0,1.0
2014-08-19,1.024,1.024,0.0,1.0
2014-08-20,1.028,1.028,0.0,1.0
2014-08-21,1.022,1.022,0.0,1.0
2014-08-22,1.025,1.025,0.0,1.0
2014-08-25,1.019,1.019,0.0,1.0
2014-08-26,1.005,1.005,0.0,1.0
2014-08-27,1.006,1.006,0.0,1.0
2014-08-28,1.005,1.005,0.0,1.0
2014-08-29,1.014,1.014,0.0,1.0
2014-09-01,1.02,1.02,0.0,1.0
2014-09-02,1.034,1.034,0.0,1.0
2014-09-03,1.043,1.043,0.0,1.0
2014-09-04,1.045,1.045,0.0,1.0
2014-09-05,1.057,1.057,0.0,1.0
2014-09-09,1.054,1.054,0.0,1.0
2014-09-10,1.052,1.052,0.0,1.0
2014-09-11,1.045,1.045,0.0,1.0
2014-09-12,1.048,1.048,0.0,1.0
2014-09-15,1.049,1.049,0.0,1.0
2014-09-16,1.022,1.022,0.0,1.0
2014-09-17,1.03,1.03,0.0,1.0
2014-09-18,1.035,1.035,0.0,1.0
2014-09-19,1.047,1.047,0.0,1.0
2014-09-22,1.024,1.024,0.0,1.0
2014-09-23,1.035,1.035,0.0,1.0
2014-09-24,1.052,1.052,0.0,1.0
2014-09-25,1.047,1.047,0.0,1.0
2014-09-26,1.052,1.052,0.0,1.0
2014-09-29,1.057,1.057,0.0,1.0
2014-09-30,1.06,1.06,0.0,1.0
2014-10-08,1.073,1.073,0.0,1.0
2014-10-09,1.075,1.075,0.0,1.0
2014-10-10,1.064,1.064,0.0,1.0
2014-10-13,1.052,1.052,0.0,1.0
2014-10-14,1.049,1.049,0.0,1.0
2014-10-15,1.05,1.05,0.0,1.0
2014-10-16,1.043,1.043,0.0,1.0
2014-10-17,1.044,1.044,0.0,1.0
2014-10-20,1.05,1.05,0.0,1.0
2014-10-21,1.043,1.043,0.0,1.0
2014-10-22,1.029,1.029,0.0,1.0
2014-10-23,1.014,1.014,0.0,1.0
2014-10-24,1.012,1.012,0.0,1.0
2014-10-27,1.014,1.014,0.0,1.0
2014-10-28,1.024,1.024,0.0,1.0
2014-10-29,1.03,1.03,0.0,1.0
2014-10-30,1.029,1.029,0.0,1.0
2014-10-31,1.032,1.032,0.0,1.0
2014-11-03,1.028,1.028,0.0,1.0
2014-11-04,1.015,1.015,0.0,1.0
2014-11-05,1.009,1.009,0.0,1.0
2014-11-06,1.014,1.014,0.0,1.0
2014-11-07,1.005,1.005,0.0,1.0
2014-11-10,1.03,1.03,0.0,1.0
2014-11-11,1.018,1.018,0.0,1.0
2014-11-12,1.029,1.029,0.0,1.0
2014-11-13,1.028,1.028,0.0,1.0
2014-11-14,1.039,1.039,0.0,1.0
2014-11-17,1.044,1.044,0.0,1.0
2014-11-18,1.034,1.034,0.0,1.0
2014-11-19,1.031,1.031,0.0,1.0
2014-11-20,1.027,1.027,0.0,1.0
2014-11-21,1.036,1.036,0.0,1.0
2014-11-24,1.043,1.043,0.0,1.0
2014-11-25,1.053,1.053,0.0,1.0
2014-11-26,1.06,1.06,0.0,1.0
2014-11-27,1.059,1.059,0.0,1.0
2014-11-28,1.059,1.059,0.0,1.0
2014-12-01,1.079,1.079,0.0,1.0
2014-12-02,1.092,1.092,0.0,1.0
2014-12-03,1.11,1.11,0.0,1.0
2014-12-04,1.138,1.138,0.0,1.0
2014-12-05,1.116,1.116,0.0,1.0
2014-12-08,1.121,1.121,0.0,1.0
2014-12-09,1.1,1.1,0.0,1.0
2014-12-10,1.133,1.133,0.0,1.0
2014-12-11,1.142,1.142,0.0,1.0
2014-12-12,1.151,1.151,0.0,1.0
2014-12-15,1.161,1.161,0.0,1.0
2014-12-16,1.15,1.15,0.0,1.0
2014-12-17,1.128,1.128,0.0,1.0
2014-12-18,1.134,1.134,0.0,1.0
2014-12-19,1.131,1.131,0.0,1.0
2014-12-22,1.133,1.133,0.0,1.0
2014-12-23,1.134,1.134,0.0,1.0
2014-12-24,1.128,1.128,0.0,1.0
2014-12-25,1.136,1.136,0.0,1.0
2014-12-26,1.146,1.146,0.0,1.0
2014-12-29,1.143,1.143,0.0,1.0
2014-12-30,1.13,1.13,0.0,1.0
2014-12-31,1.15,1.15,0.0,1.0
2015-01-05,1.199,1.199,0.0,1.0
2015-01-06,1.206,1.206,0.0,1.0
2015-01-07,1.195,1.195,0.0,1.0
2015-01-08,1.194,1.194,0.0,1.0
2015-01-09,1.179,1.179,0.0,1.0
2015-01-12,1.171,1.171,0.0,1.0
2015-01-13,1.169,1.169,0.0,1.0
2015-01-14,1.157,1.157,0.0,1.0
2015-01-15,1.167,1.167,0.0,1.0
2015-01-16,1.172,1.172,0.0,1.0
2015-01-19,1.123,1.123,0.0,1.0
2015-01-20,1.15,1.15,0.0,1.0
2015-01-21,1.176,1.176,0.0,1.0
2015-01-22,1.183,1.183,0.0,1.0
2015-01-23,1.173,1.173,0.0,1.0
2015-01-26,1.195,1.195,0.0,1.0
2015-01-27,1.194,1.194,0.0,1.0
2015-01-28,1.18,1.18,0.0,1.0
2015-01-29,1.167,1.167,0.0,1.0
2015-01-30,1.162,1.162,0.0,1.0
2015-02-02,1.148,1.148,0.0,1.0
2015-02-03,1.158,1.158,0.0,1.0
2015-02-04,1.151,1.151,0.0,1.0
2015-02-05,1.139,1.139,0.0,1.0
2015-02-06,1.129,1.129,0.0,1.0
2015-02-09,1.143,1.143,0.0,1.0
2015-02-10,1.145,1.145,0.0,1.0
2015-02-11,1.16,1.16,0.0,1.0
2015-02-12,1.171,1.171,0.0,1.0
2015-02-13,1.18,1.18,0.0,1.0
2015-02-16,1.191,1.191,0.0,1.0
2015-02-17,1.193,1.193,0.0,1.0
2015-02-25,1.186,1.186,0.0,1.0
2015-02-26,1.198,1.198,0.0,1.0
2015-02-27,1.205,1.205,0.0,1.0
2015-03-02,1.209,1.209,0.0,1.0
2015-03-03,1.195,1.195,0.0,1.0
2015-03-04,1.217,1.217,0.0,1.0
2015-03-05,1.222,1.222,0.0,1.0
2015-03-06,1.218,1.218,0.0,1.0
2015-03-09,1.246,1.246,0.0,1.0
2015-03-10,1.251,1.251,0.0,1.0
2015-03-11,1.249,1.249,0.0,1.0
2015-03-12,1.249,1.249,0.0,1.0
2015-03-13,1.262,1.262,0.0,1.0
2015-03-16,1.293,1.293,0.0,1.0
2015-03-17,1.306,1.306,0.0,1.0
2015-03-18,1.33,1.33,0.0,1.0
2015-03-19,1.32,1.32,0.0,1.0
2015-03-20,1.326,1.326,0.0,1.0
2015-03-23,1.355,1.355,0.0,1.0
2015-03-24,1.354,1.354,0.0,1.0
2015-03-25,1.369,1.369,0.0,1.0
2015-03-26,1.384,1.384,0.0,1.0
2015-03-27,1.388,1.388,0.0,1.0
2015-03-30,1.397,1.397,0.0,1.0
2015-03-31,1.384,1.384,0.0,1.0
2015-04-01,1.402,1.402,0.0,1.0
2015-04-02,1.417,1.417,0.0,1.0
2015-04-03,1.434,1.434,0.0,1.0
2015-04-07,1.471,1.471,0.0,1.0
2015-04-08,1.472,1.472,0.0,1.0
2015-04-09,1.457,1.457,0.0,1.0
2015-04-10,1.5,1.5,0.0,1.0
2015-04-13,1.528,1.528,0.0,1.0
2015-04-14,1.526,1.526,0.0,1.0
2015-04-15,1.483,1.483,0.0,1.0
2015-04-16,1.535,1.535,0.0,1.0
2015-04-17,1.54,1.54,0.0,1.0
2015-04-20,1.529,1.529,0.0,1.0
2015-04-21,1.603,1.603,0.0,1.0
2015-04-22,1.619,1.619,0.0,1.0
2015-04-23,1.621,1.621,0.0,1.0
2015-04-24,1.617,1.617,0.0,1.0
2015-04-27,1.625,1.625,0.0,1.0
2015-04-28,1.569,1.569,0.0,1.0
2015-04-29,1.593,1.593,0.0,1.0
2015-04-30,1.606,1.606,0.0,1.0
2015-05-04,1.6,1.6,0.0,1.0
2015-05-05,1.549,1.549,0.0,1.0
2015-05-06,1.514,1.514,0.0,1.0
2015-05-07,1.504,1.504,0.0,1.0
2015-05-08,1.548,1.548,0.0,1.0
2015-05-11,1.588,1.588,0.0,1.0
2015-05-12,1.604,1.604,0.0,1.0
2015-05-13,1.631,1.631,0.0,1.0
2015-05-14,1.617,1.617,0.0,1.0
2015-05-15,1.595,1.595,0.0,1.0
2015-05-18,1.594,1.594,0.0,1.0
2015-05-19,1.631,1.631,0.0,1.0
2015-05-20,1.643,1.643,0.0,1.0
2015-05-21,1.704,1.704,0.0,1.0
2015-05-22,1.74,1.74,0.0,1.0
2015-05-25,1.799,1.799,0.0,1.0
2015-05-26,1.834,1.834,0.0,1.0
2015-05-27,1.855,1.855,0.0,1.0
2015-05-28,1.735,1.735,0.0,1.0
2015-05-29,1.727,1.727,0.0,1.0
2015-06-01,1.812,1.812,0.0,1.0
2015-06-02,1.864,1.864,0.0,1.0
2015-06-03,1.831,1.831,0.0,1.0
2015-06-04,1.82,1.82,0.0,1.0
2015-06-05,1.85,1.85,0.0,1.0
2015-06-08,1.869,1.869,0.0,1.0
2015-06-09,1.865,1.865,0.0,1.0
2015-06-10,1.9,1.9,0.0,1.0
2015-06-11,1.914,1.914,0.0,1.0
2015-06-12,1.96,1.96,0.0,1.0
2015-06-15,1.936,1.936,0.0,1.0
2015-06-16,1.862,1.862,0.0,1.0
2015-06-17,1.888,1.888,0.0,1.0
2015-06-18,1.825,1.825,0.0,1.0
2015-06-19,1.704,1.704,0.0,1.0
2015-06-23,1.753,1.753,0.0,1.0
2015-06-24,1.802,1.802,0.0,1.0
2015-06-25,1.753,1.753,0.0,1.0
2015-06-26,1.596,1.596,0.0,1.0
2015-06-29,1.525,1.525,0.0,1.0
2015-06-30,1.634,1.634,0.0,1.0
2015-07-01,1.575,1.575,0.0,1.0
2015-07-02,1.496,1.496,0.0,1.0
2015-07-03,1.391,1.391,0.0,1.0
2015-07-06,1.487,1.487,0.0,1.0
2015-07-07,1.34,1.34,0.0,1.0
2015-07-08,1.206,1.206,0.0,1.0
2015-07-09,1.327,1.327,0.0,1.0
2015-07-10,1.46,1.46,0.0,1.0
2015-07-13,1.606,1.606,0.0,1.0
2015-07-14,1.605,1.605,0.0,1.0
2015-07-15,1.445,1.445,0.0,1.0
2015-07-16,1.46,1.46,0.0,1.0
2015-07-17,1.52,1.52,0.0,1.0
2015-07-20,1.528,1.528,0.0,1.0
2015-07-21,1.533,1.533,0.0,1.0
2015-07-22,1.551,1.551,0.0,1.0
2015-07-23,1.58,1.58,0.0,1.0
2015-07-24,1.54,1.54,0.0,1.0
2015-07-27,1.431,1.431,0.0,1.0
2015-07-28,1.44,1.44,0.0,1.0
2015-07-29,1.49,1.49,0.0,1.0
2015-07-30,1.472,1.472,0.0,1.0
2015-07-31,1.436,1.436,0.0,1.0
2015-08-03,1.419,1.419,0.0,1.0
2015-08-04,1.488,1.488,0.0,1.0
2015-08-05,1.464,1.464,0.0,1.0
2015-08-06,1.457,1.457,0.0,1.0
2015-08-07,1.498,1.498,0.0,1.0
2015-08-10,1.57,1.57,0.0,1.0
2015-08-11,1.57,1.57,0.0,1.0
2015-08-12,1.563,1.563,0.0,1.0
2015-08-13,1.566,1.566,0.0,1.0
2015-08-14,1.575,1.575,0.0,1.0
2015-08-17,1.601,1.601,0.0,1.0
2015-08-18,1.501,1.501,0.0,1.0
2015-08-19,1.53,1.53,0.0,1.0
2015-08-20,1.476,1.476,0.0,1.0
2015-08-21,1.414,1.414,0.0,1.0
2015-08-24,1.273,1.273,0.0,1.0
2015-08-25,1.196,1.196,0.0,1.0
2015-08-26,1.24,1.24,0.0,1.0
2015-08-27,1.3,1.3,0.0,1.0
2015-08-28,1.343,1.343,0.0,1.0
2015-08-31,1.313,1.313,0.0,1.0
2015-09-01,1.288,1.288,0.0,1.0
2015-09-02,1.291,1.291,0.0,1.0
2015-09-07,1.263,1.263,0.0,1.0
2015-09-08,1.285,1.285,0.0,1.0
2015-09-09,1.299,1.299,0.0,1.0
2015-09-10,1.289,1.289,0.0,1.0
2015-09-11,1.279,1.279,0.0,1.0
2015-09-14,1.235,1.235,0.0,1.0
2015-09-15,1.2,1.2,0.0,1.0
2015-09-16,1.274,1.274,0.0,1.0
2015-09-17,1.242,1.242,0.0,1.0
2015-09-18,1.25,1.25,0.0,1.0
2015-09-21,1.262,1.262,0.0,1.0
2015-09-22,1.266,1.266,0.0,1.0
2015-09-23,1.253,1.253,0.0,1.0
2015-09-24,1.256,1.256,0.0,1.0
2015-09-25,1.231,1.231,0.0,1.0
2015-09-28,1.243,1.243,0.0,1.0
2015-09-29,1.225,1.225,0.0,1.0
2015-09-30,1.238,1.238,0.0,1.0
2015-10-08,1.276,1.276,0.0,1.0
2015-10-09,1.272,1.272,0.0,1.0
2015-10-12,1.318,1.318,0.0,1.0
2015-10-13,1.312,1.312,0.0,1.0
2015-10-14,1.31,1.31,0.0,1.0
2015-10-15,1.33,1.33,0.0,1.0
2015-10-16,1.34,1.34,0.0,1.0
2015-10-19,1.325,1.325,0.0,1.0
2015-10-20,1.328,1.328,0.0,1.0
2015-10-21,1.283,1.283,0.0,1.0
2015-10-22,1.301,1.301,0.0,1.0
2015-10-23,1.34,1.34,0.0,1.0
2015-10-26,1.342,1.342,0.0,1.0
2015-10-27,1.321,1.321,0.0,1.0
2015-10-28,1.318,1.318,0.0,1.0
2015-10-29,1.321,1.321,0.0,1.0
2015-10-30,1.348,1.348,0.0,1.0
2015-11-02,1.34,1.34,0.0,1.0
2015-11-03,1.328,1.328,0.0,1.0
2015-11-04,1.372,1.372,0.0,1.0
2015-11-05,1.371,1.371,0.0,1.0
2015-11-06,1.38,1.38,0.0,1.0
2015-11-09,1.422,1.422,0.0,1.0
2015-11-10,1.4,1.4,0.0,1.0
2015-11-11,1.4,1.4,0.0,1.0
2015-11-12,1.4,1.4,0.0,1.0
2015-11-13,1.381,1.381,0.0,1.0
2015-11-16,1.38,1.38,0.0,1.0
2015-11-17,1.381,1.381,0.0,1.0
2015-11-18,1.38,1.38,0.0,1.0
2015-11-19,1.4,1.4,0.0,1.0
2015-11-20,1.4,1.4,0.0,1.0
2015-11-23,1.39,1.39,0.0,1.0
2015-11-24,1.398,1.398,0.0,1.0
2015-11-25,1.398,1.398,0.0,1.0
2015-11-26,1.397,1.397,0.0,1.0
2015-11-27,1.335,1.335,0.0,1.0
2015-11-30,1.349,1.349,0.0,1.0
2015-12-01,1.365,1.365,0.0,1.0
2015-12-02,1.367,1.367,0.0,1.0
2015-12-03,1.368,1.368,0.0,1.0
2015-12-04,1.387,1.387,0.0,1.0
2015-12-07,1.395,1.395,0.0,1.0
2015-12-08,1.362,1.362,0.0,1.0
2015-12-09,1.351,1.351,0.0,1.0
2015-12-10,1.366,1.366,0.0,1.0
2015-12-11,1.344,1.344,0.0,1.0
2015-12-14,1.379,1.379,0.0,1.0
2015-12-15,1.379,1.379,0.0,1.0
2015-12-16,1.371,1.371,0.0,1.0
2015-12-17,1.391,1.391,0.0,1.0
2015-12-18,1.415,1.415,0.0,1.0
2015-12-21,1.479,1.479,0.0,1.0
2015-12-22,1.484,1.484,0.0,1.0
2015-12-23,1.466,1.466,0.0,1.0
2015-12-24,1.472,1.472,0.0,1.0
2015-12-25,1.464,1.464,0.0,1.0
2015-12-28,1.43,1.43,0.0,1.0
2015-12-29,1.429,1.429,0.0,1.0
2015-12-30,1.451,1.451,0.0,1.0
2015-12-31,1.448,1.448,0.0,1.0
2016-01-04,1.408,1.408,0.0,1.0
2016-01-05,1.39,1.39,0.0,1.0
2016-01-06,1.4,1.4,0.0,1.0
2016-01-07,1.386,1.386,0.0,1.0
2016-01-08,1.321,1.321,0.0,1.0
2016-01-11,1.304,1.304,0.0,1.0
2016-01-12,1.3,1.3,0.0,1.0
2016-01-13,1.299,1.299,0.0,1.0
2016-01-14,1.309,1.309,0.0,1.0
2016-01-15,1.27,1.27,0.0,1.0
2016-01-18,1.257,1.257,0.0,1.0
2016-01-19,1.296,1.296,0.0,1.0
2016-01-20,1.263,1.263,0.0,1.0
2016-01-21,1.222,1.222,0.0,1.0
2016-01-22,1.216,1.216,0.0,1.0
2016-01-25,1.226,1.226,0.0,1.0
2016-01-26,1.253,1.253,0.0,1.0
2016-01-27,1.22,1.22,0.0,1.0
2016-01-28,1.183,1.183,0.0,1.0
2016-01-29,1.205,1.205,0.0,1.0
2016-02-01,1.2,1.2,0.0,1.0
2016-02-02,1.199,1.199,0.0,1.0
2016-02-03,1.18,1.18,0.0,1.0
2016-02-04,1.192,1.192,0.0,1.0
2016-02-05,1.196,1.196,0.0,1.0
2016-02-15,1.178,1.178,0.0,1.0
2016-02-16,1.199,1.199,0.0,1.0
2016-02-17,1.207,1.207,0.0,1.0
2016-02-18,1.209,1.209,0.0,1.0
2016-02-19,1.208,1.208,0.0,1.0
2016-02-22,1.219,1.219,0.0,1.0
2016-02-23,1.215,1.215,0.0,1.0
2016-02-24,1.214,1.214,0.0,1.0
2016-02-25,1.176,1.176,0.0,1.0
2016-02-26,1.169,1.169,0.0,1.0
2016-02-29,1.169,1.169,0.0,1.0
2016-03-01,1.179,1.179,0.0,1.0
2016-03-02,1.202,1.202,0.0,1.0
2016-03-03,1.201,1.201,0.0,1.0
2016-03-04,1.21,1.21,0.0,1.0
2016-03-07,1.228,1.228,0.0,1.0
2016-03-08,1.21,1.21,0.0,1.0
2016-03-09,1.211,1.211,0.0,1.0
2016-03-10,1.211,1.211,0.0,1.0
2016-03-11,1.208,1.208,0.0,1.0
2016-03-14,1.23,1.23,0.0,1.0
2016-03-15,1.23,1.23,0.0,1.0
2016-03-16,1.225,1.225,0.0,1.0
2016-03-17,1.233,1.233,0.0,1.0
2016-03-18,1.247,1.247,0.0,1.0
2016-03-21,1.265,1.265,0.0,1.0
2016-03-22,1.261,1.261,0.0,1.0
2016-03-23,1.27,1.27,0.0,1.0
2016-03-24,1.26,1.26,0.0,1.0
2016-03-25,1.276,1.276,0.0,1.0
2016-03-28,1.297,1.297,0.0,1.0
2016-03-29,1.277,1.277,0.0,1.0
2016-03-30,1.3,1.3,0.0,1.0
2016-03-31,1.3,1.3,0.0,1.0
2016-04-01,1.293,1.293,0.0,1.0
2016-04-05,1.299,1.299,0.0,1.0
2016-04-06,1.306,1.306,0.0,1.0
2016-04-07,1.291,1.291,0.0,1.0
2016-04-08,1.28,1.28,0.0,1.0
2016-04-11,1.291,1.291,0.0,1.0
2016-04-12,1.284,1.284,0.0,1.0
2016-04-13,1.298,1.298,0.0,1.0
2016-04-14,1.298,1.298,0.0,1.0
2016-04-15,1.283,1.283,0.0,1.0
2016-04-18,1.28,1.28,0.0,1.0
2016-04-19,1.279,1.279,0.0,1.0
2016-04-20,1.249,1.249,0.0,1.0
2016-04-21,1.249,1.249,0.0,1.0
2016-04-22,1.256,1.256,0.0,1.0
2016-04-25,1.271,1.271,0.0,1.0
2016-04-26,1.261,1.261,0.0,1.0
2016-04-27,1.279,1.279,0.0,1.0
2016-04-28,1.271,1.271,0.0,1.0
2016-04-29,1.28,1.28,0.0,1.0
2016-05-03,1.327,1.327,0.0,1.0
2016-05-04,1.326,1.326,0.0,1.0
2016-05-05,1.334,1.334,0.0,1.0
2016-05-06,1.31,1.31,0.0,1.0
2016-05-09,1.313,1.313,0.0,1.0
2016-05-10,1.311,1.311,0.0,1.0
2016-05-11,1.338,1.338,0.0,1.0
2016-05-12,1.337,1.337,0.0,1.0
2016-05-13,1.335,1.335,0.0,1.0
2016-05-16,1.329,1.329,0.0,1.0
2016-05-17,1.331,1.331,0.0,1.0
2016-05-18,1.303,1.303,0.0,1.0
2016-05-19,1.309,1.309,0.0,1.0
2016-05-20,1.318,1.318,0.0,1.0
2016-05-23,1.318,1.318,0.0,1.0
2016-05-24,1.311,1.311,0.0,1.0
2016-05-25,1.307,1.307,0.0,1.0
2016-05-26,1.295,1.295,0.0,1.0
2016-05-27,1.304,1.304,0.0,1.0
2016-05-30,1.301,1.301,0.0,1.0
2016-05-31,1.319,1.319,0.0,1.0
2016-06-01,1.323,1.323,0.0,1.0
2016-06-02,1.33,1.33,0.0,1.0
2016-06-03,1.356,1.356,0.0,1.0
2016-06-06,1.359,1.359,0.0,1.0
2016-06-07,1.348,1.348,0.0,1.0
2016-06-08,1.351,1.351,0.0,1.0
2016-06-13,1.313,1.313,0.0,1.0
2016-06-14,1.33,1.33,0.0,1.0
2016-06-15,1.352,1.352,0.0,1.0
2016-06-16,1.345,1.345,0.0,1.0
2016-06-17,1.365,1.365,0.0,1.0
2016-06-20,1.363,1.363,0.0,1.0
2016-06-21,1.359,1.359,0.0,1.0
2016-06-22,1.351,1.351,0.0,1.0
2016-06-23,1.347,1.347,0.0,1.0
2016-06-24,1.34,1.34,0.0,1.0
2016-06-27,1.352,1.352,0.0,1.0
2016-06-28,1.364,1.364,0.0,1.0
2016-06-29,1.367,1.367,0.0,1.0
2016-06-30,1.367,1.367,0.0,1.0
2016-07-01,1.378,1.378,0.0,1.0
2016-07-04,1.385,1.385,0.0,1.0
2016-07-05,1.395,1.395,0.0,1.0
2016-07-06,1.44,1.44,0.0,1.0
2016-07-07,1.451,1.451,0.0,1.0
2016-07-08,1.44,1.44,0.0,1.0
2016-07-11,1.482,1.482,0.0,1.0
2016-07-12,1.495,1.495,0.0,1.0
2016-07-13,1.494,1.494,0.0,1.0
2016-07-14,1.487,1.487,0.0,1.0
2016-07-15,1.485,1.485,0.0,1.0
2016-07-18,1.475,1.475,0.0,1.0
2016-07-19,1.459,1.459,0.0,1.0
2016-07-20,1.471,1.471,0.0,1.0
2016-07-21,1.464,1.464,0.0,1.0
2016-07-22,1.45,1.45,0.0,1.0
2016-07-25,1.475,1.475,0.0,1.0
2016-07-26,1.479,1.479,0.0,1.0
2016-07-27,1.465,1.465,0.0,1.0
2016-07-28,1.463,1.463,0.0,1.0
2016-07-29,1.49,1.49,0.0,1.0
2016-08-01,1.478,1.478,0.0,1.0
2016-08-02,1.447,1.447,0.0,1.0
2016-08-03,1.454,1.454,0.0,1.0
2016-08-04,1.454,1.454,0.0,1.0
2016-08-05,1.459,1.459,0.0,1.0
2016-08-08,1.458,1.458,0.0,1.0
2016-08-09,1.466,1.466,0.0,1.0
2016-08-10,1.468,1.468,0.0,1.0
2016-08-11,1.47,1.47,0.0,1.0
2016-08-12,1.469,1.469,0.0,1.0
2016-08-15,1.484,1.484,0.0,1.0
2016-08-16,1.49,1.49,0.0,1.0
2016-08-17,1.49,1.49,0.0,1.0
2016-08-18,1.462,1.462,0.0,1.0
2016-08-19,1.44,1.44,0.0,1.0
2016-08-22,1.462,1.462,0.0,1.0
2016-08-23,1.463,1.463,0.0,1.0
2016-08-24,1.461,1.461,0.0,1.0
2016-08-25,1.458,1.458,0.0,1.0
2016-08-26,1.458,1.458,0.0,1.0
2016-08-29,1.448,1.448,0.0,1.0
2016-08-30,1.45,1.45,0.0,1.0
2016-08-31,1.453,1.453,0.0,1.0
2016-09-01,1.453,1.453,0.0,1.0
2016-09-02,1.454,1.454,0.0,1.0
2016-09-05,1.452,1.452,0.0,1.0
2016-09-06,1.451,1.451,0.0,1.0
2016-09-07,1.45,1.45,0.0,1.0
2016-09-08,1.447,1.447,0.0,1.0
2016-09-09,1.441,1.441,0.0,1.0
2016-09-12,1.421,1.421,0.0,1.0
2016-09-13,1.411,1.411,0.0,1.0
2016-09-14,1.416,1.416,0.0,1.0
2016-09-19,1.416,1.416,0.0,1.0
2016-09-20,1.415,1.415,0.0,1.0
2016-09-21,1.414,1.414,0.0,1.0
2016-09-22,1.422,1.422,0.0,1.0
2016-09-23,1.419,1.419,0.0,1.0
2016-09-26,1.41,1.41,0.0,1.0
2016-09-27,1.404,1.404,0.0,1.0
2016-09-28,1.41,1.41,0.0,1.0
2016-09-29,1.409,1.409,0.0,1.0
2016-09-30,1.417,1.417,0.0,1.0
2016-10-10,1.43,1.43,0.0,1.0
2016-10-11,1.43,1.43,0.0,1.0
2016-10-12,1.431,1.431,0.0,1.0
2016-10-13,1.429,1.429,0.0,1.0
2016-10-14,1.43,1.43,0.0,1.0
2016-10-17,1.435,1.435,0.0,1.0
2016-10-18,1.434,1.434,0.0,1.0
2016-10-19,1.434,1.434,0.0,1.0
2016-10-20,1.43,1.43,0.0,1.0
2016-10-21,1.429,1.429,0.0,1.0
2016-10-24,1.436,1.436,0.0,1.0
2016-10-25,1.444,1.444,0.0,1.0
2016-10-26,1.455,1.455,0.0,1.0
2016-10-27,1.466,1.466,0.0,1.0
2016-10-28,1.461,1.461,0.0,1.0
2016-10-31,1.467,1.467,0.0,1.0
2016-11-01,1.473,1.473,0.0,1.0
2016-11-02,1.467,1.467,0.0,1.0
2016-11-03,1.468,1.468,0.0,1.0
2016-11-04,1.467,1.467,0.0,1.0
2016-11-07,1.466,1.466,0.0,1.0
2016-11-08,1.472,1.472,0.0,1.0
2016-11-09,1.461,1.461,0.0,1.0
2016-11-10,1.46,1.46,0.0,1.0
2016-11-11,1.463,1.463,0.0,1.0
2016-11-14,1.464,1.464,0.0,1.0
2016-11-15,1.46,1.46,0.0,1.0
2016-11-16,1.463,1.463,0.0,1.0
2016-11-17,1.459,1.459,0.0,1.0
2016-11-18,1.464,1.464,0.0,1.0
2016-11-21,1.463,1.463,0.0,1.0
2016-11-22,1.463,1.463,0.0,1.0
2016-11-23,1.463,1.463,0.0,1.0
2016-11-24,1.466,1.466,0.0,1.0
2016-11-25,1.481,1.481,0.0,1.0
2016-11-28,1.486,1.486,0.0,1.0
2016-11-29,1.51,1.51,0.0,1.0
2016-11-30,1.498,1.498,0.0,1.0
2016-12-01,1.506,1.506,0.0,1.0
2016-12-02,1.489,1.489,0.0,1.0
2016-12-05,1.465,1.465,0.0,1.0
2016-12-06,1.477,1.477,0.0,1.0
2016-12-07,1.479,1.479,0.0,1.0
2016-12-08,1.491,1.491,0.0,1.0
2016-12-09,1.494,1.494,0.0,1.0
2016-12-12,1.484,1.484,0.0,1.0
2016-12-13,1.473,1.473,0.0,1.0
2016-12-14,1.466,1.466,0.0,1.0
2016-12-15,1.471,1.471,0.0,1.0
2016-12-16,1.476,1.476,0.0,1.0
2016-12-19,1.474,1.474,0.0,1.0
2016-12-20,1.457,1.457,0.0,1.0
2016-12-21,1.458,1.458,0.0,1.0
2016-12-22,1.468,1.468,0.0,1.0
2016-12-23,1.456,1.456,0.0,1.0
2016-12-26,1.457,1.457,0.0,1.0
2016-12-27,1.45,1.45,0.0,1.0
2016-12-28,1.449,1.449,0.0,1.0
2016-12-29,1.442,1.442,0.0,1.0
2016-12-30,1.462,1.462,0.0,1.0
2017-01-03,1.461,1.461,0.0,1.0
2017-01-04,1.483,1.483,0.0,1.0
2017-01-05,1.482,1.482,0.0,1.0
2017-01-06,1.494,1.494,0.0,1.0
2017-01-09,1.494,1.494,0.0,1.0
2017-01-10,1.5,1.5,0.0,1.0
2017-01-11,1.5,1.5,0.0,1.0
2017-01-12,1.5,1.5,0.0,1.0
2017-01-13,1.479,1.479,0.0,1.0
2017-01-16,1.44,1.44,0.0,1.0
2017-01-17,1.451,1.451,0.0,1.0
2017-01-18,1.464,1.464,0.0,1.0
2017-01-19,1.462,1.462,0.0,1.0
2017-01-20,1.466,1.466,0.0,1.0
2017-01-23,1.487,1.487,0.0,1.0
2017-01-24,1.477,1.477,0.0,1.0
2017-01-25,1.486,1.486,0.0,1.0
2017-01-26,1.495,1.495,0.0,1.0
2017-02-03,1.495,1.495,0.0,1.0
2017-02-06,1.501,1.501,0.0,1.0
2017-02-07,1.486,1.486,0.0,1.0
2017-02-08,1.488,1.488,0.0,1.0
2017-02-09,1.5,1.5,0.0,1.0
2017-02-10,1.502,1.502,0.0,1.0
2017-02-13,1.521,1.521,0.0,1.0
2017-02-14,1.506,1.506,0.0,1.0
2017-02-15,1.501,1.501,0.0,1.0
2017-02-16,1.493,1.493,0.0,1.0
2017-02-17,1.51,1.51,0.0,1.0
2017-02-20,1.53,1.53,0.0,1.0
2017-02-21,1.556,1.556,0.0,1.0
2017-02-22,1.572,1.572,0.0,1.0
2017-02-23,1.587,1.587,0.0,1.0
2017-02-24,1.57,1.57,0.0,1.0
2017-02-27,1.562,1.562,0.0,1.0
2017-02-28,1.56,1.56,0.0,1.0
2017-03-01,1.562,1.562,0.0,1.0
2017-03-02,1.554,1.554,0.0,1.0
2017-03-03,1.556,1.556,0.0,1.0
2017-03-06,1.561,1.561,0.0,1.0
2017-03-07,1.568,1.568,0.0,1.0
2017-03-08,1.559,1.559,0.0,1.0
2017-03-09,1.554,1.554,0.0,1.0
2017-03-10,1.56,1.56,0.0,1.0
2017-03-13,1.572,1.572,0.0,1.0
2017-03-14,1.563,1.563,0.0,1.0
2017-03-15,1.569,1.569,0.0,1.0
2017-03-16,1.576,1.576,0.0,1.0
2017-03-17,1.577,1.577,0.0,1.0
2017-03-20,1.578,1.578,0.0,1.0
2017-03-21,1.615,1.615,0.0,1.0
2017-03-22,1.615,1.615,0.0,1.0
2017-03-23,1.627,1.627,0.0,1.0
2017-03-24,1.635,1.635,0.0,1.0
2017-03-27,1.648,1.648,0.0,1.0
2017-03-28,1.65,1.65,0.0,1.0
2017-03-29,1.63,1.63,0.0,1.0
2017-03-30,1.635,1.635,0.0,1.0
2017-03-31,1.646,1.646,0.0,1.0
2017-04-05,1.655,1.655,0.0,1.0
2017-04-06,1.644,1.644,0.0,1.0
2017-04-07,1.622,1.622,0.0,1.0
2017-04-10,1.615,1.615,0.0,1.0
2017-04-11,1.623,1.623,0.0,1.0
2017-04-12,1.622,1.622,0.0,1.0
2017-04-13,1.63,1.63,0.0,1.0
2017-04-14,1.628,1.628,0.0,1.0
2017-04-17,1.6,1.6,0.0,1.0
2017-04-18,1.618,1.618,0.0,1.0
2017-04-19,1.618,1.618,0.0,1.0
2017-04-20,1.645,1.645,0.0,1.0
2017-04-21,1.641,1.641,0.0,1.0
2017-04-24,1.618,1.618,0.0,1.0
2017-04-25,1.635,1.635,0.0,1.0
2017-04-26,1.642,1.642,0.0,1.0
2017-04-27,1.64,1.64,0.0,1.0
2017-04-28,1.624,1.624,0.0,1.0
2017-05-02,1.623,1.623,0.0,1.0
2017-05-03,1.613,1.613,0.0,1.0
2017-05-04,1.612,1.612,0.0,1.0
2017-05-05,1.596,1.596,0.0,1.0
2017-05-08,1.588,1.588,0.0,1.0
2017-05-09,1.579,1.579,0.0,1.0
2017-05-10,1.582,1.582,0.0,1.0
2017-05-11,1.574,1.574,0.0,1.0
2017-05-12,1.595,1.595,0.0,1.0
2017-05-15,1.595,1.595,0.0,1.0
2017-05-16,1.63,1.63,0.0,1.0
2017-05-17,1.622,1.622,0.0,1.0
2017-05-18,1.618,1.618,0.0,1.0
2017-05-19,1.632,1.632,0.0,1.0
2017-05-22,1.632,1.632,0.0,1.0
2017-05-23,1.645,1.645,0.0,1.0
2017-05-24,1.642,1.642,0.0,1.0
2017-05-25,1.648,1.648,0.0,1.0
2017-05-26,1.653,1.653,0.0,1.0
2017-05-31,1.646,1.646,0.0,1.0
2017-06-01,1.646,1.646,0.0,1.0
2017-06-02,1.646,1.646,0.0,1.0
2017-06-05,1.64,1.64,0.0,1.0
2017-06-06,1.646,1.646,0.0,1.0
2017-06-07,1.674,1.674,0.0,1.0
2017-06-08,1.7,1.7,0.0,1.0
2017-06-09,1.716,1.716,0.0,1.0
2017-06-12,1.742,1.742,0.0,1.0
2017-06-13,1.75,1.75,0.0,1.0
2017-06-14,1.751,1.751,0.0,1.0
2017-06-15,1.731,1.731,0.0,1.0
2017-06-16,1.716,1.716,0.0,1.0
2017-06-19,1.728,1.728,0.0,1.0
2017-06-20,1.742,1.742,0.0,1.0
2017-06-21,1.758,1.758,0.0,1.0
2017-06-22,1.755,1.755,0.0,1.0
2017-06-23,1.752,1.752,0.0,1.0
2017-06-26,1.781,1.781,0.0,1.0
2017-06-27,1.799,1.799,0.0,1.0
2017-06-28,1.795,1.795,0.0,1.0
2017-06-29,1.8,1.8,0.0,1.0
2017-06-30,1.795,1.795,0.0,1.0
2017-07-03,1.803,1.803,0.0,1.0
2017-07-04,1.774,1.774,0.0,1.0
2017-07-05,1.79,1.79,0.0,1.0
2017-07-06,1.797,1.797,0.0,1.0
2017-07-07,1.783,1.783,0.0,1.0
2017-07-10,1.769,1.769,0.0,1.0
2017-07-11,1.764,1.764,0.0,1.0
2017-07-12,1.756,1.756,0.0,1.0
2017-07-13,1.748,1.748,0.0,1.0
2017-07-14,1.733,1.733,0.0,1.0
2017-07-17,1.71,1.71,0.0,1.0
2017-07-18,1.714,1.714,0.0,1.0
2017-07-19,1.734,1.734,0.0,1.0
2017-07-20,1.745,1.745,0.0,1.0
2017-07-21,1.75,1.75,0.0,1.0
2017-07-24,1.792,1.792,0.0,1.0
2017-07-25,1.785,1.785,0.0,1.0
2017-07-26,1.755,1.755,0.0,1.0
2017-07-27,1.75,1.75,0.0,1.0
2017-07-28,1.782,1.782,0.0,1.0
2017-07-31,1.787,1.787,0.0,1.0
2017-08-01,1.793,1.793,0.0,1.0
2017-08-02,1.797,1.797,0.0,1.0
2017-08-03,1.784,1.784,0.0,1.0
2017-08-04,1.773,1.773,0.0,1.0
2017-08-07,1.8,1.8,0.0,1.0
2017-08-08,1.815,1.815,0.0,1.0
2017-08-09,1.86,1.86,0.0,1.0
2017-08-10,1.87,1.87,0.0,1.0
2017-08-11,1.813,1.813,0.0,1.0
2017-08-14,1.865,1.865,0.0,1.0
2017-08-15,1.884,1.884,0.0,1.0
2017-08-16,1.91,1.91,0.0,1.0
2017-08-17,1.888,1.888,0.0,1.0
2017-08-18,1.873,1.873,0.0,1.0
2017-08-21,1.894,1.894,0.0,1.0
2017-08-22,1.878,1.878,0.0,1.0
2017-08-23,1.872,1.872,0.0,1.0
2017-08-24,1.859,1.859,0.0,1.0
2017-08-25,1.867,1.867,0.0,1.0
2017-08-28,1.865,1.865,0.0,1.0
2017-08-29,1.867,1.867,0.0,1.0
2017-08-30,1.874,1.874,0.0,1.0
2017-08-31,1.869,1.869,0.0,1.0
2017-09-01,1.872,1.872,0.0,1.0
2017-09-04,1.873,1.873,0.0,1.0
2017-09-05,1.895,1.895,0.0,1.0
2017-09-06,1.883,1.883,0.0,1.0
2017-09-07,1.873,1.873,0.0,1.0
2017-09-08,1.866,1.866,0.0,1.0
2017-09-11,1.874,1.874,0.0,1.0
2017-09-12,1.87,1.87,0.0,1.0
2017-09-13,1.884,1.884,0.0,1.0
2017-09-14,1.883,1.883,0.0,1.0
2017-09-15,1.898,1.898,0.0,1.0
2017-09-18,1.938,1.938,0.0,1.0
2017-09-19,1.928,1.928,0.0,1.0
2017-09-20,1.937,1.937,0.0,1.0
2017-09-21,1.937,1.937,0.0,1.0
2017-09-22,1.984,1.984,0.0,1.0
2017-09-25,2.008,2.008,0.0,1.0
2017-09-26,2.001,2.001,0.0,1.0
2017-09-27,2.001,2.001,0.0,1.0
2017-09-28,1.997,1.997,0.0,1.0
2017-09-29,2.02,2.02,0.0,1.0
2017-10-09,2.029,2.029,0.0,1.0
2017-10-10,2.056,2.056,0.0,1.0
2017-10-11,2.137,2.137,0.0,1.0
2017-10-12,2.145,2.145,0.0,1.0
2017-10-13,2.141,2.141,0.0,1.0
2017-10-16,2.119,2.119,0.0,1.0
2017-10-17,2.09,2.09,0.0,1.0
2017-10-18,2.103,2.103,0.0,1.0
2017-10-19,2.155,2.155,0.0,1.0
2017-10-20,2.137,2.137,0.0,1.0
2017-10-23,2.147,2.147,0.0,1.0
2017-10-24,2.153,2.153,0.0,1.0
2017-10-25,2.148,2.148,0.0,1.0
2017-10-26,2.201,2.201,0.0,1.0
2017-10-27,2.275,2.275,0.0,1.0
2017-10-30,2.223,2.223,0.0,1.0
2017-10-31,2.204,2.204,0.0,1.0
2017-11-01,2.199,2.199,0.0,1.0
2017-11-02,2.185,2.185,0.0,1.0
2017-11-03,2.214,2.214,0.0,1.0
2017-11-06,2.266,2.266,0.0,1.0
2017-11-07,2.323,2.323,0.0,1.0
2017-11-08,2.384,2.384,0.0,1.0
2017-11-09,2.29,2.29,0.0,1.0
2017-11-10,2.296,2.296,0.0,1.0
2017-11-13,2.299,2.299,0.0,1.0
2017-11-14,2.265,2.265,0.0,1.0
2017-11-15,2.281,2.281,0.0,1.0
2017-11-16,2.34,2.34,0.0,1.0
2017-11-17,2.309,2.309,0.0,1.0
2017-11-20,2.307,2.307,0.0,1.0
2017-11-21,2.32,2.32,0.0,1.0
2017-11-22,2.298,2.298,0.0,1.0
2017-11-23,2.239,2.239,0.0,1.0
2017-11-24,2.202,2.202,0.0,1.0
2017-11-27,2.172,2.172,0.0,1.0
2017-11-28,2.188,2.188,0.0,1.0
2017-11-29,2.148,2.148,0.0,1.0
2017-11-30,2.127,2.127,0.0,1.0
2017-12-01,2.131,2.131,0.0,1.0
2017-12-04,2.17,2.17,0.0,1.0
2017-12-05,2.155,2.155,0.0,1.0
2017-12-06,2.158,2.158,0.0,1.0
2017-12-07,2.112,2.112,0.0,1.0
2017-12-08,2.166,2.166,0.0,1.0
2017-12-11,2.257,2.257,0.0,1.0
2017-12-12,2.249,2.249,0.0,1.0
2017-12-13,2.31,2.31,0.0,1.0
2017-12-14,2.315,2.315,0.0,1.0
2017-12-15,2.325,2.325,0.0,1.0
2017-12-18,2.298,2.298,0.0,1.0
2017-12-19,2.305,2.305,0.0,1.0
2017-12-20,2.35,2.35,0.0,1.0
2017-12-21,2.356,2.356,0.0,1.0
2017-12-22,2.36,2.36,0.0,1.0
2017-12-25,2.383,2.383,0.0,1.0
2017-12-26,2.398,2.398,0.0,1.0
2017-12-27,2.325,2.325,0.0,1.0
2017-12-28,2.355,2.355,0.0,1.0
2017-12-29,2.332,2.332,0.0,1.0
2018-01-02,2.349,2.349,0.0,1.0
2018-01-03,2.373,2.373,0.0,1.0
2018-01-04,2.418,2.418,0.0,1.0
2018-01-05,2.421,2.421,0.0,1.0
2018-01-08,2.451,2.451,0.0,1.0
2018-01-09,2.507,2.507,0.0,1.0
2018-01-10,2.53,2.53,0.0,1.0
2018-01-11,2.515,2.515,0.0,1.0
2018-01-12,2.547,2.547,0.0,1.0
2018-01-15,2.535,2.535,0.0,1.0
2018-01-16,2.577,2.577,0.0,1.0
2018-01-17,2.563,2.563,0.0,1.0
2018-01-18,2.552,2.552,0.0,1.0
2018-01-19,2.478,2.478,0.0,1.0
2018-01-22,2.554,2.554,0.0,1.0
2018-01-23,2.567,2.567,0.0,1.0
2018-01-24,2.539,2.539,0.0,1.0
2018-01-25,2.521,2.521,0.0,1.0
2018-01-26,2.526,2.526,0.0,1.0
2018-01-29,2.459,2.459,0.0,1.0
2018-01-30,2.426,2.426,0.0,1.0
2018-01-31,2.469,2.469,0.0,1.0
2018-02-01,2.437,2.437,0.0,1.0
2018-02-02,2.426,2.426,0.0,1.0
2018-02-05,2.363,2.363,0.0,1.0
2018-02-06,2.26,2.26,0.0,1.0
2018-02-07,2.215,2.215,0.0,1.0
2018-02-08,2.225,2.225,0.0,1.0
2018-02-09,2.161,2.161,0.0,1.0
2018-02-12,2.264,2.264,0.0,1.0
2018-02-13,2.281,2.281,0.0,1.0
2018-02-14,2.3,2.3,0.0,1.0
2018-02-22,2.38,2.38,0.0,1.0
2018-02-23,2.376,2.376,0.0,1.0
2018-02-26,2.37,2.37,0.0,1.0
2018-02-27,2.346,2.346,0.0,1.0
2018-02-28,2.322,2.322,0.0,1.0
2018-03-01,2.326,2.326,0.0,1.0
2018-03-02,2.304,2.304,0.0,1.0
2018-03-05,2.271,2.271,0.0,1.0
2018-03-06,2.275,2.275,0.0,1.0
2018-03-07,2.255,2.255,0.0,1.0
2018-03-08,2.299,2.299,0.0,1.0
2018-03-09,2.327,2.327,0.0,1.0
2018-03-12,2.315,2.315,0.0,1.0
2018-03-13,2.287,2.287,0.0,1.0
2018-03-14,2.3,2.3,0.0,1.0
2018-03-15,2.33,2.33,0.0,1.0
2018-03-16,2.295,2.295,0.0,1.0
2018-03-19,2.308,2.308,0.0,1.0
2018-03-20,2.286,2.286,0.0,1.0
2018-03-21,2.267,2.267,0.0,1.0
2018-03-22,2.232,2.232,0.0,1.0
2018-03-23,2.185,2.185,0.0,1.0
2018-03-26,2.18,2.18,0.0,1.0
2018-03-27,2.18,2.18,0.0,1.0
2018-03-28,2.126,2.126,0.0,1.0
2018-03-29,2.177,2.177,0.0,1.0
2018-03-30,2.171,2.171,0.0,1.0
2018-04-02,2.148,2.148,0.0,1.0
2018-04-03,2.164,2.164,0.0,1.0
2018-04-04,2.213,2.213,0.0,1.0
2018-04-09,2.199,2.199,0.0,1.0
2018-04-10,2.215,2.215,0.0,1.0
2018-04-11,2.222,2.222,0.0,1.0
2018-04-12,2.208,2.208,0.0,1.0
2018-04-13,2.193,2.193,0.0,1.0
2018-04-16,2.175,2.175,0.0,1.0
2018-04-17,2.153,2.153,0.0,1.0
2018-04-18,2.146,2.146,0.0,1.0
2018-04-19,2.187,2.187,0.0,1.0
2018-04-20,2.17,2.17,0.0,1.0
2018-04-23,2.163,2.163,0.0,1.0
2018-04-24,2.218,2.218,0.0,1.0
2018-04-25,2.219,2.219,0.0,1.0
2018-04-26,2.17,2.17,0.0,1.0
2018-04-27,2.152,2.152,0.0,1.0
2018-05-02,2.154,2.154,0.0,1.0
2018-05-03,2.187,2.187,0.0,1.0
2018-05-04,2.18,2.18,0.0,1.0
2018-05-07,2.27,2.27,0.0,1.0
2018-05-08,2.294,2.294,0.0,1.0
2018-05-09,2.285,2.285,0.0,1.0
2018-05-10,2.317,2.317,0.0,1.0
2018-05-11,2.294,2.294,0.0,1.0
2018-05-14,2.334,2.334,0.0,1.0
2018-05-15,2.35,2.35,0.0,1.0
2018-05-16,2.352,2.352,0.0,1.0
2018-05-17,2.346,2.346,0.0,1.0
2018-05-18,2.35,2.35,0.0,1.0
2018-05-21,2.362,2.362,0.0,1.0
2018-05-22,2.376,2.376,0.0,1.0
2018-05-23,2.323,2.323,0.0,1.0
2018-05-24,2.288,2.288,0.0,1.0
2018-05-25,2.299,2.299,0.0,1.0
2018-05-28,2.362,2.362,0.0,1.0
2018-05-29,2.338,2.338,0.0,1.0
2018-05-30,2.36,2.36,0.0,1.0
2018-05-31,2.48,2.48,0.0,1.0
2018-06-01,2.45,2.45,0.0,1.0
2018-06-04,2.476,2.476,0.0,1.0
2018-06-05,2.483,2.483,0.0,1.0
2018-06-06,2.474,2.474,0.0,1.0
2018-06-07,2.45,2.45,0.0,1.0
2018-06-08,2.413,2.413,0.0,1.0
2018-06-11,2.394,2.394,0.0,1.0
2018-06-12,2.474,2.474,0.0,1.0
2018-06-13,2.446,2.446,0.0,1.0
2018-06-14,2.43,2.43,0.0,1.0
2018-06-15,2.415,2.415,0.0,1.0
2018-06-19,2.295,2.295,0.0,1.0
2018-06-20,2.356,2.356,0.0,1.0
2018-06-21,2.345,2.345,0.0,1.0
2018-06-22,2.352,2.352,0.0,1.0
2018-06-25,2.353,2.353,0.0,1.0
2018-06-26,2.325,2.325,0.0,1.0
2018-06-27,2.24,2.24,0.0,1.0
2018-06-28,2.198,2.198,0.0,1.0
2018-06-29,2.263,2.263,0.0,1.0
2018-07-02,2.209,2.209,0.0,1.0
2018-07-03,2.164,2.164,0.0,1.0
2018-07-04,2.144,2.144,0.0,1.0
2018-07-05,2.128,2.128,0.0,1.0
2018-07-06,2.161,2.161,0.0,1.0
2018-07-09,2.224,2.224,0.0,1.0
2018-07-10,2.223,2.223,0.0,1.0
2018-07-11,2.186,2.186,0.0,1.0
2018-07-12,2.249,2.249,0.0,1.0
2018-07-13,2.294,2.294,0.0,1.0
2018-07-16,2.297,2.297,0.0,1.0
2018-07-17,2.26,2.26,0.0,1.0
2018-07-18,2.249,2.249,0.0,1.0
2018-07-19,2.244,2.244,0.0,1.0
2018-07-20,2.248,2.248,0.0,1.0
2018-07-23,2.233,2.233,0.0,1.0
2018-07-24,2.296,2.296,0.0,1.0
2018-07-25,2.284,2.284,0.0,1.0
2018-07-26,2.26,2.26,0.0,1.0
2018-07-27,2.26,2.26,0.0,1.0
2018-07-30,2.221,2.221,0.0,1.0
2018-07-31,2.223,2.223,0.0,1.0
2018-08-01,2.197,2.197,0.0,1.0
2018-08-02,2.143,2.143,0.0,1.0
2018-08-03,2.117,2.117,0.0,1.0
2018-08-06,2.047,2.047,0.0,1.0
2018-08-07,2.076,2.076,0.0,1.0
2018-08-08,2.044,2.044,0.0,1.0
2018-08-09,2.091,2.091,0.0,1.0
2018-08-10,2.103,2.103,0.0,1.0
2018-08-13,2.078,2.078,0.0,1.0
2018-08-14,2.078,2.078,0.0,1.0
2018-08-15,2.02,2.02,0.0,1.0
2018-08-16,1.993,1.993,0.0,1.0
2018-08-17,1.96,1.96,0.0,1.0
2018-08-20,1.965,1.965,0.0,1.0
2018-08-21,2.03,2.03,0.0,1.0
2018-08-22,2.01,2.01,0.0,1.0
2018-08-23,2.034,2.034,0.0,1.0
2018-08-24,2.005,2.005,0.0,1.0
2018-08-27,2.071,2.071,0.0,1.0
2018-08-28,2.061,2.061,0.0,1.0
2018-08-29,2.058,2.058,0.0,1.0
2018-08-30,2.038,2.038,0.0,1.0
2018-08-31,2.016,2.016,0.0,1.0
2018-09-03,2.012,2.012,0.0,1.0
2018-09-04,2.016,2.016,0.0,1.0
2018-09-05,1.996,1.996,0.0,1.0
2018-09-06,1.97,1.97,0.0,1.0
2018-09-07,1.963,1.963,0.0,1.0
2018-09-10,1.931,1.931,0.0,1.0
2018-09-11,1.933,1.933,0.0,1.0
2018-09-12,1.895,1.895,0.0,1.0
2018-09-13,1.903,1.903,0.0,1.0
2018-09-14,1.928,1.928,0.0,1.0
2018-09-17,1.926,1.926,0.0,1.0
2018-09-18,1.978,1.978,0.0,1.0
2018-09-19,2.018,2.018,0.0,1.0
2018-09-20,2.01,2.01,0.0,1.0
2018-09-21,2.076,2.076,0.0,1.0
2018-09-25,2.069,2.069,0.0,1.0
2018-09-26,2.135,2.135,0.0,1.0
2018-09-27,2.146,2.146,0.0,1.0
2018-09-28,2.164,2.164,0.0,1.0
2018-10-08,2.082,2.082,0.0,1.0
2018-10-09,2.043,2.043,0.0,1.0
2018-10-10,2.014,2.014,0.0,1.0
2018-10-11,1.933,1.933,0.0,1.0
2018-10-12,1.991,1.991,0.0,1.0
2018-10-15,1.966,1.966,0.0,1.0
2018-10-16,1.936,1.936,0.0,1.0
2018-10-17,1.936,1.936,0.0,1.0
2018-10-18,1.904,1.904,0.0,1.0
2018-10-19,1.954,1.954,0.0,1.0
2018-10-22,2.064,2.064,0.0,1.0
2018-10-23,1.994,1.994,0.0,1.0
2018-10-24,1.951,1.951,0.0,1.0
2018-10-25,1.906,1.906,0.0,1.0
2018-10-26,1.83,1.83,0.0,1.0
2018-10-29,1.664,1.664,0.0,1.0
2018-10-30,1.658,1.658,0.0,1.0
2018-10-31,1.698,1.698,0.0,1.0
2018-11-01,1.734,1.734,0.0,1.0
2018-11-02,1.825,1.825,0.0,1.0
2018-11-05,1.797,1.797,0.0,1.0
2018-11-06,1.78,1.78,0.0,1.0
2018-11-07,1.786,1.786,0.0,1.0
2018-11-08,1.782,1.782,0.0,1.0
2018-11-09,1.775,1.775,0.0,1.0
2018-11-12,1.782,1.782,0.0,1.0
2018-11-13,1.823,1.823,0.0,1.0
2018-11-14,1.793,1.793,0.0,1.0
2018-11-15,1.807,1.807,0.0,1.0
2018-11-16,1.807,1.807,0.0,1.0
2018-11-19,1.826,1.826,0.0,1.0
2018-11-20,1.792,1.792,0.0,1.0
2018-11-21,1.811,1.811,0.0,1.0
2018-11-22,1.808,1.808,0.0,1.0
2018-11-23,1.785,1.785,0.0,1.0
2018-11-26,1.768,1.768,0.0,1.0
2018-11-27,1.763,1.763,0.0,1.0
2018-11-28,1.787,1.787,0.0,1.0
2018-11-29,1.781,1.781,0.0,1.0
2018-11-30,1.817,1.817,0.0,1.0
2018-12-03,1.887,1.887,0.0,1.0
2018-12-04,1.892,1.892,0.0,1.0
2018-12-05,1.903,1.903,0.0,1.0
2018-12-06,1.87,1.87,0.0,1.0
2018-12-07,1.853,1.853,0.0,1.0
2018-12-10,1.833,1.833,0.0,1.0
2018-12-11,1.846,1.846,0.0,1.0
2018-12-12,1.863,1.863,0.0,1.0
2018-12-13,1.896,1.896,0.0,1.0
2018-12-14,1.869,1.869,0.0,1.0
2018-12-17,1.847,1.847,0.0,1.0
2018-12-18,1.835,1.835,0.0,1.0
2018-12-19,1.81,1.81,0.0,1.0
2018-12-20,1.82,1.82,0.0,1.0
2018-12-21,1.796,1.796,0.0,1.0
2018-12-24,1.805,1.805,0.0,1.0
2018-12-25,1.8,1.8,0.0,1.0
2018-12-26,1.787,1.787,0.0,1.0
2018-12-27,1.789,1.789,0.0,1.0
2018-12-28,1.815,1.815,0.0,1.0
2019-01-02,1.799,1.799,0.0,1.0
2019-01-03,1.77,1.77,0.0,1.0
2019-01-04,1.793,1.793,0.0,1.0
2019-01-07,1.812,1.812,0.0,1.0
2019-01-08,1.803,1.803,0.0,1.0
2019-01-09,1.829,1.829,0.0,1.0
2019-01-10,1.821,1.821,0.0,1.0
2019-01-11,1.862,1.862,0.0,1.0
2019-01-14,1.841,1.841,0.0,1.0
2019-01-15,1.913,1.913,0.0,1.0
2019-01-16,1.903,1.903,0.0,1.0
2019-01-17,1.896,1.896,0.0,1.0
2019-01-18,1.944,1.944,0.0,1.0
2019-01-21,1.975,1.975,0.0,1.0
2019-01-22,1.945,1.945,0.0,1.0
2019-01-23,1.938,1.938,0.0,1.0
2019-01-24,1.952,1.952,0.0,1.0
2019-01-25,1.953,1.953,0.0,1.0
2019-01-28,1.962,1.962,0.0,1.0
2019-01-29,1.97,1.97,0.0,1.0
2019-01-30,1.943,1.943,0.0,1.0
2019-01-31,1.96,1.96,0.0,1.0
2019-02-01,1.996,1.996,0.0,1.0
2019-02-11,2.073,2.073,0.0,1.0
2019-02-12,2.079,2.079,0.0,1.0
2019-02-13,2.101,2.101,0.0,1.0
2019-02-14,2.136,2.136,0.0,1.0
2019-02-15,2.108,2.108,0.0,1.0
2019-02-18,2.18,2.18,0.0,1.0
2019-02-19,2.16,2.16,0.0,1.0
2019-02-20,2.175,2.175,0.0,1.0
2019-02-21,2.163,2.163,0.0,1.0
2019-02-22,2.17,2.17,0.0,1.0
2019-02-25,2.272,2.272,0.0,1.0
2019-02-26,2.22,2.22,0.0,1.0
2019-02-27,2.259,2.259,0.0,1.0
2019-02-28,2.251,2.251,0.0,1.0
2019-03-01,2.32,2.32,0.0,1.0
2019-03-04,2.342,2.342,0.0,1.0
2019-03-05,2.354,2.354,0.0,1.0
2019-03-06,2.339,2.339,0.0,1.0
2019-03-07,2.285,2.285,0.0,1.0
2019-03-08,2.248,2.248,0.0,1.0
2019-03-11,2.318,2.318,0.0,1.0
2019-03-12,2.325,2.325,0.0,1.0
2019-03-13,2.285,2.285,0.0,1.0
2019-03-14,2.3,2.3,0.0,1.0
2019-03-15,2.339,2.339,0.0,1.0
2019-03-18,2.518,2.518,0.0,1.0
2019-03-19,2.498,2.498,0.0,1.0
2019-03-20,2.508,2.508,0.0,1.0
2019-03-21,2.486,2.486,0.0,1.0
2019-03-22,2.482,2.482,0.0,1.0
2019-03-25,2.4,2.4,0.0,1.0
2019-03-26,2.395,2.395,0.0,1.0
2019-03-27,2.458,2.458,0.0,1.0
2019-03-28,2.487,2.487,0.0,1.0
2019-03-29,2.598,2.598,0.0,1.0
2019-04-01,2.69,2.69,0.0,1.0
2019-04-02,2.66,2.66,0.0,1.0
2019-04-03,2.686,2.686,0.0,1.0
2019-04-04,2.778,2.778,0.0,1.0
2019-04-08,2.835,2.835,0.0,1.0
2019-04-09,2.784,2.784,0.0,1.0
2019-04-10,2.777,2.777,0.0,1.0
2019-04-11,2.676,2.676,0.0,1.0
2019-04-12,2.679,2.679,0.0,1.0
2019-04-15,2.667,2.667,0.0,1.0
2019-04-16,2.714,2.714,0.0,1.0
2019-04-17,2.748,2.748,0.0,1.0
2019-04-18,2.741,2.741,0.0,1.0
2019-04-19,2.743,2.743,0.0,1.0
2019-04-22,2.736,2.736,0.0,1.0
2019-04-23,2.755,2.755,0.0,1.0
2019-04-24,2.761,2.761,0.0,1.0
2019-04-25,2.722,2.722,0.0,1.0
2019-04-26,2.716,2.716,0.0,1.0
2019-04-29,2.744,2.744,0.0,1.0
2019-04-30,2.768,2.768,0.0,1.0
2019-05-06,2.631,2.631,0.0,1.0
2019-05-07,2.688,2.688,0.0,1.0
2019-05-08,2.644,2.644,0.0,1.0
2019-05-09,2.567,2.567,0.0,1.0
2019-05-10,2.687,2.687,0.0,1.0
2019-05-13,2.701,2.701,0.0,1.0
2019-05-14,2.681,2.681,0.0,1.0
2019-05-15,2.839,2.839,0.0,1.0
2019-05-16,2.915,2.915,0.0,1.0
2019-05-17,2.856,2.856,0.0,1.0
2019-05-20,2.78,2.78,0.0,1.0
2019-05-21,2.779,2.779,0.0,1.0
2019-05-22,2.713,2.713,0.0,1.0
2019-05-23,2.634,2.634,0.0,1.0
2019-05-24,2.644,2.644,0.0,1.0
2019-05-27,2.688,2.688,0.0,1.0
2019-05-28,2.716,2.716,0.0,1.0
2019-05-29,2.727,2.727,0.0,1.0
2019-05-30,2.729,2.729,0.0,1.0
2019-05-31,2.712,2.712,0.0,1.0
2019-06-03,2.717,2.717,0.0,1.0
2019-06-04,2.674,2.674,0.0,1.0
2019-06-05,2.668,2.668,0.0,1.0
2019-06-06,2.629,2.629,0.0,1.0
2019-06-10,2.682,2.682,0.0,1.0
2019-06-11,2.825,2.825,0.0,1.0
2019-06-12,2.792,2.792,0.0,1.0
2019-06-13,2.786,2.786,0.0,1.0
2019-06-14,2.753,2.753,0.0,1.0
2019-06-17,2.718,2.718,0.0,1.0
2019-06-18,2.737,2.737,0.0,1.0
2019-06-19,2.758,2.758,0.0,1.0
2019-06-20,2.837,2.837,0.0,1.0
2019-06-21,2.837,2.837,0.0,1.0
2019-06-24,2.845,2.845,0.0,1.0
2019-06-25,2.827,2.827,0.0,1.0
2019-06-26,2.813,2.813,0.0,1.0
2019-06-27,2.859,2.859,0.0,1.0
2019-06-28,2.863,2.863,0.0,1.0
2019-07-01,2.988,2.988,0.0,1.0
2019-07-02,2.994,2.994,0.0,1.0
2019-07-03,2.95,2.95,0.0,1.0
2019-07-04,2.889,2.889,0.0,1.0
2019-07-05,2.956,2.956,0.0,1.0
2019-07-08,2.925,2.925,0.0,1.0
2019-07-09,2.928,2.928,0.0,1.0
2019-07-10,2.928,2.928,0.0,1.0
2019-07-11,2.92,2.92,0.0,1.0
2019-07-12,2.949,2.949,0.0,1.0
2019-07-15,2.96,2.96,0.0,1.0
2019-07-16,2.926,2.926,0.0,1.0
2019-07-17,2.926,2.926,0.0,1.0
2019-07-18,2.879,2.879,0.0,1.0
2019-07-19,2.9,2.9,0.0,1.0
2019-07-22,2.888,2.888,0.0,1.0
2019-07-23,2.865,2.865,0.0,1.0
2019-07-24,2.87,2.87,0.0,1.0
2019-07-25,2.9,2.9,0.0,1.0
2019-07-26,2.893,2.893,0.0,1.0
2019-07-29,2.925,2.925,0.0,1.0
2019-07-30,2.918,2.918,0.0,1.0
2019-07-31,2.883,2.883,0.0,1.0
2019-08-01,2.867,2.867,0.0,1.0
2019-08-02,2.855,2.855,0.0,1.0
2019-08-05,2.827,2.827,0.0,1.0
2019-08-06,2.802,2.802,0.0,1.0
2019-08-07,2.788,2.788,0.0,1.0
2019-08-08,2.817,2.817,0.0,1.0
2019-08-09,2.777,2.777,0.0,1.0
2019-08-12,2.827,2.827,0.0,1.0
2019-08-13,2.819,2.819,0.0,1.0
2019-08-14,2.85,2.85,0.0,1.0
2019-08-15,2.846,2.846,0.0,1.0
2019-08-16,2.884,2.884,0.0,1.0
2019-08-19,2.918,2.918,0.0,1.0
2019-08-20,2.915,2.915,0.0,1.0
2019-08-21,2.894,2.894,0.0,1.0
2019-08-22,2.94,2.94,0.0,1.0
2019-08-23,2.951,2.951,0.0,1.0
2019-08-26,2.909,2.909,0.0,1.0
2019-08-27,2.986,2.986,0.0,1.0
2019-08-28,3.022,3.022,0.0,1.0
2019-08-29,3.028,3.028,0.0,1.0
2019-08-30,3.062,3.062,0.0,1.0
2019-09-02,3.084,3.084,0.0,1.0
2019-09-03,3.077,3.077,0.0,1.0
2019-09-04,3.05,3.05,0.0,1.0
2019-09-05,3.068,3.068,0.0,1.0
2019-09-06,3.055,3.055,0.0,1.0
2019-09-09,3.047,3.047,0.0,1.0
2019-09-10,3.045,3.045,0.0,1.0
2019-09-11,2.96,2.96,0.0,1.0
2019-09-12,2.973,2.973,0.0,1.0
2019-09-16,2.962,2.962,0.0,1.0
2019-09-17,2.946,2.946,0.0,1.0
2019-09-18,3.004,3.004,0.0,1.0
2019-09-19,3.005,3.005,0.0,1.0
2019-09-20,3.008,3.008,0.0,1.0
2019-09-23,2.971,2.971,0.0,1.0
2019-09-24,2.984,2.984,0.0,1.0
2019-09-25,2.975,2.975,0.0,1.0
2019-09-26,2.927,2.927,0.0,1.0
2019-09-27,2.935,2.935,0.0,1.0
2019-09-30,2.921,2.921,0.0,1.0
2019-10-08,2.966,2.966,0.0,1.0
2019-10-09,2.94,2.94,0.0,1.0
2019-10-10,2.965,2.965,0.0,1.0
2019-10-11,2.98,2.98,0.0,1.0
2019-10-14,2.996,2.996,0.0,1.0
2019-10-15,3.008,3.008,0.0,1.0
2019-10-16,2.968,2.968,0.0,1.0
2019-10-17,2.962,2.962,0.0,1.0
2019-10-18,2.948,2.948,0.0,1.0
2019-10-21,2.967,2.967,0.0,1.0
2019-10-22,2.98,2.98,0.0,1.0
2019-10-23,2.951,2.951,0.0,1.0
2019-10-24,2.925,2.925,0.0,1.0
2019-10-25,2.999,2.999,0.0,1.0
2019-10-28,3.025,3.025,0.0,1.0
2019-10-29,3.057,3.057,0.0,1.0
2019-10-30,3.043,3.043,0.0,1.0
2019-10-31,3.053,3.053,0.0,1.0
2019-11-01,3.064,3.064,0.0,1.0
2019-11-04,3.082,3.082,0.0,1.0
2019-11-05,3.103,3.103,0.0,1.0
2019-11-06,3.067,3.067,0.0,1.0
2019-11-07,3.085,3.085,0.0,1.0
2019-11-08,3.08,3.08,0.0,1.0
2019-11-11,3.044,3.044,0.0,1.0
2019-11-12,3.057,3.057,0.0,1.0
2019-11-13,3.07,3.07,0.0,1.0
2019-11-14,3.074,3.074,0.0,1.0
2019-11-15,3.035,3.035,0.0,1.0
2019-11-18,3.046,3.046,0.0,1.0
2019-11-19,3.072,3.072,0.0,1.0
2019-11-20,3.067,3.067,0.0,1.0
2019-11-21,3.053,3.053,0.0,1.0
2019-11-22,2.994,2.994,0.0,1.0
2019-11-25,2.977,2.977,0.0,1.0
2019-11-26,3.004,3.004,0.0,1.0
2019-11-27,3.002,3.002,0.0,1.0
2019-11-28,2.993,2.993,0.0,1.0
2019-11-29,2.927,2.927,0.0,1.0
2019-12-02,2.948,2.948,0.0,1.0
2019-12-03,2.948,2.948,0.0,1.0
2019-12-04,2.947,2.947,0.0,1.0
2019-12-05,2.954,2.954,0.0,1.0
2019-12-06,2.988,2.988,0.0,1.0
2019-12-09,2.97,2.97,0.0,1.0
2019-12-10,2.957,2.957,0.0,1.0
2019-12-11,2.924,2.924,0.0,1.0
2019-12-12,2.909,2.909,0.0,1.0
2019-12-13,2.942,2.942,0.0,1.0
2019-12-16,2.93,2.93,0.0,1.0
2019-12-17,2.975,2.975,0.0,1.0
2019-12-18,2.962,2.962,0.0,1.0
2019-12-19,2.943,2.943,0.0,1.0
2019-12-20,2.941,2.941,0.0,1.0
2019-12-23,2.911,2.911,0.0,1.0
2019-12-24,2.921,2.921,0.0,1.0
2019-12-25,2.905,2.905,0.0,1.0
2019-12-26,2.902,2.902,0.0,1.0
2019-12-27,2.938,2.938,0.0,1.0
2019-12-30,3.0,3.0,0.0,1.0
2019-12-31,3.018,3.018,0.0,1.0
2020-01-02,3.025,3.025,0.0,1.0
2020-01-03,3.008,3.008,0.0,1.0
2020-01-06,3.013,3.013,0.0,1.0
2020-01-07,3.08,3.08,0.0,1.0
2020-01-08,3.059,3.059,0.0,1.0
2020-01-09,3.107,3.107,0.0,1.0
2020-01-10,3.097,3.097,0.0,1.0
2020-01-13,3.143,3.143,0.0,1.0
2020-01-14,3.118,3.118,0.0,1.0
2020-01-15,3.123,3.123,0.0,1.0
2020-01-16,3.129,3.129,0.0,1.0
2020-01-17,3.104,3.104,0.0,1.0
2020-01-20,3.099,3.099,0.0,1.0
2020-01-21,3.033,3.033,0.0,1.0
2020-01-22,3.022,3.022,0.0,1.0
2020-01-23,2.907,2.907,0.0,1.0
2020-02-03,2.616,2.616,0.0,1.0
2020-02-04,2.723,2.723,0.0,1.0
2020-02-05,2.775,2.775,0.0,1.0
2020-02-06,2.861,2.861,0.0,1.0
2020-02-07,2.895,2.895,0.0,1.0
2020-02-10,2.931,2.931,0.0,1.0
2020-02-11,2.949,2.949,0.0,1.0
2020-02-12,2.959,2.959,0.0,1.0
2020-02-13,2.944,2.944,0.0,1.0
2020-02-14,2.967,2.967,0.0,1.0
2020-02-17,3.018,3.018,0.0,1.0
2020-02-18,3.002,3.002,0.0,1.0
2020-02-19,3.041,3.041,0.0,1.0
2020-02-20,3.099,3.099,0.0,1.0
2020-02-21,3.083,3.083,0.0,1.0
2020-02-24,3.048,3.048,0.0,1.0
2020-02-25,3.039,3.039,0.0,1.0
2020-02-26,3.012,3.012,0.0,1.0
2020-02-27,3.058,3.058,0.0,1.0
2020-02-28,2.932,2.932,0.0,1.0
2020-03-02,3.023,3.023,0.0,1.0
2020-03-03,3.049,3.049,0.0,1.0
2020-03-04,3.1,3.1,0.0,1.0
2020-03-05,3.25,3.25,0.0,1.0
2020-03-06,3.189,3.189,0.0,1.0
2020-03-09,3.092,3.092,0.0,1.0
2020-03-10,3.153,3.153,0.0,1.0
2020-03-11,3.138,3.138,0.0,1.0
2020-03-12,3.051,3.051,0.0,1.0
2020-03-13,3.007,3.007,0.0,1.0
2020-03-16,2.884,2.884,0.0,1.0
2020-03-17,2.843,2.843,0.0,1.0
2020-03-18,2.832,2.832,0.0,1.0
2020-03-19,2.794,2.794,0.0,1.0
2020-03-20,2.873,2.873,0.0,1.0
2020-03-23,2.787,2.787,0.0,1.0
2020-03-24,2.881,2.881,0.0,1.0
2020-03-25,2.946,2.946,0.0,1.0
2020-03-26,2.942,2.942,0.0,1.0
2020-03-27,2.965,2.965,0.0,1.0
2020-03-30,2.964,2.964,0.0,1.0
2020-03-31,3.08,3.08,0.0,1.0
2020-04-01,3.05,3.05,0.0,1.0
2020-04-02,3.071,3.071,0.0,1.0
2020-04-03,3.09,3.09,0.0,1.0
2020-04-07,3.193,3.193,0.0,1.0
2020-04-08,3.16,3.16,0.0,1.0
2020-04-09,3.168,3.168,0.0,1.0
2020-04-10,3.174,3.174,0.0,1.0
2020-04-13,3.138,3.138,0.0,1.0
2020-04-14,3.196,3.196,0.0,1.0
2020-04-15,3.165,3.165,0.0,1.0
2020-04-16,3.157,3.157,0.0,1.0
2020-04-17,3.184,3.184,0.0,1.0
2020-04-20,3.201,3.201,0.0,1.0
2020-04-21,3.16,3.16,0.0,1.0
2020-04-22,3.265,3.265,0.0,1.0
2020-04-23,3.277,3.277,0.0,1.0
2020-04-24,3.283,3.283,0.0,1.0
2020-04-27,3.302,3.302,0.0,1.0
2020-04-28,3.363,3.363,0.0,1.0
2020-04-29,3.283,3.283,0.0,1.0
2020-04-30,3.282,3.282,0.0,1.0
2020-05-06,3.303,3.303,0.0,1.0
2020-05-07,3.349,3.349,0.0,1.0
2020-05-08,3.365,3.365,0.0,1.0
2020-05-11,3.323,3.323,0.0,1.0
2020-05-12,3.349,3.349,0.0,1.0
2020-05-13,3.394,3.394,0.0,1.0
2020-05-14,3.348,3.348,0.0,1.0
2020-05-15,3.325,3.325,0.0,1.0
2020-05-18,3.414,3.414,0.0,1.0
2020-05-19,3.417,3.417,0.0,1.0
2020-05-20,3.386,3.386,0.0,1.0
2020-05-21,3.376,3.376,0.0,1.0
2020-05-22,3.29,3.29,0.0,1.0
2020-05-25,3.357,3.357,0.0,1.0
2020-05-26,3.377,3.377,0.0,1.0
2020-05-27,3.343,3.343,0.0,1.0
2020-05-28,3.333,3.333,0.0,1.0
2020-05-29,3.37,3.37,0.0,1.0
2020-06-01,3.46,3.46,0.0,1.0
2020-06-02,3.449,3.449,0.0,1.0
2020-06-03,3.431,3.431,0.0,1.0
2020-06-04,3.458,3.458,0.0,1.0
2020-06-05,3.453,3.453,0.0,1.0
2020-06-08,3.471,3.471,0.0,1.0
2020-06-09,3.496,3.496,0.0,1.0
2020-06-10,3.513,3.513,0.0,1.0
2020-06-11,3.45,3.45,0.0,1.0
2020-06-12,3.45,3.45,0.0,1.0
2020-06-15,3.438,3.438,0.0,1.0
2020-06-16,3.47,3.47,0.0,1.0
2020-06-17,3.478,3.478,0.0,1.0
2020-06-18,3.508,3.508,0.0,1.0
2020-06-19,3.569,3.569,0.0,1.0
2020-06-22,3.575,3.575,0.0,1.0
2020-06-23,3.624,3.624,0.0,1.0
2020-06-24,3.659,3.659,0.0,1.0
2020-06-29,3.669,3.669,0.0,1.0
2020-06-30,3.716,3.716,0.0,1.0
2020-07-01,3.831,3.831,0.0,1.0
2020-07-02,3.898,3.898,0.0,1.0
2020-07-03,3.905,3.905,0.0,1.0
2020-07-06,4.046,4.046,0.0,1.0
2020-07-07,4.118,4.118,0.0,1.0
2020-07-08,4.166,4.166,0.0,1.0
2020-07-09,4.222,4.222,0.0,1.0
2020-07-10,4.24,4.24,0.0,1.0
2020-07-13,4.448,4.448,0.0,1.0
2020-07-14,4.418,4.418,0.0,1.0
2020-07-15,4.473,4.473,0.0,1.0
2020-07-16,4.137,4.137,0.0,1.0
2020-07-17,4.229,4.229,0.0,1.0
2020-07-20,4.221,4.221,0.0,1.0
2020-07-21,4.27,4.27,0.0,1.0
2020-07-22,4.35,4.35,0.0,1.0
2020-07-23,4.344,4.344,0.0,1.0
2020-07-24,4.19,4.19,0.0,1.0
2020-07-27,4.217,4.217,0.0,1.0
2020-07-28,4.361,4.361,0.0,1.0
2020-07-29,4.396,4.396,0.0,1.0
2020-07-30,4.42,4.42,0.0,1.0
2020-07-31,4.443,4.443,0.0,1.0
2020-08-03,4.501,4.501,0.0,1.0
2020-08-04,4.475,4.475,0.0,1.0
2020-08-05,4.536,4.536,0.0,1.0
2020-08-06,4.44,4.44,0.0,1.0
2020-08-07,4.359,4.359,0.0,1.0
2020-08-10,4.377,4.377,0.0,1.0
2020-08-11,4.393,4.393,0.0,1.0
2020-08-12,4.33,4.33,0.0,1.0
2020-08-13,4.352,4.352,0.0,1.0
2020-08-14,4.441,4.441,0.0,1.0
2020-08-17,4.49,4.49,0.0,1.0
2020-08-18,4.556,4.556,0.0,1.0
2020-08-19,4.538,4.538,0.0,1.0
2020-08-20,4.46,4.46,0.0,1.0
2020-08-21,4.515,4.515,0.0,1.0
2020-08-24,4.612,4.612,0.0,1.0
2020-08-25,4.663,4.663,0.0,1.0
2020-08-26,4.647,4.647,0.0,1.0
2020-08-27,4.715,4.715,0.0,1.0
2020-08-28,4.87,4.87,0.0,1.0
2020-08-31,4.879,4.879,0.0,1.0
2020-09-01,4.87,4.87,0.0,1.0
2020-09-02,4.895,4.895,0.0,1.0
2020-09-03,4.86,4.86,0.0,1.0
2020-09-04,4.749,4.749,0.0,1.0
2020-09-07,4.594,4.594,0.0,1.0
2020-09-08,4.523,4.523,0.0,1.0
2020-09-09,4.399,4.399,0.0,1.0
2020-09-10,4.433,4.433,0.0,1.0
2020-09-11,4.51,4.51,0.0,1.0
2020-09-14,4.509,4.509,0.0,1.0
2020-09-15,4.524,4.524,0.0,1.0
2020-09-16,4.458,4.458,0.0,1.0
2020-09-17,4.361,4.361,0.0,1.0
2020-09-18,4.444,4.444,0.0,1.0
2020-09-21,4.379,4.379,0.0,1.0
2020-09-22,4.346,4.346,0.0,1.0
2020-09-23,4.365,4.365,0.0,1.0
2020-09-24,4.292,4.292,0.0,1.0
2020-09-25,4.311,4.311,0.0,1.0
2020-09-28,4.311,4.311,0.0,1.0
2020-09-29,4.353,4.353,0.0,1.0
2020-09-30,4.361,4.361,0.0,1.0
2020-10-09,4.449,4.449,0.0,1.0
2020-10-12,4.634,4.634,0.0,1.0
2020-10-13,4.674,4.674,0.0,1.0
2020-10-14,4.632,4.632,0.0,1.0
2020-10-15,4.593,4.593,0.0,1.0
2020-10-16,4.56,4.56,0.0,1.0
2020-10-19,4.498,4.498,0.0,1.0
2020-10-20,4.606,4.606,0.0,1.0
2020-10-21,4.598,4.598,0.0,1.0
2020-10-22,4.601,4.601,0.0,1.0
2020-10-23,4.489,4.489,0.0,1.0
2020-10-26,4.442,4.442,0.0,1.0
2020-10-27,4.477,4.477,0.0,1.0
2020-10-28,4.573,4.573,0.0,1.0
2020-10-29,4.67,4.67,0.0,1.0
2020-10-30,4.51,4.51,0.0,1.0
2020-11-02,4.521,4.521,0.0,1.0
2020-11-03,4.577,4.577,0.0,1.0
2020-11-04,4.592,4.592,0.0,1.0
2020-11-05,4.656,4.656,0.0,1.0
2020-11-06,4.61,4.61,0.0,1.0
2020-11-09,4.704,4.704,0.0,1.0
2020-11-10,4.723,4.723,0.0,1.0
2020-11-11,4.686,4.686,0.0,1.0
2020-11-12,4.688,4.688,0.0,1.0
2020-11-13,4.605,4.605,0.0,1.0
2020-11-16,4.714,4.714,0.0,1.0
2020-11-17,4.652,4.652,0.0,1.0
2020-11-18,4.616,4.616,0.0,1.0
2020-11-19,4.687,4.687,0.0,1.0
2020-11-20,4.707,4.707,0.0,1.0
2020-11-23,4.743,4.743,0.0,1.0
2020-11-24,4.73,4.73,0.0,1.0
2020-11-25,4.608,4.608,0.0,1.0
2020-11-26,4.632,4.632,0.0,1.0
2020-11-27,4.667,4.667,0.0,1.0
2020-11-30,4.597,4.597,0.0,1.0
2020-12-01,4.634,4.634,0.0,1.0
2020-12-02,4.662,4.662,0.0,1.0
2020-12-03,4.713,4.713,0.0,1.0
2020-12-04,4.808,4.808,0.0,1.0
2020-12-07,4.84,4.84,0.0,1.0
2020-12-08,4.888,4.888,0.0,1.0
2020-12-09,4.819,4.819,0.0,1.0
2020-12-10,4.818,4.818,0.0,1.0
2020-12-11,4.801,4.801,0.0,1.0
2020-12-14,4.918,4.918,0.0,1.0
2020-12-15,4.888,4.888,0.0,1.0
2020-12-16,4.95,4.95,0.0,1.0
2020-12-17,4.995,4.995,0.0,1.0
2020-12-18,4.952,4.952,0.0,1.0
2020-12-21,5.018,5.018,0.0,1.0
2020-12-22,4.997,4.997,0.0,1.0
2020-12-23,5.012,5.012,0.0,1.0
2020-12-24,4.955,4.955,0.0,1.0
2020-12-25,4.974,4.974,0.0,1.0
2020-12-28,5.101,5.101,0.0,1.0
2020-12-29,5.06,5.06,0.0,1.0
2020-12-30,5.13,5.13,0.0,1.0
2020-12-31,5.215,5.215,0.0,1.0
2021-01-04,5.458,5.458,0.0,1.0
2021-01-05,5.727,5.727,0.0,1.0
2021-01-06,5.743,5.743,0.0,1.0
2021-01-07,5.799,5.799,0.0,1.0
2021-01-08,5.647,5.647,0.0,1.0
2021-01-11,5.473,5.473,0.0,1.0
2021-01-12,5.603,5.603,0.0,1.0
2021-01-13,5.516,5.516,0.0,1.0
2021-01-14,5.387,5.387,0.0,1.0
2021-01-15,5.286,5.286,0.0,1.0
2021-01-18,5.281,5.281,0.0,1.0
2021-01-19,5.172,5.172,0.0,1.0
2021-01-20,5.207,5.207,0.0,1.0
2021-01-21,5.309,5.309,0.0,1.0
2021-01-22,5.315,5.315,0.0,1.0
2021-01-25,5.523,5.523,0.0,1.0
2021-01-26,5.452,5.452,0.0,1.0
2021-01-27,5.409,5.409,0.0,1.0
2021-01-28,5.3,5.3,0.0,1.0
2021-01-29,5.324,5.324,0.0,1.0
2021-02-01,5.314,5.314,0.0,1.0
2021-02-02,5.48,5.48,0.0,1.0
2021-02-03,5.516,5.516,0.0,1.0
2021-02-04,5.525,5.525,0.0,1.0
2021-02-05,5.571,5.571,0.0,1.0
2021-02-08,5.687,5.687,0.0,1.0
2021-02-09,5.82,5.82,0.0,1.0
2021-02-10,6.025,6.025,0.0,1.0
2021-02-18,5.845,5.845,0.0,1.0
2021-02-19,5.964,5.964,0.0,1.0
2021-02-22,5.674,5.674,0.0,1.0
2021-02-23,5.597,5.597,0.0,1.0
2021-02-24,5.398,5.398,0.0,1.0
2021-02-25,5.339,5.339,0.0,1.0
2021-02-26,5.21,5.21,0.0,1.0
2021-03-01,5.275,5.275,0.0,1.0
2021-03-02,5.152,5.152,0.0,1.0
2021-03-03,5.231,5.231,0.0,1.0
2021-03-04,4.997,4.997,0.0,1.0
2021-03-05,4.99,4.99,0.0,1.0
2021-03-08,4.743,4.743,0.0,1.0
2021-03-09,4.593,4.593,0.0,1.0
2021-03-10,4.681,4.681,0.0,1.0
2021-03-11,4.809,4.809,0.0,1.0
2021-03-12,4.797,4.797,0.0,1.0
2021-03-15,4.621,4.621,0.0,1.0
2021-03-16,4.699,4.699,0.0,1.0
2021-03-17,4.782,4.782,0.0,1.0
2021-03-18,4.863,4.863,0.0,1.0
2021-03-19,4.725,4.725,0.0,1.0
2021-03-22,4.758,4.758,0.0,1.0
2021-03-23,4.74,4.74,0.0,1.0
2021-03-24,4.719,4.719,0.0,1.0
2021-03-25,4.72,4.72,0.0,1.0
2021-03-26,4.819,4.819,0.0,1.0
2021-03-29,4.848,4.848,0.0,1.0
2021-03-30,4.899,4.899,0.0,1.0
2021-03-31,4.852,4.852,0.0,1.0
2021-04-01,4.931,4.931,0.0,1.0
2021-04-02,5.076,5.076,0.0,1.0
2021-04-06,5.031,5.031,0.0,1.0
2021-04-07,4.912,4.912,0.0,1.0
2021-04-08,4.967,4.967,0.0,1.0
2021-04-09,4.877,4.877,0.0,1.0
2021-04-12,4.818,4.818,0.0,1.0
2021-04-13,4.865,4.865,0.0,1.0
2021-04-14,4.89,4.89,0.0,1.0
2021-04-15,4.846,4.846,0.0,1.0
2021-04-16,4.884,4.884,0.0,1.0
2021-04-19,4.967,4.967,0.0,1.0
2021-04-20,5.016,5.016,0.0,1.0
2021-04-21,5.066,5.066,0.0,1.0
2021-04-22,5.053,5.053,0.0,1.0
2021-04-23,5.133,5.133,0.0,1.0
2021-04-26,5.01,5.01,0.0,1.0
2021-04-27,5.053,5.053,0.0,1.0
2021-04-28,5.102,5.102,0.0,1.0
2021-04-29,5.196,5.196,0.0,1.0
2021-04-30,5.159,5.159,0.0,1.0
2021-05-06,5.01,5.01,0.0,1.0
2021-05-07,4.938,4.938,0.0,1.0
2021-05-10,4.84,4.84,0.0,1.0
2021-05-11,4.972,4.972,0.0,1.0
2021-05-12,5.023,5.023,0.0,1.0
2021-05-13,5.016,5.016,0.0,1.0
2021-05-14,5.096,5.096,0.0,1.0
2021-05-17,5.198,5.198,0.0,1.0
2021-05-18,5.194,5.194,0.0,1.0
2021-05-19,5.167,5.167,0.0,1.0
2021-05-20,5.237,5.237,0.0,1.0
2021-05-21,5.184,5.184,0.0,1.0
2021-05-24,5.219,5.219,0.0,1.0
2021-05-25,5.381,5.381,0.0,1.0
2021-05-26,5.362,5.362,0.0,1.0
2021-05-27,5.385,5.385,0.0,1.0
2021-05-28,5.332,5.332,0.0,1.0
2021-05-31,5.353,5.353,0.0,1.0
2021-06-01,5.38,5.38,0.0,1.0
2021-06-02,5.319,5.319,0.0,1.0
2021-06-03,5.336,5.336,0.0,1.0
2021-06-04,5.383,5.383,0.0,1.0
2021-06-07,5.357,5.357,0.0,1.0
2021-06-08,5.202,5.202,0.0,1.0
2021-06-09,5.222,5.222,0.0,1.0
2021-06-10,5.251,5.251,0.0,1.0
2021-06-11,5.175,5.175,0.0,1.0
2021-06-15,5.126,5.126,0.0,1.0
2021-06-16,5.066,5.066,0.0,1.0
2021-06-17,5.09,5.09,0.0,1.0
2021-06-18,5.032,5.032,0.0,1.0
2021-06-21,4.974,4.974,0.0,1.0
2021-06-22,5.0,5.0,0.0,1.0
2021-06-23,4.934,4.934,0.0,1.0
2021-06-24,4.94,4.94,0.0,1.0
2021-06-25,1.261,5.0438978539559995,0.0,3.999918996
2021-06-28,1.279,5.115896395884,0.0,3.999918996
2021-06-29,1.26,5.03989793496,0.0,3.999918996
2021-06-30,1.261,5.0438978539559995,0.0,3.999918996
2021-07-01,1.272,5.087896962912,0.0,3.999918996
2021-07-02,1.232,4.927900203071999,0.0,3.999918996
2021-07-05,1.226,4.903900689096,0.0,3.999918996
2021-07-06,1.219,4.875901256124,0.0,3.999918996
2021-07-07,1.226,4.903900689096,0.0,3.999918996
2021-07-08,1.205,4.81990239018,0.0,3.999918996
2021-07-09,1.181,4.723904334276,0.0,3.999918996
2021-07-12,1.188,4.751903767248,0.0,3.999918996
2021-07-13,1.216,4.8639014991359995,0.0,3.999918996
2021-07-14,1.217,4.867901418132,0.0,3.999918996
2021-07-15,1.233,4.931900122068,0.0,3.999918996
2021-07-16,1.214,4.855901661143999,0.0,3.999918996
2021-07-19,1.211,4.8439019041560005,0.0,3.999918996
2021-07-20,1.213,4.851901742148,0.0,3.999918996
2021-07-21,1.207,4.827902228172,0.0,3.999918996
2021-07-22,1.195,4.77990320022,0.0,3.999918996
2021-07-23,1.169,4.675905306324,0.0,3.999918996
2021-07-26,1.105,4.4199104905799995,0.0,3.999918996
2021-07-27,1.066,4.263913649736,0.0,3.999918996
2021-07-28,1.065,4.259913730739999,0.0,3.999918996
2021-07-29,1.062,4.247913973752,0.0,3.999918996
2021-07-30,1.032,4.127916403872,0.0,3.999918996
2021-08-02,1.078,4.311912677688,0.0,3.999918996
2021-08-03,1.094,4.375911381624,0.0,3.999918996
2021-08-04,1.08,4.3199125156800005,0.0,3.999918996
2021-08-05,1.069,4.275913406723999,0.0,3.999918996
2021-08-06,1.063,4.251913892748,0.0,3.999918996
2021-08-09,1.1,4.399910895600001,0.0,3.999918996
2021-08-10,1.142,4.567907493431999,0.0,3.999918996
2021-08-11,1.122,4.487909113512,0.0,3.999918996
2021-08-12,1.099,4.395910976604,0.0,3.999918996
2021-08-13,1.104,4.415910571584,0.0,3.999918996
2021-08-16,1.109,4.435910166564,0.0,3.999918996
2021-08-17,1.069,4.275913406723999,0.0,3.999918996
2021-08-18,1.066,4.263913649736,0.0,3.999918996
2021-08-19,1.052,4.207914783792,0.0,3.999918996
2021-08-20,1.008,4.031918347968,0.0,3.999918996
2021-08-23,1.016,4.063917699936,0.0,3.999918996
2021-08-24,1.032,4.127916403872,0.0,3.999918996
2021-08-25,1.043,4.171915512828,0.0,3.999918996
2021-08-26,1.016,4.063917699936,0.0,3.999918996
2021-08-27,1.017,4.067917618931999,0.0,3.999918996
2021-08-30,1.016,4.063917699936,0.0,3.999918996
2021-08-31,1.004,4.015918671984,0.0,3.999918996
2021-09-01,1.035,4.1399161608599995,0.0,3.999918996
2021-09-02,1.016,4.063917699936,0.0,3.999918996
2021-09-03,1.032,4.127916403872,0.0,3.999918996
2021-09-06,1.058,4.231914297768,0.0,3.999918996
2021-09-07,1.06,4.23991413576,0.0,3.999918996
2021-09-08,1.046,4.1839152698160005,0.0,3.999918996
2021-09-09,1.045,4.17991535082,0.0,3.999918996
2021-09-10,1.06,4.23991413576,0.0,3.999918996
2021-09-13,1.046,4.1839152698160005,0.0,3.999918996
2021-09-14,1.033,4.131916322867999,0.0,3.999918996
2021-09-15,1.015,4.059917780939999,0.0,3.999918996
2021-09-16,1.031,4.123916484875999,0.0,3.999918996
2021-09-17,1.049,4.195915026803999,0.0,3.999918996
2021-09-22,1.024,4.095917051904,0.0,3.999918996
2021-09-23,1.038,4.151915917848,0.0,3.999918996
2021-09-24,1.07,4.27991332572,0.0,3.999918996
2021-09-27,1.124,4.495908951504,0.0,3.999918996
2021-09-28,1.114,4.455909761544,0.0,3.999918996
2021-09-29,1.118,4.471909437528001,0.0,3.999918996
2021-09-30,1.121,4.4839091945159995,0.0,3.999918996
2021-10-08,1.156,4.623906359376,0.0,3.999918996
2021-10-11,1.16,4.639906035359999,0.0,3.999918996
2021-10-12,1.155,4.61990644038,0.0,3.999918996
2021-10-13,1.18,4.719904415279999,0.0,3.999918996
2021-10-14,1.174,4.695904901304,0.0,3.999918996
2021-10-15,1.165,4.65990563034,0.0,3.999918996
2021-10-18,1.12,4.479909275520001,0.0,3.999918996
2021-10-19,1.157,4.627906278372,0.0,3.999918996
2021-10-20,1.151,4.603906764396,0.0,3.999918996
2021-10-21,1.151,4.603906764396,0.0,3.999918996
2021-10-22,1.167,4.667905468332,0.0,3.999918996
2021-10-25,1.169,4.675905306324,0.0,3.999918996
2021-10-26,1.157,4.627906278372,0.0,3.999918996
2021-10-27,1.144,4.575907331423999,0.0,3.999918996
2021-10-28,1.154,4.615906521384,0.0,3.999918996
2021-10-29,1.176,4.703904739295999,0.0,3.999918996
2021-11-01,1.162,4.647905873351999,0.0,3.999918996
2021-11-02,1.169,4.675905306324,0.0,3.999918996
2021-11-03,1.168,4.671905387328,0.0,3.999918996
2021-11-04,1.203,4.811902552188,0.0,3.999918996
2021-11-05,1.193,4.7719033622280005,0.0,3.999918996
2021-11-08,1.186,4.743903929256,0.0,3.999918996
2021-11-09,1.181,4.723904334276,0.0,3.999918996
2021-11-10,1.159,4.635906116364,0.0,3.999918996
2021-11-11,1.164,4.655905711343999,0.0,3.999918996
2021-11-12,1.156,4.623906359376,0.0,3.999918996
2021-11-15,1.168,4.671905387328,0.0,3.999918996
2021-11-16,1.186,4.743903929256,0.0,3.999918996
2021-11-17,1.178,4.711904577287999,0.0,3.999918996
2021-11-18,1.174,4.695904901304,0.0,3.999918996
2021-11-19,1.183,4.731904172268,0.0,3.999918996
2021-11-22,1.181,4.723904334276,0.0,3.999918996
2021-11-23,1.177,4.707904658292,0.0,3.999918996
2021-11-24,1.189,4.755903686244,0.0,3.999918996
2021-11-25,1.185,4.73990401026,0.0,3.999918996
2021-11-26,1.175,4.6999048203000005,0.0,3.999918996
2021-11-29,1.182,4.7279042532719995,0.0,3.999918996
2021-11-30,1.163,4.651905792348,0.0,3.999918996
2021-12-01,1.161,4.643905954356,0.0,3.999918996
2021-12-02,1.166,4.6639055493359995,0.0,3.999918996
2021-12-03,1.2,4.7999027951999995,0.0,3.999918996
2021-12-06,1.19,4.75990360524,0.0,3.999918996
2021-12-07,1.195,4.77990320022,0.0,3.999918996
2021-12-08,1.224,4.895900851104,0.0,3.999918996
2021-12-09,1.241,4.963899474036,0.0,3.999918996
2021-12-10,1.239,4.955899636044,0.0,3.999918996
2021-12-13,1.241,4.963899474036,0.0,3.999918996
2021-12-14,1.246,4.983899069016,0.0,3.999918996
2021-12-15,1.222,4.887901013112,0.0,3.999918996
2021-12-16,1.215,4.85990158014,0.0,3.999918996
2021-12-17,1.191,4.763903524236,0.0,3.999918996
2021-12-20,1.195,4.77990320022,0.0,3.999918996
2021-12-21,1.196,4.783903119215999,0.0,3.999918996
2021-12-22,1.204,4.815902471184,0.0,3.999918996
2021-12-23,1.224,4.895900851104,0.0,3.999918996
2021-12-24,1.243,4.971899312028,0.0,3.999918996
2021-12-27,1.24,4.95989955504,0.0,3.999918996
2021-12-28,1.24,4.95989955504,0.0,3.999918996
2021-12-29,1.198,4.791902957207999,0.0,3.999918996
2021-12-30,1.209,4.835902066164,0.0,3.999918996
2021-12-31,1.206,4.823902309176,0.0,3.999918996
2022-01-04,1.219,4.875901256124,0.0,3.999918996
2022-01-05,1.219,4.875901256124,0.0,3.999918996
2022-01-06,1.195,4.77990320022,0.0,3.999918996
2022-01-07,1.179,4.715904496284,0.0,3.999918996
2022-01-10,1.185,4.73990401026,0.0,3.999918996
2022-01-11,1.163,4.651905792348,0.0,3.999918996
2022-01-12,1.173,4.691904982308,0.0,3.999918996
2022-01-13,1.139,4.5559077364439995,0.0,3.999918996
2022-01-14,1.128,4.511908627487999,0.0,3.999918996
2022-01-17,1.135,4.53990806046,0.0,3.999918996
2022-01-18,1.144,4.575907331423999,0.0,3.999918996
2022-01-19,1.136,4.543907979456,0.0,3.999918996
2022-01-20,1.155,4.61990644038,0.0,3.999918996
2022-01-21,1.157,4.627906278372,0.0,3.999918996
2022-01-24,1.145,4.57990725042,0.0,3.999918996
2022-01-25,1.121,4.4839091945159995,0.0,3.999918996
2022-01-26,1.135,4.53990806046,0.0,3.999918996
2022-01-27,1.111,4.443910004556,0.0,3.999918996
2022-01-28,1.104,4.415910571584,0.0,3.999918996
2022-02-07,1.107,4.427910328572,0.0,3.999918996
2022-02-08,1.093,4.371911462628,0.0,3.999918996
2022-02-09,1.125,4.4999088705,0.0,3.999918996
2022-02-10,1.136,4.543907979456,0.0,3.999918996
2022-02-11,1.127,4.507908708492,0.0,3.999918996
2022-02-14,1.13,4.5199084654799995,0.0,3.999918996
2022-02-15,1.142,4.567907493431999,0.0,3.999918996
2022-02-16,1.141,4.563907574436,0.0,3.999918996
2022-02-17,1.14,4.559907655439999,0.0,3.999918996
2022-02-18,1.147,4.587907088412,0.0,3.999918996
2022-02-21,1.148,4.5919070074079995,0.0,3.999918996
2022-02-22,1.125,4.4999088705,0.0,3.999918996
2022-02-23,1.124,4.495908951504,0.0,3.999918996
2022-02-24,1.095,4.37991130062,0.0,3.999918996
2022-02-25,1.102,4.407910733592,0.0,3.999918996
2022-02-28,1.103,4.411910652587999,0.0,3.999918996
2022-03-01,1.135,4.53990806046,0.0,3.999918996
2022-03-02,1.123,4.4919090325079996,0.0,3.999918996
2022-03-03,1.101,4.403910814596,0.0,3.999918996
2022-03-04,1.097,4.387911138612,0.0,3.999918996
2022-03-07,1.056,4.223914459776,0.0,3.999918996
2022-03-08,1.03,4.11991656588,0.0,3.999918996
2022-03-09,1.03,4.11991656588,0.0,3.999918996
2022-03-10,1.048,4.191915107808,0.0,3.999918996
2022-03-11,1.054,4.215914621784,0.0,3.999918996
2022-03-14,1.01,4.0399181859599995,0.0,3.999918996
2022-03-15,0.96,3.8399222361599996,0.0,3.999918996
2022-03-16,0.981,3.923920535076,0.0,3.999918996
2022-03-17,1.016,4.063917699936,0.0,3.999918996
2022-03-18,1.019,4.0759174569239995,0.0,3.999918996
2022-03-21,1.022,4.087917213912,0.0,3.999918996
2022-03-22,1.019,4.0759174569239995,0.0,3.999918996
2022-03-23,1.022,4.087917213912,0.0,3.999918996
2022-03-24,1.013,4.051917942947999,0.0,3.999918996
2022-03-25,0.995,3.97991940102,0.0,3.999918996
2022-03-28,0.98,3.9199206160799998,0.0,3.999918996
2022-03-29,0.977,3.9079208590919996,0.0,3.999918996
2022-03-30,1.006,4.023918509976,0.0,3.999918996
2022-03-31,1.003,4.011918752988,0.0,3.999918996
2022-04-01,1.016,4.063917699936,0.0,3.999918996
2022-04-06,1.012,4.047918023952,0.0,3.999918996
2022-04-07,0.995,3.97991940102,0.0,3.999918996
2022-04-08,0.99,3.95991980604,0.0,3.999918996
2022-04-11,0.974,3.895921102104,0.0,3.999918996
2022-04-12,1.008,4.031918347968,0.0,3.999918996
2022-04-13,1.002,4.007918833992,0.0,3.999918996
2022-04-14,1.035,4.1399161608599995,0.0,3.999918996
2022-04-15,1.036,4.143916079856,0.0,3.999918996
2022-04-18,1.04,4.15991575584,0.0,3.999918996
2022-04-19,1.039,4.155915836844,0.0,3.999918996
2022-04-20,1.045,4.17991535082,0.0,3.999918996
2022-04-21,1.023,4.091917132908,0.0,3.999918996
2022-04-22,1.021,4.083917294916,0.0,3.999918996
2022-04-25,0.981,3.923920535076,0.0,3.999918996
2022-04-26,0.986,3.943920130056,0.0,3.999918996
2022-04-27,1.01,4.0399181859599995,0.0,3.999918996
2022-04-28,1.012,4.047918023952,0.0,3.999918996
2022-04-29,1.014,4.055917861944,0.0,3.999918996
2022-05-05,1.016,4.063917699936,0.0,3.999918996
2022-05-06,0.988,3.9519199680479997,0.0,3.999918996
2022-05-09,0.982,3.927920454072,0.0,3.999918996
2022-05-10,0.992,3.967919644032,0.0,3.999918996
2022-05-11,0.995,3.97991940102,0.0,3.999918996
2022-05-12,1.0,3.999918996,0.0,3.999918996
2022-05-13,0.998,3.991919158008,0.0,3.999918996
2022-05-16,0.99,3.95991980604,0.0,3.999918996
2022-05-17,0.992,3.967919644032,0.0,3.999918996
2022-05-18,0.988,3.9519199680479997,0.0,3.999918996
2022-05-19,0.977,3.9079208590919996,0.0,3.999918996
2022-05-20,1.002,4.007918833992,0.0,3.999918996
2022-05-23,0.995,3.97991940102,0.0,3.999918996
2022-05-24,0.986,3.943920130056,0.0,3.999918996
2022-05-25,0.983,3.931920373068,0.0,3.999918996
2022-05-26,0.982,3.927920454072,0.0,3.999918996
2022-05-27,0.984,3.935920292064,0.0,3.999918996
2022-05-30,0.998,3.991919158008,0.0,3.999918996
2022-05-31,1.025,4.0999169709,0.0,3.999918996
2022-06-01,1.021,4.083917294916,0.0,3.999918996
2022-06-02,1.014,4.055917861944,0.0,3.999918996
2022-06-06,1.023,4.091917132908,0.0,3.999918996
2022-06-07,1.034,4.135916241864,0.0,3.999918996
2022-06-08,1.049,4.195915026803999,0.0,3.999918996
2022-06-09,1.039,4.155915836844,0.0,3.999918996
2022-06-10,1.049,4.195915026803999,0.0,3.999918996
2022-06-13,1.042,4.167915593832,0.0,3.999918996
2022-06-14,1.051,4.203914864795999,0.0,3.999918996
2022-06-15,1.058,4.231914297768,0.0,3.999918996
2022-06-16,1.07,4.27991332572,0.0,3.999918996
2022-06-17,1.082,4.327912353672001,0.0,3.999918996
2022-06-20,1.095,4.37991130062,0.0,3.999918996
2022-06-21,1.093,4.371911462628,0.0,3.999918996
2022-06-22,1.08,4.3199125156800005,0.0,3.999918996
2022-06-23,1.091,4.363911624636,0.0,3.999918996
2022-06-24,1.104,4.415910571584,0.0,3.999918996
2022-06-27,1.136,4.543907979456,0.0,3.999918996
2022-06-28,1.141,4.563907574436,0.0,3.999918996
2022-06-29,1.12,4.479909275520001,0.0,3.999918996
2022-06-30,1.156,4.623906359376,0.0,3.999918996
2022-07-01,1.148,4.5919070074079995,0.0,3.999918996
2022-07-04,1.163,4.651905792348,0.0,3.999918996
2022-07-05,1.161,4.643905954356,0.0,3.999918996
2022-07-06,1.13,4.5199084654799995,0.0,3.999918996
2022-07-07,1.13,4.5199084654799995,0.0,3.999918996
2022-07-08,1.133,4.531908222468,0.0,3.999918996
2022-07-11,1.122,4.487909113512,0.0,3.999918996
2022-07-12,1.109,4.435910166564,0.0,3.999918996
2022-07-13,1.114,4.455909761544,0.0,3.999918996
2022-07-14,1.107,4.427910328572,0.0,3.999918996
2022-07-15,1.103,4.411910652587999,0.0,3.999918996
2022-07-18,1.101,4.403910814596,0.0,3.999918996
2022-07-19,1.102,4.407910733592,0.0,3.999918996
2022-07-20,1.103,4.411910652587999,0.0,3.999918996
2022-07-21,1.095,4.37991130062,0.0,3.999918996
2022-07-22,1.093,4.371911462628,0.0,3.999918996
2022-07-25,1.097,4.387911138612,0.0,3.999918996
2022-07-26,1.106,4.423910409576,0.0,3.999918996
2022-07-27,1.093,4.371911462628,0.0,3.999918996
2022-07-28,1.09,4.35991170564,0.0,3.999918996
2022-07-29,1.07,4.27991332572,0.0,3.999918996
2022-08-01,1.077,4.307912758692,0.0,3.999918996
2022-08-02,1.064,4.2559138117440005,0.0,3.999918996
2022-08-03,1.055,4.21991454078,0.0,3.999918996
2022-08-04,1.068,4.271913487728,0.0,3.999918996
2022-08-05,1.083,4.331912272668,0.0,3.999918996
2022-08-08,1.076,4.303912839696,0.0,3.999918996
2022-08-09,1.069,4.275913406723999,0.0,3.999918996
2022-08-10,1.049,4.195915026803999,0.0,3.999918996
2022-08-11,1.068,4.271913487728,0.0,3.999918996
2022-08-12,1.074,4.295913001704,0.0,3.999918996
2022-08-15,1.065,4.259913730739999,0.0,3.999918996
2022-08-16,1.064,4.2559138117440005,0.0,3.999918996
2022-08-17,1.07,4.27991332572,0.0,3.999918996
2022-08-18,1.052,4.207914783792,0.0,3.999918996
2022-08-19,1.059,4.235914216764,0.0,3.999918996
2022-08-22,1.064,4.2559138117440005,0.0,3.999918996
2022-08-23,1.054,4.215914621784,0.0,3.999918996
2022-08-24,1.048,4.191915107808,0.0,3.999918996
2022-08-25,1.069,4.275913406723999,0.0,3.999918996
2022-08-26,1.08,4.3199125156800005,0.0,3.999918996
2022-08-29,1.069,4.275913406723999,0.0,3.999918996
2022-08-30,1.07,4.27991332572,0.0,3.999918996
2022-08-31,1.081,4.323912434676,0.0,3.999918996
2022-09-01,1.063,4.251913892748,0.0,3.999918996
2022-09-02,1.054,4.215914621784,0.0,3.999918996
2022-09-05,1.037,4.147915998852,0.0,3.999918996
2022-09-06,1.042,4.167915593832,0.0,3.999918996
2022-09-07,1.028,4.111916727888,0.0,3.999918996
2022-09-08,1.025,4.0999169709,0.0,3.999918996
2022-09-09,1.036,4.143916079856,0.0,3.999918996
2022-09-13,1.05,4.1999149458,0.0,3.999918996
2022-09-14,1.045,4.17991535082,0.0,3.999918996
2022-09-15,1.043,4.171915512828,0.0,3.999918996
2022-09-16,1.024,4.095917051904,0.0,3.999918996
2022-09-19,1.035,4.1399161608599995,0.0,3.999918996
2022-09-20,1.04,4.15991575584,0.0,3.999918996
2022-09-21,1.025,4.0999169709,0.0,3.999918996
2022-09-22,1.01,4.0399181859599995,0.0,3.999918996
2022-09-23,1.013,4.051917942947999,0.0,3.999918996
2022-09-26,1.016,4.063917699936,0.0,3.999918996
2022-09-27,1.052,4.207914783792,0.0,3.999918996
2022-09-28,1.046,4.1839152698160005,0.0,3.999918996
2022-09-29,1.045,4.17991535082,0.0,3.999918996
2022-09-30,1.042,4.167915593832,0.0,3.999918996
2022-10-10,1.011,4.043918104955999,0.0,3.999918996
2022-10-11,1.013,4.051917942947999,0.0,3.999918996
2022-10-12,1.012,4.047918023952,0.0,3.999918996
2022-10-13,1.008,4.031918347968,0.0,3.999918996
2022-10-14,1.022,4.087917213912,0.0,3.999918996
2022-10-17,1.018,4.071917537928,0.0,3.999918996
2022-10-18,1.01,4.0399181859599995,0.0,3.999918996
2022-10-19,0.982,3.927920454072,0.0,3.999918996
2022-10-20,0.978,3.9119207780879997,0.0,3.999918996
2022-10-21,0.967,3.867921669132,0.0,3.999918996
2022-10-24,0.923,3.691925233308,0.0,3.999918996
2022-10-25,0.92,3.67992547632,0.0,3.999918996
2022-10-26,0.911,3.643926205356,0.0,3.999918996
2022-10-27,0.887,3.547928149452,0.0,3.999918996
2022-10-28,0.864,3.455930012544,0.0,3.999918996
2022-10-31,0.856,3.423930660576,0.0,3.999918996
2022-11-01,0.904,3.615926772384,0.0,3.999918996
2022-11-02,0.916,3.663925800336,0.0,3.999918996
2022-11-03,0.906,3.623926610376,0.0,3.999918996
2022-11-04,0.943,3.7719236132279996,0.0,3.999918996
2022-11-07,0.948,3.791923208208,0.0,3.999918996
2022-11-08,0.932,3.727924504272,0.0,3.999918996
2022-11-09,0.919,3.675925557324,0.0,3.999918996
2022-11-10,0.928,3.711924828288,0.0,3.999918996
2022-11-11,0.953,3.8119228031879997,0.0,3.999918996
2022-11-14,0.945,3.7799234512199997,0.0,3.999918996
2022-11-15,0.961,3.8439221551559997,0.0,3.999918996
2022-11-16,0.96,3.8399222361599996,0.0,3.999918996
2022-11-17,0.959,3.8359223171639996,0.0,3.999918996
2022-11-18,0.954,3.8159227221839997,0.0,3.999918996
2022-11-21,0.938,3.751924018248,0.0,3.999918996
2022-11-22,0.936,3.743924180256,0.0,3.999918996
2022-11-23,0.929,3.7159247472840002,0.0,3.999918996
2022-11-24,0.923,3.691925233308,0.0,3.999918996
2022-11-25,0.923,3.691925233308,0.0,3.999918996
2022-11-28,0.924,3.695925152304,0.0,3.999918996
2022-11-29,0.953,3.8119228031879997,0.0,3.999918996
2022-11-30,0.955,3.81992264118,0.0,3.999918996
2022-12-01,0.982,3.927920454072,0.0,3.999918996
2022-12-02,0.987,3.9479200490519997,0.0,3.999918996
2022-12-05,1.003,4.011918752988,0.0,3.999918996
2022-12-06,1.021,4.083917294916,0.0,3.999918996
2022-12-07,1.026,4.103916889896,0.0,3.999918996
2022-12-08,1.018,4.071917537928,0.0,3.999918996
2022-12-09,1.04,4.15991575584,0.0,3.999918996
2022-12-12,1.025,4.0999169709,0.0,3.999918996
2022-12-13,1.039,4.155915836844,0.0,3.999918996
2022-12-14,1.059,4.235914216764,0.0,3.999918996
2022-12-15,1.045,4.17991535082,0.0,3.999918996
2022-12-16,1.049,4.195915026803999,0.0,3.999918996
2022-12-19,1.036,4.143916079856,0.0,3.999918996
2022-12-20,1.002,4.007918833992,0.0,3.999918996
2022-12-21,1.012,4.047918023952,0.0,3.999918996
2022-12-22,1.033,4.131916322867999,0.0,3.999918996
2022-12-23,1.036,4.143916079856,0.0,3.999918996
2022-12-26,1.026,4.103916889896,0.0,3.999918996
2022-12-27,1.046,4.1839152698160005,0.0,3.999918996
2022-12-28,1.041,4.163915674836,0.0,3.999918996
2022-12-29,1.028,4.111916727888,0.0,3.999918996
2022-12-30,1.044,4.175915431824,0.0,3.999918996
2023-01-03,1.025,4.0999169709,0.0,3.999918996
2023-01-04,1.024,4.095917051904,0.0,3.999918996
2023-01-05,1.058,4.231914297768,0.0,3.999918996
2023-01-06,1.058,4.231914297768,0.0,3.999918996
2023-01-09,1.074,4.295913001704,0.0,3.999918996
2023-01-10,1.079,4.315912596684,0.0,3.999918996
2023-01-11,1.074,4.295913001704,0.0,3.999918996
2023-01-12,1.068,4.271913487728,0.0,3.999918996
2023-01-13,1.097,4.387911138612,0.0,3.999918996
2023-01-16,1.119,4.475909356524,0.0,3.999918996
2023-01-17,1.107,4.427910328572,0.0,3.999918996
2023-01-18,1.097,4.387911138612,0.0,3.999918996
2023-01-19,1.093,4.371911462628,0.0,3.999918996
2023-01-20,1.091,4.363911624636,0.0,3.999918996
2023-01-30,1.102,4.407910733592,0.0,3.999918996
2023-01-31,1.083,4.331912272668,0.0,3.999918996
2023-02-01,1.092,4.367911543632,0.0,3.999918996
2023-02-02,1.097,4.387911138612,0.0,3.999918996
2023-02-03,1.086,4.343912029656,0.0,3.999918996
2023-02-06,1.067,4.267913568731999,0.0,3.999918996
2023-02-07,1.068,4.271913487728,0.0,3.999918996
2023-02-08,1.059,4.235914216764,0.0,3.999918996
2023-02-09,1.078,4.311912677688,0.0,3.999918996
2023-02-10,1.08,4.3199125156800005,0.0,3.999918996
2023-02-13,1.104,4.415910571584,0.0,3.999918996
2023-02-14,1.1,4.399910895600001,0.0,3.999918996
2023-02-15,1.093,4.371911462628,0.0,3.999918996
2023-02-16,1.091,4.363911624636,0.0,3.999918996
2023-02-17,1.085,4.339912110659999,0.0,3.999918996
2023-02-20,1.104,4.415910571584,0.0,3.999918996
2023-02-21,1.098,4.3919110576080005,0.0,3.999918996
2023-02-22,1.101,4.403910814596,0.0,3.999918996
2023-02-23,1.09,4.35991170564,0.0,3.999918996
2023-02-24,1.079,4.315912596684,0.0,3.999918996
2023-02-27,1.086,4.343912029656,0.0,3.999918996
2023-02-28,1.089,4.355911786644,0.0,3.999918996
2023-03-01,1.098,4.3919110576080005,0.0,3.999918996
2023-03-02,1.093,4.371911462628,0.0,3.999918996
2023-03-03,1.089,4.355911786644,0.0,3.999918996
2023-03-06,1.085,4.339912110659999,0.0,3.999918996
2023-03-07,1.062,4.247913973752,0.0,3.999918996
2023-03-08,1.054,4.215914621784,0.0,3.999918996
2023-03-09,1.05,4.1999149458,0.0,3.999918996
2023-03-10,1.034,4.135916241864,0.0,3.999918996
2023-03-13,1.054,4.215914621784,0.0,3.999918996
2023-03-14,1.053,4.2119147027879995,0.0,3.999918996
2023-03-15,1.046,4.1839152698160005,0.0,3.999918996
2023-03-16,1.035,4.1399161608599995,0.0,3.999918996
2023-03-17,1.028,4.111916727888,0.0,3.999918996
2023-03-20,1.013,4.051917942947999,0.0,3.999918996
2023-03-21,1.033,4.131916322867999,0.0,3.999918996
2023-03-22,1.033,4.131916322867999,0.0,3.999918996
2023-03-23,1.039,4.155915836844,0.0,3.999918996
2023-03-24,1.038,4.151915917848,0.0,3.999918996
2023-03-27,1.035,4.1399161608599995,0.0,3.999918996
2023-03-28,1.049,4.195915026803999,0.0,3.999918996
2023-03-29,1.051,4.203914864795999,0.0,3.999918996
2023-03-30,1.062,4.247913973752,0.0,3.999918996
2023-03-31,1.066,4.263913649736,0.0,3.999918996
2023-04-03,1.064,4.2559138117440005,0.0,3.999918996
2023-04-04,1.074,4.295913001704,0.0,3.999918996
2023-04-06,1.058,4.231914297768,0.0,3.999918996
2023-04-07,1.052,4.207914783792,0.0,3.999918996
2023-04-10,1.041,4.163915674836,0.0,3.999918996
2023-04-11,1.029,4.115916646883999,0.0,3.999918996
2023-04-12,1.01,4.0399181859599995,0.0,3.999918996
2023-04-13,1.011,4.043918104955999,0.0,3.999918996
2023-04-14,1.003,4.011918752988,0.0,3.999918996
2023-04-17,1.012,4.047918023952,0.0,3.999918996
2023-04-18,1.019,4.0759174569239995,0.0,3.999918996
2023-04-19,1.01,4.0399181859599995,0.0,3.999918996
2023-04-20,0.999,3.995919077004,0.0,3.999918996
2023-04-21,0.994,3.975919482024,0.0,3.999918996
2023-04-24,0.976,3.903920940096,0.0,3.999918996
2023-04-25,0.987,3.9479200490519997,0.0,3.999918996
2023-04-26,0.984,3.935920292064,0.0,3.999918996
2023-04-27,0.991,3.963919725036,0.0,3.999918996
2023-04-28,1.002,4.007918833992,0.0,3.999918996
2023-05-04,0.989,3.9559198870439998,0.0,3.999918996
2023-05-05,0.995,3.97991940102,0.0,3.999918996
2023-05-08,0.987,3.9479200490519997,0.0,3.999918996
2023-05-09,0.987,3.9479200490519997,0.0,3.999918996
2023-05-10,0.981,3.923920535076,0.0,3.999918996
2023-05-11,0.978,3.9119207780879997,0.0,3.999918996
2023-05-12,0.971,3.8839213451159997,0.0,3.999918996
2023-05-15,0.977,3.9079208590919996,0.0,3.999918996
2023-05-16,0.971,3.8839213451159997,0.0,3.999918996
2023-05-17,0.961,3.8439221551559997,0.0,3.999918996
2023-05-18,0.951,3.8039229651959996,0.0,3.999918996
2023-05-19,0.96,3.8399222361599996,0.0,3.999918996
2023-05-22,0.978,3.9119207780879997,0.0,3.999918996
2023-05-23,0.967,3.867921669132,0.0,3.999918996
2023-05-24,0.954,3.8159227221839997,0.0,3.999918996
2023-05-25,0.946,3.783923370216,0.0,3.999918996
2023-05-26,0.945,3.7799234512199997,0.0,3.999918996
2023-05-29,0.938,3.751924018248,0.0,3.999918996
2023-05-30,0.928,3.711924828288,0.0,3.999918996
2023-05-31,0.912,3.6479261243520003,0.0,3.999918996
2023-06-01,0.917,3.667925719332,0.0,3.999918996
2023-06-02,0.933,3.731924423268,0.0,3.999918996
2023-06-05,0.921,3.6839253953160003,0.0,3.999918996
2023-06-06,0.918,3.671925638328,0.0,3.999918996
2023-06-07,0.91,3.63992628636,0.0,3.999918996
2023-06-08,0.919,3.675925557324,0.0,3.999918996
2023-06-09,0.917,3.667925719332,0.0,3.999918996
2023-06-12,0.937,3.747924099252,0.0,3.999918996
2023-06-13,0.941,3.7639237752359995,0.0,3.999918996
2023-06-14,0.955,3.81992264118,0.0,3.999918996
2023-06-15,0.97,3.8799214261199997,0.0,3.999918996
2023-06-16,0.974,3.895921102104,0.0,3.999918996
2023-06-19,0.962,3.8479220741519997,0.0,3.999918996
2023-06-20,0.952,3.8079228841919996,0.0,3.999918996
2023-06-21,0.941,3.7639237752359995,0.0,3.999918996
2023-06-26,0.927,3.707924909292,0.0,3.999918996
2023-06-27,0.932,3.727924504272,0.0,3.999918996
2023-06-28,0.935,3.73992426126,0.0,3.999918996
2023-06-29,0.925,3.6999250713,0.0,3.999918996
2023-06-30,0.926,3.703924990296,0.0,3.999918996
2023-07-03,0.944,3.7759235322239997,0.0,3.999918996
2023-07-04,0.948,3.791923208208,0.0,3.999918996
2023-07-05,0.93,3.7199246662800003,0.0,3.999918996
2023-07-06,0.924,3.695925152304,0.0,3.999918996
2023-07-07,0.926,3.703924990296,0.0,3.999918996
2023-07-10,0.929,3.7159247472840002,0.0,3.999918996
2023-07-11,0.927,3.707924909292,0.0,3.999918996
2023-07-12,0.929,3.7159247472840002,0.0,3.999918996
2023-07-13,0.952,3.8079228841919996,0.0,3.999918996
2023-07-14,0.946,3.783923370216,0.0,3.999918996
2023-07-17,0.943,3.7719236132279996,0.0,3.999918996
2023-07-18,0.935,3.73992426126,0.0,3.999918996
2023-07-19,0.934,3.735924342264,0.0,3.999918996
2023-07-20,0.934,3.735924342264,0.0,3.999918996
2023-07-21,0.952,3.8079228841919996,0.0,3.999918996
2023-07-24,0.938,3.751924018248,0.0,3.999918996
2023-07-25,0.969,3.8759215071239996,0.0,3.999918996
2023-07-26,0.968,3.8719215881279996,0.0,3.999918996
2023-07-27,0.974,3.895921102104,0.0,3.999918996
2023-07-28,0.993,3.971919563028,0.0,3.999918996
2023-07-31,1.0,3.999918996,0.0,3.999918996
2023-08-01,0.987,3.9479200490519997,0.0,3.999918996
2023-08-02,0.982,3.927920454072,0.0,3.999918996
2023-08-03,0.988,3.9519199680479997,0.0,3.999918996
2023-08-04,0.987,3.9479200490519997,0.0,3.999918996
2023-08-07,0.979,3.9159206970839997,0.0,3.999918996
2023-08-08,0.979,3.9159206970839997,0.0,3.999918996
2023-08-09,0.977,3.9079208590919996,0.0,3.999918996
2023-08-10,0.976,3.903920940096,0.0,3.999918996
2023-08-11,0.957,3.827922479172,0.0,3.999918996
2023-08-14,0.946,3.783923370216,0.0,3.999918996
2023-08-15,0.942,3.7679236942319996,0.0,3.999918996
2023-08-16,0.938,3.751924018248,0.0,3.999918996
2023-08-17,0.954,3.8159227221839997,0.0,3.999918996
2023-08-18,0.934,3.735924342264,0.0,3.999918996
2023-08-21,0.927,3.707924909292,0.0,3.999918996
2023-08-22,0.925,3.6999250713,0.0,3.999918996
2023-08-23,0.912,3.6479261243520003,0.0,3.999918996
2023-08-24,0.929,3.7159247472840002,0.0,3.999918996
2023-08-25,0.929,3.7159247472840002,0.0,3.999918996
2023-08-28,0.929,3.7159247472840002,0.0,3.999918996
2023-08-29,0.941,3.7639237752359995,0.0,3.999918996
2023-08-30,0.938,3.751924018248,0.0,3.999918996
2023-08-31,0.933,3.731924423268,0.0,3.999918996
2023-09-01,0.944,3.7759235322239997,0.0,3.999918996
2023-09-04,0.962,3.8479220741519997,0.0,3.999918996
2023-09-05,0.953,3.8119228031879997,0.0,3.999918996
2023-09-06,0.95,3.7999230461999995,0.0,3.999918996
2023-09-07,0.939,3.755923937244,0.0,3.999918996
2023-09-08,0.932,3.727924504272,0.0,3.999918996
2023-09-11,0.941,3.7639237752359995,0.0,3.999918996
2023-09-12,0.942,3.7679236942319996,0.0,3.999918996
2023-09-13,0.939,3.755923937244,0.0,3.999918996
2023-09-14,0.937,3.747924099252,0.0,3.999918996
2023-09-15,0.929,3.7159247472840002,0.0,3.999918996
2023-09-18,0.935,3.73992426126,0.0,3.999918996
2023-09-19,0.933,3.731924423268,0.0,3.999918996
2023-09-20,0.931,3.723924585276,0.0,3.999918996
2023-09-21,0.914,3.655925962344,0.0,3.999918996
2023-09-22,0.932,3.727924504272,0.0,3.999918996
2023-09-25,0.927,3.707924909292,0.0,3.999918996
2023-09-26,0.921,3.6839253953160003,0.0,3.999918996
2023-09-27,0.924,3.695925152304,0.0,3.999918996
2023-09-28,0.911,3.643926205356,0.0,3.999918996
2023-10-09,0.904,3.615926772384,0.0,3.999918996
2023-10-10,0.9,3.5999270964,0.0,3.999918996
2023-10-11,0.901,3.603927015396,0.0,3.999918996
2023-10-12,0.905,3.61992669138,0.0,3.999918996
2023-10-13,0.888,3.551928068448,0.0,3.999918996
2023-10-16,0.875,3.4999291215,0.0,3.999918996
2023-10-17,0.88,3.51992871648,0.0,3.999918996
2023-10-18,0.877,3.507928959492,0.0,3.999918996
2023-10-19,0.85,3.3999311465999997,0.0,3.999918996
2023-10-20,0.844,3.375931632624,0.0,3.999918996
2023-10-23,0.842,3.3679317946319998,0.0,3.999918996
2023-10-24,0.847,3.387931389612,0.0,3.999918996
2023-10-25,0.864,3.455930012544,0.0,3.999918996
2023-10-26,0.872,3.487929364512,0.0,3.999918996
2023-10-27,0.89,3.55992790644,0.0,3.999918996
2023-10-30,0.901,3.603927015396,0.0,3.999918996
2023-10-31,0.905,3.61992669138,0.0,3.999918996
2023-11-01,0.914,3.655925962344,0.0,3.999918996
2023-11-02,0.905,3.61992669138,0.0,3.999918996
2023-11-03,0.913,3.651926043348,0.0,3.999918996
2023-11-06,0.912,3.6479261243520003,0.0,3.999918996
2023-11-07,0.908,3.631926448368,0.0,3.999918996
2023-11-08,0.906,3.623926610376,0.0,3.999918996
2023-11-09,0.906,3.623926610376,0.0,3.999918996
2023-11-10,0.899,3.595927177404,0.0,3.999918996
2023-11-13,0.895,3.57992750142,0.0,3.999918996
2023-11-14,0.896,3.583927420416,0.0,3.999918996
2023-11-15,0.901,3.603927015396,0.0,3.999918996
2023-11-16,0.891,3.563927825436,0.0,3.999918996
2023-11-17,0.888,3.551928068448,0.0,3.999918996
2023-11-20,0.893,3.571927663428,0.0,3.999918996
2023-11-21,0.904,3.615926772384,0.0,3.999918996
2023-11-22,0.898,3.591927258408,0.0,3.999918996
2023-11-23,0.898,3.591927258408,0.0,3.999918996
2023-11-24,0.899,3.595927177404,0.0,3.999918996
2023-11-27,0.892,3.567927744432,0.0,3.999918996
2023-11-28,0.889,3.555927987444,0.0,3.999918996
2023-11-29,0.887,3.547928149452,0.0,3.999918996
2023-11-30,0.892,3.567927744432,0.0,3.999918996
2023-12-01,0.879,3.515928797484,0.0,3.999918996
2023-12-04,0.874,3.495929202504,0.0,3.999918996
2023-12-05,0.857,3.4279305795719996,0.0,3.999918996
2023-12-06,0.865,3.45992993154,0.0,3.999918996
2023-12-07,0.86,3.43993033656,0.0,3.999918996
2023-12-08,0.861,3.443930255556,0.0,3.999918996
2023-12-11,0.856,3.423930660576,0.0,3.999918996
2023-12-12,0.859,3.4359304175639998,0.0,3.999918996
2023-12-13,0.834,3.335932442664,0.0,3.999918996
2023-12-14,0.823,3.2919333337079997,0.0,3.999918996
2023-12-15,0.826,3.303933090696,0.0,3.999918996
2023-12-18,0.823,3.2919333337079997,0.0,3.999918996
2023-12-19,0.821,3.2839334957159996,0.0,3.999918996
2023-12-20,0.811,3.243934305756,0.0,3.999918996
2023-12-21,0.822,3.2879334147119996,0.0,3.999918996
2023-12-22,0.824,3.2959332527039997,0.0,3.999918996
2023-12-25,0.83,3.3199327666799996,0.0,3.999918996
2023-12-26,0.825,3.2999331717,0.0,3.999918996
2023-12-27,0.83,3.3199327666799996,0.0,3.999918996
2023-12-28,0.855,3.41993074158,0.0,3.999918996
2023-12-29,0.853,3.411930903588,0.0,3.999918996
2024-01-02,0.839,3.3559320376439996,0.0,3.999918996
2024-01-03,0.834,3.335932442664,0.0,3.999918996
2024-01-04,0.819,3.275933657724,0.0,3.999918996
2024-01-05,0.814,3.2559340627439997,0.0,3.999918996
2024-01-08,0.8,3.1999351968000003,0.0,3.999918996
2024-01-09,0.802,3.207935034792,0.0,3.999918996
2024-01-10,0.805,3.21993479178,0.0,3.999918996
2024-01-11,0.81,3.2399343867600003,0.0,3.999918996
2024-01-12,0.806,3.223934710776,0.0,3.999918996
2024-01-15,0.802,3.207935034792,0.0,3.999918996
2024-01-16,0.805,3.21993479178,0.0,3.999918996
2024-01-17,0.784,3.135936492864,0.0,3.999918996
2024-01-18,0.795,3.17993560182,0.0,3.999918996
2024-01-19,0.795,3.17993560182,0.0,3.999918996
2024-01-22,0.777,3.107937059892,0.0,3.999918996
2024-01-23,0.778,3.111936978888,0.0,3.999918996
2024-01-24,0.784,3.135936492864,0.0,3.999918996
2024-01-25,0.795,3.17993560182,0.0,3.999918996
2024-01-26,0.793,3.171935763828,0.0,3.999918996
2024-01-29,0.798,3.191935358808,0.0,3.999918996
2024-01-30,0.778,3.111936978888,0.0,3.999918996
2024-01-31,0.771,3.083937545916,0.0,3.999918996
2024-02-01,0.774,3.095937302904,0.0,3.999918996
2024-02-02,0.774,3.095937302904,0.0,3.999918996
2024-02-05,0.779,3.115936897884,0.0,3.999918996
2024-02-06,0.81,3.2399343867600003,0.0,3.999918996
2024-02-07,0.828,3.311932928688,0.0,3.999918996
2024-02-08,0.825,3.2999331717,0.0,3.999918996
2024-02-19,0.827,3.307933009692,0.0,3.999918996
2024-02-20,0.821,3.2839334957159996,0.0,3.999918996
2024-02-21,0.846,3.383931470616,0.0,3.999918996
2024-02-22,0.848,3.3919313086079996,0.0,3.999918996
2024-02-23,0.849,3.3959312276039997,0.0,3.999918996
2024-02-26,0.84,3.3599319566399997,0.0,3.999918996
2024-02-27,0.842,3.3679317946319998,0.0,3.999918996
2024-02-28,0.834,3.335932442664,0.0,3.999918996
2024-02-29,0.848,3.3919313086079996,0.0,3.999918996
2024-03-01,0.846,3.383931470616,0.0,3.999918996
2024-03-04,0.841,3.3639318756359997,0.0,3.999918996
2024-03-05,0.854,3.415930822584,0.0,3.999918996
2024-03-06,0.843,3.371931713628,0.0,3.999918996
2024-03-07,0.84,3.3599319566399997,0.0,3.999918996
2024-03-08,0.834,3.335932442664,0.0,3.999918996
2024-03-11,0.852,3.407930984592,0.0,3.999918996
2024-03-12,0.875,3.4999291215,0.0,3.999918996
2024-03-13,0.867,3.4679297695319997,0.0,3.999918996
2024-03-14,0.864,3.455930012544,0.0,3.999918996
2024-03-15,0.867,3.4679297695319997,0.0,3.999918996
2024-03-18,0.87,3.47992952652,0.0,3.999918996
2024-03-19,0.88,3.51992871648,0.0,3.999918996
2024-03-20,0.878,3.511928878488,0.0,3.999918996
2024-03-21,0.885,3.5399283114599998,0.0,3.999918996
2024-03-22,0.866,3.4639298505359997,0.0,3.999918996
2024-03-25,0.862,3.447930174552,0.0,3.999918996
2024-03-26,0.871,3.483929445516,0.0,3.999918996
2024-03-27,0.86,3.43993033656,0.0,3.999918996
2024-03-28,0.86,3.43993033656,0.0,3.999918996
2024-03-29,0.865,3.45992993154,0.0,3.999918996
2024-04-01,0.882,3.527928554472,0.0,3.999918996
2024-04-02,0.876,3.5039290404959997,0.0,3.999918996
2024-04-03,0.88,3.51992871648,0.0,3.999918996
2024-04-08,0.855,3.41993074158,0.0,3.999918996
2024-04-09,0.855,3.41993074158,0.0,3.999918996
2024-04-10,0.843,3.371931713628,0.0,3.999918996
2024-04-11,0.839,3.3559320376439996,0.0,3.999918996
2024-04-12,0.825,3.2999331717,0.0,3.999918996
2024-04-15,0.848,3.3919313086079996,0.0,3.999918996
2024-04-16,0.84,3.3599319566399997,0.0,3.999918996
2024-04-17,0.845,3.37993155162,0.0,3.999918996
2024-04-18,0.85,3.3999311465999997,0.0,3.999918996
2024-04-19,0.842,3.3679317946319998,0.0,3.999918996
2024-04-22,0.859,3.4359304175639998,0.0,3.999918996
2024-04-23,0.865,3.45992993154,0.0,3.999918996
2024-04-24,0.863,3.451930093548,0.0,3.999918996
2024-04-25,0.861,3.443930255556,0.0,3.999918996
2024-04-26,0.873,3.491929283508,0.0,3.999918996
2024-04-29,0.879,3.515928797484,0.0,3.999918996
2024-04-30,0.88,3.51992871648,0.0,3.999918996
2024-05-06,0.898,3.591927258408,0.0,3.999918996
2024-05-07,0.899,3.595927177404,0.0,3.999918996
2024-05-08,0.9,3.5999270964,0.0,3.999918996
2024-05-09,0.903,3.611926853388,0.0,3.999918996
2024-05-10,0.9,3.5999270964,0.0,3.999918996
2024-05-13,0.893,3.571927663428,0.0,3.999918996
2024-05-14,0.894,3.5759275824239998,0.0,3.999918996
2024-05-15,0.885,3.5399283114599998,0.0,3.999918996
2024-05-16,0.89,3.55992790644,0.0,3.999918996
2024-05-17,0.903,3.611926853388,0.0,3.999918996
2024-05-20,0.912,3.6479261243520003,0.0,3.999918996
2024-05-21,0.91,3.63992628636,0.0,3.999918996
2024-05-22,0.903,3.611926853388,0.0,3.999918996
2024-05-23,0.893,3.571927663428,0.0,3.999918996
2024-05-24,0.883,3.531928473468,0.0,3.999918996
2024-05-27,0.888,3.551928068448,0.0,3.999918996
2024-05-28,0.876,3.5039290404959997,0.0,3.999918996
2024-05-29,0.876,3.5039290404959997,0.0,3.999918996
2024-05-30,0.866,3.4639298505359997,0.0,3.999918996
2024-05-31,0.866,3.4639298505359997,0.0,3.999918996
2024-06-03,0.867,3.4679297695319997,0.0,3.999918996
2024-06-04,0.874,3.495929202504,0.0,3.999918996
2024-06-05,0.866,3.4639298505359997,0.0,3.999918996
2024-06-06,0.859,3.4359304175639998,0.0,3.999918996
2024-06-07,0.851,3.403931065596,0.0,3.999918996
2024-06-11,0.837,3.347932199652,0.0,3.999918996
2024-06-12,0.837,3.347932199652,0.0,3.999918996
2024-06-13,0.823,3.2919333337079997,0.0,3.999918996
2024-06-14,0.831,3.3239326856759996,0.0,3.999918996
2024-06-17,0.824,3.2959332527039997,0.0,3.999918996
2024-06-18,0.814,3.2559340627439997,0.0,3.999918996
2024-06-19,0.808,3.2319345487680002,0.0,3.999918996
2024-06-20,0.8,3.1999351968000003,0.0,3.999918996
2024-06-21,0.796,3.183935520816,0.0,3.999918996
2024-06-24,0.795,3.17993560182,0.0,3.999918996
2024-06-25,0.791,3.1639359258360003,0.0,3.999918996
2024-06-26,0.794,3.175935682824,0.0,3.999918996
2024-06-27,0.786,3.143936330856,0.0,3.999918996
2024-06-28,0.78,3.11993681688,0.0,3.999918996
2024-07-01,0.782,3.1279366548720002,0.0,3.999918996
2024-07-02,0.785,3.13993641186,0.0,3.999918996
2024-07-03,0.781,3.123936735876,0.0,3.999918996
2024-07-04,0.772,3.087937464912,0.0,3.999918996
2024-07-05,0.768,3.071937788928,0.0,3.999918996
2024-07-08,0.756,3.023938760976,0.0,3.999918996
2024-07-09,0.756,3.023938760976,0.0,3.999918996
2024-07-10,0.758,3.031938598968,0.0,3.999918996
2024-07-11,0.775,3.0999372219,0.0,3.999918996
2024-07-12,0.775,3.0999372219,0.0,3.999918996
2024-07-15,0.78,3.11993681688,0.0,3.999918996
2024-07-16,0.78,3.11993681688,0.0,3.999918996
2024-07-17,0.795,3.17993560182,0.0,3.999918996
2024-07-18,0.798,3.191935358808,0.0,3.999918996
2024-07-19,0.807,3.227934629772,0.0,3.999918996
2024-07-22,0.793,3.171935763828,0.0,3.999918996
2024-07-23,0.765,3.05993803194,0.0,3.999918996
2024-07-24,0.756,3.023938760976,0.0,3.999918996
2024-07-25,0.758,3.031938598968,0.0,3.999918996
2024-07-26,0.758,3.031938598968,0.0,3.999918996
2024-07-29,0.744,2.975939733024,0.0,3.999918996
2024-07-30,0.744,2.975939733024,0.0,3.999918996
2024-07-31,0.768,3.071937788928,0.0,3.999918996
2024-08-01,0.752,3.007939084992,0.0,3.999918996
2024-08-02,0.752,3.007939084992,0.0,3.999918996
2024-08-05,0.76,3.03993843696,0.0,3.999918996
2024-08-06,0.765,3.05993803194,0.0,3.999918996
2024-08-07,0.759,3.035938517964,0.0,3.999918996
2024-08-08,0.772,3.087937464912,0.0,3.999918996
2024-08-09,0.766,3.063937950936,0.0,3.999918996
2024-08-12,0.767,3.067937869932,0.0,3.999918996
2024-08-13,0.762,3.047938274952,0.0,3.999918996
2024-08-14,0.749,2.995939328004,0.0,3.999918996
2024-08-15,0.755,3.0199388419799997,0.0,3.999918996
2024-08-16,0.748,2.991939409008,0.0,3.999918996
2024-08-19,0.742,2.967939895032,0.0,3.999918996
2024-08-20,0.73,2.91994086708,0.0,3.999918996
2024-08-21,0.723,2.891941434108,0.0,3.999918996
2024-08-22,0.714,2.855942163144,0.0,3.999918996
2024-08-23,0.715,2.85994208214,0.0,3.999918996
2024-08-26,0.711,2.8439424061559997,0.0,3.999918996
2024-08-27,0.703,2.8119430541879997,0.0,3.999918996
2024-08-28,0.696,2.783943621216,0.0,3.999918996
2024-08-29,0.705,2.81994289218,0.0,3.999918996
2024-08-30,0.722,2.887941515112,0.0,3.999918996
2024-09-02,0.701,2.8039432161959996,0.0,3.999918996
2024-09-03,0.709,2.8359425681639996,0.0,3.999918996
2024-09-04,0.703,2.8119430541879997,0.0,3.999918996
2024-09-05,0.708,2.831942649168,0.0,3.999918996
2024-09-06,0.699,2.795943378204,0.0,3.999918996
2024-09-09,0.691,2.7639440262359996,0.0,3.999918996
2024-09-10,0.691,2.7639440262359996,0.0,3.999918996
2024-09-11,0.69,2.7599441072399995,0.0,3.999918996
2024-09-12,0.677,2.707945160292,0.0,3.999918996
2024-09-13,0.667,2.667945970332,0.0,3.999918996
2024-09-18,0.658,2.631946699368,0.0,3.999918996
2024-09-19,0.673,2.691945484308,0.0,3.999918996
2024-09-20,0.67,2.6799457273200002,0.0,3.999918996
2024-09-23,0.669,2.675945808324,0.0,3.999918996
2024-09-24,0.712,2.8479423251519997,0.0,3.999918996
2024-09-25,0.714,2.855942163144,0.0,3.999918996
2024-09-26,0.785,3.13993641186,0.0,3.999918996
2024-09-27,0.849,3.3959312276039997,0.0,3.999918996
2024-09-30,0.934,3.735924342264,0.0,3.999918996
2024-10-08,0.926,3.703924990296,0.0,3.999918996
2024-10-09,0.834,3.335932442664,0.0,3.999918996
2024-10-10,0.859,3.4359304175639998,0.0,3.999918996
2024-10-11,0.836,3.343932280656,0.0,3.999918996
2024-10-14,0.842,3.3679317946319998,0.0,3.999918996
2024-10-15,0.814,3.2559340627439997,0.0,3.999918996
2024-10-16,0.804,3.215934872784,0.0,3.999918996
2024-10-17,0.789,3.155936087844,0.0,3.999918996
2024-10-18,0.812,3.247934224752,0.0,3.999918996
2024-10-21,0.818,3.271933738728,0.0,3.999918996
2024-10-22,0.828,3.311932928688,0.0,3.999918996
2024-10-23,0.836,3.343932280656,0.0,3.999918996
2024-10-24,0.823,3.2919333337079997,0.0,3.999918996
2024-10-25,0.83,3.3199327666799996,0.0,3.999918996
2024-10-28,0.85,3.3999311465999997,0.0,3.999918996
2024-10-29,0.83,3.3199327666799996,0.0,3.999918996
2024-10-30,0.825,3.2999331717,0.0,3.999918996
2024-10-31,0.823,3.2919333337079997,0.0,3.999918996
2024-11-01,0.83,3.3199327666799996,0.0,3.999918996
2024-11-04,0.841,3.3639318756359997,0.0,3.999918996
2024-11-05,0.857,3.4279305795719996,0.0,3.999918996
2024-11-06,0.854,3.415930822584,0.0,3.999918996
2024-11-07,0.907,3.627926529372,0.0,3.999918996
2024-11-08,0.886,3.543928230456,0.0,3.999918996
2024-11-11,0.879,3.515928797484,0.0,3.999918996
2024-11-12,0.873,3.491929283508,0.0,3.999918996
2024-11-13,0.872,3.487929364512,0.0,3.999918996
2024-11-14,0.858,3.4319304985679997,0.0,3.999918996
2024-11-15,0.848,3.3919313086079996,0.0,3.999918996
2024-11-18,0.839,3.3559320376439996,0.0,3.999918996
2024-11-19,0.84,3.3599319566399997,0.0,3.999918996
2024-11-20,0.842,3.3679317946319998,0.0,3.999918996
2024-11-21,0.841,3.3639318756359997,0.0,3.999918996
2024-11-22,0.813,3.2519341437479996,0.0,3.999918996
2024-11-25,0.812,3.247934224752,0.0,3.999918996
2024-11-26,0.816,3.2639339007359998,0.0,3.999918996
2024-11-27,0.827,3.307933009692,0.0,3.999918996
2024-11-28,0.817,3.267933819732,0.0,3.999918996
2024-11-29,0.828,3.311932928688,0.0,3.999918996
2024-12-02,0.837,3.347932199652,0.0,3.999918996
2024-12-03,0.836,3.343932280656,0.0,3.999918996
2024-12-04,0.829,3.3159328476839995,0.0,3.999918996
2024-12-05,0.825,3.2999331717,0.0,3.999918996
2024-12-06,0.833,3.3319325236679997,0.0,3.999918996
2024-12-09,0.828,3.311932928688,0.0,3.999918996
2024-12-10,0.84,3.3599319566399997,0.0,3.999918996
2024-12-11,0.853,3.411930903588,0.0,3.999918996
2024-12-12,0.87,3.47992952652,0.0,3.999918996
2024-12-13,0.846,3.383931470616,0.0,3.999918996
2024-12-16,0.834,3.335932442664,0.0,3.999918996
2024-12-17,0.836,3.343932280656,0.0,3.999918996
2024-12-18,0.835,3.33993236166,0.0,3.999918996
2024-12-19,0.828,3.311932928688,0.0,3.999918996
2024-12-20,0.826,3.303933090696,0.0,3.999918996
2024-12-23,0.821,3.2839334957159996,0.0,3.999918996
2024-12-24,0.829,3.3159328476839995,0.0,3.999918996
2024-12-25,0.824,3.2959332527039997,0.0,3.999918996
2024-12-26,0.823,3.2919333337079997,0.0,3.999918996
2024-12-27,0.826,3.303933090696,0.0,3.999918996
2024-12-30,0.822,3.2879334147119996,0.0,3.999918996
2024-12-31,0.817,3.267933819732,0.0,3.999918996
2025-01-02,0.799,3.195935277804,0.0,3.999918996
2025-01-03,0.791,3.1639359258360003,0.0,3.999918996
2025-01-06,0.781,3.123936735876,0.0,3.999918996
2025-01-07,0.783,3.131936573868,0.0,3.999918996
2025-01-08,0.781,3.123936735876,0.0,3.999918996
2025-01-09,0.778,3.111936978888,0.0,3.999918996
2025-01-10,0.768,3.071937788928,0.0,3.999918996
2025-01-13,0.77,3.07993762692,0.0,3.999918996
2025-01-14,0.788,3.151936168848,0.0,3.999918996
2025-01-15,0.78,3.11993681688,0.0,3.999918996
2025-01-16,0.775,3.0999372219,0.0,3.999918996
2025-01-17,0.783,3.131936573868,0.0,3.999918996
2025-01-20,0.785,3.13993641186,0.0,3.999918996
2025-01-21,0.781,3.123936735876,0.0,3.999918996
2025-01-22,0.769,3.075937707924,0.0,3.999918996
2025-01-23,0.77,3.07993762692,0.0,3.999918996
2025-01-24,0.773,3.091937383908,0.0,3.999918996
2025-01-27,0.773,3.091937383908,0.0,3.999918996
2025-02-05,0.761,3.043938355956,0.0,3.999918996
2025-02-06,0.765,3.05993803194,0.0,3.999918996
2025-02-07,0.772,3.087937464912,0.0,3.999918996
2025-02-10,0.77,3.07993762692,0.0,3.999918996
2025-02-11,0.763,3.051938193948,0.0,3.999918996
2025-02-12,0.77,3.07993762692,0.0,3.999918996
2025-02-13,0.787,3.147936249852,0.0,3.999918996
2025-02-14,0.787,3.147936249852,0.0,3.999918996
2025-02-17,0.788,3.151936168848,0.0,3.999918996
2025-02-18,0.78,3.11993681688,0.0,3.999918996
2025-02-19,0.787,3.147936249852,0.0,3.999918996
2025-02-20,0.784,3.135936492864,0.0,3.999918996
2025-02-21,0.786,3.143936330856,0.0,3.999918996
2025-02-24,0.792,3.167935844832,0.0,3.999918996
2025-02-25,0.778,3.111936978888,0.0,3.999918996
2025-02-26,0.784,3.135936492864,0.0,3.999918996
2025-02-27,0.798,3.191935358808,0.0,3.999918996
2025-02-28,0.797,3.187935439812,0.0,3.999918996
2025-03-03,0.795,3.17993560182,0.0,3.999918996
2025-03-04,0.791,3.1639359258360003,0.0,3.999918996
2025-03-05,0.789,3.155936087844,0.0,3.999918996
2025-03-06,0.799,3.195935277804,0.0,3.999918996
2025-03-07,0.805,3.21993479178,0.0,3.999918996
2025-03-10,0.804,3.215934872784,0.0,3.999918996
2025-03-11,0.82,3.2799335767199995,0.0,3.999918996
2025-03-12,0.813,3.2519341437479996,0.0,3.999918996
2025-03-13,0.812,3.247934224752,0.0,3.999918996
2025-03-14,0.845,3.37993155162,0.0,3.999918996
2025-03-17,0.846,3.383931470616,0.0,3.999918996
2025-03-18,0.839,3.3559320376439996,0.0,3.999918996
2025-03-19,0.834,3.335932442664,0.0,3.999918996
2025-03-20,0.824,3.2959332527039997,0.0,3.999918996
2025-03-21,0.815,3.2599339817399997,0.0,3.999918996
2025-03-24,0.818,3.271933738728,0.0,3.999918996
2025-03-25,0.817,3.267933819732,0.0,3.999918996
2025-03-26,0.821,3.2839334957159996,0.0,3.999918996
2025-03-27,0.827,3.307933009692,0.0,3.999918996
2025-03-28,0.821,3.2839334957159996,0.0,3.999918996
2025-03-31,0.812,3.247934224752,0.0,3.999918996
2025-04-01,0.818,3.271933738728,0.0,3.999918996
2025-04-02,0.815,3.2599339817399997,0.0,3.999918996
2025-04-03,0.826,3.303933090696,0.0,3.999918996
2025-04-07,0.8,3.1999351968000003,0.0,3.999918996
2025-04-08,0.83,3.3199327666799996,0.0,3.999918996
2025-04-09,0.842,3.3679317946319998,0.0,3.999918996
2025-04-10,0.843,3.371931713628,0.0,3.999918996
2025-04-11,0.834,3.335932442664,0.0,3.999918996
2025-04-14,0.83,3.3199327666799996,0.0,3.999918996
2025-04-15,0.831,3.3239326856759996,0.0,3.999918996
2025-04-16,0.834,3.335932442664,0.0,3.999918996
2025-04-17,0.838,3.3519321186479996,0.0,3.999918996
2025-04-18,0.832,3.3279326046719997,0.0,3.999918996
2025-04-21,0.827,3.307933009692,0.0,3.999918996
2025-04-22,0.829,3.3159328476839995,0.0,3.999918996
2025-04-23,0.823,3.2919333337079997,0.0,3.999918996
2025-04-24,0.822,3.2879334147119996,0.0,3.999918996
2025-04-25,0.82,3.2799335767199995,0.0,3.999918996
2025-04-28,0.817,3.267933819732,0.0,3.999918996
2025-04-29,0.815,3.2599339817399997,0.0,3.999918996
2025-04-30,0.817,3.267933819732,0.0,3.999918996
2025-05-06,0.819,3.275933657724,0.0,3.999918996
2025-05-07,0.82,3.2799335767199995,0.0,3.999918996
2025-05-08,0.822,3.2879334147119996,0.0,3.999918996
2025-05-09,0.823,3.2919333337079997,0.0,3.999918996
2025-05-12,0.823,3.2919333337079997,0.0,3.999918996
2025-05-13,0.823,3.2919333337079997,0.0,3.999918996
2025-05-14,0.833,3.3319325236679997,0.0,3.999918996
2025-05-15,0.831,3.3239326856759996,0.0,3.999918996
2025-05-16,0.823,3.2919333337079997,0.0,3.999918996
2025-05-19,0.818,3.271933738728,0.0,3.999918996
2025-05-20,0.824,3.2959332527039997,0.0,3.999918996
2025-05-21,0.826,3.303933090696,0.0,3.999918996
2025-05-22,0.822,3.2879334147119996,0.0,3.999918996
2025-05-23,0.818,3.271933738728,0.0,3.999918996
2025-05-26,0.816,3.2639339007359998,0.0,3.999918996
2025-05-27,0.816,3.2639339007359998,0.0,3.999918996
2025-05-28,0.82,3.2799335767199995,0.0,3.999918996
2025-05-29,0.82,3.2799335767199995,0.0,3.999918996
2025-05-30,0.82,3.2799335767199995,0.0,3.999918996
2025-06-03,0.823,3.2919333337079997,0.0,3.999918996
2025-06-04,0.824,3.2959332527039997,0.0,3.999918996
2025-06-05,0.82,3.2799335767199995,0.0,3.999918996
2025-06-06,0.819,3.275933657724,0.0,3.999918996
2025-06-09,0.823,3.2919333337079997,0.0,3.999918996
2025-06-10,0.816,3.2639339007359998,0.0,3.999918996
2025-06-11,0.823,3.2919333337079997,0.0,3.999918996
2025-06-12,0.814,3.2559340627439997,0.0,3.999918996
2025-06-13,0.798,3.191935358808,0.0,3.999918996
2025-06-16,0.795,3.17993560182,0.0,3.999918996
2025-06-17,0.793,3.171935763828,0.0,3.999918996
2025-06-18,0.795,3.17993560182,0.0,3.999918996
2025-06-19,0.788,3.151936168848,0.0,3.999918996
2025-06-20,0.794,3.175935682824,0.0,3.999918996
2025-06-23,0.788,3.151936168848,0.0,3.999918996
2025-06-24,0.794,3.175935682824,0.0,3.999918996
2025-06-25,0.798,3.191935358808,0.0,3.999918996
2025-06-26,0.796,3.183935520816,0.0,3.999918996
2025-06-27,0.792,3.167935844832,0.0,3.999918996
2025-06-30,0.794,3.175935682824,0.0,3.999918996
2025-07-01,0.794,3.175935682824,0.0,3.999918996
2025-07-02,0.795,3.17993560182,0.0,3.999918996
2025-07-03,0.797,3.187935439812,0.0,3.999918996
2025-07-04,0.798,3.191935358808,0.0,3.999918996
2025-07-07,0.794,3.175935682824,0.0,3.999918996
2025-07-08,0.798,3.191935358808,0.0,3.999918996
2025-07-09,0.803,3.211934953788,0.0,3.999918996
2025-07-10,0.804,3.215934872784,0.0,3.999918996
2025-07-11,0.808,3.2319345487680002,0.0,3.999918996
2025-07-14,0.809,3.2359344677640003,0.0,3.999918996
2025-07-15,0.801,3.203935115796,0.0,3.999918996
2025-07-16,0.803,3.211934953788,0.0,3.999918996
2025-07-17,0.808,3.2319345487680002,0.0,3.999918996
2025-07-18,0.816,3.2639339007359998,0.0,3.999918996
2025-07-21,0.82,3.2799335767199995,0.0,3.999918996
2025-07-22,0.836,3.343932280656,0.0,3.999918996
2025-07-23,0.834,3.335932442664,0.0,3.999918996
2025-07-24,0.836,3.343932280656,0.0,3.999918996
2025-07-25,0.828,3.311932928688,0.0,3.999918996
2025-07-28,0.823,3.2919333337079997,0.0,3.999918996
2025-07-29,0.818,3.271933738728,0.0,3.999918996
2025-07-30,0.824,3.2959332527039997,0.0,3.999918996
2025-07-31,0.805,3.21993479178,0.0,3.999918996
2025-08-01,0.806,3.223934710776,0.0,3.999918996
2025-08-04,0.808,3.2319345487680002,0.0,3.999918996
2025-08-05,0.816,3.2639339007359998,0.0,3.999918996
2025-08-06,0.817,3.267933819732,0.0,3.999918996
2025-08-07,0.816,3.2639339007359998,0.0,3.999918996
2025-08-08,0.814,3.2559340627439997,0.0,3.999918996
2025-08-11,0.822,3.2879334147119996,0.0,3.999918996
2025-08-12,0.821,3.2839334957159996,0.0,3.999918996
2025-08-13,0.822,3.2879334147119996,0.0,3.999918996
2025-08-14,0.821,3.2839334957159996,0.0,3.999918996
2025-08-15,0.822,3.2879334147119996,0.0,3.999918996
2025-08-18,0.828,3.311932928688,0.0,3.999918996
2025-08-19,0.833,3.3319325236679997,0.0,3.999918996
2025-08-20,0.843,3.371931713628,0.0,3.999918996
2025-08-21,0.848,3.3919313086079996,0.0,3.999918996
2025-08-22,0.852,3.407930984592,0.0,3.999918996
2025-08-25,0.875,3.4999291215,0.0,3.999918996
2025-08-26,0.882,3.527928554472,0.0,3.999918996
2025-08-27,0.861,3.443930255556,0.0,3.999918996
2025-08-28,0.857,3.4279305795719996,0.0,3.999918996
2025-08-29,0.877,3.507928959492,0.0,3.999918996
2025-09-01,0.875,3.4999291215,0.0,3.999918996
2025-09-02,0.871,3.483929445516,0.0,3.999918996
2025-09-03,0.857,3.4279305795719996,0.0,3.999918996
2025-09-04,0.858,3.4319304985679997,0.0,3.999918996
2025-09-05,0.865,3.45992993154,0.0,3.999918996
2025-09-08,0.881,3.523928635476,0.0,3.999918996
2025-09-09,0.88,3.51992871648,0.0,3.999918996
2025-09-10,0.878,3.511928878488,0.0,3.999918996
2025-09-11,0.89,3.55992790644,0.0,3.999918996
2025-09-12,0.88,3.51992871648,0.0,3.999918996
2025-09-15,0.884,3.535928392464,0.0,3.999918996
2025-09-16,0.878,3.511928878488,0.0,3.999918996
2025-09-17,0.872,3.487929364512,0.0,3.999918996
2025-09-18,0.858,3.4319304985679997,0.0,3.999918996
2025-09-19,0.86,3.43993033656,0.0,3.999918996
2025-09-22,0.849,3.3959312276039997,0.0,3.999918996
2025-09-23,0.843,3.371931713628,0.0,3.999918996
2025-09-24,0.847,3.387931389612,0.0,3.999918996
2025-09-25,0.84,3.3599319566399997,0.0,3.999918996
2025-09-26,0.839,3.3559320376439996,0.0,3.999918996
2025-09-29,0.848,3.3919313086079996,0.0,3.999918996
2025-09-30,0.846,3.383931470616,0.0,3.999918996
2025-10-09,0.844,3.375931632624,0.0,3.999918996
2025-10-10,0.846,3.383931470616,0.0,3.999918996
2025-10-13,0.838,3.3519321186479996,0.0,3.999918996
2025-10-14,0.848,3.3919313086079996,0.0,3.999918996
2025-10-15,0.852,3.407930984592,0.0,3.999918996
2025-10-16,0.853,3.411930903588,0.0,3.999918996
2025-10-17,0.843,3.371931713628,0.0,3.999918996
2025-10-20,0.837,3.347932199652,0.0,3.999918996
2025-10-21,0.839,3.3559320376439996,0.0,3.999918996
2025-10-22,0.833,3.3319325236679997,0.0,3.999918996
2025-10-23,0.834,3.335932442664,0.0,3.999918996
2025-10-24,0.826,3.303933090696,0.0,3.999918996
2025-10-27,0.829,3.3159328476839995,0.0,3.999918996
2025-10-28,0.825,3.2999331717,0.0,3.999918996
2025-10-29,0.826,3.303933090696,0.0,3.999918996
2025-10-30,0.824,3.2959332527039997,0.0,3.999918996
2025-10-31,0.831,3.3239326856759996,0.0,3.999918996
2025-11-03,0.833,3.3319325236679997,0.0,3.999918996
2025-11-04,0.822,3.2879334147119996,0.0,3.999918996
2025-11-05,0.82,3.2799335767199995,0.0,3.999918996
2025-11-06,0.821,3.2839334957159996,0.0,3.999918996
2025-11-07,0.822,3.2879334147119996,0.0,3.999918996
2025-11-10,0.848,3.3919313086079996,0.0,3.999918996
2025-11-11,0.848,3.3919313086079996,0.0,3.999918996
2025-11-12,0.849,3.3959312276039997,0.0,3.999918996
2025-11-13,0.853,3.411930903588,0.0,3.999918996
2025-11-14,0.842,3.3679317946319998,0.0,3.999918996
2025-11-17,0.837,3.347932199652,0.0,3.999918996
2025-11-18,0.839,3.3559320376439996,0.0,3.999918996
2025-11-19,0.836,3.343932280656,0.0,3.999918996
2025-11-20,0.831,3.3239326856759996,0.0,3.999918996
2025-11-21,0.825,3.2999331717,0.0,3.999918996
2025-11-24,0.825,3.2999331717,0.0,3.999918996
2025-11-25,0.827,3.307933009692,0.0,3.999918996
2025-11-26,0.825,3.2999331717,0.0,3.999918996
2025-11-27,0.825,3.2999331717,0.0,3.999918996
2025-11-28,0.829,3.3159328476839995,0.0,3.999918996
2025-12-01,0.827,3.307933009692,0.0,3.999918996
2025-12-02,0.821,3.2839334957159996,0.0,3.999918996
2025-12-03,0.814,3.2559340627439997,0.0,3.999918996
2025-12-04,0.807,3.227934629772,0.0,3.999918996
2025-12-05,0.809,3.2359344677640003,0.0,3.999918996
2025-12-08,0.802,3.207935034792,0.0,3.999918996
2025-12-09,0.793,3.171935763828,0.0,3.999918996
2025-12-10,0.795,3.17993560182,0.0,3.999918996
2025-12-11,0.791,3.1639359258360003,0.0,3.999918996
2025-12-12,0.796,3.183935520816,0.0,3.999918996
2025-12-15,0.801,3.203935115796,0.0,3.999918996
2025-12-16,0.799,3.195935277804,0.0,3.999918996
2025-12-17,0.805,3.21993479178,0.0,3.999918996
2025-12-18,0.801,3.203935115796,0.0,3.999918996
2025-12-19,0.811,3.243934305756,0.0,3.999918996
2025-12-22,0.809,3.2359344677640003,0.0,3.999918996
2025-12-23,0.802,3.207935034792,0.0,3.999918996
2025-12-24,0.799,3.195935277804,0.0,3.999918996
2025-12-25,0.804,3.215934872784,0.0,3.999918996
2025-12-26,0.8,3.1999351968000003,0.0,3.999918996
2025-12-29,0.798,3.191935358808,0.0,3.999918996
2025-12-30,0.798,3.191935358808,0.0,3.999918996
2025-12-31,0.793,3.171935763828,0.0,3.999918996
2026-01-05,0.802,3.207935034792,0.0,3.999918996
2026-01-06,0.809,3.2359344677640003,0.0,3.999918996
2026-01-07,0.804,3.215934872784,0.0,3.999918996
2026-01-08,0.798,3.191935358808,0.0,3.999918996
2026-01-09,0.801,3.203935115796,0.0,3.999918996
2026-01-12,0.806,3.223934710776,0.0,3.999918996
2026-01-13,0.798,3.191935358808,0.0,3.999918996
2026-01-14,0.794,3.175935682824,0.0,3.999918996
2026-01-15,0.79,3.15993600684,0.0,3.999918996
2026-01-16,0.779,3.115936897884,0.0,3.999918996
2026-01-19,0.782,3.1279366548720002,0.0,3.999918996
2026-01-20,0.784,3.135936492864,0.0,3.999918996
2026-01-21,0.775,3.0999372219,0.0,3.999918996
2026-01-22,0.772,3.087937464912,0.0,3.999918996
2026-01-23,0.771,3.083937545916,0.0,3.999918996
2026-01-26,0.771,3.083937545916,0.0,3.999918996
2026-01-27,0.758,3.031938598968,0.0,3.999918996
2026-01-28,0.756,3.023938760976,0.0,3.999918996
2026-01-29,0.8,3.1999351968000003,0.0,3.999918996
2026-01-30,0.778,3.111936978888,0.0,3.999918996
2026-02-02,0.777,3.107937059892,0.0,3.999918996
2026-02-03,0.783,3.131936573868,0.0,3.999918996
2026-02-04,0.8,3.1999351968000003,0.0,3.999918996
2026-02-05,0.808,3.2319345487680002,0.0,3.999918996
2026-02-06,0.798,3.191935358808,0.0,3.999918996
2026-02-09,0.799,3.195935277804,0.0,3.999918996
2026-02-10,0.789,3.155936087844,0.0,3.999918996
2026-02-11,0.789,3.155936087844,0.0,3.999918996
2026-02-12,0.78,3.11993681688,0.0,3.999918996
2026-02-13,0.777,3.107937059892,0.0,3.999918996
2026-02-24,0.771,3.083937545916,0.0,3.999918996
2026-02-25,0.775,3.0999372219,0.0,3.999918996
2026-02-26,0.771,3.083937545916,0.0,3.999918996
2026-02-27,0.775,3.0999372219,0.0,3.999918996
2026-03-02,0.768,3.071937788928,0.0,3.999918996
2026-03-03,0.765,3.05993803194,0.0,3.999918996
2026-03-04,0.759,3.035938517964,0.0,3.999918996
2026-03-05,0.756,3.023938760976,0.0,3.999918996
2026-03-06,0.773,3.091937383908,0.0,3.999918996
2026-03-09,0.771,3.083937545916,0.0,3.999918996
2026-03-10,0.772,3.087937464912,0.0,3.999918996
2026-03-11,0.776,3.103937140896,0.0,3.999918996
2026-03-12,0.779,3.115936897884,0.0,3.999918996
2026-03-13,0.781,3.123936735876,0.0,3.999918996
2026-03-16,0.79,3.15993600684,0.0,3.999918996
2026-03-17,0.788,3.151936168848,0.0,3.999918996
2026-03-18,0.782,3.1279366548720002,0.0,3.999918996
2026-03-19,0.77,3.07993762692,0.0,3.999918996
2026-03-20,0.764,3.0559381129439998,0.0,3.999918996
2026-03-23,0.736,2.943940381056,0.0,3.999918996
2026-03-24,0.742,2.967939895032,0.0,3.999918996
2026-03-25,0.747,2.9879394900119998,0.0,3.999918996
2026-03-26,0.739,2.955940138044,0.0,3.999918996
2026-03-27,0.752,3.007939084992,0.0,3.999918996
2026-03-30,0.753,3.011939003988,0.0,3.999918996
2026-03-31,0.742,2.967939895032,0.0,3.999918996
2026-04-01,0.751,3.003939165996,0.0,3.999918996
2026-04-02,0.756,3.023938760976,0.0,3.999918996
2026-04-03,0.747,2.9879394900119998,0.0,3.999918996
2026-04-07,0.745,2.97993965202,0.0,3.999918996
2026-04-08,0.757,3.027938679972,0.0,3.999918996
2026-04-09,0.747,2.9879394900119998,0.0,3.999918996
2026-04-10,0.743,2.971939814028,0.0,3.999918996
2026-04-13,0.744,2.975939733024,0.0,3.999918996
2026-04-14,0.751,3.003939165996,0.0,3.999918996
2026-04-15,0.752,3.007939084992,0.0,3.999918996
2026-04-16,0.753,3.011939003988,0.0,3.999918996
2026-04-17,0.742,2.967939895032,0.0,3.999918996
2026-04-20,0.742,2.967939895032,0.0,3.999918996
2026-04-21,0.742,2.967939895032,0.0,3.999918996
2026-04-22,0.737,2.9479403000519997,0.0,3.999918996
2026-04-23,0.737,2.9479403000519997,0.0,3.999918996
2026-04-24,0.737,2.9479403000519997,0.0,3.999918996
2026-04-27,0.731,2.923940786076,0.0,3.999918996
2026-04-28,0.732,2.927940705072,0.0,3.999918996
2026-04-29,0.745,2.97993965202,0.0,3.999918996
2026-04-30,0.747,2.9879394900119998,0.0,3.999918996
2026-05-06,0.742,2.967939895032,0.0,3.999918996
2026-05-07,0.739,2.955940138044,0.0,3.999918996
2026-05-08,0.734,2.935940543064,0.0,3.999918996
2026-05-11,0.736,2.943940381056,0.0,3.999918996
2026-05-12,0.725,2.8999412721,0.0,3.999918996
2026-05-13,0.719,2.8759417581239997,0.0,3.999918996
2026-05-14,0.72,2.8799416771199997,0.0,3.999918996
2026-05-15,0.708,2.831942649168,0.0,3.999918996
2026-05-18,0.7,2.7999432971999996,0.0,3.999918996
2026-05-19,0.7,2.7999432971999996,0.0,3.999918996
2026-05-20,0.699,2.795943378204,0.0,3.999918996
2026-05-21,0.69,2.7599441072399995,0.0,3.999918996
2026-05-22,0.682,2.727944755272,0.0,3.999918996
2026-05-25,0.681,2.723944836276,0.0,3.999918996
2026-05-26,0.68,2.7199449172800003,0.0,3.999918996
2026-05-27,0.682,2.727944755272,0.0,3.999918996
2026-05-28,0.67,2.6799457273200002,0.0,3.999918996
2026-05-29,0.689,2.755944188244,0.0,3.999918996
2026-06-01,0.691,2.7639440262359996,0.0,3.999918996
2026-06-02,0.68,2.7199449172800003,0.0,3.999918996
2026-06-03,0.67,2.6799457273200002,0.0,3.999918996
2026-06-04,0.659,2.635946618364,0.0,3.999918996
2026-06-05,0.658,2.631946699368,0.0,3.999918996
2026-06-08,0.646,2.583947671416,0.0,3.999918996
2026-06-09,0.644,2.575947833424,0.0,3.999918996
2026-06-10,0.65,2.5999473474,0.0,3.999918996
2026-06-11,0.65,2.5999473474,0.0,3.999918996
2026-06-12,0.657,2.627946780372,0.0,3.999918996
2026-06-15,0.654,2.615947023384,0.0,3.999918996
2026-06-16,0.641,2.563948076436,0.0,3.999918996
2026-06-17,0.635,2.53994856246,0.0,3.999918996
2026-06-18,0.623,2.491949534508,0.0,3.999918996
2026-06-22,0.627,2.507949210492,0.0,3.999918996
2026-06-23,0.617,2.4679500205319997,0.0,3.999918996
2026-06-24,0.608,2.4319507495679997,0.0,3.999918996
2026-06-25,0.61,2.43995058756,0.0,3.999918996
2026-06-26,0.603,2.411951154588,0.0,3.999918996
2026-06-29,0.622,2.487949615512,0.0,3.999918996
2026-06-30,0.615,2.45995018254,0.0,3.999918996
2026-07-01,0.63,2.51994896748,0.0,3.999918996
2026-07-02,0.628,2.511949129488,0.0,3.999918996
2026-07-03,0.628,2.511949129488,0.0,3.999918996
2026-07-06,0.64,2.55994815744,0.0,3.999918996
2026-07-07,0.63,2.51994896748,0.0,3.999918996
2026-07-08,0.625,2.4999493724999997,0.0,3.999918996
2026-07-09,0.618,2.471949939528,0.0,3.999918996
2026-07-10,0.632,2.527948805472,0.0,3.999918996
2026-07-13,0.631,2.523948886476,0.0,3.999918996
2026-07-14,0.632,2.527948805472,0.0,3.999918996
2026-07-15,0.656,2.623946861376,0.0,3.999918996
2026-07-16,0.665,2.65994613234,0.0,3.999918996
2026-07-17,0.653,2.611947104388,0.0,3.999918996
