date,close,total_return_proxy,cumulative_dividend,split_factor
2006-04-24,1.1,1.1,0.0,1.0
2006-04-25,1.108,1.108,0.0,1.0
2006-04-26,1.123,1.123,0.0,1.0
2006-04-27,1.138,1.138,0.0,1.0
2006-04-28,1.157,1.157,0.0,1.0
2006-05-08,1.206,1.206,0.0,1.0
2006-05-09,1.237,1.237,0.0,1.0
2006-05-10,1.258,1.258,0.0,1.0
2006-05-11,1.232,1.232,0.0,1.0
2006-05-12,1.276,1.276,0.0,1.0
2006-05-15,1.345,1.345,0.0,1.0
2006-05-16,1.318,1.318,0.0,1.0
2006-05-17,1.319,1.319,0.0,1.0
2006-05-18,1.32,1.32,0.0,1.0
2006-05-19,1.351,1.351,0.0,1.0
2006-05-22,1.354,1.354,0.0,1.0
2006-05-23,1.296,1.296,0.0,1.0
2006-05-24,1.289,1.289,0.0,1.0
2006-05-25,1.284,1.284,0.0,1.0
2006-05-26,1.32,1.32,0.0,1.0
2006-05-29,1.359,1.359,0.0,1.0
2006-05-30,1.363,1.363,0.0,1.0
2006-05-31,1.35,1.35,0.0,1.0
2006-06-01,1.386,1.386,0.0,1.0
2006-06-02,1.36,1.36,0.0,1.0
2006-06-05,1.377,1.377,0.0,1.0
2006-06-06,1.372,1.372,0.0,1.0
2006-06-07,1.305,1.305,0.0,1.0
2006-06-08,1.297,1.297,0.0,1.0
2006-06-09,1.28,1.28,0.0,1.0
2006-06-12,1.277,1.277,0.0,1.0
2006-06-13,1.278,1.278,0.0,1.0
2006-06-14,1.269,1.269,0.0,1.0
2006-06-15,1.266,1.266,0.0,1.0
2006-06-16,1.298,1.298,0.0,1.0
2006-06-19,1.323,1.323,0.0,1.0
2006-06-20,1.322,1.322,0.0,1.0
2006-06-21,1.319,1.319,0.0,1.0
2006-06-22,1.312,1.312,0.0,1.0
2006-06-23,1.323,1.323,0.0,1.0
2006-06-26,1.352,1.352,0.0,1.0
2006-06-27,1.354,1.354,0.0,1.0
2006-06-28,1.351,1.351,0.0,1.0
2006-06-29,1.389,1.389,0.0,1.0
2006-06-30,1.39,1.39,0.0,1.0
2006-07-03,1.412,1.412,0.0,1.0
2006-07-04,1.397,1.397,0.0,1.0
2006-07-05,1.388,1.388,0.0,1.0
2006-07-06,1.415,1.415,0.0,1.0
2006-07-07,1.407,1.407,0.0,1.0
2006-07-10,1.41,1.41,0.0,1.0
2006-07-11,1.414,1.414,0.0,1.0
2006-07-12,1.425,1.425,0.0,1.0
2006-07-13,1.35,1.35,0.0,1.0
2006-07-14,1.363,1.363,0.0,1.0
2006-07-17,1.373,1.373,0.0,1.0
2006-07-18,1.379,1.379,0.0,1.0
2006-07-19,1.342,1.342,0.0,1.0
2006-07-20,1.344,1.344,0.0,1.0
2006-07-21,1.355,1.355,0.0,1.0
2006-07-24,1.355,1.355,0.0,1.0
2006-07-25,1.374,1.374,0.0,1.0
2006-07-26,1.373,1.373,0.0,1.0
2006-07-27,1.355,1.355,0.0,1.0
2006-07-28,1.332,1.332,0.0,1.0
2006-07-31,1.285,1.285,0.0,1.0
2006-08-01,1.27,1.27,0.0,1.0
2006-08-02,1.26,1.26,0.0,1.0
2006-08-03,1.254,1.254,0.0,1.0
2006-08-04,1.226,1.226,0.0,1.0
2006-08-07,1.206,1.206,0.0,1.0
2006-08-08,1.24,1.24,0.0,1.0
2006-08-09,1.236,1.236,0.0,1.0
2006-08-10,1.253,1.253,0.0,1.0
2006-08-11,1.254,1.254,0.0,1.0
2006-08-14,1.234,1.234,0.0,1.0
2006-08-15,1.249,1.249,0.0,1.0
2006-08-16,1.269,1.269,0.0,1.0
2006-08-17,1.256,1.256,0.0,1.0
2006-08-18,1.254,1.254,0.0,1.0
2006-08-21,1.251,1.251,0.0,1.0
2006-08-22,1.27,1.27,0.0,1.0
2006-08-23,1.27,1.27,0.0,1.0
2006-08-24,1.274,1.274,0.0,1.0
2006-08-25,1.28,1.28,0.0,1.0
2006-08-28,1.316,1.316,0.0,1.0
2006-08-29,1.325,1.325,0.0,1.0
2006-08-30,1.33,1.33,0.0,1.0
2006-08-31,1.339,1.339,0.0,1.0
2006-09-01,1.32,1.32,0.0,1.0
2006-09-04,1.338,1.338,0.0,1.0
2006-09-05,1.332,1.332,0.0,1.0
2006-09-06,1.333,1.333,0.0,1.0
2006-09-07,1.316,1.316,0.0,1.0
2006-09-08,1.315,1.315,0.0,1.0
2006-09-11,1.319,1.319,0.0,1.0
2006-09-12,1.336,1.336,0.0,1.0
2006-09-13,1.33,1.33,0.0,1.0
2006-09-14,1.31,1.31,0.0,1.0
2006-09-15,1.34,1.34,0.0,1.0
2006-09-18,1.367,1.367,0.0,1.0
2006-09-19,1.356,1.356,0.0,1.0
2006-09-20,1.357,1.357,0.0,1.0
2006-09-21,1.364,1.364,0.0,1.0
2006-09-22,1.354,1.354,0.0,1.0
2006-09-25,1.362,1.362,0.0,1.0
2006-09-26,1.344,1.344,0.0,1.0
2006-09-27,1.355,1.355,0.0,1.0
2006-09-28,1.371,1.371,0.0,1.0
2006-09-29,1.387,1.387,0.0,1.0
2006-10-09,1.414,1.414,0.0,1.0
2006-10-10,1.414,1.414,0.0,1.0
2006-10-11,1.41,1.41,0.0,1.0
2006-10-12,1.4,1.4,0.0,1.0
2006-10-13,1.403,1.403,0.0,1.0
2006-10-16,1.394,1.394,0.0,1.0
2006-10-17,1.394,1.394,0.0,1.0
2006-10-18,1.418,1.418,0.0,1.0
2006-10-19,1.422,1.422,0.0,1.0
2006-10-20,1.422,1.422,0.0,1.0
2006-10-23,1.39,1.39,0.0,1.0
2006-10-24,1.418,1.418,0.0,1.0
2006-10-25,1.427,1.427,0.0,1.0
2006-10-26,1.44,1.44,0.0,1.0
2006-10-27,1.429,1.429,0.0,1.0
2006-10-30,1.424,1.424,0.0,1.0
2006-10-31,1.439,1.439,0.0,1.0
2006-11-01,1.446,1.446,0.0,1.0
2006-11-02,1.447,1.447,0.0,1.0
2006-11-03,1.459,1.459,0.0,1.0
2006-11-06,1.479,1.479,0.0,1.0
2006-11-07,1.486,1.486,0.0,1.0
2006-11-08,1.472,1.472,0.0,1.0
2006-11-09,1.491,1.491,0.0,1.0
2006-11-10,1.469,1.469,0.0,1.0
2006-11-13,1.426,1.426,0.0,1.0
2006-11-14,1.442,1.442,0.0,1.0
2006-11-15,1.499,1.499,0.0,1.0
2006-11-16,1.498,1.498,0.0,1.0
2006-11-17,1.527,1.527,0.0,1.0
2006-11-20,1.55,1.55,0.0,1.0
2006-11-21,1.572,1.572,0.0,1.0
2006-11-22,1.587,1.587,0.0,1.0
2006-11-23,1.587,1.587,0.0,1.0
2006-11-24,1.6,1.6,0.0,1.0
2006-11-27,1.624,1.624,0.0,1.0
2006-11-28,1.62,1.62,0.0,1.0
2006-11-29,1.651,1.651,0.0,1.0
2006-11-30,1.708,1.708,0.0,1.0
2006-12-01,1.73,1.73,0.0,1.0
2006-12-04,1.773,1.773,0.0,1.0
2006-12-05,1.788,1.788,0.0,1.0
2006-12-06,1.761,1.761,0.0,1.0
2006-12-07,1.75,1.75,0.0,1.0
2006-12-08,1.697,1.697,0.0,1.0
2006-12-11,1.768,1.768,0.0,1.0
2006-12-12,1.78,1.78,0.0,1.0
2006-12-13,1.78,1.78,0.0,1.0
2006-12-14,1.799,1.799,0.0,1.0
2006-12-15,1.846,1.846,0.0,1.0
2006-12-18,1.896,1.896,0.0,1.0
2006-12-19,1.886,1.886,0.0,1.0
2006-12-20,1.912,1.912,0.0,1.0
2006-12-21,1.882,1.882,0.0,1.0
2006-12-22,1.855,1.855,0.0,1.0
2006-12-25,1.895,1.895,0.0,1.0
2006-12-26,1.885,1.885,0.0,1.0
2006-12-27,1.918,1.918,0.0,1.0
2006-12-28,1.904,1.904,0.0,1.0
2006-12-29,1.959,1.959,0.0,1.0
2007-01-04,1.97,1.97,0.0,1.0
2007-01-05,1.978,1.978,0.0,1.0
2007-01-08,2.039,2.039,0.0,1.0
2007-01-09,2.1,2.1,0.0,1.0
2007-01-10,2.178,2.178,0.0,1.0
2007-01-11,2.162,2.162,0.0,1.0
2007-01-12,2.108,2.108,0.0,1.0
2007-01-15,2.242,2.242,0.0,1.0
2007-01-16,2.356,2.356,0.0,1.0
2007-01-17,2.278,2.278,0.0,1.0
2007-01-18,2.314,2.314,0.0,1.0
2007-01-19,2.372,2.372,0.0,1.0
2007-01-22,2.5,2.5,0.0,1.0
2007-01-23,2.466,2.466,0.0,1.0
2007-01-24,2.487,2.487,0.0,1.0
2007-01-25,2.4,2.4,0.0,1.0
2007-01-26,2.43,2.43,0.0,1.0
2007-01-29,2.473,2.473,0.0,1.0
2007-01-30,2.456,2.456,0.0,1.0
2007-01-31,2.287,2.287,0.0,1.0
2007-02-01,2.297,2.297,0.0,1.0
2007-02-02,2.208,2.208,0.0,1.0
2007-02-05,2.191,2.191,0.0,1.0
2007-02-06,2.231,2.231,0.0,1.0
2007-02-07,2.281,2.281,0.0,1.0
2007-02-08,2.32,2.32,0.0,1.0
2007-02-09,2.306,2.306,0.0,1.0
2007-02-12,2.406,2.406,0.0,1.0
2007-02-13,2.443,2.443,0.0,1.0
2007-02-14,2.525,2.525,0.0,1.0
2007-02-15,2.6,2.6,0.0,1.0
2007-02-16,2.61,2.61,0.0,1.0
2007-02-26,2.618,2.618,0.0,1.0
2007-02-27,2.382,2.382,0.0,1.0
2007-02-28,2.445,2.445,0.0,1.0
2007-03-01,2.373,2.373,0.0,1.0
2007-03-02,2.426,2.426,0.0,1.0
2007-03-05,2.409,2.409,0.0,1.0
2007-03-06,2.428,2.428,0.0,1.0
2007-03-07,2.499,2.499,0.0,1.0
2007-03-08,2.528,2.528,0.0,1.0
2007-03-09,2.51,2.51,0.0,1.0
2007-03-12,2.504,2.504,0.0,1.0
2007-03-13,2.536,2.536,0.0,1.0
2007-03-14,2.519,2.519,0.0,1.0
2007-03-15,2.549,2.549,0.0,1.0
2007-03-16,2.511,2.511,0.0,1.0
2007-03-19,2.548,2.548,0.0,1.0
2007-03-20,2.57,2.57,0.0,1.0
2007-03-21,2.607,2.607,0.0,1.0
2007-03-22,2.62,2.62,0.0,1.0
2007-03-23,2.626,2.626,0.0,1.0
2007-03-26,2.68,2.68,0.0,1.0
2007-03-27,2.687,2.687,0.0,1.0
2007-03-28,2.68,2.68,0.0,1.0
2007-03-29,2.653,2.653,0.0,1.0
2007-03-30,2.64,2.64,0.0,1.0
2007-04-02,2.715,2.715,0.0,1.0
2007-04-03,2.769,2.769,0.0,1.0
2007-04-04,2.809,2.809,0.0,1.0
2007-04-05,2.846,2.846,0.0,1.0
2007-04-06,2.9,2.9,0.0,1.0
2007-04-09,2.958,2.958,0.0,1.0
2007-04-10,2.991,2.991,0.0,1.0
2007-04-11,3.011,3.011,0.0,1.0
2007-04-12,3.113,3.113,0.0,1.0
2007-04-13,3.166,3.166,0.0,1.0
2007-04-16,3.272,3.272,0.0,1.0
2007-04-17,3.225,3.225,0.0,1.0
2007-04-18,3.275,3.275,0.0,1.0
2007-04-19,3.135,3.135,0.0,1.0
2007-04-20,3.27,3.27,0.0,1.0
2007-04-23,3.388,3.388,0.0,1.0
2007-04-24,3.401,3.401,0.0,1.0
2007-04-25,3.372,3.372,0.0,1.0
2007-04-26,3.428,3.428,0.0,1.0
2007-04-27,3.405,3.405,0.0,1.0
2007-04-30,3.5,3.5,0.0,1.0
2007-05-08,3.655,3.655,0.0,1.0
2007-05-09,3.649,3.649,0.0,1.0
2007-05-10,3.645,3.645,0.0,1.0
2007-05-11,3.638,3.638,0.0,1.0
2007-05-14,3.702,3.702,0.0,1.0
2007-05-15,3.65,3.65,0.0,1.0
2007-05-16,3.67,3.67,0.0,1.0
2007-05-17,3.767,3.767,0.0,1.0
2007-05-18,3.81,3.81,0.0,1.0
2007-05-21,3.856,3.856,0.0,1.0
2007-05-22,3.91,3.91,0.0,1.0
2007-05-23,3.98,3.98,0.0,1.0
2007-05-24,3.964,3.964,0.0,1.0
2007-05-25,4.005,4.005,0.0,1.0
2007-05-28,4.145,4.145,0.0,1.0
2007-05-29,4.3,4.3,0.0,1.0
2007-05-30,3.972,3.972,0.0,1.0
2007-05-31,4.043,4.043,0.0,1.0
2007-06-01,3.902,3.902,0.0,1.0
2007-06-04,3.55,3.55,0.0,1.0
2007-06-05,3.71,3.71,0.0,1.0
2007-06-06,3.81,3.81,0.0,1.0
2007-06-07,3.969,3.969,0.0,1.0
2007-06-08,4.032,4.032,0.0,1.0
2007-06-11,4.135,4.135,0.0,1.0
2007-06-12,4.265,4.265,0.0,1.0
2007-06-13,4.367,4.367,0.0,1.0
2007-06-14,4.304,4.304,0.0,1.0
2007-06-15,4.308,4.308,0.0,1.0
2007-06-18,4.405,4.405,0.0,1.0
2007-06-19,4.452,4.452,0.0,1.0
2007-06-20,4.4,4.4,0.0,1.0
2007-06-21,4.41,4.41,0.0,1.0
2007-06-22,4.27,4.27,0.0,1.0
2007-06-25,4.076,4.076,0.0,1.0
2007-06-26,4.095,4.095,0.0,1.0
2007-06-27,4.241,4.241,0.0,1.0
2007-06-28,4.078,4.078,0.0,1.0
2007-06-29,3.99,3.99,0.0,1.0
2007-07-02,4.0,4.0,0.0,1.0
2007-07-03,4.105,4.105,0.0,1.0
2007-07-04,4.04,4.04,0.0,1.0
2007-07-05,3.835,3.835,0.0,1.0
2007-07-06,3.999,3.999,0.0,1.0
2007-07-09,4.145,4.145,0.0,1.0
2007-07-10,4.06,4.06,0.0,1.0
2007-07-11,3.981,4.101,0.12,1.0
2007-07-12,3.998,4.118,0.12,1.0
2007-07-13,3.982,4.102,0.12,1.0
2007-07-16,3.873,3.9930000000000003,0.12,1.0
2007-07-17,3.941,4.061,0.12,1.0
2007-07-18,3.944,4.064,0.12,1.0
2007-07-19,3.95,4.07,0.12,1.0
2007-07-20,4.129,4.249,0.12,1.0
2007-07-23,4.35,4.47,0.12,1.0
2007-07-24,4.38,4.5,0.12,1.0
2007-07-25,4.428,4.548,0.12,1.0
2007-07-26,4.518,4.638,0.12,1.0
2007-07-27,4.525,4.6450000000000005,0.12,1.0
2007-07-30,4.661,4.781,0.12,1.0
2007-07-31,4.74,4.86,0.12,1.0
2007-08-01,4.601,4.721,0.12,1.0
2007-08-02,4.745,4.865,0.12,1.0
2007-08-03,4.929,5.049,0.12,1.0
2007-08-06,5.05,5.17,0.12,1.0
2007-08-07,5.057,5.1770000000000005,0.12,1.0
2007-08-08,4.95,5.07,0.12,1.0
2007-08-09,5.028,5.148,0.12,1.0
2007-08-10,4.955,5.075,0.12,1.0
2007-08-13,4.882,5.002,0.12,1.0
2007-08-14,4.953,5.073,0.12,1.0
2007-08-15,4.938,5.058,0.12,1.0
2007-08-16,4.89,5.01,0.12,1.0
2007-08-17,4.83,4.95,0.12,1.0
2007-08-20,5.058,5.178,0.12,1.0
2007-08-21,5.127,5.247,0.12,1.0
2007-08-22,5.256,5.376,0.12,1.0
2007-08-23,5.346,5.466,0.12,1.0
2007-08-24,5.47,5.59,0.12,1.0
2007-08-27,5.447,5.567,0.12,1.0
2007-08-28,5.414,5.534,0.12,1.0
2007-08-29,5.339,5.4590000000000005,0.12,1.0
2007-08-30,5.39,5.51,0.12,1.0
2007-08-31,5.47,5.59,0.12,1.0
2007-09-03,5.56,5.68,0.12,1.0
2007-09-04,5.511,5.631,0.12,1.0
2007-09-05,5.487,5.607,0.12,1.0
2007-09-06,5.535,5.655,0.12,1.0
2007-09-07,5.455,5.575,0.12,1.0
2007-09-10,5.49,5.61,0.12,1.0
2007-09-11,5.27,5.39,0.12,1.0
2007-09-12,5.32,5.44,0.12,1.0
2007-09-13,5.466,5.586,0.12,1.0
2007-09-14,5.522,5.642,0.12,1.0
2007-09-17,5.662,5.782,0.12,1.0
2007-09-18,5.63,5.75,0.12,1.0
2007-09-19,5.582,5.702,0.12,1.0
2007-09-20,5.62,5.74,0.12,1.0
2007-09-21,5.595,5.715,0.12,1.0
2007-09-24,5.635,5.755,0.12,1.0
2007-09-25,5.622,5.742,0.12,1.0
2007-09-26,5.54,5.66,0.12,1.0
2007-09-27,5.591,5.711,0.12,1.0
2007-09-28,5.8,5.92,0.12,1.0
2007-10-08,5.865,5.985,0.12,1.0
2007-10-09,5.904,6.024,0.12,1.0
2007-10-10,5.917,6.037,0.12,1.0
2007-10-11,5.885,6.005,0.12,1.0
2007-10-12,5.805,5.925,0.12,1.0
2007-10-15,5.795,5.915,0.12,1.0
2007-10-16,5.89,6.01,0.12,1.0
2007-10-17,5.865,5.985,0.12,1.0
2007-10-18,5.72,5.84,0.12,1.0
2007-10-19,5.72,5.84,0.12,1.0
2007-10-22,5.586,5.706,0.12,1.0
2007-10-23,5.645,5.765,0.12,1.0
2007-10-24,5.662,5.782,0.12,1.0
2007-10-25,5.478,5.598,0.12,1.0
2007-10-26,5.5,5.62,0.12,1.0
2007-10-29,5.58,5.7,0.12,1.0
2007-10-30,5.678,5.798,0.12,1.0
2007-10-31,5.802,5.922,0.12,1.0
2007-11-01,5.712,5.832,0.12,1.0
2007-11-02,5.537,5.657,0.12,1.0
2007-11-05,5.42,5.54,0.12,1.0
2007-11-06,5.431,5.551,0.12,1.0
2007-11-07,5.433,5.553,0.12,1.0
2007-11-08,5.218,5.338,0.12,1.0
2007-11-09,5.144,5.264,0.12,1.0
2007-11-12,5.053,5.173,0.12,1.0
2007-11-13,4.996,5.1160000000000005,0.12,1.0
2007-11-14,5.176,5.296,0.12,1.0
2007-11-15,5.09,5.21,0.12,1.0
2007-11-16,5.0,5.12,0.12,1.0
2007-11-19,5.029,5.149,0.12,1.0
2007-11-20,5.1,5.22,0.12,1.0
2007-11-21,5.082,5.202,0.12,1.0
2007-11-22,4.84,4.96,0.12,1.0
2007-11-23,4.86,4.98,0.12,1.0
2007-11-26,4.8,4.92,0.12,1.0
2007-11-27,4.758,4.878,0.12,1.0
2007-11-28,4.646,4.766,0.12,1.0
2007-11-29,4.796,4.916,0.12,1.0
2007-11-30,4.73,4.8500000000000005,0.12,1.0
2007-12-03,4.767,4.8870000000000005,0.12,1.0
2007-12-04,4.818,4.938,0.12,1.0
2007-12-05,4.988,5.1080000000000005,0.12,1.0
2007-12-06,4.988,5.1080000000000005,0.12,1.0
2007-12-07,5.047,5.167,0.12,1.0
2007-12-10,5.185,5.305,0.12,1.0
2007-12-11,5.18,5.3,0.12,1.0
2007-12-12,5.128,5.248,0.12,1.0
2007-12-13,4.917,5.037,0.12,1.0
2007-12-14,5.009,5.1290000000000004,0.12,1.0
2007-12-17,4.915,5.035,0.12,1.0
2007-12-18,4.864,4.984,0.12,1.0
2007-12-19,4.998,5.118,0.12,1.0
2007-12-20,5.066,5.186,0.12,1.0
2007-12-21,5.133,5.253,0.12,1.0
2007-12-24,5.253,5.373,0.12,1.0
2007-12-25,5.258,5.378,0.12,1.0
2007-12-26,5.33,5.45,0.12,1.0
2007-12-27,5.473,5.593,0.12,1.0
2007-12-28,5.418,5.538,0.12,1.0
2008-01-02,5.462,5.582,0.12,1.0
2008-01-03,5.5,5.62,0.12,1.0
2008-01-04,5.582,5.702,0.12,1.0
2008-01-07,5.68,5.8,0.12,1.0
2008-01-08,5.616,5.736,0.12,1.0
2008-01-09,5.732,5.852,0.12,1.0
2008-01-10,5.84,5.96,0.12,1.0
2008-01-11,5.836,5.956,0.12,1.0
2008-01-14,5.89,6.01,0.12,1.0
2008-01-15,5.851,5.971,0.12,1.0
2008-01-16,5.709,5.829,0.12,1.0
2008-01-17,5.586,5.706,0.12,1.0
2008-01-18,5.638,5.758,0.12,1.0
2008-01-21,5.359,5.479,0.12,1.0
2008-01-22,4.902,5.022,0.12,1.0
2008-01-23,5.239,5.359,0.12,1.0
2008-01-24,5.302,5.422,0.12,1.0
2008-01-25,5.37,5.49,0.12,1.0
2008-01-28,5.001,5.121,0.12,1.0
2008-01-29,5.066,5.186,0.12,1.0
2008-01-30,5.016,5.136,0.12,1.0
2008-01-31,4.93,5.05,0.12,1.0
2008-02-01,4.798,4.918,0.12,1.0
2008-02-04,5.278,5.398,0.12,1.0
2008-02-05,5.225,5.345,0.12,1.0
2008-02-13,5.09,5.21,0.12,1.0
2008-02-14,5.172,5.292,0.12,1.0
2008-02-15,5.109,5.229,0.12,1.0
2008-02-18,5.221,5.341,0.12,1.0
2008-02-19,5.386,5.506,0.12,1.0
2008-02-20,5.283,5.4030000000000005,0.12,1.0
2008-02-21,5.255,5.375,0.12,1.0
2008-02-22,5.085,5.205,0.12,1.0
2008-02-25,4.89,5.01,0.12,1.0
2008-02-26,4.85,4.97,0.12,1.0
2008-02-27,4.94,5.0600000000000005,0.12,1.0
2008-02-28,4.929,5.049,0.12,1.0
2008-02-29,4.979,5.099,0.12,1.0
2008-03-03,5.102,5.222,0.12,1.0
2008-03-04,5.012,5.132,0.12,1.0
2008-03-05,4.984,5.104,0.12,1.0
2008-03-06,5.008,5.128,0.12,1.0
2008-03-07,4.948,5.0680000000000005,0.12,1.0
2008-03-10,4.745,4.865,0.12,1.0
2008-03-11,4.717,4.837,0.12,1.0
2008-03-12,4.594,4.714,0.12,1.0
2008-03-13,4.422,4.542,0.12,1.0
2008-03-14,4.376,4.496,0.12,1.0
2008-03-17,4.14,4.26,0.12,1.0
2008-03-18,3.876,3.996,0.12,1.0
2008-03-19,4.109,4.229,0.12,1.0
2008-03-20,4.27,4.39,0.12,1.0
2008-03-21,4.28,4.4,0.12,1.0
2008-03-24,4.114,4.234,0.12,1.0
2008-03-25,4.192,4.312,0.12,1.0
2008-03-26,4.23,4.3500000000000005,0.12,1.0
2008-03-27,4.102,4.222,0.12,1.0
2008-03-28,4.259,4.3790000000000004,0.12,1.0
2008-03-31,4.11,4.23,0.12,1.0
2008-04-01,3.84,3.96,0.12,1.0
2008-04-02,3.747,3.867,0.12,1.0
2008-04-03,3.833,3.9530000000000003,0.12,1.0
2008-04-07,4.099,4.219,0.12,1.0
2008-04-08,4.153,4.273,0.12,1.0
2008-04-09,4.009,4.1290000000000004,0.12,1.0
2008-04-10,4.08,4.2,0.12,1.0
2008-04-11,4.086,4.206,0.12,1.0
2008-04-14,3.835,3.955,0.12,1.0
2008-04-15,3.842,3.962,0.12,1.0
2008-04-16,3.72,3.8400000000000003,0.12,1.0
2008-04-17,3.648,3.7680000000000002,0.12,1.0
2008-04-18,3.483,3.603,0.12,1.0
2008-04-21,3.43,3.5500000000000003,0.12,1.0
2008-04-22,3.447,3.567,0.12,1.0
2008-04-23,3.65,3.77,0.12,1.0
2008-04-24,4.015,4.135,0.12,1.0
2008-04-25,4.073,4.1930000000000005,0.12,1.0
2008-04-28,3.964,4.084,0.12,1.0
2008-04-29,3.987,4.107,0.12,1.0
2008-04-30,4.179,4.299,0.12,1.0
2008-05-05,4.275,4.3950000000000005,0.12,1.0
2008-05-06,4.21,4.33,0.12,1.0
2008-05-07,4.013,4.133,0.12,1.0
2008-05-08,4.143,4.263,0.12,1.0
2008-05-09,4.09,4.21,0.12,1.0
2008-05-12,4.125,4.245,0.12,1.0
2008-05-13,4.07,4.19,0.12,1.0
2008-05-14,4.236,4.356,0.12,1.0
2008-05-15,4.191,4.311,0.12,1.0
2008-05-16,4.14,4.26,0.12,1.0
2008-05-19,4.122,4.242,0.12,1.0
2008-05-20,3.903,4.023,0.12,1.0
2008-05-21,3.967,4.087,0.12,1.0
2008-05-22,3.876,3.996,0.12,1.0
2008-05-23,3.829,3.9490000000000003,0.12,1.0
2008-05-26,3.735,3.855,0.12,1.0
2008-05-27,3.764,3.884,0.12,1.0
2008-05-28,3.869,3.9890000000000003,0.12,1.0
2008-05-29,3.755,3.875,0.12,1.0
2008-05-30,3.772,3.892,0.12,1.0
2008-06-02,3.772,3.892,0.12,1.0
2008-06-03,3.751,3.871,0.12,1.0
2008-06-04,3.729,3.849,0.12,1.0
2008-06-05,3.697,3.817,0.12,1.0
2008-06-06,3.648,3.7680000000000002,0.12,1.0
2008-06-10,3.305,3.4250000000000003,0.12,1.0
2008-06-11,3.248,3.3680000000000003,0.12,1.0
2008-06-12,3.2,3.3200000000000003,0.12,1.0
2008-06-13,3.09,3.21,0.12,1.0
2008-06-16,3.051,3.1710000000000003,0.12,1.0
2008-06-17,2.92,3.04,0.12,1.0
2008-06-18,3.064,3.184,0.12,1.0
2008-06-19,2.801,2.9210000000000003,0.12,1.0
2008-06-20,2.905,3.025,0.12,1.0
2008-06-23,2.853,2.9730000000000003,0.12,1.0
2008-06-24,2.946,3.0660000000000003,0.12,1.0
2008-06-25,3.099,3.2190000000000003,0.12,1.0
2008-06-26,3.112,3.232,0.12,1.0
2008-06-27,2.912,3.032,0.12,1.0
2008-06-30,2.904,3.024,0.12,1.0
2008-07-01,2.829,2.9490000000000003,0.12,1.0
2008-07-02,2.849,2.9690000000000003,0.12,1.0
2008-07-03,2.941,3.061,0.12,1.0
2008-07-04,2.942,3.0620000000000003,0.12,1.0
2008-07-07,3.09,3.21,0.12,1.0
2008-07-08,3.121,3.241,0.12,1.0
2008-07-09,3.238,3.358,0.12,1.0
2008-07-10,3.19,3.31,0.12,1.0
2008-07-11,3.153,3.273,0.12,1.0
2008-07-14,3.16,3.2800000000000002,0.12,1.0
2008-07-15,3.029,3.149,0.12,1.0
2008-07-16,2.916,3.036,0.12,1.0
2008-07-17,2.89,3.0100000000000002,0.12,1.0
2008-07-18,3.0,3.12,0.12,1.0
2008-07-21,3.094,3.214,0.12,1.0
2008-07-22,3.1,3.22,0.12,1.0
2008-07-23,3.052,3.172,0.12,1.0
2008-07-24,3.146,3.266,0.12,1.0
2008-07-25,3.11,3.23,0.12,1.0
2008-07-28,3.127,3.247,0.12,1.0
2008-07-29,3.078,3.198,0.12,1.0
2008-07-30,3.051,3.1710000000000003,0.12,1.0
2008-07-31,2.98,3.1,0.12,1.0
2008-08-01,2.993,3.113,0.12,1.0
2008-08-04,2.918,3.0380000000000003,0.12,1.0
2008-08-05,2.84,2.96,0.12,1.0
2008-08-06,2.835,2.955,0.12,1.0
2008-08-07,2.822,2.942,0.12,1.0
2008-08-08,2.673,2.793,0.12,1.0
2008-08-11,2.512,2.632,0.12,1.0
2008-08-12,2.505,2.625,0.12,1.0
2008-08-13,2.532,2.652,0.12,1.0
2008-08-14,2.53,2.65,0.12,1.0
2008-08-15,2.519,2.6390000000000002,0.12,1.0
2008-08-18,2.38,2.5,0.12,1.0
2008-08-19,2.405,2.525,0.12,1.0
2008-08-20,2.62,2.74,0.12,1.0
2008-08-21,2.505,2.625,0.12,1.0
2008-08-22,2.459,2.579,0.12,1.0
2008-08-25,2.448,2.568,0.12,1.0
2008-08-26,2.379,2.499,0.12,1.0
2008-08-27,2.351,2.471,0.12,1.0
2008-08-28,2.349,2.4690000000000003,0.12,1.0
2008-08-29,2.421,2.541,0.12,1.0
2008-09-01,2.319,2.439,0.12,1.0
2008-09-02,2.299,2.419,0.12,1.0
2008-09-03,2.256,2.376,0.12,1.0
2008-09-04,2.271,2.391,0.12,1.0
2008-09-05,2.194,2.314,0.12,1.0
2008-09-08,2.115,2.2350000000000003,0.12,1.0
2008-09-09,2.114,2.234,0.12,1.0
2008-09-10,2.117,2.237,0.12,1.0
2008-09-11,2.066,2.186,0.12,1.0
2008-09-12,2.087,2.2070000000000003,0.12,1.0
2008-09-16,2.05,2.17,0.12,1.0
2008-09-17,1.999,2.119,0.12,1.0
2008-09-18,1.949,2.069,0.12,1.0
2008-09-19,2.144,2.2640000000000002,0.12,1.0
2008-09-22,2.281,2.4010000000000002,0.12,1.0
2008-09-23,2.146,2.266,0.12,1.0
2008-09-24,2.146,2.266,0.12,1.0
2008-09-25,2.181,2.301,0.12,1.0
2008-09-26,2.251,2.371,0.12,1.0
2008-10-06,2.151,2.271,0.12,1.0
2008-10-07,2.129,2.249,0.12,1.0
2008-10-08,2.062,2.182,0.12,1.0
2008-10-09,2.032,2.152,0.12,1.0
2008-10-10,1.89,2.01,0.12,1.0
2008-10-13,1.955,2.075,0.12,1.0
2008-10-14,1.911,2.031,0.12,1.0
2008-10-15,1.885,2.005,0.12,1.0
2008-10-16,1.8,1.92,0.12,1.0
2008-10-17,1.812,1.932,0.12,1.0
2008-10-20,1.882,2.002,0.12,1.0
2008-10-21,1.866,1.9860000000000002,0.12,1.0
2008-10-22,1.835,1.955,0.12,1.0
2008-10-23,1.839,1.959,0.12,1.0
2008-10-24,1.796,1.916,0.12,1.0
2008-10-27,1.648,1.7679999999999998,0.12,1.0
2008-10-28,1.705,1.8250000000000002,0.12,1.0
2008-10-29,1.66,1.7799999999999998,0.12,1.0
2008-10-30,1.688,1.8079999999999998,0.12,1.0
2008-10-31,1.661,1.7810000000000001,0.12,1.0
2008-11-03,1.657,1.7770000000000001,0.12,1.0
2008-11-04,1.615,1.7349999999999999,0.12,1.0
2008-11-05,1.665,1.7850000000000001,0.12,1.0
2008-11-06,1.63,1.75,0.12,1.0
2008-11-07,1.655,1.775,0.12,1.0
2008-11-10,1.777,1.8969999999999998,0.12,1.0
2008-11-11,1.769,1.8889999999999998,0.12,1.0
2008-11-12,1.791,1.911,0.12,1.0
2008-11-13,1.878,1.9979999999999998,0.12,1.0
2008-11-14,1.979,2.099,0.12,1.0
2008-11-17,2.025,2.145,0.12,1.0
2008-11-18,1.867,1.987,0.12,1.0
2008-11-19,2.009,2.129,0.12,1.0
2008-11-20,1.983,2.103,0.12,1.0
2008-11-21,1.995,2.115,0.12,1.0
2008-11-24,1.922,2.042,0.12,1.0
2008-11-25,1.91,2.03,0.12,1.0
2008-11-26,1.936,2.056,0.12,1.0
2008-11-27,1.986,2.106,0.12,1.0
2008-11-28,1.942,2.062,0.12,1.0
2008-12-01,1.995,2.115,0.12,1.0
2008-12-02,2.02,2.14,0.12,1.0
2008-12-03,2.098,2.218,0.12,1.0
2008-12-04,2.121,2.241,0.12,1.0
2008-12-05,2.172,2.2920000000000003,0.12,1.0
2008-12-08,2.252,2.372,0.12,1.0
2008-12-09,2.196,2.3160000000000003,0.12,1.0
2008-12-10,2.227,2.347,0.12,1.0
2008-12-11,2.17,2.29,0.12,1.0
2008-12-12,2.078,2.198,0.12,1.0
2008-12-15,2.1,2.22,0.12,1.0
2008-12-16,2.143,2.263,0.12,1.0
2008-12-17,2.148,2.2680000000000002,0.12,1.0
2008-12-18,2.2,2.3200000000000003,0.12,1.0
2008-12-19,2.193,2.313,0.12,1.0
2008-12-22,2.16,2.2800000000000002,0.12,1.0
2008-12-23,2.058,2.178,0.12,1.0
2008-12-24,2.005,2.125,0.12,1.0
2008-12-25,1.99,2.11,0.12,1.0
2008-12-26,1.988,2.108,0.12,1.0
2008-12-29,1.988,2.108,0.12,1.0
2008-12-30,1.965,2.085,0.12,1.0
2008-12-31,1.954,2.074,0.12,1.0
2009-01-05,2.03,2.15,0.12,1.0
2009-01-06,2.085,2.205,0.12,1.0
2009-01-07,2.07,2.19,0.12,1.0
2009-01-08,2.031,2.1510000000000002,0.12,1.0
2009-01-09,2.07,2.19,0.12,1.0
2009-01-12,2.075,2.1950000000000003,0.12,1.0
2009-01-13,2.021,2.141,0.12,1.0
2009-01-14,2.112,2.232,0.12,1.0
2009-01-15,2.105,2.225,0.12,1.0
2009-01-16,2.14,2.2600000000000002,0.12,1.0
2009-01-19,2.144,2.2640000000000002,0.12,1.0
2009-01-20,2.162,2.282,0.12,1.0
2009-01-21,2.153,2.273,0.12,1.0
2009-01-22,2.187,2.307,0.12,1.0
2009-01-23,2.183,2.303,0.12,1.0
2009-02-02,2.205,2.325,0.12,1.0
2009-02-03,2.259,2.379,0.12,1.0
2009-02-04,2.316,2.436,0.12,1.0
2009-02-05,2.291,2.411,0.12,1.0
2009-02-06,2.398,2.5180000000000002,0.12,1.0
2009-02-09,2.488,2.608,0.12,1.0
2009-02-10,2.559,2.6790000000000003,0.12,1.0
2009-02-11,2.568,2.688,0.12,1.0
2009-02-12,2.571,2.6910000000000003,0.12,1.0
2009-02-13,2.68,2.8000000000000003,0.12,1.0
2009-02-16,2.715,2.835,0.12,1.0
2009-02-17,2.624,2.744,0.12,1.0
2009-02-18,2.511,2.6310000000000002,0.12,1.0
2009-02-19,2.554,2.674,0.12,1.0
2009-02-20,2.63,2.75,0.12,1.0
2009-02-23,2.73,2.85,0.12,1.0
2009-02-24,2.62,2.74,0.12,1.0
2009-02-25,2.576,2.696,0.12,1.0
2009-02-26,2.42,2.54,0.12,1.0
2009-02-27,2.33,2.45,0.12,1.0
2009-03-02,2.405,2.525,0.12,1.0
2009-03-03,2.386,2.5060000000000002,0.12,1.0
2009-03-04,2.568,2.688,0.12,1.0
2009-03-05,2.556,2.676,0.12,1.0
2009-03-06,2.552,2.672,0.12,1.0
2009-03-09,2.453,2.573,0.12,1.0
2009-03-10,2.489,2.609,0.12,1.0
2009-03-11,2.466,2.5860000000000003,0.12,1.0
2009-03-12,2.47,2.5900000000000003,0.12,1.0
2009-03-13,2.443,2.563,0.12,1.0
2009-03-16,2.48,2.6,0.12,1.0
2009-03-17,2.596,2.716,0.12,1.0
2009-03-18,2.621,2.741,0.12,1.0
2009-03-19,2.677,2.797,0.12,1.0
2009-03-20,2.667,2.787,0.12,1.0
2009-03-23,2.741,2.861,0.12,1.0
2009-03-24,2.759,2.879,0.12,1.0
2009-03-25,2.703,2.823,0.12,1.0
2009-03-26,2.77,2.89,0.12,1.0
2009-03-27,2.769,2.8890000000000002,0.12,1.0
2009-03-30,2.746,2.866,0.12,1.0
2009-03-31,2.788,2.908,0.12,1.0
2009-04-01,2.831,2.951,0.12,1.0
2009-04-02,2.874,2.994,0.12,1.0
2009-04-03,2.846,2.966,0.12,1.0
2009-04-07,2.843,2.963,0.12,1.0
2009-04-08,2.741,2.861,0.12,1.0
2009-04-09,2.784,2.904,0.12,1.0
2009-04-10,2.889,3.009,0.12,1.0
2009-04-13,2.938,3.0580000000000003,0.12,1.0
2009-04-14,2.976,3.096,0.12,1.0
2009-04-15,2.995,3.115,0.12,1.0
2009-04-16,2.988,3.108,0.12,1.0
2009-04-17,2.943,3.063,0.12,1.0
2009-04-20,3.022,3.142,0.12,1.0
2009-04-21,2.968,3.088,0.12,1.0
2009-04-22,2.834,2.954,0.12,1.0
2009-04-23,2.866,2.986,0.12,1.0
2009-04-24,2.855,2.975,0.12,1.0
2009-04-27,2.778,2.898,0.12,1.0
2009-04-28,2.795,2.915,0.12,1.0
2009-04-29,2.872,2.992,0.12,1.0
2009-04-30,2.908,3.028,0.12,1.0
2009-05-04,3.015,3.1350000000000002,0.12,1.0
2009-05-05,3.034,3.154,0.12,1.0
2009-05-06,3.098,3.218,0.12,1.0
2009-05-07,3.087,3.2070000000000003,0.12,1.0
2009-05-08,3.103,3.2230000000000003,0.12,1.0
2009-05-11,3.015,3.1350000000000002,0.12,1.0
2009-05-12,3.098,3.218,0.12,1.0
2009-05-13,3.13,3.25,0.12,1.0
2009-05-14,3.12,3.24,0.12,1.0
2009-05-15,3.133,3.253,0.12,1.0
2009-05-18,3.157,3.277,0.12,1.0
2009-05-19,3.18,3.3000000000000003,0.12,1.0
2009-05-20,3.173,3.293,0.12,1.0
2009-05-21,3.092,3.212,0.12,1.0
2009-05-22,3.085,3.205,0.12,1.0
2009-05-25,3.119,3.2390000000000003,0.12,1.0
2009-05-26,3.069,3.189,0.12,1.0
2009-05-27,3.103,3.2230000000000003,0.12,1.0
2009-06-01,3.192,3.3120000000000003,0.12,1.0
2009-06-02,3.199,3.319,0.12,1.0
2009-06-03,3.266,3.386,0.12,1.0
2009-06-04,3.271,3.391,0.12,1.0
2009-06-05,3.262,3.382,0.12,1.0
2009-06-08,3.25,3.37,0.12,1.0
2009-06-09,3.284,3.404,0.12,1.0
2009-06-10,3.31,3.43,0.12,1.0
2009-06-11,3.28,3.4,0.12,1.0
2009-06-12,3.22,3.3400000000000003,0.12,1.0
2009-06-15,3.268,3.388,0.12,1.0
2009-06-16,3.278,3.398,0.12,1.0
2009-06-17,3.36,3.48,0.12,1.0
2009-06-18,3.389,3.509,0.12,1.0
2009-06-19,3.419,3.539,0.12,1.0
2009-06-22,3.401,3.521,0.12,1.0
2009-06-23,3.381,3.501,0.12,1.0
2009-06-24,3.452,3.572,0.12,1.0
2009-06-25,3.446,3.5660000000000003,0.12,1.0
2009-06-26,3.47,3.5900000000000003,0.12,1.0
2009-06-29,3.515,3.6350000000000002,0.12,1.0
2009-06-30,3.497,3.617,0.12,1.0
2009-07-01,3.573,3.693,0.12,1.0
2009-07-02,3.609,3.729,0.12,1.0
2009-07-03,3.69,3.81,0.12,1.0
2009-07-06,3.767,3.887,0.12,1.0
2009-07-07,3.718,3.838,0.12,1.0
2009-07-08,3.757,3.8770000000000002,0.12,1.0
2009-07-09,3.814,3.934,0.12,1.0
2009-07-10,3.838,3.958,0.12,1.0
2009-07-13,3.836,3.956,0.12,1.0
2009-07-14,3.933,4.053,0.12,1.0
2009-07-15,3.97,4.09,0.12,1.0
2009-07-16,3.962,4.082,0.12,1.0
2009-07-17,3.99,4.11,0.12,1.0
2009-07-20,4.076,4.196,0.12,1.0
2009-07-21,4.004,4.124,0.12,1.0
2009-07-22,4.058,4.178,0.12,1.0
2009-07-23,4.107,4.227,0.12,1.0
2009-07-24,4.115,4.235,0.12,1.0
2009-07-27,4.16,4.28,0.12,1.0
2009-07-28,4.19,4.3100000000000005,0.12,1.0
2009-07-29,3.967,4.087,0.12,1.0
2009-07-30,3.997,4.117,0.12,1.0
2009-07-31,4.135,4.255,0.12,1.0
2009-08-03,4.201,4.321,0.12,1.0
2009-08-04,4.227,4.347,0.12,1.0
2009-08-05,4.182,4.3020000000000005,0.12,1.0
2009-08-06,4.104,4.224,0.12,1.0
2009-08-07,3.952,4.072,0.12,1.0
2009-08-10,3.975,4.095,0.12,1.0
2009-08-11,4.005,4.125,0.12,1.0
2009-08-12,3.82,3.94,0.12,1.0
2009-08-13,3.889,4.0089999999999995,0.12,1.0
2009-08-14,3.783,3.903,0.12,1.0
2009-08-17,3.531,3.6510000000000002,0.12,1.0
2009-08-18,3.554,3.674,0.12,1.0
2009-08-19,3.37,3.49,0.12,1.0
2009-08-20,3.54,3.66,0.12,1.0
2009-08-21,3.6,3.72,0.12,1.0
2009-08-24,3.652,3.7720000000000002,0.12,1.0
2009-08-25,3.548,3.668,0.12,1.0
2009-08-26,3.652,3.7720000000000002,0.12,1.0
2009-08-27,3.62,3.74,0.12,1.0
2009-08-28,3.505,3.625,0.12,1.0
2009-08-31,3.205,3.325,0.12,1.0
2009-09-01,3.235,3.355,0.12,1.0
2009-09-02,3.263,3.383,0.12,1.0
2009-09-03,3.471,3.591,0.12,1.0
2009-09-04,3.519,3.6390000000000002,0.12,1.0
2009-09-07,3.548,3.668,0.12,1.0
2009-09-08,3.648,3.7680000000000002,0.12,1.0
2009-09-09,3.68,3.8000000000000003,0.12,1.0
2009-09-10,3.633,3.753,0.12,1.0
2009-09-11,3.707,3.827,0.12,1.0
2009-09-14,3.8,3.92,0.12,1.0
2009-09-15,3.816,3.936,0.12,1.0
2009-09-16,3.78,3.9,0.12,1.0
2009-09-17,3.844,3.964,0.12,1.0
2009-09-18,3.689,3.809,0.12,1.0
2009-09-21,3.725,3.845,0.12,1.0
2009-09-22,3.628,3.748,0.12,1.0
2009-09-23,3.523,3.6430000000000002,0.12,1.0
2009-09-24,3.524,3.644,0.12,1.0
2009-09-25,3.497,3.617,0.12,1.0
2009-09-28,3.4,3.52,0.12,1.0
2009-09-29,3.398,3.5180000000000002,0.12,1.0
2009-09-30,3.437,3.557,0.12,1.0
2009-10-09,3.631,3.751,0.12,1.0
2009-10-12,3.61,3.73,0.12,1.0
2009-10-13,3.667,3.787,0.12,1.0
2009-10-14,3.688,3.8080000000000003,0.12,1.0
2009-10-15,3.705,3.825,0.12,1.0
2009-10-16,3.719,3.839,0.12,1.0
2009-10-19,3.842,3.962,0.12,1.0
2009-10-20,3.893,4.013,0.12,1.0
2009-10-21,3.885,4.005,0.12,1.0
2009-10-22,3.869,3.9890000000000003,0.12,1.0
2009-10-23,3.938,4.058,0.12,1.0
2009-10-26,3.934,4.054,0.12,1.0
2009-10-27,3.824,3.944,0.12,1.0
2009-10-28,3.858,3.978,0.12,1.0
2009-10-29,3.769,3.8890000000000002,0.12,1.0
2009-10-30,3.805,3.9250000000000003,0.12,1.0
2009-11-02,3.948,4.068,0.12,1.0
2009-11-03,3.998,4.118,0.12,1.0
2009-11-04,4.012,4.132,0.12,1.0
2009-11-05,4.013,4.133,0.12,1.0
2009-11-06,4.038,4.158,0.12,1.0
2009-11-09,4.049,4.1690000000000005,0.12,1.0
2009-11-10,4.08,4.2,0.12,1.0
2009-11-11,4.07,4.19,0.12,1.0
2009-11-12,4.093,4.213,0.12,1.0
2009-11-13,4.115,4.235,0.12,1.0
2009-11-16,4.254,4.374,0.12,1.0
2009-11-17,4.24,4.36,0.12,1.0
2009-11-18,4.234,4.354,0.12,1.0
2009-11-19,4.258,4.378,0.12,1.0
2009-11-20,4.26,4.38,0.12,1.0
2009-11-23,4.321,4.441,0.12,1.0
2009-11-24,4.169,4.289,0.12,1.0
2009-11-25,4.266,4.386,0.12,1.0
2009-11-26,4.105,4.2250000000000005,0.12,1.0
2009-11-27,3.978,4.098,0.12,1.0
2009-11-30,4.174,4.2940000000000005,0.12,1.0
2009-12-01,4.233,4.353,0.12,1.0
2009-12-02,4.278,4.398,0.12,1.0
2009-12-03,4.276,4.396,0.12,1.0
2009-12-04,4.283,4.4030000000000005,0.12,1.0
2009-12-07,4.335,4.455,0.12,1.0
2009-12-08,4.296,4.416,0.12,1.0
2009-12-09,4.243,4.363,0.12,1.0
2009-12-10,4.282,4.402,0.12,1.0
2009-12-11,4.271,4.391,0.12,1.0
2009-12-14,4.288,4.408,0.12,1.0
2009-12-15,4.251,4.371,0.12,1.0
2009-12-16,4.209,4.329,0.12,1.0
2009-12-17,4.115,4.235,0.12,1.0
2009-12-18,3.98,4.1,0.12,1.0
2009-12-21,3.997,4.117,0.12,1.0
2009-12-22,3.908,4.028,0.12,1.0
2009-12-23,3.942,4.062,0.12,1.0
2009-12-24,4.093,4.213,0.12,1.0
2009-12-25,4.091,4.211,0.12,1.0
2009-12-28,4.152,4.272,0.12,1.0
2009-12-29,4.172,4.292,0.12,1.0
2009-12-30,4.215,4.335,0.12,1.0
2009-12-31,4.233,4.353,0.12,1.0
2010-01-04,4.174,4.2940000000000005,0.12,1.0
2010-01-05,4.187,4.307,0.12,1.0
2010-01-06,4.18,4.3,0.12,1.0
2010-01-07,4.099,4.219,0.12,1.0
2010-01-08,4.116,4.236,0.12,1.0
2010-01-11,4.084,4.204,0.12,1.0
2010-01-12,4.169,4.289,0.12,1.0
2010-01-13,4.062,4.182,0.12,1.0
2010-01-14,4.131,4.251,0.12,1.0
2010-01-15,4.16,4.28,0.12,1.0
2010-01-18,4.199,4.319,0.12,1.0
2010-01-19,4.2,4.32,0.12,1.0
2010-01-20,4.059,4.179,0.12,1.0
2010-01-21,4.054,4.174,0.12,1.0
2010-01-22,3.95,4.07,0.12,1.0
2010-01-25,3.898,4.018,0.12,1.0
2010-01-26,3.793,3.9130000000000003,0.12,1.0
2010-01-27,3.77,3.89,0.12,1.0
2010-01-28,3.812,3.932,0.12,1.0
2010-01-29,3.816,3.936,0.12,1.0
2010-02-01,3.759,3.879,0.12,1.0
2010-02-02,3.744,3.8640000000000003,0.12,1.0
2010-02-03,3.85,3.97,0.12,1.0
2010-02-04,3.83,3.95,0.12,1.0
2010-02-05,3.744,3.8640000000000003,0.12,1.0
2010-02-08,3.761,3.8810000000000002,0.12,1.0
2010-02-09,3.773,3.8930000000000002,0.12,1.0
2010-02-10,3.835,3.955,0.12,1.0
2010-02-11,3.84,3.96,0.12,1.0
2010-02-12,3.878,3.998,0.12,1.0
2010-02-22,3.856,3.976,0.12,1.0
2010-02-23,3.831,3.951,0.12,1.0
2010-02-24,3.892,4.012,0.12,1.0
2010-02-25,3.964,4.084,0.12,1.0
2010-02-26,3.95,4.07,0.12,1.0
2010-03-01,3.99,4.11,0.12,1.0
2010-03-02,3.974,4.094,0.12,1.0
2010-03-03,4.004,4.124,0.12,1.0
2010-03-04,3.898,4.018,0.12,1.0
2010-03-05,3.902,4.022,0.12,1.0
2010-03-08,3.934,4.054,0.12,1.0
2010-03-09,3.962,4.082,0.12,1.0
2010-03-10,3.917,4.037,0.12,1.0
2010-03-11,3.91,4.03,0.12,1.0
2010-03-12,3.846,3.966,0.12,1.0
2010-03-15,3.778,3.898,0.12,1.0
2010-03-16,3.788,3.908,0.12,1.0
2010-03-17,3.883,4.003,0.12,1.0
2010-03-18,3.88,4.0,0.12,1.0
2010-03-19,3.927,4.047,0.12,1.0
2010-03-22,3.926,4.046,0.12,1.0
2010-03-23,3.9,4.02,0.12,1.0
2010-03-24,3.904,4.024,0.12,1.0
2010-03-25,3.844,3.964,0.12,1.0
2010-03-26,3.889,4.0089999999999995,0.12,1.0
2010-03-29,3.98,4.1,0.12,1.0
2010-03-30,3.993,4.1129999999999995,0.12,1.0
2010-03-31,3.966,4.086,0.12,1.0
2010-04-01,4.025,4.1450000000000005,0.12,1.0
2010-04-02,4.058,4.178,0.12,1.0
2010-04-06,4.049,4.1690000000000005,0.12,1.0
2010-04-07,4.035,4.155,0.12,1.0
2010-04-08,3.985,4.1049999999999995,0.12,1.0
2010-04-09,4.033,4.1530000000000005,0.12,1.0
2010-04-12,3.992,4.112,0.12,1.0
2010-04-13,4.018,4.138,0.12,1.0
2010-04-14,4.041,4.1610000000000005,0.12,1.0
2010-04-15,4.025,4.1450000000000005,0.12,1.0
2010-04-16,3.982,4.102,0.12,1.0
2010-04-19,3.775,3.895,0.12,1.0
2010-04-20,3.736,3.8560000000000003,0.12,1.0
2010-04-21,3.833,3.9530000000000003,0.12,1.0
2010-04-22,3.812,3.932,0.12,1.0
2010-04-23,3.797,3.9170000000000003,0.12,1.0
2010-04-26,3.784,3.904,0.12,1.0
2010-04-27,3.708,3.8280000000000003,0.12,1.0
2010-04-28,3.7,3.8200000000000003,0.12,1.0
2010-04-29,3.627,3.747,0.12,1.0
2010-04-30,3.61,3.73,0.12,1.0
2010-05-04,3.551,3.6710000000000003,0.12,1.0
2010-05-05,3.584,3.704,0.12,1.0
2010-05-06,3.42,3.54,0.12,1.0
2010-05-07,3.332,3.452,0.12,1.0
2010-05-10,3.339,3.459,0.12,1.0
2010-05-11,3.266,3.386,0.12,1.0
2010-05-12,3.28,3.4,0.12,1.0
2010-05-13,3.368,3.488,0.12,1.0
2010-05-14,3.342,3.462,0.12,1.0
2010-05-17,3.149,3.269,0.12,1.0
2010-05-18,3.222,3.342,0.12,1.0
2010-05-19,3.215,3.335,0.12,1.0
2010-05-20,3.192,3.3120000000000003,0.12,1.0
2010-05-21,3.28,3.4,0.12,1.0
2010-05-24,3.414,3.5340000000000003,0.12,1.0
2010-05-25,3.341,3.4610000000000003,0.12,1.0
2010-05-26,3.344,3.464,0.12,1.0
2010-05-27,3.417,3.537,0.12,1.0
2010-05-28,3.401,3.521,0.12,1.0
2010-05-31,3.306,3.426,0.12,1.0
2010-06-01,3.263,3.383,0.12,1.0
2010-06-02,3.291,3.411,0.12,1.0
2010-06-03,3.265,3.3850000000000002,0.12,1.0
2010-06-04,3.299,3.419,0.12,1.0
2010-06-07,3.235,3.355,0.12,1.0
2010-06-08,3.262,3.382,0.12,1.0
2010-06-09,3.36,3.48,0.12,1.0
2010-06-10,3.331,3.451,0.12,1.0
2010-06-11,3.322,3.442,0.12,1.0
2010-06-17,3.293,3.4130000000000003,0.12,1.0
2010-06-18,3.203,3.323,0.12,1.0
2010-06-21,3.318,3.438,0.12,1.0
2010-06-22,3.333,3.4530000000000003,0.12,1.0
2010-06-23,3.304,3.424,0.12,1.0
2010-06-24,3.312,3.432,0.12,1.0
2010-06-25,3.257,3.3770000000000002,0.12,1.0
2010-06-28,3.227,3.347,0.12,1.0
2010-06-29,3.066,3.186,0.12,1.0
2010-06-30,3.007,3.1270000000000002,0.12,1.0
2010-07-01,2.964,3.084,0.12,1.0
2010-07-02,2.956,3.076,0.12,1.0
2010-07-05,2.944,3.064,0.12,1.0
2010-07-06,3.012,3.132,0.12,1.0
2010-07-07,3.052,3.172,0.12,1.0
2010-07-08,3.051,3.1710000000000003,0.12,1.0
2010-07-09,3.155,3.275,0.12,1.0
2010-07-12,3.19,3.31,0.12,1.0
2010-07-13,3.144,3.2640000000000002,0.12,1.0
2010-07-14,3.148,3.2680000000000002,0.12,1.0
2010-07-15,3.108,3.228,0.12,1.0
2010-07-16,3.134,3.254,0.12,1.0
2010-07-19,3.231,3.351,0.12,1.0
2010-07-20,3.314,3.434,0.12,1.0
2010-07-21,3.301,3.4210000000000003,0.12,1.0
2010-07-22,3.358,3.478,0.12,1.0
2010-07-23,3.372,3.492,0.12,1.0
2010-07-26,3.401,3.521,0.12,1.0
2010-07-27,3.397,3.517,0.12,1.0
2010-07-28,3.49,3.6100000000000003,0.12,1.0
2010-07-29,3.498,3.6180000000000003,0.12,1.0
2010-07-30,3.489,3.609,0.12,1.0
2010-08-02,3.567,3.6870000000000003,0.12,1.0
2010-08-03,3.487,3.607,0.12,1.0
2010-08-04,3.528,3.648,0.12,1.0
2010-08-05,3.489,3.609,0.12,1.0
2010-08-06,3.557,3.677,0.12,1.0
2010-08-09,3.575,3.6950000000000003,0.12,1.0
2010-08-10,3.466,3.5860000000000003,0.12,1.0
2010-08-11,3.493,3.613,0.12,1.0
2010-08-12,3.45,3.5700000000000003,0.12,1.0
2010-08-13,3.516,3.636,0.12,1.0
2010-08-16,3.613,3.733,0.12,1.0
2010-08-17,3.644,3.7640000000000002,0.12,1.0
2010-08-18,3.647,3.767,0.12,1.0
2010-08-19,3.66,3.7800000000000002,0.12,1.0
2010-08-20,3.58,3.7,0.12,1.0
2010-08-23,3.581,3.701,0.12,1.0
2010-08-24,3.62,3.74,0.12,1.0
2010-08-25,3.54,3.66,0.12,1.0
2010-08-26,3.56,3.68,0.12,1.0
2010-08-27,3.57,3.69,0.12,1.0
2010-08-30,3.667,3.787,0.12,1.0
2010-08-31,3.675,3.795,0.12,1.0
2010-09-01,3.644,3.7640000000000002,0.12,1.0
2010-09-02,3.698,3.818,0.12,1.0
2010-09-03,3.705,3.825,0.12,1.0
2010-09-06,3.757,3.8770000000000002,0.12,1.0
2010-09-07,3.779,3.899,0.12,1.0
2010-09-08,3.809,3.9290000000000003,0.12,1.0
2010-09-09,3.723,3.843,0.12,1.0
2010-09-10,3.752,3.872,0.12,1.0
2010-09-13,3.809,3.9290000000000003,0.12,1.0
2010-09-14,3.81,3.93,0.12,1.0
2010-09-15,3.73,3.85,0.12,1.0
2010-09-16,3.655,3.775,0.12,1.0
2010-09-17,3.668,3.7880000000000003,0.12,1.0
2010-09-20,3.647,3.767,0.12,1.0
2010-09-21,3.654,3.774,0.12,1.0
2010-09-27,3.738,3.858,0.12,1.0
2010-09-28,3.695,3.815,0.12,1.0
2010-09-29,3.671,3.791,0.12,1.0
2010-09-30,3.75,3.87,0.12,1.0
2010-10-08,3.898,4.018,0.12,1.0
2010-10-11,3.97,4.09,0.12,1.0
2010-10-12,4.023,4.143,0.12,1.0
2010-10-13,4.088,4.208,0.12,1.0
2010-10-14,4.026,4.146,0.12,1.0
2010-10-15,4.107,4.227,0.12,1.0
2010-10-18,4.061,4.181,0.12,1.0
2010-10-19,4.172,4.292,0.12,1.0
2010-10-20,4.202,4.322,0.12,1.0
2010-10-21,4.23,4.3500000000000005,0.12,1.0
2010-10-22,4.268,4.388,0.12,1.0
2010-10-25,4.422,4.542,0.12,1.0
2010-10-26,4.4,4.5200000000000005,0.12,1.0
2010-10-27,4.322,4.442,0.12,1.0
2010-10-28,4.315,4.4350000000000005,0.12,1.0
2010-10-29,4.32,4.44,0.12,1.0
2010-11-01,4.46,4.58,0.12,1.0
2010-11-02,4.426,4.546,0.12,1.0
2010-11-03,4.329,4.449,0.12,1.0
2010-11-04,4.414,4.534,0.12,1.0
2010-11-05,4.465,4.585,0.12,1.0
2010-11-08,4.495,4.615,0.12,1.0
2010-11-09,4.487,4.607,0.12,1.0
2010-11-10,4.485,4.605,0.12,1.0
2010-11-11,4.476,4.596,0.12,1.0
2010-11-12,4.148,4.268,0.12,1.0
2010-11-15,4.22,4.34,0.12,1.0
2010-11-16,4.013,4.133,0.12,1.0
2010-11-17,3.895,4.015,0.12,1.0
2010-11-18,3.966,4.086,0.12,1.0
2010-11-22,0.809,4.165,0.12,5.0
2010-11-23,0.795,4.095,0.12,5.0
2010-11-24,0.824,4.24,0.12,5.0
2010-11-25,0.831,4.2749999999999995,0.12,5.0
2010-11-26,0.83,4.27,0.12,5.0
2010-11-29,0.826,4.25,0.12,5.0
2010-11-30,0.812,4.180000000000001,0.12,5.0
2010-12-01,0.806,4.15,0.12,5.0
2010-12-02,0.813,4.185,0.12,5.0
2010-12-03,0.814,4.1899999999999995,0.12,5.0
2010-12-06,0.811,4.175000000000001,0.12,5.0
2010-12-07,0.831,4.2749999999999995,0.12,5.0
2010-12-08,0.819,4.215,0.12,5.0
2010-12-09,0.808,4.16,0.12,5.0
2010-12-10,0.817,4.205,0.12,5.0
2010-12-13,0.847,4.3549999999999995,0.12,5.0
2010-12-14,0.85,4.37,0.12,5.0
2010-12-15,0.843,4.335,0.12,5.0
2010-12-16,0.841,4.325,0.12,5.0
2010-12-17,0.843,4.335,0.12,5.0
2010-12-20,0.827,4.255,0.12,5.0
2010-12-21,0.847,4.3549999999999995,0.12,5.0
2010-12-22,0.837,4.305,0.12,5.0
2010-12-23,0.828,4.26,0.12,5.0
2010-12-24,0.819,4.215,0.12,5.0
2010-12-27,0.802,4.13,0.12,5.0
2010-12-28,0.786,4.05,0.12,5.0
2010-12-29,0.79,4.07,0.12,5.0
2010-12-30,0.795,4.095,0.12,5.0
2010-12-31,0.818,4.21,0.12,5.0
2011-01-04,0.831,4.2749999999999995,0.12,5.0
2011-01-05,0.826,4.25,0.12,5.0
2011-01-06,0.823,4.235,0.12,5.0
2011-01-07,0.82,4.22,0.12,5.0
2011-01-10,0.801,4.125,0.12,5.0
2011-01-11,0.804,4.140000000000001,0.12,5.0
2011-01-12,0.807,4.155,0.12,5.0
2011-01-13,0.806,4.15,0.12,5.0
2011-01-14,0.793,4.085,0.12,5.0
2011-01-17,0.758,3.91,0.12,5.0
2011-01-18,0.759,3.915,0.12,5.0
2011-01-19,0.781,4.025,0.12,5.0
2011-01-20,0.75,3.87,0.12,5.0
2011-01-21,0.755,3.895,0.12,5.0
2011-01-24,0.743,3.835,0.12,5.0
2011-01-25,0.741,3.825,0.12,5.0
2011-01-26,0.751,3.875,0.12,5.0
2011-01-27,0.763,3.935,0.12,5.0
2011-01-28,0.772,3.9800000000000004,0.12,5.0
2011-01-31,0.779,4.015,0.12,5.0
2011-02-01,0.779,4.015,0.12,5.0
2011-02-09,0.766,3.95,0.12,5.0
2011-02-10,0.791,4.075,0.12,5.0
2011-02-11,0.803,4.135000000000001,0.12,5.0
2011-02-14,0.827,4.255,0.12,5.0
2011-02-15,0.825,4.245,0.12,5.0
2011-02-16,0.84,4.32,0.12,5.0
2011-02-17,0.838,4.31,0.12,5.0
2011-02-18,0.828,4.26,0.12,5.0
2011-02-21,0.847,4.3549999999999995,0.12,5.0
2011-02-22,0.823,4.235,0.12,5.0
2011-02-23,0.824,4.24,0.12,5.0
2011-02-24,0.829,4.265,0.12,5.0
2011-02-25,0.832,4.28,0.12,5.0
2011-02-28,0.848,4.36,0.12,5.0
2011-03-01,0.848,4.36,0.12,5.0
2011-03-02,0.843,4.335,0.12,5.0
2011-03-03,0.833,4.285,0.12,5.0
2011-03-04,0.846,4.35,0.12,5.0
2011-03-07,0.862,4.43,0.12,5.0
2011-03-08,0.863,4.435,0.12,5.0
2011-03-09,0.861,4.425,0.12,5.0
2011-03-10,0.852,4.38,0.12,5.0
2011-03-11,0.842,4.33,0.12,5.0
2011-03-14,0.852,4.38,0.12,5.0
2011-03-15,0.835,4.295,0.12,5.0
2011-03-16,0.846,4.35,0.12,5.0
2011-03-17,0.83,4.27,0.12,5.0
2011-03-18,0.834,4.29,0.12,5.0
2011-03-21,0.828,4.26,0.12,5.0
2011-03-22,0.829,4.265,0.12,5.0
2011-03-23,0.841,4.325,0.12,5.0
2011-03-24,0.839,4.315,0.12,5.0
2011-03-25,0.853,4.385,0.12,5.0
2011-03-28,0.843,4.335,0.12,5.0
2011-03-29,0.828,4.26,0.12,5.0
2011-03-30,0.828,4.26,0.12,5.0
2011-03-31,0.819,4.215,0.12,5.0
2011-04-01,0.827,4.255,0.12,5.0
2011-04-06,0.828,4.26,0.12,5.0
2011-04-07,0.838,4.31,0.12,5.0
2011-04-08,0.85,4.37,0.12,5.0
2011-04-11,0.843,4.335,0.12,5.0
2011-04-12,0.839,4.315,0.12,5.0
2011-04-13,0.852,4.38,0.12,5.0
2011-04-14,0.844,4.34,0.12,5.0
2011-04-15,0.841,4.325,0.12,5.0
2011-04-18,0.845,4.345,0.12,5.0
2011-04-19,0.834,4.29,0.12,5.0
2011-04-20,0.833,4.285,0.12,5.0
2011-04-21,0.84,4.32,0.12,5.0
2011-04-22,0.834,4.29,0.12,5.0
2011-04-25,0.819,4.215,0.12,5.0
2011-04-26,0.814,4.1899999999999995,0.12,5.0
2011-04-27,0.807,4.155,0.12,5.0
2011-04-28,0.791,4.075,0.12,5.0
2011-04-29,0.802,4.13,0.12,5.0
2011-05-03,0.808,4.16,0.12,5.0
2011-05-04,0.787,4.055,0.12,5.0
2011-05-05,0.787,4.055,0.12,5.0
2011-05-06,0.788,4.0600000000000005,0.12,5.0
2011-05-09,0.795,4.095,0.12,5.0
2011-05-10,0.8,4.12,0.12,5.0
2011-05-11,0.799,4.115,0.12,5.0
2011-05-12,0.791,4.075,0.12,5.0
2011-05-13,0.796,4.1000000000000005,0.12,5.0
2011-05-16,0.787,4.055,0.12,5.0
2011-05-17,0.791,4.075,0.12,5.0
2011-05-18,0.797,4.105,0.12,5.0
2011-05-19,0.792,4.08,0.12,5.0
2011-05-20,0.793,4.085,0.12,5.0
2011-05-23,0.764,3.9400000000000004,0.12,5.0
2011-05-24,0.763,3.935,0.12,5.0
2011-05-25,0.757,3.9050000000000002,0.12,5.0
2011-05-26,0.751,3.875,0.12,5.0
2011-05-27,0.745,3.845,0.12,5.0
2011-05-30,0.74,3.8200000000000003,0.12,5.0
2011-05-31,0.754,3.89,0.12,5.0
2011-06-01,0.757,3.9050000000000002,0.12,5.0
2011-06-02,0.745,3.845,0.12,5.0
2011-06-03,0.755,3.895,0.12,5.0
2011-06-07,0.761,3.9250000000000003,0.12,5.0
2011-06-08,0.764,3.9400000000000004,0.12,5.0
2011-06-09,0.747,3.855,0.12,5.0
2011-06-10,0.751,3.875,0.12,5.0
2011-06-13,0.747,3.855,0.12,5.0
2011-06-14,0.761,3.9250000000000003,0.12,5.0
2011-06-15,0.751,3.875,0.12,5.0
2011-06-16,0.74,3.8200000000000003,0.12,5.0
2011-06-17,0.733,3.785,0.12,5.0
2011-06-20,0.727,3.755,0.12,5.0
2011-06-21,0.737,3.805,0.12,5.0
2011-06-22,0.738,3.81,0.12,5.0
2011-06-23,0.756,3.9000000000000004,0.12,5.0
2011-06-24,0.772,3.9800000000000004,0.12,5.0
2011-06-27,0.774,3.99,0.12,5.0
2011-06-28,0.776,4.0,0.12,5.0
2011-06-29,0.766,3.95,0.12,5.0
2011-06-30,0.779,4.015,0.12,5.0
2011-07-01,0.785,4.045,0.12,5.0
2011-07-04,0.804,4.140000000000001,0.12,5.0
2011-07-05,0.802,4.13,0.12,5.0
2011-07-06,0.804,4.140000000000001,0.12,5.0
2011-07-07,0.804,4.140000000000001,0.12,5.0
2011-07-08,0.806,4.15,0.12,5.0
2011-07-11,0.806,4.15,0.12,5.0
2011-07-12,0.795,4.095,0.12,5.0
2011-07-13,0.809,4.165,0.12,5.0
2011-07-14,0.809,4.165,0.12,5.0
2011-07-15,0.814,4.1899999999999995,0.12,5.0
2011-07-18,0.811,4.175000000000001,0.12,5.0
2011-07-19,0.804,4.140000000000001,0.12,5.0
2011-07-20,0.803,4.135000000000001,0.12,5.0
2011-07-21,0.795,4.095,0.12,5.0
2011-07-22,0.798,4.11,0.12,5.0
2011-07-25,0.77,3.97,0.12,5.0
2011-07-26,0.773,3.9850000000000003,0.12,5.0
2011-07-27,0.783,4.035,0.12,5.0
2011-07-28,0.779,4.015,0.12,5.0
2011-07-29,0.772,3.9800000000000004,0.12,5.0
2011-08-01,0.777,4.005,0.12,5.0
2011-08-02,0.77,3.97,0.12,5.0
2011-08-03,0.771,3.975,0.12,5.0
2011-08-04,0.772,3.9800000000000004,0.12,5.0
2011-08-05,0.759,3.915,0.12,5.0
2011-08-08,0.727,3.755,0.12,5.0
2011-08-09,0.727,3.755,0.12,5.0
2011-08-10,0.736,3.8,0.12,5.0
2011-08-11,0.748,3.8600000000000003,0.12,5.0
2011-08-12,0.749,3.865,0.12,5.0
2011-08-15,0.76,3.92,0.12,5.0
2011-08-16,0.753,3.8850000000000002,0.12,5.0
2011-08-17,0.75,3.87,0.12,5.0
2011-08-18,0.735,3.795,0.12,5.0
2011-08-19,0.73,3.77,0.12,5.0
2011-08-22,0.718,3.71,0.12,5.0
2011-08-23,0.729,3.765,0.12,5.0
2011-08-24,0.727,3.755,0.12,5.0
2011-08-25,0.748,3.8600000000000003,0.12,5.0
2011-08-26,0.749,3.865,0.12,5.0
2011-08-29,0.735,3.795,0.12,5.0
2011-08-30,0.732,3.7800000000000002,0.12,5.0
2011-08-31,0.736,3.8,0.12,5.0
2011-09-01,0.732,3.7800000000000002,0.12,5.0
2011-09-02,0.722,3.73,0.12,5.0
2011-09-05,0.706,3.65,0.12,5.0
2011-09-06,0.696,3.5999999999999996,0.12,5.0
2011-09-07,0.71,3.67,0.12,5.0
2011-09-08,0.705,3.645,0.12,5.0
2011-09-09,0.702,3.63,0.12,5.0
2011-09-13,0.693,3.585,0.12,5.0
2011-09-14,0.697,3.605,0.12,5.0
2011-09-15,0.698,3.61,0.12,5.0
2011-09-16,0.698,3.61,0.12,5.0
2011-09-19,0.685,3.5450000000000004,0.12,5.0
2011-09-20,0.687,3.5550000000000006,0.12,5.0
2011-09-21,0.706,3.65,0.12,5.0
2011-09-22,0.685,3.5450000000000004,0.12,5.0
2011-09-23,0.679,3.5150000000000006,0.12,5.0
2011-09-26,0.667,3.455,0.12,5.0
2011-09-27,0.673,3.4850000000000003,0.12,5.0
2011-09-28,0.666,3.45,0.12,5.0
2011-09-29,0.658,3.41,0.12,5.0
2011-09-30,0.655,3.3950000000000005,0.12,5.0
2011-10-10,0.649,3.365,0.12,5.0
2011-10-11,0.643,3.335,0.12,5.0
2011-10-12,0.666,3.45,0.12,5.0
2011-10-13,0.67,3.47,0.12,5.0
2011-10-14,0.667,3.455,0.12,5.0
2011-10-17,0.672,3.4800000000000004,0.12,5.0
2011-10-18,0.649,3.365,0.12,5.0
2011-10-19,0.645,3.345,0.12,5.0
2011-10-20,0.625,3.245,0.12,5.0
2011-10-21,0.618,3.21,0.12,5.0
2011-10-24,0.634,3.29,0.12,5.0
2011-10-25,0.65,3.37,0.12,5.0
2011-10-26,0.659,3.415,0.12,5.0
2011-10-27,0.659,3.415,0.12,5.0
2011-10-28,0.676,3.5000000000000004,0.12,5.0
2011-10-31,0.67,3.47,0.12,5.0
2011-11-01,0.669,3.4650000000000003,0.12,5.0
2011-11-02,0.68,3.5200000000000005,0.12,5.0
2011-11-03,0.682,3.5300000000000002,0.12,5.0
2011-11-04,0.687,3.5550000000000006,0.12,5.0
2011-11-07,0.681,3.5250000000000004,0.12,5.0
2011-11-08,0.679,3.5150000000000006,0.12,5.0
2011-11-09,0.687,3.5550000000000006,0.12,5.0
2011-11-10,0.674,3.49,0.12,5.0
2011-11-11,0.671,3.4750000000000005,0.12,5.0
2011-11-14,0.688,3.5599999999999996,0.12,5.0
2011-11-15,0.684,3.5400000000000005,0.12,5.0
2011-11-16,0.668,3.4600000000000004,0.12,5.0
2011-11-17,0.667,3.455,0.12,5.0
2011-11-18,0.648,3.3600000000000003,0.12,5.0
2011-11-21,0.65,3.37,0.12,5.0
2011-11-22,0.647,3.3550000000000004,0.12,5.0
2011-11-23,0.645,3.345,0.12,5.0
2011-11-24,0.645,3.345,0.12,5.0
2011-11-25,0.639,3.3150000000000004,0.12,5.0
2011-11-28,0.641,3.325,0.12,5.0
2011-11-29,0.65,3.37,0.12,5.0
2011-11-30,0.626,3.25,0.12,5.0
2011-12-01,0.641,3.325,0.12,5.0
2011-12-02,0.632,3.2800000000000002,0.12,5.0
2011-12-05,0.617,3.205,0.12,5.0
2011-12-06,0.617,3.205,0.12,5.0
2011-12-07,0.618,3.21,0.12,5.0
2011-12-08,0.619,3.215,0.12,5.0
2011-12-09,0.61,3.17,0.12,5.0
2011-12-12,0.604,3.14,0.12,5.0
2011-12-13,0.591,3.075,0.12,5.0
2011-12-14,0.583,3.035,0.12,5.0
2011-12-15,0.568,2.96,0.12,5.0
2011-12-16,0.582,3.03,0.12,5.0
2011-12-19,0.58,3.02,0.12,5.0
2011-12-20,0.58,3.02,0.12,5.0
2011-12-21,0.568,2.96,0.12,5.0
2011-12-22,0.567,2.955,0.12,5.0
2011-12-23,0.571,2.9749999999999996,0.12,5.0
2011-12-26,0.565,2.945,0.12,5.0
2011-12-27,0.555,2.8950000000000005,0.12,5.0
2011-12-28,0.555,2.8950000000000005,0.12,5.0
2011-12-29,0.558,2.91,0.12,5.0
2011-12-30,0.567,2.955,0.12,5.0
2012-01-04,0.552,2.8800000000000003,0.12,5.0
2012-01-05,0.543,2.8350000000000004,0.12,5.0
2012-01-06,0.547,2.8550000000000004,0.12,5.0
2012-01-09,0.568,2.96,0.12,5.0
2012-01-10,0.59,3.07,0.12,5.0
2012-01-11,0.587,3.0549999999999997,0.12,5.0
2012-01-12,0.586,3.05,0.12,5.0
2012-01-13,0.573,2.985,0.12,5.0
2012-01-16,0.558,2.91,0.12,5.0
2012-01-17,0.591,3.075,0.12,5.0
2012-01-18,0.578,3.01,0.12,5.0
2012-01-19,0.588,3.06,0.12,5.0
2012-01-20,0.599,3.115,0.12,5.0
2012-01-30,0.586,3.05,0.12,5.0
2012-01-31,0.588,3.06,0.12,5.0
2012-02-01,0.58,3.02,0.12,5.0
2012-02-02,0.593,3.085,0.12,5.0
2012-02-03,0.597,3.105,0.12,5.0
2012-02-06,0.598,3.11,0.12,5.0
2012-02-07,0.587,3.0549999999999997,0.12,5.0
2012-02-08,0.607,3.1550000000000002,0.12,5.0
2012-02-09,0.607,3.1550000000000002,0.12,5.0
2012-02-10,0.61,3.17,0.12,5.0
2012-02-13,0.609,3.165,0.12,5.0
2012-02-14,0.608,3.16,0.12,5.0
2012-02-15,0.617,3.205,0.12,5.0
2012-02-16,0.613,3.185,0.12,5.0
2012-02-17,0.614,3.19,0.12,5.0
2012-02-20,0.615,3.1950000000000003,0.12,5.0
2012-02-21,0.62,3.22,0.12,5.0
2012-02-22,0.631,3.2750000000000004,0.12,5.0
2012-02-23,0.636,3.3000000000000003,0.12,5.0
2012-02-24,0.65,3.37,0.12,5.0
2012-02-27,0.654,3.39,0.12,5.0
2012-02-28,0.649,3.365,0.12,5.0
2012-02-29,0.642,3.33,0.12,5.0
2012-03-01,0.642,3.33,0.12,5.0
2012-03-02,0.661,3.4250000000000003,0.12,5.0
2012-03-05,0.654,3.39,0.12,5.0
2012-03-06,0.645,3.345,0.12,5.0
2012-03-07,0.642,3.33,0.12,5.0
2012-03-08,0.649,3.365,0.12,5.0
2012-03-09,0.66,3.4200000000000004,0.12,5.0
2012-03-12,0.657,3.4050000000000002,0.12,5.0
2012-03-13,0.666,3.45,0.12,5.0
2012-03-14,0.642,3.33,0.12,5.0
2012-03-15,0.638,3.31,0.12,5.0
2012-03-16,0.65,3.37,0.12,5.0
2012-03-19,0.652,3.3800000000000003,0.12,5.0
2012-03-20,0.64,3.3200000000000003,0.12,5.0
2012-03-21,0.641,3.325,0.12,5.0
2012-03-22,0.639,3.3150000000000004,0.12,5.0
2012-03-23,0.627,3.255,0.12,5.0
2012-03-26,0.63,3.27,0.12,5.0
2012-03-27,0.626,3.25,0.12,5.0
2012-03-28,0.602,3.13,0.12,5.0
2012-03-29,0.597,3.105,0.12,5.0
2012-03-30,0.595,3.0949999999999998,0.12,5.0
2012-04-05,0.614,3.19,0.12,5.0
2012-04-06,0.619,3.215,0.12,5.0
2012-04-09,0.614,3.19,0.12,5.0
2012-04-10,0.619,3.215,0.12,5.0
2012-04-11,0.619,3.215,0.12,5.0
2012-04-12,0.632,3.2800000000000002,0.12,5.0
2012-04-13,0.638,3.31,0.12,5.0
2012-04-16,0.634,3.29,0.12,5.0
2012-04-17,0.624,3.24,0.12,5.0
2012-04-18,0.639,3.3150000000000004,0.12,5.0
2012-04-19,0.637,3.305,0.12,5.0
2012-04-20,0.642,3.33,0.12,5.0
2012-04-23,0.637,3.305,0.12,5.0
2012-04-24,0.633,3.285,0.12,5.0
2012-04-25,0.64,3.3200000000000003,0.12,5.0
2012-04-26,0.642,3.33,0.12,5.0
2012-04-27,0.641,3.325,0.12,5.0
2012-05-02,0.656,3.4000000000000004,0.12,5.0
2012-05-03,0.659,3.415,0.12,5.0
2012-05-04,0.664,3.4400000000000004,0.12,5.0
2012-05-07,0.666,3.45,0.12,5.0
2012-05-08,0.662,3.43,0.12,5.0
2012-05-09,0.65,3.37,0.12,5.0
2012-05-10,0.65,3.37,0.12,5.0
2012-05-11,0.645,3.345,0.12,5.0
2012-05-14,0.639,3.3150000000000004,0.12,5.0
2012-05-15,0.641,3.325,0.12,5.0
2012-05-16,0.631,3.2750000000000004,0.12,5.0
2012-05-17,0.639,3.3150000000000004,0.12,5.0
2012-05-18,0.63,3.27,0.12,5.0
2012-05-21,0.635,3.295,0.12,5.0
2012-05-22,0.647,3.3550000000000004,0.12,5.0
2012-05-23,0.646,3.35,0.12,5.0
2012-05-24,0.637,3.305,0.12,5.0
2012-05-25,0.628,3.2600000000000002,0.12,5.0
2012-05-28,0.646,3.35,0.12,5.0
2012-05-29,0.655,3.3950000000000005,0.12,5.0
2012-05-30,0.652,3.3800000000000003,0.12,5.0
2012-05-31,0.651,3.375,0.12,5.0
2012-06-01,0.65,3.37,0.12,5.0
2012-06-04,0.632,3.2800000000000002,0.12,5.0
2012-06-05,0.63,3.27,0.12,5.0
2012-06-06,0.629,3.265,0.12,5.0
2012-06-07,0.624,3.24,0.12,5.0
2012-06-08,0.621,3.225,0.12,5.0
2012-06-11,0.634,3.29,0.12,5.0
2012-06-12,0.63,3.27,0.12,5.0
2012-06-13,0.64,3.3200000000000003,0.12,5.0
2012-06-14,0.635,3.295,0.12,5.0
2012-06-15,0.633,3.285,0.12,5.0
2012-06-18,0.64,3.3200000000000003,0.12,5.0
2012-06-19,0.632,3.2800000000000002,0.12,5.0
2012-06-20,0.63,3.27,0.12,5.0
2012-06-21,0.622,3.23,0.12,5.0
2012-06-25,0.603,3.135,0.12,5.0
2012-06-26,0.604,3.14,0.12,5.0
2012-06-27,0.601,3.125,0.12,5.0
2012-06-28,0.598,3.11,0.12,5.0
2012-06-29,0.605,3.145,0.12,5.0
2012-07-02,0.607,3.1550000000000002,0.12,5.0
2012-07-03,0.608,3.16,0.12,5.0
2012-07-04,0.606,3.15,0.12,5.0
2012-07-05,0.598,3.11,0.12,5.0
2012-07-06,0.616,3.2,0.12,5.0
2012-07-09,0.603,3.135,0.12,5.0
2012-07-10,0.601,3.125,0.12,5.0
2012-07-11,0.606,3.15,0.12,5.0
2012-07-12,0.616,3.2,0.12,5.0
2012-07-13,0.618,3.21,0.12,5.0
2012-07-16,0.6,3.12,0.12,5.0
2012-07-17,0.602,3.13,0.12,5.0
2012-07-18,0.6,3.12,0.12,5.0
2012-07-19,0.601,3.125,0.12,5.0
2012-07-20,0.593,3.085,0.12,5.0
2012-07-23,0.584,3.04,0.12,5.0
2012-07-24,0.589,3.065,0.12,5.0
2012-07-25,0.583,3.035,0.12,5.0
2012-07-26,0.579,3.0149999999999997,0.12,5.0
2012-07-27,0.579,3.0149999999999997,0.12,5.0
2012-07-30,0.576,3.0,0.12,5.0
2012-07-31,0.573,2.985,0.12,5.0
2012-08-01,0.582,3.03,0.12,5.0
2012-08-02,0.571,2.9749999999999996,0.12,5.0
2012-08-03,0.578,3.01,0.12,5.0
2012-08-06,0.587,3.0549999999999997,0.12,5.0
2012-08-07,0.59,3.07,0.12,5.0
2012-08-08,0.589,3.065,0.12,5.0
2012-08-09,0.596,3.1,0.12,5.0
2012-08-10,0.592,3.08,0.12,5.0
2012-08-13,0.577,3.005,0.12,5.0
2012-08-14,0.58,3.02,0.12,5.0
2012-08-15,0.576,3.0,0.12,5.0
2012-08-16,0.575,2.995,0.12,5.0
2012-08-17,0.569,2.965,0.12,5.0
2012-08-20,0.567,2.955,0.12,5.0
2012-08-21,0.569,2.965,0.12,5.0
2012-08-22,0.562,2.9300000000000006,0.12,5.0
2012-08-23,0.564,2.94,0.12,5.0
2012-08-24,0.554,2.8900000000000006,0.12,5.0
2012-08-27,0.541,2.825,0.12,5.0
2012-08-28,0.541,2.825,0.12,5.0
2012-08-29,0.535,2.7950000000000004,0.12,5.0
2012-08-30,0.53,2.7700000000000005,0.12,5.0
2012-08-31,0.531,2.7750000000000004,0.12,5.0
2012-09-03,0.539,2.8150000000000004,0.12,5.0
2012-09-04,0.531,2.7750000000000004,0.12,5.0
2012-09-05,0.533,2.785,0.12,5.0
2012-09-06,0.537,2.805,0.12,5.0
2012-09-07,0.565,2.945,0.12,5.0
2012-09-10,0.566,2.9499999999999997,0.12,5.0
2012-09-11,0.563,2.9349999999999996,0.12,5.0
2012-09-12,0.567,2.955,0.12,5.0
2012-09-13,0.56,2.9200000000000004,0.12,5.0
2012-09-14,0.563,2.9349999999999996,0.12,5.0
2012-09-17,0.546,2.8500000000000005,0.12,5.0
2012-09-18,0.539,2.8150000000000004,0.12,5.0
2012-09-19,0.543,2.8350000000000004,0.12,5.0
2012-09-20,0.528,2.7600000000000002,0.12,5.0
2012-09-21,0.527,2.7550000000000003,0.12,5.0
2012-09-24,0.533,2.785,0.12,5.0
2012-09-25,0.533,2.785,0.12,5.0
2012-09-26,0.525,2.745,0.12,5.0
2012-09-27,0.543,2.8350000000000004,0.12,5.0
2012-09-28,0.555,2.8950000000000005,0.12,5.0
2012-10-08,0.546,2.8500000000000005,0.12,5.0
2012-10-09,0.559,2.9150000000000005,0.12,5.0
2012-10-10,0.562,2.9300000000000006,0.12,5.0
2012-10-11,0.556,2.9000000000000004,0.12,5.0
2012-10-12,0.555,2.8950000000000005,0.12,5.0
2012-10-15,0.552,2.8800000000000003,0.12,5.0
2012-10-16,0.552,2.8800000000000003,0.12,5.0
2012-10-17,0.553,2.8850000000000002,0.12,5.0
2012-10-18,0.564,2.94,0.12,5.0
2012-10-19,0.564,2.94,0.12,5.0
2012-10-22,0.566,2.9499999999999997,0.12,5.0
2012-10-23,0.557,2.9050000000000002,0.12,5.0
2012-10-24,0.555,2.8950000000000005,0.12,5.0
2012-10-25,0.551,2.8750000000000004,0.12,5.0
2012-10-26,0.537,2.805,0.12,5.0
2012-10-29,0.535,2.7950000000000004,0.12,5.0
2012-10-30,0.537,2.805,0.12,5.0
2012-10-31,0.54,2.8200000000000003,0.12,5.0
2012-11-01,0.552,2.8800000000000003,0.12,5.0
2012-11-02,0.555,2.8950000000000005,0.12,5.0
2012-11-05,0.553,2.8850000000000002,0.12,5.0
2012-11-06,0.548,2.8600000000000003,0.12,5.0
2012-11-07,0.547,2.8550000000000004,0.12,5.0
2012-11-08,0.535,2.7950000000000004,0.12,5.0
2012-11-09,0.532,2.7800000000000002,0.12,5.0
2012-11-12,0.536,2.8000000000000003,0.12,5.0
2012-11-13,0.527,2.7550000000000003,0.12,5.0
2012-11-14,0.527,2.7550000000000003,0.12,5.0
2012-11-15,0.52,2.72,0.12,5.0
2012-11-16,0.515,2.6950000000000003,0.12,5.0
2012-11-19,0.513,2.685,0.12,5.0
2012-11-20,0.514,2.6900000000000004,0.12,5.0
2012-11-21,0.52,2.72,0.12,5.0
2012-11-22,0.514,2.6900000000000004,0.12,5.0
2012-11-23,0.518,2.71,0.12,5.0
2012-11-26,0.512,2.68,0.12,5.0
2012-11-27,0.504,2.64,0.12,5.0
2012-11-28,0.498,2.6100000000000003,0.12,5.0
2012-11-29,0.496,2.6,0.12,5.0
2012-11-30,0.5,2.62,0.12,5.0
2012-12-03,0.489,2.565,0.12,5.0
2012-12-04,0.495,2.595,0.12,5.0
2012-12-05,0.514,2.6900000000000004,0.12,5.0
2012-12-06,0.512,2.68,0.12,5.0
2012-12-07,0.521,2.725,0.12,5.0
2012-12-10,0.528,2.7600000000000002,0.12,5.0
2012-12-11,0.524,2.74,0.12,5.0
2012-12-12,0.525,2.745,0.12,5.0
2012-12-13,0.52,2.72,0.12,5.0
2012-12-14,0.544,2.8400000000000003,0.12,5.0
2012-12-17,0.546,2.8500000000000005,0.12,5.0
2012-12-18,0.545,2.845,0.12,5.0
2012-12-19,0.548,2.8600000000000003,0.12,5.0
2012-12-20,0.552,2.8800000000000003,0.12,5.0
2012-12-21,0.551,2.8750000000000004,0.12,5.0
2012-12-24,0.551,2.8750000000000004,0.12,5.0
2012-12-25,0.566,2.9499999999999997,0.12,5.0
2012-12-26,0.569,2.965,0.12,5.0
2012-12-27,0.57,2.9699999999999998,0.12,5.0
2012-12-28,0.575,2.995,0.12,5.0
2012-12-31,0.581,3.025,0.12,5.0
2013-01-04,0.577,3.005,0.12,5.0
2013-01-07,0.578,3.01,0.12,5.0
2013-01-08,0.58,3.02,0.12,5.0
2013-01-09,0.582,3.03,0.12,5.0
2013-01-10,0.584,3.04,0.12,5.0
2013-01-11,0.575,2.995,0.12,5.0
2013-01-14,0.594,3.09,0.12,5.0
2013-01-15,0.601,3.125,0.12,5.0
2013-01-16,0.599,3.115,0.12,5.0
2013-01-17,0.596,3.1,0.12,5.0
2013-01-18,0.604,3.14,0.12,5.0
2013-01-21,0.613,3.185,0.12,5.0
2013-01-22,0.606,3.15,0.12,5.0
2013-01-23,0.609,3.165,0.12,5.0
2013-01-24,0.601,3.125,0.12,5.0
2013-01-25,0.598,3.11,0.12,5.0
2013-01-28,0.614,3.19,0.12,5.0
2013-01-29,0.618,3.21,0.12,5.0
2013-01-30,0.621,3.225,0.12,5.0
2013-01-31,0.618,3.21,0.12,5.0
2013-02-01,0.626,3.25,0.12,5.0
2013-02-04,0.621,3.225,0.12,5.0
2013-02-05,0.633,3.285,0.12,5.0
2013-02-06,0.631,3.2750000000000004,0.12,5.0
2013-02-07,0.634,3.29,0.12,5.0
2013-02-08,0.645,3.345,0.12,5.0
2013-02-18,0.632,3.2800000000000002,0.12,5.0
2013-02-19,0.617,3.205,0.12,5.0
2013-02-20,0.626,3.25,0.12,5.0
2013-02-21,0.613,3.185,0.12,5.0
2013-02-22,0.605,3.145,0.12,5.0
2013-02-25,0.606,3.15,0.12,5.0
2013-02-26,0.596,3.1,0.12,5.0
2013-02-27,0.603,3.135,0.12,5.0
2013-02-28,0.621,3.225,0.12,5.0
2013-03-01,0.623,3.2350000000000003,0.12,5.0
2013-03-04,0.592,3.08,0.12,5.0
2013-03-05,0.607,3.1550000000000002,0.12,5.0
2013-03-06,0.614,3.19,0.12,5.0
2013-03-07,0.61,3.17,0.12,5.0
2013-03-08,0.605,3.145,0.12,5.0
2013-03-11,0.604,3.14,0.12,5.0
2013-03-12,0.595,3.0949999999999998,0.12,5.0
2013-03-13,0.589,3.065,0.12,5.0
2013-03-14,0.589,3.065,0.12,5.0
2013-03-15,0.588,3.06,0.12,5.0
2013-03-18,0.584,3.04,0.12,5.0
2013-03-19,0.587,3.0549999999999997,0.12,5.0
2013-03-20,0.605,3.145,0.12,5.0
2013-03-21,0.607,3.1550000000000002,0.12,5.0
2013-03-22,0.609,3.165,0.12,5.0
2013-03-25,0.608,3.16,0.12,5.0
2013-03-26,0.601,3.125,0.12,5.0
2013-03-27,0.602,3.13,0.12,5.0
2013-03-28,0.587,3.0549999999999997,0.12,5.0
2013-03-29,0.582,3.03,0.12,5.0
2013-04-01,0.586,3.05,0.12,5.0
2013-04-02,0.586,3.05,0.12,5.0
2013-04-03,0.583,3.035,0.12,5.0
2013-04-08,0.583,3.035,0.12,5.0
2013-04-09,0.587,3.0549999999999997,0.12,5.0
2013-04-10,0.585,3.045,0.12,5.0
2013-04-11,0.583,3.035,0.12,5.0
2013-04-12,0.579,3.0149999999999997,0.12,5.0
2013-04-15,0.571,2.9749999999999996,0.12,5.0
2013-04-16,0.579,3.0149999999999997,0.12,5.0
2013-04-17,0.582,3.03,0.12,5.0
2013-04-18,0.584,3.04,0.12,5.0
2013-04-19,0.597,3.105,0.12,5.0
2013-04-22,0.596,3.1,0.12,5.0
2013-04-23,0.578,3.01,0.12,5.0
2013-04-24,0.589,3.065,0.12,5.0
2013-04-25,0.581,3.025,0.12,5.0
2013-04-26,0.575,2.995,0.12,5.0
2013-05-02,0.575,2.995,0.12,5.0
2013-05-03,0.586,3.05,0.12,5.0
2013-05-06,0.598,3.11,0.12,5.0
2013-05-07,0.598,3.11,0.12,5.0
2013-05-08,0.602,3.13,0.12,5.0
2013-05-09,0.601,3.125,0.12,5.0
2013-05-10,0.602,3.13,0.12,5.0
2013-05-13,0.599,3.115,0.12,5.0
2013-05-14,0.589,3.065,0.12,5.0
2013-05-15,0.592,3.08,0.12,5.0
2013-05-16,0.609,3.165,0.12,5.0
2013-05-17,0.617,3.205,0.12,5.0
2013-05-20,0.624,3.24,0.12,5.0
2013-05-21,0.628,3.2600000000000002,0.12,5.0
2013-05-22,0.627,3.255,0.12,5.0
2013-05-23,0.622,3.23,0.12,5.0
2013-05-24,0.626,3.25,0.12,5.0
2013-05-27,0.626,3.25,0.12,5.0
2013-05-28,0.638,3.31,0.12,5.0
2013-05-29,0.636,3.3000000000000003,0.12,5.0
2013-05-30,0.635,3.295,0.12,5.0
2013-05-31,0.627,3.255,0.12,5.0
2013-06-03,0.626,3.25,0.12,5.0
2013-06-04,0.615,3.1950000000000003,0.12,5.0
2013-06-05,0.617,3.205,0.12,5.0
2013-06-06,0.609,3.165,0.12,5.0
2013-06-07,0.597,3.105,0.12,5.0
2013-06-13,0.576,3.0,0.12,5.0
2013-06-14,0.583,3.035,0.12,5.0
2013-06-17,0.58,3.02,0.12,5.0
2013-06-18,0.584,3.04,0.12,5.0
2013-06-19,0.581,3.025,0.12,5.0
2013-06-20,0.561,2.9250000000000003,0.12,5.0
2013-06-21,0.558,2.91,0.12,5.0
2013-06-24,0.518,2.71,0.12,5.0
2013-06-25,0.515,2.6950000000000003,0.12,5.0
2013-06-26,0.522,2.7300000000000004,0.12,5.0
2013-06-27,0.52,2.72,0.12,5.0
2013-06-28,0.528,2.7600000000000002,0.12,5.0
2013-07-01,0.533,2.785,0.12,5.0
2013-07-02,0.535,2.7950000000000004,0.12,5.0
2013-07-03,0.532,2.7800000000000002,0.12,5.0
2013-07-04,0.538,2.8100000000000005,0.12,5.0
2013-07-05,0.539,2.8150000000000004,0.12,5.0
2013-07-08,0.523,2.7350000000000003,0.12,5.0
2013-07-09,0.521,2.725,0.12,5.0
2013-07-10,0.538,2.8100000000000005,0.12,5.0
2013-07-11,0.562,2.9300000000000006,0.12,5.0
2013-07-12,0.551,2.8750000000000004,0.12,5.0
2013-07-15,0.561,2.9250000000000003,0.12,5.0
2013-07-16,0.568,2.96,0.12,5.0
2013-07-17,0.556,2.9000000000000004,0.12,5.0
2013-07-18,0.549,2.865,0.12,5.0
2013-07-19,0.533,2.785,0.12,5.0
2013-07-22,0.537,2.805,0.12,5.0
2013-07-23,0.556,2.9000000000000004,0.12,5.0
2013-07-24,0.557,2.9050000000000002,0.12,5.0
2013-07-25,0.55,2.87,0.12,5.0
2013-07-26,0.548,2.8600000000000003,0.12,5.0
2013-07-29,0.535,2.7950000000000004,0.12,5.0
2013-07-30,0.536,2.8000000000000003,0.12,5.0
2013-07-31,0.538,2.8100000000000005,0.12,5.0
2013-08-01,0.554,2.8900000000000006,0.12,5.0
2013-08-02,0.554,2.8900000000000006,0.12,5.0
2013-08-05,0.561,2.9250000000000003,0.12,5.0
2013-08-06,0.567,2.955,0.12,5.0
2013-08-07,0.563,2.9349999999999996,0.12,5.0
2013-08-08,0.565,2.945,0.12,5.0
2013-08-09,0.566,2.9499999999999997,0.12,5.0
2013-08-12,0.579,3.0149999999999997,0.12,5.0
2013-08-13,0.578,3.01,0.12,5.0
2013-08-14,0.576,3.0,0.12,5.0
2013-08-15,0.571,2.9749999999999996,0.12,5.0
2013-08-16,0.565,2.945,0.12,5.0
2013-08-19,0.568,2.96,0.12,5.0
2013-08-20,0.565,2.945,0.12,5.0
2013-08-21,0.566,2.9499999999999997,0.12,5.0
2013-08-22,0.565,2.945,0.12,5.0
2013-08-23,0.561,2.9250000000000003,0.12,5.0
2013-08-26,0.573,2.985,0.12,5.0
2013-08-27,0.574,2.9899999999999998,0.12,5.0
2013-08-28,0.569,2.965,0.12,5.0
2013-08-29,0.567,2.955,0.12,5.0
2013-08-30,0.563,2.9349999999999996,0.12,5.0
2013-09-02,0.57,2.9699999999999998,0.12,5.0
2013-09-03,0.577,3.005,0.12,5.0
2013-09-04,0.574,2.9899999999999998,0.12,5.0
2013-09-05,0.572,2.98,0.12,5.0
2013-09-06,0.572,2.98,0.12,5.0
2013-09-09,0.583,3.035,0.12,5.0
2013-09-10,0.59,3.07,0.12,5.0
2013-09-11,0.589,3.065,0.12,5.0
2013-09-12,0.591,3.075,0.12,5.0
2013-09-13,0.59,3.07,0.12,5.0
2013-09-16,0.589,3.065,0.12,5.0
2013-09-17,0.578,3.01,0.12,5.0
2013-09-18,0.577,3.005,0.12,5.0
2013-09-23,0.595,3.0949999999999998,0.12,5.0
2013-09-24,0.592,3.08,0.12,5.0
2013-09-25,0.588,3.06,0.12,5.0
2013-09-26,0.576,3.0,0.12,5.0
2013-09-27,0.579,3.0149999999999997,0.12,5.0
2013-09-30,0.582,3.03,0.12,5.0
2013-10-08,0.593,3.085,0.12,5.0
2013-10-09,0.595,3.0949999999999998,0.12,5.0
2013-10-10,0.594,3.09,0.12,5.0
2013-10-11,0.6,3.12,0.12,5.0
2013-10-14,0.601,3.125,0.12,5.0
2013-10-15,0.599,3.115,0.12,5.0
2013-10-16,0.586,3.05,0.12,5.0
2013-10-17,0.585,3.045,0.12,5.0
2013-10-18,0.589,3.065,0.12,5.0
2013-10-21,0.6,3.12,0.12,5.0
2013-10-22,0.592,3.08,0.12,5.0
2013-10-23,0.584,3.04,0.12,5.0
2013-10-24,0.582,3.03,0.12,5.0
2013-10-25,0.571,2.9749999999999996,0.12,5.0
2013-10-28,0.572,2.98,0.12,5.0
2013-10-29,0.57,2.9699999999999998,0.12,5.0
2013-10-30,0.58,3.02,0.12,5.0
2013-10-31,0.573,2.985,0.12,5.0
2013-11-01,0.573,2.985,0.12,5.0
2013-11-04,0.574,2.9899999999999998,0.12,5.0
2013-11-05,0.575,2.995,0.12,5.0
2013-11-06,0.568,2.96,0.12,5.0
2013-11-07,0.563,2.9349999999999996,0.12,5.0
2013-11-08,0.555,2.8950000000000005,0.12,5.0
2013-11-11,0.556,2.9000000000000004,0.12,5.0
2013-11-12,0.562,2.9300000000000006,0.12,5.0
2013-11-13,0.552,2.8800000000000003,0.12,5.0
2013-11-14,0.555,2.8950000000000005,0.12,5.0
2013-11-15,0.565,2.945,0.12,5.0
2013-11-18,0.579,3.0149999999999997,0.12,5.0
2013-11-19,0.577,3.005,0.12,5.0
2013-11-20,0.579,3.0149999999999997,0.12,5.0
2013-11-21,0.576,3.0,0.12,5.0
2013-11-22,0.573,2.985,0.12,5.0
2013-11-25,0.57,2.9699999999999998,0.12,5.0
2013-11-26,0.571,2.9749999999999996,0.12,5.0
2013-11-27,0.577,3.005,0.12,5.0
2013-11-28,0.583,3.035,0.12,5.0
2013-11-29,0.584,3.04,0.12,5.0
2013-12-02,0.569,2.965,0.12,5.0
2013-12-03,0.577,3.005,0.12,5.0
2013-12-04,0.586,3.05,0.12,5.0
2013-12-05,0.584,3.04,0.12,5.0
2013-12-06,0.582,3.03,0.12,5.0
2013-12-09,0.583,3.035,0.12,5.0
2013-12-10,0.584,3.04,0.12,5.0
2013-12-11,0.576,3.0,0.12,5.0
2013-12-12,0.575,2.995,0.12,5.0
2013-12-13,0.576,3.0,0.12,5.0
2013-12-16,0.568,2.96,0.12,5.0
2013-12-17,0.563,2.9349999999999996,0.12,5.0
2013-12-18,0.565,2.945,0.12,5.0
2013-12-19,0.561,2.9250000000000003,0.12,5.0
2013-12-20,0.55,2.87,0.12,5.0
2013-12-23,0.55,2.87,0.12,5.0
2013-12-24,0.554,2.8900000000000006,0.12,5.0
2013-12-25,0.558,2.91,0.12,5.0
2013-12-26,0.548,2.8600000000000003,0.12,5.0
2013-12-27,0.557,2.9050000000000002,0.12,5.0
2013-12-30,0.556,2.9000000000000004,0.12,5.0
2013-12-31,0.561,2.9250000000000003,0.12,5.0
2014-01-02,0.562,2.9300000000000006,0.12,5.0
2014-01-03,0.559,2.9150000000000005,0.12,5.0
2014-01-06,0.545,2.845,0.12,5.0
2014-01-07,0.545,2.845,0.12,5.0
2014-01-08,0.546,2.8500000000000005,0.12,5.0
2014-01-09,0.54,2.8200000000000003,0.12,5.0
2014-01-10,0.533,2.785,0.12,5.0
2014-01-13,0.528,2.7600000000000002,0.12,5.0
2014-01-14,0.535,2.7950000000000004,0.12,5.0
2014-01-15,0.537,2.805,0.12,5.0
2014-01-16,0.536,2.8000000000000003,0.12,5.0
2014-01-17,0.527,2.7550000000000003,0.12,5.0
2014-01-20,0.525,2.745,0.12,5.0
2014-01-21,0.53,2.7700000000000005,0.12,5.0
2014-01-22,0.546,2.8500000000000005,0.12,5.0
2014-01-23,0.544,2.8400000000000003,0.12,5.0
2014-01-24,0.551,2.8750000000000004,0.12,5.0
2014-01-27,0.544,2.8400000000000003,0.12,5.0
2014-01-28,0.543,2.8350000000000004,0.12,5.0
2014-01-29,0.543,2.8350000000000004,0.12,5.0
2014-01-30,0.535,2.7950000000000004,0.12,5.0
2014-02-07,0.539,2.8150000000000004,0.12,5.0
2014-02-10,0.556,2.9000000000000004,0.12,5.0
2014-02-11,0.557,2.9050000000000002,0.12,5.0
2014-02-12,0.559,2.9150000000000005,0.12,5.0
2014-02-13,0.556,2.9000000000000004,0.12,5.0
2014-02-14,0.558,2.91,0.12,5.0
2014-02-17,0.565,2.945,0.12,5.0
2014-02-18,0.558,2.91,0.12,5.0
2014-02-19,0.562,2.9300000000000006,0.12,5.0
2014-02-20,0.556,2.9000000000000004,0.12,5.0
2014-02-21,0.55,2.87,0.12,5.0
2014-02-24,0.54,2.8200000000000003,0.12,5.0
2014-02-25,0.522,2.7300000000000004,0.12,5.0
2014-02-26,0.524,2.74,0.12,5.0
2014-02-27,0.514,2.6900000000000004,0.12,5.0
2014-02-28,0.524,2.74,0.12,5.0
2014-03-03,0.528,2.7600000000000002,0.12,5.0
2014-03-04,0.525,2.745,0.12,5.0
2014-03-05,0.522,2.7300000000000004,0.12,5.0
2014-03-06,0.525,2.745,0.12,5.0
2014-03-07,0.522,2.7300000000000004,0.12,5.0
2014-03-10,0.507,2.6550000000000002,0.12,5.0
2014-03-11,0.51,2.67,0.12,5.0
2014-03-12,0.512,2.68,0.12,5.0
2014-03-13,0.518,2.71,0.12,5.0
2014-03-14,0.513,2.685,0.12,5.0
2014-03-17,0.52,2.72,0.12,5.0
2014-03-18,0.518,2.71,0.12,5.0
2014-03-19,0.511,2.6750000000000003,0.12,5.0
2014-03-20,0.501,2.625,0.12,5.0
2014-03-21,0.513,2.685,0.12,5.0
2014-03-24,0.516,2.7,0.12,5.0
2014-03-25,0.516,2.7,0.12,5.0
2014-03-26,0.517,2.705,0.12,5.0
2014-03-27,0.51,2.67,0.12,5.0
2014-03-28,0.506,2.6500000000000004,0.12,5.0
2014-03-31,0.507,2.6550000000000002,0.12,5.0
2014-04-01,0.514,2.6900000000000004,0.12,5.0
2014-04-02,0.517,2.705,0.12,5.0
2014-04-03,0.516,2.7,0.12,5.0
2014-04-04,0.519,2.7150000000000003,0.12,5.0
2014-04-08,0.528,2.7600000000000002,0.12,5.0
2014-04-09,0.53,2.7700000000000005,0.12,5.0
2014-04-10,0.533,2.785,0.12,5.0
2014-04-11,0.534,2.79,0.12,5.0
2014-04-14,0.534,2.79,0.12,5.0
2014-04-15,0.527,2.7550000000000003,0.12,5.0
2014-04-16,0.528,2.7600000000000002,0.12,5.0
2014-04-17,0.528,2.7600000000000002,0.12,5.0
2014-04-18,0.528,2.7600000000000002,0.12,5.0
2014-04-21,0.518,2.71,0.12,5.0
2014-04-22,0.519,2.7150000000000003,0.12,5.0
2014-04-23,0.519,2.7150000000000003,0.12,5.0
2014-04-24,0.519,2.7150000000000003,0.12,5.0
2014-04-25,0.512,2.68,0.12,5.0
2014-04-28,0.505,2.645,0.12,5.0
2014-04-29,0.51,2.67,0.12,5.0
2014-04-30,0.511,2.6750000000000003,0.12,5.0
2014-05-05,0.512,2.68,0.12,5.0
2014-05-06,0.512,2.68,0.12,5.0
2014-05-07,0.506,2.6500000000000004,0.12,5.0
2014-05-08,0.504,2.64,0.12,5.0
2014-05-09,0.504,2.64,0.12,5.0
2014-05-12,0.515,2.6950000000000003,0.12,5.0
2014-05-13,0.513,2.685,0.12,5.0
2014-05-14,0.515,2.6950000000000003,0.12,5.0
2014-05-15,0.506,2.6500000000000004,0.12,5.0
2014-05-16,0.507,2.6550000000000002,0.12,5.0
2014-05-19,0.502,2.63,0.12,5.0
2014-05-20,0.501,2.625,0.12,5.0
2014-05-21,0.506,2.6500000000000004,0.12,5.0
2014-05-22,0.506,2.6500000000000004,0.12,5.0
2014-05-23,0.511,2.6750000000000003,0.12,5.0
2014-05-26,0.514,2.6900000000000004,0.12,5.0
2014-05-27,0.512,2.68,0.12,5.0
2014-05-28,0.52,2.72,0.12,5.0
2014-05-29,0.515,2.6950000000000003,0.12,5.0
2014-05-30,0.517,2.705,0.12,5.0
2014-06-03,0.514,2.6900000000000004,0.12,5.0
2014-06-04,0.508,2.66,0.12,5.0
2014-06-05,0.515,2.6950000000000003,0.12,5.0
2014-06-06,0.513,2.685,0.12,5.0
2014-06-09,0.511,2.6750000000000003,0.12,5.0
2014-06-10,0.52,2.72,0.12,5.0
2014-06-11,0.519,2.7150000000000003,0.12,5.0
2014-06-12,0.519,2.7150000000000003,0.12,5.0
2014-06-13,0.525,2.745,0.12,5.0
2014-06-16,0.527,2.7550000000000003,0.12,5.0
2014-06-17,0.522,2.7300000000000004,0.12,5.0
2014-06-18,0.519,2.7150000000000003,0.12,5.0
2014-06-19,0.51,2.67,0.12,5.0
2014-06-20,0.511,2.6750000000000003,0.12,5.0
2014-06-23,0.514,2.6900000000000004,0.12,5.0
2014-06-24,0.518,2.71,0.12,5.0
2014-06-25,0.515,2.6950000000000003,0.12,5.0
2014-06-26,0.52,2.72,0.12,5.0
2014-06-27,0.522,2.7300000000000004,0.12,5.0
2014-06-30,0.525,2.745,0.12,5.0
2014-07-01,0.525,2.745,0.12,5.0
2014-07-02,0.527,2.7550000000000003,0.12,5.0
2014-07-03,0.529,2.765,0.12,5.0
2014-07-04,0.528,2.7600000000000002,0.12,5.0
2014-07-07,0.526,2.75,0.12,5.0
2014-07-08,0.529,2.765,0.12,5.0
2014-07-09,0.52,2.72,0.12,5.0
2014-07-10,0.517,2.705,0.12,5.0
2014-07-11,0.518,2.71,0.12,5.0
2014-07-14,0.525,2.745,0.12,5.0
2014-07-15,0.526,2.75,0.12,5.0
2014-07-16,0.523,2.7350000000000003,0.12,5.0
2014-07-17,0.518,2.71,0.12,5.0
2014-07-18,0.522,2.7300000000000004,0.12,5.0
2014-07-21,0.522,2.7300000000000004,0.12,5.0
2014-07-22,0.53,2.7700000000000005,0.12,5.0
2014-07-23,0.528,2.7600000000000002,0.12,5.0
2014-07-24,0.536,2.8000000000000003,0.12,5.0
2014-07-25,0.541,2.825,0.12,5.0
2014-07-28,0.555,2.8950000000000005,0.12,5.0
2014-07-29,0.56,2.9200000000000004,0.12,5.0
2014-07-30,0.559,2.9150000000000005,0.12,5.0
2014-07-31,0.568,2.96,0.12,5.0
2014-08-01,0.56,2.9200000000000004,0.12,5.0
2014-08-04,0.57,2.9699999999999998,0.12,5.0
2014-08-05,0.572,2.98,0.12,5.0
2014-08-06,0.572,2.98,0.12,5.0
2014-08-07,0.565,2.945,0.12,5.0
2014-08-08,0.568,2.96,0.12,5.0
2014-08-11,0.575,2.995,0.12,5.0
2014-08-12,0.574,2.9899999999999998,0.12,5.0
2014-08-13,0.572,2.98,0.12,5.0
2014-08-14,0.566,2.9499999999999997,0.12,5.0
2014-08-15,0.575,2.995,0.12,5.0
2014-08-18,0.58,3.02,0.12,5.0
2014-08-19,0.581,3.025,0.12,5.0
2014-08-20,0.58,3.02,0.12,5.0
2014-08-21,0.58,3.02,0.12,5.0
2014-08-22,0.584,3.04,0.12,5.0
2014-08-25,0.576,3.0,0.12,5.0
2014-08-26,0.568,2.96,0.12,5.0
2014-08-27,0.57,2.9699999999999998,0.12,5.0
2014-08-28,0.566,2.9499999999999997,0.12,5.0
2014-09-01,2.885,3.005,0.12,1.0
2014-09-02,2.922,3.0420000000000003,0.12,1.0
2014-09-03,2.945,3.065,0.12,1.0
2014-09-04,2.97,3.0900000000000003,0.12,1.0
2014-09-05,2.978,3.0980000000000003,0.12,1.0
2014-09-09,2.976,3.096,0.12,1.0
2014-09-10,2.969,3.089,0.12,1.0
2014-09-11,2.955,3.075,0.12,1.0
2014-09-12,2.977,3.097,0.12,1.0
2014-09-15,2.971,3.091,0.12,1.0
2014-09-16,2.893,3.013,0.12,1.0
2014-09-17,2.905,3.025,0.12,1.0
2014-09-18,2.912,3.032,0.12,1.0
2014-09-19,2.939,3.059,0.12,1.0
2014-09-22,2.878,2.998,0.12,1.0
2014-09-23,2.904,3.024,0.12,1.0
2014-09-24,2.958,3.0780000000000003,0.12,1.0
2014-09-25,2.955,3.075,0.12,1.0
2014-09-26,2.956,3.076,0.12,1.0
2014-09-29,2.967,3.087,0.12,1.0
2014-09-30,2.969,3.089,0.12,1.0
2014-10-08,3.009,3.129,0.12,1.0
2014-10-09,3.016,3.136,0.12,1.0
2014-10-10,3.011,3.1310000000000002,0.12,1.0
2014-10-13,3.0,3.12,0.12,1.0
2014-10-14,2.988,3.108,0.12,1.0
2014-10-15,3.008,3.128,0.12,1.0
2014-10-16,2.974,3.0940000000000003,0.12,1.0
2014-10-17,2.974,3.0940000000000003,0.12,1.0
2014-10-20,2.998,3.1180000000000003,0.12,1.0
2014-10-21,2.967,3.087,0.12,1.0
2014-10-22,2.945,3.065,0.12,1.0
2014-10-23,2.91,3.0300000000000002,0.12,1.0
2014-10-24,2.894,3.0140000000000002,0.12,1.0
2014-10-27,2.876,2.996,0.12,1.0
2014-10-28,2.938,3.0580000000000003,0.12,1.0
2014-10-29,2.972,3.092,0.12,1.0
2014-10-30,2.971,3.091,0.12,1.0
2014-10-31,3.011,3.1310000000000002,0.12,1.0
2014-11-03,3.013,3.133,0.12,1.0
2014-11-04,3.008,3.128,0.12,1.0
2014-11-05,3.007,3.1270000000000002,0.12,1.0
2014-11-06,3.016,3.136,0.12,1.0
2014-11-07,3.003,3.123,0.12,1.0
2014-11-10,3.06,3.18,0.12,1.0
2014-11-11,3.007,3.1270000000000002,0.12,1.0
2014-11-12,3.048,3.168,0.12,1.0
2014-11-13,3.013,3.133,0.12,1.0
2014-11-14,3.012,3.132,0.12,1.0
2014-11-17,3.007,3.1270000000000002,0.12,1.0
2014-11-18,2.994,3.1140000000000003,0.12,1.0
2014-11-19,2.999,3.119,0.12,1.0
2014-11-20,2.994,3.1140000000000003,0.12,1.0
2014-11-21,3.044,3.164,0.12,1.0
2014-11-24,3.121,3.241,0.12,1.0
2014-11-25,3.168,3.2880000000000003,0.12,1.0
2014-11-26,3.182,3.302,0.12,1.0
2014-11-27,3.205,3.325,0.12,1.0
2014-11-28,3.244,3.3640000000000003,0.12,1.0
2014-12-01,3.253,3.373,0.12,1.0
2014-12-02,3.343,3.463,0.12,1.0
2014-12-03,3.445,3.565,0.12,1.0
2014-12-04,3.57,3.69,0.12,1.0
2014-12-05,3.545,3.665,0.12,1.0
2014-12-08,3.686,3.806,0.12,1.0
2014-12-09,3.499,3.619,0.12,1.0
2014-12-10,3.665,3.785,0.12,1.0
2014-12-11,3.666,3.786,0.12,1.0
2014-12-12,3.68,3.8000000000000003,0.12,1.0
2014-12-15,3.695,3.815,0.12,1.0
2014-12-16,3.746,3.866,0.12,1.0
2014-12-17,3.754,3.874,0.12,1.0
2014-12-18,3.723,3.843,0.12,1.0
2014-12-19,3.711,3.831,0.12,1.0
2014-12-22,3.68,3.8000000000000003,0.12,1.0
2014-12-23,3.635,3.755,0.12,1.0
2014-12-24,3.566,3.686,0.12,1.0
2014-12-25,3.651,3.771,0.12,1.0
2014-12-26,3.751,3.871,0.12,1.0
2014-12-29,3.715,3.835,0.12,1.0
2014-12-30,3.681,3.801,0.12,1.0
2014-12-31,3.782,3.902,0.12,1.0
2015-01-05,3.918,4.038,0.12,1.0
2015-01-06,3.945,4.0649999999999995,0.12,1.0
2015-01-07,3.929,4.0489999999999995,0.12,1.0
2015-01-08,3.888,4.008,0.12,1.0
2015-01-09,3.843,3.963,0.12,1.0
2015-01-12,3.838,3.958,0.12,1.0
2015-01-13,3.861,3.9810000000000003,0.12,1.0
2015-01-14,3.825,3.9450000000000003,0.12,1.0
2015-01-15,3.907,4.027,0.12,1.0
2015-01-16,3.929,4.0489999999999995,0.12,1.0
2015-01-19,3.68,3.8000000000000003,0.12,1.0
2015-01-20,3.785,3.9050000000000002,0.12,1.0
2015-01-21,3.92,4.04,0.12,1.0
2015-01-22,3.957,4.077,0.12,1.0
2015-01-23,3.944,4.064,0.12,1.0
2015-01-26,4.031,4.151,0.12,1.0
2015-01-27,4.007,4.127,0.12,1.0
2015-01-28,3.94,4.06,0.12,1.0
2015-01-29,3.909,4.029,0.12,1.0
2015-01-30,3.876,3.996,0.12,1.0
2015-02-02,3.809,3.9290000000000003,0.12,1.0
2015-02-03,3.895,4.015,0.12,1.0
2015-02-04,3.854,3.974,0.12,1.0
2015-02-05,3.84,3.96,0.12,1.0
2015-02-06,3.752,3.872,0.12,1.0
2015-02-09,3.76,3.88,0.12,1.0
2015-02-10,3.851,3.971,0.12,1.0
2015-02-11,3.896,4.016,0.12,1.0
2015-02-12,3.914,4.034,0.12,1.0
2015-02-13,3.952,4.072,0.12,1.0
2015-02-16,4.033,4.1530000000000005,0.12,1.0
2015-02-17,4.075,4.195,0.12,1.0
2015-02-25,4.02,4.14,0.12,1.0
2015-02-26,4.1,4.22,0.12,1.0
2015-02-27,4.115,4.235,0.12,1.0
2015-03-02,4.173,4.293,0.12,1.0
2015-03-03,4.068,4.188,0.12,1.0
2015-03-04,4.126,4.246,0.12,1.0
2015-03-05,4.102,4.222,0.12,1.0
2015-03-06,4.044,4.164,0.12,1.0
2015-03-09,4.094,4.214,0.12,1.0
2015-03-10,4.113,4.2330000000000005,0.12,1.0
2015-03-11,4.102,4.222,0.12,1.0
2015-03-12,4.12,4.24,0.12,1.0
2015-03-13,4.155,4.275,0.12,1.0
2015-03-16,4.265,4.385,0.12,1.0
2015-03-17,4.312,4.432,0.12,1.0
2015-03-18,4.417,4.537,0.12,1.0
2015-03-19,4.39,4.51,0.12,1.0
2015-03-20,4.431,4.551,0.12,1.0
2015-03-23,4.519,4.639,0.12,1.0
2015-03-24,4.546,4.666,0.12,1.0
2015-03-25,4.538,4.658,0.12,1.0
2015-03-26,4.511,4.631,0.12,1.0
2015-03-27,4.553,4.673,0.12,1.0
2015-03-30,4.66,4.78,0.12,1.0
2015-03-31,4.641,4.761,0.12,1.0
2015-04-01,4.739,4.859,0.12,1.0
2015-04-02,4.762,4.882,0.12,1.0
2015-04-03,4.819,4.939,0.12,1.0
2015-04-07,4.896,5.016,0.12,1.0
2015-04-08,4.884,5.0040000000000004,0.12,1.0
2015-04-09,4.835,4.955,0.12,1.0
2015-04-10,4.968,5.088,0.12,1.0
2015-04-13,5.003,5.123,0.12,1.0
2015-04-14,4.98,5.1000000000000005,0.12,1.0
2015-04-15,4.85,4.97,0.12,1.0
2015-04-16,4.944,5.064,0.12,1.0
2015-04-17,4.997,5.117,0.12,1.0
2015-04-20,4.901,5.021,0.12,1.0
2015-04-21,5.123,5.243,0.12,1.0
2015-04-22,5.236,5.356,0.12,1.0
2015-04-23,5.27,5.39,0.12,1.0
2015-04-24,5.253,5.373,0.12,1.0
2015-04-27,5.294,5.414,0.12,1.0
2015-04-28,5.204,5.324,0.12,1.0
2015-04-29,5.28,5.4,0.12,1.0
2015-04-30,5.269,5.389,0.12,1.0
2015-05-04,5.293,5.413,0.12,1.0
2015-05-05,5.106,5.226,0.12,1.0
2015-05-06,5.066,5.186,0.12,1.0
2015-05-07,5.03,5.15,0.12,1.0
2015-05-08,5.16,5.28,0.12,1.0
2015-05-11,5.351,5.471,0.12,1.0
2015-05-12,5.41,5.53,0.12,1.0
2015-05-13,5.437,5.557,0.12,1.0
2015-05-14,5.399,5.519,0.12,1.0
2015-05-15,5.309,5.429,0.12,1.0
2015-05-18,5.32,5.44,0.12,1.0
2015-05-19,5.49,5.61,0.12,1.0
2015-05-20,5.535,5.655,0.12,1.0
2015-05-21,5.725,5.845,0.12,1.0
2015-05-22,5.807,5.9270000000000005,0.12,1.0
2015-05-25,5.935,6.055,0.12,1.0
2015-05-26,6.1,6.22,0.12,1.0
2015-05-27,6.07,6.19,0.12,1.0
2015-05-28,5.68,5.8,0.12,1.0
2015-05-29,5.734,5.854,0.12,1.0
2015-06-01,6.03,6.15,0.12,1.0
2015-06-02,6.147,6.267,0.12,1.0
2015-06-03,6.127,6.247,0.12,1.0
2015-06-04,6.111,6.231,0.12,1.0
2015-06-05,6.166,6.2860000000000005,0.12,1.0
2015-06-08,6.183,6.303,0.12,1.0
2015-06-09,6.156,6.276,0.12,1.0
2015-06-10,6.21,6.33,0.12,1.0
2015-06-11,6.229,6.349,0.12,1.0
2015-06-12,6.288,6.408,0.12,1.0
2015-06-15,6.183,6.303,0.12,1.0
2015-06-16,5.992,6.112,0.12,1.0
2015-06-17,6.07,6.19,0.12,1.0
2015-06-18,5.84,5.96,0.12,1.0
2015-06-19,5.48,5.6000000000000005,0.12,1.0
2015-06-23,5.703,5.823,0.12,1.0
2015-06-24,5.799,5.9190000000000005,0.12,1.0
2015-06-25,5.618,5.738,0.12,1.0
2015-06-26,5.056,5.176,0.12,1.0
2015-06-29,4.815,4.9350000000000005,0.12,1.0
2015-06-30,5.297,5.417,0.12,1.0
2015-07-01,5.051,5.171,0.12,1.0
2015-07-02,4.823,4.9430000000000005,0.12,1.0
2015-07-03,4.63,4.75,0.12,1.0
2015-07-06,4.619,4.739,0.12,1.0
2015-07-07,4.202,4.322,0.12,1.0
2015-07-08,3.782,3.902,0.12,1.0
2015-07-09,4.16,4.28,0.12,1.0
2015-07-10,4.576,4.696,0.12,1.0
2015-07-13,5.034,5.154,0.12,1.0
2015-07-14,4.814,4.934,0.12,1.0
2015-07-15,4.514,4.634,0.12,1.0
2015-07-16,4.66,4.78,0.12,1.0
2015-07-17,4.924,5.0440000000000005,0.12,1.0
2015-07-20,4.916,5.0360000000000005,0.12,1.0
2015-07-21,4.933,5.053,0.12,1.0
2015-07-22,4.927,5.047,0.12,1.0
2015-07-23,5.043,5.163,0.12,1.0
2015-07-24,4.92,5.04,0.12,1.0
2015-07-27,4.454,4.574,0.12,1.0
2015-07-28,4.529,4.649,0.12,1.0
2015-07-29,4.696,4.816,0.12,1.0
2015-07-30,4.527,4.647,0.12,1.0
2015-07-31,4.559,4.679,0.12,1.0
2015-08-03,4.526,4.646,0.12,1.0
2015-08-04,4.738,4.8580000000000005,0.12,1.0
2015-08-05,4.62,4.74,0.12,1.0
2015-08-06,4.588,4.708,0.12,1.0
2015-08-07,4.67,4.79,0.12,1.0
2015-08-10,4.866,4.986,0.12,1.0
2015-08-11,4.859,4.979,0.12,1.0
2015-08-12,4.785,4.905,0.12,1.0
2015-08-13,4.85,4.97,0.12,1.0
2015-08-14,4.852,4.972,0.12,1.0
2015-08-17,4.883,5.003,0.12,1.0
2015-08-18,4.59,4.71,0.12,1.0
2015-08-19,4.68,4.8,0.12,1.0
2015-08-20,4.553,4.673,0.12,1.0
2015-08-21,4.31,4.43,0.12,1.0
2015-08-24,3.879,3.999,0.12,1.0
2015-08-25,3.491,3.611,0.12,1.0
2015-08-26,3.518,3.638,0.12,1.0
2015-08-27,3.688,3.8080000000000003,0.12,1.0
2015-08-28,3.867,3.987,0.12,1.0
2015-08-31,3.825,3.9450000000000003,0.12,1.0
2015-09-01,3.739,3.859,0.12,1.0
2015-09-02,3.65,3.77,0.12,1.0
2015-09-07,3.689,3.809,0.12,1.0
2015-09-08,3.792,3.912,0.12,1.0
2015-09-09,3.924,4.044,0.12,1.0
2015-09-10,3.83,3.95,0.12,1.0
2015-09-11,3.828,3.948,0.12,1.0
2015-09-14,3.55,3.67,0.12,1.0
2015-09-15,3.34,3.46,0.12,1.0
2015-09-16,3.664,3.7840000000000003,0.12,1.0
2015-09-17,3.588,3.708,0.12,1.0
2015-09-18,3.614,3.734,0.12,1.0
2015-09-21,3.705,3.825,0.12,1.0
2015-09-22,3.731,3.851,0.12,1.0
2015-09-23,3.664,3.7840000000000003,0.12,1.0
2015-09-24,3.691,3.811,0.12,1.0
2015-09-25,3.59,3.71,0.12,1.0
2015-09-28,3.644,3.7640000000000002,0.12,1.0
2015-09-29,3.583,3.7030000000000003,0.12,1.0
2015-09-30,3.597,3.717,0.12,1.0
2015-10-08,3.741,3.861,0.12,1.0
2015-10-09,3.8,3.92,0.12,1.0
2015-10-12,3.985,4.1049999999999995,0.12,1.0
2015-10-13,3.985,4.1049999999999995,0.12,1.0
2015-10-14,3.934,4.054,0.12,1.0
2015-10-15,4.043,4.163,0.12,1.0
2015-10-16,4.083,4.203,0.12,1.0
2015-10-19,4.091,4.211,0.12,1.0
2015-10-20,4.178,4.298,0.12,1.0
2015-10-21,3.969,4.0889999999999995,0.12,1.0
2015-10-22,4.08,4.2,0.12,1.0
2015-10-23,4.175,4.295,0.12,1.0
2015-10-26,4.2,4.32,0.12,1.0
2015-10-27,4.21,4.33,0.12,1.0
2015-10-28,4.134,4.2540000000000004,0.12,1.0
2015-10-29,4.152,4.272,0.12,1.0
2015-10-30,4.145,4.265,0.12,1.0
2015-11-02,4.054,4.174,0.12,1.0
2015-11-03,4.039,4.159,0.12,1.0
2015-11-04,4.336,4.456,0.12,1.0
2015-11-05,4.353,4.473,0.12,1.0
2015-11-06,4.497,4.617,0.12,1.0
2015-11-09,4.556,4.676,0.12,1.0
2015-11-10,4.54,4.66,0.12,1.0
2015-11-11,4.558,4.678,0.12,1.0
2015-11-12,4.552,4.672,0.12,1.0
2015-11-13,4.476,4.596,0.12,1.0
2015-11-16,4.525,4.6450000000000005,0.12,1.0
2015-11-17,4.525,4.6450000000000005,0.12,1.0
2015-11-18,4.428,4.548,0.12,1.0
2015-11-19,4.54,4.66,0.12,1.0
2015-11-20,4.531,4.651,0.12,1.0
2015-11-23,4.473,4.593,0.12,1.0
2015-11-24,4.512,4.632,0.12,1.0
2015-11-25,4.554,4.674,0.12,1.0
2015-11-26,4.517,4.6370000000000005,0.12,1.0
2015-11-27,4.22,4.34,0.12,1.0
2015-11-30,4.262,4.382,0.12,1.0
2015-12-01,4.311,4.431,0.12,1.0
2015-12-02,4.465,4.585,0.12,1.0
2015-12-03,4.51,4.63,0.12,1.0
2015-12-04,4.478,4.598,0.12,1.0
2015-12-07,4.476,4.596,0.12,1.0
2015-12-08,4.393,4.513,0.12,1.0
2015-12-09,4.432,4.5520000000000005,0.12,1.0
2015-12-10,4.435,4.555,0.12,1.0
2015-12-11,4.435,4.555,0.12,1.0
2015-12-14,4.569,4.689,0.12,1.0
2015-12-15,4.557,4.6770000000000005,0.12,1.0
2015-12-16,4.555,4.675,0.12,1.0
2015-12-17,4.681,4.801,0.12,1.0
2015-12-18,4.696,4.816,0.12,1.0
2015-12-21,4.818,4.938,0.12,1.0
2015-12-22,4.845,4.965,0.12,1.0
2015-12-23,4.827,4.947,0.12,1.0
2015-12-24,4.76,4.88,0.12,1.0
2015-12-25,4.78,4.9,0.12,1.0
2015-12-28,4.673,4.793,0.12,1.0
2015-12-29,4.717,4.837,0.12,1.0
2015-12-30,4.716,4.836,0.12,1.0
2015-12-31,4.652,4.772,0.12,1.0
2016-01-04,4.286,4.406,0.12,1.0
2016-01-05,4.285,4.405,0.12,1.0
2016-01-06,4.355,4.4750000000000005,0.12,1.0
2016-01-07,4.028,4.148,0.12,1.0
2016-01-08,4.09,4.21,0.12,1.0
2016-01-11,3.861,3.9810000000000003,0.12,1.0
2016-01-12,3.925,4.045,0.12,1.0
2016-01-13,3.86,3.98,0.12,1.0
2016-01-14,3.973,4.093,0.12,1.0
2016-01-15,3.811,3.931,0.12,1.0
2016-01-18,3.856,3.976,0.12,1.0
2016-01-19,3.965,4.085,0.12,1.0
2016-01-20,3.902,4.022,0.12,1.0
2016-01-21,3.79,3.91,0.12,1.0
2016-01-22,3.814,3.934,0.12,1.0
2016-01-25,3.833,3.9530000000000003,0.12,1.0
2016-01-26,3.602,3.722,0.12,1.0
2016-01-27,3.614,3.734,0.12,1.0
2016-01-28,3.515,3.6350000000000002,0.12,1.0
2016-01-29,3.63,3.75,0.12,1.0
2016-02-01,3.591,3.7110000000000003,0.12,1.0
2016-02-02,3.68,3.8000000000000003,0.12,1.0
2016-02-03,3.681,3.801,0.12,1.0
2016-02-04,3.72,3.8400000000000003,0.12,1.0
2016-02-05,3.671,3.791,0.12,1.0
2016-02-15,3.652,3.7720000000000002,0.12,1.0
2016-02-16,3.76,3.88,0.12,1.0
2016-02-17,3.796,3.916,0.12,1.0
2016-02-18,3.768,3.888,0.12,1.0
2016-02-19,3.769,3.8890000000000002,0.12,1.0
2016-02-22,3.839,3.959,0.12,1.0
2016-02-23,3.81,3.93,0.12,1.0
2016-02-24,3.821,3.9410000000000003,0.12,1.0
2016-02-25,3.58,3.7,0.12,1.0
2016-02-26,3.589,3.709,0.12,1.0
2016-02-29,3.435,3.555,0.12,1.0
2016-03-01,3.516,3.636,0.12,1.0
2016-03-02,3.67,3.79,0.12,1.0
2016-03-03,3.65,3.77,0.12,1.0
2016-03-04,3.643,3.763,0.12,1.0
2016-03-07,3.68,3.8000000000000003,0.12,1.0
2016-03-08,3.676,3.7960000000000003,0.12,1.0
2016-03-09,3.62,3.74,0.12,1.0
2016-03-10,3.587,3.7070000000000003,0.12,1.0
2016-03-11,3.582,3.702,0.12,1.0
2016-03-14,3.675,3.795,0.12,1.0
2016-03-15,3.631,3.751,0.12,1.0
2016-03-16,3.613,3.733,0.12,1.0
2016-03-17,3.71,3.83,0.12,1.0
2016-03-18,3.805,3.9250000000000003,0.12,1.0
2016-03-21,3.91,4.03,0.12,1.0
2016-03-22,3.871,3.991,0.12,1.0
2016-03-23,3.907,4.027,0.12,1.0
2016-03-24,3.87,3.99,0.12,1.0
2016-03-25,3.88,4.0,0.12,1.0
2016-03-28,3.828,3.948,0.12,1.0
2016-03-29,3.775,3.895,0.12,1.0
2016-03-30,3.909,4.029,0.12,1.0
2016-03-31,3.895,4.015,0.12,1.0
2016-04-01,3.892,4.012,0.12,1.0
2016-04-05,3.962,4.082,0.12,1.0
2016-04-06,3.96,4.08,0.12,1.0
2016-04-07,3.895,4.015,0.12,1.0
2016-04-08,3.851,3.971,0.12,1.0
2016-04-11,3.91,4.03,0.12,1.0
2016-04-12,3.896,4.016,0.12,1.0
2016-04-13,3.95,4.07,0.12,1.0
2016-04-14,3.975,4.095,0.12,1.0
2016-04-15,3.951,4.071,0.12,1.0
2016-04-18,3.888,4.008,0.12,1.0
2016-04-19,3.908,4.028,0.12,1.0
2016-04-20,3.782,3.902,0.12,1.0
2016-04-21,3.762,3.882,0.12,1.0
2016-04-22,3.786,3.906,0.12,1.0
2016-04-25,3.77,3.89,0.12,1.0
2016-04-26,3.799,3.919,0.12,1.0
2016-04-27,3.794,3.914,0.12,1.0
2016-04-28,3.782,3.902,0.12,1.0
2016-04-29,3.799,3.919,0.12,1.0
2016-05-03,3.881,4.0009999999999994,0.12,1.0
2016-05-04,3.861,3.9810000000000003,0.12,1.0
2016-05-05,3.878,3.998,0.12,1.0
2016-05-06,3.777,3.8970000000000002,0.12,1.0
2016-05-09,3.692,3.8120000000000003,0.12,1.0
2016-05-10,3.695,3.815,0.12,1.0
2016-05-11,3.703,3.823,0.12,1.0
2016-05-12,3.709,3.829,0.12,1.0
2016-05-13,3.694,3.814,0.12,1.0
2016-05-16,3.721,3.841,0.12,1.0
2016-05-17,3.727,3.847,0.12,1.0
2016-05-18,3.68,3.8000000000000003,0.12,1.0
2016-05-19,3.691,3.811,0.12,1.0
2016-05-20,3.703,3.823,0.12,1.0
2016-05-23,3.729,3.849,0.12,1.0
2016-05-24,3.702,3.822,0.12,1.0
2016-05-25,3.698,3.818,0.12,1.0
2016-05-26,3.698,3.818,0.12,1.0
2016-05-27,3.703,3.823,0.12,1.0
2016-05-30,3.687,3.807,0.12,1.0
2016-05-31,3.812,3.932,0.12,1.0
2016-06-01,3.805,3.9250000000000003,0.12,1.0
2016-06-02,3.825,3.9450000000000003,0.12,1.0
2016-06-03,3.914,4.034,0.12,1.0
2016-06-06,3.899,4.019,0.12,1.0
2016-06-07,3.898,4.018,0.12,1.0
2016-06-08,3.885,4.005,0.12,1.0
2016-06-13,3.727,3.847,0.12,1.0
2016-06-14,3.74,3.8600000000000003,0.12,1.0
2016-06-15,3.83,3.95,0.12,1.0
2016-06-16,3.791,3.911,0.12,1.0
2016-06-17,3.815,3.935,0.12,1.0
2016-06-20,3.807,3.927,0.12,1.0
2016-06-21,3.798,3.918,0.12,1.0
2016-06-22,3.85,3.97,0.12,1.0
2016-06-23,3.825,3.9450000000000003,0.12,1.0
2016-06-24,3.79,3.91,0.12,1.0
2016-06-27,3.855,3.975,0.12,1.0
2016-06-28,3.875,3.995,0.12,1.0
2016-06-29,3.873,3.9930000000000003,0.12,1.0
2016-06-30,3.893,4.013,0.12,1.0
2016-07-01,3.894,4.014,0.12,1.0
2016-07-04,3.96,4.08,0.12,1.0
2016-07-05,3.946,4.066,0.12,1.0
2016-07-06,3.974,4.094,0.12,1.0
2016-07-07,3.96,4.08,0.12,1.0
2016-07-08,3.969,4.0889999999999995,0.12,1.0
2016-07-11,3.96,4.08,0.12,1.0
2016-07-12,4.042,4.162,0.12,1.0
2016-07-13,4.065,4.1850000000000005,0.12,1.0
2016-07-14,4.056,4.176,0.12,1.0
2016-07-15,4.066,4.186,0.12,1.0
2016-07-18,4.031,4.151,0.12,1.0
2016-07-19,4.029,4.149,0.12,1.0
2016-07-20,4.028,4.148,0.12,1.0
2016-07-21,4.033,4.1530000000000005,0.12,1.0
2016-07-22,4.006,4.126,0.12,1.0
2016-07-25,4.02,4.14,0.12,1.0
2016-07-26,4.072,4.192,0.12,1.0
2016-07-27,3.932,4.052,0.12,1.0
2016-07-28,3.95,4.07,0.12,1.0
2016-07-29,3.936,4.056,0.12,1.0
2016-08-01,3.875,3.995,0.12,1.0
2016-08-02,3.895,4.015,0.12,1.0
2016-08-03,3.905,4.0249999999999995,0.12,1.0
2016-08-04,3.947,4.067,0.12,1.0
2016-08-05,3.953,4.0729999999999995,0.12,1.0
2016-08-08,4.0,4.12,0.12,1.0
2016-08-09,4.04,4.16,0.12,1.0
2016-08-10,4.015,4.135,0.12,1.0
2016-08-11,3.98,4.1,0.12,1.0
2016-08-12,4.056,4.176,0.12,1.0
2016-08-15,4.195,4.315,0.12,1.0
2016-08-16,4.202,4.322,0.12,1.0
2016-08-17,4.192,4.312,0.12,1.0
2016-08-18,4.185,4.305,0.12,1.0
2016-08-19,4.181,4.301,0.12,1.0
2016-08-22,4.126,4.246,0.12,1.0
2016-08-23,4.134,4.2540000000000004,0.12,1.0
2016-08-24,4.125,4.245,0.12,1.0
2016-08-25,4.106,4.226,0.12,1.0
2016-08-26,4.094,4.214,0.12,1.0
2016-08-29,4.099,4.219,0.12,1.0
2016-08-30,4.106,4.226,0.12,1.0
2016-08-31,4.137,4.257,0.12,1.0
2016-09-01,4.089,4.2090000000000005,0.12,1.0
2016-09-02,4.097,4.2170000000000005,0.12,1.0
2016-09-05,4.129,4.249,0.12,1.0
2016-09-06,4.187,4.307,0.12,1.0
2016-09-07,4.174,4.2940000000000005,0.12,1.0
2016-09-08,4.172,4.292,0.12,1.0
2016-09-09,4.128,4.248,0.12,1.0
2016-09-12,4.017,4.1370000000000005,0.12,1.0
2016-09-13,4.041,4.1610000000000005,0.12,1.0
2016-09-14,4.018,4.138,0.12,1.0
2016-09-19,4.058,4.178,0.12,1.0
2016-09-20,4.048,4.168,0.12,1.0
2016-09-21,4.072,4.192,0.12,1.0
2016-09-22,4.118,4.238,0.12,1.0
2016-09-23,4.085,4.205,0.12,1.0
2016-09-26,4.006,4.126,0.12,1.0
2016-09-27,4.033,4.1530000000000005,0.12,1.0
2016-09-28,4.029,4.149,0.12,1.0
2016-09-29,4.051,4.171,0.12,1.0
2016-09-30,4.077,4.197,0.12,1.0
2016-10-10,4.118,4.238,0.12,1.0
2016-10-11,4.123,4.243,0.12,1.0
2016-10-12,4.125,4.245,0.12,1.0
2016-10-13,4.127,4.247,0.12,1.0
2016-10-14,4.126,4.246,0.12,1.0
2016-10-17,4.077,4.197,0.12,1.0
2016-10-18,4.132,4.252,0.12,1.0
2016-10-19,4.114,4.234,0.12,1.0
2016-10-20,4.13,4.25,0.12,1.0
2016-10-21,4.129,4.249,0.12,1.0
2016-10-24,4.156,4.276,0.12,1.0
2016-10-25,4.158,4.2780000000000005,0.12,1.0
2016-10-26,4.15,4.2700000000000005,0.12,1.0
2016-10-27,4.136,4.256,0.12,1.0
2016-10-28,4.128,4.248,0.12,1.0
2016-10-31,4.126,4.246,0.12,1.0
2016-11-01,4.16,4.28,0.12,1.0
2016-11-02,4.119,4.239,0.12,1.0
2016-11-03,4.144,4.264,0.12,1.0
2016-11-04,4.117,4.237,0.12,1.0
2016-11-07,4.111,4.231,0.12,1.0
2016-11-08,4.138,4.258,0.12,1.0
2016-11-09,4.123,4.243,0.12,1.0
2016-11-10,4.185,4.305,0.12,1.0
2016-11-11,4.2,4.32,0.12,1.0
2016-11-14,4.201,4.321,0.12,1.0
2016-11-15,4.221,4.341,0.12,1.0
2016-11-16,4.225,4.345,0.12,1.0
2016-11-17,4.218,4.338,0.12,1.0
2016-11-18,4.2,4.32,0.12,1.0
2016-11-21,4.201,4.321,0.12,1.0
2016-11-22,4.238,4.3580000000000005,0.12,1.0
2016-11-23,4.256,4.376,0.12,1.0
2016-11-24,4.275,4.3950000000000005,0.12,1.0
2016-11-25,4.311,4.431,0.12,1.0
2016-11-28,4.328,4.448,0.12,1.0
2016-11-29,4.34,4.46,0.12,1.0
2016-11-30,4.33,4.45,0.12,1.0
2016-12-01,4.373,4.493,0.12,1.0
2016-12-02,4.312,4.432,0.12,1.0
2016-12-05,4.214,4.3340000000000005,0.12,1.0
2016-12-06,4.216,4.336,0.12,1.0
2016-12-07,4.227,4.347,0.12,1.0
2016-12-08,4.224,4.344,0.12,1.0
2016-12-09,4.225,4.345,0.12,1.0
2016-12-12,4.047,4.167,0.12,1.0
2016-12-13,4.052,4.172,0.12,1.0
2016-12-14,4.001,4.121,0.12,1.0
2016-12-15,3.99,4.11,0.12,1.0
2016-12-16,4.011,4.131,0.12,1.0
2016-12-19,3.978,4.098,0.12,1.0
2016-12-20,3.959,4.079,0.12,1.0
2016-12-21,3.98,4.1,0.12,1.0
2016-12-22,3.98,4.1,0.12,1.0
2016-12-23,3.934,4.054,0.12,1.0
2016-12-26,3.955,4.075,0.12,1.0
2016-12-27,3.951,4.071,0.12,1.0
2016-12-28,3.929,4.0489999999999995,0.12,1.0
2016-12-29,3.93,4.05,0.12,1.0
2016-12-30,3.938,4.058,0.12,1.0
2017-01-03,3.983,4.103,0.12,1.0
2017-01-04,4.035,4.155,0.12,1.0
2017-01-05,4.021,4.141,0.12,1.0
2017-01-06,3.991,4.111,0.12,1.0
2017-01-09,4.006,4.126,0.12,1.0
2017-01-10,4.005,4.125,0.12,1.0
2017-01-11,3.979,4.099,0.12,1.0
2017-01-12,3.958,4.078,0.12,1.0
2017-01-13,3.921,4.0409999999999995,0.12,1.0
2017-01-16,3.815,3.935,0.12,1.0
2017-01-17,3.872,3.992,0.12,1.0
2017-01-18,3.878,3.998,0.12,1.0
2017-01-19,3.862,3.982,0.12,1.0
2017-01-20,3.918,4.038,0.12,1.0
2017-01-23,3.932,4.052,0.12,1.0
2017-01-24,3.919,4.039,0.12,1.0
2017-01-25,3.938,4.058,0.12,1.0
2017-01-26,3.967,4.087,0.12,1.0
2017-02-03,3.94,4.06,0.12,1.0
2017-02-06,3.946,4.066,0.12,1.0
2017-02-07,3.932,4.052,0.12,1.0
2017-02-08,3.971,4.091,0.12,1.0
2017-02-09,3.994,4.114,0.12,1.0
2017-02-10,4.001,4.121,0.12,1.0
2017-02-13,4.047,4.167,0.12,1.0
2017-02-14,4.04,4.16,0.12,1.0
2017-02-15,4.015,4.135,0.12,1.0
2017-02-16,4.053,4.173,0.12,1.0
2017-02-17,4.043,4.163,0.12,1.0
2017-02-20,4.108,4.228,0.12,1.0
2017-02-21,4.122,4.242,0.12,1.0
2017-02-22,4.135,4.255,0.12,1.0
2017-02-23,4.126,4.246,0.12,1.0
2017-02-24,4.112,4.232,0.12,1.0
2017-02-27,4.078,4.198,0.12,1.0
2017-02-28,4.09,4.21,0.12,1.0
2017-03-01,4.099,4.219,0.12,1.0
2017-03-02,4.083,4.203,0.12,1.0
2017-03-03,4.088,4.208,0.12,1.0
2017-03-06,4.138,4.258,0.12,1.0
2017-03-07,4.149,4.269,0.12,1.0
2017-03-08,4.129,4.249,0.12,1.0
2017-03-09,4.098,4.218,0.12,1.0
2017-03-10,4.12,4.24,0.12,1.0
2017-03-13,4.171,4.291,0.12,1.0
2017-03-14,4.158,4.2780000000000005,0.12,1.0
2017-03-15,4.172,4.292,0.12,1.0
2017-03-16,4.199,4.319,0.12,1.0
2017-03-17,4.142,4.2620000000000005,0.12,1.0
2017-03-20,4.147,4.267,0.12,1.0
2017-03-21,4.183,4.303,0.12,1.0
2017-03-22,4.173,4.293,0.12,1.0
2017-03-23,4.198,4.3180000000000005,0.12,1.0
2017-03-24,4.249,4.369,0.12,1.0
2017-03-27,4.198,4.3180000000000005,0.12,1.0
2017-03-28,4.198,4.3180000000000005,0.12,1.0
2017-03-29,4.189,4.309,0.12,1.0
2017-03-30,4.125,4.245,0.12,1.0
2017-03-31,4.165,4.285,0.12,1.0
2017-04-05,4.247,4.367,0.12,1.0
2017-04-06,4.236,4.356,0.12,1.0
2017-04-07,4.254,4.374,0.12,1.0
2017-04-10,4.216,4.336,0.12,1.0
2017-04-11,4.226,4.346,0.12,1.0
2017-04-12,4.205,4.325,0.12,1.0
2017-04-13,4.239,4.359,0.12,1.0
2017-04-14,4.185,4.305,0.12,1.0
2017-04-17,4.179,4.299,0.12,1.0
2017-04-18,4.177,4.297,0.12,1.0
2017-04-19,4.169,4.289,0.12,1.0
2017-04-20,4.188,4.308,0.12,1.0
2017-04-21,4.177,4.297,0.12,1.0
2017-04-24,4.09,4.21,0.12,1.0
2017-04-25,4.129,4.249,0.12,1.0
2017-04-26,4.158,4.2780000000000005,0.12,1.0
2017-04-27,4.157,4.277,0.12,1.0
2017-04-28,4.14,4.26,0.12,1.0
2017-05-02,4.142,4.2620000000000005,0.12,1.0
2017-05-03,4.135,4.255,0.12,1.0
2017-05-04,4.114,4.234,0.12,1.0
2017-05-05,4.066,4.186,0.12,1.0
2017-05-08,3.975,4.095,0.12,1.0
2017-05-09,3.984,4.104,0.12,1.0
2017-05-10,3.955,4.075,0.12,1.0
2017-05-11,3.986,4.106,0.12,1.0
2017-05-12,3.998,4.118,0.12,1.0
2017-05-15,4.03,4.15,0.12,1.0
2017-05-16,4.109,4.229,0.12,1.0
2017-05-17,4.084,4.204,0.12,1.0
2017-05-18,4.063,4.183,0.12,1.0
2017-05-19,4.062,4.182,0.12,1.0
2017-05-22,4.06,4.18,0.12,1.0
2017-05-23,4.05,4.17,0.12,1.0
2017-05-24,4.075,4.195,0.12,1.0
2017-05-25,4.117,4.237,0.12,1.0
2017-05-26,4.092,4.212,0.12,1.0
2017-05-31,4.104,4.224,0.12,1.0
2017-06-01,4.077,4.197,0.12,1.0
2017-06-02,4.089,4.2090000000000005,0.12,1.0
2017-06-05,4.085,4.205,0.12,1.0
2017-06-06,4.125,4.245,0.12,1.0
2017-06-07,4.212,4.332,0.12,1.0
2017-06-08,4.232,4.352,0.12,1.0
2017-06-09,4.254,4.374,0.12,1.0
2017-06-12,4.25,4.37,0.12,1.0
2017-06-13,4.303,4.423,0.12,1.0
2017-06-14,4.24,4.36,0.12,1.0
2017-06-15,4.255,4.375,0.12,1.0
2017-06-16,4.245,4.365,0.12,1.0
2017-06-19,4.288,4.408,0.12,1.0
2017-06-20,4.301,4.421,0.12,1.0
2017-06-21,4.362,4.482,0.12,1.0
2017-06-22,4.337,4.457,0.12,1.0
2017-06-23,4.406,4.526,0.12,1.0
2017-06-26,4.495,4.615,0.12,1.0
2017-06-27,4.488,4.6080000000000005,0.12,1.0
2017-06-28,4.437,4.557,0.12,1.0
2017-06-29,4.471,4.591,0.12,1.0
2017-06-30,4.48,4.6000000000000005,0.12,1.0
2017-07-03,4.442,4.562,0.12,1.0
2017-07-04,4.404,4.524,0.12,1.0
2017-07-05,4.468,4.588,0.12,1.0
2017-07-06,4.454,4.574,0.12,1.0
2017-07-07,4.448,4.5680000000000005,0.12,1.0
2017-07-10,4.422,4.542,0.12,1.0
2017-07-11,4.45,4.57,0.12,1.0
2017-07-12,4.43,4.55,0.12,1.0
2017-07-13,4.45,4.57,0.12,1.0
2017-07-14,4.446,4.566,0.12,1.0
2017-07-17,4.334,4.454,0.12,1.0
2017-07-18,4.34,4.46,0.12,1.0
2017-07-19,4.437,4.557,0.12,1.0
2017-07-20,4.48,4.6000000000000005,0.12,1.0
2017-07-21,4.466,4.586,0.12,1.0
2017-07-24,4.486,4.606,0.12,1.0
2017-07-25,4.446,4.566,0.12,1.0
2017-07-26,4.41,4.53,0.12,1.0
2017-07-27,4.439,4.559,0.12,1.0
2017-07-28,4.468,4.588,0.12,1.0
2017-07-31,4.489,4.609,0.12,1.0
2017-08-01,4.492,4.612,0.12,1.0
2017-08-02,4.488,4.6080000000000005,0.12,1.0
2017-08-03,4.454,4.574,0.12,1.0
2017-08-04,4.412,4.532,0.12,1.0
2017-08-07,4.449,4.569,0.12,1.0
2017-08-08,4.466,4.586,0.12,1.0
2017-08-09,4.489,4.609,0.12,1.0
2017-08-10,4.466,4.586,0.12,1.0
2017-08-11,4.374,4.494,0.12,1.0
2017-08-14,4.465,4.585,0.12,1.0
2017-08-15,4.472,4.5920000000000005,0.12,1.0
2017-08-16,4.491,4.611,0.12,1.0
2017-08-17,4.52,4.64,0.12,1.0
2017-08-18,4.499,4.619,0.12,1.0
2017-08-21,4.534,4.654,0.12,1.0
2017-08-22,4.522,4.642,0.12,1.0
2017-08-23,4.52,4.64,0.12,1.0
2017-08-24,4.501,4.621,0.12,1.0
2017-08-25,4.557,4.6770000000000005,0.12,1.0
2017-08-28,4.638,4.758,0.12,1.0
2017-08-29,4.617,4.737,0.12,1.0
2017-08-30,4.632,4.752,0.12,1.0
2017-08-31,4.62,4.74,0.12,1.0
2017-09-01,4.638,4.758,0.12,1.0
2017-09-04,4.675,4.795,0.12,1.0
2017-09-05,4.69,4.8100000000000005,0.12,1.0
2017-09-06,4.69,4.8100000000000005,0.12,1.0
2017-09-07,4.676,4.796,0.12,1.0
2017-09-08,4.676,4.796,0.12,1.0
2017-09-11,4.694,4.814,0.12,1.0
2017-09-12,4.682,4.8020000000000005,0.12,1.0
2017-09-13,4.702,4.822,0.12,1.0
2017-09-14,4.697,4.817,0.12,1.0
2017-09-15,4.712,4.832,0.12,1.0
2017-09-18,4.759,4.8790000000000004,0.12,1.0
2017-09-19,4.717,4.837,0.12,1.0
2017-09-20,4.768,4.888,0.12,1.0
2017-09-21,4.747,4.867,0.12,1.0
2017-09-22,4.732,4.852,0.12,1.0
2017-09-25,4.667,4.787,0.12,1.0
2017-09-26,4.686,4.806,0.12,1.0
2017-09-27,4.73,4.8500000000000005,0.12,1.0
2017-09-28,4.731,4.851,0.12,1.0
2017-09-29,4.753,4.873,0.12,1.0
2017-10-09,4.856,4.976,0.12,1.0
2017-10-10,4.856,4.976,0.12,1.0
2017-10-11,4.888,5.008,0.12,1.0
2017-10-12,4.884,5.0040000000000004,0.12,1.0
2017-10-13,4.931,5.051,0.12,1.0
2017-10-16,4.9,5.0200000000000005,0.12,1.0
2017-10-17,4.897,5.017,0.12,1.0
2017-10-18,4.926,5.046,0.12,1.0
2017-10-19,4.888,5.008,0.12,1.0
2017-10-20,4.895,5.015,0.12,1.0
2017-10-23,4.92,5.04,0.12,1.0
2017-10-24,4.955,5.075,0.12,1.0
2017-10-25,5.001,5.121,0.12,1.0
2017-10-26,5.027,5.147,0.12,1.0
2017-10-27,5.047,5.167,0.12,1.0
2017-10-30,5.019,5.139,0.12,1.0
2017-10-31,5.046,5.166,0.12,1.0
2017-11-01,5.022,5.142,0.12,1.0
2017-11-02,5.017,5.1370000000000005,0.12,1.0
2017-11-03,4.99,5.11,0.12,1.0
2017-11-06,5.081,5.2010000000000005,0.12,1.0
2017-11-07,5.128,5.248,0.12,1.0
2017-11-08,5.117,5.237,0.12,1.0
2017-11-09,5.174,5.2940000000000005,0.12,1.0
2017-11-10,5.232,5.352,0.12,1.0
2017-11-13,5.255,5.375,0.12,1.0
2017-11-14,5.185,5.305,0.12,1.0
2017-11-15,5.129,5.249,0.12,1.0
2017-11-16,5.173,5.293,0.12,1.0
2017-11-17,5.11,5.23,0.12,1.0
2017-11-20,5.178,5.298,0.12,1.0
2017-11-21,5.318,5.438,0.12,1.0
2017-11-22,5.282,5.402,0.12,1.0
2017-11-23,5.067,5.187,0.12,1.0
2017-11-24,5.079,5.199,0.12,1.0
2017-11-27,4.947,5.067,0.12,1.0
2017-11-28,4.987,5.107,0.12,1.0
2017-11-29,4.963,5.083,0.12,1.0
2017-11-30,4.886,5.006,0.12,1.0
2017-12-01,4.904,5.024,0.12,1.0
2017-12-04,4.941,5.061,0.12,1.0
2017-12-05,4.915,5.035,0.12,1.0
2017-12-06,4.931,5.051,0.12,1.0
2017-12-07,4.83,4.95,0.12,1.0
2017-12-08,4.9,5.0200000000000005,0.12,1.0
2017-12-11,5.016,5.136,0.12,1.0
2017-12-12,4.965,5.085,0.12,1.0
2017-12-13,5.023,5.143,0.12,1.0
2017-12-14,4.999,5.119,0.12,1.0
2017-12-15,4.93,5.05,0.12,1.0
2017-12-18,4.93,5.05,0.12,1.0
2017-12-19,4.985,5.105,0.12,1.0
2017-12-20,4.966,5.086,0.12,1.0
2017-12-21,5.047,5.167,0.12,1.0
2017-12-22,5.038,5.158,0.12,1.0
2017-12-25,5.008,5.128,0.12,1.0
2017-12-26,5.007,5.127,0.12,1.0
2017-12-27,4.95,5.07,0.12,1.0
2017-12-28,4.991,5.111,0.12,1.0
2017-12-29,5.015,5.135,0.12,1.0
2018-01-02,5.067,5.187,0.12,1.0
2018-01-03,5.109,5.229,0.12,1.0
2018-01-04,5.152,5.272,0.12,1.0
2018-01-05,5.161,5.281,0.12,1.0
2018-01-08,5.182,5.3020000000000005,0.12,1.0
2018-01-09,5.233,5.353,0.12,1.0
2018-01-10,5.248,5.368,0.12,1.0
2018-01-11,5.245,5.365,0.12,1.0
2018-01-12,5.271,5.391,0.12,1.0
2018-01-15,5.247,5.367,0.12,1.0
2018-01-16,5.304,5.424,0.12,1.0
2018-01-17,5.245,5.365,0.12,1.0
2018-01-18,5.252,5.372,0.12,1.0
2018-01-19,5.239,5.359,0.12,1.0
2018-01-22,5.365,5.485,0.12,1.0
2018-01-23,5.406,5.526,0.12,1.0
2018-01-24,5.401,5.521,0.12,1.0
2018-01-25,5.36,5.48,0.12,1.0
2018-01-26,5.368,5.488,0.12,1.0
2018-01-29,5.245,5.365,0.12,1.0
2018-01-30,5.177,5.297,0.12,1.0
2018-01-31,5.176,5.296,0.12,1.0
2018-02-01,5.071,5.191,0.12,1.0
2018-02-02,5.098,5.218,0.12,1.0
2018-02-05,5.044,5.164,0.12,1.0
2018-02-06,4.86,4.98,0.12,1.0
2018-02-07,4.729,4.849,0.12,1.0
2018-02-08,4.785,4.905,0.12,1.0
2018-02-09,4.591,4.711,0.12,1.0
2018-02-12,4.742,4.862,0.12,1.0
2018-02-13,4.791,4.9110000000000005,0.12,1.0
2018-02-14,4.836,4.956,0.12,1.0
2018-02-22,4.948,5.0680000000000005,0.12,1.0
2018-02-23,4.938,5.058,0.12,1.0
2018-02-26,5.042,5.162,0.12,1.0
2018-02-27,4.961,5.081,0.12,1.0
2018-02-28,4.941,5.061,0.12,1.0
2018-03-01,4.991,5.111,0.12,1.0
2018-03-02,4.951,5.071,0.12,1.0
2018-03-05,4.938,5.058,0.12,1.0
2018-03-06,5.007,5.127,0.12,1.0
2018-03-07,4.96,5.08,0.12,1.0
2018-03-08,5.02,5.14,0.12,1.0
2018-03-09,5.102,5.222,0.12,1.0
2018-03-12,5.144,5.264,0.12,1.0
2018-03-13,5.103,5.223,0.12,1.0
2018-03-14,5.07,5.19,0.12,1.0
2018-03-15,5.101,5.221,0.12,1.0
2018-03-16,5.045,5.165,0.12,1.0
2018-03-19,5.027,5.147,0.12,1.0
2018-03-20,5.022,5.142,0.12,1.0
2018-03-21,4.98,5.1000000000000005,0.12,1.0
2018-03-22,4.91,5.03,0.12,1.0
2018-03-23,4.752,4.872,0.12,1.0
2018-03-26,4.772,4.892,0.12,1.0
2018-03-27,4.837,4.957,0.12,1.0
2018-03-28,4.754,4.874,0.12,1.0
2018-03-29,4.832,4.952,0.12,1.0
2018-03-30,4.845,4.965,0.12,1.0
2018-04-02,4.828,4.948,0.12,1.0
2018-04-03,4.79,4.91,0.12,1.0
2018-04-04,4.787,4.907,0.12,1.0
2018-04-09,4.745,4.865,0.12,1.0
2018-04-10,4.826,4.946,0.12,1.0
2018-04-11,4.846,4.966,0.12,1.0
2018-04-12,4.8,4.92,0.12,1.0
2018-04-13,4.779,4.899,0.12,1.0
2018-04-16,4.711,4.831,0.12,1.0
2018-04-17,4.627,4.747,0.12,1.0
2018-04-18,4.63,4.75,0.12,1.0
2018-04-19,4.698,4.8180000000000005,0.12,1.0
2018-04-20,4.627,4.747,0.12,1.0
2018-04-23,4.61,4.73,0.12,1.0
2018-04-24,4.696,4.816,0.12,1.0
2018-04-25,4.68,4.8,0.12,1.0
2018-04-26,4.55,4.67,0.12,1.0
2018-04-27,4.575,4.695,0.12,1.0
2018-05-02,4.577,4.697,0.12,1.0
2018-05-03,4.649,4.769,0.12,1.0
2018-05-04,4.617,4.737,0.12,1.0
2018-05-07,4.706,4.8260000000000005,0.12,1.0
2018-05-08,4.765,4.885,0.12,1.0
2018-05-09,4.759,4.8790000000000004,0.12,1.0
2018-05-10,4.79,4.91,0.12,1.0
2018-05-11,4.747,4.867,0.12,1.0
2018-05-14,4.8,4.92,0.12,1.0
2018-05-15,4.82,4.94,0.12,1.0
2018-05-16,4.792,4.912,0.12,1.0
2018-05-17,4.759,4.8790000000000004,0.12,1.0
2018-05-18,4.789,4.909,0.12,1.0
2018-05-21,4.808,4.928,0.12,1.0
2018-05-22,4.8,4.92,0.12,1.0
2018-05-23,4.733,4.853,0.12,1.0
2018-05-24,4.683,4.803,0.12,1.0
2018-05-25,4.645,4.765,0.12,1.0
2018-05-28,4.693,4.813,0.12,1.0
2018-05-29,4.65,4.7700000000000005,0.12,1.0
2018-05-30,4.56,4.68,0.12,1.0
2018-05-31,4.643,4.763,0.12,1.0
2018-06-01,4.6,4.72,0.12,1.0
2018-06-04,4.642,4.7620000000000005,0.12,1.0
2018-06-05,4.72,4.84,0.12,1.0
2018-06-06,4.709,4.829,0.12,1.0
2018-06-07,4.688,4.808,0.12,1.0
2018-06-08,4.638,4.758,0.12,1.0
2018-06-11,4.648,4.768,0.12,1.0
2018-06-12,4.71,4.83,0.12,1.0
2018-06-13,4.645,4.765,0.12,1.0
2018-06-14,4.625,4.745,0.12,1.0
2018-06-15,4.591,4.711,0.12,1.0
2018-06-19,4.37,4.49,0.12,1.0
2018-06-20,4.384,4.5040000000000004,0.12,1.0
2018-06-21,4.319,4.439,0.12,1.0
2018-06-22,4.346,4.466,0.12,1.0
2018-06-25,4.314,4.434,0.12,1.0
2018-06-26,4.29,4.41,0.12,1.0
2018-06-27,4.185,4.305,0.12,1.0
2018-06-28,4.149,4.269,0.12,1.0
2018-06-29,4.274,4.394,0.12,1.0
2018-07-02,4.175,4.295,0.12,1.0
2018-07-03,4.173,4.293,0.12,1.0
2018-07-04,4.08,4.2,0.12,1.0
2018-07-05,4.022,4.142,0.12,1.0
2018-07-06,4.05,4.17,0.12,1.0
2018-07-09,4.194,4.314,0.12,1.0
2018-07-10,4.203,4.323,0.12,1.0
2018-07-11,4.128,4.248,0.12,1.0
2018-07-12,4.246,4.3660000000000005,0.12,1.0
2018-07-13,4.27,4.39,0.12,1.0
2018-07-16,4.256,4.376,0.12,1.0
2018-07-17,4.241,4.361,0.12,1.0
2018-07-18,4.195,4.315,0.12,1.0
2018-07-19,4.193,4.313,0.12,1.0
2018-07-20,4.232,4.352,0.12,1.0
2018-07-23,4.241,4.361,0.12,1.0
2018-07-24,4.321,4.441,0.12,1.0
2018-07-25,4.326,4.446,0.12,1.0
2018-07-26,4.26,4.38,0.12,1.0
2018-07-27,4.236,4.356,0.12,1.0
2018-07-30,4.18,4.3,0.12,1.0
2018-07-31,4.196,4.316,0.12,1.0
2018-08-01,4.107,4.227,0.12,1.0
2018-08-02,3.994,4.114,0.12,1.0
2018-08-03,3.893,4.013,0.12,1.0
2018-08-06,3.805,3.9250000000000003,0.12,1.0
2018-08-07,3.948,4.068,0.12,1.0
2018-08-08,3.859,3.979,0.12,1.0
2018-08-09,3.979,4.099,0.12,1.0
2018-08-10,3.987,4.107,0.12,1.0
2018-08-13,3.994,4.114,0.12,1.0
2018-08-14,3.969,4.0889999999999995,0.12,1.0
2018-08-15,3.876,3.996,0.12,1.0
2018-08-16,3.839,3.959,0.12,1.0
2018-08-17,3.769,3.8890000000000002,0.12,1.0
2018-08-20,3.8,3.92,0.12,1.0
2018-08-21,3.88,4.0,0.12,1.0
2018-08-22,3.855,3.975,0.12,1.0
2018-08-23,3.865,3.9850000000000003,0.12,1.0
2018-08-24,3.862,3.982,0.12,1.0
2018-08-27,3.971,4.091,0.12,1.0
2018-08-28,3.973,4.093,0.12,1.0
2018-08-29,3.944,4.064,0.12,1.0
2018-08-30,3.899,4.019,0.12,1.0
2018-08-31,3.866,3.986,0.12,1.0
2018-09-03,3.854,3.974,0.12,1.0
2018-09-04,3.904,4.024,0.12,1.0
2018-09-05,3.823,3.943,0.12,1.0
2018-09-06,3.784,3.904,0.12,1.0
2018-09-07,3.778,3.898,0.12,1.0
2018-09-10,3.707,3.827,0.12,1.0
2018-09-11,3.707,3.827,0.12,1.0
2018-09-12,3.665,3.785,0.12,1.0
2018-09-13,3.686,3.806,0.12,1.0
2018-09-14,3.693,3.813,0.12,1.0
2018-09-17,3.651,3.771,0.12,1.0
2018-09-18,3.712,3.8320000000000003,0.12,1.0
2018-09-19,3.764,3.884,0.12,1.0
2018-09-20,3.763,3.883,0.12,1.0
2018-09-21,3.863,3.983,0.12,1.0
2018-09-25,3.827,3.947,0.12,1.0
2018-09-26,3.868,3.988,0.12,1.0
2018-09-27,3.834,3.954,0.12,1.0
2018-09-28,3.872,3.992,0.12,1.0
2018-10-08,3.689,3.809,0.12,1.0
2018-10-09,3.688,3.8080000000000003,0.12,1.0
2018-10-10,3.664,3.7840000000000003,0.12,1.0
2018-10-11,3.443,3.563,0.12,1.0
2018-10-12,3.493,3.613,0.12,1.0
2018-10-15,3.438,3.5580000000000003,0.12,1.0
2018-10-16,3.392,3.512,0.12,1.0
2018-10-17,3.42,3.54,0.12,1.0
2018-10-18,3.357,3.4770000000000003,0.12,1.0
2018-10-19,3.448,3.568,0.12,1.0
2018-10-22,3.623,3.7430000000000003,0.12,1.0
2018-10-23,3.523,3.6430000000000002,0.12,1.0
2018-10-24,3.51,3.63,0.12,1.0
2018-10-25,3.508,3.628,0.12,1.0
2018-10-26,3.483,3.603,0.12,1.0
2018-10-29,3.38,3.5,0.12,1.0
2018-10-30,3.393,3.513,0.12,1.0
2018-10-31,3.434,3.5540000000000003,0.12,1.0
2018-11-01,3.476,3.596,0.12,1.0
2018-11-02,3.64,3.7600000000000002,0.12,1.0
2018-11-05,3.613,3.733,0.12,1.0
2018-11-06,3.57,3.69,0.12,1.0
2018-11-07,3.548,3.668,0.12,1.0
2018-11-08,3.536,3.656,0.12,1.0
2018-11-09,3.5,3.62,0.12,1.0
2018-11-12,3.574,3.694,0.12,1.0
2018-11-13,3.626,3.746,0.12,1.0
2018-11-14,3.587,3.7070000000000003,0.12,1.0
2018-11-15,3.628,3.748,0.12,1.0
2018-11-16,3.66,3.7800000000000002,0.12,1.0
2018-11-19,3.689,3.809,0.12,1.0
2018-11-20,3.591,3.7110000000000003,0.12,1.0
2018-11-21,3.599,3.7190000000000003,0.12,1.0
2018-11-22,3.593,3.713,0.12,1.0
2018-11-23,3.494,3.6140000000000003,0.12,1.0
2018-11-26,3.486,3.6060000000000003,0.12,1.0
2018-11-27,3.485,3.605,0.12,1.0
2018-11-28,3.548,3.668,0.12,1.0
2018-11-29,3.488,3.608,0.12,1.0
2018-11-30,3.532,3.652,0.12,1.0
2018-12-03,3.655,3.775,0.12,1.0
2018-12-04,3.646,3.766,0.12,1.0
2018-12-05,3.631,3.751,0.12,1.0
2018-12-06,3.533,3.653,0.12,1.0
2018-12-07,3.527,3.6470000000000002,0.12,1.0
2018-12-10,3.474,3.5940000000000003,0.12,1.0
2018-12-11,3.496,3.616,0.12,1.0
2018-12-12,3.509,3.629,0.12,1.0
2018-12-13,3.578,3.698,0.12,1.0
2018-12-14,3.506,3.626,0.12,1.0
2018-12-17,3.491,3.611,0.12,1.0
2018-12-18,3.447,3.567,0.12,1.0
2018-12-19,3.405,3.525,0.12,1.0
2018-12-20,3.402,3.5220000000000002,0.12,1.0
2018-12-21,3.346,3.466,0.12,1.0
2018-12-24,3.368,3.488,0.12,1.0
2018-12-25,3.339,3.459,0.12,1.0
2018-12-26,3.325,3.4450000000000003,0.12,1.0
2018-12-27,3.301,3.4210000000000003,0.12,1.0
2018-12-28,3.308,3.428,0.12,1.0
2019-01-02,3.263,3.383,0.12,1.0
2019-01-03,3.239,3.359,0.12,1.0
2019-01-04,3.339,3.459,0.12,1.0
2019-01-07,3.378,3.498,0.12,1.0
2019-01-08,3.376,3.496,0.12,1.0
2019-01-09,3.419,3.539,0.12,1.0
2019-01-10,3.411,3.531,0.12,1.0
2019-01-11,3.433,3.553,0.12,1.0
2019-01-14,3.394,3.5140000000000002,0.12,1.0
2019-01-15,3.476,3.596,0.12,1.0
2019-01-16,3.475,3.595,0.12,1.0
2019-01-17,3.443,3.563,0.12,1.0
2019-01-18,3.509,3.629,0.12,1.0
2019-01-21,3.525,3.645,0.12,1.0
2019-01-22,3.471,3.591,0.12,1.0
2019-01-23,3.477,3.597,0.12,1.0
2019-01-24,3.501,3.621,0.12,1.0
2019-01-25,3.524,3.644,0.12,1.0
2019-01-28,3.534,3.654,0.12,1.0
2019-01-29,3.537,3.657,0.12,1.0
2019-01-30,3.504,3.624,0.12,1.0
2019-01-31,3.534,3.654,0.12,1.0
2019-02-01,3.625,3.745,0.12,1.0
2019-02-11,3.741,3.861,0.12,1.0
2019-02-12,3.776,3.896,0.12,1.0
2019-02-13,3.864,3.984,0.12,1.0
2019-02-14,3.893,4.013,0.12,1.0
2019-02-15,3.825,3.9450000000000003,0.12,1.0
2019-02-18,3.983,4.103,0.12,1.0
2019-02-19,3.964,4.084,0.12,1.0
2019-02-20,3.991,4.111,0.12,1.0
2019-02-21,3.983,4.103,0.12,1.0
2019-02-22,4.09,4.21,0.12,1.0
2019-02-25,4.35,4.47,0.12,1.0
2019-02-26,4.275,4.3950000000000005,0.12,1.0
2019-02-27,4.219,4.339,0.12,1.0
2019-02-28,4.241,4.361,0.12,1.0
2019-03-01,4.317,4.437,0.12,1.0
2019-03-04,4.421,4.541,0.12,1.0
2019-03-05,4.501,4.621,0.12,1.0
2019-03-06,4.526,4.646,0.12,1.0
2019-03-07,4.462,4.582,0.12,1.0
2019-03-08,4.319,4.439,0.12,1.0
2019-03-11,4.445,4.565,0.12,1.0
2019-03-12,4.482,4.602,0.12,1.0
2019-03-13,4.385,4.505,0.12,1.0
2019-03-14,4.336,4.456,0.12,1.0
2019-03-15,4.424,4.5440000000000005,0.12,1.0
2019-03-18,4.581,4.7010000000000005,0.12,1.0
2019-03-19,4.546,4.666,0.12,1.0
2019-03-20,4.526,4.646,0.12,1.0
2019-03-21,4.53,4.65,0.12,1.0
2019-03-22,4.539,4.659,0.12,1.0
2019-03-25,4.435,4.555,0.12,1.0
2019-03-26,4.373,4.493,0.12,1.0
2019-03-27,4.44,4.5600000000000005,0.12,1.0
2019-03-28,4.428,4.548,0.12,1.0
2019-03-29,4.613,4.7330000000000005,0.12,1.0
2019-04-01,4.795,4.915,0.12,1.0
2019-04-02,4.748,4.868,0.12,1.0
2019-04-03,4.795,4.915,0.12,1.0
2019-04-04,4.838,4.958,0.12,1.0
2019-04-08,4.804,4.924,0.12,1.0
2019-04-09,4.863,4.9830000000000005,0.12,1.0
2019-04-10,4.876,4.996,0.12,1.0
2019-04-11,4.742,4.862,0.12,1.0
2019-04-12,4.733,4.853,0.12,1.0
2019-04-15,4.697,4.817,0.12,1.0
2019-04-16,4.813,4.933,0.12,1.0
2019-04-17,4.832,4.952,0.12,1.0
2019-04-18,4.817,4.937,0.12,1.0
2019-04-19,4.894,5.014,0.12,1.0
2019-04-22,4.791,4.9110000000000005,0.12,1.0
2019-04-23,4.773,4.893,0.12,1.0
2019-04-24,4.812,4.932,0.12,1.0
2019-04-25,4.686,4.806,0.12,1.0
2019-04-26,4.619,4.739,0.12,1.0
2019-04-29,4.577,4.697,0.12,1.0
2019-04-30,4.58,4.7,0.12,1.0
2019-05-06,4.249,4.369,0.12,1.0
2019-05-07,4.327,4.447,0.12,1.0
2019-05-08,4.27,4.39,0.12,1.0
2019-05-09,4.209,4.329,0.12,1.0
2019-05-10,4.387,4.507,0.12,1.0
2019-05-13,4.315,4.4350000000000005,0.12,1.0
2019-05-14,4.285,4.405,0.12,1.0
2019-05-15,4.399,4.519,0.12,1.0
2019-05-16,4.41,4.53,0.12,1.0
2019-05-17,4.278,4.398,0.12,1.0
2019-05-20,4.226,4.346,0.12,1.0
2019-05-21,4.318,4.438,0.12,1.0
2019-05-22,4.285,4.405,0.12,1.0
2019-05-23,4.173,4.293,0.12,1.0
2019-05-24,4.177,4.297,0.12,1.0
2019-05-27,4.253,4.373,0.12,1.0
2019-05-28,4.271,4.391,0.12,1.0
2019-05-29,4.282,4.402,0.12,1.0
2019-05-30,4.263,4.383,0.12,1.0
2019-05-31,4.26,4.38,0.12,1.0
2019-06-03,4.245,4.365,0.12,1.0
2019-06-04,4.185,4.305,0.12,1.0
2019-06-05,4.188,4.308,0.12,1.0
2019-06-06,4.118,4.238,0.12,1.0
2019-06-10,4.188,4.308,0.12,1.0
2019-06-11,4.354,4.474,0.12,1.0
2019-06-12,4.31,4.43,0.12,1.0
2019-06-13,4.297,4.417,0.12,1.0
2019-06-14,4.245,4.365,0.12,1.0
2019-06-17,4.232,4.352,0.12,1.0
2019-06-18,4.246,4.3660000000000005,0.12,1.0
2019-06-19,4.306,4.426,0.12,1.0
2019-06-20,4.419,4.539,0.12,1.0
2019-06-21,4.43,4.55,0.12,1.0
2019-06-24,4.428,4.548,0.12,1.0
2019-06-25,4.386,4.506,0.12,1.0
2019-06-26,4.397,4.517,0.12,1.0
2019-06-27,4.463,4.583,0.12,1.0
2019-06-28,4.456,4.5760000000000005,0.12,1.0
2019-07-01,4.654,4.774,0.12,1.0
2019-07-02,4.663,4.783,0.12,1.0
2019-07-03,4.59,4.71,0.12,1.0
2019-07-04,4.561,4.681,0.12,1.0
2019-07-05,4.619,4.739,0.12,1.0
2019-07-08,4.516,4.636,0.12,1.0
2019-07-09,4.506,4.626,0.12,1.0
2019-07-10,4.514,4.634,0.12,1.0
2019-07-11,4.505,4.625,0.12,1.0
2019-07-12,4.547,4.667,0.12,1.0
2019-07-15,4.581,4.7010000000000005,0.12,1.0
2019-07-16,4.55,4.67,0.12,1.0
2019-07-17,4.572,4.692,0.12,1.0
2019-07-18,4.505,4.625,0.12,1.0
2019-07-19,4.545,4.665,0.12,1.0
2019-07-22,4.517,4.6370000000000005,0.12,1.0
2019-07-23,4.53,4.65,0.12,1.0
2019-07-24,4.572,4.692,0.12,1.0
2019-07-25,4.62,4.74,0.12,1.0
2019-07-26,4.634,4.7540000000000004,0.12,1.0
2019-07-29,4.628,4.748,0.12,1.0
2019-07-30,4.648,4.768,0.12,1.0
2019-07-31,4.601,4.721,0.12,1.0
2019-08-01,4.57,4.69,0.12,1.0
2019-08-02,4.501,4.621,0.12,1.0
2019-08-05,4.413,4.533,0.12,1.0
2019-08-06,4.38,4.5,0.12,1.0
2019-08-07,4.365,4.485,0.12,1.0
2019-08-08,4.43,4.55,0.12,1.0
2019-08-09,4.362,4.482,0.12,1.0
2019-08-12,4.459,4.579,0.12,1.0
2019-08-13,4.416,4.5360000000000005,0.12,1.0
2019-08-14,4.451,4.571,0.12,1.0
2019-08-15,4.47,4.59,0.12,1.0
2019-08-16,4.488,4.6080000000000005,0.12,1.0
2019-08-19,4.617,4.737,0.12,1.0
2019-08-20,4.6,4.72,0.12,1.0
2019-08-21,4.599,4.719,0.12,1.0
2019-08-22,4.612,4.732,0.12,1.0
2019-08-23,4.631,4.751,0.12,1.0
2019-08-26,4.565,4.6850000000000005,0.12,1.0
2019-08-27,4.664,4.784,0.12,1.0
2019-08-28,4.649,4.769,0.12,1.0
2019-08-29,4.63,4.75,0.12,1.0
2019-08-30,4.642,4.7620000000000005,0.12,1.0
2019-09-02,4.729,4.849,0.12,1.0
2019-09-03,4.743,4.863,0.12,1.0
2019-09-04,4.775,4.8950000000000005,0.12,1.0
2019-09-05,4.806,4.926,0.12,1.0
2019-09-06,4.827,4.947,0.12,1.0
2019-09-09,4.885,5.005,0.12,1.0
2019-09-10,4.87,4.99,0.12,1.0
2019-09-11,4.798,4.918,0.12,1.0
2019-09-12,4.845,4.965,0.12,1.0
2019-09-16,4.83,4.95,0.12,1.0
2019-09-17,4.749,4.869,0.12,1.0
2019-09-18,4.77,4.89,0.12,1.0
2019-09-19,4.815,4.9350000000000005,0.12,1.0
2019-09-20,4.833,4.953,0.12,1.0
2019-09-23,4.788,4.908,0.12,1.0
2019-09-24,4.799,4.9190000000000005,0.12,1.0
2019-09-25,4.751,4.871,0.12,1.0
2019-09-26,4.674,4.7940000000000005,0.12,1.0
2019-09-27,4.711,4.831,0.12,1.0
2019-09-30,4.655,4.775,0.12,1.0
2019-10-08,4.693,4.813,0.12,1.0
2019-10-09,4.688,4.808,0.12,1.0
2019-10-10,4.758,4.878,0.12,1.0
2019-10-11,4.784,4.904,0.12,1.0
2019-10-14,4.834,4.954,0.12,1.0
2019-10-15,4.795,4.915,0.12,1.0
2019-10-16,4.783,4.9030000000000005,0.12,1.0
2019-10-17,4.791,4.9110000000000005,0.12,1.0
2019-10-18,4.742,4.862,0.12,1.0
2019-10-21,4.768,4.888,0.12,1.0
2019-10-22,4.808,4.928,0.12,1.0
2019-10-23,4.771,4.891,0.12,1.0
2019-10-24,4.774,4.894,0.12,1.0
2019-10-25,4.833,4.953,0.12,1.0
2019-10-28,4.875,4.995,0.12,1.0
2019-10-29,4.88,5.0,0.12,1.0
2019-10-30,4.854,4.974,0.12,1.0
2019-10-31,4.843,4.963,0.12,1.0
2019-11-01,4.967,5.087,0.12,1.0
2019-11-04,4.993,5.113,0.12,1.0
2019-11-05,5.026,5.146,0.12,1.0
2019-11-06,4.995,5.115,0.12,1.0
2019-11-07,5.014,5.134,0.12,1.0
2019-11-08,5.008,5.128,0.12,1.0
2019-11-11,4.91,5.03,0.12,1.0
2019-11-12,4.901,5.021,0.12,1.0
2019-11-13,4.921,5.041,0.12,1.0
2019-11-14,4.938,5.058,0.12,1.0
2019-11-15,4.88,5.0,0.12,1.0
2019-11-18,4.91,5.03,0.12,1.0
2019-11-19,4.994,5.114,0.12,1.0
2019-11-20,4.936,5.056,0.12,1.0
2019-11-21,4.909,5.029,0.12,1.0
2019-11-22,4.814,4.934,0.12,1.0
2019-11-25,4.84,4.96,0.12,1.0
2019-11-26,4.861,4.981,0.12,1.0
2019-11-27,4.85,4.97,0.12,1.0
2019-11-28,4.845,4.965,0.12,1.0
2019-11-29,4.79,4.91,0.12,1.0
2019-12-02,4.811,4.931,0.12,1.0
2019-12-03,4.835,4.955,0.12,1.0
2019-12-04,4.857,4.977,0.12,1.0
2019-12-05,4.91,5.03,0.12,1.0
2019-12-06,4.941,5.061,0.12,1.0
2019-12-09,4.914,5.034,0.12,1.0
2019-12-10,4.929,5.049,0.12,1.0
2019-12-11,4.903,5.023,0.12,1.0
2019-12-12,4.888,5.008,0.12,1.0
2019-12-13,4.99,5.11,0.12,1.0
2019-12-16,5.035,5.155,0.12,1.0
2019-12-17,5.115,5.235,0.12,1.0
2019-12-18,5.098,5.218,0.12,1.0
2019-12-19,5.099,5.219,0.12,1.0
2019-12-20,5.095,5.215,0.12,1.0
2019-12-23,5.006,5.126,0.12,1.0
2019-12-24,5.052,5.172,0.12,1.0
2019-12-25,5.066,5.186,0.12,1.0
2019-12-26,5.113,5.2330000000000005,0.12,1.0
2019-12-27,5.085,5.205,0.12,1.0
2019-12-30,5.174,5.2940000000000005,0.12,1.0
2019-12-31,5.208,5.328,0.12,1.0
2020-01-02,5.297,5.417,0.12,1.0
2020-01-03,5.288,5.408,0.12,1.0
2020-01-06,5.28,5.4,0.12,1.0
2020-01-07,5.336,5.456,0.12,1.0
2020-01-08,5.285,5.405,0.12,1.0
2020-01-09,5.401,5.521,0.12,1.0
2020-01-10,5.392,5.5120000000000005,0.12,1.0
2020-01-13,5.473,5.593,0.12,1.0
2020-01-14,5.422,5.542,0.12,1.0
2020-01-15,5.405,5.525,0.12,1.0
2020-01-16,5.397,5.517,0.12,1.0
2020-01-17,5.406,5.526,0.12,1.0
2020-01-20,5.482,5.602,0.12,1.0
2020-01-21,5.372,5.492,0.12,1.0
2020-01-22,5.43,5.55,0.12,1.0
2020-01-23,5.223,5.343,0.12,1.0
2020-02-03,4.701,4.821,0.12,1.0
2020-02-04,4.962,5.082,0.12,1.0
2020-02-05,5.07,5.19,0.12,1.0
2020-02-06,5.179,5.299,0.12,1.0
2020-02-07,5.166,5.2860000000000005,0.12,1.0
2020-02-10,5.208,5.328,0.12,1.0
2020-02-11,5.27,5.39,0.12,1.0
2020-02-12,5.319,5.439,0.12,1.0
2020-02-13,5.287,5.407,0.12,1.0
2020-02-14,5.323,5.4430000000000005,0.12,1.0
2020-02-17,5.46,5.58,0.12,1.0
2020-02-18,5.437,5.557,0.12,1.0
2020-02-19,5.427,5.547,0.12,1.0
2020-02-20,5.612,5.732,0.12,1.0
2020-02-21,5.642,5.7620000000000005,0.12,1.0
2020-02-24,5.665,5.785,0.12,1.0
2020-02-25,5.705,5.825,0.12,1.0
2020-02-26,5.55,5.67,0.12,1.0
2020-02-27,5.566,5.686,0.12,1.0
2020-02-28,5.328,5.448,0.12,1.0
2020-03-02,5.53,5.65,0.12,1.0
2020-03-03,5.572,5.692,0.12,1.0
2020-03-04,5.574,5.694,0.12,1.0
2020-03-05,5.735,5.855,0.12,1.0
2020-03-06,5.642,5.7620000000000005,0.12,1.0
2020-03-09,5.43,5.55,0.12,1.0
2020-03-10,5.571,5.691,0.12,1.0
2020-03-11,5.466,5.586,0.12,1.0
2020-03-12,5.338,5.458,0.12,1.0
2020-03-13,5.265,5.385,0.12,1.0
2020-03-16,4.962,5.082,0.12,1.0
2020-03-17,4.931,5.051,0.12,1.0
2020-03-18,4.847,4.9670000000000005,0.12,1.0
2020-03-19,4.8,4.92,0.12,1.0
2020-03-20,4.881,5.001,0.12,1.0
2020-03-23,4.667,4.787,0.12,1.0
2020-03-24,4.789,4.909,0.12,1.0
2020-03-25,4.973,5.093,0.12,1.0
2020-03-26,4.934,5.054,0.12,1.0
2020-03-27,4.923,5.043,0.12,1.0
2020-03-30,4.845,4.965,0.12,1.0
2020-03-31,4.89,5.01,0.12,1.0
2020-04-01,4.893,5.013,0.12,1.0
2020-04-02,4.979,5.099,0.12,1.0
2020-04-03,4.939,5.059,0.12,1.0
2020-04-07,5.083,5.203,0.12,1.0
2020-04-08,5.058,5.178,0.12,1.0
2020-04-09,5.075,5.195,0.12,1.0
2020-04-10,5.047,5.167,0.12,1.0
2020-04-13,5.024,5.144,0.12,1.0
2020-04-14,5.12,5.24,0.12,1.0
2020-04-15,5.078,5.198,0.12,1.0
2020-04-16,5.081,5.2010000000000005,0.12,1.0
2020-04-17,5.122,5.242,0.12,1.0
2020-04-20,5.145,5.265,0.12,1.0
2020-04-21,5.087,5.207,0.12,1.0
2020-04-22,5.151,5.271,0.12,1.0
2020-04-23,5.146,5.266,0.12,1.0
2020-04-24,5.104,5.224,0.12,1.0
2020-04-27,5.145,5.265,0.12,1.0
2020-04-28,5.202,5.322,0.12,1.0
2020-04-29,5.197,5.317,0.12,1.0
2020-04-30,5.283,5.4030000000000005,0.12,1.0
2020-05-06,5.34,5.46,0.12,1.0
2020-05-07,5.323,5.4430000000000005,0.12,1.0
2020-05-08,5.394,5.514,0.12,1.0
2020-05-11,5.373,5.493,0.12,1.0
2020-05-12,5.394,5.514,0.12,1.0
2020-05-13,5.425,5.545,0.12,1.0
2020-05-14,5.37,5.49,0.12,1.0
2020-05-15,5.355,5.4750000000000005,0.12,1.0
2020-05-18,5.362,5.482,0.12,1.0
2020-05-19,5.418,5.538,0.12,1.0
2020-05-20,5.385,5.505,0.12,1.0
2020-05-21,5.349,5.469,0.12,1.0
2020-05-22,5.216,5.336,0.12,1.0
2020-05-25,5.221,5.341,0.12,1.0
2020-05-26,5.32,5.44,0.12,1.0
2020-05-27,5.254,5.374,0.12,1.0
2020-05-28,5.249,5.369,0.12,1.0
2020-05-29,5.281,5.401,0.12,1.0
2020-06-01,5.47,5.59,0.12,1.0
2020-06-02,5.485,5.605,0.12,1.0
2020-06-03,5.475,5.595,0.12,1.0
2020-06-04,5.51,5.63,0.12,1.0
2020-06-05,5.542,5.662,0.12,1.0
2020-06-08,5.576,5.696,0.12,1.0
2020-06-09,5.61,5.73,0.12,1.0
2020-06-10,5.648,5.768,0.12,1.0
2020-06-11,5.586,5.706,0.12,1.0
2020-06-12,5.599,5.719,0.12,1.0
2020-06-15,5.549,5.6690000000000005,0.12,1.0
2020-06-16,5.64,5.76,0.12,1.0
2020-06-17,5.641,5.761,0.12,1.0
2020-06-18,5.705,5.825,0.12,1.0
2020-06-19,5.815,5.9350000000000005,0.12,1.0
2020-06-22,5.825,5.945,0.12,1.0
2020-06-23,5.894,6.014,0.12,1.0
2020-06-24,5.906,6.026,0.12,1.0
2020-06-29,5.873,5.993,0.12,1.0
2020-06-30,5.999,6.119,0.12,1.0
2020-07-01,6.097,6.2170000000000005,0.12,1.0
2020-07-02,6.164,6.284,0.12,1.0
2020-07-03,6.268,6.388,0.12,1.0
2020-07-06,6.563,6.683,0.12,1.0
2020-07-07,6.627,6.747,0.12,1.0
2020-07-08,6.68,6.8,0.12,1.0
2020-07-09,6.894,7.014,0.12,1.0
2020-07-10,6.799,6.9190000000000005,0.12,1.0
2020-07-13,7.047,7.167,0.12,1.0
2020-07-14,6.973,7.093,0.12,1.0
2020-07-15,6.92,7.04,0.12,1.0
2020-07-16,6.543,6.663,0.12,1.0
2020-07-17,6.617,6.737,0.12,1.0
2020-07-20,6.761,6.881,0.12,1.0
2020-07-21,6.821,6.941,0.12,1.0
2020-07-22,6.88,7.0,0.12,1.0
2020-07-23,6.902,7.022,0.12,1.0
2020-07-24,6.551,6.671,0.12,1.0
2020-07-27,6.567,6.687,0.12,1.0
2020-07-28,6.674,6.7940000000000005,0.12,1.0
2020-07-29,6.898,7.018,0.12,1.0
2020-07-30,6.837,6.957,0.12,1.0
2020-07-31,6.909,7.029,0.12,1.0
2020-08-03,7.049,7.1690000000000005,0.12,1.0
2020-08-04,7.001,7.121,0.12,1.0
2020-08-05,7.034,7.154,0.12,1.0
2020-08-06,6.945,7.065,0.12,1.0
2020-08-07,6.842,6.962,0.12,1.0
2020-08-10,6.83,6.95,0.12,1.0
2020-08-11,6.765,6.885,0.12,1.0
2020-08-12,6.692,6.812,0.12,1.0
2020-08-13,6.674,6.7940000000000005,0.12,1.0
2020-08-14,6.82,6.94,0.12,1.0
2020-08-17,6.925,7.045,0.12,1.0
2020-08-18,6.92,7.04,0.12,1.0
2020-08-19,6.792,6.912,0.12,1.0
2020-08-20,6.719,6.839,0.12,1.0
2020-08-21,6.818,6.938,0.12,1.0
2020-08-24,6.93,7.05,0.12,1.0
2020-08-25,6.951,7.071,0.12,1.0
2020-08-26,6.855,6.9750000000000005,0.12,1.0
2020-08-27,6.912,7.032,0.12,1.0
2020-08-28,7.12,7.24,0.12,1.0
2020-08-31,7.042,7.162,0.12,1.0
2020-09-01,7.085,7.205,0.12,1.0
2020-09-02,7.112,7.232,0.12,1.0
2020-09-03,7.06,7.18,0.12,1.0
2020-09-04,6.973,7.093,0.12,1.0
2020-09-07,6.751,6.871,0.12,1.0
2020-09-08,6.752,6.872,0.12,1.0
2020-09-09,6.533,6.6530000000000005,0.12,1.0
2020-09-10,6.53,6.65,0.12,1.0
2020-09-11,6.63,6.75,0.12,1.0
2020-09-14,6.646,6.766,0.12,1.0
2020-09-15,6.704,6.824,0.12,1.0
2020-09-16,6.64,6.76,0.12,1.0
2020-09-17,6.621,6.7410000000000005,0.12,1.0
2020-09-18,6.751,6.871,0.12,1.0
2020-09-21,6.671,6.791,0.12,1.0
2020-09-22,6.617,6.737,0.12,1.0
2020-09-23,6.682,6.8020000000000005,0.12,1.0
2020-09-24,6.554,6.674,0.12,1.0
2020-09-25,6.565,6.6850000000000005,0.12,1.0
2020-09-28,6.56,6.68,0.12,1.0
2020-09-29,6.63,6.75,0.12,1.0
2020-09-30,6.632,6.752,0.12,1.0
2020-10-09,6.825,6.945,0.12,1.0
2020-10-12,7.042,7.162,0.12,1.0
2020-10-13,7.109,7.229,0.12,1.0
2020-10-14,7.061,7.181,0.12,1.0
2020-10-15,7.041,7.1610000000000005,0.12,1.0
2020-10-16,6.993,7.113,0.12,1.0
2020-10-19,6.942,7.062,0.12,1.0
2020-10-20,7.055,7.175,0.12,1.0
2020-10-21,7.016,7.136,0.12,1.0
2020-10-22,6.978,7.098,0.12,1.0
2020-10-23,6.838,6.958,0.12,1.0
2020-10-26,6.868,6.988,0.12,1.0
2020-10-27,6.925,7.045,0.12,1.0
2020-10-28,7.01,7.13,0.12,1.0
2020-10-29,7.145,7.265,0.12,1.0
2020-10-30,6.97,7.09,0.12,1.0
2020-11-02,7.095,7.215,0.12,1.0
2020-11-03,7.163,7.283,0.12,1.0
2020-11-04,7.247,7.367,0.12,1.0
2020-11-05,7.357,7.477,0.12,1.0
2020-11-06,7.346,7.466,0.12,1.0
2020-11-09,7.502,7.622,0.12,1.0
2020-11-10,7.407,7.527,0.12,1.0
2020-11-11,7.268,7.388,0.12,1.0
2020-11-12,7.315,7.4350000000000005,0.12,1.0
2020-11-13,7.276,7.396,0.12,1.0
2020-11-16,7.305,7.425,0.12,1.0
2020-11-17,7.275,7.3950000000000005,0.12,1.0
2020-11-18,7.212,7.332,0.12,1.0
2020-11-19,7.307,7.4270000000000005,0.12,1.0
2020-11-20,7.318,7.438,0.12,1.0
2020-11-23,7.359,7.479,0.12,1.0
2020-11-24,7.306,7.426,0.12,1.0
2020-11-25,7.182,7.3020000000000005,0.12,1.0
2020-11-26,7.155,7.275,0.12,1.0
2020-11-27,7.238,7.3580000000000005,0.12,1.0
2020-11-30,7.225,7.345,0.12,1.0
2020-12-01,7.358,7.478,0.12,1.0
2020-12-02,7.386,7.506,0.12,1.0
2020-12-03,7.391,7.511,0.12,1.0
2020-12-04,7.43,7.55,0.12,1.0
2020-12-07,7.38,7.5,0.12,1.0
2020-12-08,7.367,7.487,0.12,1.0
2020-12-09,7.227,7.347,0.12,1.0
2020-12-10,7.242,7.362,0.12,1.0
2020-12-11,7.152,7.272,0.12,1.0
2020-12-14,7.245,7.365,0.12,1.0
2020-12-15,7.296,7.416,0.12,1.0
2020-12-16,7.307,7.4270000000000005,0.12,1.0
2020-12-17,7.379,7.499,0.12,1.0
2020-12-18,7.368,7.488,0.12,1.0
2020-12-21,7.529,7.649,0.12,1.0
2020-12-22,7.42,7.54,0.12,1.0
2020-12-23,7.499,7.619,0.12,1.0
2020-12-24,7.494,7.614,0.12,1.0
2020-12-25,7.55,7.67,0.12,1.0
2020-12-28,7.597,7.7170000000000005,0.12,1.0
2020-12-29,7.546,7.666,0.12,1.0
2020-12-30,7.697,7.817,0.12,1.0
2020-12-31,7.858,7.978,0.12,1.0
2021-01-04,8.05,8.17,0.12,1.0
2021-01-05,8.309,8.428999999999998,0.12,1.0
2021-01-06,8.338,8.457999999999998,0.12,1.0
2021-01-07,8.526,8.645999999999999,0.12,1.0
2021-01-08,8.459,8.578999999999999,0.12,1.0
2021-01-11,8.333,8.453,0.12,1.0
2021-01-12,8.58,8.7,0.12,1.0
2021-01-13,8.518,8.638,0.12,1.0
2021-01-14,8.297,8.417,0.12,1.0
2021-01-15,8.281,8.401,0.12,1.0
2021-01-18,8.385,8.504999999999999,0.12,1.0
2021-01-19,8.218,8.338,0.12,1.0
2021-01-20,8.355,8.475,0.12,1.0
2021-01-21,8.555,8.674999999999999,0.12,1.0
2021-01-22,8.634,8.754,0.12,1.0
2021-01-25,8.716,8.835999999999999,0.12,1.0
2021-01-26,8.496,8.616,0.12,1.0
2021-01-27,8.539,8.658999999999999,0.12,1.0
2021-01-28,8.225,8.344999999999999,0.12,1.0
2021-01-29,8.194,8.314,0.12,1.0
2021-02-01,8.347,8.466999999999999,0.12,1.0
2021-02-02,8.552,8.671999999999999,0.12,1.0
2021-02-03,8.511,8.630999999999998,0.12,1.0
2021-02-04,8.489,8.609,0.12,1.0
2021-02-05,8.465,8.584999999999999,0.12,1.0
2021-02-08,8.626,8.745999999999999,0.12,1.0
2021-02-09,8.853,8.972999999999999,0.12,1.0
2021-02-10,9.092,9.212,0.12,1.0
2021-02-18,8.849,8.969,0.12,1.0
2021-02-19,8.844,8.963999999999999,0.12,1.0
2021-02-22,8.465,8.584999999999999,0.12,1.0
2021-02-23,8.411,8.530999999999999,0.12,1.0
2021-02-24,8.145,8.264999999999999,0.12,1.0
2021-02-25,8.147,8.267,0.12,1.0
2021-02-26,7.949,8.068999999999999,0.12,1.0
2021-03-01,8.163,8.283,0.12,1.0
2021-03-02,8.083,8.203,0.12,1.0
2021-03-03,8.184,8.303999999999998,0.12,1.0
2021-03-04,7.854,7.974,0.12,1.0
2021-03-05,7.84,7.96,0.12,1.0
2021-03-08,7.303,7.423,0.12,1.0
2021-03-09,7.264,7.384,0.12,1.0
2021-03-11,7.536,7.656,0.12,1.0
2021-03-12,7.556,7.676,0.12,1.0
2021-03-15,7.298,7.418,0.12,1.0
2021-03-16,7.375,7.495,0.12,1.0
2021-03-17,7.49,7.61,0.12,1.0
2021-03-18,7.596,7.716,0.12,1.0
2021-03-19,7.353,7.473,0.12,1.0
2021-03-22,7.417,7.537,0.12,1.0
2021-03-23,7.341,7.461,0.12,1.0
2021-03-24,7.219,7.339,0.12,1.0
2021-03-25,7.215,7.335,0.12,1.0
2021-03-26,7.438,7.558,0.12,1.0
2021-03-29,7.432,7.5520000000000005,0.12,1.0
2021-03-30,7.521,7.641,0.12,1.0
2021-03-31,7.46,7.58,0.12,1.0
2021-04-01,7.58,7.7,0.12,1.0
2021-04-02,7.687,7.807,0.12,1.0
2021-04-06,7.625,7.745,0.12,1.0
2021-04-07,7.542,7.662,0.12,1.0
2021-04-08,7.544,7.664,0.12,1.0
2021-04-09,7.411,7.531,0.12,1.0
2021-04-12,3.629,7.378,0.12,2.0
2021-04-13,3.646,7.412,0.12,2.0
2021-04-14,3.714,7.548,0.12,2.0
2021-04-15,3.69,7.5,0.12,2.0
2021-04-16,3.69,7.5,0.12,2.0
2021-04-19,3.827,7.774,0.12,2.0
2021-04-20,3.813,7.746,0.12,2.0
2021-04-21,3.839,7.798,0.12,2.0
2021-04-22,3.856,7.832,0.12,2.0
2021-04-23,3.917,7.954,0.12,2.0
2021-04-26,3.86,7.84,0.12,2.0
2021-04-27,3.891,7.902,0.12,2.0
2021-04-28,3.945,8.01,0.12,2.0
2021-04-29,3.974,8.068,0.12,2.0
2021-04-30,3.949,8.017999999999999,0.12,2.0
2021-05-06,3.865,7.8500000000000005,0.12,2.0
2021-05-07,3.777,7.674,0.12,2.0
2021-05-10,3.774,7.668,0.12,2.0
2021-05-11,3.798,7.716,0.12,2.0
2021-05-12,3.815,7.75,0.12,2.0
2021-05-13,3.773,7.666,0.12,2.0
2021-05-14,3.872,7.864,0.12,2.0
2021-05-17,3.95,8.02,0.12,2.0
2021-05-18,3.95,8.02,0.12,2.0
2021-05-19,3.96,8.04,0.12,2.0
2021-05-20,3.99,8.1,0.12,2.0
2021-05-21,3.943,8.006,0.12,2.0
2021-05-24,3.979,8.078,0.12,2.0
2021-05-25,4.096,8.312,0.12,2.0
2021-05-26,4.062,8.244,0.12,2.0
2021-05-27,4.08,8.28,0.12,2.0
2021-05-28,4.061,8.241999999999999,0.12,2.0
2021-05-31,4.098,8.315999999999999,0.12,2.0
2021-06-01,4.112,8.344,0.12,2.0
2021-06-02,4.067,8.254,0.12,2.0
2021-06-03,4.041,8.202,0.12,2.0
2021-06-04,4.076,8.271999999999998,0.12,2.0
2021-06-07,4.055,8.229999999999999,0.12,2.0
2021-06-08,4.011,8.142,0.12,2.0
2021-06-09,4.01,8.139999999999999,0.12,2.0
2021-06-10,4.049,8.218,0.12,2.0
2021-06-11,4.021,8.161999999999999,0.12,2.0
2021-06-15,3.988,8.096,0.12,2.0
2021-06-16,3.876,7.872,0.12,2.0
2021-06-17,3.922,7.964,0.12,2.0
2021-06-18,3.969,8.058,0.12,2.0
2021-06-21,3.962,8.044,0.12,2.0
2021-06-22,3.973,8.065999999999999,0.12,2.0
2021-06-23,4.017,8.154,0.12,2.0
2021-06-24,4.011,8.142,0.12,2.0
2021-06-25,4.075,8.27,0.12,2.0
2021-06-28,4.126,8.372,0.12,2.0
2021-06-29,4.077,8.274,0.12,2.0
2021-06-30,4.13,8.379999999999999,0.12,2.0
2021-07-01,4.102,8.324,0.12,2.0
2021-07-02,3.984,8.088,0.12,2.0
2021-07-05,3.991,8.102,0.12,2.0
2021-07-06,3.981,8.081999999999999,0.12,2.0
2021-07-07,4.062,8.244,0.12,2.0
2021-07-08,4.036,8.191999999999998,0.12,2.0
2021-07-09,4.019,8.158,0.12,2.0
2021-07-12,4.118,8.356,0.12,2.0
2021-07-13,4.115,8.35,0.12,2.0
2021-07-14,4.073,8.266,0.12,2.0
2021-07-15,4.123,8.366,0.12,2.0
2021-07-16,4.049,8.218,0.12,2.0
2021-07-19,4.071,8.261999999999999,0.12,2.0
2021-07-20,4.07,8.26,0.12,2.0
2021-07-21,4.122,8.363999999999999,0.12,2.0
2021-07-22,4.125,8.37,0.12,2.0
2021-07-23,4.049,8.218,0.12,2.0
2021-07-26,3.909,7.938,0.12,2.0
2021-07-27,3.747,7.614,0.12,2.0
2021-07-28,3.768,7.656,0.12,2.0
2021-07-29,3.882,7.884,0.12,2.0
2021-07-30,3.842,7.804,0.12,2.0
2021-08-02,3.945,8.01,0.12,2.0
2021-08-03,3.936,7.992,0.12,2.0
2021-08-04,4.007,8.133999999999999,0.12,2.0
2021-08-05,3.963,8.046,0.12,2.0
2021-08-06,3.952,8.024,0.12,2.0
2021-08-09,3.977,8.074,0.12,2.0
2021-08-10,4.02,8.159999999999998,0.12,2.0
2021-08-11,3.989,8.097999999999999,0.12,2.0
2021-08-12,3.942,8.004,0.12,2.0
2021-08-13,3.906,7.932,0.12,2.0
2021-08-16,3.878,7.876,0.12,2.0
2021-08-17,3.787,7.694,0.12,2.0
2021-08-18,3.821,7.7620000000000005,0.12,2.0
2021-08-19,3.824,7.768,0.12,2.0
2021-08-20,3.745,7.61,0.12,2.0
2021-08-23,3.838,7.796,0.12,2.0
2021-08-24,3.872,7.864,0.12,2.0
2021-08-25,3.868,7.856,0.12,2.0
2021-08-26,3.785,7.69,0.12,2.0
2021-08-27,3.787,7.694,0.12,2.0
2021-08-30,3.765,7.65,0.12,2.0
2021-08-31,3.736,7.5920000000000005,0.12,2.0
2021-09-01,3.763,7.646,0.12,2.0
2021-09-02,3.729,7.578,0.12,2.0
2021-09-03,3.705,7.53,0.12,2.0
2021-09-06,3.822,7.764,0.12,2.0
2021-09-07,3.853,7.8260000000000005,0.12,2.0
2021-09-08,3.821,7.7620000000000005,0.12,2.0
2021-09-09,3.821,7.7620000000000005,0.12,2.0
2021-09-10,3.845,7.8100000000000005,0.12,2.0
2021-09-13,3.811,7.742,0.12,2.0
2021-09-14,3.798,7.716,0.12,2.0
2021-09-15,3.757,7.634,0.12,2.0
2021-09-16,3.69,7.5,0.12,2.0
2021-09-17,3.734,7.588,0.12,2.0
2021-09-22,3.695,7.51,0.12,2.0
2021-09-23,3.721,7.562,0.12,2.0
2021-09-24,3.739,7.598,0.12,2.0
2021-09-27,3.795,7.71,0.12,2.0
2021-09-28,3.767,7.654,0.12,2.0
2021-09-29,3.744,7.6080000000000005,0.12,2.0
2021-09-30,3.795,7.71,0.12,2.0
2021-10-08,3.842,7.804,0.12,2.0
2021-10-11,3.82,7.76,0.12,2.0
2021-10-12,3.761,7.642,0.12,2.0
2021-10-13,3.841,7.8020000000000005,0.12,2.0
2021-10-14,3.825,7.7700000000000005,0.12,2.0
2021-10-15,3.854,7.828,0.12,2.0
2021-10-18,3.829,7.7780000000000005,0.12,2.0
2021-10-19,3.872,7.864,0.12,2.0
2021-10-20,3.851,7.822,0.12,2.0
2021-10-21,3.86,7.84,0.12,2.0
2021-10-22,3.898,7.916,0.12,2.0
2021-10-25,3.913,7.946,0.12,2.0
2021-10-26,3.893,7.906,0.12,2.0
2021-10-27,3.852,7.824,0.12,2.0
2021-10-28,3.828,7.776,0.12,2.0
2021-10-29,3.876,7.872,0.12,2.0
2021-11-01,3.876,7.872,0.12,2.0
2021-11-02,3.847,7.814,0.12,2.0
2021-11-03,3.836,7.792,0.12,2.0
2021-11-04,3.89,7.9,0.12,2.0
2021-11-05,3.869,7.8580000000000005,0.12,2.0
2021-11-08,3.879,7.878,0.12,2.0
2021-11-09,3.881,7.882,0.12,2.0
2021-11-10,3.857,7.8340000000000005,0.12,2.0
2021-11-11,3.92,7.96,0.12,2.0
2021-11-12,3.902,7.924,0.12,2.0
2021-11-15,3.886,7.892,0.12,2.0
2021-11-16,3.892,7.904,0.12,2.0
2021-11-17,3.905,7.93,0.12,2.0
2021-11-18,3.862,7.844,0.12,2.0
2021-11-19,3.915,7.95,0.12,2.0
2021-11-22,3.958,8.036,0.12,2.0
2021-11-23,3.941,8.001999999999999,0.12,2.0
2021-11-24,3.933,7.986,0.12,2.0
2021-11-25,3.919,7.958,0.12,2.0
2021-11-26,3.894,7.908,0.12,2.0
2021-11-29,3.899,7.918,0.12,2.0
2021-11-30,3.895,7.91,0.12,2.0
2021-12-01,3.885,7.89,0.12,2.0
2021-12-02,3.89,7.9,0.12,2.0
2021-12-03,3.927,7.974,0.12,2.0
2021-12-06,3.894,7.908,0.12,2.0
2021-12-07,3.891,7.902,0.12,2.0
2021-12-08,3.961,8.042,0.12,2.0
2021-12-09,4.034,8.187999999999999,0.12,2.0
2021-12-10,4.021,8.161999999999999,0.12,2.0
2021-12-13,4.049,8.218,0.12,2.0
2021-12-14,4.027,8.174,0.12,2.0
2021-12-15,3.991,8.102,0.12,2.0
2021-12-16,4.011,8.142,0.12,2.0
2021-12-17,3.933,7.986,0.12,2.0
2021-12-20,3.846,7.812,0.12,2.0
2021-12-21,3.872,7.864,0.12,2.0
2021-12-22,3.889,7.898,0.12,2.0
2021-12-23,3.921,7.962,0.12,2.0
2021-12-24,3.885,7.89,0.12,2.0
2021-12-27,3.902,7.924,0.12,2.0
2021-12-28,3.922,7.964,0.12,2.0
2021-12-29,3.862,7.844,0.12,2.0
2021-12-30,3.9,7.92,0.12,2.0
2021-12-31,3.905,7.93,0.12,2.0
2022-01-04,3.889,7.898,0.12,2.0
2022-01-05,3.823,7.766,0.12,2.0
2022-01-06,3.779,7.678,0.12,2.0
2022-01-07,3.77,7.66,0.12,2.0
2022-01-10,3.777,7.674,0.12,2.0
2022-01-11,3.729,7.578,0.12,2.0
2022-01-12,3.781,7.682,0.12,2.0
2022-01-13,3.708,7.5360000000000005,0.12,2.0
2022-01-14,3.696,7.5120000000000005,0.12,2.0
2022-01-17,3.749,7.618,0.12,2.0
2022-01-18,3.772,7.664,0.12,2.0
2022-01-19,3.727,7.574,0.12,2.0
2022-01-20,3.747,7.614,0.12,2.0
2022-01-21,3.714,7.548,0.12,2.0
2022-01-24,3.727,7.574,0.12,2.0
2022-01-25,3.643,7.406,0.12,2.0
2022-01-26,3.66,7.44,0.12,2.0
2022-01-27,3.576,7.272,0.12,2.0
2022-01-28,3.553,7.226,0.12,2.0
2022-02-07,3.581,7.282,0.12,2.0
2022-02-08,3.517,7.154,0.12,2.0
2022-02-09,3.559,7.238,0.12,2.0
2022-02-10,3.531,7.182,0.12,2.0
2022-02-11,3.48,7.08,0.12,2.0
2022-02-14,3.444,7.008,0.12,2.0
2022-02-15,3.504,7.128,0.12,2.0
2022-02-16,3.511,7.142,0.12,2.0
2022-02-17,3.529,7.178,0.12,2.0
2022-02-18,3.534,7.188,0.12,2.0
2022-02-21,3.525,7.17,0.12,2.0
2022-02-22,3.471,7.062,0.12,2.0
2022-02-23,3.537,7.194,0.12,2.0
2022-02-24,3.454,7.0280000000000005,0.12,2.0
2022-02-25,3.499,7.118,0.12,2.0
2022-02-28,3.5,7.12,0.12,2.0
2022-03-01,3.526,7.172,0.12,2.0
2022-03-02,3.482,7.0840000000000005,0.12,2.0
2022-03-03,3.435,6.99,0.12,2.0
2022-03-04,3.378,6.876,0.12,2.0
2022-03-07,3.245,6.61,0.12,2.0
2022-03-08,3.174,6.468,0.12,2.0
2022-03-09,3.147,6.414,0.12,2.0
2022-03-10,3.218,6.556,0.12,2.0
2022-03-11,3.234,6.588,0.12,2.0
2022-03-14,3.128,6.376,0.12,2.0
2022-03-15,3.002,6.124,0.12,2.0
2022-03-16,3.134,6.388,0.12,2.0
2022-03-17,3.2,6.5200000000000005,0.12,2.0
2022-03-18,3.231,6.582,0.12,2.0
2022-03-21,3.221,6.562,0.12,2.0
2022-03-22,3.208,6.5360000000000005,0.12,2.0
2022-03-23,3.237,6.594,0.12,2.0
2022-03-24,3.213,6.546,0.12,2.0
2022-03-25,3.143,6.406,0.12,2.0
2022-03-28,3.094,6.308,0.12,2.0
2022-03-29,3.091,6.3020000000000005,0.12,2.0
2022-03-30,3.191,6.502,0.12,2.0
2022-03-31,3.16,6.44,0.12,2.0
2022-04-01,3.203,6.526,0.12,2.0
2022-04-06,3.184,6.488,0.12,2.0
2022-04-07,3.14,6.4,0.12,2.0
2022-04-08,3.15,6.42,0.12,2.0
2022-04-11,3.053,6.226,0.12,2.0
2022-04-12,3.1,6.32,0.12,2.0
2022-04-13,3.064,6.248,0.12,2.0
2022-04-14,3.094,6.308,0.12,2.0
2022-04-15,3.084,6.288,0.12,2.0
2022-04-18,3.099,6.3180000000000005,0.12,2.0
2022-04-19,3.071,6.2620000000000005,0.12,2.0
2022-04-20,3.011,6.142,0.12,2.0
2022-04-21,2.943,6.006,0.12,2.0
2022-04-22,2.942,6.0040000000000004,0.12,2.0
2022-04-25,2.798,5.716,0.12,2.0
2022-04-26,2.77,5.66,0.12,2.0
2022-04-27,2.872,5.864,0.12,2.0
2022-04-28,2.872,5.864,0.12,2.0
2022-04-29,2.979,6.078,0.12,2.0
2022-05-05,2.96,6.04,0.12,2.0
2022-05-06,2.888,5.896,0.12,2.0
2022-05-09,2.857,5.8340000000000005,0.12,2.0
2022-05-10,2.894,5.908,0.12,2.0
2022-05-11,2.952,6.024,0.12,2.0
2022-05-12,2.947,6.014,0.12,2.0
2022-05-13,2.962,6.0440000000000005,0.12,2.0
2022-05-16,2.937,5.994,0.12,2.0
2022-05-17,2.986,6.0920000000000005,0.12,2.0
2022-05-18,2.976,6.072,0.12,2.0
2022-05-19,2.983,6.086,0.12,2.0
2022-05-20,3.043,6.206,0.12,2.0
2022-05-23,3.015,6.15,0.12,2.0
2022-05-24,2.937,5.994,0.12,2.0
2022-05-25,2.945,6.01,0.12,2.0
2022-05-26,2.956,6.032,0.12,2.0
2022-05-27,2.953,6.026,0.12,2.0
2022-05-30,2.988,6.096,0.12,2.0
2022-05-31,3.055,6.23,0.12,2.0
2022-06-01,3.054,6.228,0.12,2.0
2022-06-02,3.082,6.284,0.12,2.0
2022-06-06,3.163,6.446,0.12,2.0
2022-06-07,3.156,6.432,0.12,2.0
2022-06-08,3.193,6.506,0.12,2.0
2022-06-09,3.127,6.374,0.12,2.0
2022-06-10,3.203,6.526,0.12,2.0
2022-06-13,3.167,6.454,0.12,2.0
2022-06-14,3.185,6.49,0.12,2.0
2022-06-15,3.229,6.578,0.12,2.0
2022-06-16,3.221,6.562,0.12,2.0
2022-06-17,3.278,6.676,0.12,2.0
2022-06-20,3.327,6.774,0.12,2.0
2022-06-21,3.32,6.76,0.12,2.0
2022-06-22,3.276,6.672,0.12,2.0
2022-06-23,3.34,6.8,0.12,2.0
2022-06-24,3.389,6.898,0.12,2.0
2022-06-27,3.432,6.984,0.12,2.0
2022-06-28,3.479,7.078,0.12,2.0
2022-06-29,3.398,6.916,0.12,2.0
2022-06-30,3.459,7.038,0.12,2.0
2022-07-01,3.449,7.018,0.12,2.0
2022-07-04,3.495,7.11,0.12,2.0
2022-07-05,3.479,7.078,0.12,2.0
2022-07-06,3.434,6.988,0.12,2.0
2022-07-07,3.477,7.074,0.12,2.0
2022-07-08,3.457,7.034,0.12,2.0
2022-07-11,3.389,6.898,0.12,2.0
2022-07-12,3.336,6.792,0.12,2.0
2022-07-13,3.372,6.864,0.12,2.0
2022-07-14,3.389,6.898,0.12,2.0
2022-07-15,3.338,6.796,0.12,2.0
2022-07-18,3.357,6.8340000000000005,0.12,2.0
2022-07-19,3.325,6.7700000000000005,0.12,2.0
2022-07-20,3.332,6.784,0.12,2.0
2022-07-21,3.295,6.71,0.12,2.0
2022-07-22,3.292,6.704,0.12,2.0
2022-07-25,3.273,6.666,0.12,2.0
2022-07-26,3.299,6.718,0.12,2.0
2022-07-27,3.287,6.694,0.12,2.0
2022-07-28,3.29,6.7,0.12,2.0
2022-07-29,3.236,6.5920000000000005,0.12,2.0
2022-08-01,3.277,6.674,0.12,2.0
2022-08-02,3.219,6.558,0.12,2.0
2022-08-03,3.172,6.464,0.12,2.0
2022-08-04,3.19,6.5,0.12,2.0
2022-08-05,3.239,6.598,0.12,2.0
2022-08-08,3.235,6.59,0.12,2.0
2022-08-09,3.241,6.602,0.12,2.0
2022-08-10,3.207,6.534,0.12,2.0
2022-08-11,3.283,6.686,0.12,2.0
2022-08-12,3.267,6.654,0.12,2.0
2022-08-15,3.277,6.674,0.12,2.0
2022-08-16,3.274,6.668,0.12,2.0
2022-08-17,3.324,6.768,0.12,2.0
2022-08-18,3.292,6.704,0.12,2.0
2022-08-19,3.253,6.626,0.12,2.0
2022-08-22,3.294,6.708,0.12,2.0
2022-08-23,3.289,6.698,0.12,2.0
2022-08-24,3.193,6.506,0.12,2.0
2022-08-25,3.2,6.5200000000000005,0.12,2.0
2022-08-26,3.19,6.5,0.12,2.0
2022-08-29,3.163,6.446,0.12,2.0
2022-08-30,3.155,6.43,0.12,2.0
2022-08-31,3.127,6.374,0.12,2.0
2022-09-01,3.115,6.3500000000000005,0.12,2.0
2022-09-02,3.097,6.314,0.12,2.0
2022-09-05,3.08,6.28,0.12,2.0
2022-09-06,3.101,6.322,0.12,2.0
2022-09-07,3.106,6.332,0.12,2.0
2022-09-08,3.078,6.276,0.12,2.0
2022-09-09,3.123,6.3660000000000005,0.12,2.0
2022-09-13,3.141,6.402,0.12,2.0
2022-09-14,3.098,6.316,0.12,2.0
2022-09-15,3.045,6.21,0.12,2.0
2022-09-16,2.987,6.094,0.12,2.0
2022-09-19,2.978,6.0760000000000005,0.12,2.0
2022-09-20,2.989,6.098,0.12,2.0
2022-09-21,2.956,6.032,0.12,2.0
2022-09-22,2.922,5.964,0.12,2.0
2022-09-23,2.901,5.922,0.12,2.0
2022-09-26,2.909,5.938,0.12,2.0
2022-09-27,2.96,6.04,0.12,2.0
2022-09-28,2.904,5.928,0.12,2.0
2022-09-29,2.899,5.918,0.12,2.0
2022-09-30,2.867,5.854,0.12,2.0
2022-10-10,2.797,5.714,0.12,2.0
2022-10-11,2.812,5.744,0.12,2.0
2022-10-12,2.875,5.87,0.12,2.0
2022-10-13,2.855,5.83,0.12,2.0
2022-10-14,2.939,5.998,0.12,2.0
2022-10-17,2.934,5.988,0.12,2.0
2022-10-18,2.937,5.994,0.12,2.0
2022-10-19,2.888,5.896,0.12,2.0
2022-10-20,2.867,5.854,0.12,2.0
2022-10-21,2.856,5.832,0.12,2.0
2022-10-24,2.77,5.66,0.12,2.0
2022-10-25,2.749,5.618,0.12,2.0
2022-10-26,2.788,5.696,0.12,2.0
2022-10-27,2.768,5.656,0.12,2.0
2022-10-28,2.685,5.49,0.12,2.0
2022-10-31,2.662,5.444,0.12,2.0
2022-11-01,2.77,5.66,0.12,2.0
2022-11-02,2.815,5.75,0.12,2.0
2022-11-03,2.789,5.698,0.12,2.0
2022-11-04,2.895,5.91,0.12,2.0
2022-11-07,2.892,5.904,0.12,2.0
2022-11-08,2.87,5.86,0.12,2.0
2022-11-09,2.832,5.784,0.12,2.0
2022-11-10,2.786,5.692,0.12,2.0
2022-11-11,2.87,5.86,0.12,2.0
2022-11-14,2.863,5.846,0.12,2.0
2022-11-15,2.931,5.982,0.12,2.0
2022-11-16,2.897,5.914,0.12,2.0
2022-11-17,2.884,5.888,0.12,2.0
2022-11-18,2.878,5.876,0.12,2.0
2022-11-21,2.857,5.8340000000000005,0.12,2.0
2022-11-22,2.823,5.766,0.12,2.0
2022-11-23,2.818,5.756,0.12,2.0
2022-11-24,2.816,5.752,0.12,2.0
2022-11-25,2.805,5.73,0.12,2.0
2022-11-28,2.783,5.686,0.12,2.0
2022-11-29,2.857,5.8340000000000005,0.12,2.0
2022-11-30,2.862,5.844,0.12,2.0
2022-12-01,2.915,5.95,0.12,2.0
2022-12-02,2.903,5.926,0.12,2.0
2022-12-05,2.939,5.998,0.12,2.0
2022-12-06,2.97,6.0600000000000005,0.12,2.0
2022-12-07,2.981,6.082,0.12,2.0
2022-12-08,2.982,6.0840000000000005,0.12,2.0
2022-12-09,3.017,6.154,0.12,2.0
2022-12-12,2.981,6.082,0.12,2.0
2022-12-13,2.965,6.05,0.12,2.0
2022-12-14,2.977,6.074,0.12,2.0
2022-12-15,2.983,6.086,0.12,2.0
2022-12-16,2.965,6.05,0.12,2.0
2022-12-19,2.935,5.99,0.12,2.0
2022-12-20,2.882,5.884,0.12,2.0
2022-12-21,2.881,5.882,0.12,2.0
2022-12-22,2.891,5.902,0.12,2.0
2022-12-23,2.885,5.89,0.12,2.0
2022-12-26,2.903,5.926,0.12,2.0
2022-12-27,2.947,6.014,0.12,2.0
2022-12-28,2.917,5.954,0.12,2.0
2022-12-29,2.913,5.946,0.12,2.0
2022-12-30,2.918,5.956,0.12,2.0
2023-01-03,2.925,5.97,0.12,2.0
2023-01-04,2.92,5.96,0.12,2.0
2023-01-05,3.006,6.132,0.12,2.0
2023-01-06,3.017,6.154,0.12,2.0
2023-01-09,3.037,6.194,0.12,2.0
2023-01-10,3.05,6.22,0.12,2.0
2023-01-11,3.04,6.2,0.12,2.0
2023-01-12,3.051,6.222,0.12,2.0
2023-01-13,3.103,6.3260000000000005,0.12,2.0
2023-01-16,3.154,6.428,0.12,2.0
2023-01-17,3.158,6.436,0.12,2.0
2023-01-18,3.16,6.44,0.12,2.0
2023-01-19,3.188,6.496,0.12,2.0
2023-01-20,3.198,6.516,0.12,2.0
2023-01-30,3.236,6.5920000000000005,0.12,2.0
2023-01-31,3.196,6.5120000000000005,0.12,2.0
2023-02-01,3.231,6.582,0.12,2.0
2023-02-02,3.212,6.5440000000000005,0.12,2.0
2023-02-03,3.19,6.5,0.12,2.0
2023-02-06,3.138,6.396,0.12,2.0
2023-02-07,3.14,6.4,0.12,2.0
2023-02-08,3.121,6.362,0.12,2.0
2023-02-09,3.174,6.468,0.12,2.0
2023-02-10,3.148,6.416,0.12,2.0
2023-02-13,3.185,6.49,0.12,2.0
2023-02-14,3.179,6.478,0.12,2.0
2023-02-15,3.163,6.446,0.12,2.0
2023-02-16,3.121,6.362,0.12,2.0
2023-02-17,3.072,6.264,0.12,2.0
2023-02-20,3.14,6.4,0.12,2.0
2023-02-21,3.133,6.386,0.12,2.0
2023-02-22,3.109,6.338,0.12,2.0
2023-02-23,3.114,6.348,0.12,2.0
2023-02-24,3.076,6.272,0.12,2.0
2023-02-27,3.06,6.24,0.12,2.0
2023-02-28,3.084,6.288,0.12,2.0
2023-03-01,3.116,6.352,0.12,2.0
2023-03-02,3.102,6.324,0.12,2.0
2023-03-03,3.101,6.322,0.12,2.0
2023-03-06,3.091,6.3020000000000005,0.12,2.0
2023-03-07,3.03,6.18,0.12,2.0
2023-03-08,3.018,6.156,0.12,2.0
2023-03-09,3.018,6.156,0.12,2.0
2023-03-10,2.982,6.0840000000000005,0.12,2.0
2023-03-13,2.998,6.1160000000000005,0.12,2.0
2023-03-14,2.974,6.0680000000000005,0.12,2.0
2023-03-15,2.97,6.0600000000000005,0.12,2.0
2023-03-16,2.926,5.972,0.12,2.0
2023-03-17,2.929,5.978,0.12,2.0
2023-03-20,2.924,5.968,0.12,2.0
2023-03-21,2.962,6.0440000000000005,0.12,2.0
2023-03-22,2.987,6.094,0.12,2.0
2023-03-23,3.013,6.146,0.12,2.0
2023-03-24,3.022,6.164,0.12,2.0
2023-03-27,3.023,6.166,0.12,2.0
2023-03-28,3.001,6.122,0.12,2.0
2023-03-29,3.017,6.154,0.12,2.0
2023-03-30,3.047,6.214,0.12,2.0
2023-03-31,3.055,6.23,0.12,2.0
2023-04-03,3.094,6.308,0.12,2.0
2023-04-04,3.083,6.2860000000000005,0.12,2.0
2023-04-06,3.073,6.266,0.12,2.0
2023-04-07,3.101,6.322,0.12,2.0
2023-04-10,3.076,6.272,0.12,2.0
2023-04-11,3.074,6.268,0.12,2.0
2023-04-12,3.062,6.244,0.12,2.0
2023-04-13,3.029,6.178,0.12,2.0
2023-04-14,3.04,6.2,0.12,2.0
2023-04-17,3.065,6.25,0.12,2.0
2023-04-18,3.065,6.25,0.12,2.0
2023-04-19,3.033,6.186,0.12,2.0
2023-04-20,3.017,6.154,0.12,2.0
2023-04-21,2.96,6.04,0.12,2.0
2023-04-24,2.915,5.95,0.12,2.0
2023-04-25,2.877,5.874,0.12,2.0
2023-04-26,2.892,5.904,0.12,2.0
2023-04-27,2.907,5.934,0.12,2.0
2023-04-28,2.933,5.986,0.12,2.0
2023-05-04,2.903,5.926,0.12,2.0
2023-05-05,2.893,5.906,0.12,2.0
2023-05-08,2.904,5.928,0.12,2.0
2023-05-09,2.881,5.882,0.12,2.0
2023-05-10,2.885,5.89,0.12,2.0
2023-05-11,2.891,5.902,0.12,2.0
2023-05-12,2.852,5.824,0.12,2.0
2023-05-15,2.908,5.936,0.12,2.0
2023-05-16,2.889,5.898,0.12,2.0
2023-05-17,2.882,5.884,0.12,2.0
2023-05-18,2.863,5.846,0.12,2.0
2023-05-19,2.868,5.856,0.12,2.0
2023-05-22,2.886,5.892,0.12,2.0
2023-05-23,2.854,5.828,0.12,2.0
2023-05-24,2.825,5.7700000000000005,0.12,2.0
2023-05-25,2.819,5.758,0.12,2.0
2023-05-26,2.815,5.75,0.12,2.0
2023-05-29,2.775,5.67,0.12,2.0
2023-05-30,2.778,5.676,0.12,2.0
2023-05-31,2.756,5.632,0.12,2.0
2023-06-01,2.773,5.666,0.12,2.0
2023-06-02,2.822,5.764,0.12,2.0
2023-06-05,2.799,5.718,0.12,2.0
2023-06-06,2.761,5.642,0.12,2.0
2023-06-07,2.74,5.6000000000000005,0.12,2.0
2023-06-08,2.755,5.63,0.12,2.0
2023-06-09,2.767,5.654,0.12,2.0
2023-06-12,2.788,5.696,0.12,2.0
2023-06-13,2.818,5.756,0.12,2.0
2023-06-14,2.827,5.774,0.12,2.0
2023-06-15,2.892,5.904,0.12,2.0
2023-06-16,2.923,5.966,0.12,2.0
2023-06-19,2.902,5.924,0.12,2.0
2023-06-20,2.913,5.946,0.12,2.0
2023-06-21,2.859,5.838,0.12,2.0
2023-06-26,2.829,5.7780000000000005,0.12,2.0
2023-06-27,2.859,5.838,0.12,2.0
2023-06-28,2.843,5.806,0.12,2.0
2023-06-29,2.836,5.792,0.12,2.0
2023-06-30,2.864,5.848,0.12,2.0
2023-07-03,2.887,5.894,0.12,2.0
2023-07-04,2.89,5.9,0.12,2.0
2023-07-05,2.864,5.848,0.12,2.0
2023-07-06,2.844,5.808,0.12,2.0
2023-07-07,2.83,5.78,0.12,2.0
2023-07-10,2.848,5.816,0.12,2.0
2023-07-11,2.869,5.8580000000000005,0.12,2.0
2023-07-12,2.846,5.812,0.12,2.0
2023-07-13,2.893,5.906,0.12,2.0
2023-07-14,2.887,5.894,0.12,2.0
2023-07-17,2.871,5.862,0.12,2.0
2023-07-18,2.86,5.84,0.12,2.0
2023-07-19,2.85,5.82,0.12,2.0
2023-07-20,2.828,5.776,0.12,2.0
2023-07-21,2.827,5.774,0.12,2.0
2023-07-24,2.808,5.736,0.12,2.0
2023-07-25,2.887,5.894,0.12,2.0
2023-07-26,2.881,5.882,0.12,2.0
2023-07-27,2.882,5.884,0.12,2.0
2023-07-28,2.941,6.002,0.12,2.0
2023-07-31,2.96,6.04,0.12,2.0
2023-08-01,2.941,6.002,0.12,2.0
2023-08-02,2.93,5.98,0.12,2.0
2023-08-03,2.953,6.026,0.12,2.0
2023-08-04,2.967,6.054,0.12,2.0
2023-08-07,2.939,5.998,0.12,2.0
2023-08-08,2.933,5.986,0.12,2.0
2023-08-09,2.925,5.97,0.12,2.0
2023-08-10,2.927,5.974,0.12,2.0
2023-08-11,2.855,5.83,0.12,2.0
2023-08-14,2.827,5.774,0.12,2.0
2023-08-15,2.813,5.746,0.12,2.0
2023-08-16,2.786,5.692,0.12,2.0
2023-08-17,2.802,5.724,0.12,2.0
2023-08-18,2.76,5.64,0.12,2.0
2023-08-21,2.718,5.556,0.12,2.0
2023-08-22,2.727,5.574,0.12,2.0
2023-08-23,2.674,5.468,0.12,2.0
2023-08-24,2.708,5.5360000000000005,0.12,2.0
2023-08-25,2.689,5.498,0.12,2.0
2023-08-28,2.719,5.558,0.12,2.0
2023-08-29,2.768,5.656,0.12,2.0
2023-08-30,2.771,5.662,0.12,2.0
2023-08-31,2.758,5.636,0.12,2.0
2023-09-01,2.767,5.654,0.12,2.0
2023-09-04,2.809,5.738,0.12,2.0
2023-09-05,2.788,5.696,0.12,2.0
2023-09-06,2.775,5.67,0.12,2.0
2023-09-07,2.722,5.564,0.12,2.0
2023-09-08,2.703,5.526,0.12,2.0
2023-09-11,2.721,5.562,0.12,2.0
2023-09-12,2.72,5.5600000000000005,0.12,2.0
2023-09-13,2.695,5.51,0.12,2.0
2023-09-14,2.672,5.464,0.12,2.0
2023-09-15,2.656,5.432,0.12,2.0
2023-09-18,2.675,5.47,0.12,2.0
2023-09-19,2.66,5.44,0.12,2.0
2023-09-20,2.648,5.416,0.12,2.0
2023-09-21,2.618,5.356,0.12,2.0
2023-09-22,2.671,5.462,0.12,2.0
2023-09-25,2.651,5.422,0.12,2.0
2023-09-26,2.635,5.39,0.12,2.0
2023-09-27,2.649,5.418,0.12,2.0
2023-09-28,2.638,5.396,0.12,2.0
2023-10-09,2.642,5.404,0.12,2.0
2023-10-10,2.619,5.3580000000000005,0.12,2.0
2023-10-11,2.631,5.382,0.12,2.0
2023-10-12,2.652,5.424,0.12,2.0
2023-10-13,2.619,5.3580000000000005,0.12,2.0
2023-10-16,2.577,5.274,0.12,2.0
2023-10-17,2.583,5.2860000000000005,0.12,2.0
2023-10-18,2.563,5.246,0.12,2.0
2023-10-19,2.512,5.144,0.12,2.0
2023-10-20,2.493,5.106,0.12,2.0
2023-10-23,2.466,5.0520000000000005,0.12,2.0
2023-10-24,2.474,5.0680000000000005,0.12,2.0
2023-10-25,2.479,5.078,0.12,2.0
2023-10-26,2.491,5.102,0.12,2.0
2023-10-27,2.547,5.214,0.12,2.0
2023-10-30,2.59,5.3,0.12,2.0
2023-10-31,2.569,5.258,0.12,2.0
2023-11-01,2.557,5.234,0.12,2.0
2023-11-02,2.534,5.188,0.12,2.0
2023-11-03,2.564,5.248,0.12,2.0
2023-11-06,2.629,5.378,0.12,2.0
2023-11-07,2.618,5.356,0.12,2.0
2023-11-08,2.613,5.346,0.12,2.0
2023-11-09,2.611,5.3420000000000005,0.12,2.0
2023-11-10,2.592,5.304,0.12,2.0
2023-11-13,2.583,5.2860000000000005,0.12,2.0
2023-11-14,2.583,5.2860000000000005,0.12,2.0
2023-11-15,2.602,5.324,0.12,2.0
2023-11-16,2.567,5.2540000000000004,0.12,2.0
2023-11-17,2.566,5.252,0.12,2.0
2023-11-20,2.572,5.264,0.12,2.0
2023-11-21,2.571,5.2620000000000005,0.12,2.0
2023-11-22,2.536,5.192,0.12,2.0
2023-11-23,2.551,5.222,0.12,2.0
2023-11-24,2.533,5.186,0.12,2.0
2023-11-27,2.513,5.146,0.12,2.0
2023-11-28,2.523,5.166,0.12,2.0
2023-11-29,2.498,5.1160000000000005,0.12,2.0
2023-11-30,2.495,5.11,0.12,2.0
2023-12-01,2.48,5.08,0.12,2.0
2023-12-04,2.455,5.03,0.12,2.0
2023-12-05,2.406,4.932,0.12,2.0
2023-12-06,2.429,4.978,0.12,2.0
2023-12-07,2.42,4.96,0.12,2.0
2023-12-08,2.421,4.962,0.12,2.0
2023-12-11,2.444,5.008,0.12,2.0
2023-12-12,2.438,4.996,0.12,2.0
2023-12-13,2.39,4.9,0.12,2.0
2023-12-14,2.38,4.88,0.12,2.0
2023-12-15,2.378,4.876,0.12,2.0
2023-12-18,2.355,4.83,0.12,2.0
2023-12-19,2.359,4.838,0.12,2.0
2023-12-20,2.325,4.7700000000000005,0.12,2.0
2023-12-21,2.358,4.836,0.12,2.0
2023-12-22,2.352,4.824,0.12,2.0
2023-12-25,2.367,4.854,0.12,2.0
2023-12-26,2.346,4.812,0.12,2.0
2023-12-27,2.351,4.822,0.12,2.0
2023-12-28,2.431,4.982,0.12,2.0
2023-12-29,2.443,5.006,0.12,2.0
2024-01-02,2.402,4.924,0.12,2.0
2024-01-03,2.373,4.8660000000000005,0.12,2.0
2024-01-04,2.34,4.8,0.12,2.0
2024-01-05,2.329,4.7780000000000005,0.12,2.0
2024-01-08,2.289,4.698,0.12,2.0
2024-01-09,2.299,4.718,0.12,2.0
2024-01-10,2.288,4.696,0.12,2.0
2024-01-11,2.318,4.756,0.12,2.0
2024-01-12,2.297,4.714,0.12,2.0
2024-01-15,2.285,4.69,0.12,2.0
2024-01-16,2.308,4.736,0.12,2.0
2024-01-17,2.249,4.618,0.12,2.0
2024-01-18,2.28,4.68,0.12,2.0
2024-01-19,2.273,4.666,0.12,2.0
2024-01-22,2.234,4.588,0.12,2.0
2024-01-23,2.246,4.612,0.12,2.0
2024-01-24,2.264,4.648,0.12,2.0
2024-01-25,2.295,4.71,0.12,2.0
2024-01-26,2.273,4.666,0.12,2.0
2024-01-29,2.23,4.58,0.12,2.0
2024-01-30,2.182,4.484,0.12,2.0
2024-01-31,2.164,4.448,0.12,2.0
2024-02-01,2.186,4.492,0.12,2.0
2024-02-02,2.144,4.408,0.12,2.0
2024-02-05,2.163,4.446,0.12,2.0
2024-02-06,2.26,4.64,0.12,2.0
2024-02-07,2.28,4.68,0.12,2.0
2024-02-08,2.306,4.732,0.12,2.0
2024-02-19,2.32,4.76,0.12,2.0
2024-02-20,2.322,4.764,0.12,2.0
2024-02-21,2.359,4.838,0.12,2.0
2024-02-22,2.373,4.8660000000000005,0.12,2.0
2024-02-23,2.369,4.8580000000000005,0.12,2.0
2024-02-26,2.361,4.8420000000000005,0.12,2.0
2024-02-27,2.411,4.942,0.12,2.0
2024-02-28,2.365,4.8500000000000005,0.12,2.0
2024-02-29,2.435,4.99,0.12,2.0
2024-03-01,2.456,5.032,0.12,2.0
2024-03-04,2.448,5.016,0.12,2.0
2024-03-05,2.456,5.032,0.12,2.0
2024-03-06,2.446,5.0120000000000005,0.12,2.0
2024-03-07,2.418,4.956,0.12,2.0
2024-03-08,2.432,4.984,0.12,2.0
2024-03-11,2.498,5.1160000000000005,0.12,2.0
2024-03-12,2.516,5.152,0.12,2.0
2024-03-13,2.504,5.128,0.12,2.0
2024-03-14,2.499,5.118,0.12,2.0
2024-03-15,2.493,5.106,0.12,2.0
2024-03-18,2.526,5.172,0.12,2.0
2024-03-19,2.513,5.146,0.12,2.0
2024-03-20,2.514,5.148,0.12,2.0
2024-03-21,2.508,5.136,0.12,2.0
2024-03-22,2.482,5.0840000000000005,0.12,2.0
2024-03-25,2.455,5.03,0.12,2.0
2024-03-26,2.474,5.0680000000000005,0.12,2.0
2024-03-27,2.427,4.974,0.12,2.0
2024-03-28,2.449,5.018,0.12,2.0
2024-03-29,2.452,5.024,0.12,2.0
2024-04-01,2.519,5.158,0.12,2.0
2024-04-02,2.502,5.124,0.12,2.0
2024-04-03,2.493,5.106,0.12,2.0
2024-04-08,2.455,5.03,0.12,2.0
2024-04-09,2.46,5.04,0.12,2.0
2024-04-10,2.422,4.964,0.12,2.0
2024-04-11,2.42,4.96,0.12,2.0
2024-04-12,2.393,4.906,0.12,2.0
2024-04-15,2.448,5.016,0.12,2.0
2024-04-16,2.418,4.956,0.12,2.0
2024-04-17,2.457,5.034,0.12,2.0
2024-04-18,2.455,5.03,0.12,2.0
2024-04-19,2.423,4.966,0.12,2.0
2024-04-22,2.422,4.964,0.12,2.0
2024-04-23,2.408,4.936,0.12,2.0
2024-04-24,2.417,4.954,0.12,2.0
2024-04-25,2.419,4.958,0.12,2.0
2024-04-26,2.472,5.064,0.12,2.0
2024-04-29,2.526,5.172,0.12,2.0
2024-04-30,2.505,5.13,0.12,2.0
2024-05-06,2.559,5.238,0.12,2.0
2024-05-07,2.555,5.23,0.12,2.0
2024-05-08,2.523,5.166,0.12,2.0
2024-05-09,2.559,5.238,0.12,2.0
2024-05-10,2.549,5.218,0.12,2.0
2024-05-13,2.537,5.194,0.12,2.0
2024-05-14,2.53,5.18,0.12,2.0
2024-05-15,2.518,5.156,0.12,2.0
2024-05-16,2.53,5.18,0.12,2.0
2024-05-17,2.555,5.23,0.12,2.0
2024-05-20,2.558,5.236,0.12,2.0
2024-05-21,2.542,5.204,0.12,2.0
2024-05-22,2.553,5.226,0.12,2.0
2024-05-23,2.524,5.168,0.12,2.0
2024-05-24,2.494,5.1080000000000005,0.12,2.0
2024-05-27,2.511,5.142,0.12,2.0
2024-05-28,2.474,5.0680000000000005,0.12,2.0
2024-05-29,2.478,5.0760000000000005,0.12,2.0
2024-05-30,2.476,5.072,0.12,2.0
2024-05-31,2.469,5.058,0.12,2.0
2024-06-03,2.477,5.074,0.12,2.0
2024-06-04,2.503,5.126,0.12,2.0
2024-06-05,2.494,5.1080000000000005,0.12,2.0
2024-06-06,2.49,5.1000000000000005,0.12,2.0
2024-06-07,2.458,5.0360000000000005,0.12,2.0
2024-06-11,2.45,5.0200000000000005,0.12,2.0
2024-06-12,2.446,5.0120000000000005,0.12,2.0
2024-06-13,2.435,4.99,0.12,2.0
2024-06-14,2.449,5.018,0.12,2.0
2024-06-17,2.457,5.034,0.12,2.0
2024-06-18,2.467,5.054,0.12,2.0
2024-06-19,2.444,5.008,0.12,2.0
2024-06-20,2.417,4.954,0.12,2.0
2024-06-21,2.414,4.948,0.12,2.0
2024-06-24,2.391,4.902,0.12,2.0
2024-06-25,2.373,4.8660000000000005,0.12,2.0
2024-06-26,2.4,4.92,0.12,2.0
2024-06-27,2.377,4.874,0.12,2.0
2024-06-28,2.368,4.856,0.12,2.0
2024-07-01,2.369,4.8580000000000005,0.12,2.0
2024-07-02,2.347,4.814,0.12,2.0
2024-07-03,2.342,4.804,0.12,2.0
2024-07-04,2.33,4.78,0.12,2.0
2024-07-05,2.327,4.774,0.12,2.0
2024-07-08,2.3,4.72,0.12,2.0
2024-07-09,2.327,4.774,0.12,2.0
2024-07-10,2.328,4.776,0.12,2.0
2024-07-11,2.37,4.86,0.12,2.0
2024-07-12,2.375,4.87,0.12,2.0
2024-07-15,2.364,4.848,0.12,2.0
2024-07-16,2.388,4.896,0.12,2.0
2024-07-17,2.386,4.892,0.12,2.0
2024-07-18,2.404,4.928,0.12,2.0
2024-07-19,2.419,4.958,0.12,2.0
2024-07-22,2.405,4.93,0.12,2.0
2024-07-23,2.338,4.796,0.12,2.0
2024-07-24,2.302,4.724,0.12,2.0
2024-07-25,2.3,4.72,0.12,2.0
2024-07-26,2.33,4.78,0.12,2.0
2024-07-29,2.304,4.728,0.12,2.0
2024-07-30,2.283,4.686,0.12,2.0
2024-07-31,2.352,4.824,0.12,2.0
2024-08-01,2.329,4.7780000000000005,0.12,2.0
2024-08-02,2.296,4.712,0.12,2.0
2024-08-05,2.261,4.642,0.12,2.0
2024-08-06,2.271,4.662,0.12,2.0
2024-08-07,2.264,4.648,0.12,2.0
2024-08-08,2.266,4.652,0.12,2.0
2024-08-09,2.254,4.628,0.12,2.0
2024-08-12,2.249,4.618,0.12,2.0
2024-08-13,2.254,4.628,0.12,2.0
2024-08-14,2.228,4.5760000000000005,0.12,2.0
2024-08-15,2.248,4.6160000000000005,0.12,2.0
2024-08-16,2.244,4.6080000000000005,0.12,2.0
2024-08-19,2.245,4.61,0.12,2.0
2024-08-20,2.226,4.572,0.12,2.0
2024-08-21,2.22,4.5600000000000005,0.12,2.0
2024-08-22,2.207,4.534,0.12,2.0
2024-08-23,2.216,4.5520000000000005,0.12,2.0
2024-08-26,2.22,4.5600000000000005,0.12,2.0
2024-08-27,2.197,4.514,0.12,2.0
2024-08-28,2.185,4.49,0.12,2.0
2024-08-29,2.199,4.518,0.12,2.0
2024-08-30,2.26,4.64,0.12,2.0
2024-09-02,2.21,4.54,0.12,2.0
2024-09-03,2.236,4.5920000000000005,0.12,2.0
2024-09-04,2.226,4.572,0.12,2.0
2024-09-05,2.227,4.574,0.12,2.0
2024-09-06,2.198,4.516,0.12,2.0
2024-09-09,2.175,4.47,0.12,2.0
2024-09-10,2.178,4.476,0.12,2.0
2024-09-11,2.186,4.492,0.12,2.0
2024-09-12,2.174,4.468,0.12,2.0
2024-09-13,2.163,4.446,0.12,2.0
2024-09-18,2.168,4.456,0.12,2.0
2024-09-19,2.188,4.496,0.12,2.0
2024-09-20,2.194,4.508,0.12,2.0
2024-09-23,2.195,4.51,0.12,2.0
2024-09-24,2.292,4.704,0.12,2.0
2024-09-25,2.326,4.772,0.12,2.0
2024-09-26,2.442,5.0040000000000004,0.12,2.0
2024-09-27,2.618,5.356,0.12,2.0
2024-09-30,2.88,5.88,0.12,2.0
2024-10-08,3.168,6.456,0.12,2.0
2024-10-09,2.872,5.864,0.12,2.0
2024-10-10,2.851,5.822,0.12,2.0
2024-10-11,2.749,5.618,0.12,2.0
2024-10-14,2.806,5.732,0.12,2.0
2024-10-15,2.725,5.57,0.12,2.0
2024-10-16,2.682,5.484,0.12,2.0
2024-10-17,2.651,5.422,0.12,2.0
2024-10-18,2.784,5.688,0.12,2.0
2024-10-21,2.801,5.722,0.12,2.0
2024-10-22,2.829,5.7780000000000005,0.12,2.0
2024-10-23,2.826,5.772,0.12,2.0
2024-10-24,2.789,5.698,0.12,2.0
2024-10-25,2.837,5.7940000000000005,0.12,2.0
2024-10-28,2.841,5.8020000000000005,0.12,2.0
2024-10-29,2.798,5.716,0.12,2.0
2024-10-30,2.778,5.676,0.12,2.0
2024-10-31,2.784,5.688,0.12,2.0
2024-11-01,2.762,5.644,0.12,2.0
2024-11-04,2.823,5.766,0.12,2.0
2024-11-05,2.909,5.938,0.12,2.0
2024-11-06,2.873,5.8660000000000005,0.12,2.0
2024-11-07,2.97,6.0600000000000005,0.12,2.0
2024-11-08,2.935,5.99,0.12,2.0
2024-11-11,2.993,6.106,0.12,2.0
2024-11-12,2.982,6.0840000000000005,0.12,2.0
2024-11-13,3.005,6.13,0.12,2.0
2024-11-14,2.922,5.964,0.12,2.0
2024-11-15,2.849,5.8180000000000005,0.12,2.0
2024-11-18,2.81,5.74,0.12,2.0
2024-11-19,2.848,5.816,0.12,2.0
2024-11-20,2.856,5.832,0.12,2.0
2024-11-21,2.853,5.8260000000000005,0.12,2.0
2024-11-22,2.758,5.636,0.12,2.0
2024-11-25,2.752,5.624,0.12,2.0
2024-11-26,2.736,5.5920000000000005,0.12,2.0
2024-11-27,2.795,5.71,0.12,2.0
2024-11-28,2.752,5.624,0.12,2.0
2024-11-29,2.8,5.72,0.12,2.0
2024-12-02,2.83,5.78,0.12,2.0
2024-12-03,2.817,5.7540000000000004,0.12,2.0
2024-12-04,2.787,5.694,0.12,2.0
2024-12-05,2.785,5.69,0.12,2.0
2024-12-06,2.833,5.7860000000000005,0.12,2.0
2024-12-09,2.823,5.766,0.12,2.0
2024-12-10,2.849,5.8180000000000005,0.12,2.0
2024-12-11,2.844,5.808,0.12,2.0
2024-12-12,2.879,5.878,0.12,2.0
2024-12-13,2.804,5.728,0.12,2.0
2024-12-16,2.772,5.664,0.12,2.0
2024-12-17,2.786,5.692,0.12,2.0
2024-12-18,2.789,5.698,0.12,2.0
2024-12-19,2.805,5.73,0.12,2.0
2024-12-20,2.796,5.712,0.12,2.0
2024-12-23,2.786,5.692,0.12,2.0
2024-12-24,2.824,5.768,0.12,2.0
2024-12-25,2.812,5.744,0.12,2.0
2024-12-26,2.821,5.7620000000000005,0.12,2.0
2024-12-27,2.814,5.748,0.12,2.0
2024-12-30,2.825,5.7700000000000005,0.12,2.0
2024-12-31,2.77,5.66,0.12,2.0
2025-01-02,2.688,5.496,0.12,2.0
2025-01-03,2.653,5.426,0.12,2.0
2025-01-06,2.649,5.418,0.12,2.0
2025-01-07,2.67,5.46,0.12,2.0
2025-01-08,2.653,5.426,0.12,2.0
2025-01-09,2.661,5.442,0.12,2.0
2025-01-10,2.619,5.3580000000000005,0.12,2.0
2025-01-13,2.609,5.338,0.12,2.0
2025-01-14,2.702,5.524,0.12,2.0
2025-01-15,2.671,5.462,0.12,2.0
2025-01-16,2.68,5.48,0.12,2.0
2025-01-17,2.694,5.508,0.12,2.0
2025-01-20,2.724,5.5680000000000005,0.12,2.0
2025-01-21,2.737,5.594,0.12,2.0
2025-01-22,2.713,5.546,0.12,2.0
2025-01-23,2.71,5.54,0.12,2.0
2025-01-24,2.735,5.59,0.12,2.0
2025-01-27,2.702,5.524,0.12,2.0
2025-02-05,2.687,5.494,0.12,2.0
2025-02-06,2.741,5.602,0.12,2.0
2025-02-07,2.792,5.704,0.12,2.0
2025-02-10,2.789,5.698,0.12,2.0
2025-02-11,2.768,5.656,0.12,2.0
2025-02-12,2.805,5.73,0.12,2.0
2025-02-13,2.786,5.692,0.12,2.0
2025-02-14,2.818,5.756,0.12,2.0
2025-02-17,2.831,5.782,0.12,2.0
2025-02-18,2.796,5.712,0.12,2.0
2025-02-19,2.825,5.7700000000000005,0.12,2.0
2025-02-20,2.823,5.766,0.12,2.0
2025-02-21,2.87,5.86,0.12,2.0
2025-02-24,2.86,5.84,0.12,2.0
2025-02-25,2.827,5.774,0.12,2.0
2025-02-26,2.847,5.814,0.12,2.0
2025-02-27,2.851,5.822,0.12,2.0
2025-02-28,2.775,5.67,0.12,2.0
2025-03-03,2.785,5.69,0.12,2.0
2025-03-04,2.775,5.67,0.12,2.0
2025-03-05,2.778,5.676,0.12,2.0
2025-03-06,2.823,5.766,0.12,2.0
2025-03-07,2.806,5.732,0.12,2.0
2025-03-10,2.796,5.712,0.12,2.0
2025-03-11,2.795,5.71,0.12,2.0
2025-03-12,2.792,5.704,0.12,2.0
2025-03-13,2.77,5.66,0.12,2.0
2025-03-14,2.841,5.8020000000000005,0.12,2.0
2025-03-17,2.828,5.776,0.12,2.0
2025-03-18,2.845,5.8100000000000005,0.12,2.0
2025-03-19,2.849,5.8180000000000005,0.12,2.0
2025-03-20,2.82,5.76,0.12,2.0
2025-03-21,2.769,5.658,0.12,2.0
2025-03-24,2.781,5.682,0.12,2.0
2025-03-25,2.781,5.682,0.12,2.0
2025-03-26,2.773,5.666,0.12,2.0
2025-03-27,2.787,5.694,0.12,2.0
2025-03-28,2.772,5.664,0.12,2.0
2025-03-31,2.748,5.6160000000000005,0.12,2.0
2025-04-01,2.745,5.61,0.12,2.0
2025-04-02,2.744,5.6080000000000005,0.12,2.0
2025-04-03,2.703,5.526,0.12,2.0
2025-04-07,2.463,5.046,0.12,2.0
2025-04-08,2.487,5.094,0.12,2.0
2025-04-09,2.503,5.126,0.12,2.0
2025-04-10,2.556,5.232,0.12,2.0
2025-04-11,2.578,5.276,0.12,2.0
2025-04-14,2.58,5.28,0.12,2.0
2025-04-15,2.579,5.2780000000000005,0.12,2.0
2025-04-16,2.565,5.25,0.12,2.0
2025-04-17,2.563,5.246,0.12,2.0
2025-04-18,2.568,5.256,0.12,2.0
2025-04-21,2.587,5.2940000000000005,0.12,2.0
2025-04-22,2.591,5.3020000000000005,0.12,2.0
2025-04-23,2.605,5.33,0.12,2.0
2025-04-24,2.596,5.312,0.12,2.0
2025-04-25,2.608,5.336,0.12,2.0
2025-04-28,2.594,5.308,0.12,2.0
2025-04-29,2.584,5.288,0.12,2.0
2025-04-30,2.59,5.3,0.12,2.0
2025-05-06,2.63,5.38,0.12,2.0
2025-05-07,2.639,5.398,0.12,2.0
2025-05-08,2.668,5.456,0.12,2.0
2025-05-09,2.654,5.428,0.12,2.0
2025-05-12,2.701,5.522,0.12,2.0
2025-05-13,2.7,5.5200000000000005,0.12,2.0
2025-05-14,2.725,5.57,0.12,2.0
2025-05-15,2.688,5.496,0.12,2.0
2025-05-16,2.682,5.484,0.12,2.0
2025-05-19,2.68,5.48,0.12,2.0
2025-05-20,2.705,5.53,0.12,2.0
2025-05-21,2.721,5.562,0.12,2.0
2025-05-22,2.711,5.542,0.12,2.0
2025-05-23,2.689,5.498,0.12,2.0
2025-05-26,2.661,5.442,0.12,2.0
2025-05-27,2.647,5.414,0.12,2.0
2025-05-28,2.642,5.404,0.12,2.0
2025-05-29,2.667,5.454,0.12,2.0
2025-05-30,2.647,5.414,0.12,2.0
2025-06-03,2.644,5.408,0.12,2.0
2025-06-04,2.663,5.446,0.12,2.0
2025-06-05,2.676,5.472,0.12,2.0
2025-06-06,2.673,5.466,0.12,2.0
2025-06-09,2.683,5.486,0.12,2.0
2025-06-10,2.66,5.44,0.12,2.0
2025-06-11,2.689,5.498,0.12,2.0
2025-06-12,2.687,5.494,0.12,2.0
2025-06-13,2.664,5.448,0.12,2.0
2025-06-16,2.667,5.454,0.12,2.0
2025-06-17,2.664,5.448,0.12,2.0
2025-06-18,2.674,5.468,0.12,2.0
2025-06-19,2.645,5.41,0.12,2.0
2025-06-20,2.643,5.406,0.12,2.0
2025-06-23,2.644,5.408,0.12,2.0
2025-06-24,2.68,5.48,0.12,2.0
2025-06-25,2.732,5.5840000000000005,0.12,2.0
2025-06-26,2.713,5.546,0.12,2.0
2025-06-27,2.713,5.546,0.12,2.0
2025-06-30,2.734,5.588,0.12,2.0
2025-07-01,2.731,5.582,0.12,2.0
2025-07-02,2.722,5.564,0.12,2.0
2025-07-03,2.765,5.65,0.12,2.0
2025-07-04,2.767,5.654,0.12,2.0
2025-07-07,2.738,5.596,0.12,2.0
2025-07-08,2.776,5.672,0.12,2.0
2025-07-09,2.777,5.674,0.12,2.0
2025-07-10,2.791,5.702,0.12,2.0
2025-07-11,2.808,5.736,0.12,2.0
2025-07-14,2.804,5.728,0.12,2.0
2025-07-15,2.826,5.772,0.12,2.0
2025-07-16,2.816,5.752,0.12,2.0
2025-07-17,2.856,5.832,0.12,2.0
2025-07-18,2.875,5.87,0.12,2.0
2025-07-21,2.898,5.916,0.12,2.0
2025-07-22,2.926,5.972,0.12,2.0
2025-07-23,2.921,5.962,0.12,2.0
2025-07-24,2.946,6.0120000000000005,0.12,2.0
2025-07-25,2.932,5.984,0.12,2.0
2025-07-28,2.945,6.01,0.12,2.0
2025-07-29,2.968,6.056,0.12,2.0
2025-07-30,2.943,6.006,0.12,2.0
2025-07-31,2.884,5.888,0.12,2.0
2025-08-01,2.877,5.874,0.12,2.0
2025-08-04,2.886,5.892,0.12,2.0
2025-08-05,2.9,5.92,0.12,2.0
2025-08-06,2.907,5.934,0.12,2.0
2025-08-07,2.9,5.92,0.12,2.0
2025-08-08,2.893,5.906,0.12,2.0
2025-08-11,2.934,5.988,0.12,2.0
2025-08-12,2.955,6.03,0.12,2.0
2025-08-13,3.013,6.146,0.12,2.0
2025-08-14,2.992,6.104,0.12,2.0
2025-08-15,3.035,6.19,0.12,2.0
2025-08-18,3.088,6.296,0.12,2.0
2025-08-19,3.081,6.282,0.12,2.0
2025-08-20,3.121,6.362,0.12,2.0
2025-08-21,3.124,6.368,0.12,2.0
2025-08-22,3.208,6.5360000000000005,0.12,2.0
2025-08-25,3.277,6.674,0.12,2.0
2025-08-26,3.274,6.668,0.12,2.0
2025-08-27,3.235,6.59,0.12,2.0
2025-08-28,3.319,6.758,0.12,2.0
2025-08-29,3.365,6.8500000000000005,0.12,2.0
2025-09-01,3.396,6.912,0.12,2.0
2025-09-02,3.329,6.7780000000000005,0.12,2.0
2025-09-03,3.31,6.74,0.12,2.0
2025-09-04,3.226,6.572,0.12,2.0
2025-09-05,3.36,6.84,0.12,2.0
2025-09-08,3.362,6.844,0.12,2.0
2025-09-09,3.314,6.748,0.12,2.0
2025-09-10,3.324,6.768,0.12,2.0
2025-09-11,3.451,7.022,0.12,2.0
2025-09-12,3.412,6.944,0.12,2.0
2025-09-15,3.45,7.0200000000000005,0.12,2.0
2025-09-16,3.45,7.0200000000000005,0.12,2.0
2025-09-17,3.497,7.114,0.12,2.0
2025-09-18,3.462,7.0440000000000005,0.12,2.0
2025-09-19,3.475,7.07,0.12,2.0
2025-09-22,3.494,7.1080000000000005,0.12,2.0
2025-09-23,3.494,7.1080000000000005,0.12,2.0
2025-09-24,3.555,7.23,0.12,2.0
2025-09-25,3.595,7.3100000000000005,0.12,2.0
2025-09-26,3.529,7.178,0.12,2.0
2025-09-29,3.608,7.336,0.12,2.0
2025-09-30,3.615,7.3500000000000005,0.12,2.0
2025-10-09,3.66,7.44,0.12,2.0
2025-10-10,3.547,7.214,0.12,2.0
2025-10-13,3.502,7.124,0.12,2.0
2025-10-14,3.413,6.946,0.12,2.0
2025-10-15,3.486,7.0920000000000005,0.12,2.0
2025-10-16,3.495,7.11,0.12,2.0
2025-10-17,3.393,6.906,0.12,2.0
2025-10-20,3.425,6.97,0.12,2.0
2025-10-21,3.512,7.144,0.12,2.0
2025-10-22,3.493,7.106,0.12,2.0
2025-10-23,3.498,7.1160000000000005,0.12,2.0
2025-10-24,3.569,7.258,0.12,2.0
2025-10-27,3.617,7.354,0.12,2.0
2025-10-28,3.605,7.33,0.12,2.0
2025-10-29,3.677,7.474,0.12,2.0
2025-10-30,3.625,7.37,0.12,2.0
2025-10-31,3.566,7.252,0.12,2.0
2025-11-03,3.571,7.2620000000000005,0.12,2.0
2025-11-04,3.519,7.158,0.12,2.0
2025-11-05,3.526,7.172,0.12,2.0
2025-11-06,3.59,7.3,0.12,2.0
2025-11-07,3.567,7.2540000000000004,0.12,2.0
2025-11-10,3.575,7.2700000000000005,0.12,2.0
2025-11-11,3.525,7.17,0.12,2.0
2025-11-12,3.528,7.176,0.12,2.0
2025-11-13,3.584,7.288,0.12,2.0
2025-11-14,3.511,7.142,0.12,2.0
2025-11-17,3.4,7.005,0.205,2.0
2025-11-18,3.38,6.965,0.205,2.0
2025-11-19,3.384,6.973,0.205,2.0
2025-11-20,3.363,6.931,0.205,2.0
2025-11-21,3.272,6.749,0.205,2.0
2025-11-24,3.269,6.743,0.205,2.0
2025-11-25,3.313,6.831,0.205,2.0
2025-11-26,3.37,6.945,0.205,2.0
2025-11-27,3.358,6.921,0.205,2.0
2025-11-28,3.37,6.945,0.205,2.0
2025-12-01,3.418,7.041,0.205,2.0
2025-12-02,3.401,7.007,0.205,2.0
2025-12-03,3.381,6.967,0.205,2.0
2025-12-04,3.399,7.003,0.205,2.0
2025-12-05,3.432,7.069,0.205,2.0
2025-12-08,3.477,7.159,0.205,2.0
2025-12-09,3.467,7.139,0.205,2.0
2025-12-10,3.475,7.155,0.205,2.0
2025-12-11,3.429,7.063,0.205,2.0
2025-12-12,3.449,7.103,0.205,2.0
2025-12-15,3.407,7.019,0.205,2.0
2025-12-16,3.367,6.939,0.205,2.0
2025-12-17,3.451,7.107,0.205,2.0
2025-12-18,3.391,6.987,0.205,2.0
2025-12-19,3.411,7.027,0.205,2.0
2025-12-22,3.456,7.117,0.205,2.0
2025-12-23,3.468,7.141,0.205,2.0
2025-12-24,3.478,7.1610000000000005,0.205,2.0
2025-12-25,3.475,7.155,0.205,2.0
2025-12-26,3.485,7.175,0.205,2.0
2025-12-29,3.47,7.1450000000000005,0.205,2.0
2025-12-30,3.485,7.175,0.205,2.0
2025-12-31,3.452,7.109,0.205,2.0
2026-01-05,3.515,7.235,0.205,2.0
2026-01-06,3.553,7.311,0.205,2.0
2026-01-07,3.542,7.289,0.205,2.0
2026-01-08,3.502,7.209,0.205,2.0
2026-01-09,3.529,7.263,0.205,2.0
2026-01-12,3.552,7.309,0.205,2.0
2026-01-13,3.512,7.229,0.205,2.0
2026-01-14,3.516,7.237,0.205,2.0
2026-01-15,3.543,7.291,0.205,2.0
2026-01-16,3.538,7.281,0.205,2.0
2026-01-19,3.531,7.267,0.205,2.0
2026-01-20,3.497,7.199,0.205,2.0
2026-01-21,3.503,7.211,0.205,2.0
2026-01-22,3.517,7.239,0.205,2.0
2026-01-23,3.502,7.209,0.205,2.0
2026-01-26,3.484,7.173,0.205,2.0
2026-01-27,3.484,7.173,0.205,2.0
2026-01-28,3.47,7.1450000000000005,0.205,2.0
2026-01-29,3.476,7.157,0.205,2.0
2026-01-30,3.478,7.1610000000000005,0.205,2.0
2026-02-02,3.415,7.035,0.205,2.0
2026-02-03,3.463,7.131,0.205,2.0
2026-02-04,3.47,7.1450000000000005,0.205,2.0
2026-02-05,3.45,7.105,0.205,2.0
2026-02-06,3.427,7.059,0.205,2.0
2026-02-09,3.494,7.1930000000000005,0.205,2.0
2026-02-10,3.496,7.197,0.205,2.0
2026-02-11,3.462,7.1290000000000004,0.205,2.0
2026-02-12,3.482,7.1690000000000005,0.205,2.0
2026-02-13,3.443,7.091,0.205,2.0
2026-02-24,3.499,7.203,0.205,2.0
2026-02-25,3.526,7.257,0.205,2.0
2026-02-26,3.529,7.263,0.205,2.0
2026-02-27,3.494,7.1930000000000005,0.205,2.0
2026-03-02,3.493,7.191,0.205,2.0
2026-03-03,3.427,7.059,0.205,2.0
2026-03-04,3.385,6.975,0.205,2.0
2026-03-05,3.435,7.075,0.205,2.0
2026-03-06,3.462,7.1290000000000004,0.205,2.0
2026-03-09,3.423,7.051,0.205,2.0
2026-03-10,3.5,7.205,0.205,2.0
2026-03-11,3.542,7.289,0.205,2.0
2026-03-12,3.517,7.239,0.205,2.0
2026-03-13,3.525,7.255,0.205,2.0
2026-03-16,3.541,7.287,0.205,2.0
2026-03-17,3.511,7.227,0.205,2.0
2026-03-18,3.528,7.261,0.205,2.0
2026-03-19,3.482,7.1690000000000005,0.205,2.0
2026-03-20,3.504,7.213,0.205,2.0
2026-03-23,3.397,6.999,0.205,2.0
2026-03-24,3.42,7.045,0.205,2.0
2026-03-25,3.488,7.181,0.205,2.0
2026-03-26,3.439,7.083,0.205,2.0
2026-03-27,3.465,7.135,0.205,2.0
2026-03-30,3.444,7.093,0.205,2.0
2026-03-31,3.398,7.001,0.205,2.0
2026-04-01,3.446,7.097,0.205,2.0
2026-04-02,3.4,7.005,0.205,2.0
2026-04-03,3.373,6.9510000000000005,0.205,2.0
2026-04-07,3.368,6.941,0.205,2.0
2026-04-08,3.522,7.249,0.205,2.0
2026-04-09,3.511,7.227,0.205,2.0
2026-04-10,3.616,7.437,0.205,2.0
2026-04-13,3.639,7.483,0.205,2.0
2026-04-14,3.693,7.591,0.205,2.0
2026-04-15,3.658,7.521,0.205,2.0
2026-04-16,3.74,7.6850000000000005,0.205,2.0
2026-04-17,3.759,7.723,0.205,2.0
2026-04-20,3.773,7.751,0.205,2.0
2026-04-21,3.789,7.783,0.205,2.0
2026-04-22,3.851,7.907,0.205,2.0
2026-04-23,3.834,7.873,0.205,2.0
2026-04-24,3.797,7.799,0.205,2.0
2026-04-27,3.802,7.809,0.205,2.0
2026-04-28,3.765,7.735,0.205,2.0
2026-04-29,3.837,7.8790000000000004,0.205,2.0
2026-04-30,3.829,7.863,0.205,2.0
2026-05-06,3.889,7.983,0.205,2.0
2026-05-07,3.927,8.059,0.205,2.0
2026-05-08,3.893,7.991,0.205,2.0
2026-05-11,3.982,8.169,0.205,2.0
2026-05-12,3.977,8.158999999999999,0.205,2.0
2026-05-13,4.054,8.313,0.205,2.0
2026-05-14,3.979,8.163,0.205,2.0
2026-05-15,3.946,8.097,0.205,2.0
2026-05-18,3.917,8.039,0.205,2.0
2026-05-19,3.911,8.027,0.205,2.0
2026-05-20,3.914,8.033,0.205,2.0
2026-05-21,3.859,7.923,0.205,2.0
2026-05-22,3.951,8.107,0.205,2.0
2026-05-25,4.025,8.255,0.205,2.0
2026-05-26,4.061,8.327,0.205,2.0
2026-05-27,4.036,8.277,0.205,2.0
2026-05-28,4.087,8.379,0.205,2.0
2026-05-29,4.046,8.297,0.205,2.0
2026-06-01,3.976,8.157,0.205,2.0
2026-06-02,4.071,8.347,0.205,2.0
2026-06-03,4.108,8.421,0.205,2.0
2026-06-04,4.088,8.381,0.205,2.0
2026-06-05,3.982,8.169,0.205,2.0
2026-06-08,3.872,7.949,0.205,2.0
2026-06-09,3.98,8.165,0.205,2.0
2026-06-10,3.89,7.985,0.205,2.0
2026-06-11,3.849,7.9030000000000005,0.205,2.0
2026-06-12,3.878,7.961,0.205,2.0
2026-06-15,4.005,8.215,0.205,2.0
2026-06-16,4.027,8.259,0.205,2.0
2026-06-17,4.083,8.371,0.205,2.0
2026-06-18,4.129,8.463,0.205,2.0
2026-06-22,4.207,8.619,0.205,2.0
2026-06-23,4.067,8.339,0.205,2.0
2026-06-24,4.091,8.387,0.205,2.0
2026-06-25,4.194,8.593,0.205,2.0
2026-06-26,4.027,8.259,0.205,2.0
2026-06-29,4.034,8.273,0.205,2.0
2026-06-30,4.152,8.509,0.205,2.0
2026-07-01,4.094,8.393,0.205,2.0
2026-07-02,3.922,8.049,0.205,2.0
2026-07-03,3.966,8.137,0.205,2.0
2026-07-06,3.927,8.059,0.205,2.0
2026-07-07,3.89,7.985,0.205,2.0
2026-07-08,3.84,7.885,0.205,2.0
2026-07-09,3.974,8.153,0.205,2.0
2026-07-10,3.841,7.8870000000000005,0.205,2.0
2026-07-13,3.753,7.711,0.205,2.0
2026-07-14,3.883,7.971,0.205,2.0
2026-07-15,3.864,7.933,0.205,2.0
2026-07-16,3.8,7.805,0.205,2.0
2026-07-17,3.62,7.445,0.205,2.0
