date,close,total_return_proxy,cumulative_dividend,split_factor
2011-07-13,1.01,1.01,0.0,1.0
2011-07-14,1.018,1.018,0.0,1.0
2011-07-15,1.018,1.018,0.0,1.0
2011-07-18,1.016,1.016,0.0,1.0
2011-07-19,1.013,1.013,0.0,1.0
2011-07-20,1.004,1.004,0.0,1.0
2011-07-21,0.992,0.992,0.0,1.0
2011-07-22,0.999,0.999,0.0,1.0
2011-07-25,0.96,0.96,0.0,1.0
2011-07-26,0.966,0.966,0.0,1.0
2011-07-27,0.978,0.978,0.0,1.0
2011-07-28,0.969,0.969,0.0,1.0
2011-07-29,0.969,0.969,0.0,1.0
2011-08-01,0.972,0.972,0.0,1.0
2011-08-02,0.962,0.962,0.0,1.0
2011-08-03,0.964,0.964,0.0,1.0
2011-08-04,0.963,0.963,0.0,1.0
2011-08-05,0.949,0.949,0.0,1.0
2011-08-08,0.902,0.902,0.0,1.0
2011-08-09,0.92,0.92,0.0,1.0
2011-08-10,0.924,0.924,0.0,1.0
2011-08-11,0.93,0.93,0.0,1.0
2011-08-12,0.93,0.93,0.0,1.0
2011-08-15,0.95,0.95,0.0,1.0
2011-08-16,0.94,0.94,0.0,1.0
2011-08-17,0.93,0.93,0.0,1.0
2011-08-18,0.918,0.918,0.0,1.0
2011-08-19,0.901,0.901,0.0,1.0
2011-08-22,0.909,0.909,0.0,1.0
2011-08-23,0.92,0.92,0.0,1.0
2011-08-24,0.911,0.911,0.0,1.0
2011-08-25,0.935,0.935,0.0,1.0
2011-08-26,0.932,0.932,0.0,1.0
2011-08-29,0.915,0.915,0.0,1.0
2011-08-30,0.914,0.914,0.0,1.0
2011-08-31,0.913,0.913,0.0,1.0
2011-09-01,0.907,0.907,0.0,1.0
2011-09-02,0.904,0.904,0.0,1.0
2011-09-05,0.883,0.883,0.0,1.0
2011-09-06,0.879,0.879,0.0,1.0
2011-09-07,0.886,0.886,0.0,1.0
2011-09-08,0.884,0.884,0.0,1.0
2011-09-09,0.879,0.879,0.0,1.0
2011-09-13,0.868,0.868,0.0,1.0
2011-09-14,0.878,0.878,0.0,1.0
2011-09-15,0.879,0.879,0.0,1.0
2011-09-16,0.882,0.882,0.0,1.0
2011-09-19,0.871,0.871,0.0,1.0
2011-09-20,0.874,0.874,0.0,1.0
2011-09-21,0.89,0.89,0.0,1.0
2011-09-22,0.87,0.87,0.0,1.0
2011-09-23,0.851,0.851,0.0,1.0
2011-09-26,0.835,0.835,0.0,1.0
2011-09-27,0.847,0.847,0.0,1.0
2011-09-28,0.838,0.838,0.0,1.0
2011-09-29,0.827,0.827,0.0,1.0
2011-09-30,0.827,0.827,0.0,1.0
2011-10-10,0.818,0.818,0.0,1.0
2011-10-11,0.808,0.808,0.0,1.0
2011-10-12,0.84,0.84,0.0,1.0
2011-10-13,0.849,0.849,0.0,1.0
2011-10-14,0.836,0.836,0.0,1.0
2011-10-17,0.844,0.844,0.0,1.0
2011-10-18,0.824,0.824,0.0,1.0
2011-10-19,0.817,0.817,0.0,1.0
2011-10-20,0.795,0.795,0.0,1.0
2011-10-21,0.793,0.793,0.0,1.0
2011-10-24,0.803,0.803,0.0,1.0
2011-10-25,0.822,0.822,0.0,1.0
2011-10-26,0.828,0.828,0.0,1.0
2011-10-27,0.834,0.834,0.0,1.0
2011-10-28,0.852,0.852,0.0,1.0
2011-10-31,0.848,0.848,0.0,1.0
2011-11-01,0.847,0.847,0.0,1.0
2011-11-02,0.854,0.854,0.0,1.0
2011-11-03,0.86,0.86,0.0,1.0
2011-11-04,0.862,0.862,0.0,1.0
2011-11-07,0.864,0.864,0.0,1.0
2011-11-08,0.851,0.851,0.0,1.0
2011-11-09,0.865,0.865,0.0,1.0
2011-11-10,0.847,0.847,0.0,1.0
2011-11-11,0.845,0.845,0.0,1.0
2011-11-14,0.862,0.862,0.0,1.0
2011-11-15,0.87,0.87,0.0,1.0
2011-11-16,0.865,0.865,0.0,1.0
2011-11-17,0.84,0.84,0.0,1.0
2011-11-18,0.818,0.818,0.0,1.0
2011-11-21,0.83,0.83,0.0,1.0
2011-11-22,0.815,0.815,0.0,1.0
2011-11-23,0.811,0.811,0.0,1.0
2011-11-24,0.808,0.808,0.0,1.0
2011-11-25,0.804,0.804,0.0,1.0
2011-11-28,0.805,0.805,0.0,1.0
2011-11-29,0.813,0.813,0.0,1.0
2011-11-30,0.792,0.792,0.0,1.0
2011-12-01,0.801,0.801,0.0,1.0
2011-12-02,0.78,0.78,0.0,1.0
2011-12-05,0.77,0.77,0.0,1.0
2011-12-06,0.774,0.774,0.0,1.0
2011-12-07,0.771,0.771,0.0,1.0
2011-12-08,0.779,0.779,0.0,1.0
2011-12-09,0.777,0.777,0.0,1.0
2011-12-12,0.758,0.758,0.0,1.0
2011-12-13,0.748,0.748,0.0,1.0
2011-12-14,0.75,0.75,0.0,1.0
2011-12-15,0.717,0.717,0.0,1.0
2011-12-16,0.744,0.744,0.0,1.0
2011-12-19,0.72,0.72,0.0,1.0
2011-12-20,0.729,0.729,0.0,1.0
2011-12-21,0.718,0.718,0.0,1.0
2011-12-22,0.708,0.708,0.0,1.0
2011-12-23,0.711,0.711,0.0,1.0
2011-12-26,0.711,0.711,0.0,1.0
2011-12-27,0.699,0.699,0.0,1.0
2011-12-28,0.694,0.694,0.0,1.0
2011-12-29,0.694,0.694,0.0,1.0
2011-12-30,0.706,0.706,0.0,1.0
2012-01-04,0.703,0.703,0.0,1.0
2012-01-05,0.682,0.682,0.0,1.0
2012-01-06,0.673,0.673,0.0,1.0
2012-01-09,0.71,0.71,0.0,1.0
2012-01-10,0.73,0.73,0.0,1.0
2012-01-11,0.734,0.734,0.0,1.0
2012-01-12,0.727,0.727,0.0,1.0
2012-01-13,0.722,0.722,0.0,1.0
2012-01-16,0.705,0.705,0.0,1.0
2012-01-17,0.726,0.726,0.0,1.0
2012-01-18,0.72,0.72,0.0,1.0
2012-01-19,0.733,0.733,0.0,1.0
2012-01-20,0.742,0.742,0.0,1.0
2012-01-30,0.73,0.73,0.0,1.0
2012-01-31,0.73,0.73,0.0,1.0
2012-02-01,0.726,0.726,0.0,1.0
2012-02-02,0.736,0.736,0.0,1.0
2012-02-03,0.743,0.743,0.0,1.0
2012-02-06,0.748,0.748,0.0,1.0
2012-02-07,0.732,0.732,0.0,1.0
2012-02-08,0.748,0.748,0.0,1.0
2012-02-09,0.747,0.747,0.0,1.0
2012-02-10,0.756,0.756,0.0,1.0
2012-02-13,0.761,0.761,0.0,1.0
2012-02-14,0.757,0.757,0.0,1.0
2012-02-15,0.767,0.767,0.0,1.0
2012-02-16,0.761,0.761,0.0,1.0
2012-02-17,0.76,0.76,0.0,1.0
2012-02-20,0.766,0.766,0.0,1.0
2012-02-21,0.766,0.766,0.0,1.0
2012-02-22,0.781,0.781,0.0,1.0
2012-02-23,0.792,0.792,0.0,1.0
2012-02-24,0.801,0.801,0.0,1.0
2012-02-27,0.813,0.813,0.0,1.0
2012-02-28,0.815,0.815,0.0,1.0
2012-02-29,0.798,0.798,0.0,1.0
2012-03-01,0.8,0.8,0.0,1.0
2012-03-02,0.819,0.819,0.0,1.0
2012-03-05,0.813,0.813,0.0,1.0
2012-03-06,0.808,0.808,0.0,1.0
2012-03-07,0.797,0.797,0.0,1.0
2012-03-08,0.81,0.81,0.0,1.0
2012-03-09,0.817,0.817,0.0,1.0
2012-03-12,0.818,0.818,0.0,1.0
2012-03-13,0.823,0.823,0.0,1.0
2012-03-14,0.795,0.795,0.0,1.0
2012-03-15,0.779,0.779,0.0,1.0
2012-03-16,0.794,0.794,0.0,1.0
2012-03-19,0.803,0.803,0.0,1.0
2012-03-20,0.785,0.785,0.0,1.0
2012-03-21,0.793,0.793,0.0,1.0
2012-03-22,0.795,0.795,0.0,1.0
2012-03-23,0.775,0.775,0.0,1.0
2012-03-26,0.78,0.78,0.0,1.0
2012-03-27,0.782,0.782,0.0,1.0
2012-03-28,0.778,0.778,0.0,1.0
2012-03-29,0.741,0.741,0.0,1.0
2012-03-30,0.736,0.736,0.0,1.0
2012-04-05,0.76,0.76,0.0,1.0
2012-04-06,0.757,0.757,0.0,1.0
2012-04-09,0.751,0.751,0.0,1.0
2012-04-10,0.757,0.757,0.0,1.0
2012-04-11,0.758,0.758,0.0,1.0
2012-04-12,0.778,0.778,0.0,1.0
2012-04-13,0.786,0.786,0.0,1.0
2012-04-16,0.789,0.789,0.0,1.0
2012-04-17,0.774,0.774,0.0,1.0
2012-04-18,0.792,0.792,0.0,1.0
2012-04-19,0.783,0.783,0.0,1.0
2012-04-20,0.79,0.79,0.0,1.0
2012-04-23,0.79,0.79,0.0,1.0
2012-04-24,0.775,0.775,0.0,1.0
2012-04-25,0.789,0.789,0.0,1.0
2012-04-26,0.799,0.799,0.0,1.0
2012-04-27,0.79,0.79,0.0,1.0
2012-05-02,0.807,0.807,0.0,1.0
2012-05-03,0.81,0.81,0.0,1.0
2012-05-04,0.815,0.815,0.0,1.0
2012-05-07,0.811,0.811,0.0,1.0
2012-05-08,0.811,0.811,0.0,1.0
2012-05-09,0.8,0.8,0.0,1.0
2012-05-10,0.8,0.8,0.0,1.0
2012-05-11,0.796,0.796,0.0,1.0
2012-05-14,0.792,0.792,0.0,1.0
2012-05-15,0.792,0.792,0.0,1.0
2012-05-16,0.782,0.782,0.0,1.0
2012-05-17,0.788,0.788,0.0,1.0
2012-05-18,0.78,0.78,0.0,1.0
2012-05-21,0.778,0.778,0.0,1.0
2012-05-22,0.789,0.789,0.0,1.0
2012-05-23,0.79,0.79,0.0,1.0
2012-05-24,0.79,0.79,0.0,1.0
2012-05-25,0.777,0.777,0.0,1.0
2012-05-28,0.796,0.796,0.0,1.0
2012-05-29,0.803,0.803,0.0,1.0
2012-05-30,0.804,0.804,0.0,1.0
2012-05-31,0.802,0.802,0.0,1.0
2012-06-01,0.803,0.803,0.0,1.0
2012-06-04,0.78,0.78,0.0,1.0
2012-06-05,0.774,0.774,0.0,1.0
2012-06-06,0.767,0.767,0.0,1.0
2012-06-07,0.799,0.799,0.0,1.0
2012-06-08,0.77,0.77,0.0,1.0
2012-06-11,0.781,0.781,0.0,1.0
2012-06-12,0.779,0.779,0.0,1.0
2012-06-13,0.788,0.788,0.0,1.0
2012-06-14,0.784,0.784,0.0,1.0
2012-06-15,0.783,0.783,0.0,1.0
2012-06-18,0.788,0.788,0.0,1.0
2012-06-19,0.776,0.776,0.0,1.0
2012-06-20,0.78,0.78,0.0,1.0
2012-06-21,0.77,0.77,0.0,1.0
2012-06-25,0.751,0.751,0.0,1.0
2012-06-26,0.759,0.759,0.0,1.0
2012-06-27,0.747,0.747,0.0,1.0
2012-06-28,0.74,0.74,0.0,1.0
2012-06-29,0.747,0.747,0.0,1.0
2012-07-02,0.746,0.746,0.0,1.0
2012-07-03,0.746,0.746,0.0,1.0
2012-07-04,0.746,0.746,0.0,1.0
2012-07-05,0.74,0.74,0.0,1.0
2012-07-06,0.782,0.782,0.0,1.0
2012-07-09,0.76,0.76,0.0,1.0
2012-07-10,0.731,0.731,0.0,1.0
2012-07-11,0.744,0.744,0.0,1.0
2012-07-12,0.741,0.741,0.0,1.0
2012-07-13,0.737,0.737,0.0,1.0
2012-07-16,0.722,0.722,0.0,1.0
2012-07-17,0.723,0.723,0.0,1.0
2012-07-18,0.72,0.72,0.0,1.0
2012-07-19,0.727,0.727,0.0,1.0
2012-07-20,0.718,0.718,0.0,1.0
2012-07-23,0.707,0.707,0.0,1.0
2012-07-24,0.709,0.709,0.0,1.0
2012-07-25,0.715,0.715,0.0,1.0
2012-07-26,0.71,0.71,0.0,1.0
2012-07-27,0.71,0.71,0.0,1.0
2012-07-30,0.709,0.709,0.0,1.0
2012-07-31,0.693,0.693,0.0,1.0
2012-08-01,0.7,0.7,0.0,1.0
2012-08-02,0.695,0.695,0.0,1.0
2012-08-03,0.699,0.699,0.0,1.0
2012-08-06,0.709,0.709,0.0,1.0
2012-08-07,0.717,0.717,0.0,1.0
2012-08-08,0.717,0.717,0.0,1.0
2012-08-09,0.721,0.721,0.0,1.0
2012-08-10,0.715,0.715,0.0,1.0
2012-08-13,0.702,0.702,0.0,1.0
2012-08-14,0.705,0.705,0.0,1.0
2012-08-15,0.702,0.702,0.0,1.0
2012-08-16,0.701,0.701,0.0,1.0
2012-08-17,0.695,0.695,0.0,1.0
2012-08-20,0.694,0.694,0.0,1.0
2012-08-21,0.699,0.699,0.0,1.0
2012-08-22,0.693,0.693,0.0,1.0
2012-08-23,0.691,0.691,0.0,1.0
2012-08-24,0.678,0.678,0.0,1.0
2012-08-27,0.664,0.664,0.0,1.0
2012-08-28,0.662,0.662,0.0,1.0
2012-08-29,0.66,0.66,0.0,1.0
2012-08-30,0.657,0.657,0.0,1.0
2012-08-31,0.66,0.66,0.0,1.0
2012-09-03,0.662,0.662,0.0,1.0
2012-09-04,0.668,0.668,0.0,1.0
2012-09-05,0.668,0.668,0.0,1.0
2012-09-06,0.668,0.668,0.0,1.0
2012-09-07,0.688,0.688,0.0,1.0
2012-09-10,0.691,0.691,0.0,1.0
2012-09-11,0.691,0.691,0.0,1.0
2012-09-12,0.691,0.691,0.0,1.0
2012-09-13,0.688,0.688,0.0,1.0
2012-09-14,0.69,0.69,0.0,1.0
2012-09-17,0.673,0.673,0.0,1.0
2012-09-18,0.665,0.665,0.0,1.0
2012-09-19,0.664,0.664,0.0,1.0
2012-09-20,0.664,0.664,0.0,1.0
2012-09-21,0.664,0.664,0.0,1.0
2012-09-24,0.664,0.664,0.0,1.0
2012-09-25,0.661,0.661,0.0,1.0
2012-09-26,0.662,0.662,0.0,1.0
2012-09-27,0.66,0.66,0.0,1.0
2012-09-28,0.65,0.65,0.0,1.0
2012-10-08,0.664,0.664,0.0,1.0
2012-10-09,0.67,0.67,0.0,1.0
2012-10-10,0.683,0.683,0.0,1.0
2012-10-11,0.667,0.667,0.0,1.0
2012-10-12,0.675,0.675,0.0,1.0
2012-10-15,0.669,0.669,0.0,1.0
2012-10-16,0.668,0.668,0.0,1.0
2012-10-17,0.669,0.669,0.0,1.0
2012-10-18,0.68,0.68,0.0,1.0
2012-10-19,0.682,0.682,0.0,1.0
2012-10-22,0.687,0.687,0.0,1.0
2012-10-23,0.677,0.677,0.0,1.0
2012-10-24,0.68,0.68,0.0,1.0
2012-10-25,0.673,0.673,0.0,1.0
2012-10-26,0.658,0.658,0.0,1.0
2012-10-29,0.652,0.652,0.0,1.0
2012-10-30,0.658,0.658,0.0,1.0
2012-10-31,0.659,0.659,0.0,1.0
2012-11-01,0.675,0.675,0.0,1.0
2012-11-02,0.677,0.677,0.0,1.0
2012-11-05,0.677,0.677,0.0,1.0
2012-11-06,0.677,0.677,0.0,1.0
2012-11-07,0.693,0.693,0.0,1.0
2012-11-08,0.677,0.677,0.0,1.0
2012-11-09,0.655,0.655,0.0,1.0
2012-11-12,0.679,0.679,0.0,1.0
2012-11-13,0.683,0.683,0.0,1.0
2012-11-14,0.663,0.663,0.0,1.0
2012-11-15,0.651,0.651,0.0,1.0
2012-11-16,0.65,0.65,0.0,1.0
2012-11-19,0.649,0.649,0.0,1.0
2012-11-20,0.635,0.635,0.0,1.0
2012-11-21,0.639,0.639,0.0,1.0
2012-11-22,0.633,0.633,0.0,1.0
2012-11-23,0.631,0.631,0.0,1.0
2012-11-27,0.615,0.615,0.0,1.0
2012-11-28,0.608,0.608,0.0,1.0
2012-11-29,0.601,0.601,0.0,1.0
2012-11-30,0.619,0.619,0.0,1.0
2012-12-03,0.618,0.618,0.0,1.0
2012-12-04,0.619,0.619,0.0,1.0
2012-12-05,0.629,0.629,0.0,1.0
2012-12-06,0.628,0.628,0.0,1.0
2012-12-07,0.645,0.645,0.0,1.0
2012-12-10,0.657,0.657,0.0,1.0
2012-12-11,0.655,0.655,0.0,1.0
2012-12-12,0.649,0.649,0.0,1.0
2012-12-13,0.647,0.647,0.0,1.0
2012-12-14,0.67,0.67,0.0,1.0
2012-12-17,0.677,0.677,0.0,1.0
2012-12-18,0.675,0.675,0.0,1.0
2012-12-19,0.674,0.674,0.0,1.0
2012-12-20,0.68,0.68,0.0,1.0
2012-12-21,0.68,0.68,0.0,1.0
2012-12-24,0.68,0.68,0.0,1.0
2012-12-25,0.698,0.698,0.0,1.0
2012-12-26,0.701,0.701,0.0,1.0
2012-12-27,0.703,0.703,0.0,1.0
2012-12-28,0.704,0.704,0.0,1.0
2012-12-31,0.71,0.71,0.0,1.0
2013-01-04,0.715,0.715,0.0,1.0
2013-01-07,0.715,0.715,0.0,1.0
2013-01-08,0.728,0.728,0.0,1.0
2013-01-09,0.72,0.72,0.0,1.0
2013-01-10,0.722,0.722,0.0,1.0
2013-01-11,0.704,0.704,0.0,1.0
2013-01-14,0.73,0.73,0.0,1.0
2013-01-15,0.749,0.749,0.0,1.0
2013-01-16,0.755,0.755,0.0,1.0
2013-01-17,0.746,0.746,0.0,1.0
2013-01-18,0.73,0.73,0.0,1.0
2013-01-21,0.748,0.748,0.0,1.0
2013-01-22,0.747,0.747,0.0,1.0
2013-01-23,0.749,0.749,0.0,1.0
2013-01-24,0.745,0.745,0.0,1.0
2013-01-25,0.742,0.742,0.0,1.0
2013-01-28,0.75,0.75,0.0,1.0
2013-01-29,0.755,0.755,0.0,1.0
2013-01-30,0.769,0.769,0.0,1.0
2013-01-31,0.771,0.771,0.0,1.0
2013-02-01,0.762,0.762,0.0,1.0
2013-02-04,0.769,0.769,0.0,1.0
2013-02-05,0.774,0.774,0.0,1.0
2013-02-06,0.774,0.774,0.0,1.0
2013-02-07,0.774,0.774,0.0,1.0
2013-02-08,0.787,0.787,0.0,1.0
2013-02-18,0.785,0.785,0.0,1.0
2013-02-19,0.763,0.763,0.0,1.0
2013-02-20,0.767,0.767,0.0,1.0
2013-02-21,0.748,0.748,0.0,1.0
2013-02-22,0.742,0.742,0.0,1.0
2013-02-25,0.754,0.754,0.0,1.0
2013-02-26,0.745,0.745,0.0,1.0
2013-02-27,0.738,0.738,0.0,1.0
2013-02-28,0.755,0.755,0.0,1.0
2013-03-01,0.757,0.757,0.0,1.0
2013-03-04,0.732,0.732,0.0,1.0
2013-03-05,0.74,0.74,0.0,1.0
2013-03-06,0.76,0.76,0.0,1.0
2013-03-07,0.741,0.741,0.0,1.0
2013-03-08,0.744,0.744,0.0,1.0
2013-03-11,0.75,0.75,0.0,1.0
2013-03-12,0.739,0.739,0.0,1.0
2013-03-13,0.715,0.715,0.0,1.0
2013-03-14,0.72,0.72,0.0,1.0
2013-03-15,0.728,0.728,0.0,1.0
2013-03-18,0.724,0.724,0.0,1.0
2013-03-19,0.72,0.72,0.0,1.0
2013-03-20,0.731,0.731,0.0,1.0
2013-03-21,0.735,0.735,0.0,1.0
2013-03-22,0.735,0.735,0.0,1.0
2013-03-25,0.73,0.73,0.0,1.0
2013-03-26,0.717,0.717,0.0,1.0
2013-03-27,0.725,0.725,0.0,1.0
2013-03-28,0.706,0.706,0.0,1.0
2013-03-29,0.7,0.7,0.0,1.0
2013-04-01,0.705,0.705,0.0,1.0
2013-04-02,0.705,0.705,0.0,1.0
2013-04-03,0.709,0.709,0.0,1.0
2013-04-08,0.71,0.71,0.0,1.0
2013-04-09,0.71,0.71,0.0,1.0
2013-04-10,0.705,0.705,0.0,1.0
2013-04-11,0.706,0.706,0.0,1.0
2013-04-12,0.702,0.702,0.0,1.0
2013-04-15,0.706,0.706,0.0,1.0
2013-04-16,0.706,0.706,0.0,1.0
2013-04-17,0.708,0.708,0.0,1.0
2013-04-18,0.708,0.708,0.0,1.0
2013-04-19,0.717,0.717,0.0,1.0
2013-04-22,0.723,0.723,0.0,1.0
2013-04-23,0.706,0.706,0.0,1.0
2013-04-24,0.71,0.71,0.0,1.0
2013-04-25,0.72,0.72,0.0,1.0
2013-04-26,0.702,0.702,0.0,1.0
2013-05-02,0.7,0.7,0.0,1.0
2013-05-03,0.703,0.703,0.0,1.0
2013-05-06,0.71,0.71,0.0,1.0
2013-05-07,0.709,0.709,0.0,1.0
2013-05-08,0.722,0.722,0.0,1.0
2013-05-09,0.719,0.719,0.0,1.0
2013-05-10,0.719,0.719,0.0,1.0
2013-05-13,0.715,0.715,0.0,1.0
2013-05-14,0.706,0.706,0.0,1.0
2013-05-15,0.72,0.72,0.0,1.0
2013-05-16,0.737,0.737,0.0,1.0
2013-05-17,0.75,0.75,0.0,1.0
2013-05-20,0.763,0.763,0.0,1.0
2013-05-21,0.759,0.759,0.0,1.0
2013-05-22,0.753,0.753,0.0,1.0
2013-05-23,0.738,0.738,0.0,1.0
2013-05-24,0.748,0.748,0.0,1.0
2013-05-27,0.747,0.747,0.0,1.0
2013-05-28,0.75,0.75,0.0,1.0
2013-05-29,0.757,0.757,0.0,1.0
2013-05-30,0.763,0.763,0.0,1.0
2013-05-31,0.747,0.747,0.0,1.0
2013-06-03,0.748,0.748,0.0,1.0
2013-06-04,0.74,0.74,0.0,1.0
2013-06-05,0.739,0.739,0.0,1.0
2013-06-06,0.737,0.737,0.0,1.0
2013-06-07,0.712,0.712,0.0,1.0
2013-06-13,0.7,0.7,0.0,1.0
2013-06-14,0.704,0.704,0.0,1.0
2013-06-17,0.698,0.698,0.0,1.0
2013-06-18,0.7,0.7,0.0,1.0
2013-06-19,0.699,0.699,0.0,1.0
2013-06-20,0.678,0.678,0.0,1.0
2013-06-21,0.669,0.669,0.0,1.0
2013-06-24,0.631,0.631,0.0,1.0
2013-06-25,0.627,0.627,0.0,1.0
2013-06-26,0.609,0.609,0.0,1.0
2013-06-27,0.606,0.606,0.0,1.0
2013-06-28,0.615,0.615,0.0,1.0
2013-07-01,0.608,0.608,0.0,1.0
2013-07-02,0.615,0.615,0.0,1.0
2013-07-03,0.615,0.615,0.0,1.0
2013-07-04,0.618,0.618,0.0,1.0
2013-07-05,0.642,0.642,0.0,1.0
2013-07-08,0.607,0.607,0.0,1.0
2013-07-09,0.61,0.61,0.0,1.0
2013-07-10,0.618,0.618,0.0,1.0
2013-07-11,0.638,0.638,0.0,1.0
2013-07-12,0.63,0.63,0.0,1.0
2013-07-15,0.646,0.646,0.0,1.0
2013-07-16,0.649,0.649,0.0,1.0
2013-07-17,0.646,0.646,0.0,1.0
2013-07-18,0.649,0.649,0.0,1.0
2013-07-19,0.639,0.639,0.0,1.0
2013-07-22,0.63,0.63,0.0,1.0
2013-07-23,0.643,0.643,0.0,1.0
2013-07-24,0.65,0.65,0.0,1.0
2013-07-25,0.649,0.649,0.0,1.0
2013-07-26,0.65,0.65,0.0,1.0
2013-07-29,0.628,0.628,0.0,1.0
2013-07-30,0.624,0.624,0.0,1.0
2013-07-31,0.624,0.624,0.0,1.0
2013-08-01,0.64,0.64,0.0,1.0
2013-08-02,0.656,0.656,0.0,1.0
2013-08-05,0.647,0.647,0.0,1.0
2013-08-06,0.641,0.641,0.0,1.0
2013-08-07,0.664,0.664,0.0,1.0
2013-08-08,0.668,0.668,0.0,1.0
2013-08-09,0.674,0.674,0.0,1.0
2013-08-12,0.676,0.676,0.0,1.0
2013-08-13,0.676,0.676,0.0,1.0
2013-08-14,0.674,0.674,0.0,1.0
2013-08-15,0.669,0.669,0.0,1.0
2013-08-16,0.672,0.672,0.0,1.0
2013-08-19,0.671,0.671,0.0,1.0
2013-08-20,0.666,0.666,0.0,1.0
2013-08-21,0.673,0.673,0.0,1.0
2013-08-22,0.67,0.67,0.0,1.0
2013-08-23,0.665,0.665,0.0,1.0
2013-08-26,0.678,0.678,0.0,1.0
2013-08-27,0.684,0.684,0.0,1.0
2013-08-28,0.683,0.683,0.0,1.0
2013-08-29,0.676,0.676,0.0,1.0
2013-08-30,0.685,0.685,0.0,1.0
2013-09-02,0.685,0.685,0.0,1.0
2013-09-03,0.69,0.69,0.0,1.0
2013-09-04,0.691,0.691,0.0,1.0
2013-09-05,0.69,0.69,0.0,1.0
2013-09-06,0.689,0.689,0.0,1.0
2013-09-09,0.702,0.702,0.0,1.0
2013-09-10,0.699,0.699,0.0,1.0
2013-09-11,0.721,0.721,0.0,1.0
2013-09-12,0.721,0.721,0.0,1.0
2013-09-13,0.722,0.722,0.0,1.0
2013-09-16,0.721,0.721,0.0,1.0
2013-09-17,0.722,0.722,0.0,1.0
2013-09-18,0.71,0.71,0.0,1.0
2013-09-23,0.745,0.745,0.0,1.0
2013-09-24,0.72,0.72,0.0,1.0
2013-09-25,0.717,0.717,0.0,1.0
2013-09-26,0.737,0.737,0.0,1.0
2013-09-27,0.71,0.71,0.0,1.0
2013-09-30,0.715,0.715,0.0,1.0
2013-10-08,0.72,0.72,0.0,1.0
2013-10-09,0.715,0.715,0.0,1.0
2013-10-10,0.72,0.72,0.0,1.0
2013-10-11,0.724,0.724,0.0,1.0
2013-10-14,0.728,0.728,0.0,1.0
2013-10-15,0.741,0.741,0.0,1.0
2013-10-16,0.738,0.738,0.0,1.0
2013-10-17,0.739,0.739,0.0,1.0
2013-10-18,0.735,0.735,0.0,1.0
2013-10-21,0.74,0.74,0.0,1.0
2013-10-22,0.728,0.728,0.0,1.0
2013-10-23,0.714,0.714,0.0,1.0
2013-10-24,0.711,0.711,0.0,1.0
2013-10-25,0.7,0.7,0.0,1.0
2013-10-28,0.71,0.71,0.0,1.0
2013-10-29,0.694,0.694,0.0,1.0
2013-10-30,0.701,0.701,0.0,1.0
2013-11-01,0.704,0.704,0.0,1.0
2013-11-04,0.699,0.699,0.0,1.0
2013-11-05,0.715,0.715,0.0,1.0
2013-11-06,0.703,0.703,0.0,1.0
2013-11-07,0.681,0.681,0.0,1.0
2013-11-08,0.686,0.686,0.0,1.0
2013-11-11,0.683,0.683,0.0,1.0
2013-11-12,0.683,0.683,0.0,1.0
2013-11-13,0.685,0.685,0.0,1.0
2013-11-14,0.67,0.67,0.0,1.0
2013-11-15,0.681,0.681,0.0,1.0
2013-11-18,0.699,0.699,0.0,1.0
2013-11-19,0.704,0.704,0.0,1.0
2013-11-20,0.704,0.704,0.0,1.0
2013-11-21,0.702,0.702,0.0,1.0
2013-11-22,0.701,0.701,0.0,1.0
2013-11-25,0.697,0.697,0.0,1.0
2013-11-26,0.694,0.694,0.0,1.0
2013-11-27,0.694,0.694,0.0,1.0
2013-11-28,0.705,0.705,0.0,1.0
2013-11-29,0.71,0.71,0.0,1.0
2013-12-02,0.691,0.691,0.0,1.0
2013-12-03,0.701,0.701,0.0,1.0
2013-12-04,0.713,0.713,0.0,1.0
2013-12-05,0.71,0.71,0.0,1.0
2013-12-06,0.712,0.712,0.0,1.0
2013-12-09,0.722,0.722,0.0,1.0
2013-12-10,0.73,0.73,0.0,1.0
2013-12-11,0.725,0.725,0.0,1.0
2013-12-12,0.726,0.726,0.0,1.0
2013-12-13,0.725,0.725,0.0,1.0
2013-12-16,0.723,0.723,0.0,1.0
2013-12-17,0.713,0.713,0.0,1.0
2013-12-18,0.712,0.712,0.0,1.0
2013-12-19,0.71,0.71,0.0,1.0
2013-12-20,0.7,0.7,0.0,1.0
2013-12-23,0.699,0.699,0.0,1.0
2013-12-24,0.7,0.7,0.0,1.0
2013-12-25,0.7,0.7,0.0,1.0
2013-12-26,0.679,0.679,0.0,1.0
2013-12-27,0.68,0.68,0.0,1.0
2013-12-30,0.695,0.695,0.0,1.0
2013-12-31,0.699,0.699,0.0,1.0
2014-01-02,0.699,0.699,0.0,1.0
2014-01-03,0.691,0.691,0.0,1.0
2014-01-06,0.695,0.695,0.0,1.0
2014-01-07,0.688,0.688,0.0,1.0
2014-01-08,0.681,0.681,0.0,1.0
2014-01-09,0.675,0.675,0.0,1.0
2014-01-10,0.674,0.674,0.0,1.0
2014-01-13,0.674,0.674,0.0,1.0
2014-01-14,0.675,0.675,0.0,1.0
2014-01-15,0.671,0.671,0.0,1.0
2014-01-16,0.667,0.667,0.0,1.0
2014-01-17,0.67,0.67,0.0,1.0
2014-01-20,0.675,0.675,0.0,1.0
2014-01-21,0.68,0.68,0.0,1.0
2014-01-22,0.67,0.67,0.0,1.0
2014-01-23,0.68,0.68,0.0,1.0
2014-01-24,0.688,0.688,0.0,1.0
2014-01-27,0.669,0.669,0.0,1.0
2014-01-28,0.686,0.686,0.0,1.0
2014-01-29,0.688,0.688,0.0,1.0
2014-01-30,0.667,0.667,0.0,1.0
2014-02-07,0.688,0.688,0.0,1.0
2014-02-10,0.688,0.688,0.0,1.0
2014-02-11,0.681,0.681,0.0,1.0
2014-02-12,0.68,0.68,0.0,1.0
2014-02-13,0.69,0.69,0.0,1.0
2014-02-14,0.691,0.691,0.0,1.0
2014-02-17,0.695,0.695,0.0,1.0
2014-02-18,0.69,0.69,0.0,1.0
2014-02-19,0.69,0.69,0.0,1.0
2014-02-20,0.69,0.69,0.0,1.0
2014-02-21,0.68,0.68,0.0,1.0
2014-02-24,0.669,0.669,0.0,1.0
2014-02-25,0.657,0.657,0.0,1.0
2014-02-26,0.645,0.645,0.0,1.0
2014-02-27,0.643,0.643,0.0,1.0
2014-02-28,0.645,0.645,0.0,1.0
2014-03-03,0.657,0.657,0.0,1.0
2014-03-04,0.664,0.664,0.0,1.0
2014-03-05,0.665,0.665,0.0,1.0
2014-03-06,0.66,0.66,0.0,1.0
2014-03-07,0.669,0.669,0.0,1.0
2014-03-10,0.649,0.649,0.0,1.0
2014-03-11,0.656,0.656,0.0,1.0
2014-03-12,0.675,0.675,0.0,1.0
2014-03-13,0.64,0.64,0.0,1.0
2014-03-14,0.635,0.635,0.0,1.0
2014-03-17,0.643,0.643,0.0,1.0
2014-03-18,0.655,0.655,0.0,1.0
2014-03-19,0.65,0.65,0.0,1.0
2014-03-20,0.647,0.647,0.0,1.0
2014-03-21,0.646,0.646,0.0,1.0
2014-03-24,0.659,0.659,0.0,1.0
2014-03-25,0.652,0.652,0.0,1.0
2014-03-26,0.657,0.657,0.0,1.0
2014-03-27,0.659,0.659,0.0,1.0
2014-03-28,0.646,0.646,0.0,1.0
2014-03-31,0.644,0.644,0.0,1.0
2014-04-01,0.644,0.644,0.0,1.0
2014-04-02,0.651,0.651,0.0,1.0
2014-04-03,0.643,0.643,0.0,1.0
2014-04-04,0.653,0.653,0.0,1.0
2014-04-08,0.654,0.654,0.0,1.0
2014-04-09,0.668,0.668,0.0,1.0
2014-04-10,0.668,0.668,0.0,1.0
2014-04-11,0.672,0.672,0.0,1.0
2014-04-14,0.675,0.675,0.0,1.0
2014-04-15,0.667,0.667,0.0,1.0
2014-04-16,0.659,0.659,0.0,1.0
2014-04-17,0.668,0.668,0.0,1.0
2014-04-18,0.667,0.667,0.0,1.0
2014-04-21,0.657,0.657,0.0,1.0
2014-04-22,0.643,0.643,0.0,1.0
2014-04-23,0.647,0.647,0.0,1.0
2014-04-24,0.645,0.645,0.0,1.0
2014-04-25,0.643,0.643,0.0,1.0
2014-04-28,0.636,0.636,0.0,1.0
2014-04-29,0.638,0.638,0.0,1.0
2014-04-30,0.638,0.638,0.0,1.0
2014-05-05,0.636,0.636,0.0,1.0
2014-05-06,0.65,0.65,0.0,1.0
2014-05-07,0.634,0.634,0.0,1.0
2014-05-08,0.635,0.635,0.0,1.0
2014-05-09,0.63,0.63,0.0,1.0
2014-05-12,0.646,0.646,0.0,1.0
2014-05-13,0.649,0.649,0.0,1.0
2014-05-14,0.643,0.643,0.0,1.0
2014-05-15,0.636,0.636,0.0,1.0
2014-05-16,0.63,0.63,0.0,1.0
2014-05-19,0.636,0.636,0.0,1.0
2014-05-20,0.633,0.633,0.0,1.0
2014-05-21,0.635,0.635,0.0,1.0
2014-05-22,0.634,0.634,0.0,1.0
2014-05-23,0.637,0.637,0.0,1.0
2014-05-26,0.641,0.641,0.0,1.0
2014-05-27,0.642,0.642,0.0,1.0
2014-05-28,0.647,0.647,0.0,1.0
2014-05-29,0.65,0.65,0.0,1.0
2014-05-30,0.644,0.644,0.0,1.0
2014-06-03,0.646,0.646,0.0,1.0
2014-06-04,0.639,0.639,0.0,1.0
2014-06-05,0.644,0.644,0.0,1.0
2014-06-06,0.641,0.641,0.0,1.0
2014-06-09,0.64,0.64,0.0,1.0
2014-06-10,0.642,0.642,0.0,1.0
2014-06-11,0.646,0.646,0.0,1.0
2014-06-12,0.641,0.641,0.0,1.0
2014-06-13,0.651,0.651,0.0,1.0
2014-06-16,0.65,0.65,0.0,1.0
2014-06-17,0.644,0.644,0.0,1.0
2014-06-18,0.644,0.644,0.0,1.0
2014-06-19,0.623,0.623,0.0,1.0
2014-06-20,0.629,0.629,0.0,1.0
2014-06-23,0.636,0.636,0.0,1.0
2014-06-24,0.637,0.637,0.0,1.0
2014-06-25,0.635,0.635,0.0,1.0
2014-06-26,0.637,0.637,0.0,1.0
2014-06-27,0.642,0.642,0.0,1.0
2014-06-30,0.645,0.645,0.0,1.0
2014-07-01,0.652,0.652,0.0,1.0
2014-07-02,0.655,0.655,0.0,1.0
2014-07-03,0.66,0.66,0.0,1.0
2014-07-04,0.661,0.661,0.0,1.0
2014-07-07,0.662,0.662,0.0,1.0
2014-07-08,0.656,0.656,0.0,1.0
2014-07-09,0.651,0.651,0.0,1.0
2014-07-10,0.645,0.645,0.0,1.0
2014-07-11,0.653,0.653,0.0,1.0
2014-07-14,0.661,0.661,0.0,1.0
2014-07-15,0.666,0.666,0.0,1.0
2014-07-16,0.666,0.666,0.0,1.0
2014-07-17,0.664,0.664,0.0,1.0
2014-07-18,0.676,0.676,0.0,1.0
2014-07-21,0.673,0.673,0.0,1.0
2014-07-22,0.674,0.674,0.0,1.0
2014-07-23,0.677,0.677,0.0,1.0
2014-07-24,0.694,0.694,0.0,1.0
2014-07-25,0.7,0.7,0.0,1.0
2014-07-28,0.718,0.718,0.0,1.0
2014-07-29,0.72,0.72,0.0,1.0
2014-07-30,0.71,0.71,0.0,1.0
2014-07-31,0.723,0.723,0.0,1.0
2014-08-01,0.728,0.728,0.0,1.0
2014-08-04,0.722,0.722,0.0,1.0
2014-08-05,0.735,0.735,0.0,1.0
2014-08-06,0.736,0.736,0.0,1.0
2014-08-07,0.731,0.731,0.0,1.0
2014-08-08,0.73,0.73,0.0,1.0
2014-08-11,0.729,0.729,0.0,1.0
2014-08-12,0.735,0.735,0.0,1.0
2014-08-13,0.737,0.737,0.0,1.0
2014-08-14,0.739,0.739,0.0,1.0
2014-08-15,0.74,0.74,0.0,1.0
2014-08-18,0.739,0.739,0.0,1.0
2014-08-19,0.74,0.74,0.0,1.0
2014-08-20,0.738,0.738,0.0,1.0
2014-08-21,0.736,0.736,0.0,1.0
2014-08-22,0.737,0.737,0.0,1.0
2014-08-25,0.739,0.739,0.0,1.0
2014-08-26,0.733,0.733,0.0,1.0
2014-08-27,0.725,0.725,0.0,1.0
2014-08-28,0.713,0.713,0.0,1.0
2014-08-29,0.722,0.722,0.0,1.0
2014-09-01,0.727,0.727,0.0,1.0
2014-09-02,0.744,0.744,0.0,1.0
2014-09-03,0.745,0.745,0.0,1.0
2014-09-04,0.753,0.753,0.0,1.0
2014-09-05,0.76,0.76,0.0,1.0
2014-09-09,0.764,0.764,0.0,1.0
2014-09-10,0.759,0.759,0.0,1.0
2014-09-11,0.76,0.76,0.0,1.0
2014-09-12,0.761,0.761,0.0,1.0
2014-09-15,0.759,0.759,0.0,1.0
2014-09-16,0.744,0.744,0.0,1.0
2014-09-17,0.742,0.742,0.0,1.0
2014-09-18,0.753,0.753,0.0,1.0
2014-09-19,0.763,0.763,0.0,1.0
2014-09-22,0.741,0.741,0.0,1.0
2014-09-23,0.751,0.751,0.0,1.0
2014-09-24,0.754,0.754,0.0,1.0
2014-09-25,0.764,0.764,0.0,1.0
2014-09-26,0.762,0.762,0.0,1.0
2014-09-29,0.766,0.766,0.0,1.0
2014-09-30,0.768,0.768,0.0,1.0
2014-10-08,0.776,0.776,0.0,1.0
2014-10-09,0.789,0.789,0.0,1.0
2014-10-10,0.788,0.788,0.0,1.0
2014-10-13,0.776,0.776,0.0,1.0
2014-10-14,0.783,0.783,0.0,1.0
2014-10-15,0.785,0.785,0.0,1.0
2014-10-16,0.784,0.784,0.0,1.0
2014-10-17,0.774,0.774,0.0,1.0
2014-10-20,0.78,0.78,0.0,1.0
2014-10-21,0.771,0.771,0.0,1.0
2014-10-22,0.763,0.763,0.0,1.0
2014-10-23,0.762,0.762,0.0,1.0
2014-10-24,0.758,0.758,0.0,1.0
2014-10-27,0.744,0.744,0.0,1.0
2014-10-28,0.767,0.767,0.0,1.0
2014-10-29,0.78,0.78,0.0,1.0
2014-10-30,0.783,0.783,0.0,1.0
2014-10-31,0.79,0.79,0.0,1.0
2014-11-03,0.801,0.801,0.0,1.0
2014-11-04,0.805,0.805,0.0,1.0
2014-11-05,0.806,0.806,0.0,1.0
2014-11-07,0.803,0.803,0.0,1.0
2014-11-10,0.81,0.81,0.0,1.0
2014-11-11,0.805,0.805,0.0,1.0
2014-11-12,0.81,0.81,0.0,1.0
2014-11-13,0.796,0.796,0.0,1.0
2014-11-14,0.794,0.794,0.0,1.0
2014-11-17,0.796,0.796,0.0,1.0
2014-11-18,0.794,0.794,0.0,1.0
2014-11-19,0.798,0.798,0.0,1.0
2014-11-20,0.799,0.799,0.0,1.0
2014-11-21,0.807,0.807,0.0,1.0
2014-11-24,0.826,0.826,0.0,1.0
2014-11-25,0.835,0.835,0.0,1.0
2014-11-26,0.832,0.832,0.0,1.0
2014-11-27,0.843,0.843,0.0,1.0
2014-11-28,0.88,0.88,0.0,1.0
2014-12-01,0.871,0.871,0.0,1.0
2014-12-02,0.871,0.871,0.0,1.0
2014-12-03,0.899,0.899,0.0,1.0
2014-12-04,0.93,0.93,0.0,1.0
2014-12-05,0.918,0.918,0.0,1.0
2014-12-08,0.958,0.958,0.0,1.0
2014-12-09,0.96,0.96,0.0,1.0
2014-12-10,0.986,0.986,0.0,1.0
2014-12-11,0.97,0.97,0.0,1.0
2014-12-12,0.994,0.994,0.0,1.0
2014-12-15,0.973,0.973,0.0,1.0
2014-12-16,1.015,1.015,0.0,1.0
2014-12-17,0.99,0.99,0.0,1.0
2014-12-18,0.996,0.996,0.0,1.0
2014-12-19,0.998,0.998,0.0,1.0
2014-12-22,0.983,0.983,0.0,1.0
2014-12-23,0.988,0.988,0.0,1.0
2014-12-24,0.958,0.958,0.0,1.0
2014-12-25,0.977,0.977,0.0,1.0
2014-12-26,0.997,0.997,0.0,1.0
2014-12-29,0.997,0.997,0.0,1.0
2014-12-30,0.997,0.997,0.0,1.0
2014-12-31,1.005,1.005,0.0,1.0
2015-01-05,1.08,1.08,0.0,1.0
2015-01-06,1.07,1.07,0.0,1.0
2015-01-07,1.062,1.062,0.0,1.0
2015-01-08,1.07,1.07,0.0,1.0
2015-01-09,1.066,1.066,0.0,1.0
2015-01-12,1.031,1.031,0.0,1.0
2015-01-13,1.03,1.03,0.0,1.0
2015-01-14,1.015,1.015,0.0,1.0
2015-01-15,1.024,1.024,0.0,1.0
2015-01-16,1.047,1.047,0.0,1.0
2015-01-19,0.95,0.95,0.0,1.0
2015-01-20,0.997,0.997,0.0,1.0
2015-01-21,1.025,1.025,0.0,1.0
2015-01-22,1.03,1.03,0.0,1.0
2015-01-23,1.022,1.022,0.0,1.0
2015-01-26,1.049,1.049,0.0,1.0
2015-01-27,1.05,1.05,0.0,1.0
2015-01-28,1.024,1.024,0.0,1.0
2015-01-29,1.028,1.028,0.0,1.0
2015-01-30,1.03,1.03,0.0,1.0
2015-02-02,1.018,1.018,0.0,1.0
2015-02-03,1.04,1.04,0.0,1.0
2015-02-04,1.03,1.03,0.0,1.0
2015-02-05,1.02,1.02,0.0,1.0
2015-02-06,1.007,1.007,0.0,1.0
2015-02-09,1.02,1.02,0.0,1.0
2015-02-10,0.993,0.993,0.0,1.0
2015-02-11,1.026,1.026,0.0,1.0
2015-02-12,1.026,1.026,0.0,1.0
2015-02-13,1.045,1.045,0.0,1.0
2015-02-16,1.044,1.044,0.0,1.0
2015-02-17,1.041,1.041,0.0,1.0
2015-02-25,1.042,1.042,0.0,1.0
2015-02-26,1.051,1.051,0.0,1.0
2015-02-27,1.058,1.058,0.0,1.0
2015-03-02,1.085,1.085,0.0,1.0
2015-03-03,1.063,1.063,0.0,1.0
2015-03-04,1.062,1.062,0.0,1.0
2015-03-05,1.064,1.064,0.0,1.0
2015-03-06,1.062,1.062,0.0,1.0
2015-03-09,1.06,1.06,0.0,1.0
2015-03-10,1.077,1.077,0.0,1.0
2015-03-11,1.075,1.075,0.0,1.0
2015-03-12,1.083,1.083,0.0,1.0
2015-03-13,1.095,1.095,0.0,1.0
2015-03-16,1.107,1.107,0.0,1.0
2015-03-17,1.13,1.13,0.0,1.0
2015-03-18,1.195,1.195,0.0,1.0
2015-03-19,1.168,1.168,0.0,1.0
2015-03-20,1.164,1.164,0.0,1.0
2015-03-23,1.198,1.198,0.0,1.0
2015-03-24,1.196,1.196,0.0,1.0
2015-03-25,1.212,1.212,0.0,1.0
2015-03-26,1.19,1.19,0.0,1.0
2015-03-27,1.199,1.199,0.0,1.0
2015-03-30,1.255,1.255,0.0,1.0
2015-03-31,1.252,1.252,0.0,1.0
2015-04-01,1.273,1.273,0.0,1.0
2015-04-02,1.278,1.278,0.0,1.0
2015-04-03,1.355,1.355,0.0,1.0
2015-04-07,1.348,1.348,0.0,1.0
2015-04-08,1.32,1.32,0.0,1.0
2015-04-09,1.289,1.289,0.0,1.0
2015-04-10,1.322,1.322,0.0,1.0
2015-04-13,1.34,1.34,0.0,1.0
2015-04-14,1.321,1.321,0.0,1.0
2015-04-15,1.287,1.287,0.0,1.0
2015-04-16,1.299,1.299,0.0,1.0
2015-04-17,1.33,1.33,0.0,1.0
2015-04-20,1.319,1.319,0.0,1.0
2015-04-21,1.342,1.342,0.0,1.0
2015-04-22,1.409,1.409,0.0,1.0
2015-04-23,1.41,1.41,0.0,1.0
2015-04-24,1.438,1.438,0.0,1.0
2015-04-27,1.417,1.417,0.0,1.0
2015-04-28,1.419,1.419,0.0,1.0
2015-04-29,1.411,1.411,0.0,1.0
2015-04-30,1.445,1.445,0.0,1.0
2015-05-04,1.45,1.45,0.0,1.0
2015-05-05,1.381,1.381,0.0,1.0
2015-05-06,1.34,1.34,0.0,1.0
2015-05-07,1.302,1.302,0.0,1.0
2015-05-08,1.35,1.35,0.0,1.0
2015-05-11,1.378,1.378,0.0,1.0
2015-05-12,1.409,1.409,0.0,1.0
2015-05-13,1.387,1.387,0.0,1.0
2015-05-14,1.4,1.4,0.0,1.0
2015-05-15,1.373,1.373,0.0,1.0
2015-05-18,1.369,1.369,0.0,1.0
2015-05-19,1.41,1.41,0.0,1.0
2015-05-20,1.441,1.441,0.0,1.0
2015-05-21,1.559,1.559,0.0,1.0
2015-05-22,1.559,1.559,0.0,1.0
2015-05-25,1.577,1.577,0.0,1.0
2015-05-26,1.626,1.626,0.0,1.0
2015-05-27,1.59,1.59,0.0,1.0
2015-05-28,1.529,1.529,0.0,1.0
2015-05-29,1.525,1.525,0.0,1.0
2015-06-01,1.597,1.597,0.0,1.0
2015-06-02,1.6,1.6,0.0,1.0
2015-06-03,1.61,1.61,0.0,1.0
2015-06-04,1.617,1.617,0.0,1.0
2015-06-05,1.635,1.635,0.0,1.0
2015-06-08,1.66,1.66,0.0,1.0
2015-06-09,1.647,1.647,0.0,1.0
2015-06-10,1.652,1.652,0.0,1.0
2015-06-11,1.685,1.685,0.0,1.0
2015-06-12,1.717,1.717,0.0,1.0
2015-06-15,1.679,1.679,0.0,1.0
2015-06-16,1.648,1.648,0.0,1.0
2015-06-17,1.646,1.646,0.0,1.0
2015-06-18,1.639,1.639,0.0,1.0
2015-06-19,1.539,1.539,0.0,1.0
2015-06-23,1.53,1.53,0.0,1.0
2015-06-24,1.598,1.598,0.0,1.0
2015-06-25,1.606,1.606,0.0,1.0
2015-06-26,1.459,1.459,0.0,1.0
2015-06-29,1.4,1.4,0.0,1.0
2015-06-30,1.481,1.481,0.0,1.0
2015-07-01,1.427,1.427,0.0,1.0
2015-07-02,1.35,1.35,0.0,1.0
2015-07-03,1.317,1.317,0.0,1.0
2015-07-06,1.287,1.287,0.0,1.0
2015-07-07,1.214,1.214,0.0,1.0
2015-07-08,1.093,1.093,0.0,1.0
2015-07-09,1.202,1.202,0.0,1.0
2015-07-10,1.322,1.322,0.0,1.0
2015-07-13,1.38,1.38,0.0,1.0
2015-07-14,1.363,1.363,0.0,1.0
2015-07-15,1.26,1.26,0.0,1.0
2015-07-16,1.288,1.288,0.0,1.0
2015-07-17,1.329,1.329,0.0,1.0
2015-07-20,1.32,1.32,0.0,1.0
2015-07-21,1.315,1.315,0.0,1.0
2015-07-22,1.29,1.29,0.0,1.0
2015-07-23,1.354,1.354,0.0,1.0
2015-07-24,1.344,1.344,0.0,1.0
2015-07-27,1.291,1.291,0.0,1.0
2015-07-28,1.261,1.261,0.0,1.0
2015-07-29,1.273,1.273,0.0,1.0
2015-07-30,1.287,1.287,0.0,1.0
2015-07-31,1.3,1.3,0.0,1.0
2015-08-03,1.3,1.3,0.0,1.0
2015-08-04,1.388,1.388,0.0,1.0
2015-08-05,1.38,1.38,0.0,1.0
2015-08-06,1.37,1.37,0.0,1.0
2015-08-07,1.37,1.37,0.0,1.0
2015-08-10,1.4,1.4,0.0,1.0
2015-08-11,1.362,1.362,0.0,1.0
2015-08-12,1.332,1.332,0.0,1.0
2015-08-13,1.332,1.332,0.0,1.0
2015-08-14,1.358,1.358,0.0,1.0
2015-08-17,1.348,1.348,0.0,1.0
2015-08-18,1.301,1.301,0.0,1.0
2015-08-19,1.314,1.314,0.0,1.0
2015-08-20,1.265,1.265,0.0,1.0
2015-08-21,1.238,1.238,0.0,1.0
2015-08-24,1.208,1.208,0.0,1.0
2015-08-25,1.087,1.087,0.0,1.0
2015-08-26,1.057,1.057,0.0,1.0
2015-08-27,1.052,1.052,0.0,1.0
2015-08-28,1.13,1.13,0.0,1.0
2015-08-31,1.16,1.16,0.0,1.0
2015-09-01,1.1,1.1,0.0,1.0
2015-09-02,1.069,1.069,0.0,1.0
2015-09-07,1.047,1.047,0.0,1.0
2015-09-08,1.118,1.118,0.0,1.0
2015-09-09,1.15,1.15,0.0,1.0
2015-09-10,1.135,1.135,0.0,1.0
2015-09-11,1.107,1.107,0.0,1.0
2015-09-14,1.12,1.12,0.0,1.0
2015-09-15,1.135,1.135,0.0,1.0
2015-09-16,1.1,1.1,0.0,1.0
2015-09-17,1.051,1.051,0.0,1.0
2015-09-18,1.038,1.038,0.0,1.0
2015-09-21,1.029,1.029,0.0,1.0
2015-09-22,1.037,1.037,0.0,1.0
2015-09-23,1.036,1.036,0.0,1.0
2015-09-24,1.034,1.034,0.0,1.0
2015-09-25,1.019,1.019,0.0,1.0
2015-09-28,0.992,0.992,0.0,1.0
2015-09-29,0.999,0.999,0.0,1.0
2015-09-30,1.022,1.022,0.0,1.0
2015-10-08,1.039,1.039,0.0,1.0
2015-10-09,1.063,1.063,0.0,1.0
2015-10-12,1.079,1.079,0.0,1.0
2015-10-13,1.093,1.093,0.0,1.0
2015-10-14,1.09,1.09,0.0,1.0
2015-10-15,1.08,1.08,0.0,1.0
2015-10-16,1.089,1.089,0.0,1.0
2015-10-19,1.073,1.073,0.0,1.0
2015-10-20,1.088,1.088,0.0,1.0
2015-10-21,1.07,1.07,0.0,1.0
2015-10-22,1.101,1.101,0.0,1.0
2015-10-23,1.13,1.13,0.0,1.0
2015-10-26,1.16,1.16,0.0,1.0
2015-10-27,1.18,1.18,0.0,1.0
2015-10-28,1.169,1.169,0.0,1.0
2015-10-29,1.136,1.136,0.0,1.0
2015-11-02,1.127,1.127,0.0,1.0
2015-11-04,1.151,1.151,0.0,1.0
2015-11-05,1.179,1.179,0.0,1.0
2015-11-06,1.161,1.161,0.0,1.0
2015-11-09,1.168,1.168,0.0,1.0
2015-11-10,1.173,1.173,0.0,1.0
2015-11-11,1.179,1.179,0.0,1.0
2015-11-12,1.178,1.178,0.0,1.0
2015-11-13,1.16,1.16,0.0,1.0
2015-11-16,1.185,1.185,0.0,1.0
2015-11-17,1.149,1.149,0.0,1.0
2015-11-18,1.148,1.148,0.0,1.0
2015-11-19,1.141,1.141,0.0,1.0
2015-11-20,1.156,1.156,0.0,1.0
2015-11-23,1.189,1.189,0.0,1.0
2015-11-24,1.166,1.166,0.0,1.0
2015-11-25,1.17,1.17,0.0,1.0
2015-11-26,1.186,1.186,0.0,1.0
2015-11-27,1.141,1.141,0.0,1.0
2015-11-30,1.118,1.118,0.0,1.0
2015-12-01,1.161,1.161,0.0,1.0
2015-12-02,1.185,1.185,0.0,1.0
2015-12-03,1.202,1.202,0.0,1.0
2015-12-04,1.197,1.197,0.0,1.0
2015-12-07,1.197,1.197,0.0,1.0
2015-12-08,1.155,1.155,0.0,1.0
2015-12-09,1.168,1.168,0.0,1.0
2015-12-10,1.173,1.173,0.0,1.0
2015-12-14,1.194,1.194,0.0,1.0
2015-12-15,1.197,1.197,0.0,1.0
2015-12-16,1.209,1.209,0.0,1.0
2015-12-17,1.257,1.257,0.0,1.0
2015-12-18,1.252,1.252,0.0,1.0
2015-12-21,1.287,1.287,0.0,1.0
2015-12-22,1.299,1.299,0.0,1.0
2015-12-23,1.315,1.315,0.0,1.0
2015-12-24,1.288,1.288,0.0,1.0
2015-12-25,1.316,1.316,0.0,1.0
2015-12-28,1.43,1.43,0.0,1.0
2015-12-29,1.353,1.353,0.0,1.0
2015-12-30,1.35,1.35,0.0,1.0
2015-12-31,1.295,1.295,0.0,1.0
2016-01-04,1.208,1.208,0.0,1.0
2016-01-05,1.202,1.202,0.0,1.0
2016-01-06,1.237,1.237,0.0,1.0
2016-01-08,1.21,1.21,0.0,1.0
2016-01-11,1.125,1.125,0.0,1.0
2016-01-12,1.135,1.135,0.0,1.0
2016-01-13,1.121,1.121,0.0,1.0
2016-01-14,1.15,1.15,0.0,1.0
2016-01-15,1.2,1.2,0.0,1.0
2016-01-18,1.298,1.298,0.0,1.0
2016-01-19,1.299,1.299,0.0,1.0
2016-01-20,1.3,1.3,0.0,1.0
2016-01-21,1.25,1.25,0.0,1.0
2016-01-22,1.209,1.209,0.0,1.0
2016-01-25,1.2,1.2,0.0,1.0
2016-01-26,1.123,1.123,0.0,1.0
2016-01-27,1.135,1.135,0.0,1.0
2016-01-28,1.12,1.12,0.0,1.0
2016-01-29,1.099,1.099,0.0,1.0
2016-02-01,1.053,1.053,0.0,1.0
2016-02-02,1.056,1.056,0.0,1.0
2016-02-03,1.129,1.129,0.0,1.0
2016-02-04,1.097,1.097,0.0,1.0
2016-02-05,1.1,1.1,0.0,1.0
2016-02-15,1.04,1.04,0.0,1.0
2016-02-16,1.102,1.102,0.0,1.0
2016-02-17,1.177,1.177,0.0,1.0
2016-02-18,1.257,1.257,0.0,1.0
2016-02-19,1.192,1.192,0.0,1.0
2016-02-22,1.18,1.18,0.0,1.0
2016-02-23,1.13,1.13,0.0,1.0
2016-02-24,1.15,1.15,0.0,1.0
2016-02-25,1.132,1.132,0.0,1.0
2016-02-26,1.129,1.129,0.0,1.0
2016-02-29,1.165,1.165,0.0,1.0
2016-03-01,1.13,1.13,0.0,1.0
2016-03-02,1.197,1.197,0.0,1.0
2016-03-03,1.19,1.19,0.0,1.0
2016-03-04,1.144,1.144,0.0,1.0
2016-03-07,1.144,1.144,0.0,1.0
2016-03-08,1.16,1.16,0.0,1.0
2016-03-09,1.12,1.12,0.0,1.0
2016-03-10,1.101,1.101,0.0,1.0
2016-03-11,1.128,1.128,0.0,1.0
2016-03-14,1.113,1.113,0.0,1.0
2016-03-15,1.109,1.109,0.0,1.0
2016-03-16,1.133,1.133,0.0,1.0
2016-03-17,1.14,1.14,0.0,1.0
2016-03-18,1.134,1.134,0.0,1.0
2016-03-21,1.149,1.149,0.0,1.0
2016-03-22,1.16,1.16,0.0,1.0
2016-03-23,1.155,1.155,0.0,1.0
2016-03-24,1.135,1.135,0.0,1.0
2016-03-25,1.12,1.12,0.0,1.0
2016-03-28,1.134,1.134,0.0,1.0
2016-03-29,1.124,1.124,0.0,1.0
2016-03-30,1.139,1.139,0.0,1.0
2016-03-31,1.124,1.124,0.0,1.0
2016-04-01,1.149,1.149,0.0,1.0
2016-04-05,1.148,1.148,0.0,1.0
2016-04-06,1.17,1.17,0.0,1.0
2016-04-07,1.188,1.188,0.0,1.0
2016-04-08,1.181,1.181,0.0,1.0
2016-04-11,1.189,1.189,0.0,1.0
2016-04-12,1.188,1.188,0.0,1.0
2016-04-13,1.188,1.188,0.0,1.0
2016-04-14,1.226,1.226,0.0,1.0
2016-04-15,1.2,1.2,0.0,1.0
2016-04-18,1.191,1.191,0.0,1.0
2016-04-19,1.187,1.187,0.0,1.0
2016-04-20,1.177,1.177,0.0,1.0
2016-04-21,1.158,1.158,0.0,1.0
2016-04-22,1.153,1.153,0.0,1.0
2016-04-25,1.152,1.152,0.0,1.0
2016-04-27,1.187,1.187,0.0,1.0
2016-04-28,1.193,1.193,0.0,1.0
2016-04-29,1.178,1.178,0.0,1.0
2016-05-03,1.17,1.17,0.0,1.0
2016-05-05,1.148,1.148,0.0,1.0
2016-05-06,1.146,1.146,0.0,1.0
2016-05-09,1.109,1.109,0.0,1.0
2016-05-12,1.109,1.109,0.0,1.0
2016-05-13,1.111,1.111,0.0,1.0
2016-05-16,1.113,1.113,0.0,1.0
2016-05-17,1.087,1.087,0.0,1.0
2016-05-18,1.096,1.096,0.0,1.0
2016-05-19,1.137,1.137,0.0,1.0
2016-05-20,1.182,1.182,0.0,1.0
2016-05-23,1.175,1.175,0.0,1.0
2016-05-24,1.118,1.118,0.0,1.0
2016-05-25,1.107,1.107,0.0,1.0
2016-05-27,1.103,1.103,0.0,1.0
2016-05-30,1.127,1.127,0.0,1.0
2016-05-31,1.125,1.125,0.0,1.0
2016-06-01,1.123,1.123,0.0,1.0
2016-06-02,1.121,1.121,0.0,1.0
2016-06-03,1.134,1.134,0.0,1.0
2016-06-06,1.133,1.133,0.0,1.0
2016-06-07,1.118,1.118,0.0,1.0
2016-06-08,1.129,1.129,0.0,1.0
2016-06-13,1.091,1.091,0.0,1.0
2016-06-14,1.09,1.09,0.0,1.0
2016-06-15,1.118,1.118,0.0,1.0
2016-06-16,1.131,1.131,0.0,1.0
2016-06-17,1.138,1.138,0.0,1.0
2016-06-20,1.131,1.131,0.0,1.0
2016-06-21,1.098,1.098,0.0,1.0
2016-06-22,1.131,1.131,0.0,1.0
2016-06-23,1.12,1.12,0.0,1.0
2016-06-24,1.094,1.094,0.0,1.0
2016-06-27,1.135,1.135,0.0,1.0
2016-06-28,1.123,1.123,0.0,1.0
2016-06-29,1.094,1.094,0.0,1.0
2016-06-30,1.121,1.121,0.0,1.0
2016-07-01,1.12,1.12,0.0,1.0
2016-07-04,1.138,1.138,0.0,1.0
2016-07-05,1.128,1.128,0.0,1.0
2016-07-06,1.122,1.122,0.0,1.0
2016-07-07,1.12,1.12,0.0,1.0
2016-07-08,1.118,1.118,0.0,1.0
2016-07-11,1.13,1.13,0.0,1.0
2016-07-12,1.149,1.149,0.0,1.0
2016-07-13,1.166,1.166,0.0,1.0
2016-07-14,1.141,1.141,0.0,1.0
2016-07-15,1.167,1.167,0.0,1.0
2016-07-18,1.136,1.136,0.0,1.0
2016-07-19,1.136,1.136,0.0,1.0
2016-07-20,1.136,1.136,0.0,1.0
2016-07-21,1.131,1.131,0.0,1.0
2016-07-22,1.126,1.126,0.0,1.0
2016-07-25,1.123,1.123,0.0,1.0
2016-07-26,1.134,1.134,0.0,1.0
2016-07-27,1.104,1.104,0.0,1.0
2016-07-28,1.105,1.105,0.0,1.0
2016-07-29,1.117,1.117,0.0,1.0
2016-08-01,1.089,1.089,0.0,1.0
2016-08-02,1.103,1.103,0.0,1.0
2016-08-03,1.105,1.105,0.0,1.0
2016-08-04,1.079,1.079,0.0,1.0
2016-08-05,1.129,1.129,0.0,1.0
2016-08-08,1.13,1.13,0.0,1.0
2016-08-09,1.13,1.13,0.0,1.0
2016-08-10,1.137,1.137,0.0,1.0
2016-08-11,1.14,1.14,0.0,1.0
2016-08-12,1.139,1.139,0.0,1.0
2016-08-15,1.18,1.18,0.0,1.0
2016-08-16,1.193,1.193,0.0,1.0
2016-08-17,1.19,1.19,0.0,1.0
2016-08-18,1.195,1.195,0.0,1.0
2016-08-19,1.179,1.179,0.0,1.0
2016-08-22,1.178,1.178,0.0,1.0
2016-08-23,1.169,1.169,0.0,1.0
2016-08-24,1.179,1.179,0.0,1.0
2016-08-26,1.163,1.163,0.0,1.0
2016-08-29,1.159,1.159,0.0,1.0
2016-08-31,1.199,1.199,0.0,1.0
2016-09-01,1.183,1.183,0.0,1.0
2016-09-02,1.163,1.163,0.0,1.0
2016-09-05,1.184,1.184,0.0,1.0
2016-09-06,1.185,1.185,0.0,1.0
2016-09-07,1.192,1.192,0.0,1.0
2016-09-08,1.181,1.181,0.0,1.0
2016-09-09,1.18,1.18,0.0,1.0
2016-09-12,1.159,1.159,0.0,1.0
2016-09-13,1.172,1.172,0.0,1.0
2016-09-14,1.152,1.152,0.0,1.0
2016-09-19,1.158,1.158,0.0,1.0
2016-09-20,1.17,1.17,0.0,1.0
2016-09-21,1.176,1.176,0.0,1.0
2016-09-22,1.185,1.185,0.0,1.0
2016-09-23,1.174,1.174,0.0,1.0
2016-09-26,1.159,1.159,0.0,1.0
2016-09-28,1.168,1.168,0.0,1.0
2016-09-29,1.196,1.196,0.0,1.0
2016-09-30,1.165,1.165,0.0,1.0
2016-10-10,1.172,1.172,0.0,1.0
2016-10-11,1.18,1.18,0.0,1.0
2016-10-12,1.183,1.183,0.0,1.0
2016-10-13,1.183,1.183,0.0,1.0
2016-10-14,1.157,1.157,0.0,1.0
2016-10-18,1.186,1.186,0.0,1.0
2016-10-21,1.187,1.187,0.0,1.0
2016-10-24,1.196,1.196,0.0,1.0
2016-10-25,1.197,1.197,0.0,1.0
2016-10-26,1.19,1.19,0.0,1.0
2016-10-27,1.195,1.195,0.0,1.0
2016-10-28,1.197,1.197,0.0,1.0
2016-10-31,1.175,1.175,0.0,1.0
2016-11-01,1.177,1.177,0.0,1.0
2016-11-02,1.199,1.199,0.0,1.0
2016-11-03,1.196,1.196,0.0,1.0
2016-11-04,1.199,1.199,0.0,1.0
2016-11-08,1.19,1.19,0.0,1.0
2016-11-09,1.202,1.202,0.0,1.0
2016-11-10,1.206,1.206,0.0,1.0
2016-11-11,1.215,1.215,0.0,1.0
2016-11-14,1.235,1.235,0.0,1.0
2016-11-16,1.228,1.228,0.0,1.0
2016-11-18,1.228,1.228,0.0,1.0
2016-11-21,1.24,1.24,0.0,1.0
2016-11-22,1.251,1.251,0.0,1.0
2016-11-23,1.242,1.242,0.0,1.0
2016-11-24,1.249,1.249,0.0,1.0
2016-11-25,1.262,1.262,0.0,1.0
2016-11-28,1.299,1.299,0.0,1.0
2016-11-29,1.285,1.285,0.0,1.0
2016-11-30,1.302,1.302,0.0,1.0
2016-12-01,1.306,1.306,0.0,1.0
2016-12-02,1.297,1.297,0.0,1.0
2016-12-05,1.305,1.305,0.0,1.0
2016-12-06,1.283,1.283,0.0,1.0
2016-12-07,1.277,1.277,0.0,1.0
2016-12-08,1.265,1.265,0.0,1.0
2016-12-09,1.257,1.257,0.0,1.0
2016-12-12,1.23,1.23,0.0,1.0
2016-12-13,1.209,1.209,0.0,1.0
2016-12-15,1.214,1.214,0.0,1.0
2016-12-16,1.2,1.2,0.0,1.0
2016-12-21,1.211,1.211,0.0,1.0
2016-12-26,1.212,1.212,0.0,1.0
2016-12-28,1.206,1.206,0.0,1.0
2017-01-03,1.18,1.18,0.0,1.0
2017-01-04,1.227,1.227,0.0,1.0
2017-01-05,1.215,1.215,0.0,1.0
2017-01-06,1.241,1.241,0.0,1.0
2017-01-09,1.2,1.2,0.0,1.0
2017-01-10,1.201,1.201,0.0,1.0
2017-01-12,1.205,1.205,0.0,1.0
2017-01-13,1.207,1.207,0.0,1.0
2017-01-16,1.218,1.218,0.0,1.0
2017-01-17,1.199,1.199,0.0,1.0
2017-01-25,1.198,1.198,0.0,1.0
2017-02-03,1.231,1.231,0.0,1.0
2017-02-06,1.262,1.262,0.0,1.0
2017-02-07,1.208,1.208,0.0,1.0
2017-02-08,1.228,1.228,0.0,1.0
2017-02-10,1.234,1.234,0.0,1.0
2017-02-13,1.247,1.247,0.0,1.0
2017-02-14,1.245,1.245,0.0,1.0
2017-02-15,1.243,1.243,0.0,1.0
2017-02-16,1.26,1.26,0.0,1.0
2017-02-17,1.26,1.26,0.0,1.0
2017-02-21,1.266,1.266,0.0,1.0
2017-02-23,1.279,1.279,0.0,1.0
2017-02-24,1.309,1.309,0.0,1.0
2017-02-27,1.294,1.294,0.0,1.0
2017-02-28,1.249,1.249,0.0,1.0
2017-03-01,1.275,1.275,0.0,1.0
2017-03-02,1.27,1.27,0.0,1.0
2017-03-03,1.332,1.332,0.0,1.0
2017-03-06,1.301,1.301,0.0,1.0
2017-03-07,1.292,1.292,0.0,1.0
2017-03-14,1.258,1.258,0.0,1.0
2017-03-15,1.272,1.272,0.0,1.0
2017-03-16,1.286,1.286,0.0,1.0
2017-03-17,1.29,1.29,0.0,1.0
2017-03-20,1.313,1.313,0.0,1.0
2017-03-21,1.291,1.291,0.0,1.0
2017-03-22,1.285,1.285,0.0,1.0
2017-03-27,1.288,1.288,0.0,1.0
2017-03-28,1.275,1.275,0.0,1.0
2017-03-29,1.246,1.246,0.0,1.0
2017-03-30,1.289,1.289,0.0,1.0
2017-03-31,1.287,1.287,0.0,1.0
2017-04-05,1.325,1.325,0.0,1.0
2017-04-07,1.292,1.292,0.0,1.0
2017-04-10,1.29,1.29,0.0,1.0
2017-04-11,1.3,1.3,0.0,1.0
2017-04-12,1.301,1.301,0.0,1.0
2017-04-13,1.303,1.303,0.0,1.0
2017-04-14,1.311,1.311,0.0,1.0
2017-04-17,1.314,1.314,0.0,1.0
2017-04-18,1.303,1.303,0.0,1.0
2017-04-19,1.293,1.293,0.0,1.0
2017-04-21,1.296,1.296,0.0,1.0
2017-04-24,1.29,1.29,0.0,1.0
2017-04-25,1.29,1.29,0.0,1.0
2017-04-27,1.269,1.269,0.0,1.0
2017-05-08,1.269,1.269,0.0,1.0
2017-05-09,1.269,1.269,0.0,1.0
2017-05-10,1.238,1.238,0.0,1.0
2017-05-12,1.225,1.225,0.0,1.0
2017-05-15,1.28,1.28,0.0,1.0
2017-05-16,1.274,1.274,0.0,1.0
2017-05-17,1.252,1.252,0.0,1.0
2017-05-18,1.249,1.249,0.0,1.0
2017-05-22,1.248,1.248,0.0,1.0
2017-05-23,1.238,1.238,0.0,1.0
2017-05-24,1.231,1.231,0.0,1.0
2017-05-25,1.246,1.246,0.0,1.0
2017-05-26,1.247,1.247,0.0,1.0
2017-05-31,1.249,1.249,0.0,1.0
2017-06-01,1.244,1.244,0.0,1.0
2017-06-02,1.238,1.238,0.0,1.0
2017-06-06,1.247,1.247,0.0,1.0
2017-06-07,1.27,1.27,0.0,1.0
2017-06-08,1.275,1.275,0.0,1.0
2017-06-09,1.286,1.286,0.0,1.0
2017-06-12,1.287,1.287,0.0,1.0
2017-06-13,1.296,1.296,0.0,1.0
2017-06-14,1.3,1.3,0.0,1.0
2017-06-16,1.29,1.29,0.0,1.0
2017-06-19,1.295,1.295,0.0,1.0
2017-06-20,1.297,1.297,0.0,1.0
2017-06-21,1.306,1.306,0.0,1.0
2017-06-22,1.317,1.317,0.0,1.0
2017-06-23,1.321,1.321,0.0,1.0
2017-06-26,1.35,1.35,0.0,1.0
2017-06-27,1.352,1.352,0.0,1.0
2017-06-28,1.353,1.353,0.0,1.0
2017-06-29,1.348,1.348,0.0,1.0
2017-07-03,1.348,1.348,0.0,1.0
2017-07-04,1.34,1.34,0.0,1.0
2017-07-05,1.347,1.347,0.0,1.0
2017-07-06,1.346,1.346,0.0,1.0
2017-07-07,1.346,1.346,0.0,1.0
2017-07-10,1.351,1.351,0.0,1.0
2017-07-11,1.36,1.36,0.0,1.0
2017-07-12,1.353,1.353,0.0,1.0
2017-07-13,1.353,1.353,0.0,1.0
2017-07-14,1.354,1.354,0.0,1.0
2017-07-17,1.333,1.333,0.0,1.0
2017-07-18,1.325,1.325,0.0,1.0
2017-07-19,1.356,1.356,0.0,1.0
2017-07-20,1.36,1.36,0.0,1.0
2017-07-21,1.363,1.363,0.0,1.0
2017-07-24,1.363,1.363,0.0,1.0
2017-07-25,1.362,1.362,0.0,1.0
2017-07-26,1.355,1.355,0.0,1.0
2017-07-27,1.354,1.354,0.0,1.0
2017-07-28,1.359,1.359,0.0,1.0
2017-07-31,1.365,1.365,0.0,1.0
2017-08-01,1.369,1.369,0.0,1.0
2017-08-02,1.371,1.371,0.0,1.0
2017-08-03,1.365,1.365,0.0,1.0
2017-08-04,1.36,1.36,0.0,1.0
2017-08-07,1.365,1.365,0.0,1.0
2017-08-08,1.374,1.374,0.0,1.0
2017-08-09,1.374,1.374,0.0,1.0
2017-08-10,1.372,1.372,0.0,1.0
2017-08-11,1.364,1.364,0.0,1.0
2017-08-14,1.363,1.363,0.0,1.0
2017-08-15,1.365,1.365,0.0,1.0
2017-08-16,1.353,1.353,0.0,1.0
2017-08-17,1.363,1.363,0.0,1.0
2017-08-18,1.36,1.36,0.0,1.0
2017-08-21,1.358,1.358,0.0,1.0
2017-08-22,1.365,1.365,0.0,1.0
2017-08-23,1.416,1.416,0.0,1.0
2017-08-24,1.438,1.438,0.0,1.0
2017-08-25,1.403,1.403,0.0,1.0
2017-08-28,1.469,1.469,0.0,1.0
2017-08-29,1.42,1.42,0.0,1.0
2017-08-30,1.419,1.419,0.0,1.0
2017-08-31,1.417,1.417,0.0,1.0
2017-09-01,1.463,1.463,0.0,1.0
2017-09-04,1.494,1.494,0.0,1.0
2017-09-05,1.448,1.448,0.0,1.0
2017-09-06,1.465,1.465,0.0,1.0
2017-09-07,1.432,1.432,0.0,1.0
2017-09-08,1.44,1.44,0.0,1.0
2017-09-11,1.441,1.441,0.0,1.0
2017-09-12,1.419,1.419,0.0,1.0
2017-09-13,1.428,1.428,0.0,1.0
2017-09-14,1.43,1.43,0.0,1.0
2017-09-15,1.44,1.44,0.0,1.0
2017-09-18,1.487,1.487,0.0,1.0
2017-09-19,1.466,1.466,0.0,1.0
2017-09-20,1.462,1.462,0.0,1.0
2017-09-21,1.456,1.456,0.0,1.0
2017-09-22,1.448,1.448,0.0,1.0
2017-09-25,1.437,1.437,0.0,1.0
2017-09-26,1.447,1.447,0.0,1.0
2017-09-27,1.428,1.428,0.0,1.0
2017-09-28,1.43,1.43,0.0,1.0
2017-09-29,1.448,1.448,0.0,1.0
2017-10-09,1.48,1.48,0.0,1.0
2017-10-10,1.484,1.484,0.0,1.0
2017-10-11,1.466,1.466,0.0,1.0
2017-10-12,1.475,1.475,0.0,1.0
2017-10-13,1.473,1.473,0.0,1.0
2017-10-16,1.481,1.481,0.0,1.0
2017-10-19,1.469,1.469,0.0,1.0
2017-10-20,1.454,1.454,0.0,1.0
2017-10-23,1.466,1.466,0.0,1.0
2017-10-24,1.47,1.47,0.0,1.0
2017-10-25,1.476,1.476,0.0,1.0
2017-10-26,1.481,1.481,0.0,1.0
2017-10-27,1.49,1.49,0.0,1.0
2017-10-30,1.485,1.485,0.0,1.0
2017-10-31,1.493,1.493,0.0,1.0
2017-11-01,1.491,1.491,0.0,1.0
2017-11-02,1.496,1.496,0.0,1.0
2017-11-03,1.496,1.496,0.0,1.0
2017-11-06,1.479,1.479,0.0,1.0
2017-11-07,1.5,1.5,0.0,1.0
2017-11-08,1.52,1.52,0.0,1.0
2017-11-10,1.523,1.523,0.0,1.0
2017-11-13,1.53,1.53,0.0,1.0
2017-11-14,1.525,1.525,0.0,1.0
2017-11-15,1.527,1.527,0.0,1.0
2017-11-16,1.526,1.526,0.0,1.0
2017-11-17,1.514,1.514,0.0,1.0
2017-11-20,1.515,1.515,0.0,1.0
2017-11-21,1.55,1.55,0.0,1.0
2017-11-22,1.552,1.552,0.0,1.0
2017-11-23,1.53,1.53,0.0,1.0
2017-11-24,1.518,1.518,0.0,1.0
2017-11-27,1.508,1.508,0.0,1.0
2017-11-28,1.49,1.49,0.0,1.0
2017-11-29,1.489,1.489,0.0,1.0
2017-11-30,1.485,1.485,0.0,1.0
2017-12-01,1.483,1.483,0.0,1.0
2017-12-05,1.477,1.477,0.0,1.0
2017-12-06,1.467,1.467,0.0,1.0
2017-12-07,1.465,1.465,0.0,1.0
2017-12-08,1.45,1.45,0.0,1.0
2017-12-11,1.477,1.477,0.0,1.0
2017-12-12,1.487,1.487,0.0,1.0
2017-12-13,1.477,1.477,0.0,1.0
2017-12-14,1.478,1.478,0.0,1.0
2017-12-15,1.515,1.515,0.0,1.0
2017-12-18,1.48,1.48,0.0,1.0
2017-12-20,1.482,1.482,0.0,1.0
2017-12-21,1.502,1.502,0.0,1.0
2017-12-22,1.482,1.482,0.0,1.0
2017-12-25,1.493,1.493,0.0,1.0
2017-12-27,1.492,1.492,0.0,1.0
2017-12-28,1.493,1.493,0.0,1.0
2017-12-29,1.495,1.495,0.0,1.0
2018-01-02,1.514,1.514,0.0,1.0
2018-01-03,1.538,1.538,0.0,1.0
2018-01-04,1.531,1.531,0.0,1.0
2018-01-05,1.557,1.557,0.0,1.0
2018-01-08,1.572,1.572,0.0,1.0
2018-01-09,1.581,1.581,0.0,1.0
2018-01-10,1.596,1.596,0.0,1.0
2018-01-11,1.621,1.621,0.0,1.0
2018-01-12,1.623,1.623,0.0,1.0
2018-01-15,1.65,1.65,0.0,1.0
2018-01-16,1.7,1.7,0.0,1.0
2018-01-17,1.699,1.699,0.0,1.0
2018-01-18,1.675,1.675,0.0,1.0
2018-01-19,1.683,1.683,0.0,1.0
2018-01-22,1.676,1.676,0.0,1.0
2018-01-23,1.732,1.732,0.0,1.0
2018-01-24,1.71,1.71,0.0,1.0
2018-01-25,1.82,1.82,0.0,1.0
2018-01-26,1.87,1.87,0.0,1.0
2018-01-29,1.804,1.804,0.0,1.0
2018-01-30,1.892,1.892,0.0,1.0
2018-01-31,1.703,1.703,0.0,1.0
2018-02-01,1.65,1.65,0.0,1.0
2018-02-02,1.629,1.629,0.0,1.0
2018-02-05,1.591,1.591,0.0,1.0
2018-02-06,1.585,1.585,0.0,1.0
2018-02-07,1.552,1.552,0.0,1.0
2018-02-08,1.535,1.535,0.0,1.0
2018-02-09,1.497,1.497,0.0,1.0
2018-02-12,1.444,1.444,0.0,1.0
2018-02-13,1.496,1.496,0.0,1.0
2018-02-14,1.506,1.506,0.0,1.0
2018-02-22,1.557,1.557,0.0,1.0
2018-02-23,1.578,1.578,0.0,1.0
2018-02-26,1.568,1.568,0.0,1.0
2018-02-27,1.572,1.572,0.0,1.0
2018-02-28,1.558,1.558,0.0,1.0
2018-03-01,1.568,1.568,0.0,1.0
2018-03-02,1.577,1.577,0.0,1.0
2018-03-05,1.578,1.578,0.0,1.0
2018-03-06,1.54,1.54,0.0,1.0
2018-03-07,1.559,1.559,0.0,1.0
2018-03-08,1.555,1.555,0.0,1.0
2018-03-09,1.559,1.559,0.0,1.0
2018-03-12,1.585,1.585,0.0,1.0
2018-03-13,1.585,1.585,0.0,1.0
2018-03-14,1.728,1.728,0.0,1.0
2018-03-15,1.718,1.718,0.0,1.0
2018-03-16,1.679,1.679,0.0,1.0
2018-03-19,1.573,1.573,0.0,1.0
2018-03-20,1.555,1.555,0.0,1.0
2018-03-22,1.541,1.541,0.0,1.0
2018-03-23,1.483,1.483,0.0,1.0
2018-03-26,1.531,1.531,0.0,1.0
2018-03-27,1.6,1.6,0.0,1.0
2018-03-28,1.662,1.662,0.0,1.0
2018-03-29,1.554,1.554,0.0,1.0
2018-03-30,1.506,1.506,0.0,1.0
2018-04-02,1.59,1.59,0.0,1.0
2018-04-04,1.6,1.6,0.0,1.0
2018-04-09,1.548,1.548,0.0,1.0
2018-04-10,1.515,1.515,0.0,1.0
2018-04-12,1.501,1.501,0.0,1.0
2018-04-13,1.514,1.514,0.0,1.0
2018-04-16,1.473,1.473,0.0,1.0
2018-04-17,1.475,1.475,0.0,1.0
2018-04-18,1.474,1.474,0.0,1.0
2018-04-19,1.548,1.548,0.0,1.0
2018-04-20,1.573,1.573,0.0,1.0
2018-04-23,1.54,1.54,0.0,1.0
2018-04-24,1.589,1.589,0.0,1.0
2018-04-25,1.615,1.615,0.0,1.0
2018-05-02,1.538,1.538,0.0,1.0
2018-05-03,1.545,1.545,0.0,1.0
2018-05-07,1.539,1.539,0.0,1.0
2018-05-08,1.564,1.564,0.0,1.0
2018-05-09,1.532,1.532,0.0,1.0
2018-05-10,1.517,1.517,0.0,1.0
2018-05-11,1.519,1.519,0.0,1.0
2018-05-14,1.519,1.519,0.0,1.0
2018-05-15,1.5,1.5,0.0,1.0
2018-05-16,1.515,1.515,0.0,1.0
2018-05-17,1.547,1.547,0.0,1.0
2018-05-21,1.531,1.531,0.0,1.0
2018-05-22,1.514,1.514,0.0,1.0
2018-05-23,1.514,1.514,0.0,1.0
2018-05-25,1.486,1.486,0.0,1.0
2018-05-28,1.498,1.498,0.0,1.0
2018-05-30,1.525,1.525,0.0,1.0
2018-06-07,1.541,1.541,0.0,1.0
2018-06-08,1.513,1.513,0.0,1.0
2018-06-11,1.615,1.615,0.0,1.0
2018-06-12,1.777,1.777,0.0,1.0
2018-06-13,1.8,1.8,0.0,1.0
2018-06-14,1.71,1.71,0.0,1.0
2018-06-15,1.77,1.77,0.0,1.0
2018-06-19,1.595,1.595,0.0,1.0
2018-06-20,1.659,1.659,0.0,1.0
2018-06-21,1.526,1.526,0.0,1.0
2018-06-22,1.58,1.58,0.0,1.0
2018-06-25,1.55,1.55,0.0,1.0
2018-06-26,1.57,1.57,0.0,1.0
2018-06-28,1.563,1.563,0.0,1.0
2018-06-29,1.58,1.58,0.0,1.0
2018-07-04,1.64,1.64,0.0,1.0
2018-07-05,1.493,1.493,0.0,1.0
2018-07-06,1.55,1.55,0.0,1.0
2018-07-09,1.565,1.565,0.0,1.0
2018-07-11,1.595,1.595,0.0,1.0
2018-07-13,1.447,1.447,0.0,1.0
2018-07-16,1.497,1.497,0.0,1.0
2018-07-18,1.49,1.49,0.0,1.0
2018-07-23,1.515,1.515,0.0,1.0
2018-07-24,1.423,1.423,0.0,1.0
2018-07-25,1.478,1.478,0.0,1.0
2018-07-26,1.52,1.52,0.0,1.0
2018-07-27,1.53,1.53,0.0,1.0
2018-07-31,1.5,1.5,0.0,1.0
2018-08-01,1.41,1.41,0.0,1.0
2018-08-02,1.445,1.445,0.0,1.0
2018-08-06,1.5,1.5,0.0,1.0
2018-08-07,1.55,1.55,0.0,1.0
2018-08-09,1.538,1.538,0.0,1.0
2018-08-10,1.498,1.498,0.0,1.0
2018-08-13,1.548,1.548,0.0,1.0
2018-08-15,1.61,1.61,0.0,1.0
2018-08-16,1.61,1.61,0.0,1.0
2018-08-17,1.6,1.6,0.0,1.0
2018-08-20,1.529,1.529,0.0,1.0
2018-08-21,1.485,1.485,0.0,1.0
2018-08-22,1.485,1.485,0.0,1.0
2018-08-23,1.416,1.416,0.0,1.0
2018-08-24,1.463,1.463,0.0,1.0
2018-08-27,1.47,1.47,0.0,1.0
2018-08-28,1.4,1.4,0.0,1.0
2018-08-29,1.488,1.488,0.0,1.0
2018-08-30,1.55,1.55,0.0,1.0
2018-08-31,1.463,1.463,0.0,1.0
2018-09-04,1.46,1.46,0.0,1.0
2018-09-05,1.461,1.461,0.0,1.0
2018-09-06,1.588,1.588,0.0,1.0
2018-09-07,1.587,1.587,0.0,1.0
2018-09-13,1.455,1.455,0.0,1.0
2018-09-14,1.47,1.47,0.0,1.0
2018-09-18,1.422,1.422,0.0,1.0
2018-09-19,1.481,1.481,0.0,1.0
2018-09-20,1.566,1.566,0.0,1.0
2018-09-21,1.562,1.562,0.0,1.0
2018-09-25,1.56,1.56,0.0,1.0
2018-09-26,1.54,1.54,0.0,1.0
2018-09-27,1.53,1.53,0.0,1.0
2018-09-28,1.498,1.498,0.0,1.0
2018-10-08,1.41,1.41,0.0,1.0
2018-10-09,1.405,1.405,0.0,1.0
2018-10-10,1.414,1.414,0.0,1.0
2018-10-11,1.33,1.33,0.0,1.0
2018-10-12,1.321,1.321,0.0,1.0
2018-10-15,1.28,1.28,0.0,1.0
2018-10-16,1.26,1.26,0.0,1.0
2018-10-17,1.278,1.278,0.0,1.0
2018-10-18,1.195,1.195,0.0,1.0
2018-10-19,1.235,1.235,0.0,1.0
2018-10-22,1.285,1.285,0.0,1.0
2018-10-23,1.285,1.285,0.0,1.0
2018-10-24,1.333,1.333,0.0,1.0
2018-10-25,1.285,1.285,0.0,1.0
2018-10-26,1.298,1.298,0.0,1.0
2018-10-29,1.24,1.24,0.0,1.0
2018-10-30,1.228,1.228,0.0,1.0
2018-10-31,1.274,1.274,0.0,1.0
2018-11-01,1.324,1.324,0.0,1.0
2018-11-02,1.307,1.307,0.0,1.0
2018-11-05,1.297,1.297,0.0,1.0
2018-11-06,1.35,1.35,0.0,1.0
2018-11-07,1.386,1.386,0.0,1.0
2018-11-09,1.32,1.32,0.0,1.0
2018-11-12,1.315,1.315,0.0,1.0
2018-11-13,1.368,1.368,0.0,1.0
2018-11-14,1.397,1.397,0.0,1.0
2018-11-15,1.388,1.388,0.0,1.0
2018-11-16,1.4,1.4,0.0,1.0
2018-11-19,1.344,1.344,0.0,1.0
2018-11-20,1.298,1.298,0.0,1.0
2018-11-21,1.293,1.293,0.0,1.0
2018-11-22,1.29,1.29,0.0,1.0
2018-11-23,1.328,1.328,0.0,1.0
2018-11-26,1.326,1.326,0.0,1.0
2018-11-28,1.314,1.314,0.0,1.0
2018-11-29,1.277,1.277,0.0,1.0
2018-11-30,1.272,1.272,0.0,1.0
2018-12-04,1.297,1.297,0.0,1.0
2018-12-05,1.253,1.253,0.0,1.0
2018-12-06,1.27,1.27,0.0,1.0
2018-12-07,1.246,1.246,0.0,1.0
2018-12-10,1.244,1.244,0.0,1.0
2018-12-11,1.302,1.302,0.0,1.0
2018-12-12,1.318,1.318,0.0,1.0
2018-12-13,1.242,1.242,0.0,1.0
2018-12-14,1.24,1.24,0.0,1.0
2018-12-17,1.123,1.123,0.0,1.0
2018-12-18,1.124,1.124,0.0,1.0
2018-12-19,1.096,1.096,0.0,1.0
2018-12-20,1.104,1.104,0.0,1.0
2018-12-21,1.095,1.095,0.0,1.0
2018-12-24,1.103,1.103,0.0,1.0
2018-12-25,1.101,1.101,0.0,1.0
2018-12-26,1.095,1.095,0.0,1.0
2018-12-27,1.085,1.085,0.0,1.0
2018-12-28,1.078,1.078,0.0,1.0
2019-01-02,1.066,1.066,0.0,1.0
2019-01-03,1.052,1.052,0.0,1.0
2019-01-04,1.076,1.076,0.0,1.0
2019-01-07,1.096,1.096,0.0,1.0
2019-01-08,1.089,1.089,0.0,1.0
2019-01-09,1.097,1.097,0.0,1.0
2019-01-10,1.088,1.088,0.0,1.0
2019-01-11,1.085,1.085,0.0,1.0
2019-01-14,1.074,1.074,0.0,1.0
2019-01-15,1.093,1.093,0.0,1.0
2019-01-16,1.096,1.096,0.0,1.0
2019-01-17,1.081,1.081,0.0,1.0
2019-01-18,1.094,1.094,0.0,1.0
2019-01-21,1.1,1.1,0.0,1.0
2019-01-22,1.082,1.082,0.0,1.0
2019-01-23,1.077,1.077,0.0,1.0
2019-01-24,1.093,1.093,0.0,1.0
2019-01-25,1.092,1.092,0.0,1.0
2019-01-28,1.087,1.087,0.0,1.0
2019-01-29,1.072,1.072,0.0,1.0
2019-01-30,1.064,1.064,0.0,1.0
2019-01-31,1.06,1.06,0.0,1.0
2019-02-01,1.097,1.097,0.0,1.0
2019-02-11,1.134,1.134,0.0,1.0
2019-02-12,1.145,1.145,0.0,1.0
2019-02-13,1.168,1.168,0.0,1.0
2019-02-14,1.176,1.176,0.0,1.0
2019-02-15,1.169,1.169,0.0,1.0
2019-02-18,1.209,1.209,0.0,1.0
2019-02-19,1.211,1.211,0.0,1.0
2019-02-20,1.209,1.209,0.0,1.0
2019-02-21,1.213,1.213,0.0,1.0
2019-02-22,1.254,1.254,0.0,1.0
2019-02-25,1.325,1.325,0.0,1.0
2019-02-26,1.334,1.334,0.0,1.0
2019-02-27,1.306,1.306,0.0,1.0
2019-02-28,1.322,1.322,0.0,1.0
2019-03-01,1.348,1.348,0.0,1.0
2019-03-04,1.392,1.392,0.0,1.0
2019-03-05,1.445,1.445,0.0,1.0
2019-03-06,1.469,1.469,0.0,1.0
2019-03-07,1.459,1.459,0.0,1.0
2019-03-08,1.424,1.424,0.0,1.0
2019-03-11,1.55,1.55,0.0,1.0
2019-03-12,1.522,1.522,0.0,1.0
2019-03-13,1.458,1.458,0.0,1.0
2019-03-14,1.414,1.414,0.0,1.0
2019-03-15,1.43,1.43,0.0,1.0
2019-03-18,1.464,1.464,0.0,1.0
2019-03-19,1.467,1.467,0.0,1.0
2019-03-20,1.449,1.449,0.0,1.0
2019-03-21,1.47,1.47,0.0,1.0
2019-03-22,1.457,1.457,0.0,1.0
2019-03-25,1.434,1.434,0.0,1.0
2019-03-26,1.402,1.402,0.0,1.0
2019-03-27,1.405,1.405,0.0,1.0
2019-03-28,1.404,1.404,0.0,1.0
2019-03-29,1.454,1.454,0.0,1.0
2019-04-01,1.511,1.511,0.0,1.0
2019-04-02,1.509,1.509,0.0,1.0
2019-04-03,1.522,1.522,0.0,1.0
2019-04-04,1.53,1.53,0.0,1.0
2019-04-08,1.498,1.498,0.0,1.0
2019-04-09,1.496,1.496,0.0,1.0
2019-04-10,1.484,1.484,0.0,1.0
2019-04-11,1.456,1.456,0.0,1.0
2019-04-12,1.457,1.457,0.0,1.0
2019-04-15,1.436,1.436,0.0,1.0
2019-04-16,1.46,1.46,0.0,1.0
2019-04-17,1.478,1.478,0.0,1.0
2019-04-18,1.465,1.465,0.0,1.0
2019-04-19,1.475,1.475,0.0,1.0
2019-04-22,1.455,1.455,0.0,1.0
2019-04-23,1.447,1.447,0.0,1.0
2019-04-24,1.478,1.478,0.0,1.0
2019-04-25,1.438,1.438,0.0,1.0
2019-04-26,1.427,1.427,0.0,1.0
2019-04-29,1.389,1.389,0.0,1.0
2019-04-30,1.395,1.395,0.0,1.0
2019-05-06,1.285,1.285,0.0,1.0
2019-05-07,1.295,1.295,0.0,1.0
2019-05-08,1.273,1.273,0.0,1.0
2019-05-09,1.262,1.262,0.0,1.0
2019-05-10,1.321,1.321,0.0,1.0
2019-05-13,1.291,1.291,0.0,1.0
2019-05-14,1.286,1.286,0.0,1.0
2019-05-15,1.315,1.315,0.0,1.0
2019-05-16,1.318,1.318,0.0,1.0
2019-05-17,1.272,1.272,0.0,1.0
2019-05-20,1.262,1.262,0.0,1.0
2019-05-21,1.284,1.284,0.0,1.0
2019-05-22,1.281,1.281,0.0,1.0
2019-05-23,1.25,1.25,0.0,1.0
2019-05-24,1.242,1.242,0.0,1.0
2019-05-27,1.284,1.284,0.0,1.0
2019-05-28,1.281,1.281,0.0,1.0
2019-05-29,1.291,1.291,0.0,1.0
2019-05-30,1.275,1.275,0.0,1.0
2019-05-31,1.281,1.281,0.0,1.0
2019-06-03,1.267,1.267,0.0,1.0
2019-06-04,1.254,1.254,0.0,1.0
2019-06-05,1.25,1.25,0.0,1.0
2019-06-06,1.227,1.227,0.0,1.0
2019-06-10,1.233,1.233,0.0,1.0
2019-06-11,1.282,1.282,0.0,1.0
2019-06-12,1.27,1.27,0.0,1.0
2019-06-13,1.275,1.275,0.0,1.0
2019-06-14,1.256,1.256,0.0,1.0
2019-06-17,1.246,1.246,0.0,1.0
2019-06-18,1.257,1.257,0.0,1.0
2019-06-19,1.272,1.272,0.0,1.0
2019-06-20,1.294,1.294,0.0,1.0
2019-06-21,1.32,1.32,0.0,1.0
2019-06-24,1.308,1.308,0.0,1.0
2019-06-25,1.296,1.296,0.0,1.0
2019-06-26,1.301,1.301,0.0,1.0
2019-06-27,1.315,1.315,0.0,1.0
2019-06-28,1.306,1.306,0.0,1.0
2019-07-01,1.356,1.356,0.0,1.0
2019-07-02,1.357,1.357,0.0,1.0
2019-07-03,1.332,1.332,0.0,1.0
2019-07-04,1.323,1.323,0.0,1.0
2019-07-05,1.338,1.338,0.0,1.0
2019-07-08,1.303,1.303,0.0,1.0
2019-07-09,1.31,1.31,0.0,1.0
2019-07-10,1.304,1.304,0.0,1.0
2019-07-11,1.31,1.31,0.0,1.0
2019-07-12,1.313,1.313,0.0,1.0
2019-07-15,1.333,1.333,0.0,1.0
2019-07-16,1.335,1.335,0.0,1.0
2019-07-17,1.339,1.339,0.0,1.0
2019-07-18,1.32,1.32,0.0,1.0
2019-07-19,1.332,1.332,0.0,1.0
2019-07-22,1.311,1.311,0.0,1.0
2019-07-23,1.326,1.326,0.0,1.0
2019-07-24,1.341,1.341,0.0,1.0
2019-07-25,1.355,1.355,0.0,1.0
2019-07-26,1.352,1.352,0.0,1.0
2019-07-29,1.348,1.348,0.0,1.0
2019-07-30,1.365,1.365,0.0,1.0
2019-07-31,1.36,1.36,0.0,1.0
2019-08-01,1.363,1.363,0.0,1.0
2019-08-02,1.345,1.345,0.0,1.0
2019-08-05,1.328,1.328,0.0,1.0
2019-08-06,1.299,1.299,0.0,1.0
2019-08-07,1.298,1.298,0.0,1.0
2019-08-08,1.317,1.317,0.0,1.0
2019-08-09,1.305,1.305,0.0,1.0
2019-08-12,1.327,1.327,0.0,1.0
2019-08-13,1.315,1.315,0.0,1.0
2019-08-14,1.332,1.332,0.0,1.0
2019-08-15,1.343,1.343,0.0,1.0
2019-08-16,1.355,1.355,0.0,1.0
2019-08-19,1.398,1.398,0.0,1.0
2019-08-20,1.389,1.389,0.0,1.0
2019-08-21,1.387,1.387,0.0,1.0
2019-08-22,1.393,1.393,0.0,1.0
2019-08-23,1.394,1.394,0.0,1.0
2019-08-26,1.379,1.379,0.0,1.0
2019-08-27,1.41,1.41,0.0,1.0
2019-08-28,1.405,1.405,0.0,1.0
2019-08-29,1.398,1.398,0.0,1.0
2019-08-30,1.391,1.391,0.0,1.0
2019-09-02,1.426,1.426,0.0,1.0
2019-09-03,1.43,1.43,0.0,1.0
2019-09-04,1.44,1.44,0.0,1.0
2019-09-05,1.458,1.458,0.0,1.0
2019-09-06,1.457,1.457,0.0,1.0
2019-09-09,1.493,1.493,0.0,1.0
2019-09-10,1.487,1.487,0.0,1.0
2019-09-11,1.47,1.47,0.0,1.0
2019-09-12,1.477,1.477,0.0,1.0
2019-09-16,1.473,1.473,0.0,1.0
2019-09-17,1.446,1.446,0.0,1.0
2019-09-18,1.448,1.448,0.0,1.0
2019-09-19,1.473,1.473,0.0,1.0
2019-09-20,1.473,1.473,0.0,1.0
2019-09-23,1.452,1.452,0.0,1.0
2019-09-24,1.461,1.461,0.0,1.0
2019-09-25,1.446,1.446,0.0,1.0
2019-09-26,1.403,1.403,0.0,1.0
2019-09-27,1.419,1.419,0.0,1.0
2019-09-30,1.406,1.406,0.0,1.0
2019-10-08,1.396,1.396,0.0,1.0
2019-10-09,1.398,1.398,0.0,1.0
2019-10-10,1.433,1.433,0.0,1.0
2019-10-11,1.444,1.444,0.0,1.0
2019-10-14,1.446,1.446,0.0,1.0
2019-10-15,1.435,1.435,0.0,1.0
2019-10-16,1.429,1.429,0.0,1.0
2019-10-17,1.433,1.433,0.0,1.0
2019-10-18,1.424,1.424,0.0,1.0
2019-10-21,1.418,1.418,0.0,1.0
2019-10-22,1.435,1.435,0.0,1.0
2019-10-23,1.421,1.421,0.0,1.0
2019-10-24,1.428,1.428,0.0,1.0
2019-10-25,1.445,1.445,0.0,1.0
2019-10-28,1.471,1.471,0.0,1.0
2019-10-29,1.464,1.464,0.0,1.0
2019-10-30,1.453,1.453,0.0,1.0
2019-10-31,1.443,1.443,0.0,1.0
2019-11-01,1.456,1.456,0.0,1.0
2019-11-04,1.469,1.469,0.0,1.0
2019-11-05,1.475,1.475,0.0,1.0
2019-11-06,1.466,1.466,0.0,1.0
2019-11-07,1.477,1.477,0.0,1.0
2019-11-08,1.476,1.476,0.0,1.0
2019-11-11,1.443,1.443,0.0,1.0
2019-11-12,1.439,1.439,0.0,1.0
2019-11-13,1.444,1.444,0.0,1.0
2019-11-14,1.458,1.458,0.0,1.0
2019-11-15,1.452,1.452,0.0,1.0
2019-11-18,1.446,1.446,0.0,1.0
2019-11-19,1.485,1.485,0.0,1.0
2019-11-20,1.483,1.483,0.0,1.0
2019-11-21,1.476,1.476,0.0,1.0
2019-11-22,1.448,1.448,0.0,1.0
2019-11-25,1.43,1.43,0.0,1.0
2019-11-26,1.445,1.445,0.0,1.0
2019-11-27,1.44,1.44,0.0,1.0
2019-11-28,1.438,1.438,0.0,1.0
2019-11-29,1.432,1.432,0.0,1.0
2019-12-02,1.436,1.436,0.0,1.0
2019-12-03,1.439,1.439,0.0,1.0
2019-12-04,1.44,1.44,0.0,1.0
2019-12-05,1.473,1.473,0.0,1.0
2019-12-06,1.485,1.485,0.0,1.0
2019-12-09,1.48,1.48,0.0,1.0
2019-12-10,1.489,1.489,0.0,1.0
2019-12-11,1.478,1.478,0.0,1.0
2019-12-12,1.479,1.479,0.0,1.0
2019-12-13,1.514,1.514,0.0,1.0
2019-12-16,1.53,1.53,0.0,1.0
2019-12-17,1.551,1.551,0.0,1.0
2019-12-18,1.543,1.543,0.0,1.0
2019-12-19,1.54,1.54,0.0,1.0
2019-12-20,1.526,1.526,0.0,1.0
2019-12-23,1.492,1.492,0.0,1.0
2019-12-24,1.521,1.521,0.0,1.0
2019-12-25,1.527,1.527,0.0,1.0
2019-12-26,1.538,1.538,0.0,1.0
2019-12-27,1.52,1.52,0.0,1.0
2019-12-30,1.538,1.538,0.0,1.0
2019-12-31,1.544,1.544,0.0,1.0
2020-01-02,1.574,1.574,0.0,1.0
2020-01-03,1.581,1.581,0.0,1.0
2020-01-06,1.598,1.598,0.0,1.0
2020-01-07,1.617,1.617,0.0,1.0
2020-01-08,1.602,1.602,0.0,1.0
2020-01-09,1.642,1.642,0.0,1.0
2020-01-10,1.634,1.634,0.0,1.0
2020-01-13,1.659,1.659,0.0,1.0
2020-01-14,1.654,1.654,0.0,1.0
2020-01-15,1.649,1.649,0.0,1.0
2020-01-16,1.656,1.656,0.0,1.0
2020-01-17,1.661,1.661,0.0,1.0
2020-01-20,1.695,1.695,0.0,1.0
2020-01-21,1.691,1.691,0.0,1.0
2020-01-22,1.713,1.713,0.0,1.0
2020-01-23,1.656,1.656,0.0,1.0
2020-02-03,1.54,1.54,0.0,1.0
2020-02-04,1.614,1.614,0.0,1.0
2020-02-05,1.665,1.665,0.0,1.0
2020-02-06,1.72,1.72,0.0,1.0
2020-02-07,1.723,1.723,0.0,1.0
2020-02-10,1.749,1.749,0.0,1.0
2020-02-11,1.739,1.739,0.0,1.0
2020-02-12,1.789,1.789,0.0,1.0
2020-02-13,1.774,1.774,0.0,1.0
2020-02-14,1.769,1.769,0.0,1.0
2020-02-17,1.84,1.84,0.0,1.0
2020-02-18,1.856,1.856,0.0,1.0
2020-02-19,1.828,1.828,0.0,1.0
2020-02-20,1.87,1.87,0.0,1.0
2020-02-21,1.907,1.907,0.0,1.0
2020-02-24,1.933,1.933,0.0,1.0
2020-02-25,1.953,1.953,0.0,1.0
2020-02-26,1.867,1.867,0.0,1.0
2020-02-27,1.877,1.877,0.0,1.0
2020-02-28,1.775,1.775,0.0,1.0
2020-03-02,1.83,1.83,0.0,1.0
2020-03-03,1.855,1.855,0.0,1.0
2020-03-04,1.849,1.849,0.0,1.0
2020-03-05,1.885,1.885,0.0,1.0
2020-03-06,1.877,1.877,0.0,1.0
2020-03-09,1.79,1.79,0.0,1.0
2020-03-10,1.836,1.836,0.0,1.0
2020-03-11,1.799,1.799,0.0,1.0
2020-03-12,1.749,1.749,0.0,1.0
2020-03-13,1.737,1.737,0.0,1.0
2020-03-16,1.636,1.636,0.0,1.0
2020-03-17,1.642,1.642,0.0,1.0
2020-03-18,1.62,1.62,0.0,1.0
2020-03-19,1.617,1.617,0.0,1.0
2020-03-20,1.648,1.648,0.0,1.0
2020-03-23,1.558,1.558,0.0,1.0
2020-03-24,1.612,1.612,0.0,1.0
2020-03-25,1.663,1.663,0.0,1.0
2020-03-26,1.652,1.652,0.0,1.0
2020-03-27,1.631,1.631,0.0,1.0
2020-03-30,1.592,1.592,0.0,1.0
2020-03-31,1.602,1.602,0.0,1.0
2020-04-01,1.596,1.596,0.0,1.0
2020-04-02,1.642,1.642,0.0,1.0
2020-04-03,1.637,1.637,0.0,1.0
2020-04-07,1.685,1.685,0.0,1.0
2020-04-08,1.682,1.682,0.0,1.0
2020-04-09,1.71,1.71,0.0,1.0
2020-04-10,1.671,1.671,0.0,1.0
2020-04-13,1.648,1.648,0.0,1.0
2020-04-14,1.698,1.698,0.0,1.0
2020-04-15,1.694,1.694,0.0,1.0
2020-04-16,1.718,1.718,0.0,1.0
2020-04-17,1.729,1.729,0.0,1.0
2020-04-20,1.748,1.748,0.0,1.0
2020-04-21,1.733,1.733,0.0,1.0
2020-04-22,1.75,1.75,0.0,1.0
2020-04-23,1.74,1.74,0.0,1.0
2020-04-24,1.715,1.715,0.0,1.0
2020-04-27,1.731,1.731,0.0,1.0
2020-04-28,1.739,1.739,0.0,1.0
2020-04-29,1.739,1.739,0.0,1.0
2020-04-30,1.773,1.773,0.0,1.0
2020-05-06,1.806,1.806,0.0,1.0
2020-05-07,1.802,1.802,0.0,1.0
2020-05-08,1.819,1.819,0.0,1.0
2020-05-11,1.8,1.8,0.0,1.0
2020-05-12,1.82,1.82,0.0,1.0
2020-05-13,1.835,1.835,0.0,1.0
2020-05-14,1.812,1.812,0.0,1.0
2020-05-15,1.819,1.819,0.0,1.0
2020-05-18,1.815,1.815,0.0,1.0
2020-05-19,1.837,1.837,0.0,1.0
2020-05-20,1.814,1.814,0.0,1.0
2020-05-21,1.797,1.797,0.0,1.0
2020-05-22,1.755,1.755,0.0,1.0
2020-05-25,1.761,1.761,0.0,1.0
2020-05-26,1.811,1.811,0.0,1.0
2020-05-27,1.775,1.775,0.0,1.0
2020-05-28,1.766,1.766,0.0,1.0
2020-05-29,1.791,1.791,0.0,1.0
2020-06-01,1.854,1.854,0.0,1.0
2020-06-02,1.838,1.838,0.0,1.0
2020-06-03,1.839,1.839,0.0,1.0
2020-06-04,1.845,1.845,0.0,1.0
2020-06-05,1.858,1.858,0.0,1.0
2020-06-08,1.844,1.844,0.0,1.0
2020-06-09,1.866,1.866,0.0,1.0
2020-06-10,1.89,1.89,0.0,1.0
2020-06-11,1.887,1.887,0.0,1.0
2020-06-12,1.903,1.903,0.0,1.0
2020-06-15,1.909,1.909,0.0,1.0
2020-06-16,1.942,1.942,0.0,1.0
2020-06-17,1.949,1.949,0.0,1.0
2020-06-18,1.945,1.945,0.0,1.0
2020-06-19,1.993,1.993,0.0,1.0
2020-06-22,2.011,2.011,0.0,1.0
2020-06-23,2.047,2.047,0.0,1.0
2020-06-24,2.047,2.047,0.0,1.0
2020-06-29,2.038,2.038,0.0,1.0
2020-06-30,2.094,2.094,0.0,1.0
2020-07-01,2.079,2.079,0.0,1.0
2020-07-02,2.089,2.089,0.0,1.0
2020-07-03,2.119,2.119,0.0,1.0
2020-07-06,2.175,2.175,0.0,1.0
2020-07-07,2.239,2.239,0.0,1.0
2020-07-08,2.282,2.282,0.0,1.0
2020-07-09,2.372,2.372,0.0,1.0
2020-07-10,2.383,2.383,0.0,1.0
2020-07-13,2.478,2.478,0.0,1.0
2020-07-14,2.45,2.45,0.0,1.0
2020-07-15,2.412,2.412,0.0,1.0
2020-07-16,2.276,2.276,0.0,1.0
2020-07-17,2.288,2.288,0.0,1.0
2020-07-20,2.311,2.311,0.0,1.0
2020-07-21,2.35,2.35,0.0,1.0
2020-07-22,2.379,2.379,0.0,1.0
2020-07-23,2.4,2.4,0.0,1.0
2020-07-24,2.264,2.264,0.0,1.0
2020-07-27,2.26,2.26,0.0,1.0
2020-07-28,2.289,2.289,0.0,1.0
2020-07-29,2.379,2.379,0.0,1.0
2020-07-30,2.354,2.354,0.0,1.0
2020-07-31,2.404,2.404,0.0,1.0
2020-08-03,2.466,2.466,0.0,1.0
2020-08-04,2.431,2.431,0.0,1.0
2020-08-05,2.454,2.454,0.0,1.0
2020-08-06,2.416,2.416,0.0,1.0
2020-08-07,2.365,2.365,0.0,1.0
2020-08-10,2.349,2.349,0.0,1.0
2020-08-11,2.307,2.307,0.0,1.0
2020-08-12,2.264,2.264,0.0,1.0
2020-08-13,2.256,2.256,0.0,1.0
2020-08-14,2.29,2.29,0.0,1.0
2020-08-17,2.319,2.319,0.0,1.0
2020-08-18,2.32,2.32,0.0,1.0
2020-08-19,2.245,2.245,0.0,1.0
2020-08-20,2.225,2.225,0.0,1.0
2020-08-21,2.265,2.265,0.0,1.0
2020-08-24,2.319,2.319,0.0,1.0
2020-08-25,2.342,2.342,0.0,1.0
2020-08-26,2.303,2.303,0.0,1.0
2020-08-27,2.336,2.336,0.0,1.0
2020-08-28,2.391,2.391,0.0,1.0
2020-08-31,2.367,2.367,0.0,1.0
2020-09-01,2.385,2.385,0.0,1.0
2020-09-02,2.407,2.407,0.0,1.0
2020-09-03,2.385,2.385,0.0,1.0
2020-09-04,2.372,2.372,0.0,1.0
2020-09-07,2.298,2.298,0.0,1.0
2020-09-08,2.305,2.305,0.0,1.0
2020-09-09,2.196,2.196,0.0,1.0
2020-09-10,2.162,2.162,0.0,1.0
2020-09-11,2.205,2.205,0.0,1.0
2020-09-14,2.237,2.237,0.0,1.0
2020-09-15,2.254,2.254,0.0,1.0
2020-09-16,2.222,2.222,0.0,1.0
2020-09-17,2.23,2.23,0.0,1.0
2020-09-18,2.267,2.267,0.0,1.0
2020-09-21,2.241,2.241,0.0,1.0
2020-09-22,2.229,2.229,0.0,1.0
2020-09-23,2.267,2.267,0.0,1.0
2020-09-24,2.213,2.213,0.0,1.0
2020-09-25,2.218,2.218,0.0,1.0
2020-09-28,2.2,2.2,0.0,1.0
2020-09-29,2.238,2.238,0.0,1.0
2020-09-30,2.247,2.247,0.0,1.0
2020-10-09,2.33,2.33,0.0,1.0
2020-10-12,2.422,2.422,0.0,1.0
2020-10-13,2.431,2.431,0.0,1.0
2020-10-14,2.412,2.412,0.0,1.0
2020-10-15,2.389,2.389,0.0,1.0
2020-10-16,2.379,2.379,0.0,1.0
2020-10-19,2.348,2.348,0.0,1.0
2020-10-20,2.392,2.392,0.0,1.0
2020-10-21,2.359,2.359,0.0,1.0
2020-10-22,2.336,2.336,0.0,1.0
2020-10-23,2.279,2.279,0.0,1.0
2020-10-26,2.286,2.286,0.0,1.0
2020-10-27,2.314,2.314,0.0,1.0
2020-10-28,2.333,2.333,0.0,1.0
2020-10-29,2.364,2.364,0.0,1.0
2020-10-30,2.318,2.318,0.0,1.0
2020-11-02,2.363,2.363,0.0,1.0
2020-11-03,2.396,2.396,0.0,1.0
2020-11-04,2.402,2.402,0.0,1.0
2020-11-05,2.434,2.434,0.0,1.0
2020-11-06,2.388,2.388,0.0,1.0
2020-11-09,2.454,2.454,0.0,1.0
2020-11-10,2.422,2.422,0.0,1.0
2020-11-11,2.351,2.351,0.0,1.0
2020-11-12,2.361,2.361,0.0,1.0
2020-11-13,2.367,2.367,0.0,1.0
2020-11-16,2.365,2.365,0.0,1.0
2020-11-17,2.323,2.323,0.0,1.0
2020-11-18,2.296,2.296,0.0,1.0
2020-11-19,2.316,2.316,0.0,1.0
2020-11-20,2.335,2.335,0.0,1.0
2020-11-23,2.349,2.349,0.0,1.0
2020-11-24,2.338,2.338,0.0,1.0
2020-11-25,2.29,2.29,0.0,1.0
2020-11-26,2.282,2.282,0.0,1.0
2020-11-27,2.289,2.289,0.0,1.0
2020-11-30,2.299,2.299,0.0,1.0
2020-12-01,2.36,2.36,0.0,1.0
2020-12-02,2.345,2.345,0.0,1.0
2020-12-03,2.374,2.374,0.0,1.0
2020-12-04,2.389,2.389,0.0,1.0
2020-12-07,2.379,2.379,0.0,1.0
2020-12-08,2.402,2.402,0.0,1.0
2020-12-09,2.353,2.353,0.0,1.0
2020-12-10,2.377,2.377,0.0,1.0
2020-12-11,2.351,2.351,0.0,1.0
2020-12-14,2.388,2.388,0.0,1.0
2020-12-15,2.415,2.415,0.0,1.0
2020-12-16,2.412,2.412,0.0,1.0
2020-12-17,2.44,2.44,0.0,1.0
2020-12-18,2.435,2.435,0.0,1.0
2020-12-21,2.519,2.519,0.0,1.0
2020-12-22,2.46,2.46,0.0,1.0
2020-12-23,2.483,2.483,0.0,1.0
2020-12-24,2.467,2.467,0.0,1.0
2020-12-25,2.49,2.49,0.0,1.0
2020-12-28,2.489,2.489,0.0,1.0
2020-12-29,2.462,2.462,0.0,1.0
2020-12-30,2.538,2.538,0.0,1.0
2020-12-31,2.598,2.598,0.0,1.0
2021-01-04,2.688,2.688,0.0,1.0
2021-01-05,2.701,2.701,0.0,1.0
2021-01-06,2.723,2.723,0.0,1.0
2021-01-07,2.769,2.769,0.0,1.0
2021-01-08,2.748,2.748,0.0,1.0
2021-01-11,2.703,2.703,0.0,1.0
2021-01-12,2.783,2.783,0.0,1.0
2021-01-13,2.726,2.726,0.0,1.0
2021-01-14,2.705,2.705,0.0,1.0
2021-01-15,2.708,2.708,0.0,1.0
2021-01-18,2.754,2.754,0.0,1.0
2021-01-19,2.698,2.698,0.0,1.0
2021-01-20,2.807,2.807,0.0,1.0
2021-01-21,2.874,2.874,0.0,1.0
2021-01-22,2.942,2.942,0.0,1.0
2021-01-25,2.939,2.939,0.0,1.0
2021-01-26,2.852,2.852,0.0,1.0
2021-01-27,2.872,2.872,0.0,1.0
2021-01-28,2.769,2.769,0.0,1.0
2021-01-29,2.743,2.743,0.0,1.0
2021-02-01,2.774,2.774,0.0,1.0
2021-02-02,2.829,2.829,0.0,1.0
2021-02-03,2.827,2.827,0.0,1.0
2021-02-04,2.806,2.806,0.0,1.0
2021-02-05,2.802,2.802,0.0,1.0
2021-02-08,2.87,2.87,0.0,1.0
2021-02-09,2.925,2.925,0.0,1.0
2021-02-10,2.991,2.991,0.0,1.0
2021-02-18,2.906,2.906,0.0,1.0
2021-02-19,2.883,2.883,0.0,1.0
2021-02-22,2.758,2.758,0.0,1.0
2021-02-23,2.727,2.727,0.0,1.0
2021-02-24,2.643,2.643,0.0,1.0
2021-02-25,2.615,2.615,0.0,1.0
2021-02-26,2.564,2.564,0.0,1.0
2021-03-01,2.636,2.636,0.0,1.0
2021-03-02,2.601,2.601,0.0,1.0
2021-03-03,2.63,2.63,0.0,1.0
2021-03-04,2.508,2.508,0.0,1.0
2021-03-05,2.525,2.525,0.0,1.0
2021-03-08,2.399,2.399,0.0,1.0
2021-03-09,2.322,2.322,0.0,1.0
2021-03-10,2.351,2.351,0.0,1.0
2021-03-11,2.412,2.412,0.0,1.0
2021-03-12,2.425,2.425,0.0,1.0
2021-03-15,2.329,2.329,0.0,1.0
2021-03-16,2.345,2.345,0.0,1.0
2021-03-17,2.376,2.376,0.0,1.0
2021-03-18,2.422,2.422,0.0,1.0
2021-03-19,2.351,2.351,0.0,1.0
2021-03-22,2.375,2.375,0.0,1.0
2021-03-23,2.348,2.348,0.0,1.0
2021-03-24,2.315,2.315,0.0,1.0
2021-03-25,2.337,2.337,0.0,1.0
2021-03-26,2.416,2.416,0.0,1.0
2021-03-29,2.407,2.407,0.0,1.0
2021-03-30,2.44,2.44,0.0,1.0
2021-03-31,2.431,2.431,0.0,1.0
2021-04-01,2.474,2.474,0.0,1.0
2021-04-02,2.508,2.508,0.0,1.0
2021-04-06,2.496,2.496,0.0,1.0
2021-04-07,2.471,2.471,0.0,1.0
2021-04-08,2.489,2.489,0.0,1.0
2021-04-09,2.451,2.451,0.0,1.0
2021-04-12,2.399,2.399,0.0,1.0
2021-04-13,2.42,2.42,0.0,1.0
2021-04-14,2.473,2.473,0.0,1.0
2021-04-15,2.463,2.463,0.0,1.0
2021-04-16,2.458,2.458,0.0,1.0
2021-04-19,2.557,2.557,0.0,1.0
2021-04-20,2.548,2.548,0.0,1.0
2021-04-21,2.574,2.574,0.0,1.0
2021-04-22,2.59,2.59,0.0,1.0
2021-04-23,2.644,2.644,0.0,1.0
2021-04-26,2.621,2.621,0.0,1.0
2021-04-27,2.64,2.64,0.0,1.0
2021-04-28,2.697,2.697,0.0,1.0
2021-04-29,2.7,2.7,0.0,1.0
2021-04-30,2.732,2.732,0.0,1.0
2021-05-06,2.656,2.656,0.0,1.0
2021-05-07,2.574,2.574,0.0,1.0
2021-05-10,2.584,2.584,0.0,1.0
2021-05-11,2.584,2.584,0.0,1.0
2021-05-12,2.619,2.619,0.0,1.0
2021-05-13,2.602,2.602,0.0,1.0
2021-05-14,2.682,2.682,0.0,1.0
2021-05-17,2.751,2.751,0.0,1.0
2021-05-18,2.73,2.73,0.0,1.0
2021-05-19,2.753,2.753,0.0,1.0
2021-05-20,2.78,2.78,0.0,1.0
2021-05-21,2.755,2.755,0.0,1.0
2021-05-24,2.777,2.777,0.0,1.0
2021-05-25,2.853,2.853,0.0,1.0
2021-05-26,2.826,2.826,0.0,1.0
2021-05-27,2.852,2.852,0.0,1.0
2021-05-28,2.86,2.86,0.0,1.0
2021-05-31,2.921,2.921,0.0,1.0
2021-06-01,2.919,2.919,0.0,1.0
2021-06-02,2.869,2.869,0.0,1.0
2021-06-03,2.835,2.835,0.0,1.0
2021-06-04,2.869,2.869,0.0,1.0
2021-06-07,2.861,2.861,0.0,1.0
2021-06-08,2.842,2.842,0.0,1.0
2021-06-09,2.845,2.845,0.0,1.0
2021-06-10,2.913,2.913,0.0,1.0
2021-06-11,2.926,2.926,0.0,1.0
2021-06-15,2.895,2.895,0.0,1.0
2021-06-16,2.772,2.772,0.0,1.0
2021-06-17,2.829,2.829,0.0,1.0
2021-06-18,2.876,2.876,0.0,1.0
2021-06-21,2.899,2.899,0.0,1.0
2021-06-22,2.913,2.913,0.0,1.0
2021-06-23,2.945,2.945,0.0,1.0
2021-06-24,2.905,2.905,0.0,1.0
2021-06-25,2.972,2.972,0.0,1.0
2021-06-28,3.03,3.03,0.0,1.0
2021-06-29,3.021,3.021,0.0,1.0
2021-06-30,3.085,3.085,0.0,1.0
2021-07-01,3.067,3.067,0.0,1.0
2021-07-02,2.956,2.956,0.0,1.0
2021-07-05,2.975,2.975,0.0,1.0
2021-07-06,2.93,2.93,0.0,1.0
2021-07-07,3.024,3.024,0.0,1.0
2021-07-08,3.051,3.051,0.0,1.0
2021-07-09,3.028,3.028,0.0,1.0
2021-07-12,3.14,3.14,0.0,1.0
2021-07-13,3.12,3.12,0.0,1.0
2021-07-14,3.1,3.1,0.0,1.0
2021-07-15,3.139,3.139,0.0,1.0
2021-07-16,3.048,3.048,0.0,1.0
2021-07-19,3.066,3.066,0.0,1.0
2021-07-20,3.078,3.078,0.0,1.0
2021-07-21,3.163,3.163,0.0,1.0
2021-07-22,3.151,3.151,0.0,1.0
2021-07-23,3.09,3.09,0.0,1.0
2021-07-26,2.998,2.998,0.0,1.0
2021-07-27,2.918,2.918,0.0,1.0
2021-07-28,2.92,2.92,0.0,1.0
2021-07-29,3.08,3.08,0.0,1.0
2021-07-30,3.058,3.058,0.0,1.0
2021-08-02,3.106,3.106,0.0,1.0
2021-08-03,3.089,3.089,0.0,1.0
2021-08-04,3.168,3.168,0.0,1.0
2021-08-05,3.145,3.145,0.0,1.0
2021-08-06,3.11,3.11,0.0,1.0
2021-08-09,3.073,3.073,0.0,1.0
2021-08-10,3.09,3.09,0.0,1.0
2021-08-11,3.063,3.063,0.0,1.0
2021-08-12,3.023,3.023,0.0,1.0
2021-08-13,2.987,2.987,0.0,1.0
2021-08-16,2.95,2.95,0.0,1.0
2021-08-17,2.878,2.878,0.0,1.0
2021-08-18,2.905,2.905,0.0,1.0
2021-08-19,2.922,2.922,0.0,1.0
2021-08-20,2.847,2.847,0.0,1.0
2021-08-23,2.942,2.942,0.0,1.0
2021-08-24,2.974,2.974,0.0,1.0
2021-08-25,2.986,2.986,0.0,1.0
2021-08-26,2.911,2.911,0.0,1.0
2021-08-27,2.913,2.913,0.0,1.0
2021-08-30,2.922,2.922,0.0,1.0
2021-08-31,2.866,2.866,0.0,1.0
2021-09-01,2.853,2.853,0.0,1.0
2021-09-02,2.808,2.808,0.0,1.0
2021-09-03,2.778,2.778,0.0,1.0
2021-09-06,2.887,2.887,0.0,1.0
2021-09-07,2.899,2.899,0.0,1.0
2021-09-08,2.873,2.873,0.0,1.0
2021-09-09,2.878,2.878,0.0,1.0
2021-09-10,2.89,2.89,0.0,1.0
2021-09-13,2.854,2.854,0.0,1.0
2021-09-14,2.893,2.893,0.0,1.0
2021-09-15,2.86,2.86,0.0,1.0
2021-09-16,2.798,2.798,0.0,1.0
2021-09-17,2.858,2.858,0.0,1.0
2021-09-22,2.833,2.833,0.0,1.0
2021-09-23,2.847,2.847,0.0,1.0
2021-09-24,2.868,2.868,0.0,1.0
2021-09-27,2.888,2.888,0.0,1.0
2021-09-28,2.87,2.87,0.0,1.0
2021-09-29,2.839,2.839,0.0,1.0
2021-09-30,2.902,2.902,0.0,1.0
2021-10-08,2.899,2.899,0.0,1.0
2021-10-11,2.858,2.858,0.0,1.0
2021-10-12,2.802,2.802,0.0,1.0
2021-10-13,2.867,2.867,0.0,1.0
2021-10-14,2.87,2.87,0.0,1.0
2021-10-15,2.928,2.928,0.0,1.0
2021-10-18,2.925,2.925,0.0,1.0
2021-10-19,2.943,2.943,0.0,1.0
2021-10-20,2.933,2.933,0.0,1.0
2021-10-21,2.926,2.926,0.0,1.0
2021-10-22,2.94,2.94,0.0,1.0
2021-10-25,2.982,2.982,0.0,1.0
2021-10-26,2.971,2.971,0.0,1.0
2021-10-27,2.954,2.954,0.0,1.0
2021-10-28,2.928,2.928,0.0,1.0
2021-10-29,2.997,2.997,0.0,1.0
2021-11-01,2.976,2.976,0.0,1.0
2021-11-02,2.982,2.982,0.0,1.0
2021-11-03,2.971,2.971,0.0,1.0
2021-11-04,3.002,3.002,0.0,1.0
2021-11-05,2.995,2.995,0.0,1.0
2021-11-08,3.018,3.018,0.0,1.0
2021-11-09,3.044,3.044,0.0,1.0
2021-11-10,3.035,3.035,0.0,1.0
2021-11-11,3.068,3.068,0.0,1.0
2021-11-12,3.062,3.062,0.0,1.0
2021-11-15,3.035,3.035,0.0,1.0
2021-11-16,3.029,3.029,0.0,1.0
2021-11-17,3.056,3.056,0.0,1.0
2021-11-18,3.019,3.019,0.0,1.0
2021-11-19,3.051,3.051,0.0,1.0
2021-11-22,3.128,3.128,0.0,1.0
2021-11-23,3.117,3.117,0.0,1.0
2021-11-24,3.1,3.1,0.0,1.0
2021-11-25,3.112,3.112,0.0,1.0
2021-11-26,3.103,3.103,0.0,1.0
2021-11-29,3.129,3.129,0.0,1.0
2021-11-30,3.123,3.123,0.0,1.0
2021-12-01,3.105,3.105,0.0,1.0
2021-12-02,3.102,3.102,0.0,1.0
2021-12-03,3.109,3.109,0.0,1.0
2021-12-06,3.043,3.043,0.0,1.0
2021-12-07,3.013,3.013,0.0,1.0
2021-12-08,3.063,3.063,0.0,1.0
2021-12-09,3.087,3.087,0.0,1.0
2021-12-10,3.109,3.109,0.0,1.0
2021-12-13,3.133,3.133,0.0,1.0
2021-12-14,3.126,3.126,0.0,1.0
2021-12-15,3.102,3.102,0.0,1.0
2021-12-16,3.12,3.12,0.0,1.0
2021-12-17,3.073,3.073,0.0,1.0
2021-12-20,2.984,2.984,0.0,1.0
2021-12-21,2.998,2.998,0.0,1.0
2021-12-22,3.016,3.016,0.0,1.0
2021-12-23,3.021,3.021,0.0,1.0
2021-12-24,2.957,2.957,0.0,1.0
2021-12-27,2.947,2.947,0.0,1.0
2021-12-28,2.983,2.983,0.0,1.0
2021-12-29,2.942,2.942,0.0,1.0
2021-12-30,2.977,2.977,0.0,1.0
2021-12-31,2.977,2.977,0.0,1.0
2022-01-04,2.921,2.921,0.0,1.0
2022-01-05,2.843,2.843,0.0,1.0
2022-01-06,2.805,2.805,0.0,1.0
2022-01-07,2.775,2.775,0.0,1.0
2022-01-10,2.774,2.774,0.0,1.0
2022-01-11,2.75,2.75,0.0,1.0
2022-01-12,2.818,2.818,0.0,1.0
2022-01-13,2.767,2.767,0.0,1.0
2022-01-14,2.793,2.793,0.0,1.0
2022-01-17,2.845,2.845,0.0,1.0
2022-01-18,2.822,2.822,0.0,1.0
2022-01-19,2.765,2.765,0.0,1.0
2022-01-20,2.758,2.758,0.0,1.0
2022-01-21,2.727,2.727,0.0,1.0
2022-01-24,2.739,2.739,0.0,1.0
2022-01-25,2.674,2.674,0.0,1.0
2022-01-26,2.693,2.693,0.0,1.0
2022-01-27,2.61,2.61,0.0,1.0
2022-01-28,2.614,2.614,0.0,1.0
2022-02-07,2.621,2.621,0.0,1.0
2022-02-08,2.553,2.553,0.0,1.0
2022-02-09,2.591,2.591,0.0,1.0
2022-02-10,2.543,2.543,0.0,1.0
2022-02-11,2.468,2.468,0.0,1.0
2022-02-14,2.455,2.455,0.0,1.0
2022-02-15,2.526,2.526,0.0,1.0
2022-02-16,2.529,2.529,0.0,1.0
2022-02-17,2.547,2.547,0.0,1.0
2022-02-18,2.538,2.538,0.0,1.0
2022-02-21,2.518,2.518,0.0,1.0
2022-02-22,2.482,2.482,0.0,1.0
2022-02-23,2.551,2.551,0.0,1.0
2022-02-24,2.499,2.499,0.0,1.0
2022-02-25,2.564,2.564,0.0,1.0
2022-02-28,2.581,2.581,0.0,1.0
2022-03-01,2.59,2.59,0.0,1.0
2022-03-02,2.543,2.543,0.0,1.0
2022-03-03,2.508,2.508,0.0,1.0
2022-03-04,2.467,2.467,0.0,1.0
2022-03-07,2.369,2.369,0.0,1.0
2022-03-08,2.323,2.323,0.0,1.0
2022-03-09,2.333,2.333,0.0,1.0
2022-03-10,2.366,2.366,0.0,1.0
2022-03-11,2.4,2.4,0.0,1.0
2022-03-14,2.326,2.326,0.0,1.0
2022-03-15,2.256,2.256,0.0,1.0
2022-03-16,2.372,2.372,0.0,1.0
2022-03-17,2.437,2.437,0.0,1.0
2022-03-18,2.447,2.447,0.0,1.0
2022-03-21,2.448,2.448,0.0,1.0
2022-03-22,2.414,2.414,0.0,1.0
2022-03-23,2.441,2.441,0.0,1.0
2022-03-24,2.433,2.433,0.0,1.0
2022-03-25,2.376,2.376,0.0,1.0
2022-03-28,2.334,2.334,0.0,1.0
2022-03-29,2.332,2.332,0.0,1.0
2022-03-30,2.422,2.422,0.0,1.0
2022-03-31,2.392,2.392,0.0,1.0
2022-04-01,2.396,2.396,0.0,1.0
2022-04-06,2.366,2.366,0.0,1.0
2022-04-07,2.318,2.318,0.0,1.0
2022-04-08,2.313,2.313,0.0,1.0
2022-04-11,2.232,2.232,0.0,1.0
2022-04-12,2.263,2.263,0.0,1.0
2022-04-13,2.224,2.224,0.0,1.0
2022-04-14,2.219,2.219,0.0,1.0
2022-04-15,2.216,2.216,0.0,1.0
2022-04-18,2.236,2.236,0.0,1.0
2022-04-19,2.205,2.205,0.0,1.0
2022-04-20,2.131,2.131,0.0,1.0
2022-04-21,2.085,2.085,0.0,1.0
2022-04-22,2.072,2.072,0.0,1.0
2022-04-25,1.959,1.959,0.0,1.0
2022-04-26,1.941,1.941,0.0,1.0
2022-04-27,2.045,2.045,0.0,1.0
2022-04-28,2.006,2.006,0.0,1.0
2022-04-29,2.088,2.088,0.0,1.0
2022-05-05,2.063,2.063,0.0,1.0
2022-05-06,2.022,2.022,0.0,1.0
2022-05-09,2.008,2.008,0.0,1.0
2022-05-10,2.051,2.051,0.0,1.0
2022-05-11,2.114,2.114,0.0,1.0
2022-05-12,2.119,2.119,0.0,1.0
2022-05-13,2.126,2.126,0.0,1.0
2022-05-16,2.102,2.102,0.0,1.0
2022-05-17,2.134,2.134,0.0,1.0
2022-05-18,2.131,2.131,0.0,1.0
2022-05-19,2.139,2.139,0.0,1.0
2022-05-20,2.177,2.177,0.0,1.0
2022-05-23,2.17,2.17,0.0,1.0
2022-05-24,2.088,2.088,0.0,1.0
2022-05-25,2.092,2.092,0.0,1.0
2022-05-26,2.091,2.091,0.0,1.0
2022-05-27,2.097,2.097,0.0,1.0
2022-05-30,2.119,2.119,0.0,1.0
2022-05-31,2.167,2.167,0.0,1.0
2022-06-01,2.187,2.187,0.0,1.0
2022-06-02,2.218,2.218,0.0,1.0
2022-06-06,2.302,2.302,0.0,1.0
2022-06-07,2.299,2.299,0.0,1.0
2022-06-08,2.317,2.317,0.0,1.0
2022-06-09,2.252,2.252,0.0,1.0
2022-06-10,2.302,2.302,0.0,1.0
2022-06-13,2.295,2.295,0.0,1.0
2022-06-14,2.296,2.296,0.0,1.0
2022-06-15,2.321,2.321,0.0,1.0
2022-06-16,2.333,2.333,0.0,1.0
2022-06-17,2.402,2.402,0.0,1.0
2022-06-20,2.445,2.445,0.0,1.0
2022-06-21,2.428,2.428,0.0,1.0
2022-06-22,2.416,2.416,0.0,1.0
2022-06-23,2.482,2.482,0.0,1.0
2022-06-24,2.542,2.542,0.0,1.0
2022-06-27,2.549,2.549,0.0,1.0
2022-06-28,2.56,2.56,0.0,1.0
2022-06-29,2.495,2.495,0.0,1.0
2022-06-30,2.535,2.535,0.0,1.0
2022-07-01,2.511,2.511,0.0,1.0
2022-07-04,2.554,2.554,0.0,1.0
2022-07-05,2.549,2.549,0.0,1.0
2022-07-06,2.53,2.53,0.0,1.0
2022-07-07,2.568,2.568,0.0,1.0
2022-07-08,2.537,2.537,0.0,1.0
2022-07-11,2.503,2.503,0.0,1.0
2022-07-12,2.44,2.44,0.0,1.0
2022-07-13,2.478,2.478,0.0,1.0
2022-07-14,2.54,2.54,0.0,1.0
2022-07-15,2.495,2.495,0.0,1.0
2022-07-18,2.526,2.526,0.0,1.0
2022-07-19,2.487,2.487,0.0,1.0
2022-07-20,2.496,2.496,0.0,1.0
2022-07-21,2.485,2.485,0.0,1.0
2022-07-22,2.47,2.47,0.0,1.0
2022-07-25,2.443,2.443,0.0,1.0
2022-07-26,2.445,2.445,0.0,1.0
2022-07-27,2.448,2.448,0.0,1.0
2022-07-28,2.441,2.441,0.0,1.0
2022-07-29,2.411,2.411,0.0,1.0
2022-08-01,2.469,2.469,0.0,1.0
2022-08-02,2.422,2.422,0.0,1.0
2022-08-03,2.373,2.373,0.0,1.0
2022-08-04,2.389,2.389,0.0,1.0
2022-08-05,2.425,2.425,0.0,1.0
2022-08-08,2.419,2.419,0.0,1.0
2022-08-09,2.434,2.434,0.0,1.0
2022-08-10,2.402,2.402,0.0,1.0
2022-08-11,2.46,2.46,0.0,1.0
2022-08-12,2.432,2.432,0.0,1.0
2022-08-15,2.455,2.455,0.0,1.0
2022-08-16,2.466,2.466,0.0,1.0
2022-08-17,2.507,2.507,0.0,1.0
2022-08-18,2.509,2.509,0.0,1.0
2022-08-19,2.473,2.473,0.0,1.0
2022-08-22,2.509,2.509,0.0,1.0
2022-08-23,2.508,2.508,0.0,1.0
2022-08-24,2.427,2.427,0.0,1.0
2022-08-25,2.413,2.413,0.0,1.0
2022-08-26,2.388,2.388,0.0,1.0
2022-08-29,2.374,2.374,0.0,1.0
2022-08-30,2.362,2.362,0.0,1.0
2022-08-31,2.318,2.318,0.0,1.0
2022-09-01,2.29,2.29,0.0,1.0
2022-09-02,2.296,2.296,0.0,1.0
2022-09-05,2.295,2.295,0.0,1.0
2022-09-06,2.301,2.301,0.0,1.0
2022-09-07,2.323,2.323,0.0,1.0
2022-09-08,2.281,2.281,0.0,1.0
2022-09-09,2.303,2.303,0.0,1.0
2022-09-13,2.304,2.304,0.0,1.0
2022-09-14,2.263,2.263,0.0,1.0
2022-09-15,2.201,2.201,0.0,1.0
2022-09-16,2.147,2.147,0.0,1.0
2022-09-19,2.126,2.126,0.0,1.0
2022-09-20,2.143,2.143,0.0,1.0
2022-09-21,2.11,2.11,0.0,1.0
2022-09-22,2.102,2.102,0.0,1.0
2022-09-23,2.084,2.084,0.0,1.0
2022-09-26,2.1,2.1,0.0,1.0
2022-09-27,2.144,2.144,0.0,1.0
2022-09-28,2.096,2.096,0.0,1.0
2022-09-29,2.113,2.113,0.0,1.0
2022-09-30,2.073,2.073,0.0,1.0
2022-10-10,2.028,2.028,0.0,1.0
2022-10-11,2.047,2.047,0.0,1.0
2022-10-12,2.118,2.118,0.0,1.0
2022-10-13,2.126,2.126,0.0,1.0
2022-10-14,2.2,2.2,0.0,1.0
2022-10-17,2.2,2.2,0.0,1.0
2022-10-18,2.21,2.21,0.0,1.0
2022-10-19,2.191,2.191,0.0,1.0
2022-10-20,2.172,2.172,0.0,1.0
2022-10-21,2.162,2.162,0.0,1.0
2022-10-24,2.115,2.115,0.0,1.0
2022-10-25,2.099,2.099,0.0,1.0
2022-10-26,2.145,2.145,0.0,1.0
2022-10-27,2.116,2.116,0.0,1.0
2022-10-28,2.039,2.039,0.0,1.0
2022-10-31,2.047,2.047,0.0,1.0
2022-11-01,2.116,2.116,0.0,1.0
2022-11-02,2.147,2.147,0.0,1.0
2022-11-03,2.15,2.15,0.0,1.0
2022-11-04,2.214,2.214,0.0,1.0
2022-11-07,2.218,2.218,0.0,1.0
2022-11-08,2.195,2.195,0.0,1.0
2022-11-09,2.166,2.166,0.0,1.0
2022-11-10,2.133,2.133,0.0,1.0
2022-11-11,2.172,2.172,0.0,1.0
2022-11-14,2.144,2.144,0.0,1.0
2022-11-15,2.2,2.2,0.0,1.0
2022-11-16,2.173,2.173,0.0,1.0
2022-11-17,2.157,2.157,0.0,1.0
2022-11-18,2.158,2.158,0.0,1.0
2022-11-21,2.159,2.159,0.0,1.0
2022-11-22,2.117,2.117,0.0,1.0
2022-11-23,2.118,2.118,0.0,1.0
2022-11-24,2.112,2.112,0.0,1.0
2022-11-25,2.089,2.089,0.0,1.0
2022-11-28,2.079,2.079,0.0,1.0
2022-11-29,2.113,2.113,0.0,1.0
2022-11-30,2.109,2.109,0.0,1.0
2022-12-01,2.152,2.152,0.0,1.0
2022-12-02,2.155,2.155,0.0,1.0
2022-12-05,2.154,2.154,0.0,1.0
2022-12-06,2.165,2.165,0.0,1.0
2022-12-07,2.181,2.181,0.0,1.0
2022-12-08,2.178,2.178,0.0,1.0
2022-12-09,2.183,2.183,0.0,1.0
2022-12-12,2.171,2.171,0.0,1.0
2022-12-13,2.15,2.15,0.0,1.0
2022-12-14,2.143,2.143,0.0,1.0
2022-12-15,2.167,2.167,0.0,1.0
2022-12-16,2.144,2.144,0.0,1.0
2022-12-19,2.123,2.123,0.0,1.0
2022-12-20,2.093,2.093,0.0,1.0
2022-12-21,2.085,2.085,0.0,1.0
2022-12-22,2.08,2.08,0.0,1.0
2022-12-23,2.068,2.068,0.0,1.0
2022-12-26,2.107,2.107,0.0,1.0
2022-12-27,2.135,2.135,0.0,1.0
2022-12-28,2.118,2.118,0.0,1.0
2022-12-29,2.121,2.121,0.0,1.0
2022-12-30,2.124,2.124,0.0,1.0
2023-01-03,2.13,2.13,0.0,1.0
2023-01-04,2.111,2.111,0.0,1.0
2023-01-05,2.17,2.17,0.0,1.0
2023-01-06,2.188,2.188,0.0,1.0
2023-01-09,2.206,2.206,0.0,1.0
2023-01-10,2.235,2.235,0.0,1.0
2023-01-11,2.212,2.212,0.0,1.0
2023-01-12,2.219,2.219,0.0,1.0
2023-01-13,2.245,2.245,0.0,1.0
2023-01-16,2.291,2.291,0.0,1.0
2023-01-17,2.3,2.3,0.0,1.0
2023-01-18,2.294,2.294,0.0,1.0
2023-01-19,2.319,2.319,0.0,1.0
2023-01-20,2.335,2.335,0.0,1.0
2023-01-30,2.36,2.36,0.0,1.0
2023-01-31,2.331,2.331,0.0,1.0
2023-02-01,2.36,2.36,0.0,1.0
2023-02-02,2.352,2.352,0.0,1.0
2023-02-03,2.332,2.332,0.0,1.0
2023-02-06,2.296,2.296,0.0,1.0
2023-02-07,2.295,2.295,0.0,1.0
2023-02-08,2.281,2.281,0.0,1.0
2023-02-09,2.319,2.319,0.0,1.0
2023-02-10,2.3,2.3,0.0,1.0
2023-02-13,2.32,2.32,0.0,1.0
2023-02-14,2.314,2.314,0.0,1.0
2023-02-15,2.296,2.296,0.0,1.0
2023-02-16,2.269,2.269,0.0,1.0
2023-02-17,2.215,2.215,0.0,1.0
2023-02-20,2.238,2.238,0.0,1.0
2023-02-21,2.231,2.231,0.0,1.0
2023-02-22,2.217,2.217,0.0,1.0
2023-02-23,2.222,2.222,0.0,1.0
2023-02-24,2.195,2.195,0.0,1.0
2023-02-27,2.178,2.178,0.0,1.0
2023-02-28,2.196,2.196,0.0,1.0
2023-03-01,2.209,2.209,0.0,1.0
2023-03-02,2.185,2.185,0.0,1.0
2023-03-03,2.192,2.192,0.0,1.0
2023-03-06,2.195,2.195,0.0,1.0
2023-03-07,2.156,2.156,0.0,1.0
2023-03-08,2.148,2.148,0.0,1.0
2023-03-09,2.144,2.144,0.0,1.0
2023-03-10,2.142,2.142,0.0,1.0
2023-03-13,2.13,2.13,0.0,1.0
2023-03-14,2.121,2.121,0.0,1.0
2023-03-15,2.113,2.113,0.0,1.0
2023-03-16,2.084,2.084,0.0,1.0
2023-03-17,2.079,2.079,0.0,1.0
2023-03-20,2.086,2.086,0.0,1.0
2023-03-21,2.112,2.112,0.0,1.0
2023-03-22,2.12,2.12,0.0,1.0
2023-03-23,2.128,2.128,0.0,1.0
2023-03-24,2.137,2.137,0.0,1.0
2023-03-27,2.163,2.163,0.0,1.0
2023-03-28,2.144,2.144,0.0,1.0
2023-03-29,2.144,2.144,0.0,1.0
2023-03-30,2.155,2.155,0.0,1.0
2023-03-31,2.163,2.163,0.0,1.0
2023-04-03,2.2,2.2,0.0,1.0
2023-04-04,2.188,2.188,0.0,1.0
2023-04-06,2.187,2.187,0.0,1.0
2023-04-07,2.21,2.21,0.0,1.0
2023-04-10,2.206,2.206,0.0,1.0
2023-04-11,2.196,2.196,0.0,1.0
2023-04-12,2.192,2.192,0.0,1.0
2023-04-13,2.175,2.175,0.0,1.0
2023-04-14,2.192,2.192,0.0,1.0
2023-04-17,2.198,2.198,0.0,1.0
2023-04-18,2.191,2.191,0.0,1.0
2023-04-19,2.184,2.184,0.0,1.0
2023-04-20,2.16,2.16,0.0,1.0
2023-04-21,2.113,2.113,0.0,1.0
2023-04-24,2.076,2.076,0.0,1.0
2023-04-25,2.046,2.046,0.0,1.0
2023-04-26,2.076,2.076,0.0,1.0
2023-04-27,2.088,2.088,0.0,1.0
2023-04-28,2.106,2.106,0.0,1.0
2023-05-04,2.08,2.08,0.0,1.0
2023-05-05,2.054,2.054,0.0,1.0
2023-05-08,2.061,2.061,0.0,1.0
2023-05-09,2.034,2.034,0.0,1.0
2023-05-10,2.047,2.047,0.0,1.0
2023-05-11,2.062,2.062,0.0,1.0
2023-05-12,2.043,2.043,0.0,1.0
2023-05-15,2.082,2.082,0.0,1.0
2023-05-16,2.078,2.078,0.0,1.0
2023-05-17,2.074,2.074,0.0,1.0
2023-05-18,2.064,2.064,0.0,1.0
2023-05-19,2.062,2.062,0.0,1.0
2023-05-22,2.063,2.063,0.0,1.0
2023-05-23,2.043,2.043,0.0,1.0
2023-05-24,2.036,2.036,0.0,1.0
2023-05-25,2.036,2.036,0.0,1.0
2023-05-26,2.022,2.022,0.0,1.0
2023-05-29,1.997,1.997,0.0,1.0
2023-05-30,2.01,2.01,0.0,1.0
2023-05-31,1.994,1.994,0.0,1.0
2023-06-01,2.004,2.004,0.0,1.0
2023-06-02,2.028,2.028,0.0,1.0
2023-06-05,2.001,2.001,0.0,1.0
2023-06-06,1.97,1.97,0.0,1.0
2023-06-07,1.933,1.933,0.0,1.0
2023-06-08,1.933,1.933,0.0,1.0
2023-06-09,1.944,1.944,0.0,1.0
2023-06-12,1.956,1.956,0.0,1.0
2023-06-13,1.967,1.967,0.0,1.0
2023-06-14,1.965,1.965,0.0,1.0
2023-06-15,2.03,2.03,0.0,1.0
2023-06-16,2.057,2.057,0.0,1.0
2023-06-19,2.057,2.057,0.0,1.0
2023-06-20,2.062,2.062,0.0,1.0
2023-06-21,2.013,2.013,0.0,1.0
2023-06-26,1.99,1.99,0.0,1.0
2023-06-27,1.994,1.994,0.0,1.0
2023-06-28,1.98,1.98,0.0,1.0
2023-06-29,1.982,1.982,0.0,1.0
2023-06-30,2.015,2.015,0.0,1.0
2023-07-03,2.025,2.025,0.0,1.0
2023-07-04,2.025,2.025,0.0,1.0
2023-07-05,2.01,2.01,0.0,1.0
2023-07-06,1.995,1.995,0.0,1.0
2023-07-07,1.97,1.97,0.0,1.0
2023-07-10,1.997,1.997,0.0,1.0
2023-07-11,2.01,2.01,0.0,1.0
2023-07-12,1.993,1.993,0.0,1.0
2023-07-13,2.031,2.031,0.0,1.0
2023-07-14,2.019,2.019,0.0,1.0
2023-07-17,2.005,2.005,0.0,1.0
2023-07-18,2.002,2.002,0.0,1.0
2023-07-19,1.981,1.981,0.0,1.0
2023-07-20,1.962,1.962,0.0,1.0
2023-07-21,1.971,1.971,0.0,1.0
2023-07-24,1.955,1.955,0.0,1.0
2023-07-25,1.99,1.99,0.0,1.0
2023-07-26,1.99,1.99,0.0,1.0
2023-07-27,1.986,1.986,0.0,1.0
2023-07-28,2.013,2.013,0.0,1.0
2023-07-31,2.03,2.03,0.0,1.0
2023-08-01,2.016,2.016,0.0,1.0
2023-08-02,2.015,2.015,0.0,1.0
2023-08-03,2.036,2.036,0.0,1.0
2023-08-04,2.053,2.053,0.0,1.0
2023-08-07,2.035,2.035,0.0,1.0
2023-08-08,2.026,2.026,0.0,1.0
2023-08-09,2.023,2.023,0.0,1.0
2023-08-10,2.032,2.032,0.0,1.0
2023-08-11,1.992,1.992,0.0,1.0
2023-08-14,1.968,1.968,0.0,1.0
2023-08-15,1.954,1.954,0.0,1.0
2023-08-16,1.945,1.945,0.0,1.0
2023-08-17,1.952,1.952,0.0,1.0
2023-08-18,1.931,1.931,0.0,1.0
2023-08-21,1.902,1.902,0.0,1.0
2023-08-22,1.904,1.904,0.0,1.0
2023-08-23,1.856,1.856,0.0,1.0
2023-08-24,1.882,1.882,0.0,1.0
2023-08-25,1.859,1.859,0.0,1.0
2023-08-28,1.879,1.879,0.0,1.0
2023-08-29,1.928,1.928,0.0,1.0
2023-08-30,1.928,1.928,0.0,1.0
2023-08-31,1.914,1.914,0.0,1.0
2023-09-01,1.912,1.912,0.0,1.0
2023-09-04,1.925,1.925,0.0,1.0
2023-09-05,1.919,1.919,0.0,1.0
2023-09-06,1.914,1.914,0.0,1.0
2023-09-07,1.876,1.876,0.0,1.0
2023-09-08,1.87,1.87,0.0,1.0
2023-09-11,1.878,1.878,0.0,1.0
2023-09-12,1.87,1.87,0.0,1.0
2023-09-13,1.846,1.846,0.0,1.0
2023-09-14,1.83,1.83,0.0,1.0
2023-09-15,1.822,1.822,0.0,1.0
2023-09-18,1.837,1.837,0.0,1.0
2023-09-19,1.82,1.82,0.0,1.0
2023-09-20,1.808,1.808,0.0,1.0
2023-09-21,1.79,1.79,0.0,1.0
2023-09-22,1.829,1.829,0.0,1.0
2023-09-25,1.824,1.824,0.0,1.0
2023-09-26,1.811,1.811,0.0,1.0
2023-09-27,1.827,1.827,0.0,1.0
2023-09-28,1.826,1.826,0.0,1.0
2023-10-09,1.818,1.818,0.0,1.0
2023-10-10,1.809,1.809,0.0,1.0
2023-10-11,1.822,1.822,0.0,1.0
2023-10-12,1.837,1.837,0.0,1.0
2023-10-13,1.816,1.816,0.0,1.0
2023-10-16,1.782,1.782,0.0,1.0
2023-10-17,1.783,1.783,0.0,1.0
2023-10-18,1.765,1.765,0.0,1.0
2023-10-19,1.745,1.745,0.0,1.0
2023-10-20,1.726,1.726,0.0,1.0
2023-10-23,1.702,1.702,0.0,1.0
2023-10-24,1.715,1.715,0.0,1.0
2023-10-25,1.7,1.7,0.0,1.0
2023-10-26,1.706,1.706,0.0,1.0
2023-10-27,1.754,1.754,0.0,1.0
2023-10-30,1.798,1.798,0.0,1.0
2023-10-31,1.79,1.79,0.0,1.0
2023-11-01,1.783,1.783,0.0,1.0
2023-11-02,1.766,1.766,0.0,1.0
2023-11-03,1.789,1.789,0.0,1.0
2023-11-06,1.846,1.846,0.0,1.0
2023-11-07,1.838,1.838,0.0,1.0
2023-11-08,1.838,1.838,0.0,1.0
2023-11-09,1.836,1.836,0.0,1.0
2023-11-10,1.823,1.823,0.0,1.0
2023-11-13,1.828,1.828,0.0,1.0
2023-11-14,1.82,1.82,0.0,1.0
2023-11-15,1.83,1.83,0.0,1.0
2023-11-16,1.803,1.803,0.0,1.0
2023-11-17,1.804,1.804,0.0,1.0
2023-11-20,1.811,1.811,0.0,1.0
2023-11-21,1.807,1.807,0.0,1.0
2023-11-22,1.783,1.783,0.0,1.0
2023-11-23,1.784,1.784,0.0,1.0
2023-11-24,1.766,1.766,0.0,1.0
2023-11-27,1.754,1.754,0.0,1.0
2023-11-28,1.762,1.762,0.0,1.0
2023-11-29,1.747,1.747,0.0,1.0
2023-11-30,1.748,1.748,0.0,1.0
2023-12-01,1.754,1.754,0.0,1.0
2023-12-04,1.741,1.741,0.0,1.0
2023-12-05,1.705,1.705,0.0,1.0
2023-12-06,1.713,1.713,0.0,1.0
2023-12-07,1.71,1.71,0.0,1.0
2023-12-08,1.72,1.72,0.0,1.0
2023-12-11,1.745,1.745,0.0,1.0
2023-12-12,1.735,1.735,0.0,1.0
2023-12-13,1.71,1.71,0.0,1.0
2023-12-14,1.7,1.7,0.0,1.0
2023-12-15,1.688,1.688,0.0,1.0
2023-12-18,1.662,1.662,0.0,1.0
2023-12-19,1.666,1.666,0.0,1.0
2023-12-20,1.646,1.646,0.0,1.0
2023-12-21,1.669,1.669,0.0,1.0
2023-12-22,1.662,1.662,0.0,1.0
2023-12-25,1.668,1.668,0.0,1.0
2023-12-26,1.65,1.65,0.0,1.0
2023-12-27,1.652,1.652,0.0,1.0
2023-12-28,1.71,1.71,0.0,1.0
2023-12-29,1.724,1.724,0.0,1.0
2024-01-02,1.693,1.693,0.0,1.0
2024-01-03,1.675,1.675,0.0,1.0
2024-01-04,1.647,1.647,0.0,1.0
2024-01-05,1.62,1.62,0.0,1.0
2024-01-08,1.593,1.593,0.0,1.0
2024-01-09,1.594,1.594,0.0,1.0
2024-01-10,1.595,1.595,0.0,1.0
2024-01-11,1.621,1.621,0.0,1.0
2024-01-12,1.604,1.604,0.0,1.0
2024-01-15,1.589,1.589,0.0,1.0
2024-01-16,1.595,1.595,0.0,1.0
2024-01-17,1.554,1.554,0.0,1.0
2024-01-18,1.575,1.575,0.0,1.0
2024-01-19,1.564,1.564,0.0,1.0
2024-01-22,1.531,1.531,0.0,1.0
2024-01-23,1.536,1.536,0.0,1.0
2024-01-24,1.546,1.546,0.0,1.0
2024-01-25,1.566,1.566,0.0,1.0
2024-01-26,1.536,1.536,0.0,1.0
2024-01-29,1.488,1.488,0.0,1.0
2024-01-30,1.447,1.447,0.0,1.0
2024-01-31,1.438,1.438,0.0,1.0
2024-02-01,1.451,1.451,0.0,1.0
2024-02-02,1.417,1.417,0.0,1.0
2024-02-05,1.429,1.429,0.0,1.0
2024-02-06,1.519,1.519,0.0,1.0
2024-02-07,1.552,1.552,0.0,1.0
2024-02-08,1.573,1.573,0.0,1.0
2024-02-19,1.59,1.59,0.0,1.0
2024-02-20,1.587,1.587,0.0,1.0
2024-02-21,1.595,1.595,0.0,1.0
2024-02-22,1.6,1.6,0.0,1.0
2024-02-23,1.6,1.6,0.0,1.0
2024-02-26,1.596,1.596,0.0,1.0
2024-02-27,1.631,1.631,0.0,1.0
2024-02-28,1.594,1.594,0.0,1.0
2024-02-29,1.645,1.645,0.0,1.0
2024-03-01,1.659,1.659,0.0,1.0
2024-03-04,1.669,1.669,0.0,1.0
2024-03-05,1.667,1.667,0.0,1.0
2024-03-06,1.668,1.668,0.0,1.0
2024-03-07,1.631,1.631,0.0,1.0
2024-03-08,1.642,1.642,0.0,1.0
2024-03-11,1.719,1.719,0.0,1.0
2024-03-12,1.731,1.731,0.0,1.0
2024-03-13,1.723,1.723,0.0,1.0
2024-03-14,1.714,1.714,0.0,1.0
2024-03-15,1.714,1.714,0.0,1.0
2024-03-18,1.75,1.75,0.0,1.0
2024-03-19,1.735,1.735,0.0,1.0
2024-03-20,1.736,1.736,0.0,1.0
2024-03-21,1.727,1.727,0.0,1.0
2024-03-22,1.704,1.704,0.0,1.0
2024-03-25,1.672,1.672,0.0,1.0
2024-03-26,1.677,1.677,0.0,1.0
2024-03-27,1.631,1.631,0.0,1.0
2024-03-28,1.645,1.645,0.0,1.0
2024-03-29,1.655,1.655,0.0,1.0
2024-04-01,1.704,1.704,0.0,1.0
2024-04-02,1.694,1.694,0.0,1.0
2024-04-03,1.678,1.678,0.0,1.0
2024-04-08,1.646,1.646,0.0,1.0
2024-04-09,1.663,1.663,0.0,1.0
2024-04-10,1.631,1.631,0.0,1.0
2024-04-11,1.626,1.626,0.0,1.0
2024-04-12,1.609,1.609,0.0,1.0
2024-04-15,1.635,1.635,0.0,1.0
2024-04-16,1.606,1.606,0.0,1.0
2024-04-17,1.637,1.637,0.0,1.0
2024-04-18,1.626,1.626,0.0,1.0
2024-04-19,1.599,1.599,0.0,1.0
2024-04-22,1.596,1.596,0.0,1.0
2024-04-23,1.599,1.599,0.0,1.0
2024-04-24,1.609,1.609,0.0,1.0
2024-04-25,1.608,1.608,0.0,1.0
2024-04-26,1.66,1.66,0.0,1.0
2024-04-29,1.715,1.715,0.0,1.0
2024-04-30,1.7,1.7,0.0,1.0
2024-05-06,1.731,1.731,0.0,1.0
2024-05-07,1.73,1.73,0.0,1.0
2024-05-08,1.705,1.705,0.0,1.0
2024-05-09,1.735,1.735,0.0,1.0
2024-05-10,1.718,1.718,0.0,1.0
2024-05-13,1.701,1.701,0.0,1.0
2024-05-14,1.697,1.697,0.0,1.0
2024-05-15,1.682,1.682,0.0,1.0
2024-05-16,1.687,1.687,0.0,1.0
2024-05-17,1.707,1.707,0.0,1.0
2024-05-20,1.717,1.717,0.0,1.0
2024-05-21,1.7,1.7,0.0,1.0
2024-05-22,1.719,1.719,0.0,1.0
2024-05-23,1.695,1.695,0.0,1.0
2024-05-24,1.67,1.67,0.0,1.0
2024-05-27,1.679,1.679,0.0,1.0
2024-05-28,1.659,1.659,0.0,1.0
2024-05-29,1.662,1.662,0.0,1.0
2024-05-30,1.665,1.665,0.0,1.0
2024-05-31,1.661,1.661,0.0,1.0
2024-06-03,1.669,1.669,0.0,1.0
2024-06-04,1.692,1.692,0.0,1.0
2024-06-05,1.684,1.684,0.0,1.0
2024-06-06,1.672,1.672,0.0,1.0
2024-06-07,1.637,1.637,0.0,1.0
2024-06-11,1.641,1.641,0.0,1.0
2024-06-12,1.636,1.636,0.0,1.0
2024-06-13,1.633,1.633,0.0,1.0
2024-06-14,1.644,1.644,0.0,1.0
2024-06-17,1.656,1.656,0.0,1.0
2024-06-18,1.661,1.661,0.0,1.0
2024-06-19,1.643,1.643,0.0,1.0
2024-06-20,1.62,1.62,0.0,1.0
2024-06-21,1.615,1.615,0.0,1.0
2024-06-24,1.594,1.594,0.0,1.0
2024-06-25,1.561,1.561,0.0,1.0
2024-06-26,1.593,1.593,0.0,1.0
2024-06-27,1.567,1.567,0.0,1.0
2024-06-28,1.553,1.553,0.0,1.0
2024-07-01,1.55,1.55,0.0,1.0
2024-07-02,1.532,1.532,0.0,1.0
2024-07-03,1.528,1.528,0.0,1.0
2024-07-04,1.519,1.519,0.0,1.0
2024-07-05,1.524,1.524,0.0,1.0
2024-07-08,1.499,1.499,0.0,1.0
2024-07-09,1.522,1.522,0.0,1.0
2024-07-10,1.519,1.519,0.0,1.0
2024-07-11,1.551,1.551,0.0,1.0
2024-07-12,1.55,1.55,0.0,1.0
2024-07-15,1.539,1.539,0.0,1.0
2024-07-16,1.56,1.56,0.0,1.0
2024-07-17,1.56,1.56,0.0,1.0
2024-07-18,1.579,1.579,0.0,1.0
2024-07-19,1.586,1.586,0.0,1.0
2024-07-22,1.585,1.585,0.0,1.0
2024-07-23,1.54,1.54,0.0,1.0
2024-07-24,1.519,1.519,0.0,1.0
2024-07-25,1.516,1.516,0.0,1.0
2024-07-26,1.528,1.528,0.0,1.0
2024-07-29,1.507,1.507,0.0,1.0
2024-07-30,1.501,1.501,0.0,1.0
2024-07-31,1.555,1.555,0.0,1.0
2024-08-01,1.535,1.535,0.0,1.0
2024-08-02,1.509,1.509,0.0,1.0
2024-08-05,1.484,1.484,0.0,1.0
2024-08-06,1.498,1.498,0.0,1.0
2024-08-07,1.493,1.493,0.0,1.0
2024-08-08,1.484,1.484,0.0,1.0
2024-08-09,1.471,1.471,0.0,1.0
2024-08-12,1.468,1.468,0.0,1.0
2024-08-13,1.48,1.48,0.0,1.0
2024-08-14,1.463,1.463,0.0,1.0
2024-08-15,1.467,1.467,0.0,1.0
2024-08-16,1.467,1.467,0.0,1.0
2024-08-19,1.463,1.463,0.0,1.0
2024-08-20,1.445,1.445,0.0,1.0
2024-08-21,1.437,1.437,0.0,1.0
2024-08-22,1.425,1.425,0.0,1.0
2024-08-23,1.426,1.426,0.0,1.0
2024-08-26,1.424,1.424,0.0,1.0
2024-08-27,1.411,1.411,0.0,1.0
2024-08-28,1.412,1.412,0.0,1.0
2024-08-29,1.422,1.422,0.0,1.0
2024-08-30,1.455,1.455,0.0,1.0
2024-09-02,1.416,1.416,0.0,1.0
2024-09-03,1.433,1.433,0.0,1.0
2024-09-04,1.431,1.431,0.0,1.0
2024-09-05,1.443,1.443,0.0,1.0
2024-09-06,1.418,1.418,0.0,1.0
2024-09-09,1.42,1.42,0.0,1.0
2024-09-10,1.419,1.419,0.0,1.0
2024-09-11,1.436,1.436,0.0,1.0
2024-09-12,1.431,1.431,0.0,1.0
2024-09-13,1.418,1.418,0.0,1.0
2024-09-18,1.415,1.415,0.0,1.0
2024-09-19,1.426,1.426,0.0,1.0
2024-09-20,1.416,1.416,0.0,1.0
2024-09-23,1.42,1.42,0.0,1.0
2024-09-24,1.489,1.489,0.0,1.0
2024-09-25,1.513,1.513,0.0,1.0
2024-09-26,1.58,1.58,0.0,1.0
2024-09-27,1.735,1.735,0.0,1.0
2024-09-30,2.052,2.052,0.0,1.0
2024-10-08,2.462,2.462,0.0,1.0
2024-10-09,2.11,2.11,0.0,1.0
2024-10-10,2.042,2.042,0.0,1.0
2024-10-11,1.93,1.93,0.0,1.0
2024-10-14,1.98,1.98,0.0,1.0
2024-10-15,1.923,1.923,0.0,1.0
2024-10-16,1.874,1.874,0.0,1.0
2024-10-17,1.869,1.869,0.0,1.0
2024-10-18,2.028,2.028,0.0,1.0
2024-10-21,2.033,2.033,0.0,1.0
2024-10-22,2.037,2.037,0.0,1.0
2024-10-23,2.03,2.03,0.0,1.0
2024-10-24,1.997,1.997,0.0,1.0
2024-10-25,2.059,2.059,0.0,1.0
2024-10-28,2.052,2.052,0.0,1.0
2024-10-29,2.004,2.004,0.0,1.0
2024-10-30,1.979,1.979,0.0,1.0
2024-10-31,1.99,1.99,0.0,1.0
2024-11-01,1.955,1.955,0.0,1.0
2024-11-04,2.009,2.009,0.0,1.0
2024-11-05,2.105,2.105,0.0,1.0
2024-11-06,2.083,2.083,0.0,1.0
2024-11-07,2.16,2.16,0.0,1.0
2024-11-08,2.136,2.136,0.0,1.0
2024-11-11,2.197,2.197,0.0,1.0
2024-11-12,2.197,2.197,0.0,1.0
2024-11-13,2.218,2.218,0.0,1.0
2024-11-14,2.145,2.145,0.0,1.0
2024-11-15,2.065,2.065,0.0,1.0
2024-11-18,2.015,2.015,0.0,1.0
2024-11-19,2.079,2.079,0.0,1.0
2024-11-20,2.085,2.085,0.0,1.0
2024-11-21,2.084,2.084,0.0,1.0
2024-11-22,2.002,2.002,0.0,1.0
2024-11-25,1.999,1.999,0.0,1.0
2024-11-26,1.98,1.98,0.0,1.0
2024-11-27,2.03,2.03,0.0,1.0
2024-11-28,1.995,1.995,0.0,1.0
2024-11-29,2.044,2.044,0.0,1.0
2024-12-02,2.07,2.07,0.0,1.0
2024-12-03,2.066,2.066,0.0,1.0
2024-12-04,2.034,2.034,0.0,1.0
2024-12-05,2.041,2.041,0.0,1.0
2024-12-06,2.085,2.085,0.0,1.0
2024-12-09,2.067,2.067,0.0,1.0
2024-12-10,2.084,2.084,0.0,1.0
2024-12-11,2.078,2.078,0.0,1.0
2024-12-12,2.107,2.107,0.0,1.0
2024-12-13,2.058,2.058,0.0,1.0
2024-12-16,2.024,2.024,0.0,1.0
2024-12-17,2.028,2.028,0.0,1.0
2024-12-18,2.025,2.025,0.0,1.0
2024-12-19,2.035,2.035,0.0,1.0
2024-12-20,2.035,2.035,0.0,1.0
2024-12-23,2.013,2.013,0.0,1.0
2024-12-24,2.034,2.034,0.0,1.0
2024-12-25,2.023,2.023,0.0,1.0
2024-12-26,2.03,2.03,0.0,1.0
2024-12-27,2.029,2.029,0.0,1.0
2024-12-30,2.029,2.029,0.0,1.0
2024-12-31,1.975,1.975,0.0,1.0
2025-01-02,1.9,1.9,0.0,1.0
2025-01-03,1.86,1.86,0.0,1.0
2025-01-06,1.854,1.854,0.0,1.0
2025-01-07,1.866,1.866,0.0,1.0
2025-01-08,1.849,1.849,0.0,1.0
2025-01-09,1.853,1.853,0.0,1.0
2025-01-10,1.819,1.819,0.0,1.0
2025-01-13,1.824,1.824,0.0,1.0
2025-01-14,1.91,1.91,0.0,1.0
2025-01-15,1.876,1.876,0.0,1.0
2025-01-16,1.887,1.887,0.0,1.0
2025-01-17,1.904,1.904,0.0,1.0
2025-01-20,1.937,1.937,0.0,1.0
2025-01-21,1.941,1.941,0.0,1.0
2025-01-22,1.934,1.934,0.0,1.0
2025-01-23,1.93,1.93,0.0,1.0
2025-01-24,1.953,1.953,0.0,1.0
2025-01-27,1.908,1.908,0.0,1.0
2025-02-05,1.902,1.902,0.0,1.0
2025-02-06,1.953,1.953,0.0,1.0
2025-02-07,2.003,2.003,0.0,1.0
2025-02-10,2.011,2.011,0.0,1.0
2025-02-11,1.985,1.985,0.0,1.0
2025-02-12,2.019,2.019,0.0,1.0
2025-02-13,2.006,2.006,0.0,1.0
2025-02-14,2.039,2.039,0.0,1.0
2025-02-17,2.049,2.049,0.0,1.0
2025-02-18,2.008,2.008,0.0,1.0
2025-02-19,2.049,2.049,0.0,1.0
2025-02-20,2.049,2.049,0.0,1.0
2025-02-21,2.099,2.099,0.0,1.0
2025-02-24,2.085,2.085,0.0,1.0
2025-02-25,2.063,2.063,0.0,1.0
2025-02-26,2.085,2.085,0.0,1.0
2025-02-27,2.077,2.077,0.0,1.0
2025-02-28,2.0,2.0,0.0,1.0
2025-03-03,2.023,2.023,0.0,1.0
2025-03-04,2.017,2.017,0.0,1.0
2025-03-05,2.018,2.018,0.0,1.0
2025-03-06,2.058,2.058,0.0,1.0
2025-03-07,2.033,2.033,0.0,1.0
2025-03-10,2.027,2.027,0.0,1.0
2025-03-11,2.026,2.026,0.0,1.0
2025-03-12,2.017,2.017,0.0,1.0
2025-03-13,1.996,1.996,0.0,1.0
2025-03-14,2.053,2.053,0.0,1.0
2025-03-17,2.04,2.04,0.0,1.0
2025-03-18,2.054,2.054,0.0,1.0
2025-03-19,2.045,2.045,0.0,1.0
2025-03-20,2.027,2.027,0.0,1.0
2025-03-21,1.984,1.984,0.0,1.0
2025-03-24,1.983,1.983,0.0,1.0
2025-03-25,1.978,1.978,0.0,1.0
2025-03-26,1.972,1.972,0.0,1.0
2025-03-27,1.976,1.976,0.0,1.0
2025-03-28,1.963,1.963,0.0,1.0
2025-03-31,1.939,1.939,0.0,1.0
2025-04-01,1.94,1.94,0.0,1.0
2025-04-02,1.94,1.94,0.0,1.0
2025-04-03,1.907,1.907,0.0,1.0
2025-04-07,1.682,1.682,0.0,1.0
2025-04-08,1.699,1.699,0.0,1.0
2025-04-09,1.715,1.715,0.0,1.0
2025-04-10,1.752,1.752,0.0,1.0
2025-04-11,1.775,1.775,0.0,1.0
2025-04-14,1.781,1.781,0.0,1.0
2025-04-15,1.78,1.78,0.0,1.0
2025-04-16,1.757,1.757,0.0,1.0
2025-04-17,1.763,1.763,0.0,1.0
2025-04-18,1.766,1.766,0.0,1.0
2025-04-21,1.792,1.792,0.0,1.0
2025-04-22,1.786,1.786,0.0,1.0
2025-04-23,1.805,1.805,0.0,1.0
2025-04-24,1.793,1.793,0.0,1.0
2025-04-25,1.804,1.804,0.0,1.0
2025-04-28,1.792,1.792,0.0,1.0
2025-04-29,1.789,1.789,0.0,1.0
2025-04-30,1.804,1.804,0.0,1.0
2025-05-06,1.838,1.838,0.0,1.0
2025-05-07,1.849,1.849,0.0,1.0
2025-05-08,1.879,1.879,0.0,1.0
2025-05-09,1.863,1.863,0.0,1.0
2025-05-12,1.912,1.912,0.0,1.0
2025-05-13,1.906,1.906,0.0,1.0
2025-05-14,1.927,1.927,0.0,1.0
2025-05-15,1.891,1.891,0.0,1.0
2025-05-16,1.888,1.888,0.0,1.0
2025-05-19,1.883,1.883,0.0,1.0
2025-05-20,1.897,1.897,0.0,1.0
2025-05-21,1.912,1.912,0.0,1.0
2025-05-22,1.895,1.895,0.0,1.0
2025-05-23,1.872,1.872,0.0,1.0
2025-05-26,1.856,1.856,0.0,1.0
2025-05-27,1.849,1.849,0.0,1.0
2025-05-28,1.843,1.843,0.0,1.0
2025-05-29,1.867,1.867,0.0,1.0
2025-05-30,1.854,1.854,0.0,1.0
2025-06-03,1.859,1.859,0.0,1.0
2025-06-04,1.878,1.878,0.0,1.0
2025-06-05,1.901,1.901,0.0,1.0
2025-06-06,1.894,1.894,0.0,1.0
2025-06-09,1.915,1.915,0.0,1.0
2025-06-10,1.893,1.893,0.0,1.0
2025-06-11,1.915,1.915,0.0,1.0
2025-06-12,1.917,1.917,0.0,1.0
2025-06-13,1.898,1.898,0.0,1.0
2025-06-16,1.909,1.909,0.0,1.0
2025-06-17,1.904,1.904,0.0,1.0
2025-06-18,1.91,1.91,0.0,1.0
2025-06-19,1.883,1.883,0.0,1.0
2025-06-20,1.868,1.868,0.0,1.0
2025-06-23,1.878,1.878,0.0,1.0
2025-06-24,1.917,1.917,0.0,1.0
2025-06-25,1.977,1.977,0.0,1.0
2025-06-26,1.967,1.967,0.0,1.0
2025-06-27,1.975,1.975,0.0,1.0
2025-06-30,2.0,2.0,0.0,1.0
2025-07-01,1.997,1.997,0.0,1.0
2025-07-02,1.978,1.978,0.0,1.0
2025-07-03,2.011,2.011,0.0,1.0
2025-07-04,2.004,2.004,0.0,1.0
2025-07-07,1.993,1.993,0.0,1.0
2025-07-08,2.025,2.025,0.0,1.0
2025-07-09,2.031,2.031,0.0,1.0
2025-07-10,2.035,2.035,0.0,1.0
2025-07-11,2.052,2.052,0.0,1.0
2025-07-14,2.043,2.043,0.0,1.0
2025-07-15,2.078,2.078,0.0,1.0
2025-07-16,2.072,2.072,0.0,1.0
2025-07-17,2.108,2.108,0.0,1.0
2025-07-18,2.115,2.115,0.0,1.0
2025-07-21,2.135,2.135,0.0,1.0
2025-07-22,2.148,2.148,0.0,1.0
2025-07-23,2.147,2.147,0.0,1.0
2025-07-24,2.179,2.179,0.0,1.0
2025-07-25,2.178,2.178,0.0,1.0
2025-07-28,2.199,2.199,0.0,1.0
2025-07-29,2.236,2.236,0.0,1.0
2025-07-30,2.2,2.2,0.0,1.0
2025-07-31,2.166,2.166,0.0,1.0
2025-08-01,2.161,2.161,0.0,1.0
2025-08-04,2.169,2.169,0.0,1.0
2025-08-05,2.178,2.178,0.0,1.0
2025-08-06,2.192,2.192,0.0,1.0
2025-08-07,2.177,2.177,0.0,1.0
2025-08-08,2.171,2.171,0.0,1.0
2025-08-11,2.211,2.211,0.0,1.0
2025-08-12,2.236,2.236,0.0,1.0
2025-08-13,2.319,2.319,0.0,1.0
2025-08-14,2.292,2.292,0.0,1.0
2025-08-15,2.356,2.356,0.0,1.0
2025-08-18,2.419,2.419,0.0,1.0
2025-08-19,2.414,2.414,0.0,1.0
2025-08-20,2.425,2.425,0.0,1.0
2025-08-21,2.413,2.413,0.0,1.0
2025-08-22,2.492,2.492,0.0,1.0
2025-08-25,2.565,2.565,0.0,1.0
2025-08-26,2.542,2.542,0.0,1.0
2025-08-27,2.524,2.524,0.0,1.0
2025-08-28,2.63,2.63,0.0,1.0
2025-08-29,2.687,2.687,0.0,1.0
2025-09-01,2.74,2.74,0.0,1.0
2025-09-02,2.663,2.663,0.0,1.0
2025-09-03,2.683,2.683,0.0,1.0
2025-09-04,2.571,2.571,0.0,1.0
2025-09-05,2.75,2.75,0.0,1.0
2025-09-08,2.716,2.716,0.0,1.0
2025-09-09,2.66,2.66,0.0,1.0
2025-09-10,2.695,2.695,0.0,1.0
2025-09-11,2.83,2.83,0.0,1.0
2025-09-12,2.803,2.803,0.0,1.0
2025-09-15,2.838,2.838,0.0,1.0
2025-09-16,2.865,2.865,0.0,1.0
2025-09-17,2.914,2.914,0.0,1.0
2025-09-18,2.868,2.868,0.0,1.0
2025-09-19,2.862,2.862,0.0,1.0
2025-09-22,2.879,2.879,0.0,1.0
2025-09-23,2.89,2.89,0.0,1.0
2025-09-24,2.951,2.951,0.0,1.0
2025-09-25,3.004,3.004,0.0,1.0
2025-09-26,2.928,2.928,0.0,1.0
2025-09-29,3.004,3.004,0.0,1.0
2025-09-30,3.005,3.005,0.0,1.0
2025-10-09,3.024,3.024,0.0,1.0
2025-10-10,2.892,2.892,0.0,1.0
2025-10-13,2.854,2.854,0.0,1.0
2025-10-14,2.748,2.748,0.0,1.0
2025-10-15,2.808,2.808,0.0,1.0
2025-10-16,2.817,2.817,0.0,1.0
2025-10-17,2.726,2.726,0.0,1.0
2025-10-20,2.778,2.778,0.0,1.0
2025-10-21,2.863,2.863,0.0,1.0
2025-10-22,2.84,2.84,0.0,1.0
2025-10-23,2.839,2.839,0.0,1.0
2025-10-24,2.94,2.94,0.0,1.0
2025-10-27,2.993,2.993,0.0,1.0
2025-10-28,2.992,2.992,0.0,1.0
2025-10-29,3.079,3.079,0.0,1.0
2025-10-30,3.024,3.024,0.0,1.0
2025-10-31,2.955,2.955,0.0,1.0
2025-11-03,2.967,2.967,0.0,1.0
2025-11-04,2.908,2.908,0.0,1.0
2025-11-05,2.938,2.938,0.0,1.0
2025-11-06,2.992,2.992,0.0,1.0
2025-11-07,2.977,2.977,0.0,1.0
2025-11-10,2.949,2.949,0.0,1.0
2025-11-11,2.911,2.911,0.0,1.0
2025-11-12,2.9,2.9,0.0,1.0
2025-11-13,2.968,2.968,0.0,1.0
2025-11-14,2.887,2.887,0.0,1.0
2025-11-17,2.882,2.882,0.0,1.0
2025-11-18,2.85,2.85,0.0,1.0
2025-11-19,2.863,2.863,0.0,1.0
2025-11-20,2.84,2.84,0.0,1.0
2025-11-21,2.716,2.716,0.0,1.0
2025-11-24,2.717,2.717,0.0,1.0
2025-11-25,2.765,2.765,0.0,1.0
2025-11-26,2.825,2.825,0.0,1.0
2025-11-27,2.814,2.814,0.0,1.0
2025-11-28,2.835,2.835,0.0,1.0
2025-12-01,2.872,2.872,0.0,1.0
2025-12-02,2.852,2.852,0.0,1.0
2025-12-03,2.82,2.82,0.0,1.0
2025-12-04,2.848,2.848,0.0,1.0
2025-12-05,2.886,2.886,0.0,1.0
2025-12-08,2.962,2.962,0.0,1.0
2025-12-09,2.975,2.975,0.0,1.0
2025-12-10,2.974,2.974,0.0,1.0
2025-12-11,2.935,2.935,0.0,1.0
2025-12-12,2.957,2.957,0.0,1.0
2025-12-15,2.913,2.913,0.0,1.0
2025-12-16,2.86,2.86,0.0,1.0
2025-12-17,2.945,2.945,0.0,1.0
2025-12-18,2.893,2.893,0.0,1.0
2025-12-19,2.9,2.9,0.0,1.0
2025-12-22,2.962,2.962,0.0,1.0
2025-12-23,2.975,2.975,0.0,1.0
2025-12-24,2.996,2.996,0.0,1.0
2025-12-25,3.006,3.006,0.0,1.0
2025-12-26,3.009,3.009,0.0,1.0
2025-12-29,2.988,2.988,0.0,1.0
2025-12-30,3.007,3.007,0.0,1.0
2025-12-31,2.969,2.969,0.0,1.0
2026-01-05,3.058,3.058,0.0,1.0
2026-01-06,3.078,3.078,0.0,1.0
2026-01-07,3.092,3.092,0.0,1.0
2026-01-08,3.065,3.065,0.0,1.0
2026-01-09,3.086,3.086,0.0,1.0
2026-01-12,3.143,3.143,0.0,1.0
2026-01-13,3.083,3.083,0.0,1.0
2026-01-14,3.106,3.106,0.0,1.0
2026-01-15,3.123,3.123,0.0,1.0
2026-01-16,3.121,3.121,0.0,1.0
2026-01-19,3.09,3.09,0.0,1.0
2026-01-20,3.045,3.045,0.0,1.0
2026-01-21,3.058,3.058,0.0,1.0
2026-01-22,3.087,3.087,0.0,1.0
2026-01-23,3.11,3.11,0.0,1.0
2026-01-26,3.085,3.085,0.0,1.0
2026-01-27,3.101,3.101,0.0,1.0
2026-01-28,3.085,3.085,0.0,1.0
2026-01-29,3.066,3.066,0.0,1.0
2026-01-30,3.109,3.109,0.0,1.0
2026-02-02,3.037,3.037,0.0,1.0
2026-02-03,3.081,3.081,0.0,1.0
2026-02-04,3.073,3.073,0.0,1.0
2026-02-05,3.037,3.037,0.0,1.0
2026-02-06,3.008,3.008,0.0,1.0
2026-02-09,3.092,3.092,0.0,1.0
2026-02-10,3.084,3.084,0.0,1.0
2026-02-11,3.05,3.05,0.0,1.0
2026-02-12,3.087,3.087,0.0,1.0
2026-02-13,3.043,3.043,0.0,1.0
2026-02-24,3.068,3.068,0.0,1.0
2026-02-25,3.115,3.115,0.0,1.0
2026-02-26,3.104,3.104,0.0,1.0
2026-02-27,3.073,3.073,0.0,1.0
2026-03-02,3.054,3.054,0.0,1.0
2026-03-03,2.984,2.984,0.0,1.0
2026-03-04,2.948,2.948,0.0,1.0
2026-03-05,2.988,2.988,0.0,1.0
2026-03-06,3.0,3.0,0.0,1.0
2026-03-09,2.98,2.98,0.0,1.0
2026-03-10,3.068,3.068,0.0,1.0
2026-03-11,3.105,3.105,0.0,1.0
2026-03-12,3.076,3.076,0.0,1.0
2026-03-13,3.07,3.07,0.0,1.0
2026-03-16,3.113,3.113,0.0,1.0
2026-03-17,3.048,3.048,0.0,1.0
2026-03-18,3.105,3.105,0.0,1.0
2026-03-19,3.074,3.074,0.0,1.0
2026-03-20,3.107,3.107,0.0,1.0
2026-03-23,3.005,3.005,0.0,1.0
2026-03-24,3.014,3.014,0.0,1.0
2026-03-25,3.077,3.077,0.0,1.0
2026-03-26,3.044,3.044,0.0,1.0
2026-03-27,3.059,3.059,0.0,1.0
2026-03-30,3.035,3.035,0.0,1.0
2026-03-31,2.966,2.966,0.0,1.0
2026-04-01,3.015,3.015,0.0,1.0
2026-04-02,2.947,2.947,0.0,1.0
2026-04-03,2.927,2.927,0.0,1.0
2026-04-07,2.939,2.939,0.0,1.0
2026-04-08,3.106,3.106,0.0,1.0
2026-04-09,3.084,3.084,0.0,1.0
2026-04-10,3.197,3.197,0.0,1.0
2026-04-13,3.224,3.224,0.0,1.0
2026-04-14,3.3,3.3,0.0,1.0
2026-04-15,3.267,3.267,0.0,1.0
2026-04-16,3.365,3.365,0.0,1.0
2026-04-17,3.413,3.413,0.0,1.0
2026-04-20,3.409,3.409,0.0,1.0
2026-04-21,3.426,3.426,0.0,1.0
2026-04-22,3.494,3.494,0.0,1.0
2026-04-23,3.468,3.468,0.0,1.0
2026-04-24,3.414,3.414,0.0,1.0
2026-04-27,3.4,3.4,0.0,1.0
2026-04-28,3.345,3.345,0.0,1.0
2026-04-29,3.43,3.43,0.0,1.0
2026-04-30,3.428,3.428,0.0,1.0
2026-05-06,3.521,3.521,0.0,1.0
2026-05-07,3.569,3.569,0.0,1.0
2026-05-08,3.537,3.537,0.0,1.0
2026-05-11,3.658,3.658,0.0,1.0
2026-05-12,3.662,3.662,0.0,1.0
2026-05-13,3.756,3.756,0.0,1.0
2026-05-14,3.688,3.688,0.0,1.0
2026-05-15,3.658,3.658,0.0,1.0
2026-05-18,3.646,3.646,0.0,1.0
2026-05-19,3.642,3.642,0.0,1.0
2026-05-20,3.655,3.655,0.0,1.0
2026-05-21,3.577,3.577,0.0,1.0
2026-05-22,3.666,3.666,0.0,1.0
2026-05-25,3.747,3.747,0.0,1.0
2026-05-26,3.769,3.769,0.0,1.0
2026-05-27,3.769,3.769,0.0,1.0
2026-05-28,3.84,3.84,0.0,1.0
2026-05-29,3.767,3.767,0.0,1.0
2026-06-01,3.684,3.684,0.0,1.0
2026-06-02,3.778,3.778,0.0,1.0
2026-06-03,3.845,3.845,0.0,1.0
2026-06-04,3.811,3.811,0.0,1.0
2026-06-05,3.698,3.698,0.0,1.0
2026-06-08,3.553,3.553,0.0,1.0
2026-06-09,3.694,3.694,0.0,1.0
2026-06-10,3.593,3.593,0.0,1.0
2026-06-11,3.561,3.561,0.0,1.0
2026-06-12,3.575,3.575,0.0,1.0
2026-06-15,3.764,3.764,0.0,1.0
2026-06-16,3.823,3.823,0.0,1.0
2026-06-17,3.885,3.885,0.0,1.0
2026-06-18,3.967,3.967,0.0,1.0
2026-06-22,4.06,4.06,0.0,1.0
2026-06-23,3.92,3.92,0.0,1.0
2026-06-24,3.962,3.962,0.0,1.0
2026-06-25,4.084,4.084,0.0,1.0
2026-06-26,3.919,3.919,0.0,1.0
2026-06-29,3.937,3.937,0.0,1.0
2026-06-30,4.054,4.054,0.0,1.0
2026-07-01,3.977,3.977,0.0,1.0
2026-07-02,3.752,3.752,0.0,1.0
2026-07-03,3.759,3.759,0.0,1.0
2026-07-06,3.686,3.686,0.0,1.0
2026-07-07,3.658,3.658,0.0,1.0
2026-07-08,3.596,3.596,0.0,1.0
2026-07-09,3.758,3.758,0.0,1.0
2026-07-10,3.604,3.604,0.0,1.0
2026-07-13,3.48,3.48,0.0,1.0
2026-07-14,3.594,3.594,0.0,1.0
2026-07-15,3.562,3.562,0.0,1.0
2026-07-16,3.466,3.466,0.0,1.0
2026-07-17,3.238,3.238,0.0,1.0
