date,close,total_return_proxy,cumulative_dividend,split_factor
2010-03-19,0.246,0.246,0.0,1.0
2010-03-22,0.246,0.246,0.0,1.0
2010-03-23,0.243,0.243,0.0,1.0
2010-03-24,0.243,0.243,0.0,1.0
2010-03-25,0.239,0.239,0.0,1.0
2010-03-26,0.242,0.242,0.0,1.0
2010-03-29,0.248,0.248,0.0,1.0
2010-03-30,0.247,0.247,0.0,1.0
2010-03-31,0.246,0.246,0.0,1.0
2010-04-01,0.248,0.248,0.0,1.0
2010-04-02,0.25,0.25,0.0,1.0
2010-04-06,0.249,0.249,0.0,1.0
2010-04-07,0.248,0.248,0.0,1.0
2010-04-08,0.243,0.243,0.0,1.0
2010-04-09,0.246,0.246,0.0,1.0
2010-04-12,0.243,0.243,0.0,1.0
2010-04-13,0.248,0.248,0.0,1.0
2010-04-14,0.248,0.248,0.0,1.0
2010-04-15,0.248,0.248,0.0,1.0
2010-04-16,0.245,0.245,0.0,1.0
2010-04-19,0.233,0.233,0.0,1.0
2010-04-20,0.231,0.231,0.0,1.0
2010-04-21,0.234,0.234,0.0,1.0
2010-04-22,0.23,0.23,0.0,1.0
2010-04-23,0.227,0.227,0.0,1.0
2010-04-26,0.226,0.226,0.0,1.0
2010-04-27,0.222,0.222,0.0,1.0
2010-04-28,0.222,0.222,0.0,1.0
2010-04-29,0.22,0.22,0.0,1.0
2010-04-30,0.224,0.224,0.0,1.0
2010-05-04,0.22,0.22,0.0,1.0
2010-05-05,0.221,0.221,0.0,1.0
2010-05-06,0.21,0.21,0.0,1.0
2010-05-07,0.206,0.206,0.0,1.0
2010-05-10,0.208,0.208,0.0,1.0
2010-05-11,0.206,0.206,0.0,1.0
2010-05-12,0.208,0.208,0.0,1.0
2010-05-13,0.211,0.211,0.0,1.0
2010-05-14,0.209,0.209,0.0,1.0
2010-05-17,0.199,0.199,0.0,1.0
2010-05-18,0.203,0.203,0.0,1.0
2010-05-19,0.201,0.201,0.0,1.0
2010-05-20,0.198,0.198,0.0,1.0
2010-05-21,0.2,0.2,0.0,1.0
2010-05-24,0.206,0.206,0.0,1.0
2010-05-25,0.201,0.201,0.0,1.0
2010-05-26,0.201,0.201,0.0,1.0
2010-05-27,0.204,0.204,0.0,1.0
2010-05-28,0.204,0.204,0.0,1.0
2010-05-31,0.198,0.198,0.0,1.0
2010-06-01,0.198,0.198,0.0,1.0
2010-06-02,0.198,0.198,0.0,1.0
2010-06-03,0.196,0.196,0.0,1.0
2010-06-04,0.197,0.197,0.0,1.0
2010-06-07,0.193,0.193,0.0,1.0
2010-06-08,0.193,0.193,0.0,1.0
2010-06-09,0.198,0.198,0.0,1.0
2010-06-10,0.196,0.196,0.0,1.0
2010-06-11,0.196,0.196,0.0,1.0
2010-06-17,0.196,0.196,0.0,1.0
2010-06-18,0.195,0.195,0.0,1.0
2010-06-21,0.2,0.2,0.0,1.0
2010-06-22,0.199,0.199,0.0,1.0
2010-06-23,0.197,0.197,0.0,1.0
2010-06-24,0.197,0.197,0.0,1.0
2010-06-25,0.196,0.196,0.0,1.0
2010-06-28,0.196,0.196,0.0,1.0
2010-06-29,0.189,0.189,0.0,1.0
2010-06-30,0.186,0.186,0.0,1.0
2010-07-01,0.184,0.184,0.0,1.0
2010-07-02,0.184,0.184,0.0,1.0
2010-07-05,0.184,0.184,0.0,1.0
2010-07-06,0.186,0.186,0.0,1.0
2010-07-07,0.186,0.186,0.0,1.0
2010-07-08,0.186,0.186,0.0,1.0
2010-07-09,0.191,0.191,0.0,1.0
2010-07-12,0.191,0.191,0.0,1.0
2010-07-13,0.187,0.187,0.0,1.0
2010-07-14,0.189,0.189,0.0,1.0
2010-07-15,0.186,0.186,0.0,1.0
2010-07-16,0.185,0.185,0.0,1.0
2010-07-19,0.188,0.188,0.0,1.0
2010-07-20,0.193,0.193,0.0,1.0
2010-07-21,0.192,0.192,0.0,1.0
2010-07-22,0.194,0.194,0.0,1.0
2010-07-23,0.194,0.194,0.0,1.0
2010-07-26,0.196,0.196,0.0,1.0
2010-07-27,0.195,0.195,0.0,1.0
2010-07-28,0.2,0.2,0.0,1.0
2010-07-29,0.202,0.202,0.0,1.0
2010-07-30,0.202,0.202,0.0,1.0
2010-08-02,0.203,0.203,0.0,1.0
2010-08-03,0.201,0.201,0.0,1.0
2010-08-04,0.2,0.2,0.0,1.0
2010-08-05,0.198,0.198,0.0,1.0
2010-08-06,0.2,0.2,0.0,1.0
2010-08-09,0.2,0.2,0.0,1.0
2010-08-10,0.196,0.196,0.0,1.0
2010-08-11,0.196,0.196,0.0,1.0
2010-08-12,0.194,0.194,0.0,1.0
2010-08-13,0.196,0.196,0.0,1.0
2010-08-16,0.201,0.201,0.0,1.0
2010-08-17,0.201,0.201,0.0,1.0
2010-08-18,0.2,0.2,0.0,1.0
2010-08-19,0.203,0.203,0.0,1.0
2010-08-20,0.198,0.198,0.0,1.0
2010-08-23,0.198,0.198,0.0,1.0
2010-08-24,0.198,0.198,0.0,1.0
2010-08-25,0.196,0.196,0.0,1.0
2010-08-26,0.196,0.196,0.0,1.0
2010-08-27,0.196,0.196,0.0,1.0
2010-08-30,0.198,0.198,0.0,1.0
2010-08-31,0.197,0.197,0.0,1.0
2010-09-01,0.195,0.195,0.0,1.0
2010-09-02,0.197,0.197,0.0,1.0
2010-09-03,0.196,0.196,0.0,1.0
2010-09-06,0.2,0.2,0.0,1.0
2010-09-07,0.202,0.202,0.0,1.0
2010-09-08,0.202,0.202,0.0,1.0
2010-09-09,0.198,0.198,0.0,1.0
2010-09-10,0.197,0.197,0.0,1.0
2010-09-13,0.198,0.198,0.0,1.0
2010-09-14,0.197,0.197,0.0,1.0
2010-09-15,0.195,0.195,0.0,1.0
2010-09-16,0.192,0.192,0.0,1.0
2010-09-17,0.192,0.192,0.0,1.0
2010-09-20,0.191,0.191,0.0,1.0
2010-09-21,0.192,0.192,0.0,1.0
2010-09-27,0.194,0.194,0.0,1.0
2010-09-28,0.194,0.194,0.0,1.0
2010-09-29,0.195,0.195,0.0,1.0
2010-09-30,0.199,0.199,0.0,1.0
2010-10-08,0.208,0.208,0.0,1.0
2010-10-11,0.216,0.216,0.0,1.0
2010-10-12,0.222,0.222,0.0,1.0
2010-10-13,0.221,0.221,0.0,1.0
2010-10-14,0.225,0.225,0.0,1.0
2010-10-15,0.235,0.235,0.0,1.0
2010-10-18,0.231,0.231,0.0,1.0
2010-10-19,0.233,0.233,0.0,1.0
2010-10-20,0.231,0.231,0.0,1.0
2010-10-21,0.23,0.23,0.0,1.0
2010-10-22,0.228,0.228,0.0,1.0
2010-10-25,0.235,0.235,0.0,1.0
2010-10-26,0.232,0.232,0.0,1.0
2010-10-27,0.228,0.228,0.0,1.0
2010-10-28,0.228,0.228,0.0,1.0
2010-10-29,0.226,0.226,0.0,1.0
2010-11-01,0.233,0.233,0.0,1.0
2010-11-02,0.232,0.232,0.0,1.0
2010-11-03,0.229,0.229,0.0,1.0
2010-11-04,0.232,0.232,0.0,1.0
2010-11-05,0.235,0.235,0.0,1.0
2010-11-08,0.236,0.236,0.0,1.0
2010-11-09,0.233,0.233,0.0,1.0
2010-11-10,0.23,0.23,0.0,1.0
2010-11-11,0.233,0.233,0.0,1.0
2010-11-12,0.221,0.221,0.0,1.0
2010-11-15,0.22,0.22,0.0,1.0
2010-11-16,0.212,0.212,0.0,1.0
2010-11-17,0.208,0.208,0.0,1.0
2010-11-18,0.211,0.211,0.0,1.0
2010-11-19,0.211,0.211,0.0,1.0
2010-11-22,0.21,0.21,0.0,1.0
2010-11-23,0.206,0.206,0.0,1.0
2010-11-24,0.207,0.207,0.0,1.0
2010-11-25,0.208,0.208,0.0,1.0
2010-11-26,0.207,0.207,0.0,1.0
2010-11-29,0.205,0.205,0.0,1.0
2010-11-30,0.203,0.203,0.0,1.0
2010-12-01,0.203,0.203,0.0,1.0
2010-12-02,0.205,0.205,0.0,1.0
2010-12-03,0.205,0.205,0.0,1.0
2010-12-06,0.207,0.207,0.0,1.0
2010-12-07,0.209,0.209,0.0,1.0
2010-12-08,0.206,0.206,0.0,1.0
2010-12-09,0.204,0.204,0.0,1.0
2010-12-10,0.206,0.206,0.0,1.0
2010-12-13,0.212,0.212,0.0,1.0
2010-12-14,0.212,0.212,0.0,1.0
2010-12-15,0.21,0.21,0.0,1.0
2010-12-16,0.208,0.208,0.0,1.0
2010-12-17,0.208,0.208,0.0,1.0
2010-12-20,0.205,0.205,0.0,1.0
2010-12-21,0.21,0.21,0.0,1.0
2010-12-22,0.208,0.208,0.0,1.0
2010-12-23,0.207,0.207,0.0,1.0
2010-12-24,0.206,0.206,0.0,1.0
2010-12-27,0.201,0.201,0.0,1.0
2010-12-28,0.2,0.2,0.0,1.0
2010-12-29,0.199,0.199,0.0,1.0
2010-12-30,0.199,0.199,0.0,1.0
2010-12-31,0.202,0.202,0.0,1.0
2011-01-04,0.205,0.205,0.0,1.0
2011-01-05,0.204,0.204,0.0,1.0
2011-01-06,0.202,0.202,0.0,1.0
2011-01-07,0.203,0.203,0.0,1.0
2011-01-10,0.201,0.201,0.0,1.0
2011-01-11,0.203,0.203,0.0,1.0
2011-01-12,0.204,0.204,0.0,1.0
2011-01-13,0.204,0.204,0.0,1.0
2011-01-14,0.202,0.202,0.0,1.0
2011-01-17,0.196,0.196,0.0,1.0
2011-01-18,0.198,0.198,0.0,1.0
2011-01-19,0.2,0.2,0.0,1.0
2011-01-20,0.196,0.196,0.0,1.0
2011-01-21,0.199,0.199,0.0,1.0
2011-01-24,0.199,0.199,0.0,1.0
2011-01-25,0.197,0.197,0.0,1.0
2011-01-26,0.198,0.198,0.0,1.0
2011-01-27,0.203,0.203,0.0,1.0
2011-01-28,0.202,0.202,0.0,1.0
2011-01-31,0.204,0.204,0.0,1.0
2011-02-01,0.205,0.205,0.0,1.0
2011-02-09,0.203,0.203,0.0,1.0
2011-02-10,0.205,0.205,0.0,1.0
2011-02-11,0.204,0.204,0.0,1.0
2011-02-14,0.211,0.211,0.0,1.0
2011-02-15,0.211,0.211,0.0,1.0
2011-02-16,0.212,0.212,0.0,1.0
2011-02-17,0.212,0.212,0.0,1.0
2011-02-18,0.211,0.211,0.0,1.0
2011-02-21,0.211,0.211,0.0,1.0
2011-02-22,0.206,0.206,0.0,1.0
2011-02-23,0.207,0.207,0.0,1.0
2011-02-24,0.207,0.207,0.0,1.0
2011-02-25,0.207,0.207,0.0,1.0
2011-02-28,0.208,0.208,0.0,1.0
2011-03-01,0.209,0.209,0.0,1.0
2011-03-02,0.209,0.209,0.0,1.0
2011-03-03,0.209,0.209,0.0,1.0
2011-03-04,0.211,0.211,0.0,1.0
2011-03-07,0.216,0.216,0.0,1.0
2011-03-08,0.215,0.215,0.0,1.0
2011-03-09,0.215,0.215,0.0,1.0
2011-03-10,0.211,0.211,0.0,1.0
2011-03-11,0.209,0.209,0.0,1.0
2011-03-14,0.21,0.21,0.0,1.0
2011-03-15,0.205,0.205,0.0,1.0
2011-03-16,0.209,0.209,0.0,1.0
2011-03-17,0.208,0.208,0.0,1.0
2011-03-18,0.208,0.208,0.0,1.0
2011-03-21,0.208,0.208,0.0,1.0
2011-03-22,0.209,0.209,0.0,1.0
2011-03-23,0.21,0.21,0.0,1.0
2011-03-24,0.21,0.21,0.0,1.0
2011-03-25,0.212,0.212,0.0,1.0
2011-03-28,0.213,0.213,0.0,1.0
2011-03-29,0.212,0.212,0.0,1.0
2011-03-30,0.213,0.213,0.0,1.0
2011-03-31,0.211,0.211,0.0,1.0
2011-04-01,0.214,0.214,0.0,1.0
2011-04-06,0.217,0.217,0.0,1.0
2011-04-07,0.218,0.218,0.0,1.0
2011-04-08,0.219,0.219,0.0,1.0
2011-04-11,0.219,0.219,0.0,1.0
2011-04-12,0.219,0.219,0.0,1.0
2011-04-13,0.22,0.22,0.0,1.0
2011-04-14,0.221,0.221,0.0,1.0
2011-04-15,0.222,0.222,0.0,1.0
2011-04-18,0.222,0.222,0.0,1.0
2011-04-19,0.218,0.218,0.0,1.0
2011-04-20,0.218,0.218,0.0,1.0
2011-04-21,0.219,0.219,0.0,1.0
2011-04-22,0.218,0.218,0.0,1.0
2011-04-25,0.216,0.216,0.0,1.0
2011-04-26,0.213,0.213,0.0,1.0
2011-04-27,0.213,0.213,0.0,1.0
2011-04-28,0.212,0.212,0.0,1.0
2011-04-29,0.214,0.214,0.0,1.0
2011-05-03,0.214,0.214,0.0,1.0
2011-05-04,0.209,0.209,0.0,1.0
2011-05-05,0.208,0.208,0.0,1.0
2011-05-06,0.207,0.207,0.0,1.0
2011-05-09,0.206,0.206,0.0,1.0
2011-05-10,0.208,0.208,0.0,1.0
2011-05-11,0.208,0.208,0.0,1.0
2011-05-12,0.204,0.204,0.0,1.0
2011-05-13,0.207,0.207,0.0,1.0
2011-05-16,0.205,0.205,0.0,1.0
2011-05-17,0.206,0.206,0.0,1.0
2011-05-18,0.208,0.208,0.0,1.0
2011-05-19,0.207,0.207,0.0,1.0
2011-05-20,0.206,0.206,0.0,1.0
2011-05-23,0.202,0.202,0.0,1.0
2011-05-24,0.201,0.201,0.0,1.0
2011-05-25,0.199,0.199,0.0,1.0
2011-05-26,0.199,0.199,0.0,1.0
2011-05-27,0.198,0.198,0.0,1.0
2011-05-30,0.201,0.201,0.0,1.0
2011-05-31,0.203,0.203,0.0,1.0
2011-06-01,0.202,0.202,0.0,1.0
2011-06-02,0.199,0.199,0.0,1.0
2011-06-03,0.201,0.201,0.0,1.0
2011-06-07,0.202,0.202,0.0,1.0
2011-06-08,0.203,0.203,0.0,1.0
2011-06-09,0.201,0.201,0.0,1.0
2011-06-10,0.2,0.2,0.0,1.0
2011-06-13,0.201,0.201,0.0,1.0
2011-06-14,0.203,0.203,0.0,1.0
2011-06-15,0.202,0.202,0.0,1.0
2011-06-16,0.2,0.2,0.0,1.0
2011-06-17,0.199,0.199,0.0,1.0
2011-06-20,0.197,0.197,0.0,1.0
2011-06-21,0.198,0.198,0.0,1.0
2011-06-22,0.198,0.198,0.0,1.0
2011-06-23,0.2,0.2,0.0,1.0
2011-06-24,0.204,0.204,0.0,1.0
2011-06-27,0.205,0.205,0.0,1.0
2011-06-28,0.205,0.205,0.0,1.0
2011-06-29,0.203,0.203,0.0,1.0
2011-06-30,0.204,0.204,0.0,1.0
2011-07-01,0.205,0.205,0.0,1.0
2011-07-04,0.209,0.209,0.0,1.0
2011-07-05,0.21,0.21,0.0,1.0
2011-07-06,0.208,0.208,0.0,1.0
2011-07-07,0.208,0.208,0.0,1.0
2011-07-08,0.208,0.208,0.0,1.0
2011-07-11,0.209,0.209,0.0,1.0
2011-07-12,0.204,0.204,0.0,1.0
2011-07-13,0.207,0.207,0.0,1.0
2011-07-14,0.209,0.209,0.0,1.0
2011-07-15,0.208,0.208,0.0,1.0
2011-07-18,0.209,0.209,0.0,1.0
2011-07-19,0.208,0.208,0.0,1.0
2011-07-20,0.208,0.208,0.0,1.0
2011-07-21,0.206,0.206,0.0,1.0
2011-07-22,0.206,0.206,0.0,1.0
2011-07-25,0.2,0.2,0.0,1.0
2011-07-26,0.202,0.202,0.0,1.0
2011-07-27,0.204,0.204,0.0,1.0
2011-07-28,0.202,0.202,0.0,1.0
2011-07-29,0.202,0.202,0.0,1.0
2011-08-01,0.201,0.201,0.0,1.0
2011-08-02,0.2,0.2,0.0,1.0
2011-08-03,0.202,0.202,0.0,1.0
2011-08-04,0.202,0.202,0.0,1.0
2011-08-05,0.197,0.197,0.0,1.0
2011-08-08,0.193,0.193,0.0,1.0
2011-08-09,0.192,0.192,0.0,1.0
2011-08-10,0.194,0.194,0.0,1.0
2011-08-11,0.195,0.195,0.0,1.0
2011-08-12,0.196,0.196,0.0,1.0
2011-08-15,0.197,0.197,0.0,1.0
2011-08-16,0.196,0.196,0.0,1.0
2011-08-17,0.197,0.197,0.0,1.0
2011-08-18,0.193,0.193,0.0,1.0
2011-08-19,0.192,0.192,0.0,1.0
2011-08-22,0.19,0.19,0.0,1.0
2011-08-23,0.192,0.192,0.0,1.0
2011-08-24,0.19,0.19,0.0,1.0
2011-08-25,0.196,0.196,0.0,1.0
2011-08-26,0.197,0.197,0.0,1.0
2011-08-29,0.194,0.194,0.0,1.0
2011-08-30,0.193,0.193,0.0,1.0
2011-08-31,0.194,0.194,0.0,1.0
2011-09-01,0.194,0.194,0.0,1.0
2011-09-02,0.192,0.192,0.0,1.0
2011-09-05,0.189,0.189,0.0,1.0
2011-09-06,0.188,0.188,0.0,1.0
2011-09-07,0.191,0.191,0.0,1.0
2011-09-08,0.191,0.191,0.0,1.0
2011-09-09,0.19,0.19,0.0,1.0
2011-09-13,0.188,0.188,0.0,1.0
2011-09-14,0.188,0.188,0.0,1.0
2011-09-15,0.187,0.187,0.0,1.0
2011-09-16,0.188,0.188,0.0,1.0
2011-09-19,0.186,0.186,0.0,1.0
2011-09-20,0.186,0.186,0.0,1.0
2011-09-21,0.19,0.19,0.0,1.0
2011-09-22,0.185,0.185,0.0,1.0
2011-09-23,0.182,0.182,0.0,1.0
2011-09-26,0.179,0.179,0.0,1.0
2011-09-27,0.18,0.18,0.0,1.0
2011-09-28,0.18,0.18,0.0,1.0
2011-09-29,0.179,0.179,0.0,1.0
2011-09-30,0.178,0.178,0.0,1.0
2011-10-10,0.177,0.177,0.0,1.0
2011-10-11,0.177,0.177,0.0,1.0
2011-10-12,0.182,0.182,0.0,1.0
2011-10-13,0.182,0.182,0.0,1.0
2011-10-14,0.182,0.182,0.0,1.0
2011-10-17,0.183,0.183,0.0,1.0
2011-10-18,0.179,0.179,0.0,1.0
2011-10-19,0.179,0.179,0.0,1.0
2011-10-20,0.175,0.175,0.0,1.0
2011-10-21,0.174,0.174,0.0,1.0
2011-10-24,0.179,0.179,0.0,1.0
2011-10-25,0.181,0.181,0.0,1.0
2011-10-26,0.184,0.184,0.0,1.0
2011-10-27,0.183,0.183,0.0,1.0
2011-10-28,0.187,0.187,0.0,1.0
2011-10-31,0.186,0.186,0.0,1.0
2011-11-01,0.186,0.186,0.0,1.0
2011-11-02,0.188,0.188,0.0,1.0
2011-11-03,0.187,0.187,0.0,1.0
2011-11-04,0.189,0.189,0.0,1.0
2011-11-07,0.187,0.187,0.0,1.0
2011-11-08,0.188,0.188,0.0,1.0
2011-11-09,0.189,0.189,0.0,1.0
2011-11-10,0.185,0.185,0.0,1.0
2011-11-11,0.185,0.185,0.0,1.0
2011-11-14,0.188,0.188,0.0,1.0
2011-11-15,0.187,0.187,0.0,1.0
2011-11-16,0.183,0.183,0.0,1.0
2011-11-17,0.182,0.182,0.0,1.0
2011-11-18,0.179,0.179,0.0,1.0
2011-11-21,0.179,0.179,0.0,1.0
2011-11-22,0.179,0.179,0.0,1.0
2011-11-23,0.178,0.178,0.0,1.0
2011-11-24,0.178,0.178,0.0,1.0
2011-11-25,0.177,0.177,0.0,1.0
2011-11-28,0.176,0.176,0.0,1.0
2011-11-29,0.178,0.178,0.0,1.0
2011-11-30,0.173,0.173,0.0,1.0
2011-12-01,0.178,0.178,0.0,1.0
2011-12-02,0.177,0.177,0.0,1.0
2011-12-05,0.175,0.175,0.0,1.0
2011-12-06,0.174,0.174,0.0,1.0
2011-12-07,0.174,0.174,0.0,1.0
2011-12-08,0.175,0.175,0.0,1.0
2011-12-09,0.173,0.173,0.0,1.0
2011-12-12,0.172,0.172,0.0,1.0
2011-12-13,0.17,0.17,0.0,1.0
2011-12-14,0.168,0.168,0.0,1.0
2011-12-15,0.164,0.164,0.0,1.0
2011-12-16,0.167,0.167,0.0,1.0
2011-12-19,0.165,0.165,0.0,1.0
2011-12-20,0.165,0.165,0.0,1.0
2011-12-21,0.164,0.164,0.0,1.0
2011-12-22,0.165,0.165,0.0,1.0
2011-12-23,0.166,0.166,0.0,1.0
2011-12-26,0.164,0.164,0.0,1.0
2011-12-27,0.163,0.163,0.0,1.0
2011-12-28,0.164,0.164,0.0,1.0
2011-12-29,0.164,0.164,0.0,1.0
2011-12-30,0.166,0.166,0.0,1.0
2012-01-04,0.164,0.164,0.0,1.0
2012-01-05,0.163,0.163,0.0,1.0
2012-01-06,0.164,0.164,0.0,1.0
2012-01-09,0.17,0.17,0.0,1.0
2012-01-10,0.175,0.175,0.0,1.0
2012-01-11,0.175,0.175,0.0,1.0
2012-01-12,0.176,0.176,0.0,1.0
2012-01-13,0.175,0.175,0.0,1.0
2012-01-16,0.172,0.172,0.0,1.0
2012-01-17,0.18,0.18,0.0,1.0
2012-01-18,0.178,0.178,0.0,1.0
2012-01-19,0.182,0.182,0.0,1.0
2012-01-20,0.183,0.183,0.0,1.0
2012-01-30,0.18,0.18,0.0,1.0
2012-01-31,0.181,0.181,0.0,1.0
2012-02-01,0.178,0.178,0.0,1.0
2012-02-02,0.182,0.182,0.0,1.0
2012-02-03,0.182,0.182,0.0,1.0
2012-02-06,0.182,0.182,0.0,1.0
2012-02-07,0.179,0.179,0.0,1.0
2012-02-08,0.184,0.184,0.0,1.0
2012-02-09,0.182,0.182,0.0,1.0
2012-02-10,0.184,0.184,0.0,1.0
2012-02-13,0.184,0.184,0.0,1.0
2012-02-14,0.182,0.182,0.0,1.0
2012-02-15,0.184,0.184,0.0,1.0
2012-02-16,0.183,0.183,0.0,1.0
2012-02-17,0.183,0.183,0.0,1.0
2012-02-20,0.184,0.184,0.0,1.0
2012-02-21,0.184,0.184,0.0,1.0
2012-02-22,0.186,0.186,0.0,1.0
2012-02-23,0.187,0.187,0.0,1.0
2012-02-24,0.19,0.19,0.0,1.0
2012-02-27,0.19,0.19,0.0,1.0
2012-02-28,0.191,0.191,0.0,1.0
2012-02-29,0.19,0.19,0.0,1.0
2012-03-01,0.188,0.188,0.0,1.0
2012-03-02,0.191,0.191,0.0,1.0
2012-03-05,0.191,0.191,0.0,1.0
2012-03-06,0.187,0.187,0.0,1.0
2012-03-07,0.183,0.183,0.0,1.0
2012-03-08,0.187,0.187,0.0,1.0
2012-03-09,0.189,0.189,0.0,1.0
2012-03-12,0.188,0.188,0.0,1.0
2012-03-13,0.189,0.189,0.0,1.0
2012-03-14,0.185,0.185,0.0,1.0
2012-03-15,0.184,0.184,0.0,1.0
2012-03-16,0.187,0.187,0.0,1.0
2012-03-19,0.188,0.188,0.0,1.0
2012-03-20,0.186,0.186,0.0,1.0
2012-03-21,0.186,0.186,0.0,1.0
2012-03-22,0.185,0.185,0.0,1.0
2012-03-23,0.184,0.184,0.0,1.0
2012-03-26,0.184,0.184,0.0,1.0
2012-03-27,0.186,0.186,0.0,1.0
2012-03-28,0.179,0.179,0.0,1.0
2012-03-29,0.178,0.178,0.0,1.0
2012-03-30,0.178,0.178,0.0,1.0
2012-04-05,0.183,0.183,0.0,1.0
2012-04-06,0.182,0.182,0.0,1.0
2012-04-09,0.181,0.181,0.0,1.0
2012-04-10,0.182,0.182,0.0,1.0
2012-04-11,0.182,0.182,0.0,1.0
2012-04-12,0.186,0.186,0.0,1.0
2012-04-13,0.187,0.187,0.0,1.0
2012-04-16,0.185,0.185,0.0,1.0
2012-04-17,0.183,0.183,0.0,1.0
2012-04-18,0.187,0.187,0.0,1.0
2012-04-19,0.188,0.188,0.0,1.0
2012-04-20,0.189,0.189,0.0,1.0
2012-04-23,0.188,0.188,0.0,1.0
2012-04-24,0.188,0.188,0.0,1.0
2012-04-25,0.19,0.19,0.0,1.0
2012-04-26,0.19,0.19,0.0,1.0
2012-04-27,0.19,0.19,0.0,1.0
2012-05-02,0.195,0.195,0.0,1.0
2012-05-03,0.195,0.195,0.0,1.0
2012-05-04,0.197,0.197,0.0,1.0
2012-05-07,0.197,0.197,0.0,1.0
2012-05-08,0.197,0.197,0.0,1.0
2012-05-09,0.193,0.193,0.0,1.0
2012-05-10,0.194,0.194,0.0,1.0
2012-05-11,0.192,0.192,0.0,1.0
2012-05-14,0.191,0.191,0.0,1.0
2012-05-15,0.19,0.19,0.0,1.0
2012-05-16,0.188,0.188,0.0,1.0
2012-05-17,0.19,0.19,0.0,1.0
2012-05-18,0.188,0.188,0.0,1.0
2012-05-21,0.189,0.189,0.0,1.0
2012-05-22,0.192,0.192,0.0,1.0
2012-05-23,0.19,0.19,0.0,1.0
2012-05-24,0.19,0.19,0.0,1.0
2012-05-25,0.189,0.189,0.0,1.0
2012-05-28,0.191,0.191,0.0,1.0
2012-05-29,0.194,0.194,0.0,1.0
2012-05-30,0.193,0.193,0.0,1.0
2012-05-31,0.192,0.192,0.0,1.0
2012-06-01,0.193,0.193,0.0,1.0
2012-06-04,0.189,0.189,0.0,1.0
2012-06-05,0.189,0.189,0.0,1.0
2012-06-06,0.19,0.19,0.0,1.0
2012-06-07,0.189,0.189,0.0,1.0
2012-06-08,0.187,0.187,0.0,1.0
2012-06-11,0.19,0.19,0.0,1.0
2012-06-12,0.189,0.189,0.0,1.0
2012-06-13,0.191,0.191,0.0,1.0
2012-06-14,0.188,0.188,0.0,1.0
2012-06-15,0.189,0.189,0.0,1.0
2012-06-18,0.191,0.191,0.0,1.0
2012-06-19,0.189,0.189,0.0,1.0
2012-06-20,0.19,0.19,0.0,1.0
2012-06-21,0.187,0.187,0.0,1.0
2012-06-25,0.182,0.182,0.0,1.0
2012-06-26,0.182,0.182,0.0,1.0
2012-06-27,0.181,0.181,0.0,1.0
2012-06-28,0.179,0.179,0.0,1.0
2012-06-29,0.182,0.182,0.0,1.0
2012-07-02,0.181,0.181,0.0,1.0
2012-07-03,0.181,0.181,0.0,1.0
2012-07-04,0.182,0.182,0.0,1.0
2012-07-05,0.18,0.18,0.0,1.0
2012-07-06,0.182,0.182,0.0,1.0
2012-07-09,0.177,0.177,0.0,1.0
2012-07-10,0.176,0.176,0.0,1.0
2012-07-11,0.177,0.177,0.0,1.0
2012-07-12,0.178,0.178,0.0,1.0
2012-07-13,0.178,0.178,0.0,1.0
2012-07-16,0.176,0.176,0.0,1.0
2012-07-17,0.177,0.177,0.0,1.0
2012-07-18,0.177,0.177,0.0,1.0
2012-07-19,0.178,0.178,0.0,1.0
2012-07-20,0.176,0.176,0.0,1.0
2012-07-23,0.173,0.173,0.0,1.0
2012-07-24,0.174,0.174,0.0,1.0
2012-07-25,0.173,0.173,0.0,1.0
2012-07-26,0.174,0.174,0.0,1.0
2012-07-27,0.175,0.175,0.0,1.0
2012-07-30,0.174,0.174,0.0,1.0
2012-07-31,0.173,0.173,0.0,1.0
2012-08-01,0.175,0.175,0.0,1.0
2012-08-02,0.174,0.174,0.0,1.0
2012-08-03,0.174,0.174,0.0,1.0
2012-08-06,0.177,0.177,0.0,1.0
2012-08-07,0.178,0.178,0.0,1.0
2012-08-08,0.178,0.178,0.0,1.0
2012-08-09,0.179,0.179,0.0,1.0
2012-08-10,0.178,0.178,0.0,1.0
2012-08-13,0.175,0.175,0.0,1.0
2012-08-14,0.175,0.175,0.0,1.0
2012-08-15,0.173,0.173,0.0,1.0
2012-08-16,0.173,0.173,0.0,1.0
2012-08-17,0.173,0.173,0.0,1.0
2012-08-20,0.172,0.172,0.0,1.0
2012-08-21,0.173,0.173,0.0,1.0
2012-08-22,0.172,0.172,0.0,1.0
2012-08-23,0.173,0.173,0.0,1.0
2012-08-24,0.171,0.171,0.0,1.0
2012-08-27,0.168,0.168,0.0,1.0
2012-08-28,0.169,0.169,0.0,1.0
2012-08-29,0.166,0.166,0.0,1.0
2012-08-30,0.165,0.165,0.0,1.0
2012-08-31,0.166,0.166,0.0,1.0
2012-09-03,0.166,0.166,0.0,1.0
2012-09-04,0.165,0.165,0.0,1.0
2012-09-05,0.165,0.165,0.0,1.0
2012-09-06,0.166,0.166,0.0,1.0
2012-09-07,0.174,0.174,0.0,1.0
2012-09-10,0.175,0.175,0.0,1.0
2012-09-11,0.172,0.172,0.0,1.0
2012-09-12,0.174,0.174,0.0,1.0
2012-09-13,0.173,0.173,0.0,1.0
2012-09-14,0.174,0.174,0.0,1.0
2012-09-17,0.171,0.171,0.0,1.0
2012-09-18,0.17,0.17,0.0,1.0
2012-09-19,0.171,0.171,0.0,1.0
2012-09-20,0.168,0.168,0.0,1.0
2012-09-21,0.169,0.169,0.0,1.0
2012-09-24,0.169,0.169,0.0,1.0
2012-09-25,0.168,0.168,0.0,1.0
2012-09-26,0.167,0.167,0.0,1.0
2012-09-27,0.172,0.172,0.0,1.0
2012-09-28,0.175,0.175,0.0,1.0
2012-10-08,0.172,0.172,0.0,1.0
2012-10-09,0.177,0.177,0.0,1.0
2012-10-10,0.176,0.176,0.0,1.0
2012-10-11,0.174,0.174,0.0,1.0
2012-10-12,0.175,0.175,0.0,1.0
2012-10-15,0.173,0.173,0.0,1.0
2012-10-16,0.173,0.173,0.0,1.0
2012-10-17,0.173,0.173,0.0,1.0
2012-10-18,0.176,0.176,0.0,1.0
2012-10-19,0.176,0.176,0.0,1.0
2012-10-22,0.177,0.177,0.0,1.0
2012-10-23,0.175,0.175,0.0,1.0
2012-10-24,0.175,0.175,0.0,1.0
2012-10-25,0.174,0.174,0.0,1.0
2012-10-26,0.17,0.17,0.0,1.0
2012-10-29,0.168,0.168,0.0,1.0
2012-10-30,0.169,0.169,0.0,1.0
2012-10-31,0.17,0.17,0.0,1.0
2012-11-01,0.174,0.174,0.0,1.0
2012-11-02,0.175,0.175,0.0,1.0
2012-11-05,0.174,0.174,0.0,1.0
2012-11-06,0.174,0.174,0.0,1.0
2012-11-07,0.175,0.175,0.0,1.0
2012-11-08,0.171,0.171,0.0,1.0
2012-11-09,0.171,0.171,0.0,1.0
2012-11-12,0.172,0.172,0.0,1.0
2012-11-13,0.17,0.17,0.0,1.0
2012-11-14,0.17,0.17,0.0,1.0
2012-11-15,0.168,0.168,0.0,1.0
2012-11-16,0.167,0.167,0.0,1.0
2012-11-19,0.167,0.167,0.0,1.0
2012-11-20,0.166,0.166,0.0,1.0
2012-11-21,0.168,0.168,0.0,1.0
2012-11-22,0.166,0.166,0.0,1.0
2012-11-23,0.168,0.168,0.0,1.0
2012-11-26,0.168,0.168,0.0,1.0
2012-11-27,0.167,0.167,0.0,1.0
2012-11-28,0.165,0.165,0.0,1.0
2012-11-29,0.164,0.164,0.0,1.0
2012-11-30,0.166,0.166,0.0,1.0
2012-12-03,0.164,0.164,0.0,1.0
2012-12-04,0.164,0.164,0.0,1.0
2012-12-05,0.17,0.17,0.0,1.0
2012-12-06,0.17,0.17,0.0,1.0
2012-12-07,0.173,0.173,0.0,1.0
2012-12-10,0.175,0.175,0.0,1.0
2012-12-11,0.174,0.174,0.0,1.0
2012-12-14,1.818,0.18180000000000002,0.0,0.1
2012-12-17,1.833,0.18330000000000002,0.0,0.1
2012-12-18,1.844,0.1844,0.0,0.1
2012-12-19,1.841,0.1841,0.0,0.1
2012-12-20,1.857,0.1857,0.0,0.1
2012-12-21,1.845,0.1845,0.0,0.1
2012-12-24,1.849,0.1849,0.0,0.1
2012-12-25,1.891,0.18910000000000002,0.0,0.1
2012-12-26,1.894,0.1894,0.0,0.1
2012-12-27,1.881,0.18810000000000002,0.0,0.1
2012-12-28,1.911,0.19110000000000002,0.0,0.1
2012-12-31,1.944,0.19440000000000002,0.0,0.1
2013-01-04,1.955,0.1955,0.0,0.1
2013-01-07,1.959,0.19590000000000002,0.0,0.1
2013-01-08,1.933,0.19330000000000003,0.0,0.1
2013-01-09,1.936,0.1936,0.0,0.1
2013-01-10,1.941,0.19410000000000002,0.0,0.1
2013-01-11,1.901,0.19010000000000002,0.0,0.1
2013-01-14,1.963,0.19630000000000003,0.0,0.1
2013-01-15,1.971,0.19710000000000003,0.0,0.1
2013-01-16,1.955,0.1955,0.0,0.1
2013-01-17,1.932,0.1932,0.0,0.1
2013-01-18,1.959,0.19590000000000002,0.0,0.1
2013-01-21,1.98,0.198,0.0,0.1
2013-01-22,1.969,0.19690000000000002,0.0,0.1
2013-01-23,1.969,0.19690000000000002,0.0,0.1
2013-01-24,1.961,0.19610000000000002,0.0,0.1
2013-01-25,1.958,0.1958,0.0,0.1
2013-01-28,2.02,0.202,0.0,0.1
2013-01-29,2.042,0.2042,0.0,0.1
2013-01-30,2.048,0.2048,0.0,0.1
2013-01-31,2.06,0.20600000000000002,0.0,0.1
2013-02-01,2.104,0.21040000000000003,0.0,0.1
2013-02-04,2.136,0.2136,0.0,0.1
2013-02-05,2.145,0.21450000000000002,0.0,0.1
2013-02-06,2.147,0.2147,0.0,0.1
2013-02-07,2.123,0.21230000000000004,0.0,0.1
2013-02-08,2.124,0.21240000000000003,0.0,0.1
2013-02-18,2.1,0.21000000000000002,0.0,0.1
2013-02-19,2.045,0.20450000000000002,0.0,0.1
2013-02-20,2.052,0.20520000000000002,0.0,0.1
2013-02-21,1.965,0.1965,0.0,0.1
2013-02-22,1.957,0.1957,0.0,0.1
2013-02-25,1.971,0.19710000000000003,0.0,0.1
2013-02-26,1.939,0.19390000000000002,0.0,0.1
2013-02-27,1.964,0.19640000000000002,0.0,0.1
2013-02-28,2.03,0.20299999999999999,0.0,0.1
2013-03-01,2.021,0.2021,0.0,0.1
2013-03-04,1.931,0.19310000000000002,0.0,0.1
2013-03-05,1.967,0.1967,0.0,0.1
2013-03-06,1.982,0.19820000000000002,0.0,0.1
2013-03-07,1.96,0.196,0.0,0.1
2013-03-08,1.965,0.1965,0.0,0.1
2013-03-11,1.933,0.19330000000000003,0.0,0.1
2013-03-12,1.931,0.19310000000000002,0.0,0.1
2013-03-13,1.904,0.1904,0.0,0.1
2013-03-14,1.9,0.19,0.0,0.1
2013-03-15,1.909,0.19090000000000001,0.0,0.1
2013-03-18,1.887,0.1887,0.0,0.1
2013-03-19,1.89,0.189,0.0,0.1
2013-03-20,1.95,0.195,0.0,0.1
2013-03-21,1.952,0.1952,0.0,0.1
2013-03-22,1.952,0.1952,0.0,0.1
2013-03-25,1.953,0.19530000000000003,0.0,0.1
2013-03-26,1.918,0.1918,0.0,0.1
2013-03-27,1.92,0.192,0.0,0.1
2013-03-28,1.85,0.18500000000000003,0.0,0.1
2013-03-29,1.843,0.18430000000000002,0.0,0.1
2013-04-01,1.839,0.1839,0.0,0.1
2013-04-02,1.84,0.18400000000000002,0.0,0.1
2013-04-03,1.842,0.18420000000000003,0.0,0.1
2013-04-08,1.826,0.1826,0.0,0.1
2013-04-09,1.849,0.1849,0.0,0.1
2013-04-10,1.844,0.1844,0.0,0.1
2013-04-11,1.852,0.18520000000000003,0.0,0.1
2013-04-12,1.835,0.1835,0.0,0.1
2013-04-15,1.81,0.18100000000000002,0.0,0.1
2013-04-16,1.81,0.18100000000000002,0.0,0.1
2013-04-17,1.809,0.1809,0.0,0.1
2013-04-18,1.814,0.1814,0.0,0.1
2013-04-19,1.865,0.1865,0.0,0.1
2013-04-22,1.868,0.18680000000000002,0.0,0.1
2013-04-23,1.808,0.18080000000000002,0.0,0.1
2013-04-24,1.832,0.18320000000000003,0.0,0.1
2013-04-25,1.822,0.18220000000000003,0.0,0.1
2013-04-26,1.817,0.1817,0.0,0.1
2013-05-02,1.792,0.17920000000000003,0.0,0.1
2013-05-03,1.83,0.18300000000000002,0.0,0.1
2013-05-06,1.849,0.1849,0.0,0.1
2013-05-07,1.849,0.1849,0.0,0.1
2013-05-08,1.859,0.1859,0.0,0.1
2013-05-09,1.835,0.1835,0.0,0.1
2013-05-10,1.846,0.18460000000000001,0.0,0.1
2013-05-13,1.838,0.18380000000000002,0.0,0.1
2013-05-14,1.803,0.18030000000000002,0.0,0.1
2013-05-15,1.803,0.18030000000000002,0.0,0.1
2013-05-16,1.819,0.1819,0.0,0.1
2013-05-17,1.85,0.18500000000000003,0.0,0.1
2013-05-20,1.867,0.1867,0.0,0.1
2013-05-21,1.866,0.18660000000000002,0.0,0.1
2013-05-22,1.873,0.18730000000000002,0.0,0.1
2013-05-23,1.842,0.18420000000000003,0.0,0.1
2013-05-24,1.837,0.1837,0.0,0.1
2013-05-27,1.837,0.1837,0.0,0.1
2013-05-28,1.869,0.1869,0.0,0.1
2013-05-29,1.869,0.1869,0.0,0.1
2013-05-30,1.854,0.1854,0.0,0.1
2013-05-31,1.853,0.18530000000000002,0.0,0.1
2013-06-03,1.847,0.1847,0.0,0.1
2013-06-04,1.824,0.1824,0.0,0.1
2013-06-05,1.822,0.18220000000000003,0.0,0.1
2013-06-06,1.797,0.1797,0.0,0.1
2013-06-07,1.78,0.17800000000000002,0.0,0.1
2013-06-13,1.72,0.17200000000000001,0.0,0.1
2013-06-14,1.717,0.17170000000000002,0.0,0.1
2013-06-17,1.709,0.17090000000000002,0.0,0.1
2013-06-18,1.694,0.1694,0.0,0.1
2013-06-19,1.691,0.16910000000000003,0.0,0.1
2013-06-20,1.628,0.1628,0.0,0.1
2013-06-21,1.627,0.1627,0.0,0.1
2013-06-24,1.518,0.15180000000000002,0.0,0.1
2013-06-25,1.509,0.1509,0.0,0.1
2013-06-26,1.487,0.14870000000000003,0.0,0.1
2013-06-27,1.488,0.14880000000000002,0.0,0.1
2013-06-28,1.523,0.1523,0.0,0.1
2013-07-01,1.525,0.1525,0.0,0.1
2013-07-02,1.51,0.15100000000000002,0.0,0.1
2013-07-03,1.48,0.148,0.0,0.1
2013-07-04,1.511,0.1511,0.0,0.1
2013-07-05,1.516,0.1516,0.0,0.1
2013-07-08,1.46,0.146,0.0,0.1
2013-07-09,1.462,0.1462,0.0,0.1
2013-07-10,1.515,0.1515,0.0,0.1
2013-07-11,1.602,0.1602,0.0,0.1
2013-07-12,1.56,0.15600000000000003,0.0,0.1
2013-07-15,1.56,0.15600000000000003,0.0,0.1
2013-07-16,1.555,0.1555,0.0,0.1
2013-07-17,1.554,0.1554,0.0,0.1
2013-07-18,1.511,0.1511,0.0,0.1
2013-07-19,1.474,0.1474,0.0,0.1
2013-07-22,1.475,0.14750000000000002,0.0,0.1
2013-07-23,1.504,0.1504,0.0,0.1
2013-07-24,1.49,0.149,0.0,0.1
2013-07-25,1.485,0.14850000000000002,0.0,0.1
2013-07-26,1.496,0.1496,0.0,0.1
2013-07-29,1.454,0.1454,0.0,0.1
2013-07-30,1.466,0.1466,0.0,0.1
2013-07-31,1.473,0.14730000000000001,0.0,0.1
2013-08-01,1.495,0.14950000000000002,0.0,0.1
2013-08-02,1.498,0.14980000000000002,0.0,0.1
2013-08-05,1.503,0.1503,0.0,0.1
2013-08-06,1.523,0.1523,0.0,0.1
2013-08-07,1.523,0.1523,0.0,0.1
2013-08-08,1.514,0.1514,0.0,0.1
2013-08-09,1.539,0.1539,0.0,0.1
2013-08-12,1.587,0.1587,0.0,0.1
2013-08-13,1.613,0.1613,0.0,0.1
2013-08-14,1.6,0.16000000000000003,0.0,0.1
2013-08-15,1.593,0.1593,0.0,0.1
2013-08-16,1.6,0.16000000000000003,0.0,0.1
2013-08-19,1.601,0.16010000000000002,0.0,0.1
2013-08-20,1.6,0.16000000000000003,0.0,0.1
2013-08-21,1.599,0.15990000000000001,0.0,0.1
2013-08-22,1.578,0.15780000000000002,0.0,0.1
2013-08-23,1.563,0.1563,0.0,0.1
2013-08-26,1.6,0.16000000000000003,0.0,0.1
2013-08-27,1.605,0.1605,0.0,0.1
2013-08-28,1.621,0.16210000000000002,0.0,0.1
2013-08-29,1.605,0.1605,0.0,0.1
2013-08-30,1.581,0.15810000000000002,0.0,0.1
2013-09-02,1.604,0.16040000000000001,0.0,0.1
2013-09-03,1.611,0.16110000000000002,0.0,0.1
2013-09-04,1.61,0.16100000000000003,0.0,0.1
2013-09-05,1.608,0.16080000000000003,0.0,0.1
2013-09-06,1.62,0.16200000000000003,0.0,0.1
2013-09-09,1.68,0.168,0.0,0.1
2013-09-10,1.716,0.1716,0.0,0.1
2013-09-11,1.74,0.17400000000000002,0.0,0.1
2013-09-12,1.752,0.17520000000000002,0.0,0.1
2013-09-13,1.722,0.17220000000000002,0.0,0.1
2013-09-16,1.71,0.171,0.0,0.1
2013-09-17,1.676,0.1676,0.0,0.1
2013-09-18,1.675,0.1675,0.0,0.1
2013-09-23,1.679,0.16790000000000002,0.0,0.1
2013-09-24,1.652,0.1652,0.0,0.1
2013-09-25,1.638,0.1638,0.0,0.1
2013-09-26,1.607,0.1607,0.0,0.1
2013-09-27,1.601,0.16010000000000002,0.0,0.1
2013-09-30,1.612,0.1612,0.0,0.1
2013-10-08,1.629,0.16290000000000002,0.0,0.1
2013-10-09,1.637,0.1637,0.0,0.1
2013-10-10,1.613,0.1613,0.0,0.1
2013-10-11,1.647,0.1647,0.0,0.1
2013-10-14,1.639,0.16390000000000002,0.0,0.1
2013-10-15,1.639,0.16390000000000002,0.0,0.1
2013-10-16,1.621,0.16210000000000002,0.0,0.1
2013-10-17,1.621,0.16210000000000002,0.0,0.1
2013-10-18,1.619,0.16190000000000002,0.0,0.1
2013-10-21,1.63,0.163,0.0,0.1
2013-10-22,1.612,0.1612,0.0,0.1
2013-10-23,1.612,0.1612,0.0,0.1
2013-10-24,1.599,0.15990000000000001,0.0,0.1
2013-10-25,1.584,0.1584,0.0,0.1
2013-10-28,1.59,0.15900000000000003,0.0,0.1
2013-10-29,1.592,0.1592,0.0,0.1
2013-10-30,1.623,0.1623,0.0,0.1
2013-10-31,1.61,0.16100000000000003,0.0,0.1
2013-11-01,1.62,0.16200000000000003,0.0,0.1
2013-11-04,1.62,0.16200000000000003,0.0,0.1
2013-11-05,1.613,0.1613,0.0,0.1
2013-11-06,1.602,0.1602,0.0,0.1
2013-11-07,1.606,0.16060000000000002,0.0,0.1
2013-11-08,1.589,0.1589,0.0,0.1
2013-11-11,1.577,0.1577,0.0,0.1
2013-11-12,1.586,0.15860000000000002,0.0,0.1
2013-11-13,1.557,0.1557,0.0,0.1
2013-11-14,1.562,0.1562,0.0,0.1
2013-11-15,1.585,0.1585,0.0,0.1
2013-11-18,1.654,0.1654,0.0,0.1
2013-11-19,1.636,0.1636,0.0,0.1
2013-11-20,1.647,0.1647,0.0,0.1
2013-11-21,1.628,0.1628,0.0,0.1
2013-11-22,1.628,0.1628,0.0,0.1
2013-11-25,1.628,0.1628,0.0,0.1
2013-11-26,1.613,0.1613,0.0,0.1
2013-11-27,1.62,0.16200000000000003,0.0,0.1
2013-11-28,1.658,0.1658,0.0,0.1
2013-11-29,1.652,0.1652,0.0,0.1
2013-12-02,1.652,0.1652,0.0,0.1
2013-12-03,1.668,0.1668,0.0,0.1
2013-12-04,1.681,0.16810000000000003,0.0,0.1
2013-12-05,1.677,0.16770000000000002,0.0,0.1
2013-12-06,1.652,0.1652,0.0,0.1
2013-12-09,1.651,0.16510000000000002,0.0,0.1
2013-12-10,1.651,0.16510000000000002,0.0,0.1
2013-12-11,1.631,0.16310000000000002,0.0,0.1
2013-12-12,1.619,0.16190000000000002,0.0,0.1
2013-12-13,1.615,0.1615,0.0,0.1
2013-12-16,1.598,0.15980000000000003,0.0,0.1
2013-12-17,1.576,0.15760000000000002,0.0,0.1
2013-12-18,1.579,0.1579,0.0,0.1
2013-12-19,1.564,0.1564,0.0,0.1
2013-12-20,1.521,0.1521,0.0,0.1
2013-12-23,1.523,0.1523,0.0,0.1
2013-12-24,1.512,0.1512,0.0,0.1
2013-12-25,1.523,0.1523,0.0,0.1
2013-12-26,1.495,0.14950000000000002,0.0,0.1
2013-12-27,1.518,0.15180000000000002,0.0,0.1
2013-12-30,1.513,0.1513,0.0,0.1
2013-12-31,1.529,0.1529,0.0,0.1
2014-01-02,1.52,0.15200000000000002,0.0,0.1
2014-01-03,1.499,0.1499,0.0,0.1
2014-01-06,1.468,0.1468,0.0,0.1
2014-01-07,1.469,0.1469,0.0,0.1
2014-01-08,1.462,0.1462,0.0,0.1
2014-01-09,1.455,0.14550000000000002,0.0,0.1
2014-01-10,1.448,0.1448,0.0,0.1
2014-01-13,1.449,0.1449,0.0,0.1
2014-01-14,1.448,0.1448,0.0,0.1
2014-01-15,1.437,0.14370000000000002,0.0,0.1
2014-01-16,1.455,0.14550000000000002,0.0,0.1
2014-01-17,1.423,0.1423,0.0,0.1
2014-01-20,1.418,0.1418,0.0,0.1
2014-01-21,1.421,0.1421,0.0,0.1
2014-01-22,1.464,0.1464,0.0,0.1
2014-01-23,1.458,0.1458,0.0,0.1
2014-01-24,1.46,0.146,0.0,0.1
2014-01-27,1.453,0.1453,0.0,0.1
2014-01-28,1.448,0.1448,0.0,0.1
2014-01-29,1.444,0.1444,0.0,0.1
2014-01-30,1.447,0.14470000000000002,0.0,0.1
2014-02-07,1.44,0.144,0.0,0.1
2014-02-10,1.461,0.1461,0.0,0.1
2014-02-11,1.488,0.14880000000000002,0.0,0.1
2014-02-12,1.487,0.14870000000000003,0.0,0.1
2014-02-13,1.492,0.1492,0.0,0.1
2014-02-14,1.493,0.14930000000000002,0.0,0.1
2014-02-17,1.508,0.15080000000000002,0.0,0.1
2014-02-18,1.481,0.1481,0.0,0.1
2014-02-19,1.496,0.1496,0.0,0.1
2014-02-20,1.494,0.1494,0.0,0.1
2014-02-21,1.477,0.14770000000000003,0.0,0.1
2014-02-24,1.445,0.14450000000000002,0.0,0.1
2014-02-25,1.413,0.1413,0.0,0.1
2014-02-26,1.426,0.1426,0.0,0.1
2014-02-27,1.438,0.1438,0.0,0.1
2014-02-28,1.451,0.1451,0.0,0.1
2014-03-03,1.459,0.1459,0.0,0.1
2014-03-04,1.451,0.1451,0.0,0.1
2014-03-05,1.442,0.1442,0.0,0.1
2014-03-06,1.449,0.1449,0.0,0.1
2014-03-07,1.459,0.1459,0.0,0.1
2014-03-10,1.414,0.1414,0.0,0.1
2014-03-11,1.426,0.1426,0.0,0.1
2014-03-12,1.418,0.1418,0.0,0.1
2014-03-13,1.427,0.14270000000000002,0.0,0.1
2014-03-14,1.418,0.1418,0.0,0.1
2014-03-17,1.427,0.14270000000000002,0.0,0.1
2014-03-18,1.43,0.143,0.0,0.1
2014-03-19,1.42,0.142,0.0,0.1
2014-03-20,1.401,0.1401,0.0,0.1
2014-03-21,1.445,0.14450000000000002,0.0,0.1
2014-03-24,1.452,0.1452,0.0,0.1
2014-03-25,1.443,0.1443,0.0,0.1
2014-03-26,1.441,0.1441,0.0,0.1
2014-03-27,1.442,0.1442,0.0,0.1
2014-03-28,1.435,0.14350000000000002,0.0,0.1
2014-03-31,1.436,0.1436,0.0,0.1
2014-04-01,1.453,0.1453,0.0,0.1
2014-04-02,1.459,0.1459,0.0,0.1
2014-04-03,1.451,0.1451,0.0,0.1
2014-04-04,1.452,0.1452,0.0,0.1
2014-04-08,1.5,0.15000000000000002,0.0,0.1
2014-04-09,1.503,0.1503,0.0,0.1
2014-04-10,1.551,0.15510000000000002,0.0,0.1
2014-04-11,1.55,0.15500000000000003,0.0,0.1
2014-04-14,1.54,0.15400000000000003,0.0,0.1
2014-04-15,1.514,0.1514,0.0,0.1
2014-04-16,1.513,0.1513,0.0,0.1
2014-04-17,1.496,0.1496,0.0,0.1
2014-04-18,1.5,0.15000000000000002,0.0,0.1
2014-04-21,1.489,0.1489,0.0,0.1
2014-04-22,1.48,0.148,0.0,0.1
2014-04-23,1.488,0.14880000000000002,0.0,0.1
2014-04-24,1.499,0.1499,0.0,0.1
2014-04-25,1.472,0.1472,0.0,0.1
2014-04-28,1.451,0.1451,0.0,0.1
2014-04-29,1.46,0.146,0.0,0.1
2014-04-30,1.455,0.14550000000000002,0.0,0.1
2014-05-05,1.455,0.14550000000000002,0.0,0.1
2014-05-06,1.453,0.1453,0.0,0.1
2014-05-07,1.45,0.145,0.0,0.1
2014-05-08,1.452,0.1452,0.0,0.1
2014-05-09,1.45,0.145,0.0,0.1
2014-05-12,1.485,0.14850000000000002,0.0,0.1
2014-05-13,1.484,0.1484,0.0,0.1
2014-05-14,1.471,0.1471,0.0,0.1
2014-05-15,1.46,0.146,0.0,0.1
2014-05-16,1.458,0.1458,0.0,0.1
2014-05-19,1.452,0.1452,0.0,0.1
2014-05-20,1.427,0.14270000000000002,0.0,0.1
2014-05-21,1.442,0.1442,0.0,0.1
2014-05-22,1.44,0.144,0.0,0.1
2014-05-23,1.453,0.1453,0.0,0.1
2014-05-26,1.446,0.1446,0.0,0.1
2014-05-27,1.447,0.14470000000000002,0.0,0.1
2014-05-28,1.451,0.1451,0.0,0.1
2014-05-29,1.451,0.1451,0.0,0.1
2014-05-30,1.451,0.1451,0.0,0.1
2014-06-03,1.445,0.14450000000000002,0.0,0.1
2014-06-04,1.438,0.1438,0.0,0.1
2014-06-05,1.447,0.14470000000000002,0.0,0.1
2014-06-06,1.437,0.14370000000000002,0.0,0.1
2014-06-09,1.439,0.1439,0.0,0.1
2014-06-10,1.445,0.14450000000000002,0.0,0.1
2014-06-11,1.438,0.1438,0.0,0.1
2014-06-12,1.445,0.14450000000000002,0.0,0.1
2014-06-13,1.451,0.1451,0.0,0.1
2014-06-16,1.471,0.1471,0.0,0.1
2014-06-17,1.463,0.1463,0.0,0.1
2014-06-18,1.443,0.1443,0.0,0.1
2014-06-19,1.439,0.1439,0.0,0.1
2014-06-20,1.438,0.1438,0.0,0.1
2014-06-23,1.445,0.14450000000000002,0.0,0.1
2014-06-24,1.454,0.1454,0.0,0.1
2014-06-25,1.44,0.144,0.0,0.1
2014-06-26,1.447,0.14470000000000002,0.0,0.1
2014-06-27,1.45,0.145,0.0,0.1
2014-06-30,1.46,0.146,0.0,0.1
2014-07-01,1.45,0.145,0.0,0.1
2014-07-02,1.47,0.147,0.0,0.1
2014-07-03,1.47,0.147,0.0,0.1
2014-07-04,1.47,0.147,0.0,0.1
2014-07-07,1.468,0.1468,0.0,0.1
2014-07-08,1.465,0.14650000000000002,0.0,0.1
2014-07-09,1.46,0.146,0.0,0.1
2014-07-10,1.453,0.1453,0.0,0.1
2014-07-11,1.465,0.14650000000000002,0.0,0.1
2014-07-14,1.485,0.14850000000000002,0.0,0.1
2014-07-15,1.482,0.1482,0.0,0.1
2014-07-16,1.491,0.1491,0.0,0.1
2014-07-17,1.473,0.14730000000000001,0.0,0.1
2014-07-18,1.497,0.14970000000000003,0.0,0.1
2014-07-21,1.49,0.149,0.0,0.1
2014-07-22,1.509,0.1509,0.0,0.1
2014-07-23,1.51,0.15100000000000002,0.0,0.1
2014-07-24,1.542,0.1542,0.0,0.1
2014-07-25,1.566,0.15660000000000002,0.0,0.1
2014-07-28,1.604,0.16040000000000001,0.0,0.1
2014-07-29,1.596,0.15960000000000002,0.0,0.1
2014-07-30,1.604,0.16040000000000001,0.0,0.1
2014-07-31,1.618,0.16180000000000003,0.0,0.1
2014-08-01,1.611,0.16110000000000002,0.0,0.1
2014-08-04,1.635,0.1635,0.0,0.1
2014-08-05,1.644,0.1644,0.0,0.1
2014-08-06,1.63,0.163,0.0,0.1
2014-08-07,1.611,0.16110000000000002,0.0,0.1
2014-08-08,1.61,0.16100000000000003,0.0,0.1
2014-08-11,1.63,0.163,0.0,0.1
2014-08-12,1.629,0.16290000000000002,0.0,0.1
2014-08-13,1.621,0.16210000000000002,0.0,0.1
2014-08-14,1.613,0.1613,0.0,0.1
2014-08-15,1.622,0.1622,0.0,0.1
2014-08-18,1.632,0.1632,0.0,0.1
2014-08-19,1.623,0.1623,0.0,0.1
2014-08-20,1.624,0.16240000000000002,0.0,0.1
2014-08-21,1.601,0.16010000000000002,0.0,0.1
2014-08-22,1.611,0.16110000000000002,0.0,0.1
2014-08-25,1.6,0.16000000000000003,0.0,0.1
2014-08-26,1.592,0.1592,0.0,0.1
2014-08-27,1.595,0.1595,0.0,0.1
2014-08-28,1.6,0.16000000000000003,0.0,0.1
2014-08-29,1.611,0.16110000000000002,0.0,0.1
2014-09-01,1.616,0.16160000000000002,0.0,0.1
2014-09-02,1.632,0.1632,0.0,0.1
2014-09-03,1.657,0.16570000000000001,0.0,0.1
2014-09-04,1.669,0.16690000000000002,0.0,0.1
2014-09-05,1.706,0.1706,0.0,0.1
2014-09-09,1.7,0.17,0.0,0.1
2014-09-10,1.68,0.168,0.0,0.1
2014-09-11,1.664,0.1664,0.0,0.1
2014-09-12,1.674,0.1674,0.0,0.1
2014-09-15,1.672,0.16720000000000002,0.0,0.1
2014-09-16,1.639,0.16390000000000002,0.0,0.1
2014-09-17,1.65,0.165,0.0,0.1
2014-09-18,1.65,0.165,0.0,0.1
2014-09-19,1.665,0.1665,0.0,0.1
2014-09-22,1.625,0.1625,0.0,0.1
2014-09-23,1.634,0.1634,0.0,0.1
2014-09-24,1.66,0.166,0.0,0.1
2014-09-25,1.651,0.16510000000000002,0.0,0.1
2014-09-26,1.652,0.1652,0.0,0.1
2014-09-29,1.664,0.1664,0.0,0.1
2014-09-30,1.668,0.1668,0.0,0.1
2014-10-08,1.675,0.1675,0.0,0.1
2014-10-09,1.673,0.1673,0.0,0.1
2014-10-10,1.67,0.167,0.0,0.1
2014-10-13,1.656,0.1656,0.0,0.1
2014-10-14,1.646,0.1646,0.0,0.1
2014-10-15,1.654,0.1654,0.0,0.1
2014-10-16,1.663,0.1663,0.0,0.1
2014-10-17,1.637,0.1637,0.0,0.1
2014-10-20,1.642,0.1642,0.0,0.1
2014-10-21,1.63,0.163,0.0,0.1
2014-10-22,1.625,0.1625,0.0,0.1
2014-10-23,1.608,0.16080000000000003,0.0,0.1
2014-10-24,1.601,0.16010000000000002,0.0,0.1
2014-10-27,1.58,0.15800000000000003,0.0,0.1
2014-10-28,1.615,0.1615,0.0,0.1
2014-10-29,1.62,0.16200000000000003,0.0,0.1
2014-10-30,1.632,0.1632,0.0,0.1
2014-10-31,1.657,0.16570000000000001,0.0,0.1
2014-11-03,1.658,0.1658,0.0,0.1
2014-11-04,1.656,0.1656,0.0,0.1
2014-11-05,1.649,0.16490000000000002,0.0,0.1
2014-11-06,1.649,0.16490000000000002,0.0,0.1
2014-11-07,1.648,0.1648,0.0,0.1
2014-11-10,1.693,0.1693,0.0,0.1
2014-11-11,1.702,0.17020000000000002,0.0,0.1
2014-11-12,1.715,0.1715,0.0,0.1
2014-11-13,1.712,0.17120000000000002,0.0,0.1
2014-11-14,1.724,0.1724,0.0,0.1
2014-11-17,1.724,0.1724,0.0,0.1
2014-11-18,1.691,0.16910000000000003,0.0,0.1
2014-11-19,1.689,0.16890000000000002,0.0,0.1
2014-11-20,1.69,0.169,0.0,0.1
2014-11-21,1.708,0.1708,0.0,0.1
2014-11-24,1.741,0.17410000000000003,0.0,0.1
2014-11-25,1.762,0.17620000000000002,0.0,0.1
2014-11-26,1.771,0.1771,0.0,0.1
2014-11-27,1.78,0.17800000000000002,0.0,0.1
2014-11-28,1.812,0.18120000000000003,0.0,0.1
2014-12-01,1.812,0.18120000000000003,0.0,0.1
2014-12-02,1.899,0.1899,0.0,0.1
2014-12-03,1.909,0.19090000000000001,0.0,0.1
2014-12-04,2.013,0.2013,0.0,0.1
2014-12-05,2.048,0.2048,0.0,0.1
2014-12-08,2.122,0.2122,0.0,0.1
2014-12-09,2.023,0.20230000000000004,0.0,0.1
2014-12-10,2.135,0.2135,0.0,0.1
2014-12-11,2.099,0.20990000000000003,0.0,0.1
2014-12-12,2.089,0.2089,0.0,0.1
2014-12-15,2.1,0.21000000000000002,0.0,0.1
2014-12-16,2.14,0.21400000000000002,0.0,0.1
2014-12-17,2.15,0.215,0.0,0.1
2014-12-18,2.188,0.21880000000000002,0.0,0.1
2014-12-19,2.247,0.2247,0.0,0.1
2014-12-22,2.244,0.22440000000000004,0.0,0.1
2014-12-23,2.169,0.2169,0.0,0.1
2014-12-24,2.135,0.2135,0.0,0.1
2014-12-25,2.189,0.2189,0.0,0.1
2014-12-26,2.234,0.22340000000000002,0.0,0.1
2014-12-29,2.289,0.22890000000000002,0.0,0.1
2014-12-30,2.29,0.229,0.0,0.1
2014-12-31,2.32,0.23199999999999998,0.0,0.1
2015-01-05,2.43,0.24300000000000002,0.0,0.1
2015-01-06,2.396,0.2396,0.0,0.1
2015-01-07,2.379,0.2379,0.0,0.1
2015-01-08,2.327,0.23270000000000002,0.0,0.1
2015-01-09,2.358,0.2358,0.0,0.1
2015-01-12,2.282,0.22820000000000001,0.0,0.1
2015-01-13,2.272,0.22719999999999999,0.0,0.1
2015-01-14,2.27,0.227,0.0,0.1
2015-01-15,2.328,0.2328,0.0,0.1
2015-01-16,2.342,0.23420000000000002,0.0,0.1
2015-01-19,2.127,0.2127,0.0,0.1
2015-01-20,2.17,0.217,0.0,0.1
2015-01-21,2.245,0.22450000000000003,0.0,0.1
2015-01-22,2.27,0.227,0.0,0.1
2015-01-23,2.261,0.22610000000000002,0.0,0.1
2015-01-26,2.31,0.231,0.0,0.1
2015-01-27,2.271,0.2271,0.0,0.1
2015-01-28,2.258,0.2258,0.0,0.1
2015-01-29,2.22,0.22200000000000003,0.0,0.1
2015-01-30,2.2,0.22000000000000003,0.0,0.1
2015-02-02,2.152,0.21520000000000003,0.0,0.1
2015-02-03,2.199,0.21989999999999998,0.0,0.1
2015-02-04,2.176,0.21760000000000002,0.0,0.1
2015-02-05,2.153,0.21530000000000002,0.0,0.1
2015-02-06,2.092,0.20920000000000002,0.0,0.1
2015-02-09,2.14,0.21400000000000002,0.0,0.1
2015-02-10,2.17,0.217,0.0,0.1
2015-02-11,2.177,0.2177,0.0,0.1
2015-02-12,2.185,0.21850000000000003,0.0,0.1
2015-02-13,2.2,0.22000000000000003,0.0,0.1
2015-02-16,2.207,0.2207,0.0,0.1
2015-02-17,2.239,0.2239,0.0,0.1
2015-02-25,2.216,0.22160000000000002,0.0,0.1
2015-02-26,2.28,0.22799999999999998,0.0,0.1
2015-02-27,2.274,0.22740000000000002,0.0,0.1
2015-03-02,2.274,0.22740000000000002,0.0,0.1
2015-03-03,2.233,0.22330000000000003,0.0,0.1
2015-03-04,2.238,0.2238,0.0,0.1
2015-03-05,2.202,0.2202,0.0,0.1
2015-03-06,2.192,0.21920000000000003,0.0,0.1
2015-03-09,2.24,0.22400000000000003,0.0,0.1
2015-03-10,2.239,0.2239,0.0,0.1
2015-03-11,2.221,0.22210000000000002,0.0,0.1
2015-03-12,2.285,0.22850000000000004,0.0,0.1
2015-03-13,2.309,0.23090000000000002,0.0,0.1
2015-03-16,2.359,0.2359,0.0,0.1
2015-03-17,2.392,0.2392,0.0,0.1
2015-03-18,2.438,0.24380000000000002,0.0,0.1
2015-03-19,2.438,0.24380000000000002,0.0,0.1
2015-03-20,2.45,0.24500000000000002,0.0,0.1
2015-03-23,2.485,0.2485,0.0,0.1
2015-03-24,2.461,0.24609999999999999,0.0,0.1
2015-03-25,2.43,0.24300000000000002,0.0,0.1
2015-03-26,2.489,0.2489,0.0,0.1
2015-03-27,2.477,0.2477,0.0,0.1
2015-03-30,2.577,0.2577,0.0,0.1
2015-03-31,2.514,0.2514,0.0,0.1
2015-04-01,2.559,0.2559,0.0,0.1
2015-04-02,2.54,0.254,0.0,0.1
2015-04-03,2.54,0.254,0.0,0.1
2015-04-07,2.605,0.2605,0.0,0.1
2015-04-08,2.628,0.26280000000000003,0.0,0.1
2015-04-09,2.594,0.2594,0.0,0.1
2015-04-10,2.626,0.2626,0.0,0.1
2015-04-13,2.665,0.2665,0.0,0.1
2015-04-14,2.685,0.2685,0.0,0.1
2015-04-15,2.683,0.2683,0.0,0.1
2015-04-16,2.785,0.2785,0.0,0.1
2015-04-17,2.867,0.2867,0.0,0.1
2015-04-20,2.903,0.2903,0.0,0.1
2015-04-21,3.016,0.30160000000000003,0.0,0.1
2015-04-22,3.05,0.305,0.0,0.1
2015-04-23,3.053,0.3053,0.0,0.1
2015-04-24,3.085,0.3085,0.0,0.1
2015-04-27,3.127,0.3127,0.0,0.1
2015-04-28,3.129,0.3129,0.0,0.1
2015-04-29,3.091,0.30910000000000004,0.0,0.1
2015-04-30,3.068,0.3068,0.0,0.1
2015-05-04,3.121,0.31210000000000004,0.0,0.1
2015-05-05,2.991,0.29910000000000003,0.0,0.1
2015-05-06,2.955,0.29550000000000004,0.0,0.1
2015-05-07,2.854,0.28540000000000004,0.0,0.1
2015-05-08,2.898,0.2898,0.0,0.1
2015-05-11,2.99,0.29900000000000004,0.0,0.1
2015-05-12,2.99,0.29900000000000004,0.0,0.1
2015-05-13,2.95,0.29500000000000004,0.0,0.1
2015-05-14,2.956,0.29560000000000003,0.0,0.1
2015-05-15,2.916,0.2916,0.0,0.1
2015-05-18,2.856,0.2856,0.0,0.1
2015-05-19,2.916,0.2916,0.0,0.1
2015-05-20,2.977,0.2977,0.0,0.1
2015-05-21,3.0,0.30000000000000004,0.0,0.1
2015-05-22,3.11,0.311,0.0,0.1
2015-05-25,3.23,0.323,0.0,0.1
2015-05-26,3.265,0.3265,0.0,0.1
2015-05-27,3.249,0.3249,0.0,0.1
2015-05-28,3.009,0.3009,0.0,0.1
2015-05-29,3.08,0.30800000000000005,0.0,0.1
2015-06-01,3.152,0.31520000000000004,0.0,0.1
2015-06-02,3.17,0.317,0.0,0.1
2015-06-03,3.149,0.3149,0.0,0.1
2015-06-04,3.14,0.31400000000000006,0.0,0.1
2015-06-05,3.169,0.3169,0.0,0.1
2015-06-08,3.251,0.3251,0.0,0.1
2015-06-09,3.307,0.3307,0.0,0.1
2015-06-10,3.262,0.32620000000000005,0.0,0.1
2015-06-11,3.237,0.32370000000000004,0.0,0.1
2015-06-12,3.237,0.32370000000000004,0.0,0.1
2015-06-15,3.182,0.31820000000000004,0.0,0.1
2015-06-16,3.08,0.30800000000000005,0.0,0.1
2015-06-17,3.128,0.3128,0.0,0.1
2015-06-18,3.024,0.3024,0.0,0.1
2015-06-19,2.892,0.2892,0.0,0.1
2015-06-23,2.9,0.29,0.0,0.1
2015-06-24,2.989,0.2989,0.0,0.1
2015-06-25,2.872,0.2872,0.0,0.1
2015-06-26,2.631,0.2631,0.0,0.1
2015-06-29,2.62,0.262,0.0,0.1
2015-06-30,2.722,0.2722,0.0,0.1
2015-07-01,2.62,0.262,0.0,0.1
2015-07-02,2.601,0.2601,0.0,0.1
2015-07-03,2.423,0.24230000000000002,0.0,0.1
2015-07-06,2.663,0.2663,0.0,0.1
2015-07-07,2.625,0.2625,0.0,0.1
2015-07-08,2.39,0.23900000000000002,0.0,0.1
2015-07-09,2.629,0.2629,0.0,0.1
2015-07-10,2.786,0.2786,0.0,0.1
2015-07-13,2.776,0.2776,0.0,0.1
2015-07-14,2.674,0.2674,0.0,0.1
2015-07-15,2.65,0.265,0.0,0.1
2015-07-16,2.66,0.266,0.0,0.1
2015-07-17,2.69,0.269,0.0,0.1
2015-07-20,2.698,0.2698,0.0,0.1
2015-07-21,2.66,0.266,0.0,0.1
2015-07-22,2.633,0.26330000000000003,0.0,0.1
2015-07-23,2.672,0.26720000000000005,0.0,0.1
2015-07-24,2.672,0.26720000000000005,0.0,0.1
2015-07-27,2.5,0.25,0.0,0.1
2015-07-28,2.351,0.2351,0.0,0.1
2015-07-29,2.449,0.2449,0.0,0.1
2015-07-30,2.43,0.24300000000000002,0.0,0.1
2015-07-31,2.38,0.238,0.0,0.1
2015-08-03,2.38,0.238,0.0,0.1
2015-08-04,2.479,0.2479,0.0,0.1
2015-08-05,2.429,0.2429,0.0,0.1
2015-08-06,2.42,0.242,0.0,0.1
2015-08-07,2.46,0.246,0.0,0.1
2015-08-10,2.57,0.257,0.0,0.1
2015-08-11,2.572,0.25720000000000004,0.0,0.1
2015-08-12,2.543,0.2543,0.0,0.1
2015-08-13,2.569,0.2569,0.0,0.1
2015-08-14,2.568,0.25680000000000003,0.0,0.1
2015-08-17,2.565,0.2565,0.0,0.1
2015-08-18,2.408,0.24080000000000001,0.0,0.1
2015-08-19,2.422,0.24220000000000003,0.0,0.1
2015-08-20,2.399,0.2399,0.0,0.1
2015-08-21,2.359,0.2359,0.0,0.1
2015-08-24,2.123,0.21230000000000004,0.0,0.1
2015-08-25,1.911,0.19110000000000002,0.0,0.1
2015-08-26,1.948,0.1948,0.0,0.1
2015-08-27,2.073,0.2073,0.0,0.1
2015-08-28,2.146,0.2146,0.0,0.1
2015-08-31,2.174,0.2174,0.0,0.1
2015-09-01,2.18,0.21800000000000003,0.0,0.1
2015-09-02,2.172,0.21720000000000003,0.0,0.1
2015-09-07,2.125,0.21250000000000002,0.0,0.1
2015-09-08,2.16,0.21600000000000003,0.0,0.1
2015-09-09,2.194,0.2194,0.0,0.1
2015-09-10,2.171,0.2171,0.0,0.1
2015-09-11,2.191,0.2191,0.0,0.1
2015-09-14,2.178,0.2178,0.0,0.1
2015-09-15,2.155,0.2155,0.0,0.1
2015-09-16,2.216,0.22160000000000002,0.0,0.1
2015-09-17,2.179,0.21789999999999998,0.0,0.1
2015-09-18,2.249,0.22490000000000002,0.0,0.1
2015-09-21,2.221,0.22210000000000002,0.0,0.1
2015-09-22,2.202,0.2202,0.0,0.1
2015-09-23,2.208,0.22080000000000002,0.0,0.1
2015-09-24,2.165,0.21650000000000003,0.0,0.1
2015-09-25,2.169,0.2169,0.0,0.1
2015-09-28,2.134,0.2134,0.0,0.1
2015-09-29,2.109,0.2109,0.0,0.1
2015-09-30,2.072,0.20720000000000002,0.0,0.1
2015-10-08,2.165,0.21650000000000003,0.0,0.1
2015-10-09,2.152,0.21520000000000003,0.0,0.1
2015-10-12,2.25,0.225,0.0,0.1
2015-10-13,2.248,0.22480000000000003,0.0,0.1
2015-10-14,2.22,0.22200000000000003,0.0,0.1
2015-10-15,2.268,0.2268,0.0,0.1
2015-10-16,2.28,0.22799999999999998,0.0,0.1
2015-10-19,2.242,0.2242,0.0,0.1
2015-10-20,2.268,0.2268,0.0,0.1
2015-10-21,2.248,0.22480000000000003,0.0,0.1
2015-10-22,2.278,0.2278,0.0,0.1
2015-10-23,2.3,0.22999999999999998,0.0,0.1
2015-10-26,2.279,0.2279,0.0,0.1
2015-10-27,2.257,0.2257,0.0,0.1
2015-10-28,2.275,0.2275,0.0,0.1
2015-10-29,2.246,0.22460000000000002,0.0,0.1
2015-10-30,2.262,0.2262,0.0,0.1
2015-11-02,2.251,0.2251,0.0,0.1
2015-11-03,2.249,0.22490000000000002,0.0,0.1
2015-11-04,2.288,0.2288,0.0,0.1
2015-11-05,2.345,0.23450000000000004,0.0,0.1
2015-11-06,2.387,0.23870000000000002,0.0,0.1
2015-11-09,2.423,0.24230000000000002,0.0,0.1
2015-11-10,2.43,0.24300000000000002,0.0,0.1
2015-11-11,2.383,0.2383,0.0,0.1
2015-11-12,2.367,0.23670000000000002,0.0,0.1
2015-11-13,2.367,0.23670000000000002,0.0,0.1
2015-11-16,2.338,0.2338,0.0,0.1
2015-11-17,2.351,0.2351,0.0,0.1
2015-11-18,2.337,0.23370000000000002,0.0,0.1
2015-11-19,2.343,0.2343,0.0,0.1
2015-11-20,2.333,0.23330000000000004,0.0,0.1
2015-11-23,2.336,0.2336,0.0,0.1
2015-11-24,2.324,0.2324,0.0,0.1
2015-11-25,2.332,0.2332,0.0,0.1
2015-11-26,2.336,0.2336,0.0,0.1
2015-11-27,2.202,0.2202,0.0,0.1
2015-11-30,2.233,0.22330000000000003,0.0,0.1
2015-12-01,2.233,0.22330000000000003,0.0,0.1
2015-12-02,2.319,0.2319,0.0,0.1
2015-12-03,2.299,0.2299,0.0,0.1
2015-12-04,2.255,0.2255,0.0,0.1
2015-12-07,2.263,0.2263,0.0,0.1
2015-12-08,2.211,0.2211,0.0,0.1
2015-12-09,2.243,0.2243,0.0,0.1
2015-12-10,2.248,0.22480000000000003,0.0,0.1
2015-12-11,2.225,0.22250000000000003,0.0,0.1
2015-12-14,2.264,0.2264,0.0,0.1
2015-12-15,2.251,0.2251,0.0,0.1
2015-12-16,2.23,0.223,0.0,0.1
2015-12-17,2.282,0.22820000000000001,0.0,0.1
2015-12-18,2.29,0.229,0.0,0.1
2015-12-21,2.374,0.23740000000000003,0.0,0.1
2015-12-22,2.343,0.2343,0.0,0.1
2015-12-23,2.347,0.23470000000000002,0.0,0.1
2015-12-24,2.312,0.2312,0.0,0.1
2015-12-25,2.357,0.23570000000000002,0.0,0.1
2015-12-28,2.306,0.23060000000000003,0.0,0.1
2015-12-29,2.267,0.2267,0.0,0.1
2015-12-30,2.298,0.2298,0.0,0.1
2015-12-31,2.3,0.22999999999999998,0.0,0.1
2016-01-04,2.288,0.2288,0.0,0.1
2016-01-05,2.165,0.21650000000000003,0.0,0.1
2016-01-06,2.225,0.22250000000000003,0.0,0.1
2016-01-07,2.1,0.21000000000000002,0.0,0.1
2016-01-08,2.174,0.2174,0.0,0.1
2016-01-11,2.028,0.2028,0.0,0.1
2016-01-12,2.03,0.20299999999999999,0.0,0.1
2016-01-13,2.032,0.20320000000000002,0.0,0.1
2016-01-14,2.18,0.21800000000000003,0.0,0.1
2016-01-15,1.98,0.198,0.0,0.1
2016-01-18,1.977,0.19770000000000001,0.0,0.1
2016-01-19,2.049,0.2049,0.0,0.1
2016-01-20,2.042,0.2042,0.0,0.1
2016-01-21,1.95,0.195,0.0,0.1
2016-01-22,1.987,0.19870000000000002,0.0,0.1
2016-01-25,1.942,0.1942,0.0,0.1
2016-01-26,1.94,0.194,0.0,0.1
2016-01-27,1.833,0.18330000000000002,0.0,0.1
2016-01-28,1.851,0.18510000000000001,0.0,0.1
2016-01-29,1.938,0.1938,0.0,0.1
2016-02-01,1.899,0.1899,0.0,0.1
2016-02-02,1.952,0.1952,0.0,0.1
2016-02-03,1.928,0.1928,0.0,0.1
2016-02-04,1.912,0.1912,0.0,0.1
2016-02-05,1.901,0.19010000000000002,0.0,0.1
2016-02-15,1.9,0.19,0.0,0.1
2016-02-16,1.928,0.1928,0.0,0.1
2016-02-17,1.934,0.19340000000000002,0.0,0.1
2016-02-18,1.91,0.191,0.0,0.1
2016-02-19,1.929,0.19290000000000002,0.0,0.1
2016-02-22,1.925,0.1925,0.0,0.1
2016-02-23,1.919,0.19190000000000002,0.0,0.1
2016-02-24,1.928,0.1928,0.0,0.1
2016-02-25,1.848,0.18480000000000002,0.0,0.1
2016-02-26,1.929,0.19290000000000002,0.0,0.1
2016-02-29,1.859,0.1859,0.0,0.1
2016-03-01,1.855,0.1855,0.0,0.1
2016-03-02,1.92,0.192,0.0,0.1
2016-03-03,1.9,0.19,0.0,0.1
2016-03-04,1.97,0.197,0.0,0.1
2016-03-07,1.97,0.197,0.0,0.1
2016-03-08,1.975,0.1975,0.0,0.1
2016-03-09,1.958,0.1958,0.0,0.1
2016-03-10,1.936,0.1936,0.0,0.1
2016-03-11,1.988,0.1988,0.0,0.1
2016-03-14,1.988,0.1988,0.0,0.1
2016-03-15,2.0,0.2,0.0,0.1
2016-03-16,1.983,0.19830000000000003,0.0,0.1
2016-03-17,1.996,0.1996,0.0,0.1
2016-03-18,2.0,0.2,0.0,0.1
2016-03-21,2.026,0.2026,0.0,0.1
2016-03-22,2.031,0.20310000000000003,0.0,0.1
2016-03-23,2.039,0.20390000000000003,0.0,0.1
2016-03-24,1.98,0.198,0.0,0.1
2016-03-25,1.994,0.19940000000000002,0.0,0.1
2016-03-28,2.009,0.2009,0.0,0.1
2016-03-29,1.969,0.19690000000000002,0.0,0.1
2016-03-30,2.018,0.20179999999999998,0.0,0.1
2016-03-31,2.029,0.2029,0.0,0.1
2016-04-01,2.04,0.20400000000000001,0.0,0.1
2016-04-05,2.006,0.2006,0.0,0.1
2016-04-06,2.03,0.20299999999999999,0.0,0.1
2016-04-07,2.048,0.2048,0.0,0.1
2016-04-08,2.041,0.2041,0.0,0.1
2016-04-11,2.034,0.2034,0.0,0.1
2016-04-12,2.074,0.2074,0.0,0.1
2016-04-13,2.073,0.2073,0.0,0.1
2016-04-14,2.068,0.2068,0.0,0.1
2016-04-15,2.083,0.20830000000000004,0.0,0.1
2016-04-18,2.055,0.20550000000000002,0.0,0.1
2016-04-19,2.051,0.20510000000000003,0.0,0.1
2016-04-20,2.0,0.2,0.0,0.1
2016-04-21,2.04,0.20400000000000001,0.0,0.1
2016-04-22,2.034,0.2034,0.0,0.1
2016-04-25,2.017,0.2017,0.0,0.1
2016-04-26,2.002,0.2002,0.0,0.1
2016-04-27,1.995,0.1995,0.0,0.1
2016-04-28,2.009,0.2009,0.0,0.1
2016-04-29,2.031,0.20310000000000003,0.0,0.1
2016-05-03,2.032,0.20320000000000002,0.0,0.1
2016-05-04,2.026,0.2026,0.0,0.1
2016-05-05,2.006,0.2006,0.0,0.1
2016-05-06,2.001,0.2001,0.0,0.1
2016-05-09,1.935,0.1935,0.0,0.1
2016-05-10,1.97,0.197,0.0,0.1
2016-05-11,1.958,0.1958,0.0,0.1
2016-05-12,2.071,0.20710000000000003,0.0,0.1
2016-05-13,1.95,0.195,0.0,0.1
2016-05-16,1.955,0.1955,0.0,0.1
2016-05-17,1.972,0.19720000000000001,0.0,0.1
2016-05-18,1.939,0.19390000000000002,0.0,0.1
2016-05-19,1.942,0.1942,0.0,0.1
2016-05-20,1.952,0.1952,0.0,0.1
2016-05-23,1.957,0.1957,0.0,0.1
2016-05-24,1.966,0.1966,0.0,0.1
2016-05-25,1.966,0.1966,0.0,0.1
2016-05-26,1.968,0.1968,0.0,0.1
2016-05-27,1.966,0.1966,0.0,0.1
2016-05-30,1.949,0.19490000000000002,0.0,0.1
2016-05-31,2.04,0.20400000000000001,0.0,0.1
2016-06-01,2.039,0.20390000000000003,0.0,0.1
2016-06-02,2.028,0.2028,0.0,0.1
2016-06-03,2.005,0.2005,0.0,0.1
2016-06-06,2.049,0.2049,0.0,0.1
2016-06-07,2.025,0.2025,0.0,0.1
2016-06-08,2.009,0.2009,0.0,0.1
2016-06-13,2.002,0.2002,0.0,0.1
2016-06-14,1.958,0.1958,0.0,0.1
2016-06-15,2.017,0.2017,0.0,0.1
2016-06-16,2.029,0.2029,0.0,0.1
2016-06-17,1.99,0.199,0.0,0.1
2016-06-20,2.009,0.2009,0.0,0.1
2016-06-21,1.97,0.197,0.0,0.1
2016-06-22,2.002,0.2002,0.0,0.1
2016-06-23,1.979,0.19790000000000002,0.0,0.1
2016-06-24,1.96,0.196,0.0,0.1
2016-06-27,1.979,0.19790000000000002,0.0,0.1
2016-06-28,1.981,0.19810000000000003,0.0,0.1
2016-06-29,1.999,0.19990000000000002,0.0,0.1
2016-06-30,2.0,0.2,0.0,0.1
2016-07-01,2.0,0.2,0.0,0.1
2016-07-04,2.03,0.20299999999999999,0.0,0.1
2016-07-05,2.069,0.2069,0.0,0.1
2016-07-06,2.06,0.20600000000000002,0.0,0.1
2016-07-07,2.06,0.20600000000000002,0.0,0.1
2016-07-08,2.073,0.2073,0.0,0.1
2016-07-11,2.056,0.2056,0.0,0.1
2016-07-12,2.094,0.2094,0.0,0.1
2016-07-13,2.118,0.2118,0.0,0.1
2016-07-14,2.13,0.213,0.0,0.1
2016-07-15,2.108,0.21080000000000002,0.0,0.1
2016-07-18,2.114,0.2114,0.0,0.1
2016-07-19,2.088,0.2088,0.0,0.1
2016-07-20,2.097,0.2097,0.0,0.1
2016-07-21,2.145,0.21450000000000002,0.0,0.1
2016-07-22,2.138,0.2138,0.0,0.1
2016-07-25,2.068,0.2068,0.0,0.1
2016-07-26,2.094,0.2094,0.0,0.1
2016-07-27,2.119,0.21190000000000003,0.0,0.1
2016-07-28,2.075,0.20750000000000002,0.0,0.1
2016-07-29,2.1,0.21000000000000002,0.0,0.1
2016-08-01,2.101,0.2101,0.0,0.1
2016-08-02,2.096,0.2096,0.0,0.1
2016-08-03,2.072,0.20720000000000002,0.0,0.1
2016-08-04,2.061,0.2061,0.0,0.1
2016-08-05,2.127,0.2127,0.0,0.1
2016-08-08,2.079,0.20790000000000003,0.0,0.1
2016-08-09,2.083,0.20830000000000004,0.0,0.1
2016-08-10,2.09,0.209,0.0,0.1
2016-08-11,2.092,0.20920000000000002,0.0,0.1
2016-08-12,2.111,0.21110000000000004,0.0,0.1
2016-08-15,2.16,0.21600000000000003,0.0,0.1
2016-08-16,2.148,0.21480000000000002,0.0,0.1
2016-08-17,2.176,0.21760000000000002,0.0,0.1
2016-08-18,2.154,0.2154,0.0,0.1
2016-08-19,2.18,0.21800000000000003,0.0,0.1
2016-08-22,2.164,0.21640000000000004,0.0,0.1
2016-08-23,2.157,0.2157,0.0,0.1
2016-08-24,2.18,0.21800000000000003,0.0,0.1
2016-08-25,2.156,0.2156,0.0,0.1
2016-08-26,2.136,0.2136,0.0,0.1
2016-08-29,2.121,0.2121,0.0,0.1
2016-08-30,2.134,0.2134,0.0,0.1
2016-08-31,2.136,0.2136,0.0,0.1
2016-09-01,2.126,0.2126,0.0,0.1
2016-09-02,2.128,0.21280000000000002,0.0,0.1
2016-09-05,2.128,0.21280000000000002,0.0,0.1
2016-09-06,2.13,0.213,0.0,0.1
2016-09-07,2.121,0.2121,0.0,0.1
2016-09-08,2.12,0.21200000000000002,0.0,0.1
2016-09-09,2.146,0.2146,0.0,0.1
2016-09-12,2.188,0.21880000000000002,0.0,0.1
2016-09-13,2.197,0.2197,0.0,0.1
2016-09-14,2.056,0.2056,0.0,0.1
2016-09-19,2.101,0.2101,0.0,0.1
2016-09-20,2.137,0.2137,0.0,0.1
2016-09-21,2.084,0.20840000000000003,0.0,0.1
2016-09-22,2.105,0.21050000000000002,0.0,0.1
2016-09-23,2.105,0.21050000000000002,0.0,0.1
2016-09-26,2.093,0.2093,0.0,0.1
2016-09-27,2.096,0.2096,0.0,0.1
2016-09-28,2.089,0.2089,0.0,0.1
2016-09-29,2.088,0.2088,0.0,0.1
2016-09-30,2.09,0.209,0.0,0.1
2016-10-10,2.091,0.20910000000000004,0.0,0.1
2016-10-11,2.13,0.213,0.0,0.1
2016-10-12,2.128,0.21280000000000002,0.0,0.1
2016-10-13,2.14,0.21400000000000002,0.0,0.1
2016-10-14,2.166,0.21660000000000001,0.0,0.1
2016-10-17,2.188,0.21880000000000002,0.0,0.1
2016-10-18,2.17,0.217,0.0,0.1
2016-10-19,2.181,0.21810000000000002,0.0,0.1
2016-10-20,2.2,0.22000000000000003,0.0,0.1
2016-10-21,2.226,0.22260000000000002,0.0,0.1
2016-10-24,2.232,0.22320000000000004,0.0,0.1
2016-10-25,2.198,0.2198,0.0,0.1
2016-10-26,2.204,0.22040000000000004,0.0,0.1
2016-10-27,2.195,0.2195,0.0,0.1
2016-10-28,2.287,0.22870000000000001,0.0,0.1
2016-10-31,2.28,0.22799999999999998,0.0,0.1
2016-11-01,2.223,0.2223,0.0,0.1
2016-11-02,2.197,0.2197,0.0,0.1
2016-11-03,2.201,0.22010000000000002,0.0,0.1
2016-11-04,2.237,0.2237,0.0,0.1
2016-11-07,2.29,0.229,0.0,0.1
2016-11-08,2.287,0.22870000000000001,0.0,0.1
2016-11-09,2.24,0.22400000000000003,0.0,0.1
2016-11-10,2.244,0.22440000000000004,0.0,0.1
2016-11-11,2.25,0.225,0.0,0.1
2016-11-14,2.297,0.22970000000000002,0.0,0.1
2016-11-15,2.262,0.2262,0.0,0.1
2016-11-16,2.28,0.22799999999999998,0.0,0.1
2016-11-17,2.27,0.227,0.0,0.1
2016-11-18,2.3,0.22999999999999998,0.0,0.1
2016-11-21,2.288,0.2288,0.0,0.1
2016-11-22,2.349,0.23490000000000003,0.0,0.1
2016-11-23,2.358,0.2358,0.0,0.1
2016-11-24,2.327,0.23270000000000002,0.0,0.1
2016-11-25,2.39,0.23900000000000002,0.0,0.1
2016-11-28,2.497,0.2497,0.0,0.1
2016-11-29,2.467,0.24670000000000003,0.0,0.1
2016-11-30,2.47,0.24700000000000003,0.0,0.1
2016-12-01,2.485,0.2485,0.0,0.1
2016-12-02,2.5,0.25,0.0,0.1
2016-12-05,2.42,0.242,0.0,0.1
2016-12-06,2.4,0.24,0.0,0.1
2016-12-07,2.4,0.24,0.0,0.1
2016-12-08,2.392,0.2392,0.0,0.1
2016-12-09,2.459,0.2459,0.0,0.1
2016-12-12,2.396,0.2396,0.0,0.1
2016-12-13,2.359,0.2359,0.0,0.1
2016-12-14,2.351,0.2351,0.0,0.1
2016-12-15,2.42,0.242,0.0,0.1
2016-12-16,2.35,0.23500000000000001,0.0,0.1
2016-12-19,2.34,0.23399999999999999,0.0,0.1
2016-12-20,2.3,0.22999999999999998,0.0,0.1
2016-12-21,2.34,0.23399999999999999,0.0,0.1
2016-12-22,2.35,0.23500000000000001,0.0,0.1
2016-12-23,2.331,0.2331,0.0,0.1
2016-12-26,2.355,0.23550000000000001,0.0,0.1
2016-12-27,2.341,0.23410000000000003,0.0,0.1
2016-12-28,2.311,0.2311,0.0,0.1
2016-12-29,2.316,0.2316,0.0,0.1
2016-12-30,2.345,0.23450000000000004,0.0,0.1
2017-01-03,2.399,0.2399,0.0,0.1
2017-01-04,2.398,0.2398,0.0,0.1
2017-01-05,2.361,0.23610000000000003,0.0,0.1
2017-01-06,2.38,0.238,0.0,0.1
2017-01-09,2.385,0.2385,0.0,0.1
2017-01-10,2.387,0.23870000000000002,0.0,0.1
2017-01-11,2.388,0.2388,0.0,0.1
2017-01-12,2.388,0.2388,0.0,0.1
2017-01-13,2.35,0.23500000000000001,0.0,0.1
2017-01-16,2.37,0.23700000000000002,0.0,0.1
2017-01-17,2.379,0.2379,0.0,0.1
2017-01-18,2.395,0.23950000000000002,0.0,0.1
2017-01-19,2.399,0.2399,0.0,0.1
2017-01-20,2.389,0.2389,0.0,0.1
2017-01-23,2.398,0.2398,0.0,0.1
2017-01-24,2.39,0.23900000000000002,0.0,0.1
2017-01-25,2.408,0.24080000000000001,0.0,0.1
2017-01-26,2.419,0.2419,0.0,0.1
2017-02-03,2.401,0.24009999999999998,0.0,0.1
2017-02-06,2.4,0.24,0.0,0.1
2017-02-07,2.391,0.2391,0.0,0.1
2017-02-08,2.4,0.24,0.0,0.1
2017-02-09,2.398,0.2398,0.0,0.1
2017-02-10,2.442,0.24420000000000003,0.0,0.1
2017-02-13,2.412,0.2412,0.0,0.1
2017-02-14,2.408,0.24080000000000001,0.0,0.1
2017-02-15,2.413,0.2413,0.0,0.1
2017-02-16,2.402,0.24020000000000002,0.0,0.1
2017-02-17,2.404,0.2404,0.0,0.1
2017-02-20,2.41,0.24100000000000002,0.0,0.1
2017-02-21,2.429,0.2429,0.0,0.1
2017-02-22,2.435,0.24350000000000002,0.0,0.1
2017-02-23,2.415,0.24150000000000002,0.0,0.1
2017-02-24,2.42,0.242,0.0,0.1
2017-02-27,2.425,0.2425,0.0,0.1
2017-02-28,2.419,0.2419,0.0,0.1
2017-03-01,2.415,0.24150000000000002,0.0,0.1
2017-03-02,2.42,0.242,0.0,0.1
2017-03-03,2.424,0.2424,0.0,0.1
2017-03-06,2.407,0.24070000000000003,0.0,0.1
2017-03-07,2.407,0.24070000000000003,0.0,0.1
2017-03-08,2.445,0.2445,0.0,0.1
2017-03-09,2.411,0.2411,0.0,0.1
2017-03-10,2.425,0.2425,0.0,0.1
2017-03-13,2.399,0.2399,0.0,0.1
2017-03-14,2.398,0.2398,0.0,0.1
2017-03-15,2.384,0.2384,0.0,0.1
2017-03-16,2.415,0.24150000000000002,0.0,0.1
2017-03-17,2.389,0.2389,0.0,0.1
2017-03-20,2.388,0.2388,0.0,0.1
2017-03-21,2.4,0.24,0.0,0.1
2017-03-22,2.414,0.24140000000000003,0.0,0.1
2017-03-23,2.412,0.2412,0.0,0.1
2017-03-24,2.462,0.24620000000000003,0.0,0.1
2017-03-27,2.447,0.24470000000000003,0.0,0.1
2017-03-28,2.397,0.2397,0.0,0.1
2017-03-29,2.419,0.2419,0.0,0.1
2017-03-30,2.411,0.2411,0.0,0.1
2017-03-31,2.413,0.2413,0.0,0.1
2017-04-05,2.45,0.24500000000000002,0.0,0.1
2017-04-06,2.48,0.248,0.0,0.1
2017-04-07,2.47,0.24700000000000003,0.0,0.1
2017-04-10,2.453,0.2453,0.0,0.1
2017-04-11,2.481,0.2481,0.0,0.1
2017-04-12,2.496,0.24960000000000002,0.0,0.1
2017-04-13,2.456,0.2456,0.0,0.1
2017-04-14,2.425,0.2425,0.0,0.1
2017-04-17,2.43,0.24300000000000002,0.0,0.1
2017-04-18,2.424,0.2424,0.0,0.1
2017-04-19,2.439,0.2439,0.0,0.1
2017-04-20,2.428,0.24280000000000002,0.0,0.1
2017-04-21,2.43,0.24300000000000002,0.0,0.1
2017-04-24,2.393,0.23929999999999998,0.0,0.1
2017-04-25,2.391,0.2391,0.0,0.1
2017-04-26,2.401,0.24009999999999998,0.0,0.1
2017-04-27,2.401,0.24009999999999998,0.0,0.1
2017-04-28,2.404,0.2404,0.0,0.1
2017-05-02,2.4,0.24,0.0,0.1
2017-05-03,2.409,0.2409,0.0,0.1
2017-05-04,2.404,0.2404,0.0,0.1
2017-05-05,2.402,0.24020000000000002,0.0,0.1
2017-05-08,2.38,0.238,0.0,0.1
2017-05-09,2.375,0.23750000000000002,0.0,0.1
2017-05-10,2.368,0.2368,0.0,0.1
2017-05-11,2.359,0.2359,0.0,0.1
2017-05-12,2.396,0.2396,0.0,0.1
2017-05-15,2.4,0.24,0.0,0.1
2017-05-16,2.433,0.2433,0.0,0.1
2017-05-17,2.4,0.24,0.0,0.1
2017-05-18,2.388,0.2388,0.0,0.1
2017-05-19,2.38,0.238,0.0,0.1
2017-05-22,2.38,0.238,0.0,0.1
2017-05-23,2.4,0.24,0.0,0.1
2017-05-24,2.428,0.24280000000000002,0.0,0.1
2017-05-25,2.468,0.24680000000000002,0.0,0.1
2017-05-26,2.465,0.2465,0.0,0.1
2017-05-31,2.47,0.24700000000000003,0.0,0.1
2017-06-01,2.469,0.2469,0.0,0.1
2017-06-02,2.465,0.2465,0.0,0.1
2017-06-05,2.442,0.24420000000000003,0.0,0.1
2017-06-06,2.46,0.246,0.0,0.1
2017-06-07,2.474,0.24740000000000004,0.0,0.1
2017-06-08,2.5,0.25,0.0,0.1
2017-06-09,2.516,0.2516,0.0,0.1
2017-06-12,2.495,0.24950000000000003,0.0,0.1
2017-06-13,2.525,0.2525,0.0,0.1
2017-06-14,2.486,0.24860000000000004,0.0,0.1
2017-06-15,2.482,0.24820000000000003,0.0,0.1
2017-06-16,2.48,0.248,0.0,0.1
2017-06-19,2.492,0.2492,0.0,0.1
2017-06-20,2.516,0.2516,0.0,0.1
2017-06-21,2.524,0.2524,0.0,0.1
2017-06-22,2.526,0.2526,0.0,0.1
2017-06-23,2.52,0.252,0.0,0.1
2017-06-26,2.544,0.2544,0.0,0.1
2017-06-27,2.565,0.2565,0.0,0.1
2017-06-28,2.546,0.2546,0.0,0.1
2017-06-29,2.564,0.2564,0.0,0.1
2017-06-30,2.537,0.2537,0.0,0.1
2017-07-03,2.544,0.2544,0.0,0.1
2017-07-04,2.534,0.2534,0.0,0.1
2017-07-05,2.555,0.2555,0.0,0.1
2017-07-06,2.53,0.253,0.0,0.1
2017-07-07,2.551,0.25510000000000005,0.0,0.1
2017-07-10,2.578,0.2578,0.0,0.1
2017-07-11,2.594,0.2594,0.0,0.1
2017-07-12,2.594,0.2594,0.0,0.1
2017-07-13,2.608,0.26080000000000003,0.0,0.1
2017-07-14,2.602,0.2602,0.0,0.1
2017-07-17,2.611,0.26110000000000005,0.0,0.1
2017-07-18,2.7,0.27,0.0,0.1
2017-07-19,2.679,0.26789999999999997,0.0,0.1
2017-07-20,2.667,0.2667,0.0,0.1
2017-07-21,2.661,0.2661,0.0,0.1
2017-07-24,2.664,0.2664,0.0,0.1
2017-07-25,2.663,0.2663,0.0,0.1
2017-07-26,2.635,0.2635,0.0,0.1
2017-07-27,2.634,0.2634,0.0,0.1
2017-07-28,2.635,0.2635,0.0,0.1
2017-07-31,2.659,0.26589999999999997,0.0,0.1
2017-08-01,2.648,0.26480000000000004,0.0,0.1
2017-08-02,2.651,0.2651,0.0,0.1
2017-08-03,2.685,0.2685,0.0,0.1
2017-08-04,2.64,0.264,0.0,0.1
2017-08-07,2.623,0.26230000000000003,0.0,0.1
2017-08-08,2.699,0.2699,0.0,0.1
2017-08-09,2.63,0.263,0.0,0.1
2017-08-10,2.627,0.2627,0.0,0.1
2017-08-11,2.602,0.2602,0.0,0.1
2017-08-14,2.633,0.26330000000000003,0.0,0.1
2017-08-15,2.62,0.262,0.0,0.1
2017-08-16,2.637,0.2637,0.0,0.1
2017-08-17,2.635,0.2635,0.0,0.1
2017-08-18,2.638,0.2638,0.0,0.1
2017-08-21,2.65,0.265,0.0,0.1
2017-08-22,2.671,0.2671,0.0,0.1
2017-08-23,2.674,0.2674,0.0,0.1
2017-08-24,2.657,0.2657,0.0,0.1
2017-08-25,2.693,0.26930000000000004,0.0,0.1
2017-08-28,2.712,0.27120000000000005,0.0,0.1
2017-08-29,2.7,0.27,0.0,0.1
2017-08-30,2.703,0.2703,0.0,0.1
2017-08-31,2.729,0.27290000000000003,0.0,0.1
2017-09-01,2.7,0.27,0.0,0.1
2017-09-04,2.698,0.2698,0.0,0.1
2017-09-05,2.697,0.2697,0.0,0.1
2017-09-06,2.712,0.27120000000000005,0.0,0.1
2017-09-07,2.693,0.26930000000000004,0.0,0.1
2017-09-08,2.692,0.26920000000000005,0.0,0.1
2017-09-11,2.674,0.2674,0.0,0.1
2017-09-12,2.673,0.26730000000000004,0.0,0.1
2017-09-13,2.66,0.266,0.0,0.1
2017-09-14,2.658,0.2658,0.0,0.1
2017-09-15,2.677,0.2677,0.0,0.1
2017-09-18,2.681,0.2681,0.0,0.1
2017-09-19,2.667,0.2667,0.0,0.1
2017-09-20,2.659,0.26589999999999997,0.0,0.1
2017-09-21,2.66,0.266,0.0,0.1
2017-09-22,2.64,0.264,0.0,0.1
2017-09-25,2.657,0.2657,0.0,0.1
2017-09-26,2.659,0.26589999999999997,0.0,0.1
2017-09-27,2.698,0.2698,0.0,0.1
2017-09-28,2.671,0.2671,0.0,0.1
2017-09-29,2.656,0.2656,0.0,0.1
2017-10-09,2.705,0.2705,0.0,0.1
2017-10-10,2.697,0.2697,0.0,0.1
2017-10-11,2.719,0.2719,0.0,0.1
2017-10-12,2.717,0.2717,0.0,0.1
2017-10-13,2.707,0.2707,0.0,0.1
2017-10-16,2.7,0.27,0.0,0.1
2017-10-17,2.719,0.2719,0.0,0.1
2017-10-18,2.74,0.274,0.0,0.1
2017-10-19,2.744,0.27440000000000003,0.0,0.1
2017-10-20,2.702,0.2702,0.0,0.1
2017-10-23,2.745,0.2745,0.0,0.1
2017-10-24,2.73,0.273,0.0,0.1
2017-10-25,2.749,0.27490000000000003,0.0,0.1
2017-10-26,2.753,0.27530000000000004,0.0,0.1
2017-10-27,2.8,0.27999999999999997,0.0,0.1
2017-10-30,2.8,0.27999999999999997,0.0,0.1
2017-10-31,2.8,0.27999999999999997,0.0,0.1
2017-11-01,2.806,0.2806,0.0,0.1
2017-11-02,2.795,0.2795,0.0,0.1
2017-11-03,2.799,0.2799,0.0,0.1
2017-11-06,2.816,0.2816,0.0,0.1
2017-11-07,2.877,0.2877,0.0,0.1
2017-11-08,2.888,0.2888,0.0,0.1
2017-11-09,2.87,0.28700000000000003,0.0,0.1
2017-11-10,2.869,0.28690000000000004,0.0,0.1
2017-11-13,2.888,0.2888,0.0,0.1
2017-11-14,2.929,0.2929,0.0,0.1
2017-11-15,2.85,0.28500000000000003,0.0,0.1
2017-11-16,2.824,0.2824,0.0,0.1
2017-11-17,2.898,0.2898,0.0,0.1
2017-11-20,2.861,0.2861,0.0,0.1
2017-11-21,2.951,0.29510000000000003,0.0,0.1
2017-11-22,2.967,0.2967,0.0,0.1
2017-11-23,2.966,0.29660000000000003,0.0,0.1
2017-11-24,2.903,0.2903,0.0,0.1
2017-11-27,2.859,0.2859,0.0,0.1
2017-11-28,2.838,0.2838,0.0,0.1
2017-11-29,2.857,0.2857,0.0,0.1
2017-11-30,2.829,0.28290000000000004,0.0,0.1
2017-12-01,2.809,0.28090000000000004,0.0,0.1
2017-12-04,2.816,0.2816,0.0,0.1
2017-12-05,2.876,0.2876,0.0,0.1
2017-12-06,2.826,0.2826,0.0,0.1
2017-12-07,2.8,0.27999999999999997,0.0,0.1
2017-12-08,2.81,0.281,0.0,0.1
2017-12-11,2.846,0.2846,0.0,0.1
2017-12-12,2.838,0.2838,0.0,0.1
2017-12-13,2.804,0.2804,0.0,0.1
2017-12-14,2.801,0.2801,0.0,0.1
2017-12-15,2.784,0.2784,0.0,0.1
2017-12-18,2.797,0.2797,0.0,0.1
2017-12-19,2.828,0.2828,0.0,0.1
2017-12-20,2.803,0.2803,0.0,0.1
2017-12-21,2.866,0.2866,0.0,0.1
2017-12-22,2.86,0.286,0.0,0.1
2017-12-25,2.85,0.28500000000000003,0.0,0.1
2017-12-26,2.824,0.2824,0.0,0.1
2017-12-27,2.864,0.2864,0.0,0.1
2017-12-29,2.863,0.2863,0.0,0.1
2018-01-02,2.888,0.2888,0.0,0.1
2018-01-03,2.877,0.2877,0.0,0.1
2018-01-04,2.895,0.28950000000000004,0.0,0.1
2018-01-05,2.897,0.2897,0.0,0.1
2018-01-08,2.902,0.2902,0.0,0.1
2018-01-09,2.934,0.29340000000000005,0.0,0.1
2018-01-10,2.96,0.296,0.0,0.1
2018-01-11,2.935,0.29350000000000004,0.0,0.1
2018-01-12,2.974,0.29740000000000005,0.0,0.1
2018-01-15,2.986,0.29860000000000003,0.0,0.1
2018-01-16,2.97,0.29700000000000004,0.0,0.1
2018-01-17,3.0,0.30000000000000004,0.0,0.1
2018-01-18,3.035,0.30350000000000005,0.0,0.1
2018-01-19,3.033,0.3033,0.0,0.1
2018-01-22,3.045,0.3045,0.0,0.1
2018-01-23,3.09,0.309,0.0,0.1
2018-01-24,3.085,0.3085,0.0,0.1
2018-01-25,3.11,0.311,0.0,0.1
2018-01-26,3.119,0.31190000000000007,0.0,0.1
2018-01-29,3.1,0.31000000000000005,0.0,0.1
2018-01-30,3.047,0.3047,0.0,0.1
2018-01-31,3.035,0.30350000000000005,0.0,0.1
2018-02-01,3.08,0.30800000000000005,0.0,0.1
2018-02-02,3.078,0.3078,0.0,0.1
2018-02-05,3.093,0.3093,0.0,0.1
2018-02-06,3.064,0.3064,0.0,0.1
2018-02-07,2.946,0.29460000000000003,0.0,0.1
2018-02-08,2.9,0.29,0.0,0.1
2018-02-09,2.73,0.273,0.0,0.1
2018-02-12,2.869,0.28690000000000004,0.0,0.1
2018-02-13,2.827,0.2827,0.0,0.1
2018-02-14,2.786,0.2786,0.0,0.1
2018-02-22,2.813,0.28130000000000005,0.0,0.1
2018-02-23,2.853,0.28530000000000005,0.0,0.1
2018-02-26,2.909,0.2909,0.0,0.1
2018-02-27,2.861,0.2861,0.0,0.1
2018-02-28,2.817,0.2817,0.0,0.1
2018-03-01,2.82,0.282,0.0,0.1
2018-03-02,2.847,0.2847,0.0,0.1
2018-03-05,2.842,0.2842,0.0,0.1
2018-03-06,2.83,0.28300000000000003,0.0,0.1
2018-03-07,2.83,0.28300000000000003,0.0,0.1
2018-03-08,2.802,0.2802,0.0,0.1
2018-03-09,2.817,0.2817,0.0,0.1
2018-03-12,2.837,0.2837,0.0,0.1
2018-03-13,2.867,0.2867,0.0,0.1
2018-03-14,2.81,0.281,0.0,0.1
2018-03-15,2.805,0.2805,0.0,0.1
2018-03-16,2.791,0.2791,0.0,0.1
2018-03-19,2.795,0.2795,0.0,0.1
2018-03-20,2.799,0.2799,0.0,0.1
2018-03-21,2.782,0.2782,0.0,0.1
2018-03-22,2.767,0.2767,0.0,0.1
2018-03-23,2.7,0.27,0.0,0.1
2018-03-26,2.699,0.2699,0.0,0.1
2018-03-27,2.685,0.2685,0.0,0.1
2018-03-28,2.68,0.268,0.0,0.1
2018-03-29,2.668,0.26680000000000004,0.0,0.1
2018-03-30,2.665,0.2665,0.0,0.1
2018-04-02,2.656,0.2656,0.0,0.1
2018-04-03,2.68,0.268,0.0,0.1
2018-04-04,2.655,0.2655,0.0,0.1
2018-04-09,2.642,0.2642,0.0,0.1
2018-04-10,2.66,0.266,0.0,0.1
2018-04-11,2.718,0.2718,0.0,0.1
2018-04-12,2.689,0.26890000000000003,0.0,0.1
2018-04-13,2.693,0.26930000000000004,0.0,0.1
2018-04-16,2.611,0.26110000000000005,0.0,0.1
2018-04-17,2.626,0.2626,0.0,0.1
2018-04-18,2.676,0.2676,0.0,0.1
2018-04-19,2.665,0.2665,0.0,0.1
2018-04-20,2.62,0.262,0.0,0.1
2018-04-23,2.62,0.262,0.0,0.1
2018-04-24,2.667,0.2667,0.0,0.1
2018-04-25,2.649,0.2649,0.0,0.1
2018-04-26,2.652,0.26520000000000005,0.0,0.1
2018-04-27,2.688,0.26880000000000004,0.0,0.1
2018-05-02,2.64,0.264,0.0,0.1
2018-05-03,2.659,0.26589999999999997,0.0,0.1
2018-05-07,2.666,0.2666,0.0,0.1
2018-05-08,2.682,0.2682,0.0,0.1
2018-05-09,2.691,0.2691,0.0,0.1
2018-05-10,2.68,0.268,0.0,0.1
2018-05-11,2.7,0.27,0.0,0.1
2018-05-14,2.686,0.2686,0.0,0.1
2018-05-15,2.7,0.27,0.0,0.1
2018-05-16,2.676,0.2676,0.0,0.1
2018-05-17,2.7,0.27,0.0,0.1
2018-05-18,2.699,0.2699,0.0,0.1
2018-05-21,2.71,0.271,0.0,0.1
2018-05-22,2.701,0.2701,0.0,0.1
2018-05-23,2.68,0.268,0.0,0.1
2018-05-24,2.689,0.26890000000000003,0.0,0.1
2018-05-25,2.633,0.26330000000000003,0.0,0.1
2018-05-28,2.656,0.2656,0.0,0.1
2018-05-29,2.636,0.2636,0.0,0.1
2018-05-30,2.63,0.263,0.0,0.1
2018-05-31,2.622,0.2622,0.0,0.1
2018-06-01,2.634,0.2634,0.0,0.1
2018-06-04,2.634,0.2634,0.0,0.1
2018-06-05,2.69,0.269,0.0,0.1
2018-06-06,2.65,0.265,0.0,0.1
2018-06-07,2.66,0.266,0.0,0.1
2018-06-08,2.649,0.2649,0.0,0.1
2018-06-11,2.618,0.2618,0.0,0.1
2018-06-12,2.636,0.2636,0.0,0.1
2018-06-13,2.644,0.2644,0.0,0.1
2018-06-14,2.637,0.2637,0.0,0.1
2018-06-15,2.619,0.2619,0.0,0.1
2018-06-19,2.509,0.2509,0.0,0.1
2018-06-20,2.565,0.2565,0.0,0.1
2018-06-21,2.524,0.2524,0.0,0.1
2018-06-22,2.548,0.2548,0.0,0.1
2018-06-25,2.598,0.2598,0.0,0.1
2018-06-26,2.461,0.24609999999999999,0.0,0.1
2018-06-27,2.473,0.2473,0.0,0.1
2018-06-28,2.44,0.244,0.0,0.1
2018-06-29,2.475,0.24750000000000003,0.0,0.1
2018-07-02,2.39,0.23900000000000002,0.0,0.1
2018-07-03,2.414,0.24140000000000003,0.0,0.1
2018-07-04,2.41,0.24100000000000002,0.0,0.1
2018-07-05,2.43,0.24300000000000002,0.0,0.1
2018-07-06,2.425,0.2425,0.0,0.1
2018-07-09,2.444,0.2444,0.0,0.1
2018-07-10,2.44,0.244,0.0,0.1
2018-07-11,2.419,0.2419,0.0,0.1
2018-07-12,2.458,0.24580000000000002,0.0,0.1
2018-07-13,2.485,0.2485,0.0,0.1
2018-07-16,2.465,0.2465,0.0,0.1
2018-07-17,2.463,0.24630000000000002,0.0,0.1
2018-07-18,2.424,0.2424,0.0,0.1
2018-07-19,2.45,0.24500000000000002,0.0,0.1
2018-07-20,2.481,0.2481,0.0,0.1
2018-07-23,2.545,0.2545,0.0,0.1
2018-07-24,2.589,0.2589,0.0,0.1
2018-07-25,2.59,0.259,0.0,0.1
2018-07-26,2.57,0.257,0.0,0.1
2018-07-30,2.745,0.2745,0.0,0.1
2018-07-31,2.729,0.27290000000000003,0.0,0.1
2018-08-01,2.588,0.25880000000000003,0.0,0.1
2018-08-02,2.639,0.26389999999999997,0.0,0.1
2018-08-03,2.512,0.25120000000000003,0.0,0.1
2018-08-06,2.578,0.2578,0.0,0.1
2018-08-07,2.565,0.2565,0.0,0.1
2018-08-08,2.538,0.25379999999999997,0.0,0.1
2018-08-09,2.559,0.2559,0.0,0.1
2018-08-10,2.554,0.2554,0.0,0.1
2018-08-13,2.558,0.25579999999999997,0.0,0.1
2018-08-14,2.516,0.2516,0.0,0.1
2018-08-15,2.5,0.25,0.0,0.1
2018-08-16,2.481,0.2481,0.0,0.1
2018-08-17,2.491,0.24910000000000002,0.0,0.1
2018-08-20,2.518,0.25179999999999997,0.0,0.1
2018-08-21,2.515,0.2515,0.0,0.1
2018-08-22,2.5,0.25,0.0,0.1
2018-08-23,2.53,0.253,0.0,0.1
2018-08-24,2.493,0.2493,0.0,0.1
2018-08-27,2.551,0.25510000000000005,0.0,0.1
2018-08-28,2.54,0.254,0.0,0.1
2018-08-29,2.523,0.2523,0.0,0.1
2018-08-30,2.526,0.2526,0.0,0.1
2018-08-31,2.52,0.252,0.0,0.1
2018-09-03,2.531,0.25310000000000005,0.0,0.1
2018-09-04,2.565,0.2565,0.0,0.1
2018-09-05,2.499,0.2499,0.0,0.1
2018-09-06,2.504,0.2504,0.0,0.1
2018-09-07,2.511,0.25110000000000005,0.0,0.1
2018-09-10,2.49,0.24900000000000003,0.0,0.1
2018-09-11,2.477,0.2477,0.0,0.1
2018-09-12,2.468,0.24680000000000002,0.0,0.1
2018-09-13,2.487,0.24870000000000003,0.0,0.1
2018-09-14,2.509,0.2509,0.0,0.1
2018-09-17,2.491,0.24910000000000002,0.0,0.1
2018-09-18,2.546,0.2546,0.0,0.1
2018-09-19,2.582,0.2582,0.0,0.1
2018-09-20,2.554,0.2554,0.0,0.1
2018-09-21,2.631,0.2631,0.0,0.1
2018-09-25,2.63,0.263,0.0,0.1
2018-09-26,2.633,0.26330000000000003,0.0,0.1
2018-09-27,2.656,0.2656,0.0,0.1
2018-09-28,2.679,0.26789999999999997,0.0,0.1
2018-10-08,2.577,0.2577,0.0,0.1
2018-10-09,2.596,0.2596,0.0,0.1
2018-10-10,2.6,0.26,0.0,0.1
2018-10-11,2.528,0.2528,0.0,0.1
2018-10-12,2.519,0.2519,0.0,0.1
2018-10-15,2.503,0.2503,0.0,0.1
2018-10-16,2.495,0.24950000000000003,0.0,0.1
2018-10-17,2.492,0.2492,0.0,0.1
2018-10-18,2.542,0.2542,0.0,0.1
2018-10-19,2.527,0.25270000000000004,0.0,0.1
2018-10-22,2.659,0.26589999999999997,0.0,0.1
2018-10-23,2.544,0.2544,0.0,0.1
2018-10-24,2.56,0.256,0.0,0.1
2018-10-25,2.559,0.2559,0.0,0.1
2018-10-26,2.501,0.2501,0.0,0.1
2018-10-29,2.49,0.24900000000000003,0.0,0.1
2018-10-30,2.47,0.24700000000000003,0.0,0.1
2018-10-31,2.62,0.262,0.0,0.1
2018-11-01,2.615,0.2615,0.0,0.1
2018-11-02,2.617,0.2617,0.0,0.1
2018-11-05,2.582,0.2582,0.0,0.1
2018-11-06,2.559,0.2559,0.0,0.1
2018-11-07,2.549,0.2549,0.0,0.1
2018-11-08,2.511,0.25110000000000005,0.0,0.1
2018-11-09,2.484,0.2484,0.0,0.1
2018-11-12,2.49,0.24900000000000003,0.0,0.1
2018-11-13,2.513,0.2513,0.0,0.1
2018-11-14,2.519,0.2519,0.0,0.1
2018-11-15,2.503,0.2503,0.0,0.1
2018-11-16,2.533,0.2533,0.0,0.1
2018-11-19,2.537,0.2537,0.0,0.1
2018-11-20,2.488,0.24880000000000002,0.0,0.1
2018-11-21,2.473,0.2473,0.0,0.1
2018-11-22,2.488,0.24880000000000002,0.0,0.1
2018-11-23,2.461,0.24609999999999999,0.0,0.1
2018-11-26,2.467,0.24670000000000003,0.0,0.1
2018-11-27,2.423,0.24230000000000002,0.0,0.1
2018-11-28,2.43,0.24300000000000002,0.0,0.1
2018-11-29,2.444,0.2444,0.0,0.1
2018-11-30,2.458,0.24580000000000002,0.0,0.1
2018-12-03,2.511,0.25110000000000005,0.0,0.1
2018-12-04,2.511,0.25110000000000005,0.0,0.1
2018-12-05,2.497,0.2497,0.0,0.1
2018-12-06,2.47,0.24700000000000003,0.0,0.1
2018-12-07,2.471,0.24710000000000001,0.0,0.1
2018-12-10,2.498,0.24980000000000002,0.0,0.1
2018-12-11,2.498,0.24980000000000002,0.0,0.1
2018-12-12,2.506,0.2506,0.0,0.1
2018-12-13,2.516,0.2516,0.0,0.1
2018-12-14,2.501,0.2501,0.0,0.1
2018-12-17,2.505,0.2505,0.0,0.1
2018-12-19,2.504,0.2504,0.0,0.1
2018-12-20,2.5,0.25,0.0,0.1
2018-12-21,2.414,0.24140000000000003,0.0,0.1
2018-12-24,2.398,0.2398,0.0,0.1
2018-12-25,2.382,0.23820000000000002,0.0,0.1
2018-12-26,2.371,0.2371,0.0,0.1
2018-12-27,2.355,0.23550000000000001,0.0,0.1
2018-12-28,2.37,0.23700000000000002,0.0,0.1
2019-01-02,2.338,0.2338,0.0,0.1
2019-01-03,2.339,0.2339,0.0,0.1
2019-01-04,2.381,0.23809999999999998,0.0,0.1
2019-01-07,2.393,0.23929999999999998,0.0,0.1
2019-01-08,2.388,0.2388,0.0,0.1
2019-01-09,2.426,0.24260000000000004,0.0,0.1
2019-01-10,2.412,0.2412,0.0,0.1
2019-01-11,2.428,0.24280000000000002,0.0,0.1
2019-01-15,2.45,0.24500000000000002,0.0,0.1
2019-01-16,2.459,0.2459,0.0,0.1
2019-01-17,2.461,0.24609999999999999,0.0,0.1
2019-01-18,2.488,0.24880000000000002,0.0,0.1
2019-01-21,2.499,0.2499,0.0,0.1
2019-01-22,2.462,0.24620000000000003,0.0,0.1
2019-01-23,2.463,0.24630000000000002,0.0,0.1
2019-01-24,2.474,0.24740000000000004,0.0,0.1
2019-01-25,2.5,0.25,0.0,0.1
2019-01-28,2.48,0.248,0.0,0.1
2019-01-29,2.5,0.25,0.0,0.1
2019-01-31,2.51,0.251,0.0,0.1
2019-02-01,2.532,0.25320000000000004,0.0,0.1
2019-02-11,2.539,0.2539,0.0,0.1
2019-02-12,2.555,0.2555,0.0,0.1
2019-02-13,2.631,0.2631,0.0,0.1
2019-02-14,2.618,0.2618,0.0,0.1
2019-02-15,2.56,0.256,0.0,0.1
2019-02-18,2.628,0.26280000000000003,0.0,0.1
2019-02-19,2.617,0.2617,0.0,0.1
2019-02-20,2.624,0.2624,0.0,0.1
2019-02-21,2.61,0.261,0.0,0.1
2019-02-22,2.651,0.2651,0.0,0.1
2019-02-25,2.72,0.272,0.0,0.1
2019-02-26,2.839,0.2839,0.0,0.1
2019-02-27,2.799,0.2799,0.0,0.1
2019-02-28,2.788,0.2788,0.0,0.1
2019-03-01,2.838,0.2838,0.0,0.1
2019-03-04,2.858,0.2858,0.0,0.1
2019-03-05,2.872,0.2872,0.0,0.1
2019-03-06,2.9,0.29,0.0,0.1
2019-03-07,2.899,0.2899,0.0,0.1
2019-03-08,2.769,0.27690000000000003,0.0,0.1
2019-03-11,2.796,0.2796,0.0,0.1
2019-03-12,2.814,0.28140000000000004,0.0,0.1
2019-03-13,2.915,0.29150000000000004,0.0,0.1
2019-03-14,2.78,0.27799999999999997,0.0,0.1
2019-03-15,2.782,0.2782,0.0,0.1
2019-03-18,2.857,0.2857,0.0,0.1
2019-03-19,2.841,0.2841,0.0,0.1
2019-03-20,2.837,0.2837,0.0,0.1
2019-03-21,2.84,0.284,0.0,0.1
2019-03-22,2.826,0.2826,0.0,0.1
2019-03-25,2.75,0.275,0.0,0.1
2019-03-26,2.728,0.27280000000000004,0.0,0.1
2019-03-27,2.751,0.2751,0.0,0.1
2019-03-28,2.742,0.2742,0.0,0.1
2019-03-29,2.831,0.2831,0.0,0.1
2019-04-01,2.9,0.29,0.0,0.1
2019-04-02,2.887,0.2887,0.0,0.1
2019-04-03,2.96,0.296,0.0,0.1
2019-04-04,2.932,0.2932,0.0,0.1
2019-04-08,2.926,0.2926,0.0,0.1
2019-04-09,2.94,0.294,0.0,0.1
2019-04-10,2.952,0.2952,0.0,0.1
2019-04-11,2.908,0.2908,0.0,0.1
2019-04-12,2.89,0.28900000000000003,0.0,0.1
2019-04-15,2.9,0.29,0.0,0.1
2019-04-16,3.0,0.30000000000000004,0.0,0.1
2019-04-17,2.994,0.29940000000000005,0.0,0.1
2019-04-18,2.998,0.2998,0.0,0.1
2019-04-19,3.006,0.3006,0.0,0.1
2019-04-22,2.948,0.2948,0.0,0.1
2019-04-23,2.943,0.2943,0.0,0.1
2019-04-24,2.949,0.2949,0.0,0.1
2019-04-25,2.902,0.2902,0.0,0.1
2019-04-26,2.847,0.2847,0.0,0.1
2019-04-29,3.009,0.3009,0.0,0.1
2019-04-30,2.873,0.28730000000000006,0.0,0.1
2019-05-06,2.733,0.27330000000000004,0.0,0.1
2019-05-07,2.721,0.2721,0.0,0.1
2019-05-08,2.682,0.2682,0.0,0.1
2019-05-09,2.648,0.26480000000000004,0.0,0.1
2019-05-10,2.717,0.2717,0.0,0.1
2019-05-13,2.681,0.2681,0.0,0.1
2019-05-14,2.661,0.2661,0.0,0.1
2019-05-15,2.713,0.27130000000000004,0.0,0.1
2019-05-16,2.717,0.2717,0.0,0.1
2019-05-17,2.668,0.26680000000000004,0.0,0.1
2019-05-20,2.643,0.2643,0.0,0.1
2019-05-21,2.669,0.2669,0.0,0.1
2019-05-22,2.657,0.2657,0.0,0.1
2019-05-23,2.638,0.2638,0.0,0.1
2019-05-24,2.625,0.2625,0.0,0.1
2019-05-27,2.656,0.2656,0.0,0.1
2019-05-28,2.679,0.26789999999999997,0.0,0.1
2019-05-29,2.678,0.2678,0.0,0.1
2019-05-30,2.672,0.26720000000000005,0.0,0.1
2019-05-31,2.679,0.26789999999999997,0.0,0.1
2019-06-03,2.68,0.268,0.0,0.1
2019-06-04,2.66,0.266,0.0,0.1
2019-06-05,2.675,0.2675,0.0,0.1
2019-06-06,2.643,0.2643,0.0,0.1
2019-06-10,2.661,0.2661,0.0,0.1
2019-06-11,2.729,0.27290000000000003,0.0,0.1
2019-06-12,2.704,0.27040000000000003,0.0,0.1
2019-06-13,2.71,0.271,0.0,0.1
2019-06-14,2.699,0.2699,0.0,0.1
2019-06-17,2.72,0.272,0.0,0.1
2019-06-18,2.713,0.27130000000000004,0.0,0.1
2019-06-19,2.747,0.2747,0.0,0.1
2019-06-20,2.82,0.282,0.0,0.1
2019-06-21,2.814,0.28140000000000004,0.0,0.1
2019-06-24,2.828,0.2828,0.0,0.1
2019-06-25,2.799,0.2799,0.0,0.1
2019-06-26,2.81,0.281,0.0,0.1
2019-06-27,2.83,0.28300000000000003,0.0,0.1
2019-06-28,2.811,0.2811,0.0,0.1
2019-07-01,2.886,0.2886,0.0,0.1
2019-07-02,2.909,0.2909,0.0,0.1
2019-07-03,2.875,0.28750000000000003,0.0,0.1
2019-07-04,2.862,0.2862,0.0,0.1
2019-07-05,2.871,0.2871,0.0,0.1
2019-07-08,2.807,0.2807,0.0,0.1
2019-07-09,2.866,0.2866,0.0,0.1
2019-07-10,2.84,0.284,0.0,0.1
2019-07-11,2.791,0.2791,0.0,0.1
2019-07-12,2.815,0.28150000000000003,0.0,0.1
2019-07-15,2.808,0.2808,0.0,0.1
2019-07-16,2.794,0.27940000000000004,0.0,0.1
2019-07-17,2.787,0.2787,0.0,0.1
2019-07-18,2.773,0.27730000000000005,0.0,0.1
2019-07-19,2.794,0.27940000000000004,0.0,0.1
2019-07-22,2.855,0.28550000000000003,0.0,0.1
2019-07-23,2.791,0.2791,0.0,0.1
2019-07-24,2.818,0.2818,0.0,0.1
2019-07-25,2.825,0.28250000000000003,0.0,0.1
2019-07-26,2.833,0.28330000000000005,0.0,0.1
2019-07-29,2.836,0.2836,0.0,0.1
2019-07-30,2.842,0.2842,0.0,0.1
2019-07-31,2.823,0.2823,0.0,0.1
2019-08-01,2.799,0.2799,0.0,0.1
2019-08-02,2.756,0.2756,0.0,0.1
2019-08-05,2.7,0.27,0.0,0.1
2019-08-06,2.661,0.2661,0.0,0.1
2019-08-07,2.668,0.26680000000000004,0.0,0.1
2019-08-08,2.688,0.26880000000000004,0.0,0.1
2019-08-09,2.664,0.2664,0.0,0.1
2019-08-12,2.698,0.2698,0.0,0.1
2019-08-13,2.694,0.26940000000000003,0.0,0.1
2019-08-14,2.7,0.27,0.0,0.1
2019-08-15,2.72,0.272,0.0,0.1
2019-08-16,2.735,0.2735,0.0,0.1
2019-08-19,2.818,0.2818,0.0,0.1
2019-08-20,2.8,0.27999999999999997,0.0,0.1
2019-08-21,2.769,0.27690000000000003,0.0,0.1
2019-08-22,2.733,0.27330000000000004,0.0,0.1
2019-08-23,2.79,0.279,0.0,0.1
2019-08-26,2.733,0.27330000000000004,0.0,0.1
2019-08-27,2.774,0.27740000000000004,0.0,0.1
2019-08-28,2.76,0.27599999999999997,0.0,0.1
2019-08-29,2.75,0.275,0.0,0.1
2019-08-30,2.767,0.2767,0.0,0.1
2019-09-02,2.798,0.2798,0.0,0.1
2019-09-03,2.799,0.2799,0.0,0.1
2019-09-04,2.827,0.2827,0.0,0.1
2019-09-05,2.855,0.28550000000000003,0.0,0.1
2019-09-06,2.871,0.2871,0.0,0.1
2019-09-09,2.875,0.28750000000000003,0.0,0.1
2019-09-10,2.887,0.2887,0.0,0.1
2019-09-11,2.875,0.28750000000000003,0.0,0.1
2019-09-12,2.939,0.2939,0.0,0.1
2019-09-16,2.83,0.28300000000000003,0.0,0.1
2019-09-17,2.826,0.2826,0.0,0.1
2019-09-18,2.835,0.28350000000000003,0.0,0.1
2019-09-19,2.831,0.2831,0.0,0.1
2019-09-20,2.852,0.2852,0.0,0.1
2019-09-23,2.806,0.2806,0.0,0.1
2019-09-24,2.837,0.2837,0.0,0.1
2019-09-25,2.836,0.2836,0.0,0.1
2019-09-26,2.823,0.2823,0.0,0.1
2019-09-27,2.819,0.2819,0.0,0.1
2019-09-30,2.807,0.2807,0.0,0.1
2019-10-08,2.784,0.2784,0.0,0.1
2019-10-09,2.773,0.27730000000000005,0.0,0.1
2019-10-10,2.831,0.2831,0.0,0.1
2019-10-11,2.888,0.2888,0.0,0.1
2019-10-14,2.892,0.2892,0.0,0.1
2019-10-15,2.871,0.2871,0.0,0.1
2019-10-16,2.882,0.2882,0.0,0.1
2019-10-17,2.869,0.28690000000000004,0.0,0.1
2019-10-18,2.84,0.284,0.0,0.1
2019-10-21,2.831,0.2831,0.0,0.1
2019-10-22,2.837,0.2837,0.0,0.1
2019-10-23,2.841,0.2841,0.0,0.1
2019-10-24,2.84,0.284,0.0,0.1
2019-10-25,2.848,0.2848,0.0,0.1
2019-10-28,2.881,0.28809999999999997,0.0,0.1
2019-10-29,2.868,0.2868,0.0,0.1
2019-10-30,2.864,0.2864,0.0,0.1
2019-10-31,2.872,0.2872,0.0,0.1
2019-11-01,2.902,0.2902,0.0,0.1
2019-11-04,2.913,0.2913,0.0,0.1
2019-11-05,2.928,0.2928,0.0,0.1
2019-11-06,2.92,0.292,0.0,0.1
2019-11-07,2.916,0.2916,0.0,0.1
2019-11-08,2.928,0.2928,0.0,0.1
2019-11-11,2.881,0.28809999999999997,0.0,0.1
2019-11-12,2.848,0.2848,0.0,0.1
2019-11-13,2.862,0.2862,0.0,0.1
2019-11-14,2.877,0.2877,0.0,0.1
2019-11-15,2.887,0.2887,0.0,0.1
2019-11-18,2.894,0.28940000000000005,0.0,0.1
2019-11-19,2.905,0.2905,0.0,0.1
2019-11-20,2.95,0.29500000000000004,0.0,0.1
2019-11-21,2.882,0.2882,0.0,0.1
2019-11-22,2.88,0.288,0.0,0.1
2019-11-25,2.913,0.2913,0.0,0.1
2019-11-26,2.915,0.29150000000000004,0.0,0.1
2019-11-27,2.914,0.29140000000000005,0.0,0.1
2019-11-28,2.896,0.2896,0.0,0.1
2019-11-29,2.867,0.2867,0.0,0.1
2019-12-02,2.882,0.2882,0.0,0.1
2019-12-03,2.874,0.28740000000000004,0.0,0.1
2019-12-04,2.866,0.2866,0.0,0.1
2019-12-05,2.882,0.2882,0.0,0.1
2019-12-06,2.897,0.2897,0.0,0.1
2019-12-09,2.921,0.29209999999999997,0.0,0.1
2019-12-10,2.924,0.2924,0.0,0.1
2019-12-11,2.936,0.2936,0.0,0.1
2019-12-12,2.932,0.2932,0.0,0.1
2019-12-13,2.98,0.298,0.0,0.1
2019-12-16,2.985,0.2985,0.0,0.1
2019-12-17,3.01,0.301,0.0,0.1
2019-12-18,3.003,0.3003,0.0,0.1
2019-12-19,3.008,0.3008,0.0,0.1
2019-12-23,2.976,0.29760000000000003,0.0,0.1
2019-12-24,2.988,0.2988,0.0,0.1
2019-12-25,2.985,0.2985,0.0,0.1
2019-12-26,3.012,0.3012,0.0,0.1
2019-12-27,3.023,0.3023,0.0,0.1
2019-12-30,3.054,0.3054,0.0,0.1
2019-12-31,3.074,0.3074,0.0,0.1
2020-01-02,3.132,0.31320000000000003,0.0,0.1
2020-01-03,3.11,0.311,0.0,0.1
2020-01-06,3.081,0.30810000000000004,0.0,0.1
2020-01-07,3.101,0.31010000000000004,0.0,0.1
2020-01-08,3.063,0.3063,0.0,0.1
2020-01-09,3.101,0.31010000000000004,0.0,0.1
2020-01-10,3.088,0.3088,0.0,0.1
2020-01-13,3.101,0.31010000000000004,0.0,0.1
2020-01-14,3.122,0.31220000000000003,0.0,0.1
2020-01-15,3.077,0.30770000000000003,0.0,0.1
2020-01-16,3.064,0.3064,0.0,0.1
2020-01-17,3.07,0.307,0.0,0.1
2020-01-20,3.087,0.30870000000000003,0.0,0.1
2020-01-21,3.033,0.3033,0.0,0.1
2020-01-22,3.057,0.3057,0.0,0.1
2020-01-23,2.957,0.2957,0.0,0.1
2020-02-03,2.721,0.2721,0.0,0.1
2020-02-04,2.803,0.2803,0.0,0.1
2020-02-05,2.859,0.2859,0.0,0.1
2020-02-06,2.856,0.2856,0.0,0.1
2020-02-07,2.853,0.28530000000000005,0.0,0.1
2020-02-10,2.879,0.2879,0.0,0.1
2020-02-11,2.905,0.2905,0.0,0.1
2020-02-12,2.918,0.2918,0.0,0.1
2020-02-13,2.907,0.2907,0.0,0.1
2020-02-14,2.922,0.2922,0.0,0.1
2020-02-17,2.987,0.2987,0.0,0.1
2020-02-18,2.96,0.296,0.0,0.1
2020-02-19,2.961,0.2961,0.0,0.1
2020-02-20,2.978,0.2978,0.0,0.1
2020-02-21,3.01,0.301,0.0,0.1
2020-02-24,2.995,0.29950000000000004,0.0,0.1
2020-02-25,3.004,0.3004,0.0,0.1
2020-02-26,2.97,0.29700000000000004,0.0,0.1
2020-02-27,2.981,0.2981,0.0,0.1
2020-02-28,2.905,0.2905,0.0,0.1
2020-03-02,3.034,0.3034,0.0,0.1
2020-03-03,3.024,0.3024,0.0,0.1
2020-03-04,3.051,0.30510000000000004,0.0,0.1
2020-03-05,3.094,0.3094,0.0,0.1
2020-03-06,3.047,0.3047,0.0,0.1
2020-03-09,2.964,0.2964,0.0,0.1
2020-03-10,3.014,0.3014,0.0,0.1
2020-03-11,2.984,0.2984,0.0,0.1
2020-03-12,2.93,0.29300000000000004,0.0,0.1
2020-03-13,2.897,0.2897,0.0,0.1
2020-03-16,2.82,0.282,0.0,0.1
2020-03-17,2.777,0.2777,0.0,0.1
2020-03-18,2.735,0.2735,0.0,0.1
2020-03-19,2.67,0.267,0.0,0.1
2020-03-20,2.74,0.274,0.0,0.1
2020-03-23,2.668,0.26680000000000004,0.0,0.1
2020-03-24,2.748,0.27480000000000004,0.0,0.1
2020-03-25,2.804,0.2804,0.0,0.1
2020-03-26,2.781,0.2781,0.0,0.1
2020-03-27,2.839,0.2839,0.0,0.1
2020-03-30,2.808,0.2808,0.0,0.1
2020-03-31,2.799,0.2799,0.0,0.1
2020-04-01,2.789,0.27890000000000004,0.0,0.1
2020-04-02,2.811,0.2811,0.0,0.1
2020-04-03,2.819,0.2819,0.0,0.1
2020-04-07,2.866,0.2866,0.0,0.1
2020-04-08,2.85,0.28500000000000003,0.0,0.1
2020-04-09,2.867,0.2867,0.0,0.1
2020-04-10,2.859,0.2859,0.0,0.1
2020-04-13,2.848,0.2848,0.0,0.1
2020-04-14,2.874,0.28740000000000004,0.0,0.1
2020-04-15,2.845,0.28450000000000003,0.0,0.1
2020-04-16,2.843,0.2843,0.0,0.1
2020-04-17,2.882,0.2882,0.0,0.1
2020-04-20,2.901,0.29009999999999997,0.0,0.1
2020-04-21,2.864,0.2864,0.0,0.1
2020-04-22,2.86,0.286,0.0,0.1
2020-04-23,2.871,0.2871,0.0,0.1
2020-04-24,2.858,0.2858,0.0,0.1
2020-04-27,2.877,0.2877,0.0,0.1
2020-04-28,2.93,0.29300000000000004,0.0,0.1
2020-04-29,2.875,0.28750000000000003,0.0,0.1
2020-04-30,2.922,0.2922,0.0,0.1
2020-05-06,2.927,0.2927,0.0,0.1
2020-05-07,2.919,0.2919,0.0,0.1
2020-05-08,2.949,0.2949,0.0,0.1
2020-05-11,2.95,0.29500000000000004,0.0,0.1
2020-05-12,2.93,0.29300000000000004,0.0,0.1
2020-05-13,2.937,0.2937,0.0,0.1
2020-05-14,2.903,0.2903,0.0,0.1
2020-05-15,2.885,0.2885,0.0,0.1
2020-05-18,2.887,0.2887,0.0,0.1
2020-05-19,2.922,0.2922,0.0,0.1
2020-05-20,2.906,0.2906,0.0,0.1
2020-05-21,2.901,0.29009999999999997,0.0,0.1
2020-05-22,2.841,0.2841,0.0,0.1
2020-05-25,2.833,0.28330000000000005,0.0,0.1
2020-05-26,2.863,0.2863,0.0,0.1
2020-05-27,2.84,0.284,0.0,0.1
2020-05-28,2.84,0.284,0.0,0.1
2020-05-29,2.825,0.28250000000000003,0.0,0.1
2020-06-01,2.884,0.2884,0.0,0.1
2020-06-02,2.899,0.2899,0.0,0.1
2020-06-03,2.917,0.2917,0.0,0.1
2020-06-04,2.897,0.2897,0.0,0.1
2020-06-05,2.894,0.28940000000000005,0.0,0.1
2020-06-08,2.917,0.2917,0.0,0.1
2020-06-09,2.88,0.288,0.0,0.1
2020-06-10,2.933,0.2933,0.0,0.1
2020-06-11,2.905,0.2905,0.0,0.1
2020-06-12,2.893,0.2893,0.0,0.1
2020-06-15,2.9,0.29,0.0,0.1
2020-06-16,2.903,0.2903,0.0,0.1
2020-06-17,2.898,0.2898,0.0,0.1
2020-06-18,2.921,0.29209999999999997,0.0,0.1
2020-06-19,2.946,0.29460000000000003,0.0,0.1
2020-06-22,2.927,0.2927,0.0,0.1
2020-06-23,2.932,0.2932,0.0,0.1
2020-06-24,2.97,0.29700000000000004,0.0,0.1
2020-06-29,2.956,0.29560000000000003,0.0,0.1
2020-06-30,3.002,0.3002,0.0,0.1
2020-07-01,3.072,0.30720000000000003,0.0,0.1
2020-07-02,3.136,0.31360000000000005,0.0,0.1
2020-07-03,3.221,0.32210000000000005,0.0,0.1
2020-07-06,3.42,0.342,0.0,0.1
2020-07-07,3.45,0.34500000000000003,0.0,0.1
2020-07-08,3.456,0.3456,0.0,0.1
2020-07-09,3.434,0.34340000000000004,0.0,0.1
2020-07-10,3.394,0.33940000000000003,0.0,0.1
2020-07-13,3.474,0.34740000000000004,0.0,0.1
2020-07-14,3.412,0.3412,0.0,0.1
2020-07-15,3.382,0.33820000000000006,0.0,0.1
2020-07-16,3.242,0.32420000000000004,0.0,0.1
2020-07-17,3.295,0.3295,0.0,0.1
2020-07-20,3.403,0.34030000000000005,0.0,0.1
2020-07-21,3.387,0.3387,0.0,0.1
2020-07-22,3.461,0.3461,0.0,0.1
2020-07-23,3.489,0.3489,0.0,0.1
2020-07-24,3.313,0.33130000000000004,0.0,0.1
2020-07-27,3.31,0.331,0.0,0.1
2020-07-28,3.332,0.3332,0.0,0.1
2020-07-29,3.381,0.3381,0.0,0.1
2020-07-30,3.306,0.3306,0.0,0.1
2020-07-31,3.41,0.341,0.0,0.1
2020-08-03,3.423,0.34230000000000005,0.0,0.1
2020-08-04,3.416,0.3416,0.0,0.1
2020-08-05,3.406,0.3406,0.0,0.1
2020-08-06,3.41,0.341,0.0,0.1
2020-08-07,3.383,0.33830000000000005,0.0,0.1
2020-08-10,3.399,0.33990000000000004,0.0,0.1
2020-08-11,3.39,0.339,0.0,0.1
2020-08-12,3.437,0.3437,0.0,0.1
2020-08-13,3.368,0.3368,0.0,0.1
2020-08-14,3.398,0.33980000000000005,0.0,0.1
2020-08-17,3.449,0.3449,0.0,0.1
2020-08-18,3.45,0.34500000000000003,0.0,0.1
2020-08-19,3.416,0.3416,0.0,0.1
2020-08-20,3.374,0.33740000000000003,0.0,0.1
2020-08-21,3.463,0.34630000000000005,0.0,0.1
2020-08-24,3.499,0.34990000000000004,0.0,0.1
2020-08-25,3.426,0.3426,0.0,0.1
2020-08-26,3.398,0.33980000000000005,0.0,0.1
2020-08-27,3.408,0.3408,0.0,0.1
2020-08-28,3.44,0.34400000000000003,0.0,0.1
2020-08-31,3.472,0.3472,0.0,0.1
2020-09-01,3.486,0.3486,0.0,0.1
2020-09-02,3.497,0.3497,0.0,0.1
2020-09-03,3.501,0.3501,0.0,0.1
2020-09-04,3.467,0.3467,0.0,0.1
2020-09-07,3.49,0.34900000000000003,0.0,0.1
2020-09-08,3.437,0.3437,0.0,0.1
2020-09-09,3.379,0.33790000000000003,0.0,0.1
2020-09-10,3.388,0.3388,0.0,0.1
2020-09-11,3.385,0.3385,0.0,0.1
2020-09-14,3.429,0.3429,0.0,0.1
2020-09-15,3.469,0.3469,0.0,0.1
2020-09-16,3.443,0.34430000000000005,0.0,0.1
2020-09-17,3.43,0.343,0.0,0.1
2020-09-18,3.496,0.3496,0.0,0.1
2020-09-21,3.464,0.34640000000000004,0.0,0.1
2020-09-22,3.446,0.3446,0.0,0.1
2020-09-23,3.425,0.3425,0.0,0.1
2020-09-24,3.367,0.3367,0.0,0.1
2020-09-25,3.377,0.3377,0.0,0.1
2020-09-28,3.39,0.339,0.0,0.1
2020-09-29,3.394,0.33940000000000003,0.0,0.1
2020-09-30,3.381,0.3381,0.0,0.1
2020-10-09,3.405,0.3405,0.0,0.1
2020-10-12,3.512,0.3512,0.0,0.1
2020-10-13,3.515,0.35150000000000003,0.0,0.1
2020-10-14,3.488,0.3488,0.0,0.1
2020-10-15,3.497,0.3497,0.0,0.1
2020-10-16,3.509,0.3509,0.0,0.1
2020-10-19,3.478,0.34780000000000005,0.0,0.1
2020-10-20,3.489,0.3489,0.0,0.1
2020-10-21,3.495,0.34950000000000003,0.0,0.1
2020-10-22,3.471,0.3471,0.0,0.1
2020-10-23,3.471,0.3471,0.0,0.1
2020-10-26,3.424,0.34240000000000004,0.0,0.1
2020-10-27,3.427,0.3427,0.0,0.1
2020-10-29,3.496,0.3496,0.0,0.1
2020-10-30,3.437,0.3437,0.0,0.1
2020-11-02,3.424,0.34240000000000004,0.0,0.1
2020-11-03,3.454,0.34540000000000004,0.0,0.1
2020-11-04,3.511,0.3511,0.0,0.1
2020-11-05,3.549,0.3549,0.0,0.1
2020-11-06,3.561,0.3561,0.0,0.1
2020-11-09,3.603,0.36030000000000006,0.0,0.1
2020-11-10,3.685,0.36850000000000005,0.0,0.1
2020-11-11,3.593,0.3593,0.0,0.1
2020-11-12,3.6,0.36000000000000004,0.0,0.1
2020-11-13,3.535,0.35350000000000004,0.0,0.1
2020-11-16,3.557,0.3557,0.0,0.1
2020-11-17,3.537,0.3537,0.0,0.1
2020-11-18,3.566,0.35660000000000003,0.0,0.1
2020-11-19,3.597,0.3597,0.0,0.1
2020-11-20,3.595,0.35950000000000004,0.0,0.1
2020-11-23,3.654,0.3654,0.0,0.1
2020-11-24,3.65,0.365,0.0,0.1
2020-11-25,3.604,0.36040000000000005,0.0,0.1
2020-11-26,3.601,0.36010000000000003,0.0,0.1
2020-11-27,3.675,0.3675,0.0,0.1
2020-11-30,3.666,0.36660000000000004,0.0,0.1
2020-12-01,3.728,0.3728,0.0,0.1
2020-12-02,3.713,0.3713,0.0,0.1
2020-12-03,3.69,0.369,0.0,0.1
2020-12-04,3.692,0.36920000000000003,0.0,0.1
2020-12-07,3.661,0.36610000000000004,0.0,0.1
2020-12-08,3.64,0.36400000000000005,0.0,0.1
2020-12-09,3.61,0.361,0.0,0.1
2020-12-10,3.608,0.3608,0.0,0.1
2020-12-11,3.562,0.3562,0.0,0.1
2020-12-14,3.606,0.36060000000000003,0.0,0.1
2020-12-15,3.612,0.3612,0.0,0.1
2020-12-16,3.583,0.35830000000000006,0.0,0.1
2020-12-17,3.676,0.36760000000000004,0.0,0.1
2020-12-18,3.665,0.36650000000000005,0.0,0.1
2020-12-21,3.65,0.365,0.0,0.1
2020-12-22,3.618,0.3618,0.0,0.1
2020-12-23,3.635,0.3635,0.0,0.1
2020-12-24,3.625,0.36250000000000004,0.0,0.1
2020-12-25,3.652,0.3652,0.0,0.1
2020-12-28,3.654,0.3654,0.0,0.1
2020-12-29,3.66,0.36600000000000005,0.0,0.1
2020-12-30,3.711,0.3711,0.0,0.1
2020-12-31,3.768,0.3768,0.0,0.1
2021-01-04,3.778,0.3778,0.0,0.1
2021-01-05,3.788,0.3788,0.0,0.1
2021-01-06,3.855,0.3855,0.0,0.1
2021-01-07,3.938,0.39380000000000004,0.0,0.1
2021-01-08,3.935,0.3935,0.0,0.1
2021-01-11,3.961,0.3961,0.0,0.1
2021-01-12,4.06,0.40599999999999997,0.0,0.1
2021-01-13,4.029,0.40290000000000004,0.0,0.1
2021-01-14,3.998,0.39980000000000004,0.0,0.1
2021-01-15,3.999,0.39990000000000003,0.0,0.1
2021-01-18,4.027,0.40270000000000006,0.0,0.1
2021-01-19,3.95,0.395,0.0,0.1
2021-01-20,3.954,0.39540000000000003,0.0,0.1
2021-01-21,3.985,0.3985,0.0,0.1
2021-01-22,3.97,0.397,0.0,0.1
2021-01-25,3.978,0.39780000000000004,0.0,0.1
2021-01-26,3.933,0.3933,0.0,0.1
2021-01-27,3.937,0.3937,0.0,0.1
2021-01-28,3.842,0.38420000000000004,0.0,0.1
2021-01-29,3.825,0.38250000000000006,0.0,0.1
2021-02-01,3.87,0.387,0.0,0.1
2021-02-02,3.89,0.389,0.0,0.1
2021-02-03,3.907,0.39070000000000005,0.0,0.1
2021-02-04,3.89,0.389,0.0,0.1
2021-02-05,3.914,0.3914,0.0,0.1
2021-02-08,4.01,0.401,0.0,0.1
2021-02-09,4.06,0.40599999999999997,0.0,0.1
2021-02-10,4.142,0.41420000000000007,0.0,0.1
2021-02-18,4.16,0.41600000000000004,0.0,0.1
2021-02-19,4.159,0.4159,0.0,0.1
2021-02-22,4.085,0.40850000000000003,0.0,0.1
2021-02-23,4.049,0.40490000000000004,0.0,0.1
2021-02-24,3.983,0.39830000000000004,0.0,0.1
2021-02-25,4.036,0.40359999999999996,0.0,0.1
2021-02-26,3.927,0.39270000000000005,0.0,0.1
2021-03-01,3.968,0.39680000000000004,0.0,0.1
2021-03-02,3.889,0.3889,0.0,0.1
2021-03-03,3.977,0.3977,0.0,0.1
2021-03-04,3.859,0.3859,0.0,0.1
2021-03-05,3.868,0.38680000000000003,0.0,0.1
2021-03-08,3.775,0.3775,0.0,0.1
2021-03-09,3.702,0.37020000000000003,0.0,0.1
2021-03-10,3.719,0.3719,0.0,0.1
2021-03-11,3.778,0.3778,0.0,0.1
2021-03-12,3.816,0.3816,0.0,0.1
2021-03-15,3.752,0.3752,0.0,0.1
2021-03-16,3.785,0.37850000000000006,0.0,0.1
2021-03-17,3.803,0.3803,0.0,0.1
2021-03-18,3.789,0.3789,0.0,0.1
2021-03-19,3.72,0.37200000000000005,0.0,0.1
2021-03-22,3.741,0.37410000000000004,0.0,0.1
2021-03-23,3.709,0.3709,0.0,0.1
2021-03-24,3.645,0.36450000000000005,0.0,0.1
2021-03-25,3.654,0.3654,0.0,0.1
2021-03-26,3.732,0.37320000000000003,0.0,0.1
2021-03-29,3.741,0.37410000000000004,0.0,0.1
2021-03-30,3.759,0.3759,0.0,0.1
2021-03-31,3.717,0.37170000000000003,0.0,0.1
2021-04-01,3.763,0.3763,0.0,0.1
2021-04-02,3.782,0.37820000000000004,0.0,0.1
2021-04-06,3.752,0.3752,0.0,0.1
2021-04-07,3.744,0.37440000000000007,0.0,0.1
2021-04-08,3.752,0.3752,0.0,0.1
2021-04-09,3.697,0.36970000000000003,0.0,0.1
2021-04-12,3.634,0.3634,0.0,0.1
2021-04-13,3.617,0.3617,0.0,0.1
2021-04-14,3.637,0.3637,0.0,0.1
2021-04-15,3.601,0.36010000000000003,0.0,0.1
2021-04-16,3.604,0.36040000000000005,0.0,0.1
2021-04-19,3.696,0.36960000000000004,0.0,0.1
2021-04-20,3.677,0.3677,0.0,0.1
2021-04-21,3.665,0.36650000000000005,0.0,0.1
2021-04-22,3.64,0.36400000000000005,0.0,0.1
2021-04-23,3.665,0.36650000000000005,0.0,0.1
2021-04-26,3.62,0.36200000000000004,0.0,0.1
2021-04-27,3.601,0.36010000000000003,0.0,0.1
2021-04-28,3.596,0.35960000000000003,0.0,0.1
2021-04-29,3.646,0.36460000000000004,0.0,0.1
2021-04-30,3.722,0.37220000000000003,0.0,0.1
2021-05-06,3.576,0.35760000000000003,0.0,0.1
2021-05-07,3.555,0.35550000000000004,0.0,0.1
2021-05-10,3.532,0.3532,0.0,0.1
2021-05-11,3.561,0.3561,0.0,0.1
2021-05-12,3.588,0.3588,0.0,0.1
2021-05-13,3.533,0.3533,0.0,0.1
2021-05-14,3.614,0.3614,0.0,0.1
2021-05-17,3.658,0.3658,0.0,0.1
2021-05-18,3.638,0.3638,0.0,0.1
2021-05-19,3.637,0.3637,0.0,0.1
2021-05-20,3.63,0.363,0.0,0.1
2021-05-21,3.587,0.3587,0.0,0.1
2021-05-24,3.594,0.3594,0.0,0.1
2021-05-25,3.726,0.37260000000000004,0.0,0.1
2021-05-26,3.74,0.37400000000000005,0.0,0.1
2021-05-27,3.74,0.37400000000000005,0.0,0.1
2021-05-28,3.737,0.37370000000000003,0.0,0.1
2021-05-31,3.717,0.37170000000000003,0.0,0.1
2021-06-01,3.744,0.37440000000000007,0.0,0.1
2021-06-02,3.695,0.3695,0.0,0.1
2021-06-03,3.678,0.3678,0.0,0.1
2021-06-04,3.682,0.3682,0.0,0.1
2021-06-07,3.672,0.3672,0.0,0.1
2021-06-08,3.67,0.367,0.0,0.1
2021-06-09,3.685,0.36850000000000005,0.0,0.1
2021-06-10,3.696,0.36960000000000004,0.0,0.1
2021-06-11,3.667,0.3667,0.0,0.1
2021-06-15,3.627,0.3627,0.0,0.1
2021-06-16,3.588,0.3588,0.0,0.1
2021-06-17,3.58,0.35800000000000004,0.0,0.1
2021-06-18,3.59,0.359,0.0,0.1
2021-06-21,3.564,0.35640000000000005,0.0,0.1
2021-06-22,3.601,0.36010000000000003,0.0,0.1
2021-06-23,3.628,0.3628,0.0,0.1
2021-06-24,3.626,0.36260000000000003,0.0,0.1
2021-06-25,3.684,0.36840000000000006,0.0,0.1
2021-06-28,3.664,0.36640000000000006,0.0,0.1
2021-06-29,3.634,0.3634,0.0,0.1
2021-06-30,3.649,0.3649,0.0,0.1
2021-07-01,3.637,0.3637,0.0,0.1
2021-07-02,3.544,0.35440000000000005,0.0,0.1
2021-07-05,3.577,0.3577,0.0,0.1
2021-07-06,3.57,0.357,0.0,0.1
2021-07-07,3.639,0.3639,0.0,0.1
2021-07-08,3.546,0.3546,0.0,0.1
2021-07-09,3.569,0.3569,0.0,0.1
2021-07-12,3.678,0.3678,0.0,0.1
2021-07-13,3.668,0.3668,0.0,0.1
2021-07-14,3.554,0.3554,0.0,0.1
2021-07-15,3.58,0.35800000000000004,0.0,0.1
2021-07-16,3.545,0.35450000000000004,0.0,0.1
2021-07-19,3.544,0.35440000000000005,0.0,0.1
2021-07-20,3.497,0.3497,0.0,0.1
2021-07-21,3.524,0.35240000000000005,0.0,0.1
2021-07-22,3.55,0.355,0.0,0.1
2021-07-23,3.523,0.35230000000000006,0.0,0.1
2021-07-26,3.46,0.34600000000000003,0.0,0.1
2021-07-27,3.458,0.34580000000000005,0.0,0.1
2021-07-28,3.451,0.3451,0.0,0.1
2021-07-29,3.416,0.3416,0.0,0.1
2021-07-30,3.418,0.34180000000000005,0.0,0.1
2021-08-02,3.424,0.34240000000000004,0.0,0.1
2021-08-03,3.417,0.3417,0.0,0.1
2021-08-04,3.44,0.34400000000000003,0.0,0.1
2021-08-05,3.427,0.3427,0.0,0.1
2021-08-06,3.415,0.3415,0.0,0.1
2021-08-09,3.442,0.34420000000000006,0.0,0.1
2021-08-10,3.49,0.34900000000000003,0.0,0.1
2021-08-11,3.48,0.34800000000000003,0.0,0.1
2021-08-12,3.44,0.34400000000000003,0.0,0.1
2021-08-13,3.425,0.3425,0.0,0.1
2021-08-16,3.498,0.34980000000000006,0.0,0.1
2021-08-17,3.499,0.34990000000000004,0.0,0.1
2021-08-18,3.469,0.3469,0.0,0.1
2021-08-19,3.377,0.3377,0.0,0.1
2021-08-20,3.378,0.33780000000000004,0.0,0.1
2021-08-23,3.372,0.3372,0.0,0.1
2021-08-24,3.367,0.3367,0.0,0.1
2021-08-25,3.379,0.33790000000000003,0.0,0.1
2021-08-26,3.328,0.3328,0.0,0.1
2021-08-27,3.339,0.33390000000000003,0.0,0.1
2021-08-30,3.36,0.336,0.0,0.1
2021-08-31,3.35,0.335,0.0,0.1
2021-09-01,3.493,0.3493,0.0,0.1
2021-09-02,3.46,0.34600000000000003,0.0,0.1
2021-09-03,3.44,0.34400000000000003,0.0,0.1
2021-09-06,3.495,0.34950000000000003,0.0,0.1
2021-09-07,3.701,0.37010000000000004,0.0,0.1
2021-09-08,3.633,0.3633,0.0,0.1
2021-09-09,3.568,0.3568,0.0,0.1
2021-09-10,3.565,0.35650000000000004,0.0,0.1
2021-09-13,3.544,0.35440000000000005,0.0,0.1
2021-09-14,3.525,0.35250000000000004,0.0,0.1
2021-09-15,3.454,0.34540000000000004,0.0,0.1
2021-09-16,3.461,0.3461,0.0,0.1
2021-09-17,3.45,0.34500000000000003,0.0,0.1
2021-09-22,3.421,0.3421,0.0,0.1
2021-09-23,3.465,0.34650000000000003,0.0,0.1
2021-09-24,3.421,0.3421,0.0,0.1
2021-09-27,3.482,0.34820000000000007,0.0,0.1
2021-09-28,3.45,0.34500000000000003,0.0,0.1
2021-09-29,3.472,0.3472,0.0,0.1
2021-09-30,3.442,0.34420000000000006,0.0,0.1
2021-10-08,3.45,0.34500000000000003,0.0,0.1
2021-10-11,3.482,0.34820000000000007,0.0,0.1
2021-10-12,3.454,0.34540000000000004,0.0,0.1
2021-10-13,3.448,0.3448,0.0,0.1
2021-10-14,3.448,0.3448,0.0,0.1
2021-10-15,3.442,0.34420000000000006,0.0,0.1
2021-10-18,3.443,0.34430000000000005,0.0,0.1
2021-10-19,3.49,0.34900000000000003,0.0,0.1
2021-10-20,3.441,0.3441,0.0,0.1
2021-10-21,3.45,0.34500000000000003,0.0,0.1
2021-10-22,3.47,0.34700000000000003,0.0,0.1
2021-10-25,3.5,0.35000000000000003,0.0,0.1
2021-10-26,3.462,0.34620000000000006,0.0,0.1
2021-10-27,3.45,0.34500000000000003,0.0,0.1
2021-10-28,3.406,0.3406,0.0,0.1
2021-10-29,3.486,0.3486,0.0,0.1
2021-11-01,3.482,0.34820000000000007,0.0,0.1
2021-11-02,3.482,0.34820000000000007,0.0,0.1
2021-11-03,3.496,0.3496,0.0,0.1
2021-11-04,3.487,0.3487,0.0,0.1
2021-11-05,3.472,0.3472,0.0,0.1
2021-11-08,3.472,0.3472,0.0,0.1
2021-11-09,3.414,0.34140000000000004,0.0,0.1
2021-11-10,3.43,0.343,0.0,0.1
2021-11-11,3.453,0.3453,0.0,0.1
2021-11-12,3.442,0.34420000000000006,0.0,0.1
2021-11-15,3.434,0.34340000000000004,0.0,0.1
2021-11-16,3.422,0.34220000000000006,0.0,0.1
2021-11-17,3.412,0.3412,0.0,0.1
2021-11-18,3.41,0.341,0.0,0.1
2021-11-19,3.438,0.34380000000000005,0.0,0.1
2021-11-22,3.42,0.342,0.0,0.1
2021-11-23,3.434,0.34340000000000004,0.0,0.1
2021-11-24,3.424,0.34240000000000004,0.0,0.1
2021-11-25,3.408,0.3408,0.0,0.1
2021-11-26,3.408,0.3408,0.0,0.1
2021-11-29,3.38,0.338,0.0,0.1
2021-11-30,3.38,0.338,0.0,0.1
2021-12-01,3.42,0.342,0.0,0.1
2021-12-02,3.42,0.342,0.0,0.1
2021-12-03,3.421,0.3421,0.0,0.1
2021-12-06,3.396,0.3396,0.0,0.1
2021-12-07,3.47,0.34700000000000003,0.0,0.1
2021-12-08,3.489,0.3489,0.0,0.1
2021-12-09,3.56,0.35600000000000004,0.0,0.1
2021-12-10,3.535,0.35350000000000004,0.0,0.1
2021-12-13,3.6,0.36000000000000004,0.0,0.1
2021-12-14,3.587,0.3587,0.0,0.1
2021-12-15,3.598,0.3598,0.0,0.1
2021-12-16,3.55,0.355,0.0,0.1
2021-12-17,3.481,0.3481,0.0,0.1
2021-12-20,3.48,0.34800000000000003,0.0,0.1
2021-12-21,3.471,0.3471,0.0,0.1
2021-12-22,3.451,0.3451,0.0,0.1
2021-12-23,3.474,0.34740000000000004,0.0,0.1
2021-12-24,3.453,0.3453,0.0,0.1
2021-12-27,3.475,0.34750000000000003,0.0,0.1
2021-12-28,3.478,0.34780000000000005,0.0,0.1
2021-12-29,3.52,0.35200000000000004,0.0,0.1
2021-12-30,3.505,0.35050000000000003,0.0,0.1
2021-12-31,3.5,0.35000000000000003,0.0,0.1
2022-01-04,3.48,0.34800000000000003,0.0,0.1
2022-01-05,3.462,0.34620000000000006,0.0,0.1
2022-01-06,3.436,0.3436,0.0,0.1
2022-01-07,3.484,0.34840000000000004,0.0,0.1
2022-01-10,3.445,0.34450000000000003,0.0,0.1
2022-01-11,3.449,0.3449,0.0,0.1
2022-01-12,3.536,0.3536,0.0,0.1
2022-01-13,3.485,0.34850000000000003,0.0,0.1
2022-01-14,3.472,0.3472,0.0,0.1
2022-01-17,3.435,0.3435,0.0,0.1
2022-01-18,3.427,0.3427,0.0,0.1
2022-01-19,3.4,0.34,0.0,0.1
2022-01-20,3.447,0.3447,0.0,0.1
2022-01-21,3.413,0.3413,0.0,0.1
2022-01-24,3.385,0.3385,0.0,0.1
2022-01-25,3.319,0.33190000000000003,0.0,0.1
2022-01-26,3.334,0.33340000000000003,0.0,0.1
2022-01-27,3.314,0.33140000000000003,0.0,0.1
2022-01-28,3.337,0.33370000000000005,0.0,0.1
2022-02-07,3.367,0.3367,0.0,0.1
2022-02-08,3.365,0.3365,0.0,0.1
2022-02-09,3.36,0.336,0.0,0.1
2022-02-10,3.31,0.331,0.0,0.1
2022-02-11,3.364,0.33640000000000003,0.0,0.1
2022-02-14,3.35,0.335,0.0,0.1
2022-02-15,3.341,0.33410000000000006,0.0,0.1
2022-02-16,3.416,0.3416,0.0,0.1
2022-02-17,3.361,0.33610000000000007,0.0,0.1
2022-02-18,3.339,0.33390000000000003,0.0,0.1
2022-02-21,3.31,0.331,0.0,0.1
2022-02-22,3.279,0.3279,0.0,0.1
2022-02-23,3.32,0.332,0.0,0.1
2022-02-24,3.281,0.32810000000000006,0.0,0.1
2022-02-25,3.327,0.3327,0.0,0.1
2022-02-28,3.328,0.3328,0.0,0.1
2022-03-01,3.321,0.33210000000000006,0.0,0.1
2022-03-02,3.322,0.33220000000000005,0.0,0.1
2022-03-03,3.319,0.33190000000000003,0.0,0.1
2022-03-04,3.292,0.3292,0.0,0.1
2022-03-07,3.211,0.3211,0.0,0.1
2022-03-08,3.187,0.3187,0.0,0.1
2022-03-09,3.152,0.31520000000000004,0.0,0.1
2022-03-10,3.226,0.3226,0.0,0.1
2022-03-11,3.164,0.3164,0.0,0.1
2022-03-14,3.092,0.30920000000000003,0.0,0.1
2022-03-15,2.998,0.2998,0.0,0.1
2022-03-16,3.114,0.3114,0.0,0.1
2022-03-17,3.2,0.32000000000000006,0.0,0.1
2022-03-18,3.129,0.3129,0.0,0.1
2022-03-21,3.055,0.30550000000000005,0.0,0.1
2022-03-22,3.05,0.305,0.0,0.1
2022-03-23,3.071,0.30710000000000004,0.0,0.1
2022-03-24,3.063,0.3063,0.0,0.1
2022-03-25,3.042,0.3042,0.0,0.1
2022-03-28,2.992,0.2992,0.0,0.1
2022-03-29,2.975,0.29750000000000004,0.0,0.1
2022-03-30,3.019,0.30190000000000006,0.0,0.1
2022-03-31,3.027,0.3027,0.0,0.1
2022-04-01,3.079,0.30790000000000006,0.0,0.1
2022-04-06,3.067,0.30670000000000003,0.0,0.1
2022-04-07,3.066,0.3066,0.0,0.1
2022-04-08,3.092,0.30920000000000003,0.0,0.1
2022-04-11,3.091,0.30910000000000004,0.0,0.1
2022-04-12,3.038,0.3038,0.0,0.1
2022-04-13,3.05,0.305,0.0,0.1
2022-04-14,3.078,0.3078,0.0,0.1
2022-04-15,3.03,0.303,0.0,0.1
2022-04-18,3.03,0.303,0.0,0.1
2022-04-19,3.0,0.30000000000000004,0.0,0.1
2022-04-20,2.97,0.29700000000000004,0.0,0.1
2022-04-21,3.172,0.31720000000000004,0.0,0.1
2022-04-22,3.048,0.3048,0.0,0.1
2022-04-25,2.9,0.29,0.0,0.1
2022-04-26,2.9,0.29,0.0,0.1
2022-04-27,2.921,0.29209999999999997,0.0,0.1
2022-04-28,2.888,0.2888,0.0,0.1
2022-04-29,2.932,0.2932,0.0,0.1
2022-05-05,2.956,0.29560000000000003,0.0,0.1
2022-05-06,2.873,0.28730000000000006,0.0,0.1
2022-05-09,2.865,0.28650000000000003,0.0,0.1
2022-05-10,2.91,0.29100000000000004,0.0,0.1
2022-05-11,2.913,0.2913,0.0,0.1
2022-05-12,2.92,0.292,0.0,0.1
2022-05-13,2.941,0.2941,0.0,0.1
2022-05-16,2.957,0.2957,0.0,0.1
2022-05-17,2.932,0.2932,0.0,0.1
2022-05-18,2.917,0.2917,0.0,0.1
2022-05-19,2.893,0.2893,0.0,0.1
2022-05-20,2.968,0.2968,0.0,0.1
2022-05-23,2.932,0.2932,0.0,0.1
2022-05-24,2.882,0.2882,0.0,0.1
2022-05-25,2.887,0.2887,0.0,0.1
2022-05-26,2.896,0.2896,0.0,0.1
2022-05-27,2.908,0.2908,0.0,0.1
2022-05-30,2.916,0.2916,0.0,0.1
2022-05-31,2.948,0.2948,0.0,0.1
2022-06-01,2.931,0.2931,0.0,0.1
2022-06-02,2.923,0.2923,0.0,0.1
2022-06-06,2.966,0.29660000000000003,0.0,0.1
2022-06-07,2.987,0.2987,0.0,0.1
2022-06-08,3.019,0.30190000000000006,0.0,0.1
2022-06-09,3.01,0.301,0.0,0.1
2022-06-10,3.043,0.3043,0.0,0.1
2022-06-13,2.974,0.29740000000000005,0.0,0.1
2022-06-14,3.016,0.30160000000000003,0.0,0.1
2022-06-15,3.086,0.3086,0.0,0.1
2022-06-16,3.05,0.305,0.0,0.1
2022-06-17,3.09,0.309,0.0,0.1
2022-06-20,3.097,0.30970000000000003,0.0,0.1
2022-06-21,3.079,0.30790000000000006,0.0,0.1
2022-06-22,3.119,0.31190000000000007,0.0,0.1
2022-06-23,3.1,0.31000000000000005,0.0,0.1
2022-06-24,3.118,0.3118,0.0,0.1
2022-06-27,3.19,0.319,0.0,0.1
2022-06-28,3.207,0.3207,0.0,0.1
2022-06-29,3.181,0.31810000000000005,0.0,0.1
2022-06-30,3.259,0.3259,0.0,0.1
2022-07-01,3.245,0.3245,0.0,0.1
2022-07-04,3.263,0.32630000000000003,0.0,0.1
2022-07-05,3.252,0.3252,0.0,0.1
2022-07-06,3.193,0.31930000000000003,0.0,0.1
2022-07-07,3.195,0.3195,0.0,0.1
2022-07-08,3.201,0.32010000000000005,0.0,0.1
2022-07-11,3.3,0.33,0.0,0.1
2022-07-12,3.235,0.3235,0.0,0.1
2022-07-13,3.12,0.31200000000000006,0.0,0.1
2022-07-14,3.188,0.31880000000000003,0.0,0.1
2022-07-15,3.119,0.31190000000000007,0.0,0.1
2022-07-18,3.112,0.31120000000000003,0.0,0.1
2022-07-19,3.089,0.3089,0.0,0.1
2022-07-20,3.092,0.30920000000000003,0.0,0.1
2022-07-21,3.054,0.3054,0.0,0.1
2022-07-22,3.068,0.3068,0.0,0.1
2022-07-25,3.045,0.3045,0.0,0.1
2022-07-26,3.056,0.30560000000000004,0.0,0.1
2022-07-27,3.024,0.3024,0.0,0.1
2022-07-28,3.06,0.30600000000000005,0.0,0.1
2022-07-29,3.058,0.3058,0.0,0.1
2022-08-01,3.048,0.3048,0.0,0.1
2022-08-02,2.996,0.29960000000000003,0.0,0.1
2022-08-03,2.889,0.2889,0.0,0.1
2022-08-04,2.927,0.2927,0.0,0.1
2022-08-05,2.969,0.2969,0.0,0.1
2022-08-08,2.955,0.29550000000000004,0.0,0.1
2022-08-09,2.984,0.2984,0.0,0.1
2022-08-10,2.95,0.29500000000000004,0.0,0.1
2022-08-11,2.983,0.2983,0.0,0.1
2022-08-12,2.991,0.29910000000000003,0.0,0.1
2022-08-15,2.97,0.29700000000000004,0.0,0.1
2022-08-16,2.955,0.29550000000000004,0.0,0.1
2022-08-17,2.971,0.29710000000000003,0.0,0.1
2022-08-18,2.935,0.29350000000000004,0.0,0.1
2022-08-19,2.931,0.2931,0.0,0.1
2022-08-22,2.948,0.2948,0.0,0.1
2022-08-23,2.911,0.2911,0.0,0.1
2022-08-24,2.932,0.2932,0.0,0.1
2022-08-25,2.962,0.2962,0.0,0.1
2022-08-26,2.933,0.2933,0.0,0.1
2022-08-29,2.907,0.2907,0.0,0.1
2022-08-30,2.925,0.2925,0.0,0.1
2022-08-31,2.933,0.2933,0.0,0.1
2022-09-01,2.953,0.2953,0.0,0.1
2022-09-02,2.905,0.2905,0.0,0.1
2022-09-05,2.869,0.28690000000000004,0.0,0.1
2022-09-06,2.898,0.2898,0.0,0.1
2022-09-07,2.866,0.2866,0.0,0.1
2022-09-08,2.878,0.2878,0.0,0.1
2022-09-09,2.918,0.2918,0.0,0.1
2022-09-13,2.955,0.29550000000000004,0.0,0.1
2022-09-14,2.93,0.29300000000000004,0.0,0.1
2022-09-15,2.896,0.2896,0.0,0.1
2022-09-16,2.841,0.2841,0.0,0.1
2022-09-19,2.848,0.2848,0.0,0.1
2022-09-20,2.838,0.2838,0.0,0.1
2022-09-21,2.784,0.2784,0.0,0.1
2022-09-22,2.764,0.2764,0.0,0.1
2022-09-23,2.774,0.27740000000000004,0.0,0.1
2022-09-26,2.73,0.273,0.0,0.1
2022-09-27,2.768,0.2768,0.0,0.1
2022-09-28,2.768,0.2768,0.0,0.1
2022-09-29,2.74,0.274,0.0,0.1
2022-09-30,2.747,0.2747,0.0,0.1
2022-10-10,2.722,0.2722,0.0,0.1
2022-10-11,2.719,0.2719,0.0,0.1
2022-10-12,2.709,0.27090000000000003,0.0,0.1
2022-10-13,2.703,0.2703,0.0,0.1
2022-10-14,2.776,0.2776,0.0,0.1
2022-10-17,2.779,0.2779,0.0,0.1
2022-10-18,2.764,0.2764,0.0,0.1
2022-10-19,2.754,0.27540000000000003,0.0,0.1
2022-10-20,2.709,0.27090000000000003,0.0,0.1
2022-10-21,2.694,0.26940000000000003,0.0,0.1
2022-10-24,2.615,0.2615,0.0,0.1
2022-10-25,2.6,0.26,0.0,0.1
2022-10-26,2.652,0.26520000000000005,0.0,0.1
2022-10-27,2.61,0.261,0.0,0.1
2022-10-28,2.615,0.2615,0.0,0.1
2022-10-31,2.603,0.26030000000000003,0.0,0.1
2022-11-01,2.636,0.2636,0.0,0.1
2022-11-02,2.658,0.2658,0.0,0.1
2022-11-03,2.63,0.263,0.0,0.1
2022-11-04,2.689,0.26890000000000003,0.0,0.1
2022-11-07,2.716,0.2716,0.0,0.1
2022-11-08,2.673,0.26730000000000004,0.0,0.1
2022-11-09,2.681,0.2681,0.0,0.1
2022-11-10,2.678,0.2678,0.0,0.1
2022-11-11,2.765,0.2765,0.0,0.1
2022-11-14,2.78,0.27799999999999997,0.0,0.1
2022-11-15,2.826,0.2826,0.0,0.1
2022-11-16,2.825,0.28250000000000003,0.0,0.1
2022-11-17,2.812,0.2812,0.0,0.1
2022-11-18,2.793,0.27930000000000005,0.0,0.1
2022-11-21,2.78,0.27799999999999997,0.0,0.1
2022-11-22,2.788,0.2788,0.0,0.1
2022-11-23,2.787,0.2787,0.0,0.1
2022-11-24,2.756,0.2756,0.0,0.1
2022-11-25,2.794,0.27940000000000004,0.0,0.1
2022-11-28,2.747,0.2747,0.0,0.1
2022-11-29,2.851,0.2851,0.0,0.1
2022-11-30,2.833,0.28330000000000005,0.0,0.1
2022-12-01,2.881,0.28809999999999997,0.0,0.1
2022-12-02,2.86,0.286,0.0,0.1
2022-12-05,2.932,0.2932,0.0,0.1
2022-12-06,2.938,0.2938,0.0,0.1
2022-12-07,2.934,0.29340000000000005,0.0,0.1
2022-12-08,2.922,0.2922,0.0,0.1
2022-12-09,2.96,0.296,0.0,0.1
2022-12-12,2.924,0.2924,0.0,0.1
2022-12-13,2.924,0.2924,0.0,0.1
2022-12-14,2.936,0.2936,0.0,0.1
2022-12-15,2.908,0.2908,0.0,0.1
2022-12-16,2.92,0.292,0.0,0.1
2022-12-19,2.875,0.28750000000000003,0.0,0.1
2022-12-20,2.834,0.28340000000000004,0.0,0.1
2022-12-21,2.84,0.284,0.0,0.1
2022-12-22,2.843,0.2843,0.0,0.1
2022-12-23,2.833,0.28330000000000005,0.0,0.1
2022-12-26,2.842,0.2842,0.0,0.1
2022-12-27,2.874,0.28740000000000004,0.0,0.1
2022-12-28,2.878,0.2878,0.0,0.1
2022-12-29,2.852,0.2852,0.0,0.1
2022-12-30,2.881,0.28809999999999997,0.0,0.1
2023-01-03,2.886,0.2886,0.0,0.1
2023-01-04,2.9,0.29,0.0,0.1
2023-01-05,2.955,0.29550000000000004,0.0,0.1
2023-01-06,2.965,0.2965,0.0,0.1
2023-01-09,2.996,0.29960000000000003,0.0,0.1
2023-01-10,2.987,0.2987,0.0,0.1
2023-01-11,3.001,0.30010000000000003,0.0,0.1
2023-01-12,2.986,0.29860000000000003,0.0,0.1
2023-01-13,3.025,0.3025,0.0,0.1
2023-01-16,3.082,0.30820000000000003,0.0,0.1
2023-01-17,3.069,0.3069,0.0,0.1
2023-01-18,3.05,0.305,0.0,0.1
2023-01-19,3.075,0.30750000000000005,0.0,0.1
2023-01-20,3.105,0.3105,0.0,0.1
2023-01-30,3.093,0.3093,0.0,0.1
2023-01-31,3.072,0.30720000000000003,0.0,0.1
2023-02-01,3.1,0.31000000000000005,0.0,0.1
2023-02-02,3.093,0.3093,0.0,0.1
2023-02-03,3.047,0.3047,0.0,0.1
2023-02-06,2.996,0.29960000000000003,0.0,0.1
2023-02-07,3.007,0.3007,0.0,0.1
2023-02-08,2.991,0.29910000000000003,0.0,0.1
2023-02-09,3.022,0.3022,0.0,0.1
2023-02-10,2.994,0.29940000000000005,0.0,0.1
2023-02-13,3.032,0.3032,0.0,0.1
2023-02-14,3.046,0.3046,0.0,0.1
2023-02-15,3.013,0.3013,0.0,0.1
2023-02-16,3.013,0.3013,0.0,0.1
2023-02-17,2.978,0.2978,0.0,0.1
2023-02-20,3.055,0.30550000000000005,0.0,0.1
2023-02-21,3.077,0.30770000000000003,0.0,0.1
2023-02-22,3.04,0.30400000000000005,0.0,0.1
2023-02-23,3.045,0.3045,0.0,0.1
2023-02-24,3.004,0.3004,0.0,0.1
2023-02-27,2.987,0.2987,0.0,0.1
2023-02-28,3.015,0.30150000000000005,0.0,0.1
2023-03-01,3.038,0.3038,0.0,0.1
2023-03-02,3.034,0.3034,0.0,0.1
2023-03-03,3.046,0.3046,0.0,0.1
2023-03-06,3.016,0.30160000000000003,0.0,0.1
2023-03-07,2.971,0.29710000000000003,0.0,0.1
2023-03-08,2.949,0.2949,0.0,0.1
2023-03-09,2.929,0.2929,0.0,0.1
2023-03-10,2.9,0.29,0.0,0.1
2023-03-13,2.925,0.2925,0.0,0.1
2023-03-14,2.904,0.2904,0.0,0.1
2023-03-15,2.909,0.2909,0.0,0.1
2023-03-16,2.882,0.2882,0.0,0.1
2023-03-17,2.884,0.2884,0.0,0.1
2023-03-20,2.864,0.2864,0.0,0.1
2023-03-21,2.903,0.2903,0.0,0.1
2023-03-22,2.903,0.2903,0.0,0.1
2023-03-23,2.919,0.2919,0.0,0.1
2023-03-24,2.906,0.2906,0.0,0.1
2023-03-27,2.904,0.2904,0.0,0.1
2023-03-28,2.897,0.2897,0.0,0.1
2023-03-29,2.89,0.28900000000000003,0.0,0.1
2023-03-30,2.919,0.2919,0.0,0.1
2023-03-31,2.9,0.29,0.0,0.1
2023-04-03,2.911,0.2911,0.0,0.1
2023-04-04,2.912,0.2912,0.0,0.1
2023-04-06,2.908,0.2908,0.0,0.1
2023-04-07,2.935,0.29350000000000004,0.0,0.1
2023-04-10,2.935,0.29350000000000004,0.0,0.1
2023-04-11,2.945,0.2945,0.0,0.1
2023-04-12,2.932,0.2932,0.0,0.1
2023-04-13,2.944,0.2944,0.0,0.1
2023-04-14,2.945,0.2945,0.0,0.1
2023-04-17,3.003,0.3003,0.0,0.1
2023-04-18,3.001,0.30010000000000003,0.0,0.1
2023-04-19,2.975,0.29750000000000004,0.0,0.1
2023-04-20,2.946,0.29460000000000003,0.0,0.1
2023-04-21,2.912,0.2912,0.0,0.1
2023-04-24,2.878,0.2878,0.0,0.1
2023-04-25,2.854,0.28540000000000004,0.0,0.1
2023-04-26,2.85,0.28500000000000003,0.0,0.1
2023-04-27,2.87,0.28700000000000003,0.0,0.1
2023-04-28,2.899,0.2899,0.0,0.1
2023-05-04,2.902,0.2902,0.0,0.1
2023-05-05,2.887,0.2887,0.0,0.1
2023-05-08,2.922,0.2922,0.0,0.1
2023-05-09,2.899,0.2899,0.0,0.1
2023-05-10,2.868,0.2868,0.0,0.1
2023-05-11,2.862,0.2862,0.0,0.1
2023-05-12,2.816,0.2816,0.0,0.1
2023-05-15,2.862,0.2862,0.0,0.1
2023-05-16,2.851,0.2851,0.0,0.1
2023-05-17,2.831,0.2831,0.0,0.1
2023-05-18,2.827,0.2827,0.0,0.1
2023-05-19,2.81,0.281,0.0,0.1
2023-05-22,2.827,0.2827,0.0,0.1
2023-05-23,2.799,0.2799,0.0,0.1
2023-05-24,2.761,0.2761,0.0,0.1
2023-05-25,2.741,0.2741,0.0,0.1
2023-05-26,2.743,0.2743,0.0,0.1
2023-05-29,2.718,0.2718,0.0,0.1
2023-05-30,2.712,0.27120000000000005,0.0,0.1
2023-05-31,2.676,0.2676,0.0,0.1
2023-06-01,2.689,0.26890000000000003,0.0,0.1
2023-06-02,2.741,0.2741,0.0,0.1
2023-06-05,2.724,0.27240000000000003,0.0,0.1
2023-06-06,2.727,0.2727,0.0,0.1
2023-06-07,2.683,0.2683,0.0,0.1
2023-06-08,2.71,0.271,0.0,0.1
2023-06-09,2.734,0.27340000000000003,0.0,0.1
2023-06-12,2.722,0.2722,0.0,0.1
2023-06-13,2.725,0.2725,0.0,0.1
2023-06-14,2.733,0.27330000000000004,0.0,0.1
2023-06-15,2.793,0.27930000000000005,0.0,0.1
2023-06-16,2.811,0.2811,0.0,0.1
2023-06-19,2.782,0.2782,0.0,0.1
2023-06-20,2.76,0.27599999999999997,0.0,0.1
2023-06-21,2.721,0.2721,0.0,0.1
2023-06-26,2.688,0.26880000000000004,0.0,0.1
2023-06-27,2.705,0.2705,0.0,0.1
2023-06-28,2.701,0.2701,0.0,0.1
2023-06-29,2.686,0.2686,0.0,0.1
2023-06-30,2.696,0.2696,0.0,0.1
2023-07-03,2.734,0.27340000000000003,0.0,0.1
2023-07-04,2.748,0.27480000000000004,0.0,0.1
2023-07-05,2.729,0.27290000000000003,0.0,0.1
2023-07-06,2.706,0.2706,0.0,0.1
2023-07-07,2.695,0.2695,0.0,0.1
2023-07-10,2.725,0.2725,0.0,0.1
2023-07-11,2.736,0.2736,0.0,0.1
2023-07-12,2.757,0.2757,0.0,0.1
2023-07-13,2.792,0.2792,0.0,0.1
2023-07-14,2.787,0.2787,0.0,0.1
2023-07-17,2.765,0.2765,0.0,0.1
2023-07-18,2.766,0.2766,0.0,0.1
2023-07-19,2.771,0.2771,0.0,0.1
2023-07-20,2.77,0.277,0.0,0.1
2023-07-21,2.762,0.2762,0.0,0.1
2023-07-24,2.747,0.2747,0.0,0.1
2023-07-25,2.841,0.2841,0.0,0.1
2023-07-26,2.839,0.2839,0.0,0.1
2023-07-27,2.834,0.28340000000000004,0.0,0.1
2023-07-28,2.916,0.2916,0.0,0.1
2023-07-31,2.938,0.2938,0.0,0.1
2023-08-01,2.901,0.29009999999999997,0.0,0.1
2023-08-02,2.882,0.2882,0.0,0.1
2023-08-03,2.922,0.2922,0.0,0.1
2023-08-04,2.92,0.292,0.0,0.1
2023-08-07,2.897,0.2897,0.0,0.1
2023-08-08,2.894,0.28940000000000005,0.0,0.1
2023-08-09,2.897,0.2897,0.0,0.1
2023-08-10,2.897,0.2897,0.0,0.1
2023-08-11,2.84,0.284,0.0,0.1
2023-08-14,2.82,0.282,0.0,0.1
2023-08-15,2.811,0.2811,0.0,0.1
2023-08-16,2.8,0.27999999999999997,0.0,0.1
2023-08-17,2.811,0.2811,0.0,0.1
2023-08-18,2.782,0.2782,0.0,0.1
2023-08-21,2.752,0.2752,0.0,0.1
2023-08-22,2.765,0.2765,0.0,0.1
2023-08-23,2.73,0.273,0.0,0.1
2023-08-24,2.757,0.2757,0.0,0.1
2023-08-25,2.762,0.2762,0.0,0.1
2023-08-28,2.805,0.2805,0.0,0.1
2023-08-29,2.815,0.28150000000000003,0.0,0.1
2023-08-30,2.804,0.2804,0.0,0.1
2023-08-31,2.789,0.27890000000000004,0.0,0.1
2023-09-01,2.813,0.28130000000000005,0.0,0.1
2023-09-04,2.875,0.28750000000000003,0.0,0.1
2023-09-05,2.86,0.286,0.0,0.1
2023-09-06,2.843,0.2843,0.0,0.1
2023-09-07,2.816,0.2816,0.0,0.1
2023-09-08,2.802,0.2802,0.0,0.1
2023-09-11,2.83,0.28300000000000003,0.0,0.1
2023-09-12,2.822,0.2822,0.0,0.1
2023-09-13,2.81,0.281,0.0,0.1
2023-09-14,2.825,0.28250000000000003,0.0,0.1
2023-09-15,2.82,0.282,0.0,0.1
2023-09-18,2.825,0.28250000000000003,0.0,0.1
2023-09-19,2.822,0.2822,0.0,0.1
2023-09-20,2.811,0.2811,0.0,0.1
2023-09-21,2.783,0.2783,0.0,0.1
2023-09-22,2.833,0.28330000000000005,0.0,0.1
2023-09-25,2.823,0.2823,0.0,0.1
2023-09-26,2.807,0.2807,0.0,0.1
2023-09-27,2.831,0.2831,0.0,0.1
2023-09-28,2.801,0.2801,0.0,0.1
2023-10-09,2.794,0.27940000000000004,0.0,0.1
2023-10-10,2.764,0.2764,0.0,0.1
2023-10-11,2.771,0.2771,0.0,0.1
2023-10-12,2.789,0.27890000000000004,0.0,0.1
2023-10-13,2.768,0.2768,0.0,0.1
2023-10-16,2.751,0.2751,0.0,0.1
2023-10-17,2.771,0.2771,0.0,0.1
2023-10-18,2.755,0.2755,0.0,0.1
2023-10-19,2.699,0.2699,0.0,0.1
2023-10-20,2.675,0.2675,0.0,0.1
2023-10-23,2.655,0.2655,0.0,0.1
2023-10-24,2.662,0.2662,0.0,0.1
2023-10-25,2.683,0.2683,0.0,0.1
2023-10-26,2.675,0.2675,0.0,0.1
2023-10-27,2.722,0.2722,0.0,0.1
2023-10-30,2.725,0.2725,0.0,0.1
2023-10-31,2.705,0.2705,0.0,0.1
2023-11-01,2.698,0.2698,0.0,0.1
2023-11-02,2.691,0.2691,0.0,0.1
2023-11-03,2.708,0.27080000000000004,0.0,0.1
2023-11-06,2.736,0.2736,0.0,0.1
2023-11-07,2.722,0.2722,0.0,0.1
2023-11-08,2.711,0.2711,0.0,0.1
2023-11-09,2.717,0.2717,0.0,0.1
2023-11-10,2.688,0.26880000000000004,0.0,0.1
2023-11-13,2.678,0.2678,0.0,0.1
2023-11-14,2.675,0.2675,0.0,0.1
2023-11-15,2.702,0.2702,0.0,0.1
2023-11-16,2.673,0.26730000000000004,0.0,0.1
2023-11-17,2.663,0.2663,0.0,0.1
2023-11-20,2.668,0.26680000000000004,0.0,0.1
2023-11-21,2.684,0.2684,0.0,0.1
2023-11-22,2.666,0.2666,0.0,0.1
2023-11-23,2.666,0.2666,0.0,0.1
2023-11-24,2.657,0.2657,0.0,0.1
2023-11-27,2.624,0.2624,0.0,0.1
2023-11-28,2.623,0.26230000000000003,0.0,0.1
2023-11-29,2.613,0.26130000000000003,0.0,0.1
2023-11-30,2.616,0.2616,0.0,0.1
2023-12-01,2.606,0.2606,0.0,0.1
2023-12-04,2.582,0.2582,0.0,0.1
2023-12-05,2.527,0.25270000000000004,0.0,0.1
2023-12-06,2.531,0.25310000000000005,0.0,0.1
2023-12-07,2.52,0.252,0.0,0.1
2023-12-08,2.525,0.2525,0.0,0.1
2023-12-11,2.526,0.2526,0.0,0.1
2023-12-12,2.537,0.2537,0.0,0.1
2023-12-13,2.492,0.2492,0.0,0.1
2023-12-14,2.494,0.24940000000000004,0.0,0.1
2023-12-15,2.48,0.248,0.0,0.1
2023-12-18,2.48,0.248,0.0,0.1
2023-12-19,2.477,0.2477,0.0,0.1
2023-12-20,2.473,0.2473,0.0,0.1
2023-12-21,2.512,0.25120000000000003,0.0,0.1
2023-12-22,2.512,0.25120000000000003,0.0,0.1
2023-12-25,2.525,0.2525,0.0,0.1
2023-12-26,2.513,0.2513,0.0,0.1
2023-12-27,2.518,0.25179999999999997,0.0,0.1
2023-12-28,2.575,0.2575,0.0,0.1
2023-12-29,2.574,0.2574,0.0,0.1
2024-01-02,2.543,0.2543,0.0,0.1
2024-01-03,2.551,0.25510000000000005,0.0,0.1
2024-01-04,2.549,0.2549,0.0,0.1
2024-01-05,2.521,0.2521,0.0,0.1
2024-01-08,2.505,0.2505,0.0,0.1
2024-01-09,2.514,0.2514,0.0,0.1
2024-01-10,2.516,0.2516,0.0,0.1
2024-01-11,2.512,0.25120000000000003,0.0,0.1
2024-01-12,2.526,0.2526,0.0,0.1
2024-01-15,2.518,0.25179999999999997,0.0,0.1
2024-01-16,2.536,0.2536,0.0,0.1
2024-01-17,2.483,0.24830000000000002,0.0,0.1
2024-01-18,2.539,0.2539,0.0,0.1
2024-01-19,2.543,0.2543,0.0,0.1
2024-01-22,2.548,0.2548,0.0,0.1
2024-01-23,2.517,0.2517,0.0,0.1
2024-01-24,2.546,0.2546,0.0,0.1
2024-01-25,2.604,0.2604,0.0,0.1
2024-01-26,2.614,0.2614,0.0,0.1
2024-01-29,2.593,0.25930000000000003,0.0,0.1
2024-01-30,2.557,0.2557,0.0,0.1
2024-01-31,2.536,0.2536,0.0,0.1
2024-02-01,2.542,0.2542,0.0,0.1
2024-02-02,2.523,0.2523,0.0,0.1
2024-02-05,2.543,0.2543,0.0,0.1
2024-02-06,2.604,0.2604,0.0,0.1
2024-02-07,2.625,0.2625,0.0,0.1
2024-02-08,2.629,0.2629,0.0,0.1
2024-02-19,2.648,0.26480000000000004,0.0,0.1
2024-02-20,2.656,0.2656,0.0,0.1
2024-02-21,2.709,0.27090000000000003,0.0,0.1
2024-02-22,2.73,0.273,0.0,0.1
2024-02-23,2.73,0.273,0.0,0.1
2024-02-26,2.682,0.2682,0.0,0.1
2024-02-27,2.689,0.26890000000000003,0.0,0.1
2024-02-28,2.68,0.268,0.0,0.1
2024-02-29,2.701,0.2701,0.0,0.1
2024-03-01,2.706,0.2706,0.0,0.1
2024-03-04,2.717,0.2717,0.0,0.1
2024-03-05,2.743,0.2743,0.0,0.1
2024-03-06,2.73,0.273,0.0,0.1
2024-03-07,2.71,0.271,0.0,0.1
2024-03-08,2.717,0.2717,0.0,0.1
2024-03-11,2.738,0.2738,0.0,0.1
2024-03-12,2.746,0.2746,0.0,0.1
2024-03-13,2.72,0.272,0.0,0.1
2024-03-14,2.72,0.272,0.0,0.1
2024-03-15,2.731,0.2731,0.0,0.1
2024-03-18,2.741,0.2741,0.0,0.1
2024-03-19,2.71,0.271,0.0,0.1
2024-03-20,2.717,0.2717,0.0,0.1
2024-03-21,2.718,0.2718,0.0,0.1
2024-03-22,2.69,0.269,0.0,0.1
2024-03-25,2.696,0.2696,0.0,0.1
2024-03-26,2.708,0.27080000000000004,0.0,0.1
2024-03-27,2.695,0.2695,0.0,0.1
2024-03-28,2.698,0.2698,0.0,0.1
2024-03-29,2.716,0.2716,0.0,0.1
2024-04-01,2.741,0.2741,0.0,0.1
2024-04-02,2.734,0.27340000000000003,0.0,0.1
2024-04-03,2.732,0.27320000000000005,0.0,0.1
2024-04-08,2.725,0.2725,0.0,0.1
2024-04-09,2.711,0.2711,0.0,0.1
2024-04-10,2.706,0.2706,0.0,0.1
2024-04-11,2.693,0.26930000000000004,0.0,0.1
2024-04-12,2.669,0.2669,0.0,0.1
2024-04-15,2.723,0.2723,0.0,0.1
2024-04-16,2.71,0.271,0.0,0.1
2024-04-17,2.74,0.274,0.0,0.1
2024-04-18,2.738,0.2738,0.0,0.1
2024-04-19,2.726,0.2726,0.0,0.1
2024-04-22,2.724,0.27240000000000003,0.0,0.1
2024-04-23,2.708,0.27080000000000004,0.0,0.1
2024-04-24,2.706,0.2706,0.0,0.1
2024-04-25,2.713,0.27130000000000004,0.0,0.1
2024-04-26,2.753,0.27530000000000004,0.0,0.1
2024-04-29,2.763,0.2763,0.0,0.1
2024-04-30,2.751,0.2751,0.0,0.1
2024-05-06,2.768,0.2768,0.0,0.1
2024-05-07,2.772,0.2772,0.0,0.1
2024-05-08,2.753,0.27530000000000004,0.0,0.1
2024-05-09,2.769,0.27690000000000003,0.0,0.1
2024-05-10,2.777,0.2777,0.0,0.1
2024-05-13,2.774,0.27740000000000004,0.0,0.1
2024-05-14,2.763,0.2763,0.0,0.1
2024-05-15,2.743,0.2743,0.0,0.1
2024-05-16,2.762,0.2762,0.0,0.1
2024-05-17,2.798,0.2798,0.0,0.1
2024-05-20,2.814,0.28140000000000004,0.0,0.1
2024-05-21,2.798,0.2798,0.0,0.1
2024-05-22,2.827,0.2827,0.0,0.1
2024-05-23,2.796,0.2796,0.0,0.1
2024-05-24,2.783,0.2783,0.0,0.1
2024-05-27,2.784,0.2784,0.0,0.1
2024-05-28,2.773,0.27730000000000005,0.0,0.1
2024-05-29,2.779,0.2779,0.0,0.1
2024-05-30,2.75,0.275,0.0,0.1
2024-05-31,2.739,0.2739,0.0,0.1
2024-06-03,2.738,0.2738,0.0,0.1
2024-06-04,2.756,0.2756,0.0,0.1
2024-06-05,2.743,0.2743,0.0,0.1
2024-06-06,2.729,0.27290000000000003,0.0,0.1
2024-06-07,2.72,0.272,0.0,0.1
2024-06-11,2.69,0.269,0.0,0.1
2024-06-12,2.693,0.26930000000000004,0.0,0.1
2024-06-13,2.676,0.2676,0.0,0.1
2024-06-14,2.697,0.2697,0.0,0.1
2024-06-17,2.675,0.2675,0.0,0.1
2024-06-18,2.669,0.2669,0.0,0.1
2024-06-19,2.679,0.26789999999999997,0.0,0.1
2024-06-20,2.667,0.2667,0.0,0.1
2024-06-21,2.667,0.2667,0.0,0.1
2024-06-24,2.661,0.2661,0.0,0.1
2024-06-25,2.653,0.26530000000000004,0.0,0.1
2024-06-26,2.656,0.2656,0.0,0.1
2024-06-27,2.645,0.2645,0.0,0.1
2024-06-28,2.661,0.2661,0.0,0.1
2024-07-01,2.673,0.26730000000000004,0.0,0.1
2024-07-02,2.687,0.2687,0.0,0.1
2024-07-03,2.691,0.2691,0.0,0.1
2024-07-04,2.68,0.268,0.0,0.1
2024-07-05,2.686,0.2686,0.0,0.1
2024-07-08,2.652,0.26520000000000005,0.0,0.1
2024-07-09,2.67,0.267,0.0,0.1
2024-07-10,2.667,0.2667,0.0,0.1
2024-07-11,2.695,0.2695,0.0,0.1
2024-07-12,2.714,0.27140000000000003,0.0,0.1
2024-07-15,2.729,0.27290000000000003,0.0,0.1
2024-07-16,2.743,0.2743,0.0,0.1
2024-07-17,2.762,0.2762,0.0,0.1
2024-07-18,2.763,0.2763,0.0,0.1
2024-07-19,2.776,0.2776,0.0,0.1
2024-07-22,2.745,0.2745,0.0,0.1
2024-07-23,2.708,0.27080000000000004,0.0,0.1
2024-07-24,2.707,0.2707,0.0,0.1
2024-07-25,2.691,0.2691,0.0,0.1
2024-07-26,2.668,0.26680000000000004,0.0,0.1
2024-07-29,2.66,0.266,0.0,0.1
2024-07-30,2.657,0.2657,0.0,0.1
2024-07-31,2.703,0.2703,0.0,0.1
2024-08-01,2.685,0.2685,0.0,0.1
2024-08-02,2.667,0.2667,0.0,0.1
2024-08-05,2.644,0.2644,0.0,0.1
2024-08-06,2.636,0.2636,0.0,0.1
2024-08-07,2.63,0.263,0.0,0.1
2024-08-08,2.641,0.2641,0.0,0.1
2024-08-09,2.639,0.26389999999999997,0.0,0.1
2024-08-12,2.634,0.2634,0.0,0.1
2024-08-13,2.633,0.26330000000000003,0.0,0.1
2024-08-14,2.618,0.2618,0.0,0.1
2024-08-15,2.654,0.2654,0.0,0.1
2024-08-16,2.705,0.2705,0.0,0.1
2024-08-19,2.678,0.2678,0.0,0.1
2024-08-20,2.653,0.26530000000000004,0.0,0.1
2024-08-21,2.665,0.2665,0.0,0.1
2024-08-22,2.662,0.2662,0.0,0.1
2024-08-23,2.685,0.2685,0.0,0.1
2024-08-26,2.677,0.2677,0.0,0.1
2024-08-27,2.689,0.26890000000000003,0.0,0.1
2024-08-28,2.66,0.266,0.0,0.1
2024-08-29,2.64,0.264,0.0,0.1
2024-08-30,2.659,0.26589999999999997,0.0,0.1
2024-09-02,2.62,0.262,0.0,0.1
2024-09-03,2.607,0.26070000000000004,0.0,0.1
2024-09-04,2.583,0.25830000000000003,0.0,0.1
2024-09-05,2.583,0.25830000000000003,0.0,0.1
2024-09-06,2.581,0.2581,0.0,0.1
2024-09-09,2.539,0.2539,0.0,0.1
2024-09-10,2.539,0.2539,0.0,0.1
2024-09-11,2.533,0.2533,0.0,0.1
2024-09-12,2.519,0.2519,0.0,0.1
2024-09-13,2.526,0.2526,0.0,0.1
2024-09-18,2.533,0.2533,0.0,0.1
2024-09-19,2.553,0.2553,0.0,0.1
2024-09-20,2.548,0.2548,0.0,0.1
2024-09-23,2.573,0.25730000000000003,0.0,0.1
2024-09-24,2.69,0.269,0.0,0.1
2024-09-25,2.72,0.272,0.0,0.1
2024-09-26,2.818,0.2818,0.0,0.1
2024-09-27,2.89,0.28900000000000003,0.0,0.1
2024-09-30,3.179,0.3179,0.0,0.1
2024-10-08,3.415,0.3415,0.0,0.1
2024-10-09,3.16,0.31600000000000006,0.0,0.1
2024-10-10,3.279,0.3279,0.0,0.1
2024-10-11,3.093,0.3093,0.0,0.1
2024-10-14,3.134,0.3134,0.0,0.1
2024-10-15,3.048,0.3048,0.0,0.1
2024-10-16,3.043,0.3043,0.0,0.1
2024-10-17,2.998,0.2998,0.0,0.1
2024-10-18,3.1,0.31000000000000005,0.0,0.1
2024-10-21,3.094,0.3094,0.0,0.1
2024-10-22,3.091,0.30910000000000004,0.0,0.1
2024-10-23,3.104,0.3104,0.0,0.1
2024-10-24,3.063,0.3063,0.0,0.1
2024-10-25,3.059,0.30590000000000006,0.0,0.1
2024-10-28,3.063,0.3063,0.0,0.1
2024-10-29,3.057,0.3057,0.0,0.1
2024-10-30,3.018,0.3018,0.0,0.1
2024-10-31,3.024,0.3024,0.0,0.1
2024-11-01,3.046,0.3046,0.0,0.1
2024-11-04,3.068,0.3068,0.0,0.1
2024-11-05,3.132,0.31320000000000003,0.0,0.1
2024-11-06,3.132,0.31320000000000003,0.0,0.1
2024-11-07,3.281,0.32810000000000006,0.0,0.1
2024-11-08,3.217,0.32170000000000004,0.0,0.1
2024-11-11,3.184,0.3184,0.0,0.1
2024-11-12,3.133,0.3133,0.0,0.1
2024-11-13,3.142,0.31420000000000003,0.0,0.1
2024-11-14,3.106,0.3106,0.0,0.1
2024-11-15,3.065,0.3065,0.0,0.1
2024-11-18,3.078,0.3078,0.0,0.1
2024-11-19,3.082,0.30820000000000003,0.0,0.1
2024-11-20,3.088,0.3088,0.0,0.1
2024-11-21,3.086,0.3086,0.0,0.1
2024-11-22,3.0,0.30000000000000004,0.0,0.1
2024-11-25,2.966,0.29660000000000003,0.0,0.1
2024-11-26,2.987,0.2987,0.0,0.1
2024-11-27,3.03,0.303,0.0,0.1
2024-11-28,3.012,0.3012,0.0,0.1
2024-11-29,3.043,0.3043,0.0,0.1
2024-12-02,3.052,0.3052,0.0,0.1
2024-12-03,3.071,0.30710000000000004,0.0,0.1
2024-12-04,3.078,0.3078,0.0,0.1
2024-12-05,3.055,0.30550000000000005,0.0,0.1
2024-12-06,3.101,0.31010000000000004,0.0,0.1
2024-12-09,3.118,0.3118,0.0,0.1
2024-12-10,3.14,0.31400000000000006,0.0,0.1
2024-12-11,3.127,0.3127,0.0,0.1
2024-12-12,3.156,0.31560000000000005,0.0,0.1
2024-12-13,3.09,0.309,0.0,0.1
2024-12-16,3.07,0.307,0.0,0.1
2024-12-17,3.085,0.3085,0.0,0.1
2024-12-18,3.103,0.3103,0.0,0.1
2024-12-19,3.096,0.30960000000000004,0.0,0.1
2024-12-20,3.087,0.30870000000000003,0.0,0.1
2024-12-23,3.119,0.31190000000000007,0.0,0.1
2024-12-24,3.149,0.3149,0.0,0.1
2024-12-25,3.183,0.3183,0.0,0.1
2024-12-26,3.174,0.3174,0.0,0.1
2024-12-27,3.164,0.3164,0.0,0.1
2024-12-30,3.18,0.31800000000000006,0.0,0.1
2024-12-31,3.144,0.3144,0.0,0.1
2025-01-02,3.055,0.30550000000000005,0.0,0.1
2025-01-03,3.031,0.30310000000000004,0.0,0.1
2025-01-06,3.034,0.3034,0.0,0.1
2025-01-07,3.057,0.3057,0.0,0.1
2025-01-08,3.061,0.30610000000000004,0.0,0.1
2025-01-09,3.035,0.30350000000000005,0.0,0.1
2025-01-10,3.017,0.3017,0.0,0.1
2025-01-13,3.003,0.3003,0.0,0.1
2025-01-14,3.063,0.3063,0.0,0.1
2025-01-15,3.052,0.3052,0.0,0.1
2025-01-16,3.06,0.30600000000000005,0.0,0.1
2025-01-17,3.036,0.30360000000000004,0.0,0.1
2025-01-20,3.042,0.3042,0.0,0.1
2025-01-21,3.036,0.30360000000000004,0.0,0.1
2025-01-22,2.993,0.2993,0.0,0.1
2025-01-23,3.01,0.301,0.0,0.1
2025-01-24,3.032,0.3032,0.0,0.1
2025-01-27,3.042,0.3042,0.0,0.1
2025-02-05,3.007,0.3007,0.0,0.1
2025-02-06,3.025,0.3025,0.0,0.1
2025-02-07,3.048,0.3048,0.0,0.1
2025-02-10,3.064,0.3064,0.0,0.1
2025-02-11,3.043,0.3043,0.0,0.1
2025-02-12,3.064,0.3064,0.0,0.1
2025-02-13,3.068,0.3068,0.0,0.1
2025-02-14,3.091,0.30910000000000004,0.0,0.1
2025-02-17,3.091,0.30910000000000004,0.0,0.1
2025-02-18,3.066,0.3066,0.0,0.1
2025-02-19,3.069,0.3069,0.0,0.1
2025-02-20,3.07,0.307,0.0,0.1
2025-02-21,3.104,0.3104,0.0,0.1
2025-02-24,3.084,0.3084,0.0,0.1
2025-02-25,3.067,0.30670000000000003,0.0,0.1
2025-02-26,3.09,0.309,0.0,0.1
2025-02-27,3.119,0.31190000000000007,0.0,0.1
2025-02-28,3.07,0.307,0.0,0.1
2025-03-03,3.044,0.3044,0.0,0.1
2025-03-04,3.043,0.3043,0.0,0.1
2025-03-05,3.056,0.30560000000000004,0.0,0.1
2025-03-06,3.104,0.3104,0.0,0.1
2025-03-07,3.105,0.3105,0.0,0.1
2025-03-10,3.095,0.30950000000000005,0.0,0.1
2025-03-11,3.094,0.3094,0.0,0.1
2025-03-12,3.096,0.30960000000000004,0.0,0.1
2025-03-13,3.098,0.3098,0.0,0.1
2025-03-14,3.179,0.3179,0.0,0.1
2025-03-17,3.178,0.3178,0.0,0.1
2025-03-18,3.186,0.3186,0.0,0.1
2025-03-19,3.197,0.31970000000000004,0.0,0.1
2025-03-20,3.186,0.3186,0.0,0.1
2025-03-21,3.125,0.3125,0.0,0.1
2025-03-24,3.152,0.31520000000000004,0.0,0.1
2025-03-25,3.142,0.31420000000000003,0.0,0.1
2025-03-26,3.126,0.3126,0.0,0.1
2025-03-27,3.152,0.31520000000000004,0.0,0.1
2025-03-28,3.151,0.3151,0.0,0.1
2025-03-31,3.147,0.3147,0.0,0.1
2025-04-01,3.14,0.31400000000000006,0.0,0.1
2025-04-02,3.122,0.31220000000000003,0.0,0.1
2025-04-03,3.124,0.3124,0.0,0.1
2025-04-07,2.929,0.2929,0.0,0.1
2025-04-08,3.038,0.3038,0.0,0.1
2025-04-09,3.006,0.3006,0.0,0.1
2025-04-10,3.055,0.30550000000000005,0.0,0.1
2025-04-11,3.067,0.30670000000000003,0.0,0.1
2025-04-14,3.07,0.307,0.0,0.1
2025-04-15,3.073,0.3073,0.0,0.1
2025-04-16,3.097,0.30970000000000003,0.0,0.1
2025-04-17,3.104,0.3104,0.0,0.1
2025-04-18,3.103,0.3103,0.0,0.1
2025-04-21,3.105,0.3105,0.0,0.1
2025-04-22,3.11,0.311,0.0,0.1
2025-04-23,3.099,0.30990000000000006,0.0,0.1
2025-04-24,3.112,0.31120000000000003,0.0,0.1
2025-04-25,3.109,0.3109,0.0,0.1
2025-04-28,3.107,0.31070000000000003,0.0,0.1
2025-04-29,3.099,0.30990000000000006,0.0,0.1
2025-04-30,3.091,0.30910000000000004,0.0,0.1
2025-05-06,3.101,0.31010000000000004,0.0,0.1
2025-05-07,3.115,0.31150000000000005,0.0,0.1
2025-05-08,3.126,0.3126,0.0,0.1
2025-05-09,3.136,0.31360000000000005,0.0,0.1
2025-05-12,3.16,0.31600000000000006,0.0,0.1
2025-05-13,3.173,0.3173,0.0,0.1
2025-05-14,3.22,0.32200000000000006,0.0,0.1
2025-05-15,3.213,0.32130000000000003,0.0,0.1
2025-05-16,3.177,0.31770000000000004,0.0,0.1
2025-05-19,3.176,0.31760000000000005,0.0,0.1
2025-05-20,3.188,0.31880000000000003,0.0,0.1
2025-05-21,3.217,0.32170000000000004,0.0,0.1
2025-05-22,3.209,0.3209,0.0,0.1
2025-05-23,3.202,0.32020000000000004,0.0,0.1
2025-05-26,3.179,0.3179,0.0,0.1
2025-05-27,3.168,0.3168,0.0,0.1
2025-05-28,3.164,0.3164,0.0,0.1
2025-05-29,3.174,0.3174,0.0,0.1
2025-05-30,3.169,0.3169,0.0,0.1
2025-06-03,3.176,0.31760000000000005,0.0,0.1
2025-06-04,3.182,0.31820000000000004,0.0,0.1
2025-06-05,3.178,0.3178,0.0,0.1
2025-06-06,3.18,0.31800000000000006,0.0,0.1
2025-06-09,3.185,0.3185,0.0,0.1
2025-06-10,3.189,0.3189,0.0,0.1
2025-06-11,3.203,0.32030000000000003,0.0,0.1
2025-06-12,3.215,0.3215,0.0,0.1
2025-06-13,3.191,0.3191,0.0,0.1
2025-06-16,3.195,0.3195,0.0,0.1
2025-06-17,3.193,0.31930000000000003,0.0,0.1
2025-06-18,3.199,0.3199,0.0,0.1
2025-06-19,3.178,0.3178,0.0,0.1
2025-06-20,3.198,0.31980000000000003,0.0,0.1
2025-06-23,3.218,0.32180000000000003,0.0,0.1
2025-06-24,3.242,0.32420000000000004,0.0,0.1
2025-06-25,3.291,0.3291,0.0,0.1
2025-06-26,3.297,0.32970000000000005,0.0,0.1
2025-06-27,3.258,0.32580000000000003,0.0,0.1
2025-06-30,3.267,0.3267,0.0,0.1
2025-07-01,3.271,0.3271,0.0,0.1
2025-07-02,3.273,0.32730000000000004,0.0,0.1
2025-07-03,3.273,0.32730000000000004,0.0,0.1
2025-07-04,3.285,0.3285,0.0,0.1
2025-07-07,3.284,0.3284,0.0,0.1
2025-07-08,3.306,0.3306,0.0,0.1
2025-07-09,3.303,0.33030000000000004,0.0,0.1
2025-07-10,3.325,0.3325,0.0,0.1
2025-07-11,3.344,0.33440000000000003,0.0,0.1
2025-07-14,3.342,0.33420000000000005,0.0,0.1
2025-07-15,3.329,0.33290000000000003,0.0,0.1
2025-07-16,3.326,0.3326,0.0,0.1
2025-07-17,3.338,0.33380000000000004,0.0,0.1
2025-07-18,3.365,0.3365,0.0,0.1
2025-07-21,3.364,0.33640000000000003,0.0,0.1
2025-07-22,3.396,0.3396,0.0,0.1
2025-07-23,3.393,0.3393,0.0,0.1
2025-07-24,3.402,0.34020000000000006,0.0,0.1
2025-07-25,3.406,0.3406,0.0,0.1
2025-07-28,3.416,0.3416,0.0,0.1
2025-07-29,3.422,0.34220000000000006,0.0,0.1
2025-07-30,3.434,0.34340000000000004,0.0,0.1
2025-07-31,3.393,0.3393,0.0,0.1
2025-08-01,3.358,0.33580000000000004,0.0,0.1
2025-08-04,3.388,0.3388,0.0,0.1
2025-08-05,3.417,0.3417,0.0,0.1
2025-08-06,3.433,0.3433,0.0,0.1
2025-08-07,3.432,0.3432,0.0,0.1
2025-08-08,3.424,0.34240000000000004,0.0,0.1
2025-08-11,3.42,0.342,0.0,0.1
2025-08-12,3.48,0.34800000000000003,0.0,0.1
2025-08-13,3.535,0.35350000000000004,0.0,0.1
2025-08-14,3.585,0.35850000000000004,0.0,0.1
2025-08-15,3.59,0.359,0.0,0.1
2025-08-18,3.58,0.35800000000000004,0.0,0.1
2025-08-19,3.531,0.3531,0.0,0.1
2025-08-20,3.57,0.357,0.0,0.1
2025-08-21,3.597,0.3597,0.0,0.1
2025-08-22,3.845,0.38450000000000006,0.0,0.1
2025-08-25,3.833,0.38330000000000003,0.0,0.1
2025-08-26,3.813,0.38130000000000003,0.0,0.1
2025-08-27,3.757,0.37570000000000003,0.0,0.1
2025-08-28,3.856,0.3856,0.0,0.1
2025-08-29,3.861,0.38610000000000005,0.0,0.1
2025-09-01,3.891,0.3891,0.0,0.1
2025-09-02,3.897,0.3897,0.0,0.1
2025-09-03,3.854,0.3854,0.0,0.1
2025-09-04,3.768,0.3768,0.0,0.1
2025-09-05,3.785,0.37850000000000006,0.0,0.1
2025-09-08,3.77,0.377,0.0,0.1
2025-09-09,3.77,0.377,0.0,0.1
2025-09-10,3.787,0.37870000000000004,0.0,0.1
2025-09-11,3.891,0.3891,0.0,0.1
2025-09-12,3.892,0.3892,0.0,0.1
2025-09-15,3.888,0.38880000000000003,0.0,0.1
2025-09-16,3.875,0.3875,0.0,0.1
2025-09-17,3.88,0.388,0.0,0.1
2025-09-18,3.822,0.38220000000000004,0.0,0.1
2025-09-19,3.808,0.3808,0.0,0.1
2025-09-22,3.845,0.38450000000000006,0.0,0.1
2025-09-23,3.86,0.386,0.0,0.1
2025-09-24,3.863,0.38630000000000003,0.0,0.1
2025-09-25,3.89,0.389,0.0,0.1
2025-09-26,3.873,0.38730000000000003,0.0,0.1
2025-09-29,3.917,0.3917,0.0,0.1
2025-09-30,3.932,0.3932,0.0,0.1
2025-10-09,3.952,0.3952,0.0,0.1
2025-10-10,3.882,0.38820000000000005,0.0,0.1
2025-10-13,3.882,0.38820000000000005,0.0,0.1
2025-10-14,3.848,0.38480000000000003,0.0,0.1
2025-10-15,3.907,0.39070000000000005,0.0,0.1
2025-10-16,3.918,0.39180000000000004,0.0,0.1
2025-10-17,3.87,0.387,0.0,0.1
2025-10-20,3.885,0.3885,0.0,0.1
2025-10-21,3.949,0.39490000000000003,0.0,0.1
2025-10-22,3.971,0.3971,0.0,0.1
2025-10-23,3.992,0.3992,0.0,0.1
2025-10-24,4.038,0.40380000000000005,0.0,0.1
2025-10-27,4.08,0.40800000000000003,0.0,0.1
2025-10-28,4.039,0.4039,0.0,0.1
2025-10-29,4.059,0.40590000000000004,0.0,0.1
2025-10-30,4.006,0.40060000000000007,0.0,0.1
2025-10-31,3.98,0.398,0.0,0.1
2025-11-03,3.949,0.39490000000000003,0.0,0.1
2025-11-04,3.946,0.39460000000000006,0.0,0.1
2025-11-05,3.938,0.39380000000000004,0.0,0.1
2025-11-06,3.988,0.39880000000000004,0.0,0.1
2025-11-07,3.965,0.3965,0.0,0.1
2025-11-10,3.978,0.39780000000000004,0.0,0.1
2025-11-11,3.954,0.39540000000000003,0.0,0.1
2025-11-12,3.968,0.39680000000000004,0.0,0.1
2025-11-13,4.01,0.401,0.0,0.1
2025-11-14,3.937,0.3937,0.0,0.1
2025-11-17,3.901,0.3901,0.0,0.1
2025-11-18,3.888,0.38880000000000003,0.0,0.1
2025-11-19,3.917,0.3917,0.0,0.1
2025-11-20,3.888,0.38880000000000003,0.0,0.1
2025-11-21,3.8,0.38,0.0,0.1
2025-11-24,3.804,0.3804,0.0,0.1
2025-11-25,3.813,0.38130000000000003,0.0,0.1
2025-11-26,3.841,0.38410000000000005,0.0,0.1
2025-11-27,3.864,0.3864,0.0,0.1
2025-11-28,3.859,0.3859,0.0,0.1
2025-12-01,3.903,0.39030000000000004,0.0,0.1
2025-12-02,3.867,0.38670000000000004,0.0,0.1
2025-12-03,3.855,0.3855,0.0,0.1
2025-12-04,3.86,0.386,0.0,0.1
2025-12-05,3.888,0.38880000000000003,0.0,0.1
2025-12-08,3.933,0.3933,0.0,0.1
2025-12-09,3.955,0.3955,0.0,0.1
2025-12-10,3.938,0.39380000000000004,0.0,0.1
2025-12-11,3.862,0.38620000000000004,0.0,0.1
2025-12-12,3.876,0.3876,0.0,0.1
2025-12-15,3.845,0.38450000000000006,0.0,0.1
2025-12-16,3.806,0.38060000000000005,0.0,0.1
2025-12-17,3.854,0.3854,0.0,0.1
2025-12-18,3.858,0.38580000000000003,0.0,0.1
2025-12-19,3.866,0.38660000000000005,0.0,0.1
2025-12-22,3.899,0.3899,0.0,0.1
2025-12-23,3.907,0.39070000000000005,0.0,0.1
2025-12-24,3.907,0.39070000000000005,0.0,0.1
2025-12-25,3.922,0.39220000000000005,0.0,0.1
2025-12-26,3.922,0.39220000000000005,0.0,0.1
2025-12-29,3.929,0.3929,0.0,0.1
2025-12-30,3.943,0.39430000000000004,0.0,0.1
2025-12-31,3.92,0.392,0.0,0.1
2026-01-05,3.992,0.3992,0.0,0.1
2026-01-06,4.064,0.40640000000000004,0.0,0.1
2026-01-07,4.039,0.4039,0.0,0.1
2026-01-08,4.041,0.40410000000000007,0.0,0.1
2026-01-09,4.076,0.40759999999999996,0.0,0.1
2026-01-12,4.06,0.40599999999999997,0.0,0.1
2026-01-13,4.045,0.4045,0.0,0.1
2026-01-14,4.023,0.4023,0.0,0.1
2026-01-15,4.007,0.4007,0.0,0.1
2026-01-16,3.988,0.39880000000000004,0.0,0.1
2026-01-19,3.992,0.3992,0.0,0.1
2026-01-20,3.98,0.398,0.0,0.1
2026-01-21,3.973,0.3973,0.0,0.1
2026-01-22,3.966,0.39660000000000006,0.0,0.1
2026-01-23,3.928,0.39280000000000004,0.0,0.1
2026-01-26,3.95,0.395,0.0,0.1
2026-01-27,3.934,0.3934,0.0,0.1
2026-01-28,3.93,0.393,0.0,0.1
2026-01-29,3.983,0.39830000000000004,0.0,0.1
2026-01-30,3.952,0.3952,0.0,0.1
2026-02-02,3.845,0.38450000000000006,0.0,0.1
2026-02-03,3.851,0.3851,0.0,0.1
2026-02-04,3.884,0.3884,0.0,0.1
2026-02-05,3.878,0.38780000000000003,0.0,0.1
2026-02-06,3.896,0.3896,0.0,0.1
2026-02-09,3.92,0.392,0.0,0.1
2026-02-10,3.941,0.3941,0.0,0.1
2026-02-11,3.947,0.39470000000000005,0.0,0.1
2026-02-12,3.952,0.3952,0.0,0.1
2026-02-13,3.942,0.39420000000000005,0.0,0.1
2026-02-24,3.908,0.39080000000000004,0.0,0.1
2026-02-25,3.936,0.3936,0.0,0.1
2026-02-26,3.914,0.3914,0.0,0.1
2026-02-27,3.925,0.3925,0.0,0.1
2026-03-02,3.95,0.395,0.0,0.1
2026-03-03,3.917,0.3917,0.0,0.1
2026-03-04,3.882,0.38820000000000005,0.0,0.1
2026-03-05,3.898,0.38980000000000004,0.0,0.1
2026-03-06,3.911,0.3911,0.0,0.1
2026-03-09,3.872,0.3872,0.0,0.1
2026-03-10,3.879,0.3879,0.0,0.1
2026-03-11,3.888,0.38880000000000003,0.0,0.1
2026-03-12,3.871,0.3871,0.0,0.1
2026-03-13,3.855,0.3855,0.0,0.1
2026-03-16,3.828,0.38280000000000003,0.0,0.1
2026-03-17,3.842,0.38420000000000004,0.0,0.1
2026-03-18,3.834,0.3834,0.0,0.1
2026-03-19,3.814,0.3814,0.0,0.1
2026-03-20,3.77,0.377,0.0,0.1
2026-03-23,3.654,0.3654,0.0,0.1
2026-03-24,3.682,0.3682,0.0,0.1
2026-03-25,3.719,0.3719,0.0,0.1
2026-03-26,3.68,0.36800000000000005,0.0,0.1
2026-03-27,3.711,0.3711,0.0,0.1
2026-03-30,3.704,0.37040000000000006,0.0,0.1
2026-03-31,3.691,0.3691,0.0,0.1
2026-04-01,3.758,0.3758,0.0,0.1
2026-04-02,3.727,0.37270000000000003,0.0,0.1
2026-04-03,3.725,0.37250000000000005,0.0,0.1
2026-04-07,3.75,0.375,0.0,0.1
2026-04-08,3.794,0.3794,0.0,0.1
2026-04-09,3.792,0.3792,0.0,0.1
2026-04-10,3.816,0.3816,0.0,0.1
2026-04-13,3.816,0.3816,0.0,0.1
2026-04-14,3.848,0.38480000000000003,0.0,0.1
2026-04-15,3.869,0.3869,0.0,0.1
2026-04-16,3.878,0.38780000000000003,0.0,0.1
2026-04-17,3.849,0.3849,0.0,0.1
2026-04-20,3.885,0.3885,0.0,0.1
2026-04-21,3.877,0.3877,0.0,0.1
2026-04-22,3.872,0.3872,0.0,0.1
2026-04-23,3.906,0.39060000000000006,0.0,0.1
2026-04-24,3.95,0.395,0.0,0.1
2026-04-27,3.943,0.39430000000000004,0.0,0.1
2026-04-28,3.989,0.39890000000000003,0.0,0.1
2026-04-29,4.0,0.4,0.0,0.1
2026-04-30,4.058,0.4058,0.0,0.1
2026-05-06,4.092,0.4092,0.0,0.1
2026-05-07,4.07,0.40700000000000003,0.0,0.1
2026-05-08,4.015,0.40149999999999997,0.0,0.1
2026-05-11,4.057,0.40570000000000006,0.0,0.1
2026-05-12,4.07,0.40700000000000003,0.0,0.1
2026-05-13,4.072,0.4072,0.0,0.1
2026-05-14,3.992,0.3992,0.0,0.1
2026-05-15,4.07,0.40700000000000003,0.0,0.1
2026-05-18,3.925,0.3925,0.0,0.1
2026-05-19,3.941,0.3941,0.0,0.1
2026-05-20,3.968,0.39680000000000004,0.0,0.1
2026-05-21,3.931,0.3931,0.0,0.1
2026-05-22,3.909,0.3909,0.0,0.1
2026-05-25,3.973,0.3973,0.0,0.1
2026-05-26,4.008,0.40080000000000005,0.0,0.1
2026-05-27,3.946,0.39460000000000006,0.0,0.1
2026-05-28,3.929,0.3929,0.0,0.1
2026-05-29,3.948,0.39480000000000004,0.0,0.1
2026-06-01,3.898,0.38980000000000004,0.0,0.1
2026-06-02,3.912,0.3912,0.0,0.1
2026-06-03,3.906,0.39060000000000006,0.0,0.1
2026-06-04,3.888,0.38880000000000003,0.0,0.1
2026-06-05,3.842,0.38420000000000004,0.0,0.1
2026-06-08,3.786,0.37860000000000005,0.0,0.1
2026-06-09,3.798,0.3798,0.0,0.1
2026-06-10,3.809,0.3809,0.0,0.1
2026-06-11,3.8,0.38,0.0,0.1
2026-06-12,3.85,0.385,0.0,0.1
2026-06-15,3.912,0.3912,0.0,0.1
2026-06-16,3.854,0.3854,0.0,0.1
2026-06-17,3.851,0.3851,0.0,0.1
2026-06-18,3.871,0.3871,0.0,0.1
2026-06-22,3.94,0.394,0.0,0.1
2026-06-23,3.879,0.3879,0.0,0.1
2026-06-24,3.894,0.3894,0.0,0.1
2026-06-25,3.881,0.3881,0.0,0.1
2026-06-26,3.794,0.3794,0.0,0.1
2026-06-29,3.881,0.3881,0.0,0.1
2026-06-30,3.875,0.3875,0.0,0.1
2026-07-01,3.865,0.38650000000000007,0.0,0.1
2026-07-02,3.808,0.3808,0.0,0.1
2026-07-03,3.846,0.38460000000000005,0.0,0.1
2026-07-06,3.897,0.3897,0.0,0.1
2026-07-07,3.858,0.38580000000000003,0.0,0.1
2026-07-08,3.87,0.387,0.0,0.1
2026-07-09,3.931,0.3931,0.0,0.1
2026-07-10,3.902,0.39020000000000005,0.0,0.1
2026-07-13,3.864,0.3864,0.0,0.1
2026-07-14,3.899,0.3899,0.0,0.1
2026-07-15,3.9,0.39,0.0,0.1
2026-07-16,3.881,0.3881,0.0,0.1
2026-07-17,3.776,0.3776,0.0,0.1
