date,close,total_return_proxy,cumulative_dividend,split_factor
2010-05-28,2.618,2.618,0.0,1.0
2010-05-31,2.553,2.553,0.0,1.0
2010-06-01,2.528,2.528,0.0,1.0
2010-06-02,2.52,2.52,0.0,1.0
2010-06-03,2.522,2.522,0.0,1.0
2010-06-04,2.505,2.505,0.0,1.0
2010-06-07,2.426,2.426,0.0,1.0
2010-06-08,2.417,2.417,0.0,1.0
2010-06-09,2.518,2.518,0.0,1.0
2010-06-10,2.474,2.474,0.0,1.0
2010-06-11,2.481,2.481,0.0,1.0
2010-06-17,2.502,2.502,0.0,1.0
2010-06-18,2.48,2.48,0.0,1.0
2010-06-21,2.551,2.551,0.0,1.0
2010-06-22,2.543,2.543,0.0,1.0
2010-06-23,2.545,2.545,0.0,1.0
2010-06-24,2.533,2.533,0.0,1.0
2010-06-25,2.528,2.528,0.0,1.0
2010-06-28,2.519,2.519,0.0,1.0
2010-06-29,2.431,2.431,0.0,1.0
2010-06-30,2.406,2.406,0.0,1.0
2010-07-01,2.383,2.383,0.0,1.0
2010-07-02,2.4,2.4,0.0,1.0
2010-07-05,2.375,2.375,0.0,1.0
2010-07-06,2.413,2.413,0.0,1.0
2010-07-07,2.424,2.424,0.0,1.0
2010-07-08,2.437,2.437,0.0,1.0
2010-07-09,2.484,2.484,0.0,1.0
2010-07-12,2.524,2.524,0.0,1.0
2010-07-13,2.49,2.49,0.0,1.0
2010-07-14,2.501,2.501,0.0,1.0
2010-07-15,2.466,2.466,0.0,1.0
2010-07-16,2.466,2.466,0.0,1.0
2010-07-19,2.523,2.523,0.0,1.0
2010-07-20,2.567,2.567,0.0,1.0
2010-07-21,2.569,2.569,0.0,1.0
2010-07-22,2.596,2.596,0.0,1.0
2010-07-23,2.603,2.603,0.0,1.0
2010-07-26,2.619,2.619,0.0,1.0
2010-07-27,2.599,2.599,0.0,1.0
2010-07-28,2.661,2.661,0.0,1.0
2010-07-29,2.679,2.679,0.0,1.0
2010-07-30,2.666,2.666,0.0,1.0
2010-08-02,2.697,2.697,0.0,1.0
2010-08-03,2.619,2.619,0.0,1.0
2010-08-04,2.66,2.66,0.0,1.0
2010-08-05,2.618,2.618,0.0,1.0
2010-08-06,2.654,2.654,0.0,1.0
2010-08-09,2.651,2.651,0.0,1.0
2010-08-10,2.581,2.581,0.0,1.0
2010-08-11,2.598,2.598,0.0,1.0
2010-08-12,2.55,2.55,0.0,1.0
2010-08-13,2.578,2.578,0.0,1.0
2010-08-16,2.624,2.624,0.0,1.0
2010-08-17,2.652,2.652,0.0,1.0
2010-08-18,2.637,2.637,0.0,1.0
2010-08-19,2.672,2.672,0.0,1.0
2010-08-20,2.633,2.633,0.0,1.0
2010-08-23,2.62,2.62,0.0,1.0
2010-08-24,2.613,2.613,0.0,1.0
2010-08-25,2.549,2.549,0.0,1.0
2010-08-26,2.558,2.558,0.0,1.0
2010-08-27,2.558,2.558,0.0,1.0
2010-08-30,2.588,2.588,0.0,1.0
2010-08-31,2.554,2.554,0.0,1.0
2010-09-01,2.552,2.552,0.0,1.0
2010-09-02,2.566,2.566,0.0,1.0
2010-09-03,2.55,2.55,0.0,1.0
2010-09-06,2.609,2.609,0.0,1.0
2010-09-07,2.609,2.609,0.0,1.0
2010-09-08,2.576,2.576,0.0,1.0
2010-09-09,2.529,2.529,0.0,1.0
2010-09-10,2.518,2.518,0.0,1.0
2010-09-13,2.528,2.528,0.0,1.0
2010-09-14,2.523,2.523,0.0,1.0
2010-09-15,2.478,2.478,0.0,1.0
2010-09-16,2.432,2.432,0.0,1.0
2010-09-17,2.424,2.424,0.0,1.0
2010-09-20,2.422,2.422,0.0,1.0
2010-09-21,2.431,2.431,0.0,1.0
2010-09-27,2.443,2.443,0.0,1.0
2010-09-28,2.408,2.408,0.0,1.0
2010-09-29,2.418,2.418,0.0,1.0
2010-09-30,2.463,2.463,0.0,1.0
2010-10-08,2.561,2.561,0.0,1.0
2010-10-11,2.664,2.664,0.0,1.0
2010-10-12,2.689,2.689,0.0,1.0
2010-10-13,2.74,2.74,0.0,1.0
2010-10-14,2.773,2.773,0.0,1.0
2010-10-15,2.898,2.898,0.0,1.0
2010-10-18,2.918,2.918,0.0,1.0
2010-10-19,2.953,2.953,0.0,1.0
2010-10-20,2.967,2.967,0.0,1.0
2010-10-21,2.909,2.909,0.0,1.0
2010-10-22,2.893,2.893,0.0,1.0
2010-10-25,2.967,2.967,0.0,1.0
2010-10-26,2.948,2.948,0.0,1.0
2010-10-27,2.903,2.903,0.0,1.0
2010-10-28,2.906,2.906,0.0,1.0
2010-10-29,2.859,2.859,0.0,1.0
2010-11-01,2.925,2.925,0.0,1.0
2010-11-02,2.909,2.909,0.0,1.0
2010-11-03,2.91,2.91,0.0,1.0
2010-11-04,2.936,2.936,0.0,1.0
2010-11-05,2.959,2.959,0.0,1.0
2010-11-08,2.983,2.983,0.0,1.0
2010-11-09,2.94,2.94,0.0,1.0
2010-11-10,2.881,2.881,0.0,1.0
2010-11-11,2.92,2.92,0.0,1.0
2010-11-12,2.76,2.76,0.0,1.0
2010-11-15,2.761,2.761,0.0,1.0
2010-11-16,2.626,2.626,0.0,1.0
2010-11-17,2.611,2.611,0.0,1.0
2010-11-18,2.632,2.632,0.0,1.0
2010-11-19,2.633,2.633,0.0,1.0
2010-11-22,2.596,2.596,0.0,1.0
2010-11-23,2.559,2.559,0.0,1.0
2010-11-24,2.596,2.596,0.0,1.0
2010-11-25,2.633,2.633,0.0,1.0
2010-11-26,2.616,2.616,0.0,1.0
2010-11-29,2.598,2.598,0.0,1.0
2010-11-30,2.555,2.555,0.0,1.0
2010-12-01,2.566,2.566,0.0,1.0
2010-12-02,2.583,2.583,0.0,1.0
2010-12-03,2.587,2.587,0.0,1.0
2010-12-06,2.615,2.615,0.0,1.0
2010-12-07,2.63,2.63,0.0,1.0
2010-12-08,2.593,2.593,0.0,1.0
2010-12-09,2.559,2.559,0.0,1.0
2010-12-10,2.585,2.585,0.0,1.0
2010-12-13,2.658,2.658,0.0,1.0
2010-12-14,2.648,2.648,0.0,1.0
2010-12-15,2.648,2.648,0.0,1.0
2010-12-16,2.628,2.628,0.0,1.0
2010-12-17,2.621,2.621,0.0,1.0
2010-12-20,2.581,2.581,0.0,1.0
2010-12-21,2.649,2.649,0.0,1.0
2010-12-22,2.617,2.617,0.0,1.0
2010-12-23,2.62,2.62,0.0,1.0
2010-12-24,2.612,2.612,0.0,1.0
2010-12-27,2.571,2.571,0.0,1.0
2010-12-28,2.537,2.537,0.0,1.0
2010-12-29,2.524,2.524,0.0,1.0
2010-12-30,2.517,2.517,0.0,1.0
2010-12-31,2.552,2.552,0.0,1.0
2011-01-04,2.596,2.596,0.0,1.0
2011-01-05,2.585,2.585,0.0,1.0
2011-01-06,2.566,2.566,0.0,1.0
2011-01-07,2.603,2.603,0.0,1.0
2011-01-10,2.562,2.562,0.0,1.0
2011-01-11,2.596,2.596,0.0,1.0
2011-01-12,2.622,2.622,0.0,1.0
2011-01-13,2.619,2.619,0.0,1.0
2011-01-14,2.578,2.578,0.0,1.0
2011-01-17,2.496,2.496,0.0,1.0
2011-01-18,2.498,2.498,0.0,1.0
2011-01-19,2.532,2.532,0.0,1.0
2011-01-20,2.467,2.467,0.0,1.0
2011-01-21,2.51,2.51,0.0,1.0
2011-01-24,2.492,2.492,0.0,1.0
2011-01-25,2.495,2.495,0.0,1.0
2011-01-26,2.514,2.514,0.0,1.0
2011-01-27,2.543,2.543,0.0,1.0
2011-01-28,2.537,2.537,0.0,1.0
2011-01-31,2.554,2.554,0.0,1.0
2011-02-01,2.563,2.563,0.0,1.0
2011-02-09,2.528,2.528,0.0,1.0
2011-02-10,2.572,2.572,0.0,1.0
2011-02-11,2.576,2.576,0.0,1.0
2011-02-14,2.668,2.668,0.0,1.0
2011-02-15,2.658,2.658,0.0,1.0
2011-02-16,2.661,2.661,0.0,1.0
2011-02-17,2.665,2.665,0.0,1.0
2011-02-18,2.646,2.646,0.0,1.0
2011-02-21,2.664,2.664,0.0,1.0
2011-02-22,2.586,2.586,0.0,1.0
2011-02-23,2.58,2.58,0.0,1.0
2011-02-24,2.596,2.596,0.0,1.0
2011-02-25,2.608,2.608,0.0,1.0
2011-02-28,2.629,2.629,0.0,1.0
2011-03-01,2.643,2.643,0.0,1.0
2011-03-02,2.655,2.655,0.0,1.0
2011-03-03,2.676,2.676,0.0,1.0
2011-03-04,2.721,2.721,0.0,1.0
2011-03-07,2.778,2.778,0.0,1.0
2011-03-08,2.779,2.779,0.0,1.0
2011-03-09,2.777,2.777,0.0,1.0
2011-03-10,2.711,2.711,0.0,1.0
2011-03-11,2.681,2.681,0.0,1.0
2011-03-14,2.69,2.69,0.0,1.0
2011-03-15,2.641,2.641,0.0,1.0
2011-03-16,2.675,2.675,0.0,1.0
2011-03-17,2.639,2.639,0.0,1.0
2011-03-18,2.651,2.651,0.0,1.0
2011-03-21,2.648,2.648,0.0,1.0
2011-03-22,2.681,2.681,0.0,1.0
2011-03-23,2.709,2.709,0.0,1.0
2011-03-24,2.693,2.693,0.0,1.0
2011-03-25,2.733,2.733,0.0,1.0
2011-03-28,2.749,2.749,0.0,1.0
2011-03-29,2.745,2.745,0.0,1.0
2011-03-30,2.743,2.743,0.0,1.0
2011-03-31,2.715,2.715,0.0,1.0
2011-04-01,2.775,2.775,0.0,1.0
2011-04-06,2.834,2.834,0.0,1.0
2011-04-07,2.834,2.834,0.0,1.0
2011-04-08,2.85,2.85,0.0,1.0
2011-04-11,2.839,2.839,0.0,1.0
2011-04-12,2.832,2.832,0.0,1.0
2011-04-13,2.879,2.879,0.0,1.0
2011-04-14,2.871,2.871,0.0,1.0
2011-04-15,2.884,2.884,0.0,1.0
2011-04-18,2.882,2.882,0.0,1.0
2011-04-19,2.815,2.815,0.0,1.0
2011-04-20,2.804,2.804,0.0,1.0
2011-04-21,2.823,2.823,0.0,1.0
2011-04-22,2.805,2.805,0.0,1.0
2011-04-25,2.777,2.777,0.0,1.0
2011-04-26,2.771,2.771,0.0,1.0
2011-04-27,2.765,2.765,0.0,1.0
2011-04-28,2.764,2.764,0.0,1.0
2011-04-29,2.769,2.769,0.0,1.0
2011-05-03,2.772,2.772,0.0,1.0
2011-05-04,2.695,2.695,0.0,1.0
2011-05-05,2.689,2.689,0.0,1.0
2011-05-06,2.667,2.667,0.0,1.0
2011-05-09,2.663,2.663,0.0,1.0
2011-05-10,2.687,2.687,0.0,1.0
2011-05-11,2.674,2.674,0.0,1.0
2011-05-12,2.64,2.64,0.0,1.0
2011-05-13,2.665,2.665,0.0,1.0
2011-05-16,2.635,2.635,0.0,1.0
2011-05-17,2.656,2.656,0.0,1.0
2011-05-18,2.682,2.682,0.0,1.0
2011-05-19,2.67,2.67,0.0,1.0
2011-05-20,2.676,2.676,0.0,1.0
2011-05-23,2.592,2.592,0.0,1.0
2011-05-24,2.593,2.593,0.0,1.0
2011-05-25,2.558,2.558,0.0,1.0
2011-05-26,2.558,2.558,0.0,1.0
2011-05-27,2.572,2.572,0.0,1.0
2011-05-30,2.568,2.568,0.0,1.0
2011-05-31,2.606,2.606,0.0,1.0
2011-06-01,2.594,2.594,0.0,1.0
2011-06-02,2.537,2.537,0.0,1.0
2011-06-03,2.552,2.552,0.0,1.0
2011-06-07,2.56,2.56,0.0,1.0
2011-06-08,2.549,2.549,0.0,1.0
2011-06-09,2.51,2.51,0.0,1.0
2011-06-10,2.522,2.522,0.0,1.0
2011-06-13,2.514,2.514,0.0,1.0
2011-06-14,2.545,2.545,0.0,1.0
2011-06-15,2.521,2.521,0.0,1.0
2011-06-16,2.489,2.489,0.0,1.0
2011-06-17,2.478,2.478,0.0,1.0
2011-06-20,2.468,2.468,0.0,1.0
2011-06-21,2.498,2.498,0.0,1.0
2011-06-22,2.497,2.497,0.0,1.0
2011-06-23,2.538,2.538,0.0,1.0
2011-06-24,2.605,2.605,0.0,1.0
2011-06-27,2.599,2.599,0.0,1.0
2011-06-28,2.594,2.594,0.0,1.0
2011-06-29,2.557,2.557,0.0,1.0
2011-06-30,2.587,2.587,0.0,1.0
2011-07-01,2.588,2.588,0.0,1.0
2011-07-04,2.644,2.644,0.0,1.0
2011-07-05,2.64,2.64,0.0,1.0
2011-07-06,2.622,2.622,0.0,1.0
2011-07-07,2.608,2.608,0.0,1.0
2011-07-08,2.623,2.623,0.0,1.0
2011-07-11,2.617,2.617,0.0,1.0
2011-07-12,2.564,2.564,0.0,1.0
2011-07-13,2.6,2.6,0.0,1.0
2011-07-14,2.599,2.599,0.0,1.0
2011-07-15,2.607,2.607,0.0,1.0
2011-07-18,2.594,2.594,0.0,1.0
2011-07-19,2.572,2.572,0.0,1.0
2011-07-20,2.566,2.566,0.0,1.0
2011-07-21,2.541,2.541,0.0,1.0
2011-07-22,2.544,2.544,0.0,1.0
2011-07-25,2.472,2.472,0.0,1.0
2011-07-26,2.48,2.48,0.0,1.0
2011-07-27,2.479,2.479,0.0,1.0
2011-07-28,2.451,2.451,0.0,1.0
2011-07-29,2.473,2.473,0.0,1.0
2011-08-01,2.474,2.474,0.0,1.0
2011-08-02,2.454,2.454,0.0,1.0
2011-08-03,2.446,2.446,0.0,1.0
2011-08-04,2.447,2.447,0.0,1.0
2011-08-05,2.386,2.386,0.0,1.0
2011-08-08,2.306,2.306,0.0,1.0
2011-08-09,2.309,2.309,0.0,1.0
2011-08-10,2.328,2.328,0.0,1.0
2011-08-11,2.363,2.363,0.0,1.0
2011-08-12,2.36,2.36,0.0,1.0
2011-08-15,2.41,2.41,0.0,1.0
2011-08-16,2.397,2.397,0.0,1.0
2011-08-17,2.389,2.389,0.0,1.0
2011-08-18,2.347,2.347,0.0,1.0
2011-08-19,2.322,2.322,0.0,1.0
2011-08-22,2.302,2.302,0.0,1.0
2011-08-23,2.351,2.351,0.0,1.0
2011-08-24,2.334,2.334,0.0,1.0
2011-08-25,2.434,2.434,0.0,1.0
2011-08-26,2.427,2.427,0.0,1.0
2011-08-29,2.376,2.376,0.0,1.0
2011-08-30,2.372,2.372,0.0,1.0
2011-08-31,2.381,2.381,0.0,1.0
2011-09-01,2.381,2.381,0.0,1.0
2011-09-02,2.357,2.357,0.0,1.0
2011-09-05,2.318,2.318,0.0,1.0
2011-09-06,2.3,2.3,0.0,1.0
2011-09-07,2.351,2.351,0.0,1.0
2011-09-08,2.338,2.338,0.0,1.0
2011-09-09,2.337,2.337,0.0,1.0
2011-09-13,2.319,2.319,0.0,1.0
2011-09-14,2.327,2.327,0.0,1.0
2011-09-15,2.322,2.322,0.0,1.0
2011-09-16,2.325,2.325,0.0,1.0
2011-09-19,2.283,2.283,0.0,1.0
2011-09-20,2.293,2.293,0.0,1.0
2011-09-21,2.354,2.354,0.0,1.0
2011-09-22,2.287,2.287,0.0,1.0
2011-09-23,2.273,2.273,0.0,1.0
2011-09-26,2.212,2.212,0.0,1.0
2011-09-27,2.24,2.24,0.0,1.0
2011-09-28,2.216,2.216,0.0,1.0
2011-09-29,2.212,2.212,0.0,1.0
2011-09-30,2.204,2.204,0.0,1.0
2011-10-10,2.185,2.185,0.0,1.0
2011-10-11,2.197,2.197,0.0,1.0
2011-10-12,2.279,2.279,0.0,1.0
2011-10-13,2.281,2.281,0.0,1.0
2011-10-14,2.284,2.284,0.0,1.0
2011-10-17,2.3,2.3,0.0,1.0
2011-10-18,2.244,2.244,0.0,1.0
2011-10-19,2.243,2.243,0.0,1.0
2011-10-20,2.202,2.202,0.0,1.0
2011-10-21,2.214,2.214,0.0,1.0
2011-10-24,2.28,2.28,0.0,1.0
2011-10-25,2.305,2.305,0.0,1.0
2011-10-26,2.323,2.323,0.0,1.0
2011-10-27,2.324,2.324,0.0,1.0
2011-10-28,2.38,2.38,0.0,1.0
2011-10-31,2.355,2.355,0.0,1.0
2011-11-01,2.348,2.348,0.0,1.0
2011-11-02,2.403,2.403,0.0,1.0
2011-11-03,2.399,2.399,0.0,1.0
2011-11-04,2.401,2.401,0.0,1.0
2011-11-07,2.375,2.375,0.0,1.0
2011-11-08,2.38,2.38,0.0,1.0
2011-11-09,2.377,2.377,0.0,1.0
2011-11-10,2.336,2.336,0.0,1.0
2011-11-11,2.338,2.338,0.0,1.0
2011-11-14,2.375,2.375,0.0,1.0
2011-11-15,2.376,2.376,0.0,1.0
2011-11-16,2.3,2.3,0.0,1.0
2011-11-17,2.291,2.291,0.0,1.0
2011-11-18,2.255,2.255,0.0,1.0
2011-11-21,2.259,2.259,0.0,1.0
2011-11-22,2.265,2.265,0.0,1.0
2011-11-23,2.227,2.227,0.0,1.0
2011-11-24,2.251,2.251,0.0,1.0
2011-11-25,2.231,2.231,0.0,1.0
2011-11-28,2.234,2.234,0.0,1.0
2011-11-29,2.262,2.262,0.0,1.0
2011-11-30,2.21,2.21,0.0,1.0
2011-12-01,2.253,2.253,0.0,1.0
2011-12-02,2.232,2.232,0.0,1.0
2011-12-05,2.242,2.242,0.0,1.0
2011-12-06,2.239,2.239,0.0,1.0
2011-12-07,2.254,2.254,0.0,1.0
2011-12-08,2.258,2.258,0.0,1.0
2011-12-09,2.251,2.251,0.0,1.0
2011-12-12,2.236,2.236,0.0,1.0
2011-12-13,2.199,2.199,0.0,1.0
2011-12-14,2.185,2.185,0.0,1.0
2011-12-15,2.15,2.15,0.0,1.0
2011-12-16,2.19,2.19,0.0,1.0
2011-12-19,2.171,2.171,0.0,1.0
2011-12-20,2.171,2.171,0.0,1.0
2011-12-21,2.161,2.161,0.0,1.0
2011-12-22,2.153,2.153,0.0,1.0
2011-12-23,2.159,2.159,0.0,1.0
2011-12-26,2.155,2.155,0.0,1.0
2011-12-27,2.148,2.148,0.0,1.0
2011-12-28,2.147,2.147,0.0,1.0
2011-12-29,2.121,2.121,0.0,1.0
2011-12-30,2.148,2.148,0.0,1.0
2012-01-04,2.156,2.156,0.0,1.0
2012-01-05,2.153,2.153,0.0,1.0
2012-01-06,2.17,2.17,0.0,1.0
2012-01-09,2.226,2.226,0.0,1.0
2012-01-10,2.249,2.249,0.0,1.0
2012-01-11,2.258,2.258,0.0,1.0
2012-01-12,2.27,2.27,0.0,1.0
2012-01-13,2.247,2.247,0.0,1.0
2012-01-16,2.244,2.244,0.0,1.0
2012-01-17,2.32,2.32,0.0,1.0
2012-01-18,2.267,2.267,0.0,1.0
2012-01-19,2.327,2.327,0.0,1.0
2012-01-20,2.374,2.374,0.0,1.0
2012-01-30,2.323,2.323,0.0,1.0
2012-01-31,2.309,2.309,0.0,1.0
2012-02-01,2.28,2.28,0.0,1.0
2012-02-02,2.341,2.341,0.0,1.0
2012-02-03,2.34,2.34,0.0,1.0
2012-02-06,2.347,2.347,0.0,1.0
2012-02-07,2.318,2.318,0.0,1.0
2012-02-08,2.36,2.36,0.0,1.0
2012-02-09,2.362,2.362,0.0,1.0
2012-02-10,2.358,2.358,0.0,1.0
2012-02-13,2.35,2.35,0.0,1.0
2012-02-14,2.328,2.328,0.0,1.0
2012-02-15,2.342,2.342,0.0,1.0
2012-02-16,2.327,2.327,0.0,1.0
2012-02-17,2.34,2.34,0.0,1.0
2012-02-20,2.341,2.341,0.0,1.0
2012-02-21,2.342,2.342,0.0,1.0
2012-02-22,2.37,2.37,0.0,1.0
2012-02-23,2.37,2.37,0.0,1.0
2012-02-24,2.412,2.412,0.0,1.0
2012-02-27,2.428,2.428,0.0,1.0
2012-02-28,2.43,2.43,0.0,1.0
2012-02-29,2.411,2.411,0.0,1.0
2012-03-01,2.402,2.402,0.0,1.0
2012-03-02,2.44,2.44,0.0,1.0
2012-03-05,2.429,2.429,0.0,1.0
2012-03-06,2.375,2.375,0.0,1.0
2012-03-07,2.358,2.358,0.0,1.0
2012-03-08,2.379,2.379,0.0,1.0
2012-03-09,2.389,2.389,0.0,1.0
2012-03-12,2.366,2.366,0.0,1.0
2012-03-13,2.39,2.39,0.0,1.0
2012-03-14,2.293,2.293,0.0,1.0
2012-03-15,2.333,2.333,0.0,1.0
2012-03-16,2.339,2.339,0.0,1.0
2012-03-19,2.328,2.328,0.0,1.0
2012-03-20,2.298,2.298,0.0,1.0
2012-03-21,2.294,2.294,0.0,1.0
2012-03-22,2.303,2.303,0.0,1.0
2012-03-23,2.283,2.283,0.0,1.0
2012-03-26,2.285,2.285,0.0,1.0
2012-03-27,2.29,2.29,0.0,1.0
2012-03-28,2.239,2.239,0.0,1.0
2012-03-29,2.218,2.218,0.0,1.0
2012-03-30,2.246,2.246,0.0,1.0
2012-04-05,2.272,2.272,0.0,1.0
2012-04-06,2.268,2.268,0.0,1.0
2012-04-09,2.254,2.254,0.0,1.0
2012-04-10,2.269,2.269,0.0,1.0
2012-04-11,2.266,2.266,0.0,1.0
2012-04-12,2.311,2.311,0.0,1.0
2012-04-13,2.321,2.321,0.0,1.0
2012-04-16,2.312,2.312,0.0,1.0
2012-04-17,2.286,2.286,0.0,1.0
2012-04-18,2.333,2.333,0.0,1.0
2012-04-19,2.33,2.33,0.0,1.0
2012-04-20,2.373,2.373,0.0,1.0
2012-04-23,2.355,2.355,0.0,1.0
2012-04-24,2.372,2.372,0.0,1.0
2012-04-25,2.384,2.384,0.0,1.0
2012-04-26,2.384,2.384,0.0,1.0
2012-04-27,2.382,2.382,0.0,1.0
2012-05-02,2.428,2.428,0.0,1.0
2012-05-03,2.433,2.433,0.0,1.0
2012-05-04,2.437,2.437,0.0,1.0
2012-05-07,2.419,2.419,0.0,1.0
2012-05-08,2.417,2.417,0.0,1.0
2012-05-09,2.375,2.375,0.0,1.0
2012-05-10,2.371,2.371,0.0,1.0
2012-05-11,2.358,2.358,0.0,1.0
2012-05-14,2.345,2.345,0.0,1.0
2012-05-15,2.335,2.335,0.0,1.0
2012-05-16,2.304,2.304,0.0,1.0
2012-05-17,2.341,2.341,0.0,1.0
2012-05-18,2.307,2.307,0.0,1.0
2012-05-21,2.318,2.318,0.0,1.0
2012-05-22,2.344,2.344,0.0,1.0
2012-05-23,2.336,2.336,0.0,1.0
2012-05-24,2.32,2.32,0.0,1.0
2012-05-25,2.306,2.306,0.0,1.0
2012-05-28,2.335,2.335,0.0,1.0
2012-05-29,2.361,2.361,0.0,1.0
2012-05-30,2.352,2.352,0.0,1.0
2012-05-31,2.337,2.337,0.0,1.0
2012-06-01,2.334,2.334,0.0,1.0
2012-06-04,2.271,2.271,0.0,1.0
2012-06-05,2.276,2.276,0.0,1.0
2012-06-06,2.275,2.275,0.0,1.0
2012-06-07,2.274,2.274,0.0,1.0
2012-06-08,2.248,2.248,0.0,1.0
2012-06-11,2.274,2.274,0.0,1.0
2012-06-12,2.262,2.262,0.0,1.0
2012-06-13,2.293,2.293,0.0,1.0
2012-06-14,2.278,2.278,0.0,1.0
2012-06-15,2.305,2.305,0.0,1.0
2012-06-18,2.311,2.311,0.0,1.0
2012-06-19,2.302,2.302,0.0,1.0
2012-06-20,2.304,2.304,0.0,1.0
2012-06-21,2.275,2.275,0.0,1.0
2012-06-25,2.245,2.245,0.0,1.0
2012-06-26,2.257,2.257,0.0,1.0
2012-06-27,2.254,2.254,0.0,1.0
2012-06-28,2.234,2.234,0.0,1.0
2012-06-29,2.262,2.262,0.0,1.0
2012-07-02,2.252,2.252,0.0,1.0
2012-07-03,2.259,2.259,0.0,1.0
2012-07-04,2.257,2.257,0.0,1.0
2012-07-05,2.237,2.237,0.0,1.0
2012-07-06,2.266,2.266,0.0,1.0
2012-07-09,2.207,2.207,0.0,1.0
2012-07-10,2.209,2.209,0.0,1.0
2012-07-11,2.206,2.206,0.0,1.0
2012-07-12,2.213,2.213,0.0,1.0
2012-07-13,2.22,2.22,0.0,1.0
2012-07-16,2.196,2.196,0.0,1.0
2012-07-17,2.203,2.203,0.0,1.0
2012-07-18,2.205,2.205,0.0,1.0
2012-07-19,2.227,2.227,0.0,1.0
2012-07-20,2.195,2.195,0.0,1.0
2012-07-23,2.158,2.158,0.0,1.0
2012-07-24,2.162,2.162,0.0,1.0
2012-07-25,2.145,2.145,0.0,1.0
2012-07-26,2.144,2.144,0.0,1.0
2012-07-27,2.158,2.158,0.0,1.0
2012-07-30,2.161,2.161,0.0,1.0
2012-07-31,2.174,2.174,0.0,1.0
2012-08-01,2.186,2.186,0.0,1.0
2012-08-02,2.173,2.173,0.0,1.0
2012-08-03,2.177,2.177,0.0,1.0
2012-08-06,2.186,2.186,0.0,1.0
2012-08-07,2.178,2.178,0.0,1.0
2012-08-08,2.187,2.187,0.0,1.0
2012-08-09,2.196,2.196,0.0,1.0
2012-08-10,2.198,2.198,0.0,1.0
2012-08-13,2.158,2.158,0.0,1.0
2012-08-14,2.158,2.158,0.0,1.0
2012-08-15,2.129,2.129,0.0,1.0
2012-08-16,2.127,2.127,0.0,1.0
2012-08-17,2.127,2.127,0.0,1.0
2012-08-20,2.109,2.109,0.0,1.0
2012-08-21,2.104,2.104,0.0,1.0
2012-08-22,2.09,2.09,0.0,1.0
2012-08-23,2.106,2.106,0.0,1.0
2012-08-24,2.092,2.092,0.0,1.0
2012-08-27,2.06,2.06,0.0,1.0
2012-08-28,2.08,2.08,0.0,1.0
2012-08-29,2.065,2.065,0.0,1.0
2012-08-30,2.072,2.072,0.0,1.0
2012-08-31,2.082,2.082,0.0,1.0
2012-09-03,2.08,2.08,0.0,1.0
2012-09-04,2.053,2.053,0.0,1.0
2012-09-05,2.037,2.037,0.0,1.0
2012-09-06,2.056,2.056,0.0,1.0
2012-09-07,2.143,2.143,0.0,1.0
2012-09-10,2.13,2.13,0.0,1.0
2012-09-11,2.101,2.101,0.0,1.0
2012-09-12,2.11,2.11,0.0,1.0
2012-09-13,2.101,2.101,0.0,1.0
2012-09-14,2.12,2.12,0.0,1.0
2012-09-17,2.074,2.074,0.0,1.0
2012-09-18,2.054,2.054,0.0,1.0
2012-09-19,2.053,2.053,0.0,1.0
2012-09-20,2.023,2.023,0.0,1.0
2012-09-21,2.03,2.03,0.0,1.0
2012-09-24,2.033,2.033,0.0,1.0
2012-09-25,2.034,2.034,0.0,1.0
2012-09-26,2.02,2.02,0.0,1.0
2012-09-27,2.072,2.072,0.0,1.0
2012-09-28,2.112,2.112,0.0,1.0
2012-10-08,2.086,2.086,0.0,1.0
2012-10-09,2.132,2.132,0.0,1.0
2012-10-10,2.13,2.13,0.0,1.0
2012-10-11,2.116,2.116,0.0,1.0
2012-10-12,2.126,2.126,0.0,1.0
2012-10-15,2.113,2.113,0.0,1.0
2012-10-16,2.115,2.115,0.0,1.0
2012-10-17,2.131,2.131,0.0,1.0
2012-10-18,2.152,2.152,0.0,1.0
2012-10-19,2.15,2.15,0.0,1.0
2012-10-22,2.165,2.165,0.0,1.0
2012-10-23,2.14,2.14,0.0,1.0
2012-10-24,2.143,2.143,0.0,1.0
2012-10-25,2.133,2.133,0.0,1.0
2012-10-26,2.099,2.099,0.0,1.0
2012-10-29,2.077,2.077,0.0,1.0
2012-10-30,2.089,2.089,0.0,1.0
2012-10-31,2.097,2.097,0.0,1.0
2012-11-01,2.136,2.136,0.0,1.0
2012-11-02,2.152,2.152,0.0,1.0
2012-11-05,2.153,2.153,0.0,1.0
2012-11-06,2.144,2.144,0.0,1.0
2012-11-07,2.14,2.14,0.0,1.0
2012-11-08,2.109,2.109,0.0,1.0
2012-11-09,2.107,2.107,0.0,1.0
2012-11-12,2.122,2.122,0.0,1.0
2012-11-13,2.088,2.088,0.0,1.0
2012-11-14,2.097,2.097,0.0,1.0
2012-11-15,2.077,2.077,0.0,1.0
2012-11-16,2.052,2.052,0.0,1.0
2012-11-19,2.058,2.058,0.0,1.0
2012-11-20,2.048,2.048,0.0,1.0
2012-11-21,2.077,2.077,0.0,1.0
2012-11-22,2.064,2.064,0.0,1.0
2012-11-23,2.088,2.088,0.0,1.0
2012-11-26,2.079,2.079,0.0,1.0
2012-11-27,2.072,2.072,0.0,1.0
2012-11-28,2.064,2.064,0.0,1.0
2012-11-29,2.062,2.062,0.0,1.0
2012-11-30,2.073,2.073,0.0,1.0
2012-12-03,2.082,2.082,0.0,1.0
2012-12-04,2.099,2.099,0.0,1.0
2012-12-05,2.17,2.17,0.0,1.0
2012-12-06,2.179,2.179,0.0,1.0
2012-12-07,2.219,2.219,0.0,1.0
2012-12-10,2.243,2.243,0.0,1.0
2012-12-11,2.231,2.231,0.0,1.0
2012-12-12,2.239,2.239,0.0,1.0
2012-12-13,2.219,2.219,0.0,1.0
2012-12-14,2.35,2.35,0.0,1.0
2012-12-17,2.361,2.361,0.0,1.0
2012-12-18,2.366,2.366,0.0,1.0
2012-12-19,2.363,2.363,0.0,1.0
2012-12-20,2.363,2.363,0.0,1.0
2012-12-21,2.347,2.347,0.0,1.0
2012-12-24,2.369,2.369,0.0,1.0
2012-12-25,2.447,2.447,0.0,1.0
2012-12-26,2.447,2.447,0.0,1.0
2012-12-27,2.43,2.43,0.0,1.0
2012-12-28,2.473,2.473,0.0,1.0
2012-12-31,2.526,2.526,0.0,1.0
2013-01-04,2.556,2.556,0.0,1.0
2013-01-07,2.574,2.574,0.0,1.0
2013-01-08,2.539,2.539,0.0,1.0
2013-01-09,2.526,2.526,0.0,1.0
2013-01-10,2.525,2.525,0.0,1.0
2013-01-11,2.478,2.478,0.0,1.0
2013-01-14,2.583,2.583,0.0,1.0
2013-01-15,2.585,2.585,0.0,1.0
2013-01-16,2.544,2.544,0.0,1.0
2013-01-17,2.526,2.526,0.0,1.0
2013-01-18,2.573,2.573,0.0,1.0
2013-01-21,2.59,2.59,0.0,1.0
2013-01-22,2.596,2.596,0.0,1.0
2013-01-23,2.612,2.612,0.0,1.0
2013-01-24,2.603,2.603,0.0,1.0
2013-01-25,2.589,2.589,0.0,1.0
2013-01-28,2.688,2.688,0.0,1.0
2013-01-29,2.711,2.711,0.0,1.0
2013-01-30,2.73,2.73,0.0,1.0
2013-01-31,2.735,2.735,0.0,1.0
2013-02-01,2.816,2.816,0.0,1.0
2013-02-04,2.826,2.826,0.0,1.0
2013-02-05,2.833,2.833,0.0,1.0
2013-02-06,2.838,2.838,0.0,1.0
2013-02-07,2.785,2.785,0.0,1.0
2013-02-08,2.779,2.779,0.0,1.0
2013-02-18,2.756,2.756,0.0,1.0
2013-02-19,2.71,2.71,0.0,1.0
2013-02-20,2.7,2.7,0.0,1.0
2013-02-21,2.592,2.592,0.0,1.0
2013-02-22,2.561,2.561,0.0,1.0
2013-02-25,2.574,2.574,0.0,1.0
2013-02-26,2.542,2.542,0.0,1.0
2013-02-27,2.568,2.568,0.0,1.0
2013-02-28,2.661,2.661,0.0,1.0
2013-03-01,2.647,2.647,0.0,1.0
2013-03-04,2.499,2.499,0.0,1.0
2013-03-05,2.597,2.597,0.0,1.0
2013-03-06,2.627,2.627,0.0,1.0
2013-03-07,2.583,2.583,0.0,1.0
2013-03-08,2.597,2.597,0.0,1.0
2013-03-11,2.557,2.557,0.0,1.0
2013-03-12,2.52,2.52,0.0,1.0
2013-03-13,2.489,2.489,0.0,1.0
2013-03-14,2.498,2.498,0.0,1.0
2013-03-15,2.498,2.498,0.0,1.0
2013-03-18,2.476,2.476,0.0,1.0
2013-03-19,2.51,2.51,0.0,1.0
2013-03-20,2.606,2.606,0.0,1.0
2013-03-21,2.598,2.598,0.0,1.0
2013-03-22,2.608,2.608,0.0,1.0
2013-03-25,2.6,2.6,0.0,1.0
2013-03-26,2.547,2.547,0.0,1.0
2013-03-27,2.561,2.561,0.0,1.0
2013-03-28,2.445,2.445,0.0,1.0
2013-03-29,2.458,2.458,0.0,1.0
2013-04-01,2.454,2.454,0.0,1.0
2013-04-02,2.454,2.454,0.0,1.0
2013-04-03,2.464,2.464,0.0,1.0
2013-04-08,2.441,2.441,0.0,1.0
2013-04-09,2.463,2.463,0.0,1.0
2013-04-10,2.46,2.46,0.0,1.0
2013-04-11,2.459,2.459,0.0,1.0
2013-04-12,2.445,2.445,0.0,1.0
2013-04-15,2.43,2.43,0.0,1.0
2013-04-16,2.447,2.447,0.0,1.0
2013-04-17,2.427,2.427,0.0,1.0
2013-04-18,2.442,2.442,0.0,1.0
2013-04-19,2.523,2.523,0.0,1.0
2013-04-22,2.52,2.52,0.0,1.0
2013-04-23,2.437,2.437,0.0,1.0
2013-04-24,2.476,2.476,0.0,1.0
2013-04-25,2.452,2.452,0.0,1.0
2013-04-26,2.44,2.44,0.0,1.0
2013-05-02,2.445,2.445,0.0,1.0
2013-05-03,2.491,2.491,0.0,1.0
2013-05-06,2.515,2.515,0.0,1.0
2013-05-07,2.508,2.508,0.0,1.0
2013-05-08,2.524,2.524,0.0,1.0
2013-05-09,2.498,2.498,0.0,1.0
2013-05-10,2.513,2.513,0.0,1.0
2013-05-13,2.503,2.503,0.0,1.0
2013-05-14,2.472,2.472,0.0,1.0
2013-05-15,2.476,2.476,0.0,1.0
2013-05-16,2.522,2.522,0.0,1.0
2013-05-17,2.554,2.554,0.0,1.0
2013-05-20,2.575,2.575,0.0,1.0
2013-05-21,2.561,2.561,0.0,1.0
2013-05-22,2.567,2.567,0.0,1.0
2013-05-23,2.522,2.522,0.0,1.0
2013-05-24,2.524,2.524,0.0,1.0
2013-05-27,2.524,2.524,0.0,1.0
2013-05-28,2.578,2.578,0.0,1.0
2013-05-29,2.57,2.57,0.0,1.0
2013-05-30,2.563,2.563,0.0,1.0
2013-05-31,2.536,2.536,0.0,1.0
2013-06-03,2.536,2.536,0.0,1.0
2013-06-04,2.515,2.515,0.0,1.0
2013-06-05,2.495,2.495,0.0,1.0
2013-06-06,2.465,2.465,0.0,1.0
2013-06-07,2.43,2.43,0.0,1.0
2013-06-13,2.342,2.342,0.0,1.0
2013-06-14,2.361,2.361,0.0,1.0
2013-06-17,2.358,2.358,0.0,1.0
2013-06-18,2.359,2.359,0.0,1.0
2013-06-19,2.332,2.332,0.0,1.0
2013-06-20,2.256,2.256,0.0,1.0
2013-06-21,2.257,2.257,0.0,1.0
2013-06-24,2.106,2.106,0.0,1.0
2013-06-25,2.106,2.106,0.0,1.0
2013-06-26,2.074,2.074,0.0,1.0
2013-06-27,2.103,2.103,0.0,1.0
2013-06-28,2.167,2.167,0.0,1.0
2013-07-01,2.158,2.158,0.0,1.0
2013-07-02,2.149,2.149,0.0,1.0
2013-07-03,2.128,2.128,0.0,1.0
2013-07-04,2.15,2.15,0.0,1.0
2013-07-05,2.163,2.163,0.0,1.0
2013-07-08,2.118,2.118,0.0,1.0
2013-07-09,2.127,2.127,0.0,1.0
2013-07-10,2.175,2.175,0.0,1.0
2013-07-11,2.305,2.305,0.0,1.0
2013-07-12,2.238,2.238,0.0,1.0
2013-07-15,2.251,2.251,0.0,1.0
2013-07-16,2.243,2.243,0.0,1.0
2013-07-17,2.231,2.231,0.0,1.0
2013-07-18,2.189,2.189,0.0,1.0
2013-07-19,2.14,2.14,0.0,1.0
2013-07-22,2.139,2.139,0.0,1.0
2013-07-23,2.19,2.19,0.0,1.0
2013-07-24,2.163,2.163,0.0,1.0
2013-07-25,2.156,2.156,0.0,1.0
2013-07-26,2.148,2.148,0.0,1.0
2013-07-29,2.097,2.097,0.0,1.0
2013-07-30,2.126,2.126,0.0,1.0
2013-07-31,2.128,2.128,0.0,1.0
2013-08-01,2.161,2.161,0.0,1.0
2013-08-02,2.172,2.172,0.0,1.0
2013-08-05,2.188,2.188,0.0,1.0
2013-08-06,2.19,2.19,0.0,1.0
2013-08-07,2.181,2.181,0.0,1.0
2013-08-08,2.171,2.171,0.0,1.0
2013-08-09,2.178,2.178,0.0,1.0
2013-08-12,2.25,2.25,0.0,1.0
2013-08-13,2.272,2.272,0.0,1.0
2013-08-14,2.265,2.265,0.0,1.0
2013-08-15,2.245,2.245,0.0,1.0
2013-08-16,2.253,2.253,0.0,1.0
2013-08-19,2.276,2.276,0.0,1.0
2013-08-20,2.263,2.263,0.0,1.0
2013-08-21,2.246,2.246,0.0,1.0
2013-08-22,2.238,2.238,0.0,1.0
2013-08-23,2.22,2.22,0.0,1.0
2013-08-26,2.262,2.262,0.0,1.0
2013-08-27,2.255,2.255,0.0,1.0
2013-08-28,2.25,2.25,0.0,1.0
2013-08-29,2.247,2.247,0.0,1.0
2013-08-30,2.257,2.257,0.0,1.0
2013-09-02,2.256,2.256,0.0,1.0
2013-09-03,2.299,2.299,0.0,1.0
2013-09-04,2.294,2.294,0.0,1.0
2013-09-05,2.291,2.291,0.0,1.0
2013-09-06,2.316,2.316,0.0,1.0
2013-09-09,2.449,2.449,0.0,1.0
2013-09-10,2.484,2.484,0.0,1.0
2013-09-11,2.489,2.489,0.0,1.0
2013-09-12,2.54,2.54,0.0,1.0
2013-09-13,2.5,2.5,0.0,1.0
2013-09-16,2.488,2.488,0.0,1.0
2013-09-17,2.431,2.431,0.0,1.0
2013-09-18,2.437,2.437,0.0,1.0
2013-09-23,2.45,2.45,0.0,1.0
2013-09-24,2.394,2.394,0.0,1.0
2013-09-25,2.373,2.373,0.0,1.0
2013-09-26,2.325,2.325,0.0,1.0
2013-09-27,2.329,2.329,0.0,1.0
2013-09-30,2.335,2.335,0.0,1.0
2013-10-08,2.358,2.358,0.0,1.0
2013-10-09,2.37,2.37,0.0,1.0
2013-10-10,2.339,2.339,0.0,1.0
2013-10-11,2.39,2.39,0.0,1.0
2013-10-14,2.386,2.386,0.0,1.0
2013-10-15,2.37,2.37,0.0,1.0
2013-10-16,2.335,2.335,0.0,1.0
2013-10-17,2.326,2.326,0.0,1.0
2013-10-18,2.333,2.333,0.0,1.0
2013-10-21,2.365,2.365,0.0,1.0
2013-10-22,2.337,2.337,0.0,1.0
2013-10-23,2.335,2.335,0.0,1.0
2013-10-24,2.319,2.319,0.0,1.0
2013-10-25,2.312,2.312,0.0,1.0
2013-10-28,2.315,2.315,0.0,1.0
2013-10-29,2.354,2.354,0.0,1.0
2013-10-30,2.392,2.392,0.0,1.0
2013-10-31,2.359,2.359,0.0,1.0
2013-11-01,2.385,2.385,0.0,1.0
2013-11-04,2.376,2.376,0.0,1.0
2013-11-05,2.363,2.363,0.0,1.0
2013-11-06,2.334,2.334,0.0,1.0
2013-11-07,2.332,2.332,0.0,1.0
2013-11-08,2.311,2.311,0.0,1.0
2013-11-11,2.316,2.316,0.0,1.0
2013-11-12,2.342,2.342,0.0,1.0
2013-11-13,2.282,2.282,0.0,1.0
2013-11-14,2.278,2.278,0.0,1.0
2013-11-15,2.319,2.319,0.0,1.0
2013-11-18,2.414,2.414,0.0,1.0
2013-11-19,2.395,2.395,0.0,1.0
2013-11-20,2.403,2.403,0.0,1.0
2013-11-21,2.386,2.386,0.0,1.0
2013-11-22,2.374,2.374,0.0,1.0
2013-11-25,2.371,2.371,0.0,1.0
2013-11-26,2.361,2.361,0.0,1.0
2013-11-27,2.381,2.381,0.0,1.0
2013-11-28,2.403,2.403,0.0,1.0
2013-11-29,2.401,2.401,0.0,1.0
2013-12-02,2.422,2.422,0.0,1.0
2013-12-03,2.429,2.429,0.0,1.0
2013-12-04,2.46,2.46,0.0,1.0
2013-12-05,2.45,2.45,0.0,1.0
2013-12-06,2.429,2.429,0.0,1.0
2013-12-09,2.422,2.422,0.0,1.0
2013-12-10,2.429,2.429,0.0,1.0
2013-12-11,2.388,2.388,0.0,1.0
2013-12-12,2.376,2.376,0.0,1.0
2013-12-13,2.365,2.365,0.0,1.0
2013-12-16,2.339,2.339,0.0,1.0
2013-12-17,2.327,2.327,0.0,1.0
2013-12-18,2.326,2.326,0.0,1.0
2013-12-19,2.3,2.3,0.0,1.0
2013-12-20,2.234,2.234,0.0,1.0
2013-12-23,2.24,2.24,0.0,1.0
2013-12-24,2.235,2.235,0.0,1.0
2013-12-25,2.25,2.25,0.0,1.0
2013-12-26,2.215,2.215,0.0,1.0
2013-12-27,2.253,2.253,0.0,1.0
2013-12-30,2.251,2.251,0.0,1.0
2013-12-31,2.29,2.29,0.0,1.0
2014-01-02,2.264,2.264,0.0,1.0
2014-01-03,2.226,2.226,0.0,1.0
2014-01-06,2.186,2.186,0.0,1.0
2014-01-07,2.181,2.181,0.0,1.0
2014-01-08,2.181,2.181,0.0,1.0
2014-01-09,2.182,2.182,0.0,1.0
2014-01-10,2.175,2.175,0.0,1.0
2014-01-13,2.175,2.175,0.0,1.0
2014-01-14,2.184,2.184,0.0,1.0
2014-01-15,2.171,2.171,0.0,1.0
2014-01-16,2.178,2.178,0.0,1.0
2014-01-17,2.151,2.151,0.0,1.0
2014-01-20,2.139,2.139,0.0,1.0
2014-01-21,2.155,2.155,0.0,1.0
2014-01-22,2.203,2.203,0.0,1.0
2014-01-23,2.18,2.18,0.0,1.0
2014-01-24,2.183,2.183,0.0,1.0
2014-01-27,2.152,2.152,0.0,1.0
2014-01-28,2.166,2.166,0.0,1.0
2014-01-29,2.181,2.181,0.0,1.0
2014-01-30,2.16,2.16,0.0,1.0
2014-02-07,2.149,2.149,0.0,1.0
2014-02-10,2.189,2.189,0.0,1.0
2014-02-11,2.218,2.218,0.0,1.0
2014-02-12,2.216,2.216,0.0,1.0
2014-02-13,2.226,2.226,0.0,1.0
2014-02-14,2.225,2.225,0.0,1.0
2014-02-17,2.225,2.225,0.0,1.0
2014-02-18,2.189,2.189,0.0,1.0
2014-02-19,2.23,2.23,0.0,1.0
2014-02-20,2.22,2.22,0.0,1.0
2014-02-21,2.196,2.196,0.0,1.0
2014-02-24,2.136,2.136,0.0,1.0
2014-02-25,2.104,2.104,0.0,1.0
2014-02-26,2.11,2.11,0.0,1.0
2014-02-27,2.129,2.129,0.0,1.0
2014-02-28,2.132,2.132,0.0,1.0
2014-03-03,2.122,2.122,0.0,1.0
2014-03-04,2.134,2.134,0.0,1.0
2014-03-05,2.105,2.105,0.0,1.0
2014-03-06,2.122,2.122,0.0,1.0
2014-03-07,2.112,2.112,0.0,1.0
2014-03-10,2.053,2.053,0.0,1.0
2014-03-11,2.051,2.051,0.0,1.0
2014-03-12,2.069,2.069,0.0,1.0
2014-03-13,2.092,2.092,0.0,1.0
2014-03-14,2.078,2.078,0.0,1.0
2014-03-17,2.087,2.087,0.0,1.0
2014-03-18,2.079,2.079,0.0,1.0
2014-03-19,2.072,2.072,0.0,1.0
2014-03-20,2.063,2.063,0.0,1.0
2014-03-21,2.148,2.148,0.0,1.0
2014-03-24,2.169,2.169,0.0,1.0
2014-03-25,2.162,2.162,0.0,1.0
2014-03-26,2.153,2.153,0.0,1.0
2014-03-27,2.162,2.162,0.0,1.0
2014-03-28,2.176,2.176,0.0,1.0
2014-03-31,2.168,2.168,0.0,1.0
2014-04-01,2.175,2.175,0.0,1.0
2014-04-02,2.208,2.208,0.0,1.0
2014-04-03,2.18,2.18,0.0,1.0
2014-04-04,2.197,2.197,0.0,1.0
2014-04-08,2.261,2.261,0.0,1.0
2014-04-09,2.256,2.256,0.0,1.0
2014-04-10,2.304,2.304,0.0,1.0
2014-04-11,2.299,2.299,0.0,1.0
2014-04-14,2.283,2.283,0.0,1.0
2014-04-15,2.234,2.234,0.0,1.0
2014-04-16,2.239,2.239,0.0,1.0
2014-04-17,2.23,2.23,0.0,1.0
2014-04-18,2.225,2.225,0.0,1.0
2014-04-21,2.192,2.192,0.0,1.0
2014-04-22,2.216,2.216,0.0,1.0
2014-04-23,2.215,2.215,0.0,1.0
2014-04-24,2.223,2.223,0.0,1.0
2014-04-25,2.218,2.218,0.0,1.0
2014-04-28,2.201,2.201,0.0,1.0
2014-04-29,2.21,2.21,0.0,1.0
2014-04-30,2.207,2.207,0.0,1.0
2014-05-05,2.193,2.193,0.0,1.0
2014-05-06,2.19,2.19,0.0,1.0
2014-05-07,2.178,2.178,0.0,1.0
2014-05-08,2.181,2.181,0.0,1.0
2014-05-09,2.181,2.181,0.0,1.0
2014-05-12,2.212,2.212,0.0,1.0
2014-05-13,2.209,2.209,0.0,1.0
2014-05-14,2.207,2.207,0.0,1.0
2014-05-15,2.2,2.2,0.0,1.0
2014-05-16,2.197,2.197,0.0,1.0
2014-05-19,2.166,2.166,0.0,1.0
2014-05-20,2.164,2.164,0.0,1.0
2014-05-21,2.185,2.185,0.0,1.0
2014-05-22,2.184,2.184,0.0,1.0
2014-05-23,2.201,2.201,0.0,1.0
2014-05-26,2.206,2.206,0.0,1.0
2014-05-27,2.198,2.198,0.0,1.0
2014-05-28,2.21,2.21,0.0,1.0
2014-05-29,2.211,2.211,0.0,1.0
2014-05-30,2.202,2.202,0.0,1.0
2014-06-03,2.21,2.21,0.0,1.0
2014-06-04,2.177,2.177,0.0,1.0
2014-06-05,2.205,2.205,0.0,1.0
2014-06-06,2.195,2.195,0.0,1.0
2014-06-09,2.202,2.202,0.0,1.0
2014-06-10,2.223,2.223,0.0,1.0
2014-06-11,2.221,2.221,0.0,1.0
2014-06-12,2.211,2.211,0.0,1.0
2014-06-13,2.24,2.24,0.0,1.0
2014-06-16,2.264,2.264,0.0,1.0
2014-06-17,2.246,2.246,0.0,1.0
2014-06-18,2.236,2.236,0.0,1.0
2014-06-19,2.215,2.215,0.0,1.0
2014-06-20,2.229,2.229,0.0,1.0
2014-06-23,2.215,2.215,0.0,1.0
2014-06-24,2.219,2.219,0.0,1.0
2014-06-25,2.213,2.213,0.0,1.0
2014-06-26,2.223,2.223,0.0,1.0
2014-06-27,2.219,2.219,0.0,1.0
2014-06-30,2.231,2.231,0.0,1.0
2014-07-01,2.228,2.228,0.0,1.0
2014-07-02,2.238,2.238,0.0,1.0
2014-07-03,2.251,2.251,0.0,1.0
2014-07-04,2.255,2.255,0.0,1.0
2014-07-07,2.257,2.257,0.0,1.0
2014-07-08,2.258,2.258,0.0,1.0
2014-07-09,2.235,2.235,0.0,1.0
2014-07-10,2.233,2.233,0.0,1.0
2014-07-11,2.244,2.244,0.0,1.0
2014-07-14,2.267,2.267,0.0,1.0
2014-07-15,2.268,2.268,0.0,1.0
2014-07-16,2.269,2.269,0.0,1.0
2014-07-17,2.264,2.264,0.0,1.0
2014-07-18,2.272,2.272,0.0,1.0
2014-07-21,2.272,2.272,0.0,1.0
2014-07-22,2.3,2.3,0.0,1.0
2014-07-23,2.317,2.317,0.0,1.0
2014-07-24,2.372,2.372,0.0,1.0
2014-07-25,2.398,2.398,0.0,1.0
2014-07-28,2.479,2.479,0.0,1.0
2014-07-29,2.492,2.492,0.0,1.0
2014-07-30,2.471,2.471,0.0,1.0
2014-07-31,2.505,2.505,0.0,1.0
2014-08-01,2.489,2.489,0.0,1.0
2014-08-04,2.535,2.535,0.0,1.0
2014-08-05,2.515,2.515,0.0,1.0
2014-08-06,2.488,2.488,0.0,1.0
2014-08-07,2.449,2.449,0.0,1.0
2014-08-08,2.451,2.451,0.0,1.0
2014-08-11,2.487,2.487,0.0,1.0
2014-08-12,2.473,2.473,0.0,1.0
2014-08-13,2.469,2.469,0.0,1.0
2014-08-14,2.458,2.458,0.0,1.0
2014-08-15,2.479,2.479,0.0,1.0
2014-08-18,2.487,2.487,0.0,1.0
2014-08-19,2.479,2.479,0.0,1.0
2014-08-20,2.467,2.467,0.0,1.0
2014-08-21,2.443,2.443,0.0,1.0
2014-08-22,2.458,2.458,0.0,1.0
2014-08-25,2.446,2.446,0.0,1.0
2014-08-26,2.433,2.433,0.0,1.0
2014-08-27,2.43,2.43,0.0,1.0
2014-08-28,2.419,2.419,0.0,1.0
2014-08-29,2.441,2.441,0.0,1.0
2014-09-01,2.447,2.447,0.0,1.0
2014-09-02,2.48,2.48,0.0,1.0
2014-09-03,2.498,2.498,0.0,1.0
2014-09-04,2.523,2.523,0.0,1.0
2014-09-05,2.544,2.544,0.0,1.0
2014-09-09,2.532,2.532,0.0,1.0
2014-09-10,2.504,2.504,0.0,1.0
2014-09-11,2.497,2.497,0.0,1.0
2014-09-12,2.508,2.508,0.0,1.0
2014-09-15,2.501,2.501,0.0,1.0
2014-09-16,2.48,2.48,0.0,1.0
2014-09-17,2.49,2.49,0.0,1.0
2014-09-18,2.492,2.492,0.0,1.0
2014-09-19,2.508,2.508,0.0,1.0
2014-09-22,2.455,2.455,0.0,1.0
2014-09-23,2.465,2.465,0.0,1.0
2014-09-24,2.507,2.507,0.0,1.0
2014-09-25,2.491,2.491,0.0,1.0
2014-09-26,2.482,2.482,0.0,1.0
2014-09-29,2.496,2.496,0.0,1.0
2014-09-30,2.494,2.494,0.0,1.0
2014-10-08,2.512,2.512,0.0,1.0
2014-10-09,2.52,2.52,0.0,1.0
2014-10-10,2.505,2.505,0.0,1.0
2014-10-13,2.482,2.482,0.0,1.0
2014-10-14,2.477,2.477,0.0,1.0
2014-10-15,2.491,2.491,0.0,1.0
2014-10-16,2.495,2.495,0.0,1.0
2014-10-17,2.484,2.484,0.0,1.0
2014-10-20,2.491,2.491,0.0,1.0
2014-10-21,2.479,2.479,0.0,1.0
2014-10-22,2.476,2.476,0.0,1.0
2014-10-23,2.467,2.467,0.0,1.0
2014-10-24,2.458,2.458,0.0,1.0
2014-10-27,2.422,2.422,0.0,1.0
2014-10-28,2.462,2.462,0.0,1.0
2014-10-29,2.504,2.504,0.0,1.0
2014-10-30,2.536,2.536,0.0,1.0
2014-10-31,2.593,2.593,0.0,1.0
2014-11-03,2.598,2.598,0.0,1.0
2014-11-04,2.602,2.602,0.0,1.0
2014-11-05,2.585,2.585,0.0,1.0
2014-11-06,2.585,2.585,0.0,1.0
2014-11-07,2.583,2.583,0.0,1.0
2014-11-10,2.656,2.656,0.0,1.0
2014-11-11,2.69,2.69,0.0,1.0
2014-11-12,2.708,2.708,0.0,1.0
2014-11-13,2.709,2.709,0.0,1.0
2014-11-14,2.706,2.706,0.0,1.0
2014-11-17,2.673,2.673,0.0,1.0
2014-11-18,2.628,2.628,0.0,1.0
2014-11-19,2.614,2.614,0.0,1.0
2014-11-20,2.622,2.622,0.0,1.0
2014-11-21,2.668,2.668,0.0,1.0
2014-11-24,2.722,2.722,0.0,1.0
2014-11-25,2.756,2.756,0.0,1.0
2014-11-26,2.81,2.81,0.0,1.0
2014-11-27,2.834,2.834,0.0,1.0
2014-11-28,2.973,2.973,0.0,1.0
2014-12-01,2.969,2.969,0.0,1.0
2014-12-02,3.115,3.115,0.0,1.0
2014-12-03,3.122,3.122,0.0,1.0
2014-12-04,3.312,3.312,0.0,1.0
2014-12-05,3.307,3.307,0.0,1.0
2014-12-08,3.473,3.473,0.0,1.0
2014-12-09,3.199,3.199,0.0,1.0
2014-12-10,3.343,3.343,0.0,1.0
2014-12-11,3.295,3.295,0.0,1.0
2014-12-12,3.278,3.278,0.0,1.0
2014-12-15,3.28,3.28,0.0,1.0
2014-12-16,3.391,3.391,0.0,1.0
2014-12-17,3.54,3.54,0.0,1.0
2014-12-18,3.539,3.539,0.0,1.0
2014-12-19,3.631,3.631,0.0,1.0
2014-12-22,3.75,3.75,0.0,1.0
2014-12-23,3.63,3.63,0.0,1.0
2014-12-24,3.49,3.49,0.0,1.0
2014-12-25,3.63,3.63,0.0,1.0
2014-12-26,3.764,3.764,0.0,1.0
2014-12-29,3.835,3.835,0.0,1.0
2014-12-30,3.85,3.85,0.0,1.0
2014-12-31,3.971,3.971,0.0,1.0
2015-01-05,4.118,4.118,0.0,1.0
2015-01-06,4.056,4.056,0.0,1.0
2015-01-07,4.019,4.019,0.0,1.0
2015-01-08,3.897,3.897,0.0,1.0
2015-01-09,3.94,3.94,0.0,1.0
2015-01-12,3.9,3.9,0.0,1.0
2015-01-13,3.885,3.885,0.0,1.0
2015-01-14,3.87,3.87,0.0,1.0
2015-01-15,4.06,4.06,0.0,1.0
2015-01-16,4.072,4.072,0.0,1.0
2015-01-19,3.67,3.67,0.0,1.0
2015-01-20,3.73,3.73,0.0,1.0
2015-01-21,3.932,3.932,0.0,1.0
2015-01-22,3.901,3.901,0.0,1.0
2015-01-23,3.945,3.945,0.0,1.0
2015-01-26,3.934,3.934,0.0,1.0
2015-01-27,3.876,3.876,0.0,1.0
2015-01-28,3.809,3.809,0.0,1.0
2015-01-29,3.736,3.736,0.0,1.0
2015-01-30,3.703,3.703,0.0,1.0
2015-02-02,3.57,3.57,0.0,1.0
2015-02-03,3.665,3.665,0.0,1.0
2015-02-04,3.61,3.61,0.0,1.0
2015-02-05,3.57,3.57,0.0,1.0
2015-02-06,3.5,3.5,0.0,1.0
2015-02-09,3.533,3.533,0.0,1.0
2015-02-10,3.6,3.6,0.0,1.0
2015-02-11,3.619,3.619,0.0,1.0
2015-02-12,3.638,3.638,0.0,1.0
2015-02-13,3.649,3.649,0.0,1.0
2015-02-16,3.651,3.651,0.0,1.0
2015-02-17,3.685,3.685,0.0,1.0
2015-02-25,3.634,3.634,0.0,1.0
2015-02-26,3.739,3.739,0.0,1.0
2015-02-27,3.724,3.724,0.0,1.0
2015-03-02,3.735,3.735,0.0,1.0
2015-03-03,3.626,3.626,0.0,1.0
2015-03-04,3.616,3.616,0.0,1.0
2015-03-05,3.548,3.548,0.0,1.0
2015-03-06,3.552,3.552,0.0,1.0
2015-03-09,3.684,3.684,0.0,1.0
2015-03-10,3.621,3.621,0.0,1.0
2015-03-11,3.633,3.633,0.0,1.0
2015-03-12,3.777,3.777,0.0,1.0
2015-03-13,3.791,3.791,0.0,1.0
2015-03-16,3.869,3.869,0.0,1.0
2015-03-17,3.918,3.918,0.0,1.0
2015-03-18,4.022,4.022,0.0,1.0
2015-03-19,4.011,4.011,0.0,1.0
2015-03-20,4.044,4.044,0.0,1.0
2015-03-23,4.115,4.115,0.0,1.0
2015-03-24,4.1,4.1,0.0,1.0
2015-03-25,4.021,4.021,0.0,1.0
2015-03-26,4.052,4.052,0.0,1.0
2015-03-27,4.067,4.067,0.0,1.0
2015-03-30,4.243,4.243,0.0,1.0
2015-03-31,4.17,4.17,0.0,1.0
2015-04-01,4.213,4.213,0.0,1.0
2015-04-02,4.185,4.185,0.0,1.0
2015-04-03,4.206,4.206,0.0,1.0
2015-04-07,4.3,4.3,0.0,1.0
2015-04-08,4.377,4.377,0.0,1.0
2015-04-09,4.345,4.345,0.0,1.0
2015-04-10,4.439,4.439,0.0,1.0
2015-04-13,4.573,4.573,0.0,1.0
2015-04-14,4.59,4.59,0.0,1.0
2015-04-15,4.677,4.677,0.0,1.0
2015-04-16,4.81,4.81,0.0,1.0
2015-04-17,4.927,4.927,0.0,1.0
2015-04-20,4.85,4.85,0.0,1.0
2015-04-21,4.846,4.846,0.0,1.0
2015-04-22,4.949,4.949,0.0,1.0
2015-04-23,4.9,4.9,0.0,1.0
2015-04-24,4.86,4.86,0.0,1.0
2015-04-27,5.041,5.041,0.0,1.0
2015-04-28,5.071,5.071,0.0,1.0
2015-04-29,5.039,5.039,0.0,1.0
2015-04-30,5.04,5.04,0.0,1.0
2015-05-04,5.045,5.045,0.0,1.0
2015-05-05,4.86,4.86,0.0,1.0
2015-05-06,4.812,4.812,0.0,1.0
2015-05-07,4.698,4.698,0.0,1.0
2015-05-08,4.717,4.717,0.0,1.0
2015-05-11,4.859,4.859,0.0,1.0
2015-05-12,4.87,4.87,0.0,1.0
2015-05-13,4.776,4.776,0.0,1.0
2015-05-14,4.764,4.764,0.0,1.0
2015-05-15,4.68,4.68,0.0,1.0
2015-05-18,4.566,4.566,0.0,1.0
2015-05-19,4.745,4.745,0.0,1.0
2015-05-20,4.751,4.751,0.0,1.0
2015-05-21,4.82,4.82,0.0,1.0
2015-05-22,4.935,4.935,0.0,1.0
2015-05-25,5.091,5.091,0.0,1.0
2015-05-26,5.112,5.112,0.0,1.0
2015-05-27,5.06,5.06,0.0,1.0
2015-05-28,4.736,4.736,0.0,1.0
2015-05-29,4.775,4.775,0.0,1.0
2015-06-01,4.97,4.97,0.0,1.0
2015-06-02,4.994,4.994,0.0,1.0
2015-06-03,5.03,5.03,0.0,1.0
2015-06-04,5.135,5.135,0.0,1.0
2015-06-05,5.183,5.183,0.0,1.0
2015-06-08,5.444,5.444,0.0,1.0
2015-06-09,5.39,5.39,0.0,1.0
2015-06-10,5.282,5.282,0.0,1.0
2015-06-11,5.28,5.28,0.0,1.0
2015-06-12,5.286,5.286,0.0,1.0
2015-06-15,5.188,5.188,0.0,1.0
2015-06-16,5.08,5.08,0.0,1.0
2015-06-17,5.119,5.119,0.0,1.0
2015-06-18,4.952,4.952,0.0,1.0
2015-06-19,4.66,4.66,0.0,1.0
2015-06-23,4.8,4.8,0.0,1.0
2015-06-24,4.925,4.925,0.0,1.0
2015-06-25,4.797,4.797,0.0,1.0
2015-06-26,4.488,4.488,0.0,1.0
2015-06-29,4.478,4.478,0.0,1.0
2015-06-30,4.75,4.75,0.0,1.0
2015-07-01,4.54,4.54,0.0,1.0
2015-07-02,4.584,4.584,0.0,1.0
2015-07-03,4.293,4.293,0.0,1.0
2015-07-06,4.656,4.656,0.0,1.0
2015-07-07,4.655,4.655,0.0,1.0
2015-07-08,4.19,4.19,0.0,1.0
2015-07-09,4.585,4.585,0.0,1.0
2015-07-10,4.927,4.927,0.0,1.0
2015-07-13,4.787,4.787,0.0,1.0
2015-07-14,4.559,4.559,0.0,1.0
2015-07-15,4.47,4.47,0.0,1.0
2015-07-16,4.468,4.468,0.0,1.0
2015-07-17,4.597,4.597,0.0,1.0
2015-07-20,4.526,4.526,0.0,1.0
2015-07-21,4.538,4.538,0.0,1.0
2015-07-22,4.54,4.54,0.0,1.0
2015-07-23,4.557,4.557,0.0,1.0
2015-07-24,4.547,4.547,0.0,1.0
2015-07-27,4.164,4.164,0.0,1.0
2015-07-28,4.278,4.278,0.0,1.0
2015-07-29,4.254,4.254,0.0,1.0
2015-07-30,4.125,4.125,0.0,1.0
2015-07-31,3.99,3.99,0.0,1.0
2015-08-03,4.058,4.058,0.0,1.0
2015-08-04,4.2,4.2,0.0,1.0
2015-08-05,4.211,4.211,0.0,1.0
2015-08-06,4.14,4.14,0.0,1.0
2015-08-07,4.15,4.15,0.0,1.0
2015-08-10,4.32,4.32,0.0,1.0
2015-08-11,4.27,4.27,0.0,1.0
2015-08-12,4.225,4.225,0.0,1.0
2015-08-13,4.259,4.259,0.0,1.0
2015-08-14,4.274,4.274,0.0,1.0
2015-08-17,4.219,4.219,0.0,1.0
2015-08-18,4.0,4.0,0.0,1.0
2015-08-19,4.063,4.063,0.0,1.0
2015-08-20,4.023,4.023,0.0,1.0
2015-08-21,3.8,3.8,0.0,1.0
2015-08-24,3.49,3.49,0.0,1.0
2015-08-25,3.215,3.215,0.0,1.0
2015-08-26,3.291,3.291,0.0,1.0
2015-08-27,3.6,3.6,0.0,1.0
2015-08-28,3.707,3.707,0.0,1.0
2015-08-31,3.69,3.69,0.0,1.0
2015-09-01,3.75,3.75,0.0,1.0
2015-09-02,3.648,3.648,0.0,1.0
2015-09-07,3.58,3.58,0.0,1.0
2015-09-08,3.628,3.628,0.0,1.0
2015-09-09,3.703,3.703,0.0,1.0
2015-09-10,3.759,3.759,0.0,1.0
2015-09-11,3.72,3.72,0.0,1.0
2015-09-14,3.681,3.681,0.0,1.0
2015-09-15,3.629,3.629,0.0,1.0
2015-09-16,3.727,3.727,0.0,1.0
2015-09-17,3.736,3.736,0.0,1.0
2015-09-18,3.797,3.797,0.0,1.0
2015-09-21,3.768,3.768,0.0,1.0
2015-09-22,3.79,3.79,0.0,1.0
2015-09-23,3.668,3.668,0.0,1.0
2015-09-24,3.749,3.749,0.0,1.0
2015-09-25,3.623,3.623,0.0,1.0
2015-09-28,3.7,3.7,0.0,1.0
2015-09-29,3.583,3.583,0.0,1.0
2015-09-30,3.61,3.61,0.0,1.0
2015-10-08,3.649,3.649,0.0,1.0
2015-10-09,3.684,3.684,0.0,1.0
2015-10-12,3.79,3.79,0.0,1.0
2015-10-13,3.76,3.76,0.0,1.0
2015-10-14,3.742,3.742,0.0,1.0
2015-10-15,3.81,3.81,0.0,1.0
2015-10-16,3.848,3.848,0.0,1.0
2015-10-19,3.873,3.873,0.0,1.0
2015-10-20,3.85,3.85,0.0,1.0
2015-10-21,3.81,3.81,0.0,1.0
2015-10-22,3.824,3.824,0.0,1.0
2015-10-23,3.868,3.868,0.0,1.0
2015-10-26,3.859,3.859,0.0,1.0
2015-10-27,3.784,3.784,0.0,1.0
2015-10-28,3.793,3.793,0.0,1.0
2015-10-29,3.838,3.838,0.0,1.0
2015-10-30,3.807,3.807,0.0,1.0
2015-11-02,3.781,3.781,0.0,1.0
2015-11-03,3.806,3.806,0.0,1.0
2015-11-04,3.924,3.924,0.0,1.0
2015-11-05,4.066,4.066,0.0,1.0
2015-11-06,4.2,4.2,0.0,1.0
2015-11-09,4.217,4.217,0.0,1.0
2015-11-10,4.179,4.179,0.0,1.0
2015-11-11,4.12,4.12,0.0,1.0
2015-11-12,4.1,4.1,0.0,1.0
2015-11-13,4.073,4.073,0.0,1.0
2015-11-16,4.06,4.06,0.0,1.0
2015-11-17,4.06,4.06,0.0,1.0
2015-11-18,4.08,4.08,0.0,1.0
2015-11-19,4.081,4.081,0.0,1.0
2015-11-20,4.091,4.091,0.0,1.0
2015-11-23,4.077,4.077,0.0,1.0
2015-11-24,4.045,4.045,0.0,1.0
2015-11-25,4.069,4.069,0.0,1.0
2015-11-26,4.06,4.06,0.0,1.0
2015-11-27,3.89,3.89,0.0,1.0
2015-11-30,3.928,3.928,0.0,1.0
2015-12-01,3.945,3.945,0.0,1.0
2015-12-02,4.129,4.129,0.0,1.0
2015-12-03,4.144,4.144,0.0,1.0
2015-12-04,4.037,4.037,0.0,1.0
2015-12-07,4.027,4.027,0.0,1.0
2015-12-08,3.991,3.991,0.0,1.0
2015-12-09,3.996,3.996,0.0,1.0
2015-12-10,3.965,3.965,0.0,1.0
2015-12-11,3.92,3.92,0.0,1.0
2015-12-14,4.022,4.022,0.0,1.0
2015-12-15,3.981,3.981,0.0,1.0
2015-12-16,4.0,4.0,0.0,1.0
2015-12-17,4.065,4.065,0.0,1.0
2015-12-18,4.064,4.064,0.0,1.0
2015-12-21,4.185,4.185,0.0,1.0
2015-12-22,4.172,4.172,0.0,1.0
2015-12-23,4.188,4.188,0.0,1.0
2015-12-24,4.163,4.163,0.0,1.0
2015-12-25,4.155,4.155,0.0,1.0
2015-12-28,4.055,4.055,0.0,1.0
2015-12-29,4.08,4.08,0.0,1.0
2015-12-30,4.053,4.053,0.0,1.0
2015-12-31,4.044,4.044,0.0,1.0
2016-01-04,3.915,3.915,0.0,1.0
2016-01-05,3.857,3.857,0.0,1.0
2016-01-06,3.898,3.898,0.0,1.0
2016-01-07,3.898,3.898,0.0,1.0
2016-01-08,3.773,3.773,0.0,1.0
2016-01-11,3.62,3.62,0.0,1.0
2016-01-12,3.626,3.626,0.0,1.0
2016-01-13,3.642,3.642,0.0,1.0
2016-01-14,3.619,3.619,0.0,1.0
2016-01-15,3.539,3.539,0.0,1.0
2016-01-18,3.565,3.565,0.0,1.0
2016-01-19,3.61,3.61,0.0,1.0
2016-01-20,3.55,3.55,0.0,1.0
2016-01-21,3.487,3.487,0.0,1.0
2016-01-22,3.498,3.498,0.0,1.0
2016-01-25,3.508,3.508,0.0,1.0
2016-01-26,3.333,3.333,0.0,1.0
2016-01-27,3.361,3.361,0.0,1.0
2016-01-28,3.291,3.291,0.0,1.0
2016-01-29,3.386,3.386,0.0,1.0
2016-02-01,3.33,3.33,0.0,1.0
2016-02-02,3.368,3.368,0.0,1.0
2016-02-03,3.337,3.337,0.0,1.0
2016-02-04,3.367,3.367,0.0,1.0
2016-02-05,3.376,3.376,0.0,1.0
2016-02-15,3.349,3.349,0.0,1.0
2016-02-16,3.408,3.408,0.0,1.0
2016-02-17,3.437,3.437,0.0,1.0
2016-02-18,3.423,3.423,0.0,1.0
2016-02-19,3.401,3.401,0.0,1.0
2016-02-22,3.478,3.478,0.0,1.0
2016-02-23,3.448,3.448,0.0,1.0
2016-02-24,3.45,3.45,0.0,1.0
2016-02-25,3.3,3.3,0.0,1.0
2016-02-26,3.33,3.33,0.0,1.0
2016-02-29,3.31,3.31,0.0,1.0
2016-03-01,3.371,3.371,0.0,1.0
2016-03-02,3.458,3.458,0.0,1.0
2016-03-03,3.455,3.455,0.0,1.0
2016-03-04,3.572,3.572,0.0,1.0
2016-03-07,3.569,3.569,0.0,1.0
2016-03-08,3.563,3.563,0.0,1.0
2016-03-09,3.572,3.572,0.0,1.0
2016-03-10,3.504,3.504,0.0,1.0
2016-03-11,3.482,3.482,0.0,1.0
2016-03-14,3.52,3.52,0.0,1.0
2016-03-15,3.543,3.543,0.0,1.0
2016-03-16,3.614,3.614,0.0,1.0
2016-03-17,3.585,3.585,0.0,1.0
2016-03-18,3.618,3.618,0.0,1.0
2016-03-21,3.93,3.93,0.0,1.0
2016-03-22,3.69,3.69,0.0,1.0
2016-03-23,3.648,3.648,0.0,1.0
2016-03-24,3.578,3.578,0.0,1.0
2016-03-25,3.593,3.593,0.0,1.0
2016-03-28,3.543,3.543,0.0,1.0
2016-03-29,3.53,3.53,0.0,1.0
2016-03-30,3.608,3.608,0.0,1.0
2016-03-31,3.605,3.605,0.0,1.0
2016-04-01,3.62,3.62,0.0,1.0
2016-04-05,3.649,3.649,0.0,1.0
2016-04-06,3.641,3.641,0.0,1.0
2016-04-07,3.585,3.585,0.0,1.0
2016-04-08,3.571,3.571,0.0,1.0
2016-04-11,3.609,3.609,0.0,1.0
2016-04-12,3.614,3.614,0.0,1.0
2016-04-13,3.655,3.655,0.0,1.0
2016-04-14,3.666,3.666,0.0,1.0
2016-04-15,3.668,3.668,0.0,1.0
2016-04-18,3.639,3.639,0.0,1.0
2016-04-19,3.636,3.636,0.0,1.0
2016-04-20,3.619,3.619,0.0,1.0
2016-04-21,3.62,3.62,0.0,1.0
2016-04-22,3.645,3.645,0.0,1.0
2016-04-25,3.623,3.623,0.0,1.0
2016-04-26,3.623,3.623,0.0,1.0
2016-04-27,3.637,3.637,0.0,1.0
2016-04-28,3.633,3.633,0.0,1.0
2016-04-29,3.614,3.614,0.0,1.0
2016-05-03,3.631,3.631,0.0,1.0
2016-05-04,3.626,3.626,0.0,1.0
2016-05-05,3.634,3.634,0.0,1.0
2016-05-06,3.561,3.561,0.0,1.0
2016-05-09,3.513,3.513,0.0,1.0
2016-05-10,3.505,3.505,0.0,1.0
2016-05-11,3.522,3.522,0.0,1.0
2016-05-12,3.525,3.525,0.0,1.0
2016-05-13,3.529,3.529,0.0,1.0
2016-05-16,3.522,3.522,0.0,1.0
2016-05-17,3.522,3.522,0.0,1.0
2016-05-18,3.51,3.51,0.0,1.0
2016-05-19,3.517,3.517,0.0,1.0
2016-05-20,3.523,3.523,0.0,1.0
2016-05-23,3.522,3.522,0.0,1.0
2016-05-24,3.494,3.494,0.0,1.0
2016-05-25,3.504,3.504,0.0,1.0
2016-05-26,3.497,3.497,0.0,1.0
2016-05-27,3.512,3.512,0.0,1.0
2016-05-30,3.527,3.527,0.0,1.0
2016-05-31,3.615,3.615,0.0,1.0
2016-06-01,3.598,3.598,0.0,1.0
2016-06-02,3.59,3.59,0.0,1.0
2016-06-03,3.613,3.613,0.0,1.0
2016-06-06,3.598,3.598,0.0,1.0
2016-06-07,3.609,3.609,0.0,1.0
2016-06-08,3.596,3.596,0.0,1.0
2016-06-13,3.556,3.556,0.0,1.0
2016-06-14,3.545,3.545,0.0,1.0
2016-06-15,3.56,3.56,0.0,1.0
2016-06-16,3.552,3.552,0.0,1.0
2016-06-17,3.563,3.563,0.0,1.0
2016-06-20,3.56,3.56,0.0,1.0
2016-06-21,3.576,3.576,0.0,1.0
2016-06-22,3.567,3.567,0.0,1.0
2016-06-23,3.565,3.565,0.0,1.0
2016-06-24,3.531,3.531,0.0,1.0
2016-06-27,3.541,3.541,0.0,1.0
2016-06-28,3.534,3.534,0.0,1.0
2016-06-29,3.571,3.571,0.0,1.0
2016-06-30,3.58,3.58,0.0,1.0
2016-07-01,3.593,3.593,0.0,1.0
2016-07-04,3.644,3.644,0.0,1.0
2016-07-05,3.649,3.649,0.0,1.0
2016-07-06,3.642,3.642,0.0,1.0
2016-07-07,3.645,3.645,0.0,1.0
2016-07-08,3.624,3.624,0.0,1.0
2016-07-11,3.651,3.651,0.0,1.0
2016-07-12,3.71,3.71,0.0,1.0
2016-07-13,3.732,3.732,0.0,1.0
2016-07-14,3.727,3.727,0.0,1.0
2016-07-15,3.729,3.729,0.0,1.0
2016-07-18,3.746,3.746,0.0,1.0
2016-07-19,3.717,3.717,0.0,1.0
2016-07-20,3.708,3.708,0.0,1.0
2016-07-21,3.725,3.725,0.0,1.0
2016-07-22,3.693,3.693,0.0,1.0
2016-07-25,3.702,3.702,0.0,1.0
2016-07-26,3.712,3.712,0.0,1.0
2016-07-27,3.729,3.729,0.0,1.0
2016-07-28,3.733,3.733,0.0,1.0
2016-07-29,3.723,3.723,0.0,1.0
2016-08-01,3.722,3.722,0.0,1.0
2016-08-02,3.72,3.72,0.0,1.0
2016-08-03,3.718,3.718,0.0,1.0
2016-08-04,3.711,3.711,0.0,1.0
2016-08-05,3.736,3.736,0.0,1.0
2016-08-08,3.736,3.736,0.0,1.0
2016-08-09,3.761,3.761,0.0,1.0
2016-08-10,3.763,3.763,0.0,1.0
2016-08-11,3.792,3.792,0.0,1.0
2016-08-12,3.855,3.855,0.0,1.0
2016-08-15,3.965,3.965,0.0,1.0
2016-08-16,3.909,3.909,0.0,1.0
2016-08-17,3.896,3.896,0.0,1.0
2016-08-18,3.891,3.891,0.0,1.0
2016-08-19,3.898,3.898,0.0,1.0
2016-08-22,3.875,3.875,0.0,1.0
2016-08-23,3.898,3.898,0.0,1.0
2016-08-24,3.879,3.879,0.0,1.0
2016-08-25,3.855,3.855,0.0,1.0
2016-08-26,3.852,3.852,0.0,1.0
2016-08-29,3.849,3.849,0.0,1.0
2016-08-30,3.854,3.854,0.0,1.0
2016-08-31,3.871,3.871,0.0,1.0
2016-09-01,3.868,3.868,0.0,1.0
2016-09-02,3.875,3.875,0.0,1.0
2016-09-05,3.879,3.879,0.0,1.0
2016-09-06,3.873,3.873,0.0,1.0
2016-09-07,3.888,3.888,0.0,1.0
2016-09-08,3.882,3.882,0.0,1.0
2016-09-09,3.872,3.872,0.0,1.0
2016-09-12,3.812,3.812,0.0,1.0
2016-09-13,3.809,3.809,0.0,1.0
2016-09-14,3.788,3.788,0.0,1.0
2016-09-19,3.812,3.812,0.0,1.0
2016-09-20,3.809,3.809,0.0,1.0
2016-09-22,3.843,3.843,0.0,1.0
2016-09-23,3.839,3.839,0.0,1.0
2016-09-26,3.81,3.81,0.0,1.0
2016-09-27,3.79,3.79,0.0,1.0
2016-09-28,3.79,3.79,0.0,1.0
2016-09-29,3.801,3.801,0.0,1.0
2016-09-30,3.842,3.842,0.0,1.0
2016-10-10,3.845,3.845,0.0,1.0
2016-10-11,3.841,3.841,0.0,1.0
2016-10-12,3.832,3.832,0.0,1.0
2016-10-13,3.83,3.83,0.0,1.0
2016-10-14,3.822,3.822,0.0,1.0
2016-10-17,3.831,3.831,0.0,1.0
2016-10-18,3.83,3.83,0.0,1.0
2016-10-19,3.85,3.85,0.0,1.0
2016-10-20,3.8,3.8,0.0,1.0
2016-10-21,3.87,3.87,0.0,1.0
2016-10-24,3.92,3.92,0.0,1.0
2016-10-25,3.92,3.92,0.0,1.0
2016-10-26,3.911,3.911,0.0,1.0
2016-10-27,3.89,3.89,0.0,1.0
2016-10-28,3.91,3.91,0.0,1.0
2016-10-31,3.91,3.91,0.0,1.0
2016-11-01,3.93,3.93,0.0,1.0
2016-11-02,3.889,3.889,0.0,1.0
2016-11-03,3.9,3.9,0.0,1.0
2016-11-04,3.915,3.915,0.0,1.0
2016-11-07,3.91,3.91,0.0,1.0
2016-11-08,3.93,3.93,0.0,1.0
2016-11-09,3.966,3.966,0.0,1.0
2016-11-10,3.955,3.955,0.0,1.0
2016-11-11,3.97,3.97,0.0,1.0
2016-11-14,3.975,3.975,0.0,1.0
2016-11-15,3.98,3.98,0.0,1.0
2016-11-16,4.0,4.0,0.0,1.0
2016-11-17,3.96,3.96,0.0,1.0
2016-11-18,3.98,3.98,0.0,1.0
2016-11-21,4.02,4.02,0.0,1.0
2016-11-22,4.152,4.152,0.0,1.0
2016-11-23,4.25,4.25,0.0,1.0
2016-11-24,4.088,4.088,0.0,1.0
2016-11-25,4.094,4.094,0.0,1.0
2016-11-28,4.188,4.188,0.0,1.0
2016-11-29,4.177,4.177,0.0,1.0
2016-11-30,4.258,4.258,0.0,1.0
2016-12-01,4.21,4.21,0.0,1.0
2016-12-02,4.17,4.17,0.0,1.0
2016-12-05,4.277,4.277,0.0,1.0
2016-12-06,4.13,4.13,0.0,1.0
2016-12-07,4.129,4.129,0.0,1.0
2016-12-08,4.14,4.14,0.0,1.0
2016-12-09,4.18,4.18,0.0,1.0
2016-12-12,4.078,4.078,0.0,1.0
2016-12-13,4.135,4.135,0.0,1.0
2016-12-14,4.11,4.11,0.0,1.0
2016-12-15,4.04,4.04,0.0,1.0
2016-12-16,4.05,4.05,0.0,1.0
2016-12-19,3.99,3.99,0.0,1.0
2016-12-20,3.957,3.957,0.0,1.0
2016-12-21,3.938,3.938,0.0,1.0
2016-12-22,3.973,3.973,0.0,1.0
2016-12-23,3.97,3.97,0.0,1.0
2016-12-26,3.95,3.95,0.0,1.0
2016-12-27,3.94,3.94,0.0,1.0
2016-12-28,3.946,3.946,0.0,1.0
2016-12-29,4.0,4.0,0.0,1.0
2016-12-30,3.98,3.98,0.0,1.0
2017-01-03,4.01,4.01,0.0,1.0
2017-01-04,4.01,4.01,0.0,1.0
2017-01-05,4.02,4.02,0.0,1.0
2017-01-09,4.099,4.099,0.0,1.0
2017-01-10,4.04,4.04,0.0,1.0
2017-01-11,4.01,4.01,0.0,1.0
2017-01-12,3.999,3.999,0.0,1.0
2017-01-13,4.0,4.0,0.0,1.0
2017-01-16,4.05,4.05,0.0,1.0
2017-01-17,4.02,4.02,0.0,1.0
2017-01-18,4.098,4.098,0.0,1.0
2017-01-19,4.06,4.06,0.0,1.0
2017-01-20,4.099,4.099,0.0,1.0
2017-01-23,4.099,4.099,0.0,1.0
2017-01-24,4.09,4.09,0.0,1.0
2017-01-25,4.093,4.093,0.0,1.0
2017-01-26,4.1,4.1,0.0,1.0
2017-02-03,4.15,4.15,0.0,1.0
2017-02-06,4.09,4.09,0.0,1.0
2017-02-07,4.09,4.09,0.0,1.0
2017-02-09,4.128,4.128,0.0,1.0
2017-02-10,4.199,4.199,0.0,1.0
2017-02-13,4.141,4.141,0.0,1.0
2017-02-14,4.14,4.14,0.0,1.0
2017-02-15,4.15,4.15,0.0,1.0
2017-02-16,4.149,4.149,0.0,1.0
2017-02-17,4.198,4.198,0.0,1.0
2017-02-20,4.18,4.18,0.0,1.0
2017-02-21,4.158,4.158,0.0,1.0
2017-02-22,4.194,4.194,0.0,1.0
2017-02-23,4.2,4.2,0.0,1.0
2017-02-24,4.185,4.185,0.0,1.0
2017-02-27,4.192,4.192,0.0,1.0
2017-02-28,4.18,4.18,0.0,1.0
2017-03-01,4.19,4.19,0.0,1.0
2017-03-06,4.17,4.17,0.0,1.0
2017-03-07,4.125,4.125,0.0,1.0
2017-03-08,4.13,4.13,0.0,1.0
2017-03-10,4.1,4.1,0.0,1.0
2017-03-13,4.052,4.052,0.0,1.0
2017-03-14,4.09,4.09,0.0,1.0
2017-03-16,4.138,4.138,0.0,1.0
2017-03-17,4.12,4.12,0.0,1.0
2017-03-20,4.1,4.1,0.0,1.0
2017-03-21,4.116,4.116,0.0,1.0
2017-03-22,4.132,4.132,0.0,1.0
2017-03-23,4.167,4.167,0.0,1.0
2017-03-24,4.103,4.103,0.0,1.0
2017-03-27,4.188,4.188,0.0,1.0
2017-03-28,4.111,4.111,0.0,1.0
2017-03-29,4.12,4.12,0.0,1.0
2017-03-30,4.109,4.109,0.0,1.0
2017-03-31,4.13,4.13,0.0,1.0
2017-04-05,4.18,4.18,0.0,1.0
2017-04-06,4.224,4.224,0.0,1.0
2017-04-07,4.185,4.185,0.0,1.0
2017-04-10,4.2,4.2,0.0,1.0
2017-04-11,4.247,4.247,0.0,1.0
2017-04-12,4.222,4.222,0.0,1.0
2017-04-14,4.102,4.102,0.0,1.0
2017-04-17,4.1,4.1,0.0,1.0
2017-04-18,4.12,4.12,0.0,1.0
2017-04-19,4.18,4.18,0.0,1.0
2017-04-20,4.12,4.12,0.0,1.0
2017-04-21,4.15,4.15,0.0,1.0
2017-04-24,4.12,4.12,0.0,1.0
2017-04-25,4.05,4.05,0.0,1.0
2017-04-26,4.138,4.138,0.0,1.0
2017-04-28,4.138,4.138,0.0,1.0
2017-05-02,4.15,4.15,0.0,1.0
2017-05-03,4.071,4.071,0.0,1.0
2017-05-04,4.055,4.055,0.0,1.0
2017-05-05,4.11,4.11,0.0,1.0
2017-05-08,4.078,4.078,0.0,1.0
2017-05-09,4.02,4.02,0.0,1.0
2017-05-10,4.07,4.07,0.0,1.0
2017-05-11,4.076,4.076,0.0,1.0
2017-05-12,4.15,4.15,0.0,1.0
2017-05-15,4.18,4.18,0.0,1.0
2017-05-16,4.1,4.1,0.0,1.0
2017-05-17,4.19,4.19,0.0,1.0
2017-05-18,4.158,4.158,0.0,1.0
2017-05-19,4.082,4.082,0.0,1.0
2017-05-22,4.095,4.095,0.0,1.0
2017-05-23,4.17,4.17,0.0,1.0
2017-05-24,4.116,4.116,0.0,1.0
2017-05-25,4.3,4.3,0.0,1.0
2017-05-26,4.262,4.262,0.0,1.0
2017-05-31,4.277,4.277,0.0,1.0
2017-06-01,4.385,4.385,0.0,1.0
2017-06-02,4.382,4.382,0.0,1.0
2017-06-05,4.268,4.268,0.0,1.0
2017-06-06,4.338,4.338,0.0,1.0
2017-06-07,4.37,4.37,0.0,1.0
2017-06-08,4.4,4.4,0.0,1.0
2017-06-09,4.44,4.44,0.0,1.0
2017-06-12,4.404,4.404,0.0,1.0
2017-06-13,4.455,4.455,0.0,1.0
2017-06-14,4.39,4.39,0.0,1.0
2017-06-15,4.365,4.365,0.0,1.0
2017-06-16,4.34,4.34,0.0,1.0
2017-06-19,4.37,4.37,0.0,1.0
2017-06-20,4.45,4.45,0.0,1.0
2017-06-21,4.43,4.43,0.0,1.0
2017-06-22,4.494,4.494,0.0,1.0
2017-06-23,4.442,4.442,0.0,1.0
2017-06-26,4.55,4.55,0.0,1.0
2017-06-27,4.55,4.55,0.0,1.0
2017-06-28,4.545,4.545,0.0,1.0
2017-06-29,4.55,4.55,0.0,1.0
2017-06-30,4.57,4.57,0.0,1.0
2017-07-03,4.534,4.534,0.0,1.0
2017-07-04,4.48,4.48,0.0,1.0
2017-07-05,4.56,4.56,0.0,1.0
2017-07-06,4.583,4.583,0.0,1.0
2017-07-07,4.561,4.561,0.0,1.0
2017-07-10,4.568,4.568,0.0,1.0
2017-07-11,4.633,4.633,0.0,1.0
2017-07-12,4.66,4.66,0.0,1.0
2017-07-13,4.689,4.689,0.0,1.0
2017-07-14,4.75,4.75,0.0,1.0
2017-07-17,4.75,4.75,0.0,1.0
2017-07-18,4.78,4.78,0.0,1.0
2017-07-19,4.823,4.823,0.0,1.0
2017-07-20,4.82,4.82,0.0,1.0
2017-07-21,4.784,4.784,0.0,1.0
2017-07-24,4.891,4.891,0.0,1.0
2017-07-25,4.84,4.84,0.0,1.0
2017-07-26,4.8,4.8,0.0,1.0
2017-07-27,4.747,4.747,0.0,1.0
2017-07-28,4.784,4.784,0.0,1.0
2017-07-31,4.798,4.798,0.0,1.0
2017-08-01,4.776,4.776,0.0,1.0
2017-08-02,4.835,4.835,0.0,1.0
2017-08-03,4.78,4.78,0.0,1.0
2017-08-04,4.78,4.78,0.0,1.0
2017-08-07,4.781,4.781,0.0,1.0
2017-08-08,4.898,4.898,0.0,1.0
2017-08-09,4.89,4.89,0.0,1.0
2017-08-10,4.725,4.725,0.0,1.0
2017-08-11,4.639,4.639,0.0,1.0
2017-08-14,4.679,4.679,0.0,1.0
2017-08-15,4.719,4.719,0.0,1.0
2017-08-16,4.67,4.67,0.0,1.0
2017-08-17,4.688,4.688,0.0,1.0
2017-08-18,4.665,4.665,0.0,1.0
2017-08-21,4.68,4.68,0.0,1.0
2017-08-22,4.769,4.769,0.0,1.0
2017-08-23,4.794,4.794,0.0,1.0
2017-08-24,4.789,4.789,0.0,1.0
2017-08-25,4.85,4.85,0.0,1.0
2017-08-28,4.868,4.868,0.0,1.0
2017-08-29,4.895,4.895,0.0,1.0
2017-08-30,4.881,4.881,0.0,1.0
2017-08-31,4.876,4.876,0.0,1.0
2017-09-01,4.926,4.926,0.0,1.0
2017-09-04,4.85,4.85,0.0,1.0
2017-09-05,4.878,4.878,0.0,1.0
2017-09-06,4.873,4.873,0.0,1.0
2017-09-07,4.84,4.84,0.0,1.0
2017-09-08,4.859,4.859,0.0,1.0
2017-09-11,4.855,4.855,0.0,1.0
2017-09-12,4.842,4.842,0.0,1.0
2017-09-13,4.826,4.826,0.0,1.0
2017-09-14,4.781,4.781,0.0,1.0
2017-09-15,4.799,4.799,0.0,1.0
2017-09-18,4.847,4.847,0.0,1.0
2017-09-19,4.819,4.819,0.0,1.0
2017-09-20,4.796,4.796,0.0,1.0
2017-09-21,4.848,4.848,0.0,1.0
2017-09-22,4.778,4.778,0.0,1.0
2017-09-25,4.81,4.81,0.0,1.0
2017-09-26,4.814,4.814,0.0,1.0
2017-09-27,4.81,4.81,0.0,1.0
2017-09-28,4.828,4.828,0.0,1.0
2017-09-29,4.8,4.8,0.0,1.0
2017-10-09,4.858,4.858,0.0,1.0
2017-10-10,4.81,4.81,0.0,1.0
2017-10-11,4.885,4.885,0.0,1.0
2017-10-12,4.865,4.865,0.0,1.0
2017-10-13,4.86,4.86,0.0,1.0
2017-10-16,4.887,4.887,0.0,1.0
2017-10-17,4.889,4.889,0.0,1.0
2017-10-18,4.917,4.917,0.0,1.0
2017-10-19,4.914,4.914,0.0,1.0
2017-10-20,4.899,4.899,0.0,1.0
2017-10-23,4.928,4.928,0.0,1.0
2017-10-24,4.93,4.93,0.0,1.0
2017-10-25,4.93,4.93,0.0,1.0
2017-10-26,4.925,4.925,0.0,1.0
2017-10-27,4.98,4.98,0.0,1.0
2017-10-30,4.999,4.999,0.0,1.0
2017-10-31,5.098,5.098,0.0,1.0
2017-11-01,5.085,5.085,0.0,1.0
2017-11-02,4.968,4.968,0.0,1.0
2017-11-03,4.965,4.965,0.0,1.0
2017-11-06,4.924,4.924,0.0,1.0
2017-11-07,4.99,4.99,0.0,1.0
2017-11-08,5.0,5.0,0.0,1.0
2017-11-09,5.026,5.026,0.0,1.0
2017-11-10,5.028,5.028,0.0,1.0
2017-11-13,5.05,5.05,0.0,1.0
2017-11-14,5.088,5.088,0.0,1.0
2017-11-15,5.056,5.056,0.0,1.0
2017-11-16,5.047,5.047,0.0,1.0
2017-11-17,5.168,5.168,0.0,1.0
2017-11-20,5.3,5.3,0.0,1.0
2017-11-21,5.321,5.321,0.0,1.0
2017-11-22,5.322,5.322,0.0,1.0
2017-11-23,5.203,5.203,0.0,1.0
2017-11-24,5.29,5.29,0.0,1.0
2017-11-27,5.201,5.201,0.0,1.0
2017-11-28,5.201,5.201,0.0,1.0
2017-11-29,5.2,5.2,0.0,1.0
2017-11-30,5.129,5.129,0.0,1.0
2017-12-01,5.158,5.158,0.0,1.0
2017-12-04,5.128,5.128,0.0,1.0
2017-12-05,5.22,5.22,0.0,1.0
2017-12-06,5.129,5.129,0.0,1.0
2017-12-07,5.029,5.029,0.0,1.0
2017-12-08,5.101,5.101,0.0,1.0
2017-12-11,5.178,5.178,0.0,1.0
2017-12-12,5.111,5.111,0.0,1.0
2017-12-13,5.13,5.13,0.0,1.0
2017-12-14,5.101,5.101,0.0,1.0
2017-12-15,5.068,5.068,0.0,1.0
2017-12-18,5.04,5.04,0.0,1.0
2017-12-19,5.198,5.198,0.0,1.0
2017-12-20,5.11,5.11,0.0,1.0
2017-12-21,5.131,5.131,0.0,1.0
2017-12-22,5.149,5.149,0.0,1.0
2017-12-25,5.141,5.141,0.0,1.0
2017-12-26,5.14,5.14,0.0,1.0
2017-12-27,5.05,5.05,0.0,1.0
2017-12-28,5.077,5.077,0.0,1.0
2017-12-29,5.087,5.087,0.0,1.0
2018-01-02,5.185,5.185,0.0,1.0
2018-01-03,5.182,5.182,0.0,1.0
2018-01-04,5.201,5.201,0.0,1.0
2018-01-05,5.19,5.19,0.0,1.0
2018-01-08,5.229,5.229,0.0,1.0
2018-01-09,5.229,5.229,0.0,1.0
2018-01-10,5.29,5.29,0.0,1.0
2018-01-11,5.299,5.299,0.0,1.0
2018-01-12,5.3,5.3,0.0,1.0
2018-01-15,5.38,5.38,0.0,1.0
2018-01-16,5.397,5.397,0.0,1.0
2018-01-17,5.475,5.475,0.0,1.0
2018-01-18,5.486,5.486,0.0,1.0
2018-01-19,5.51,5.51,0.0,1.0
2018-01-22,5.56,5.56,0.0,1.0
2018-01-23,5.611,5.611,0.0,1.0
2018-01-24,5.67,5.67,0.0,1.0
2018-01-25,5.646,5.646,0.0,1.0
2018-01-26,5.648,5.648,0.0,1.0
2018-01-29,5.792,5.792,0.0,1.0
2018-01-30,5.605,5.605,0.0,1.0
2018-01-31,5.621,5.621,0.0,1.0
2018-02-01,5.621,5.621,0.0,1.0
2018-02-02,5.75,5.75,0.0,1.0
2018-02-05,5.76,5.76,0.0,1.0
2018-02-06,5.677,5.677,0.0,1.0
2018-02-07,5.759,5.759,0.0,1.0
2018-02-08,5.47,5.47,0.0,1.0
2018-02-09,5.278,5.278,0.0,1.0
2018-02-12,5.21,5.21,0.0,1.0
2018-02-13,5.281,5.281,0.0,1.0
2018-02-14,5.247,5.247,0.0,1.0
2018-02-22,5.274,5.274,0.0,1.0
2018-02-23,5.375,5.375,0.0,1.0
2018-02-26,5.49,5.49,0.0,1.0
2018-02-27,5.476,5.476,0.0,1.0
2018-02-28,5.45,5.45,0.0,1.0
2018-03-01,5.44,5.44,0.0,1.0
2018-03-02,5.468,5.468,0.0,1.0
2018-03-05,5.29,5.29,0.0,1.0
2018-03-06,5.267,5.267,0.0,1.0
2018-03-07,5.298,5.298,0.0,1.0
2018-03-08,5.229,5.229,0.0,1.0
2018-03-09,5.255,5.255,0.0,1.0
2018-03-12,5.28,5.28,0.0,1.0
2018-03-13,5.278,5.278,0.0,1.0
2018-03-14,5.203,5.203,0.0,1.0
2018-03-15,5.216,5.216,0.0,1.0
2018-03-16,5.2,5.2,0.0,1.0
2018-03-19,5.2,5.2,0.0,1.0
2018-03-20,5.199,5.199,0.0,1.0
2018-03-21,5.205,5.205,0.0,1.0
2018-03-22,5.158,5.158,0.0,1.0
2018-03-23,5.0,5.0,0.0,1.0
2018-03-26,4.958,4.958,0.0,1.0
2018-03-27,4.956,4.956,0.0,1.0
2018-03-28,4.91,4.91,0.0,1.0
2018-03-29,4.98,4.98,0.0,1.0
2018-03-30,5.03,5.03,0.0,1.0
2018-04-02,5.0,5.0,0.0,1.0
2018-04-03,4.994,4.994,0.0,1.0
2018-04-04,4.965,4.965,0.0,1.0
2018-04-09,4.901,4.901,0.0,1.0
2018-04-10,4.989,4.989,0.0,1.0
2018-04-11,4.961,4.961,0.0,1.0
2018-04-12,4.924,4.924,0.0,1.0
2018-04-13,4.913,4.913,0.0,1.0
2018-04-16,4.846,4.846,0.0,1.0
2018-04-17,4.774,4.774,0.0,1.0
2018-04-18,4.8,4.8,0.0,1.0
2018-04-19,4.81,4.81,0.0,1.0
2018-04-20,4.8,4.8,0.0,1.0
2018-04-23,4.801,4.801,0.0,1.0
2018-04-24,4.911,4.911,0.0,1.0
2018-04-25,4.824,4.824,0.0,1.0
2018-04-26,4.819,4.819,0.0,1.0
2018-04-27,4.839,4.839,0.0,1.0
2018-05-02,4.81,4.81,0.0,1.0
2018-05-03,4.809,4.809,0.0,1.0
2018-05-04,4.79,4.79,0.0,1.0
2018-05-07,4.828,4.828,0.0,1.0
2018-05-08,4.895,4.895,0.0,1.0
2018-05-09,4.9,4.9,0.0,1.0
2018-05-10,4.898,4.898,0.0,1.0
2018-05-11,4.896,4.896,0.0,1.0
2018-05-14,4.931,4.931,0.0,1.0
2018-05-15,4.93,4.93,0.0,1.0
2018-05-16,4.89,4.89,0.0,1.0
2018-05-17,4.87,4.87,0.0,1.0
2018-05-18,4.91,4.91,0.0,1.0
2018-05-21,4.92,4.92,0.0,1.0
2018-05-22,4.879,4.879,0.0,1.0
2018-05-23,4.833,4.833,0.0,1.0
2018-05-24,4.824,4.824,0.0,1.0
2018-05-25,4.819,4.819,0.0,1.0
2018-05-28,4.813,4.813,0.0,1.0
2018-05-29,4.818,4.818,0.0,1.0
2018-05-30,4.725,4.725,0.0,1.0
2018-05-31,4.785,4.785,0.0,1.0
2018-06-01,4.777,4.777,0.0,1.0
2018-06-04,4.78,4.78,0.0,1.0
2018-06-05,4.83,4.83,0.0,1.0
2018-06-06,4.812,4.812,0.0,1.0
2018-06-07,4.826,4.826,0.0,1.0
2018-06-08,4.814,4.814,0.0,1.0
2018-06-11,4.77,4.77,0.0,1.0
2018-06-12,4.808,4.808,0.0,1.0
2018-06-13,4.784,4.784,0.0,1.0
2018-06-14,4.82,4.82,0.0,1.0
2018-06-15,4.848,4.848,0.0,1.0
2018-06-19,4.743,4.743,0.0,1.0
2018-06-20,4.761,4.761,0.0,1.0
2018-06-21,4.734,4.734,0.0,1.0
2018-06-22,4.713,4.713,0.0,1.0
2018-06-25,4.666,4.666,0.0,1.0
2018-06-26,4.598,4.598,0.0,1.0
2018-06-27,4.462,4.462,0.0,1.0
2018-06-28,4.463,4.463,0.0,1.0
2018-06-29,4.52,4.52,0.0,1.0
2018-07-02,4.45,4.45,0.0,1.0
2018-07-03,4.689,4.689,0.0,1.0
2018-07-04,4.48,4.48,0.0,1.0
2018-07-05,4.404,4.404,0.0,1.0
2018-07-06,4.417,4.417,0.0,1.0
2018-07-09,4.498,4.498,0.0,1.0
2018-07-10,4.482,4.482,0.0,1.0
2018-07-11,4.43,4.43,0.0,1.0
2018-07-12,4.538,4.538,0.0,1.0
2018-07-13,4.528,4.528,0.0,1.0
2018-07-16,4.5,4.5,0.0,1.0
2018-07-17,4.442,4.442,0.0,1.0
2018-07-18,4.499,4.499,0.0,1.0
2018-07-19,4.466,4.466,0.0,1.0
2018-07-20,4.592,4.592,0.0,1.0
2018-07-23,4.621,4.621,0.0,1.0
2018-07-24,4.751,4.751,0.0,1.0
2018-07-25,4.75,4.75,0.0,1.0
2018-07-26,4.681,4.681,0.0,1.0
2018-07-27,4.675,4.675,0.0,1.0
2018-07-30,4.646,4.646,0.0,1.0
2018-07-31,4.688,4.688,0.0,1.0
2018-08-01,4.595,4.595,0.0,1.0
2018-08-02,4.536,4.536,0.0,1.0
2018-08-03,4.531,4.531,0.0,1.0
2018-08-06,4.528,4.528,0.0,1.0
2018-08-07,4.552,4.552,0.0,1.0
2018-08-08,4.6,4.6,0.0,1.0
2018-08-09,4.621,4.621,0.0,1.0
2018-08-10,4.61,4.61,0.0,1.0
2018-08-13,4.576,4.576,0.0,1.0
2018-08-14,4.564,4.564,0.0,1.0
2018-08-15,4.51,4.51,0.0,1.0
2018-08-16,4.481,4.481,0.0,1.0
2018-08-17,4.447,4.447,0.0,1.0
2018-08-20,4.48,4.48,0.0,1.0
2018-08-21,4.523,4.523,0.0,1.0
2018-08-22,4.503,4.503,0.0,1.0
2018-08-23,4.503,4.503,0.0,1.0
2018-08-24,4.533,4.533,0.0,1.0
2018-08-27,4.65,4.65,0.0,1.0
2018-08-28,4.686,4.686,0.0,1.0
2018-08-29,4.634,4.634,0.0,1.0
2018-08-30,4.568,4.568,0.0,1.0
2018-08-31,4.598,4.598,0.0,1.0
2018-09-03,4.6,4.6,0.0,1.0
2018-09-04,4.647,4.647,0.0,1.0
2018-09-05,4.59,4.59,0.0,1.0
2018-09-06,4.56,4.56,0.0,1.0
2018-09-07,4.58,4.58,0.0,1.0
2018-09-10,4.533,4.533,0.0,1.0
2018-09-11,4.52,4.52,0.0,1.0
2018-09-12,4.59,4.59,0.0,1.0
2018-09-13,4.563,4.563,0.0,1.0
2018-09-14,4.559,4.559,0.0,1.0
2018-09-17,4.521,4.521,0.0,1.0
2018-09-18,4.559,4.559,0.0,1.0
2018-09-19,4.599,4.599,0.0,1.0
2018-09-20,4.615,4.615,0.0,1.0
2018-09-21,4.755,4.755,0.0,1.0
2018-09-25,4.752,4.752,0.0,1.0
2018-09-26,4.779,4.779,0.0,1.0
2018-09-27,4.819,4.819,0.0,1.0
2018-09-28,4.827,4.827,0.0,1.0
2018-10-08,4.73,4.73,0.0,1.0
2018-10-09,4.731,4.731,0.0,1.0
2018-10-10,4.73,4.73,0.0,1.0
2018-10-11,4.6,4.6,0.0,1.0
2018-10-12,4.635,4.635,0.0,1.0
2018-10-15,4.617,4.617,0.0,1.0
2018-10-16,4.58,4.58,0.0,1.0
2018-10-17,4.62,4.62,0.0,1.0
2018-10-18,4.536,4.536,0.0,1.0
2018-10-19,4.615,4.615,0.0,1.0
2018-10-22,4.838,4.838,0.0,1.0
2018-10-23,4.78,4.78,0.0,1.0
2018-10-24,4.74,4.74,0.0,1.0
2018-10-25,4.72,4.72,0.0,1.0
2018-10-26,4.72,4.72,0.0,1.0
2018-10-29,4.656,4.656,0.0,1.0
2018-10-30,4.728,4.728,0.0,1.0
2018-10-31,4.719,4.719,0.0,1.0
2018-11-01,4.749,4.749,0.0,1.0
2018-11-02,4.849,4.849,0.0,1.0
2018-11-05,4.838,4.838,0.0,1.0
2018-11-06,4.838,4.838,0.0,1.0
2018-11-07,4.74,4.74,0.0,1.0
2018-11-08,4.75,4.75,0.0,1.0
2018-11-09,4.717,4.717,0.0,1.0
2018-11-12,4.685,4.685,0.0,1.0
2018-11-13,4.679,4.679,0.0,1.0
2018-11-14,4.65,4.65,0.0,1.0
2018-11-15,4.676,4.676,0.0,1.0
2018-11-16,4.71,4.71,0.0,1.0
2018-11-19,4.73,4.73,0.0,1.0
2018-11-20,4.749,4.749,0.0,1.0
2018-11-21,4.744,4.744,0.0,1.0
2018-11-22,4.66,4.66,0.0,1.0
2018-11-23,4.585,4.585,0.0,1.0
2018-11-26,4.601,4.601,0.0,1.0
2018-11-27,4.544,4.544,0.0,1.0
2018-11-28,4.607,4.607,0.0,1.0
2018-11-29,4.6,4.6,0.0,1.0
2018-11-30,4.599,4.599,0.0,1.0
2018-12-03,4.695,4.695,0.0,1.0
2018-12-04,4.705,4.705,0.0,1.0
2018-12-05,4.689,4.689,0.0,1.0
2018-12-06,4.67,4.67,0.0,1.0
2018-12-07,4.63,4.63,0.0,1.0
2018-12-10,4.58,4.58,0.0,1.0
2018-12-11,4.582,4.582,0.0,1.0
2018-12-12,4.6,4.6,0.0,1.0
2018-12-13,4.649,4.649,0.0,1.0
2018-12-14,4.703,4.703,0.0,1.0
2018-12-17,4.605,4.605,0.0,1.0
2018-12-18,4.648,4.648,0.0,1.0
2018-12-19,4.58,4.58,0.0,1.0
2018-12-20,4.461,4.461,0.0,1.0
2018-12-21,4.595,4.595,0.0,1.0
2018-12-24,4.446,4.446,0.0,1.0
2018-12-25,4.395,4.395,0.0,1.0
2018-12-26,4.37,4.37,0.0,1.0
2018-12-27,4.41,4.41,0.0,1.0
2018-12-28,4.395,4.395,0.0,1.0
2019-01-02,4.362,4.362,0.0,1.0
2019-01-03,4.393,4.393,0.0,1.0
2019-01-04,4.43,4.43,0.0,1.0
2019-01-07,4.42,4.42,0.0,1.0
2019-01-08,4.4,4.4,0.0,1.0
2019-01-09,4.52,4.52,0.0,1.0
2019-01-10,4.46,4.46,0.0,1.0
2019-01-11,4.478,4.478,0.0,1.0
2019-01-14,4.44,4.44,0.0,1.0
2019-01-15,4.499,4.499,0.0,1.0
2019-01-16,4.517,4.517,0.0,1.0
2019-01-17,4.515,4.515,0.0,1.0
2019-01-18,4.59,4.59,0.0,1.0
2019-01-21,4.603,4.603,0.0,1.0
2019-01-22,4.562,4.562,0.0,1.0
2019-01-23,4.562,4.562,0.0,1.0
2019-01-24,4.6,4.6,0.0,1.0
2019-01-25,4.649,4.649,0.0,1.0
2019-01-28,4.661,4.661,0.0,1.0
2019-01-29,4.697,4.697,0.0,1.0
2019-01-30,4.652,4.652,0.0,1.0
2019-01-31,4.695,4.695,0.0,1.0
2019-02-01,4.718,4.718,0.0,1.0
2019-02-11,4.76,4.76,0.0,1.0
2019-02-12,4.78,4.78,0.0,1.0
2019-02-13,4.85,4.85,0.0,1.0
2019-02-14,4.874,4.874,0.0,1.0
2019-02-15,4.733,4.733,0.0,1.0
2019-02-18,4.824,4.824,0.0,1.0
2019-02-19,4.809,4.809,0.0,1.0
2019-02-20,4.829,4.829,0.0,1.0
2019-02-21,4.83,4.83,0.0,1.0
2019-02-22,4.869,4.869,0.0,1.0
2019-02-25,5.285,5.285,0.0,1.0
2019-02-26,5.08,5.08,0.0,1.0
2019-02-27,5.121,5.121,0.0,1.0
2019-02-28,5.09,5.09,0.0,1.0
2019-03-01,5.248,5.248,0.0,1.0
2019-03-04,5.26,5.26,0.0,1.0
2019-03-05,5.26,5.26,0.0,1.0
2019-03-06,5.27,5.27,0.0,1.0
2019-03-07,5.172,5.172,0.0,1.0
2019-03-08,4.996,4.996,0.0,1.0
2019-03-11,5.049,5.049,0.0,1.0
2019-03-12,5.078,5.078,0.0,1.0
2019-03-13,5.05,5.05,0.0,1.0
2019-03-14,5.101,5.101,0.0,1.0
2019-03-15,5.099,5.099,0.0,1.0
2019-03-18,5.163,5.163,0.0,1.0
2019-03-19,5.148,5.148,0.0,1.0
2019-03-20,5.145,5.145,0.0,1.0
2019-03-21,5.15,5.15,0.0,1.0
2019-03-22,5.129,5.129,0.0,1.0
2019-03-25,5.032,5.032,0.0,1.0
2019-03-26,4.98,4.98,0.0,1.0
2019-03-27,5.034,5.034,0.0,1.0
2019-03-28,4.99,4.99,0.0,1.0
2019-03-29,5.138,5.138,0.0,1.0
2019-04-01,5.241,5.241,0.0,1.0
2019-04-02,5.275,5.275,0.0,1.0
2019-04-03,5.301,5.301,0.0,1.0
2019-04-04,5.36,5.36,0.0,1.0
2019-04-08,5.4,5.4,0.0,1.0
2019-04-09,5.391,5.391,0.0,1.0
2019-04-10,5.39,5.39,0.0,1.0
2019-04-11,5.344,5.344,0.0,1.0
2019-04-12,5.33,5.33,0.0,1.0
2019-04-15,5.37,5.37,0.0,1.0
2019-04-16,5.45,5.45,0.0,1.0
2019-04-17,5.489,5.489,0.0,1.0
2019-04-18,5.471,5.471,0.0,1.0
2019-04-19,5.5,5.5,0.0,1.0
2019-04-22,5.395,5.395,0.0,1.0
2019-04-23,5.391,5.391,0.0,1.0
2019-04-24,5.371,5.371,0.0,1.0
2019-04-25,5.285,5.285,0.0,1.0
2019-04-26,5.234,5.234,0.0,1.0
2019-04-29,5.358,5.358,0.0,1.0
2019-04-30,5.304,5.304,0.0,1.0
2019-05-06,5.057,5.057,0.0,1.0
2019-05-07,5.112,5.112,0.0,1.0
2019-05-08,5.011,5.011,0.0,1.0
2019-05-09,4.934,4.934,0.0,1.0
2019-05-10,5.057,5.057,0.0,1.0
2019-05-13,4.98,4.98,0.0,1.0
2019-05-14,4.965,4.965,0.0,1.0
2019-05-15,5.057,5.057,0.0,1.0
2019-05-16,5.049,5.049,0.0,1.0
2019-05-17,4.96,4.96,0.0,1.0
2019-05-20,4.957,4.957,0.0,1.0
2019-05-21,5.001,5.001,0.0,1.0
2019-05-22,4.974,4.974,0.0,1.0
2019-05-23,4.936,4.936,0.0,1.0
2019-05-24,4.953,4.953,0.0,1.0
2019-05-27,4.986,4.986,0.0,1.0
2019-05-28,4.991,4.991,0.0,1.0
2019-05-29,5.007,5.007,0.0,1.0
2019-05-30,5.01,5.01,0.0,1.0
2019-05-31,4.999,4.999,0.0,1.0
2019-06-03,5.001,5.001,0.0,1.0
2019-06-04,4.986,4.986,0.0,1.0
2019-06-05,5.012,5.012,0.0,1.0
2019-06-06,4.997,4.997,0.0,1.0
2019-06-10,5.042,5.042,0.0,1.0
2019-06-11,5.155,5.155,0.0,1.0
2019-06-12,5.122,5.122,0.0,1.0
2019-06-13,5.111,5.111,0.0,1.0
2019-06-14,5.091,5.091,0.0,1.0
2019-06-17,5.095,5.095,0.0,1.0
2019-06-18,5.129,5.129,0.0,1.0
2019-06-19,5.195,5.195,0.0,1.0
2019-06-20,5.331,5.331,0.0,1.0
2019-06-21,5.302,5.302,0.0,1.0
2019-06-24,5.32,5.32,0.0,1.0
2019-06-25,5.242,5.242,0.0,1.0
2019-06-26,5.222,5.222,0.0,1.0
2019-06-27,5.265,5.265,0.0,1.0
2019-06-28,5.255,5.255,0.0,1.0
2019-07-01,5.342,5.342,0.0,1.0
2019-07-02,5.355,5.355,0.0,1.0
2019-07-03,5.342,5.342,0.0,1.0
2019-07-04,5.336,5.336,0.0,1.0
2019-07-05,5.374,5.374,0.0,1.0
2019-07-08,5.227,5.227,0.0,1.0
2019-07-09,5.202,5.202,0.0,1.0
2019-07-10,5.182,5.182,0.0,1.0
2019-07-11,5.204,5.204,0.0,1.0
2019-07-12,5.244,5.244,0.0,1.0
2019-07-15,5.3,5.3,0.0,1.0
2019-07-16,5.25,5.25,0.0,1.0
2019-07-17,5.244,5.244,0.0,1.0
2019-07-18,5.23,5.23,0.0,1.0
2019-07-19,5.288,5.288,0.0,1.0
2019-07-22,5.27,5.27,0.0,1.0
2019-07-23,5.284,5.284,0.0,1.0
2019-07-24,5.324,5.324,0.0,1.0
2019-07-25,5.36,5.36,0.0,1.0
2019-07-26,5.385,5.385,0.0,1.0
2019-07-29,5.373,5.373,0.0,1.0
2019-07-30,5.404,5.404,0.0,1.0
2019-07-31,5.341,5.341,0.0,1.0
2019-08-01,5.304,5.304,0.0,1.0
2019-08-02,5.24,5.24,0.0,1.0
2019-08-05,5.142,5.142,0.0,1.0
2019-08-06,5.097,5.097,0.0,1.0
2019-08-07,5.077,5.077,0.0,1.0
2019-08-08,5.136,5.136,0.0,1.0
2019-08-09,5.109,5.109,0.0,1.0
2019-08-12,5.155,5.155,0.0,1.0
2019-08-13,5.091,5.091,0.0,1.0
2019-08-14,5.104,5.104,0.0,1.0
2019-08-15,5.102,5.102,0.0,1.0
2019-08-16,5.125,5.125,0.0,1.0
2019-08-19,5.188,5.188,0.0,1.0
2019-08-20,5.18,5.18,0.0,1.0
2019-08-21,5.169,5.169,0.0,1.0
2019-08-22,5.16,5.16,0.0,1.0
2019-08-23,5.213,5.213,0.0,1.0
2019-08-26,5.125,5.125,0.0,1.0
2019-08-27,5.182,5.182,0.0,1.0
2019-08-28,5.14,5.14,0.0,1.0
2019-08-29,5.087,5.087,0.0,1.0
2019-08-30,5.08,5.08,0.0,1.0
2019-09-02,5.143,5.143,0.0,1.0
2019-09-03,5.131,5.131,0.0,1.0
2019-09-04,5.201,5.201,0.0,1.0
2019-09-05,5.252,5.252,0.0,1.0
2019-09-06,5.301,5.301,0.0,1.0
2019-09-09,5.313,5.313,0.0,1.0
2019-09-10,5.28,5.28,0.0,1.0
2019-09-11,5.309,5.309,0.0,1.0
2019-09-12,5.352,5.352,0.0,1.0
2019-09-16,5.32,5.32,0.0,1.0
2019-09-17,5.304,5.304,0.0,1.0
2019-09-18,5.269,5.269,0.0,1.0
2019-09-19,5.252,5.252,0.0,1.0
2019-09-20,5.27,5.27,0.0,1.0
2019-09-23,5.198,5.198,0.0,1.0
2019-09-24,5.198,5.198,0.0,1.0
2019-09-25,5.192,5.192,0.0,1.0
2019-09-26,5.235,5.235,0.0,1.0
2019-09-27,5.235,5.235,0.0,1.0
2019-09-30,5.197,5.197,0.0,1.0
2019-10-08,5.232,5.232,0.0,1.0
2019-10-09,5.266,5.266,0.0,1.0
2019-10-10,5.279,5.279,0.0,1.0
2019-10-11,5.34,5.34,0.0,1.0
2019-10-14,5.403,5.403,0.0,1.0
2019-10-15,5.403,5.403,0.0,1.0
2019-10-16,5.388,5.388,0.0,1.0
2019-10-17,5.388,5.388,0.0,1.0
2019-10-18,5.318,5.318,0.0,1.0
2019-10-21,5.345,5.345,0.0,1.0
2019-10-22,5.33,5.33,0.0,1.0
2019-10-23,5.317,5.317,0.0,1.0
2019-10-24,5.347,5.347,0.0,1.0
2019-10-25,5.338,5.338,0.0,1.0
2019-10-28,5.347,5.347,0.0,1.0
2019-10-29,5.326,5.326,0.0,1.0
2019-10-30,5.295,5.295,0.0,1.0
2019-10-31,5.29,5.29,0.0,1.0
2019-11-01,5.382,5.382,0.0,1.0
2019-11-04,5.419,5.419,0.0,1.0
2019-11-05,5.45,5.45,0.0,1.0
2019-11-06,5.45,5.45,0.0,1.0
2019-11-07,5.462,5.462,0.0,1.0
2019-11-08,5.428,5.428,0.0,1.0
2019-11-11,5.351,5.351,0.0,1.0
2019-11-12,5.331,5.331,0.0,1.0
2019-11-13,5.306,5.306,0.0,1.0
2019-11-14,5.299,5.299,0.0,1.0
2019-11-15,5.275,5.275,0.0,1.0
2019-11-18,5.341,5.341,0.0,1.0
2019-11-19,5.397,5.397,0.0,1.0
2019-11-20,5.318,5.318,0.0,1.0
2019-11-21,5.31,5.31,0.0,1.0
2019-11-22,5.301,5.301,0.0,1.0
2019-11-25,5.399,5.399,0.0,1.0
2019-11-26,5.388,5.388,0.0,1.0
2019-11-27,5.368,5.368,0.0,1.0
2019-11-28,5.345,5.345,0.0,1.0
2019-11-29,5.308,5.308,0.0,1.0
2019-12-02,5.317,5.317,0.0,1.0
2019-12-03,5.329,5.329,0.0,1.0
2019-12-04,5.307,5.307,0.0,1.0
2019-12-05,5.326,5.326,0.0,1.0
2019-12-06,5.326,5.326,0.0,1.0
2019-12-09,5.358,5.358,0.0,1.0
2019-12-10,5.352,5.352,0.0,1.0
2019-12-11,5.402,5.402,0.0,1.0
2019-12-12,5.393,5.393,0.0,1.0
2019-12-13,5.478,5.478,0.0,1.0
2019-12-16,5.48,5.48,0.0,1.0
2019-12-17,5.537,5.537,0.0,1.0
2019-12-18,5.535,5.535,0.0,1.0
2019-12-19,5.536,5.536,0.0,1.0
2019-12-20,5.537,5.537,0.0,1.0
2019-12-23,5.494,5.494,0.0,1.0
2019-12-24,5.508,5.508,0.0,1.0
2019-12-25,5.467,5.467,0.0,1.0
2019-12-26,5.526,5.526,0.0,1.0
2019-12-27,5.542,5.542,0.0,1.0
2019-12-30,5.585,5.585,0.0,1.0
2019-12-31,5.593,5.593,0.0,1.0
2020-01-02,5.675,5.675,0.0,1.0
2020-01-03,5.678,5.678,0.0,1.0
2020-01-06,5.649,5.649,0.0,1.0
2020-01-07,5.685,5.685,0.0,1.0
2020-01-08,5.612,5.612,0.0,1.0
2020-01-09,5.637,5.637,0.0,1.0
2020-01-10,5.618,5.618,0.0,1.0
2020-01-13,5.648,5.648,0.0,1.0
2020-01-14,5.65,5.65,0.0,1.0
2020-01-15,5.604,5.604,0.0,1.0
2020-01-16,5.566,5.566,0.0,1.0
2020-01-17,5.575,5.575,0.0,1.0
2020-01-20,5.603,5.603,0.0,1.0
2020-01-21,5.53,5.53,0.0,1.0
2020-01-22,5.539,5.539,0.0,1.0
2020-01-23,5.395,5.395,0.0,1.0
2020-02-03,4.965,4.965,0.0,1.0
2020-02-04,5.139,5.139,0.0,1.0
2020-02-05,5.153,5.153,0.0,1.0
2020-02-06,5.198,5.198,0.0,1.0
2020-02-07,5.198,5.198,0.0,1.0
2020-02-10,5.214,5.214,0.0,1.0
2020-02-11,5.251,5.251,0.0,1.0
2020-02-12,5.26,5.26,0.0,1.0
2020-02-13,5.258,5.258,0.0,1.0
2020-02-14,5.284,5.284,0.0,1.0
2020-02-17,5.38,5.38,0.0,1.0
2020-02-18,5.334,5.334,0.0,1.0
2020-02-19,5.346,5.346,0.0,1.0
2020-02-20,5.411,5.411,0.0,1.0
2020-02-21,5.389,5.389,0.0,1.0
2020-02-24,5.37,5.37,0.0,1.0
2020-02-25,5.328,5.328,0.0,1.0
2020-02-26,5.369,5.369,0.0,1.0
2020-02-27,5.358,5.358,0.0,1.0
2020-02-28,5.269,5.269,0.0,1.0
2020-03-02,5.433,5.433,0.0,1.0
2020-03-03,5.43,5.43,0.0,1.0
2020-03-04,5.461,5.461,0.0,1.0
2020-03-05,5.566,5.566,0.0,1.0
2020-03-06,5.465,5.465,0.0,1.0
2020-03-09,5.322,5.322,0.0,1.0
2020-03-10,5.395,5.395,0.0,1.0
2020-03-11,5.362,5.362,0.0,1.0
2020-03-12,5.29,5.29,0.0,1.0
2020-03-13,5.19,5.19,0.0,1.0
2020-03-16,5.064,5.064,0.0,1.0
2020-03-17,5.055,5.055,0.0,1.0
2020-03-18,4.956,4.956,0.0,1.0
2020-03-19,4.8,4.8,0.0,1.0
2020-03-20,4.936,4.936,0.0,1.0
2020-03-23,4.807,4.807,0.0,1.0
2020-03-24,4.95,4.95,0.0,1.0
2020-03-25,5.031,5.031,0.0,1.0
2020-03-26,5.023,5.023,0.0,1.0
2020-03-27,5.043,5.043,0.0,1.0
2020-03-30,5.046,5.046,0.0,1.0
2020-03-31,5.0,5.0,0.0,1.0
2020-04-01,4.991,4.991,0.0,1.0
2020-04-02,5.017,5.017,0.0,1.0
2020-04-03,4.99,4.99,0.0,1.0
2020-04-07,5.064,5.064,0.0,1.0
2020-04-08,5.027,5.027,0.0,1.0
2020-04-09,5.044,5.044,0.0,1.0
2020-04-10,5.03,5.03,0.0,1.0
2020-04-13,4.998,4.998,0.0,1.0
2020-04-14,5.069,5.069,0.0,1.0
2020-04-15,5.036,5.036,0.0,1.0
2020-04-16,5.022,5.022,0.0,1.0
2020-04-17,5.094,5.094,0.0,1.0
2020-04-20,5.081,5.081,0.0,1.0
2020-04-21,5.05,5.05,0.0,1.0
2020-04-22,5.05,5.05,0.0,1.0
2020-04-23,5.048,5.048,0.0,1.0
2020-04-24,5.01,5.01,0.0,1.0
2020-04-27,5.068,5.068,0.0,1.0
2020-04-28,5.083,5.083,0.0,1.0
2020-04-29,5.15,5.15,0.0,1.0
2020-04-30,5.207,5.207,0.0,1.0
2020-05-06,5.189,5.189,0.0,1.0
2020-05-07,5.161,5.161,0.0,1.0
2020-05-08,5.201,5.201,0.0,1.0
2020-05-11,5.197,5.197,0.0,1.0
2020-05-12,5.182,5.182,0.0,1.0
2020-05-13,5.163,5.163,0.0,1.0
2020-05-14,5.115,5.115,0.0,1.0
2020-05-15,5.1,5.1,0.0,1.0
2020-05-18,5.12,5.12,0.0,1.0
2020-05-19,5.148,5.148,0.0,1.0
2020-05-20,5.148,5.148,0.0,1.0
2020-05-21,5.122,5.122,0.0,1.0
2020-05-22,5.04,5.04,0.0,1.0
2020-05-25,5.023,5.023,0.0,1.0
2020-05-26,5.045,5.045,0.0,1.0
2020-05-27,5.065,5.065,0.0,1.0
2020-05-28,5.107,5.107,0.0,1.0
2020-05-29,5.065,5.065,0.0,1.0
2020-06-01,5.148,5.148,0.0,1.0
2020-06-02,5.19,5.19,0.0,1.0
2020-06-03,5.208,5.208,0.0,1.0
2020-06-04,5.186,5.186,0.0,1.0
2020-06-05,5.178,5.178,0.0,1.0
2020-06-08,5.225,5.225,0.0,1.0
2020-06-09,5.236,5.236,0.0,1.0
2020-06-10,5.22,5.22,0.0,1.0
2020-06-11,5.158,5.158,0.0,1.0
2020-06-12,5.138,5.138,0.0,1.0
2020-06-15,5.099,5.099,0.0,1.0
2020-06-16,5.14,5.14,0.0,1.0
2020-06-17,5.14,5.14,0.0,1.0
2020-06-18,5.176,5.176,0.0,1.0
2020-06-19,5.175,5.175,0.0,1.0
2020-06-22,5.171,5.171,0.0,1.0
2020-06-23,5.151,5.151,0.0,1.0
2020-06-24,5.189,5.189,0.0,1.0
2020-06-29,5.161,5.161,0.0,1.0
2020-06-30,5.175,5.175,0.0,1.0
2020-07-01,5.324,5.324,0.0,1.0
2020-07-02,5.442,5.442,0.0,1.0
2020-07-03,5.573,5.573,0.0,1.0
2020-07-06,6.03,6.03,0.0,1.0
2020-07-07,5.944,5.944,0.0,1.0
2020-07-08,6.048,6.048,0.0,1.0
2020-07-09,6.006,6.006,0.0,1.0
2020-07-10,5.85,5.85,0.0,1.0
2020-07-13,5.893,5.893,0.0,1.0
2020-07-14,5.837,5.837,0.0,1.0
2020-07-15,5.808,5.808,0.0,1.0
2020-07-16,5.756,5.756,0.0,1.0
2020-07-17,5.904,5.904,0.0,1.0
2020-07-20,5.949,5.949,0.0,1.0
2020-07-21,5.875,5.875,0.0,1.0
2020-07-22,5.917,5.917,0.0,1.0
2020-07-23,5.845,5.845,0.0,1.0
2020-07-24,5.698,5.698,0.0,1.0
2020-07-27,5.667,5.667,0.0,1.0
2020-07-28,5.673,5.673,0.0,1.0
2020-07-29,5.748,5.748,0.0,1.0
2020-07-30,5.744,5.744,0.0,1.0
2020-07-31,5.723,5.723,0.0,1.0
2020-08-03,5.792,5.792,0.0,1.0
2020-08-04,5.912,5.912,0.0,1.0
2020-08-05,5.908,5.908,0.0,1.0
2020-08-06,5.87,5.87,0.0,1.0
2020-08-07,5.823,5.823,0.0,1.0
2020-08-10,5.898,5.898,0.0,1.0
2020-08-11,5.873,5.873,0.0,1.0
2020-08-12,5.88,5.88,0.0,1.0
2020-08-13,5.902,5.902,0.0,1.0
2020-08-14,5.961,5.961,0.0,1.0
2020-08-17,6.128,6.128,0.0,1.0
2020-08-18,6.084,6.084,0.0,1.0
2020-08-19,6.046,6.046,0.0,1.0
2020-08-20,5.97,5.97,0.0,1.0
2020-08-21,5.989,5.989,0.0,1.0
2020-08-24,5.988,5.988,0.0,1.0
2020-08-25,5.948,5.948,0.0,1.0
2020-08-26,5.9,5.9,0.0,1.0
2020-08-27,5.892,5.892,0.0,1.0
2020-08-28,6.039,6.039,0.0,1.0
2020-08-31,5.982,5.982,0.0,1.0
2020-09-01,5.973,5.973,0.0,1.0
2020-09-02,5.941,5.941,0.0,1.0
2020-09-03,5.954,5.954,0.0,1.0
2020-09-04,5.923,5.923,0.0,1.0
2020-09-07,5.91,5.91,0.0,1.0
2020-09-08,6.006,6.006,0.0,1.0
2020-09-09,5.942,5.942,0.0,1.0
2020-09-10,5.933,5.933,0.0,1.0
2020-09-11,5.914,5.914,0.0,1.0
2020-09-14,5.954,5.954,0.0,1.0
2020-09-15,5.975,5.975,0.0,1.0
2020-09-16,5.975,5.975,0.0,1.0
2020-09-17,5.99,5.99,0.0,1.0
2020-09-18,6.11,6.11,0.0,1.0
2020-09-21,6.082,6.082,0.0,1.0
2020-09-22,5.998,5.998,0.0,1.0
2020-09-23,5.966,5.966,0.0,1.0
2020-09-24,5.883,5.883,0.0,1.0
2020-09-25,5.872,5.872,0.0,1.0
2020-09-28,5.953,5.953,0.0,1.0
2020-09-29,5.865,5.865,0.0,1.0
2020-09-30,5.832,5.832,0.0,1.0
2020-10-09,5.891,5.891,0.0,1.0
2020-10-12,6.031,6.031,0.0,1.0
2020-10-13,6.041,6.041,0.0,1.0
2020-10-14,6.02,6.02,0.0,1.0
2020-10-15,6.063,6.063,0.0,1.0
2020-10-16,6.115,6.115,0.0,1.0
2020-10-19,6.096,6.096,0.0,1.0
2020-10-20,6.087,6.087,0.0,1.0
2020-10-21,6.161,6.161,0.0,1.0
2020-10-22,6.149,6.149,0.0,1.0
2020-10-23,6.19,6.19,0.0,1.0
2020-10-26,6.091,6.091,0.0,1.0
2020-10-27,6.081,6.081,0.0,1.0
2020-10-28,6.06,6.06,0.0,1.0
2020-10-29,6.077,6.077,0.0,1.0
2020-10-30,5.983,5.983,0.0,1.0
2020-11-02,6.0,6.0,0.0,1.0
2020-11-03,6.065,6.065,0.0,1.0
2020-11-04,6.138,6.138,0.0,1.0
2020-11-05,6.204,6.204,0.0,1.0
2020-11-06,6.226,6.226,0.0,1.0
2020-11-09,6.283,6.283,0.0,1.0
2020-11-10,6.289,6.289,0.0,1.0
2020-11-11,6.335,6.335,0.0,1.0
2020-11-12,6.284,6.284,0.0,1.0
2020-11-13,6.181,6.181,0.0,1.0
2020-11-16,6.238,6.238,0.0,1.0
2020-11-17,6.293,6.293,0.0,1.0
2020-11-18,6.359,6.359,0.0,1.0
2020-11-19,6.37,6.37,0.0,1.0
2020-11-20,6.365,6.365,0.0,1.0
2020-11-23,6.46,6.46,0.0,1.0
2020-11-24,6.41,6.41,0.0,1.0
2020-11-25,6.387,6.387,0.0,1.0
2020-11-26,6.45,6.45,0.0,1.0
2020-11-27,6.559,6.559,0.0,1.0
2020-11-30,6.549,6.549,0.0,1.0
2020-12-01,6.654,6.654,0.0,1.0
2020-12-02,6.64,6.64,0.0,1.0
2020-12-03,6.599,6.599,0.0,1.0
2020-12-04,6.548,6.548,0.0,1.0
2020-12-07,6.421,6.421,0.0,1.0
2020-12-08,6.378,6.378,0.0,1.0
2020-12-09,6.352,6.352,0.0,1.0
2020-12-10,6.323,6.323,0.0,1.0
2020-12-11,6.267,6.267,0.0,1.0
2020-12-14,6.298,6.298,0.0,1.0
2020-12-15,6.25,6.25,0.0,1.0
2020-12-16,6.25,6.25,0.0,1.0
2020-12-17,6.32,6.32,0.0,1.0
2020-12-18,6.285,6.285,0.0,1.0
2020-12-21,6.264,6.264,0.0,1.0
2020-12-22,6.134,6.134,0.0,1.0
2020-12-23,6.139,6.139,0.0,1.0
2020-12-24,6.155,6.155,0.0,1.0
2020-12-25,6.186,6.186,0.0,1.0
2020-12-28,6.212,6.212,0.0,1.0
2020-12-29,6.193,6.193,0.0,1.0
2020-12-30,6.198,6.198,0.0,1.0
2020-12-31,6.279,6.279,0.0,1.0
2021-01-04,6.241,6.241,0.0,1.0
2021-01-05,6.235,6.235,0.0,1.0
2021-01-06,6.248,6.248,0.0,1.0
2021-01-07,6.309,6.309,0.0,1.0
2021-01-08,6.376,6.376,0.0,1.0
2021-01-11,6.371,6.371,0.0,1.0
2021-01-12,6.46,6.46,0.0,1.0
2021-01-13,6.483,6.483,0.0,1.0
2021-01-14,6.488,6.488,0.0,1.0
2021-01-15,6.585,6.585,0.0,1.0
2021-01-18,6.624,6.624,0.0,1.0
2021-01-19,6.613,6.613,0.0,1.0
2021-01-20,6.598,6.598,0.0,1.0
2021-01-21,6.571,6.571,0.0,1.0
2021-01-22,6.483,6.483,0.0,1.0
2021-01-25,6.5,6.5,0.0,1.0
2021-01-26,6.445,6.445,0.0,1.0
2021-01-27,6.473,6.473,0.0,1.0
2021-01-28,6.355,6.355,0.0,1.0
2021-01-29,6.343,6.343,0.0,1.0
2021-02-01,6.393,6.393,0.0,1.0
2021-02-02,6.411,6.411,0.0,1.0
2021-02-03,6.41,6.41,0.0,1.0
2021-02-04,6.401,6.401,0.0,1.0
2021-02-05,6.48,6.48,0.0,1.0
2021-02-08,6.547,6.547,0.0,1.0
2021-02-09,6.582,6.582,0.0,1.0
2021-02-10,6.606,6.606,0.0,1.0
2021-02-18,6.746,6.746,0.0,1.0
2021-02-19,6.814,6.814,0.0,1.0
2021-02-22,6.776,6.776,0.0,1.0
2021-02-23,6.775,6.775,0.0,1.0
2021-02-24,6.664,6.664,0.0,1.0
2021-02-25,6.83,6.83,0.0,1.0
2021-02-26,6.648,6.648,0.0,1.0
2021-03-01,6.631,6.631,0.0,1.0
2021-03-02,6.59,6.59,0.0,1.0
2021-03-03,6.794,6.794,0.0,1.0
2021-03-04,6.728,6.728,0.0,1.0
2021-03-05,6.689,6.689,0.0,1.0
2021-03-08,6.621,6.621,0.0,1.0
2021-03-09,6.535,6.535,0.0,1.0
2021-03-10,6.51,6.51,0.0,1.0
2021-03-11,6.666,6.666,0.0,1.0
2021-03-12,6.763,6.763,0.0,1.0
2021-03-15,6.758,6.758,0.0,1.0
2021-03-16,6.819,6.819,0.0,1.0
2021-03-17,6.738,6.738,0.0,1.0
2021-03-18,6.714,6.714,0.0,1.0
2021-03-19,6.734,6.734,0.0,1.0
2021-03-22,6.64,6.64,0.0,1.0
2021-03-23,6.611,6.611,0.0,1.0
2021-03-24,6.498,6.498,0.0,1.0
2021-03-25,6.49,6.49,0.0,1.0
2021-03-26,6.572,6.572,0.0,1.0
2021-03-29,6.571,6.571,0.0,1.0
2021-03-30,6.596,6.596,0.0,1.0
2021-03-31,6.607,6.607,0.0,1.0
2021-04-01,6.644,6.644,0.0,1.0
2021-04-02,6.577,6.577,0.0,1.0
2021-04-06,6.586,6.586,0.0,1.0
2021-04-07,6.58,6.58,0.0,1.0
2021-04-08,6.559,6.559,0.0,1.0
2021-04-09,6.521,6.521,0.0,1.0
2021-04-12,6.539,6.539,0.0,1.0
2021-04-13,6.48,6.48,0.0,1.0
2021-04-14,6.45,6.45,0.0,1.0
2021-04-15,6.397,6.397,0.0,1.0
2021-04-16,6.433,6.433,0.0,1.0
2021-04-19,6.52,6.52,0.0,1.0
2021-04-20,6.502,6.502,0.0,1.0
2021-04-21,6.523,6.523,0.0,1.0
2021-04-22,6.487,6.487,0.0,1.0
2021-04-23,6.51,6.51,0.0,1.0
2021-04-26,6.428,6.428,0.0,1.0
2021-04-27,6.409,6.409,0.0,1.0
2021-04-28,6.418,6.418,0.0,1.0
2021-04-29,6.53,6.53,0.0,1.0
2021-04-30,6.442,6.442,0.0,1.0
2021-05-06,6.478,6.478,0.0,1.0
2021-05-07,6.491,6.491,0.0,1.0
2021-05-10,6.479,6.479,0.0,1.0
2021-05-11,6.476,6.476,0.0,1.0
2021-05-12,6.495,6.495,0.0,1.0
2021-05-13,6.446,6.446,0.0,1.0
2021-05-14,6.563,6.563,0.0,1.0
2021-05-17,6.559,6.559,0.0,1.0
2021-05-18,6.58,6.58,0.0,1.0
2021-05-19,6.5,6.5,0.0,1.0
2021-05-20,6.523,6.523,0.0,1.0
2021-05-21,6.475,6.475,0.0,1.0
2021-05-24,6.484,6.484,0.0,1.0
2021-05-25,6.646,6.646,0.0,1.0
2021-05-26,6.711,6.711,0.0,1.0
2021-05-27,6.692,6.692,0.0,1.0
2021-05-28,6.693,6.693,0.0,1.0
2021-05-31,6.669,6.669,0.0,1.0
2021-06-01,6.648,6.648,0.0,1.0
2021-06-02,6.626,6.626,0.0,1.0
2021-06-03,6.617,6.617,0.0,1.0
2021-06-04,6.648,6.648,0.0,1.0
2021-06-07,6.611,6.611,0.0,1.0
2021-06-08,6.631,6.631,0.0,1.0
2021-06-09,6.621,6.621,0.0,1.0
2021-06-10,6.632,6.632,0.0,1.0
2021-06-11,6.586,6.586,0.0,1.0
2021-06-15,6.502,6.502,0.0,1.0
2021-06-16,6.514,6.514,0.0,1.0
2021-06-17,6.471,6.471,0.0,1.0
2021-06-21,0.798,6.38429750238,0.0,8.00037281
2021-06-22,0.805,6.44030011205,0.0,8.00037281
2021-06-23,0.806,6.448300484860001,0.0,8.00037281
2021-06-24,0.815,6.5203038401499995,0.0,8.00037281
2021-06-25,0.828,6.62430868668,0.0,8.00037281
2021-06-28,0.828,6.62430868668,0.0,8.00037281
2021-06-29,0.812,6.49630272172,0.0,8.00037281
2021-06-30,0.817,6.53630458577,0.0,8.00037281
2021-07-01,0.819,6.5523053313899995,0.0,8.00037281
2021-07-02,0.803,6.4242993664300005,0.0,8.00037281
2021-07-05,0.806,6.448300484860001,0.0,8.00037281
2021-07-06,0.815,6.5203038401499995,0.0,8.00037281
2021-07-07,0.814,6.51230346734,0.0,8.00037281
2021-07-08,0.8,6.400298248,0.0,8.00037281
2021-07-09,0.794,6.35229601114,0.0,8.00037281
2021-07-12,0.795,6.360296383950001,0.0,8.00037281
2021-07-13,0.802,6.416298993620001,0.0,8.00037281
2021-07-14,0.788,6.3042937742800005,0.0,8.00037281
2021-07-15,0.803,6.4242993664300005,0.0,8.00037281
2021-07-16,0.802,6.416298993620001,0.0,8.00037281
2021-07-19,0.799,6.392297875190001,0.0,8.00037281
2021-07-20,0.794,6.35229601114,0.0,8.00037281
2021-07-21,0.79,6.3202945199,0.0,8.00037281
2021-07-22,0.799,6.392297875190001,0.0,8.00037281
2021-07-23,0.798,6.38429750238,0.0,8.00037281
2021-07-26,0.773,6.18428818213,0.0,8.00037281
2021-07-27,0.759,6.07228296279,0.0,8.00037281
2021-07-28,0.757,6.05628221717,0.0,8.00037281
2021-07-29,0.757,6.05628221717,0.0,8.00037281
2021-07-30,0.754,6.03228109874,0.0,8.00037281
2021-08-02,0.769,6.1522866908900005,0.0,8.00037281
2021-08-03,0.77,6.1602870637,0.0,8.00037281
2021-08-04,0.769,6.1522866908900005,0.0,8.00037281
2021-08-05,0.774,6.19228855494,0.0,8.00037281
2021-08-06,0.77,6.1602870637,0.0,8.00037281
2021-08-09,0.788,6.3042937742800005,0.0,8.00037281
2021-08-10,0.794,6.35229601114,0.0,8.00037281
2021-08-11,0.802,6.416298993620001,0.0,8.00037281
2021-08-12,0.799,6.392297875190001,0.0,8.00037281
2021-08-13,0.8,6.400298248,0.0,8.00037281
2021-08-16,0.804,6.43229973924,0.0,8.00037281
2021-08-17,0.798,6.38429750238,0.0,8.00037281
2021-08-18,0.819,6.5523053313899995,0.0,8.00037281
2021-08-19,0.807,6.4563008576700005,0.0,8.00037281
2021-08-20,0.805,6.44030011205,0.0,8.00037281
2021-08-23,0.808,6.46430123048,0.0,8.00037281
2021-08-24,0.814,6.51230346734,0.0,8.00037281
2021-08-25,0.807,6.4563008576700005,0.0,8.00037281
2021-08-26,0.8,6.400298248,0.0,8.00037281
2021-08-27,0.807,6.4563008576700005,0.0,8.00037281
2021-08-30,0.799,6.392297875190001,0.0,8.00037281
2021-08-31,0.814,6.51230346734,0.0,8.00037281
2021-09-01,0.839,6.71231278759,0.0,8.00037281
2021-09-02,0.847,6.77631577007,0.0,8.00037281
2021-09-03,0.847,6.77631577007,0.0,8.00037281
2021-09-06,0.853,6.82431800693,0.0,8.00037281
2021-09-07,0.869,6.95232397189,0.0,8.00037281
2021-09-08,0.867,6.93632322627,0.0,8.00037281
2021-09-09,0.872,6.97632509032,0.0,8.00037281
2021-09-10,0.881,7.04832844561,0.0,8.00037281
2021-09-13,0.888,7.10433105528,0.0,8.00037281
2021-09-14,0.864,6.91232210784,0.0,8.00037281
2021-09-15,0.855,6.84031875255,0.0,8.00037281
2021-09-16,0.847,6.77631577007,0.0,8.00037281
2021-09-17,0.845,6.76031502445,0.0,8.00037281
2021-09-22,0.851,6.80831726131,0.0,8.00037281
2021-09-23,0.857,6.8563194981699995,0.0,8.00037281
2021-09-24,0.841,6.72831353321,0.0,8.00037281
2021-09-27,0.833,6.66431055073,0.0,8.00037281
2021-09-28,0.843,6.74431427883,0.0,8.00037281
2021-09-29,0.838,6.7043124147799995,0.0,8.00037281
2021-09-30,0.833,6.66431055073,0.0,8.00037281
2021-10-08,0.838,6.7043124147799995,0.0,8.00037281
2021-10-11,0.848,6.78431614288,0.0,8.00037281
2021-10-12,0.839,6.71231278759,0.0,8.00037281
2021-10-13,0.834,6.6723109235399995,0.0,8.00037281
2021-10-14,0.827,6.616308313869999,0.0,8.00037281
2021-10-15,0.832,6.65631017792,0.0,8.00037281
2021-10-18,0.832,6.65631017792,0.0,8.00037281
2021-10-19,0.839,6.71231278759,0.0,8.00037281
2021-10-20,0.833,6.66431055073,0.0,8.00037281
2021-10-21,0.847,6.77631577007,0.0,8.00037281
2021-10-22,0.836,6.68831166916,0.0,8.00037281
2021-10-25,0.849,6.79231651569,0.0,8.00037281
2021-10-26,0.846,6.768315397259999,0.0,8.00037281
2021-10-27,0.838,6.7043124147799995,0.0,8.00037281
2021-10-28,0.829,6.63230905949,0.0,8.00037281
2021-10-29,0.826,6.60830794106,0.0,8.00037281
2021-11-01,0.829,6.63230905949,0.0,8.00037281
2021-11-02,0.811,6.4883023489100005,0.0,8.00037281
2021-11-03,0.815,6.5203038401499995,0.0,8.00037281
2021-11-04,0.813,6.50430309453,0.0,8.00037281
2021-11-05,0.807,6.4563008576700005,0.0,8.00037281
2021-11-08,0.807,6.4563008576700005,0.0,8.00037281
2021-11-09,0.806,6.448300484860001,0.0,8.00037281
2021-11-10,0.801,6.40829862081,0.0,8.00037281
2021-11-11,0.818,6.54430495858,0.0,8.00037281
2021-11-12,0.813,6.50430309453,0.0,8.00037281
2021-11-15,0.813,6.50430309453,0.0,8.00037281
2021-11-16,0.807,6.4563008576700005,0.0,8.00037281
2021-11-17,0.805,6.44030011205,0.0,8.00037281
2021-11-18,0.8,6.400298248,0.0,8.00037281
2021-11-19,0.809,6.47230160329,0.0,8.00037281
2021-11-22,0.805,6.44030011205,0.0,8.00037281
2021-11-23,0.808,6.46430123048,0.0,8.00037281
2021-11-24,0.807,6.4563008576700005,0.0,8.00037281
2021-11-25,0.806,6.448300484860001,0.0,8.00037281
2021-11-26,0.795,6.360296383950001,0.0,8.00037281
2021-11-29,0.792,6.33629526552,0.0,8.00037281
2021-11-30,0.795,6.360296383950001,0.0,8.00037281
2021-12-01,0.802,6.416298993620001,0.0,8.00037281
2021-12-02,0.81,6.480301976100001,0.0,8.00037281
2021-12-03,0.815,6.5203038401499995,0.0,8.00037281
2021-12-06,0.82,6.560305704199999,0.0,8.00037281
2021-12-07,0.83,6.6403094323,0.0,8.00037281
2021-12-08,0.833,6.66431055073,0.0,8.00037281
2021-12-09,0.839,6.71231278759,0.0,8.00037281
2021-12-10,0.834,6.6723109235399995,0.0,8.00037281
2021-12-13,0.837,6.69631204197,0.0,8.00037281
2021-12-14,0.827,6.616308313869999,0.0,8.00037281
2021-12-15,0.83,6.6403094323,0.0,8.00037281
2021-12-16,0.839,6.71231278759,0.0,8.00037281
2021-12-17,0.835,6.680311296349999,0.0,8.00037281
2021-12-20,0.829,6.63230905949,0.0,8.00037281
2021-12-21,0.837,6.69631204197,0.0,8.00037281
2021-12-22,0.831,6.648309805109999,0.0,8.00037281
2021-12-23,0.837,6.69631204197,0.0,8.00037281
2021-12-24,0.829,6.63230905949,0.0,8.00037281
2021-12-27,0.829,6.63230905949,0.0,8.00037281
2021-12-28,0.83,6.6403094323,0.0,8.00037281
2021-12-29,0.825,6.60030756825,0.0,8.00037281
2021-12-30,0.83,6.6403094323,0.0,8.00037281
2021-12-31,0.83,6.6403094323,0.0,8.00037281
2022-01-04,0.836,6.68831166916,0.0,8.00037281
2022-01-05,0.837,6.69631204197,0.0,8.00037281
2022-01-06,0.832,6.65631017792,0.0,8.00037281
2022-01-07,0.847,6.77631577007,0.0,8.00037281
2022-01-10,0.85,6.800316888499999,0.0,8.00037281
2022-01-11,0.851,6.80831726131,0.0,8.00037281
2022-01-12,0.849,6.79231651569,0.0,8.00037281
2022-01-13,0.849,6.79231651569,0.0,8.00037281
2022-01-14,0.83,6.6403094323,0.0,8.00037281
2022-01-17,0.832,6.65631017792,0.0,8.00037281
2022-01-18,0.845,6.76031502445,0.0,8.00037281
2022-01-19,0.852,6.81631763412,0.0,8.00037281
2022-01-20,0.864,6.91232210784,0.0,8.00037281
2022-01-21,0.856,6.84831912536,0.0,8.00037281
2022-01-24,0.857,6.8563194981699995,0.0,8.00037281
2022-01-25,0.837,6.69631204197,0.0,8.00037281
2022-01-26,0.844,6.75231465164,0.0,8.00037281
2022-01-27,0.836,6.68831166916,0.0,8.00037281
2022-01-28,0.825,6.60030756825,0.0,8.00037281
2022-02-07,0.85,6.800316888499999,0.0,8.00037281
2022-02-08,0.865,6.92032248065,0.0,8.00037281
2022-02-09,0.865,6.92032248065,0.0,8.00037281
2022-02-10,0.873,6.98432546313,0.0,8.00037281
2022-02-11,0.878,7.02432732718,0.0,8.00037281
2022-02-14,0.859,6.87232024379,0.0,8.00037281
2022-02-15,0.853,6.82431800693,0.0,8.00037281
2022-02-16,0.86,6.8803206166,0.0,8.00037281
2022-02-17,0.855,6.84031875255,0.0,8.00037281
2022-02-18,0.868,6.94432359908,0.0,8.00037281
2022-02-21,0.868,6.94432359908,0.0,8.00037281
2022-02-22,0.856,6.84831912536,0.0,8.00037281
2022-02-23,0.85,6.800316888499999,0.0,8.00037281
2022-02-24,0.841,6.72831353321,0.0,8.00037281
2022-02-25,0.831,6.648309805109999,0.0,8.00037281
2022-02-28,0.836,6.68831166916,0.0,8.00037281
2022-03-01,0.84,6.7203131604,0.0,8.00037281
2022-03-02,0.842,6.7363139060199995,0.0,8.00037281
2022-03-03,0.85,6.800316888499999,0.0,8.00037281
2022-03-04,0.841,6.72831353321,0.0,8.00037281
2022-03-07,0.828,6.62430868668,0.0,8.00037281
2022-03-08,0.808,6.46430123048,0.0,8.00037281
2022-03-09,0.796,6.36829675676,0.0,8.00037281
2022-03-10,0.799,6.392297875190001,0.0,8.00037281
2022-03-11,0.799,6.392297875190001,0.0,8.00037281
2022-03-14,0.785,6.28029265585,0.0,8.00037281
2022-03-15,0.742,5.93627662502,0.0,8.00037281
2022-03-16,0.761,6.08828370841,0.0,8.00037281
2022-03-17,0.774,6.19228855494,0.0,8.00037281
2022-03-18,0.796,6.36829675676,0.0,8.00037281
2022-03-21,0.788,6.3042937742800005,0.0,8.00037281
2022-03-22,0.798,6.38429750238,0.0,8.00037281
2022-03-23,0.793,6.34429563833,0.0,8.00037281
2022-03-24,0.793,6.34429563833,0.0,8.00037281
2022-03-25,0.792,6.33629526552,0.0,8.00037281
2022-03-28,0.791,6.328294892710001,0.0,8.00037281
2022-03-29,0.791,6.328294892710001,0.0,8.00037281
2022-03-30,0.805,6.44030011205,0.0,8.00037281
2022-03-31,0.809,6.47230160329,0.0,8.00037281
2022-04-01,0.82,6.560305704199999,0.0,8.00037281
2022-04-06,0.831,6.648309805109999,0.0,8.00037281
2022-04-07,0.822,6.57630644982,0.0,8.00037281
2022-04-08,0.828,6.62430868668,0.0,8.00037281
2022-04-11,0.82,6.560305704199999,0.0,8.00037281
2022-04-12,0.821,6.56830607701,0.0,8.00037281
2022-04-13,0.815,6.5203038401499995,0.0,8.00037281
2022-04-14,0.822,6.57630644982,0.0,8.00037281
2022-04-15,0.827,6.616308313869999,0.0,8.00037281
2022-04-18,0.805,6.44030011205,0.0,8.00037281
2022-04-19,0.804,6.43229973924,0.0,8.00037281
2022-04-20,0.795,6.360296383950001,0.0,8.00037281
2022-04-21,0.787,6.29629340147,0.0,8.00037281
2022-04-22,0.795,6.360296383950001,0.0,8.00037281
2022-04-25,0.769,6.1522866908900005,0.0,8.00037281
2022-04-26,0.777,6.21628967337,0.0,8.00037281
2022-04-27,0.761,6.08828370841,0.0,8.00037281
2022-04-28,0.78,6.240290791800001,0.0,8.00037281
2022-04-29,0.783,6.26429191023,0.0,8.00037281
2022-05-05,0.782,6.25629153742,0.0,8.00037281
2022-05-06,0.762,6.09628408122,0.0,8.00037281
2022-05-09,0.759,6.07228296279,0.0,8.00037281
2022-05-10,0.762,6.09628408122,0.0,8.00037281
2022-05-11,0.761,6.08828370841,0.0,8.00037281
2022-05-12,0.756,6.04828184436,0.0,8.00037281
2022-05-13,0.767,6.13628594527,0.0,8.00037281
2022-05-16,0.765,6.1202851996500005,0.0,8.00037281
2022-05-17,0.768,6.14428631808,0.0,8.00037281
2022-05-18,0.763,6.10428445403,0.0,8.00037281
2022-05-19,0.764,6.11228482684,0.0,8.00037281
2022-05-20,0.777,6.21628967337,0.0,8.00037281
2022-05-23,0.773,6.18428818213,0.0,8.00037281
2022-05-24,0.765,6.1202851996500005,0.0,8.00037281
2022-05-25,0.768,6.14428631808,0.0,8.00037281
2022-05-26,0.77,6.1602870637,0.0,8.00037281
2022-05-27,0.779,6.23229041899,0.0,8.00037281
2022-05-30,0.774,6.19228855494,0.0,8.00037281
2022-05-31,0.777,6.21628967337,0.0,8.00037281
2022-06-01,0.776,6.208289300560001,0.0,8.00037281
2022-06-02,0.773,6.18428818213,0.0,8.00037281
2022-06-06,0.773,6.18428818213,0.0,8.00037281
2022-06-07,0.776,6.208289300560001,0.0,8.00037281
2022-06-08,0.78,6.240290791800001,0.0,8.00037281
2022-06-09,0.785,6.28029265585,0.0,8.00037281
2022-06-10,0.789,6.31229414709,0.0,8.00037281
2022-06-13,0.776,6.208289300560001,0.0,8.00037281
2022-06-14,0.79,6.3202945199,0.0,8.00037281
2022-06-15,0.808,6.46430123048,0.0,8.00037281
2022-06-16,0.794,6.35229601114,0.0,8.00037281
2022-06-17,0.794,6.35229601114,0.0,8.00037281
2022-06-20,0.789,6.31229414709,0.0,8.00037281
2022-06-21,0.794,6.35229601114,0.0,8.00037281
2022-06-22,0.785,6.28029265585,0.0,8.00037281
2022-06-23,0.795,6.360296383950001,0.0,8.00037281
2022-06-24,0.795,6.360296383950001,0.0,8.00037281
2022-06-27,0.799,6.392297875190001,0.0,8.00037281
2022-06-28,0.804,6.43229973924,0.0,8.00037281
2022-06-29,0.803,6.4242993664300005,0.0,8.00037281
2022-06-30,0.808,6.46430123048,0.0,8.00037281
2022-07-01,0.808,6.46430123048,0.0,8.00037281
2022-07-04,0.807,6.4563008576700005,0.0,8.00037281
2022-07-05,0.812,6.49630272172,0.0,8.00037281
2022-07-06,0.797,6.37629712957,0.0,8.00037281
2022-07-07,0.799,6.392297875190001,0.0,8.00037281
2022-07-08,0.799,6.392297875190001,0.0,8.00037281
2022-07-11,0.793,6.34429563833,0.0,8.00037281
2022-07-12,0.798,6.38429750238,0.0,8.00037281
2022-07-13,0.791,6.328294892710001,0.0,8.00037281
2022-07-14,0.778,6.22429004618,0.0,8.00037281
2022-07-15,0.767,6.13628594527,0.0,8.00037281
2022-07-18,0.778,6.22429004618,0.0,8.00037281
2022-07-19,0.778,6.22429004618,0.0,8.00037281
2022-07-20,0.78,6.240290791800001,0.0,8.00037281
2022-07-21,0.769,6.1522866908900005,0.0,8.00037281
2022-07-22,0.771,6.16828743651,0.0,8.00037281
2022-07-25,0.77,6.1602870637,0.0,8.00037281
2022-07-26,0.777,6.21628967337,0.0,8.00037281
2022-07-27,0.771,6.16828743651,0.0,8.00037281
2022-07-28,0.773,6.18428818213,0.0,8.00037281
2022-07-29,0.765,6.1202851996500005,0.0,8.00037281
2022-08-01,0.76,6.0802833356,0.0,8.00037281
2022-08-02,0.745,5.96027774345,0.0,8.00037281
2022-08-03,0.737,5.89627476097,0.0,8.00037281
2022-08-04,0.744,5.95227737064,0.0,8.00037281
2022-08-05,0.751,6.00827998031,0.0,8.00037281
2022-08-08,0.752,6.01628035312,0.0,8.00037281
2022-08-09,0.75,6.0002796075,0.0,8.00037281
2022-08-10,0.744,5.95227737064,0.0,8.00037281
2022-08-11,0.758,6.06428258998,0.0,8.00037281
2022-08-12,0.762,6.09628408122,0.0,8.00037281
2022-08-15,0.759,6.07228296279,0.0,8.00037281
2022-08-16,0.756,6.04828184436,0.0,8.00037281
2022-08-17,0.763,6.10428445403,0.0,8.00037281
2022-08-18,0.754,6.03228109874,0.0,8.00037281
2022-08-19,0.761,6.08828370841,0.0,8.00037281
2022-08-22,0.763,6.10428445403,0.0,8.00037281
2022-08-23,0.76,6.0802833356,0.0,8.00037281
2022-08-24,0.757,6.05628221717,0.0,8.00037281
2022-08-25,0.773,6.18428818213,0.0,8.00037281
2022-08-26,0.769,6.1522866908900005,0.0,8.00037281
2022-08-29,0.766,6.12828557246,0.0,8.00037281
2022-08-30,0.767,6.13628594527,0.0,8.00037281
2022-08-31,0.773,6.18428818213,0.0,8.00037281
2022-09-01,0.772,6.17628780932,0.0,8.00037281
2022-09-02,0.769,6.1522866908900005,0.0,8.00037281
2022-09-05,0.776,6.208289300560001,0.0,8.00037281
2022-09-06,0.78,6.240290791800001,0.0,8.00037281
2022-09-07,0.777,6.21628967337,0.0,8.00037281
2022-09-08,0.777,6.21628967337,0.0,8.00037281
2022-09-09,0.788,6.3042937742800005,0.0,8.00037281
2022-09-13,0.79,6.3202945199,0.0,8.00037281
2022-09-14,0.784,6.2722922830400005,0.0,8.00037281
2022-09-15,0.789,6.31229414709,0.0,8.00037281
2022-09-16,0.766,6.12828557246,0.0,8.00037281
2022-09-19,0.766,6.12828557246,0.0,8.00037281
2022-09-20,0.759,6.07228296279,0.0,8.00037281
2022-09-21,0.761,6.08828370841,0.0,8.00037281
2022-09-22,0.759,6.07228296279,0.0,8.00037281
2022-09-23,0.759,6.07228296279,0.0,8.00037281
2022-09-26,0.748,5.98427886188,0.0,8.00037281
2022-09-27,0.75,6.0002796075,0.0,8.00037281
2022-09-28,0.743,5.94427699783,0.0,8.00037281
2022-09-29,0.736,5.88827438816,0.0,8.00037281
2022-09-30,0.743,5.94427699783,0.0,8.00037281
2022-10-10,0.739,5.91227550659,0.0,8.00037281
2022-10-11,0.736,5.88827438816,0.0,8.00037281
2022-10-12,0.744,5.95227737064,0.0,8.00037281
2022-10-13,0.734,5.87227364254,0.0,8.00037281
2022-10-14,0.742,5.93627662502,0.0,8.00037281
2022-10-17,0.741,5.92827625221,0.0,8.00037281
2022-10-18,0.739,5.91227550659,0.0,8.00037281
2022-10-19,0.731,5.8482725241099995,0.0,8.00037281
2022-10-20,0.728,5.82427140568,0.0,8.00037281
2022-10-21,0.727,5.81627103287,0.0,8.00037281
2022-10-24,0.709,5.672264322289999,0.0,8.00037281
2022-10-25,0.708,5.66426394948,0.0,8.00037281
2022-10-26,0.704,5.63226245824,0.0,8.00037281
2022-10-27,0.704,5.63226245824,0.0,8.00037281
2022-10-28,0.693,5.5442583573299995,0.0,8.00037281
2022-10-31,0.681,5.4482538836100005,0.0,8.00037281
2022-11-01,0.693,5.5442583573299995,0.0,8.00037281
2022-11-02,0.697,5.5762598485699995,0.0,8.00037281
2022-11-03,0.691,5.52825761171,0.0,8.00037281
2022-11-04,0.707,5.65626357667,0.0,8.00037281
2022-11-07,0.71,5.6802646951,0.0,8.00037281
2022-11-08,0.709,5.672264322289999,0.0,8.00037281
2022-11-09,0.706,5.64826320386,0.0,8.00037281
2022-11-10,0.708,5.66426394948,0.0,8.00037281
2022-11-11,0.73,5.8402721513,0.0,8.00037281
2022-11-14,0.737,5.89627476097,0.0,8.00037281
2022-11-15,0.743,5.94427699783,0.0,8.00037281
2022-11-16,0.742,5.93627662502,0.0,8.00037281
2022-11-17,0.738,5.90427513378,0.0,8.00037281
2022-11-18,0.733,5.86427326973,0.0,8.00037281
2022-11-21,0.729,5.83227177849,0.0,8.00037281
2022-11-22,0.746,5.96827811626,0.0,8.00037281
2022-11-23,0.75,6.0002796075,0.0,8.00037281
2022-11-24,0.745,5.96027774345,0.0,8.00037281
2022-11-25,0.764,6.11228482684,0.0,8.00037281
2022-11-28,0.751,6.00827998031,0.0,8.00037281
2022-11-29,0.777,6.21628967337,0.0,8.00037281
2022-11-30,0.776,6.208289300560001,0.0,8.00037281
2022-12-01,0.775,6.20028892775,0.0,8.00037281
2022-12-02,0.769,6.1522866908900005,0.0,8.00037281
2022-12-05,0.798,6.38429750238,0.0,8.00037281
2022-12-06,0.795,6.360296383950001,0.0,8.00037281
2022-12-07,0.784,6.2722922830400005,0.0,8.00037281
2022-12-08,0.786,6.28829302866,0.0,8.00037281
2022-12-09,0.793,6.34429563833,0.0,8.00037281
2022-12-12,0.777,6.21628967337,0.0,8.00037281
2022-12-13,0.776,6.208289300560001,0.0,8.00037281
2022-12-14,0.777,6.21628967337,0.0,8.00037281
2022-12-15,0.772,6.17628780932,0.0,8.00037281
2022-12-16,0.78,6.240290791800001,0.0,8.00037281
2022-12-19,0.765,6.1202851996500005,0.0,8.00037281
2022-12-20,0.754,6.03228109874,0.0,8.00037281
2022-12-21,0.756,6.04828184436,0.0,8.00037281
2022-12-22,0.757,6.05628221717,0.0,8.00037281
2022-12-23,0.757,6.05628221717,0.0,8.00037281
2022-12-26,0.754,6.03228109874,0.0,8.00037281
2022-12-27,0.764,6.11228482684,0.0,8.00037281
2022-12-28,0.765,6.1202851996500005,0.0,8.00037281
2022-12-29,0.758,6.06428258998,0.0,8.00037281
2022-12-30,0.764,6.11228482684,0.0,8.00037281
2023-01-03,0.77,6.1602870637,0.0,8.00037281
2023-01-04,0.781,6.24829116461,0.0,8.00037281
2023-01-05,0.784,6.2722922830400005,0.0,8.00037281
2023-01-06,0.784,6.2722922830400005,0.0,8.00037281
2023-01-09,0.787,6.29629340147,0.0,8.00037281
2023-01-10,0.777,6.21628967337,0.0,8.00037281
2023-01-11,0.785,6.28029265585,0.0,8.00037281
2023-01-12,0.787,6.29629340147,0.0,8.00037281
2023-01-13,0.795,6.360296383950001,0.0,8.00037281
2023-01-16,0.799,6.392297875190001,0.0,8.00037281
2023-01-17,0.797,6.37629712957,0.0,8.00037281
2023-01-18,0.799,6.392297875190001,0.0,8.00037281
2023-01-19,0.802,6.416298993620001,0.0,8.00037281
2023-01-20,0.809,6.47230160329,0.0,8.00037281
2023-01-30,0.81,6.480301976100001,0.0,8.00037281
2023-01-31,0.803,6.4242993664300005,0.0,8.00037281
2023-02-01,0.806,6.448300484860001,0.0,8.00037281
2023-02-02,0.803,6.4242993664300005,0.0,8.00037281
2023-02-03,0.793,6.34429563833,0.0,8.00037281
2023-02-06,0.78,6.240290791800001,0.0,8.00037281
2023-02-07,0.787,6.29629340147,0.0,8.00037281
2023-02-08,0.781,6.24829116461,0.0,8.00037281
2023-02-09,0.79,6.3202945199,0.0,8.00037281
2023-02-10,0.789,6.31229414709,0.0,8.00037281
2023-02-13,0.789,6.31229414709,0.0,8.00037281
2023-02-14,0.792,6.33629526552,0.0,8.00037281
2023-02-15,0.784,6.2722922830400005,0.0,8.00037281
2023-02-16,0.785,6.28029265585,0.0,8.00037281
2023-02-17,0.777,6.21628967337,0.0,8.00037281
2023-02-20,0.8,6.400298248,0.0,8.00037281
2023-02-21,0.804,6.43229973924,0.0,8.00037281
2023-02-22,0.798,6.38429750238,0.0,8.00037281
2023-02-23,0.798,6.38429750238,0.0,8.00037281
2023-02-24,0.791,6.328294892710001,0.0,8.00037281
2023-02-27,0.786,6.28829302866,0.0,8.00037281
2023-02-28,0.793,6.34429563833,0.0,8.00037281
2023-03-01,0.807,6.4563008576700005,0.0,8.00037281
2023-03-02,0.812,6.49630272172,0.0,8.00037281
2023-03-03,0.821,6.56830607701,0.0,8.00037281
2023-03-06,0.809,6.47230160329,0.0,8.00037281
2023-03-07,0.803,6.4242993664300005,0.0,8.00037281
2023-03-08,0.802,6.416298993620001,0.0,8.00037281
2023-03-09,0.798,6.38429750238,0.0,8.00037281
2023-03-10,0.785,6.28029265585,0.0,8.00037281
2023-03-13,0.797,6.37629712957,0.0,8.00037281
2023-03-14,0.791,6.328294892710001,0.0,8.00037281
2023-03-15,0.797,6.37629712957,0.0,8.00037281
2023-03-16,0.792,6.33629526552,0.0,8.00037281
2023-03-17,0.801,6.40829862081,0.0,8.00037281
2023-03-20,0.79,6.3202945199,0.0,8.00037281
2023-03-21,0.787,6.29629340147,0.0,8.00037281
2023-03-22,0.795,6.360296383950001,0.0,8.00037281
2023-03-23,0.802,6.416298993620001,0.0,8.00037281
2023-03-24,0.791,6.328294892710001,0.0,8.00037281
2023-03-27,0.782,6.25629153742,0.0,8.00037281
2023-03-28,0.786,6.28829302866,0.0,8.00037281
2023-03-29,0.78,6.240290791800001,0.0,8.00037281
2023-03-30,0.785,6.28029265585,0.0,8.00037281
2023-03-31,0.786,6.28829302866,0.0,8.00037281
2023-04-03,0.789,6.31229414709,0.0,8.00037281
2023-04-04,0.8,6.400298248,0.0,8.00037281
2023-04-06,0.797,6.37629712957,0.0,8.00037281
2023-04-07,0.799,6.392297875190001,0.0,8.00037281
2023-04-10,0.802,6.416298993620001,0.0,8.00037281
2023-04-11,0.801,6.40829862081,0.0,8.00037281
2023-04-12,0.807,6.4563008576700005,0.0,8.00037281
2023-04-13,0.807,6.4563008576700005,0.0,8.00037281
2023-04-14,0.813,6.50430309453,0.0,8.00037281
2023-04-17,0.832,6.65631017792,0.0,8.00037281
2023-04-18,0.842,6.7363139060199995,0.0,8.00037281
2023-04-19,0.833,6.66431055073,0.0,8.00037281
2023-04-20,0.835,6.680311296349999,0.0,8.00037281
2023-04-21,0.822,6.57630644982,0.0,8.00037281
2023-04-24,0.813,6.50430309453,0.0,8.00037281
2023-04-25,0.821,6.56830607701,0.0,8.00037281
2023-04-26,0.813,6.50430309453,0.0,8.00037281
2023-04-27,0.825,6.60030756825,0.0,8.00037281
2023-04-28,0.837,6.69631204197,0.0,8.00037281
2023-05-04,0.857,6.8563194981699995,0.0,8.00037281
2023-05-05,0.862,6.89632136222,0.0,8.00037281
2023-05-08,0.893,7.14433291933,0.0,8.00037281
2023-05-09,0.877,7.01632695437,0.0,8.00037281
2023-05-10,0.856,6.84831912536,0.0,8.00037281
2023-05-11,0.854,6.83231837974,0.0,8.00037281
2023-05-12,0.838,6.7043124147799995,0.0,8.00037281
2023-05-15,0.852,6.81631763412,0.0,8.00037281
2023-05-16,0.848,6.78431614288,0.0,8.00037281
2023-05-17,0.838,6.7043124147799995,0.0,8.00037281
2023-05-18,0.844,6.75231465164,0.0,8.00037281
2023-05-19,0.833,6.66431055073,0.0,8.00037281
2023-05-22,0.833,6.66431055073,0.0,8.00037281
2023-05-23,0.818,6.54430495858,0.0,8.00037281
2023-05-24,0.799,6.392297875190001,0.0,8.00037281
2023-05-25,0.799,6.392297875190001,0.0,8.00037281
2023-05-26,0.803,6.4242993664300005,0.0,8.00037281
2023-05-29,0.804,6.43229973924,0.0,8.00037281
2023-05-30,0.807,6.4563008576700005,0.0,8.00037281
2023-05-31,0.797,6.37629712957,0.0,8.00037281
2023-06-01,0.799,6.392297875190001,0.0,8.00037281
2023-06-02,0.81,6.480301976100001,0.0,8.00037281
2023-06-05,0.81,6.480301976100001,0.0,8.00037281
2023-06-06,0.807,6.4563008576700005,0.0,8.00037281
2023-06-07,0.811,6.4883023489100005,0.0,8.00037281
2023-06-08,0.825,6.60030756825,0.0,8.00037281
2023-06-09,0.827,6.616308313869999,0.0,8.00037281
2023-06-12,0.817,6.53630458577,0.0,8.00037281
2023-06-13,0.817,6.53630458577,0.0,8.00037281
2023-06-14,0.81,6.480301976100001,0.0,8.00037281
2023-06-15,0.815,6.5203038401499995,0.0,8.00037281
2023-06-16,0.817,6.53630458577,0.0,8.00037281
2023-06-19,0.807,6.4563008576700005,0.0,8.00037281
2023-06-20,0.799,6.392297875190001,0.0,8.00037281
2023-06-21,0.795,6.360296383950001,0.0,8.00037281
2023-06-26,0.782,6.25629153742,0.0,8.00037281
2023-06-27,0.796,6.36829675676,0.0,8.00037281
2023-06-28,0.797,6.37629712957,0.0,8.00037281
2023-06-29,0.795,6.360296383950001,0.0,8.00037281
2023-06-30,0.799,6.392297875190001,0.0,8.00037281
2023-07-03,0.814,6.51230346734,0.0,8.00037281
2023-07-04,0.812,6.49630272172,0.0,8.00037281
2023-07-05,0.806,6.448300484860001,0.0,8.00037281
2023-07-06,0.803,6.4242993664300005,0.0,8.00037281
2023-07-07,0.804,6.43229973924,0.0,8.00037281
2023-07-10,0.804,6.43229973924,0.0,8.00037281
2023-07-11,0.807,6.4563008576700005,0.0,8.00037281
2023-07-12,0.805,6.44030011205,0.0,8.00037281
2023-07-13,0.818,6.54430495858,0.0,8.00037281
2023-07-14,0.82,6.560305704199999,0.0,8.00037281
2023-07-17,0.817,6.53630458577,0.0,8.00037281
2023-07-18,0.814,6.51230346734,0.0,8.00037281
2023-07-19,0.817,6.53630458577,0.0,8.00037281
2023-07-20,0.813,6.50430309453,0.0,8.00037281
2023-07-21,0.811,6.4883023489100005,0.0,8.00037281
2023-07-24,0.81,6.480301976100001,0.0,8.00037281
2023-07-25,0.836,6.68831166916,0.0,8.00037281
2023-07-26,0.836,6.68831166916,0.0,8.00037281
2023-07-27,0.836,6.68831166916,0.0,8.00037281
2023-07-28,0.864,6.91232210784,0.0,8.00037281
2023-07-31,0.871,6.96832471751,0.0,8.00037281
2023-08-01,0.866,6.92832285346,0.0,8.00037281
2023-08-02,0.855,6.84031875255,0.0,8.00037281
2023-08-03,0.868,6.94432359908,0.0,8.00037281
2023-08-04,0.871,6.96832471751,0.0,8.00037281
2023-08-07,0.863,6.90432173503,0.0,8.00037281
2023-08-08,0.86,6.8803206166,0.0,8.00037281
2023-08-09,0.862,6.89632136222,0.0,8.00037281
2023-08-10,0.865,6.92032248065,0.0,8.00037281
2023-08-11,0.846,6.768315397259999,0.0,8.00037281
2023-08-14,0.839,6.71231278759,0.0,8.00037281
2023-08-15,0.844,6.75231465164,0.0,8.00037281
2023-08-16,0.839,6.71231278759,0.0,8.00037281
2023-08-17,0.835,6.680311296349999,0.0,8.00037281
2023-08-18,0.835,6.680311296349999,0.0,8.00037281
2023-08-21,0.821,6.56830607701,0.0,8.00037281
2023-08-22,0.831,6.648309805109999,0.0,8.00037281
2023-08-23,0.824,6.592307195439999,0.0,8.00037281
2023-08-24,0.819,6.5523053313899995,0.0,8.00037281
2023-08-25,0.824,6.592307195439999,0.0,8.00037281
2023-08-28,0.839,6.71231278759,0.0,8.00037281
2023-08-29,0.835,6.680311296349999,0.0,8.00037281
2023-08-30,0.827,6.616308313869999,0.0,8.00037281
2023-08-31,0.823,6.5843068226299994,0.0,8.00037281
2023-09-01,0.832,6.65631017792,0.0,8.00037281
2023-09-04,0.847,6.77631577007,0.0,8.00037281
2023-09-05,0.838,6.7043124147799995,0.0,8.00037281
2023-09-06,0.84,6.7203131604,0.0,8.00037281
2023-09-07,0.838,6.7043124147799995,0.0,8.00037281
2023-09-08,0.835,6.680311296349999,0.0,8.00037281
2023-09-11,0.838,6.7043124147799995,0.0,8.00037281
2023-09-12,0.835,6.680311296349999,0.0,8.00037281
2023-09-13,0.835,6.680311296349999,0.0,8.00037281
2023-09-14,0.838,6.7043124147799995,0.0,8.00037281
2023-09-15,0.836,6.68831166916,0.0,8.00037281
2023-09-18,0.833,6.66431055073,0.0,8.00037281
2023-09-19,0.837,6.69631204197,0.0,8.00037281
2023-09-20,0.838,6.7043124147799995,0.0,8.00037281
2023-09-21,0.832,6.65631017792,0.0,8.00037281
2023-09-22,0.845,6.76031502445,0.0,8.00037281
2023-09-25,0.839,6.71231278759,0.0,8.00037281
2023-09-26,0.835,6.680311296349999,0.0,8.00037281
2023-09-27,0.835,6.680311296349999,0.0,8.00037281
2023-09-28,0.832,6.65631017792,0.0,8.00037281
2023-10-09,0.828,6.62430868668,0.0,8.00037281
2023-10-10,0.82,6.560305704199999,0.0,8.00037281
2023-10-11,0.818,6.54430495858,0.0,8.00037281
2023-10-12,0.831,6.648309805109999,0.0,8.00037281
2023-10-13,0.827,6.616308313869999,0.0,8.00037281
2023-10-16,0.825,6.60030756825,0.0,8.00037281
2023-10-17,0.832,6.65631017792,0.0,8.00037281
2023-10-18,0.829,6.63230905949,0.0,8.00037281
2023-10-19,0.812,6.49630272172,0.0,8.00037281
2023-10-20,0.807,6.4563008576700005,0.0,8.00037281
2023-10-23,0.798,6.38429750238,0.0,8.00037281
2023-10-24,0.801,6.40829862081,0.0,8.00037281
2023-10-25,0.802,6.416298993620001,0.0,8.00037281
2023-10-26,0.804,6.43229973924,0.0,8.00037281
2023-10-27,0.806,6.448300484860001,0.0,8.00037281
2023-10-30,0.795,6.360296383950001,0.0,8.00037281
2023-10-31,0.795,6.360296383950001,0.0,8.00037281
2023-11-01,0.792,6.33629526552,0.0,8.00037281
2023-11-02,0.795,6.360296383950001,0.0,8.00037281
2023-11-03,0.797,6.37629712957,0.0,8.00037281
2023-11-06,0.8,6.400298248,0.0,8.00037281
2023-11-07,0.797,6.37629712957,0.0,8.00037281
2023-11-08,0.792,6.33629526552,0.0,8.00037281
2023-11-09,0.794,6.35229601114,0.0,8.00037281
2023-11-10,0.786,6.28829302866,0.0,8.00037281
2023-11-13,0.785,6.28029265585,0.0,8.00037281
2023-11-14,0.785,6.28029265585,0.0,8.00037281
2023-11-15,0.792,6.33629526552,0.0,8.00037281
2023-11-16,0.786,6.28829302866,0.0,8.00037281
2023-11-17,0.784,6.2722922830400005,0.0,8.00037281
2023-11-20,0.784,6.2722922830400005,0.0,8.00037281
2023-11-21,0.789,6.31229414709,0.0,8.00037281
2023-11-22,0.783,6.26429191023,0.0,8.00037281
2023-11-23,0.788,6.3042937742800005,0.0,8.00037281
2023-11-24,0.785,6.28029265585,0.0,8.00037281
2023-11-27,0.779,6.23229041899,0.0,8.00037281
2023-11-28,0.777,6.21628967337,0.0,8.00037281
2023-11-29,0.768,6.14428631808,0.0,8.00037281
2023-11-30,0.771,6.16828743651,0.0,8.00037281
2023-12-01,0.774,6.19228855494,0.0,8.00037281
2023-12-04,0.769,6.1522866908900005,0.0,8.00037281
2023-12-05,0.755,6.04028147155,0.0,8.00037281
2023-12-06,0.753,6.02428072593,0.0,8.00037281
2023-12-07,0.753,6.02428072593,0.0,8.00037281
2023-12-08,0.753,6.02428072593,0.0,8.00037281
2023-12-11,0.758,6.06428258998,0.0,8.00037281
2023-12-12,0.762,6.09628408122,0.0,8.00037281
2023-12-13,0.754,6.03228109874,0.0,8.00037281
2023-12-14,0.75,6.0002796075,0.0,8.00037281
2023-12-15,0.747,5.97627848907,0.0,8.00037281
2023-12-18,0.748,5.98427886188,0.0,8.00037281
2023-12-19,0.748,5.98427886188,0.0,8.00037281
2023-12-20,0.745,5.96027774345,0.0,8.00037281
2023-12-21,0.748,5.98427886188,0.0,8.00037281
2023-12-22,0.751,6.00827998031,0.0,8.00037281
2023-12-25,0.752,6.01628035312,0.0,8.00037281
2023-12-26,0.75,6.0002796075,0.0,8.00037281
2023-12-27,0.753,6.02428072593,0.0,8.00037281
2023-12-28,0.763,6.10428445403,0.0,8.00037281
2023-12-29,0.764,6.11228482684,0.0,8.00037281
2024-01-02,0.761,6.08828370841,0.0,8.00037281
2024-01-03,0.767,6.13628594527,0.0,8.00037281
2024-01-04,0.766,6.12828557246,0.0,8.00037281
2024-01-05,0.766,6.12828557246,0.0,8.00037281
2024-01-08,0.761,6.08828370841,0.0,8.00037281
2024-01-09,0.76,6.0802833356,0.0,8.00037281
2024-01-10,0.755,6.04028147155,0.0,8.00037281
2024-01-11,0.753,6.02428072593,0.0,8.00037281
2024-01-12,0.755,6.04028147155,0.0,8.00037281
2024-01-15,0.759,6.07228296279,0.0,8.00037281
2024-01-16,0.765,6.1202851996500005,0.0,8.00037281
2024-01-17,0.756,6.04828184436,0.0,8.00037281
2024-01-18,0.762,6.09628408122,0.0,8.00037281
2024-01-19,0.761,6.08828370841,0.0,8.00037281
2024-01-22,0.756,6.04828184436,0.0,8.00037281
2024-01-23,0.757,6.05628221717,0.0,8.00037281
2024-01-24,0.778,6.22429004618,0.0,8.00037281
2024-01-25,0.798,6.38429750238,0.0,8.00037281
2024-01-26,0.809,6.47230160329,0.0,8.00037281
2024-01-29,0.811,6.4883023489100005,0.0,8.00037281
2024-01-30,0.803,6.4242993664300005,0.0,8.00037281
2024-01-31,0.803,6.4242993664300005,0.0,8.00037281
2024-02-01,0.794,6.35229601114,0.0,8.00037281
2024-02-02,0.796,6.36829675676,0.0,8.00037281
2024-02-05,0.802,6.416298993620001,0.0,8.00037281
2024-02-06,0.813,6.50430309453,0.0,8.00037281
2024-02-07,0.814,6.51230346734,0.0,8.00037281
2024-02-08,0.813,6.50430309453,0.0,8.00037281
2024-02-19,0.828,6.62430868668,0.0,8.00037281
2024-02-20,0.834,6.6723109235399995,0.0,8.00037281
2024-02-21,0.848,6.78431614288,0.0,8.00037281
2024-02-22,0.854,6.83231837974,0.0,8.00037281
2024-02-23,0.854,6.83231837974,0.0,8.00037281
2024-02-26,0.836,6.68831166916,0.0,8.00037281
2024-02-27,0.838,6.7043124147799995,0.0,8.00037281
2024-02-28,0.834,6.6723109235399995,0.0,8.00037281
2024-02-29,0.839,6.71231278759,0.0,8.00037281
2024-03-01,0.838,6.7043124147799995,0.0,8.00037281
2024-03-04,0.838,6.7043124147799995,0.0,8.00037281
2024-03-05,0.85,6.800316888499999,0.0,8.00037281
2024-03-06,0.846,6.768315397259999,0.0,8.00037281
2024-03-07,0.847,6.77631577007,0.0,8.00037281
2024-03-08,0.848,6.78431614288,0.0,8.00037281
2024-03-11,0.847,6.77631577007,0.0,8.00037281
2024-03-12,0.838,6.7043124147799995,0.0,8.00037281
2024-03-13,0.83,6.6403094323,0.0,8.00037281
2024-03-14,0.828,6.62430868668,0.0,8.00037281
2024-03-15,0.828,6.62430868668,0.0,8.00037281
2024-03-18,0.832,6.65631017792,0.0,8.00037281
2024-03-19,0.825,6.60030756825,0.0,8.00037281
2024-03-20,0.829,6.63230905949,0.0,8.00037281
2024-03-21,0.831,6.648309805109999,0.0,8.00037281
2024-03-22,0.826,6.60830794106,0.0,8.00037281
2024-03-25,0.825,6.60030756825,0.0,8.00037281
2024-03-26,0.83,6.6403094323,0.0,8.00037281
2024-03-27,0.831,6.648309805109999,0.0,8.00037281
2024-03-28,0.828,6.62430868668,0.0,8.00037281
2024-03-29,0.83,6.6403094323,0.0,8.00037281
2024-04-01,0.836,6.68831166916,0.0,8.00037281
2024-04-02,0.838,6.7043124147799995,0.0,8.00037281
2024-04-03,0.836,6.68831166916,0.0,8.00037281
2024-04-08,0.835,6.680311296349999,0.0,8.00037281
2024-04-09,0.827,6.616308313869999,0.0,8.00037281
2024-04-10,0.825,6.60030756825,0.0,8.00037281
2024-04-11,0.823,6.5843068226299994,0.0,8.00037281
2024-04-12,0.814,6.51230346734,0.0,8.00037281
2024-04-15,0.838,6.7043124147799995,0.0,8.00037281
2024-04-16,0.835,6.680311296349999,0.0,8.00037281
2024-04-17,0.849,6.79231651569,0.0,8.00037281
2024-04-18,0.853,6.82431800693,0.0,8.00037281
2024-04-19,0.854,6.83231837974,0.0,8.00037281
2024-04-22,0.846,6.768315397259999,0.0,8.00037281
2024-04-23,0.841,6.72831353321,0.0,8.00037281
2024-04-24,0.842,6.7363139060199995,0.0,8.00037281
2024-04-25,0.845,6.76031502445,0.0,8.00037281
2024-04-26,0.848,6.78431614288,0.0,8.00037281
2024-04-29,0.85,6.800316888499999,0.0,8.00037281
2024-04-30,0.851,6.80831726131,0.0,8.00037281
2024-05-06,0.852,6.81631763412,0.0,8.00037281
2024-05-07,0.854,6.83231837974,0.0,8.00037281
2024-05-08,0.853,6.82431800693,0.0,8.00037281
2024-05-09,0.857,6.8563194981699995,0.0,8.00037281
2024-05-10,0.866,6.92832285346,0.0,8.00037281
2024-05-13,0.867,6.93632322627,0.0,8.00037281
2024-05-14,0.865,6.92032248065,0.0,8.00037281
2024-05-15,0.859,6.87232024379,0.0,8.00037281
2024-05-16,0.867,6.93632322627,0.0,8.00037281
2024-05-17,0.88,7.0403280728,0.0,8.00037281
2024-05-20,0.885,7.08032993685,0.0,8.00037281
2024-05-21,0.885,7.08032993685,0.0,8.00037281
2024-05-22,0.888,7.10433105528,0.0,8.00037281
2024-05-23,0.878,7.02432732718,0.0,8.00037281
2024-05-24,0.872,6.97632509032,0.0,8.00037281
2024-05-27,0.882,7.05632881842,0.0,8.00037281
2024-05-28,0.881,7.04832844561,0.0,8.00037281
2024-05-29,0.878,7.02432732718,0.0,8.00037281
2024-05-30,0.872,6.97632509032,0.0,8.00037281
2024-05-31,0.872,6.97632509032,0.0,8.00037281
2024-06-03,0.87,6.9603243447,0.0,8.00037281
2024-06-04,0.874,6.99232583594,0.0,8.00037281
2024-06-05,0.866,6.92832285346,0.0,8.00037281
2024-06-06,0.867,6.93632322627,0.0,8.00037281
2024-06-07,0.872,6.97632509032,0.0,8.00037281
2024-06-11,0.857,6.8563194981699995,0.0,8.00037281
2024-06-12,0.857,6.8563194981699995,0.0,8.00037281
2024-06-13,0.853,6.82431800693,0.0,8.00037281
2024-06-14,0.859,6.87232024379,0.0,8.00037281
2024-06-17,0.85,6.800316888499999,0.0,8.00037281
2024-06-18,0.855,6.84031875255,0.0,8.00037281
2024-06-19,0.862,6.89632136222,0.0,8.00037281
2024-06-20,0.86,6.8803206166,0.0,8.00037281
2024-06-21,0.861,6.8883209894099995,0.0,8.00037281
2024-06-24,0.86,6.8803206166,0.0,8.00037281
2024-06-25,0.857,6.8563194981699995,0.0,8.00037281
2024-06-26,0.859,6.87232024379,0.0,8.00037281
2024-06-27,0.863,6.90432173503,0.0,8.00037281
2024-06-28,0.87,6.9603243447,0.0,8.00037281
2024-07-01,0.879,7.03232769999,0.0,8.00037281
2024-07-02,0.888,7.10433105528,0.0,8.00037281
2024-07-03,0.884,7.07232956404,0.0,8.00037281
2024-07-04,0.882,7.05632881842,0.0,8.00037281
2024-07-05,0.871,6.96832471751,0.0,8.00037281
2024-07-08,0.873,6.98432546313,0.0,8.00037281
2024-07-09,0.879,7.03232769999,0.0,8.00037281
2024-07-10,0.875,7.00032620875,0.0,8.00037281
2024-07-11,0.877,7.01632695437,0.0,8.00037281
2024-07-12,0.885,7.08032993685,0.0,8.00037281
2024-07-15,0.891,7.1283321737100005,0.0,8.00037281
2024-07-16,0.891,7.1283321737100005,0.0,8.00037281
2024-07-17,0.894,7.15233329214,0.0,8.00037281
2024-07-18,0.897,7.17633441057,0.0,8.00037281
2024-07-19,0.898,7.18433478338,0.0,8.00037281
2024-07-22,0.889,7.11233142809,0.0,8.00037281
2024-07-23,0.888,7.10433105528,0.0,8.00037281
2024-07-24,0.889,7.11233142809,0.0,8.00037281
2024-07-25,0.883,7.06432919123,0.0,8.00037281
2024-07-26,0.876,7.00832658156,0.0,8.00037281
2024-07-29,0.88,7.0403280728,0.0,8.00037281
2024-07-30,0.875,7.00032620875,0.0,8.00037281
2024-07-31,0.883,7.06432919123,0.0,8.00037281
2024-08-01,0.882,7.05632881842,0.0,8.00037281
2024-08-02,0.877,7.01632695437,0.0,8.00037281
2024-08-05,0.868,6.94432359908,0.0,8.00037281
2024-08-06,0.861,6.8883209894099995,0.0,8.00037281
2024-08-07,0.862,6.89632136222,0.0,8.00037281
2024-08-08,0.861,6.8883209894099995,0.0,8.00037281
2024-08-09,0.862,6.89632136222,0.0,8.00037281
2024-08-12,0.86,6.8803206166,0.0,8.00037281
2024-08-13,0.864,6.91232210784,0.0,8.00037281
2024-08-14,0.863,6.90432173503,0.0,8.00037281
2024-08-15,0.876,7.00832658156,0.0,8.00037281
2024-08-16,0.882,7.05632881842,0.0,8.00037281
2024-08-19,0.892,7.13633254652,0.0,8.00037281
2024-08-20,0.889,7.11233142809,0.0,8.00037281
2024-08-21,0.884,7.07232956404,0.0,8.00037281
2024-08-22,0.887,7.09633068247,0.0,8.00037281
2024-08-23,0.896,7.16833403776,0.0,8.00037281
2024-08-26,0.896,7.16833403776,0.0,8.00037281
2024-08-27,0.898,7.18433478338,0.0,8.00037281
2024-08-28,0.891,7.1283321737100005,0.0,8.00037281
2024-08-29,0.872,6.97632509032,0.0,8.00037281
2024-08-30,0.871,6.96832471751,0.0,8.00037281
2024-09-02,0.864,6.91232210784,0.0,8.00037281
2024-09-03,0.854,6.83231837974,0.0,8.00037281
2024-09-04,0.845,6.76031502445,0.0,8.00037281
2024-09-05,0.847,6.77631577007,0.0,8.00037281
2024-09-06,0.845,6.76031502445,0.0,8.00037281
2024-09-09,0.829,6.63230905949,0.0,8.00037281
2024-09-10,0.831,6.648309805109999,0.0,8.00037281
2024-09-11,0.822,6.57630644982,0.0,8.00037281
2024-09-12,0.822,6.57630644982,0.0,8.00037281
2024-09-13,0.824,6.592307195439999,0.0,8.00037281
2024-09-18,0.832,6.65631017792,0.0,8.00037281
2024-09-19,0.834,6.6723109235399995,0.0,8.00037281
2024-09-20,0.843,6.74431427883,0.0,8.00037281
2024-09-23,0.849,6.79231651569,0.0,8.00037281
2024-09-24,0.885,7.08032993685,0.0,8.00037281
2024-09-25,0.9,7.200335529,0.0,8.00037281
2024-09-26,0.938,7.504349695779999,0.0,8.00037281
2024-09-27,0.939,7.51235006859,0.0,8.00037281
2024-09-30,1.03,8.2403839943,0.0,8.00037281
2024-10-08,1.058,8.46439443298,0.0,8.00037281
2024-10-09,1.006,8.04837504686,0.0,8.00037281
2024-10-10,1.005,8.04037467405,0.0,8.00037281
2024-10-11,0.989,7.91236870909,0.0,8.00037281
2024-10-14,1.013,8.10437765653,0.0,8.00037281
2024-10-15,0.987,7.8963679634699995,0.0,8.00037281
2024-10-16,0.999,7.99237243719,0.0,8.00037281
2024-10-17,0.984,7.87236684504,0.0,8.00037281
2024-10-18,1.003,8.024373928429998,0.0,8.00037281
2024-10-21,0.993,7.94437020033,0.0,8.00037281
2024-10-22,0.996,7.96837131876,0.0,8.00037281
2024-10-23,1.002,8.01637355562,0.0,8.00037281
2024-10-24,0.997,7.97637169157,0.0,8.00037281
2024-10-25,0.996,7.96837131876,0.0,8.00037281
2024-10-28,0.99,7.9203690819,0.0,8.00037281
2024-10-29,0.989,7.91236870909,0.0,8.00037281
2024-10-30,0.979,7.83236498099,0.0,8.00037281
2024-10-31,0.972,7.776362371319999,0.0,8.00037281
2024-11-01,0.985,7.88036721785,0.0,8.00037281
2024-11-04,0.989,7.91236870909,0.0,8.00037281
2024-11-05,1.006,8.04837504686,0.0,8.00037281
2024-11-06,0.996,7.96837131876,0.0,8.00037281
2024-11-07,1.023,8.184381384629999,0.0,8.00037281
2024-11-08,1.009,8.072376165289999,0.0,8.00037281
2024-11-11,0.995,7.96037094595,0.0,8.00037281
2024-11-12,0.982,7.85636609942,0.0,8.00037281
2024-11-13,0.989,7.91236870909,0.0,8.00037281
2024-11-14,0.986,7.88836759066,0.0,8.00037281
2024-11-15,0.981,7.84836572661,0.0,8.00037281
2024-11-18,0.998,7.98437206438,0.0,8.00037281
2024-11-19,0.987,7.8963679634699995,0.0,8.00037281
2024-11-20,0.985,7.88036721785,0.0,8.00037281
2024-11-21,0.986,7.88836759066,0.0,8.00037281
2024-11-22,0.96,7.6803578975999995,0.0,8.00037281
2024-11-25,0.958,7.66435715198,0.0,8.00037281
2024-11-26,0.96,7.6803578975999995,0.0,8.00037281
2024-11-27,0.968,7.7443608800799995,0.0,8.00037281
2024-11-28,0.965,7.72035976165,0.0,8.00037281
2024-11-29,0.966,7.72836013446,0.0,8.00037281
2024-12-02,0.969,7.75236125289,0.0,8.00037281
2024-12-03,0.984,7.87236684504,0.0,8.00037281
2024-12-04,0.982,7.85636609942,0.0,8.00037281
2024-12-05,0.979,7.83236498099,0.0,8.00037281
2024-12-06,0.991,7.92836945471,0.0,8.00037281
2024-12-09,0.992,7.93636982752,0.0,8.00037281
2024-12-10,1.0,8.00037281,0.0,8.00037281
2024-12-11,0.994,7.95237057314,0.0,8.00037281
2024-12-12,1.004,8.03237430124,0.0,8.00037281
2024-12-13,0.984,7.87236684504,0.0,8.00037281
2024-12-16,0.984,7.87236684504,0.0,8.00037281
2024-12-17,0.984,7.87236684504,0.0,8.00037281
2024-12-18,0.993,7.94437020033,0.0,8.00037281
2024-12-19,0.987,7.8963679634699995,0.0,8.00037281
2024-12-20,0.98,7.8403653538,0.0,8.00037281
2024-12-23,0.991,7.92836945471,0.0,8.00037281
2024-12-24,1.004,8.03237430124,0.0,8.00037281
2024-12-25,1.015,8.12037840215,0.0,8.00037281
2024-12-26,1.008,8.06437579248,0.0,8.00037281
2024-12-27,1.008,8.06437579248,0.0,8.00037281
2024-12-30,1.022,8.17638101182,0.0,8.00037281
2024-12-31,1.01,8.0803765381,0.0,8.00037281
2025-01-02,0.981,7.84836572661,0.0,8.00037281
2025-01-03,0.973,7.78436274413,0.0,8.00037281
2025-01-06,0.975,7.80036348975,0.0,8.00037281
2025-01-07,0.978,7.82436460818,0.0,8.00037281
2025-01-08,0.98,7.8403653538,0.0,8.00037281
2025-01-09,0.97,7.7603616257,0.0,8.00037281
2025-01-10,0.962,7.69635864322,0.0,8.00037281
2025-01-13,0.953,7.624355287929999,0.0,8.00037281
2025-01-14,0.968,7.7443608800799995,0.0,8.00037281
2025-01-15,0.968,7.7443608800799995,0.0,8.00037281
2025-01-16,0.976,7.80836386256,0.0,8.00037281
2025-01-17,0.972,7.776362371319999,0.0,8.00037281
2025-01-20,0.969,7.75236125289,0.0,8.00037281
2025-01-21,0.967,7.73636050727,0.0,8.00037281
2025-01-22,0.954,7.63235566074,0.0,8.00037281
2025-01-23,0.969,7.75236125289,0.0,8.00037281
2025-01-24,0.974,7.79236311694,0.0,8.00037281
2025-01-27,0.985,7.88036721785,0.0,8.00037281
2025-02-05,0.97,7.7603616257,0.0,8.00037281
2025-02-06,0.973,7.78436274413,0.0,8.00037281
2025-02-07,0.978,7.82436460818,0.0,8.00037281
2025-02-10,0.98,7.8403653538,0.0,8.00037281
2025-02-11,0.985,7.88036721785,0.0,8.00037281
2025-02-12,0.989,7.91236870909,0.0,8.00037281
2025-02-13,0.991,7.92836945471,0.0,8.00037281
2025-02-14,0.997,7.97637169157,0.0,8.00037281
2025-02-17,0.996,7.96837131876,0.0,8.00037281
2025-02-18,0.996,7.96837131876,0.0,8.00037281
2025-02-19,0.992,7.93636982752,0.0,8.00037281
2025-02-20,0.987,7.8963679634699995,0.0,8.00037281
2025-02-21,0.989,7.91236870909,0.0,8.00037281
2025-02-24,0.986,7.88836759066,0.0,8.00037281
2025-02-25,0.974,7.79236311694,0.0,8.00037281
2025-02-26,0.98,7.8403653538,0.0,8.00037281
2025-02-27,0.986,7.88836759066,0.0,8.00037281
2025-02-28,0.976,7.80836386256,0.0,8.00037281
2025-03-03,0.977,7.81636423537,0.0,8.00037281
2025-03-04,0.972,7.776362371319999,0.0,8.00037281
2025-03-05,0.982,7.85636609942,0.0,8.00037281
2025-03-06,0.985,7.88036721785,0.0,8.00037281
2025-03-07,0.985,7.88036721785,0.0,8.00037281
2025-03-10,0.978,7.82436460818,0.0,8.00037281
2025-03-11,0.981,7.84836572661,0.0,8.00037281
2025-03-12,0.98,7.8403653538,0.0,8.00037281
2025-03-13,0.981,7.84836572661,0.0,8.00037281
2025-03-14,1.0,8.00037281,0.0,8.00037281
2025-03-17,1.001,8.008373182809999,0.0,8.00037281
2025-03-18,1.001,8.008373182809999,0.0,8.00037281
2025-03-19,1.004,8.03237430124,0.0,8.00037281
2025-03-20,0.999,7.99237243719,0.0,8.00037281
2025-03-21,0.988,7.90436833628,0.0,8.00037281
2025-03-24,0.996,7.96837131876,0.0,8.00037281
2025-03-25,0.999,7.99237243719,0.0,8.00037281
2025-03-26,0.991,7.92836945471,0.0,8.00037281
2025-03-27,0.992,7.93636982752,0.0,8.00037281
2025-03-28,0.989,7.91236870909,0.0,8.00037281
2025-03-31,0.987,7.8963679634699995,0.0,8.00037281
2025-04-01,0.985,7.88036721785,0.0,8.00037281
2025-04-02,0.989,7.91236870909,0.0,8.00037281
2025-04-03,0.991,7.92836945471,0.0,8.00037281
2025-04-07,0.941,7.5283508142099995,0.0,8.00037281
2025-04-08,0.959,7.67235752479,0.0,8.00037281
2025-04-09,0.956,7.64835640636,0.0,8.00037281
2025-04-10,0.964,7.7123593888399995,0.0,8.00037281
2025-04-11,0.962,7.69635864322,0.0,8.00037281
2025-04-14,0.968,7.7443608800799995,0.0,8.00037281
2025-04-15,0.977,7.81636423537,0.0,8.00037281
2025-04-16,0.986,7.88836759066,0.0,8.00037281
2025-04-17,0.987,7.8963679634699995,0.0,8.00037281
2025-04-18,0.991,7.92836945471,0.0,8.00037281
2025-04-21,0.984,7.87236684504,0.0,8.00037281
2025-04-22,0.989,7.91236870909,0.0,8.00037281
2025-04-23,0.985,7.88036721785,0.0,8.00037281
2025-04-24,0.992,7.93636982752,0.0,8.00037281
2025-04-25,0.991,7.92836945471,0.0,8.00037281
2025-04-28,0.994,7.95237057314,0.0,8.00037281
2025-04-29,0.99,7.9203690819,0.0,8.00037281
2025-04-30,0.978,7.82436460818,0.0,8.00037281
2025-05-06,0.981,7.84836572661,0.0,8.00037281
2025-05-07,0.991,7.92836945471,0.0,8.00037281
2025-05-08,0.999,7.99237243719,0.0,8.00037281
2025-05-09,1.005,8.04037467405,0.0,8.00037281
2025-05-12,1.011,8.088376910909998,0.0,8.00037281
2025-05-13,1.019,8.15237989339,0.0,8.00037281
2025-05-14,1.033,8.264385112729999,0.0,8.00037281
2025-05-15,1.032,8.25638473992,0.0,8.00037281
2025-05-16,1.021,8.16838063901,0.0,8.00037281
2025-05-19,1.018,8.14437952058,0.0,8.00037281
2025-05-20,1.021,8.16838063901,0.0,8.00037281
2025-05-21,1.028,8.22438324868,0.0,8.00037281
2025-05-22,1.031,8.248384367109999,0.0,8.00037281
2025-05-23,1.021,8.16838063901,0.0,8.00037281
2025-05-26,1.016,8.12837877496,0.0,8.00037281
2025-05-27,1.018,8.14437952058,0.0,8.00037281
2025-05-28,1.018,8.14437952058,0.0,8.00037281
2025-05-29,1.02,8.1603802662,0.0,8.00037281
2025-05-30,1.023,8.184381384629999,0.0,8.00037281
2025-06-03,1.029,8.23238362149,0.0,8.00037281
2025-06-04,1.03,8.2403839943,0.0,8.00037281
2025-06-05,1.031,8.248384367109999,0.0,8.00037281
2025-06-06,1.033,8.264385112729999,0.0,8.00037281
2025-06-09,1.034,8.272385485540001,0.0,8.00037281
2025-06-10,1.035,8.28038585835,0.0,8.00037281
2025-06-11,1.044,8.35238921364,0.0,8.00037281
2025-06-12,1.044,8.35238921364,0.0,8.00037281
2025-06-13,1.036,8.28838623116,0.0,8.00037281
2025-06-16,1.047,8.376390332069999,0.0,8.00037281
2025-06-17,1.048,8.38439070488,0.0,8.00037281
2025-06-18,1.05,8.4003914505,0.0,8.00037281
2025-06-19,1.043,8.34438884083,0.0,8.00037281
2025-06-20,1.053,8.42439256893,0.0,8.00037281
2025-06-23,1.06,8.4803951786,0.0,8.00037281
2025-06-24,1.075,8.60040077075,0.0,8.00037281
2025-06-25,1.089,8.71240599009,0.0,8.00037281
2025-06-26,1.09,8.7204063629,0.0,8.00037281
2025-06-27,1.069,8.552398533889999,0.0,8.00037281
2025-06-30,1.072,8.576399652320001,0.0,8.00037281
2025-07-01,1.079,8.63240226199,0.0,8.00037281
2025-07-02,1.085,8.680404498849999,0.0,8.00037281
2025-07-03,1.085,8.680404498849999,0.0,8.00037281
2025-07-04,1.099,8.79240971819,0.0,8.00037281
2025-07-07,1.102,8.816410836620001,0.0,8.00037281
2025-07-08,1.102,8.816410836620001,0.0,8.00037281
2025-07-09,1.102,8.816410836620001,0.0,8.00037281
2025-07-10,1.118,8.944416801580001,0.0,8.00037281
2025-07-11,1.111,8.88841419191,0.0,8.00037281
2025-07-14,1.113,8.90441493753,0.0,8.00037281
2025-07-15,1.103,8.82441120943,0.0,8.00037281
2025-07-16,1.098,8.78440934538,0.0,8.00037281
2025-07-17,1.096,8.76840859976,0.0,8.00037281
2025-07-18,1.103,8.82441120943,0.0,8.00037281
2025-07-21,1.107,8.856412700669999,0.0,8.00037281
2025-07-22,1.108,8.864413073480002,0.0,8.00037281
2025-07-23,1.114,8.91241531034,0.0,8.00037281
2025-07-24,1.113,8.90441493753,0.0,8.00037281
2025-07-25,1.104,8.83241158224,0.0,8.00037281
2025-07-28,1.109,8.87241344629,0.0,8.00037281
2025-07-29,1.103,8.82441120943,0.0,8.00037281
2025-07-30,1.11,8.880413819100001,0.0,8.00037281
2025-07-31,1.093,8.74440748133,0.0,8.00037281
2025-08-01,1.09,8.7204063629,0.0,8.00037281
2025-08-04,1.094,8.752407854140001,0.0,8.00037281
2025-08-05,1.105,8.84041195505,0.0,8.00037281
2025-08-06,1.108,8.864413073480002,0.0,8.00037281
2025-08-07,1.11,8.880413819100001,0.0,8.00037281
2025-08-08,1.11,8.880413819100001,0.0,8.00037281
2025-08-11,1.104,8.83241158224,0.0,8.00037281
2025-08-12,1.106,8.84841232786,0.0,8.00037281
2025-08-13,1.101,8.80841046381,0.0,8.00037281
2025-08-14,1.105,8.84041195505,0.0,8.00037281
2025-08-15,1.102,8.816410836620001,0.0,8.00037281
2025-08-18,1.106,8.84841232786,0.0,8.00037281
2025-08-19,1.098,8.78440934538,0.0,8.00037281
2025-08-20,1.108,8.864413073480002,0.0,8.00037281
2025-08-21,1.11,8.880413819100001,0.0,8.00037281
2025-08-22,1.119,8.95241717439,0.0,8.00037281
2025-08-25,1.129,9.03242090249,0.0,8.00037281
2025-08-26,1.119,8.95241717439,0.0,8.00037281
2025-08-27,1.099,8.79240971819,0.0,8.00037281
2025-08-28,1.102,8.816410836620001,0.0,8.00037281
2025-08-29,1.098,8.78440934538,0.0,8.00037281
2025-09-01,1.089,8.71240599009,0.0,8.00037281
2025-09-02,1.097,8.77640897257,0.0,8.00037281
2025-09-03,1.079,8.63240226199,0.0,8.00037281
2025-09-04,1.082,8.65640338042,0.0,8.00037281
2025-09-05,1.082,8.65640338042,0.0,8.00037281
2025-09-08,1.077,8.616401516369999,0.0,8.00037281
2025-09-09,1.08,8.640402634800001,0.0,8.00037281
2025-09-10,1.083,8.66440375323,0.0,8.00037281
2025-09-11,1.09,8.7204063629,0.0,8.00037281
2025-09-12,1.08,8.640402634800001,0.0,8.00037281
2025-09-15,1.07,8.5603989067,0.0,8.00037281
2025-09-16,1.061,8.48839555141,0.0,8.00037281
2025-09-17,1.06,8.4803951786,0.0,8.00037281
2025-09-18,1.045,8.36038958645,0.0,8.00037281
2025-09-19,1.042,8.33638846802,0.0,8.00037281
2025-09-22,1.036,8.28838623116,0.0,8.00037281
2025-09-23,1.043,8.34438884083,0.0,8.00037281
2025-09-24,1.042,8.33638846802,0.0,8.00037281
2025-09-25,1.037,8.29638660397,0.0,8.00037281
2025-09-26,1.035,8.28038585835,0.0,8.00037281
2025-09-29,1.044,8.35238921364,0.0,8.00037281
2025-09-30,1.033,8.264385112729999,0.0,8.00037281
2025-10-09,1.036,8.28838623116,0.0,8.00037281
2025-10-10,1.046,8.36838995926,0.0,8.00037281
2025-10-13,1.049,8.39239107769,0.0,8.00037281
2025-10-14,1.066,8.52839741546,0.0,8.00037281
2025-10-15,1.071,8.56839927951,0.0,8.00037281
2025-10-16,1.082,8.65640338042,0.0,8.00037281
2025-10-17,1.073,8.58440002513,0.0,8.00037281
2025-10-20,1.074,8.59240039794,0.0,8.00037281
2025-10-21,1.078,8.624401889180001,0.0,8.00037281
2025-10-22,1.085,8.680404498849999,0.0,8.00037281
2025-10-23,1.09,8.7204063629,0.0,8.00037281
2025-10-24,1.087,8.69640524447,0.0,8.00037281
2025-10-27,1.093,8.74440748133,0.0,8.00037281
2025-10-28,1.089,8.71240599009,0.0,8.00037281
2025-10-29,1.084,8.67240412604,0.0,8.00037281
2025-10-30,1.083,8.66440375323,0.0,8.00037281
2025-10-31,1.076,8.60840114356,0.0,8.00037281
2025-11-03,1.089,8.71240599009,0.0,8.00037281
2025-11-04,1.1,8.800410091000002,0.0,8.00037281
2025-11-05,1.099,8.79240971819,0.0,8.00037281
2025-11-06,1.098,8.78440934538,0.0,8.00037281
2025-11-07,1.101,8.80841046381,0.0,8.00037281
2025-11-10,1.107,8.856412700669999,0.0,8.00037281
2025-11-11,1.107,8.856412700669999,0.0,8.00037281
2025-11-12,1.114,8.91241531034,0.0,8.00037281
2025-11-13,1.113,8.90441493753,0.0,8.00037281
2025-11-14,1.115,8.92041568315,0.0,8.00037281
2025-11-17,1.099,8.79240971819,0.0,8.00037281
2025-11-18,1.094,8.752407854140001,0.0,8.00037281
2025-11-19,1.104,8.83241158224,0.0,8.00037281
2025-11-20,1.105,8.84041195505,0.0,8.00037281
2025-11-21,1.088,8.70440561728,0.0,8.00037281
2025-11-24,1.082,8.65640338042,0.0,8.00037281
2025-11-25,1.091,8.72840673571,0.0,8.00037281
2025-11-26,1.088,8.70440561728,0.0,8.00037281
2025-11-27,1.088,8.70440561728,0.0,8.00037281
2025-11-28,1.084,8.67240412604,0.0,8.00037281
2025-12-01,1.094,8.752407854140001,0.0,8.00037281
2025-12-02,1.093,8.74440748133,0.0,8.00037281
2025-12-03,1.088,8.70440561728,0.0,8.00037281
2025-12-04,1.084,8.67240412604,0.0,8.00037281
2025-12-05,1.094,8.752407854140001,0.0,8.00037281
2025-12-08,1.101,8.80841046381,0.0,8.00037281
2025-12-09,1.093,8.74440748133,0.0,8.00037281
2025-12-10,1.085,8.680404498849999,0.0,8.00037281
2025-12-11,1.08,8.640402634800001,0.0,8.00037281
2025-12-12,1.085,8.680404498849999,0.0,8.00037281
2025-12-15,1.093,8.74440748133,0.0,8.00037281
2025-12-16,1.087,8.69640524447,0.0,8.00037281
2025-12-17,1.097,8.77640897257,0.0,8.00037281
2025-12-18,1.109,8.87241344629,0.0,8.00037281
2025-12-19,1.107,8.856412700669999,0.0,8.00037281
2025-12-22,1.102,8.816410836620001,0.0,8.00037281
2025-12-23,1.108,8.864413073480002,0.0,8.00037281
2025-12-24,1.107,8.856412700669999,0.0,8.00037281
2025-12-25,1.108,8.864413073480002,0.0,8.00037281
2025-12-26,1.112,8.89641456472,0.0,8.00037281
2025-12-29,1.112,8.89641456472,0.0,8.00037281
2025-12-30,1.108,8.864413073480002,0.0,8.00037281
2025-12-31,1.109,8.87241344629,0.0,8.00037281
2026-01-05,1.118,8.944416801580001,0.0,8.00037281
2026-01-06,1.136,9.088423512159999,0.0,8.00037281
2026-01-07,1.134,9.072422766539999,0.0,8.00037281
2026-01-08,1.116,8.928416055960001,0.0,8.00037281
2026-01-09,1.114,8.91241531034,0.0,8.00037281
2026-01-12,1.112,8.89641456472,0.0,8.00037281
2026-01-13,1.113,8.90441493753,0.0,8.00037281
2026-01-14,1.098,8.78440934538,0.0,8.00037281
2026-01-15,1.094,8.752407854140001,0.0,8.00037281
2026-01-16,1.08,8.640402634800001,0.0,8.00037281
2026-01-19,1.078,8.624401889180001,0.0,8.00037281
2026-01-20,1.089,8.71240599009,0.0,8.00037281
2026-01-21,1.074,8.59240039794,0.0,8.00037281
2026-01-22,1.07,8.5603989067,0.0,8.00037281
2026-01-23,1.061,8.48839555141,0.0,8.00037281
2026-01-26,1.076,8.60840114356,0.0,8.00037281
2026-01-27,1.073,8.58440002513,0.0,8.00037281
2026-01-28,1.074,8.59240039794,0.0,8.00037281
2026-01-29,1.089,8.71240599009,0.0,8.00037281
2026-01-30,1.08,8.640402634800001,0.0,8.00037281
2026-02-02,1.066,8.52839741546,0.0,8.00037281
2026-02-03,1.065,8.52039704265,0.0,8.00037281
2026-02-04,1.082,8.65640338042,0.0,8.00037281
2026-02-05,1.087,8.69640524447,0.0,8.00037281
2026-02-06,1.084,8.67240412604,0.0,8.00037281
2026-02-09,1.093,8.74440748133,0.0,8.00037281
2026-02-10,1.093,8.74440748133,0.0,8.00037281
2026-02-11,1.095,8.76040822695,0.0,8.00037281
2026-02-12,1.086,8.688404871660001,0.0,8.00037281
2026-02-13,1.071,8.56839927951,0.0,8.00037281
2026-02-24,1.079,8.63240226199,0.0,8.00037281
2026-02-25,1.077,8.616401516369999,0.0,8.00037281
2026-02-26,1.07,8.5603989067,0.0,8.00037281
2026-02-27,1.073,8.58440002513,0.0,8.00037281
2026-03-02,1.084,8.67240412604,0.0,8.00037281
2026-03-03,1.102,8.816410836620001,0.0,8.00037281
2026-03-04,1.081,8.64840300761,0.0,8.00037281
2026-03-05,1.085,8.680404498849999,0.0,8.00037281
2026-03-06,1.088,8.70440561728,0.0,8.00037281
2026-03-09,1.078,8.624401889180001,0.0,8.00037281
2026-03-10,1.077,8.616401516369999,0.0,8.00037281
2026-03-11,1.089,8.71240599009,0.0,8.00037281
2026-03-12,1.098,8.78440934538,0.0,8.00037281
2026-03-13,1.094,8.752407854140001,0.0,8.00037281
2026-03-16,1.089,8.71240599009,0.0,8.00037281
2026-03-17,1.096,8.76840859976,0.0,8.00037281
2026-03-18,1.091,8.72840673571,0.0,8.00037281
2026-03-19,1.087,8.69640524447,0.0,8.00037281
2026-03-20,1.081,8.64840300761,0.0,8.00037281
2026-03-23,1.049,8.39239107769,0.0,8.00037281
2026-03-24,1.059,8.47239480579,0.0,8.00037281
2026-03-25,1.065,8.52039704265,0.0,8.00037281
2026-03-26,1.061,8.48839555141,0.0,8.00037281
2026-03-27,1.06,8.4803951786,0.0,8.00037281
2026-03-30,1.06,8.4803951786,0.0,8.00037281
2026-03-31,1.058,8.46439443298,0.0,8.00037281
2026-04-01,1.065,8.52039704265,0.0,8.00037281
2026-04-02,1.065,8.52039704265,0.0,8.00037281
2026-04-03,1.056,8.448393687360001,0.0,8.00037281
2026-04-07,1.049,8.39239107769,0.0,8.00037281
2026-04-08,1.063,8.50439629703,0.0,8.00037281
2026-04-09,1.054,8.43239294174,0.0,8.00037281
2026-04-10,1.059,8.47239480579,0.0,8.00037281
2026-04-13,1.056,8.448393687360001,0.0,8.00037281
2026-04-14,1.063,8.50439629703,0.0,8.00037281
2026-04-15,1.066,8.52839741546,0.0,8.00037281
2026-04-16,1.065,8.52039704265,0.0,8.00037281
2026-04-17,1.06,8.4803951786,0.0,8.00037281
2026-04-20,1.063,8.50439629703,0.0,8.00037281
2026-04-21,1.066,8.52839741546,0.0,8.00037281
2026-04-22,1.062,8.49639592422,0.0,8.00037281
2026-04-23,1.062,8.49639592422,0.0,8.00037281
2026-04-24,1.061,8.48839555141,0.0,8.00037281
2026-04-27,1.057,8.45639406017,0.0,8.00037281
2026-04-28,1.059,8.47239480579,0.0,8.00037281
2026-04-29,1.064,8.512396669840001,0.0,8.00037281
2026-04-30,1.057,8.45639406017,0.0,8.00037281
2026-05-06,1.054,8.43239294174,0.0,8.00037281
2026-05-07,1.048,8.38439070488,0.0,8.00037281
2026-05-08,1.046,8.36838995926,0.0,8.00037281
2026-05-11,1.05,8.4003914505,0.0,8.00037281
2026-05-12,1.047,8.376390332069999,0.0,8.00037281
2026-05-13,1.042,8.33638846802,0.0,8.00037281
2026-05-14,1.038,8.30438697678,0.0,8.00037281
2026-05-15,1.03,8.2403839943,0.0,8.00037281
2026-05-18,1.022,8.17638101182,0.0,8.00037281
2026-05-19,1.025,8.200382130249999,0.0,8.00037281
2026-05-20,1.017,8.136379147769999,0.0,8.00037281
2026-05-21,1.013,8.10437765653,0.0,8.00037281
2026-05-22,1.008,8.06437579248,0.0,8.00037281
2026-05-25,1.01,8.0803765381,0.0,8.00037281
2026-05-26,1.014,8.11237802934,0.0,8.00037281
2026-05-27,1.008,8.06437579248,0.0,8.00037281
2026-05-28,0.998,7.98437206438,0.0,8.00037281
2026-05-29,1.018,8.14437952058,0.0,8.00037281
2026-06-01,1.029,8.23238362149,0.0,8.00037281
2026-06-02,1.031,8.248384367109999,0.0,8.00037281
2026-06-03,1.03,8.2403839943,0.0,8.00037281
2026-06-04,1.02,8.1603802662,0.0,8.00037281
2026-06-05,1.022,8.17638101182,0.0,8.00037281
2026-06-08,1.025,8.200382130249999,0.0,8.00037281
2026-06-09,1.025,8.200382130249999,0.0,8.00037281
2026-06-10,1.036,8.28838623116,0.0,8.00037281
2026-06-11,1.032,8.25638473992,0.0,8.00037281
2026-06-12,1.046,8.36838995926,0.0,8.00037281
2026-06-15,1.039,8.312387349589999,0.0,8.00037281
2026-06-16,1.025,8.200382130249999,0.0,8.00037281
2026-06-17,1.02,8.1603802662,0.0,8.00037281
2026-06-18,0.992,7.93636982752,0.0,8.00037281
2026-06-22,1.013,8.10437765653,0.0,8.00037281
2026-06-23,1.007,8.05637541967,0.0,8.00037281
2026-06-24,0.991,7.92836945471,0.0,8.00037281
2026-06-25,0.987,7.8963679634699995,0.0,8.00037281
2026-06-26,0.969,7.75236125289,0.0,8.00037281
2026-06-29,0.979,7.83236498099,0.0,8.00037281
2026-06-30,0.961,7.688358270409999,0.0,8.00037281
2026-07-01,0.978,7.82436460818,0.0,8.00037281
2026-07-02,0.978,7.82436460818,0.0,8.00037281
2026-07-03,0.985,7.88036721785,0.0,8.00037281
2026-07-06,1.001,8.008373182809999,0.0,8.00037281
2026-07-07,0.991,7.92836945471,0.0,8.00037281
2026-07-08,0.999,7.99237243719,0.0,8.00037281
2026-07-09,0.994,7.95237057314,0.0,8.00037281
2026-07-10,0.994,7.95237057314,0.0,8.00037281
2026-07-13,1.007,8.05637541967,0.0,8.00037281
2026-07-14,1.009,8.072376165289999,0.0,8.00037281
2026-07-15,1.026,8.208382503060001,0.0,8.00037281
2026-07-16,1.016,8.12837877496,0.0,8.00037281
2026-07-17,1.02,8.1603802662,0.0,8.00037281
