date,close,total_return_proxy,cumulative_dividend,split_factor
2011-01-25,2.769,2.769,0.0,1.0
2011-01-26,2.803,2.803,0.0,1.0
2011-01-27,2.877,2.877,0.0,1.0
2011-01-28,2.9,2.9,0.0,1.0
2011-01-31,2.94,2.94,0.0,1.0
2011-02-01,2.997,2.997,0.0,1.0
2011-02-09,2.926,2.926,0.0,1.0
2011-02-10,2.981,2.981,0.0,1.0
2011-02-11,2.976,2.976,0.0,1.0
2011-02-14,3.103,3.103,0.0,1.0
2011-02-15,3.135,3.135,0.0,1.0
2011-02-16,3.2,3.2,0.0,1.0
2011-02-17,3.188,3.188,0.0,1.0
2011-02-18,3.146,3.146,0.0,1.0
2011-02-21,3.216,3.216,0.0,1.0
2011-02-22,3.155,3.155,0.0,1.0
2011-02-23,3.181,3.181,0.0,1.0
2011-02-24,3.208,3.208,0.0,1.0
2011-02-25,3.196,3.196,0.0,1.0
2011-02-28,3.23,3.23,0.0,1.0
2011-03-01,3.244,3.244,0.0,1.0
2011-03-02,3.235,3.235,0.0,1.0
2011-03-03,3.199,3.199,0.0,1.0
2011-03-04,3.238,3.238,0.0,1.0
2011-03-07,3.387,3.387,0.0,1.0
2011-03-08,3.38,3.38,0.0,1.0
2011-03-09,3.356,3.356,0.0,1.0
2011-03-10,3.273,3.273,0.0,1.0
2011-03-11,3.238,3.238,0.0,1.0
2011-03-14,3.24,3.24,0.0,1.0
2011-03-15,3.172,3.172,0.0,1.0
2011-03-16,3.263,3.263,0.0,1.0
2011-03-17,3.211,3.211,0.0,1.0
2011-03-18,3.226,3.226,0.0,1.0
2011-03-21,3.224,3.224,0.0,1.0
2011-03-22,3.243,3.243,0.0,1.0
2011-03-23,3.277,3.277,0.0,1.0
2011-03-24,3.267,3.267,0.0,1.0
2011-03-25,3.328,3.328,0.0,1.0
2011-03-28,3.337,3.337,0.0,1.0
2011-03-29,3.273,3.273,0.0,1.0
2011-03-30,3.305,3.305,0.0,1.0
2011-03-31,3.265,3.265,0.0,1.0
2011-04-01,3.32,3.32,0.0,1.0
2011-04-06,3.379,3.379,0.0,1.0
2011-04-07,3.383,3.383,0.0,1.0
2011-04-08,3.43,3.43,0.0,1.0
2011-04-11,3.428,3.428,0.0,1.0
2011-04-12,3.37,3.37,0.0,1.0
2011-04-13,3.398,3.398,0.0,1.0
2011-04-14,3.362,3.362,0.0,1.0
2011-04-15,3.37,3.37,0.0,1.0
2011-04-18,3.359,3.359,0.0,1.0
2011-04-19,3.29,3.29,0.0,1.0
2011-04-20,3.309,3.309,0.0,1.0
2011-04-21,3.357,3.357,0.0,1.0
2011-04-22,3.344,3.344,0.0,1.0
2011-04-25,3.243,3.243,0.0,1.0
2011-04-26,3.205,3.205,0.0,1.0
2011-04-27,3.182,3.182,0.0,1.0
2011-04-28,3.124,3.124,0.0,1.0
2011-04-29,3.181,3.181,0.0,1.0
2011-05-03,3.175,3.175,0.0,1.0
2011-05-04,3.055,3.055,0.0,1.0
2011-05-05,3.042,3.042,0.0,1.0
2011-05-06,3.016,3.016,0.0,1.0
2011-05-09,3.039,3.039,0.0,1.0
2011-05-10,3.087,3.087,0.0,1.0
2011-05-11,3.06,3.06,0.0,1.0
2011-05-12,2.998,2.998,0.0,1.0
2011-05-13,3.049,3.049,0.0,1.0
2011-05-16,3.017,3.017,0.0,1.0
2011-05-17,3.048,3.048,0.0,1.0
2011-05-18,3.062,3.062,0.0,1.0
2011-05-19,3.044,3.044,0.0,1.0
2011-05-20,3.062,3.062,0.0,1.0
2011-05-23,2.961,2.961,0.0,1.0
2011-05-24,3.0,3.0,0.0,1.0
2011-05-25,2.97,2.97,0.0,1.0
2011-05-26,2.973,2.973,0.0,1.0
2011-05-27,2.942,2.942,0.0,1.0
2011-05-30,2.901,2.901,0.0,1.0
2011-05-31,2.972,2.972,0.0,1.0
2011-06-01,2.985,2.985,0.0,1.0
2011-06-02,2.972,2.972,0.0,1.0
2011-06-03,2.997,2.997,0.0,1.0
2011-06-07,3.047,3.047,0.0,1.0
2011-06-08,3.059,3.059,0.0,1.0
2011-06-09,3.022,3.022,0.0,1.0
2011-06-10,3.006,3.006,0.0,1.0
2011-06-13,2.996,2.996,0.0,1.0
2011-06-14,3.035,3.035,0.0,1.0
2011-06-15,3.026,3.026,0.0,1.0
2011-06-16,2.965,2.965,0.0,1.0
2011-06-17,2.908,2.908,0.0,1.0
2011-06-20,2.904,2.904,0.0,1.0
2011-06-21,2.938,2.938,0.0,1.0
2011-06-22,2.928,2.928,0.0,1.0
2011-06-23,2.973,2.973,0.0,1.0
2011-06-24,3.022,3.022,0.0,1.0
2011-06-27,3.036,3.036,0.0,1.0
2011-06-28,3.07,3.07,0.0,1.0
2011-06-29,3.021,3.021,0.0,1.0
2011-06-30,3.072,3.072,0.0,1.0
2011-07-01,3.115,3.115,0.0,1.0
2011-07-04,3.206,3.206,0.0,1.0
2011-07-05,3.198,3.198,0.0,1.0
2011-07-06,3.197,3.197,0.0,1.0
2011-07-07,3.18,3.18,0.0,1.0
2011-07-08,3.183,3.183,0.0,1.0
2011-07-11,3.178,3.178,0.0,1.0
2011-07-12,3.103,3.103,0.0,1.0
2011-07-13,3.172,3.172,0.0,1.0
2011-07-14,3.224,3.224,0.0,1.0
2011-07-15,3.246,3.246,0.0,1.0
2011-07-18,3.241,3.241,0.0,1.0
2011-07-19,3.243,3.243,0.0,1.0
2011-07-20,3.211,3.211,0.0,1.0
2011-07-21,3.156,3.156,0.0,1.0
2011-07-22,3.162,3.162,0.0,1.0
2011-07-25,3.068,3.068,0.0,1.0
2011-07-26,3.09,3.09,0.0,1.0
2011-07-27,3.154,3.154,0.0,1.0
2011-07-28,3.151,3.151,0.0,1.0
2011-07-29,3.1,3.1,0.0,1.0
2011-08-01,3.133,3.133,0.0,1.0
2011-08-02,3.116,3.116,0.0,1.0
2011-08-03,3.12,3.12,0.0,1.0
2011-08-04,3.123,3.123,0.0,1.0
2011-08-05,3.046,3.046,0.0,1.0
2011-08-08,2.945,2.945,0.0,1.0
2011-08-09,2.942,2.942,0.0,1.0
2011-08-10,2.972,2.972,0.0,1.0
2011-08-11,2.999,2.999,0.0,1.0
2011-08-12,2.985,2.985,0.0,1.0
2011-08-15,3.015,3.015,0.0,1.0
2011-08-16,3.019,3.019,0.0,1.0
2011-08-17,2.984,2.984,0.0,1.0
2011-08-18,2.946,2.946,0.0,1.0
2011-08-19,2.898,2.898,0.0,1.0
2011-08-22,2.88,2.88,0.0,1.0
2011-08-23,2.911,2.911,0.0,1.0
2011-08-24,2.888,2.888,0.0,1.0
2011-08-25,2.971,2.971,0.0,1.0
2011-08-26,2.979,2.979,0.0,1.0
2011-08-29,2.95,2.95,0.0,1.0
2011-08-30,2.92,2.92,0.0,1.0
2011-08-31,2.929,2.929,0.0,1.0
2011-09-01,2.915,2.915,0.0,1.0
2011-09-02,2.871,2.871,0.0,1.0
2011-09-05,2.806,2.806,0.0,1.0
2011-09-06,2.801,2.801,0.0,1.0
2011-09-07,2.857,2.857,0.0,1.0
2011-09-08,2.843,2.843,0.0,1.0
2011-09-09,2.828,2.828,0.0,1.0
2011-09-13,2.79,2.79,0.0,1.0
2011-09-14,2.796,2.796,0.0,1.0
2011-09-15,2.787,2.787,0.0,1.0
2011-09-16,2.799,2.799,0.0,1.0
2011-09-19,2.735,2.735,0.0,1.0
2011-09-20,2.748,2.748,0.0,1.0
2011-09-21,2.856,2.856,0.0,1.0
2011-09-22,2.766,2.766,0.0,1.0
2011-09-23,2.743,2.743,0.0,1.0
2011-09-26,2.695,2.695,0.0,1.0
2011-09-27,2.712,2.712,0.0,1.0
2011-09-28,2.69,2.69,0.0,1.0
2011-09-29,2.646,2.646,0.0,1.0
2011-09-30,2.642,2.642,0.0,1.0
2011-10-10,2.628,2.628,0.0,1.0
2011-10-11,2.566,2.566,0.0,1.0
2011-10-12,2.638,2.638,0.0,1.0
2011-10-13,2.654,2.654,0.0,1.0
2011-10-14,2.649,2.649,0.0,1.0
2011-10-17,2.64,2.64,0.0,1.0
2011-10-18,2.543,2.543,0.0,1.0
2011-10-19,2.534,2.534,0.0,1.0
2011-10-20,2.456,2.456,0.0,1.0
2011-10-21,2.4,2.4,0.0,1.0
2011-10-24,2.448,2.448,0.0,1.0
2011-10-25,2.535,2.535,0.0,1.0
2011-10-26,2.567,2.567,0.0,1.0
2011-10-27,2.551,2.551,0.0,1.0
2011-10-28,2.618,2.618,0.0,1.0
2011-10-31,2.612,2.612,0.0,1.0
2011-11-01,2.604,2.604,0.0,1.0
2011-11-02,2.618,2.618,0.0,1.0
2011-11-03,2.638,2.638,0.0,1.0
2011-11-04,2.686,2.686,0.0,1.0
2011-11-07,2.675,2.675,0.0,1.0
2011-11-08,2.669,2.669,0.0,1.0
2011-11-09,2.688,2.688,0.0,1.0
2011-11-10,2.638,2.638,0.0,1.0
2011-11-11,2.633,2.633,0.0,1.0
2011-11-14,2.715,2.715,0.0,1.0
2011-11-15,2.707,2.707,0.0,1.0
2011-11-16,2.627,2.627,0.0,1.0
2011-11-17,2.626,2.626,0.0,1.0
2011-11-18,2.541,2.541,0.0,1.0
2011-11-21,2.54,2.54,0.0,1.0
2011-11-22,2.53,2.53,0.0,1.0
2011-11-23,2.502,2.502,0.0,1.0
2011-11-24,2.484,2.484,0.0,1.0
2011-11-25,2.468,2.468,0.0,1.0
2011-11-28,2.487,2.487,0.0,1.0
2011-11-29,2.529,2.529,0.0,1.0
2011-11-30,2.441,2.441,0.0,1.0
2011-12-01,2.503,2.503,0.0,1.0
2011-12-02,2.451,2.451,0.0,1.0
2011-12-05,2.405,2.405,0.0,1.0
2011-12-06,2.395,2.395,0.0,1.0
2011-12-07,2.399,2.399,0.0,1.0
2011-12-08,2.395,2.395,0.0,1.0
2011-12-09,2.371,2.371,0.0,1.0
2011-12-12,2.342,2.342,0.0,1.0
2011-12-13,2.265,2.265,0.0,1.0
2011-12-14,2.219,2.219,0.0,1.0
2011-12-15,2.118,2.118,0.0,1.0
2011-12-16,2.157,2.157,0.0,1.0
2011-12-19,2.134,2.134,0.0,1.0
2011-12-20,2.135,2.135,0.0,1.0
2011-12-21,2.099,2.099,0.0,1.0
2011-12-22,2.094,2.094,0.0,1.0
2011-12-23,2.115,2.115,0.0,1.0
2011-12-26,2.106,2.106,0.0,1.0
2011-12-27,2.076,2.076,0.0,1.0
2011-12-28,2.077,2.077,0.0,1.0
2011-12-29,2.076,2.076,0.0,1.0
2011-12-30,2.114,2.114,0.0,1.0
2012-01-04,2.057,2.057,0.0,1.0
2012-01-05,2.023,2.023,0.0,1.0
2012-01-06,2.048,2.048,0.0,1.0
2012-01-09,2.171,2.171,0.0,1.0
2012-01-10,2.283,2.283,0.0,1.0
2012-01-11,2.268,2.268,0.0,1.0
2012-01-12,2.288,2.288,0.0,1.0
2012-01-13,2.27,2.27,0.0,1.0
2012-01-16,2.197,2.197,0.0,1.0
2012-01-17,2.389,2.389,0.0,1.0
2012-01-18,2.336,2.336,0.0,1.0
2012-01-19,2.4,2.4,0.0,1.0
2012-01-20,2.4,2.4,0.0,1.0
2012-01-30,2.371,2.371,0.0,1.0
2012-01-31,2.376,2.376,0.0,1.0
2012-02-01,2.311,2.311,0.0,1.0
2012-02-02,2.371,2.371,0.0,1.0
2012-02-03,2.396,2.396,0.0,1.0
2012-02-06,2.383,2.383,0.0,1.0
2012-02-07,2.331,2.331,0.0,1.0
2012-02-08,2.468,2.468,0.0,1.0
2012-02-09,2.454,2.454,0.0,1.0
2012-02-10,2.435,2.435,0.0,1.0
2012-02-13,2.449,2.449,0.0,1.0
2012-02-14,2.445,2.445,0.0,1.0
2012-02-15,2.465,2.465,0.0,1.0
2012-02-16,2.45,2.45,0.0,1.0
2012-02-17,2.446,2.446,0.0,1.0
2012-02-20,2.447,2.447,0.0,1.0
2012-02-21,2.463,2.463,0.0,1.0
2012-02-22,2.492,2.492,0.0,1.0
2012-02-23,2.52,2.52,0.0,1.0
2012-02-24,2.552,2.552,0.0,1.0
2012-02-27,2.58,2.58,0.0,1.0
2012-02-28,2.556,2.556,0.0,1.0
2012-02-29,2.556,2.556,0.0,1.0
2012-03-01,2.542,2.542,0.0,1.0
2012-03-02,2.589,2.589,0.0,1.0
2012-03-05,2.577,2.577,0.0,1.0
2012-03-06,2.519,2.519,0.0,1.0
2012-03-07,2.472,2.472,0.0,1.0
2012-03-08,2.525,2.525,0.0,1.0
2012-03-09,2.587,2.587,0.0,1.0
2012-03-12,2.59,2.59,0.0,1.0
2012-03-13,2.618,2.618,0.0,1.0
2012-03-14,2.532,2.532,0.0,1.0
2012-03-15,2.505,2.505,0.0,1.0
2012-03-16,2.551,2.551,0.0,1.0
2012-03-19,2.594,2.594,0.0,1.0
2012-03-20,2.546,2.546,0.0,1.0
2012-03-21,2.606,2.606,0.0,1.0
2012-03-22,2.554,2.554,0.0,1.0
2012-03-23,2.539,2.539,0.0,1.0
2012-03-26,2.515,2.515,0.0,1.0
2012-03-27,2.53,2.53,0.0,1.0
2012-03-28,2.421,2.421,0.0,1.0
2012-03-29,2.358,2.358,0.0,1.0
2012-03-30,2.35,2.35,0.0,1.0
2012-04-05,2.423,2.423,0.0,1.0
2012-04-06,2.424,2.424,0.0,1.0
2012-04-09,2.408,2.408,0.0,1.0
2012-04-10,2.42,2.42,0.0,1.0
2012-04-11,2.417,2.417,0.0,1.0
2012-04-12,2.461,2.461,0.0,1.0
2012-04-13,2.473,2.473,0.0,1.0
2012-04-16,2.472,2.472,0.0,1.0
2012-04-17,2.434,2.434,0.0,1.0
2012-04-18,2.499,2.499,0.0,1.0
2012-04-19,2.497,2.497,0.0,1.0
2012-04-20,2.508,2.508,0.0,1.0
2012-04-23,2.476,2.476,0.0,1.0
2012-04-24,2.465,2.465,0.0,1.0
2012-04-25,2.493,2.493,0.0,1.0
2012-04-26,2.529,2.529,0.0,1.0
2012-04-27,2.514,2.514,0.0,1.0
2012-05-02,2.609,2.609,0.0,1.0
2012-05-03,2.607,2.607,0.0,1.0
2012-05-04,2.645,2.645,0.0,1.0
2012-05-07,2.65,2.65,0.0,1.0
2012-05-08,2.647,2.647,0.0,1.0
2012-05-09,2.583,2.583,0.0,1.0
2012-05-10,2.591,2.591,0.0,1.0
2012-05-11,2.561,2.561,0.0,1.0
2012-05-14,2.52,2.52,0.0,1.0
2012-05-15,2.51,2.51,0.0,1.0
2012-05-16,2.491,2.491,0.0,1.0
2012-05-17,2.529,2.529,0.0,1.0
2012-05-18,2.5,2.5,0.0,1.0
2012-05-21,2.525,2.525,0.0,1.0
2012-05-22,2.548,2.548,0.0,1.0
2012-05-23,2.51,2.51,0.0,1.0
2012-05-24,2.484,2.484,0.0,1.0
2012-05-25,2.465,2.465,0.0,1.0
2012-05-28,2.506,2.506,0.0,1.0
2012-05-29,2.569,2.569,0.0,1.0
2012-05-30,2.54,2.54,0.0,1.0
2012-05-31,2.528,2.528,0.0,1.0
2012-06-01,2.534,2.534,0.0,1.0
2012-06-04,2.457,2.457,0.0,1.0
2012-06-05,2.442,2.442,0.0,1.0
2012-06-06,2.462,2.462,0.0,1.0
2012-06-07,2.43,2.43,0.0,1.0
2012-06-08,2.408,2.408,0.0,1.0
2012-06-11,2.45,2.45,0.0,1.0
2012-06-12,2.426,2.426,0.0,1.0
2012-06-13,2.438,2.438,0.0,1.0
2012-06-14,2.405,2.405,0.0,1.0
2012-06-15,2.412,2.412,0.0,1.0
2012-06-18,2.435,2.435,0.0,1.0
2012-06-19,2.404,2.404,0.0,1.0
2012-06-20,2.406,2.406,0.0,1.0
2012-06-21,2.358,2.358,0.0,1.0
2012-06-25,2.276,2.276,0.0,1.0
2012-06-26,2.258,2.258,0.0,1.0
2012-06-27,2.244,2.244,0.0,1.0
2012-06-28,2.196,2.196,0.0,1.0
2012-06-29,2.236,2.236,0.0,1.0
2012-07-02,2.238,2.238,0.0,1.0
2012-07-03,2.247,2.247,0.0,1.0
2012-07-04,2.25,2.25,0.0,1.0
2012-07-05,2.212,2.212,0.0,1.0
2012-07-06,2.25,2.25,0.0,1.0
2012-07-09,2.18,2.18,0.0,1.0
2012-07-10,2.163,2.163,0.0,1.0
2012-07-11,2.177,2.177,0.0,1.0
2012-07-12,2.239,2.239,0.0,1.0
2012-07-13,2.23,2.23,0.0,1.0
2012-07-16,2.187,2.187,0.0,1.0
2012-07-17,2.2,2.2,0.0,1.0
2012-07-18,2.225,2.225,0.0,1.0
2012-07-19,2.231,2.231,0.0,1.0
2012-07-20,2.209,2.209,0.0,1.0
2012-07-23,2.183,2.183,0.0,1.0
2012-07-24,2.186,2.186,0.0,1.0
2012-07-25,2.159,2.159,0.0,1.0
2012-07-26,2.16,2.16,0.0,1.0
2012-07-27,2.169,2.169,0.0,1.0
2012-07-30,2.141,2.141,0.0,1.0
2012-07-31,2.114,2.114,0.0,1.0
2012-08-01,2.14,2.14,0.0,1.0
2012-08-02,2.111,2.111,0.0,1.0
2012-08-03,2.154,2.154,0.0,1.0
2012-08-06,2.215,2.215,0.0,1.0
2012-08-07,2.239,2.239,0.0,1.0
2012-08-08,2.253,2.253,0.0,1.0
2012-08-09,2.257,2.257,0.0,1.0
2012-08-10,2.239,2.239,0.0,1.0
2012-08-13,2.198,2.198,0.0,1.0
2012-08-14,2.209,2.209,0.0,1.0
2012-08-15,2.17,2.17,0.0,1.0
2012-08-16,2.165,2.165,0.0,1.0
2012-08-17,2.173,2.173,0.0,1.0
2012-08-20,2.167,2.167,0.0,1.0
2012-08-21,2.178,2.178,0.0,1.0
2012-08-22,2.166,2.166,0.0,1.0
2012-08-23,2.192,2.192,0.0,1.0
2012-08-24,2.154,2.154,0.0,1.0
2012-08-27,2.088,2.088,0.0,1.0
2012-08-28,2.098,2.098,0.0,1.0
2012-08-29,2.047,2.047,0.0,1.0
2012-08-30,2.034,2.034,0.0,1.0
2012-08-31,2.018,2.018,0.0,1.0
2012-09-03,2.046,2.046,0.0,1.0
2012-09-04,2.034,2.034,0.0,1.0
2012-09-05,2.03,2.03,0.0,1.0
2012-09-06,2.045,2.045,0.0,1.0
2012-09-07,2.153,2.153,0.0,1.0
2012-09-10,2.177,2.177,0.0,1.0
2012-09-11,2.168,2.168,0.0,1.0
2012-09-12,2.193,2.193,0.0,1.0
2012-09-13,2.16,2.16,0.0,1.0
2012-09-14,2.201,2.201,0.0,1.0
2012-09-17,2.162,2.162,0.0,1.0
2012-09-18,2.114,2.114,0.0,1.0
2012-09-19,2.158,2.158,0.0,1.0
2012-09-20,2.101,2.101,0.0,1.0
2012-09-21,2.12,2.12,0.0,1.0
2012-09-24,2.125,2.125,0.0,1.0
2012-09-25,2.108,2.108,0.0,1.0
2012-09-26,2.074,2.074,0.0,1.0
2012-09-27,2.145,2.145,0.0,1.0
2012-09-28,2.185,2.185,0.0,1.0
2012-10-08,2.149,2.149,0.0,1.0
2012-10-09,2.201,2.201,0.0,1.0
2012-10-10,2.208,2.208,0.0,1.0
2012-10-11,2.183,2.183,0.0,1.0
2012-10-12,2.182,2.182,0.0,1.0
2012-10-15,2.139,2.139,0.0,1.0
2012-10-16,2.147,2.147,0.0,1.0
2012-10-17,2.15,2.15,0.0,1.0
2012-10-18,2.193,2.193,0.0,1.0
2012-10-19,2.176,2.176,0.0,1.0
2012-10-22,2.176,2.176,0.0,1.0
2012-10-23,2.156,2.156,0.0,1.0
2012-10-24,2.133,2.133,0.0,1.0
2012-10-25,2.119,2.119,0.0,1.0
2012-10-26,2.068,2.068,0.0,1.0
2012-10-29,2.051,2.051,0.0,1.0
2012-10-30,2.05,2.05,0.0,1.0
2012-10-31,2.054,2.054,0.0,1.0
2012-11-01,2.1,2.1,0.0,1.0
2012-11-02,2.101,2.101,0.0,1.0
2012-11-05,2.109,2.109,0.0,1.0
2012-11-06,2.097,2.097,0.0,1.0
2012-11-07,2.109,2.109,0.0,1.0
2012-11-08,2.06,2.06,0.0,1.0
2012-11-09,2.05,2.05,0.0,1.0
2012-11-12,2.068,2.068,0.0,1.0
2012-11-13,2.029,2.029,0.0,1.0
2012-11-14,2.045,2.045,0.0,1.0
2012-11-15,2.012,2.012,0.0,1.0
2012-11-16,1.981,1.981,0.0,1.0
2012-11-19,1.998,1.998,0.0,1.0
2012-11-20,1.997,1.997,0.0,1.0
2012-11-21,2.018,2.018,0.0,1.0
2012-11-22,1.99,1.99,0.0,1.0
2012-11-23,2.004,2.004,0.0,1.0
2012-11-26,1.993,1.993,0.0,1.0
2012-11-27,1.965,1.965,0.0,1.0
2012-11-28,1.922,1.922,0.0,1.0
2012-11-29,1.898,1.898,0.0,1.0
2012-11-30,1.915,1.915,0.0,1.0
2012-12-03,1.874,1.874,0.0,1.0
2012-12-04,1.877,1.877,0.0,1.0
2012-12-05,1.947,1.947,0.0,1.0
2012-12-06,1.949,1.949,0.0,1.0
2012-12-07,1.997,1.997,0.0,1.0
2012-12-10,2.015,2.015,0.0,1.0
2012-12-11,2.01,2.01,0.0,1.0
2012-12-12,2.012,2.012,0.0,1.0
2012-12-13,1.989,1.989,0.0,1.0
2012-12-14,2.077,2.077,0.0,1.0
2012-12-17,2.115,2.115,0.0,1.0
2012-12-18,2.126,2.126,0.0,1.0
2012-12-19,2.111,2.111,0.0,1.0
2012-12-20,2.133,2.133,0.0,1.0
2012-12-21,2.138,2.138,0.0,1.0
2012-12-24,2.128,2.128,0.0,1.0
2012-12-25,2.174,2.174,0.0,1.0
2012-12-26,2.189,2.189,0.0,1.0
2012-12-27,2.192,2.192,0.0,1.0
2012-12-28,2.195,2.195,0.0,1.0
2012-12-31,2.21,2.21,0.0,1.0
2013-01-04,2.205,2.205,0.0,1.0
2013-01-07,2.2,2.2,0.0,1.0
2013-01-08,2.187,2.187,0.0,1.0
2013-01-09,2.221,2.221,0.0,1.0
2013-01-10,2.22,2.22,0.0,1.0
2013-01-11,2.17,2.17,0.0,1.0
2013-01-14,2.221,2.221,0.0,1.0
2013-01-15,2.259,2.259,0.0,1.0
2013-01-16,2.27,2.27,0.0,1.0
2013-01-17,2.243,2.243,0.0,1.0
2013-01-18,2.271,2.271,0.0,1.0
2013-01-21,2.283,2.283,0.0,1.0
2013-01-22,2.25,2.25,0.0,1.0
2013-01-23,2.24,2.24,0.0,1.0
2013-01-24,2.2,2.2,0.0,1.0
2013-01-25,2.214,2.214,0.0,1.0
2013-01-28,2.239,2.239,0.0,1.0
2013-01-29,2.273,2.273,0.0,1.0
2013-01-30,2.246,2.246,0.0,1.0
2013-01-31,2.278,2.278,0.0,1.0
2013-02-01,2.298,2.298,0.0,1.0
2013-02-04,2.339,2.339,0.0,1.0
2013-02-05,2.349,2.349,0.0,1.0
2013-02-06,2.342,2.342,0.0,1.0
2013-02-07,2.33,2.33,0.0,1.0
2013-02-08,2.341,2.341,0.0,1.0
2013-02-18,2.3,2.3,0.0,1.0
2013-02-19,2.236,2.236,0.0,1.0
2013-02-20,2.264,2.264,0.0,1.0
2013-02-21,2.185,2.185,0.0,1.0
2013-02-22,2.186,2.186,0.0,1.0
2013-02-25,2.204,2.204,0.0,1.0
2013-02-26,2.15,2.15,0.0,1.0
2013-02-27,2.17,2.17,0.0,1.0
2013-02-28,2.205,2.205,0.0,1.0
2013-03-01,2.187,2.187,0.0,1.0
2013-03-04,2.099,2.099,0.0,1.0
2013-03-05,2.129,2.129,0.0,1.0
2013-03-06,2.149,2.149,0.0,1.0
2013-03-07,2.17,2.17,0.0,1.0
2013-03-08,2.157,2.157,0.0,1.0
2013-03-11,2.147,2.147,0.0,1.0
2013-03-12,2.129,2.129,0.0,1.0
2013-03-13,2.11,2.11,0.0,1.0
2013-03-14,2.111,2.111,0.0,1.0
2013-03-15,2.09,2.09,0.0,1.0
2013-03-18,2.054,2.054,0.0,1.0
2013-03-19,2.062,2.062,0.0,1.0
2013-03-20,2.11,2.11,0.0,1.0
2013-03-21,2.113,2.113,0.0,1.0
2013-03-22,2.116,2.116,0.0,1.0
2013-03-25,2.118,2.118,0.0,1.0
2013-03-26,2.07,2.07,0.0,1.0
2013-03-27,2.072,2.072,0.0,1.0
2013-03-28,2.029,2.029,0.0,1.0
2013-03-29,2.03,2.03,0.0,1.0
2013-04-01,2.0,2.0,0.0,1.0
2013-04-02,2.001,2.001,0.0,1.0
2013-04-03,2.0,2.0,0.0,1.0
2013-04-08,1.972,1.972,0.0,1.0
2013-04-09,1.985,1.985,0.0,1.0
2013-04-10,2.006,2.006,0.0,1.0
2013-04-11,1.993,1.993,0.0,1.0
2013-04-12,1.969,1.969,0.0,1.0
2013-04-15,1.915,1.915,0.0,1.0
2013-04-16,1.916,1.916,0.0,1.0
2013-04-17,1.91,1.91,0.0,1.0
2013-04-18,1.9,1.9,0.0,1.0
2013-04-19,1.937,1.937,0.0,1.0
2013-04-22,1.933,1.933,0.0,1.0
2013-04-23,1.884,1.884,0.0,1.0
2013-04-24,1.913,1.913,0.0,1.0
2013-04-25,1.891,1.891,0.0,1.0
2013-04-26,1.875,1.875,0.0,1.0
2013-05-02,1.841,1.841,0.0,1.0
2013-05-03,1.85,1.85,0.0,1.0
2013-05-06,1.884,1.884,0.0,1.0
2013-05-07,1.89,1.89,0.0,1.0
2013-05-08,1.897,1.897,0.0,1.0
2013-05-09,1.895,1.895,0.0,1.0
2013-05-10,1.885,1.885,0.0,1.0
2013-05-13,1.883,1.883,0.0,1.0
2013-05-14,1.852,1.852,0.0,1.0
2013-05-15,1.847,1.847,0.0,1.0
2013-05-16,1.861,1.861,0.0,1.0
2013-05-17,1.903,1.903,0.0,1.0
2013-05-20,1.915,1.915,0.0,1.0
2013-05-21,1.919,1.919,0.0,1.0
2013-05-22,1.92,1.92,0.0,1.0
2013-05-23,1.882,1.882,0.0,1.0
2013-05-24,1.89,1.89,0.0,1.0
2013-05-27,1.895,1.895,0.0,1.0
2013-05-28,1.923,1.923,0.0,1.0
2013-05-29,1.92,1.92,0.0,1.0
2013-05-30,1.916,1.916,0.0,1.0
2013-05-31,1.894,1.894,0.0,1.0
2013-06-03,1.881,1.881,0.0,1.0
2013-06-04,1.873,1.873,0.0,1.0
2013-06-05,1.87,1.87,0.0,1.0
2013-06-06,1.86,1.86,0.0,1.0
2013-06-07,1.827,1.827,0.0,1.0
2013-06-13,1.75,1.75,0.0,1.0
2013-06-14,1.748,1.748,0.0,1.0
2013-06-17,1.75,1.75,0.0,1.0
2013-06-18,1.738,1.738,0.0,1.0
2013-06-19,1.74,1.74,0.0,1.0
2013-06-20,1.704,1.704,0.0,1.0
2013-06-21,1.656,1.656,0.0,1.0
2013-06-24,1.566,1.566,0.0,1.0
2013-06-25,1.503,1.503,0.0,1.0
2013-06-26,1.508,1.508,0.0,1.0
2013-06-27,1.488,1.488,0.0,1.0
2013-06-28,1.499,1.499,0.0,1.0
2013-07-01,1.507,1.507,0.0,1.0
2013-07-02,1.488,1.488,0.0,1.0
2013-07-03,1.486,1.486,0.0,1.0
2013-07-04,1.528,1.528,0.0,1.0
2013-07-05,1.538,1.538,0.0,1.0
2013-07-08,1.474,1.474,0.0,1.0
2013-07-09,1.467,1.467,0.0,1.0
2013-07-10,1.523,1.523,0.0,1.0
2013-07-11,1.59,1.59,0.0,1.0
2013-07-12,1.571,1.571,0.0,1.0
2013-07-15,1.568,1.568,0.0,1.0
2013-07-16,1.555,1.555,0.0,1.0
2013-07-17,1.548,1.548,0.0,1.0
2013-07-18,1.516,1.516,0.0,1.0
2013-07-19,1.48,1.48,0.0,1.0
2013-07-22,1.491,1.491,0.0,1.0
2013-07-23,1.535,1.535,0.0,1.0
2013-07-24,1.52,1.52,0.0,1.0
2013-07-25,1.515,1.515,0.0,1.0
2013-07-26,1.493,1.493,0.0,1.0
2013-07-29,1.467,1.467,0.0,1.0
2013-07-30,1.48,1.48,0.0,1.0
2013-07-31,1.485,1.485,0.0,1.0
2013-08-01,1.515,1.515,0.0,1.0
2013-08-02,1.519,1.519,0.0,1.0
2013-08-05,1.541,1.541,0.0,1.0
2013-08-06,1.558,1.558,0.0,1.0
2013-08-07,1.567,1.567,0.0,1.0
2013-08-08,1.557,1.557,0.0,1.0
2013-08-09,1.591,1.591,0.0,1.0
2013-08-12,1.668,1.668,0.0,1.0
2013-08-13,1.649,1.649,0.0,1.0
2013-08-14,1.656,1.656,0.0,1.0
2013-08-15,1.628,1.628,0.0,1.0
2013-08-16,1.602,1.602,0.0,1.0
2013-08-19,1.63,1.63,0.0,1.0
2013-08-20,1.595,1.595,0.0,1.0
2013-08-21,1.606,1.606,0.0,1.0
2013-08-22,1.6,1.6,0.0,1.0
2013-08-23,1.586,1.586,0.0,1.0
2013-08-26,1.613,1.613,0.0,1.0
2013-08-27,1.616,1.616,0.0,1.0
2013-08-28,1.674,1.674,0.0,1.0
2013-08-29,1.636,1.636,0.0,1.0
2013-08-30,1.613,1.613,0.0,1.0
2013-09-02,1.622,1.622,0.0,1.0
2013-09-03,1.633,1.633,0.0,1.0
2013-09-04,1.645,1.645,0.0,1.0
2013-09-05,1.63,1.63,0.0,1.0
2013-09-06,1.627,1.627,0.0,1.0
2013-09-09,1.667,1.667,0.0,1.0
2013-09-10,1.69,1.69,0.0,1.0
2013-09-11,1.726,1.726,0.0,1.0
2013-09-12,1.715,1.715,0.0,1.0
2013-09-13,1.689,1.689,0.0,1.0
2013-09-16,1.673,1.673,0.0,1.0
2013-09-17,1.632,1.632,0.0,1.0
2013-09-18,1.633,1.633,0.0,1.0
2013-09-23,1.653,1.653,0.0,1.0
2013-09-24,1.631,1.631,0.0,1.0
2013-09-25,1.633,1.633,0.0,1.0
2013-09-26,1.61,1.61,0.0,1.0
2013-09-27,1.622,1.622,0.0,1.0
2013-09-30,1.635,1.635,0.0,1.0
2013-10-08,1.649,1.649,0.0,1.0
2013-10-09,1.665,1.665,0.0,1.0
2013-10-10,1.651,1.651,0.0,1.0
2013-10-11,1.667,1.667,0.0,1.0
2013-10-14,1.675,1.675,0.0,1.0
2013-10-15,1.664,1.664,0.0,1.0
2013-10-16,1.626,1.626,0.0,1.0
2013-10-17,1.642,1.642,0.0,1.0
2013-10-18,1.628,1.628,0.0,1.0
2013-10-21,1.653,1.653,0.0,1.0
2013-10-22,1.648,1.648,0.0,1.0
2013-10-23,1.635,1.635,0.0,1.0
2013-10-24,1.621,1.621,0.0,1.0
2013-10-25,1.573,1.573,0.0,1.0
2013-10-28,1.566,1.566,0.0,1.0
2013-10-29,1.538,1.538,0.0,1.0
2013-10-30,1.56,1.56,0.0,1.0
2013-10-31,1.561,1.561,0.0,1.0
2013-11-01,1.555,1.555,0.0,1.0
2013-11-04,1.558,1.558,0.0,1.0
2013-11-05,1.565,1.565,0.0,1.0
2013-11-06,1.59,1.59,0.0,1.0
2013-11-07,1.59,1.59,0.0,1.0
2013-11-08,1.547,1.547,0.0,1.0
2013-11-11,1.531,1.531,0.0,1.0
2013-11-12,1.533,1.533,0.0,1.0
2013-11-13,1.534,1.534,0.0,1.0
2013-11-14,1.515,1.515,0.0,1.0
2013-11-15,1.541,1.541,0.0,1.0
2013-11-18,1.572,1.572,0.0,1.0
2013-11-19,1.576,1.576,0.0,1.0
2013-11-20,1.579,1.579,0.0,1.0
2013-11-21,1.584,1.584,0.0,1.0
2013-11-22,1.589,1.589,0.0,1.0
2013-11-25,1.58,1.58,0.0,1.0
2013-11-26,1.564,1.564,0.0,1.0
2013-11-27,1.572,1.572,0.0,1.0
2013-11-28,1.61,1.61,0.0,1.0
2013-11-29,1.606,1.606,0.0,1.0
2013-12-02,1.56,1.56,0.0,1.0
2013-12-03,1.587,1.587,0.0,1.0
2013-12-04,1.6,1.6,0.0,1.0
2013-12-05,1.6,1.6,0.0,1.0
2013-12-06,1.593,1.593,0.0,1.0
2013-12-09,1.593,1.593,0.0,1.0
2013-12-10,1.586,1.586,0.0,1.0
2013-12-11,1.569,1.569,0.0,1.0
2013-12-12,1.56,1.56,0.0,1.0
2013-12-13,1.558,1.558,0.0,1.0
2013-12-16,1.549,1.549,0.0,1.0
2013-12-17,1.543,1.543,0.0,1.0
2013-12-18,1.52,1.52,0.0,1.0
2013-12-19,1.525,1.525,0.0,1.0
2013-12-20,1.49,1.49,0.0,1.0
2013-12-23,1.455,1.455,0.0,1.0
2013-12-24,1.464,1.464,0.0,1.0
2013-12-25,1.46,1.46,0.0,1.0
2013-12-26,1.459,1.459,0.0,1.0
2013-12-27,1.434,1.434,0.0,1.0
2013-12-30,1.434,1.434,0.0,1.0
2013-12-31,1.445,1.445,0.0,1.0
2014-01-02,1.441,1.441,0.0,1.0
2014-01-03,1.435,1.435,0.0,1.0
2014-01-06,1.39,1.39,0.0,1.0
2014-01-07,1.383,1.383,0.0,1.0
2014-01-08,1.361,1.361,0.0,1.0
2014-01-09,1.358,1.358,0.0,1.0
2014-01-10,1.35,1.35,0.0,1.0
2014-01-13,1.335,1.335,0.0,1.0
2014-01-14,1.348,1.348,0.0,1.0
2014-01-15,1.345,1.345,0.0,1.0
2014-01-16,1.36,1.36,0.0,1.0
2014-01-17,1.323,1.323,0.0,1.0
2014-01-20,1.337,1.337,0.0,1.0
2014-01-21,1.322,1.322,0.0,1.0
2014-01-22,1.345,1.345,0.0,1.0
2014-01-23,1.336,1.336,0.0,1.0
2014-01-24,1.35,1.35,0.0,1.0
2014-01-27,1.34,1.34,0.0,1.0
2014-01-28,1.338,1.338,0.0,1.0
2014-01-29,1.338,1.338,0.0,1.0
2014-01-30,1.32,1.32,0.0,1.0
2014-02-07,1.33,1.33,0.0,1.0
2014-02-10,1.352,1.352,0.0,1.0
2014-02-11,1.386,1.386,0.0,1.0
2014-02-12,1.394,1.394,0.0,1.0
2014-02-13,1.403,1.403,0.0,1.0
2014-02-14,1.398,1.398,0.0,1.0
2014-02-17,1.412,1.412,0.0,1.0
2014-02-18,1.402,1.402,0.0,1.0
2014-02-19,1.405,1.405,0.0,1.0
2014-02-20,1.429,1.429,0.0,1.0
2014-02-21,1.392,1.392,0.0,1.0
2014-02-24,1.364,1.364,0.0,1.0
2014-02-25,1.326,1.326,0.0,1.0
2014-02-26,1.353,1.353,0.0,1.0
2014-02-27,1.355,1.355,0.0,1.0
2014-02-28,1.357,1.357,0.0,1.0
2014-03-03,1.366,1.366,0.0,1.0
2014-03-04,1.377,1.377,0.0,1.0
2014-03-05,1.355,1.355,0.0,1.0
2014-03-06,1.374,1.374,0.0,1.0
2014-03-07,1.368,1.368,0.0,1.0
2014-03-10,1.31,1.31,0.0,1.0
2014-03-11,1.305,1.305,0.0,1.0
2014-03-12,1.315,1.315,0.0,1.0
2014-03-13,1.328,1.328,0.0,1.0
2014-03-14,1.318,1.318,0.0,1.0
2014-03-17,1.317,1.317,0.0,1.0
2014-03-18,1.31,1.31,0.0,1.0
2014-03-19,1.314,1.314,0.0,1.0
2014-03-20,1.296,1.296,0.0,1.0
2014-03-21,1.326,1.326,0.0,1.0
2014-03-24,1.346,1.346,0.0,1.0
2014-03-25,1.33,1.33,0.0,1.0
2014-03-26,1.34,1.34,0.0,1.0
2014-03-27,1.333,1.333,0.0,1.0
2014-03-28,1.319,1.319,0.0,1.0
2014-03-31,1.307,1.307,0.0,1.0
2014-04-01,1.308,1.308,0.0,1.0
2014-04-02,1.324,1.324,0.0,1.0
2014-04-03,1.312,1.312,0.0,1.0
2014-04-04,1.327,1.327,0.0,1.0
2014-04-08,1.346,1.346,0.0,1.0
2014-04-09,1.349,1.349,0.0,1.0
2014-04-10,1.36,1.36,0.0,1.0
2014-04-11,1.359,1.359,0.0,1.0
2014-04-14,1.36,1.36,0.0,1.0
2014-04-15,1.345,1.345,0.0,1.0
2014-04-16,1.335,1.335,0.0,1.0
2014-04-17,1.343,1.343,0.0,1.0
2014-04-18,1.333,1.333,0.0,1.0
2014-04-21,1.323,1.323,0.0,1.0
2014-04-22,1.312,1.312,0.0,1.0
2014-04-23,1.311,1.311,0.0,1.0
2014-04-24,1.304,1.304,0.0,1.0
2014-04-25,1.279,1.279,0.0,1.0
2014-04-28,1.257,1.257,0.0,1.0
2014-04-29,1.271,1.271,0.0,1.0
2014-04-30,1.263,1.263,0.0,1.0
2014-05-05,1.257,1.257,0.0,1.0
2014-05-06,1.279,1.279,0.0,1.0
2014-05-07,1.25,1.25,0.0,1.0
2014-05-08,1.26,1.26,0.0,1.0
2014-05-09,1.266,1.266,0.0,1.0
2014-05-12,1.333,1.333,0.0,1.0
2014-05-13,1.333,1.333,0.0,1.0
2014-05-14,1.32,1.32,0.0,1.0
2014-05-15,1.292,1.292,0.0,1.0
2014-05-16,1.291,1.291,0.0,1.0
2014-05-19,1.279,1.279,0.0,1.0
2014-05-20,1.276,1.276,0.0,1.0
2014-05-21,1.296,1.296,0.0,1.0
2014-05-22,1.285,1.285,0.0,1.0
2014-05-23,1.275,1.275,0.0,1.0
2014-05-26,1.277,1.277,0.0,1.0
2014-05-27,1.29,1.29,0.0,1.0
2014-05-28,1.29,1.29,0.0,1.0
2014-05-29,1.274,1.274,0.0,1.0
2014-05-30,1.276,1.276,0.0,1.0
2014-06-03,1.282,1.282,0.0,1.0
2014-06-04,1.274,1.274,0.0,1.0
2014-06-05,1.276,1.276,0.0,1.0
2014-06-06,1.262,1.262,0.0,1.0
2014-06-09,1.261,1.261,0.0,1.0
2014-06-10,1.273,1.273,0.0,1.0
2014-06-11,1.273,1.273,0.0,1.0
2014-06-12,1.268,1.268,0.0,1.0
2014-06-13,1.27,1.27,0.0,1.0
2014-06-16,1.279,1.279,0.0,1.0
2014-06-17,1.274,1.274,0.0,1.0
2014-06-18,1.28,1.28,0.0,1.0
2014-06-19,1.254,1.254,0.0,1.0
2014-06-20,1.26,1.26,0.0,1.0
2014-06-23,1.279,1.279,0.0,1.0
2014-06-24,1.287,1.287,0.0,1.0
2014-06-25,1.276,1.276,0.0,1.0
2014-06-26,1.281,1.281,0.0,1.0
2014-06-27,1.299,1.299,0.0,1.0
2014-06-30,1.299,1.299,0.0,1.0
2014-07-01,1.297,1.297,0.0,1.0
2014-07-02,1.302,1.302,0.0,1.0
2014-07-03,1.314,1.314,0.0,1.0
2014-07-04,1.31,1.31,0.0,1.0
2014-07-07,1.319,1.319,0.0,1.0
2014-07-08,1.307,1.307,0.0,1.0
2014-07-09,1.313,1.313,0.0,1.0
2014-07-10,1.299,1.299,0.0,1.0
2014-07-11,1.305,1.305,0.0,1.0
2014-07-14,1.322,1.322,0.0,1.0
2014-07-15,1.32,1.32,0.0,1.0
2014-07-16,1.322,1.322,0.0,1.0
2014-07-17,1.314,1.314,0.0,1.0
2014-07-18,1.329,1.329,0.0,1.0
2014-07-21,1.31,1.31,0.0,1.0
2014-07-22,1.329,1.329,0.0,1.0
2014-07-23,1.339,1.339,0.0,1.0
2014-07-24,1.359,1.359,0.0,1.0
2014-07-25,1.396,1.396,0.0,1.0
2014-07-28,1.436,1.436,0.0,1.0
2014-07-29,1.436,1.436,0.0,1.0
2014-07-30,1.443,1.443,0.0,1.0
2014-07-31,1.46,1.46,0.0,1.0
2014-08-01,1.44,1.44,0.0,1.0
2014-08-04,1.451,1.451,0.0,1.0
2014-08-05,1.5,1.5,0.0,1.0
2014-08-06,1.507,1.507,0.0,1.0
2014-08-07,1.497,1.497,0.0,1.0
2014-08-08,1.479,1.479,0.0,1.0
2014-08-11,1.512,1.512,0.0,1.0
2014-08-12,1.513,1.513,0.0,1.0
2014-08-13,1.504,1.504,0.0,1.0
2014-08-14,1.471,1.471,0.0,1.0
2014-08-15,1.502,1.502,0.0,1.0
2014-08-18,1.523,1.523,0.0,1.0
2014-08-19,1.529,1.529,0.0,1.0
2014-08-20,1.515,1.515,0.0,1.0
2014-08-21,1.516,1.516,0.0,1.0
2014-08-22,1.506,1.506,0.0,1.0
2014-08-25,1.493,1.493,0.0,1.0
2014-08-26,1.475,1.475,0.0,1.0
2014-08-27,1.489,1.489,0.0,1.0
2014-08-28,1.485,1.485,0.0,1.0
2014-08-29,1.473,1.473,0.0,1.0
2014-09-01,1.489,1.489,0.0,1.0
2014-09-02,1.536,1.536,0.0,1.0
2014-09-03,1.528,1.528,0.0,1.0
2014-09-04,1.538,1.538,0.0,1.0
2014-09-05,1.548,1.548,0.0,1.0
2014-09-09,1.548,1.548,0.0,1.0
2014-09-10,1.535,1.535,0.0,1.0
2014-09-11,1.544,1.544,0.0,1.0
2014-09-12,1.547,1.547,0.0,1.0
2014-09-15,1.553,1.553,0.0,1.0
2014-09-16,1.523,1.523,0.0,1.0
2014-09-17,1.521,1.521,0.0,1.0
2014-09-18,1.538,1.538,0.0,1.0
2014-09-19,1.547,1.547,0.0,1.0
2014-09-22,1.52,1.52,0.0,1.0
2014-09-23,1.526,1.526,0.0,1.0
2014-09-24,1.56,1.56,0.0,1.0
2014-09-25,1.557,1.557,0.0,1.0
2014-09-26,1.563,1.563,0.0,1.0
2014-09-29,1.578,1.578,0.0,1.0
2014-09-30,1.6,1.6,0.0,1.0
2014-10-08,1.6,1.6,0.0,1.0
2014-10-09,1.613,1.613,0.0,1.0
2014-10-10,1.588,1.588,0.0,1.0
2014-10-13,1.588,1.588,0.0,1.0
2014-10-14,1.599,1.599,0.0,1.0
2014-10-15,1.6,1.6,0.0,1.0
2014-10-16,1.585,1.585,0.0,1.0
2014-10-17,1.574,1.574,0.0,1.0
2014-10-20,1.558,1.558,0.0,1.0
2014-10-21,1.545,1.545,0.0,1.0
2014-10-22,1.54,1.54,0.0,1.0
2014-10-23,1.5,1.5,0.0,1.0
2014-10-24,1.49,1.49,0.0,1.0
2014-10-27,1.488,1.488,0.0,1.0
2014-10-28,1.522,1.522,0.0,1.0
2014-10-29,1.54,1.54,0.0,1.0
2014-10-30,1.555,1.555,0.0,1.0
2014-10-31,1.563,1.563,0.0,1.0
2014-11-03,1.578,1.578,0.0,1.0
2014-11-04,1.581,1.581,0.0,1.0
2014-11-05,1.58,1.58,0.0,1.0
2014-11-06,1.588,1.588,0.0,1.0
2014-11-07,1.567,1.567,0.0,1.0
2014-11-10,1.565,1.565,0.0,1.0
2014-11-11,1.546,1.546,0.0,1.0
2014-11-12,1.582,1.582,0.0,1.0
2014-11-13,1.596,1.596,0.0,1.0
2014-11-14,1.57,1.57,0.0,1.0
2014-11-17,1.584,1.584,0.0,1.0
2014-11-18,1.565,1.565,0.0,1.0
2014-11-19,1.56,1.56,0.0,1.0
2014-11-20,1.56,1.56,0.0,1.0
2014-11-21,1.565,1.565,0.0,1.0
2014-11-24,1.612,1.612,0.0,1.0
2014-11-25,1.648,1.648,0.0,1.0
2014-11-26,1.65,1.65,0.0,1.0
2014-11-27,1.659,1.659,0.0,1.0
2014-11-28,1.653,1.653,0.0,1.0
2014-12-01,1.675,1.675,0.0,1.0
2014-12-02,1.718,1.718,0.0,1.0
2014-12-03,1.784,1.784,0.0,1.0
2014-12-04,1.88,1.88,0.0,1.0
2014-12-05,1.83,1.83,0.0,1.0
2014-12-08,1.815,1.815,0.0,1.0
2014-12-09,1.755,1.755,0.0,1.0
2014-12-10,1.776,1.776,0.0,1.0
2014-12-11,1.802,1.802,0.0,1.0
2014-12-12,1.816,1.816,0.0,1.0
2014-12-15,1.804,1.804,0.0,1.0
2014-12-16,1.815,1.815,0.0,1.0
2014-12-17,1.788,1.788,0.0,1.0
2014-12-18,1.806,1.806,0.0,1.0
2014-12-19,1.82,1.82,0.0,1.0
2014-12-22,1.899,1.899,0.0,1.0
2014-12-23,1.8,1.8,0.0,1.0
2014-12-24,1.785,1.785,0.0,1.0
2014-12-25,1.83,1.83,0.0,1.0
2014-12-26,1.847,1.847,0.0,1.0
2014-12-29,1.927,1.927,0.0,1.0
2014-12-30,1.886,1.886,0.0,1.0
2014-12-31,1.841,1.841,0.0,1.0
2015-01-05,2.025,2.025,0.0,1.0
2015-01-06,1.973,1.973,0.0,1.0
2015-01-07,2.016,2.016,0.0,1.0
2015-01-08,1.962,1.962,0.0,1.0
2015-01-09,1.943,1.943,0.0,1.0
2015-01-12,1.873,1.873,0.0,1.0
2015-01-13,1.88,1.88,0.0,1.0
2015-01-14,1.877,1.877,0.0,1.0
2015-01-15,1.889,1.889,0.0,1.0
2015-01-16,1.92,1.92,0.0,1.0
2015-01-19,1.792,1.792,0.0,1.0
2015-01-20,1.836,1.836,0.0,1.0
2015-01-21,1.9,1.9,0.0,1.0
2015-01-22,1.951,1.951,0.0,1.0
2015-01-23,1.94,1.94,0.0,1.0
2015-01-26,1.971,1.971,0.0,1.0
2015-01-27,1.969,1.969,0.0,1.0
2015-01-28,1.929,1.929,0.0,1.0
2015-01-29,1.935,1.935,0.0,1.0
2015-01-30,1.871,1.871,0.0,1.0
2015-02-02,1.858,1.858,0.0,1.0
2015-02-03,1.866,1.866,0.0,1.0
2015-02-04,1.88,1.88,0.0,1.0
2015-02-05,1.858,1.858,0.0,1.0
2015-02-06,1.843,1.843,0.0,1.0
2015-02-09,1.775,1.775,0.0,1.0
2015-02-10,1.819,1.819,0.0,1.0
2015-02-11,1.801,1.801,0.0,1.0
2015-02-12,1.804,1.804,0.0,1.0
2015-02-13,1.827,1.827,0.0,1.0
2015-02-16,1.855,1.855,0.0,1.0
2015-02-17,1.853,1.853,0.0,1.0
2015-02-25,1.858,1.858,0.0,1.0
2015-02-26,1.892,1.892,0.0,1.0
2015-02-27,1.914,1.914,0.0,1.0
2015-03-02,1.966,1.966,0.0,1.0
2015-03-03,1.978,1.978,0.0,1.0
2015-03-04,1.948,1.948,0.0,1.0
2015-03-05,1.922,1.922,0.0,1.0
2015-03-06,1.955,1.955,0.0,1.0
2015-03-09,1.945,1.945,0.0,1.0
2015-03-10,1.95,1.95,0.0,1.0
2015-03-11,1.948,1.948,0.0,1.0
2015-03-12,1.97,1.97,0.0,1.0
2015-03-13,1.979,1.979,0.0,1.0
2015-03-16,2.008,2.008,0.0,1.0
2015-03-17,2.045,2.045,0.0,1.0
2015-03-18,2.089,2.089,0.0,1.0
2015-03-19,2.121,2.121,0.0,1.0
2015-03-20,2.113,2.113,0.0,1.0
2015-03-23,2.15,2.15,0.0,1.0
2015-03-24,2.18,2.18,0.0,1.0
2015-03-25,2.163,2.163,0.0,1.0
2015-03-26,2.162,2.162,0.0,1.0
2015-03-27,2.17,2.17,0.0,1.0
2015-03-30,2.187,2.187,0.0,1.0
2015-03-31,2.2,2.2,0.0,1.0
2015-04-01,2.211,2.211,0.0,1.0
2015-04-02,2.231,2.231,0.0,1.0
2015-04-03,2.252,2.252,0.0,1.0
2015-04-07,2.3,2.3,0.0,1.0
2015-04-08,2.279,2.279,0.0,1.0
2015-04-09,2.255,2.255,0.0,1.0
2015-04-10,2.289,2.289,0.0,1.0
2015-04-13,2.348,2.348,0.0,1.0
2015-04-14,2.349,2.349,0.0,1.0
2015-04-15,2.303,2.303,0.0,1.0
2015-04-16,2.339,2.339,0.0,1.0
2015-04-17,2.44,2.44,0.0,1.0
2015-04-20,2.423,2.423,0.0,1.0
2015-04-21,2.464,2.464,0.0,1.0
2015-04-22,2.515,2.515,0.0,1.0
2015-04-23,2.599,2.599,0.0,1.0
2015-04-24,2.597,2.597,0.0,1.0
2015-04-27,2.65,2.65,0.0,1.0
2015-04-28,2.618,2.618,0.0,1.0
2015-04-29,2.621,2.621,0.0,1.0
2015-04-30,2.587,2.587,0.0,1.0
2015-05-04,2.6,2.6,0.0,1.0
2015-05-05,2.5,2.5,0.0,1.0
2015-05-06,2.411,2.411,0.0,1.0
2015-05-07,2.325,2.325,0.0,1.0
2015-05-08,2.411,2.411,0.0,1.0
2015-05-11,2.476,2.476,0.0,1.0
2015-05-12,2.496,2.496,0.0,1.0
2015-05-13,2.497,2.497,0.0,1.0
2015-05-14,2.538,2.538,0.0,1.0
2015-05-15,2.532,2.532,0.0,1.0
2015-05-18,2.477,2.477,0.0,1.0
2015-05-19,2.529,2.529,0.0,1.0
2015-05-20,2.521,2.521,0.0,1.0
2015-05-21,2.57,2.57,0.0,1.0
2015-05-22,2.678,2.678,0.0,1.0
2015-05-25,2.727,2.727,0.0,1.0
2015-05-26,2.771,2.771,0.0,1.0
2015-05-27,2.854,2.854,0.0,1.0
2015-05-28,2.721,2.721,0.0,1.0
2015-05-29,2.683,2.683,0.0,1.0
2015-06-01,2.758,2.758,0.0,1.0
2015-06-02,2.819,2.819,0.0,1.0
2015-06-03,2.836,2.836,0.0,1.0
2015-06-04,2.89,2.89,0.0,1.0
2015-06-05,3.027,3.027,0.0,1.0
2015-06-08,2.985,2.985,0.0,1.0
2015-06-09,3.068,3.068,0.0,1.0
2015-06-10,3.035,3.035,0.0,1.0
2015-06-11,3.064,3.064,0.0,1.0
2015-06-12,3.097,3.097,0.0,1.0
2015-06-15,3.044,3.044,0.0,1.0
2015-06-16,2.903,2.903,0.0,1.0
2015-06-17,3.021,3.021,0.0,1.0
2015-06-18,2.994,2.994,0.0,1.0
2015-06-19,2.8,2.8,0.0,1.0
2015-06-23,2.768,2.768,0.0,1.0
2015-06-24,2.878,2.878,0.0,1.0
2015-06-25,2.81,2.81,0.0,1.0
2015-06-26,2.59,2.59,0.0,1.0
2015-06-29,2.453,2.453,0.0,1.0
2015-06-30,2.523,2.523,0.0,1.0
2015-07-01,2.352,2.352,0.0,1.0
2015-07-02,2.283,2.283,0.0,1.0
2015-07-03,2.2,2.2,0.0,1.0
2015-07-06,2.14,2.14,0.0,1.0
2015-07-07,1.926,1.926,0.0,1.0
2015-07-08,1.734,1.734,0.0,1.0
2015-07-09,1.907,1.907,0.0,1.0
2015-07-10,2.098,2.098,0.0,1.0
2015-07-13,2.277,2.277,0.0,1.0
2015-07-14,2.195,2.195,0.0,1.0
2015-07-15,2.055,2.055,0.0,1.0
2015-07-16,2.055,2.055,0.0,1.0
2015-07-17,2.144,2.144,0.0,1.0
2015-07-20,2.17,2.17,0.0,1.0
2015-07-21,2.173,2.173,0.0,1.0
2015-07-22,2.255,2.255,0.0,1.0
2015-07-23,2.306,2.306,0.0,1.0
2015-07-24,2.311,2.311,0.0,1.0
2015-07-27,2.116,2.116,0.0,1.0
2015-07-28,2.057,2.057,0.0,1.0
2015-07-29,2.098,2.098,0.0,1.0
2015-07-30,2.071,2.071,0.0,1.0
2015-07-31,2.018,2.018,0.0,1.0
2015-08-03,2.004,2.004,0.0,1.0
2015-08-04,2.085,2.085,0.0,1.0
2015-08-05,2.123,2.123,0.0,1.0
2015-08-06,2.07,2.07,0.0,1.0
2015-08-07,2.103,2.103,0.0,1.0
2015-08-10,2.26,2.26,0.0,1.0
2015-08-11,2.33,2.33,0.0,1.0
2015-08-12,2.418,2.418,0.0,1.0
2015-08-13,2.344,2.344,0.0,1.0
2015-08-14,2.374,2.374,0.0,1.0
2015-08-17,2.356,2.356,0.0,1.0
2015-08-18,2.239,2.239,0.0,1.0
2015-08-19,2.245,2.245,0.0,1.0
2015-08-20,2.217,2.217,0.0,1.0
2015-08-21,2.103,2.103,0.0,1.0
2015-08-24,1.996,1.996,0.0,1.0
2015-08-25,1.796,1.796,0.0,1.0
2015-08-26,1.643,1.643,0.0,1.0
2015-08-27,1.69,1.69,0.0,1.0
2015-08-28,1.79,1.79,0.0,1.0
2015-08-31,1.79,1.79,0.0,1.0
2015-09-01,1.792,1.792,0.0,1.0
2015-09-02,1.747,1.747,0.0,1.0
2015-09-07,1.742,1.742,0.0,1.0
2015-09-08,1.785,1.785,0.0,1.0
2015-09-09,1.814,1.814,0.0,1.0
2015-09-10,1.772,1.772,0.0,1.0
2015-09-11,1.771,1.771,0.0,1.0
2015-09-14,1.726,1.726,0.0,1.0
2015-09-15,1.619,1.619,0.0,1.0
2015-09-16,1.724,1.724,0.0,1.0
2015-09-17,1.7,1.7,0.0,1.0
2015-09-18,1.697,1.697,0.0,1.0
2015-09-21,1.7,1.7,0.0,1.0
2015-09-22,1.739,1.739,0.0,1.0
2015-09-23,1.69,1.69,0.0,1.0
2015-09-24,1.718,1.718,0.0,1.0
2015-09-25,1.7,1.7,0.0,1.0
2015-09-28,1.7,1.7,0.0,1.0
2015-09-29,1.664,1.664,0.0,1.0
2015-09-30,1.66,1.66,0.0,1.0
2015-10-08,1.7,1.7,0.0,1.0
2015-10-09,1.73,1.73,0.0,1.0
2015-10-12,1.796,1.796,0.0,1.0
2015-10-13,1.77,1.77,0.0,1.0
2015-10-14,1.798,1.798,0.0,1.0
2015-10-15,1.824,1.824,0.0,1.0
2015-10-16,1.848,1.848,0.0,1.0
2015-10-19,1.855,1.855,0.0,1.0
2015-10-20,1.864,1.864,0.0,1.0
2015-10-21,1.772,1.772,0.0,1.0
2015-10-22,1.82,1.82,0.0,1.0
2015-10-23,1.85,1.85,0.0,1.0
2015-10-26,1.84,1.84,0.0,1.0
2015-10-27,1.854,1.854,0.0,1.0
2015-10-28,1.803,1.803,0.0,1.0
2015-10-30,1.835,1.835,0.0,1.0
2015-11-02,1.81,1.81,0.0,1.0
2015-11-03,1.792,1.792,0.0,1.0
2015-11-04,1.825,1.825,0.0,1.0
2015-11-05,1.843,1.843,0.0,1.0
2015-11-06,1.864,1.864,0.0,1.0
2015-11-09,1.874,1.874,0.0,1.0
2015-11-10,1.94,1.94,0.0,1.0
2015-11-11,1.925,1.925,0.0,1.0
2015-11-12,1.914,1.914,0.0,1.0
2015-11-13,1.87,1.87,0.0,1.0
2015-11-16,1.88,1.88,0.0,1.0
2015-11-17,1.905,1.905,0.0,1.0
2015-11-18,1.854,1.854,0.0,1.0
2015-11-19,1.86,1.86,0.0,1.0
2015-11-20,1.89,1.89,0.0,1.0
2015-11-23,1.93,1.93,0.0,1.0
2015-11-24,1.915,1.915,0.0,1.0
2015-11-25,1.903,1.903,0.0,1.0
2015-11-26,1.948,1.948,0.0,1.0
2015-11-27,1.788,1.788,0.0,1.0
2015-11-30,1.809,1.809,0.0,1.0
2015-12-01,1.799,1.799,0.0,1.0
2015-12-02,1.835,1.835,0.0,1.0
2015-12-03,1.859,1.859,0.0,1.0
2015-12-04,1.83,1.83,0.0,1.0
2015-12-07,1.841,1.841,0.0,1.0
2015-12-08,1.807,1.807,0.0,1.0
2015-12-09,1.78,1.78,0.0,1.0
2015-12-11,1.816,1.816,0.0,1.0
2015-12-14,1.865,1.865,0.0,1.0
2015-12-15,1.825,1.825,0.0,1.0
2015-12-16,1.845,1.845,0.0,1.0
2015-12-17,1.87,1.87,0.0,1.0
2015-12-18,1.873,1.873,0.0,1.0
2015-12-21,1.894,1.894,0.0,1.0
2015-12-22,1.911,1.911,0.0,1.0
2015-12-23,1.926,1.926,0.0,1.0
2015-12-24,1.9,1.9,0.0,1.0
2015-12-28,1.86,1.86,0.0,1.0
2015-12-29,1.876,1.876,0.0,1.0
2015-12-30,1.867,1.867,0.0,1.0
2015-12-31,1.863,1.863,0.0,1.0
2016-01-04,1.757,1.757,0.0,1.0
2016-01-05,1.784,1.784,0.0,1.0
2016-01-06,1.788,1.788,0.0,1.0
2016-01-07,1.664,1.664,0.0,1.0
2016-01-08,1.695,1.695,0.0,1.0
2016-01-11,1.65,1.65,0.0,1.0
2016-01-12,1.68,1.68,0.0,1.0
2016-01-13,1.6,1.6,0.0,1.0
2016-01-14,1.679,1.679,0.0,1.0
2016-01-15,1.553,1.553,0.0,1.0
2016-01-18,1.626,1.626,0.0,1.0
2016-01-19,1.64,1.64,0.0,1.0
2016-01-20,1.619,1.619,0.0,1.0
2016-01-21,1.569,1.569,0.0,1.0
2016-01-22,1.614,1.614,0.0,1.0
2016-01-25,1.581,1.581,0.0,1.0
2016-01-26,1.486,1.486,0.0,1.0
2016-01-27,1.465,1.465,0.0,1.0
2016-01-28,1.453,1.453,0.0,1.0
2016-01-29,1.42,1.42,0.0,1.0
2016-02-01,1.467,1.467,0.0,1.0
2016-02-02,1.564,1.564,0.0,1.0
2016-02-03,1.509,1.509,0.0,1.0
2016-02-04,1.57,1.57,0.0,1.0
2016-02-05,1.504,1.504,0.0,1.0
2016-02-15,1.55,1.55,0.0,1.0
2016-02-17,1.551,1.551,0.0,1.0
2016-02-18,1.588,1.588,0.0,1.0
2016-02-19,1.597,1.597,0.0,1.0
2016-02-22,1.6,1.6,0.0,1.0
2016-02-23,1.6,1.6,0.0,1.0
2016-02-24,1.6,1.6,0.0,1.0
2016-02-25,1.76,1.76,0.0,1.0
2016-02-26,1.649,1.649,0.0,1.0
2016-02-29,1.558,1.558,0.0,1.0
2016-03-01,1.577,1.577,0.0,1.0
2016-03-02,1.588,1.588,0.0,1.0
2016-03-03,1.591,1.591,0.0,1.0
2016-03-04,1.611,1.611,0.0,1.0
2016-03-07,1.635,1.635,0.0,1.0
2016-03-08,1.674,1.674,0.0,1.0
2016-03-09,1.555,1.555,0.0,1.0
2016-03-10,1.511,1.511,0.0,1.0
2016-03-11,1.533,1.533,0.0,1.0
2016-03-14,1.561,1.561,0.0,1.0
2016-03-15,1.539,1.539,0.0,1.0
2016-03-16,1.55,1.55,0.0,1.0
2016-03-17,1.561,1.561,0.0,1.0
2016-03-18,1.609,1.609,0.0,1.0
2016-03-21,1.66,1.66,0.0,1.0
2016-03-22,1.675,1.675,0.0,1.0
2016-03-23,1.648,1.648,0.0,1.0
2016-03-24,1.616,1.616,0.0,1.0
2016-03-25,1.631,1.631,0.0,1.0
2016-03-28,1.61,1.61,0.0,1.0
2016-03-29,1.59,1.59,0.0,1.0
2016-03-30,1.625,1.625,0.0,1.0
2016-03-31,1.625,1.625,0.0,1.0
2016-04-01,1.628,1.628,0.0,1.0
2016-04-05,1.65,1.65,0.0,1.0
2016-04-06,1.687,1.687,0.0,1.0
2016-04-07,1.663,1.663,0.0,1.0
2016-04-08,1.617,1.617,0.0,1.0
2016-04-11,1.65,1.65,0.0,1.0
2016-04-12,1.63,1.63,0.0,1.0
2016-04-13,1.715,1.715,0.0,1.0
2016-04-14,1.7,1.7,0.0,1.0
2016-04-15,1.71,1.71,0.0,1.0
2016-04-18,1.68,1.68,0.0,1.0
2016-04-19,1.677,1.677,0.0,1.0
2016-04-20,1.667,1.667,0.0,1.0
2016-04-22,1.633,1.633,0.0,1.0
2016-04-25,1.66,1.66,0.0,1.0
2016-04-26,1.647,1.647,0.0,1.0
2016-04-27,1.639,1.639,0.0,1.0
2016-04-28,1.6,1.6,0.0,1.0
2016-04-29,1.62,1.62,0.0,1.0
2016-05-03,1.654,1.654,0.0,1.0
2016-05-04,1.65,1.65,0.0,1.0
2016-05-05,1.632,1.632,0.0,1.0
2016-05-06,1.604,1.604,0.0,1.0
2016-05-09,1.53,1.53,0.0,1.0
2016-05-10,1.527,1.527,0.0,1.0
2016-05-11,1.528,1.528,0.0,1.0
2016-05-12,1.547,1.547,0.0,1.0
2016-05-13,1.534,1.534,0.0,1.0
2016-05-16,1.53,1.53,0.0,1.0
2016-05-17,1.513,1.513,0.0,1.0
2016-05-18,1.481,1.481,0.0,1.0
2016-05-19,1.511,1.511,0.0,1.0
2016-05-20,1.504,1.504,0.0,1.0
2016-05-23,1.526,1.526,0.0,1.0
2016-05-24,1.548,1.548,0.0,1.0
2016-05-25,1.52,1.52,0.0,1.0
2016-05-26,1.52,1.52,0.0,1.0
2016-05-27,1.514,1.514,0.0,1.0
2016-05-30,1.523,1.523,0.0,1.0
2016-05-31,1.555,1.555,0.0,1.0
2016-06-01,1.572,1.572,0.0,1.0
2016-06-02,1.575,1.575,0.0,1.0
2016-06-03,1.575,1.575,0.0,1.0
2016-06-06,1.552,1.552,0.0,1.0
2016-06-07,1.574,1.574,0.0,1.0
2016-06-08,1.568,1.568,0.0,1.0
2016-06-13,1.578,1.578,0.0,1.0
2016-06-14,1.555,1.555,0.0,1.0
2016-06-15,1.569,1.569,0.0,1.0
2016-06-16,1.599,1.599,0.0,1.0
2016-06-17,1.608,1.608,0.0,1.0
2016-06-20,1.599,1.599,0.0,1.0
2016-06-21,1.583,1.583,0.0,1.0
2016-06-22,1.587,1.587,0.0,1.0
2016-06-23,1.584,1.584,0.0,1.0
2016-06-24,1.585,1.585,0.0,1.0
2016-06-27,1.592,1.592,0.0,1.0
2016-06-28,1.6,1.6,0.0,1.0
2016-06-29,1.606,1.606,0.0,1.0
2016-06-30,1.608,1.608,0.0,1.0
2016-07-01,1.63,1.63,0.0,1.0
2016-07-04,1.655,1.655,0.0,1.0
2016-07-05,1.655,1.655,0.0,1.0
2016-07-06,1.694,1.694,0.0,1.0
2016-07-07,1.733,1.733,0.0,1.0
2016-07-08,1.706,1.706,0.0,1.0
2016-07-11,1.748,1.748,0.0,1.0
2016-07-12,1.756,1.756,0.0,1.0
2016-07-13,1.757,1.757,0.0,1.0
2016-07-14,1.75,1.75,0.0,1.0
2016-07-15,1.76,1.76,0.0,1.0
2016-07-18,1.756,1.756,0.0,1.0
2016-07-19,1.749,1.749,0.0,1.0
2016-07-20,1.756,1.756,0.0,1.0
2016-07-21,1.739,1.739,0.0,1.0
2016-07-22,1.712,1.712,0.0,1.0
2016-07-25,1.76,1.76,0.0,1.0
2016-07-26,1.737,1.737,0.0,1.0
2016-07-27,1.724,1.724,0.0,1.0
2016-07-28,1.688,1.688,0.0,1.0
2016-07-29,1.676,1.676,0.0,1.0
2016-08-01,1.683,1.683,0.0,1.0
2016-08-02,1.728,1.728,0.0,1.0
2016-08-03,1.687,1.687,0.0,1.0
2016-08-04,1.684,1.684,0.0,1.0
2016-08-05,1.689,1.689,0.0,1.0
2016-08-08,1.679,1.679,0.0,1.0
2016-08-09,1.7,1.7,0.0,1.0
2016-08-10,1.715,1.715,0.0,1.0
2016-08-11,1.678,1.678,0.0,1.0
2016-08-12,1.684,1.684,0.0,1.0
2016-08-15,1.74,1.74,0.0,1.0
2016-08-16,1.734,1.734,0.0,1.0
2016-08-17,1.757,1.757,0.0,1.0
2016-08-18,1.741,1.741,0.0,1.0
2016-08-19,1.748,1.748,0.0,1.0
2016-08-22,1.722,1.722,0.0,1.0
2016-08-23,1.72,1.72,0.0,1.0
2016-08-24,1.714,1.714,0.0,1.0
2016-08-25,1.701,1.701,0.0,1.0
2016-08-26,1.722,1.722,0.0,1.0
2016-08-29,1.712,1.712,0.0,1.0
2016-08-30,1.71,1.71,0.0,1.0
2016-08-31,1.706,1.706,0.0,1.0
2016-09-01,1.715,1.715,0.0,1.0
2016-09-02,1.717,1.717,0.0,1.0
2016-09-05,1.717,1.717,0.0,1.0
2016-09-06,1.806,1.806,0.0,1.0
2016-09-07,1.74,1.74,0.0,1.0
2016-09-08,1.773,1.773,0.0,1.0
2016-09-09,1.716,1.716,0.0,1.0
2016-09-12,1.671,1.671,0.0,1.0
2016-09-13,1.661,1.661,0.0,1.0
2016-09-14,1.66,1.66,0.0,1.0
2016-09-19,1.708,1.708,0.0,1.0
2016-09-20,1.679,1.679,0.0,1.0
2016-09-21,1.67,1.67,0.0,1.0
2016-09-22,1.672,1.672,0.0,1.0
2016-09-23,1.666,1.666,0.0,1.0
2016-09-26,1.688,1.688,0.0,1.0
2016-09-27,1.657,1.657,0.0,1.0
2016-09-28,1.653,1.653,0.0,1.0
2016-09-29,1.66,1.66,0.0,1.0
2016-09-30,1.646,1.646,0.0,1.0
2016-10-10,1.656,1.656,0.0,1.0
2016-10-11,1.67,1.67,0.0,1.0
2016-10-12,1.672,1.672,0.0,1.0
2016-10-13,1.72,1.72,0.0,1.0
2016-10-14,1.714,1.714,0.0,1.0
2016-10-17,1.687,1.687,0.0,1.0
2016-10-18,1.739,1.739,0.0,1.0
2016-10-19,1.706,1.706,0.0,1.0
2016-10-20,1.73,1.73,0.0,1.0
2016-10-21,1.705,1.705,0.0,1.0
2016-10-24,1.73,1.73,0.0,1.0
2016-10-25,1.766,1.766,0.0,1.0
2016-10-26,1.73,1.73,0.0,1.0
2016-10-27,1.75,1.75,0.0,1.0
2016-10-28,1.736,1.736,0.0,1.0
2016-10-31,1.777,1.777,0.0,1.0
2016-11-01,1.731,1.731,0.0,1.0
2016-11-02,1.718,1.718,0.0,1.0
2016-11-03,1.74,1.74,0.0,1.0
2016-11-04,1.729,1.729,0.0,1.0
2016-11-07,1.759,1.759,0.0,1.0
2016-11-08,1.75,1.75,0.0,1.0
2016-11-09,1.799,1.799,0.0,1.0
2016-11-10,1.815,1.815,0.0,1.0
2016-11-11,1.97,1.97,0.0,1.0
2016-11-14,1.898,1.898,0.0,1.0
2016-11-15,1.83,1.83,0.0,1.0
2016-11-16,1.819,1.819,0.0,1.0
2016-11-17,1.822,1.822,0.0,1.0
2016-11-18,1.804,1.804,0.0,1.0
2016-11-21,1.805,1.805,0.0,1.0
2016-11-22,1.849,1.849,0.0,1.0
2016-11-23,1.825,1.825,0.0,1.0
2016-11-24,1.855,1.855,0.0,1.0
2016-11-25,1.851,1.851,0.0,1.0
2016-11-28,1.856,1.856,0.0,1.0
2016-11-29,1.824,1.824,0.0,1.0
2016-11-30,1.805,1.805,0.0,1.0
2016-12-01,1.805,1.805,0.0,1.0
2016-12-02,1.782,1.782,0.0,1.0
2016-12-05,1.778,1.778,0.0,1.0
2016-12-06,1.767,1.767,0.0,1.0
2016-12-07,1.782,1.782,0.0,1.0
2016-12-08,1.782,1.782,0.0,1.0
2016-12-09,1.805,1.805,0.0,1.0
2016-12-12,1.78,1.78,0.0,1.0
2016-12-13,1.756,1.756,0.0,1.0
2016-12-14,1.771,1.771,0.0,1.0
2016-12-15,1.75,1.75,0.0,1.0
2016-12-16,1.733,1.733,0.0,1.0
2016-12-20,1.758,1.758,0.0,1.0
2016-12-21,1.741,1.741,0.0,1.0
2016-12-22,1.739,1.739,0.0,1.0
2016-12-23,1.738,1.738,0.0,1.0
2016-12-26,1.712,1.712,0.0,1.0
2016-12-27,1.729,1.729,0.0,1.0
2016-12-28,1.728,1.728,0.0,1.0
2016-12-29,1.748,1.748,0.0,1.0
2016-12-30,1.752,1.752,0.0,1.0
2017-01-03,1.752,1.752,0.0,1.0
2017-01-04,1.773,1.773,0.0,1.0
2017-01-05,1.76,1.76,0.0,1.0
2017-01-06,1.756,1.756,0.0,1.0
2017-01-09,1.777,1.777,0.0,1.0
2017-01-10,1.775,1.775,0.0,1.0
2017-01-11,1.775,1.775,0.0,1.0
2017-01-12,1.775,1.775,0.0,1.0
2017-01-13,1.76,1.76,0.0,1.0
2017-01-16,1.74,1.74,0.0,1.0
2017-01-17,1.716,1.716,0.0,1.0
2017-01-18,1.759,1.759,0.0,1.0
2017-01-19,1.746,1.746,0.0,1.0
2017-01-20,1.729,1.729,0.0,1.0
2017-01-23,1.758,1.758,0.0,1.0
2017-01-24,1.765,1.765,0.0,1.0
2017-01-25,1.78,1.78,0.0,1.0
2017-01-26,1.79,1.79,0.0,1.0
2017-02-03,1.777,1.777,0.0,1.0
2017-02-06,1.77,1.77,0.0,1.0
2017-02-07,1.76,1.76,0.0,1.0
2017-02-09,1.795,1.795,0.0,1.0
2017-02-10,1.8,1.8,0.0,1.0
2017-02-13,1.808,1.808,0.0,1.0
2017-02-14,1.808,1.808,0.0,1.0
2017-02-15,1.797,1.797,0.0,1.0
2017-02-16,1.84,1.84,0.0,1.0
2017-02-17,1.824,1.824,0.0,1.0
2017-02-20,1.813,1.813,0.0,1.0
2017-02-21,1.83,1.83,0.0,1.0
2017-02-22,1.836,1.836,0.0,1.0
2017-02-23,1.838,1.838,0.0,1.0
2017-02-24,1.834,1.834,0.0,1.0
2017-02-27,1.818,1.818,0.0,1.0
2017-02-28,1.812,1.812,0.0,1.0
2017-03-01,1.815,1.815,0.0,1.0
2017-03-03,1.813,1.813,0.0,1.0
2017-03-06,1.801,1.801,0.0,1.0
2017-03-07,1.808,1.808,0.0,1.0
2017-03-08,1.815,1.815,0.0,1.0
2017-03-09,1.81,1.81,0.0,1.0
2017-03-10,1.808,1.808,0.0,1.0
2017-03-13,1.817,1.817,0.0,1.0
2017-03-14,1.816,1.816,0.0,1.0
2017-03-15,1.799,1.799,0.0,1.0
2017-03-16,1.84,1.84,0.0,1.0
2017-03-17,1.791,1.791,0.0,1.0
2017-03-20,1.78,1.78,0.0,1.0
2017-03-21,1.802,1.802,0.0,1.0
2017-03-23,1.774,1.774,0.0,1.0
2017-03-24,1.79,1.79,0.0,1.0
2017-03-27,1.782,1.782,0.0,1.0
2017-03-28,1.787,1.787,0.0,1.0
2017-03-29,1.771,1.771,0.0,1.0
2017-03-30,1.752,1.752,0.0,1.0
2017-03-31,1.777,1.777,0.0,1.0
2017-04-05,1.786,1.786,0.0,1.0
2017-04-06,1.786,1.786,0.0,1.0
2017-04-07,1.793,1.793,0.0,1.0
2017-04-10,1.791,1.791,0.0,1.0
2017-04-11,1.791,1.791,0.0,1.0
2017-04-12,1.809,1.809,0.0,1.0
2017-04-13,1.82,1.82,0.0,1.0
2017-04-14,1.831,1.831,0.0,1.0
2017-04-17,1.819,1.819,0.0,1.0
2017-04-18,1.818,1.818,0.0,1.0
2017-04-19,1.745,1.745,0.0,1.0
2017-04-20,1.76,1.76,0.0,1.0
2017-04-21,1.755,1.755,0.0,1.0
2017-04-24,1.754,1.754,0.0,1.0
2017-04-25,1.786,1.786,0.0,1.0
2017-04-26,1.752,1.752,0.0,1.0
2017-04-27,1.758,1.758,0.0,1.0
2017-04-28,1.765,1.765,0.0,1.0
2017-05-02,1.728,1.728,0.0,1.0
2017-05-03,1.72,1.72,0.0,1.0
2017-05-04,1.72,1.72,0.0,1.0
2017-05-05,1.74,1.74,0.0,1.0
2017-05-08,1.72,1.72,0.0,1.0
2017-05-09,1.72,1.72,0.0,1.0
2017-05-10,1.72,1.72,0.0,1.0
2017-05-11,1.69,1.69,0.0,1.0
2017-05-12,1.694,1.694,0.0,1.0
2017-05-15,1.648,1.648,0.0,1.0
2017-05-16,1.649,1.649,0.0,1.0
2017-05-17,1.657,1.657,0.0,1.0
2017-05-18,1.655,1.655,0.0,1.0
2017-05-19,1.655,1.655,0.0,1.0
2017-05-22,1.647,1.647,0.0,1.0
2017-05-23,1.641,1.641,0.0,1.0
2017-05-24,1.626,1.626,0.0,1.0
2017-05-25,1.632,1.632,0.0,1.0
2017-05-26,1.632,1.632,0.0,1.0
2017-05-31,1.635,1.635,0.0,1.0
2017-06-01,1.635,1.635,0.0,1.0
2017-06-02,1.628,1.628,0.0,1.0
2017-06-05,1.634,1.634,0.0,1.0
2017-06-06,1.654,1.654,0.0,1.0
2017-06-07,1.653,1.653,0.0,1.0
2017-06-08,1.665,1.665,0.0,1.0
2017-06-09,1.671,1.671,0.0,1.0
2017-06-12,1.74,1.74,0.0,1.0
2017-06-13,1.721,1.721,0.0,1.0
2017-06-14,1.69,1.69,0.0,1.0
2017-06-15,1.681,1.681,0.0,1.0
2017-06-16,1.681,1.681,0.0,1.0
2017-06-19,1.683,1.683,0.0,1.0
2017-06-20,1.681,1.681,0.0,1.0
2017-06-21,1.683,1.683,0.0,1.0
2017-06-23,1.683,1.683,0.0,1.0
2017-06-26,1.706,1.706,0.0,1.0
2017-06-27,1.717,1.717,0.0,1.0
2017-06-28,1.716,1.716,0.0,1.0
2017-06-29,1.714,1.714,0.0,1.0
2017-06-30,1.734,1.734,0.0,1.0
2017-07-03,1.737,1.737,0.0,1.0
2017-07-04,1.745,1.745,0.0,1.0
2017-07-05,1.776,1.776,0.0,1.0
2017-07-06,1.84,1.84,0.0,1.0
2017-07-07,1.899,1.899,0.0,1.0
2017-07-10,1.878,1.878,0.0,1.0
2017-07-11,1.834,1.834,0.0,1.0
2017-07-12,1.825,1.825,0.0,1.0
2017-07-13,1.885,1.885,0.0,1.0
2017-07-14,1.879,1.879,0.0,1.0
2017-07-17,1.845,1.845,0.0,1.0
2017-07-18,1.933,1.933,0.0,1.0
2017-07-19,1.994,1.994,0.0,1.0
2017-07-20,1.978,1.978,0.0,1.0
2017-07-24,2.048,2.048,0.0,1.0
2017-07-25,1.968,1.968,0.0,1.0
2017-07-26,2.0,2.0,0.0,1.0
2017-07-27,1.97,1.97,0.0,1.0
2017-07-28,2.014,2.014,0.0,1.0
2017-07-31,2.047,2.047,0.0,1.0
2017-08-01,2.024,2.024,0.0,1.0
2017-08-02,2.04,2.04,0.0,1.0
2017-08-03,2.07,2.07,0.0,1.0
2017-08-04,2.09,2.09,0.0,1.0
2017-08-07,2.127,2.127,0.0,1.0
2017-08-08,2.15,2.15,0.0,1.0
2017-08-09,2.168,2.168,0.0,1.0
2017-08-10,2.173,2.173,0.0,1.0
2017-08-11,2.09,2.09,0.0,1.0
2017-08-14,2.097,2.097,0.0,1.0
2017-08-15,2.11,2.11,0.0,1.0
2017-08-16,2.068,2.068,0.0,1.0
2017-08-17,2.099,2.099,0.0,1.0
2017-08-18,2.097,2.097,0.0,1.0
2017-08-21,2.139,2.139,0.0,1.0
2017-08-22,2.118,2.118,0.0,1.0
2017-08-23,2.11,2.11,0.0,1.0
2017-08-24,2.13,2.13,0.0,1.0
2017-08-25,2.133,2.133,0.0,1.0
2017-08-28,2.14,2.14,0.0,1.0
2017-08-29,2.121,2.121,0.0,1.0
2017-08-30,2.135,2.135,0.0,1.0
2017-08-31,2.159,2.159,0.0,1.0
2017-09-01,2.239,2.239,0.0,1.0
2017-09-04,2.235,2.235,0.0,1.0
2017-09-05,2.228,2.228,0.0,1.0
2017-09-06,2.248,2.248,0.0,1.0
2017-09-07,2.235,2.235,0.0,1.0
2017-09-08,2.218,2.218,0.0,1.0
2017-09-11,2.245,2.245,0.0,1.0
2017-09-12,2.263,2.263,0.0,1.0
2017-09-13,2.278,2.278,0.0,1.0
2017-09-14,2.26,2.26,0.0,1.0
2017-09-15,2.245,2.245,0.0,1.0
2017-09-18,2.227,2.227,0.0,1.0
2017-09-19,2.196,2.196,0.0,1.0
2017-09-20,2.213,2.213,0.0,1.0
2017-09-21,2.188,2.188,0.0,1.0
2017-09-22,2.182,2.182,0.0,1.0
2017-09-25,2.141,2.141,0.0,1.0
2017-09-26,2.167,2.167,0.0,1.0
2017-09-27,2.171,2.171,0.0,1.0
2017-09-28,2.19,2.19,0.0,1.0
2017-09-29,2.177,2.177,0.0,1.0
2017-10-09,2.178,2.178,0.0,1.0
2017-10-10,2.164,2.164,0.0,1.0
2017-10-11,2.186,2.186,0.0,1.0
2017-10-12,2.127,2.127,0.0,1.0
2017-10-13,2.126,2.126,0.0,1.0
2017-10-16,2.109,2.109,0.0,1.0
2017-10-17,2.101,2.101,0.0,1.0
2017-10-18,2.081,2.081,0.0,1.0
2017-10-19,2.07,2.07,0.0,1.0
2017-10-20,2.074,2.074,0.0,1.0
2017-10-23,2.072,2.072,0.0,1.0
2017-10-24,2.066,2.066,0.0,1.0
2017-10-25,2.069,2.069,0.0,1.0
2017-10-26,2.074,2.074,0.0,1.0
2017-10-27,2.102,2.102,0.0,1.0
2017-10-30,2.054,2.054,0.0,1.0
2017-10-31,2.056,2.056,0.0,1.0
2017-11-01,2.092,2.092,0.0,1.0
2017-11-02,2.079,2.079,0.0,1.0
2017-11-03,2.035,2.035,0.0,1.0
2017-11-07,2.072,2.072,0.0,1.0
2017-11-08,1.881,1.881,0.0,1.0
2017-11-09,2.067,2.067,0.0,1.0
2017-11-10,2.076,2.076,0.0,1.0
2017-11-13,2.053,2.053,0.0,1.0
2017-11-14,2.071,2.071,0.0,1.0
2017-11-15,2.094,2.094,0.0,1.0
2017-11-16,2.03,2.03,0.0,1.0
2017-11-17,2.013,2.013,0.0,1.0
2017-11-20,2.013,2.013,0.0,1.0
2017-11-21,2.024,2.024,0.0,1.0
2017-11-22,2.01,2.01,0.0,1.0
2017-11-23,2.02,2.02,0.0,1.0
2017-11-24,2.009,2.009,0.0,1.0
2017-11-27,2.018,2.018,0.0,1.0
2017-11-29,2.067,2.067,0.0,1.0
2017-11-30,2.03,2.03,0.0,1.0
2017-12-01,2.013,2.013,0.0,1.0
2017-12-04,2.007,2.007,0.0,1.0
2017-12-05,2.006,2.006,0.0,1.0
2017-12-06,1.988,1.988,0.0,1.0
2017-12-07,1.987,1.987,0.0,1.0
2017-12-08,1.985,1.985,0.0,1.0
2017-12-11,1.985,1.985,0.0,1.0
2017-12-12,1.979,1.979,0.0,1.0
2017-12-13,1.968,1.968,0.0,1.0
2017-12-14,1.979,1.979,0.0,1.0
2017-12-15,2.01,2.01,0.0,1.0
2017-12-18,1.969,1.969,0.0,1.0
2017-12-19,1.961,1.961,0.0,1.0
2017-12-20,1.946,1.946,0.0,1.0
2017-12-21,1.95,1.95,0.0,1.0
2017-12-22,1.977,1.977,0.0,1.0
2017-12-25,1.987,1.987,0.0,1.0
2017-12-26,1.982,1.982,0.0,1.0
2017-12-27,1.999,1.999,0.0,1.0
2017-12-28,2.025,2.025,0.0,1.0
2017-12-29,2.024,2.024,0.0,1.0
2018-01-02,2.046,2.046,0.0,1.0
2018-01-03,2.075,2.075,0.0,1.0
2018-01-04,2.107,2.107,0.0,1.0
2018-01-05,2.122,2.122,0.0,1.0
2018-01-08,2.137,2.137,0.0,1.0
2018-01-09,2.135,2.135,0.0,1.0
2018-01-10,2.118,2.118,0.0,1.0
2018-01-11,2.129,2.129,0.0,1.0
2018-01-12,2.108,2.108,0.0,1.0
2018-01-15,2.083,2.083,0.0,1.0
2018-01-16,2.124,2.124,0.0,1.0
2018-01-17,2.101,2.101,0.0,1.0
2018-01-18,2.086,2.086,0.0,1.0
2018-01-19,2.094,2.094,0.0,1.0
2018-01-22,2.08,2.08,0.0,1.0
2018-01-23,2.107,2.107,0.0,1.0
2018-01-24,2.118,2.118,0.0,1.0
2018-01-25,2.147,2.147,0.0,1.0
2018-01-26,2.148,2.148,0.0,1.0
2018-01-29,2.17,2.17,0.0,1.0
2018-01-30,2.174,2.174,0.0,1.0
2018-01-31,2.117,2.117,0.0,1.0
2018-02-01,2.091,2.091,0.0,1.0
2018-02-02,2.15,2.15,0.0,1.0
2018-02-05,2.148,2.148,0.0,1.0
2018-02-06,2.098,2.098,0.0,1.0
2018-02-07,2.073,2.073,0.0,1.0
2018-02-08,2.035,2.035,0.0,1.0
2018-02-09,1.908,1.908,0.0,1.0
2018-02-12,1.909,1.909,0.0,1.0
2018-02-13,1.949,1.949,0.0,1.0
2018-02-14,1.99,1.99,0.0,1.0
2018-02-22,2.018,2.018,0.0,1.0
2018-02-23,2.036,2.036,0.0,1.0
2018-02-26,2.051,2.051,0.0,1.0
2018-02-27,2.046,2.046,0.0,1.0
2018-02-28,2.0,2.0,0.0,1.0
2018-03-01,2.006,2.006,0.0,1.0
2018-03-02,2.013,2.013,0.0,1.0
2018-03-05,1.998,1.998,0.0,1.0
2018-03-06,1.972,1.972,0.0,1.0
2018-03-07,1.983,1.983,0.0,1.0
2018-03-08,1.987,1.987,0.0,1.0
2018-03-09,1.982,1.982,0.0,1.0
2018-03-12,2.017,2.017,0.0,1.0
2018-03-13,2.009,2.009,0.0,1.0
2018-03-14,2.021,2.021,0.0,1.0
2018-03-15,2.03,2.03,0.0,1.0
2018-03-19,2.029,2.029,0.0,1.0
2018-03-21,2.022,2.022,0.0,1.0
2018-03-22,1.984,1.984,0.0,1.0
2018-03-23,1.978,1.978,0.0,1.0
2018-03-26,1.957,1.957,0.0,1.0
2018-03-27,1.922,1.922,0.0,1.0
2018-03-28,1.93,1.93,0.0,1.0
2018-03-29,1.934,1.934,0.0,1.0
2018-03-30,1.935,1.935,0.0,1.0
2018-04-02,1.946,1.946,0.0,1.0
2018-04-03,1.929,1.929,0.0,1.0
2018-04-04,1.927,1.927,0.0,1.0
2018-04-09,1.905,1.905,0.0,1.0
2018-04-10,1.93,1.93,0.0,1.0
2018-04-11,1.926,1.926,0.0,1.0
2018-04-12,1.927,1.927,0.0,1.0
2018-04-16,1.891,1.891,0.0,1.0
2018-04-17,1.827,1.827,0.0,1.0
2018-04-18,1.829,1.829,0.0,1.0
2018-04-19,1.884,1.884,0.0,1.0
2018-04-20,1.868,1.868,0.0,1.0
2018-04-23,1.845,1.845,0.0,1.0
2018-04-24,1.883,1.883,0.0,1.0
2018-04-25,1.857,1.857,0.0,1.0
2018-04-26,1.825,1.825,0.0,1.0
2018-04-27,1.832,1.832,0.0,1.0
2018-05-03,1.831,1.831,0.0,1.0
2018-05-04,1.831,1.831,0.0,1.0
2018-05-07,1.851,1.851,0.0,1.0
2018-05-08,1.865,1.865,0.0,1.0
2018-05-09,1.869,1.869,0.0,1.0
2018-05-10,1.9,1.9,0.0,1.0
2018-05-11,1.956,1.956,0.0,1.0
2018-05-14,1.904,1.904,0.0,1.0
2018-05-15,1.886,1.886,0.0,1.0
2018-05-16,1.88,1.88,0.0,1.0
2018-05-18,1.909,1.909,0.0,1.0
2018-05-21,1.912,1.912,0.0,1.0
2018-05-22,1.912,1.912,0.0,1.0
2018-05-23,1.877,1.877,0.0,1.0
2018-05-24,1.883,1.883,0.0,1.0
2018-05-25,1.869,1.869,0.0,1.0
2018-05-28,1.854,1.854,0.0,1.0
2018-05-29,1.894,1.894,0.0,1.0
2018-05-30,1.8,1.8,0.0,1.0
2018-05-31,1.802,1.802,0.0,1.0
2018-06-01,1.819,1.819,0.0,1.0
2018-06-04,1.804,1.804,0.0,1.0
2018-06-05,1.822,1.822,0.0,1.0
2018-06-06,1.826,1.826,0.0,1.0
2018-06-07,1.835,1.835,0.0,1.0
2018-06-08,1.818,1.818,0.0,1.0
2018-06-11,1.821,1.821,0.0,1.0
2018-06-12,1.813,1.813,0.0,1.0
2018-06-13,1.815,1.815,0.0,1.0
2018-06-14,1.814,1.814,0.0,1.0
2018-06-15,1.819,1.819,0.0,1.0
2018-06-19,1.717,1.717,0.0,1.0
2018-06-20,1.724,1.724,0.0,1.0
2018-06-21,1.698,1.698,0.0,1.0
2018-06-22,1.711,1.711,0.0,1.0
2018-06-25,1.709,1.709,0.0,1.0
2018-06-26,1.7,1.7,0.0,1.0
2018-06-27,1.694,1.694,0.0,1.0
2018-06-28,1.659,1.659,0.0,1.0
2018-06-29,1.695,1.695,0.0,1.0
2018-07-02,1.688,1.688,0.0,1.0
2018-07-03,1.658,1.658,0.0,1.0
2018-07-04,1.659,1.659,0.0,1.0
2018-07-05,1.614,1.614,0.0,1.0
2018-07-06,1.632,1.632,0.0,1.0
2018-07-09,1.653,1.653,0.0,1.0
2018-07-10,1.674,1.674,0.0,1.0
2018-07-11,1.639,1.639,0.0,1.0
2018-07-12,1.671,1.671,0.0,1.0
2018-07-13,1.678,1.678,0.0,1.0
2018-07-16,1.686,1.686,0.0,1.0
2018-07-17,1.687,1.687,0.0,1.0
2018-07-19,1.645,1.645,0.0,1.0
2018-07-20,1.653,1.653,0.0,1.0
2018-07-23,1.682,1.682,0.0,1.0
2018-07-24,1.73,1.73,0.0,1.0
2018-07-25,1.738,1.738,0.0,1.0
2018-07-26,1.712,1.712,0.0,1.0
2018-07-27,1.739,1.739,0.0,1.0
2018-07-30,1.739,1.739,0.0,1.0
2018-07-31,1.737,1.737,0.0,1.0
2018-08-01,1.715,1.715,0.0,1.0
2018-08-02,1.645,1.645,0.0,1.0
2018-08-03,1.648,1.648,0.0,1.0
2018-08-06,1.624,1.624,0.0,1.0
2018-08-07,1.64,1.64,0.0,1.0
2018-08-08,1.668,1.668,0.0,1.0
2018-08-09,1.676,1.676,0.0,1.0
2018-08-10,1.66,1.66,0.0,1.0
2018-08-13,1.68,1.68,0.0,1.0
2018-08-14,1.668,1.668,0.0,1.0
2018-08-15,1.658,1.658,0.0,1.0
2018-08-16,1.689,1.689,0.0,1.0
2018-08-17,1.672,1.672,0.0,1.0
2018-08-20,1.625,1.625,0.0,1.0
2018-08-21,1.698,1.698,0.0,1.0
2018-08-22,1.662,1.662,0.0,1.0
2018-08-23,1.66,1.66,0.0,1.0
2018-08-27,1.694,1.694,0.0,1.0
2018-08-29,1.662,1.662,0.0,1.0
2018-09-03,1.637,1.637,0.0,1.0
2018-09-04,1.642,1.642,0.0,1.0
2018-09-05,1.643,1.643,0.0,1.0
2018-09-10,1.604,1.604,0.0,1.0
2018-09-11,1.599,1.599,0.0,1.0
2018-09-13,1.581,1.581,0.0,1.0
2018-09-14,1.582,1.582,0.0,1.0
2018-09-17,1.58,1.58,0.0,1.0
2018-09-18,1.554,1.554,0.0,1.0
2018-09-19,1.655,1.655,0.0,1.0
2018-09-20,1.719,1.719,0.0,1.0
2018-09-21,1.639,1.639,0.0,1.0
2018-09-25,1.631,1.631,0.0,1.0
2018-09-26,1.665,1.665,0.0,1.0
2018-09-27,1.648,1.648,0.0,1.0
2018-09-28,1.657,1.657,0.0,1.0
2018-10-08,1.633,1.633,0.0,1.0
2018-10-09,1.681,1.681,0.0,1.0
2018-10-10,1.682,1.682,0.0,1.0
2018-10-11,1.541,1.541,0.0,1.0
2018-10-12,1.58,1.58,0.0,1.0
2018-10-15,1.583,1.583,0.0,1.0
2018-10-16,1.54,1.54,0.0,1.0
2018-10-17,1.505,1.505,0.0,1.0
2018-10-18,1.501,1.501,0.0,1.0
2018-10-19,1.587,1.587,0.0,1.0
2018-10-22,1.581,1.581,0.0,1.0
2018-10-23,1.522,1.522,0.0,1.0
2018-10-24,1.508,1.508,0.0,1.0
2018-10-25,1.518,1.518,0.0,1.0
2018-10-26,1.522,1.522,0.0,1.0
2018-10-29,1.557,1.557,0.0,1.0
2018-10-30,1.564,1.564,0.0,1.0
2018-10-31,1.564,1.564,0.0,1.0
2018-11-01,1.579,1.579,0.0,1.0
2018-11-02,1.541,1.541,0.0,1.0
2018-11-05,1.541,1.541,0.0,1.0
2018-11-06,1.556,1.556,0.0,1.0
2018-11-07,1.572,1.572,0.0,1.0
2018-11-08,1.557,1.557,0.0,1.0
2018-11-09,1.528,1.528,0.0,1.0
2018-11-12,1.534,1.534,0.0,1.0
2018-11-13,1.559,1.559,0.0,1.0
2018-11-14,1.566,1.566,0.0,1.0
2018-11-15,1.541,1.541,0.0,1.0
2018-11-16,1.57,1.57,0.0,1.0
2018-11-19,1.587,1.587,0.0,1.0
2018-11-20,1.567,1.567,0.0,1.0
2018-11-21,1.53,1.53,0.0,1.0
2018-11-22,1.567,1.567,0.0,1.0
2018-11-23,1.56,1.56,0.0,1.0
2018-11-26,1.56,1.56,0.0,1.0
2018-11-27,1.56,1.56,0.0,1.0
2018-11-29,1.56,1.56,0.0,1.0
2018-12-03,1.56,1.56,0.0,1.0
2018-12-04,1.545,1.545,0.0,1.0
2018-12-05,1.524,1.524,0.0,1.0
2018-12-06,1.525,1.525,0.0,1.0
2018-12-07,1.544,1.544,0.0,1.0
2018-12-12,1.564,1.564,0.0,1.0
2018-12-13,1.568,1.568,0.0,1.0
2018-12-14,1.526,1.526,0.0,1.0
2018-12-17,1.51,1.51,0.0,1.0
2018-12-19,1.489,1.489,0.0,1.0
2018-12-20,1.55,1.55,0.0,1.0
2018-12-26,1.535,1.535,0.0,1.0
2018-12-27,1.49,1.49,0.0,1.0
2018-12-28,1.496,1.496,0.0,1.0
2019-01-02,1.44,1.44,0.0,1.0
2019-01-03,1.45,1.45,0.0,1.0
2019-01-04,1.46,1.46,0.0,1.0
2019-01-07,1.477,1.477,0.0,1.0
2019-01-09,1.454,1.454,0.0,1.0
2019-01-10,1.49,1.49,0.0,1.0
2019-01-15,1.446,1.446,0.0,1.0
2019-01-16,1.441,1.441,0.0,1.0
2019-01-17,1.475,1.475,0.0,1.0
2019-01-18,1.492,1.492,0.0,1.0
2019-01-21,1.492,1.492,0.0,1.0
2019-01-22,1.509,1.509,0.0,1.0
2019-01-23,1.486,1.486,0.0,1.0
2019-01-25,1.505,1.505,0.0,1.0
2019-01-28,1.487,1.487,0.0,1.0
2019-01-29,1.457,1.457,0.0,1.0
2019-01-30,1.511,1.511,0.0,1.0
2019-01-31,1.488,1.488,0.0,1.0
2019-02-01,1.52,1.52,0.0,1.0
2019-02-11,1.507,1.507,0.0,1.0
2019-02-12,1.482,1.482,0.0,1.0
2019-02-13,1.528,1.528,0.0,1.0
2019-02-14,1.53,1.53,0.0,1.0
2019-02-15,1.523,1.523,0.0,1.0
2019-02-18,1.588,1.588,0.0,1.0
2019-02-19,1.642,1.642,0.0,1.0
2019-02-20,1.639,1.639,0.0,1.0
2019-02-21,1.648,1.648,0.0,1.0
2019-02-22,1.594,1.594,0.0,1.0
2019-02-25,1.66,1.66,0.0,1.0
2019-02-26,1.69,1.69,0.0,1.0
2019-02-27,1.679,1.679,0.0,1.0
2019-02-28,1.676,1.676,0.0,1.0
2019-03-01,1.691,1.691,0.0,1.0
2019-03-04,1.717,1.717,0.0,1.0
2019-03-05,1.719,1.719,0.0,1.0
2019-03-06,1.759,1.759,0.0,1.0
2019-03-07,1.76,1.76,0.0,1.0
2019-03-08,1.686,1.686,0.0,1.0
2019-03-11,1.686,1.686,0.0,1.0
2019-03-12,1.709,1.709,0.0,1.0
2019-03-13,1.687,1.687,0.0,1.0
2019-03-14,1.68,1.68,0.0,1.0
2019-03-15,1.688,1.688,0.0,1.0
2019-03-18,1.75,1.75,0.0,1.0
2019-03-19,1.747,1.747,0.0,1.0
2019-03-20,1.734,1.734,0.0,1.0
2019-03-21,1.74,1.74,0.0,1.0
2019-03-22,1.726,1.726,0.0,1.0
2019-03-25,1.698,1.698,0.0,1.0
2019-03-26,1.672,1.672,0.0,1.0
2019-03-27,1.675,1.675,0.0,1.0
2019-03-28,1.699,1.699,0.0,1.0
2019-03-29,1.694,1.694,0.0,1.0
2019-04-01,1.755,1.755,0.0,1.0
2019-04-02,1.788,1.788,0.0,1.0
2019-04-03,1.802,1.802,0.0,1.0
2019-04-04,1.853,1.853,0.0,1.0
2019-04-08,1.909,1.909,0.0,1.0
2019-04-09,1.858,1.858,0.0,1.0
2019-04-10,1.825,1.825,0.0,1.0
2019-04-11,1.783,1.783,0.0,1.0
2019-04-12,1.785,1.785,0.0,1.0
2019-04-15,1.811,1.811,0.0,1.0
2019-04-16,1.835,1.835,0.0,1.0
2019-04-17,1.818,1.818,0.0,1.0
2019-04-18,1.832,1.832,0.0,1.0
2019-04-19,1.831,1.831,0.0,1.0
2019-04-22,1.818,1.818,0.0,1.0
2019-04-23,1.785,1.785,0.0,1.0
2019-04-24,1.78,1.78,0.0,1.0
2019-04-25,1.742,1.742,0.0,1.0
2019-04-26,1.72,1.72,0.0,1.0
2019-04-29,1.69,1.69,0.0,1.0
2019-04-30,1.673,1.673,0.0,1.0
2019-05-06,1.553,1.553,0.0,1.0
2019-05-07,1.569,1.569,0.0,1.0
2019-05-08,1.562,1.562,0.0,1.0
2019-05-09,1.548,1.548,0.0,1.0
2019-05-10,1.573,1.573,0.0,1.0
2019-05-13,1.551,1.551,0.0,1.0
2019-05-14,1.555,1.555,0.0,1.0
2019-05-15,1.581,1.581,0.0,1.0
2019-05-16,1.609,1.609,0.0,1.0
2019-05-17,1.575,1.575,0.0,1.0
2019-05-20,1.561,1.561,0.0,1.0
2019-05-21,1.604,1.604,0.0,1.0
2019-05-22,1.598,1.598,0.0,1.0
2019-05-23,1.57,1.57,0.0,1.0
2019-05-24,1.55,1.55,0.0,1.0
2019-05-27,1.582,1.582,0.0,1.0
2019-05-28,1.589,1.589,0.0,1.0
2019-05-29,1.6,1.6,0.0,1.0
2019-05-30,1.612,1.612,0.0,1.0
2019-05-31,1.635,1.635,0.0,1.0
2019-06-03,1.641,1.641,0.0,1.0
2019-06-04,1.609,1.609,0.0,1.0
2019-06-05,1.593,1.593,0.0,1.0
2019-06-06,1.602,1.602,0.0,1.0
2019-06-10,1.629,1.629,0.0,1.0
2019-06-11,1.638,1.638,0.0,1.0
2019-06-12,1.625,1.625,0.0,1.0
2019-06-13,1.626,1.626,0.0,1.0
2019-06-14,1.62,1.62,0.0,1.0
2019-06-17,1.622,1.622,0.0,1.0
2019-06-18,1.619,1.619,0.0,1.0
2019-06-19,1.635,1.635,0.0,1.0
2019-06-20,1.64,1.64,0.0,1.0
2019-06-21,1.678,1.678,0.0,1.0
2019-06-24,1.699,1.699,0.0,1.0
2019-06-25,1.7,1.7,0.0,1.0
2019-06-26,1.698,1.698,0.0,1.0
2019-06-27,1.665,1.665,0.0,1.0
2019-06-28,1.651,1.651,0.0,1.0
2019-07-01,1.683,1.683,0.0,1.0
2019-07-02,1.678,1.678,0.0,1.0
2019-07-03,1.7,1.7,0.0,1.0
2019-07-04,1.684,1.684,0.0,1.0
2019-07-05,1.666,1.666,0.0,1.0
2019-07-08,1.666,1.666,0.0,1.0
2019-07-09,1.661,1.661,0.0,1.0
2019-07-10,1.62,1.62,0.0,1.0
2019-07-11,1.631,1.631,0.0,1.0
2019-07-12,1.649,1.649,0.0,1.0
2019-07-15,1.64,1.64,0.0,1.0
2019-07-16,1.637,1.637,0.0,1.0
2019-07-17,1.65,1.65,0.0,1.0
2019-07-18,1.649,1.649,0.0,1.0
2019-07-19,1.638,1.638,0.0,1.0
2019-07-22,1.65,1.65,0.0,1.0
2019-07-23,1.643,1.643,0.0,1.0
2019-07-24,1.65,1.65,0.0,1.0
2019-07-25,1.648,1.648,0.0,1.0
2019-07-26,1.629,1.629,0.0,1.0
2019-07-29,1.642,1.642,0.0,1.0
2019-07-30,1.648,1.648,0.0,1.0
2019-07-31,1.65,1.65,0.0,1.0
2019-08-01,1.65,1.65,0.0,1.0
2019-08-02,1.655,1.655,0.0,1.0
2019-08-05,1.62,1.62,0.0,1.0
2019-08-06,1.596,1.596,0.0,1.0
2019-08-07,1.612,1.612,0.0,1.0
2019-08-08,1.615,1.615,0.0,1.0
2019-08-09,1.598,1.598,0.0,1.0
2019-08-12,1.588,1.588,0.0,1.0
2019-08-13,1.605,1.605,0.0,1.0
2019-08-14,1.603,1.603,0.0,1.0
2019-08-15,1.596,1.596,0.0,1.0
2019-08-16,1.597,1.597,0.0,1.0
2019-08-19,1.62,1.62,0.0,1.0
2019-08-20,1.637,1.637,0.0,1.0
2019-08-21,1.633,1.633,0.0,1.0
2019-08-22,1.625,1.625,0.0,1.0
2019-08-23,1.619,1.619,0.0,1.0
2019-08-26,1.613,1.613,0.0,1.0
2019-08-27,1.634,1.634,0.0,1.0
2019-08-28,1.634,1.634,0.0,1.0
2019-08-29,1.637,1.637,0.0,1.0
2019-08-30,1.633,1.633,0.0,1.0
2019-09-02,1.655,1.655,0.0,1.0
2019-09-03,1.65,1.65,0.0,1.0
2019-09-04,1.671,1.671,0.0,1.0
2019-09-05,1.682,1.682,0.0,1.0
2019-09-06,1.671,1.671,0.0,1.0
2019-09-09,1.69,1.69,0.0,1.0
2019-09-10,1.696,1.696,0.0,1.0
2019-09-11,1.693,1.693,0.0,1.0
2019-09-12,1.689,1.689,0.0,1.0
2019-09-16,1.699,1.699,0.0,1.0
2019-09-17,1.672,1.672,0.0,1.0
2019-09-18,1.664,1.664,0.0,1.0
2019-09-19,1.646,1.646,0.0,1.0
2019-09-20,1.661,1.661,0.0,1.0
2019-09-23,1.642,1.642,0.0,1.0
2019-09-24,1.648,1.648,0.0,1.0
2019-09-25,1.636,1.636,0.0,1.0
2019-09-26,1.613,1.613,0.0,1.0
2019-09-27,1.605,1.605,0.0,1.0
2019-09-30,1.62,1.62,0.0,1.0
2019-10-08,1.602,1.602,0.0,1.0
2019-10-09,1.613,1.613,0.0,1.0
2019-10-10,1.613,1.613,0.0,1.0
2019-10-11,1.62,1.62,0.0,1.0
2019-10-14,1.627,1.627,0.0,1.0
2019-10-15,1.609,1.609,0.0,1.0
2019-10-16,1.611,1.611,0.0,1.0
2019-10-17,1.61,1.61,0.0,1.0
2019-10-18,1.569,1.569,0.0,1.0
2019-10-21,1.561,1.561,0.0,1.0
2019-10-22,1.566,1.566,0.0,1.0
2019-10-23,1.569,1.569,0.0,1.0
2019-10-24,1.563,1.563,0.0,1.0
2019-10-25,1.576,1.576,0.0,1.0
2019-10-28,1.59,1.59,0.0,1.0
2019-10-29,1.585,1.585,0.0,1.0
2019-10-30,1.574,1.574,0.0,1.0
2019-10-31,1.575,1.575,0.0,1.0
2019-11-01,1.578,1.578,0.0,1.0
2019-11-04,1.578,1.578,0.0,1.0
2019-11-05,1.589,1.589,0.0,1.0
2019-11-06,1.588,1.588,0.0,1.0
2019-11-07,1.594,1.594,0.0,1.0
2019-11-08,1.587,1.587,0.0,1.0
2019-11-11,1.594,1.594,0.0,1.0
2019-11-12,1.575,1.575,0.0,1.0
2019-11-13,1.547,1.547,0.0,1.0
2019-11-14,1.545,1.545,0.0,1.0
2019-11-15,1.532,1.532,0.0,1.0
2019-11-18,1.555,1.555,0.0,1.0
2019-11-19,1.571,1.571,0.0,1.0
2019-11-20,1.581,1.581,0.0,1.0
2019-11-21,1.58,1.58,0.0,1.0
2019-11-22,1.593,1.593,0.0,1.0
2019-11-25,1.622,1.622,0.0,1.0
2019-11-26,1.618,1.618,0.0,1.0
2019-11-27,1.614,1.614,0.0,1.0
2019-11-28,1.604,1.604,0.0,1.0
2019-11-29,1.601,1.601,0.0,1.0
2019-12-02,1.601,1.601,0.0,1.0
2019-12-03,1.601,1.601,0.0,1.0
2019-12-04,1.617,1.617,0.0,1.0
2019-12-05,1.622,1.622,0.0,1.0
2019-12-06,1.63,1.63,0.0,1.0
2019-12-09,1.638,1.638,0.0,1.0
2019-12-10,1.65,1.65,0.0,1.0
2019-12-11,1.638,1.638,0.0,1.0
2019-12-12,1.642,1.642,0.0,1.0
2019-12-13,1.646,1.646,0.0,1.0
2019-12-16,1.659,1.659,0.0,1.0
2019-12-17,1.692,1.692,0.0,1.0
2019-12-18,1.689,1.689,0.0,1.0
2019-12-19,1.691,1.691,0.0,1.0
2019-12-20,1.685,1.685,0.0,1.0
2019-12-23,1.662,1.662,0.0,1.0
2019-12-24,1.707,1.707,0.0,1.0
2019-12-25,1.704,1.704,0.0,1.0
2019-12-26,1.713,1.713,0.0,1.0
2019-12-27,1.751,1.751,0.0,1.0
2019-12-30,1.774,1.774,0.0,1.0
2019-12-31,1.776,1.776,0.0,1.0
2020-01-02,1.8,1.8,0.0,1.0
2020-01-03,1.827,1.827,0.0,1.0
2020-01-06,1.857,1.857,0.0,1.0
2020-01-07,1.85,1.85,0.0,1.0
2020-01-08,1.835,1.835,0.0,1.0
2020-01-09,1.82,1.82,0.0,1.0
2020-01-10,1.806,1.806,0.0,1.0
2020-01-13,1.808,1.808,0.0,1.0
2020-01-14,1.831,1.831,0.0,1.0
2020-01-15,1.805,1.805,0.0,1.0
2020-01-16,1.805,1.805,0.0,1.0
2020-01-17,1.789,1.789,0.0,1.0
2020-01-20,1.788,1.788,0.0,1.0
2020-01-21,1.773,1.773,0.0,1.0
2020-01-22,1.741,1.741,0.0,1.0
2020-01-23,1.706,1.706,0.0,1.0
2020-02-03,1.575,1.575,0.0,1.0
2020-02-04,1.607,1.607,0.0,1.0
2020-02-05,1.615,1.615,0.0,1.0
2020-02-06,1.625,1.625,0.0,1.0
2020-02-07,1.637,1.637,0.0,1.0
2020-02-10,1.679,1.679,0.0,1.0
2020-02-11,1.694,1.694,0.0,1.0
2020-02-12,1.736,1.736,0.0,1.0
2020-02-13,1.749,1.749,0.0,1.0
2020-02-14,1.759,1.759,0.0,1.0
2020-02-17,1.812,1.812,0.0,1.0
2020-02-18,1.81,1.81,0.0,1.0
2020-02-19,1.792,1.792,0.0,1.0
2020-02-20,1.799,1.799,0.0,1.0
2020-02-21,1.819,1.819,0.0,1.0
2020-02-24,1.815,1.815,0.0,1.0
2020-02-25,1.801,1.801,0.0,1.0
2020-02-26,1.765,1.765,0.0,1.0
2020-02-27,1.761,1.761,0.0,1.0
2020-02-28,1.681,1.681,0.0,1.0
2020-03-02,1.733,1.733,0.0,1.0
2020-03-03,1.741,1.741,0.0,1.0
2020-03-04,1.744,1.744,0.0,1.0
2020-03-05,1.779,1.779,0.0,1.0
2020-03-06,1.761,1.761,0.0,1.0
2020-03-09,1.7,1.7,0.0,1.0
2020-03-10,1.711,1.711,0.0,1.0
2020-03-11,1.694,1.694,0.0,1.0
2020-03-12,1.649,1.649,0.0,1.0
2020-03-13,1.61,1.61,0.0,1.0
2020-03-16,1.561,1.561,0.0,1.0
2020-03-17,1.545,1.545,0.0,1.0
2020-03-18,1.555,1.555,0.0,1.0
2020-03-19,1.528,1.528,0.0,1.0
2020-03-20,1.535,1.535,0.0,1.0
2020-03-23,1.491,1.491,0.0,1.0
2020-03-24,1.525,1.525,0.0,1.0
2020-03-25,1.572,1.572,0.0,1.0
2020-03-26,1.566,1.566,0.0,1.0
2020-03-27,1.554,1.554,0.0,1.0
2020-03-30,1.539,1.539,0.0,1.0
2020-03-31,1.55,1.55,0.0,1.0
2020-04-01,1.552,1.552,0.0,1.0
2020-04-02,1.581,1.581,0.0,1.0
2020-04-03,1.569,1.569,0.0,1.0
2020-04-07,1.61,1.61,0.0,1.0
2020-04-08,1.587,1.587,0.0,1.0
2020-04-09,1.608,1.608,0.0,1.0
2020-04-10,1.593,1.593,0.0,1.0
2020-04-13,1.585,1.585,0.0,1.0
2020-04-14,1.612,1.612,0.0,1.0
2020-04-15,1.605,1.605,0.0,1.0
2020-04-16,1.589,1.589,0.0,1.0
2020-04-17,1.607,1.607,0.0,1.0
2020-04-20,1.601,1.601,0.0,1.0
2020-04-21,1.576,1.576,0.0,1.0
2020-04-22,1.59,1.59,0.0,1.0
2020-04-23,1.593,1.593,0.0,1.0
2020-04-24,1.573,1.573,0.0,1.0
2020-04-27,1.583,1.583,0.0,1.0
2020-04-28,1.56,1.56,0.0,1.0
2020-04-29,1.564,1.564,0.0,1.0
2020-04-30,1.597,1.597,0.0,1.0
2020-05-06,1.61,1.61,0.0,1.0
2020-05-07,1.609,1.609,0.0,1.0
2020-05-08,1.619,1.619,0.0,1.0
2020-05-11,1.61,1.61,0.0,1.0
2020-05-12,1.602,1.602,0.0,1.0
2020-05-13,1.604,1.604,0.0,1.0
2020-05-14,1.597,1.597,0.0,1.0
2020-05-15,1.599,1.599,0.0,1.0
2020-05-18,1.645,1.645,0.0,1.0
2020-05-19,1.645,1.645,0.0,1.0
2020-05-20,1.645,1.645,0.0,1.0
2020-05-21,1.628,1.628,0.0,1.0
2020-05-22,1.604,1.604,0.0,1.0
2020-05-25,1.585,1.585,0.0,1.0
2020-05-26,1.601,1.601,0.0,1.0
2020-05-27,1.602,1.602,0.0,1.0
2020-05-28,1.595,1.595,0.0,1.0
2020-05-29,1.598,1.598,0.0,1.0
2020-06-01,1.63,1.63,0.0,1.0
2020-06-02,1.636,1.636,0.0,1.0
2020-06-03,1.638,1.638,0.0,1.0
2020-06-04,1.632,1.632,0.0,1.0
2020-06-05,1.628,1.628,0.0,1.0
2020-06-08,1.66,1.66,0.0,1.0
2020-06-09,1.655,1.655,0.0,1.0
2020-06-10,1.645,1.645,0.0,1.0
2020-06-11,1.645,1.645,0.0,1.0
2020-06-12,1.629,1.629,0.0,1.0
2020-06-15,1.617,1.617,0.0,1.0
2020-06-16,1.643,1.643,0.0,1.0
2020-06-17,1.649,1.649,0.0,1.0
2020-06-18,1.66,1.66,0.0,1.0
2020-06-19,1.67,1.67,0.0,1.0
2020-06-22,1.673,1.673,0.0,1.0
2020-06-23,1.678,1.678,0.0,1.0
2020-06-24,1.689,1.689,0.0,1.0
2020-06-29,1.673,1.673,0.0,1.0
2020-06-30,1.683,1.683,0.0,1.0
2020-07-01,1.715,1.715,0.0,1.0
2020-07-02,1.75,1.75,0.0,1.0
2020-07-03,1.788,1.788,0.0,1.0
2020-07-06,1.874,1.874,0.0,1.0
2020-07-07,1.898,1.898,0.0,1.0
2020-07-08,1.941,1.941,0.0,1.0
2020-07-09,1.997,1.997,0.0,1.0
2020-07-10,1.938,1.938,0.0,1.0
2020-07-13,2.006,2.006,0.0,1.0
2020-07-14,1.981,1.981,0.0,1.0
2020-07-15,1.956,1.956,0.0,1.0
2020-07-16,1.882,1.882,0.0,1.0
2020-07-17,1.947,1.947,0.0,1.0
2020-07-20,2.048,2.048,0.0,1.0
2020-07-21,2.049,2.049,0.0,1.0
2020-07-22,2.067,2.067,0.0,1.0
2020-07-23,2.08,2.08,0.0,1.0
2020-07-24,2.026,2.026,0.0,1.0
2020-07-27,2.09,2.09,0.0,1.0
2020-07-28,2.094,2.094,0.0,1.0
2020-07-29,2.095,2.095,0.0,1.0
2020-07-30,2.126,2.126,0.0,1.0
2020-07-31,2.149,2.149,0.0,1.0
2020-08-03,2.178,2.178,0.0,1.0
2020-08-04,2.168,2.168,0.0,1.0
2020-08-05,2.225,2.225,0.0,1.0
2020-08-06,2.258,2.258,0.0,1.0
2020-08-07,2.261,2.261,0.0,1.0
2020-08-10,2.222,2.222,0.0,1.0
2020-08-11,2.159,2.159,0.0,1.0
2020-08-12,2.127,2.127,0.0,1.0
2020-08-13,2.141,2.141,0.0,1.0
2020-08-14,2.13,2.13,0.0,1.0
2020-08-17,2.187,2.187,0.0,1.0
2020-08-18,2.233,2.233,0.0,1.0
2020-08-19,2.23,2.23,0.0,1.0
2020-08-20,2.176,2.176,0.0,1.0
2020-08-21,2.173,2.173,0.0,1.0
2020-08-24,2.195,2.195,0.0,1.0
2020-08-25,2.158,2.158,0.0,1.0
2020-08-26,2.132,2.132,0.0,1.0
2020-08-27,2.152,2.152,0.0,1.0
2020-08-28,2.185,2.185,0.0,1.0
2020-08-31,2.213,2.213,0.0,1.0
2020-09-01,2.23,2.23,0.0,1.0
2020-09-02,2.204,2.204,0.0,1.0
2020-09-03,2.19,2.19,0.0,1.0
2020-09-04,2.18,2.18,0.0,1.0
2020-09-07,2.146,2.146,0.0,1.0
2020-09-08,2.164,2.164,0.0,1.0
2020-09-09,2.109,2.109,0.0,1.0
2020-09-10,2.105,2.105,0.0,1.0
2020-09-11,2.12,2.12,0.0,1.0
2020-09-14,2.144,2.144,0.0,1.0
2020-09-15,2.168,2.168,0.0,1.0
2020-09-16,2.148,2.148,0.0,1.0
2020-09-17,2.137,2.137,0.0,1.0
2020-09-18,2.176,2.176,0.0,1.0
2020-09-21,2.173,2.173,0.0,1.0
2020-09-22,2.111,2.111,0.0,1.0
2020-09-23,2.125,2.125,0.0,1.0
2020-09-24,2.069,2.069,0.0,1.0
2020-09-25,2.069,2.069,0.0,1.0
2020-09-28,2.081,2.081,0.0,1.0
2020-09-29,2.084,2.084,0.0,1.0
2020-09-30,2.071,2.071,0.0,1.0
2020-10-09,2.13,2.13,0.0,1.0
2020-10-12,2.18,2.18,0.0,1.0
2020-10-13,2.194,2.194,0.0,1.0
2020-10-14,2.176,2.176,0.0,1.0
2020-10-15,2.162,2.162,0.0,1.0
2020-10-16,2.168,2.168,0.0,1.0
2020-10-19,2.152,2.152,0.0,1.0
2020-10-20,2.173,2.173,0.0,1.0
2020-10-22,2.15,2.15,0.0,1.0
2020-10-23,2.134,2.134,0.0,1.0
2020-10-26,2.126,2.126,0.0,1.0
2020-10-27,2.139,2.139,0.0,1.0
2020-10-28,2.187,2.187,0.0,1.0
2020-10-29,2.186,2.186,0.0,1.0
2020-10-30,2.139,2.139,0.0,1.0
2020-11-02,2.165,2.165,0.0,1.0
2020-11-03,2.225,2.225,0.0,1.0
2020-11-04,2.211,2.211,0.0,1.0
2020-11-05,2.248,2.248,0.0,1.0
2020-11-06,2.258,2.258,0.0,1.0
2020-11-09,2.32,2.32,0.0,1.0
2020-11-10,2.315,2.315,0.0,1.0
2020-11-11,2.317,2.317,0.0,1.0
2020-11-12,2.312,2.312,0.0,1.0
2020-11-13,2.304,2.304,0.0,1.0
2020-11-16,2.387,2.387,0.0,1.0
2020-11-17,2.397,2.397,0.0,1.0
2020-11-18,2.384,2.384,0.0,1.0
2020-11-19,2.387,2.387,0.0,1.0
2020-11-20,2.434,2.434,0.0,1.0
2020-11-23,2.5,2.5,0.0,1.0
2020-11-24,2.485,2.485,0.0,1.0
2020-11-25,2.485,2.485,0.0,1.0
2020-11-26,2.431,2.431,0.0,1.0
2020-11-27,2.445,2.445,0.0,1.0
2020-11-30,2.463,2.463,0.0,1.0
2020-12-01,2.48,2.48,0.0,1.0
2020-12-02,2.475,2.475,0.0,1.0
2020-12-03,2.418,2.418,0.0,1.0
2020-12-04,2.43,2.43,0.0,1.0
2020-12-07,2.412,2.412,0.0,1.0
2020-12-08,2.411,2.411,0.0,1.0
2020-12-09,2.38,2.38,0.0,1.0
2020-12-10,2.375,2.375,0.0,1.0
2020-12-11,2.405,2.405,0.0,1.0
2020-12-14,2.39,2.39,0.0,1.0
2020-12-15,2.35,2.35,0.0,1.0
2020-12-16,2.358,2.358,0.0,1.0
2020-12-17,2.42,2.42,0.0,1.0
2020-12-18,2.471,2.471,0.0,1.0
2020-12-21,2.505,2.505,0.0,1.0
2020-12-22,2.431,2.431,0.0,1.0
2020-12-23,2.458,2.458,0.0,1.0
2020-12-24,2.44,2.44,0.0,1.0
2020-12-25,2.514,2.514,0.0,1.0
2020-12-28,2.535,2.535,0.0,1.0
2020-12-29,2.469,2.469,0.0,1.0
2020-12-30,2.478,2.478,0.0,1.0
2020-12-31,2.505,2.505,0.0,1.0
2021-01-04,2.572,2.572,0.0,1.0
2021-01-05,2.571,2.571,0.0,1.0
2021-01-06,2.59,2.59,0.0,1.0
2021-01-07,2.651,2.651,0.0,1.0
2021-01-08,2.62,2.62,0.0,1.0
2021-01-11,2.548,2.548,0.0,1.0
2021-01-12,2.559,2.559,0.0,1.0
2021-01-13,2.555,2.555,0.0,1.0
2021-01-14,2.503,2.503,0.0,1.0
2021-01-15,2.506,2.506,0.0,1.0
2021-01-18,2.544,2.544,0.0,1.0
2021-01-19,2.505,2.505,0.0,1.0
2021-01-20,2.538,2.538,0.0,1.0
2021-01-21,2.611,2.611,0.0,1.0
2021-01-22,2.588,2.588,0.0,1.0
2021-01-25,2.613,2.613,0.0,1.0
2021-01-26,2.596,2.596,0.0,1.0
2021-01-27,2.599,2.599,0.0,1.0
2021-01-28,2.543,2.543,0.0,1.0
2021-01-29,2.523,2.523,0.0,1.0
2021-02-01,2.537,2.537,0.0,1.0
2021-02-02,2.559,2.559,0.0,1.0
2021-02-03,2.596,2.596,0.0,1.0
2021-02-04,2.538,2.538,0.0,1.0
2021-02-05,2.458,2.458,0.0,1.0
2021-02-08,2.515,2.515,0.0,1.0
2021-02-09,2.607,2.607,0.0,1.0
2021-02-10,2.666,2.666,0.0,1.0
2021-02-18,2.845,2.845,0.0,1.0
2021-02-19,2.867,2.867,0.0,1.0
2021-02-22,3.027,3.027,0.0,1.0
2021-02-23,2.948,2.948,0.0,1.0
2021-02-24,2.859,2.859,0.0,1.0
2021-02-25,2.842,2.842,0.0,1.0
2021-02-26,2.75,2.75,0.0,1.0
2021-03-01,2.853,2.853,0.0,1.0
2021-03-02,2.763,2.763,0.0,1.0
2021-03-03,2.83,2.83,0.0,1.0
2021-03-04,2.758,2.758,0.0,1.0
2021-03-05,2.726,2.726,0.0,1.0
2021-03-08,2.638,2.638,0.0,1.0
2021-03-09,2.578,2.578,0.0,1.0
2021-03-10,2.567,2.567,0.0,1.0
2021-03-11,2.695,2.695,0.0,1.0
2021-03-12,2.69,2.69,0.0,1.0
2021-03-15,2.695,2.695,0.0,1.0
2021-03-16,2.658,2.658,0.0,1.0
2021-03-17,2.666,2.666,0.0,1.0
2021-03-18,2.677,2.677,0.0,1.0
2021-03-19,2.635,2.635,0.0,1.0
2021-03-22,2.639,2.639,0.0,1.0
2021-03-23,2.568,2.568,0.0,1.0
2021-03-24,2.497,2.497,0.0,1.0
2021-03-25,2.519,2.519,0.0,1.0
2021-03-26,2.558,2.558,0.0,1.0
2021-03-29,2.581,2.581,0.0,1.0
2021-03-30,2.617,2.617,0.0,1.0
2021-03-31,2.584,2.584,0.0,1.0
2021-04-01,2.598,2.598,0.0,1.0
2021-04-02,2.604,2.604,0.0,1.0
2021-04-06,2.612,2.612,0.0,1.0
2021-04-07,2.636,2.636,0.0,1.0
2021-04-08,2.668,2.668,0.0,1.0
2021-04-09,2.66,2.66,0.0,1.0
2021-04-12,2.586,2.586,0.0,1.0
2021-04-13,2.573,2.573,0.0,1.0
2021-04-14,2.608,2.608,0.0,1.0
2021-04-15,2.627,2.627,0.0,1.0
2021-04-16,2.646,2.646,0.0,1.0
2021-04-19,2.704,2.704,0.0,1.0
2021-04-20,2.688,2.688,0.0,1.0
2021-04-21,2.685,2.685,0.0,1.0
2021-04-22,2.683,2.683,0.0,1.0
2021-04-23,2.707,2.707,0.0,1.0
2021-04-26,2.705,2.705,0.0,1.0
2021-04-27,2.694,2.694,0.0,1.0
2021-04-28,2.703,2.703,0.0,1.0
2021-04-29,2.726,2.726,0.0,1.0
2021-04-30,2.693,2.693,0.0,1.0
2021-05-06,2.787,2.787,0.0,1.0
2021-05-07,2.88,2.88,0.0,1.0
2021-05-10,3.004,3.004,0.0,1.0
2021-05-11,2.903,2.903,0.0,1.0
2021-05-12,2.944,2.944,0.0,1.0
2021-05-13,2.817,2.817,0.0,1.0
2021-05-14,2.812,2.812,0.0,1.0
2021-05-17,2.863,2.863,0.0,1.0
2021-05-18,2.877,2.877,0.0,1.0
2021-05-19,2.859,2.859,0.0,1.0
2021-05-20,2.776,2.776,0.0,1.0
2021-05-21,2.792,2.792,0.0,1.0
2021-05-24,2.776,2.776,0.0,1.0
2021-05-25,2.803,2.803,0.0,1.0
2021-05-26,2.846,2.846,0.0,1.0
2021-05-27,2.837,2.837,0.0,1.0
2021-05-28,2.843,2.843,0.0,1.0
2021-05-31,2.869,2.869,0.0,1.0
2021-06-01,2.917,2.917,0.0,1.0
2021-06-02,2.888,2.888,0.0,1.0
2021-06-03,2.908,2.908,0.0,1.0
2021-06-04,2.887,2.887,0.0,1.0
2021-06-07,2.89,2.89,0.0,1.0
2021-06-08,2.86,2.86,0.0,1.0
2021-06-09,2.907,2.907,0.0,1.0
2021-06-10,2.908,2.908,0.0,1.0
2021-06-11,2.897,2.897,0.0,1.0
2021-06-15,2.858,2.858,0.0,1.0
2021-06-16,2.804,2.804,0.0,1.0
2021-06-17,2.793,2.793,0.0,1.0
2021-06-18,2.802,2.802,0.0,1.0
2021-06-21,2.764,2.764,0.0,1.0
2021-06-22,2.825,2.825,0.0,1.0
2021-06-23,2.846,2.846,0.0,1.0
2021-06-24,2.843,2.843,0.0,1.0
2021-06-25,2.894,2.894,0.0,1.0
2021-06-28,2.847,2.847,0.0,1.0
2021-06-29,2.808,2.808,0.0,1.0
2021-06-30,2.839,2.839,0.0,1.0
2021-07-01,2.793,2.793,0.0,1.0
2021-07-02,2.788,2.788,0.0,1.0
2021-07-05,2.861,2.861,0.0,1.0
2021-07-06,2.912,2.912,0.0,1.0
2021-07-07,2.924,2.924,0.0,1.0
2021-07-08,2.893,2.893,0.0,1.0
2021-07-09,3.006,3.006,0.0,1.0
2021-07-12,3.06,3.06,0.0,1.0
2021-07-13,3.091,3.091,0.0,1.0
2021-07-14,3.065,3.065,0.0,1.0
2021-07-15,3.141,3.141,0.0,1.0
2021-07-16,3.179,3.179,0.0,1.0
2021-07-19,3.177,3.177,0.0,1.0
2021-07-20,3.177,3.177,0.0,1.0
2021-07-21,3.234,3.234,0.0,1.0
2021-07-22,3.281,3.281,0.0,1.0
2021-07-23,3.327,3.327,0.0,1.0
2021-07-26,3.333,3.333,0.0,1.0
2021-07-27,3.221,3.221,0.0,1.0
2021-07-28,3.131,3.131,0.0,1.0
2021-07-29,3.253,3.253,0.0,1.0
2021-07-30,3.292,3.292,0.0,1.0
2021-08-02,3.309,3.309,0.0,1.0
2021-08-03,3.189,3.189,0.0,1.0
2021-08-04,3.3,3.3,0.0,1.0
2021-08-05,3.295,3.295,0.0,1.0
2021-08-06,3.392,3.392,0.0,1.0
2021-08-09,3.39,3.39,0.0,1.0
2021-08-10,3.372,3.372,0.0,1.0
2021-08-11,3.459,3.459,0.0,1.0
2021-08-12,3.55,3.55,0.0,1.0
2021-08-13,3.587,3.587,0.0,1.0
2021-08-16,3.503,3.503,0.0,1.0
2021-08-17,3.409,3.409,0.0,1.0
2021-08-18,3.433,3.433,0.0,1.0
2021-08-19,3.405,3.405,0.0,1.0
2021-08-20,3.399,3.399,0.0,1.0
2021-08-23,3.491,3.491,0.0,1.0
2021-08-24,3.56,3.56,0.0,1.0
2021-08-25,3.633,3.633,0.0,1.0
2021-08-26,3.729,3.729,0.0,1.0
2021-08-27,3.775,3.775,0.0,1.0
2021-08-30,3.929,3.929,0.0,1.0
2021-08-31,4.026,4.026,0.0,1.0
2021-09-01,3.835,3.835,0.0,1.0
2021-09-02,3.987,3.987,0.0,1.0
2021-09-03,3.903,3.903,0.0,1.0
2021-09-06,3.912,3.912,0.0,1.0
2021-09-07,4.077,4.077,0.0,1.0
2021-09-08,4.181,4.181,0.0,1.0
2021-09-09,4.298,4.298,0.0,1.0
2021-09-10,4.3,4.3,0.0,1.0
2021-09-13,4.546,4.546,0.0,1.0
2021-09-14,4.436,4.436,0.0,1.0
2021-09-15,4.448,4.448,0.0,1.0
2021-09-16,4.384,4.384,0.0,1.0
2021-09-17,4.229,4.229,0.0,1.0
2021-09-22,4.326,4.326,0.0,1.0
2021-09-23,4.231,4.231,0.0,1.0
2021-09-24,4.024,4.024,0.0,1.0
2021-09-27,3.824,3.824,0.0,1.0
2021-09-28,3.876,3.876,0.0,1.0
2021-09-29,3.696,3.696,0.0,1.0
2021-09-30,3.782,3.782,0.0,1.0
2021-10-08,3.752,3.752,0.0,1.0
2021-10-11,3.78,3.78,0.0,1.0
2021-10-12,3.682,3.682,0.0,1.0
2021-10-13,3.609,3.609,0.0,1.0
2021-10-14,3.655,3.655,0.0,1.0
2021-10-15,3.704,3.704,0.0,1.0
2021-10-18,3.847,3.847,0.0,1.0
2021-10-19,3.853,3.853,0.0,1.0
2021-10-20,3.769,3.769,0.0,1.0
2021-10-21,3.844,3.844,0.0,1.0
2021-10-22,3.706,3.706,0.0,1.0
2021-10-25,3.784,3.784,0.0,1.0
2021-10-26,3.798,3.798,0.0,1.0
2021-10-27,3.723,3.723,0.0,1.0
2021-10-28,3.521,3.521,0.0,1.0
2021-10-29,3.548,3.548,0.0,1.0
2021-11-01,3.571,3.571,0.0,1.0
2021-11-02,3.497,3.497,0.0,1.0
2021-11-03,3.524,3.524,0.0,1.0
2021-11-04,3.511,3.511,0.0,1.0
2021-11-05,3.396,3.396,0.0,1.0
2021-11-08,3.468,3.468,0.0,1.0
2021-11-09,3.472,3.472,0.0,1.0
2021-11-10,3.423,3.423,0.0,1.0
2021-11-11,3.459,3.459,0.0,1.0
2021-11-12,3.459,3.459,0.0,1.0
2021-11-15,3.397,3.397,0.0,1.0
2021-11-16,3.346,3.346,0.0,1.0
2021-11-17,3.409,3.409,0.0,1.0
2021-11-18,3.458,3.458,0.0,1.0
2021-11-19,3.511,3.511,0.0,1.0
2021-11-22,3.581,3.581,0.0,1.0
2021-11-23,3.591,3.591,0.0,1.0
2021-11-24,3.621,3.621,0.0,1.0
2021-11-25,3.602,3.602,0.0,1.0
2021-11-26,3.605,3.605,0.0,1.0
2021-11-29,3.602,3.602,0.0,1.0
2021-11-30,3.592,3.592,0.0,1.0
2021-12-01,3.628,3.628,0.0,1.0
2021-12-02,3.614,3.614,0.0,1.0
2021-12-03,3.644,3.644,0.0,1.0
2021-12-06,3.645,3.645,0.0,1.0
2021-12-07,3.617,3.617,0.0,1.0
2021-12-08,3.656,3.656,0.0,1.0
2021-12-09,3.63,3.63,0.0,1.0
2021-12-10,3.633,3.633,0.0,1.0
2021-12-13,3.67,3.67,0.0,1.0
2021-12-14,3.576,3.576,0.0,1.0
2021-12-15,3.561,3.561,0.0,1.0
2021-12-16,3.667,3.667,0.0,1.0
2021-12-17,3.636,3.636,0.0,1.0
2021-12-20,3.537,3.537,0.0,1.0
2021-12-21,3.57,3.57,0.0,1.0
2021-12-22,3.567,3.567,0.0,1.0
2021-12-23,3.592,3.592,0.0,1.0
2021-12-24,3.515,3.515,0.0,1.0
2021-12-27,3.495,3.495,0.0,1.0
2021-12-28,3.513,3.513,0.0,1.0
2021-12-29,3.505,3.505,0.0,1.0
2021-12-30,3.508,3.508,0.0,1.0
2021-12-31,3.521,3.521,0.0,1.0
2022-01-04,3.514,3.514,0.0,1.0
2022-01-05,3.449,3.449,0.0,1.0
2022-01-06,3.475,3.475,0.0,1.0
2022-01-07,3.462,3.462,0.0,1.0
2022-01-10,3.488,3.488,0.0,1.0
2022-01-11,3.48,3.48,0.0,1.0
2022-01-12,3.522,3.522,0.0,1.0
2022-01-13,3.498,3.498,0.0,1.0
2022-01-14,3.458,3.458,0.0,1.0
2022-01-17,3.454,3.454,0.0,1.0
2022-01-18,3.492,3.492,0.0,1.0
2022-01-19,3.473,3.473,0.0,1.0
2022-01-20,3.453,3.453,0.0,1.0
2022-01-21,3.45,3.45,0.0,1.0
2022-01-24,3.463,3.463,0.0,1.0
2022-01-25,3.349,3.349,0.0,1.0
2022-01-26,3.367,3.367,0.0,1.0
2022-01-27,3.29,3.29,0.0,1.0
2022-01-28,3.245,3.245,0.0,1.0
2022-02-07,3.367,3.367,0.0,1.0
2022-02-08,3.44,3.44,0.0,1.0
2022-02-09,3.493,3.493,0.0,1.0
2022-02-10,3.54,3.54,0.0,1.0
2022-02-11,3.534,3.534,0.0,1.0
2022-02-14,3.515,3.515,0.0,1.0
2022-02-15,3.503,3.503,0.0,1.0
2022-02-16,3.526,3.526,0.0,1.0
2022-02-17,3.57,3.57,0.0,1.0
2022-02-18,3.61,3.61,0.0,1.0
2022-02-21,3.627,3.627,0.0,1.0
2022-02-22,3.657,3.657,0.0,1.0
2022-02-23,3.675,3.675,0.0,1.0
2022-02-24,3.65,3.65,0.0,1.0
2022-02-25,3.639,3.639,0.0,1.0
2022-02-28,3.703,3.703,0.0,1.0
2022-03-01,3.704,3.704,0.0,1.0
2022-03-02,3.746,3.746,0.0,1.0
2022-03-03,3.78,3.78,0.0,1.0
2022-03-04,3.766,3.766,0.0,1.0
2022-03-07,3.777,3.777,0.0,1.0
2022-03-08,3.603,3.603,0.0,1.0
2022-03-09,3.555,3.555,0.0,1.0
2022-03-10,3.597,3.597,0.0,1.0
2022-03-11,3.593,3.593,0.0,1.0
2022-03-14,3.478,3.478,0.0,1.0
2022-03-15,3.241,3.241,0.0,1.0
2022-03-16,3.329,3.329,0.0,1.0
2022-03-17,3.376,3.376,0.0,1.0
2022-03-18,3.447,3.447,0.0,1.0
2022-03-21,3.489,3.489,0.0,1.0
2022-03-22,3.526,3.526,0.0,1.0
2022-03-23,3.51,3.51,0.0,1.0
2022-03-24,3.539,3.539,0.0,1.0
2022-03-25,3.519,3.519,0.0,1.0
2022-03-28,3.538,3.538,0.0,1.0
2022-03-29,3.571,3.571,0.0,1.0
2022-03-30,3.551,3.551,0.0,1.0
2022-03-31,3.539,3.539,0.0,1.0
2022-04-01,3.556,3.556,0.0,1.0
2022-04-06,3.562,3.562,0.0,1.0
2022-04-07,3.546,3.546,0.0,1.0
2022-04-08,3.627,3.627,0.0,1.0
2022-04-11,3.559,3.559,0.0,1.0
2022-04-12,3.584,3.584,0.0,1.0
2022-04-13,3.646,3.646,0.0,1.0
2022-04-14,3.731,3.731,0.0,1.0
2022-04-15,3.653,3.653,0.0,1.0
2022-04-18,3.6,3.6,0.0,1.0
2022-04-19,3.671,3.671,0.0,1.0
2022-04-20,3.515,3.515,0.0,1.0
2022-04-21,3.378,3.378,0.0,1.0
2022-04-22,3.385,3.385,0.0,1.0
2022-04-25,3.139,3.139,0.0,1.0
2022-04-26,3.015,3.015,0.0,1.0
2022-04-27,3.169,3.169,0.0,1.0
2022-04-28,3.218,3.218,0.0,1.0
2022-04-29,3.311,3.311,0.0,1.0
2022-05-05,3.331,3.331,0.0,1.0
2022-05-06,3.25,3.25,0.0,1.0
2022-05-09,3.25,3.25,0.0,1.0
2022-05-10,3.228,3.228,0.0,1.0
2022-05-11,3.274,3.274,0.0,1.0
2022-05-12,3.239,3.239,0.0,1.0
2022-05-13,3.285,3.285,0.0,1.0
2022-05-16,3.337,3.337,0.0,1.0
2022-05-17,3.38,3.38,0.0,1.0
2022-05-18,3.346,3.346,0.0,1.0
2022-05-19,3.351,3.351,0.0,1.0
2022-05-20,3.452,3.452,0.0,1.0
2022-05-23,3.503,3.503,0.0,1.0
2022-05-24,3.407,3.407,0.0,1.0
2022-05-25,3.459,3.459,0.0,1.0
2022-05-26,3.506,3.506,0.0,1.0
2022-05-27,3.523,3.523,0.0,1.0
2022-05-30,3.54,3.54,0.0,1.0
2022-05-31,3.555,3.555,0.0,1.0
2022-06-01,3.56,3.56,0.0,1.0
2022-06-02,3.556,3.556,0.0,1.0
2022-06-06,3.66,3.66,0.0,1.0
2022-06-07,3.657,3.657,0.0,1.0
2022-06-08,3.756,3.756,0.0,1.0
2022-06-09,3.76,3.76,0.0,1.0
2022-06-10,3.834,3.834,0.0,1.0
2022-06-13,3.847,3.847,0.0,1.0
2022-06-14,3.862,3.862,0.0,1.0
2022-06-15,3.809,3.809,0.0,1.0
2022-06-16,3.741,3.741,0.0,1.0
2022-06-17,3.779,3.779,0.0,1.0
2022-06-20,3.675,3.675,0.0,1.0
2022-06-21,3.632,3.632,0.0,1.0
2022-06-22,3.599,3.599,0.0,1.0
2022-06-23,3.658,3.658,0.0,1.0
2022-06-24,3.671,3.671,0.0,1.0
2022-06-27,3.747,3.747,0.0,1.0
2022-06-28,3.798,3.798,0.0,1.0
2022-06-29,3.716,3.716,0.0,1.0
2022-06-30,3.754,3.754,0.0,1.0
2022-07-01,3.777,3.777,0.0,1.0
2022-07-04,3.802,3.802,0.0,1.0
2022-07-05,3.86,3.86,0.0,1.0
2022-07-06,3.693,3.693,0.0,1.0
2022-07-07,3.726,3.726,0.0,1.0
2022-07-11,0.899,3.596,0.0,4.0
2022-07-12,0.891,3.564,0.0,4.0
2022-07-13,0.893,3.572,0.0,4.0
2022-07-14,0.894,3.576,0.0,4.0
2022-07-15,0.881,3.524,0.0,4.0
2022-07-18,0.908,3.632,0.0,4.0
2022-07-19,0.912,3.648,0.0,4.0
2022-07-20,0.913,3.652,0.0,4.0
2022-07-21,0.9,3.6,0.0,4.0
2022-07-22,0.893,3.572,0.0,4.0
2022-07-25,0.891,3.564,0.0,4.0
2022-07-26,0.904,3.616,0.0,4.0
2022-07-27,0.905,3.62,0.0,4.0
2022-07-28,0.916,3.664,0.0,4.0
2022-07-29,0.905,3.62,0.0,4.0
2022-08-01,0.911,3.644,0.0,4.0
2022-08-02,0.883,3.532,0.0,4.0
2022-08-03,0.878,3.512,0.0,4.0
2022-08-04,0.878,3.512,0.0,4.0
2022-08-05,0.886,3.544,0.0,4.0
2022-08-08,0.902,3.608,0.0,4.0
2022-08-09,0.913,3.652,0.0,4.0
2022-08-10,0.915,3.66,0.0,4.0
2022-08-11,0.919,3.676,0.0,4.0
2022-08-12,0.928,3.712,0.0,4.0
2022-08-15,0.942,3.768,0.0,4.0
2022-08-16,0.936,3.744,0.0,4.0
2022-08-17,0.927,3.708,0.0,4.0
2022-08-18,0.92,3.68,0.0,4.0
2022-08-19,0.916,3.664,0.0,4.0
2022-08-22,0.939,3.756,0.0,4.0
2022-08-23,0.945,3.78,0.0,4.0
2022-08-24,0.926,3.704,0.0,4.0
2022-08-25,0.948,3.792,0.0,4.0
2022-08-26,0.94,3.76,0.0,4.0
2022-08-29,0.945,3.78,0.0,4.0
2022-08-30,0.924,3.696,0.0,4.0
2022-08-31,0.9,3.6,0.0,4.0
2022-09-01,0.904,3.616,0.0,4.0
2022-09-02,0.897,3.588,0.0,4.0
2022-09-05,0.916,3.664,0.0,4.0
2022-09-06,0.94,3.76,0.0,4.0
2022-09-07,0.942,3.768,0.0,4.0
2022-09-08,0.937,3.748,0.0,4.0
2022-09-09,0.948,3.792,0.0,4.0
2022-09-13,0.944,3.776,0.0,4.0
2022-09-14,0.931,3.724,0.0,4.0
2022-09-15,0.915,3.66,0.0,4.0
2022-09-16,0.882,3.528,0.0,4.0
2022-09-19,0.881,3.524,0.0,4.0
2022-09-20,0.894,3.576,0.0,4.0
2022-09-21,0.9,3.6,0.0,4.0
2022-09-22,0.909,3.636,0.0,4.0
2022-09-23,0.899,3.596,0.0,4.0
2022-09-26,0.871,3.484,0.0,4.0
2022-09-27,0.87,3.48,0.0,4.0
2022-09-28,0.845,3.38,0.0,4.0
2022-09-29,0.857,3.428,0.0,4.0
2022-09-30,0.856,3.424,0.0,4.0
2022-10-10,0.85,3.4,0.0,4.0
2022-10-11,0.855,3.42,0.0,4.0
2022-10-12,0.864,3.456,0.0,4.0
2022-10-13,0.848,3.392,0.0,4.0
2022-10-14,0.861,3.444,0.0,4.0
2022-10-17,0.858,3.432,0.0,4.0
2022-10-18,0.855,3.42,0.0,4.0
2022-10-19,0.847,3.388,0.0,4.0
2022-10-20,0.837,3.348,0.0,4.0
2022-10-21,0.836,3.344,0.0,4.0
2022-10-24,0.829,3.316,0.0,4.0
2022-10-25,0.824,3.296,0.0,4.0
2022-10-26,0.822,3.288,0.0,4.0
2022-10-27,0.829,3.316,0.0,4.0
2022-10-28,0.81,3.24,0.0,4.0
2022-10-31,0.792,3.168,0.0,4.0
2022-11-01,0.811,3.244,0.0,4.0
2022-11-02,0.819,3.276,0.0,4.0
2022-11-03,0.82,3.28,0.0,4.0
2022-11-04,0.844,3.376,0.0,4.0
2022-11-07,0.861,3.444,0.0,4.0
2022-11-08,0.858,3.432,0.0,4.0
2022-11-09,0.854,3.416,0.0,4.0
2022-11-10,0.85,3.4,0.0,4.0
2022-11-11,0.87,3.48,0.0,4.0
2022-11-14,0.854,3.416,0.0,4.0
2022-11-15,0.863,3.452,0.0,4.0
2022-11-16,0.861,3.444,0.0,4.0
2022-11-17,0.844,3.376,0.0,4.0
2022-11-18,0.833,3.332,0.0,4.0
2022-11-21,0.833,3.332,0.0,4.0
2022-11-22,0.833,3.332,0.0,4.0
2022-11-23,0.841,3.364,0.0,4.0
2022-11-24,0.845,3.38,0.0,4.0
2022-11-25,0.854,3.416,0.0,4.0
2022-11-28,0.843,3.372,0.0,4.0
2022-11-29,0.856,3.424,0.0,4.0
2022-11-30,0.86,3.44,0.0,4.0
2022-12-01,0.864,3.456,0.0,4.0
2022-12-02,0.856,3.424,0.0,4.0
2022-12-05,0.874,3.496,0.0,4.0
2022-12-06,0.873,3.492,0.0,4.0
2022-12-07,0.864,3.456,0.0,4.0
2022-12-08,0.864,3.456,0.0,4.0
2022-12-09,0.873,3.492,0.0,4.0
2022-12-12,0.854,3.416,0.0,4.0
2022-12-13,0.855,3.42,0.0,4.0
2022-12-14,0.857,3.428,0.0,4.0
2022-12-15,0.849,3.396,0.0,4.0
2022-12-16,0.844,3.376,0.0,4.0
2022-12-19,0.829,3.316,0.0,4.0
2022-12-20,0.825,3.3,0.0,4.0
2022-12-21,0.824,3.296,0.0,4.0
2022-12-22,0.807,3.228,0.0,4.0
2022-12-23,0.805,3.22,0.0,4.0
2022-12-26,0.813,3.252,0.0,4.0
2022-12-27,0.829,3.316,0.0,4.0
2022-12-28,0.821,3.284,0.0,4.0
2022-12-29,0.812,3.248,0.0,4.0
2022-12-30,0.811,3.244,0.0,4.0
2023-01-03,0.821,3.284,0.0,4.0
2023-01-04,0.812,3.248,0.0,4.0
2023-01-05,0.816,3.264,0.0,4.0
2023-01-06,0.823,3.292,0.0,4.0
2023-01-09,0.836,3.344,0.0,4.0
2023-01-10,0.832,3.328,0.0,4.0
2023-01-11,0.84,3.36,0.0,4.0
2023-01-12,0.84,3.36,0.0,4.0
2023-01-13,0.841,3.364,0.0,4.0
2023-01-16,0.846,3.384,0.0,4.0
2023-01-17,0.842,3.368,0.0,4.0
2023-01-18,0.849,3.396,0.0,4.0
2023-01-19,0.856,3.424,0.0,4.0
2023-01-20,0.873,3.492,0.0,4.0
2023-01-30,0.871,3.484,0.0,4.0
2023-01-31,0.876,3.504,0.0,4.0
2023-02-01,0.89,3.56,0.0,4.0
2023-02-02,0.89,3.56,0.0,4.0
2023-02-03,0.882,3.528,0.0,4.0
2023-02-06,0.87,3.48,0.0,4.0
2023-02-07,0.875,3.5,0.0,4.0
2023-02-08,0.867,3.468,0.0,4.0
2023-02-09,0.875,3.5,0.0,4.0
2023-02-10,0.867,3.468,0.0,4.0
2023-02-13,0.871,3.484,0.0,4.0
2023-02-14,0.876,3.504,0.0,4.0
2023-02-15,0.87,3.48,0.0,4.0
2023-02-16,0.855,3.42,0.0,4.0
2023-02-17,0.862,3.448,0.0,4.0
2023-02-20,0.878,3.512,0.0,4.0
2023-02-21,0.897,3.588,0.0,4.0
2023-02-22,0.896,3.584,0.0,4.0
2023-02-23,0.896,3.584,0.0,4.0
2023-02-24,0.889,3.556,0.0,4.0
2023-02-27,0.892,3.568,0.0,4.0
2023-02-28,0.893,3.572,0.0,4.0
2023-03-01,0.896,3.584,0.0,4.0
2023-03-02,0.895,3.58,0.0,4.0
2023-03-03,0.898,3.592,0.0,4.0
2023-03-06,0.892,3.568,0.0,4.0
2023-03-07,0.89,3.56,0.0,4.0
2023-03-08,0.89,3.56,0.0,4.0
2023-03-09,0.885,3.54,0.0,4.0
2023-03-10,0.868,3.472,0.0,4.0
2023-03-13,0.873,3.492,0.0,4.0
2023-03-14,0.866,3.464,0.0,4.0
2023-03-15,0.87,3.48,0.0,4.0
2023-03-16,0.843,3.372,0.0,4.0
2023-03-17,0.851,3.404,0.0,4.0
2023-03-20,0.847,3.388,0.0,4.0
2023-03-21,0.849,3.396,0.0,4.0
2023-03-22,0.849,3.396,0.0,4.0
2023-03-23,0.857,3.428,0.0,4.0
2023-03-24,0.85,3.4,0.0,4.0
2023-03-27,0.848,3.392,0.0,4.0
2023-03-28,0.845,3.38,0.0,4.0
2023-03-29,0.84,3.36,0.0,4.0
2023-03-30,0.85,3.4,0.0,4.0
2023-03-31,0.854,3.416,0.0,4.0
2023-04-03,0.856,3.424,0.0,4.0
2023-04-04,0.856,3.424,0.0,4.0
2023-04-06,0.859,3.436,0.0,4.0
2023-04-07,0.858,3.432,0.0,4.0
2023-04-10,0.859,3.436,0.0,4.0
2023-04-11,0.863,3.452,0.0,4.0
2023-04-12,0.87,3.48,0.0,4.0
2023-04-13,0.866,3.464,0.0,4.0
2023-04-14,0.873,3.492,0.0,4.0
2023-04-17,0.891,3.564,0.0,4.0
2023-04-18,0.89,3.56,0.0,4.0
2023-04-19,0.885,3.54,0.0,4.0
2023-04-20,0.875,3.5,0.0,4.0
2023-04-21,0.859,3.436,0.0,4.0
2023-04-24,0.846,3.384,0.0,4.0
2023-04-25,0.835,3.34,0.0,4.0
2023-04-26,0.844,3.376,0.0,4.0
2023-04-27,0.849,3.396,0.0,4.0
2023-04-28,0.856,3.424,0.0,4.0
2023-05-04,0.853,3.412,0.0,4.0
2023-05-05,0.842,3.368,0.0,4.0
2023-05-08,0.864,3.456,0.0,4.0
2023-05-09,0.856,3.424,0.0,4.0
2023-05-10,0.85,3.4,0.0,4.0
2023-05-11,0.847,3.388,0.0,4.0
2023-05-12,0.832,3.328,0.0,4.0
2023-05-15,0.84,3.36,0.0,4.0
2023-05-16,0.839,3.356,0.0,4.0
2023-05-17,0.836,3.344,0.0,4.0
2023-05-18,0.834,3.336,0.0,4.0
2023-05-19,0.828,3.312,0.0,4.0
2023-05-22,0.833,3.332,0.0,4.0
2023-05-23,0.821,3.284,0.0,4.0
2023-05-24,0.815,3.26,0.0,4.0
2023-05-25,0.806,3.224,0.0,4.0
2023-05-26,0.804,3.216,0.0,4.0
2023-05-29,0.803,3.212,0.0,4.0
2023-05-30,0.797,3.188,0.0,4.0
2023-05-31,0.791,3.164,0.0,4.0
2023-06-01,0.793,3.172,0.0,4.0
2023-06-02,0.81,3.24,0.0,4.0
2023-06-05,0.805,3.22,0.0,4.0
2023-06-06,0.802,3.208,0.0,4.0
2023-06-07,0.796,3.184,0.0,4.0
2023-06-08,0.8,3.2,0.0,4.0
2023-06-09,0.801,3.204,0.0,4.0
2023-06-12,0.801,3.204,0.0,4.0
2023-06-13,0.797,3.188,0.0,4.0
2023-06-14,0.798,3.192,0.0,4.0
2023-06-15,0.803,3.212,0.0,4.0
2023-06-16,0.807,3.228,0.0,4.0
2023-06-19,0.798,3.192,0.0,4.0
2023-06-20,0.794,3.176,0.0,4.0
2023-06-21,0.785,3.14,0.0,4.0
2023-06-26,0.779,3.116,0.0,4.0
2023-06-27,0.793,3.172,0.0,4.0
2023-06-28,0.797,3.188,0.0,4.0
2023-06-29,0.792,3.168,0.0,4.0
2023-06-30,0.803,3.212,0.0,4.0
2023-07-03,0.825,3.3,0.0,4.0
2023-07-04,0.817,3.268,0.0,4.0
2023-07-05,0.83,3.32,0.0,4.0
2023-07-06,0.821,3.284,0.0,4.0
2023-07-07,0.823,3.292,0.0,4.0
2023-07-10,0.826,3.304,0.0,4.0
2023-07-11,0.824,3.296,0.0,4.0
2023-07-12,0.825,3.3,0.0,4.0
2023-07-13,0.837,3.348,0.0,4.0
2023-07-14,0.832,3.328,0.0,4.0
2023-07-17,0.827,3.308,0.0,4.0
2023-07-18,0.829,3.316,0.0,4.0
2023-07-19,0.83,3.32,0.0,4.0
2023-07-20,0.831,3.324,0.0,4.0
2023-07-21,0.83,3.32,0.0,4.0
2023-07-24,0.821,3.284,0.0,4.0
2023-07-25,0.835,3.34,0.0,4.0
2023-07-26,0.842,3.368,0.0,4.0
2023-07-27,0.837,3.348,0.0,4.0
2023-07-28,0.845,3.38,0.0,4.0
2023-07-31,0.848,3.392,0.0,4.0
2023-08-01,0.852,3.408,0.0,4.0
2023-08-02,0.844,3.376,0.0,4.0
2023-08-03,0.842,3.368,0.0,4.0
2023-08-04,0.84,3.36,0.0,4.0
2023-08-07,0.838,3.352,0.0,4.0
2023-08-08,0.841,3.364,0.0,4.0
2023-08-09,0.834,3.336,0.0,4.0
2023-08-10,0.84,3.36,0.0,4.0
2023-08-11,0.826,3.304,0.0,4.0
2023-08-14,0.822,3.288,0.0,4.0
2023-08-15,0.818,3.272,0.0,4.0
2023-08-16,0.813,3.252,0.0,4.0
2023-08-17,0.815,3.26,0.0,4.0
2023-08-18,0.808,3.232,0.0,4.0
2023-08-21,0.797,3.188,0.0,4.0
2023-08-22,0.805,3.22,0.0,4.0
2023-08-23,0.799,3.196,0.0,4.0
2023-08-24,0.801,3.204,0.0,4.0
2023-08-25,0.795,3.18,0.0,4.0
2023-08-28,0.81,3.24,0.0,4.0
2023-08-29,0.816,3.264,0.0,4.0
2023-08-30,0.814,3.256,0.0,4.0
2023-08-31,0.808,3.232,0.0,4.0
2023-09-01,0.827,3.308,0.0,4.0
2023-09-04,0.85,3.4,0.0,4.0
2023-09-05,0.848,3.392,0.0,4.0
2023-09-06,0.849,3.396,0.0,4.0
2023-09-07,0.842,3.368,0.0,4.0
2023-09-08,0.833,3.332,0.0,4.0
2023-09-11,0.842,3.368,0.0,4.0
2023-09-12,0.841,3.364,0.0,4.0
2023-09-13,0.842,3.368,0.0,4.0
2023-09-14,0.855,3.42,0.0,4.0
2023-09-15,0.851,3.404,0.0,4.0
2023-09-18,0.849,3.396,0.0,4.0
2023-09-19,0.853,3.412,0.0,4.0
2023-09-20,0.846,3.384,0.0,4.0
2023-09-21,0.843,3.372,0.0,4.0
2023-09-22,0.841,3.364,0.0,4.0
2023-09-25,0.838,3.352,0.0,4.0
2023-09-26,0.83,3.32,0.0,4.0
2023-09-27,0.833,3.332,0.0,4.0
2023-09-28,0.832,3.328,0.0,4.0
2023-10-09,0.832,3.328,0.0,4.0
2023-10-10,0.827,3.308,0.0,4.0
2023-10-11,0.821,3.284,0.0,4.0
2023-10-12,0.828,3.312,0.0,4.0
2023-10-13,0.82,3.28,0.0,4.0
2023-10-16,0.82,3.28,0.0,4.0
2023-10-17,0.826,3.304,0.0,4.0
2023-10-18,0.815,3.26,0.0,4.0
2023-10-19,0.804,3.216,0.0,4.0
2023-10-20,0.801,3.204,0.0,4.0
2023-10-23,0.784,3.136,0.0,4.0
2023-10-24,0.794,3.176,0.0,4.0
2023-10-25,0.801,3.204,0.0,4.0
2023-10-26,0.801,3.204,0.0,4.0
2023-10-27,0.806,3.224,0.0,4.0
2023-10-30,0.807,3.228,0.0,4.0
2023-10-31,0.81,3.24,0.0,4.0
2023-11-01,0.808,3.232,0.0,4.0
2023-11-02,0.804,3.216,0.0,4.0
2023-11-03,0.806,3.224,0.0,4.0
2023-11-06,0.799,3.196,0.0,4.0
2023-11-07,0.804,3.216,0.0,4.0
2023-11-08,0.797,3.188,0.0,4.0
2023-11-09,0.807,3.228,0.0,4.0
2023-11-10,0.805,3.22,0.0,4.0
2023-11-13,0.811,3.244,0.0,4.0
2023-11-14,0.807,3.228,0.0,4.0
2023-11-15,0.813,3.252,0.0,4.0
2023-11-16,0.809,3.236,0.0,4.0
2023-11-17,0.808,3.232,0.0,4.0
2023-11-20,0.81,3.24,0.0,4.0
2023-11-21,0.811,3.244,0.0,4.0
2023-11-22,0.804,3.216,0.0,4.0
2023-11-23,0.81,3.24,0.0,4.0
2023-11-24,0.81,3.24,0.0,4.0
2023-11-27,0.812,3.248,0.0,4.0
2023-11-28,0.814,3.256,0.0,4.0
2023-11-29,0.818,3.272,0.0,4.0
2023-11-30,0.813,3.252,0.0,4.0
2023-12-01,0.814,3.256,0.0,4.0
2023-12-04,0.824,3.296,0.0,4.0
2023-12-05,0.803,3.212,0.0,4.0
2023-12-06,0.807,3.228,0.0,4.0
2023-12-07,0.8,3.2,0.0,4.0
2023-12-08,0.797,3.188,0.0,4.0
2023-12-11,0.802,3.208,0.0,4.0
2023-12-12,0.802,3.208,0.0,4.0
2023-12-13,0.791,3.164,0.0,4.0
2023-12-14,0.79,3.16,0.0,4.0
2023-12-15,0.788,3.152,0.0,4.0
2023-12-18,0.779,3.116,0.0,4.0
2023-12-19,0.777,3.108,0.0,4.0
2023-12-20,0.775,3.1,0.0,4.0
2023-12-21,0.778,3.112,0.0,4.0
2023-12-22,0.789,3.156,0.0,4.0
2023-12-25,0.793,3.172,0.0,4.0
2023-12-26,0.788,3.152,0.0,4.0
2023-12-27,0.796,3.184,0.0,4.0
2023-12-28,0.804,3.216,0.0,4.0
2023-12-29,0.806,3.224,0.0,4.0
2024-01-02,0.817,3.268,0.0,4.0
2024-01-03,0.821,3.284,0.0,4.0
2024-01-04,0.819,3.276,0.0,4.0
2024-01-05,0.809,3.236,0.0,4.0
2024-01-08,0.799,3.196,0.0,4.0
2024-01-09,0.803,3.212,0.0,4.0
2024-01-10,0.799,3.196,0.0,4.0
2024-01-11,0.795,3.18,0.0,4.0
2024-01-12,0.798,3.192,0.0,4.0
2024-01-15,0.794,3.176,0.0,4.0
2024-01-16,0.792,3.168,0.0,4.0
2024-01-17,0.773,3.092,0.0,4.0
2024-01-18,0.767,3.068,0.0,4.0
2024-01-19,0.765,3.06,0.0,4.0
2024-01-22,0.742,2.968,0.0,4.0
2024-01-23,0.749,2.996,0.0,4.0
2024-01-24,0.759,3.036,0.0,4.0
2024-01-25,0.783,3.132,0.0,4.0
2024-01-26,0.787,3.148,0.0,4.0
2024-01-29,0.784,3.136,0.0,4.0
2024-01-30,0.768,3.072,0.0,4.0
2024-01-31,0.762,3.048,0.0,4.0
2024-02-01,0.756,3.024,0.0,4.0
2024-02-02,0.746,2.984,0.0,4.0
2024-02-05,0.74,2.96,0.0,4.0
2024-02-06,0.761,3.044,0.0,4.0
2024-02-07,0.793,3.172,0.0,4.0
2024-02-08,0.802,3.208,0.0,4.0
2024-02-19,0.812,3.248,0.0,4.0
2024-02-20,0.815,3.26,0.0,4.0
2024-02-21,0.819,3.276,0.0,4.0
2024-02-22,0.836,3.344,0.0,4.0
2024-02-23,0.834,3.336,0.0,4.0
2024-02-26,0.82,3.28,0.0,4.0
2024-02-27,0.833,3.332,0.0,4.0
2024-02-28,0.822,3.288,0.0,4.0
2024-02-29,0.83,3.32,0.0,4.0
2024-03-01,0.839,3.356,0.0,4.0
2024-03-04,0.85,3.4,0.0,4.0
2024-03-05,0.849,3.396,0.0,4.0
2024-03-06,0.855,3.42,0.0,4.0
2024-03-07,0.865,3.46,0.0,4.0
2024-03-08,0.867,3.468,0.0,4.0
2024-03-11,0.862,3.448,0.0,4.0
2024-03-12,0.843,3.372,0.0,4.0
2024-03-13,0.846,3.384,0.0,4.0
2024-03-14,0.85,3.4,0.0,4.0
2024-03-15,0.865,3.46,0.0,4.0
2024-03-18,0.861,3.444,0.0,4.0
2024-03-19,0.866,3.464,0.0,4.0
2024-03-20,0.865,3.46,0.0,4.0
2024-03-21,0.867,3.468,0.0,4.0
2024-03-22,0.854,3.416,0.0,4.0
2024-03-25,0.857,3.428,0.0,4.0
2024-03-26,0.852,3.408,0.0,4.0
2024-03-27,0.846,3.384,0.0,4.0
2024-03-28,0.855,3.42,0.0,4.0
2024-03-29,0.877,3.508,0.0,4.0
2024-04-01,0.883,3.532,0.0,4.0
2024-04-02,0.891,3.564,0.0,4.0
2024-04-03,0.917,3.668,0.0,4.0
2024-04-08,0.916,3.664,0.0,4.0
2024-04-09,0.91,3.64,0.0,4.0
2024-04-10,0.92,3.68,0.0,4.0
2024-04-11,0.924,3.696,0.0,4.0
2024-04-12,0.923,3.692,0.0,4.0
2024-04-15,0.935,3.74,0.0,4.0
2024-04-16,0.912,3.648,0.0,4.0
2024-04-17,0.928,3.712,0.0,4.0
2024-04-18,0.935,3.74,0.0,4.0
2024-04-19,0.938,3.752,0.0,4.0
2024-04-22,0.914,3.656,0.0,4.0
2024-04-23,0.882,3.528,0.0,4.0
2024-04-24,0.892,3.568,0.0,4.0
2024-04-25,0.899,3.596,0.0,4.0
2024-04-26,0.909,3.636,0.0,4.0
2024-04-29,0.907,3.628,0.0,4.0
2024-04-30,0.908,3.632,0.0,4.0
2024-05-06,0.915,3.66,0.0,4.0
2024-05-07,0.924,3.696,0.0,4.0
2024-05-08,0.924,3.696,0.0,4.0
2024-05-09,0.94,3.76,0.0,4.0
2024-05-10,0.942,3.768,0.0,4.0
2024-05-13,0.935,3.74,0.0,4.0
2024-05-14,0.928,3.712,0.0,4.0
2024-05-15,0.921,3.684,0.0,4.0
2024-05-16,0.914,3.656,0.0,4.0
2024-05-17,0.926,3.704,0.0,4.0
2024-05-20,0.952,3.808,0.0,4.0
2024-05-21,0.932,3.728,0.0,4.0
2024-05-22,0.931,3.724,0.0,4.0
2024-05-23,0.911,3.644,0.0,4.0
2024-05-24,0.907,3.628,0.0,4.0
2024-05-27,0.923,3.692,0.0,4.0
2024-05-28,0.926,3.704,0.0,4.0
2024-05-29,0.938,3.752,0.0,4.0
2024-05-30,0.92,3.68,0.0,4.0
2024-05-31,0.918,3.672,0.0,4.0
2024-06-03,0.906,3.624,0.0,4.0
2024-06-04,0.91,3.64,0.0,4.0
2024-06-05,0.899,3.596,0.0,4.0
2024-06-06,0.903,3.612,0.0,4.0
2024-06-07,0.904,3.616,0.0,4.0
2024-06-11,0.893,3.572,0.0,4.0
2024-06-12,0.905,3.62,0.0,4.0
2024-06-13,0.894,3.576,0.0,4.0
2024-06-14,0.891,3.564,0.0,4.0
2024-06-17,0.876,3.504,0.0,4.0
2024-06-18,0.881,3.524,0.0,4.0
2024-06-19,0.88,3.52,0.0,4.0
2024-06-20,0.878,3.512,0.0,4.0
2024-06-21,0.874,3.496,0.0,4.0
2024-06-24,0.859,3.436,0.0,4.0
2024-06-25,0.859,3.436,0.0,4.0
2024-06-26,0.867,3.468,0.0,4.0
2024-06-27,0.852,3.408,0.0,4.0
2024-06-28,0.865,3.46,0.0,4.0
2024-07-01,0.885,3.54,0.0,4.0
2024-07-02,0.876,3.504,0.0,4.0
2024-07-03,0.871,3.484,0.0,4.0
2024-07-04,0.863,3.452,0.0,4.0
2024-07-05,0.873,3.492,0.0,4.0
2024-07-08,0.864,3.456,0.0,4.0
2024-07-09,0.872,3.488,0.0,4.0
2024-07-10,0.857,3.428,0.0,4.0
2024-07-11,0.882,3.528,0.0,4.0
2024-07-12,0.868,3.472,0.0,4.0
2024-07-15,0.877,3.508,0.0,4.0
2024-07-16,0.88,3.52,0.0,4.0
2024-07-17,0.865,3.46,0.0,4.0
2024-07-18,0.869,3.476,0.0,4.0
2024-07-19,0.862,3.448,0.0,4.0
2024-07-22,0.853,3.412,0.0,4.0
2024-07-23,0.824,3.296,0.0,4.0
2024-07-24,0.82,3.28,0.0,4.0
2024-07-25,0.807,3.228,0.0,4.0
2024-07-26,0.82,3.28,0.0,4.0
2024-07-29,0.817,3.268,0.0,4.0
2024-07-30,0.811,3.244,0.0,4.0
2024-07-31,0.84,3.36,0.0,4.0
2024-08-01,0.835,3.34,0.0,4.0
2024-08-02,0.827,3.308,0.0,4.0
2024-08-05,0.811,3.244,0.0,4.0
2024-08-06,0.813,3.252,0.0,4.0
2024-08-07,0.819,3.276,0.0,4.0
2024-08-08,0.814,3.256,0.0,4.0
2024-08-09,0.816,3.264,0.0,4.0
2024-08-12,0.816,3.264,0.0,4.0
2024-08-13,0.819,3.276,0.0,4.0
2024-08-14,0.809,3.236,0.0,4.0
2024-08-15,0.815,3.26,0.0,4.0
2024-08-16,0.813,3.252,0.0,4.0
2024-08-19,0.818,3.272,0.0,4.0
2024-08-20,0.805,3.22,0.0,4.0
2024-08-21,0.806,3.224,0.0,4.0
2024-08-22,0.8,3.2,0.0,4.0
2024-08-23,0.8,3.2,0.0,4.0
2024-08-26,0.806,3.224,0.0,4.0
2024-08-27,0.805,3.22,0.0,4.0
2024-08-28,0.805,3.22,0.0,4.0
2024-08-29,0.806,3.224,0.0,4.0
2024-08-30,0.821,3.284,0.0,4.0
2024-09-02,0.806,3.224,0.0,4.0
2024-09-03,0.808,3.232,0.0,4.0
2024-09-04,0.794,3.176,0.0,4.0
2024-09-05,0.79,3.16,0.0,4.0
2024-09-06,0.781,3.124,0.0,4.0
2024-09-09,0.77,3.08,0.0,4.0
2024-09-10,0.766,3.064,0.0,4.0
2024-09-11,0.762,3.048,0.0,4.0
2024-09-12,0.762,3.048,0.0,4.0
2024-09-13,0.759,3.036,0.0,4.0
2024-09-18,0.767,3.068,0.0,4.0
2024-09-19,0.781,3.124,0.0,4.0
2024-09-20,0.785,3.14,0.0,4.0
2024-09-23,0.787,3.148,0.0,4.0
2024-09-24,0.823,3.292,0.0,4.0
2024-09-25,0.83,3.32,0.0,4.0
2024-09-26,0.86,3.44,0.0,4.0
2024-09-27,0.877,3.508,0.0,4.0
2024-09-30,0.965,3.86,0.0,4.0
2024-10-08,0.983,3.932,0.0,4.0
2024-10-09,0.888,3.552,0.0,4.0
2024-10-10,0.937,3.748,0.0,4.0
2024-10-11,0.91,3.64,0.0,4.0
2024-10-14,0.924,3.696,0.0,4.0
2024-10-15,0.9,3.6,0.0,4.0
2024-10-16,0.899,3.596,0.0,4.0
2024-10-17,0.889,3.556,0.0,4.0
2024-10-18,0.907,3.628,0.0,4.0
2024-10-21,0.917,3.668,0.0,4.0
2024-10-22,0.919,3.676,0.0,4.0
2024-10-23,0.925,3.7,0.0,4.0
2024-10-24,0.914,3.656,0.0,4.0
2024-10-25,0.92,3.68,0.0,4.0
2024-10-28,0.935,3.74,0.0,4.0
2024-10-29,0.915,3.66,0.0,4.0
2024-10-30,0.905,3.62,0.0,4.0
2024-10-31,0.905,3.62,0.0,4.0
2024-11-01,0.928,3.712,0.0,4.0
2024-11-04,0.93,3.72,0.0,4.0
2024-11-05,0.952,3.808,0.0,4.0
2024-11-06,0.962,3.848,0.0,4.0
2024-11-07,0.968,3.872,0.0,4.0
2024-11-08,0.959,3.836,0.0,4.0
2024-11-11,0.956,3.824,0.0,4.0
2024-11-12,0.944,3.776,0.0,4.0
2024-11-13,0.945,3.78,0.0,4.0
2024-11-14,0.925,3.7,0.0,4.0
2024-11-15,0.915,3.66,0.0,4.0
2024-11-18,0.914,3.656,0.0,4.0
2024-11-19,0.922,3.688,0.0,4.0
2024-11-20,0.923,3.692,0.0,4.0
2024-11-21,0.923,3.692,0.0,4.0
2024-11-22,0.897,3.588,0.0,4.0
2024-11-25,0.891,3.564,0.0,4.0
2024-11-26,0.884,3.536,0.0,4.0
2024-11-27,0.894,3.576,0.0,4.0
2024-11-28,0.887,3.548,0.0,4.0
2024-11-29,0.894,3.576,0.0,4.0
2024-12-02,0.902,3.608,0.0,4.0
2024-12-03,0.909,3.636,0.0,4.0
2024-12-04,0.907,3.628,0.0,4.0
2024-12-05,0.906,3.624,0.0,4.0
2024-12-06,0.921,3.684,0.0,4.0
2024-12-09,0.925,3.7,0.0,4.0
2024-12-10,0.924,3.696,0.0,4.0
2024-12-11,0.931,3.724,0.0,4.0
2024-12-12,0.936,3.744,0.0,4.0
2024-12-13,0.913,3.652,0.0,4.0
2024-12-16,0.909,3.636,0.0,4.0
2024-12-17,0.907,3.628,0.0,4.0
2024-12-18,0.916,3.664,0.0,4.0
2024-12-19,0.9,3.6,0.0,4.0
2024-12-20,0.891,3.564,0.0,4.0
2024-12-23,0.886,3.544,0.0,4.0
2024-12-24,0.892,3.568,0.0,4.0
2024-12-25,0.891,3.564,0.0,4.0
2024-12-26,0.891,3.564,0.0,4.0
2024-12-27,0.89,3.56,0.0,4.0
2024-12-30,0.895,3.58,0.0,4.0
2024-12-31,0.883,3.532,0.0,4.0
2025-01-02,0.864,3.456,0.0,4.0
2025-01-03,0.866,3.464,0.0,4.0
2025-01-06,0.868,3.472,0.0,4.0
2025-01-07,0.87,3.48,0.0,4.0
2025-01-08,0.859,3.436,0.0,4.0
2025-01-09,0.857,3.428,0.0,4.0
2025-01-10,0.849,3.396,0.0,4.0
2025-01-13,0.857,3.428,0.0,4.0
2025-01-14,0.871,3.484,0.0,4.0
2025-01-15,0.865,3.46,0.0,4.0
2025-01-16,0.877,3.508,0.0,4.0
2025-01-17,0.877,3.508,0.0,4.0
2025-01-20,0.868,3.472,0.0,4.0
2025-01-21,0.863,3.452,0.0,4.0
2025-01-22,0.859,3.436,0.0,4.0
2025-01-23,0.858,3.432,0.0,4.0
2025-01-24,0.867,3.468,0.0,4.0
2025-01-27,0.871,3.484,0.0,4.0
2025-02-05,0.868,3.472,0.0,4.0
2025-02-06,0.874,3.496,0.0,4.0
2025-02-07,0.883,3.532,0.0,4.0
2025-02-10,0.883,3.532,0.0,4.0
2025-02-11,0.884,3.536,0.0,4.0
2025-02-12,0.88,3.52,0.0,4.0
2025-02-13,0.878,3.512,0.0,4.0
2025-02-14,0.877,3.508,0.0,4.0
2025-02-17,0.867,3.468,0.0,4.0
2025-02-18,0.857,3.428,0.0,4.0
2025-02-19,0.859,3.436,0.0,4.0
2025-02-20,0.859,3.436,0.0,4.0
2025-02-21,0.856,3.424,0.0,4.0
2025-02-24,0.857,3.428,0.0,4.0
2025-02-25,0.846,3.384,0.0,4.0
2025-02-26,0.858,3.432,0.0,4.0
2025-02-27,0.853,3.412,0.0,4.0
2025-02-28,0.844,3.376,0.0,4.0
2025-03-03,0.851,3.404,0.0,4.0
2025-03-04,0.851,3.404,0.0,4.0
2025-03-05,0.851,3.404,0.0,4.0
2025-03-06,0.858,3.432,0.0,4.0
2025-03-07,0.865,3.46,0.0,4.0
2025-03-10,0.878,3.512,0.0,4.0
2025-03-11,0.881,3.524,0.0,4.0
2025-03-12,0.881,3.524,0.0,4.0
2025-03-13,0.895,3.58,0.0,4.0
2025-03-14,0.899,3.596,0.0,4.0
2025-03-17,0.896,3.584,0.0,4.0
2025-03-18,0.899,3.596,0.0,4.0
2025-03-19,0.896,3.584,0.0,4.0
2025-03-20,0.896,3.584,0.0,4.0
2025-03-21,0.887,3.548,0.0,4.0
2025-03-24,0.902,3.608,0.0,4.0
2025-03-25,0.914,3.656,0.0,4.0
2025-03-26,0.907,3.628,0.0,4.0
2025-03-27,0.899,3.596,0.0,4.0
2025-03-28,0.889,3.556,0.0,4.0
2025-03-31,0.878,3.512,0.0,4.0
2025-04-01,0.889,3.556,0.0,4.0
2025-04-02,0.883,3.532,0.0,4.0
2025-04-03,0.877,3.508,0.0,4.0
2025-04-07,0.795,3.18,0.0,4.0
2025-04-08,0.831,3.324,0.0,4.0
2025-04-09,0.838,3.352,0.0,4.0
2025-04-10,0.855,3.42,0.0,4.0
2025-04-11,0.857,3.428,0.0,4.0
2025-04-14,0.871,3.484,0.0,4.0
2025-04-15,0.866,3.464,0.0,4.0
2025-04-16,0.863,3.452,0.0,4.0
2025-04-17,0.861,3.444,0.0,4.0
2025-04-18,0.862,3.448,0.0,4.0
2025-04-21,0.875,3.5,0.0,4.0
2025-04-22,0.877,3.508,0.0,4.0
2025-04-23,0.867,3.468,0.0,4.0
2025-04-24,0.866,3.464,0.0,4.0
2025-04-25,0.865,3.46,0.0,4.0
2025-04-28,0.86,3.44,0.0,4.0
2025-04-29,0.857,3.428,0.0,4.0
2025-04-30,0.85,3.4,0.0,4.0
2025-05-06,0.868,3.472,0.0,4.0
2025-05-07,0.875,3.5,0.0,4.0
2025-05-08,0.87,3.48,0.0,4.0
2025-05-09,0.867,3.468,0.0,4.0
2025-05-12,0.87,3.48,0.0,4.0
2025-05-13,0.872,3.488,0.0,4.0
2025-05-14,0.881,3.524,0.0,4.0
2025-05-15,0.877,3.508,0.0,4.0
2025-05-16,0.874,3.496,0.0,4.0
2025-05-19,0.872,3.488,0.0,4.0
2025-05-20,0.874,3.496,0.0,4.0
2025-05-21,0.887,3.548,0.0,4.0
2025-05-22,0.877,3.508,0.0,4.0
2025-05-23,0.875,3.5,0.0,4.0
2025-05-26,0.876,3.504,0.0,4.0
2025-05-27,0.868,3.472,0.0,4.0
2025-05-28,0.871,3.484,0.0,4.0
2025-05-29,0.873,3.492,0.0,4.0
2025-05-30,0.868,3.472,0.0,4.0
2025-06-03,0.872,3.488,0.0,4.0
2025-06-04,0.88,3.52,0.0,4.0
2025-06-05,0.878,3.512,0.0,4.0
2025-06-06,0.888,3.552,0.0,4.0
2025-06-09,0.888,3.552,0.0,4.0
2025-06-10,0.885,3.54,0.0,4.0
2025-06-11,0.895,3.58,0.0,4.0
2025-06-12,0.898,3.592,0.0,4.0
2025-06-13,0.901,3.604,0.0,4.0
2025-06-16,0.901,3.604,0.0,4.0
2025-06-17,0.904,3.616,0.0,4.0
2025-06-18,0.899,3.596,0.0,4.0
2025-06-19,0.887,3.548,0.0,4.0
2025-06-20,0.888,3.552,0.0,4.0
2025-06-23,0.892,3.568,0.0,4.0
2025-06-24,0.89,3.56,0.0,4.0
2025-06-25,0.896,3.584,0.0,4.0
2025-06-26,0.895,3.58,0.0,4.0
2025-06-27,0.904,3.616,0.0,4.0
2025-06-30,0.906,3.624,0.0,4.0
2025-07-01,0.913,3.652,0.0,4.0
2025-07-02,0.923,3.692,0.0,4.0
2025-07-03,0.92,3.68,0.0,4.0
2025-07-04,0.916,3.664,0.0,4.0
2025-07-07,0.917,3.668,0.0,4.0
2025-07-08,0.925,3.7,0.0,4.0
2025-07-09,0.915,3.66,0.0,4.0
2025-07-10,0.925,3.7,0.0,4.0
2025-07-11,0.941,3.764,0.0,4.0
2025-07-14,0.94,3.76,0.0,4.0
2025-07-15,0.927,3.708,0.0,4.0
2025-07-16,0.926,3.704,0.0,4.0
2025-07-17,0.928,3.712,0.0,4.0
2025-07-18,0.944,3.776,0.0,4.0
2025-07-21,0.973,3.892,0.0,4.0
2025-07-22,1.003,4.012,0.0,4.0
2025-07-23,0.995,3.98,0.0,4.0
2025-07-24,1.022,4.088,0.0,4.0
2025-07-25,1.02,4.08,0.0,4.0
2025-07-28,1.009,4.036,0.0,4.0
2025-07-29,1.017,4.068,0.0,4.0
2025-07-30,1.02,4.08,0.0,4.0
2025-07-31,0.983,3.932,0.0,4.0
2025-08-01,0.979,3.916,0.0,4.0
2025-08-04,0.988,3.952,0.0,4.0
2025-08-05,0.996,3.984,0.0,4.0
2025-08-06,1.006,4.024,0.0,4.0
2025-08-07,1.008,4.032,0.0,4.0
2025-08-08,1.017,4.068,0.0,4.0
2025-08-11,1.013,4.052,0.0,4.0
2025-08-12,1.012,4.048,0.0,4.0
2025-08-13,1.021,4.084,0.0,4.0
2025-08-14,1.012,4.048,0.0,4.0
2025-08-15,1.03,4.12,0.0,4.0
2025-08-18,1.034,4.136,0.0,4.0
2025-08-19,1.03,4.12,0.0,4.0
2025-08-20,1.044,4.176,0.0,4.0
2025-08-21,1.047,4.188,0.0,4.0
2025-08-22,1.057,4.228,0.0,4.0
2025-08-25,1.096,4.384,0.0,4.0
2025-08-26,1.083,4.332,0.0,4.0
2025-08-27,1.068,4.272,0.0,4.0
2025-08-28,1.077,4.308,0.0,4.0
2025-08-29,1.097,4.388,0.0,4.0
2025-09-01,1.13,4.52,0.0,4.0
2025-09-02,1.109,4.436,0.0,4.0
2025-09-03,1.096,4.384,0.0,4.0
2025-09-04,1.064,4.256,0.0,4.0
2025-09-05,1.093,4.372,0.0,4.0
2025-09-08,1.106,4.424,0.0,4.0
2025-09-09,1.112,4.448,0.0,4.0
2025-09-10,1.099,4.396,0.0,4.0
2025-09-11,1.109,4.436,0.0,4.0
2025-09-12,1.112,4.448,0.0,4.0
2025-09-15,1.1,4.4,0.0,4.0
2025-09-16,1.099,4.396,0.0,4.0
2025-09-17,1.105,4.42,0.0,4.0
2025-09-18,1.076,4.304,0.0,4.0
2025-09-19,1.088,4.352,0.0,4.0
2025-09-22,1.089,4.356,0.0,4.0
2025-09-23,1.08,4.32,0.0,4.0
2025-09-24,1.094,4.376,0.0,4.0
2025-09-25,1.101,4.404,0.0,4.0
2025-09-26,1.102,4.408,0.0,4.0
2025-09-29,1.115,4.46,0.0,4.0
2025-09-30,1.139,4.556,0.0,4.0
2025-10-09,1.203,4.812,0.0,4.0
2025-10-10,1.191,4.764,0.0,4.0
2025-10-13,1.21,4.84,0.0,4.0
2025-10-14,1.191,4.764,0.0,4.0
2025-10-15,1.196,4.784,0.0,4.0
2025-10-16,1.181,4.724,0.0,4.0
2025-10-17,1.168,4.672,0.0,4.0
2025-10-20,1.167,4.668,0.0,4.0
2025-10-21,1.174,4.696,0.0,4.0
2025-10-22,1.161,4.644,0.0,4.0
2025-10-23,1.17,4.68,0.0,4.0
2025-10-24,1.175,4.7,0.0,4.0
2025-10-27,1.201,4.804,0.0,4.0
2025-10-28,1.183,4.732,0.0,4.0
2025-10-29,1.215,4.86,0.0,4.0
2025-10-30,1.218,4.872,0.0,4.0
2025-10-31,1.202,4.808,0.0,4.0
2025-11-03,1.206,4.824,0.0,4.0
2025-11-04,1.183,4.732,0.0,4.0
2025-11-05,1.191,4.764,0.0,4.0
2025-11-06,1.218,4.872,0.0,4.0
2025-11-07,1.228,4.912,0.0,4.0
2025-11-10,1.237,4.948,0.0,4.0
2025-11-11,1.225,4.9,0.0,4.0
2025-11-12,1.222,4.888,0.0,4.0
2025-11-13,1.252,5.008,0.0,4.0
2025-11-14,1.23,4.92,0.0,4.0
2025-11-17,1.225,4.9,0.0,4.0
2025-11-18,1.192,4.768,0.0,4.0
2025-11-19,1.209,4.836,0.0,4.0
2025-11-20,1.194,4.776,0.0,4.0
2025-11-21,1.152,4.608,0.0,4.0
2025-11-24,1.148,4.592,0.0,4.0
2025-11-25,1.157,4.628,0.0,4.0
2025-11-26,1.151,4.604,0.0,4.0
2025-11-27,1.158,4.632,0.0,4.0
2025-11-28,1.166,4.664,0.0,4.0
2025-12-01,1.192,4.768,0.0,4.0
2025-12-02,1.18,4.72,0.0,4.0
2025-12-03,1.187,4.748,0.0,4.0
2025-12-04,1.185,4.74,0.0,4.0
2025-12-05,1.204,4.816,0.0,4.0
2025-12-08,1.205,4.82,0.0,4.0
2025-12-09,1.188,4.752,0.0,4.0
2025-12-10,1.189,4.756,0.0,4.0
2025-12-11,1.173,4.692,0.0,4.0
2025-12-12,1.184,4.736,0.0,4.0
2025-12-15,1.186,4.744,0.0,4.0
2025-12-16,1.16,4.64,0.0,4.0
2025-12-17,1.176,4.704,0.0,4.0
2025-12-18,1.188,4.752,0.0,4.0
2025-12-19,1.196,4.784,0.0,4.0
2025-12-22,1.212,4.848,0.0,4.0
2025-12-23,1.219,4.876,0.0,4.0
2025-12-24,1.222,4.888,0.0,4.0
2025-12-25,1.216,4.864,0.0,4.0
2025-12-26,1.238,4.952,0.0,4.0
2025-12-29,1.234,4.936,0.0,4.0
2025-12-30,1.25,5.0,0.0,4.0
2025-12-31,1.246,4.984,0.0,4.0
2026-01-05,1.262,5.048,0.0,4.0
2026-01-06,1.303,5.212,0.0,4.0
2026-01-07,1.324,5.296,0.0,4.0
2026-01-08,1.311,5.244,0.0,4.0
2026-01-09,1.339,5.356,0.0,4.0
2026-01-12,1.352,5.408,0.0,4.0
2026-01-13,1.341,5.364,0.0,4.0
2026-01-14,1.356,5.424,0.0,4.0
2026-01-15,1.373,5.492,0.0,4.0
2026-01-16,1.364,5.456,0.0,4.0
2026-01-19,1.383,5.532,0.0,4.0
2026-01-20,1.394,5.576,0.0,4.0
2026-01-21,1.415,5.66,0.0,4.0
2026-01-22,1.426,5.704,0.0,4.0
2026-01-23,1.449,5.796,0.0,4.0
2026-01-26,1.51,6.04,0.0,4.0
2026-01-27,1.492,5.968,0.0,4.0
2026-01-28,1.572,6.288,0.0,4.0
2026-01-29,1.587,6.348,0.0,4.0
2026-01-30,1.49,5.96,0.0,4.0
2026-02-02,1.353,5.412,0.0,4.0
2026-02-03,1.43,5.72,0.0,4.0
2026-02-04,1.459,5.836,0.0,4.0
2026-02-05,1.406,5.624,0.0,4.0
2026-02-06,1.412,5.648,0.0,4.0
2026-02-09,1.439,5.756,0.0,4.0
2026-02-10,1.446,5.784,0.0,4.0
2026-02-11,1.482,5.928,0.0,4.0
2026-02-12,1.501,6.004,0.0,4.0
2026-02-13,1.463,5.852,0.0,4.0
2026-02-24,1.521,6.084,0.0,4.0
2026-02-25,1.548,6.192,0.0,4.0
2026-02-26,1.537,6.148,0.0,4.0
2026-02-27,1.594,6.376,0.0,4.0
2026-03-02,1.651,6.604,0.0,4.0
2026-03-03,1.607,6.428,0.0,4.0
2026-03-04,1.593,6.372,0.0,4.0
2026-03-05,1.581,6.324,0.0,4.0
2026-03-06,1.566,6.264,0.0,4.0
2026-03-09,1.571,6.284,0.0,4.0
2026-03-10,1.556,6.224,0.0,4.0
2026-03-11,1.565,6.26,0.0,4.0
2026-03-12,1.584,6.336,0.0,4.0
2026-03-13,1.551,6.204,0.0,4.0
2026-03-16,1.502,6.008,0.0,4.0
2026-03-17,1.47,5.88,0.0,4.0
2026-03-18,1.47,5.88,0.0,4.0
2026-03-19,1.426,5.704,0.0,4.0
2026-03-20,1.401,5.604,0.0,4.0
2026-03-23,1.36,5.44,0.0,4.0
2026-03-24,1.375,5.5,0.0,4.0
2026-03-25,1.391,5.564,0.0,4.0
2026-03-26,1.375,5.5,0.0,4.0
2026-03-27,1.397,5.588,0.0,4.0
2026-03-30,1.413,5.652,0.0,4.0
2026-03-31,1.384,5.536,0.0,4.0
2026-04-01,1.399,5.596,0.0,4.0
2026-04-02,1.386,5.544,0.0,4.0
2026-04-03,1.369,5.476,0.0,4.0
2026-04-07,1.405,5.62,0.0,4.0
2026-04-08,1.435,5.74,0.0,4.0
2026-04-09,1.434,5.736,0.0,4.0
2026-04-10,1.433,5.732,0.0,4.0
2026-04-13,1.444,5.776,0.0,4.0
2026-04-14,1.445,5.78,0.0,4.0
2026-04-15,1.432,5.728,0.0,4.0
2026-04-16,1.455,5.82,0.0,4.0
2026-04-17,1.45,5.8,0.0,4.0
2026-04-20,1.454,5.816,0.0,4.0
2026-04-21,1.468,5.872,0.0,4.0
2026-04-22,1.474,5.896,0.0,4.0
2026-04-23,1.455,5.82,0.0,4.0
2026-04-24,1.454,5.816,0.0,4.0
2026-04-27,1.443,5.772,0.0,4.0
2026-04-28,1.446,5.784,0.0,4.0
2026-04-29,1.488,5.952,0.0,4.0
2026-04-30,1.475,5.9,0.0,4.0
2026-05-06,1.511,6.044,0.0,4.0
2026-05-07,1.496,5.984,0.0,4.0
2026-05-08,1.494,5.976,0.0,4.0
2026-05-11,1.502,6.008,0.0,4.0
2026-05-12,1.491,5.964,0.0,4.0
2026-05-13,1.494,5.976,0.0,4.0
2026-05-14,1.458,5.832,0.0,4.0
2026-05-15,1.428,5.712,0.0,4.0
2026-05-18,1.421,5.684,0.0,4.0
2026-05-19,1.412,5.648,0.0,4.0
2026-05-20,1.414,5.656,0.0,4.0
2026-05-21,1.38,5.52,0.0,4.0
2026-05-22,1.406,5.624,0.0,4.0
2026-05-25,1.411,5.644,0.0,4.0
2026-05-26,1.434,5.736,0.0,4.0
2026-05-27,1.411,5.644,0.0,4.0
2026-05-28,1.42,5.68,0.0,4.0
2026-05-29,1.4,5.6,0.0,4.0
2026-06-01,1.412,5.648,0.0,4.0
2026-06-02,1.426,5.704,0.0,4.0
2026-06-03,1.447,5.788,0.0,4.0
2026-06-04,1.442,5.768,0.0,4.0
2026-06-05,1.416,5.664,0.0,4.0
2026-06-08,1.37,5.48,0.0,4.0
2026-06-09,1.387,5.548,0.0,4.0
2026-06-10,1.361,5.444,0.0,4.0
2026-06-11,1.383,5.532,0.0,4.0
2026-06-12,1.417,5.668,0.0,4.0
2026-06-15,1.448,5.792,0.0,4.0
2026-06-16,1.449,5.796,0.0,4.0
2026-06-17,1.444,5.776,0.0,4.0
2026-06-18,1.436,5.744,0.0,4.0
2026-06-22,1.495,5.98,0.0,4.0
2026-06-23,1.406,5.624,0.0,4.0
2026-06-24,1.42,5.68,0.0,4.0
2026-06-25,1.405,5.62,0.0,4.0
2026-06-26,1.374,5.496,0.0,4.0
2026-06-29,1.378,5.512,0.0,4.0
2026-06-30,1.365,5.46,0.0,4.0
2026-07-01,1.371,5.484,0.0,4.0
2026-07-02,1.362,5.448,0.0,4.0
2026-07-03,1.377,5.508,0.0,4.0
2026-07-06,1.36,5.44,0.0,4.0
2026-07-07,1.321,5.284,0.0,4.0
2026-07-08,1.303,5.212,0.0,4.0
2026-07-09,1.307,5.228,0.0,4.0
2026-07-10,1.3,5.2,0.0,4.0
2026-07-13,1.258,5.032,0.0,4.0
2026-07-14,1.317,5.268,0.0,4.0
2026-07-15,1.301,5.204,0.0,4.0
2026-07-16,1.277,5.108,0.0,4.0
2026-07-17,1.233,4.932,0.0,4.0
