date,close,total_return_proxy,cumulative_dividend,split_factor
2010-11-01,0.466,0.466,0.0,1.0
2010-11-02,0.466,0.466,0.0,1.0
2010-11-03,0.456,0.456,0.0,1.0
2010-11-04,0.466,0.466,0.0,1.0
2010-11-05,0.469,0.469,0.0,1.0
2010-11-08,0.476,0.476,0.0,1.0
2010-11-09,0.473,0.473,0.0,1.0
2010-11-10,0.466,0.466,0.0,1.0
2010-11-11,0.471,0.471,0.0,1.0
2010-11-12,0.443,0.443,0.0,1.0
2010-11-15,0.442,0.442,0.0,1.0
2010-11-16,0.423,0.423,0.0,1.0
2010-11-17,0.415,0.415,0.0,1.0
2010-11-18,0.42,0.42,0.0,1.0
2010-11-19,0.424,0.424,0.0,1.0
2010-11-22,0.423,0.423,0.0,1.0
2010-11-23,0.412,0.412,0.0,1.0
2010-11-24,0.42,0.42,0.0,1.0
2010-11-25,0.427,0.427,0.0,1.0
2010-11-26,0.423,0.423,0.0,1.0
2010-11-29,0.42,0.42,0.0,1.0
2010-11-30,0.414,0.414,0.0,1.0
2010-12-01,0.415,0.415,0.0,1.0
2010-12-02,0.419,0.419,0.0,1.0
2010-12-03,0.418,0.418,0.0,1.0
2010-12-06,0.419,0.419,0.0,1.0
2010-12-07,0.424,0.424,0.0,1.0
2010-12-08,0.42,0.42,0.0,1.0
2010-12-09,0.414,0.414,0.0,1.0
2010-12-10,0.421,0.421,0.0,1.0
2010-12-13,0.439,0.439,0.0,1.0
2010-12-14,0.44,0.44,0.0,1.0
2010-12-15,0.438,0.438,0.0,1.0
2010-12-16,0.437,0.437,0.0,1.0
2010-12-17,0.436,0.436,0.0,1.0
2010-12-20,0.429,0.429,0.0,1.0
2010-12-21,0.44,0.44,0.0,1.0
2010-12-22,0.438,0.438,0.0,1.0
2010-12-23,0.435,0.435,0.0,1.0
2010-12-24,0.429,0.429,0.0,1.0
2010-12-27,0.42,0.42,0.0,1.0
2010-12-28,0.413,0.413,0.0,1.0
2010-12-29,0.413,0.413,0.0,1.0
2010-12-30,0.414,0.414,0.0,1.0
2010-12-31,0.421,0.421,0.0,1.0
2011-01-04,0.431,0.431,0.0,1.0
2011-01-05,0.431,0.431,0.0,1.0
2011-01-06,0.429,0.429,0.0,1.0
2011-01-07,0.43,0.43,0.0,1.0
2011-01-10,0.427,0.427,0.0,1.0
2011-01-11,0.428,0.428,0.0,1.0
2011-01-12,0.431,0.431,0.0,1.0
2011-01-13,0.43,0.43,0.0,1.0
2011-01-14,0.425,0.425,0.0,1.0
2011-01-17,0.413,0.413,0.0,1.0
2011-01-18,0.409,0.409,0.0,1.0
2011-01-19,0.419,0.419,0.0,1.0
2011-01-20,0.408,0.408,0.0,1.0
2011-01-21,0.415,0.415,0.0,1.0
2011-01-24,0.415,0.415,0.0,1.0
2011-01-25,0.412,0.412,0.0,1.0
2011-01-26,0.418,0.418,0.0,1.0
2011-01-27,0.426,0.426,0.0,1.0
2011-01-28,0.426,0.426,0.0,1.0
2011-01-31,0.433,0.433,0.0,1.0
2011-02-01,0.43,0.43,0.0,1.0
2011-02-09,0.427,0.427,0.0,1.0
2011-02-10,0.433,0.433,0.0,1.0
2011-02-11,0.437,0.437,0.0,1.0
2011-02-14,0.447,0.447,0.0,1.0
2011-02-15,0.446,0.446,0.0,1.0
2011-02-16,0.45,0.45,0.0,1.0
2011-02-17,0.45,0.45,0.0,1.0
2011-02-18,0.445,0.445,0.0,1.0
2011-02-21,0.451,0.451,0.0,1.0
2011-02-22,0.436,0.436,0.0,1.0
2011-02-23,0.438,0.438,0.0,1.0
2011-02-24,0.44,0.44,0.0,1.0
2011-02-25,0.44,0.44,0.0,1.0
2011-02-28,0.445,0.445,0.0,1.0
2011-03-01,0.446,0.446,0.0,1.0
2011-03-02,0.443,0.443,0.0,1.0
2011-03-03,0.444,0.444,0.0,1.0
2011-03-04,0.45,0.45,0.0,1.0
2011-03-07,0.458,0.458,0.0,1.0
2011-03-08,0.458,0.458,0.0,1.0
2011-03-09,0.459,0.459,0.0,1.0
2011-03-10,0.449,0.449,0.0,1.0
2011-03-11,0.447,0.447,0.0,1.0
2011-03-14,0.448,0.448,0.0,1.0
2011-03-15,0.445,0.445,0.0,1.0
2011-03-16,0.451,0.451,0.0,1.0
2011-03-17,0.443,0.443,0.0,1.0
2011-03-18,0.445,0.445,0.0,1.0
2011-03-21,0.442,0.442,0.0,1.0
2011-03-22,0.444,0.444,0.0,1.0
2011-03-23,0.45,0.45,0.0,1.0
2011-03-24,0.448,0.448,0.0,1.0
2011-03-25,0.452,0.452,0.0,1.0
2011-03-28,0.455,0.455,0.0,1.0
2011-03-29,0.453,0.453,0.0,1.0
2011-03-30,0.452,0.452,0.0,1.0
2011-03-31,0.448,0.448,0.0,1.0
2011-04-01,0.453,0.453,0.0,1.0
2011-04-06,0.458,0.458,0.0,1.0
2011-04-07,0.46,0.46,0.0,1.0
2011-04-08,0.466,0.466,0.0,1.0
2011-04-11,0.464,0.464,0.0,1.0
2011-04-12,0.465,0.465,0.0,1.0
2011-04-13,0.469,0.469,0.0,1.0
2011-04-14,0.468,0.468,0.0,1.0
2011-04-15,0.468,0.468,0.0,1.0
2011-04-18,0.466,0.466,0.0,1.0
2011-04-19,0.459,0.459,0.0,1.0
2011-04-20,0.459,0.459,0.0,1.0
2011-04-21,0.465,0.465,0.0,1.0
2011-04-22,0.462,0.462,0.0,1.0
2011-04-25,0.456,0.456,0.0,1.0
2011-04-26,0.45,0.45,0.0,1.0
2011-04-27,0.449,0.449,0.0,1.0
2011-04-28,0.441,0.441,0.0,1.0
2011-04-29,0.447,0.447,0.0,1.0
2011-05-03,0.45,0.45,0.0,1.0
2011-05-04,0.439,0.439,0.0,1.0
2011-05-05,0.439,0.439,0.0,1.0
2011-05-06,0.437,0.437,0.0,1.0
2011-05-09,0.437,0.437,0.0,1.0
2011-05-10,0.439,0.439,0.0,1.0
2011-05-11,0.439,0.439,0.0,1.0
2011-05-12,0.431,0.431,0.0,1.0
2011-05-13,0.435,0.435,0.0,1.0
2011-05-16,0.429,0.429,0.0,1.0
2011-05-17,0.433,0.433,0.0,1.0
2011-05-18,0.435,0.435,0.0,1.0
2011-05-19,0.433,0.433,0.0,1.0
2011-05-20,0.433,0.433,0.0,1.0
2011-05-23,0.42,0.42,0.0,1.0
2011-05-24,0.419,0.419,0.0,1.0
2011-05-25,0.415,0.415,0.0,1.0
2011-05-26,0.414,0.414,0.0,1.0
2011-05-27,0.412,0.412,0.0,1.0
2011-05-30,0.412,0.412,0.0,1.0
2011-05-31,0.419,0.419,0.0,1.0
2011-06-01,0.417,0.417,0.0,1.0
2011-06-02,0.411,0.411,0.0,1.0
2011-06-03,0.416,0.416,0.0,1.0
2011-06-07,0.419,0.419,0.0,1.0
2011-06-08,0.419,0.419,0.0,1.0
2011-06-09,0.413,0.413,0.0,1.0
2011-06-10,0.413,0.413,0.0,1.0
2011-06-13,0.415,0.415,0.0,1.0
2011-06-14,0.418,0.418,0.0,1.0
2011-06-15,0.416,0.416,0.0,1.0
2011-06-16,0.408,0.408,0.0,1.0
2011-06-17,0.406,0.406,0.0,1.0
2011-06-20,0.4,0.4,0.0,1.0
2011-06-21,0.404,0.404,0.0,1.0
2011-06-22,0.403,0.403,0.0,1.0
2011-06-23,0.411,0.411,0.0,1.0
2011-06-24,0.419,0.419,0.0,1.0
2011-06-27,0.421,0.421,0.0,1.0
2011-06-28,0.421,0.421,0.0,1.0
2011-06-29,0.416,0.416,0.0,1.0
2011-06-30,0.421,0.421,0.0,1.0
2011-07-01,0.422,0.422,0.0,1.0
2011-07-04,0.43,0.43,0.0,1.0
2011-07-05,0.43,0.43,0.0,1.0
2011-07-06,0.429,0.429,0.0,1.0
2011-07-07,0.427,0.427,0.0,1.0
2011-07-08,0.425,0.425,0.0,1.0
2011-07-11,0.426,0.426,0.0,1.0
2011-07-12,0.418,0.418,0.0,1.0
2011-07-13,0.423,0.423,0.0,1.0
2011-07-14,0.425,0.425,0.0,1.0
2011-07-15,0.427,0.427,0.0,1.0
2011-07-18,0.427,0.427,0.0,1.0
2011-07-19,0.425,0.425,0.0,1.0
2011-07-20,0.423,0.423,0.0,1.0
2011-07-21,0.419,0.419,0.0,1.0
2011-07-22,0.419,0.419,0.0,1.0
2011-07-25,0.404,0.404,0.0,1.0
2011-07-26,0.405,0.405,0.0,1.0
2011-07-27,0.407,0.407,0.0,1.0
2011-07-28,0.407,0.407,0.0,1.0
2011-07-29,0.402,0.402,0.0,1.0
2011-08-01,0.406,0.406,0.0,1.0
2011-08-02,0.402,0.402,0.0,1.0
2011-08-03,0.403,0.403,0.0,1.0
2011-08-04,0.403,0.403,0.0,1.0
2011-08-05,0.394,0.394,0.0,1.0
2011-08-08,0.379,0.379,0.0,1.0
2011-08-09,0.379,0.379,0.0,1.0
2011-08-10,0.38,0.38,0.0,1.0
2011-08-11,0.381,0.381,0.0,1.0
2011-08-12,0.388,0.388,0.0,1.0
2011-08-15,0.389,0.389,0.0,1.0
2011-08-16,0.387,0.387,0.0,1.0
2011-08-17,0.387,0.387,0.0,1.0
2011-08-18,0.379,0.379,0.0,1.0
2011-08-19,0.376,0.376,0.0,1.0
2011-08-22,0.372,0.372,0.0,1.0
2011-08-23,0.378,0.378,0.0,1.0
2011-08-24,0.376,0.376,0.0,1.0
2011-08-25,0.389,0.389,0.0,1.0
2011-08-26,0.39,0.39,0.0,1.0
2011-08-29,0.383,0.383,0.0,1.0
2011-08-30,0.382,0.382,0.0,1.0
2011-08-31,0.381,0.381,0.0,1.0
2011-09-01,0.382,0.382,0.0,1.0
2011-09-02,0.378,0.378,0.0,1.0
2011-09-05,0.37,0.37,0.0,1.0
2011-09-06,0.368,0.368,0.0,1.0
2011-09-07,0.373,0.373,0.0,1.0
2011-09-08,0.371,0.371,0.0,1.0
2011-09-09,0.373,0.373,0.0,1.0
2011-09-13,0.369,0.369,0.0,1.0
2011-09-14,0.372,0.372,0.0,1.0
2011-09-15,0.373,0.373,0.0,1.0
2011-09-16,0.372,0.372,0.0,1.0
2011-09-19,0.365,0.365,0.0,1.0
2011-09-20,0.367,0.367,0.0,1.0
2011-09-21,0.378,0.378,0.0,1.0
2011-09-22,0.368,0.368,0.0,1.0
2011-09-23,0.367,0.367,0.0,1.0
2011-09-26,0.361,0.361,0.0,1.0
2011-09-27,0.363,0.363,0.0,1.0
2011-09-28,0.362,0.362,0.0,1.0
2011-09-29,0.357,0.357,0.0,1.0
2011-09-30,0.357,0.357,0.0,1.0
2011-10-10,0.354,0.354,0.0,1.0
2011-10-11,0.352,0.352,0.0,1.0
2011-10-12,0.366,0.366,0.0,1.0
2011-10-13,0.369,0.369,0.0,1.0
2011-10-14,0.369,0.369,0.0,1.0
2011-10-17,0.367,0.367,0.0,1.0
2011-10-18,0.358,0.358,0.0,1.0
2011-10-19,0.358,0.358,0.0,1.0
2011-10-20,0.351,0.351,0.0,1.0
2011-10-21,0.349,0.349,0.0,1.0
2011-10-24,0.357,0.357,0.0,1.0
2011-10-25,0.365,0.365,0.0,1.0
2011-10-26,0.369,0.369,0.0,1.0
2011-10-27,0.368,0.368,0.0,1.0
2011-10-28,0.376,0.376,0.0,1.0
2011-10-31,0.375,0.375,0.0,1.0
2011-11-01,0.375,0.375,0.0,1.0
2011-11-02,0.381,0.381,0.0,1.0
2011-11-03,0.381,0.381,0.0,1.0
2011-11-04,0.384,0.384,0.0,1.0
2011-11-07,0.381,0.381,0.0,1.0
2011-11-08,0.378,0.378,0.0,1.0
2011-11-09,0.38,0.38,0.0,1.0
2011-11-10,0.374,0.374,0.0,1.0
2011-11-11,0.372,0.372,0.0,1.0
2011-11-14,0.38,0.38,0.0,1.0
2011-11-15,0.379,0.379,0.0,1.0
2011-11-16,0.369,0.369,0.0,1.0
2011-11-17,0.368,0.368,0.0,1.0
2011-11-18,0.362,0.362,0.0,1.0
2011-11-21,0.363,0.363,0.0,1.0
2011-11-22,0.361,0.361,0.0,1.0
2011-11-23,0.356,0.356,0.0,1.0
2011-11-24,0.357,0.357,0.0,1.0
2011-11-25,0.355,0.355,0.0,1.0
2011-11-28,0.355,0.355,0.0,1.0
2011-11-29,0.359,0.359,0.0,1.0
2011-11-30,0.347,0.347,0.0,1.0
2011-12-01,0.356,0.356,0.0,1.0
2011-12-02,0.351,0.351,0.0,1.0
2011-12-05,0.346,0.346,0.0,1.0
2011-12-06,0.345,0.345,0.0,1.0
2011-12-07,0.346,0.346,0.0,1.0
2011-12-08,0.345,0.345,0.0,1.0
2011-12-09,0.345,0.345,0.0,1.0
2011-12-12,0.342,0.342,0.0,1.0
2011-12-13,0.334,0.334,0.0,1.0
2011-12-14,0.331,0.331,0.0,1.0
2011-12-15,0.324,0.324,0.0,1.0
2011-12-16,0.328,0.328,0.0,1.0
2011-12-19,0.327,0.327,0.0,1.0
2011-12-20,0.327,0.327,0.0,1.0
2011-12-21,0.324,0.324,0.0,1.0
2011-12-22,0.324,0.324,0.0,1.0
2011-12-23,0.327,0.327,0.0,1.0
2011-12-26,0.325,0.325,0.0,1.0
2011-12-27,0.322,0.322,0.0,1.0
2011-12-28,0.323,0.323,0.0,1.0
2011-12-29,0.323,0.323,0.0,1.0
2011-12-30,0.326,0.326,0.0,1.0
2012-01-04,0.322,0.322,0.0,1.0
2012-01-05,0.318,0.318,0.0,1.0
2012-01-06,0.321,0.321,0.0,1.0
2012-01-09,0.33,0.33,0.0,1.0
2012-01-10,0.346,0.346,0.0,1.0
2012-01-11,0.342,0.342,0.0,1.0
2012-01-12,0.339,0.339,0.0,1.0
2012-01-13,0.333,0.333,0.0,1.0
2012-01-16,0.329,0.329,0.0,1.0
2012-01-17,0.345,0.345,0.0,1.0
2012-01-18,0.342,0.342,0.0,1.0
2012-01-19,0.346,0.346,0.0,1.0
2012-01-20,0.35,0.35,0.0,1.0
2012-01-30,0.345,0.345,0.0,1.0
2012-01-31,0.343,0.343,0.0,1.0
2012-02-01,0.339,0.339,0.0,1.0
2012-02-02,0.344,0.344,0.0,1.0
2012-02-03,0.346,0.346,0.0,1.0
2012-02-06,0.346,0.346,0.0,1.0
2012-02-07,0.339,0.339,0.0,1.0
2012-02-08,0.349,0.349,0.0,1.0
2012-02-09,0.348,0.348,0.0,1.0
2012-02-10,0.349,0.349,0.0,1.0
2012-02-13,0.35,0.35,0.0,1.0
2012-02-14,0.348,0.348,0.0,1.0
2012-02-15,0.354,0.354,0.0,1.0
2012-02-16,0.353,0.353,0.0,1.0
2012-02-17,0.353,0.353,0.0,1.0
2012-02-20,0.351,0.351,0.0,1.0
2012-02-21,0.354,0.354,0.0,1.0
2012-02-22,0.358,0.358,0.0,1.0
2012-02-23,0.36,0.36,0.0,1.0
2012-02-24,0.368,0.368,0.0,1.0
2012-02-27,0.369,0.369,0.0,1.0
2012-02-28,0.369,0.369,0.0,1.0
2012-02-29,0.365,0.365,0.0,1.0
2012-03-01,0.366,0.366,0.0,1.0
2012-03-02,0.373,0.373,0.0,1.0
2012-03-05,0.368,0.368,0.0,1.0
2012-03-06,0.363,0.363,0.0,1.0
2012-03-07,0.361,0.361,0.0,1.0
2012-03-08,0.365,0.365,0.0,1.0
2012-03-09,0.369,0.369,0.0,1.0
2012-03-12,0.366,0.366,0.0,1.0
2012-03-13,0.369,0.369,0.0,1.0
2012-03-14,0.356,0.356,0.0,1.0
2012-03-15,0.354,0.354,0.0,1.0
2012-03-16,0.359,0.359,0.0,1.0
2012-03-19,0.36,0.36,0.0,1.0
2012-03-20,0.356,0.356,0.0,1.0
2012-03-21,0.357,0.357,0.0,1.0
2012-03-22,0.357,0.357,0.0,1.0
2012-03-23,0.35,0.35,0.0,1.0
2012-03-26,0.35,0.35,0.0,1.0
2012-03-27,0.35,0.35,0.0,1.0
2012-03-28,0.34,0.34,0.0,1.0
2012-03-29,0.334,0.334,0.0,1.0
2012-03-30,0.336,0.336,0.0,1.0
2012-04-05,0.345,0.345,0.0,1.0
2012-04-06,0.344,0.344,0.0,1.0
2012-04-09,0.343,0.343,0.0,1.0
2012-04-10,0.344,0.344,0.0,1.0
2012-04-11,0.345,0.345,0.0,1.0
2012-04-12,0.351,0.351,0.0,1.0
2012-04-13,0.353,0.353,0.0,1.0
2012-04-16,0.35,0.35,0.0,1.0
2012-04-17,0.347,0.347,0.0,1.0
2012-04-18,0.353,0.353,0.0,1.0
2012-04-19,0.355,0.355,0.0,1.0
2012-04-20,0.359,0.359,0.0,1.0
2012-04-23,0.358,0.358,0.0,1.0
2012-04-24,0.356,0.356,0.0,1.0
2012-04-25,0.359,0.359,0.0,1.0
2012-04-26,0.358,0.358,0.0,1.0
2012-04-27,0.358,0.358,0.0,1.0
2012-05-02,0.365,0.365,0.0,1.0
2012-05-03,0.366,0.366,0.0,1.0
2012-05-04,0.368,0.368,0.0,1.0
2012-05-07,0.366,0.366,0.0,1.0
2012-05-08,0.368,0.368,0.0,1.0
2012-05-09,0.361,0.361,0.0,1.0
2012-05-10,0.36,0.36,0.0,1.0
2012-05-11,0.359,0.359,0.0,1.0
2012-05-14,0.356,0.356,0.0,1.0
2012-05-15,0.353,0.353,0.0,1.0
2012-05-16,0.348,0.348,0.0,1.0
2012-05-17,0.355,0.355,0.0,1.0
2012-05-18,0.352,0.352,0.0,1.0
2012-05-21,0.352,0.352,0.0,1.0
2012-05-22,0.356,0.356,0.0,1.0
2012-05-23,0.355,0.355,0.0,1.0
2012-05-24,0.355,0.355,0.0,1.0
2012-05-25,0.352,0.352,0.0,1.0
2012-05-28,0.358,0.358,0.0,1.0
2012-05-29,0.361,0.361,0.0,1.0
2012-05-30,0.361,0.361,0.0,1.0
2012-05-31,0.359,0.359,0.0,1.0
2012-06-01,0.36,0.36,0.0,1.0
2012-06-04,0.348,0.348,0.0,1.0
2012-06-05,0.348,0.348,0.0,1.0
2012-06-06,0.347,0.347,0.0,1.0
2012-06-07,0.346,0.346,0.0,1.0
2012-06-08,0.347,0.347,0.0,1.0
2012-06-11,0.351,0.351,0.0,1.0
2012-06-12,0.347,0.347,0.0,1.0
2012-06-13,0.352,0.352,0.0,1.0
2012-06-14,0.349,0.349,0.0,1.0
2012-06-15,0.35,0.35,0.0,1.0
2012-06-18,0.351,0.351,0.0,1.0
2012-06-19,0.349,0.349,0.0,1.0
2012-06-20,0.346,0.346,0.0,1.0
2012-06-21,0.342,0.342,0.0,1.0
2012-06-25,0.334,0.334,0.0,1.0
2012-06-26,0.335,0.335,0.0,1.0
2012-06-27,0.333,0.333,0.0,1.0
2012-06-28,0.33,0.33,0.0,1.0
2012-06-29,0.332,0.332,0.0,1.0
2012-07-02,0.333,0.333,0.0,1.0
2012-07-03,0.333,0.333,0.0,1.0
2012-07-04,0.333,0.333,0.0,1.0
2012-07-05,0.329,0.329,0.0,1.0
2012-07-06,0.333,0.333,0.0,1.0
2012-07-09,0.326,0.326,0.0,1.0
2012-07-10,0.325,0.325,0.0,1.0
2012-07-11,0.326,0.326,0.0,1.0
2012-07-12,0.328,0.328,0.0,1.0
2012-07-13,0.329,0.329,0.0,1.0
2012-07-16,0.323,0.323,0.0,1.0
2012-07-17,0.324,0.324,0.0,1.0
2012-07-18,0.326,0.326,0.0,1.0
2012-07-19,0.328,0.328,0.0,1.0
2012-07-20,0.327,0.327,0.0,1.0
2012-07-23,0.322,0.322,0.0,1.0
2012-07-24,0.324,0.324,0.0,1.0
2012-07-25,0.322,0.322,0.0,1.0
2012-07-26,0.321,0.321,0.0,1.0
2012-07-27,0.321,0.321,0.0,1.0
2012-07-30,0.318,0.318,0.0,1.0
2012-07-31,0.318,0.318,0.0,1.0
2012-08-01,0.32,0.32,0.0,1.0
2012-08-02,0.318,0.318,0.0,1.0
2012-08-03,0.32,0.32,0.0,1.0
2012-08-06,0.323,0.323,0.0,1.0
2012-08-07,0.324,0.324,0.0,1.0
2012-08-08,0.325,0.325,0.0,1.0
2012-08-09,0.326,0.326,0.0,1.0
2012-08-10,0.325,0.325,0.0,1.0
2012-08-13,0.32,0.32,0.0,1.0
2012-08-14,0.32,0.32,0.0,1.0
2012-08-15,0.317,0.317,0.0,1.0
2012-08-16,0.315,0.315,0.0,1.0
2012-08-17,0.315,0.315,0.0,1.0
2012-08-20,0.315,0.315,0.0,1.0
2012-08-21,0.316,0.316,0.0,1.0
2012-08-22,0.314,0.314,0.0,1.0
2012-08-23,0.316,0.316,0.0,1.0
2012-08-24,0.313,0.313,0.0,1.0
2012-08-27,0.306,0.306,0.0,1.0
2012-08-28,0.308,0.308,0.0,1.0
2012-08-29,0.306,0.306,0.0,1.0
2012-08-30,0.305,0.305,0.0,1.0
2012-08-31,0.304,0.304,0.0,1.0
2012-09-03,0.308,0.308,0.0,1.0
2012-09-04,0.303,0.303,0.0,1.0
2012-09-05,0.303,0.303,0.0,1.0
2012-09-06,0.305,0.305,0.0,1.0
2012-09-07,0.317,0.317,0.0,1.0
2012-09-10,0.318,0.318,0.0,1.0
2012-09-11,0.316,0.316,0.0,1.0
2012-09-12,0.317,0.317,0.0,1.0
2012-09-13,0.315,0.315,0.0,1.0
2012-09-14,0.317,0.317,0.0,1.0
2012-09-17,0.31,0.31,0.0,1.0
2012-09-18,0.307,0.307,0.0,1.0
2012-09-19,0.307,0.307,0.0,1.0
2012-09-20,0.302,0.302,0.0,1.0
2012-09-21,0.303,0.303,0.0,1.0
2012-09-24,0.304,0.304,0.0,1.0
2012-09-25,0.305,0.305,0.0,1.0
2012-09-26,0.298,0.298,0.0,1.0
2012-09-27,0.308,0.308,0.0,1.0
2012-09-28,0.315,0.315,0.0,1.0
2012-10-08,0.311,0.311,0.0,1.0
2012-10-09,0.318,0.318,0.0,1.0
2012-10-10,0.317,0.317,0.0,1.0
2012-10-11,0.312,0.312,0.0,1.0
2012-10-12,0.315,0.315,0.0,1.0
2012-10-15,0.314,0.314,0.0,1.0
2012-10-16,0.313,0.313,0.0,1.0
2012-10-17,0.313,0.313,0.0,1.0
2012-10-18,0.318,0.318,0.0,1.0
2012-10-19,0.318,0.318,0.0,1.0
2012-10-22,0.318,0.318,0.0,1.0
2012-10-23,0.316,0.316,0.0,1.0
2012-10-24,0.316,0.316,0.0,1.0
2012-10-25,0.316,0.316,0.0,1.0
2012-10-26,0.313,0.313,0.0,1.0
2012-10-29,0.308,0.308,0.0,1.0
2012-10-30,0.309,0.309,0.0,1.0
2012-10-31,0.31,0.31,0.0,1.0
2012-11-01,0.315,0.315,0.0,1.0
2012-11-02,0.316,0.316,0.0,1.0
2012-11-05,0.317,0.317,0.0,1.0
2012-11-06,0.316,0.316,0.0,1.0
2012-11-07,0.315,0.315,0.0,1.0
2012-11-08,0.31,0.31,0.0,1.0
2012-11-09,0.307,0.307,0.0,1.0
2012-11-12,0.31,0.31,0.0,1.0
2012-11-13,0.307,0.307,0.0,1.0
2012-11-14,0.308,0.308,0.0,1.0
2012-11-15,0.303,0.303,0.0,1.0
2012-11-16,0.301,0.301,0.0,1.0
2012-11-19,0.301,0.301,0.0,1.0
2012-11-20,0.3,0.3,0.0,1.0
2012-11-21,0.3,0.3,0.0,1.0
2012-11-22,0.303,0.303,0.0,1.0
2012-11-23,0.305,0.305,0.0,1.0
2012-11-26,0.303,0.303,0.0,1.0
2012-11-27,0.302,0.302,0.0,1.0
2012-11-28,0.297,0.297,0.0,1.0
2012-11-29,0.296,0.296,0.0,1.0
2012-11-30,0.299,0.299,0.0,1.0
2012-12-03,0.296,0.296,0.0,1.0
2012-12-04,0.3,0.3,0.0,1.0
2012-12-05,0.31,0.31,0.0,1.0
2012-12-06,0.307,0.307,0.0,1.0
2012-12-07,0.313,0.313,0.0,1.0
2012-12-10,0.315,0.315,0.0,1.0
2012-12-11,0.313,0.313,0.0,1.0
2012-12-12,0.316,0.316,0.0,1.0
2012-12-13,0.313,0.313,0.0,1.0
2012-12-14,0.327,0.327,0.0,1.0
2012-12-17,0.328,0.328,0.0,1.0
2012-12-18,0.327,0.327,0.0,1.0
2012-12-19,0.328,0.328,0.0,1.0
2012-12-20,0.33,0.33,0.0,1.0
2012-12-21,0.327,0.327,0.0,1.0
2012-12-24,0.329,0.329,0.0,1.0
2012-12-25,0.334,0.334,0.0,1.0
2012-12-26,0.337,0.337,0.0,1.0
2012-12-27,0.336,0.336,0.0,1.0
2012-12-28,0.338,0.338,0.0,1.0
2012-12-31,0.346,0.346,0.0,1.0
2013-01-04,0.345,0.345,0.0,1.0
2013-01-07,0.346,0.346,0.0,1.0
2013-01-08,0.344,0.344,0.0,1.0
2013-01-09,0.342,0.342,0.0,1.0
2013-01-10,0.345,0.345,0.0,1.0
2013-01-11,0.337,0.337,0.0,1.0
2013-01-14,0.35,0.35,0.0,1.0
2013-01-15,0.35,0.35,0.0,1.0
2013-01-16,0.347,0.347,0.0,1.0
2013-01-17,0.343,0.343,0.0,1.0
2013-01-18,0.349,0.349,0.0,1.0
2013-01-21,0.351,0.351,0.0,1.0
2013-01-22,0.348,0.348,0.0,1.0
2013-01-23,0.348,0.348,0.0,1.0
2013-01-24,0.344,0.344,0.0,1.0
2013-01-25,0.345,0.345,0.0,1.0
2013-01-28,0.353,0.353,0.0,1.0
2013-01-29,0.356,0.356,0.0,1.0
2013-01-30,0.356,0.356,0.0,1.0
2013-01-31,0.357,0.357,0.0,1.0
2013-02-01,0.361,0.361,0.0,1.0
2013-02-04,0.366,0.366,0.0,1.0
2013-02-05,0.368,0.368,0.0,1.0
2013-02-06,0.368,0.368,0.0,1.0
2013-02-07,0.366,0.366,0.0,1.0
2013-02-08,0.372,0.372,0.0,1.0
2013-02-18,0.368,0.368,0.0,1.0
2013-02-19,0.359,0.359,0.0,1.0
2013-02-20,0.36,0.36,0.0,1.0
2013-02-21,0.35,0.35,0.0,1.0
2013-02-22,0.349,0.349,0.0,1.0
2013-02-25,0.349,0.349,0.0,1.0
2013-02-26,0.342,0.342,0.0,1.0
2013-02-27,0.344,0.344,0.0,1.0
2013-02-28,0.353,0.353,0.0,1.0
2013-03-01,0.352,0.352,0.0,1.0
2013-03-04,0.339,0.339,0.0,1.0
2013-03-05,0.345,0.345,0.0,1.0
2013-03-06,0.35,0.35,0.0,1.0
2013-03-07,0.347,0.347,0.0,1.0
2013-03-08,0.344,0.344,0.0,1.0
2013-03-11,0.343,0.343,0.0,1.0
2013-03-12,0.339,0.339,0.0,1.0
2013-03-13,0.336,0.336,0.0,1.0
2013-03-14,0.336,0.336,0.0,1.0
2013-03-15,0.337,0.337,0.0,1.0
2013-03-18,0.333,0.333,0.0,1.0
2013-03-19,0.335,0.335,0.0,1.0
2013-03-20,0.344,0.344,0.0,1.0
2013-03-21,0.345,0.345,0.0,1.0
2013-03-22,0.345,0.345,0.0,1.0
2013-03-25,0.345,0.345,0.0,1.0
2013-03-26,0.342,0.342,0.0,1.0
2013-03-27,0.343,0.343,0.0,1.0
2013-03-28,0.334,0.334,0.0,1.0
2013-03-29,0.335,0.335,0.0,1.0
2013-04-01,0.334,0.334,0.0,1.0
2013-04-02,0.332,0.332,0.0,1.0
2013-04-03,0.334,0.334,0.0,1.0
2013-04-08,0.331,0.331,0.0,1.0
2013-04-09,0.333,0.333,0.0,1.0
2013-04-10,0.333,0.333,0.0,1.0
2013-04-11,0.332,0.332,0.0,1.0
2013-04-12,0.33,0.33,0.0,1.0
2013-04-15,0.325,0.325,0.0,1.0
2013-04-16,0.327,0.327,0.0,1.0
2013-04-17,0.326,0.326,0.0,1.0
2013-04-18,0.328,0.328,0.0,1.0
2013-04-19,0.335,0.335,0.0,1.0
2013-04-22,0.334,0.334,0.0,1.0
2013-04-23,0.326,0.326,0.0,1.0
2013-04-24,0.331,0.331,0.0,1.0
2013-04-25,0.329,0.329,0.0,1.0
2013-04-26,0.329,0.329,0.0,1.0
2013-05-02,0.326,0.326,0.0,1.0
2013-05-03,0.333,0.333,0.0,1.0
2013-05-06,0.337,0.337,0.0,1.0
2013-05-07,0.337,0.337,0.0,1.0
2013-05-08,0.338,0.338,0.0,1.0
2013-05-09,0.335,0.335,0.0,1.0
2013-05-10,0.335,0.335,0.0,1.0
2013-05-13,0.335,0.335,0.0,1.0
2013-05-14,0.331,0.331,0.0,1.0
2013-05-15,0.332,0.332,0.0,1.0
2013-05-16,0.336,0.336,0.0,1.0
2013-05-17,0.342,0.342,0.0,1.0
2013-05-20,0.344,0.344,0.0,1.0
2013-05-21,0.343,0.343,0.0,1.0
2013-05-22,0.34,0.34,0.0,1.0
2013-05-23,0.339,0.339,0.0,1.0
2013-05-24,0.339,0.339,0.0,1.0
2013-05-27,0.339,0.339,0.0,1.0
2013-05-28,0.346,0.346,0.0,1.0
2013-05-29,0.344,0.344,0.0,1.0
2013-05-30,0.343,0.343,0.0,1.0
2013-05-31,0.342,0.342,0.0,1.0
2013-06-03,0.34,0.34,0.0,1.0
2013-06-04,0.336,0.336,0.0,1.0
2013-06-05,0.335,0.335,0.0,1.0
2013-06-06,0.332,0.332,0.0,1.0
2013-06-07,0.327,0.327,0.0,1.0
2013-06-13,0.315,0.315,0.0,1.0
2013-06-14,0.319,0.319,0.0,1.0
2013-06-17,0.316,0.316,0.0,1.0
2013-06-18,0.317,0.317,0.0,1.0
2013-06-19,0.315,0.315,0.0,1.0
2013-06-20,0.306,0.306,0.0,1.0
2013-06-21,0.305,0.305,0.0,1.0
2013-06-24,0.288,0.288,0.0,1.0
2013-06-25,0.286,0.286,0.0,1.0
2013-06-26,0.284,0.284,0.0,1.0
2013-06-27,0.284,0.284,0.0,1.0
2013-06-28,0.289,0.289,0.0,1.0
2013-07-01,0.291,0.291,0.0,1.0
2013-07-02,0.29,0.29,0.0,1.0
2013-07-03,0.285,0.285,0.0,1.0
2013-07-04,0.29,0.29,0.0,1.0
2013-07-05,0.292,0.292,0.0,1.0
2013-07-08,0.282,0.282,0.0,1.0
2013-07-09,0.281,0.281,0.0,1.0
2013-07-10,0.292,0.292,0.0,1.0
2013-07-11,0.303,0.303,0.0,1.0
2013-07-12,0.3,0.3,0.0,1.0
2013-07-15,0.303,0.303,0.0,1.0
2013-07-16,0.301,0.301,0.0,1.0
2013-07-17,0.3,0.3,0.0,1.0
2013-07-18,0.295,0.295,0.0,1.0
2013-07-19,0.29,0.29,0.0,1.0
2013-07-22,0.29,0.29,0.0,1.0
2013-07-23,0.299,0.299,0.0,1.0
2013-07-24,0.299,0.299,0.0,1.0
2013-07-25,0.298,0.298,0.0,1.0
2013-07-26,0.294,0.294,0.0,1.0
2013-07-29,0.291,0.291,0.0,1.0
2013-07-30,0.293,0.293,0.0,1.0
2013-07-31,0.294,0.294,0.0,1.0
2013-08-01,0.301,0.301,0.0,1.0
2013-08-02,0.301,0.301,0.0,1.0
2013-08-05,0.303,0.303,0.0,1.0
2013-08-06,0.303,0.303,0.0,1.0
2013-08-07,0.304,0.304,0.0,1.0
2013-08-08,0.305,0.305,0.0,1.0
2013-08-09,0.306,0.306,0.0,1.0
2013-08-12,0.314,0.314,0.0,1.0
2013-08-13,0.313,0.313,0.0,1.0
2013-08-14,0.312,0.312,0.0,1.0
2013-08-15,0.311,0.311,0.0,1.0
2013-08-16,0.311,0.311,0.0,1.0
2013-08-19,0.311,0.311,0.0,1.0
2013-08-20,0.307,0.307,0.0,1.0
2013-08-21,0.306,0.306,0.0,1.0
2013-08-22,0.305,0.305,0.0,1.0
2013-08-23,0.304,0.304,0.0,1.0
2013-08-26,0.309,0.309,0.0,1.0
2013-08-27,0.309,0.309,0.0,1.0
2013-08-28,0.309,0.309,0.0,1.0
2013-08-29,0.309,0.309,0.0,1.0
2013-08-30,0.31,0.31,0.0,1.0
2013-09-02,0.311,0.311,0.0,1.0
2013-09-03,0.315,0.315,0.0,1.0
2013-09-04,0.315,0.315,0.0,1.0
2013-09-05,0.313,0.313,0.0,1.0
2013-09-06,0.314,0.314,0.0,1.0
2013-09-09,0.322,0.322,0.0,1.0
2013-09-10,0.329,0.329,0.0,1.0
2013-09-11,0.33,0.33,0.0,1.0
2013-09-12,0.333,0.333,0.0,1.0
2013-09-13,0.329,0.329,0.0,1.0
2013-09-16,0.328,0.328,0.0,1.0
2013-09-17,0.32,0.32,0.0,1.0
2013-09-18,0.323,0.323,0.0,1.0
2013-09-23,0.328,0.328,0.0,1.0
2013-09-24,0.324,0.324,0.0,1.0
2013-09-25,0.321,0.321,0.0,1.0
2013-09-26,0.316,0.316,0.0,1.0
2013-09-27,0.318,0.318,0.0,1.0
2013-09-30,0.32,0.32,0.0,1.0
2013-10-08,0.326,0.326,0.0,1.0
2013-10-09,0.325,0.325,0.0,1.0
2013-10-10,0.323,0.323,0.0,1.0
2013-10-11,0.329,0.329,0.0,1.0
2013-10-14,0.329,0.329,0.0,1.0
2013-10-15,0.33,0.33,0.0,1.0
2013-10-16,0.325,0.325,0.0,1.0
2013-10-17,0.323,0.323,0.0,1.0
2013-10-18,0.326,0.326,0.0,1.0
2013-10-21,0.332,0.332,0.0,1.0
2013-10-22,0.329,0.329,0.0,1.0
2013-10-23,0.326,0.326,0.0,1.0
2013-10-24,0.322,0.322,0.0,1.0
2013-10-25,0.318,0.318,0.0,1.0
2013-10-28,0.318,0.318,0.0,1.0
2013-10-29,0.318,0.318,0.0,1.0
2013-10-30,0.324,0.324,0.0,1.0
2013-10-31,0.319,0.319,0.0,1.0
2013-11-01,0.321,0.321,0.0,1.0
2013-11-04,0.32,0.32,0.0,1.0
2013-11-05,0.321,0.321,0.0,1.0
2013-11-06,0.317,0.317,0.0,1.0
2013-11-07,0.314,0.314,0.0,1.0
2013-11-08,0.31,0.31,0.0,1.0
2013-11-11,0.312,0.312,0.0,1.0
2013-11-12,0.314,0.314,0.0,1.0
2013-11-13,0.307,0.307,0.0,1.0
2013-11-14,0.311,0.311,0.0,1.0
2013-11-15,0.317,0.317,0.0,1.0
2013-11-18,0.325,0.325,0.0,1.0
2013-11-19,0.323,0.323,0.0,1.0
2013-11-20,0.324,0.324,0.0,1.0
2013-11-21,0.323,0.323,0.0,1.0
2013-11-22,0.321,0.321,0.0,1.0
2013-11-25,0.32,0.32,0.0,1.0
2013-11-26,0.321,0.321,0.0,1.0
2013-11-27,0.324,0.324,0.0,1.0
2013-11-28,0.328,0.328,0.0,1.0
2013-11-29,0.328,0.328,0.0,1.0
2013-12-02,0.325,0.325,0.0,1.0
2013-12-03,0.33,0.33,0.0,1.0
2013-12-04,0.336,0.336,0.0,1.0
2013-12-05,0.335,0.335,0.0,1.0
2013-12-06,0.331,0.331,0.0,1.0
2013-12-09,0.332,0.332,0.0,1.0
2013-12-10,0.332,0.332,0.0,1.0
2013-12-11,0.326,0.326,0.0,1.0
2013-12-12,0.327,0.327,0.0,1.0
2013-12-13,0.326,0.326,0.0,1.0
2013-12-16,0.32,0.32,0.0,1.0
2013-12-17,0.318,0.318,0.0,1.0
2013-12-18,0.318,0.318,0.0,1.0
2013-12-19,0.314,0.314,0.0,1.0
2013-12-20,0.307,0.307,0.0,1.0
2013-12-23,0.307,0.307,0.0,1.0
2013-12-24,0.307,0.307,0.0,1.0
2013-12-25,0.308,0.308,0.0,1.0
2013-12-26,0.304,0.304,0.0,1.0
2013-12-27,0.308,0.308,0.0,1.0
2013-12-30,0.306,0.306,0.0,1.0
2013-12-31,0.309,0.309,0.0,1.0
2014-01-02,0.309,0.309,0.0,1.0
2014-01-03,0.304,0.304,0.0,1.0
2014-01-06,0.295,0.295,0.0,1.0
2014-01-07,0.293,0.293,0.0,1.0
2014-01-08,0.291,0.291,0.0,1.0
2014-01-09,0.29,0.29,0.0,1.0
2014-01-10,0.288,0.288,0.0,1.0
2014-01-13,0.289,0.289,0.0,1.0
2014-01-14,0.29,0.29,0.0,1.0
2014-01-15,0.29,0.29,0.0,1.0
2014-01-16,0.29,0.29,0.0,1.0
2014-01-17,0.285,0.285,0.0,1.0
2014-01-20,0.284,0.284,0.0,1.0
2014-01-21,0.287,0.287,0.0,1.0
2014-01-22,0.294,0.294,0.0,1.0
2014-01-23,0.292,0.292,0.0,1.0
2014-01-24,0.295,0.295,0.0,1.0
2014-01-27,0.29,0.29,0.0,1.0
2014-01-28,0.291,0.291,0.0,1.0
2014-01-29,0.293,0.293,0.0,1.0
2014-01-30,0.29,0.29,0.0,1.0
2014-02-07,0.289,0.289,0.0,1.0
2014-02-10,0.296,0.296,0.0,1.0
2014-02-11,0.299,0.299,0.0,1.0
2014-02-12,0.299,0.299,0.0,1.0
2014-02-13,0.297,0.297,0.0,1.0
2014-02-14,0.299,0.299,0.0,1.0
2014-02-17,0.301,0.301,0.0,1.0
2014-02-18,0.298,0.298,0.0,1.0
2014-02-19,0.301,0.301,0.0,1.0
2014-02-20,0.3,0.3,0.0,1.0
2014-02-21,0.297,0.297,0.0,1.0
2014-02-24,0.289,0.289,0.0,1.0
2014-02-25,0.283,0.283,0.0,1.0
2014-02-26,0.284,0.284,0.0,1.0
2014-02-27,0.283,0.283,0.0,1.0
2014-02-28,0.285,0.285,0.0,1.0
2014-03-03,0.289,0.289,0.0,1.0
2014-03-04,0.289,0.289,0.0,1.0
2014-03-05,0.287,0.287,0.0,1.0
2014-03-06,0.287,0.287,0.0,1.0
2014-03-07,0.286,0.286,0.0,1.0
2014-03-10,0.277,0.277,0.0,1.0
2014-03-11,0.278,0.278,0.0,1.0
2014-03-12,0.279,0.279,0.0,1.0
2014-03-13,0.28,0.28,0.0,1.0
2014-03-14,0.279,0.279,0.0,1.0
2014-03-17,0.281,0.281,0.0,1.0
2014-03-18,0.282,0.282,0.0,1.0
2014-03-19,0.281,0.281,0.0,1.0
2014-03-20,0.277,0.277,0.0,1.0
2014-03-21,0.285,0.285,0.0,1.0
2014-03-24,0.289,0.289,0.0,1.0
2014-03-25,0.289,0.289,0.0,1.0
2014-03-26,0.289,0.289,0.0,1.0
2014-03-27,0.286,0.286,0.0,1.0
2014-03-28,0.287,0.287,0.0,1.0
2014-03-31,0.287,0.287,0.0,1.0
2014-04-01,0.288,0.288,0.0,1.0
2014-04-02,0.292,0.292,0.0,1.0
2014-04-03,0.289,0.289,0.0,1.0
2014-04-04,0.291,0.291,0.0,1.0
2014-04-08,0.296,0.296,0.0,1.0
2014-04-09,0.297,0.297,0.0,1.0
2014-04-10,0.303,0.303,0.0,1.0
2014-04-11,0.3,0.3,0.0,1.0
2014-04-14,0.3,0.3,0.0,1.0
2014-04-15,0.296,0.296,0.0,1.0
2014-04-16,0.296,0.296,0.0,1.0
2014-04-17,0.294,0.294,0.0,1.0
2014-04-18,0.293,0.293,0.0,1.0
2014-04-21,0.288,0.288,0.0,1.0
2014-04-22,0.29,0.29,0.0,1.0
2014-04-23,0.288,0.288,0.0,1.0
2014-04-24,0.289,0.289,0.0,1.0
2014-04-25,0.287,0.287,0.0,1.0
2014-04-28,0.283,0.283,0.0,1.0
2014-04-29,0.285,0.285,0.0,1.0
2014-04-30,0.286,0.286,0.0,1.0
2014-05-05,0.286,0.286,0.0,1.0
2014-05-06,0.286,0.286,0.0,1.0
2014-05-07,0.284,0.284,0.0,1.0
2014-05-08,0.285,0.285,0.0,1.0
2014-05-09,0.285,0.285,0.0,1.0
2014-05-12,0.291,0.291,0.0,1.0
2014-05-13,0.292,0.292,0.0,1.0
2014-05-14,0.292,0.292,0.0,1.0
2014-05-15,0.287,0.287,0.0,1.0
2014-05-16,0.287,0.287,0.0,1.0
2014-05-19,0.285,0.285,0.0,1.0
2014-05-20,0.285,0.285,0.0,1.0
2014-05-21,0.287,0.287,0.0,1.0
2014-05-22,0.287,0.287,0.0,1.0
2014-05-23,0.289,0.289,0.0,1.0
2014-05-26,0.29,0.29,0.0,1.0
2014-05-27,0.289,0.289,0.0,1.0
2014-05-28,0.291,0.291,0.0,1.0
2014-05-29,0.289,0.289,0.0,1.0
2014-05-30,0.289,0.289,0.0,1.0
2014-06-03,0.288,0.288,0.0,1.0
2014-06-04,0.286,0.286,0.0,1.0
2014-06-05,0.288,0.288,0.0,1.0
2014-06-06,0.286,0.286,0.0,1.0
2014-06-09,0.287,0.287,0.0,1.0
2014-06-10,0.288,0.288,0.0,1.0
2014-06-11,0.289,0.289,0.0,1.0
2014-06-12,0.288,0.288,0.0,1.0
2014-06-13,0.29,0.29,0.0,1.0
2014-06-16,0.292,0.292,0.0,1.0
2014-06-17,0.289,0.289,0.0,1.0
2014-06-18,0.288,0.288,0.0,1.0
2014-06-19,0.285,0.285,0.0,1.0
2014-06-20,0.286,0.286,0.0,1.0
2014-06-23,0.285,0.285,0.0,1.0
2014-06-24,0.287,0.287,0.0,1.0
2014-06-25,0.287,0.287,0.0,1.0
2014-06-26,0.289,0.289,0.0,1.0
2014-06-27,0.29,0.29,0.0,1.0
2014-06-30,0.29,0.29,0.0,1.0
2014-07-01,0.291,0.291,0.0,1.0
2014-07-02,0.291,0.291,0.0,1.0
2014-07-03,0.294,0.294,0.0,1.0
2014-07-04,0.294,0.294,0.0,1.0
2014-07-07,0.295,0.295,0.0,1.0
2014-07-08,0.295,0.295,0.0,1.0
2014-07-09,0.292,0.292,0.0,1.0
2014-07-10,0.292,0.292,0.0,1.0
2014-07-11,0.295,0.295,0.0,1.0
2014-07-14,0.298,0.298,0.0,1.0
2014-07-15,0.299,0.299,0.0,1.0
2014-07-16,0.3,0.3,0.0,1.0
2014-07-17,0.299,0.299,0.0,1.0
2014-07-18,0.3,0.3,0.0,1.0
2014-07-21,0.301,0.301,0.0,1.0
2014-07-22,0.305,0.305,0.0,1.0
2014-07-23,0.307,0.307,0.0,1.0
2014-07-24,0.312,0.312,0.0,1.0
2014-07-25,0.316,0.316,0.0,1.0
2014-07-28,0.322,0.322,0.0,1.0
2014-07-29,0.322,0.322,0.0,1.0
2014-07-30,0.32,0.32,0.0,1.0
2014-07-31,0.323,0.323,0.0,1.0
2014-08-01,0.322,0.322,0.0,1.0
2014-08-04,0.33,0.33,0.0,1.0
2014-08-05,0.328,0.328,0.0,1.0
2014-08-06,0.327,0.327,0.0,1.0
2014-08-07,0.322,0.322,0.0,1.0
2014-08-08,0.324,0.324,0.0,1.0
2014-08-11,0.327,0.327,0.0,1.0
2014-08-12,0.325,0.325,0.0,1.0
2014-08-13,0.327,0.327,0.0,1.0
2014-08-14,0.323,0.323,0.0,1.0
2014-08-15,0.325,0.325,0.0,1.0
2014-08-18,0.328,0.328,0.0,1.0
2014-08-19,0.326,0.326,0.0,1.0
2014-08-20,0.326,0.326,0.0,1.0
2014-08-21,0.322,0.322,0.0,1.0
2014-08-22,0.325,0.325,0.0,1.0
2014-08-25,0.322,0.322,0.0,1.0
2014-08-26,0.32,0.32,0.0,1.0
2014-08-27,0.32,0.32,0.0,1.0
2014-08-28,0.318,0.318,0.0,1.0
2014-08-29,0.324,0.324,0.0,1.0
2014-09-01,0.325,0.325,0.0,1.0
2014-09-02,0.328,0.328,0.0,1.0
2014-09-03,0.333,0.333,0.0,1.0
2014-09-04,0.334,0.334,0.0,1.0
2014-09-05,0.34,0.34,0.0,1.0
2014-09-09,0.338,0.338,0.0,1.0
2014-09-10,0.337,0.337,0.0,1.0
2014-09-11,0.335,0.335,0.0,1.0
2014-09-12,0.338,0.338,0.0,1.0
2014-09-15,0.337,0.337,0.0,1.0
2014-09-16,0.334,0.334,0.0,1.0
2014-09-17,0.335,0.335,0.0,1.0
2014-09-18,0.333,0.333,0.0,1.0
2014-09-19,0.337,0.337,0.0,1.0
2014-09-22,0.33,0.33,0.0,1.0
2014-09-23,0.332,0.332,0.0,1.0
2014-09-24,0.338,0.338,0.0,1.0
2014-09-25,0.337,0.337,0.0,1.0
2014-09-26,0.337,0.337,0.0,1.0
2014-09-29,0.337,0.337,0.0,1.0
2014-09-30,0.339,0.339,0.0,1.0
2014-10-08,0.341,0.341,0.0,1.0
2014-10-09,0.343,0.343,0.0,1.0
2014-10-10,0.34,0.34,0.0,1.0
2014-10-13,0.337,0.337,0.0,1.0
2014-10-14,0.335,0.335,0.0,1.0
2014-10-15,0.337,0.337,0.0,1.0
2014-10-16,0.336,0.336,0.0,1.0
2014-10-17,0.335,0.335,0.0,1.0
2014-10-20,0.336,0.336,0.0,1.0
2014-10-21,0.333,0.333,0.0,1.0
2014-10-22,0.331,0.331,0.0,1.0
2014-10-23,0.326,0.326,0.0,1.0
2014-10-24,0.326,0.326,0.0,1.0
2014-10-27,0.323,0.323,0.0,1.0
2014-10-28,0.331,0.331,0.0,1.0
2014-10-29,0.337,0.337,0.0,1.0
2014-10-30,0.344,0.344,0.0,1.0
2014-10-31,0.348,0.348,0.0,1.0
2014-11-03,0.35,0.35,0.0,1.0
2014-11-04,0.359,0.359,0.0,1.0
2014-11-05,0.352,0.352,0.0,1.0
2014-11-06,0.352,0.352,0.0,1.0
2014-11-07,0.349,0.349,0.0,1.0
2014-11-10,0.363,0.363,0.0,1.0
2014-11-11,0.361,0.361,0.0,1.0
2014-11-12,0.366,0.366,0.0,1.0
2014-11-13,0.367,0.367,0.0,1.0
2014-11-14,0.367,0.367,0.0,1.0
2014-11-17,0.363,0.363,0.0,1.0
2014-11-18,0.357,0.357,0.0,1.0
2014-11-19,0.355,0.355,0.0,1.0
2014-11-20,0.355,0.355,0.0,1.0
2014-11-21,0.361,0.361,0.0,1.0
2014-11-24,0.374,0.374,0.0,1.0
2014-11-25,0.377,0.377,0.0,1.0
2014-11-26,0.38,0.38,0.0,1.0
2014-11-27,0.382,0.382,0.0,1.0
2014-11-28,0.39,0.39,0.0,1.0
2014-12-01,0.393,0.393,0.0,1.0
2014-12-02,0.408,0.408,0.0,1.0
2014-12-03,0.416,0.416,0.0,1.0
2014-12-04,0.432,0.432,0.0,1.0
2014-12-05,0.425,0.425,0.0,1.0
2014-12-08,0.454,0.454,0.0,1.0
2014-12-09,0.435,0.435,0.0,1.0
2014-12-10,0.455,0.455,0.0,1.0
2014-12-11,0.456,0.456,0.0,1.0
2014-12-12,0.453,0.453,0.0,1.0
2014-12-15,0.457,0.457,0.0,1.0
2014-12-16,0.468,0.468,0.0,1.0
2014-12-17,0.475,0.475,0.0,1.0
2014-12-18,0.48,0.48,0.0,1.0
2014-12-19,0.502,0.502,0.0,1.0
2014-12-22,0.503,0.503,0.0,1.0
2014-12-23,0.487,0.487,0.0,1.0
2014-12-24,0.476,0.476,0.0,1.0
2014-12-25,0.493,0.493,0.0,1.0
2014-12-26,0.506,0.506,0.0,1.0
2014-12-29,0.512,0.512,0.0,1.0
2014-12-30,0.506,0.506,0.0,1.0
2014-12-31,0.521,0.521,0.0,1.0
2015-01-05,0.541,0.541,0.0,1.0
2015-01-06,0.534,0.534,0.0,1.0
2015-01-07,0.534,0.534,0.0,1.0
2015-01-08,0.518,0.518,0.0,1.0
2015-01-09,0.514,0.514,0.0,1.0
2015-01-12,0.505,0.505,0.0,1.0
2015-01-13,0.504,0.504,0.0,1.0
2015-01-14,0.5,0.5,0.0,1.0
2015-01-15,0.517,0.517,0.0,1.0
2015-01-16,0.521,0.521,0.0,1.0
2015-01-19,0.476,0.476,0.0,1.0
2015-01-20,0.49,0.49,0.0,1.0
2015-01-21,0.507,0.507,0.0,1.0
2015-01-22,0.508,0.508,0.0,1.0
2015-01-23,0.508,0.508,0.0,1.0
2015-01-26,0.513,0.513,0.0,1.0
2015-01-27,0.512,0.512,0.0,1.0
2015-01-28,0.504,0.504,0.0,1.0
2015-01-29,0.499,0.499,0.0,1.0
2015-01-30,0.492,0.492,0.0,1.0
2015-02-02,0.479,0.479,0.0,1.0
2015-02-03,0.488,0.488,0.0,1.0
2015-02-04,0.486,0.486,0.0,1.0
2015-02-05,0.478,0.478,0.0,1.0
2015-02-06,0.467,0.467,0.0,1.0
2015-02-09,0.469,0.469,0.0,1.0
2015-02-10,0.479,0.479,0.0,1.0
2015-02-11,0.482,0.482,0.0,1.0
2015-02-12,0.489,0.489,0.0,1.0
2015-02-13,0.493,0.493,0.0,1.0
2015-02-16,0.5,0.5,0.0,1.0
2015-02-17,0.505,0.505,0.0,1.0
2015-02-25,0.499,0.499,0.0,1.0
2015-02-26,0.512,0.512,0.0,1.0
2015-02-27,0.516,0.516,0.0,1.0
2015-03-02,0.52,0.52,0.0,1.0
2015-03-03,0.508,0.508,0.0,1.0
2015-03-04,0.509,0.509,0.0,1.0
2015-03-05,0.502,0.502,0.0,1.0
2015-03-06,0.502,0.502,0.0,1.0
2015-03-09,0.51,0.51,0.0,1.0
2015-03-10,0.507,0.507,0.0,1.0
2015-03-11,0.506,0.506,0.0,1.0
2015-03-12,0.515,0.515,0.0,1.0
2015-03-13,0.519,0.519,0.0,1.0
2015-03-16,0.529,0.529,0.0,1.0
2015-03-17,0.539,0.539,0.0,1.0
2015-03-18,0.554,0.554,0.0,1.0
2015-03-19,0.56,0.56,0.0,1.0
2015-03-20,0.561,0.561,0.0,1.0
2015-03-23,0.576,0.576,0.0,1.0
2015-03-24,0.58,0.58,0.0,1.0
2015-03-25,0.574,0.574,0.0,1.0
2015-03-26,0.577,0.577,0.0,1.0
2015-03-27,0.581,0.581,0.0,1.0
2015-03-30,0.606,0.606,0.0,1.0
2015-03-31,0.593,0.593,0.0,1.0
2015-04-01,0.605,0.605,0.0,1.0
2015-04-02,0.605,0.605,0.0,1.0
2015-04-03,0.607,0.607,0.0,1.0
2015-04-07,0.62,0.62,0.0,1.0
2015-04-08,0.625,0.625,0.0,1.0
2015-04-09,0.619,0.619,0.0,1.0
2015-04-10,0.629,0.629,0.0,1.0
2015-04-13,0.647,0.647,0.0,1.0
2015-04-14,0.659,0.659,0.0,1.0
2015-04-15,0.664,0.664,0.0,1.0
2015-04-16,0.679,0.679,0.0,1.0
2015-04-17,0.725,0.725,0.0,1.0
2015-04-20,0.718,0.718,0.0,1.0
2015-04-21,0.716,0.716,0.0,1.0
2015-04-22,0.734,0.734,0.0,1.0
2015-04-23,0.748,0.748,0.0,1.0
2015-04-24,0.75,0.75,0.0,1.0
2015-04-27,0.789,0.789,0.0,1.0
2015-04-28,0.777,0.777,0.0,1.0
2015-04-29,0.776,0.776,0.0,1.0
2015-04-30,0.774,0.774,0.0,1.0
2015-05-04,0.792,0.792,0.0,1.0
2015-05-05,0.756,0.756,0.0,1.0
2015-05-06,0.731,0.731,0.0,1.0
2015-05-07,0.709,0.709,0.0,1.0
2015-05-08,0.723,0.723,0.0,1.0
2015-05-11,0.747,0.747,0.0,1.0
2015-05-12,0.756,0.756,0.0,1.0
2015-05-13,0.745,0.745,0.0,1.0
2015-05-14,0.747,0.747,0.0,1.0
2015-05-15,0.731,0.731,0.0,1.0
2015-05-18,0.718,0.718,0.0,1.0
2015-05-19,0.74,0.74,0.0,1.0
2015-05-20,0.743,0.743,0.0,1.0
2015-05-21,0.752,0.752,0.0,1.0
2015-05-22,0.779,0.779,0.0,1.0
2015-05-25,0.808,0.808,0.0,1.0
2015-05-26,0.815,0.815,0.0,1.0
2015-05-27,0.807,0.807,0.0,1.0
2015-05-28,0.756,0.756,0.0,1.0
2015-05-29,0.749,0.749,0.0,1.0
2015-06-01,0.787,0.787,0.0,1.0
2015-06-02,0.803,0.803,0.0,1.0
2015-06-03,0.801,0.801,0.0,1.0
2015-06-04,0.803,0.803,0.0,1.0
2015-06-05,0.829,0.829,0.0,1.0
2015-06-08,0.854,0.854,0.0,1.0
2015-06-09,0.854,0.854,0.0,1.0
2015-06-10,0.833,0.833,0.0,1.0
2015-06-11,0.823,0.823,0.0,1.0
2015-06-12,0.826,0.826,0.0,1.0
2015-06-15,0.815,0.815,0.0,1.0
2015-06-16,0.778,0.778,0.0,1.0
2015-06-17,0.808,0.808,0.0,1.0
2015-06-18,0.768,0.768,0.0,1.0
2015-06-19,0.712,0.712,0.0,1.0
2015-06-23,0.734,0.734,0.0,1.0
2015-06-24,0.762,0.762,0.0,1.0
2015-06-25,0.738,0.738,0.0,1.0
2015-06-26,0.674,0.674,0.0,1.0
2015-06-29,0.661,0.661,0.0,1.0
2015-06-30,0.721,0.721,0.0,1.0
2015-07-01,0.67,0.67,0.0,1.0
2015-07-02,0.632,0.632,0.0,1.0
2015-07-03,0.592,0.592,0.0,1.0
2015-07-06,0.614,0.614,0.0,1.0
2015-07-07,0.586,0.586,0.0,1.0
2015-07-08,0.527,0.527,0.0,1.0
2015-07-09,0.58,0.58,0.0,1.0
2015-07-10,0.638,0.638,0.0,1.0
2015-07-13,0.692,0.692,0.0,1.0
2015-07-14,0.652,0.652,0.0,1.0
2015-07-15,0.597,0.597,0.0,1.0
2015-07-16,0.609,0.609,0.0,1.0
2015-07-17,0.637,0.637,0.0,1.0
2015-07-20,0.63,0.63,0.0,1.0
2015-07-21,0.633,0.633,0.0,1.0
2015-07-22,0.637,0.637,0.0,1.0
2015-07-23,0.652,0.652,0.0,1.0
2015-07-24,0.648,0.648,0.0,1.0
2015-07-27,0.583,0.583,0.0,1.0
2015-07-28,0.588,0.588,0.0,1.0
2015-07-29,0.603,0.603,0.0,1.0
2015-07-30,0.576,0.576,0.0,1.0
2015-07-31,0.58,0.58,0.0,1.0
2015-08-03,0.588,0.588,0.0,1.0
2015-08-04,0.604,0.604,0.0,1.0
2015-08-05,0.598,0.598,0.0,1.0
2015-08-06,0.59,0.59,0.0,1.0
2015-08-07,0.6,0.6,0.0,1.0
2015-08-10,0.64,0.64,0.0,1.0
2015-08-11,0.632,0.632,0.0,1.0
2015-08-12,0.629,0.629,0.0,1.0
2015-08-13,0.639,0.639,0.0,1.0
2015-08-14,0.639,0.639,0.0,1.0
2015-08-17,0.641,0.641,0.0,1.0
2015-08-18,0.594,0.594,0.0,1.0
2015-08-19,0.605,0.605,0.0,1.0
2015-08-20,0.593,0.593,0.0,1.0
2015-08-21,0.574,0.574,0.0,1.0
2015-08-24,0.517,0.517,0.0,1.0
2015-08-25,0.465,0.465,0.0,1.0
2015-08-26,0.478,0.478,0.0,1.0
2015-08-27,0.49,0.49,0.0,1.0
2015-08-28,0.517,0.517,0.0,1.0
2015-08-31,0.52,0.52,0.0,1.0
2015-09-01,0.523,0.523,0.0,1.0
2015-09-02,0.528,0.528,0.0,1.0
2015-09-07,0.512,0.512,0.0,1.0
2015-09-08,0.521,0.521,0.0,1.0
2015-09-09,0.529,0.529,0.0,1.0
2015-09-10,0.522,0.522,0.0,1.0
2015-09-11,0.521,0.521,0.0,1.0
2015-09-14,0.516,0.516,0.0,1.0
2015-09-15,0.496,0.496,0.0,1.0
2015-09-16,0.523,0.523,0.0,1.0
2015-09-17,0.513,0.513,0.0,1.0
2015-09-18,0.513,0.513,0.0,1.0
2015-09-21,0.518,0.518,0.0,1.0
2015-09-22,0.519,0.519,0.0,1.0
2015-09-23,0.507,0.507,0.0,1.0
2015-09-24,0.507,0.507,0.0,1.0
2015-09-25,0.499,0.499,0.0,1.0
2015-09-28,0.5,0.5,0.0,1.0
2015-09-29,0.486,0.486,0.0,1.0
2015-09-30,0.492,0.492,0.0,1.0
2015-10-08,0.508,0.508,0.0,1.0
2015-10-09,0.511,0.511,0.0,1.0
2015-10-12,0.529,0.529,0.0,1.0
2015-10-13,0.527,0.527,0.0,1.0
2015-10-14,0.521,0.521,0.0,1.0
2015-10-15,0.533,0.533,0.0,1.0
2015-10-16,0.539,0.539,0.0,1.0
2015-10-19,0.54,0.54,0.0,1.0
2015-10-20,0.544,0.544,0.0,1.0
2015-10-21,0.535,0.535,0.0,1.0
2015-10-22,0.539,0.539,0.0,1.0
2015-10-23,0.542,0.542,0.0,1.0
2015-10-26,0.542,0.542,0.0,1.0
2015-10-27,0.54,0.54,0.0,1.0
2015-10-28,0.532,0.532,0.0,1.0
2015-10-29,0.534,0.534,0.0,1.0
2015-10-30,0.53,0.53,0.0,1.0
2015-11-02,0.521,0.521,0.0,1.0
2015-11-03,0.518,0.518,0.0,1.0
2015-11-04,0.539,0.539,0.0,1.0
2015-11-05,0.559,0.559,0.0,1.0
2015-11-06,0.563,0.563,0.0,1.0
2015-11-09,0.57,0.57,0.0,1.0
2015-11-10,0.568,0.568,0.0,1.0
2015-11-11,0.567,0.567,0.0,1.0
2015-11-12,0.559,0.559,0.0,1.0
2015-11-13,0.554,0.554,0.0,1.0
2015-11-16,0.555,0.555,0.0,1.0
2015-11-17,0.556,0.556,0.0,1.0
2015-11-18,0.551,0.551,0.0,1.0
2015-11-19,0.558,0.558,0.0,1.0
2015-11-20,0.56,0.56,0.0,1.0
2015-11-23,0.553,0.553,0.0,1.0
2015-11-24,0.553,0.553,0.0,1.0
2015-11-25,0.557,0.557,0.0,1.0
2015-11-26,0.555,0.555,0.0,1.0
2015-11-27,0.525,0.525,0.0,1.0
2015-11-30,0.527,0.527,0.0,1.0
2015-12-01,0.529,0.529,0.0,1.0
2015-12-02,0.547,0.547,0.0,1.0
2015-12-03,0.552,0.552,0.0,1.0
2015-12-04,0.54,0.54,0.0,1.0
2015-12-07,0.537,0.537,0.0,1.0
2015-12-08,0.529,0.529,0.0,1.0
2015-12-09,0.531,0.531,0.0,1.0
2015-12-10,0.526,0.526,0.0,1.0
2015-12-11,0.525,0.525,0.0,1.0
2015-12-14,0.539,0.539,0.0,1.0
2015-12-15,0.535,0.535,0.0,1.0
2015-12-16,0.534,0.534,0.0,1.0
2015-12-17,0.544,0.544,0.0,1.0
2015-12-18,0.545,0.545,0.0,1.0
2015-12-21,0.556,0.556,0.0,1.0
2015-12-22,0.558,0.558,0.0,1.0
2015-12-23,0.558,0.558,0.0,1.0
2015-12-24,0.551,0.551,0.0,1.0
2015-12-25,0.552,0.552,0.0,1.0
2015-12-28,0.538,0.538,0.0,1.0
2015-12-29,0.541,0.541,0.0,1.0
2015-12-30,0.541,0.541,0.0,1.0
2015-12-31,0.537,0.537,0.0,1.0
2016-01-04,0.507,0.507,0.0,1.0
2016-01-05,0.501,0.501,0.0,1.0
2016-01-06,0.515,0.515,0.0,1.0
2016-01-07,0.488,0.488,0.0,1.0
2016-01-08,0.498,0.498,0.0,1.0
2016-01-11,0.472,0.472,0.0,1.0
2016-01-12,0.47,0.47,0.0,1.0
2016-01-13,0.463,0.463,0.0,1.0
2016-01-14,0.471,0.471,0.0,1.0
2016-01-15,0.452,0.452,0.0,1.0
2016-01-18,0.453,0.453,0.0,1.0
2016-01-19,0.467,0.467,0.0,1.0
2016-01-20,0.461,0.461,0.0,1.0
2016-01-21,0.448,0.448,0.0,1.0
2016-01-22,0.451,0.451,0.0,1.0
2016-01-25,0.452,0.452,0.0,1.0
2016-01-26,0.425,0.425,0.0,1.0
2016-01-27,0.42,0.42,0.0,1.0
2016-01-28,0.405,0.405,0.0,1.0
2016-01-29,0.419,0.419,0.0,1.0
2016-02-01,0.409,0.409,0.0,1.0
2016-02-02,0.417,0.417,0.0,1.0
2016-02-03,0.415,0.415,0.0,1.0
2016-02-04,0.421,0.421,0.0,1.0
2016-02-05,0.42,0.42,0.0,1.0
2016-02-15,0.416,0.416,0.0,1.0
2016-02-16,0.43,0.43,0.0,1.0
2016-02-17,0.434,0.434,0.0,1.0
2016-02-18,0.432,0.432,0.0,1.0
2016-02-19,0.431,0.431,0.0,1.0
2016-02-22,0.444,0.444,0.0,1.0
2016-02-23,0.439,0.439,0.0,1.0
2016-02-24,0.446,0.446,0.0,1.0
2016-02-25,0.415,0.415,0.0,1.0
2016-02-26,0.424,0.424,0.0,1.0
2016-02-29,0.414,0.414,0.0,1.0
2016-03-01,0.425,0.425,0.0,1.0
2016-03-02,0.444,0.444,0.0,1.0
2016-03-03,0.444,0.444,0.0,1.0
2016-03-04,0.45,0.45,0.0,1.0
2016-03-07,0.454,0.454,0.0,1.0
2016-03-08,0.453,0.453,0.0,1.0
2016-03-09,0.445,0.445,0.0,1.0
2016-03-10,0.437,0.437,0.0,1.0
2016-03-11,0.437,0.437,0.0,1.0
2016-03-14,0.444,0.444,0.0,1.0
2016-03-15,0.446,0.446,0.0,1.0
2016-03-16,0.449,0.449,0.0,1.0
2016-03-17,0.453,0.453,0.0,1.0
2016-03-18,0.457,0.457,0.0,1.0
2016-03-21,0.467,0.467,0.0,1.0
2016-03-22,0.462,0.462,0.0,1.0
2016-03-23,0.463,0.463,0.0,1.0
2016-03-24,0.455,0.455,0.0,1.0
2016-03-25,0.455,0.455,0.0,1.0
2016-03-28,0.451,0.451,0.0,1.0
2016-03-29,0.447,0.447,0.0,1.0
2016-03-30,0.458,0.458,0.0,1.0
2016-03-31,0.458,0.458,0.0,1.0
2016-04-01,0.462,0.462,0.0,1.0
2016-04-05,0.466,0.466,0.0,1.0
2016-04-06,0.464,0.464,0.0,1.0
2016-04-07,0.457,0.457,0.0,1.0
2016-04-08,0.457,0.457,0.0,1.0
2016-04-11,0.465,0.465,0.0,1.0
2016-04-12,0.463,0.463,0.0,1.0
2016-04-13,0.471,0.471,0.0,1.0
2016-04-14,0.472,0.472,0.0,1.0
2016-04-15,0.471,0.471,0.0,1.0
2016-04-18,0.462,0.462,0.0,1.0
2016-04-19,0.464,0.464,0.0,1.0
2016-04-20,0.457,0.457,0.0,1.0
2016-04-21,0.455,0.455,0.0,1.0
2016-04-22,0.453,0.453,0.0,1.0
2016-04-25,0.451,0.451,0.0,1.0
2016-04-26,0.451,0.451,0.0,1.0
2016-04-27,0.451,0.451,0.0,1.0
2016-04-28,0.45,0.45,0.0,1.0
2016-04-29,0.45,0.45,0.0,1.0
2016-05-03,0.457,0.457,0.0,1.0
2016-05-04,0.456,0.456,0.0,1.0
2016-05-05,0.458,0.458,0.0,1.0
2016-05-06,0.447,0.447,0.0,1.0
2016-05-09,0.435,0.435,0.0,1.0
2016-05-10,0.436,0.436,0.0,1.0
2016-05-11,0.439,0.439,0.0,1.0
2016-05-12,0.44,0.44,0.0,1.0
2016-05-13,0.438,0.438,0.0,1.0
2016-05-16,0.441,0.441,0.0,1.0
2016-05-17,0.439,0.439,0.0,1.0
2016-05-18,0.434,0.434,0.0,1.0
2016-05-19,0.434,0.434,0.0,1.0
2016-05-20,0.436,0.436,0.0,1.0
2016-05-23,0.438,0.438,0.0,1.0
2016-05-24,0.435,0.435,0.0,1.0
2016-05-25,0.434,0.434,0.0,1.0
2016-05-26,0.435,0.435,0.0,1.0
2016-05-27,0.433,0.433,0.0,1.0
2016-05-30,0.434,0.434,0.0,1.0
2016-05-31,0.448,0.448,0.0,1.0
2016-06-01,0.447,0.447,0.0,1.0
2016-06-02,0.447,0.447,0.0,1.0
2016-06-03,0.449,0.449,0.0,1.0
2016-06-06,0.448,0.448,0.0,1.0
2016-06-07,0.448,0.448,0.0,1.0
2016-06-08,0.447,0.447,0.0,1.0
2016-06-13,0.435,0.435,0.0,1.0
2016-06-14,0.435,0.435,0.0,1.0
2016-06-15,0.441,0.441,0.0,1.0
2016-06-16,0.438,0.438,0.0,1.0
2016-06-17,0.439,0.439,0.0,1.0
2016-06-20,0.439,0.439,0.0,1.0
2016-06-21,0.437,0.437,0.0,1.0
2016-06-22,0.439,0.439,0.0,1.0
2016-06-23,0.439,0.439,0.0,1.0
2016-06-24,0.434,0.434,0.0,1.0
2016-06-27,0.437,0.437,0.0,1.0
2016-06-28,0.439,0.439,0.0,1.0
2016-06-29,0.443,0.443,0.0,1.0
2016-06-30,0.442,0.442,0.0,1.0
2016-07-01,0.443,0.443,0.0,1.0
2016-07-04,0.454,0.454,0.0,1.0
2016-07-05,0.456,0.456,0.0,1.0
2016-07-06,0.457,0.457,0.0,1.0
2016-07-07,0.459,0.459,0.0,1.0
2016-07-08,0.456,0.456,0.0,1.0
2016-07-11,0.46,0.46,0.0,1.0
2016-07-12,0.47,0.47,0.0,1.0
2016-07-13,0.476,0.476,0.0,1.0
2016-07-14,0.473,0.473,0.0,1.0
2016-07-15,0.475,0.475,0.0,1.0
2016-07-18,0.474,0.474,0.0,1.0
2016-07-19,0.471,0.471,0.0,1.0
2016-07-20,0.469,0.469,0.0,1.0
2016-07-21,0.47,0.47,0.0,1.0
2016-07-22,0.466,0.466,0.0,1.0
2016-07-25,0.466,0.466,0.0,1.0
2016-07-26,0.472,0.472,0.0,1.0
2016-07-27,0.468,0.468,0.0,1.0
2016-07-28,0.474,0.474,0.0,1.0
2016-07-29,0.471,0.471,0.0,1.0
2016-08-01,0.467,0.467,0.0,1.0
2016-08-02,0.47,0.47,0.0,1.0
2016-08-03,0.47,0.47,0.0,1.0
2016-08-04,0.469,0.469,0.0,1.0
2016-08-05,0.468,0.468,0.0,1.0
2016-08-08,0.472,0.472,0.0,1.0
2016-08-09,0.476,0.476,0.0,1.0
2016-08-10,0.473,0.473,0.0,1.0
2016-08-11,0.473,0.473,0.0,1.0
2016-08-12,0.48,0.48,0.0,1.0
2016-08-15,0.493,0.493,0.0,1.0
2016-08-16,0.493,0.493,0.0,1.0
2016-08-17,0.491,0.491,0.0,1.0
2016-08-18,0.489,0.489,0.0,1.0
2016-08-19,0.491,0.491,0.0,1.0
2016-08-22,0.485,0.485,0.0,1.0
2016-08-23,0.484,0.484,0.0,1.0
2016-08-24,0.484,0.484,0.0,1.0
2016-08-25,0.48,0.48,0.0,1.0
2016-08-26,0.48,0.48,0.0,1.0
2016-08-29,0.479,0.479,0.0,1.0
2016-08-30,0.479,0.479,0.0,1.0
2016-08-31,0.479,0.479,0.0,1.0
2016-09-01,0.478,0.478,0.0,1.0
2016-09-02,0.478,0.478,0.0,1.0
2016-09-05,0.48,0.48,0.0,1.0
2016-09-06,0.481,0.481,0.0,1.0
2016-09-07,0.482,0.482,0.0,1.0
2016-09-08,0.481,0.481,0.0,1.0
2016-09-09,0.48,0.48,0.0,1.0
2016-09-12,0.471,0.471,0.0,1.0
2016-09-13,0.469,0.469,0.0,1.0
2016-09-14,0.467,0.467,0.0,1.0
2016-09-19,0.47,0.47,0.0,1.0
2016-09-20,0.468,0.468,0.0,1.0
2016-09-21,0.469,0.469,0.0,1.0
2016-09-22,0.472,0.472,0.0,1.0
2016-09-23,0.473,0.473,0.0,1.0
2016-09-26,0.464,0.464,0.0,1.0
2016-09-27,0.465,0.465,0.0,1.0
2016-09-28,0.463,0.463,0.0,1.0
2016-09-29,0.466,0.466,0.0,1.0
2016-09-30,0.466,0.466,0.0,1.0
2016-10-10,0.474,0.474,0.0,1.0
2016-10-11,0.481,0.481,0.0,1.0
2016-10-12,0.478,0.478,0.0,1.0
2016-10-13,0.479,0.479,0.0,1.0
2016-10-14,0.486,0.486,0.0,1.0
2016-10-17,0.483,0.483,0.0,1.0
2016-10-18,0.49,0.49,0.0,1.0
2016-10-19,0.492,0.492,0.0,1.0
2016-10-20,0.492,0.492,0.0,1.0
2016-10-21,0.496,0.496,0.0,1.0
2016-10-24,0.502,0.502,0.0,1.0
2016-10-25,0.503,0.503,0.0,1.0
2016-10-26,0.501,0.501,0.0,1.0
2016-10-27,0.499,0.499,0.0,1.0
2016-10-28,0.497,0.497,0.0,1.0
2016-10-31,0.496,0.496,0.0,1.0
2016-11-01,0.499,0.499,0.0,1.0
2016-11-02,0.494,0.494,0.0,1.0
2016-11-03,0.502,0.502,0.0,1.0
2016-11-04,0.503,0.503,0.0,1.0
2016-11-07,0.505,0.505,0.0,1.0
2016-11-08,0.504,0.504,0.0,1.0
2016-11-09,0.502,0.502,0.0,1.0
2016-11-10,0.509,0.509,0.0,1.0
2016-11-11,0.516,0.516,0.0,1.0
2016-11-14,0.522,0.522,0.0,1.0
2016-11-15,0.517,0.517,0.0,1.0
2016-11-16,0.521,0.521,0.0,1.0
2016-11-17,0.525,0.525,0.0,1.0
2016-11-18,0.523,0.523,0.0,1.0
2016-11-21,0.529,0.529,0.0,1.0
2016-11-22,0.534,0.534,0.0,1.0
2016-11-23,0.534,0.534,0.0,1.0
2016-11-24,0.536,0.536,0.0,1.0
2016-11-25,0.543,0.543,0.0,1.0
2016-11-28,0.552,0.552,0.0,1.0
2016-11-29,0.561,0.561,0.0,1.0
2016-11-30,0.558,0.558,0.0,1.0
2016-12-01,0.57,0.57,0.0,1.0
2016-12-02,0.562,0.562,0.0,1.0
2016-12-05,0.549,0.549,0.0,1.0
2016-12-06,0.543,0.543,0.0,1.0
2016-12-07,0.545,0.545,0.0,1.0
2016-12-08,0.547,0.547,0.0,1.0
2016-12-09,0.553,0.553,0.0,1.0
2016-12-12,0.543,0.543,0.0,1.0
2016-12-13,0.546,0.546,0.0,1.0
2016-12-14,0.537,0.537,0.0,1.0
2016-12-15,0.53,0.53,0.0,1.0
2016-12-16,0.53,0.53,0.0,1.0
2016-12-19,0.528,0.528,0.0,1.0
2016-12-20,0.526,0.526,0.0,1.0
2016-12-21,0.535,0.535,0.0,1.0
2016-12-22,0.536,0.536,0.0,1.0
2016-12-23,0.535,0.535,0.0,1.0
2016-12-26,0.536,0.536,0.0,1.0
2016-12-27,0.533,0.533,0.0,1.0
2016-12-28,0.532,0.532,0.0,1.0
2016-12-29,0.532,0.532,0.0,1.0
2016-12-30,0.532,0.532,0.0,1.0
2017-01-03,0.536,0.536,0.0,1.0
2017-01-04,0.54,0.54,0.0,1.0
2017-01-05,0.544,0.544,0.0,1.0
2017-01-06,0.544,0.544,0.0,1.0
2017-01-09,0.545,0.545,0.0,1.0
2017-01-10,0.546,0.546,0.0,1.0
2017-01-11,0.539,0.539,0.0,1.0
2017-01-12,0.533,0.533,0.0,1.0
2017-01-13,0.534,0.534,0.0,1.0
2017-01-16,0.539,0.539,0.0,1.0
2017-01-17,0.536,0.536,0.0,1.0
2017-01-18,0.542,0.542,0.0,1.0
2017-01-19,0.537,0.537,0.0,1.0
2017-01-20,0.54,0.54,0.0,1.0
2017-01-23,0.542,0.542,0.0,1.0
2017-01-24,0.543,0.543,0.0,1.0
2017-01-25,0.548,0.548,0.0,1.0
2017-01-26,0.548,0.548,0.0,1.0
2017-02-03,0.545,0.545,0.0,1.0
2017-02-06,0.546,0.546,0.0,1.0
2017-02-07,0.544,0.544,0.0,1.0
2017-02-08,0.549,0.549,0.0,1.0
2017-02-09,0.551,0.551,0.0,1.0
2017-02-10,0.556,0.556,0.0,1.0
2017-02-13,0.558,0.558,0.0,1.0
2017-02-14,0.56,0.56,0.0,1.0
2017-02-15,0.557,0.557,0.0,1.0
2017-02-16,0.559,0.559,0.0,1.0
2017-02-17,0.554,0.554,0.0,1.0
2017-02-20,0.562,0.562,0.0,1.0
2017-02-21,0.564,0.564,0.0,1.0
2017-02-22,0.565,0.565,0.0,1.0
2017-02-23,0.562,0.562,0.0,1.0
2017-02-24,0.565,0.565,0.0,1.0
2017-02-27,0.56,0.56,0.0,1.0
2017-02-28,0.563,0.563,0.0,1.0
2017-03-01,0.564,0.564,0.0,1.0
2017-03-02,0.56,0.56,0.0,1.0
2017-03-03,0.555,0.555,0.0,1.0
2017-03-06,0.559,0.559,0.0,1.0
2017-03-07,0.559,0.559,0.0,1.0
2017-03-08,0.562,0.562,0.0,1.0
2017-03-09,0.557,0.557,0.0,1.0
2017-03-10,0.56,0.56,0.0,1.0
2017-03-13,0.561,0.561,0.0,1.0
2017-03-14,0.562,0.562,0.0,1.0
2017-03-15,0.565,0.565,0.0,1.0
2017-03-16,0.568,0.568,0.0,1.0
2017-03-17,0.563,0.563,0.0,1.0
2017-03-20,0.564,0.564,0.0,1.0
2017-03-21,0.564,0.564,0.0,1.0
2017-03-22,0.562,0.562,0.0,1.0
2017-03-23,0.564,0.564,0.0,1.0
2017-03-24,0.57,0.57,0.0,1.0
2017-03-27,0.566,0.566,0.0,1.0
2017-03-28,0.564,0.564,0.0,1.0
2017-03-29,0.564,0.564,0.0,1.0
2017-03-30,0.56,0.56,0.0,1.0
2017-03-31,0.563,0.563,0.0,1.0
2017-04-05,0.575,0.575,0.0,1.0
2017-04-06,0.58,0.58,0.0,1.0
2017-04-07,0.579,0.579,0.0,1.0
2017-04-10,0.579,0.579,0.0,1.0
2017-04-11,0.582,0.582,0.0,1.0
2017-04-12,0.578,0.578,0.0,1.0
2017-04-13,0.578,0.578,0.0,1.0
2017-04-14,0.576,0.576,0.0,1.0
2017-04-17,0.573,0.573,0.0,1.0
2017-04-18,0.571,0.571,0.0,1.0
2017-04-19,0.566,0.566,0.0,1.0
2017-04-20,0.57,0.57,0.0,1.0
2017-04-21,0.572,0.572,0.0,1.0
2017-04-24,0.566,0.566,0.0,1.0
2017-04-25,0.565,0.565,0.0,1.0
2017-04-26,0.563,0.563,0.0,1.0
2017-04-27,0.562,0.562,0.0,1.0
2017-04-28,0.56,0.56,0.0,1.0
2017-05-02,0.559,0.559,0.0,1.0
2017-05-03,0.557,0.557,0.0,1.0
2017-05-04,0.554,0.554,0.0,1.0
2017-05-05,0.553,0.553,0.0,1.0
2017-05-08,0.553,0.553,0.0,1.0
2017-05-09,0.551,0.551,0.0,1.0
2017-05-10,0.545,0.545,0.0,1.0
2017-05-11,0.549,0.549,0.0,1.0
2017-05-12,0.551,0.551,0.0,1.0
2017-05-15,0.553,0.553,0.0,1.0
2017-05-16,0.555,0.555,0.0,1.0
2017-05-17,0.553,0.553,0.0,1.0
2017-05-18,0.55,0.55,0.0,1.0
2017-05-19,0.549,0.549,0.0,1.0
2017-05-22,0.55,0.55,0.0,1.0
2017-05-23,0.554,0.554,0.0,1.0
2017-05-24,0.552,0.552,0.0,1.0
2017-05-25,0.56,0.56,0.0,1.0
2017-05-26,0.561,0.561,0.0,1.0
2017-05-31,0.565,0.565,0.0,1.0
2017-06-01,0.566,0.566,0.0,1.0
2017-06-02,0.566,0.566,0.0,1.0
2017-06-05,0.563,0.563,0.0,1.0
2017-06-06,0.566,0.566,0.0,1.0
2017-06-07,0.571,0.571,0.0,1.0
2017-06-08,0.573,0.573,0.0,1.0
2017-06-09,0.577,0.577,0.0,1.0
2017-06-12,0.576,0.576,0.0,1.0
2017-06-13,0.578,0.578,0.0,1.0
2017-06-14,0.572,0.572,0.0,1.0
2017-06-15,0.571,0.571,0.0,1.0
2017-06-16,0.569,0.569,0.0,1.0
2017-06-19,0.574,0.574,0.0,1.0
2017-06-20,0.571,0.571,0.0,1.0
2017-06-21,0.578,0.578,0.0,1.0
2017-06-22,0.577,0.577,0.0,1.0
2017-06-23,0.58,0.58,0.0,1.0
2017-06-26,0.587,0.587,0.0,1.0
2017-06-27,0.588,0.588,0.0,1.0
2017-06-28,0.585,0.585,0.0,1.0
2017-06-29,0.588,0.588,0.0,1.0
2017-06-30,0.59,0.59,0.0,1.0
2017-07-03,0.589,0.589,0.0,1.0
2017-07-04,0.584,0.584,0.0,1.0
2017-07-05,0.589,0.589,0.0,1.0
2017-07-06,0.59,0.59,0.0,1.0
2017-07-07,0.592,0.592,0.0,1.0
2017-07-10,0.594,0.594,0.0,1.0
2017-07-11,0.594,0.594,0.0,1.0
2017-07-12,0.592,0.592,0.0,1.0
2017-07-13,0.597,0.597,0.0,1.0
2017-07-14,0.599,0.599,0.0,1.0
2017-07-17,0.595,0.595,0.0,1.0
2017-07-18,0.6,0.6,0.0,1.0
2017-07-19,0.61,0.61,0.0,1.0
2017-07-20,0.612,0.612,0.0,1.0
2017-07-21,0.612,0.612,0.0,1.0
2017-07-24,0.611,0.611,0.0,1.0
2017-07-25,0.606,0.606,0.0,1.0
2017-07-26,0.605,0.605,0.0,1.0
2017-07-27,0.604,0.604,0.0,1.0
2017-07-28,0.604,0.604,0.0,1.0
2017-07-31,0.61,0.61,0.0,1.0
2017-08-01,0.613,0.613,0.0,1.0
2017-08-02,0.61,0.61,0.0,1.0
2017-08-03,0.608,0.608,0.0,1.0
2017-08-04,0.61,0.61,0.0,1.0
2017-08-07,0.614,0.614,0.0,1.0
2017-08-08,0.615,0.615,0.0,1.0
2017-08-09,0.617,0.617,0.0,1.0
2017-08-10,0.614,0.614,0.0,1.0
2017-08-11,0.6,0.6,0.0,1.0
2017-08-14,0.606,0.606,0.0,1.0
2017-08-15,0.603,0.603,0.0,1.0
2017-08-16,0.602,0.602,0.0,1.0
2017-08-17,0.609,0.609,0.0,1.0
2017-08-18,0.608,0.608,0.0,1.0
2017-08-21,0.619,0.619,0.0,1.0
2017-08-22,0.617,0.617,0.0,1.0
2017-08-23,0.615,0.615,0.0,1.0
2017-08-24,0.607,0.607,0.0,1.0
2017-08-25,0.616,0.616,0.0,1.0
2017-08-28,0.621,0.621,0.0,1.0
2017-08-29,0.619,0.619,0.0,1.0
2017-08-30,0.621,0.621,0.0,1.0
2017-08-31,0.619,0.619,0.0,1.0
2017-09-01,0.624,0.624,0.0,1.0
2017-09-04,0.625,0.625,0.0,1.0
2017-09-05,0.622,0.622,0.0,1.0
2017-09-06,0.622,0.622,0.0,1.0
2017-09-07,0.617,0.617,0.0,1.0
2017-09-08,0.616,0.616,0.0,1.0
2017-09-11,0.615,0.615,0.0,1.0
2017-09-12,0.616,0.616,0.0,1.0
2017-09-13,0.615,0.615,0.0,1.0
2017-09-14,0.614,0.614,0.0,1.0
2017-09-15,0.61,0.61,0.0,1.0
2017-09-18,0.612,0.612,0.0,1.0
2017-09-19,0.61,0.61,0.0,1.0
2017-09-20,0.612,0.612,0.0,1.0
2017-09-21,0.612,0.612,0.0,1.0
2017-09-22,0.61,0.61,0.0,1.0
2017-09-25,0.607,0.607,0.0,1.0
2017-09-26,0.608,0.608,0.0,1.0
2017-09-27,0.608,0.608,0.0,1.0
2017-09-28,0.607,0.607,0.0,1.0
2017-09-29,0.609,0.609,0.0,1.0
2017-10-09,0.612,0.612,0.0,1.0
2017-10-10,0.61,0.61,0.0,1.0
2017-10-11,0.61,0.61,0.0,1.0
2017-10-12,0.613,0.613,0.0,1.0
2017-10-13,0.613,0.613,0.0,1.0
2017-10-16,0.614,0.614,0.0,1.0
2017-10-17,0.612,0.612,0.0,1.0
2017-10-18,0.614,0.614,0.0,1.0
2017-10-19,0.612,0.612,0.0,1.0
2017-10-20,0.614,0.614,0.0,1.0
2017-10-23,0.616,0.616,0.0,1.0
2017-10-24,0.619,0.619,0.0,1.0
2017-10-25,0.624,0.624,0.0,1.0
2017-10-26,0.625,0.625,0.0,1.0
2017-10-27,0.624,0.624,0.0,1.0
2017-10-30,0.624,0.624,0.0,1.0
2017-10-31,0.624,0.624,0.0,1.0
2017-11-01,0.624,0.624,0.0,1.0
2017-11-02,0.621,0.621,0.0,1.0
2017-11-03,0.62,0.62,0.0,1.0
2017-11-06,0.623,0.623,0.0,1.0
2017-11-07,0.629,0.629,0.0,1.0
2017-11-08,0.628,0.628,0.0,1.0
2017-11-09,0.634,0.634,0.0,1.0
2017-11-10,0.635,0.635,0.0,1.0
2017-11-13,0.635,0.635,0.0,1.0
2017-11-14,0.63,0.63,0.0,1.0
2017-11-15,0.631,0.631,0.0,1.0
2017-11-16,0.631,0.631,0.0,1.0
2017-11-17,0.638,0.638,0.0,1.0
2017-11-20,0.639,0.639,0.0,1.0
2017-11-21,0.648,0.648,0.0,1.0
2017-11-22,0.65,0.65,0.0,1.0
2017-11-23,0.637,0.637,0.0,1.0
2017-11-24,0.636,0.636,0.0,1.0
2017-11-27,0.627,0.627,0.0,1.0
2017-11-28,0.628,0.628,0.0,1.0
2017-11-29,0.631,0.631,0.0,1.0
2017-11-30,0.625,0.625,0.0,1.0
2017-12-01,0.625,0.625,0.0,1.0
2017-12-04,0.627,0.627,0.0,1.0
2017-12-05,0.63,0.63,0.0,1.0
2017-12-06,0.623,0.623,0.0,1.0
2017-12-07,0.618,0.618,0.0,1.0
2017-12-08,0.619,0.619,0.0,1.0
2017-12-11,0.626,0.626,0.0,1.0
2017-12-12,0.616,0.616,0.0,1.0
2017-12-13,0.621,0.621,0.0,1.0
2017-12-14,0.618,0.618,0.0,1.0
2017-12-15,0.613,0.613,0.0,1.0
2017-12-18,0.613,0.613,0.0,1.0
2017-12-19,0.618,0.618,0.0,1.0
2017-12-20,0.614,0.614,0.0,1.0
2017-12-21,0.619,0.619,0.0,1.0
2017-12-22,0.617,0.617,0.0,1.0
2017-12-25,0.616,0.616,0.0,1.0
2017-12-26,0.618,0.618,0.0,1.0
2017-12-27,0.613,0.613,0.0,1.0
2017-12-28,0.617,0.617,0.0,1.0
2017-12-29,0.62,0.62,0.0,1.0
2018-01-02,0.628,0.628,0.0,1.0
2018-01-03,0.633,0.633,0.0,1.0
2018-01-04,0.634,0.634,0.0,1.0
2018-01-05,0.637,0.637,0.0,1.0
2018-01-08,0.646,0.646,0.0,1.0
2018-01-09,0.643,0.643,0.0,1.0
2018-01-10,0.642,0.642,0.0,1.0
2018-01-11,0.639,0.639,0.0,1.0
2018-01-12,0.64,0.64,0.0,1.0
2018-01-15,0.636,0.636,0.0,1.0
2018-01-16,0.64,0.64,0.0,1.0
2018-01-17,0.644,0.644,0.0,1.0
2018-01-18,0.647,0.647,0.0,1.0
2018-01-19,0.649,0.649,0.0,1.0
2018-01-22,0.654,0.654,0.0,1.0
2018-01-23,0.658,0.658,0.0,1.0
2018-01-24,0.66,0.66,0.0,1.0
2018-01-25,0.663,0.663,0.0,1.0
2018-01-26,0.667,0.667,0.0,1.0
2018-01-29,0.661,0.661,0.0,1.0
2018-01-30,0.653,0.653,0.0,1.0
2018-01-31,0.655,0.655,0.0,1.0
2018-02-01,0.65,0.65,0.0,1.0
2018-02-02,0.66,0.66,0.0,1.0
2018-02-05,0.663,0.663,0.0,1.0
2018-02-06,0.644,0.644,0.0,1.0
2018-02-07,0.636,0.636,0.0,1.0
2018-02-08,0.624,0.624,0.0,1.0
2018-02-09,0.593,0.593,0.0,1.0
2018-02-12,0.6,0.6,0.0,1.0
2018-02-13,0.605,0.605,0.0,1.0
2018-02-14,0.609,0.609,0.0,1.0
2018-02-22,0.621,0.621,0.0,1.0
2018-02-23,0.623,0.623,0.0,1.0
2018-02-26,0.628,0.628,0.0,1.0
2018-02-27,0.615,0.615,0.0,1.0
2018-02-28,0.608,0.608,0.0,1.0
2018-03-01,0.609,0.609,0.0,1.0
2018-03-02,0.604,0.604,0.0,1.0
2018-03-05,0.603,0.603,0.0,1.0
2018-03-06,0.609,0.609,0.0,1.0
2018-03-07,0.603,0.603,0.0,1.0
2018-03-08,0.609,0.609,0.0,1.0
2018-03-09,0.611,0.611,0.0,1.0
2018-03-12,0.614,0.614,0.0,1.0
2018-03-13,0.609,0.609,0.0,1.0
2018-03-14,0.608,0.608,0.0,1.0
2018-03-15,0.61,0.61,0.0,1.0
2018-03-16,0.605,0.605,0.0,1.0
2018-03-19,0.6,0.6,0.0,1.0
2018-03-20,0.6,0.6,0.0,1.0
2018-03-21,0.597,0.597,0.0,1.0
2018-03-22,0.592,0.592,0.0,1.0
2018-03-23,0.575,0.575,0.0,1.0
2018-03-26,0.57,0.57,0.0,1.0
2018-03-27,0.575,0.575,0.0,1.0
2018-03-28,0.567,0.567,0.0,1.0
2018-03-29,0.575,0.575,0.0,1.0
2018-03-30,0.576,0.576,0.0,1.0
2018-04-02,0.576,0.576,0.0,1.0
2018-04-03,0.572,0.572,0.0,1.0
2018-04-04,0.57,0.57,0.0,1.0
2018-04-09,0.569,0.569,0.0,1.0
2018-04-10,0.579,0.579,0.0,1.0
2018-04-11,0.58,0.58,0.0,1.0
2018-04-12,0.575,0.575,0.0,1.0
2018-04-13,0.571,0.571,0.0,1.0
2018-04-16,0.563,0.563,0.0,1.0
2018-04-17,0.556,0.556,0.0,1.0
2018-04-18,0.558,0.558,0.0,1.0
2018-04-19,0.564,0.564,0.0,1.0
2018-04-20,0.556,0.556,0.0,1.0
2018-04-23,0.558,0.558,0.0,1.0
2018-04-24,0.568,0.568,0.0,1.0
2018-04-25,0.567,0.567,0.0,1.0
2018-04-26,0.56,0.56,0.0,1.0
2018-04-27,0.56,0.56,0.0,1.0
2018-05-02,0.561,0.561,0.0,1.0
2018-05-03,0.564,0.564,0.0,1.0
2018-05-04,0.564,0.564,0.0,1.0
2018-05-07,0.571,0.571,0.0,1.0
2018-05-08,0.575,0.575,0.0,1.0
2018-05-09,0.573,0.573,0.0,1.0
2018-05-10,0.575,0.575,0.0,1.0
2018-05-11,0.573,0.573,0.0,1.0
2018-05-14,0.576,0.576,0.0,1.0
2018-05-15,0.578,0.578,0.0,1.0
2018-05-16,0.575,0.575,0.0,1.0
2018-05-17,0.57,0.57,0.0,1.0
2018-05-18,0.577,0.577,0.0,1.0
2018-05-21,0.58,0.58,0.0,1.0
2018-05-22,0.578,0.578,0.0,1.0
2018-05-23,0.572,0.572,0.0,1.0
2018-05-24,0.568,0.568,0.0,1.0
2018-05-25,0.567,0.567,0.0,1.0
2018-05-28,0.566,0.566,0.0,1.0
2018-05-29,0.565,0.565,0.0,1.0
2018-05-30,0.552,0.552,0.0,1.0
2018-05-31,0.562,0.562,0.0,1.0
2018-06-01,0.559,0.559,0.0,1.0
2018-06-04,0.564,0.564,0.0,1.0
2018-06-05,0.568,0.568,0.0,1.0
2018-06-06,0.568,0.568,0.0,1.0
2018-06-07,0.568,0.568,0.0,1.0
2018-06-08,0.561,0.561,0.0,1.0
2018-06-11,0.56,0.56,0.0,1.0
2018-06-12,0.568,0.568,0.0,1.0
2018-06-13,0.563,0.563,0.0,1.0
2018-06-14,0.562,0.562,0.0,1.0
2018-06-15,0.562,0.562,0.0,1.0
2018-06-19,0.542,0.542,0.0,1.0
2018-06-20,0.542,0.542,0.0,1.0
2018-06-21,0.538,0.538,0.0,1.0
2018-06-22,0.541,0.541,0.0,1.0
2018-06-25,0.532,0.532,0.0,1.0
2018-06-26,0.525,0.525,0.0,1.0
2018-06-27,0.518,0.518,0.0,1.0
2018-06-28,0.514,0.514,0.0,1.0
2018-06-29,0.525,0.525,0.0,1.0
2018-07-02,0.509,0.509,0.0,1.0
2018-07-03,0.515,0.515,0.0,1.0
2018-07-04,0.507,0.507,0.0,1.0
2018-07-05,0.503,0.503,0.0,1.0
2018-07-06,0.504,0.504,0.0,1.0
2018-07-09,0.516,0.516,0.0,1.0
2018-07-10,0.518,0.518,0.0,1.0
2018-07-11,0.509,0.509,0.0,1.0
2018-07-12,0.52,0.52,0.0,1.0
2018-07-13,0.521,0.521,0.0,1.0
2018-07-16,0.518,0.518,0.0,1.0
2018-07-17,0.515,0.515,0.0,1.0
2018-07-18,0.516,0.516,0.0,1.0
2018-07-19,0.516,0.516,0.0,1.0
2018-07-20,0.525,0.525,0.0,1.0
2018-07-23,0.535,0.535,0.0,1.0
2018-07-24,0.548,0.548,0.0,1.0
2018-07-25,0.546,0.546,0.0,1.0
2018-07-26,0.541,0.541,0.0,1.0
2018-07-27,0.54,0.54,0.0,1.0
2018-07-30,0.542,0.542,0.0,1.0
2018-07-31,0.542,0.542,0.0,1.0
2018-08-01,0.532,0.532,0.0,1.0
2018-08-02,0.523,0.523,0.0,1.0
2018-08-03,0.516,0.516,0.0,1.0
2018-08-06,0.511,0.511,0.0,1.0
2018-08-07,0.528,0.528,0.0,1.0
2018-08-08,0.524,0.524,0.0,1.0
2018-08-09,0.534,0.534,0.0,1.0
2018-08-10,0.533,0.533,0.0,1.0
2018-08-13,0.532,0.532,0.0,1.0
2018-08-14,0.529,0.529,0.0,1.0
2018-08-15,0.519,0.519,0.0,1.0
2018-08-16,0.517,0.517,0.0,1.0
2018-08-17,0.51,0.51,0.0,1.0
2018-08-20,0.516,0.516,0.0,1.0
2018-08-21,0.525,0.525,0.0,1.0
2018-08-22,0.52,0.52,0.0,1.0
2018-08-23,0.52,0.52,0.0,1.0
2018-08-24,0.52,0.52,0.0,1.0
2018-08-27,0.531,0.531,0.0,1.0
2018-08-28,0.531,0.531,0.0,1.0
2018-08-29,0.528,0.528,0.0,1.0
2018-08-30,0.524,0.524,0.0,1.0
2018-08-31,0.519,0.519,0.0,1.0
2018-09-03,0.518,0.518,0.0,1.0
2018-09-04,0.522,0.522,0.0,1.0
2018-09-05,0.514,0.514,0.0,1.0
2018-09-06,0.512,0.512,0.0,1.0
2018-09-07,0.513,0.513,0.0,1.0
2018-09-10,0.508,0.508,0.0,1.0
2018-09-11,0.505,0.505,0.0,1.0
2018-09-12,0.503,0.503,0.0,1.0
2018-09-13,0.508,0.508,0.0,1.0
2018-09-14,0.508,0.508,0.0,1.0
2018-09-17,0.501,0.501,0.0,1.0
2018-09-18,0.514,0.514,0.0,1.0
2018-09-19,0.52,0.52,0.0,1.0
2018-09-20,0.52,0.52,0.0,1.0
2018-09-21,0.532,0.532,0.0,1.0
2018-09-25,0.529,0.529,0.0,1.0
2018-09-26,0.53,0.53,0.0,1.0
2018-09-27,0.529,0.529,0.0,1.0
2018-09-28,0.533,0.533,0.0,1.0
2018-10-08,0.515,0.515,0.0,1.0
2018-10-09,0.514,0.514,0.0,1.0
2018-10-10,0.517,0.517,0.0,1.0
2018-10-11,0.49,0.49,0.0,1.0
2018-10-12,0.501,0.501,0.0,1.0
2018-10-15,0.491,0.491,0.0,1.0
2018-10-16,0.483,0.483,0.0,1.0
2018-10-17,0.487,0.487,0.0,1.0
2018-10-18,0.474,0.474,0.0,1.0
2018-10-19,0.484,0.484,0.0,1.0
2018-10-22,0.505,0.505,0.0,1.0
2018-10-23,0.494,0.494,0.0,1.0
2018-10-24,0.493,0.493,0.0,1.0
2018-10-25,0.494,0.494,0.0,1.0
2018-10-26,0.493,0.493,0.0,1.0
2018-10-29,0.484,0.484,0.0,1.0
2018-10-30,0.488,0.488,0.0,1.0
2018-10-31,0.495,0.495,0.0,1.0
2018-11-01,0.498,0.498,0.0,1.0
2018-11-02,0.51,0.51,0.0,1.0
2018-11-05,0.507,0.507,0.0,1.0
2018-11-06,0.505,0.505,0.0,1.0
2018-11-07,0.503,0.503,0.0,1.0
2018-11-08,0.499,0.499,0.0,1.0
2018-11-09,0.494,0.494,0.0,1.0
2018-11-12,0.5,0.5,0.0,1.0
2018-11-13,0.504,0.504,0.0,1.0
2018-11-14,0.502,0.502,0.0,1.0
2018-11-15,0.508,0.508,0.0,1.0
2018-11-16,0.509,0.509,0.0,1.0
2018-11-19,0.515,0.515,0.0,1.0
2018-11-20,0.505,0.505,0.0,1.0
2018-11-21,0.505,0.505,0.0,1.0
2018-11-22,0.503,0.503,0.0,1.0
2018-11-23,0.492,0.492,0.0,1.0
2018-11-26,0.491,0.491,0.0,1.0
2018-11-27,0.489,0.489,0.0,1.0
2018-11-28,0.494,0.494,0.0,1.0
2018-11-29,0.489,0.489,0.0,1.0
2018-11-30,0.492,0.492,0.0,1.0
2018-12-03,0.503,0.503,0.0,1.0
2018-12-04,0.505,0.505,0.0,1.0
2018-12-05,0.503,0.503,0.0,1.0
2018-12-06,0.495,0.495,0.0,1.0
2018-12-07,0.497,0.497,0.0,1.0
2018-12-10,0.494,0.494,0.0,1.0
2018-12-11,0.495,0.495,0.0,1.0
2018-12-12,0.495,0.495,0.0,1.0
2018-12-13,0.503,0.503,0.0,1.0
2018-12-14,0.496,0.496,0.0,1.0
2018-12-17,0.496,0.496,0.0,1.0
2018-12-18,0.493,0.493,0.0,1.0
2018-12-19,0.489,0.489,0.0,1.0
2018-12-20,0.484,0.484,0.0,1.0
2018-12-21,0.48,0.48,0.0,1.0
2018-12-24,0.482,0.482,0.0,1.0
2018-12-25,0.478,0.478,0.0,1.0
2018-12-26,0.476,0.476,0.0,1.0
2018-12-27,0.477,0.477,0.0,1.0
2018-12-28,0.479,0.479,0.0,1.0
2019-01-02,0.473,0.473,0.0,1.0
2019-01-03,0.47,0.47,0.0,1.0
2019-01-04,0.481,0.481,0.0,1.0
2019-01-07,0.483,0.483,0.0,1.0
2019-01-08,0.482,0.482,0.0,1.0
2019-01-09,0.487,0.487,0.0,1.0
2019-01-10,0.484,0.484,0.0,1.0
2019-01-11,0.487,0.487,0.0,1.0
2019-01-14,0.484,0.484,0.0,1.0
2019-01-15,0.49,0.49,0.0,1.0
2019-01-16,0.491,0.491,0.0,1.0
2019-01-17,0.49,0.49,0.0,1.0
2019-01-18,0.496,0.496,0.0,1.0
2019-01-21,0.498,0.498,0.0,1.0
2019-01-22,0.492,0.492,0.0,1.0
2019-01-23,0.492,0.492,0.0,1.0
2019-01-24,0.491,0.491,0.0,1.0
2019-01-25,0.493,0.493,0.0,1.0
2019-01-28,0.494,0.494,0.0,1.0
2019-01-29,0.494,0.494,0.0,1.0
2019-01-30,0.489,0.489,0.0,1.0
2019-01-31,0.492,0.492,0.0,1.0
2019-02-01,0.499,0.499,0.0,1.0
2019-02-11,0.505,0.505,0.0,1.0
2019-02-12,0.51,0.51,0.0,1.0
2019-02-13,0.52,0.52,0.0,1.0
2019-02-14,0.52,0.52,0.0,1.0
2019-02-15,0.512,0.512,0.0,1.0
2019-02-18,0.525,0.525,0.0,1.0
2019-02-19,0.525,0.525,0.0,1.0
2019-02-20,0.526,0.526,0.0,1.0
2019-02-21,0.524,0.524,0.0,1.0
2019-02-22,0.533,0.533,0.0,1.0
2019-02-25,0.562,0.562,0.0,1.0
2019-02-26,0.561,0.561,0.0,1.0
2019-02-27,0.562,0.562,0.0,1.0
2019-02-28,0.558,0.558,0.0,1.0
2019-03-01,0.565,0.565,0.0,1.0
2019-03-04,0.572,0.572,0.0,1.0
2019-03-05,0.578,0.578,0.0,1.0
2019-03-06,0.584,0.584,0.0,1.0
2019-03-07,0.582,0.582,0.0,1.0
2019-03-08,0.553,0.553,0.0,1.0
2019-03-11,0.566,0.566,0.0,1.0
2019-03-12,0.571,0.571,0.0,1.0
2019-03-13,0.563,0.563,0.0,1.0
2019-03-14,0.556,0.556,0.0,1.0
2019-03-15,0.563,0.563,0.0,1.0
2019-03-18,0.578,0.578,0.0,1.0
2019-03-19,0.575,0.575,0.0,1.0
2019-03-20,0.574,0.574,0.0,1.0
2019-03-21,0.578,0.578,0.0,1.0
2019-03-22,0.578,0.578,0.0,1.0
2019-03-25,0.567,0.567,0.0,1.0
2019-03-26,0.555,0.555,0.0,1.0
2019-03-27,0.563,0.563,0.0,1.0
2019-03-28,0.558,0.558,0.0,1.0
2019-03-29,0.577,0.577,0.0,1.0
2019-04-01,0.595,0.595,0.0,1.0
2019-04-02,0.596,0.596,0.0,1.0
2019-04-03,0.607,0.607,0.0,1.0
2019-04-04,0.613,0.613,0.0,1.0
2019-04-08,0.614,0.614,0.0,1.0
2019-04-09,0.615,0.615,0.0,1.0
2019-04-10,0.614,0.614,0.0,1.0
2019-04-11,0.602,0.602,0.0,1.0
2019-04-12,0.6,0.6,0.0,1.0
2019-04-15,0.597,0.597,0.0,1.0
2019-04-16,0.61,0.61,0.0,1.0
2019-04-17,0.611,0.611,0.0,1.0
2019-04-18,0.61,0.61,0.0,1.0
2019-04-19,0.615,0.615,0.0,1.0
2019-04-22,0.602,0.602,0.0,1.0
2019-04-23,0.597,0.597,0.0,1.0
2019-04-24,0.597,0.597,0.0,1.0
2019-04-25,0.582,0.582,0.0,1.0
2019-04-26,0.573,0.573,0.0,1.0
2019-04-29,0.573,0.573,0.0,1.0
2019-04-30,0.576,0.576,0.0,1.0
2019-05-06,0.542,0.542,0.0,1.0
2019-05-07,0.547,0.547,0.0,1.0
2019-05-08,0.54,0.54,0.0,1.0
2019-05-09,0.53,0.53,0.0,1.0
2019-05-10,0.547,0.547,0.0,1.0
2019-05-13,0.537,0.537,0.0,1.0
2019-05-14,0.535,0.535,0.0,1.0
2019-05-15,0.544,0.544,0.0,1.0
2019-05-16,0.548,0.548,0.0,1.0
2019-05-17,0.532,0.532,0.0,1.0
2019-05-20,0.528,0.528,0.0,1.0
2019-05-21,0.536,0.536,0.0,1.0
2019-05-22,0.533,0.533,0.0,1.0
2019-05-23,0.525,0.525,0.0,1.0
2019-05-24,0.527,0.527,0.0,1.0
2019-05-27,0.533,0.533,0.0,1.0
2019-05-28,0.534,0.534,0.0,1.0
2019-05-29,0.534,0.534,0.0,1.0
2019-05-30,0.533,0.533,0.0,1.0
2019-05-31,0.531,0.531,0.0,1.0
2019-06-03,0.531,0.531,0.0,1.0
2019-06-04,0.53,0.53,0.0,1.0
2019-06-05,0.531,0.531,0.0,1.0
2019-06-06,0.527,0.527,0.0,1.0
2019-06-10,0.532,0.532,0.0,1.0
2019-06-11,0.547,0.547,0.0,1.0
2019-06-12,0.544,0.544,0.0,1.0
2019-06-13,0.541,0.541,0.0,1.0
2019-06-14,0.538,0.538,0.0,1.0
2019-06-17,0.538,0.538,0.0,1.0
2019-06-18,0.536,0.536,0.0,1.0
2019-06-19,0.542,0.542,0.0,1.0
2019-06-20,0.556,0.556,0.0,1.0
2019-06-21,0.558,0.558,0.0,1.0
2019-06-24,0.558,0.558,0.0,1.0
2019-06-25,0.555,0.555,0.0,1.0
2019-06-26,0.556,0.556,0.0,1.0
2019-06-27,0.559,0.559,0.0,1.0
2019-06-28,0.558,0.558,0.0,1.0
2019-07-01,0.568,0.568,0.0,1.0
2019-07-02,0.57,0.57,0.0,1.0
2019-07-03,0.567,0.567,0.0,1.0
2019-07-04,0.562,0.562,0.0,1.0
2019-07-05,0.565,0.565,0.0,1.0
2019-07-08,0.552,0.552,0.0,1.0
2019-07-09,0.551,0.551,0.0,1.0
2019-07-10,0.548,0.548,0.0,1.0
2019-07-11,0.549,0.549,0.0,1.0
2019-07-12,0.552,0.552,0.0,1.0
2019-07-15,0.551,0.551,0.0,1.0
2019-07-16,0.551,0.551,0.0,1.0
2019-07-17,0.553,0.553,0.0,1.0
2019-07-18,0.549,0.549,0.0,1.0
2019-07-19,0.553,0.553,0.0,1.0
2019-07-22,0.549,0.549,0.0,1.0
2019-07-23,0.557,0.557,0.0,1.0
2019-07-24,0.56,0.56,0.0,1.0
2019-07-25,0.562,0.562,0.0,1.0
2019-07-26,0.564,0.564,0.0,1.0
2019-07-29,0.563,0.563,0.0,1.0
2019-07-30,0.566,0.566,0.0,1.0
2019-07-31,0.563,0.563,0.0,1.0
2019-08-01,0.56,0.56,0.0,1.0
2019-08-02,0.551,0.551,0.0,1.0
2019-08-05,0.542,0.542,0.0,1.0
2019-08-06,0.531,0.531,0.0,1.0
2019-08-07,0.532,0.532,0.0,1.0
2019-08-08,0.538,0.538,0.0,1.0
2019-08-09,0.534,0.534,0.0,1.0
2019-08-12,0.54,0.54,0.0,1.0
2019-08-13,0.538,0.538,0.0,1.0
2019-08-14,0.54,0.54,0.0,1.0
2019-08-15,0.54,0.54,0.0,1.0
2019-08-16,0.541,0.541,0.0,1.0
2019-08-19,0.553,0.553,0.0,1.0
2019-08-20,0.552,0.552,0.0,1.0
2019-08-21,0.55,0.55,0.0,1.0
2019-08-22,0.551,0.551,0.0,1.0
2019-08-23,0.553,0.553,0.0,1.0
2019-08-26,0.546,0.546,0.0,1.0
2019-08-27,0.559,0.559,0.0,1.0
2019-08-28,0.553,0.553,0.0,1.0
2019-08-29,0.553,0.553,0.0,1.0
2019-08-30,0.55,0.55,0.0,1.0
2019-09-02,0.557,0.557,0.0,1.0
2019-09-03,0.556,0.556,0.0,1.0
2019-09-04,0.564,0.564,0.0,1.0
2019-09-05,0.568,0.568,0.0,1.0
2019-09-06,0.573,0.573,0.0,1.0
2019-09-09,0.577,0.577,0.0,1.0
2019-09-10,0.576,0.576,0.0,1.0
2019-09-11,0.576,0.576,0.0,1.0
2019-09-12,0.579,0.579,0.0,1.0
2019-09-16,0.577,0.577,0.0,1.0
2019-09-17,0.567,0.567,0.0,1.0
2019-09-18,0.568,0.568,0.0,1.0
2019-09-19,0.569,0.569,0.0,1.0
2019-09-20,0.568,0.568,0.0,1.0
2019-09-23,0.563,0.563,0.0,1.0
2019-09-24,0.562,0.562,0.0,1.0
2019-09-25,0.56,0.56,0.0,1.0
2019-09-26,0.554,0.554,0.0,1.0
2019-09-27,0.553,0.553,0.0,1.0
2019-09-30,0.549,0.549,0.0,1.0
2019-10-08,0.553,0.553,0.0,1.0
2019-10-09,0.554,0.554,0.0,1.0
2019-10-10,0.557,0.557,0.0,1.0
2019-10-11,0.561,0.561,0.0,1.0
2019-10-14,0.566,0.566,0.0,1.0
2019-10-15,0.563,0.563,0.0,1.0
2019-10-16,0.56,0.56,0.0,1.0
2019-10-17,0.56,0.56,0.0,1.0
2019-10-18,0.552,0.552,0.0,1.0
2019-10-21,0.551,0.551,0.0,1.0
2019-10-22,0.551,0.551,0.0,1.0
2019-10-23,0.55,0.55,0.0,1.0
2019-10-24,0.549,0.549,0.0,1.0
2019-10-25,0.551,0.551,0.0,1.0
2019-10-28,0.557,0.557,0.0,1.0
2019-10-29,0.552,0.552,0.0,1.0
2019-10-30,0.55,0.55,0.0,1.0
2019-10-31,0.55,0.55,0.0,1.0
2019-11-01,0.556,0.556,0.0,1.0
2019-11-04,0.56,0.56,0.0,1.0
2019-11-05,0.563,0.563,0.0,1.0
2019-11-06,0.56,0.56,0.0,1.0
2019-11-07,0.563,0.563,0.0,1.0
2019-11-08,0.561,0.561,0.0,1.0
2019-11-11,0.553,0.553,0.0,1.0
2019-11-12,0.548,0.548,0.0,1.0
2019-11-13,0.544,0.544,0.0,1.0
2019-11-14,0.545,0.545,0.0,1.0
2019-11-15,0.55,0.55,0.0,1.0
2019-11-18,0.544,0.544,0.0,1.0
2019-11-19,0.551,0.551,0.0,1.0
2019-11-20,0.551,0.551,0.0,1.0
2019-11-21,0.545,0.545,0.0,1.0
2019-11-22,0.544,0.544,0.0,1.0
2019-11-25,0.557,0.557,0.0,1.0
2019-11-26,0.555,0.555,0.0,1.0
2019-11-27,0.553,0.553,0.0,1.0
2019-11-28,0.549,0.549,0.0,1.0
2019-11-29,0.546,0.546,0.0,1.0
2019-12-02,0.548,0.548,0.0,1.0
2019-12-03,0.559,0.559,0.0,1.0
2019-12-04,0.547,0.547,0.0,1.0
2019-12-05,0.556,0.556,0.0,1.0
2019-12-06,0.553,0.553,0.0,1.0
2019-12-09,0.554,0.554,0.0,1.0
2019-12-10,0.556,0.556,0.0,1.0
2019-12-11,0.557,0.557,0.0,1.0
2019-12-12,0.555,0.555,0.0,1.0
2019-12-13,0.563,0.563,0.0,1.0
2019-12-16,0.567,0.567,0.0,1.0
2019-12-17,0.575,0.575,0.0,1.0
2019-12-18,0.575,0.575,0.0,1.0
2019-12-19,0.574,0.574,0.0,1.0
2019-12-20,0.57,0.57,0.0,1.0
2019-12-23,0.565,0.565,0.0,1.0
2019-12-24,0.571,0.571,0.0,1.0
2019-12-25,0.571,0.571,0.0,1.0
2019-12-26,0.574,0.574,0.0,1.0
2019-12-27,0.575,0.575,0.0,1.0
2019-12-30,0.583,0.583,0.0,1.0
2019-12-31,0.587,0.587,0.0,1.0
2020-01-02,0.594,0.594,0.0,1.0
2020-01-03,0.594,0.594,0.0,1.0
2020-01-06,0.597,0.597,0.0,1.0
2020-01-07,0.597,0.597,0.0,1.0
2020-01-08,0.59,0.59,0.0,1.0
2020-01-09,0.595,0.595,0.0,1.0
2020-01-10,0.594,0.594,0.0,1.0
2020-01-13,0.595,0.595,0.0,1.0
2020-01-14,0.597,0.597,0.0,1.0
2020-01-15,0.592,0.592,0.0,1.0
2020-01-16,0.588,0.588,0.0,1.0
2020-01-17,0.588,0.588,0.0,1.0
2020-01-20,0.59,0.59,0.0,1.0
2020-01-21,0.58,0.58,0.0,1.0
2020-01-22,0.58,0.58,0.0,1.0
2020-01-23,0.568,0.568,0.0,1.0
2020-02-03,0.511,0.511,0.0,1.0
2020-02-04,0.528,0.528,0.0,1.0
2020-02-05,0.535,0.535,0.0,1.0
2020-02-06,0.531,0.531,0.0,1.0
2020-02-07,0.545,0.545,0.0,1.0
2020-02-10,0.548,0.548,0.0,1.0
2020-02-11,0.548,0.548,0.0,1.0
2020-02-12,0.553,0.553,0.0,1.0
2020-02-13,0.55,0.55,0.0,1.0
2020-02-14,0.579,0.579,0.0,1.0
2020-02-17,0.576,0.576,0.0,1.0
2020-02-18,0.567,0.567,0.0,1.0
2020-02-19,0.565,0.565,0.0,1.0
2020-02-20,0.574,0.574,0.0,1.0
2020-02-21,0.574,0.574,0.0,1.0
2020-02-24,0.572,0.572,0.0,1.0
2020-02-25,0.565,0.565,0.0,1.0
2020-02-26,0.571,0.571,0.0,1.0
2020-02-27,0.57,0.57,0.0,1.0
2020-02-28,0.563,0.563,0.0,1.0
2020-03-02,0.581,0.581,0.0,1.0
2020-03-03,0.579,0.579,0.0,1.0
2020-03-04,0.582,0.582,0.0,1.0
2020-03-05,0.596,0.596,0.0,1.0
2020-03-06,0.59,0.59,0.0,1.0
2020-03-09,0.565,0.565,0.0,1.0
2020-03-10,0.574,0.574,0.0,1.0
2020-03-11,0.568,0.568,0.0,1.0
2020-03-12,0.559,0.559,0.0,1.0
2020-03-13,0.551,0.551,0.0,1.0
2020-03-16,0.536,0.536,0.0,1.0
2020-03-17,0.534,0.534,0.0,1.0
2020-03-18,0.523,0.523,0.0,1.0
2020-03-19,0.513,0.513,0.0,1.0
2020-03-20,0.527,0.527,0.0,1.0
2020-03-23,0.51,0.51,0.0,1.0
2020-03-24,0.522,0.522,0.0,1.0
2020-03-25,0.532,0.532,0.0,1.0
2020-03-26,0.529,0.529,0.0,1.0
2020-03-27,0.53,0.53,0.0,1.0
2020-03-30,0.532,0.532,0.0,1.0
2020-03-31,0.534,0.534,0.0,1.0
2020-04-01,0.524,0.524,0.0,1.0
2020-04-02,0.527,0.527,0.0,1.0
2020-04-03,0.525,0.525,0.0,1.0
2020-04-07,0.536,0.536,0.0,1.0
2020-04-08,0.535,0.535,0.0,1.0
2020-04-09,0.536,0.536,0.0,1.0
2020-04-10,0.531,0.531,0.0,1.0
2020-04-13,0.532,0.532,0.0,1.0
2020-04-14,0.539,0.539,0.0,1.0
2020-04-15,0.538,0.538,0.0,1.0
2020-04-16,0.534,0.534,0.0,1.0
2020-04-17,0.535,0.535,0.0,1.0
2020-04-20,0.538,0.538,0.0,1.0
2020-04-21,0.535,0.535,0.0,1.0
2020-04-22,0.536,0.536,0.0,1.0
2020-04-23,0.536,0.536,0.0,1.0
2020-04-24,0.537,0.537,0.0,1.0
2020-04-27,0.533,0.533,0.0,1.0
2020-04-28,0.531,0.531,0.0,1.0
2020-04-29,0.529,0.529,0.0,1.0
2020-04-30,0.538,0.538,0.0,1.0
2020-05-06,0.538,0.538,0.0,1.0
2020-05-07,0.538,0.538,0.0,1.0
2020-05-08,0.542,0.542,0.0,1.0
2020-05-11,0.544,0.544,0.0,1.0
2020-05-12,0.539,0.539,0.0,1.0
2020-05-13,0.545,0.545,0.0,1.0
2020-05-14,0.54,0.54,0.0,1.0
2020-05-15,0.53,0.53,0.0,1.0
2020-05-18,0.529,0.529,0.0,1.0
2020-05-19,0.535,0.535,0.0,1.0
2020-05-20,0.532,0.532,0.0,1.0
2020-05-21,0.534,0.534,0.0,1.0
2020-05-22,0.52,0.52,0.0,1.0
2020-05-25,0.524,0.524,0.0,1.0
2020-05-26,0.522,0.522,0.0,1.0
2020-05-27,0.522,0.522,0.0,1.0
2020-05-28,0.523,0.523,0.0,1.0
2020-05-29,0.522,0.522,0.0,1.0
2020-06-01,0.532,0.532,0.0,1.0
2020-06-02,0.527,0.527,0.0,1.0
2020-06-03,0.535,0.535,0.0,1.0
2020-06-04,0.531,0.531,0.0,1.0
2020-06-05,0.531,0.531,0.0,1.0
2020-06-08,0.535,0.535,0.0,1.0
2020-06-09,0.536,0.536,0.0,1.0
2020-06-10,0.533,0.533,0.0,1.0
2020-06-11,0.533,0.533,0.0,1.0
2020-06-12,0.528,0.528,0.0,1.0
2020-06-15,0.528,0.528,0.0,1.0
2020-06-16,0.531,0.531,0.0,1.0
2020-06-17,0.532,0.532,0.0,1.0
2020-06-18,0.537,0.537,0.0,1.0
2020-06-19,0.538,0.538,0.0,1.0
2020-06-22,0.538,0.538,0.0,1.0
2020-06-23,0.537,0.537,0.0,1.0
2020-06-24,0.541,0.541,0.0,1.0
2020-06-29,0.536,0.536,0.0,1.0
2020-06-30,0.541,0.541,0.0,1.0
2020-07-01,0.553,0.553,0.0,1.0
2020-07-02,0.565,0.565,0.0,1.0
2020-07-03,0.576,0.576,0.0,1.0
2020-07-06,0.616,0.616,0.0,1.0
2020-07-07,0.614,0.614,0.0,1.0
2020-07-08,0.639,0.639,0.0,1.0
2020-07-09,0.638,0.638,0.0,1.0
2020-07-10,0.615,0.615,0.0,1.0
2020-07-13,0.628,0.628,0.0,1.0
2020-07-14,0.626,0.626,0.0,1.0
2020-07-15,0.616,0.616,0.0,1.0
2020-07-16,0.594,0.594,0.0,1.0
2020-07-17,0.6,0.6,0.0,1.0
2020-07-20,0.623,0.623,0.0,1.0
2020-07-21,0.621,0.621,0.0,1.0
2020-07-22,0.623,0.623,0.0,1.0
2020-07-23,0.623,0.623,0.0,1.0
2020-07-24,0.603,0.603,0.0,1.0
2020-07-27,0.606,0.606,0.0,1.0
2020-07-28,0.607,0.607,0.0,1.0
2020-07-29,0.619,0.619,0.0,1.0
2020-07-30,0.623,0.623,0.0,1.0
2020-07-31,0.624,0.624,0.0,1.0
2020-08-03,0.635,0.635,0.0,1.0
2020-08-04,0.639,0.639,0.0,1.0
2020-08-05,0.641,0.641,0.0,1.0
2020-08-06,0.644,0.644,0.0,1.0
2020-08-07,0.643,0.643,0.0,1.0
2020-08-10,0.645,0.645,0.0,1.0
2020-08-11,0.639,0.639,0.0,1.0
2020-08-12,0.636,0.636,0.0,1.0
2020-08-13,0.638,0.638,0.0,1.0
2020-08-14,0.644,0.644,0.0,1.0
2020-08-17,0.66,0.66,0.0,1.0
2020-08-18,0.661,0.661,0.0,1.0
2020-08-19,0.659,0.659,0.0,1.0
2020-08-20,0.647,0.647,0.0,1.0
2020-08-21,0.652,0.652,0.0,1.0
2020-08-24,0.656,0.656,0.0,1.0
2020-08-25,0.649,0.649,0.0,1.0
2020-08-26,0.641,0.641,0.0,1.0
2020-08-27,0.654,0.654,0.0,1.0
2020-08-28,0.658,0.658,0.0,1.0
2020-08-31,0.658,0.658,0.0,1.0
2020-09-01,0.663,0.663,0.0,1.0
2020-09-02,0.66,0.66,0.0,1.0
2020-09-03,0.658,0.658,0.0,1.0
2020-09-04,0.655,0.655,0.0,1.0
2020-09-07,0.648,0.648,0.0,1.0
2020-09-08,0.656,0.656,0.0,1.0
2020-09-09,0.65,0.65,0.0,1.0
2020-09-10,0.644,0.644,0.0,1.0
2020-09-11,0.645,0.645,0.0,1.0
2020-09-14,0.646,0.646,0.0,1.0
2020-09-15,0.652,0.652,0.0,1.0
2020-09-16,0.653,0.653,0.0,1.0
2020-09-17,0.654,0.654,0.0,1.0
2020-09-18,0.665,0.665,0.0,1.0
2020-09-21,0.659,0.659,0.0,1.0
2020-09-22,0.649,0.649,0.0,1.0
2020-09-23,0.65,0.65,0.0,1.0
2020-09-24,0.636,0.636,0.0,1.0
2020-09-25,0.635,0.635,0.0,1.0
2020-09-28,0.637,0.637,0.0,1.0
2020-09-29,0.631,0.631,0.0,1.0
2020-09-30,0.634,0.634,0.0,1.0
2020-10-09,0.645,0.645,0.0,1.0
2020-10-12,0.662,0.662,0.0,1.0
2020-10-13,0.663,0.663,0.0,1.0
2020-10-14,0.66,0.66,0.0,1.0
2020-10-15,0.659,0.659,0.0,1.0
2020-10-16,0.659,0.659,0.0,1.0
2020-10-19,0.654,0.654,0.0,1.0
2020-10-20,0.657,0.657,0.0,1.0
2020-10-21,0.655,0.655,0.0,1.0
2020-10-22,0.662,0.662,0.0,1.0
2020-10-23,0.656,0.656,0.0,1.0
2020-10-26,0.656,0.656,0.0,1.0
2020-10-27,0.652,0.652,0.0,1.0
2020-10-28,0.656,0.656,0.0,1.0
2020-10-29,0.66,0.66,0.0,1.0
2020-10-30,0.649,0.649,0.0,1.0
2020-11-02,0.652,0.652,0.0,1.0
2020-11-03,0.663,0.663,0.0,1.0
2020-11-04,0.668,0.668,0.0,1.0
2020-11-05,0.677,0.677,0.0,1.0
2020-11-06,0.682,0.682,0.0,1.0
2020-11-09,0.692,0.692,0.0,1.0
2020-11-10,0.687,0.687,0.0,1.0
2020-11-11,0.689,0.689,0.0,1.0
2020-11-12,0.687,0.687,0.0,1.0
2020-11-13,0.68,0.68,0.0,1.0
2020-11-16,0.692,0.692,0.0,1.0
2020-11-17,0.689,0.689,0.0,1.0
2020-11-18,0.692,0.692,0.0,1.0
2020-11-19,0.69,0.69,0.0,1.0
2020-11-20,0.7,0.7,0.0,1.0
2020-11-23,0.708,0.708,0.0,1.0
2020-11-24,0.707,0.707,0.0,1.0
2020-11-25,0.696,0.696,0.0,1.0
2020-11-26,0.696,0.696,0.0,1.0
2020-11-27,0.704,0.704,0.0,1.0
2020-11-30,0.703,0.703,0.0,1.0
2020-12-01,0.711,0.711,0.0,1.0
2020-12-02,0.71,0.71,0.0,1.0
2020-12-03,0.701,0.701,0.0,1.0
2020-12-04,0.7,0.7,0.0,1.0
2020-12-07,0.695,0.695,0.0,1.0
2020-12-08,0.691,0.691,0.0,1.0
2020-12-09,0.683,0.683,0.0,1.0
2020-12-10,0.68,0.68,0.0,1.0
2020-12-11,0.674,0.674,0.0,1.0
2020-12-14,0.676,0.676,0.0,1.0
2020-12-15,0.673,0.673,0.0,1.0
2020-12-16,0.672,0.672,0.0,1.0
2020-12-17,0.683,0.683,0.0,1.0
2020-12-18,0.687,0.687,0.0,1.0
2020-12-21,0.689,0.689,0.0,1.0
2020-12-22,0.671,0.671,0.0,1.0
2020-12-23,0.677,0.677,0.0,1.0
2020-12-24,0.675,0.675,0.0,1.0
2020-12-25,0.682,0.682,0.0,1.0
2020-12-28,0.683,0.683,0.0,1.0
2020-12-29,0.677,0.677,0.0,1.0
2020-12-30,0.681,0.681,0.0,1.0
2020-12-31,0.689,0.689,0.0,1.0
2021-01-04,0.693,0.693,0.0,1.0
2021-01-05,0.695,0.695,0.0,1.0
2021-01-06,0.703,0.703,0.0,1.0
2021-01-07,0.713,0.713,0.0,1.0
2021-01-08,0.719,0.719,0.0,1.0
2021-01-11,0.717,0.717,0.0,1.0
2021-01-12,0.729,0.729,0.0,1.0
2021-01-13,0.731,0.731,0.0,1.0
2021-01-14,0.732,0.732,0.0,1.0
2021-01-15,0.723,0.723,0.0,1.0
2021-01-18,0.729,0.729,0.0,1.0
2021-01-19,0.718,0.718,0.0,1.0
2021-01-20,0.722,0.722,0.0,1.0
2021-01-21,0.729,0.729,0.0,1.0
2021-01-22,0.722,0.722,0.0,1.0
2021-01-25,0.721,0.721,0.0,1.0
2021-01-26,0.715,0.715,0.0,1.0
2021-01-27,0.719,0.719,0.0,1.0
2021-01-28,0.697,0.697,0.0,1.0
2021-01-29,0.695,0.695,0.0,1.0
2021-02-01,0.697,0.697,0.0,1.0
2021-02-02,0.705,0.705,0.0,1.0
2021-02-03,0.697,0.697,0.0,1.0
2021-02-04,0.691,0.691,0.0,1.0
2021-02-05,0.69,0.69,0.0,1.0
2021-02-08,0.701,0.701,0.0,1.0
2021-02-09,0.711,0.711,0.0,1.0
2021-02-10,0.72,0.72,0.0,1.0
2021-02-18,0.731,0.731,0.0,1.0
2021-02-19,0.742,0.742,0.0,1.0
2021-02-22,0.745,0.745,0.0,1.0
2021-02-23,0.735,0.735,0.0,1.0
2021-02-24,0.723,0.723,0.0,1.0
2021-02-25,0.734,0.734,0.0,1.0
2021-02-26,0.717,0.717,0.0,1.0
2021-03-01,0.727,0.727,0.0,1.0
2021-03-02,0.721,0.721,0.0,1.0
2021-03-03,0.734,0.734,0.0,1.0
2021-03-04,0.722,0.722,0.0,1.0
2021-03-05,0.713,0.713,0.0,1.0
2021-03-08,0.705,0.705,0.0,1.0
2021-03-09,0.713,0.713,0.0,1.0
2021-03-10,0.699,0.699,0.0,1.0
2021-03-11,0.712,0.712,0.0,1.0
2021-03-12,0.718,0.718,0.0,1.0
2021-03-15,0.72,0.72,0.0,1.0
2021-03-16,0.722,0.722,0.0,1.0
2021-03-17,0.723,0.723,0.0,1.0
2021-03-18,0.723,0.723,0.0,1.0
2021-03-19,0.707,0.707,0.0,1.0
2021-03-22,0.715,0.715,0.0,1.0
2021-03-23,0.704,0.704,0.0,1.0
2021-03-24,0.697,0.697,0.0,1.0
2021-03-25,0.688,0.688,0.0,1.0
2021-03-26,0.7,0.7,0.0,1.0
2021-03-29,0.702,0.702,0.0,1.0
2021-03-30,0.706,0.706,0.0,1.0
2021-03-31,0.699,0.699,0.0,1.0
2021-04-01,0.707,0.707,0.0,1.0
2021-04-02,0.707,0.707,0.0,1.0
2021-04-06,0.704,0.704,0.0,1.0
2021-04-07,0.708,0.708,0.0,1.0
2021-04-08,0.71,0.71,0.0,1.0
2021-04-09,0.705,0.705,0.0,1.0
2021-04-12,0.7,0.7,0.0,1.0
2021-04-13,0.688,0.688,0.0,1.0
2021-04-14,0.696,0.696,0.0,1.0
2021-04-15,0.693,0.693,0.0,1.0
2021-04-16,0.699,0.699,0.0,1.0
2021-04-19,0.709,0.709,0.0,1.0
2021-04-20,0.709,0.709,0.0,1.0
2021-04-21,0.702,0.702,0.0,1.0
2021-04-22,0.702,0.702,0.0,1.0
2021-04-23,0.701,0.701,0.0,1.0
2021-04-26,0.7,0.7,0.0,1.0
2021-04-27,0.696,0.696,0.0,1.0
2021-04-28,0.7,0.7,0.0,1.0
2021-04-29,0.708,0.708,0.0,1.0
2021-04-30,0.701,0.701,0.0,1.0
2021-05-06,0.708,0.708,0.0,1.0
2021-05-07,0.71,0.71,0.0,1.0
2021-05-10,0.712,0.712,0.0,1.0
2021-05-11,0.706,0.706,0.0,1.0
2021-05-12,0.709,0.709,0.0,1.0
2021-05-13,0.7,0.7,0.0,1.0
2021-05-14,0.705,0.705,0.0,1.0
2021-05-17,0.712,0.712,0.0,1.0
2021-05-18,0.71,0.71,0.0,1.0
2021-05-19,0.708,0.708,0.0,1.0
2021-05-20,0.704,0.704,0.0,1.0
2021-05-21,0.702,0.702,0.0,1.0
2021-05-24,0.701,0.701,0.0,1.0
2021-05-25,0.709,0.709,0.0,1.0
2021-05-26,0.711,0.711,0.0,1.0
2021-05-27,0.713,0.713,0.0,1.0
2021-05-28,0.71,0.71,0.0,1.0
2021-05-31,0.714,0.714,0.0,1.0
2021-06-01,0.713,0.713,0.0,1.0
2021-06-02,0.709,0.709,0.0,1.0
2021-06-03,0.708,0.708,0.0,1.0
2021-06-04,0.71,0.71,0.0,1.0
2021-06-07,0.705,0.705,0.0,1.0
2021-06-08,0.706,0.706,0.0,1.0
2021-06-09,0.708,0.708,0.0,1.0
2021-06-10,0.705,0.705,0.0,1.0
2021-06-11,0.702,0.702,0.0,1.0
2021-06-15,0.7,0.7,0.0,1.0
2021-06-16,0.699,0.699,0.0,1.0
2021-06-17,0.698,0.698,0.0,1.0
2021-06-18,0.693,0.693,0.0,1.0
2021-06-21,0.688,0.688,0.0,1.0
2021-06-22,0.692,0.692,0.0,1.0
2021-06-23,0.696,0.696,0.0,1.0
2021-06-24,0.699,0.699,0.0,1.0
2021-06-25,0.708,0.708,0.0,1.0
2021-06-28,0.707,0.707,0.0,1.0
2021-06-29,0.7,0.7,0.0,1.0
2021-06-30,0.702,0.702,0.0,1.0
2021-07-01,0.703,0.703,0.0,1.0
2021-07-02,0.693,0.693,0.0,1.0
2021-07-05,0.699,0.699,0.0,1.0
2021-07-06,0.696,0.696,0.0,1.0
2021-07-07,0.701,0.701,0.0,1.0
2021-07-08,0.692,0.692,0.0,1.0
2021-07-09,0.696,0.696,0.0,1.0
2021-07-12,0.701,0.701,0.0,1.0
2021-07-13,0.705,0.705,0.0,1.0
2021-07-14,0.7,0.7,0.0,1.0
2021-07-15,0.702,0.702,0.0,1.0
2021-07-16,0.703,0.703,0.0,1.0
2021-07-19,0.699,0.699,0.0,1.0
2021-07-20,0.697,0.697,0.0,1.0
2021-07-21,0.698,0.698,0.0,1.0
2021-07-22,0.703,0.703,0.0,1.0
2021-07-23,0.707,0.707,0.0,1.0
2021-07-26,0.698,0.698,0.0,1.0
2021-07-27,0.675,0.675,0.0,1.0
2021-07-28,0.668,0.668,0.0,1.0
2021-07-29,0.683,0.683,0.0,1.0
2021-07-30,0.689,0.689,0.0,1.0
2021-08-02,0.696,0.696,0.0,1.0
2021-08-03,0.697,0.697,0.0,1.0
2021-08-04,0.701,0.701,0.0,1.0
2021-08-05,0.698,0.698,0.0,1.0
2021-08-06,0.699,0.699,0.0,1.0
2021-08-09,0.708,0.708,0.0,1.0
2021-08-10,0.709,0.709,0.0,1.0
2021-08-11,0.713,0.713,0.0,1.0
2021-08-12,0.716,0.716,0.0,1.0
2021-08-13,0.717,0.717,0.0,1.0
2021-08-16,0.717,0.717,0.0,1.0
2021-08-17,0.709,0.709,0.0,1.0
2021-08-18,0.717,0.717,0.0,1.0
2021-08-19,0.714,0.714,0.0,1.0
2021-08-20,0.708,0.708,0.0,1.0
2021-08-23,0.716,0.716,0.0,1.0
2021-08-24,0.709,0.709,0.0,1.0
2021-08-25,0.726,0.726,0.0,1.0
2021-08-26,0.722,0.722,0.0,1.0
2021-08-27,0.731,0.731,0.0,1.0
2021-08-30,0.735,0.735,0.0,1.0
2021-08-31,0.749,0.749,0.0,1.0
2021-09-01,0.77,0.77,0.0,1.0
2021-09-02,0.782,0.782,0.0,1.0
2021-09-03,0.776,0.776,0.0,1.0
2021-09-06,0.788,0.788,0.0,1.0
2021-09-07,0.803,0.803,0.0,1.0
2021-09-08,0.804,0.804,0.0,1.0
2021-09-09,0.816,0.816,0.0,1.0
2021-09-10,0.811,0.811,0.0,1.0
2021-09-13,0.826,0.826,0.0,1.0
2021-09-14,0.805,0.805,0.0,1.0
2021-09-15,0.793,0.793,0.0,1.0
2021-09-16,0.781,0.781,0.0,1.0
2021-09-17,0.778,0.778,0.0,1.0
2021-09-22,0.787,0.787,0.0,1.0
2021-09-23,0.8,0.8,0.0,1.0
2021-09-24,0.78,0.78,0.0,1.0
2021-09-27,0.761,0.761,0.0,1.0
2021-09-28,0.768,0.768,0.0,1.0
2021-09-29,0.751,0.751,0.0,1.0
2021-09-30,0.756,0.756,0.0,1.0
2021-10-08,0.757,0.757,0.0,1.0
2021-10-11,0.757,0.757,0.0,1.0
2021-10-12,0.746,0.746,0.0,1.0
2021-10-13,0.746,0.746,0.0,1.0
2021-10-14,0.745,0.745,0.0,1.0
2021-10-15,0.748,0.748,0.0,1.0
2021-10-18,0.754,0.754,0.0,1.0
2021-10-19,0.756,0.756,0.0,1.0
2021-10-20,0.752,0.752,0.0,1.0
2021-10-21,0.753,0.753,0.0,1.0
2021-10-22,0.752,0.752,0.0,1.0
2021-10-25,0.754,0.754,0.0,1.0
2021-10-26,0.757,0.757,0.0,1.0
2021-10-27,0.748,0.748,0.0,1.0
2021-10-28,0.738,0.738,0.0,1.0
2021-10-29,0.745,0.745,0.0,1.0
2021-11-01,0.742,0.742,0.0,1.0
2021-11-02,0.733,0.733,0.0,1.0
2021-11-03,0.735,0.735,0.0,1.0
2021-11-04,0.738,0.738,0.0,1.0
2021-11-05,0.732,0.732,0.0,1.0
2021-11-08,0.735,0.735,0.0,1.0
2021-11-09,0.731,0.731,0.0,1.0
2021-11-10,0.729,0.729,0.0,1.0
2021-11-11,0.74,0.74,0.0,1.0
2021-11-12,0.739,0.739,0.0,1.0
2021-11-15,0.735,0.735,0.0,1.0
2021-11-16,0.732,0.732,0.0,1.0
2021-11-17,0.729,0.729,0.0,1.0
2021-11-18,0.726,0.726,0.0,1.0
2021-11-19,0.733,0.733,0.0,1.0
2021-11-22,0.735,0.735,0.0,1.0
2021-11-23,0.738,0.738,0.0,1.0
2021-11-24,0.738,0.738,0.0,1.0
2021-11-25,0.738,0.738,0.0,1.0
2021-11-26,0.741,0.741,0.0,1.0
2021-11-29,0.738,0.738,0.0,1.0
2021-11-30,0.729,0.729,0.0,1.0
2021-12-01,0.731,0.731,0.0,1.0
2021-12-02,0.74,0.74,0.0,1.0
2021-12-03,0.747,0.747,0.0,1.0
2021-12-06,0.749,0.749,0.0,1.0
2021-12-07,0.756,0.756,0.0,1.0
2021-12-08,0.761,0.761,0.0,1.0
2021-12-09,0.77,0.77,0.0,1.0
2021-12-10,0.763,0.763,0.0,1.0
2021-12-13,0.768,0.768,0.0,1.0
2021-12-14,0.756,0.756,0.0,1.0
2021-12-15,0.756,0.756,0.0,1.0
2021-12-16,0.767,0.767,0.0,1.0
2021-12-17,0.762,0.762,0.0,1.0
2021-12-20,0.756,0.756,0.0,1.0
2021-12-21,0.765,0.765,0.0,1.0
2021-12-22,0.765,0.765,0.0,1.0
2021-12-23,0.771,0.771,0.0,1.0
2021-12-24,0.762,0.762,0.0,1.0
2021-12-27,0.763,0.763,0.0,1.0
2021-12-28,0.76,0.76,0.0,1.0
2021-12-29,0.757,0.757,0.0,1.0
2021-12-30,0.762,0.762,0.0,1.0
2021-12-31,0.766,0.766,0.0,1.0
2022-01-04,0.764,0.764,0.0,1.0
2022-01-05,0.76,0.76,0.0,1.0
2022-01-06,0.763,0.763,0.0,1.0
2022-01-07,0.771,0.771,0.0,1.0
2022-01-10,0.775,0.775,0.0,1.0
2022-01-11,0.772,0.772,0.0,1.0
2022-01-12,0.771,0.771,0.0,1.0
2022-01-13,0.765,0.765,0.0,1.0
2022-01-14,0.75,0.75,0.0,1.0
2022-01-17,0.75,0.75,0.0,1.0
2022-01-18,0.771,0.771,0.0,1.0
2022-01-19,0.771,0.771,0.0,1.0
2022-01-20,0.775,0.775,0.0,1.0
2022-01-21,0.764,0.764,0.0,1.0
2022-01-24,0.768,0.768,0.0,1.0
2022-01-25,0.747,0.747,0.0,1.0
2022-01-26,0.754,0.754,0.0,1.0
2022-01-27,0.742,0.742,0.0,1.0
2022-01-28,0.731,0.731,0.0,1.0
2022-02-07,0.756,0.756,0.0,1.0
2022-02-08,0.764,0.764,0.0,1.0
2022-02-09,0.774,0.774,0.0,1.0
2022-02-10,0.778,0.778,0.0,1.0
2022-02-11,0.773,0.773,0.0,1.0
2022-02-14,0.756,0.756,0.0,1.0
2022-02-15,0.761,0.761,0.0,1.0
2022-02-16,0.765,0.765,0.0,1.0
2022-02-17,0.762,0.762,0.0,1.0
2022-02-18,0.773,0.773,0.0,1.0
2022-02-21,0.772,0.772,0.0,1.0
2022-02-22,0.759,0.759,0.0,1.0
2022-02-23,0.761,0.761,0.0,1.0
2022-02-24,0.744,0.744,0.0,1.0
2022-02-25,0.747,0.747,0.0,1.0
2022-02-28,0.75,0.75,0.0,1.0
2022-03-01,0.754,0.754,0.0,1.0
2022-03-02,0.754,0.754,0.0,1.0
2022-03-03,0.76,0.76,0.0,1.0
2022-03-04,0.755,0.755,0.0,1.0
2022-03-07,0.749,0.749,0.0,1.0
2022-03-08,0.728,0.728,0.0,1.0
2022-03-09,0.719,0.719,0.0,1.0
2022-03-10,0.723,0.723,0.0,1.0
2022-03-11,0.722,0.722,0.0,1.0
2022-03-14,0.711,0.711,0.0,1.0
2022-03-15,0.696,0.696,0.0,1.0
2022-03-16,0.69,0.69,0.0,1.0
2022-03-17,0.698,0.698,0.0,1.0
2022-03-18,0.71,0.71,0.0,1.0
2022-03-21,0.708,0.708,0.0,1.0
2022-03-22,0.714,0.714,0.0,1.0
2022-03-23,0.714,0.714,0.0,1.0
2022-03-24,0.713,0.713,0.0,1.0
2022-03-25,0.707,0.707,0.0,1.0
2022-03-28,0.708,0.708,0.0,1.0
2022-03-29,0.712,0.712,0.0,1.0
2022-03-30,0.72,0.72,0.0,1.0
2022-03-31,0.72,0.72,0.0,1.0
2022-04-01,0.726,0.726,0.0,1.0
2022-04-06,0.736,0.736,0.0,1.0
2022-04-07,0.731,0.731,0.0,1.0
2022-04-08,0.738,0.738,0.0,1.0
2022-04-11,0.729,0.729,0.0,1.0
2022-04-12,0.732,0.732,0.0,1.0
2022-04-13,0.727,0.727,0.0,1.0
2022-04-14,0.738,0.738,0.0,1.0
2022-04-15,0.737,0.737,0.0,1.0
2022-04-18,0.723,0.723,0.0,1.0
2022-04-19,0.728,0.728,0.0,1.0
2022-04-20,0.713,0.713,0.0,1.0
2022-04-21,0.695,0.695,0.0,1.0
2022-04-22,0.705,0.705,0.0,1.0
2022-04-25,0.691,0.691,0.0,1.0
2022-04-26,0.675,0.675,0.0,1.0
2022-04-27,0.688,0.688,0.0,1.0
2022-04-28,0.697,0.697,0.0,1.0
2022-04-29,0.71,0.71,0.0,1.0
2022-05-05,0.711,0.711,0.0,1.0
2022-05-06,0.693,0.693,0.0,1.0
2022-05-09,0.691,0.691,0.0,1.0
2022-05-10,0.7,0.7,0.0,1.0
2022-05-11,0.707,0.707,0.0,1.0
2022-05-12,0.702,0.702,0.0,1.0
2022-05-13,0.702,0.702,0.0,1.0
2022-05-16,0.7,0.7,0.0,1.0
2022-05-17,0.701,0.701,0.0,1.0
2022-05-18,0.703,0.703,0.0,1.0
2022-05-19,0.71,0.71,0.0,1.0
2022-05-20,0.715,0.715,0.0,1.0
2022-05-23,0.709,0.709,0.0,1.0
2022-05-24,0.697,0.697,0.0,1.0
2022-05-25,0.704,0.704,0.0,1.0
2022-05-26,0.712,0.712,0.0,1.0
2022-05-27,0.709,0.709,0.0,1.0
2022-05-30,0.711,0.711,0.0,1.0
2022-05-31,0.712,0.712,0.0,1.0
2022-06-01,0.714,0.714,0.0,1.0
2022-06-02,0.713,0.713,0.0,1.0
2022-06-06,0.711,0.711,0.0,1.0
2022-06-07,0.714,0.714,0.0,1.0
2022-06-08,0.714,0.714,0.0,1.0
2022-06-09,0.715,0.715,0.0,1.0
2022-06-10,0.719,0.719,0.0,1.0
2022-06-13,0.71,0.71,0.0,1.0
2022-06-14,0.718,0.718,0.0,1.0
2022-06-15,0.73,0.73,0.0,1.0
2022-06-16,0.722,0.722,0.0,1.0
2022-06-17,0.723,0.723,0.0,1.0
2022-06-20,0.722,0.722,0.0,1.0
2022-06-21,0.72,0.72,0.0,1.0
2022-06-22,0.707,0.707,0.0,1.0
2022-06-23,0.72,0.72,0.0,1.0
2022-06-24,0.722,0.722,0.0,1.0
2022-06-27,0.728,0.728,0.0,1.0
2022-06-28,0.735,0.735,0.0,1.0
2022-06-29,0.73,0.73,0.0,1.0
2022-06-30,0.732,0.732,0.0,1.0
2022-07-01,0.731,0.731,0.0,1.0
2022-07-04,0.736,0.736,0.0,1.0
2022-07-05,0.738,0.738,0.0,1.0
2022-07-06,0.723,0.723,0.0,1.0
2022-07-07,0.73,0.73,0.0,1.0
2022-07-08,0.73,0.73,0.0,1.0
2022-07-11,0.722,0.722,0.0,1.0
2022-07-12,0.725,0.725,0.0,1.0
2022-07-13,0.722,0.722,0.0,1.0
2022-07-14,0.715,0.715,0.0,1.0
2022-07-15,0.706,0.706,0.0,1.0
2022-07-18,0.72,0.72,0.0,1.0
2022-07-19,0.715,0.715,0.0,1.0
2022-07-20,0.718,0.718,0.0,1.0
2022-07-21,0.708,0.708,0.0,1.0
2022-07-22,0.708,0.708,0.0,1.0
2022-07-25,0.702,0.702,0.0,1.0
2022-07-26,0.708,0.708,0.0,1.0
2022-07-27,0.705,0.705,0.0,1.0
2022-07-28,0.706,0.706,0.0,1.0
2022-07-29,0.702,0.702,0.0,1.0
2022-08-01,0.701,0.701,0.0,1.0
2022-08-02,0.681,0.681,0.0,1.0
2022-08-03,0.678,0.678,0.0,1.0
2022-08-04,0.681,0.681,0.0,1.0
2022-08-05,0.688,0.688,0.0,1.0
2022-08-08,0.693,0.693,0.0,1.0
2022-08-09,0.696,0.696,0.0,1.0
2022-08-10,0.701,0.701,0.0,1.0
2022-08-11,0.7,0.7,0.0,1.0
2022-08-12,0.702,0.702,0.0,1.0
2022-08-15,0.704,0.704,0.0,1.0
2022-08-16,0.702,0.702,0.0,1.0
2022-08-17,0.706,0.706,0.0,1.0
2022-08-18,0.7,0.7,0.0,1.0
2022-08-19,0.704,0.704,0.0,1.0
2022-08-22,0.71,0.71,0.0,1.0
2022-08-23,0.708,0.708,0.0,1.0
2022-08-24,0.697,0.697,0.0,1.0
2022-08-25,0.707,0.707,0.0,1.0
2022-08-26,0.702,0.702,0.0,1.0
2022-08-29,0.702,0.702,0.0,1.0
2022-08-30,0.701,0.701,0.0,1.0
2022-08-31,0.706,0.706,0.0,1.0
2022-09-01,0.7,0.7,0.0,1.0
2022-09-02,0.696,0.696,0.0,1.0
2022-09-05,0.701,0.701,0.0,1.0
2022-09-06,0.712,0.712,0.0,1.0
2022-09-07,0.712,0.712,0.0,1.0
2022-09-08,0.711,0.711,0.0,1.0
2022-09-09,0.72,0.72,0.0,1.0
2022-09-13,0.718,0.718,0.0,1.0
2022-09-14,0.703,0.703,0.0,1.0
2022-09-15,0.71,0.71,0.0,1.0
2022-09-16,0.69,0.69,0.0,1.0
2022-09-19,0.687,0.687,0.0,1.0
2022-09-20,0.683,0.683,0.0,1.0
2022-09-21,0.684,0.684,0.0,1.0
2022-09-22,0.69,0.69,0.0,1.0
2022-09-23,0.684,0.684,0.0,1.0
2022-09-26,0.666,0.666,0.0,1.0
2022-09-27,0.686,0.686,0.0,1.0
2022-09-28,0.661,0.661,0.0,1.0
2022-09-29,0.66,0.66,0.0,1.0
2022-09-30,0.664,0.664,0.0,1.0
2022-10-10,0.656,0.656,0.0,1.0
2022-10-11,0.661,0.661,0.0,1.0
2022-10-12,0.678,0.678,0.0,1.0
2022-10-13,0.671,0.671,0.0,1.0
2022-10-14,0.675,0.675,0.0,1.0
2022-10-17,0.673,0.673,0.0,1.0
2022-10-18,0.676,0.676,0.0,1.0
2022-10-19,0.671,0.671,0.0,1.0
2022-10-20,0.669,0.669,0.0,1.0
2022-10-21,0.663,0.663,0.0,1.0
2022-10-24,0.649,0.649,0.0,1.0
2022-10-25,0.654,0.654,0.0,1.0
2022-10-26,0.661,0.661,0.0,1.0
2022-10-27,0.648,0.648,0.0,1.0
2022-10-28,0.639,0.639,0.0,1.0
2022-10-31,0.625,0.625,0.0,1.0
2022-11-01,0.639,0.639,0.0,1.0
2022-11-02,0.651,0.651,0.0,1.0
2022-11-03,0.649,0.649,0.0,1.0
2022-11-04,0.656,0.656,0.0,1.0
2022-11-07,0.652,0.652,0.0,1.0
2022-11-08,0.655,0.655,0.0,1.0
2022-11-09,0.656,0.656,0.0,1.0
2022-11-10,0.647,0.647,0.0,1.0
2022-11-11,0.665,0.665,0.0,1.0
2022-11-14,0.669,0.669,0.0,1.0
2022-11-15,0.678,0.678,0.0,1.0
2022-11-16,0.677,0.677,0.0,1.0
2022-11-17,0.674,0.674,0.0,1.0
2022-11-18,0.671,0.671,0.0,1.0
2022-11-21,0.665,0.665,0.0,1.0
2022-11-22,0.686,0.686,0.0,1.0
2022-11-23,0.689,0.689,0.0,1.0
2022-11-24,0.681,0.681,0.0,1.0
2022-11-25,0.701,0.701,0.0,1.0
2022-11-28,0.693,0.693,0.0,1.0
2022-11-29,0.71,0.71,0.0,1.0
2022-11-30,0.711,0.711,0.0,1.0
2022-12-01,0.711,0.711,0.0,1.0
2022-12-02,0.707,0.707,0.0,1.0
2022-12-05,0.738,0.738,0.0,1.0
2022-12-06,0.734,0.734,0.0,1.0
2022-12-07,0.725,0.725,0.0,1.0
2022-12-08,0.726,0.726,0.0,1.0
2022-12-09,0.728,0.728,0.0,1.0
2022-12-12,0.719,0.719,0.0,1.0
2022-12-13,0.718,0.718,0.0,1.0
2022-12-14,0.714,0.714,0.0,1.0
2022-12-15,0.711,0.711,0.0,1.0
2022-12-16,0.713,0.713,0.0,1.0
2022-12-19,0.696,0.696,0.0,1.0
2022-12-20,0.689,0.689,0.0,1.0
2022-12-21,0.689,0.689,0.0,1.0
2022-12-22,0.686,0.686,0.0,1.0
2022-12-23,0.686,0.686,0.0,1.0
2022-12-26,0.687,0.687,0.0,1.0
2022-12-27,0.692,0.692,0.0,1.0
2022-12-28,0.692,0.692,0.0,1.0
2022-12-29,0.684,0.684,0.0,1.0
2022-12-30,0.688,0.688,0.0,1.0
2023-01-03,0.699,0.699,0.0,1.0
2023-01-04,0.7,0.7,0.0,1.0
2023-01-05,0.705,0.705,0.0,1.0
2023-01-06,0.707,0.707,0.0,1.0
2023-01-09,0.708,0.708,0.0,1.0
2023-01-10,0.704,0.704,0.0,1.0
2023-01-11,0.705,0.705,0.0,1.0
2023-01-12,0.708,0.708,0.0,1.0
2023-01-13,0.71,0.71,0.0,1.0
2023-01-16,0.72,0.72,0.0,1.0
2023-01-17,0.718,0.718,0.0,1.0
2023-01-18,0.718,0.718,0.0,1.0
2023-01-19,0.723,0.723,0.0,1.0
2023-01-20,0.732,0.732,0.0,1.0
2023-01-30,0.728,0.728,0.0,1.0
2023-01-31,0.73,0.73,0.0,1.0
2023-02-01,0.737,0.737,0.0,1.0
2023-02-02,0.736,0.736,0.0,1.0
2023-02-03,0.728,0.728,0.0,1.0
2023-02-06,0.718,0.718,0.0,1.0
2023-02-07,0.724,0.724,0.0,1.0
2023-02-08,0.719,0.719,0.0,1.0
2023-02-09,0.724,0.724,0.0,1.0
2023-02-10,0.724,0.724,0.0,1.0
2023-02-13,0.728,0.728,0.0,1.0
2023-02-14,0.733,0.733,0.0,1.0
2023-02-15,0.728,0.728,0.0,1.0
2023-02-16,0.724,0.724,0.0,1.0
2023-02-17,0.716,0.716,0.0,1.0
2023-02-20,0.739,0.739,0.0,1.0
2023-02-21,0.751,0.751,0.0,1.0
2023-02-22,0.745,0.745,0.0,1.0
2023-02-23,0.742,0.742,0.0,1.0
2023-02-24,0.738,0.738,0.0,1.0
2023-02-27,0.732,0.732,0.0,1.0
2023-02-28,0.739,0.739,0.0,1.0
2023-03-01,0.753,0.753,0.0,1.0
2023-03-02,0.758,0.758,0.0,1.0
2023-03-03,0.768,0.768,0.0,1.0
2023-03-06,0.76,0.76,0.0,1.0
2023-03-07,0.755,0.755,0.0,1.0
2023-03-08,0.755,0.755,0.0,1.0
2023-03-09,0.749,0.749,0.0,1.0
2023-03-10,0.732,0.732,0.0,1.0
2023-03-13,0.747,0.747,0.0,1.0
2023-03-14,0.745,0.745,0.0,1.0
2023-03-15,0.75,0.75,0.0,1.0
2023-03-16,0.741,0.741,0.0,1.0
2023-03-17,0.752,0.752,0.0,1.0
2023-03-20,0.741,0.741,0.0,1.0
2023-03-21,0.739,0.739,0.0,1.0
2023-03-22,0.743,0.743,0.0,1.0
2023-03-23,0.75,0.75,0.0,1.0
2023-03-24,0.741,0.741,0.0,1.0
2023-03-27,0.735,0.735,0.0,1.0
2023-03-28,0.736,0.736,0.0,1.0
2023-03-29,0.732,0.732,0.0,1.0
2023-03-30,0.737,0.737,0.0,1.0
2023-03-31,0.736,0.736,0.0,1.0
2023-04-03,0.743,0.743,0.0,1.0
2023-04-04,0.752,0.752,0.0,1.0
2023-04-06,0.754,0.754,0.0,1.0
2023-04-07,0.754,0.754,0.0,1.0
2023-04-10,0.757,0.757,0.0,1.0
2023-04-11,0.758,0.758,0.0,1.0
2023-04-12,0.767,0.767,0.0,1.0
2023-04-13,0.762,0.762,0.0,1.0
2023-04-14,0.771,0.771,0.0,1.0
2023-04-17,0.783,0.783,0.0,1.0
2023-04-18,0.787,0.787,0.0,1.0
2023-04-19,0.777,0.777,0.0,1.0
2023-04-20,0.78,0.78,0.0,1.0
2023-04-21,0.768,0.768,0.0,1.0
2023-04-24,0.76,0.76,0.0,1.0
2023-04-25,0.755,0.755,0.0,1.0
2023-04-26,0.749,0.749,0.0,1.0
2023-04-27,0.756,0.756,0.0,1.0
2023-04-28,0.77,0.77,0.0,1.0
2023-05-04,0.781,0.781,0.0,1.0
2023-05-05,0.776,0.776,0.0,1.0
2023-05-08,0.795,0.795,0.0,1.0
2023-05-09,0.784,0.784,0.0,1.0
2023-05-10,0.775,0.775,0.0,1.0
2023-05-11,0.769,0.769,0.0,1.0
2023-05-12,0.757,0.757,0.0,1.0
2023-05-15,0.76,0.76,0.0,1.0
2023-05-16,0.754,0.754,0.0,1.0
2023-05-17,0.746,0.746,0.0,1.0
2023-05-18,0.752,0.752,0.0,1.0
2023-05-19,0.747,0.747,0.0,1.0
2023-05-22,0.746,0.746,0.0,1.0
2023-05-23,0.734,0.734,0.0,1.0
2023-05-24,0.722,0.722,0.0,1.0
2023-05-25,0.719,0.719,0.0,1.0
2023-05-26,0.72,0.72,0.0,1.0
2023-05-29,0.723,0.723,0.0,1.0
2023-05-30,0.727,0.727,0.0,1.0
2023-05-31,0.724,0.724,0.0,1.0
2023-06-01,0.723,0.723,0.0,1.0
2023-06-02,0.732,0.732,0.0,1.0
2023-06-05,0.73,0.73,0.0,1.0
2023-06-06,0.725,0.725,0.0,1.0
2023-06-07,0.725,0.725,0.0,1.0
2023-06-08,0.736,0.736,0.0,1.0
2023-06-09,0.738,0.738,0.0,1.0
2023-06-12,0.735,0.735,0.0,1.0
2023-06-13,0.735,0.735,0.0,1.0
2023-06-14,0.733,0.733,0.0,1.0
2023-06-15,0.737,0.737,0.0,1.0
2023-06-16,0.743,0.743,0.0,1.0
2023-06-19,0.74,0.74,0.0,1.0
2023-06-20,0.736,0.736,0.0,1.0
2023-06-21,0.726,0.726,0.0,1.0
2023-06-26,0.715,0.715,0.0,1.0
2023-06-27,0.731,0.731,0.0,1.0
2023-06-28,0.729,0.729,0.0,1.0
2023-06-29,0.728,0.728,0.0,1.0
2023-06-30,0.733,0.733,0.0,1.0
2023-07-03,0.741,0.741,0.0,1.0
2023-07-04,0.738,0.738,0.0,1.0
2023-07-05,0.739,0.739,0.0,1.0
2023-07-06,0.735,0.735,0.0,1.0
2023-07-07,0.733,0.733,0.0,1.0
2023-07-10,0.735,0.735,0.0,1.0
2023-07-11,0.74,0.74,0.0,1.0
2023-07-12,0.731,0.731,0.0,1.0
2023-07-13,0.742,0.742,0.0,1.0
2023-07-14,0.75,0.75,0.0,1.0
2023-07-17,0.744,0.744,0.0,1.0
2023-07-18,0.747,0.747,0.0,1.0
2023-07-19,0.747,0.747,0.0,1.0
2023-07-20,0.741,0.741,0.0,1.0
2023-07-21,0.738,0.738,0.0,1.0
2023-07-24,0.741,0.741,0.0,1.0
2023-07-25,0.757,0.757,0.0,1.0
2023-07-26,0.757,0.757,0.0,1.0
2023-07-27,0.759,0.759,0.0,1.0
2023-07-28,0.775,0.775,0.0,1.0
2023-07-31,0.783,0.783,0.0,1.0
2023-08-01,0.782,0.782,0.0,1.0
2023-08-02,0.776,0.776,0.0,1.0
2023-08-03,0.779,0.779,0.0,1.0
2023-08-04,0.783,0.783,0.0,1.0
2023-08-07,0.777,0.777,0.0,1.0
2023-08-08,0.775,0.775,0.0,1.0
2023-08-09,0.771,0.771,0.0,1.0
2023-08-10,0.774,0.774,0.0,1.0
2023-08-11,0.758,0.758,0.0,1.0
2023-08-14,0.756,0.756,0.0,1.0
2023-08-15,0.757,0.757,0.0,1.0
2023-08-16,0.754,0.754,0.0,1.0
2023-08-17,0.753,0.753,0.0,1.0
2023-08-18,0.746,0.746,0.0,1.0
2023-08-21,0.74,0.74,0.0,1.0
2023-08-22,0.751,0.751,0.0,1.0
2023-08-23,0.74,0.74,0.0,1.0
2023-08-24,0.737,0.737,0.0,1.0
2023-08-25,0.733,0.733,0.0,1.0
2023-08-28,0.745,0.745,0.0,1.0
2023-08-29,0.742,0.742,0.0,1.0
2023-08-30,0.739,0.739,0.0,1.0
2023-08-31,0.738,0.738,0.0,1.0
2023-09-01,0.746,0.746,0.0,1.0
2023-09-04,0.759,0.759,0.0,1.0
2023-09-05,0.753,0.753,0.0,1.0
2023-09-06,0.751,0.751,0.0,1.0
2023-09-07,0.744,0.744,0.0,1.0
2023-09-08,0.742,0.742,0.0,1.0
2023-09-11,0.747,0.747,0.0,1.0
2023-09-12,0.747,0.747,0.0,1.0
2023-09-13,0.744,0.744,0.0,1.0
2023-09-14,0.748,0.748,0.0,1.0
2023-09-15,0.746,0.746,0.0,1.0
2023-09-18,0.742,0.742,0.0,1.0
2023-09-19,0.747,0.747,0.0,1.0
2023-09-20,0.746,0.746,0.0,1.0
2023-09-21,0.739,0.739,0.0,1.0
2023-09-22,0.748,0.748,0.0,1.0
2023-09-25,0.744,0.744,0.0,1.0
2023-09-26,0.739,0.739,0.0,1.0
2023-09-27,0.737,0.737,0.0,1.0
2023-09-28,0.734,0.734,0.0,1.0
2023-10-09,0.733,0.733,0.0,1.0
2023-10-10,0.726,0.726,0.0,1.0
2023-10-11,0.724,0.724,0.0,1.0
2023-10-12,0.734,0.734,0.0,1.0
2023-10-13,0.729,0.729,0.0,1.0
2023-10-16,0.725,0.725,0.0,1.0
2023-10-17,0.73,0.73,0.0,1.0
2023-10-18,0.726,0.726,0.0,1.0
2023-10-19,0.71,0.71,0.0,1.0
2023-10-20,0.705,0.705,0.0,1.0
2023-10-23,0.692,0.692,0.0,1.0
2023-10-24,0.697,0.697,0.0,1.0
2023-10-25,0.703,0.703,0.0,1.0
2023-10-26,0.707,0.707,0.0,1.0
2023-10-27,0.711,0.711,0.0,1.0
2023-10-30,0.71,0.71,0.0,1.0
2023-10-31,0.71,0.71,0.0,1.0
2023-11-01,0.707,0.707,0.0,1.0
2023-11-02,0.706,0.706,0.0,1.0
2023-11-03,0.706,0.706,0.0,1.0
2023-11-06,0.709,0.709,0.0,1.0
2023-11-07,0.707,0.707,0.0,1.0
2023-11-08,0.704,0.704,0.0,1.0
2023-11-09,0.708,0.708,0.0,1.0
2023-11-10,0.703,0.703,0.0,1.0
2023-11-13,0.7,0.7,0.0,1.0
2023-11-14,0.702,0.702,0.0,1.0
2023-11-15,0.705,0.705,0.0,1.0
2023-11-16,0.703,0.703,0.0,1.0
2023-11-17,0.702,0.702,0.0,1.0
2023-11-20,0.704,0.704,0.0,1.0
2023-11-21,0.705,0.705,0.0,1.0
2023-11-22,0.701,0.701,0.0,1.0
2023-11-23,0.704,0.704,0.0,1.0
2023-11-24,0.704,0.704,0.0,1.0
2023-11-27,0.7,0.7,0.0,1.0
2023-11-28,0.698,0.698,0.0,1.0
2023-11-29,0.694,0.694,0.0,1.0
2023-11-30,0.696,0.696,0.0,1.0
2023-12-01,0.696,0.696,0.0,1.0
2023-12-04,0.693,0.693,0.0,1.0
2023-12-05,0.682,0.682,0.0,1.0
2023-12-06,0.679,0.679,0.0,1.0
2023-12-07,0.677,0.677,0.0,1.0
2023-12-08,0.676,0.676,0.0,1.0
2023-12-11,0.68,0.68,0.0,1.0
2023-12-12,0.683,0.683,0.0,1.0
2023-12-13,0.675,0.675,0.0,1.0
2023-12-14,0.676,0.676,0.0,1.0
2023-12-15,0.671,0.671,0.0,1.0
2023-12-18,0.667,0.667,0.0,1.0
2023-12-19,0.668,0.668,0.0,1.0
2023-12-20,0.665,0.665,0.0,1.0
2023-12-21,0.667,0.667,0.0,1.0
2023-12-22,0.675,0.675,0.0,1.0
2023-12-25,0.671,0.671,0.0,1.0
2023-12-26,0.669,0.669,0.0,1.0
2023-12-27,0.674,0.674,0.0,1.0
2023-12-28,0.682,0.682,0.0,1.0
2023-12-29,0.684,0.684,0.0,1.0
2024-01-02,0.68,0.68,0.0,1.0
2024-01-03,0.683,0.683,0.0,1.0
2024-01-04,0.678,0.678,0.0,1.0
2024-01-05,0.68,0.68,0.0,1.0
2024-01-08,0.676,0.676,0.0,1.0
2024-01-09,0.677,0.677,0.0,1.0
2024-01-10,0.671,0.671,0.0,1.0
2024-01-11,0.672,0.672,0.0,1.0
2024-01-12,0.672,0.672,0.0,1.0
2024-01-15,0.673,0.673,0.0,1.0
2024-01-16,0.674,0.674,0.0,1.0
2024-01-17,0.668,0.668,0.0,1.0
2024-01-18,0.667,0.667,0.0,1.0
2024-01-19,0.667,0.667,0.0,1.0
2024-01-22,0.657,0.657,0.0,1.0
2024-01-23,0.655,0.655,0.0,1.0
2024-01-24,0.674,0.674,0.0,1.0
2024-01-25,0.695,0.695,0.0,1.0
2024-01-26,0.703,0.703,0.0,1.0
2024-01-29,0.707,0.707,0.0,1.0
2024-01-30,0.697,0.697,0.0,1.0
2024-01-31,0.696,0.696,0.0,1.0
2024-02-01,0.691,0.691,0.0,1.0
2024-02-02,0.687,0.687,0.0,1.0
2024-02-05,0.685,0.685,0.0,1.0
2024-02-06,0.704,0.704,0.0,1.0
2024-02-07,0.704,0.704,0.0,1.0
2024-02-08,0.707,0.707,0.0,1.0
2024-02-19,0.719,0.719,0.0,1.0
2024-02-20,0.724,0.724,0.0,1.0
2024-02-21,0.732,0.732,0.0,1.0
2024-02-22,0.739,0.739,0.0,1.0
2024-02-23,0.739,0.739,0.0,1.0
2024-02-26,0.727,0.727,0.0,1.0
2024-02-27,0.732,0.732,0.0,1.0
2024-02-28,0.731,0.731,0.0,1.0
2024-02-29,0.736,0.736,0.0,1.0
2024-03-01,0.737,0.737,0.0,1.0
2024-03-04,0.74,0.74,0.0,1.0
2024-03-05,0.75,0.75,0.0,1.0
2024-03-06,0.748,0.748,0.0,1.0
2024-03-07,0.746,0.746,0.0,1.0
2024-03-08,0.751,0.751,0.0,1.0
2024-03-11,0.75,0.75,0.0,1.0
2024-03-12,0.741,0.741,0.0,1.0
2024-03-13,0.737,0.737,0.0,1.0
2024-03-14,0.739,0.739,0.0,1.0
2024-03-15,0.741,0.741,0.0,1.0
2024-03-18,0.744,0.744,0.0,1.0
2024-03-19,0.741,0.741,0.0,1.0
2024-03-20,0.742,0.742,0.0,1.0
2024-03-21,0.743,0.743,0.0,1.0
2024-03-22,0.739,0.739,0.0,1.0
2024-03-25,0.74,0.74,0.0,1.0
2024-03-26,0.741,0.741,0.0,1.0
2024-03-27,0.737,0.737,0.0,1.0
2024-03-28,0.739,0.739,0.0,1.0
2024-03-29,0.748,0.748,0.0,1.0
2024-04-01,0.753,0.753,0.0,1.0
2024-04-02,0.755,0.755,0.0,1.0
2024-04-03,0.756,0.756,0.0,1.0
2024-04-08,0.757,0.757,0.0,1.0
2024-04-09,0.752,0.752,0.0,1.0
2024-04-10,0.748,0.748,0.0,1.0
2024-04-11,0.754,0.754,0.0,1.0
2024-04-12,0.748,0.748,0.0,1.0
2024-04-15,0.767,0.767,0.0,1.0
2024-04-16,0.759,0.759,0.0,1.0
2024-04-17,0.775,0.775,0.0,1.0
2024-04-18,0.774,0.774,0.0,1.0
2024-04-19,0.774,0.774,0.0,1.0
2024-04-22,0.766,0.766,0.0,1.0
2024-04-23,0.753,0.753,0.0,1.0
2024-04-24,0.755,0.755,0.0,1.0
2024-04-25,0.758,0.758,0.0,1.0
2024-04-26,0.765,0.765,0.0,1.0
2024-04-29,0.766,0.766,0.0,1.0
2024-04-30,0.765,0.765,0.0,1.0
2024-05-06,0.769,0.769,0.0,1.0
2024-05-07,0.768,0.768,0.0,1.0
2024-05-08,0.767,0.767,0.0,1.0
2024-05-09,0.773,0.773,0.0,1.0
2024-05-10,0.78,0.78,0.0,1.0
2024-05-13,0.784,0.784,0.0,1.0
2024-05-14,0.782,0.782,0.0,1.0
2024-05-15,0.774,0.774,0.0,1.0
2024-05-16,0.777,0.777,0.0,1.0
2024-05-17,0.785,0.785,0.0,1.0
2024-05-20,0.79,0.79,0.0,1.0
2024-05-21,0.784,0.784,0.0,1.0
2024-05-22,0.789,0.789,0.0,1.0
2024-05-23,0.781,0.781,0.0,1.0
2024-05-24,0.775,0.775,0.0,1.0
2024-05-27,0.787,0.787,0.0,1.0
2024-05-28,0.783,0.783,0.0,1.0
2024-05-29,0.785,0.785,0.0,1.0
2024-05-30,0.78,0.78,0.0,1.0
2024-05-31,0.778,0.778,0.0,1.0
2024-06-03,0.775,0.775,0.0,1.0
2024-06-04,0.782,0.782,0.0,1.0
2024-06-05,0.774,0.774,0.0,1.0
2024-06-06,0.778,0.778,0.0,1.0
2024-06-07,0.783,0.783,0.0,1.0
2024-06-11,0.769,0.769,0.0,1.0
2024-06-12,0.775,0.775,0.0,1.0
2024-06-13,0.766,0.766,0.0,1.0
2024-06-14,0.77,0.77,0.0,1.0
2024-06-17,0.763,0.763,0.0,1.0
2024-06-18,0.768,0.768,0.0,1.0
2024-06-19,0.77,0.77,0.0,1.0
2024-06-20,0.767,0.767,0.0,1.0
2024-06-21,0.768,0.768,0.0,1.0
2024-06-24,0.763,0.763,0.0,1.0
2024-06-25,0.764,0.764,0.0,1.0
2024-06-26,0.766,0.766,0.0,1.0
2024-06-27,0.761,0.761,0.0,1.0
2024-06-28,0.771,0.771,0.0,1.0
2024-07-01,0.778,0.778,0.0,1.0
2024-07-02,0.777,0.777,0.0,1.0
2024-07-03,0.779,0.779,0.0,1.0
2024-07-04,0.775,0.775,0.0,1.0
2024-07-05,0.775,0.775,0.0,1.0
2024-07-08,0.768,0.768,0.0,1.0
2024-07-09,0.774,0.774,0.0,1.0
2024-07-10,0.769,0.769,0.0,1.0
2024-07-11,0.777,0.777,0.0,1.0
2024-07-12,0.779,0.779,0.0,1.0
2024-07-15,0.782,0.782,0.0,1.0
2024-07-16,0.79,0.79,0.0,1.0
2024-07-17,0.785,0.785,0.0,1.0
2024-07-18,0.791,0.791,0.0,1.0
2024-07-19,0.792,0.792,0.0,1.0
2024-07-22,0.785,0.785,0.0,1.0
2024-07-23,0.772,0.772,0.0,1.0
2024-07-24,0.771,0.771,0.0,1.0
2024-07-25,0.767,0.767,0.0,1.0
2024-07-26,0.767,0.767,0.0,1.0
2024-07-29,0.772,0.772,0.0,1.0
2024-07-30,0.769,0.769,0.0,1.0
2024-07-31,0.776,0.776,0.0,1.0
2024-08-01,0.776,0.776,0.0,1.0
2024-08-02,0.765,0.765,0.0,1.0
2024-08-05,0.753,0.753,0.0,1.0
2024-08-06,0.753,0.753,0.0,1.0
2024-08-07,0.752,0.752,0.0,1.0
2024-08-08,0.755,0.755,0.0,1.0
2024-08-09,0.751,0.751,0.0,1.0
2024-08-12,0.747,0.747,0.0,1.0
2024-08-13,0.748,0.748,0.0,1.0
2024-08-14,0.742,0.742,0.0,1.0
2024-08-15,0.75,0.75,0.0,1.0
2024-08-16,0.756,0.756,0.0,1.0
2024-08-19,0.762,0.762,0.0,1.0
2024-08-20,0.754,0.754,0.0,1.0
2024-08-21,0.754,0.754,0.0,1.0
2024-08-22,0.754,0.754,0.0,1.0
2024-08-23,0.756,0.756,0.0,1.0
2024-08-26,0.755,0.755,0.0,1.0
2024-08-27,0.757,0.757,0.0,1.0
2024-08-28,0.744,0.744,0.0,1.0
2024-08-29,0.738,0.738,0.0,1.0
2024-08-30,0.742,0.742,0.0,1.0
2024-09-02,0.725,0.725,0.0,1.0
2024-09-03,0.728,0.728,0.0,1.0
2024-09-04,0.719,0.719,0.0,1.0
2024-09-05,0.72,0.72,0.0,1.0
2024-09-06,0.714,0.714,0.0,1.0
2024-09-09,0.704,0.704,0.0,1.0
2024-09-10,0.7,0.7,0.0,1.0
2024-09-11,0.693,0.693,0.0,1.0
2024-09-12,0.697,0.697,0.0,1.0
2024-09-13,0.694,0.694,0.0,1.0
2024-09-18,0.7,0.7,0.0,1.0
2024-09-19,0.709,0.709,0.0,1.0
2024-09-20,0.71,0.71,0.0,1.0
2024-09-23,0.718,0.718,0.0,1.0
2024-09-24,0.744,0.744,0.0,1.0
2024-09-25,0.757,0.757,0.0,1.0
2024-09-26,0.786,0.786,0.0,1.0
2024-09-27,0.816,0.816,0.0,1.0
2024-09-30,0.857,0.857,0.0,1.0
2024-10-08,0.895,0.895,0.0,1.0
2024-10-09,0.83,0.83,0.0,1.0
2024-10-10,0.864,0.864,0.0,1.0
2024-10-11,0.837,0.837,0.0,1.0
2024-10-14,0.853,0.853,0.0,1.0
2024-10-15,0.834,0.834,0.0,1.0
2024-10-16,0.836,0.836,0.0,1.0
2024-10-17,0.827,0.827,0.0,1.0
2024-10-18,0.847,0.847,0.0,1.0
2024-10-21,0.848,0.848,0.0,1.0
2024-10-22,0.855,0.855,0.0,1.0
2024-10-23,0.86,0.86,0.0,1.0
2024-10-24,0.854,0.854,0.0,1.0
2024-10-25,0.853,0.853,0.0,1.0
2024-10-28,0.858,0.858,0.0,1.0
2024-10-29,0.852,0.852,0.0,1.0
2024-10-30,0.85,0.85,0.0,1.0
2024-10-31,0.85,0.85,0.0,1.0
2024-11-01,0.856,0.856,0.0,1.0
2024-11-04,0.86,0.86,0.0,1.0
2024-11-05,0.878,0.878,0.0,1.0
2024-11-06,0.876,0.876,0.0,1.0
2024-11-07,0.894,0.894,0.0,1.0
2024-11-08,0.888,0.888,0.0,1.0
2024-11-11,0.885,0.885,0.0,1.0
2024-11-12,0.874,0.874,0.0,1.0
2024-11-13,0.891,0.891,0.0,1.0
2024-11-14,0.878,0.878,0.0,1.0
2024-11-15,0.872,0.872,0.0,1.0
2024-11-18,0.886,0.886,0.0,1.0
2024-11-19,0.875,0.875,0.0,1.0
2024-11-20,0.875,0.875,0.0,1.0
2024-11-21,0.88,0.88,0.0,1.0
2024-11-22,0.855,0.855,0.0,1.0
2024-11-25,0.852,0.852,0.0,1.0
2024-11-26,0.846,0.846,0.0,1.0
2024-11-27,0.853,0.853,0.0,1.0
2024-11-28,0.846,0.846,0.0,1.0
2024-11-29,0.853,0.853,0.0,1.0
2024-12-02,0.862,0.862,0.0,1.0
2024-12-03,0.868,0.868,0.0,1.0
2024-12-04,0.864,0.864,0.0,1.0
2024-12-05,0.861,0.861,0.0,1.0
2024-12-06,0.869,0.869,0.0,1.0
2024-12-09,0.87,0.87,0.0,1.0
2024-12-10,0.875,0.875,0.0,1.0
2024-12-11,0.872,0.872,0.0,1.0
2024-12-12,0.879,0.879,0.0,1.0
2024-12-13,0.867,0.867,0.0,1.0
2024-12-16,0.862,0.862,0.0,1.0
2024-12-17,0.864,0.864,0.0,1.0
2024-12-18,0.869,0.869,0.0,1.0
2024-12-19,0.861,0.861,0.0,1.0
2024-12-20,0.857,0.857,0.0,1.0
2024-12-23,0.861,0.861,0.0,1.0
2024-12-24,0.869,0.869,0.0,1.0
2024-12-25,0.874,0.874,0.0,1.0
2024-12-26,0.865,0.865,0.0,1.0
2024-12-27,0.868,0.868,0.0,1.0
2024-12-30,0.88,0.88,0.0,1.0
2024-12-31,0.871,0.871,0.0,1.0
2025-01-02,0.84,0.84,0.0,1.0
2025-01-03,0.833,0.833,0.0,1.0
2025-01-06,0.829,0.829,0.0,1.0
2025-01-07,0.833,0.833,0.0,1.0
2025-01-08,0.831,0.831,0.0,1.0
2025-01-09,0.823,0.823,0.0,1.0
2025-01-10,0.813,0.813,0.0,1.0
2025-01-13,0.807,0.807,0.0,1.0
2025-01-14,0.822,0.822,0.0,1.0
2025-01-15,0.817,0.817,0.0,1.0
2025-01-16,0.826,0.826,0.0,1.0
2025-01-17,0.824,0.824,0.0,1.0
2025-01-20,0.823,0.823,0.0,1.0
2025-01-21,0.817,0.817,0.0,1.0
2025-01-22,0.808,0.808,0.0,1.0
2025-01-23,0.815,0.815,0.0,1.0
2025-01-24,0.821,0.821,0.0,1.0
2025-01-27,0.828,0.828,0.0,1.0
2025-02-05,0.819,0.819,0.0,1.0
2025-02-06,0.823,0.823,0.0,1.0
2025-02-07,0.835,0.835,0.0,1.0
2025-02-10,0.836,0.836,0.0,1.0
2025-02-11,0.836,0.836,0.0,1.0
2025-02-12,0.837,0.837,0.0,1.0
2025-02-13,0.836,0.836,0.0,1.0
2025-02-14,0.841,0.841,0.0,1.0
2025-02-17,0.845,0.845,0.0,1.0
2025-02-18,0.841,0.841,0.0,1.0
2025-02-19,0.84,0.84,0.0,1.0
2025-02-20,0.832,0.832,0.0,1.0
2025-02-21,0.837,0.837,0.0,1.0
2025-02-24,0.835,0.835,0.0,1.0
2025-02-25,0.831,0.831,0.0,1.0
2025-02-26,0.833,0.833,0.0,1.0
2025-02-27,0.835,0.835,0.0,1.0
2025-02-28,0.828,0.828,0.0,1.0
2025-03-03,0.83,0.83,0.0,1.0
2025-03-04,0.825,0.825,0.0,1.0
2025-03-05,0.831,0.831,0.0,1.0
2025-03-06,0.834,0.834,0.0,1.0
2025-03-07,0.833,0.833,0.0,1.0
2025-03-10,0.829,0.829,0.0,1.0
2025-03-11,0.83,0.83,0.0,1.0
2025-03-12,0.831,0.831,0.0,1.0
2025-03-13,0.834,0.834,0.0,1.0
2025-03-14,0.845,0.845,0.0,1.0
2025-03-17,0.848,0.848,0.0,1.0
2025-03-18,0.849,0.849,0.0,1.0
2025-03-19,0.84,0.84,0.0,1.0
2025-03-20,0.84,0.84,0.0,1.0
2025-03-21,0.832,0.832,0.0,1.0
2025-03-24,0.84,0.84,0.0,1.0
2025-03-25,0.84,0.84,0.0,1.0
2025-03-26,0.84,0.84,0.0,1.0
2025-03-27,0.839,0.839,0.0,1.0
2025-03-28,0.831,0.831,0.0,1.0
2025-03-31,0.827,0.827,0.0,1.0
2025-04-01,0.831,0.831,0.0,1.0
2025-04-02,0.83,0.83,0.0,1.0
2025-04-03,0.829,0.829,0.0,1.0
2025-04-07,0.767,0.767,0.0,1.0
2025-04-08,0.794,0.794,0.0,1.0
2025-04-09,0.8,0.8,0.0,1.0
2025-04-10,0.807,0.807,0.0,1.0
2025-04-11,0.805,0.805,0.0,1.0
2025-04-14,0.81,0.81,0.0,1.0
2025-04-15,0.809,0.809,0.0,1.0
2025-04-16,0.817,0.817,0.0,1.0
2025-04-17,0.817,0.817,0.0,1.0
2025-04-18,0.818,0.818,0.0,1.0
2025-04-21,0.818,0.818,0.0,1.0
2025-04-22,0.819,0.819,0.0,1.0
2025-04-23,0.815,0.815,0.0,1.0
2025-04-24,0.815,0.815,0.0,1.0
2025-04-25,0.817,0.817,0.0,1.0
2025-04-28,0.818,0.818,0.0,1.0
2025-04-29,0.813,0.813,0.0,1.0
2025-04-30,0.81,0.81,0.0,1.0
2025-05-06,0.816,0.816,0.0,1.0
2025-05-07,0.821,0.821,0.0,1.0
2025-05-08,0.826,0.826,0.0,1.0
2025-05-09,0.823,0.823,0.0,1.0
2025-05-12,0.829,0.829,0.0,1.0
2025-05-13,0.833,0.833,0.0,1.0
2025-05-14,0.846,0.846,0.0,1.0
2025-05-15,0.839,0.839,0.0,1.0
2025-05-16,0.834,0.834,0.0,1.0
2025-05-19,0.833,0.833,0.0,1.0
2025-05-20,0.838,0.838,0.0,1.0
2025-05-21,0.843,0.843,0.0,1.0
2025-05-22,0.841,0.841,0.0,1.0
2025-05-23,0.834,0.834,0.0,1.0
2025-05-26,0.831,0.831,0.0,1.0
2025-05-27,0.83,0.83,0.0,1.0
2025-05-28,0.83,0.83,0.0,1.0
2025-05-29,0.832,0.832,0.0,1.0
2025-05-30,0.834,0.834,0.0,1.0
2025-06-03,0.832,0.832,0.0,1.0
2025-06-04,0.834,0.834,0.0,1.0
2025-06-05,0.831,0.831,0.0,1.0
2025-06-06,0.834,0.834,0.0,1.0
2025-06-09,0.835,0.835,0.0,1.0
2025-06-10,0.831,0.831,0.0,1.0
2025-06-11,0.841,0.841,0.0,1.0
2025-06-12,0.841,0.841,0.0,1.0
2025-06-13,0.837,0.837,0.0,1.0
2025-06-16,0.837,0.837,0.0,1.0
2025-06-17,0.84,0.84,0.0,1.0
2025-06-18,0.84,0.84,0.0,1.0
2025-06-19,0.829,0.829,0.0,1.0
2025-06-20,0.832,0.832,0.0,1.0
2025-06-23,0.839,0.839,0.0,1.0
2025-06-24,0.841,0.841,0.0,1.0
2025-06-25,0.85,0.85,0.0,1.0
2025-06-26,0.846,0.846,0.0,1.0
2025-06-27,0.847,0.847,0.0,1.0
2025-06-30,0.849,0.849,0.0,1.0
2025-07-01,0.853,0.853,0.0,1.0
2025-07-02,0.861,0.861,0.0,1.0
2025-07-03,0.861,0.861,0.0,1.0
2025-07-04,0.868,0.868,0.0,1.0
2025-07-07,0.87,0.87,0.0,1.0
2025-07-08,0.873,0.873,0.0,1.0
2025-07-09,0.871,0.871,0.0,1.0
2025-07-10,0.876,0.876,0.0,1.0
2025-07-11,0.875,0.875,0.0,1.0
2025-07-14,0.881,0.881,0.0,1.0
2025-07-15,0.877,0.877,0.0,1.0
2025-07-16,0.871,0.871,0.0,1.0
2025-07-17,0.871,0.871,0.0,1.0
2025-07-18,0.881,0.881,0.0,1.0
2025-07-21,0.899,0.899,0.0,1.0
2025-07-22,0.913,0.913,0.0,1.0
2025-07-23,0.916,0.916,0.0,1.0
2025-07-24,0.919,0.919,0.0,1.0
2025-07-25,0.909,0.909,0.0,1.0
2025-07-28,0.907,0.907,0.0,1.0
2025-07-29,0.908,0.908,0.0,1.0
2025-07-30,0.913,0.913,0.0,1.0
2025-07-31,0.89,0.89,0.0,1.0
2025-08-01,0.888,0.888,0.0,1.0
2025-08-04,0.89,0.89,0.0,1.0
2025-08-05,0.898,0.898,0.0,1.0
2025-08-06,0.9,0.9,0.0,1.0
2025-08-07,0.904,0.904,0.0,1.0
2025-08-08,0.906,0.906,0.0,1.0
2025-08-11,0.902,0.902,0.0,1.0
2025-08-12,0.905,0.905,0.0,1.0
2025-08-13,0.904,0.904,0.0,1.0
2025-08-14,0.902,0.902,0.0,1.0
2025-08-15,0.906,0.906,0.0,1.0
2025-08-18,0.906,0.906,0.0,1.0
2025-08-19,0.899,0.899,0.0,1.0
2025-08-20,0.909,0.909,0.0,1.0
2025-08-21,0.919,0.919,0.0,1.0
2025-08-22,0.924,0.924,0.0,1.0
2025-08-25,0.945,0.945,0.0,1.0
2025-08-26,0.935,0.935,0.0,1.0
2025-08-27,0.915,0.915,0.0,1.0
2025-08-28,0.925,0.925,0.0,1.0
2025-08-29,0.924,0.924,0.0,1.0
2025-09-01,0.924,0.924,0.0,1.0
2025-09-02,0.926,0.926,0.0,1.0
2025-09-03,0.917,0.917,0.0,1.0
2025-09-04,0.908,0.908,0.0,1.0
2025-09-05,0.919,0.919,0.0,1.0
2025-09-08,0.928,0.928,0.0,1.0
2025-09-09,0.925,0.925,0.0,1.0
2025-09-10,0.92,0.92,0.0,1.0
2025-09-11,0.925,0.925,0.0,1.0
2025-09-12,0.925,0.925,0.0,1.0
2025-09-15,0.921,0.921,0.0,1.0
2025-09-16,0.913,0.913,0.0,1.0
2025-09-17,0.919,0.919,0.0,1.0
2025-09-18,0.902,0.902,0.0,1.0
2025-09-19,0.907,0.907,0.0,1.0
2025-09-22,0.904,0.904,0.0,1.0
2025-09-23,0.901,0.901,0.0,1.0
2025-09-24,0.9,0.9,0.0,1.0
2025-09-25,0.901,0.901,0.0,1.0
2025-09-26,0.901,0.901,0.0,1.0
2025-09-29,0.906,0.906,0.0,1.0
2025-09-30,0.914,0.914,0.0,1.0
2025-10-09,0.938,0.938,0.0,1.0
2025-10-10,0.935,0.935,0.0,1.0
2025-10-13,0.935,0.935,0.0,1.0
2025-10-14,0.93,0.93,0.0,1.0
2025-10-15,0.94,0.94,0.0,1.0
2025-10-16,0.94,0.94,0.0,1.0
2025-10-17,0.931,0.931,0.0,1.0
2025-10-20,0.929,0.929,0.0,1.0
2025-10-21,0.932,0.932,0.0,1.0
2025-10-22,0.931,0.931,0.0,1.0
2025-10-23,0.938,0.938,0.0,1.0
2025-10-24,0.938,0.938,0.0,1.0
2025-10-27,0.95,0.95,0.0,1.0
2025-10-28,0.937,0.937,0.0,1.0
2025-10-29,0.949,0.949,0.0,1.0
2025-10-30,0.951,0.951,0.0,1.0
2025-10-31,0.942,0.942,0.0,1.0
2025-11-03,0.947,0.947,0.0,1.0
2025-11-04,0.938,0.938,0.0,1.0
2025-11-05,0.943,0.943,0.0,1.0
2025-11-06,0.956,0.956,0.0,1.0
2025-11-07,0.961,0.961,0.0,1.0
2025-11-10,0.968,0.968,0.0,1.0
2025-11-11,0.962,0.962,0.0,1.0
2025-11-12,0.962,0.962,0.0,1.0
2025-11-13,0.969,0.969,0.0,1.0
2025-11-14,0.963,0.963,0.0,1.0
2025-11-17,0.953,0.953,0.0,1.0
2025-11-18,0.941,0.941,0.0,1.0
2025-11-19,0.944,0.944,0.0,1.0
2025-11-20,0.946,0.946,0.0,1.0
2025-11-21,0.924,0.924,0.0,1.0
2025-11-24,0.923,0.923,0.0,1.0
2025-11-25,0.926,0.926,0.0,1.0
2025-11-26,0.931,0.931,0.0,1.0
2025-11-27,0.933,0.933,0.0,1.0
2025-11-28,0.933,0.933,0.0,1.0
2025-12-01,0.946,0.946,0.0,1.0
2025-12-02,0.939,0.939,0.0,1.0
2025-12-03,0.939,0.939,0.0,1.0
2025-12-04,0.936,0.936,0.0,1.0
2025-12-05,0.946,0.946,0.0,1.0
2025-12-08,0.945,0.945,0.0,1.0
2025-12-09,0.928,0.928,0.0,1.0
2025-12-10,0.933,0.933,0.0,1.0
2025-12-11,0.927,0.927,0.0,1.0
2025-12-12,0.932,0.932,0.0,1.0
2025-12-15,0.93,0.93,0.0,1.0
2025-12-16,0.923,0.923,0.0,1.0
2025-12-17,0.929,0.929,0.0,1.0
2025-12-18,0.937,0.937,0.0,1.0
2025-12-19,0.941,0.941,0.0,1.0
2025-12-22,0.942,0.942,0.0,1.0
2025-12-23,0.943,0.943,0.0,1.0
2025-12-24,0.938,0.938,0.0,1.0
2025-12-25,0.942,0.942,0.0,1.0
2025-12-26,0.945,0.945,0.0,1.0
2025-12-29,0.944,0.944,0.0,1.0
2025-12-30,0.939,0.939,0.0,1.0
2025-12-31,0.942,0.942,0.0,1.0
2026-01-05,0.948,0.948,0.0,1.0
2026-01-06,0.965,0.965,0.0,1.0
2026-01-07,0.964,0.964,0.0,1.0
2026-01-08,0.958,0.958,0.0,1.0
2026-01-09,0.969,0.969,0.0,1.0
2026-01-12,0.968,0.968,0.0,1.0
2026-01-13,0.969,0.969,0.0,1.0
2026-01-14,0.961,0.961,0.0,1.0
2026-01-15,0.96,0.96,0.0,1.0
2026-01-16,0.952,0.952,0.0,1.0
2026-01-19,0.956,0.956,0.0,1.0
2026-01-20,0.972,0.972,0.0,1.0
2026-01-21,0.963,0.963,0.0,1.0
2026-01-22,0.962,0.962,0.0,1.0
2026-01-23,0.955,0.955,0.0,1.0
2026-01-26,0.97,0.97,0.0,1.0
2026-01-27,0.957,0.957,0.0,1.0
2026-01-28,0.973,0.973,0.0,1.0
2026-01-29,0.989,0.989,0.0,1.0
2026-01-30,0.957,0.957,0.0,1.0
2026-02-02,0.931,0.931,0.0,1.0
2026-02-03,0.942,0.942,0.0,1.0
2026-02-04,0.959,0.959,0.0,1.0
2026-02-05,0.955,0.955,0.0,1.0
2026-02-06,0.95,0.95,0.0,1.0
2026-02-09,0.958,0.958,0.0,1.0
2026-02-10,0.96,0.96,0.0,1.0
2026-02-11,0.964,0.964,0.0,1.0
2026-02-12,0.965,0.965,0.0,1.0
2026-02-13,0.947,0.947,0.0,1.0
2026-02-24,0.964,0.964,0.0,1.0
2026-02-25,0.97,0.97,0.0,1.0
2026-02-26,0.968,0.968,0.0,1.0
2026-02-27,0.978,0.978,0.0,1.0
2026-03-02,0.99,0.99,0.0,1.0
2026-03-03,0.982,0.982,0.0,1.0
2026-03-04,0.97,0.97,0.0,1.0
2026-03-05,0.98,0.98,0.0,1.0
2026-03-06,0.985,0.985,0.0,1.0
2026-03-09,0.974,0.974,0.0,1.0
2026-03-10,0.975,0.975,0.0,1.0
2026-03-11,0.985,0.985,0.0,1.0
2026-03-12,0.996,0.996,0.0,1.0
2026-03-13,0.992,0.992,0.0,1.0
2026-03-16,0.982,0.982,0.0,1.0
2026-03-17,0.973,0.973,0.0,1.0
2026-03-18,0.969,0.969,0.0,1.0
2026-03-19,0.958,0.958,0.0,1.0
2026-03-20,0.949,0.949,0.0,1.0
2026-03-23,0.921,0.921,0.0,1.0
2026-03-24,0.93,0.93,0.0,1.0
2026-03-25,0.94,0.94,0.0,1.0
2026-03-26,0.934,0.934,0.0,1.0
2026-03-27,0.943,0.943,0.0,1.0
2026-03-30,0.938,0.938,0.0,1.0
2026-03-31,0.93,0.93,0.0,1.0
2026-04-01,0.939,0.939,0.0,1.0
2026-04-02,0.937,0.937,0.0,1.0
2026-04-03,0.923,0.923,0.0,1.0
2026-04-07,0.928,0.928,0.0,1.0
2026-04-08,0.943,0.943,0.0,1.0
2026-04-09,0.938,0.938,0.0,1.0
2026-04-10,0.939,0.939,0.0,1.0
2026-04-13,0.938,0.938,0.0,1.0
2026-04-14,0.941,0.941,0.0,1.0
2026-04-15,0.941,0.941,0.0,1.0
2026-04-16,0.943,0.943,0.0,1.0
2026-04-17,0.932,0.932,0.0,1.0
2026-04-20,0.933,0.933,0.0,1.0
2026-04-21,0.942,0.942,0.0,1.0
2026-04-22,0.94,0.94,0.0,1.0
2026-04-23,0.94,0.94,0.0,1.0
2026-04-24,0.938,0.938,0.0,1.0
2026-04-27,0.932,0.932,0.0,1.0
2026-04-28,0.935,0.935,0.0,1.0
2026-04-29,0.946,0.946,0.0,1.0
2026-04-30,0.938,0.938,0.0,1.0
2026-05-06,0.939,0.939,0.0,1.0
2026-05-07,0.938,0.938,0.0,1.0
2026-05-08,0.939,0.939,0.0,1.0
2026-05-11,0.95,0.95,0.0,1.0
2026-05-12,0.946,0.946,0.0,1.0
2026-05-13,0.947,0.947,0.0,1.0
2026-05-14,0.928,0.928,0.0,1.0
2026-05-15,0.925,0.925,0.0,1.0
2026-05-18,0.917,0.917,0.0,1.0
2026-05-19,0.925,0.925,0.0,1.0
2026-05-20,0.912,0.912,0.0,1.0
2026-05-21,0.9,0.9,0.0,1.0
2026-05-22,0.9,0.9,0.0,1.0
2026-05-25,0.9,0.9,0.0,1.0
2026-05-26,0.909,0.909,0.0,1.0
2026-05-27,0.897,0.897,0.0,1.0
2026-05-28,0.893,0.893,0.0,1.0
2026-05-29,0.907,0.907,0.0,1.0
2026-06-01,0.916,0.916,0.0,1.0
2026-06-02,0.915,0.915,0.0,1.0
2026-06-03,0.92,0.92,0.0,1.0
2026-06-04,0.903,0.903,0.0,1.0
2026-06-05,0.896,0.896,0.0,1.0
2026-06-08,0.884,0.884,0.0,1.0
2026-06-09,0.885,0.885,0.0,1.0
2026-06-10,0.882,0.882,0.0,1.0
2026-06-11,0.881,0.881,0.0,1.0
2026-06-12,0.896,0.896,0.0,1.0
2026-06-15,0.898,0.898,0.0,1.0
2026-06-16,0.885,0.885,0.0,1.0
2026-06-17,0.882,0.882,0.0,1.0
2026-06-18,0.866,0.866,0.0,1.0
2026-06-22,0.898,0.898,0.0,1.0
2026-06-23,0.877,0.877,0.0,1.0
2026-06-24,0.856,0.856,0.0,1.0
2026-06-25,0.849,0.849,0.0,1.0
2026-06-26,0.833,0.833,0.0,1.0
2026-06-29,0.842,0.842,0.0,1.0
2026-06-30,0.827,0.827,0.0,1.0
2026-07-01,0.836,0.836,0.0,1.0
2026-07-02,0.836,0.836,0.0,1.0
2026-07-03,0.848,0.848,0.0,1.0
2026-07-06,0.855,0.855,0.0,1.0
2026-07-07,0.843,0.843,0.0,1.0
2026-07-08,0.843,0.843,0.0,1.0
2026-07-09,0.838,0.838,0.0,1.0
2026-07-10,0.848,0.848,0.0,1.0
2026-07-13,0.841,0.841,0.0,1.0
2026-07-14,0.854,0.854,0.0,1.0
2026-07-15,0.866,0.866,0.0,1.0
2026-07-16,0.859,0.859,0.0,1.0
2026-07-17,0.858,0.858,0.0,1.0
