date,close,total_return_proxy,cumulative_dividend,split_factor
2006-05-18,3.008,3.008,0.0,1.0
2006-05-19,3.097,3.097,0.0,1.0
2006-05-22,3.121,3.121,0.0,1.0
2006-05-23,2.997,2.997,0.0,1.0
2006-05-24,2.957,2.957,0.0,1.0
2006-05-25,2.976,2.976,0.0,1.0
2006-05-26,3.033,3.033,0.0,1.0
2006-05-29,3.128,3.128,0.0,1.0
2006-05-30,3.148,3.148,0.0,1.0
2006-05-31,3.12,3.12,0.0,1.0
2006-06-01,3.222,3.222,0.0,1.0
2006-06-02,3.2,3.2,0.0,1.0
2006-06-05,3.194,3.194,0.0,1.0
2006-06-06,3.192,3.192,0.0,1.0
2006-06-07,3.032,3.032,0.0,1.0
2006-06-08,3.03,3.03,0.0,1.0
2006-06-09,2.984,2.984,0.0,1.0
2006-06-12,2.98,2.98,0.0,1.0
2006-06-13,2.985,2.985,0.0,1.0
2006-06-14,2.953,2.953,0.0,1.0
2006-06-15,2.951,2.951,0.0,1.0
2006-06-16,3.018,3.018,0.0,1.0
2006-06-19,3.053,3.053,0.0,1.0
2006-06-20,3.065,3.065,0.0,1.0
2006-06-21,3.06,3.06,0.0,1.0
2006-06-22,3.055,3.055,0.0,1.0
2006-06-23,3.067,3.067,0.0,1.0
2006-06-26,3.123,3.123,0.0,1.0
2006-06-27,3.123,3.123,0.0,1.0
2006-06-28,3.121,3.121,0.0,1.0
2006-06-29,3.194,3.194,0.0,1.0
2006-06-30,3.198,3.198,0.0,1.0
2006-07-03,3.255,3.255,0.0,1.0
2006-07-04,3.242,3.242,0.0,1.0
2006-07-05,3.201,3.201,0.0,1.0
2006-07-06,3.242,3.242,0.0,1.0
2006-07-07,3.227,3.227,0.0,1.0
2006-07-10,3.227,3.227,0.0,1.0
2006-07-11,3.232,3.232,0.0,1.0
2006-07-12,3.242,3.242,0.0,1.0
2006-07-13,3.107,3.107,0.0,1.0
2006-07-14,3.11,3.11,0.0,1.0
2006-07-17,3.13,3.13,0.0,1.0
2006-07-18,3.119,3.119,0.0,1.0
2006-07-19,3.114,3.114,0.0,1.0
2006-07-20,3.09,3.09,0.0,1.0
2006-07-21,3.087,3.087,0.0,1.0
2006-07-24,3.095,3.095,0.0,1.0
2006-07-25,3.134,3.134,0.0,1.0
2006-07-26,3.13,3.13,0.0,1.0
2006-07-27,3.11,3.11,0.0,1.0
2006-07-28,3.075,3.075,0.0,1.0
2006-07-31,3.013,3.013,0.0,1.0
2006-08-01,2.976,2.976,0.0,1.0
2006-08-02,2.925,2.925,0.0,1.0
2006-08-03,2.933,2.933,0.0,1.0
2006-08-04,2.892,2.892,0.0,1.0
2006-08-07,2.839,2.839,0.0,1.0
2006-08-08,2.886,2.886,0.0,1.0
2006-08-09,2.892,2.892,0.0,1.0
2006-08-10,2.92,2.92,0.0,1.0
2006-08-11,2.914,2.914,0.0,1.0
2006-08-14,2.871,2.871,0.0,1.0
2006-08-15,2.915,2.915,0.0,1.0
2006-08-16,2.957,2.957,0.0,1.0
2006-08-17,2.924,2.924,0.0,1.0
2006-08-18,2.921,2.921,0.0,1.0
2006-08-21,2.911,2.911,0.0,1.0
2006-08-22,2.931,2.931,0.0,1.0
2006-08-23,2.95,2.95,0.0,1.0
2006-08-24,2.968,2.968,0.0,1.0
2006-08-25,2.971,2.971,0.0,1.0
2006-08-28,3.06,3.06,0.0,1.0
2006-08-29,3.07,3.07,0.0,1.0
2006-08-30,3.06,3.06,0.0,1.0
2006-08-31,3.055,3.055,0.0,1.0
2006-09-01,3.032,3.032,0.0,1.0
2006-09-04,3.038,3.038,0.0,1.0
2006-09-05,3.051,3.051,0.0,1.0
2006-09-06,3.07,3.07,0.0,1.0
2006-09-07,3.067,3.067,0.0,1.0
2006-09-08,3.037,3.037,0.0,1.0
2006-09-11,3.044,3.044,0.0,1.0
2006-09-12,3.099,3.099,0.0,1.0
2006-09-13,3.081,3.081,0.0,1.0
2006-09-14,3.085,3.085,0.0,1.0
2006-09-15,3.12,3.12,0.0,1.0
2006-09-18,3.178,3.178,0.0,1.0
2006-09-19,3.188,3.188,0.0,1.0
2006-09-20,3.185,3.185,0.0,1.0
2006-09-21,3.208,3.208,0.0,1.0
2006-09-22,3.191,3.191,0.0,1.0
2006-09-25,3.174,3.174,0.0,1.0
2006-09-26,3.152,3.152,0.0,1.0
2006-09-27,3.17,3.17,0.0,1.0
2006-09-28,3.2,3.2,0.0,1.0
2006-09-29,3.238,3.238,0.0,1.0
2006-10-09,3.31,3.31,0.0,1.0
2006-10-10,3.328,3.328,0.0,1.0
2006-10-11,3.33,3.33,0.0,1.0
2006-10-12,3.302,3.302,0.0,1.0
2006-10-13,3.309,3.309,0.0,1.0
2006-10-16,3.282,3.282,0.0,1.0
2006-10-17,3.28,3.28,0.0,1.0
2006-10-18,3.31,3.31,0.0,1.0
2006-10-19,3.31,3.31,0.0,1.0
2006-10-20,3.324,3.324,0.0,1.0
2006-10-23,3.27,3.27,0.0,1.0
2006-10-24,3.33,3.33,0.0,1.0
2006-10-25,3.346,3.346,0.0,1.0
2006-10-26,3.38,3.38,0.0,1.0
2006-10-27,3.34,3.34,0.0,1.0
2006-10-30,3.36,3.36,0.0,1.0
2006-10-31,3.405,3.405,0.0,1.0
2006-11-01,3.46,3.46,0.0,1.0
2006-11-02,3.448,3.448,0.0,1.0
2006-11-03,3.471,3.471,0.0,1.0
2006-11-06,3.52,3.52,0.0,1.0
2006-11-07,3.554,3.554,0.0,1.0
2006-11-08,3.53,3.53,0.0,1.0
2006-11-09,3.56,3.56,0.0,1.0
2006-11-10,3.59,3.59,0.0,1.0
2006-11-13,3.484,3.484,0.0,1.0
2006-11-14,3.53,3.53,0.0,1.0
2006-11-15,3.617,3.617,0.0,1.0
2006-11-16,3.616,3.616,0.0,1.0
2006-11-17,3.68,3.68,0.0,1.0
2006-11-20,3.79,3.79,0.0,1.0
2006-11-21,3.807,3.807,0.0,1.0
2006-11-22,3.921,3.921,0.0,1.0
2006-11-23,3.88,3.925,0.045,1.0
2006-11-24,3.835,3.88,0.045,1.0
2006-11-27,3.87,3.915,0.045,1.0
2006-11-28,3.84,3.885,0.045,1.0
2006-11-29,3.883,3.928,0.045,1.0
2006-11-30,3.976,4.021,0.045,1.0
2006-12-01,4.009,4.054,0.045,1.0
2006-12-04,4.269,4.314,0.045,1.0
2006-12-05,4.239,4.284,0.045,1.0
2006-12-06,4.181,4.226,0.045,1.0
2006-12-07,4.182,4.227,0.045,1.0
2006-12-08,4.004,4.0489999999999995,0.045,1.0
2006-12-11,4.166,4.211,0.045,1.0
2006-12-12,4.18,4.225,0.045,1.0
2006-12-13,4.19,4.235,0.045,1.0
2006-12-14,4.273,4.318,0.045,1.0
2006-12-15,4.41,4.455,0.045,1.0
2006-12-18,4.463,4.508,0.045,1.0
2006-12-19,4.466,4.511,0.045,1.0
2006-12-20,4.48,4.525,0.045,1.0
2006-12-21,4.475,4.52,0.045,1.0
2006-12-22,4.406,4.451,0.045,1.0
2006-12-25,4.5,4.545,0.045,1.0
2006-12-26,4.5,4.545,0.045,1.0
2006-12-27,4.64,4.685,0.045,1.0
2006-12-28,4.728,4.773,0.045,1.0
2006-12-29,4.92,4.965,0.045,1.0
2007-01-04,4.941,4.986,0.045,1.0
2007-01-05,4.949,4.994,0.045,1.0
2007-01-08,5.08,5.125,0.045,1.0
2007-01-09,5.181,5.226,0.045,1.0
2007-01-10,5.297,5.342,0.045,1.0
2007-01-11,5.278,5.3229999999999995,0.045,1.0
2007-01-12,5.08,5.125,0.045,1.0
2007-01-15,5.262,5.3069999999999995,0.045,1.0
2007-01-16,5.361,5.406,0.045,1.0
2007-01-17,5.403,5.4479999999999995,0.045,1.0
2007-01-18,5.319,5.364,0.045,1.0
2007-01-19,5.439,5.484,0.045,1.0
2007-01-22,5.7,5.745,0.045,1.0
2007-01-23,5.79,5.835,0.045,1.0
2007-01-24,5.857,5.902,0.045,1.0
2007-01-25,5.722,5.767,0.045,1.0
2007-01-26,5.866,5.911,0.045,1.0
2007-01-29,5.989,6.034,0.045,1.0
2007-01-30,5.993,6.038,0.045,1.0
2007-01-31,5.671,5.716,0.045,1.0
2007-02-01,5.59,5.635,0.045,1.0
2007-02-02,5.304,5.349,0.045,1.0
2007-02-05,5.238,5.283,0.045,1.0
2007-02-06,5.379,5.4239999999999995,0.045,1.0
2007-02-07,5.448,5.493,0.045,1.0
2007-02-08,5.572,5.617,0.045,1.0
2007-02-09,5.552,5.5969999999999995,0.045,1.0
2007-02-12,5.715,5.76,0.045,1.0
2007-02-13,5.827,5.872,0.045,1.0
2007-02-14,5.974,6.019,0.045,1.0
2007-02-15,6.138,6.183,0.045,1.0
2007-02-16,6.201,6.2459999999999996,0.045,1.0
2007-02-26,6.249,6.294,0.045,1.0
2007-02-27,5.671,5.716,0.045,1.0
2007-02-28,5.815,5.86,0.045,1.0
2007-03-01,5.643,5.688,0.045,1.0
2007-03-02,5.719,5.764,0.045,1.0
2007-03-05,5.623,5.668,0.045,1.0
2007-03-06,5.724,5.769,0.045,1.0
2007-03-07,5.932,5.977,0.045,1.0
2007-03-08,5.97,6.015,0.045,1.0
2007-03-09,6.0,6.045,0.045,1.0
2007-03-12,5.998,6.043,0.045,1.0
2007-03-13,5.993,6.038,0.045,1.0
2007-03-14,5.887,5.9319999999999995,0.045,1.0
2007-03-15,5.941,5.986,0.045,1.0
2007-03-16,5.886,5.931,0.045,1.0
2007-03-19,6.042,6.087,0.045,1.0
2007-03-20,6.05,6.095,0.045,1.0
2007-03-21,6.11,6.155,0.045,1.0
2007-03-22,6.186,6.231,0.045,1.0
2007-03-23,6.14,6.185,0.045,1.0
2007-03-26,6.23,6.275,0.045,1.0
2007-03-27,6.275,6.32,0.045,1.0
2007-03-28,6.319,6.364,0.045,1.0
2007-03-29,6.384,6.429,0.045,1.0
2007-03-30,6.369,6.414,0.045,1.0
2007-04-02,6.496,6.541,0.045,1.0
2007-04-03,6.56,6.6049999999999995,0.045,1.0
2007-04-04,6.617,6.662,0.045,1.0
2007-04-05,6.645,6.6899999999999995,0.045,1.0
2007-04-06,6.727,6.772,0.045,1.0
2007-04-09,6.841,6.886,0.045,1.0
2007-04-10,6.915,6.96,0.045,1.0
2007-04-11,7.056,7.101,0.045,1.0
2007-04-12,7.147,7.192,0.045,1.0
2007-04-13,7.155,7.2,0.045,1.0
2007-04-16,7.311,7.356,0.045,1.0
2007-04-17,7.294,7.3389999999999995,0.045,1.0
2007-04-18,7.271,7.316,0.045,1.0
2007-04-19,6.983,7.028,0.045,1.0
2007-04-20,7.284,7.329,0.045,1.0
2007-04-23,7.586,7.631,0.045,1.0
2007-04-24,7.603,7.648,0.045,1.0
2007-04-25,7.609,7.654,0.045,1.0
2007-04-26,7.7,7.745,0.045,1.0
2007-04-27,7.7,7.745,0.045,1.0
2007-04-30,8.0,8.045,0.045,1.0
2007-05-08,8.196,8.241,0.045,1.0
2007-05-09,8.209,8.254,0.045,1.0
2007-05-10,8.152,8.197,0.045,1.0
2007-05-11,8.13,8.175,0.045,1.0
2007-05-14,8.18,8.225,0.045,1.0
2007-05-15,7.912,7.957,0.045,1.0
2007-05-16,8.03,8.075,0.045,1.0
2007-05-17,8.236,8.281,0.045,1.0
2007-05-18,8.211,8.256,0.045,1.0
2007-05-21,8.25,8.295,0.045,1.0
2007-05-22,8.292,8.337,0.045,1.0
2007-05-23,8.421,8.466,0.045,1.0
2007-05-24,8.383,8.427999999999999,0.045,1.0
2007-05-25,8.6,8.645,0.045,1.0
2007-05-28,8.729,8.774,0.045,1.0
2007-05-29,8.925,8.97,0.045,1.0
2007-05-30,8.316,8.361,0.045,1.0
2007-05-31,8.57,8.615,0.045,1.0
2007-06-01,8.388,8.433,0.045,1.0
2007-06-04,7.642,7.687,0.045,1.0
2007-06-05,8.101,8.146,0.045,1.0
2007-06-06,8.02,8.065,0.045,1.0
2007-06-07,8.204,8.249,0.045,1.0
2007-06-08,8.3,8.345,0.045,1.0
2007-06-11,8.442,8.487,0.045,1.0
2007-06-12,8.772,8.817,0.045,1.0
2007-06-13,8.947,8.991999999999999,0.045,1.0
2007-06-14,8.805,8.85,0.045,1.0
2007-06-15,8.879,8.924,0.045,1.0
2007-06-18,9.102,9.147,0.045,1.0
2007-06-19,9.147,9.192,0.045,1.0
2007-06-20,9.05,9.095,0.045,1.0
2007-06-21,9.016,9.061,0.045,1.0
2007-06-22,8.895,8.94,0.045,1.0
2007-06-25,8.484,8.529,0.045,1.0
2007-06-26,8.5,8.545,0.045,1.0
2007-06-27,8.875,8.92,0.045,1.0
2007-06-28,8.637,8.682,0.045,1.0
2007-06-29,8.369,8.414,0.045,1.0
2007-07-02,8.309,8.354,0.045,1.0
2007-07-03,8.403,8.448,0.045,1.0
2007-07-04,8.311,8.356,0.045,1.0
2007-07-05,7.921,7.966,0.045,1.0
2007-07-06,8.171,8.216,0.045,1.0
2007-07-09,8.399,8.443999999999999,0.045,1.0
2007-07-10,8.351,8.396,0.045,1.0
2007-07-11,8.35,8.395,0.045,1.0
2007-07-12,8.443,8.488,0.045,1.0
2007-07-13,8.46,8.505,0.045,1.0
2007-07-16,8.323,8.368,0.045,1.0
2007-07-17,8.4,8.445,0.045,1.0
2007-07-18,8.535,8.58,0.045,1.0
2007-07-19,8.46,8.505,0.045,1.0
2007-07-20,8.77,8.815,0.045,1.0
2007-07-23,9.229,9.274,0.045,1.0
2007-07-24,9.3,9.345,0.045,1.0
2007-07-25,9.398,9.443,0.045,1.0
2007-07-26,9.438,9.483,0.045,1.0
2007-07-27,9.438,9.483,0.045,1.0
2007-07-30,9.809,9.854,0.045,1.0
2007-07-31,9.802,9.847,0.045,1.0
2007-08-01,9.51,9.555,0.045,1.0
2007-08-02,9.664,9.709,0.045,1.0
2007-08-03,10.003,10.048,0.045,1.0
2007-08-06,10.35,10.395,0.045,1.0
2007-08-07,10.405,10.45,0.045,1.0
2007-08-08,10.345,10.39,0.045,1.0
2007-08-09,10.54,10.584999999999999,0.045,1.0
2007-08-10,10.517,10.562,0.045,1.0
2007-08-13,10.47,10.515,0.045,1.0
2007-08-14,10.63,10.675,0.045,1.0
2007-08-15,10.663,10.708,0.045,1.0
2007-08-16,10.5,10.545,0.045,1.0
2007-08-17,10.349,10.394,0.045,1.0
2007-08-20,10.995,11.04,0.045,1.0
2007-08-21,11.065,11.11,0.045,1.0
2007-08-22,11.275,11.32,0.045,1.0
2007-08-23,11.347,11.392,0.045,1.0
2007-08-24,11.595,11.64,0.045,1.0
2007-08-27,11.674,11.719,0.045,1.0
2007-08-28,11.652,11.697,0.045,1.0
2007-08-29,11.545,11.59,0.045,1.0
2007-08-30,11.654,11.699,0.045,1.0
2007-08-31,11.797,11.842,0.045,1.0
2007-09-03,12.089,12.134,0.045,1.0
2007-09-04,11.899,11.943999999999999,0.045,1.0
2007-09-05,11.841,11.886,0.045,1.0
2007-09-06,11.951,11.996,0.045,1.0
2007-09-07,11.805,11.85,0.045,1.0
2007-09-10,11.914,11.959,0.045,1.0
2007-09-11,11.52,11.565,0.045,1.0
2007-09-12,11.534,11.579,0.045,1.0
2007-09-13,11.798,11.843,0.045,1.0
2007-09-14,11.851,11.896,0.045,1.0
2007-09-17,12.088,12.133,0.045,1.0
2007-09-18,12.067,12.112,0.045,1.0
2007-09-19,11.941,11.986,0.045,1.0
2007-09-20,12.1,12.145,0.045,1.0
2007-09-21,12.05,12.095,0.045,1.0
2007-09-24,12.115,12.16,0.045,1.0
2007-09-25,12.08,12.125,0.045,1.0
2007-09-26,11.97,12.015,0.045,1.0
2007-09-27,11.97,12.015,0.045,1.0
2007-09-28,12.297,12.342,0.045,1.0
2007-10-08,12.524,12.568999999999999,0.045,1.0
2007-10-09,12.588,12.633,0.045,1.0
2007-10-10,12.604,12.649,0.045,1.0
2007-10-11,12.775,12.82,0.045,1.0
2007-10-12,12.8,12.845,0.045,1.0
2007-10-15,13.06,13.105,0.045,1.0
2007-10-16,13.242,13.287,0.045,1.0
2007-10-17,13.14,13.185,0.045,1.0
2007-10-18,12.85,12.895,0.045,1.0
2007-10-19,12.733,12.778,0.045,1.0
2007-10-22,12.295,12.34,0.045,1.0
2007-10-23,12.485,12.53,0.045,1.0
2007-10-24,12.646,12.691,0.045,1.0
2007-10-25,12.127,12.172,0.045,1.0
2007-10-26,12.182,12.227,0.045,1.0
2007-10-29,12.347,12.392,0.045,1.0
2007-10-30,12.56,12.605,0.045,1.0
2007-10-31,12.698,12.743,0.045,1.0
2007-11-01,12.62,12.665,0.045,1.0
2007-11-02,12.378,12.423,0.045,1.0
2007-11-05,12.18,12.225,0.045,1.0
2007-11-06,11.998,12.043,0.045,1.0
2007-11-07,12.031,12.076,0.045,1.0
2007-11-08,11.426,11.471,0.045,1.0
2007-11-09,11.33,11.375,0.045,1.0
2007-11-12,11.196,11.241,0.045,1.0
2007-11-13,11.2,11.245,0.045,1.0
2007-11-14,11.598,11.643,0.045,1.0
2007-11-15,11.441,11.486,0.045,1.0
2007-11-16,11.321,11.366,0.045,1.0
2007-11-19,11.221,11.266,0.045,1.0
2007-11-20,11.366,11.411,0.045,1.0
2007-11-21,11.24,11.285,0.045,1.0
2007-11-22,10.789,10.834,0.045,1.0
2007-11-23,10.856,10.901,0.045,1.0
2007-11-26,10.783,10.828,0.045,1.0
2007-11-27,10.617,10.662,0.045,1.0
2007-11-28,10.56,10.605,0.045,1.0
2007-11-29,10.909,10.954,0.045,1.0
2007-11-30,10.676,10.721,0.045,1.0
2007-12-03,10.771,10.816,0.045,1.0
2007-12-04,10.899,10.943999999999999,0.045,1.0
2007-12-05,11.194,11.239,0.045,1.0
2007-12-06,11.212,11.257,0.045,1.0
2007-12-07,11.4,11.445,0.045,1.0
2007-12-10,11.595,11.64,0.045,1.0
2007-12-11,11.596,11.641,0.045,1.0
2007-12-12,11.384,11.429,0.045,1.0
2007-12-13,10.988,11.033,0.045,1.0
2007-12-14,11.185,11.23,0.045,1.0
2007-12-17,10.9,10.945,0.045,1.0
2007-12-18,10.781,10.826,0.045,1.0
2007-12-19,11.029,11.074,0.045,1.0
2007-12-20,11.273,11.318,0.045,1.0
2007-12-21,11.414,11.459,0.045,1.0
2007-12-24,11.711,11.756,0.045,1.0
2007-12-25,11.692,11.737,0.045,1.0
2007-12-26,11.72,11.765,0.045,1.0
2007-12-27,11.919,11.964,0.045,1.0
2007-12-28,11.91,11.955,0.045,1.0
2008-01-02,11.868,11.913,0.045,1.0
2008-01-03,11.917,11.962,0.045,1.0
2008-01-04,12.105,12.15,0.045,1.0
2008-01-07,12.215,12.26,0.045,1.0
2008-01-08,12.179,12.224,0.045,1.0
2008-01-09,12.379,12.424,0.045,1.0
2008-01-10,12.485,12.53,0.045,1.0
2008-01-11,12.566,12.611,0.045,1.0
2008-01-14,12.68,12.725,0.045,1.0
2008-01-15,12.581,12.626,0.045,1.0
2008-01-16,12.206,12.251,0.045,1.0
2008-01-17,11.969,12.014,0.045,1.0
2008-01-18,11.935,11.98,0.045,1.0
2008-01-21,11.385,11.43,0.045,1.0
2008-01-22,10.514,10.559,0.045,1.0
2008-01-23,10.928,10.973,0.045,1.0
2008-01-24,10.931,10.975999999999999,0.045,1.0
2008-01-25,11.072,11.116999999999999,0.045,1.0
2008-01-28,10.456,10.501,0.045,1.0
2008-01-29,10.499,10.544,0.045,1.0
2008-01-30,10.291,10.336,0.045,1.0
2008-01-31,10.159,10.204,0.045,1.0
2008-02-01,10.041,10.086,0.045,1.0
2008-02-04,11.045,11.09,0.045,1.0
2008-02-05,10.759,10.804,0.045,1.0
2008-02-13,10.53,10.575,0.045,1.0
2008-02-14,10.641,10.686,0.045,1.0
2008-02-15,10.505,10.55,0.045,1.0
2008-02-18,10.729,10.774,0.045,1.0
2008-02-19,10.915,10.959999999999999,0.045,1.0
2008-02-20,10.71,10.755,0.045,1.0
2008-02-21,10.585,10.63,0.045,1.0
2008-02-22,10.189,10.234,0.045,1.0
2008-02-25,9.875,9.92,0.045,1.0
2008-02-26,9.836,9.881,0.045,1.0
2008-02-27,10.129,10.174,0.045,1.0
2008-02-28,10.088,10.133,0.045,1.0
2008-02-29,10.164,10.209,0.045,1.0
2008-03-03,10.451,10.496,0.045,1.0
2008-03-04,10.223,10.268,0.045,1.0
2008-03-05,10.106,10.151,0.045,1.0
2008-03-06,10.183,10.228,0.045,1.0
2008-03-07,10.065,10.11,0.045,1.0
2008-03-10,9.715,9.76,0.045,1.0
2008-03-11,9.712,9.757,0.045,1.0
2008-03-12,9.475,9.52,0.045,1.0
2008-03-13,9.187,9.232,0.045,1.0
2008-03-14,9.114,9.159,0.045,1.0
2008-03-17,8.774,8.818999999999999,0.045,1.0
2008-03-18,8.331,8.376,0.045,1.0
2008-03-19,8.552,8.597,0.045,1.0
2008-03-20,8.801,8.846,0.045,1.0
2008-03-21,8.835,8.88,0.045,1.0
2008-03-24,8.552,8.597,0.045,1.0
2008-03-25,8.575,8.62,0.045,1.0
2008-03-26,8.55,8.595,0.045,1.0
2008-03-27,8.256,8.301,0.045,1.0
2008-03-28,8.593,8.638,0.045,1.0
2008-03-31,8.331,8.376,0.045,1.0
2008-04-01,7.925,7.97,0.045,1.0
2008-04-02,7.86,7.905,0.045,1.0
2008-04-03,8.016,8.061,0.045,1.0
2008-04-07,8.519,8.564,0.045,1.0
2008-04-08,8.567,8.612,0.045,1.0
2008-04-09,8.206,8.251,0.045,1.0
2008-04-10,8.228,8.273,0.045,1.0
2008-04-11,8.283,8.328,0.045,1.0
2008-04-14,7.872,7.917,0.045,1.0
2008-04-15,7.884,7.929,0.045,1.0
2008-04-16,7.719,7.764,0.045,1.0
2008-04-17,7.493,7.538,0.045,1.0
2008-04-18,7.282,7.327,0.045,1.0
2008-04-21,7.289,7.334,0.045,1.0
2008-04-22,7.332,7.377,0.045,1.0
2008-04-23,7.727,7.772,0.045,1.0
2008-04-24,8.5,8.545,0.045,1.0
2008-04-25,8.5,8.545,0.045,1.0
2008-04-28,8.29,8.334999999999999,0.045,1.0
2008-04-29,8.38,8.425,0.045,1.0
2008-04-30,8.815,8.86,0.045,1.0
2008-05-05,8.95,8.995,0.045,1.0
2008-05-06,8.863,8.908,0.045,1.0
2008-05-07,8.501,8.546,0.045,1.0
2008-05-08,8.697,8.741999999999999,0.045,1.0
2008-05-09,8.574,8.619,0.045,1.0
2008-05-12,8.621,8.666,0.045,1.0
2008-05-13,8.472,8.517,0.045,1.0
2008-05-14,8.817,8.862,0.045,1.0
2008-05-15,8.702,8.747,0.045,1.0
2008-05-16,8.646,8.691,0.045,1.0
2008-05-19,8.588,8.633,0.045,1.0
2008-05-20,8.197,8.241999999999999,0.045,1.0
2008-05-21,8.367,8.412,0.045,1.0
2008-05-22,8.22,8.265,0.045,1.0
2008-05-23,8.179,8.224,0.045,1.0
2008-05-26,7.96,8.005,0.045,1.0
2008-05-27,7.97,8.015,0.045,1.0
2008-05-28,8.166,8.211,0.045,1.0
2008-05-29,7.965,8.01,0.045,1.0
2008-05-30,8.041,8.086,0.045,1.0
2008-06-02,8.06,8.105,0.045,1.0
2008-06-03,8.072,8.116999999999999,0.045,1.0
2008-06-04,7.902,7.947,0.045,1.0
2008-06-05,7.809,7.854,0.045,1.0
2008-06-06,7.792,7.837,0.045,1.0
2008-06-10,7.136,7.181,0.045,1.0
2008-06-11,7.017,7.062,0.045,1.0
2008-06-12,6.902,6.947,0.045,1.0
2008-06-13,6.732,6.777,0.045,1.0
2008-06-16,6.697,6.742,0.045,1.0
2008-06-17,6.491,6.536,0.045,1.0
2008-06-18,6.791,6.836,0.045,1.0
2008-06-19,6.274,6.319,0.045,1.0
2008-06-20,6.499,6.544,0.045,1.0
2008-06-23,6.38,6.425,0.045,1.0
2008-06-24,6.472,6.517,0.045,1.0
2008-06-25,6.688,6.733,0.045,1.0
2008-06-26,6.729,6.774,0.045,1.0
2008-06-27,6.388,6.433,0.045,1.0
2008-06-30,6.342,6.387,0.045,1.0
2008-07-01,6.127,6.172,0.045,1.0
2008-07-02,6.08,6.125,0.045,1.0
2008-07-03,6.268,6.313,0.045,1.0
2008-07-04,6.221,6.266,0.045,1.0
2008-07-07,6.548,6.593,0.045,1.0
2008-07-08,6.595,6.64,0.045,1.0
2008-07-09,6.812,6.857,0.045,1.0
2008-07-10,6.743,6.788,0.045,1.0
2008-07-11,6.671,6.716,0.045,1.0
2008-07-14,6.731,6.776,0.045,1.0
2008-07-15,6.478,6.523,0.045,1.0
2008-07-16,6.262,6.3069999999999995,0.045,1.0
2008-07-17,6.215,6.26,0.045,1.0
2008-07-18,6.393,6.438,0.045,1.0
2008-07-21,6.619,6.664,0.045,1.0
2008-07-22,6.594,6.639,0.045,1.0
2008-07-23,6.565,6.61,0.045,1.0
2008-07-24,6.776,6.821,0.045,1.0
2008-07-25,6.678,6.723,0.045,1.0
2008-07-28,6.751,6.796,0.045,1.0
2008-07-29,6.603,6.648,0.045,1.0
2008-07-30,6.574,6.619,0.045,1.0
2008-07-31,6.422,6.467,0.045,1.0
2008-08-01,6.493,6.538,0.045,1.0
2008-08-04,6.329,6.374,0.045,1.0
2008-08-05,6.238,6.283,0.045,1.0
2008-08-06,6.28,6.325,0.045,1.0
2008-08-07,6.264,6.309,0.045,1.0
2008-08-08,5.981,6.026,0.045,1.0
2008-08-11,5.644,5.689,0.045,1.0
2008-08-12,5.635,5.68,0.045,1.0
2008-08-13,5.607,5.652,0.045,1.0
2008-08-14,5.593,5.638,0.045,1.0
2008-08-15,5.637,5.6819999999999995,0.045,1.0
2008-08-18,5.377,5.422,0.045,1.0
2008-08-19,5.428,5.473,0.045,1.0
2008-08-20,5.86,5.905,0.045,1.0
2008-08-21,5.631,5.676,0.045,1.0
2008-08-22,5.533,5.578,0.045,1.0
2008-08-25,5.577,5.622,0.045,1.0
2008-08-26,5.371,5.416,0.045,1.0
2008-08-27,5.408,5.453,0.045,1.0
2008-08-28,5.449,5.494,0.045,1.0
2008-08-29,5.562,5.607,0.045,1.0
2008-09-01,5.402,5.447,0.045,1.0
2008-09-02,5.301,5.346,0.045,1.0
2008-09-03,5.227,5.272,0.045,1.0
2008-09-04,5.23,5.275,0.045,1.0
2008-09-05,5.139,5.184,0.045,1.0
2008-09-08,4.991,5.036,0.045,1.0
2008-09-09,5.0,5.045,0.045,1.0
2008-09-10,5.03,5.075,0.045,1.0
2008-09-11,4.873,4.918,0.045,1.0
2008-09-12,4.875,4.92,0.045,1.0
2008-09-16,4.669,4.7139999999999995,0.045,1.0
2008-09-17,4.471,4.516,0.045,1.0
2008-09-18,4.397,4.442,0.045,1.0
2008-09-19,4.837,4.882,0.045,1.0
2008-09-22,5.321,5.366,0.045,1.0
2008-09-23,4.945,4.99,0.045,1.0
2008-09-24,5.008,5.053,0.045,1.0
2008-09-25,5.197,5.242,0.045,1.0
2008-09-26,5.24,5.285,0.045,1.0
2008-10-06,4.966,5.011,0.045,1.0
2008-10-07,4.846,4.891,0.045,1.0
2008-10-08,4.673,4.718,0.045,1.0
2008-10-09,4.605,4.65,0.045,1.0
2008-10-10,4.414,4.459,0.045,1.0
2008-10-13,4.633,4.678,0.045,1.0
2008-10-14,4.513,4.558,0.045,1.0
2008-10-15,4.47,4.515,0.045,1.0
2008-10-16,4.2,4.245,0.045,1.0
2008-10-17,4.26,4.305,0.045,1.0
2008-10-20,4.377,4.422,0.045,1.0
2008-10-21,4.321,4.366,0.045,1.0
2008-10-22,4.223,4.268,0.045,1.0
2008-10-23,4.187,4.232,0.045,1.0
2008-10-24,4.071,4.116,0.045,1.0
2008-10-27,3.807,3.852,0.045,1.0
2008-10-28,3.916,3.961,0.045,1.0
2008-10-29,3.79,3.835,0.045,1.0
2008-10-30,3.862,3.907,0.045,1.0
2008-10-31,3.803,3.848,0.045,1.0
2008-11-03,3.776,3.8209999999999997,0.045,1.0
2008-11-04,3.777,3.822,0.045,1.0
2008-11-05,3.907,3.952,0.045,1.0
2008-11-06,3.802,3.847,0.045,1.0
2008-11-07,3.854,3.899,0.045,1.0
2008-11-10,4.215,4.26,0.045,1.0
2008-11-11,4.111,4.156,0.045,1.0
2008-11-12,4.168,4.213,0.045,1.0
2008-11-13,4.346,4.391,0.045,1.0
2008-11-14,4.479,4.524,0.045,1.0
2008-11-17,4.549,4.594,0.045,1.0
2008-11-18,4.264,4.309,0.045,1.0
2008-11-19,4.563,4.608,0.045,1.0
2008-11-20,4.443,4.4879999999999995,0.045,1.0
2008-11-21,4.426,4.471,0.045,1.0
2008-11-24,4.208,4.253,0.045,1.0
2008-11-25,4.228,4.273,0.045,1.0
2008-11-26,4.238,4.283,0.045,1.0
2008-11-27,4.34,4.385,0.045,1.0
2008-11-28,4.199,4.244,0.045,1.0
2008-12-01,4.255,4.3,0.045,1.0
2008-12-02,4.235,4.28,0.045,1.0
2008-12-03,4.438,4.483,0.045,1.0
2008-12-04,4.534,4.579,0.045,1.0
2008-12-05,4.568,4.6129999999999995,0.045,1.0
2008-12-08,4.768,4.813,0.045,1.0
2008-12-09,4.669,4.7139999999999995,0.045,1.0
2008-12-10,4.792,4.837,0.045,1.0
2008-12-11,4.648,4.693,0.045,1.0
2008-12-12,4.47,4.515,0.045,1.0
2008-12-15,4.482,4.527,0.045,1.0
2008-12-16,4.548,4.593,0.045,1.0
2008-12-17,4.52,4.5649999999999995,0.045,1.0
2008-12-18,4.622,4.667,0.045,1.0
2008-12-19,4.639,4.684,0.045,1.0
2008-12-22,4.552,4.5969999999999995,0.045,1.0
2008-12-23,4.343,4.388,0.045,1.0
2008-12-24,4.276,4.321,0.045,1.0
2008-12-25,4.255,4.3,0.045,1.0
2008-12-26,4.25,4.295,0.045,1.0
2008-12-29,4.238,4.283,0.045,1.0
2008-12-30,4.191,4.236,0.045,1.0
2008-12-31,4.151,4.196,0.045,1.0
2009-01-05,4.3,4.345,0.045,1.0
2009-01-06,4.447,4.492,0.045,1.0
2009-01-07,4.44,4.485,0.045,1.0
2009-01-08,4.33,4.375,0.045,1.0
2009-01-09,4.39,4.435,0.045,1.0
2009-01-12,4.393,4.438,0.045,1.0
2009-01-13,4.304,4.349,0.045,1.0
2009-01-14,4.484,4.529,0.045,1.0
2009-01-15,4.472,4.517,0.045,1.0
2009-01-16,4.58,4.625,0.045,1.0
2009-01-19,4.624,4.669,0.045,1.0
2009-01-20,4.632,4.677,0.045,1.0
2009-01-21,4.608,4.653,0.045,1.0
2009-01-22,4.698,4.743,0.045,1.0
2009-01-23,4.658,4.703,0.045,1.0
2009-02-02,4.689,4.734,0.045,1.0
2009-02-03,4.826,4.8709999999999996,0.045,1.0
2009-02-04,4.948,4.993,0.045,1.0
2009-02-05,4.894,4.939,0.045,1.0
2009-02-06,5.131,5.176,0.045,1.0
2009-02-09,5.216,5.261,0.045,1.0
2009-02-10,5.258,5.303,0.045,1.0
2009-02-11,5.27,5.3149999999999995,0.045,1.0
2009-02-12,5.201,5.2459999999999996,0.045,1.0
2009-02-13,5.459,5.504,0.045,1.0
2009-02-16,5.555,5.6,0.045,1.0
2009-02-17,5.413,5.458,0.045,1.0
2009-02-18,5.177,5.2219999999999995,0.045,1.0
2009-02-19,5.208,5.253,0.045,1.0
2009-02-20,5.299,5.344,0.045,1.0
2009-02-23,5.44,5.485,0.045,1.0
2009-02-24,5.195,5.24,0.045,1.0
2009-02-25,5.18,5.225,0.045,1.0
2009-02-26,4.998,5.043,0.045,1.0
2009-02-27,4.83,4.875,0.045,1.0
2009-03-02,4.897,4.942,0.045,1.0
2009-03-03,4.845,4.89,0.045,1.0
2009-03-04,5.18,5.225,0.045,1.0
2009-03-05,5.208,5.253,0.045,1.0
2009-03-06,5.158,5.203,0.045,1.0
2009-03-09,5.004,5.0489999999999995,0.045,1.0
2009-03-10,5.074,5.119,0.045,1.0
2009-03-11,5.048,5.093,0.045,1.0
2009-03-12,5.004,5.0489999999999995,0.045,1.0
2009-03-13,4.972,5.017,0.045,1.0
2009-03-16,5.095,5.14,0.045,1.0
2009-03-17,5.276,5.321,0.045,1.0
2009-03-18,5.272,5.317,0.045,1.0
2009-03-19,5.38,5.425,0.045,1.0
2009-03-20,5.376,5.421,0.045,1.0
2009-03-23,5.499,5.544,0.045,1.0
2009-03-24,5.528,5.5729999999999995,0.045,1.0
2009-03-25,5.423,5.468,0.045,1.0
2009-03-26,5.639,5.684,0.045,1.0
2009-03-27,5.66,5.705,0.045,1.0
2009-03-30,5.633,5.678,0.045,1.0
2009-03-31,5.684,5.729,0.045,1.0
2009-04-01,5.779,5.824,0.045,1.0
2009-04-02,5.838,5.883,0.045,1.0
2009-04-03,5.82,5.865,0.045,1.0
2009-04-07,5.847,5.892,0.045,1.0
2009-04-08,5.653,5.6979999999999995,0.045,1.0
2009-04-09,5.712,5.757,0.045,1.0
2009-04-10,5.897,5.942,0.045,1.0
2009-04-13,5.989,6.183,0.194,1.0
2009-04-14,5.968,6.162,0.194,1.0
2009-04-15,5.911,6.1049999999999995,0.194,1.0
2009-04-16,5.907,6.101,0.194,1.0
2009-04-17,5.842,6.036,0.194,1.0
2009-04-20,5.958,6.152,0.194,1.0
2009-04-21,5.88,6.074,0.194,1.0
2009-04-22,5.674,5.868,0.194,1.0
2009-04-23,5.697,5.891,0.194,1.0
2009-04-24,5.655,5.849,0.194,1.0
2009-04-27,5.538,5.732,0.194,1.0
2009-04-28,5.558,5.752,0.194,1.0
2009-04-29,5.751,5.945,0.194,1.0
2009-04-30,5.777,5.971,0.194,1.0
2009-05-04,5.979,6.173,0.194,1.0
2009-05-05,5.986,6.18,0.194,1.0
2009-05-06,6.065,6.259,0.194,1.0
2009-05-07,6.086,6.28,0.194,1.0
2009-05-08,6.13,6.324,0.194,1.0
2009-05-11,6.023,6.217,0.194,1.0
2009-05-12,6.133,6.327,0.194,1.0
2009-05-13,6.201,6.395,0.194,1.0
2009-05-14,6.124,6.318,0.194,1.0
2009-05-15,6.15,6.344,0.194,1.0
2009-05-18,6.18,6.374,0.194,1.0
2009-05-21,0.604,6.234,0.194,10.0
2009-05-22,0.6,6.194,0.194,10.0
2009-05-25,0.606,6.254,0.194,10.0
2009-05-26,0.598,6.1739999999999995,0.194,10.0
2009-05-27,0.608,6.274,0.194,10.0
2009-06-01,0.637,6.564,0.194,10.0
2009-06-02,0.634,6.534,0.194,10.0
2009-06-03,0.651,6.704,0.194,10.0
2009-06-04,0.654,6.734,0.194,10.0
2009-06-05,0.652,6.714,0.194,10.0
2009-06-08,0.654,6.734,0.194,10.0
2009-06-09,0.656,6.7540000000000004,0.194,10.0
2009-06-10,0.664,6.8340000000000005,0.194,10.0
2009-06-11,0.659,6.784,0.194,10.0
2009-06-12,0.648,6.674,0.194,10.0
2009-06-15,0.658,6.774,0.194,10.0
2009-06-16,0.657,6.764,0.194,10.0
2009-06-17,0.665,6.844,0.194,10.0
2009-06-18,0.678,6.974,0.194,10.0
2009-06-19,0.686,7.054,0.194,10.0
2009-06-22,0.687,7.064000000000001,0.194,10.0
2009-06-23,0.686,7.054,0.194,10.0
2009-06-24,0.692,7.114,0.194,10.0
2009-06-25,0.691,7.103999999999999,0.194,10.0
2009-06-26,0.692,7.114,0.194,10.0
2009-06-29,0.706,7.254,0.194,10.0
2009-06-30,0.705,7.244,0.194,10.0
2009-07-01,0.72,7.393999999999999,0.194,10.0
2009-07-02,0.732,7.514,0.194,10.0
2009-07-03,0.739,7.584,0.194,10.0
2009-07-06,0.749,7.684,0.194,10.0
2009-07-07,0.739,7.584,0.194,10.0
2009-07-08,0.74,7.594,0.194,10.0
2009-07-09,0.75,7.694,0.194,10.0
2009-07-10,0.748,7.674,0.194,10.0
2009-07-13,0.738,7.574,0.194,10.0
2009-07-14,0.759,7.784,0.194,10.0
2009-07-15,0.768,7.874,0.194,10.0
2009-07-16,0.774,7.934,0.194,10.0
2009-07-17,0.776,7.954,0.194,10.0
2009-07-20,0.794,8.134,0.194,10.0
2009-07-21,0.781,8.004000000000001,0.194,10.0
2009-07-22,0.796,8.154000000000002,0.194,10.0
2009-07-23,0.806,8.254000000000001,0.194,10.0
2009-07-24,0.81,8.294000000000002,0.194,10.0
2009-07-27,0.831,8.504,0.194,10.0
2009-07-28,0.832,8.514000000000001,0.194,10.0
2009-07-29,0.789,8.084000000000001,0.194,10.0
2009-07-30,0.804,8.234000000000002,0.194,10.0
2009-07-31,0.827,8.464,0.194,10.0
2009-08-03,0.84,8.594000000000001,0.194,10.0
2009-08-04,0.835,8.544,0.194,10.0
2009-08-05,0.825,8.444,0.194,10.0
2009-08-06,0.806,8.254000000000001,0.194,10.0
2009-08-07,0.781,8.004000000000001,0.194,10.0
2009-08-10,0.781,8.004000000000001,0.194,10.0
2009-08-11,0.782,8.014000000000001,0.194,10.0
2009-08-12,0.745,7.644,0.194,10.0
2009-08-13,0.755,7.744,0.194,10.0
2009-08-14,0.735,7.544,0.194,10.0
2009-08-17,0.691,7.103999999999999,0.194,10.0
2009-08-18,0.699,7.183999999999999,0.194,10.0
2009-08-19,0.662,6.814,0.194,10.0
2009-08-20,0.693,7.124,0.194,10.0
2009-08-21,0.704,7.233999999999999,0.194,10.0
2009-08-24,0.707,7.263999999999999,0.194,10.0
2009-08-25,0.68,6.994000000000001,0.194,10.0
2009-08-26,0.697,7.164,0.194,10.0
2009-08-27,0.688,7.073999999999999,0.194,10.0
2009-08-28,0.666,6.854,0.194,10.0
2009-08-31,0.618,6.374,0.194,10.0
2009-09-01,0.624,6.434,0.194,10.0
2009-09-02,0.632,6.514,0.194,10.0
2009-09-03,0.671,6.904000000000001,0.194,10.0
2009-09-04,0.675,6.944,0.194,10.0
2009-09-07,0.679,6.984000000000001,0.194,10.0
2009-09-08,0.694,7.1339999999999995,0.194,10.0
2009-09-09,0.7,7.194,0.194,10.0
2009-09-10,0.691,7.103999999999999,0.194,10.0
2009-09-11,0.708,7.274,0.194,10.0
2009-09-14,0.72,7.393999999999999,0.194,10.0
2009-09-15,0.722,7.414,0.194,10.0
2009-09-16,0.712,7.313999999999999,0.194,10.0
2009-09-17,0.724,7.434,0.194,10.0
2009-09-18,0.699,7.183999999999999,0.194,10.0
2009-09-21,0.699,7.183999999999999,0.194,10.0
2009-09-22,0.678,6.974,0.194,10.0
2009-09-23,0.665,6.844,0.194,10.0
2009-09-24,0.675,6.944,0.194,10.0
2009-09-25,0.669,6.884,0.194,10.0
2009-09-28,0.649,6.684,0.194,10.0
2009-09-29,0.65,6.694,0.194,10.0
2009-09-30,0.657,6.764,0.194,10.0
2009-10-09,0.694,7.1339999999999995,0.194,10.0
2009-10-12,0.688,7.073999999999999,0.194,10.0
2009-10-13,0.701,7.204,0.194,10.0
2009-10-14,0.707,7.263999999999999,0.194,10.0
2009-10-15,0.71,7.294,0.194,10.0
2009-10-16,0.709,7.284,0.194,10.0
2009-10-19,0.728,7.473999999999999,0.194,10.0
2009-10-20,0.737,7.564,0.194,10.0
2009-10-21,0.736,7.553999999999999,0.194,10.0
2009-10-22,0.732,7.514,0.194,10.0
2009-10-23,0.745,7.644,0.194,10.0
2009-10-26,0.746,7.654,0.194,10.0
2009-10-27,0.725,7.444,0.194,10.0
2009-10-28,0.725,7.444,0.194,10.0
2009-10-29,0.708,7.274,0.194,10.0
2009-10-30,0.714,7.334,0.194,10.0
2009-11-02,0.74,7.594,0.194,10.0
2009-11-03,0.749,7.684,0.194,10.0
2009-11-04,0.752,7.7139999999999995,0.194,10.0
2009-11-05,0.754,7.734,0.194,10.0
2009-11-06,0.759,7.784,0.194,10.0
2009-11-09,0.76,7.794,0.194,10.0
2009-11-10,0.764,7.8340000000000005,0.194,10.0
2009-11-11,0.759,7.784,0.194,10.0
2009-11-12,0.758,7.774,0.194,10.0
2009-11-13,0.765,7.844,0.194,10.0
2009-11-16,0.789,8.084000000000001,0.194,10.0
2009-11-17,0.789,8.084000000000001,0.194,10.0
2009-11-18,0.788,8.074000000000002,0.194,10.0
2009-11-19,0.79,8.094000000000001,0.194,10.0
2009-11-20,0.788,8.074000000000002,0.194,10.0
2009-11-23,0.792,8.114,0.194,10.0
2009-11-24,0.77,7.894,0.194,10.0
2009-11-25,0.785,8.044,0.194,10.0
2009-11-26,0.751,7.704,0.194,10.0
2009-11-27,0.73,7.494,0.194,10.0
2009-11-30,0.755,7.744,0.194,10.0
2009-12-01,0.765,7.844,0.194,10.0
2009-12-02,0.774,7.934,0.194,10.0
2009-12-03,0.773,7.924,0.194,10.0
2009-12-04,0.789,8.084000000000001,0.194,10.0
2009-12-07,0.792,8.114,0.194,10.0
2009-12-08,0.779,7.984,0.194,10.0
2009-12-09,0.765,7.844,0.194,10.0
2009-12-10,0.77,7.894,0.194,10.0
2009-12-11,0.769,7.884,0.194,10.0
2009-12-14,0.78,7.994000000000001,0.194,10.0
2009-12-15,0.772,7.914000000000001,0.194,10.0
2009-12-16,0.769,7.884,0.194,10.0
2009-12-17,0.752,7.7139999999999995,0.194,10.0
2009-12-18,0.734,7.534,0.194,10.0
2009-12-21,0.733,7.524,0.194,10.0
2009-12-22,0.715,7.343999999999999,0.194,10.0
2009-12-23,0.718,7.374,0.194,10.0
2009-12-24,0.738,7.574,0.194,10.0
2009-12-25,0.733,7.524,0.194,10.0
2009-12-28,0.747,7.664,0.194,10.0
2009-12-29,0.752,7.7139999999999995,0.194,10.0
2009-12-30,0.768,7.874,0.194,10.0
2009-12-31,0.77,7.894,0.194,10.0
2010-01-04,0.76,7.794,0.194,10.0
2010-01-05,0.767,7.864,0.194,10.0
2010-01-06,0.761,7.804,0.194,10.0
2010-01-07,0.746,7.654,0.194,10.0
2010-01-08,0.748,7.674,0.194,10.0
2010-01-11,0.752,7.7139999999999995,0.194,10.0
2010-01-12,0.761,7.804,0.194,10.0
2010-01-13,0.735,7.544,0.194,10.0
2010-01-14,0.743,7.624,0.194,10.0
2010-01-15,0.745,7.644,0.194,10.0
2010-01-18,0.747,7.664,0.194,10.0
2010-01-19,0.749,7.684,0.194,10.0
2010-01-20,0.726,7.454,0.194,10.0
2010-01-21,0.731,7.504,0.194,10.0
2010-01-22,0.724,7.434,0.194,10.0
2010-01-25,0.717,7.364,0.194,10.0
2010-01-26,0.699,7.183999999999999,0.194,10.0
2010-01-27,0.691,7.103999999999999,0.194,10.0
2010-01-28,0.69,7.093999999999999,0.194,10.0
2010-01-29,0.688,7.073999999999999,0.194,10.0
2010-02-01,0.678,6.974,0.194,10.0
2010-02-02,0.676,6.954000000000001,0.194,10.0
2010-02-03,0.695,7.143999999999999,0.194,10.0
2010-02-04,0.691,7.103999999999999,0.194,10.0
2010-02-05,0.678,6.974,0.194,10.0
2010-02-08,0.678,6.974,0.194,10.0
2010-02-09,0.679,6.984000000000001,0.194,10.0
2010-02-10,0.69,7.093999999999999,0.194,10.0
2010-02-11,0.69,7.093999999999999,0.194,10.0
2010-02-12,0.697,7.164,0.194,10.0
2010-02-22,0.695,7.143999999999999,0.194,10.0
2010-02-23,0.685,7.0440000000000005,0.194,10.0
2010-02-24,0.693,7.124,0.194,10.0
2010-02-25,0.704,7.233999999999999,0.194,10.0
2010-02-26,0.702,7.2139999999999995,0.194,10.0
2010-03-01,0.711,7.303999999999999,0.194,10.0
2010-03-02,0.708,7.274,0.194,10.0
2010-03-03,0.713,7.324,0.194,10.0
2010-03-04,0.695,7.143999999999999,0.194,10.0
2010-03-05,0.696,7.153999999999999,0.194,10.0
2010-03-08,0.7,7.194,0.194,10.0
2010-03-09,0.706,7.254,0.194,10.0
2010-03-10,0.702,7.2139999999999995,0.194,10.0
2010-03-11,0.703,7.223999999999999,0.194,10.0
2010-03-12,0.692,7.114,0.194,10.0
2010-03-15,0.684,7.034000000000001,0.194,10.0
2010-03-16,0.689,7.084,0.194,10.0
2010-03-17,0.705,7.244,0.194,10.0
2010-03-18,0.702,7.2139999999999995,0.194,10.0
2010-03-19,0.709,7.284,0.194,10.0
2010-03-22,0.71,7.294,0.194,10.0
2010-03-23,0.704,7.233999999999999,0.194,10.0
2010-03-24,0.703,7.223999999999999,0.194,10.0
2010-03-25,0.693,7.124,0.194,10.0
2010-03-26,0.704,7.233999999999999,0.194,10.0
2010-03-29,0.724,7.434,0.194,10.0
2010-03-30,0.725,7.444,0.194,10.0
2010-03-31,0.72,7.393999999999999,0.194,10.0
2010-04-01,0.729,7.484,0.194,10.0
2010-04-02,0.731,7.504,0.194,10.0
2010-04-06,0.732,7.514,0.194,10.0
2010-04-07,0.725,7.444,0.194,10.0
2010-04-08,0.718,7.374,0.194,10.0
2010-04-09,0.724,7.434,0.194,10.0
2010-04-12,0.718,7.374,0.194,10.0
2010-04-13,0.728,7.473999999999999,0.194,10.0
2010-04-14,0.729,7.484,0.194,10.0
2010-04-15,0.729,7.484,0.194,10.0
2010-04-16,0.72,7.393999999999999,0.194,10.0
2010-04-19,0.683,7.024,0.194,10.0
2010-04-20,0.68,6.994000000000001,0.194,10.0
2010-04-21,0.692,7.114,0.194,10.0
2010-04-22,0.682,7.014,0.194,10.0
2010-04-23,0.679,6.984000000000001,0.194,10.0
2010-04-26,0.674,6.934,0.194,10.0
2010-04-27,0.659,6.784,0.194,10.0
2010-04-28,0.656,6.7540000000000004,0.194,10.0
2010-04-29,0.652,6.714,0.194,10.0
2010-04-30,0.658,6.774,0.194,10.0
2010-05-04,0.649,6.684,0.194,10.0
2010-05-05,0.652,6.714,0.194,10.0
2010-05-06,0.623,6.424,0.194,10.0
2010-05-07,0.614,6.334,0.194,10.0
2010-05-10,0.615,6.344,0.194,10.0
2010-05-11,0.604,6.234,0.194,10.0
2010-05-12,0.61,6.294,0.194,10.0
2010-05-13,0.622,6.414,0.194,10.0
2010-05-14,0.618,6.374,0.194,10.0
2010-05-17,0.588,6.074,0.194,10.0
2010-05-18,0.599,6.184,0.194,10.0
2010-05-19,0.596,6.154,0.194,10.0
2010-05-20,0.588,6.074,0.194,10.0
2010-05-21,0.594,6.1339999999999995,0.194,10.0
2010-05-24,0.617,6.364,0.194,10.0
2010-05-25,0.602,6.2139999999999995,0.194,10.0
2010-05-26,0.604,6.234,0.194,10.0
2010-05-27,0.615,6.344,0.194,10.0
2010-05-28,0.611,6.303999999999999,0.194,10.0
2010-05-31,0.594,6.1339999999999995,0.194,10.0
2010-06-01,0.588,6.074,0.194,10.0
2010-06-02,0.59,6.093999999999999,0.194,10.0
2010-06-03,0.587,6.063999999999999,0.194,10.0
2010-06-04,0.588,6.074,0.194,10.0
2010-06-07,0.577,5.9639999999999995,0.194,10.0
2010-06-08,0.577,5.9639999999999995,0.194,10.0
2010-06-09,0.595,6.143999999999999,0.194,10.0
2010-06-10,0.589,6.084,0.194,10.0
2010-06-11,0.59,6.093999999999999,0.194,10.0
2010-06-17,0.586,6.053999999999999,0.194,10.0
2010-06-18,0.578,5.973999999999999,0.194,10.0
2010-06-21,0.598,6.1739999999999995,0.194,10.0
2010-06-22,0.598,6.1739999999999995,0.194,10.0
2010-06-23,0.591,6.104,0.194,10.0
2010-06-24,0.594,6.1339999999999995,0.194,10.0
2010-06-25,0.589,6.084,0.194,10.0
2010-06-28,0.587,6.063999999999999,0.194,10.0
2010-06-29,0.562,5.814000000000001,0.194,10.0
2010-06-30,0.554,5.734000000000001,0.194,10.0
2010-07-01,0.548,5.674,0.194,10.0
2010-07-02,0.55,5.694,0.194,10.0
2010-07-05,0.546,5.654000000000001,0.194,10.0
2010-07-06,0.555,5.744000000000001,0.194,10.0
2010-07-07,0.557,5.764,0.194,10.0
2010-07-08,0.558,5.774,0.194,10.0
2010-07-09,0.572,5.914,0.194,10.0
2010-07-12,0.576,5.954,0.194,10.0
2010-07-13,0.567,5.864,0.194,10.0
2010-07-14,0.571,5.903999999999999,0.194,10.0
2010-07-15,0.561,5.804,0.194,10.0
2010-07-16,0.561,5.804,0.194,10.0
2010-07-19,0.576,5.954,0.194,10.0
2010-07-20,0.589,6.084,0.194,10.0
2010-07-21,0.59,6.093999999999999,0.194,10.0
2010-07-22,0.599,6.184,0.194,10.0
2010-07-23,0.6,6.194,0.194,10.0
2010-07-26,0.603,6.223999999999999,0.194,10.0
2010-07-27,0.601,6.204,0.194,10.0
2010-07-28,0.617,6.364,0.194,10.0
2010-07-29,0.619,6.3839999999999995,0.194,10.0
2010-07-30,0.618,6.374,0.194,10.0
2010-08-02,0.627,6.4639999999999995,0.194,10.0
2010-08-03,0.616,6.354,0.194,10.0
2010-08-04,0.618,6.374,0.194,10.0
2010-08-05,0.611,6.303999999999999,0.194,10.0
2010-08-06,0.622,6.414,0.194,10.0
2010-08-09,0.625,6.444,0.194,10.0
2010-08-10,0.608,6.274,0.194,10.0
2010-08-11,0.609,6.284,0.194,10.0
2010-08-12,0.602,6.2139999999999995,0.194,10.0
2010-08-13,0.61,6.294,0.194,10.0
2010-08-16,0.623,6.424,0.194,10.0
2010-08-17,0.627,6.4639999999999995,0.194,10.0
2010-08-18,0.626,6.454,0.194,10.0
2010-08-19,0.631,6.5040000000000004,0.194,10.0
2010-08-20,0.62,6.394,0.194,10.0
2010-08-23,0.617,6.364,0.194,10.0
2010-08-24,0.618,6.374,0.194,10.0
2010-08-25,0.602,6.2139999999999995,0.194,10.0
2010-08-26,0.605,6.244,0.194,10.0
2010-08-27,0.607,6.264,0.194,10.0
2010-08-30,0.618,6.374,0.194,10.0
2010-08-31,0.613,6.324,0.194,10.0
2010-09-01,0.609,6.284,0.194,10.0
2010-09-02,0.617,6.364,0.194,10.0
2010-09-03,0.615,6.344,0.194,10.0
2010-09-06,0.629,6.484,0.194,10.0
2010-09-07,0.628,6.474,0.194,10.0
2010-09-08,0.628,6.474,0.194,10.0
2010-09-09,0.616,6.354,0.194,10.0
2010-09-10,0.615,6.344,0.194,10.0
2010-09-13,0.62,6.394,0.194,10.0
2010-09-14,0.621,6.404,0.194,10.0
2010-09-15,0.611,6.303999999999999,0.194,10.0
2010-09-16,0.6,6.194,0.194,10.0
2010-09-17,0.599,6.184,0.194,10.0
2010-09-20,0.599,6.184,0.194,10.0
2010-09-21,0.599,6.184,0.194,10.0
2010-09-27,0.607,6.264,0.194,10.0
2010-09-28,0.603,6.223999999999999,0.194,10.0
2010-09-29,0.604,6.234,0.194,10.0
2010-09-30,0.616,6.354,0.194,10.0
2010-10-08,0.64,6.594,0.194,10.0
2010-10-11,0.66,6.7940000000000005,0.194,10.0
2010-10-12,0.669,6.884,0.194,10.0
2010-10-13,0.679,6.984000000000001,0.194,10.0
2010-10-14,0.684,7.034000000000001,0.194,10.0
2010-10-15,0.709,7.284,0.194,10.0
2010-10-18,0.704,7.233999999999999,0.194,10.0
2010-10-19,0.72,7.393999999999999,0.194,10.0
2010-10-20,0.72,7.393999999999999,0.194,10.0
2010-10-21,0.713,7.324,0.194,10.0
2010-10-22,0.711,7.303999999999999,0.194,10.0
2010-10-25,0.733,7.524,0.194,10.0
2010-10-26,0.728,7.473999999999999,0.194,10.0
2010-10-27,0.716,7.354,0.194,10.0
2010-10-28,0.713,7.324,0.194,10.0
2010-10-29,0.707,7.263999999999999,0.194,10.0
2010-11-01,0.726,7.454,0.194,10.0
2010-11-02,0.723,7.4239999999999995,0.194,10.0
2010-11-03,0.719,7.3839999999999995,0.194,10.0
2010-11-04,0.731,7.504,0.194,10.0
2010-11-05,0.742,7.614,0.194,10.0
2010-11-08,0.744,7.6339999999999995,0.194,10.0
2010-11-09,0.737,7.564,0.194,10.0
2010-11-10,0.729,7.484,0.194,10.0
2010-11-11,0.734,7.534,0.194,10.0
2010-11-12,0.687,7.064000000000001,0.194,10.0
2010-11-15,0.694,7.1339999999999995,0.194,10.0
2010-11-16,0.668,6.8740000000000006,0.194,10.0
2010-11-17,0.654,6.734,0.194,10.0
2010-11-18,0.663,6.824000000000001,0.194,10.0
2010-11-19,0.667,6.864,0.194,10.0
2010-11-22,0.663,6.824000000000001,0.194,10.0
2010-11-23,0.649,6.684,0.194,10.0
2010-11-24,0.662,6.814,0.194,10.0
2010-11-25,0.671,6.904000000000001,0.194,10.0
2010-11-26,0.665,6.844,0.194,10.0
2010-11-29,0.663,6.824000000000001,0.194,10.0
2010-11-30,0.652,6.714,0.194,10.0
2010-12-01,0.654,6.734,0.194,10.0
2010-12-02,0.656,6.7540000000000004,0.194,10.0
2010-12-03,0.657,6.764,0.194,10.0
2010-12-06,0.661,6.804,0.194,10.0
2010-12-07,0.669,6.884,0.194,10.0
2010-12-08,0.66,6.7940000000000005,0.194,10.0
2010-12-09,0.652,6.714,0.194,10.0
2010-12-10,0.66,6.7940000000000005,0.194,10.0
2010-12-13,0.681,7.0040000000000004,0.194,10.0
2010-12-14,0.68,6.994000000000001,0.194,10.0
2010-12-15,0.676,6.954000000000001,0.194,10.0
2010-12-16,0.671,6.904000000000001,0.194,10.0
2010-12-17,0.671,6.904000000000001,0.194,10.0
2010-12-20,0.658,6.774,0.194,10.0
2010-12-21,0.677,6.964,0.194,10.0
2010-12-22,0.667,6.864,0.194,10.0
2010-12-23,0.665,6.844,0.194,10.0
2010-12-24,0.659,6.784,0.194,10.0
2010-12-27,0.647,6.664000000000001,0.194,10.0
2010-12-28,0.638,6.574,0.194,10.0
2010-12-29,0.639,6.5840000000000005,0.194,10.0
2010-12-30,0.639,6.5840000000000005,0.194,10.0
2010-12-31,0.65,6.694,0.194,10.0
2011-01-04,0.664,6.8340000000000005,0.194,10.0
2011-01-05,0.66,6.7940000000000005,0.194,10.0
2011-01-06,0.657,6.764,0.194,10.0
2011-01-07,0.66,6.7940000000000005,0.194,10.0
2011-01-10,0.65,6.694,0.194,10.0
2011-01-11,0.653,6.724,0.194,10.0
2011-01-12,0.659,6.784,0.194,10.0
2011-01-13,0.658,6.774,0.194,10.0
2011-01-14,0.647,6.664000000000001,0.194,10.0
2011-01-17,0.625,6.444,0.194,10.0
2011-01-18,0.624,6.434,0.194,10.0
2011-01-19,0.639,6.5840000000000005,0.194,10.0
2011-01-20,0.617,6.364,0.194,10.0
2011-01-21,0.625,6.444,0.194,10.0
2011-01-24,0.62,6.394,0.194,10.0
2011-01-25,0.618,6.374,0.194,10.0
2011-01-26,0.625,6.444,0.194,10.0
2011-01-27,0.636,6.554,0.194,10.0
2011-01-28,0.637,6.564,0.194,10.0
2011-01-31,0.643,6.624,0.194,10.0
2011-02-01,0.644,6.634,0.194,10.0
2011-02-09,0.636,6.554,0.194,10.0
2011-02-10,0.648,6.674,0.194,10.0
2011-02-11,0.651,6.704,0.194,10.0
2011-02-14,0.672,6.914000000000001,0.194,10.0
2011-02-15,0.672,6.914000000000001,0.194,10.0
2011-02-16,0.674,6.934,0.194,10.0
2011-02-17,0.674,6.934,0.194,10.0
2011-02-18,0.67,6.894,0.194,10.0
2011-02-21,0.675,6.944,0.194,10.0
2011-02-22,0.655,6.744000000000001,0.194,10.0
2011-02-23,0.658,6.774,0.194,10.0
2011-02-24,0.662,6.814,0.194,10.0
2011-02-25,0.664,6.8340000000000005,0.194,10.0
2011-02-28,0.67,6.894,0.194,10.0
2011-03-01,0.674,6.934,0.194,10.0
2011-03-02,0.673,6.924,0.194,10.0
2011-03-03,0.673,6.924,0.194,10.0
2011-03-04,0.683,7.024,0.194,10.0
2011-03-07,0.697,7.164,0.194,10.0
2011-03-08,0.697,7.164,0.194,10.0
2011-03-09,0.698,7.1739999999999995,0.194,10.0
2011-03-10,0.684,7.034000000000001,0.194,10.0
2011-03-11,0.675,6.944,0.194,10.0
2011-03-14,0.678,6.974,0.194,10.0
2011-03-15,0.665,6.844,0.194,10.0
2011-03-16,0.674,6.934,0.194,10.0
2011-03-17,0.665,6.844,0.194,10.0
2011-03-18,0.67,6.894,0.194,10.0
2011-03-21,0.67,6.894,0.194,10.0
2011-03-22,0.673,6.924,0.194,10.0
2011-03-23,0.681,7.0040000000000004,0.194,10.0
2011-03-24,0.678,6.974,0.194,10.0
2011-03-25,0.688,7.073999999999999,0.194,10.0
2011-03-28,0.689,7.084,0.194,10.0
2011-03-29,0.685,7.0440000000000005,0.194,10.0
2011-03-30,0.684,7.034000000000001,0.194,10.0
2011-03-31,0.678,6.974,0.194,10.0
2011-04-01,0.689,7.084,0.194,10.0
2011-04-06,0.699,7.183999999999999,0.194,10.0
2011-04-07,0.699,7.183999999999999,0.194,10.0
2011-04-08,0.707,7.263999999999999,0.194,10.0
2011-04-11,0.703,7.223999999999999,0.194,10.0
2011-04-12,0.699,7.183999999999999,0.194,10.0
2011-04-13,0.71,7.294,0.194,10.0
2011-04-14,0.706,7.254,0.194,10.0
2011-04-15,0.708,7.274,0.194,10.0
2011-04-18,0.708,7.274,0.194,10.0
2011-04-19,0.694,7.1339999999999995,0.194,10.0
2011-04-20,0.693,7.124,0.194,10.0
2011-04-21,0.698,7.1739999999999995,0.194,10.0
2011-04-22,0.696,7.153999999999999,0.194,10.0
2011-04-25,0.685,7.0440000000000005,0.194,10.0
2011-04-26,0.681,7.0040000000000004,0.194,10.0
2011-04-27,0.677,6.964,0.194,10.0
2011-04-28,0.671,6.904000000000001,0.194,10.0
2011-04-29,0.674,6.934,0.194,10.0
2011-05-03,0.676,6.954000000000001,0.194,10.0
2011-05-04,0.658,6.774,0.194,10.0
2011-05-05,0.657,6.764,0.194,10.0
2011-05-06,0.656,6.7540000000000004,0.194,10.0
2011-05-09,0.657,6.764,0.194,10.0
2011-05-10,0.662,6.814,0.194,10.0
2011-05-11,0.661,6.804,0.194,10.0
2011-05-12,0.651,6.704,0.194,10.0
2011-05-13,0.659,6.784,0.194,10.0
2011-05-16,0.65,6.694,0.194,10.0
2011-05-17,0.655,6.744000000000001,0.194,10.0
2011-05-18,0.661,6.804,0.194,10.0
2011-05-19,0.658,6.774,0.194,10.0
2011-05-20,0.656,6.7540000000000004,0.194,10.0
2011-05-23,0.638,6.574,0.194,10.0
2011-05-24,0.638,6.574,0.194,10.0
2011-05-25,0.632,6.514,0.194,10.0
2011-05-26,0.631,6.5040000000000004,0.194,10.0
2011-05-27,0.628,6.474,0.194,10.0
2011-05-30,0.625,6.444,0.194,10.0
2011-05-31,0.634,6.534,0.194,10.0
2011-06-01,0.635,6.544,0.194,10.0
2011-06-02,0.624,6.434,0.194,10.0
2011-06-03,0.63,6.494,0.194,10.0
2011-06-07,0.635,6.544,0.194,10.0
2011-06-08,0.633,6.524,0.194,10.0
2011-06-09,0.623,6.424,0.194,10.0
2011-06-10,0.625,6.444,0.194,10.0
2011-06-13,0.624,6.434,0.194,10.0
2011-06-14,0.632,6.514,0.194,10.0
2011-06-15,0.627,6.4639999999999995,0.194,10.0
2011-06-16,0.618,6.374,0.194,10.0
2011-06-17,0.612,6.314,0.194,10.0
2011-06-20,0.61,6.294,0.194,10.0
2011-06-21,0.615,6.344,0.194,10.0
2011-06-22,0.616,6.354,0.194,10.0
2011-06-23,0.626,6.454,0.194,10.0
2011-06-24,0.641,6.604,0.194,10.0
2011-06-27,0.643,6.624,0.194,10.0
2011-06-28,0.644,6.634,0.194,10.0
2011-06-29,0.635,6.544,0.194,10.0
2011-06-30,0.643,6.624,0.194,10.0
2011-07-01,0.644,6.634,0.194,10.0
2011-07-04,0.659,6.784,0.194,10.0
2011-07-05,0.66,6.7940000000000005,0.194,10.0
2011-07-06,0.657,6.764,0.194,10.0
2011-07-07,0.654,6.734,0.194,10.0
2011-07-08,0.657,6.764,0.194,10.0
2011-07-11,0.656,6.7540000000000004,0.194,10.0
2011-07-12,0.642,6.614,0.194,10.0
2011-07-13,0.652,6.714,0.194,10.0
2011-07-14,0.654,6.734,0.194,10.0
2011-07-15,0.658,6.774,0.194,10.0
2011-07-18,0.657,6.764,0.194,10.0
2011-07-19,0.651,6.704,0.194,10.0
2011-07-20,0.65,6.694,0.194,10.0
2011-07-21,0.644,6.634,0.194,10.0
2011-07-22,0.644,6.634,0.194,10.0
2011-07-25,0.622,6.414,0.194,10.0
2011-07-26,0.624,6.434,0.194,10.0
2011-07-27,0.628,6.474,0.194,10.0
2011-07-28,0.622,6.414,0.194,10.0
2011-07-29,0.623,6.424,0.194,10.0
2011-08-01,0.626,6.454,0.194,10.0
2011-08-02,0.619,6.3839999999999995,0.194,10.0
2011-08-03,0.619,6.3839999999999995,0.194,10.0
2011-08-04,0.62,6.394,0.194,10.0
2011-08-05,0.608,6.274,0.194,10.0
2011-08-08,0.587,6.063999999999999,0.194,10.0
2011-08-09,0.587,6.063999999999999,0.194,10.0
2011-08-10,0.592,6.114,0.194,10.0
2011-08-11,0.599,6.184,0.194,10.0
2011-08-12,0.6,6.194,0.194,10.0
2011-08-15,0.61,6.294,0.194,10.0
2011-08-16,0.607,6.264,0.194,10.0
2011-08-17,0.604,6.234,0.194,10.0
2011-08-18,0.592,6.114,0.194,10.0
2011-08-19,0.586,6.053999999999999,0.194,10.0
2011-08-22,0.582,6.013999999999999,0.194,10.0
2011-08-23,0.591,6.104,0.194,10.0
2011-08-24,0.588,6.074,0.194,10.0
2011-08-25,0.608,6.274,0.194,10.0
2011-08-26,0.608,6.274,0.194,10.0
2011-08-29,0.596,6.154,0.194,10.0
2011-08-30,0.596,6.154,0.194,10.0
2011-08-31,0.598,6.1739999999999995,0.194,10.0
2011-09-01,0.594,6.1339999999999995,0.194,10.0
2011-09-02,0.589,6.084,0.194,10.0
2011-09-05,0.577,5.9639999999999995,0.194,10.0
2011-09-06,0.575,5.944,0.194,10.0
2011-09-07,0.584,6.034,0.194,10.0
2011-09-08,0.58,5.994,0.194,10.0
2011-09-09,0.58,5.994,0.194,10.0
2011-09-13,0.574,5.933999999999999,0.194,10.0
2011-09-14,0.575,5.944,0.194,10.0
2011-09-15,0.575,5.944,0.194,10.0
2011-09-16,0.575,5.944,0.194,10.0
2011-09-19,0.565,5.843999999999999,0.194,10.0
2011-09-20,0.567,5.864,0.194,10.0
2011-09-21,0.583,6.024,0.194,10.0
2011-09-22,0.567,5.864,0.194,10.0
2011-09-23,0.563,5.823999999999999,0.194,10.0
2011-09-26,0.55,5.694,0.194,10.0
2011-09-27,0.555,5.744000000000001,0.194,10.0
2011-09-28,0.551,5.704000000000001,0.194,10.0
2011-09-29,0.546,5.654000000000001,0.194,10.0
2011-09-30,0.542,5.614,0.194,10.0
2011-10-10,0.538,5.574000000000001,0.194,10.0
2011-10-11,0.538,5.574000000000001,0.194,10.0
2011-10-12,0.558,5.774,0.194,10.0
2011-10-13,0.562,5.814000000000001,0.194,10.0
2011-10-14,0.562,5.814000000000001,0.194,10.0
2011-10-17,0.564,5.834,0.194,10.0
2011-10-18,0.547,5.664000000000001,0.194,10.0
2011-10-19,0.548,5.674,0.194,10.0
2011-10-20,0.536,5.554,0.194,10.0
2011-10-21,0.535,5.5440000000000005,0.194,10.0
2011-10-24,0.549,5.684,0.194,10.0
2011-10-25,0.558,5.774,0.194,10.0
2011-10-26,0.563,5.823999999999999,0.194,10.0
2011-10-27,0.565,5.843999999999999,0.194,10.0
2011-10-28,0.577,5.9639999999999995,0.194,10.0
2011-10-31,0.572,5.914,0.194,10.0
2011-11-01,0.573,5.9239999999999995,0.194,10.0
2011-11-02,0.584,6.034,0.194,10.0
2011-11-03,0.583,6.024,0.194,10.0
2011-11-04,0.589,6.084,0.194,10.0
2011-11-07,0.581,6.004,0.194,10.0
2011-11-08,0.58,5.994,0.194,10.0
2011-11-09,0.584,6.034,0.194,10.0
2011-11-10,0.571,5.903999999999999,0.194,10.0
2011-11-11,0.573,5.9239999999999995,0.194,10.0
2011-11-14,0.584,6.034,0.194,10.0
2011-11-15,0.581,6.004,0.194,10.0
2011-11-16,0.565,5.843999999999999,0.194,10.0
2011-11-17,0.563,5.823999999999999,0.194,10.0
2011-11-18,0.553,5.724,0.194,10.0
2011-11-21,0.553,5.724,0.194,10.0
2011-11-22,0.552,5.714,0.194,10.0
2011-11-23,0.548,5.674,0.194,10.0
2011-11-24,0.549,5.684,0.194,10.0
2011-11-25,0.543,5.6240000000000006,0.194,10.0
2011-11-28,0.546,5.654000000000001,0.194,10.0
2011-11-29,0.551,5.704000000000001,0.194,10.0
2011-11-30,0.535,5.5440000000000005,0.194,10.0
2011-12-01,0.549,5.684,0.194,10.0
2011-12-02,0.544,5.634,0.194,10.0
2011-12-05,0.538,5.574000000000001,0.194,10.0
2011-12-06,0.536,5.554,0.194,10.0
2011-12-07,0.539,5.5840000000000005,0.194,10.0
2011-12-08,0.539,5.5840000000000005,0.194,10.0
2011-12-09,0.534,5.534,0.194,10.0
2011-12-12,0.53,5.494000000000001,0.194,10.0
2011-12-13,0.518,5.374,0.194,10.0
2011-12-14,0.512,5.314,0.194,10.0
2011-12-15,0.5,5.194,0.194,10.0
2011-12-16,0.51,5.294,0.194,10.0
2011-12-19,0.51,5.294,0.194,10.0
2011-12-20,0.507,5.264,0.194,10.0
2011-12-21,0.5,5.194,0.194,10.0
2011-12-22,0.501,5.204,0.194,10.0
2011-12-23,0.504,5.234,0.194,10.0
2011-12-26,0.5,5.194,0.194,10.0
2011-12-27,0.495,5.144,0.194,10.0
2011-12-28,0.496,5.154,0.194,10.0
2011-12-29,0.496,5.154,0.194,10.0
2011-12-30,0.504,5.234,0.194,10.0
2012-01-04,0.495,5.144,0.194,10.0
2012-01-05,0.491,5.104,0.194,10.0
2012-01-06,0.495,5.144,0.194,10.0
2012-01-09,0.512,5.314,0.194,10.0
2012-01-10,0.529,5.484,0.194,10.0
2012-01-11,0.524,5.434,0.194,10.0
2012-01-12,0.526,5.454,0.194,10.0
2012-01-13,0.519,5.384,0.194,10.0
2012-01-16,0.508,5.274,0.194,10.0
2012-01-17,0.534,5.534,0.194,10.0
2012-01-18,0.525,5.444,0.194,10.0
2012-01-19,0.537,5.564,0.194,10.0
2012-01-20,0.544,5.634,0.194,10.0
2012-01-30,0.533,5.524,0.194,10.0
2012-01-31,0.534,5.534,0.194,10.0
2012-02-01,0.527,5.464,0.194,10.0
2012-02-02,0.538,5.574000000000001,0.194,10.0
2012-02-03,0.541,5.604,0.194,10.0
2012-02-06,0.541,5.604,0.194,10.0
2012-02-07,0.532,5.514,0.194,10.0
2012-02-08,0.547,5.664000000000001,0.194,10.0
2012-02-09,0.547,5.664000000000001,0.194,10.0
2012-02-10,0.547,5.664000000000001,0.194,10.0
2012-02-13,0.547,5.664000000000001,0.194,10.0
2012-02-14,0.544,5.634,0.194,10.0
2012-02-15,0.548,5.674,0.194,10.0
2012-02-16,0.546,5.654000000000001,0.194,10.0
2012-02-17,0.547,5.664000000000001,0.194,10.0
2012-02-20,0.549,5.684,0.194,10.0
2012-02-21,0.552,5.714,0.194,10.0
2012-02-22,0.559,5.784000000000001,0.194,10.0
2012-02-23,0.56,5.7940000000000005,0.194,10.0
2012-02-24,0.569,5.8839999999999995,0.194,10.0
2012-02-27,0.573,5.9239999999999995,0.194,10.0
2012-02-28,0.573,5.9239999999999995,0.194,10.0
2012-02-29,0.567,5.864,0.194,10.0
2012-03-01,0.567,5.864,0.194,10.0
2012-03-02,0.577,5.9639999999999995,0.194,10.0
2012-03-05,0.572,5.914,0.194,10.0
2012-03-06,0.562,5.814000000000001,0.194,10.0
2012-03-07,0.558,5.774,0.194,10.0
2012-03-08,0.565,5.843999999999999,0.194,10.0
2012-03-09,0.57,5.893999999999999,0.194,10.0
2012-03-12,0.567,5.864,0.194,10.0
2012-03-13,0.572,5.914,0.194,10.0
2012-03-14,0.558,5.774,0.194,10.0
2012-03-15,0.553,5.724,0.194,10.0
2012-03-16,0.558,5.774,0.194,10.0
2012-03-19,0.561,5.804,0.194,10.0
2012-03-20,0.553,5.724,0.194,10.0
2012-03-21,0.554,5.734000000000001,0.194,10.0
2012-03-22,0.553,5.724,0.194,10.0
2012-03-23,0.548,5.674,0.194,10.0
2012-03-26,0.547,5.664000000000001,0.194,10.0
2012-03-27,0.546,5.654000000000001,0.194,10.0
2012-03-28,0.531,5.5040000000000004,0.194,10.0
2012-03-29,0.525,5.444,0.194,10.0
2012-03-30,0.528,5.474,0.194,10.0
2012-04-05,0.539,5.5840000000000005,0.194,10.0
2012-04-06,0.539,5.5840000000000005,0.194,10.0
2012-04-09,0.534,5.534,0.194,10.0
2012-04-10,0.54,5.594,0.194,10.0
2012-04-11,0.539,5.5840000000000005,0.194,10.0
2012-04-12,0.552,5.714,0.194,10.0
2012-04-13,0.554,5.734000000000001,0.194,10.0
2012-04-16,0.553,5.724,0.194,10.0
2012-04-17,0.546,5.654000000000001,0.194,10.0
2012-04-18,0.558,5.774,0.194,10.0
2012-04-19,0.557,5.764,0.194,10.0
2012-04-20,0.565,5.843999999999999,0.194,10.0
2012-04-23,0.561,5.804,0.194,10.0
2012-04-24,0.56,5.7940000000000005,0.194,10.0
2012-04-25,0.565,5.843999999999999,0.194,10.0
2012-04-26,0.567,5.864,0.194,10.0
2012-04-27,0.564,5.834,0.194,10.0
2012-05-02,0.577,5.9639999999999995,0.194,10.0
2012-05-03,0.577,5.9639999999999995,0.194,10.0
2012-05-04,0.583,6.024,0.194,10.0
2012-05-07,0.582,6.013999999999999,0.194,10.0
2012-05-08,0.58,5.994,0.194,10.0
2012-05-09,0.571,5.903999999999999,0.194,10.0
2012-05-10,0.571,5.903999999999999,0.194,10.0
2012-05-11,0.566,5.853999999999999,0.194,10.0
2012-05-14,0.561,5.804,0.194,10.0
2012-05-15,0.561,5.804,0.194,10.0
2012-05-16,0.553,5.724,0.194,10.0
2012-05-17,0.562,5.814000000000001,0.194,10.0
2012-05-18,0.555,5.744000000000001,0.194,10.0
2012-05-21,0.557,5.764,0.194,10.0
2012-05-22,0.565,5.843999999999999,0.194,10.0
2012-05-23,0.562,5.814000000000001,0.194,10.0
2012-05-24,0.559,5.784000000000001,0.194,10.0
2012-05-25,0.554,5.734000000000001,0.194,10.0
2012-05-28,0.562,5.814000000000001,0.194,10.0
2012-05-29,0.571,5.903999999999999,0.194,10.0
2012-05-30,0.569,5.8839999999999995,0.194,10.0
2012-05-31,0.566,5.853999999999999,0.194,10.0
2012-06-01,0.568,5.874,0.194,10.0
2012-06-04,0.55,5.694,0.194,10.0
2012-06-05,0.551,5.704000000000001,0.194,10.0
2012-06-06,0.551,5.704000000000001,0.194,10.0
2012-06-07,0.549,5.684,0.194,10.0
2012-06-08,0.545,5.644,0.194,10.0
2012-06-11,0.553,5.724,0.194,10.0
2012-06-12,0.549,5.684,0.194,10.0
2012-06-13,0.557,5.764,0.194,10.0
2012-06-14,0.554,5.734000000000001,0.194,10.0
2012-06-15,0.556,5.7540000000000004,0.194,10.0
2012-06-18,0.558,5.774,0.194,10.0
2012-06-19,0.555,5.744000000000001,0.194,10.0
2012-06-20,0.554,5.734000000000001,0.194,10.0
2012-06-21,0.545,5.644,0.194,10.0
2012-06-25,0.534,5.534,0.194,10.0
2012-06-26,0.535,5.5440000000000005,0.194,10.0
2012-06-27,0.534,5.534,0.194,10.0
2012-06-28,0.53,5.494000000000001,0.194,10.0
2012-06-29,0.536,5.554,0.194,10.0
2012-07-02,0.536,5.554,0.194,10.0
2012-07-03,0.537,5.564,0.194,10.0
2012-07-04,0.537,5.564,0.194,10.0
2012-07-05,0.53,5.494000000000001,0.194,10.0
2012-07-06,0.537,5.564,0.194,10.0
2012-07-09,0.525,5.444,0.194,10.0
2012-07-10,0.523,5.424,0.194,10.0
2012-07-11,0.526,5.454,0.194,10.0
2012-07-12,0.529,5.484,0.194,10.0
2012-07-13,0.53,5.494000000000001,0.194,10.0
2012-07-16,0.522,5.414000000000001,0.194,10.0
2012-07-17,0.524,5.434,0.194,10.0
2012-07-18,0.525,5.444,0.194,10.0
2012-07-19,0.527,5.464,0.194,10.0
2012-07-20,0.523,5.424,0.194,10.0
2012-07-23,0.516,5.354,0.194,10.0
2012-07-24,0.518,5.374,0.194,10.0
2012-07-25,0.516,5.354,0.194,10.0
2012-07-26,0.513,5.324,0.194,10.0
2012-07-27,0.513,5.324,0.194,10.0
2012-07-30,0.511,5.304,0.194,10.0
2012-07-31,0.511,5.304,0.194,10.0
2012-08-01,0.514,5.3340000000000005,0.194,10.0
2012-08-02,0.512,5.314,0.194,10.0
2012-08-03,0.514,5.3340000000000005,0.194,10.0
2012-08-06,0.52,5.394,0.194,10.0
2012-08-07,0.52,5.394,0.194,10.0
2012-08-08,0.522,5.414000000000001,0.194,10.0
2012-08-09,0.526,5.454,0.194,10.0
2012-08-10,0.524,5.434,0.194,10.0
2012-08-13,0.513,5.324,0.194,10.0
2012-08-14,0.513,5.324,0.194,10.0
2012-08-15,0.508,5.274,0.194,10.0
2012-08-16,0.505,5.244,0.194,10.0
2012-08-17,0.504,5.234,0.194,10.0
2012-08-20,0.502,5.2139999999999995,0.194,10.0
2012-08-21,0.504,5.234,0.194,10.0
2012-08-22,0.501,5.204,0.194,10.0
2012-08-23,0.503,5.224,0.194,10.0
2012-08-24,0.5,5.194,0.194,10.0
2012-08-27,0.49,5.094,0.194,10.0
2012-08-28,0.492,5.114,0.194,10.0
2012-08-29,0.487,5.064,0.194,10.0
2012-08-30,0.487,5.064,0.194,10.0
2012-08-31,0.487,5.064,0.194,10.0
2012-09-03,0.49,5.094,0.194,10.0
2012-09-04,0.485,5.044,0.194,10.0
2012-09-05,0.484,5.034,0.194,10.0
2012-09-06,0.489,5.084,0.194,10.0
2012-09-07,0.51,5.294,0.194,10.0
2012-09-10,0.511,5.304,0.194,10.0
2012-09-11,0.508,5.274,0.194,10.0
2012-09-12,0.508,5.274,0.194,10.0
2012-09-13,0.504,5.234,0.194,10.0
2012-09-14,0.509,5.284,0.194,10.0
2012-09-17,0.497,5.164,0.194,10.0
2012-09-18,0.492,5.114,0.194,10.0
2012-09-19,0.493,5.124,0.194,10.0
2012-09-20,0.485,5.044,0.194,10.0
2012-09-21,0.485,5.044,0.194,10.0
2012-09-24,0.487,5.064,0.194,10.0
2012-09-25,0.487,5.064,0.194,10.0
2012-09-26,0.482,5.014,0.194,10.0
2012-09-27,0.495,5.144,0.194,10.0
2012-09-28,0.504,5.234,0.194,10.0
2012-10-08,0.5,5.194,0.194,10.0
2012-10-09,0.511,5.304,0.194,10.0
2012-10-10,0.51,5.294,0.194,10.0
2012-10-11,0.507,5.264,0.194,10.0
2012-10-12,0.506,5.2540000000000004,0.194,10.0
2012-10-15,0.505,5.244,0.194,10.0
2012-10-16,0.506,5.2540000000000004,0.194,10.0
2012-10-17,0.507,5.264,0.194,10.0
2012-10-18,0.514,5.3340000000000005,0.194,10.0
2012-10-19,0.513,5.324,0.194,10.0
2012-10-22,0.515,5.344,0.194,10.0
2012-10-23,0.509,5.284,0.194,10.0
2012-10-24,0.508,5.274,0.194,10.0
2012-10-25,0.504,5.234,0.194,10.0
2012-10-26,0.494,5.1339999999999995,0.194,10.0
2012-10-29,0.492,5.114,0.194,10.0
2012-10-30,0.493,5.124,0.194,10.0
2012-10-31,0.496,5.154,0.194,10.0
2012-11-01,0.506,5.2540000000000004,0.194,10.0
2012-11-02,0.508,5.274,0.194,10.0
2012-11-05,0.507,5.264,0.194,10.0
2012-11-06,0.504,5.234,0.194,10.0
2012-11-07,0.504,5.234,0.194,10.0
2012-11-08,0.496,5.154,0.194,10.0
2012-11-09,0.495,5.144,0.194,10.0
2012-11-12,0.498,5.174,0.194,10.0
2012-11-13,0.49,5.094,0.194,10.0
2012-11-14,0.491,5.104,0.194,10.0
2012-11-15,0.475,4.954,0.204,10.0
2012-11-16,0.472,4.9239999999999995,0.204,10.0
2012-11-19,0.472,4.9239999999999995,0.204,10.0
2012-11-20,0.47,4.903999999999999,0.204,10.0
2012-11-21,0.476,4.9639999999999995,0.204,10.0
2012-11-22,0.474,4.944,0.204,10.0
2012-11-23,0.477,4.973999999999999,0.204,10.0
2012-11-26,0.474,4.944,0.204,10.0
2012-11-27,0.47,4.903999999999999,0.204,10.0
2012-11-28,0.466,4.864,0.204,10.0
2012-11-29,0.463,4.834,0.204,10.0
2012-11-30,0.466,4.864,0.204,10.0
2012-12-03,0.463,4.834,0.204,10.0
2012-12-04,0.466,4.864,0.204,10.0
2012-12-05,0.483,5.034,0.204,10.0
2012-12-06,0.482,5.024,0.204,10.0
2012-12-07,0.492,5.124,0.204,10.0
2012-12-10,0.497,5.1739999999999995,0.204,10.0
2012-12-11,0.495,5.154,0.204,10.0
2012-12-12,0.497,5.1739999999999995,0.204,10.0
2012-12-13,0.492,5.124,0.204,10.0
2012-12-14,0.518,5.3839999999999995,0.204,10.0
2012-12-17,0.521,5.414,0.204,10.0
2012-12-18,0.521,5.414,0.204,10.0
2012-12-19,0.522,5.424,0.204,10.0
2012-12-20,0.525,5.454,0.204,10.0
2012-12-21,0.521,5.414,0.204,10.0
2012-12-24,0.523,5.434,0.204,10.0
2012-12-25,0.537,5.574,0.204,10.0
2012-12-26,0.538,5.5840000000000005,0.204,10.0
2012-12-27,0.536,5.564,0.204,10.0
2012-12-28,0.543,5.634,0.204,10.0
2012-12-31,0.555,5.7540000000000004,0.204,10.0
2013-01-04,0.557,5.774,0.204,10.0
2013-01-07,0.559,5.7940000000000005,0.204,10.0
2013-01-08,0.555,5.7540000000000004,0.204,10.0
2013-01-09,0.554,5.744000000000001,0.204,10.0
2013-01-10,0.554,5.744000000000001,0.204,10.0
2013-01-11,0.545,5.654,0.204,10.0
2013-01-14,0.565,5.853999999999999,0.204,10.0
2013-01-15,0.569,5.893999999999999,0.204,10.0
2013-01-16,0.565,5.853999999999999,0.204,10.0
2013-01-17,0.559,5.7940000000000005,0.204,10.0
2013-01-18,0.568,5.8839999999999995,0.204,10.0
2013-01-21,0.569,5.893999999999999,0.204,10.0
2013-01-22,0.568,5.8839999999999995,0.204,10.0
2013-01-23,0.569,5.893999999999999,0.204,10.0
2013-01-24,0.566,5.863999999999999,0.204,10.0
2013-01-25,0.564,5.843999999999999,0.204,10.0
2013-01-28,0.581,6.013999999999999,0.204,10.0
2013-01-29,0.586,6.063999999999999,0.204,10.0
2013-01-30,0.589,6.093999999999999,0.204,10.0
2013-01-31,0.591,6.114,0.204,10.0
2013-02-01,0.605,6.254,0.204,10.0
2013-02-04,0.606,6.263999999999999,0.204,10.0
2013-02-05,0.61,6.303999999999999,0.204,10.0
2013-02-06,0.612,6.324,0.204,10.0
2013-02-07,0.606,6.263999999999999,0.204,10.0
2013-02-08,0.606,6.263999999999999,0.204,10.0
2013-02-18,0.599,6.194,0.204,10.0
2013-02-19,0.589,6.093999999999999,0.204,10.0
2013-02-20,0.589,6.093999999999999,0.204,10.0
2013-02-21,0.572,5.9239999999999995,0.204,10.0
2013-02-22,0.566,5.863999999999999,0.204,10.0
2013-02-25,0.567,5.874,0.204,10.0
2013-02-26,0.56,5.804,0.204,10.0
2013-02-27,0.565,5.853999999999999,0.204,10.0
2013-02-28,0.584,6.044,0.204,10.0
2013-03-01,0.581,6.013999999999999,0.204,10.0
2013-03-04,0.552,5.724,0.204,10.0
2013-03-05,0.571,5.913999999999999,0.204,10.0
2013-03-06,0.579,5.993999999999999,0.204,10.0
2013-03-07,0.57,5.903999999999999,0.204,10.0
2013-03-08,0.569,5.893999999999999,0.204,10.0
2013-03-11,0.565,5.853999999999999,0.204,10.0
2013-03-12,0.557,5.774,0.204,10.0
2013-03-13,0.552,5.724,0.204,10.0
2013-03-14,0.551,5.714,0.204,10.0
2013-03-15,0.554,5.744000000000001,0.204,10.0
2013-03-18,0.545,5.654,0.204,10.0
2013-03-19,0.549,5.694,0.204,10.0
2013-03-20,0.568,5.8839999999999995,0.204,10.0
2013-03-21,0.568,5.8839999999999995,0.204,10.0
2013-03-22,0.57,5.903999999999999,0.204,10.0
2013-03-25,0.57,5.903999999999999,0.204,10.0
2013-03-26,0.559,5.7940000000000005,0.204,10.0
2013-03-27,0.562,5.824000000000001,0.204,10.0
2013-03-28,0.541,5.614,0.204,10.0
2013-03-29,0.54,5.604,0.204,10.0
2013-04-01,0.54,5.604,0.204,10.0
2013-04-02,0.539,5.594,0.204,10.0
2013-04-03,0.539,5.594,0.204,10.0
2013-04-08,0.535,5.554,0.204,10.0
2013-04-09,0.539,5.594,0.204,10.0
2013-04-10,0.539,5.594,0.204,10.0
2013-04-11,0.539,5.594,0.204,10.0
2013-04-12,0.535,5.554,0.204,10.0
2013-04-15,0.53,5.5040000000000004,0.204,10.0
2013-04-16,0.534,5.544,0.204,10.0
2013-04-17,0.533,5.534,0.204,10.0
2013-04-18,0.534,5.544,0.204,10.0
2013-04-19,0.551,5.714,0.204,10.0
2013-04-22,0.549,5.694,0.204,10.0
2013-04-23,0.532,5.524,0.204,10.0
2013-04-24,0.541,5.614,0.204,10.0
2013-04-25,0.537,5.574,0.204,10.0
2013-04-26,0.534,5.544,0.204,10.0
2013-05-02,0.532,5.524,0.204,10.0
2013-05-03,0.542,5.624,0.204,10.0
2013-05-06,0.55,5.704,0.204,10.0
2013-05-07,0.55,5.704,0.204,10.0
2013-05-08,0.552,5.724,0.204,10.0
2013-05-09,0.549,5.694,0.204,10.0
2013-05-10,0.551,5.714,0.204,10.0
2013-05-13,0.549,5.694,0.204,10.0
2013-05-14,0.542,5.624,0.204,10.0
2013-05-15,0.544,5.644,0.204,10.0
2013-05-16,0.554,5.744000000000001,0.204,10.0
2013-05-17,0.563,5.833999999999999,0.204,10.0
2013-05-20,0.567,5.874,0.204,10.0
2013-05-21,0.566,5.863999999999999,0.204,10.0
2013-05-22,0.567,5.874,0.204,10.0
2013-05-23,0.56,5.804,0.204,10.0
2013-05-24,0.562,5.824000000000001,0.204,10.0
2013-05-27,0.562,5.824000000000001,0.204,10.0
2013-05-28,0.574,5.943999999999999,0.204,10.0
2013-05-29,0.572,5.9239999999999995,0.204,10.0
2013-05-30,0.57,5.903999999999999,0.204,10.0
2013-05-31,0.564,5.843999999999999,0.204,10.0
2013-06-03,0.565,5.853999999999999,0.204,10.0
2013-06-04,0.557,5.774,0.204,10.0
2013-06-05,0.555,5.7540000000000004,0.204,10.0
2013-06-06,0.549,5.694,0.204,10.0
2013-06-07,0.54,5.604,0.204,10.0
2013-06-13,0.527,5.474,0.204,10.0
2013-06-14,0.528,5.484,0.204,10.0
2013-06-17,0.524,5.444,0.204,10.0
2013-06-18,0.528,5.484,0.204,10.0
2013-06-19,0.526,5.4639999999999995,0.204,10.0
2013-06-20,0.508,5.284,0.204,10.0
2013-06-21,0.508,5.284,0.204,10.0
2013-06-24,0.474,4.944,0.204,10.0
2013-06-25,0.477,4.973999999999999,0.204,10.0
2013-06-26,0.476,4.9639999999999995,0.204,10.0
2013-06-27,0.479,4.994,0.204,10.0
2013-06-28,0.485,5.053999999999999,0.204,10.0
2013-07-01,0.487,5.074,0.204,10.0
2013-07-02,0.488,5.084,0.204,10.0
2013-07-03,0.484,5.044,0.204,10.0
2013-07-04,0.488,5.084,0.204,10.0
2013-07-05,0.489,5.093999999999999,0.204,10.0
2013-07-08,0.476,4.9639999999999995,0.204,10.0
2013-07-09,0.477,4.973999999999999,0.204,10.0
2013-07-10,0.491,5.114,0.204,10.0
2013-07-11,0.515,5.354,0.204,10.0
2013-07-12,0.503,5.234,0.204,10.0
2013-07-15,0.51,5.303999999999999,0.204,10.0
2013-07-16,0.512,5.324,0.204,10.0
2013-07-17,0.505,5.254,0.204,10.0
2013-07-18,0.496,5.164,0.204,10.0
2013-07-19,0.485,5.053999999999999,0.204,10.0
2013-07-22,0.487,5.074,0.204,10.0
2013-07-23,0.5,5.204,0.204,10.0
2013-07-24,0.496,5.164,0.204,10.0
2013-07-25,0.494,5.143999999999999,0.204,10.0
2013-07-26,0.493,5.1339999999999995,0.204,10.0
2013-07-29,0.483,5.034,0.204,10.0
2013-07-30,0.486,5.063999999999999,0.204,10.0
2013-07-31,0.487,5.074,0.204,10.0
2013-08-01,0.498,5.184,0.204,10.0
2013-08-02,0.497,5.1739999999999995,0.204,10.0
2013-08-05,0.502,5.223999999999999,0.204,10.0
2013-08-06,0.504,5.244,0.204,10.0
2013-08-07,0.503,5.234,0.204,10.0
2013-08-08,0.501,5.2139999999999995,0.204,10.0
2013-08-09,0.505,5.254,0.204,10.0
2013-08-12,0.521,5.414,0.204,10.0
2013-08-13,0.52,5.404,0.204,10.0
2013-08-14,0.519,5.394,0.204,10.0
2013-08-15,0.514,5.344,0.204,10.0
2013-08-16,0.509,5.294,0.204,10.0
2013-08-19,0.515,5.354,0.204,10.0
2013-08-20,0.512,5.324,0.204,10.0
2013-08-21,0.512,5.324,0.204,10.0
2013-08-22,0.509,5.294,0.204,10.0
2013-08-23,0.505,5.254,0.204,10.0
2013-08-26,0.516,5.364,0.204,10.0
2013-08-27,0.517,5.374,0.204,10.0
2013-08-28,0.515,5.354,0.204,10.0
2013-08-29,0.514,5.344,0.204,10.0
2013-08-30,0.515,5.354,0.204,10.0
2013-09-02,0.513,5.334,0.204,10.0
2013-09-03,0.523,5.434,0.204,10.0
2013-09-04,0.522,5.424,0.204,10.0
2013-09-05,0.52,5.404,0.204,10.0
2013-09-06,0.524,5.444,0.204,10.0
2013-09-09,0.546,5.664000000000001,0.204,10.0
2013-09-10,0.554,5.744000000000001,0.204,10.0
2013-09-11,0.556,5.764,0.204,10.0
2013-09-12,0.561,5.814,0.204,10.0
2013-09-13,0.546,5.675000000000001,0.215,10.0
2013-09-16,0.543,5.6450000000000005,0.215,10.0
2013-09-17,0.532,5.535,0.215,10.0
2013-09-18,0.535,5.565,0.215,10.0
2013-09-23,0.538,5.595000000000001,0.215,10.0
2013-09-24,0.532,5.535,0.215,10.0
2013-09-25,0.527,5.485,0.215,10.0
2013-09-26,0.519,5.405,0.215,10.0
2013-09-27,0.52,5.415,0.215,10.0
2013-09-30,0.523,5.445,0.215,10.0
2013-10-08,0.529,5.505,0.215,10.0
2013-10-09,0.532,5.535,0.215,10.0
2013-10-10,0.525,5.465,0.215,10.0
2013-10-11,0.534,5.555,0.215,10.0
2013-10-14,0.534,5.555,0.215,10.0
2013-10-15,0.532,5.535,0.215,10.0
2013-10-16,0.524,5.455,0.215,10.0
2013-10-17,0.521,5.425,0.215,10.0
2013-10-18,0.524,5.455,0.215,10.0
2013-10-21,0.532,5.535,0.215,10.0
2013-10-22,0.528,5.495,0.215,10.0
2013-10-23,0.523,5.445,0.215,10.0
2013-10-24,0.519,5.405,0.215,10.0
2013-10-25,0.512,5.335,0.215,10.0
2013-10-28,0.513,5.345,0.215,10.0
2013-10-29,0.514,5.355,0.215,10.0
2013-10-30,0.521,5.425,0.215,10.0
2013-10-31,0.514,5.355,0.215,10.0
2013-11-01,0.519,5.405,0.215,10.0
2013-11-04,0.517,5.385,0.215,10.0
2013-11-05,0.516,5.375,0.215,10.0
2013-11-06,0.511,5.325,0.215,10.0
2013-11-07,0.508,5.295,0.215,10.0
2013-11-08,0.502,5.234999999999999,0.215,10.0
2013-11-11,0.503,5.245,0.215,10.0
2013-11-12,0.507,5.285,0.215,10.0
2013-11-13,0.497,5.185,0.215,10.0
2013-11-14,0.5,5.215,0.215,10.0
2013-11-15,0.509,5.305,0.215,10.0
2013-11-18,0.53,5.515000000000001,0.215,10.0
2013-11-19,0.526,5.475,0.215,10.0
2013-11-20,0.529,5.505,0.215,10.0
2013-11-21,0.525,5.465,0.215,10.0
2013-11-22,0.522,5.4350000000000005,0.215,10.0
2013-11-25,0.52,5.415,0.215,10.0
2013-11-26,0.52,5.415,0.215,10.0
2013-11-27,0.526,5.475,0.215,10.0
2013-11-28,0.531,5.525,0.215,10.0
2013-11-29,0.531,5.525,0.215,10.0
2013-12-02,0.531,5.525,0.215,10.0
2013-12-03,0.534,5.555,0.215,10.0
2013-12-04,0.541,5.625,0.215,10.0
2013-12-05,0.539,5.605,0.215,10.0
2013-12-06,0.534,5.555,0.215,10.0
2013-12-09,0.534,5.555,0.215,10.0
2013-12-10,0.535,5.565,0.215,10.0
2013-12-11,0.526,5.475,0.215,10.0
2013-12-12,0.524,5.455,0.215,10.0
2013-12-13,0.524,5.455,0.215,10.0
2013-12-16,0.515,5.365,0.215,10.0
2013-12-17,0.512,5.335,0.215,10.0
2013-12-18,0.513,5.345,0.215,10.0
2013-12-23,1.98,5.165,0.215,2.5
2013-12-24,1.98,5.165,0.215,2.5
2013-12-25,1.993,5.1975,0.215,2.5
2013-12-26,1.963,5.1225000000000005,0.215,2.5
2013-12-27,1.991,5.1925,0.215,2.5
2013-12-30,1.993,5.1975,0.215,2.5
2013-12-31,2.019,5.2625,0.215,2.5
2014-01-02,2.01,5.239999999999999,0.215,2.5
2014-01-03,1.979,5.1625,0.215,2.5
2014-01-06,1.941,5.0675,0.215,2.5
2014-01-07,1.935,5.0525,0.215,2.5
2014-01-08,1.942,5.069999999999999,0.215,2.5
2014-01-09,1.929,5.0375,0.215,2.5
2014-01-10,1.914,5.0,0.215,2.5
2014-01-13,1.908,4.984999999999999,0.215,2.5
2014-01-14,1.918,5.01,0.215,2.5
2014-01-15,1.914,5.0,0.215,2.5
2014-01-16,1.916,5.005,0.215,2.5
2014-01-17,1.891,4.9425,0.215,2.5
2014-01-20,1.882,4.92,0.215,2.5
2014-01-21,1.899,4.9625,0.215,2.5
2014-01-22,1.946,5.08,0.215,2.5
2014-01-23,1.937,5.0575,0.215,2.5
2014-01-24,1.944,5.074999999999999,0.215,2.5
2014-01-27,1.919,5.0125,0.215,2.5
2014-01-28,1.923,5.0225,0.215,2.5
2014-01-29,1.933,5.0475,0.215,2.5
2014-01-30,1.91,4.989999999999999,0.215,2.5
2014-02-07,1.919,5.0125,0.215,2.5
2014-02-10,1.961,5.1175,0.215,2.5
2014-02-11,1.985,5.1775,0.215,2.5
2014-02-12,1.981,5.1675,0.215,2.5
2014-02-13,1.978,5.16,0.215,2.5
2014-02-14,1.988,5.185,0.215,2.5
2014-02-17,1.997,5.2075000000000005,0.215,2.5
2014-02-18,1.973,5.1475,0.215,2.5
2014-02-19,2.001,5.217499999999999,0.215,2.5
2014-02-20,1.984,5.175,0.215,2.5
2014-02-21,1.96,5.115,0.215,2.5
2014-02-24,1.919,5.0125,0.215,2.5
2014-02-25,1.87,4.890000000000001,0.215,2.5
2014-02-26,1.872,4.8950000000000005,0.215,2.5
2014-02-27,1.878,4.909999999999999,0.215,2.5
2014-02-28,1.89,4.9399999999999995,0.215,2.5
2014-03-03,1.9,4.965,0.215,2.5
2014-03-04,1.897,4.9575,0.215,2.5
2014-03-05,1.883,4.922499999999999,0.215,2.5
2014-03-06,1.887,4.9325,0.215,2.5
2014-03-07,1.885,4.9275,0.215,2.5
2014-03-10,1.826,4.78,0.215,2.5
2014-03-11,1.829,4.7875,0.215,2.5
2014-03-12,1.834,4.8,0.215,2.5
2014-03-13,1.857,4.8575,0.215,2.5
2014-03-14,1.84,4.815,0.215,2.5
2014-03-17,1.855,4.8525,0.215,2.5
2014-03-18,1.857,4.8575,0.215,2.5
2014-03-19,1.844,4.825,0.215,2.5
2014-03-20,1.821,4.7675,0.215,2.5
2014-03-21,1.886,4.93,0.215,2.5
2014-03-24,1.899,4.9625,0.215,2.5
2014-03-25,1.899,4.9625,0.215,2.5
2014-03-26,1.895,4.9525,0.215,2.5
2014-03-27,1.884,4.925,0.215,2.5
2014-03-28,1.885,4.9275,0.215,2.5
2014-03-31,1.877,4.9075,0.215,2.5
2014-04-01,1.887,4.9325,0.215,2.5
2014-04-02,1.904,4.975,0.215,2.5
2014-04-03,1.89,4.9399999999999995,0.215,2.5
2014-04-04,1.911,4.9925,0.215,2.5
2014-04-08,1.96,5.115,0.215,2.5
2014-04-09,1.956,5.1049999999999995,0.215,2.5
2014-04-10,1.999,5.2125,0.215,2.5
2014-04-11,1.994,5.2,0.215,2.5
2014-04-14,1.991,5.1925,0.215,2.5
2014-04-15,1.954,5.1,0.215,2.5
2014-04-16,1.955,5.1025,0.215,2.5
2014-04-17,1.948,5.085,0.215,2.5
2014-04-18,1.945,5.0775,0.215,2.5
2014-04-21,1.912,4.994999999999999,0.215,2.5
2014-04-22,1.923,5.0225,0.215,2.5
2014-04-23,1.918,5.01,0.215,2.5
2014-04-24,1.918,5.01,0.215,2.5
2014-04-25,1.902,4.97,0.215,2.5
2014-04-28,1.871,4.8925,0.215,2.5
2014-04-29,1.888,4.935,0.215,2.5
2014-04-30,1.889,4.9375,0.215,2.5
2014-05-05,1.888,4.935,0.215,2.5
2014-05-06,1.887,4.9325,0.215,2.5
2014-05-07,1.871,4.8925,0.215,2.5
2014-05-08,1.873,4.8975,0.215,2.5
2014-05-09,1.87,4.890000000000001,0.215,2.5
2014-05-12,1.91,4.989999999999999,0.215,2.5
2014-05-13,1.903,4.9725,0.215,2.5
2014-05-14,1.905,4.9775,0.215,2.5
2014-05-15,1.885,4.9275,0.215,2.5
2014-05-16,1.88,4.914999999999999,0.215,2.5
2014-05-19,1.854,4.85,0.215,2.5
2014-05-20,1.855,4.8525,0.215,2.5
2014-05-21,1.871,4.8925,0.215,2.5
2014-05-22,1.868,4.885,0.215,2.5
2014-05-23,1.887,4.9325,0.215,2.5
2014-05-26,1.891,4.9425,0.215,2.5
2014-05-27,1.884,4.925,0.215,2.5
2014-05-28,1.902,4.97,0.215,2.5
2014-05-29,1.89,4.9399999999999995,0.215,2.5
2014-05-30,1.885,4.9275,0.215,2.5
2014-06-03,1.88,4.914999999999999,0.215,2.5
2014-06-04,1.863,4.8725,0.215,2.5
2014-06-05,1.887,4.9325,0.215,2.5
2014-06-06,1.87,4.890000000000001,0.215,2.5
2014-06-09,1.871,4.8925,0.215,2.5
2014-06-10,1.892,4.944999999999999,0.215,2.5
2014-06-11,1.889,4.9375,0.215,2.5
2014-06-12,1.888,4.935,0.215,2.5
2014-06-13,1.908,4.984999999999999,0.215,2.5
2014-06-16,1.922,5.02,0.215,2.5
2014-06-17,1.909,4.9875,0.215,2.5
2014-06-18,1.899,4.9625,0.215,2.5
2014-06-19,1.874,4.9,0.215,2.5
2014-06-20,1.882,4.92,0.215,2.5
2014-06-23,1.879,4.9125,0.215,2.5
2014-06-24,1.891,4.9425,0.215,2.5
2014-06-25,1.886,4.93,0.215,2.5
2014-06-26,1.896,4.955,0.215,2.5
2014-06-27,1.897,4.9575,0.215,2.5
2014-06-30,1.913,4.9975,0.215,2.5
2014-07-01,1.909,4.9875,0.215,2.5
2014-07-02,1.916,5.005,0.215,2.5
2014-07-03,1.925,5.0275,0.215,2.5
2014-07-04,1.929,5.0375,0.215,2.5
2014-07-07,1.928,5.035,0.215,2.5
2014-07-08,1.928,5.035,0.215,2.5
2014-07-09,1.905,4.9775,0.215,2.5
2014-07-10,1.902,4.97,0.215,2.5
2014-07-11,1.914,5.0,0.215,2.5
2014-07-14,1.935,5.0525,0.215,2.5
2014-07-15,1.937,5.0575,0.215,2.5
2014-07-16,1.936,5.055,0.215,2.5
2014-07-17,1.928,5.035,0.215,2.5
2014-07-18,1.936,5.055,0.215,2.5
2014-07-21,1.936,5.055,0.215,2.5
2014-07-22,1.958,5.109999999999999,0.215,2.5
2014-07-23,1.966,5.13,0.215,2.5
2014-07-24,2.006,5.2299999999999995,0.215,2.5
2014-07-25,2.029,5.2875,0.215,2.5
2014-07-28,2.087,5.4325,0.215,2.5
2014-07-29,2.095,5.452500000000001,0.215,2.5
2014-07-30,2.087,5.4325,0.215,2.5
2014-07-31,2.116,5.505,0.215,2.5
2014-08-01,2.092,5.445,0.215,2.5
2014-08-04,2.139,5.562499999999999,0.215,2.5
2014-08-05,2.132,5.545,0.215,2.5
2014-08-06,2.118,5.51,0.215,2.5
2014-08-07,2.084,5.425,0.215,2.5
2014-08-08,2.093,5.4475,0.215,2.5
2014-08-11,2.121,5.5175,0.215,2.5
2014-08-12,2.114,5.5,0.215,2.5
2014-08-13,2.118,5.51,0.215,2.5
2014-08-14,2.098,5.459999999999999,0.215,2.5
2014-08-15,2.123,5.522500000000001,0.215,2.5
2014-08-18,2.129,5.5375,0.215,2.5
2014-08-19,2.126,5.529999999999999,0.215,2.5
2014-08-20,2.119,5.5125,0.215,2.5
2014-08-21,2.105,5.4775,0.215,2.5
2014-08-22,2.116,5.505,0.215,2.5
2014-08-25,2.098,5.459999999999999,0.215,2.5
2014-08-26,2.081,5.4174999999999995,0.215,2.5
2014-08-27,2.082,5.42,0.215,2.5
2014-08-28,2.076,5.405,0.215,2.5
2014-08-29,2.095,5.452500000000001,0.215,2.5
2014-09-01,2.104,5.475,0.215,2.5
2014-09-02,2.135,5.552499999999999,0.215,2.5
2014-09-03,2.153,5.5975,0.215,2.5
2014-09-04,2.177,5.6575,0.215,2.5
2014-09-05,2.2,5.715,0.215,2.5
2014-09-09,2.192,5.695,0.215,2.5
2014-09-10,2.176,5.655,0.215,2.5
2014-09-11,2.169,5.6375,0.215,2.5
2014-09-12,2.183,5.672499999999999,0.215,2.5
2014-09-15,2.18,5.665,0.215,2.5
2014-09-16,2.145,5.5775,0.215,2.5
2014-09-17,2.153,5.5975,0.215,2.5
2014-09-18,2.105,5.5285,0.266,2.5
2014-09-19,2.123,5.573500000000001,0.266,2.5
2014-09-22,2.078,5.460999999999999,0.266,2.5
2014-09-23,2.097,5.5085,0.266,2.5
2014-09-24,2.139,5.613499999999999,0.266,2.5
2014-09-25,2.13,5.590999999999999,0.266,2.5
2014-09-26,2.13,5.590999999999999,0.266,2.5
2014-09-29,2.138,5.611,0.266,2.5
2014-09-30,2.14,5.6160000000000005,0.266,2.5
2014-10-08,2.16,5.666,0.266,2.5
2014-10-09,2.162,5.670999999999999,0.266,2.5
2014-10-10,2.145,5.6285,0.266,2.5
2014-10-13,2.134,5.601,0.266,2.5
2014-10-14,2.126,5.5809999999999995,0.266,2.5
2014-10-15,2.141,5.6185,0.266,2.5
2014-10-16,2.129,5.5885,0.266,2.5
2014-10-17,2.129,5.5885,0.266,2.5
2014-10-20,2.135,5.6034999999999995,0.266,2.5
2014-10-21,2.12,5.566000000000001,0.266,2.5
2014-10-22,2.11,5.5409999999999995,0.266,2.5
2014-10-23,2.093,5.4985,0.266,2.5
2014-10-24,2.091,5.493500000000001,0.266,2.5
2014-10-27,2.066,5.430999999999999,0.266,2.5
2014-10-28,2.108,5.5360000000000005,0.266,2.5
2014-10-29,2.138,5.611,0.266,2.5
2014-10-30,2.152,5.646000000000001,0.266,2.5
2014-10-31,2.195,5.7535,0.266,2.5
2014-11-03,2.189,5.7385,0.266,2.5
2014-11-04,2.192,5.746,0.266,2.5
2014-11-05,2.182,5.721,0.266,2.5
2014-11-06,2.185,5.7285,0.266,2.5
2014-11-07,2.18,5.716,0.266,2.5
2014-11-10,2.242,5.871,0.266,2.5
2014-11-11,2.244,5.876,0.266,2.5
2014-11-12,2.278,5.961,0.266,2.5
2014-11-13,2.274,5.9510000000000005,0.266,2.5
2014-11-14,2.275,5.9535,0.266,2.5
2014-11-17,2.256,5.906,0.266,2.5
2014-11-18,2.233,5.8485000000000005,0.266,2.5
2014-11-19,2.222,5.821,0.266,2.5
2014-11-20,2.228,5.836,0.266,2.5
2014-11-21,2.275,5.9535,0.266,2.5
2014-11-24,2.331,6.0935,0.266,2.5
2014-11-25,2.353,6.1485,0.266,2.5
2014-11-26,2.397,6.2585,0.266,2.5
2014-11-27,2.433,6.3485,0.266,2.5
2014-11-28,2.491,6.4935,0.266,2.5
2014-12-01,2.492,6.496,0.266,2.5
2014-12-02,2.599,6.7635000000000005,0.266,2.5
2014-12-03,2.627,6.833499999999999,0.266,2.5
2014-12-04,2.761,7.1685,0.266,2.5
2014-12-05,2.797,7.258500000000001,0.266,2.5
2014-12-08,2.939,7.6135,0.266,2.5
2014-12-09,2.773,7.1985,0.266,2.5
2014-12-10,2.863,7.4235,0.266,2.5
2014-12-11,2.816,7.305999999999999,0.266,2.5
2014-12-12,2.825,7.3285,0.266,2.5
2014-12-15,2.847,7.3835,0.266,2.5
2014-12-16,2.946,7.631,0.266,2.5
2014-12-17,3.016,7.806,0.266,2.5
2014-12-18,3.0,7.766,0.266,2.5
2014-12-19,3.052,7.896,0.266,2.5
2014-12-22,3.061,7.9185,0.266,2.5
2014-12-23,2.986,7.731000000000001,0.266,2.5
2014-12-24,2.89,7.4910000000000005,0.266,2.5
2014-12-25,3.003,7.7735,0.266,2.5
2014-12-26,3.125,8.0785,0.266,2.5
2014-12-29,3.125,8.0785,0.266,2.5
2014-12-30,3.132,8.096,0.266,2.5
2014-12-31,3.213,8.2985,0.266,2.5
2015-01-05,3.298,8.511000000000001,0.266,2.5
2015-01-06,3.274,8.451,0.266,2.5
2015-01-07,3.28,8.466,0.266,2.5
2015-01-08,3.197,8.2585,0.266,2.5
2015-01-09,3.198,8.261,0.266,2.5
2015-01-12,3.167,8.183499999999999,0.266,2.5
2015-01-13,3.152,8.146,0.266,2.5
2015-01-14,3.153,8.1485,0.266,2.5
2015-01-15,3.26,8.415999999999999,0.266,2.5
2015-01-16,3.292,8.496,0.266,2.5
2015-01-19,2.963,7.673500000000001,0.266,2.5
2015-01-20,3.036,7.856,0.266,2.5
2015-01-21,3.193,8.2485,0.266,2.5
2015-01-22,3.199,8.2635,0.266,2.5
2015-01-23,3.214,8.301,0.266,2.5
2015-01-26,3.233,8.3485,0.266,2.5
2015-01-27,3.194,8.251,0.266,2.5
2015-01-28,3.152,8.146,0.266,2.5
2015-01-29,3.107,8.0335,0.266,2.5
2015-01-30,3.061,7.9185,0.266,2.5
2015-02-02,2.982,7.721,0.266,2.5
2015-02-03,3.058,7.911,0.266,2.5
2015-02-04,3.026,7.8309999999999995,0.266,2.5
2015-02-05,2.991,7.7435,0.266,2.5
2015-02-06,2.952,7.646,0.266,2.5
2015-02-09,2.991,7.7435,0.266,2.5
2015-02-10,3.041,7.8685,0.266,2.5
2015-02-11,3.06,7.916,0.266,2.5
2015-02-12,3.069,7.9384999999999994,0.266,2.5
2015-02-13,3.088,7.986000000000001,0.266,2.5
2015-02-16,3.106,8.030999999999999,0.266,2.5
2015-02-17,3.126,8.081,0.266,2.5
2015-02-25,3.082,7.971,0.266,2.5
2015-02-26,3.179,8.2135,0.266,2.5
2015-02-27,3.171,8.1935,0.266,2.5
2015-03-02,3.185,8.2285,0.266,2.5
2015-03-03,3.1,8.016,0.266,2.5
2015-03-04,3.112,8.046,0.266,2.5
2015-03-05,3.079,7.963500000000001,0.266,2.5
2015-03-06,3.074,7.951,0.266,2.5
2015-03-09,3.133,8.0985,0.266,2.5
2015-03-10,3.107,8.0335,0.266,2.5
2015-03-11,3.116,8.056000000000001,0.266,2.5
2015-03-12,3.189,8.2385,0.266,2.5
2015-03-13,3.207,8.2835,0.266,2.5
2015-03-16,3.281,8.4685,0.266,2.5
2015-03-17,3.326,8.581,0.266,2.5
2015-03-18,3.408,8.786,0.266,2.5
2015-03-19,3.396,8.756,0.266,2.5
2015-03-20,3.446,8.881,0.266,2.5
2015-03-23,3.52,9.066,0.266,2.5
2015-03-24,3.506,9.030999999999999,0.266,2.5
2015-03-25,3.471,8.9435,0.266,2.5
2015-03-26,3.489,8.9885,0.266,2.5
2015-03-27,3.505,9.0285,0.266,2.5
2015-03-30,3.63,9.341,0.266,2.5
2015-03-31,3.583,9.2235,0.266,2.5
2015-04-01,3.645,9.3785,0.266,2.5
2015-04-02,3.628,9.336,0.266,2.5
2015-04-03,3.671,9.4435,0.266,2.5
2015-04-07,3.75,9.641,0.266,2.5
2015-04-08,3.798,9.761000000000001,0.266,2.5
2015-04-09,3.767,9.6835,0.266,2.5
2015-04-10,3.844,9.876,0.266,2.5
2015-04-13,3.923,10.073500000000001,0.266,2.5
2015-04-14,3.933,10.0985,0.266,2.5
2015-04-15,3.914,10.051,0.266,2.5
2015-04-16,4.046,10.381,0.266,2.5
2015-04-17,4.122,10.571,0.266,2.5
2015-04-20,4.041,10.368500000000001,0.266,2.5
2015-04-21,4.081,10.4685,0.266,2.5
2015-04-22,4.214,10.801,0.266,2.5
2015-04-23,4.199,10.763499999999999,0.266,2.5
2015-04-24,4.177,10.708499999999999,0.266,2.5
2015-04-27,4.281,10.968499999999999,0.266,2.5
2015-04-28,4.228,10.836,0.266,2.5
2015-04-29,4.249,10.888499999999999,0.266,2.5
2015-04-30,4.225,10.8285,0.266,2.5
2015-05-04,4.259,10.9135,0.266,2.5
2015-05-05,4.096,10.506,0.266,2.5
2015-05-06,4.054,10.401000000000002,0.266,2.5
2015-05-07,3.982,10.221,0.266,2.5
2015-05-08,4.039,10.3635,0.266,2.5
2015-05-11,4.143,10.6235,0.266,2.5
2015-05-12,4.197,10.7585,0.266,2.5
2015-05-13,4.155,10.653500000000001,0.266,2.5
2015-05-14,4.132,10.595999999999998,0.266,2.5
2015-05-15,4.062,10.421000000000001,0.266,2.5
2015-05-18,4.01,10.290999999999999,0.266,2.5
2015-05-19,4.149,10.6385,0.266,2.5
2015-05-20,4.165,10.6785,0.266,2.5
2015-05-21,4.22,10.815999999999999,0.266,2.5
2015-05-22,4.338,11.111,0.266,2.5
2015-05-25,4.474,11.451,0.266,2.5
2015-05-26,4.529,11.5885,0.266,2.5
2015-05-27,4.515,11.5535,0.266,2.5
2015-05-28,4.213,10.7985,0.266,2.5
2015-05-29,4.199,10.763499999999999,0.266,2.5
2015-06-01,4.408,11.286000000000001,0.266,2.5
2015-06-02,4.464,11.426,0.266,2.5
2015-06-03,4.447,11.3835,0.266,2.5
2015-06-04,4.501,11.518500000000001,0.266,2.5
2015-06-05,4.541,11.618500000000001,0.266,2.5
2015-06-08,4.699,12.013499999999999,0.266,2.5
2015-06-09,4.642,11.871,0.266,2.5
2015-06-10,4.618,11.811000000000002,0.266,2.5
2015-06-11,4.603,11.7735,0.266,2.5
2015-06-12,4.634,11.851,0.266,2.5
2015-06-15,4.535,11.6035,0.266,2.5
2015-06-16,4.402,11.271,0.266,2.5
2015-06-17,4.459,11.413499999999999,0.266,2.5
2015-06-18,4.285,10.9785,0.266,2.5
2015-06-19,4.007,10.283499999999998,0.266,2.5
2015-06-23,4.12,10.566,0.266,2.5
2015-06-24,4.219,10.813500000000001,0.266,2.5
2015-06-25,4.068,10.435999999999998,0.266,2.5
2015-06-26,3.77,9.691,0.266,2.5
2015-06-29,3.652,9.396,0.266,2.5
2015-06-30,3.922,10.071,0.266,2.5
2015-07-01,3.8,9.766,0.266,2.5
2015-07-02,3.592,9.246,0.266,2.5
2015-07-03,3.385,8.728499999999999,0.266,2.5
2015-07-06,3.53,9.091,0.266,2.5
2015-07-07,3.531,9.0935,0.266,2.5
2015-07-08,3.279,8.4635,0.266,2.5
2015-07-09,3.593,9.2485,0.266,2.5
2015-07-10,3.687,9.4835,0.266,2.5
2015-07-13,3.745,9.6285,0.266,2.5
2015-07-14,3.587,9.233500000000001,0.266,2.5
2015-07-15,3.45,8.891,0.266,2.5
2015-07-16,3.551,9.143500000000001,0.266,2.5
2015-07-17,3.663,9.423499999999999,0.266,2.5
2015-07-20,3.658,9.411,0.266,2.5
2015-07-21,3.678,9.461,0.266,2.5
2015-07-22,3.66,9.416,0.266,2.5
2015-07-23,3.745,9.6285,0.266,2.5
2015-07-24,3.688,9.486,0.266,2.5
2015-07-27,3.338,8.611,0.266,2.5
2015-07-28,3.336,8.606,0.266,2.5
2015-07-29,3.461,8.9185,0.266,2.5
2015-07-30,3.359,8.6635,0.266,2.5
2015-07-31,3.346,8.631,0.266,2.5
2015-08-03,3.352,8.645999999999999,0.266,2.5
2015-08-04,3.461,8.9185,0.266,2.5
2015-08-05,3.392,8.746,0.266,2.5
2015-08-06,3.358,8.661,0.266,2.5
2015-08-07,3.417,8.8085,0.266,2.5
2015-08-10,3.588,9.236,0.266,2.5
2015-08-11,3.557,9.1585,0.266,2.5
2015-08-12,3.522,9.071,0.266,2.5
2015-08-13,3.562,9.171,0.266,2.5
2015-08-14,3.567,9.1835,0.266,2.5
2015-08-17,3.562,9.171,0.266,2.5
2015-08-18,3.342,8.621,0.266,2.5
2015-08-19,3.394,8.751,0.266,2.5
2015-08-20,3.291,8.4935,0.266,2.5
2015-08-21,3.14,8.116,0.266,2.5
2015-08-24,2.826,7.331,0.266,2.5
2015-08-25,2.58,6.716,0.266,2.5
2015-08-26,2.645,6.8785,0.266,2.5
2015-08-27,2.824,7.326,0.266,2.5
2015-08-28,2.949,7.6385,0.266,2.5
2015-08-31,2.959,7.6635,0.266,2.5
2015-09-01,2.959,7.6635,0.266,2.5
2015-09-02,2.962,7.671,0.266,2.5
2015-09-07,2.869,7.4385,0.266,2.5
2015-09-08,2.933,7.5985,0.266,2.5
2015-09-09,2.996,7.756,0.266,2.5
2015-09-10,2.964,7.676,0.266,2.5
2015-09-11,2.959,7.6635,0.266,2.5
2015-09-14,2.913,7.5485,0.266,2.5
2015-09-15,2.831,7.3435,0.266,2.5
2015-09-16,2.969,7.6884999999999994,0.266,2.5
2015-09-17,2.903,7.5235,0.266,2.5
2015-09-18,2.908,7.536,0.266,2.5
2015-09-21,2.945,7.6285,0.266,2.5
2015-09-22,2.97,7.691000000000001,0.266,2.5
2015-09-23,2.906,7.531000000000001,0.266,2.5
2015-09-24,2.917,7.5584999999999996,0.266,2.5
2015-09-25,2.872,7.446,0.266,2.5
2015-09-28,2.881,7.4685,0.266,2.5
2015-09-29,2.825,7.3285,0.266,2.5
2015-09-30,2.849,7.3885000000000005,0.266,2.5
2015-10-08,2.932,7.596,0.266,2.5
2015-10-09,2.958,7.6610000000000005,0.266,2.5
2015-10-12,3.064,7.926,0.266,2.5
2015-10-13,3.06,7.916,0.266,2.5
2015-10-14,3.037,7.858499999999999,0.266,2.5
2015-10-15,3.098,8.011,0.266,2.5
2015-10-16,3.141,8.118500000000001,0.266,2.5
2015-10-19,3.136,8.106,0.266,2.5
2015-10-20,3.165,8.1785,0.266,2.5
2015-10-21,3.07,7.941,0.266,2.5
2015-10-22,3.129,8.0885,0.266,2.5
2015-10-23,3.162,8.171,0.266,2.5
2015-10-26,3.18,8.216000000000001,0.266,2.5
2015-10-27,3.179,8.2135,0.266,2.5
2015-10-28,3.12,8.066,0.266,2.5
2015-10-29,3.125,8.0785,0.266,2.5
2015-10-30,3.123,8.073500000000001,0.266,2.5
2015-11-02,3.076,7.956,0.266,2.5
2015-11-03,3.064,7.926,0.266,2.5
2015-11-04,3.226,8.331,0.266,2.5
2015-11-05,3.3,8.516,0.266,2.5
2015-11-06,3.365,8.678500000000001,0.266,2.5
2015-11-09,3.398,8.761000000000001,0.266,2.5
2015-11-10,3.383,8.7235,0.266,2.5
2015-11-11,3.372,8.696,0.266,2.5
2015-11-12,3.332,8.596,0.266,2.5
2015-11-13,3.294,8.501,0.266,2.5
2015-11-16,3.308,8.536,0.266,2.5
2015-11-17,3.319,8.5635,0.266,2.5
2015-11-18,3.249,8.4395,0.317,2.5
2015-11-19,3.284,8.527,0.317,2.5
2015-11-20,3.272,8.497,0.317,2.5
2015-11-23,3.25,8.442,0.317,2.5
2015-11-24,3.253,8.4495,0.317,2.5
2015-11-25,3.268,8.487,0.317,2.5
2015-11-26,3.26,8.466999999999999,0.317,2.5
2015-11-27,3.085,8.0295,0.317,2.5
2015-11-30,3.091,8.044500000000001,0.317,2.5
2015-12-01,3.118,8.112,0.317,2.5
2015-12-02,3.234,8.402000000000001,0.317,2.5
2015-12-03,3.249,8.4395,0.317,2.5
2015-12-04,3.174,8.251999999999999,0.317,2.5
2015-12-07,3.174,8.251999999999999,0.317,2.5
2015-12-08,3.142,8.171999999999999,0.317,2.5
2015-12-09,3.131,8.144499999999999,0.317,2.5
2015-12-10,3.123,8.124500000000001,0.317,2.5
2015-12-11,3.101,8.0695,0.317,2.5
2015-12-14,3.198,8.312,0.317,2.5
2015-12-15,3.162,8.222,0.317,2.5
2015-12-16,3.16,8.217,0.317,2.5
2015-12-17,3.216,8.357000000000001,0.317,2.5
2015-12-18,3.218,8.362,0.317,2.5
2015-12-21,3.311,8.5945,0.317,2.5
2015-12-22,3.318,8.612,0.317,2.5
2015-12-23,3.323,8.6245,0.317,2.5
2015-12-24,3.29,8.542,0.317,2.5
2015-12-25,3.294,8.552,0.317,2.5
2015-12-28,3.2,8.317,0.317,2.5
2015-12-29,3.219,8.3645,0.317,2.5
2015-12-30,3.216,8.357000000000001,0.317,2.5
2015-12-31,3.2,8.317,0.317,2.5
2016-01-04,2.961,7.7195,0.317,2.5
2016-01-05,3.005,7.8294999999999995,0.317,2.5
2016-01-06,3.048,7.937,0.317,2.5
2016-01-07,3.0,7.817,0.317,2.5
2016-01-08,2.914,7.602,0.317,2.5
2016-01-11,2.772,7.247,0.317,2.5
2016-01-12,2.773,7.2495,0.317,2.5
2016-01-13,2.723,7.124499999999999,0.317,2.5
2016-01-14,2.761,7.2195,0.317,2.5
2016-01-15,2.682,7.022,0.317,2.5
2016-01-18,2.685,7.0295000000000005,0.317,2.5
2016-01-19,2.762,7.222,0.317,2.5
2016-01-20,2.722,7.122,0.317,2.5
2016-01-21,2.652,6.947000000000001,0.317,2.5
2016-01-22,2.672,6.997000000000001,0.317,2.5
2016-01-25,2.678,7.0120000000000005,0.317,2.5
2016-01-26,2.52,6.617,0.317,2.5
2016-01-27,2.512,6.597,0.317,2.5
2016-01-28,2.455,6.4545,0.317,2.5
2016-01-29,2.529,6.6395,0.317,2.5
2016-02-01,2.479,6.5145,0.317,2.5
2016-02-02,2.529,6.6395,0.317,2.5
2016-02-03,2.512,6.597,0.317,2.5
2016-02-04,2.55,6.692,0.317,2.5
2016-02-05,2.533,6.6495,0.317,2.5
2016-02-15,2.521,6.6195,0.317,2.5
2016-02-16,2.593,6.7995,0.317,2.5
2016-02-17,2.613,6.8495,0.317,2.5
2016-02-18,2.598,6.811999999999999,0.317,2.5
2016-02-19,2.597,6.8095,0.317,2.5
2016-02-22,2.659,6.964499999999999,0.317,2.5
2016-02-23,2.634,6.902,0.317,2.5
2016-02-24,2.651,6.9445,0.317,2.5
2016-02-25,2.493,6.5495,0.317,2.5
2016-02-26,2.522,6.622,0.317,2.5
2016-02-29,2.47,6.492000000000001,0.317,2.5
2016-03-01,2.53,6.6419999999999995,0.317,2.5
2016-03-02,2.629,6.8895,0.317,2.5
2016-03-03,2.633,6.8995,0.317,2.5
2016-03-04,2.689,7.0395,0.317,2.5
2016-03-07,2.687,7.0344999999999995,0.317,2.5
2016-03-08,2.693,7.0495,0.317,2.5
2016-03-09,2.652,6.947000000000001,0.317,2.5
2016-03-10,2.613,6.8495,0.317,2.5
2016-03-11,2.608,6.837000000000001,0.317,2.5
2016-03-14,2.647,6.9345,0.317,2.5
2016-03-15,2.658,6.962,0.317,2.5
2016-03-16,2.688,7.037000000000001,0.317,2.5
2016-03-17,2.711,7.0945,0.317,2.5
2016-03-18,2.741,7.1695,0.317,2.5
2016-03-21,2.801,7.319500000000001,0.317,2.5
2016-03-22,2.785,7.2795000000000005,0.317,2.5
2016-03-23,2.787,7.2844999999999995,0.317,2.5
2016-03-24,2.746,7.182,0.317,2.5
2016-03-25,2.756,7.207,0.317,2.5
2016-03-28,2.725,7.1295,0.317,2.5
2016-03-29,2.698,7.062,0.317,2.5
2016-03-30,2.767,7.2345,0.317,2.5
2016-03-31,2.771,7.2445,0.317,2.5
2016-04-01,2.779,7.2645,0.317,2.5
2016-04-05,2.81,7.3420000000000005,0.317,2.5
2016-04-06,2.794,7.3020000000000005,0.317,2.5
2016-04-07,2.756,7.207,0.317,2.5
2016-04-08,2.741,7.1695,0.317,2.5
2016-04-11,2.775,7.2545,0.317,2.5
2016-04-12,2.764,7.226999999999999,0.317,2.5
2016-04-13,2.805,7.3295,0.317,2.5
2016-04-14,2.812,7.3469999999999995,0.317,2.5
2016-04-15,2.814,7.352,0.317,2.5
2016-04-18,2.776,7.257,0.317,2.5
2016-04-19,2.783,7.2745,0.317,2.5
2016-04-20,2.749,7.189500000000001,0.317,2.5
2016-04-21,2.738,7.162,0.317,2.5
2016-04-22,2.743,7.1745,0.317,2.5
2016-04-25,2.726,7.132,0.317,2.5
2016-04-26,2.742,7.172000000000001,0.317,2.5
2016-04-27,2.73,7.142,0.317,2.5
2016-04-28,2.722,7.122,0.317,2.5
2016-04-29,2.72,7.117000000000001,0.317,2.5
2016-05-03,2.764,7.226999999999999,0.317,2.5
2016-05-04,2.761,7.2195,0.317,2.5
2016-05-05,2.763,7.2245,0.317,2.5
2016-05-06,2.696,7.057,0.317,2.5
2016-05-09,2.64,6.917000000000001,0.317,2.5
2016-05-10,2.643,6.9245,0.317,2.5
2016-05-11,2.654,6.952,0.317,2.5
2016-05-12,2.66,6.9670000000000005,0.317,2.5
2016-05-13,2.651,6.9445,0.317,2.5
2016-05-16,2.664,6.977,0.317,2.5
2016-05-17,2.657,6.9595,0.317,2.5
2016-05-18,2.64,6.917000000000001,0.317,2.5
2016-05-19,2.638,6.912,0.317,2.5
2016-05-20,2.649,6.939500000000001,0.317,2.5
2016-05-23,2.658,6.962,0.317,2.5
2016-05-24,2.636,6.907,0.317,2.5
2016-05-25,2.637,6.9095,0.317,2.5
2016-05-26,2.635,6.9045,0.317,2.5
2016-05-27,2.636,6.907,0.317,2.5
2016-05-30,2.641,6.9195,0.317,2.5
2016-05-31,2.735,7.1545,0.317,2.5
2016-06-01,2.719,7.1145,0.317,2.5
2016-06-02,2.719,7.1145,0.317,2.5
2016-06-03,2.74,7.167000000000001,0.317,2.5
2016-06-06,2.729,7.1395,0.317,2.5
2016-06-07,2.729,7.1395,0.317,2.5
2016-06-08,2.728,7.1370000000000005,0.317,2.5
2016-06-13,2.65,6.942,0.317,2.5
2016-06-14,2.654,6.952,0.317,2.5
2016-06-15,2.689,7.0395,0.317,2.5
2016-06-16,2.673,6.9995,0.317,2.5
2016-06-17,2.685,7.0295000000000005,0.317,2.5
2016-06-20,2.682,7.022,0.317,2.5
2016-06-21,2.678,7.0120000000000005,0.317,2.5
2016-06-22,2.696,7.057,0.317,2.5
2016-06-23,2.687,7.0344999999999995,0.317,2.5
2016-06-24,2.648,6.937,0.317,2.5
2016-06-27,2.682,7.022,0.317,2.5
2016-06-28,2.698,7.062,0.317,2.5
2016-06-29,2.718,7.112,0.317,2.5
2016-06-30,2.718,7.112,0.317,2.5
2016-07-01,2.725,7.1295,0.317,2.5
2016-07-04,2.777,7.259500000000001,0.317,2.5
2016-07-05,2.789,7.2895,0.317,2.5
2016-07-06,2.794,7.3020000000000005,0.317,2.5
2016-07-07,2.802,7.322,0.317,2.5
2016-07-08,2.786,7.282,0.317,2.5
2016-07-11,2.796,7.3069999999999995,0.317,2.5
2016-07-12,2.862,7.472,0.317,2.5
2016-07-13,2.874,7.502000000000001,0.317,2.5
2016-07-14,2.868,7.487,0.317,2.5
2016-07-15,2.871,7.4945,0.317,2.5
2016-07-18,2.868,7.487,0.317,2.5
2016-07-19,2.854,7.452,0.317,2.5
2016-07-20,2.84,7.417,0.317,2.5
2016-07-21,2.853,7.4495000000000005,0.317,2.5
2016-07-22,2.83,7.392,0.317,2.5
2016-07-25,2.828,7.387,0.317,2.5
2016-07-26,2.864,7.477,0.317,2.5
2016-07-27,2.836,7.407,0.317,2.5
2016-07-28,2.839,7.4145,0.317,2.5
2016-07-29,2.823,7.3745,0.317,2.5
2016-08-01,2.806,7.332000000000001,0.317,2.5
2016-08-02,2.81,7.3420000000000005,0.317,2.5
2016-08-03,2.815,7.3545,0.317,2.5
2016-08-04,2.814,7.352,0.317,2.5
2016-08-05,2.819,7.3645,0.317,2.5
2016-08-08,2.839,7.4145,0.317,2.5
2016-08-09,2.853,7.4495000000000005,0.317,2.5
2016-08-10,2.85,7.442,0.317,2.5
2016-08-11,2.841,7.419500000000001,0.317,2.5
2016-08-12,2.902,7.572000000000001,0.317,2.5
2016-08-15,2.988,7.787,0.317,2.5
2016-08-16,2.969,7.7395,0.317,2.5
2016-08-17,2.953,7.6995,0.317,2.5
2016-08-18,2.946,7.682,0.317,2.5
2016-08-19,2.955,7.7045,0.317,2.5
2016-08-22,2.942,7.672000000000001,0.317,2.5
2016-08-23,2.937,7.6594999999999995,0.317,2.5
2016-08-24,2.923,7.6245,0.317,2.5
2016-08-25,2.91,7.5920000000000005,0.317,2.5
2016-08-26,2.908,7.587,0.317,2.5
2016-08-29,2.9,7.567,0.317,2.5
2016-08-30,2.906,7.582000000000001,0.317,2.5
2016-08-31,2.918,7.612,0.317,2.5
2016-09-01,2.9,7.567,0.317,2.5
2016-09-02,2.915,7.6045,0.317,2.5
2016-09-05,2.917,7.6095,0.317,2.5
2016-09-06,2.929,7.6395,0.317,2.5
2016-09-07,2.932,7.647,0.317,2.5
2016-09-08,2.929,7.6395,0.317,2.5
2016-09-09,2.92,7.617,0.317,2.5
2016-09-12,2.876,7.507,0.317,2.5
2016-09-13,2.866,7.482,0.317,2.5
2016-09-14,2.85,7.442,0.317,2.5
2016-09-19,2.864,7.477,0.317,2.5
2016-09-20,2.864,7.477,0.317,2.5
2016-09-21,2.866,7.482,0.317,2.5
2016-09-22,2.884,7.527,0.317,2.5
2016-09-23,2.876,7.507,0.317,2.5
2016-09-26,2.839,7.4145,0.317,2.5
2016-09-27,2.847,7.4345,0.317,2.5
2016-09-28,2.834,7.402,0.317,2.5
2016-09-29,2.846,7.432,0.317,2.5
2016-09-30,2.85,7.442,0.317,2.5
2016-10-10,2.883,7.5245,0.317,2.5
2016-10-11,2.894,7.5520000000000005,0.317,2.5
2016-10-12,2.888,7.537,0.317,2.5
2016-10-13,2.887,7.5345,0.317,2.5
2016-10-14,2.892,7.547,0.317,2.5
2016-10-17,2.873,7.499500000000001,0.317,2.5
2016-10-18,2.915,7.6045,0.317,2.5
2016-10-19,2.908,7.587,0.317,2.5
2016-10-20,2.907,7.5845,0.317,2.5
2016-10-21,2.922,7.622000000000001,0.317,2.5
2016-10-24,2.961,7.7195,0.317,2.5
2016-10-25,2.961,7.7195,0.317,2.5
2016-10-26,2.948,7.687,0.317,2.5
2016-10-27,2.937,7.6594999999999995,0.317,2.5
2016-10-28,2.936,7.657,0.317,2.5
2016-10-31,2.931,7.644500000000001,0.317,2.5
2016-11-01,2.947,7.6845,0.317,2.5
2016-11-02,2.93,7.642,0.317,2.5
2016-11-03,2.961,7.7195,0.317,2.5
2016-11-04,2.953,7.6995,0.317,2.5
2016-11-07,2.956,7.707,0.317,2.5
2016-11-08,2.966,7.732000000000001,0.317,2.5
2016-11-09,2.95,7.692,0.317,2.5
2016-11-10,2.98,7.767,0.317,2.5
2016-11-11,3.01,7.842,0.317,2.5
2016-11-14,3.023,7.8745,0.317,2.5
2016-11-15,3.016,7.857,0.317,2.5
2016-11-16,3.013,7.8495,0.317,2.5
2016-11-17,3.023,7.8745,0.317,2.5
2016-11-18,3.007,7.8345,0.317,2.5
2016-11-21,3.034,7.901999999999999,0.317,2.5
2016-11-22,3.058,7.962,0.317,2.5
2016-11-23,3.062,7.9719999999999995,0.317,2.5
2016-11-24,3.077,8.0095,0.317,2.5
2016-11-25,3.113,8.099499999999999,0.317,2.5
2016-11-28,3.127,8.1345,0.317,2.5
2016-11-29,3.15,8.192,0.317,2.5
2016-11-30,3.12,8.117,0.317,2.5
2016-12-01,3.143,8.1745,0.317,2.5
2016-12-02,3.115,8.1045,0.317,2.5
2016-12-05,3.069,7.9895,0.317,2.5
2016-12-06,3.061,7.9695,0.317,2.5
2016-12-07,3.077,8.0095,0.317,2.5
2016-12-08,3.068,7.987,0.317,2.5
2016-12-09,3.101,8.0695,0.317,2.5
2016-12-12,3.056,7.957000000000001,0.317,2.5
2016-12-13,3.038,7.912,0.317,2.5
2016-12-14,3.023,7.8745,0.317,2.5
2016-12-15,2.973,7.749499999999999,0.317,2.5
2016-12-16,2.972,7.747,0.317,2.5
2016-12-19,2.96,7.7170000000000005,0.317,2.5
2016-12-20,2.94,7.667,0.317,2.5
2016-12-21,2.97,7.742000000000001,0.317,2.5
2016-12-22,2.963,7.724500000000001,0.317,2.5
2016-12-23,2.943,7.6745,0.317,2.5
2016-12-26,2.968,7.737,0.317,2.5
2016-12-27,2.955,7.7045,0.317,2.5
2016-12-28,2.94,7.667,0.317,2.5
2016-12-29,2.939,7.6645,0.317,2.5
2016-12-30,2.946,7.682,0.317,2.5
2017-01-03,2.976,7.757,0.317,2.5
2017-01-04,2.999,7.814500000000001,0.317,2.5
2017-01-05,2.996,7.807,0.317,2.5
2017-01-06,2.986,7.782000000000001,0.317,2.5
2017-01-09,3.0,7.817,0.317,2.5
2017-01-10,2.993,7.7995,0.317,2.5
2017-01-11,2.978,7.7620000000000005,0.317,2.5
2017-01-12,2.965,7.7295,0.317,2.5
2017-01-13,2.97,7.742000000000001,0.317,2.5
2017-01-16,3.001,7.8195,0.317,2.5
2017-01-17,2.993,7.7995,0.317,2.5
2017-01-18,3.009,7.8395,0.317,2.5
2017-01-19,2.996,7.807,0.317,2.5
2017-01-20,3.016,7.857,0.317,2.5
2017-01-23,3.023,7.8745,0.317,2.5
2017-01-24,3.025,7.8795,0.317,2.5
2017-01-25,3.031,7.894500000000001,0.317,2.5
2017-01-26,3.046,7.9319999999999995,0.317,2.5
2017-02-03,3.019,7.8645000000000005,0.317,2.5
2017-02-06,3.027,7.884500000000001,0.317,2.5
2017-02-07,3.021,7.8695,0.317,2.5
2017-02-08,3.033,7.8995,0.317,2.5
2017-02-09,3.046,7.9319999999999995,0.317,2.5
2017-02-10,3.062,7.9719999999999995,0.317,2.5
2017-02-13,3.077,8.0095,0.317,2.5
2017-02-14,3.074,8.001999999999999,0.317,2.5
2017-02-15,3.066,7.981999999999999,0.317,2.5
2017-02-16,3.079,8.0145,0.317,2.5
2017-02-17,3.06,7.9670000000000005,0.317,2.5
2017-02-20,3.099,8.0645,0.317,2.5
2017-02-21,3.107,8.0845,0.317,2.5
2017-02-22,3.113,8.099499999999999,0.317,2.5
2017-02-23,3.099,8.0645,0.317,2.5
2017-02-24,3.097,8.0595,0.317,2.5
2017-02-27,3.074,8.001999999999999,0.317,2.5
2017-02-28,3.081,8.019499999999999,0.317,2.5
2017-03-01,3.082,8.022,0.317,2.5
2017-03-02,3.059,7.964500000000001,0.317,2.5
2017-03-03,3.05,7.942,0.317,2.5
2017-03-06,3.058,7.962,0.317,2.5
2017-03-07,3.061,7.9695,0.317,2.5
2017-03-08,3.061,7.9695,0.317,2.5
2017-03-09,3.043,7.9245,0.317,2.5
2017-03-10,3.037,7.9094999999999995,0.317,2.5
2017-03-13,3.063,7.974500000000001,0.317,2.5
2017-03-14,3.062,7.9719999999999995,0.317,2.5
2017-03-15,3.068,7.987,0.317,2.5
2017-03-16,3.087,8.0345,0.317,2.5
2017-03-17,3.054,7.952,0.317,2.5
2017-03-20,3.054,7.952,0.317,2.5
2017-03-21,3.062,7.9719999999999995,0.317,2.5
2017-03-22,3.042,7.922,0.317,2.5
2017-03-23,3.05,7.942,0.317,2.5
2017-03-24,3.08,8.017,0.317,2.5
2017-03-27,3.074,8.001999999999999,0.317,2.5
2017-03-28,3.062,7.9719999999999995,0.317,2.5
2017-03-29,3.062,7.9719999999999995,0.317,2.5
2017-03-30,3.043,7.9245,0.317,2.5
2017-03-31,3.057,7.9595,0.317,2.5
2017-04-05,3.102,8.072,0.317,2.5
2017-04-06,3.106,8.081999999999999,0.317,2.5
2017-04-07,3.109,8.0895,0.317,2.5
2017-04-10,3.102,8.072,0.317,2.5
2017-04-11,3.113,8.099499999999999,0.317,2.5
2017-04-12,3.101,8.0695,0.317,2.5
2017-04-13,3.099,8.0645,0.317,2.5
2017-04-14,3.079,8.0145,0.317,2.5
2017-04-17,3.075,8.0045,0.317,2.5
2017-04-18,3.055,7.9545,0.317,2.5
2017-04-19,3.033,7.8995,0.317,2.5
2017-04-20,3.045,7.9295,0.317,2.5
2017-04-21,3.059,7.964500000000001,0.317,2.5
2017-04-24,3.041,7.9195,0.317,2.5
2017-04-25,3.038,7.912,0.317,2.5
2017-04-26,3.04,7.917,0.317,2.5
2017-04-27,3.037,7.9094999999999995,0.317,2.5
2017-04-28,3.034,7.901999999999999,0.317,2.5
2017-05-02,3.023,7.8745,0.317,2.5
2017-05-03,3.015,7.854500000000001,0.317,2.5
2017-05-04,3.0,7.817,0.317,2.5
2017-05-05,2.992,7.797000000000001,0.317,2.5
2017-05-08,2.99,7.792000000000001,0.317,2.5
2017-05-09,2.978,7.7620000000000005,0.317,2.5
2017-05-10,2.971,7.7445,0.317,2.5
2017-05-11,2.982,7.772,0.317,2.5
2017-05-12,3.012,7.847,0.317,2.5
2017-05-15,3.024,7.877000000000001,0.317,2.5
2017-05-16,3.035,7.9045000000000005,0.317,2.5
2017-05-17,3.017,7.8595,0.317,2.5
2017-05-18,3.007,7.8345,0.317,2.5
2017-05-19,3.007,7.8345,0.317,2.5
2017-05-22,3.021,7.8695,0.317,2.5
2017-05-23,3.044,7.9270000000000005,0.317,2.5
2017-05-24,3.041,7.9195,0.317,2.5
2017-05-25,3.11,8.091999999999999,0.317,2.5
2017-05-26,3.107,8.0845,0.317,2.5
2017-05-31,3.115,8.1045,0.317,2.5
2017-06-01,3.13,8.142,0.317,2.5
2017-06-02,3.115,8.1045,0.317,2.5
2017-06-05,3.092,8.047,0.317,2.5
2017-06-06,3.106,8.081999999999999,0.317,2.5
2017-06-07,3.136,8.157,0.317,2.5
2017-06-08,3.16,8.217,0.317,2.5
2017-06-09,3.179,8.2645,0.317,2.5
2017-06-12,3.168,8.237,0.317,2.5
2017-06-13,3.175,8.2545,0.317,2.5
2017-06-14,3.143,8.1745,0.317,2.5
2017-06-15,3.13,8.142,0.317,2.5
2017-06-16,3.127,8.1345,0.317,2.5
2017-06-19,3.158,8.212,0.317,2.5
2017-06-20,3.151,8.1945,0.317,2.5
2017-06-21,3.179,8.2645,0.317,2.5
2017-06-22,3.194,8.302,0.317,2.5
2017-06-23,3.206,8.332,0.317,2.5
2017-06-26,3.235,8.4045,0.317,2.5
2017-06-27,3.245,8.4295,0.317,2.5
2017-06-28,3.228,8.387,0.317,2.5
2017-06-29,3.247,8.4345,0.317,2.5
2017-06-30,3.245,8.4295,0.317,2.5
2017-07-03,3.235,8.4045,0.317,2.5
2017-07-04,3.211,8.3445,0.317,2.5
2017-07-05,3.247,8.4345,0.317,2.5
2017-07-06,3.255,8.4545,0.317,2.5
2017-07-07,3.257,8.4595,0.317,2.5
2017-07-10,3.265,8.4795,0.317,2.5
2017-07-11,3.281,8.5195,0.317,2.5
2017-07-12,3.272,8.497,0.317,2.5
2017-07-13,3.313,8.5995,0.317,2.5
2017-07-14,3.337,8.659500000000001,0.317,2.5
2017-07-17,3.319,8.6145,0.317,2.5
2017-07-18,3.32,8.616999999999999,0.317,2.5
2017-07-19,3.382,8.772,0.317,2.5
2017-07-20,3.389,8.7895,0.317,2.5
2017-07-21,3.373,8.749500000000001,0.317,2.5
2017-07-24,3.388,8.786999999999999,0.317,2.5
2017-07-25,3.367,8.7345,0.317,2.5
2017-07-26,3.363,8.7245,0.317,2.5
2017-07-27,3.367,8.7345,0.317,2.5
2017-07-28,3.368,8.737,0.317,2.5
2017-07-31,3.386,8.782,0.317,2.5
2017-08-01,3.423,8.874500000000001,0.317,2.5
2017-08-02,3.424,8.877,0.317,2.5
2017-08-03,3.395,8.8045,0.317,2.5
2017-08-04,3.375,8.7545,0.317,2.5
2017-08-07,3.393,8.7995,0.317,2.5
2017-08-08,3.393,8.7995,0.317,2.5
2017-08-09,3.385,8.779499999999999,0.317,2.5
2017-08-10,3.372,8.747,0.317,2.5
2017-08-11,3.313,8.5995,0.317,2.5
2017-08-14,3.347,8.6845,0.317,2.5
2017-08-15,3.358,8.712,0.317,2.5
2017-08-16,3.351,8.6945,0.317,2.5
2017-08-17,3.368,8.737,0.317,2.5
2017-08-18,3.38,8.767,0.317,2.5
2017-08-21,3.386,8.782,0.317,2.5
2017-08-22,3.399,8.8145,0.317,2.5
2017-08-23,3.407,8.8345,0.317,2.5
2017-08-24,3.389,8.7895,0.317,2.5
2017-08-25,3.46,8.967,0.317,2.5
2017-08-28,3.494,9.052000000000001,0.317,2.5
2017-08-29,3.494,9.052000000000001,0.317,2.5
2017-08-30,3.485,9.0295,0.317,2.5
2017-08-31,3.475,9.0045,0.317,2.5
2017-09-01,3.481,9.0195,0.317,2.5
2017-09-04,3.49,9.042000000000002,0.317,2.5
2017-09-05,3.499,9.0645,0.317,2.5
2017-09-06,3.49,9.042000000000002,0.317,2.5
2017-09-07,3.464,8.977,0.317,2.5
2017-09-08,3.463,8.9745,0.317,2.5
2017-09-11,3.46,8.967,0.317,2.5
2017-09-12,3.477,9.0095,0.317,2.5
2017-09-13,3.476,9.007,0.317,2.5
2017-09-14,3.454,8.952,0.317,2.5
2017-09-15,3.451,8.9445,0.317,2.5
2017-09-18,3.463,8.9745,0.317,2.5
2017-09-19,3.45,8.942,0.317,2.5
2017-09-20,3.451,8.9445,0.317,2.5
2017-09-21,3.45,8.942,0.317,2.5
2017-09-22,3.451,8.9445,0.317,2.5
2017-09-25,3.441,8.9195,0.317,2.5
2017-09-26,3.442,8.922,0.317,2.5
2017-09-27,3.435,8.9045,0.317,2.5
2017-09-28,3.435,8.9045,0.317,2.5
2017-09-29,3.445,8.929499999999999,0.317,2.5
2017-10-09,3.478,9.012,0.317,2.5
2017-10-10,3.475,9.0045,0.317,2.5
2017-10-11,3.482,9.022,0.317,2.5
2017-10-12,3.498,9.062000000000001,0.317,2.5
2017-10-13,3.499,9.0645,0.317,2.5
2017-10-16,3.503,9.0745,0.317,2.5
2017-10-17,3.499,9.0645,0.317,2.5
2017-10-18,3.521,9.1195,0.317,2.5
2017-10-19,3.521,9.1195,0.317,2.5
2017-10-20,3.514,9.102,0.317,2.5
2017-10-23,3.518,9.112,0.317,2.5
2017-10-24,3.538,9.161999999999999,0.317,2.5
2017-10-25,3.548,9.187000000000001,0.317,2.5
2017-10-26,3.556,9.207,0.317,2.5
2017-10-27,3.586,9.282,0.317,2.5
2017-10-30,3.576,9.257,0.317,2.5
2017-10-31,3.571,9.2445,0.317,2.5
2017-11-01,3.561,9.2195,0.317,2.5
2017-11-02,3.559,9.214500000000001,0.317,2.5
2017-11-03,3.561,9.2195,0.317,2.5
2017-11-06,3.57,9.241999999999999,0.317,2.5
2017-11-07,3.6,9.317,0.317,2.5
2017-11-08,3.597,9.3095,0.317,2.5
2017-11-09,3.615,9.354500000000002,0.317,2.5
2017-11-10,3.645,9.4295,0.317,2.5
2017-11-13,3.652,9.447000000000001,0.317,2.5
2017-11-14,3.633,9.3995,0.317,2.5
2017-11-15,3.614,9.352,0.317,2.5
2017-11-16,3.507,9.2155,0.448,2.5
2017-11-17,3.553,9.3305,0.448,2.5
2017-11-20,3.558,9.343,0.448,2.5
2017-11-21,3.607,9.4655,0.448,2.5
2017-11-22,3.624,9.508000000000001,0.448,2.5
2017-11-23,3.532,9.278,0.448,2.5
2017-11-24,3.532,9.278,0.448,2.5
2017-11-27,3.507,9.2155,0.448,2.5
2017-11-28,3.499,9.195500000000001,0.448,2.5
2017-11-29,3.5,9.198,0.448,2.5
2017-11-30,3.467,9.1155,0.448,2.5
2017-12-01,3.455,9.0855,0.448,2.5
2017-12-04,3.47,9.123000000000001,0.448,2.5
2017-12-05,3.508,9.218,0.448,2.5
2017-12-06,3.47,9.123000000000001,0.448,2.5
2017-12-07,3.443,9.0555,0.448,2.5
2017-12-08,3.466,9.113000000000001,0.448,2.5
2017-12-11,3.51,9.222999999999999,0.448,2.5
2017-12-12,3.457,9.0905,0.448,2.5
2017-12-13,3.48,9.148,0.448,2.5
2017-12-14,3.46,9.098,0.448,2.5
2017-12-15,3.424,9.008000000000001,0.448,2.5
2017-12-18,3.427,9.015500000000001,0.448,2.5
2017-12-19,3.467,9.1155,0.448,2.5
2017-12-20,3.466,9.113000000000001,0.448,2.5
2017-12-21,3.487,9.165500000000002,0.448,2.5
2017-12-22,3.475,9.1355,0.448,2.5
2017-12-25,3.467,9.1155,0.448,2.5
2017-12-26,3.484,9.158000000000001,0.448,2.5
2017-12-27,3.427,9.015500000000001,0.448,2.5
2017-12-28,3.447,9.0655,0.448,2.5
2017-12-29,3.457,9.0905,0.448,2.5
2018-01-02,3.506,9.213,0.448,2.5
2018-01-03,3.518,9.243,0.448,2.5
2018-01-04,3.533,9.2805,0.448,2.5
2018-01-05,3.542,9.303,0.448,2.5
2018-01-08,3.566,9.363,0.448,2.5
2018-01-09,3.586,9.413,0.448,2.5
2018-01-10,3.608,9.468,0.448,2.5
2018-01-11,3.601,9.4505,0.448,2.5
2018-01-12,3.618,9.493,0.448,2.5
2018-01-15,3.624,9.508000000000001,0.448,2.5
2018-01-16,3.645,9.560500000000001,0.448,2.5
2018-01-17,3.651,9.5755,0.448,2.5
2018-01-18,3.679,9.6455,0.448,2.5
2018-01-19,3.696,9.688,0.448,2.5
2018-01-22,3.717,9.7405,0.448,2.5
2018-01-23,3.763,9.8555,0.448,2.5
2018-01-24,3.773,9.880500000000001,0.448,2.5
2018-01-25,3.75,9.823,0.448,2.5
2018-01-26,3.773,9.880500000000001,0.448,2.5
2018-01-29,3.709,9.720500000000001,0.448,2.5
2018-01-30,3.672,9.628,0.448,2.5
2018-01-31,3.702,9.703,0.448,2.5
2018-02-01,3.7,9.698,0.448,2.5
2018-02-02,3.715,9.7355,0.448,2.5
2018-02-05,3.74,9.798000000000002,0.448,2.5
2018-02-06,3.626,9.513,0.448,2.5
2018-02-07,3.56,9.348,0.448,2.5
2018-02-08,3.484,9.158000000000001,0.448,2.5
2018-02-09,3.326,8.763,0.448,2.5
2018-02-12,3.343,8.8055,0.448,2.5
2018-02-13,3.387,8.9155,0.448,2.5
2018-02-14,3.411,8.9755,0.448,2.5
2018-02-22,3.48,9.148,0.448,2.5
2018-02-23,3.507,9.2155,0.448,2.5
2018-02-26,3.53,9.273,0.448,2.5
2018-02-27,3.484,9.158000000000001,0.448,2.5
2018-02-28,3.442,9.053,0.448,2.5
2018-03-01,3.455,9.0855,0.448,2.5
2018-03-02,3.428,9.018,0.448,2.5
2018-03-05,3.429,9.0205,0.448,2.5
2018-03-06,3.468,9.118,0.448,2.5
2018-03-07,3.448,9.068,0.448,2.5
2018-03-08,3.477,9.1405,0.448,2.5
2018-03-09,3.488,9.168000000000001,0.448,2.5
2018-03-12,3.501,9.2005,0.448,2.5
2018-03-13,3.467,9.1155,0.448,2.5
2018-03-14,3.456,9.088000000000001,0.448,2.5
2018-03-15,3.477,9.1405,0.448,2.5
2018-03-16,3.451,9.0755,0.448,2.5
2018-03-19,3.47,9.123000000000001,0.448,2.5
2018-03-20,3.483,9.1555,0.448,2.5
2018-03-21,3.467,9.1155,0.448,2.5
2018-03-22,3.44,9.048,0.448,2.5
2018-03-23,3.341,8.800500000000001,0.448,2.5
2018-03-26,3.307,8.7155,0.448,2.5
2018-03-27,3.325,8.7605,0.448,2.5
2018-03-28,3.268,8.618,0.448,2.5
2018-03-29,3.313,8.730500000000001,0.448,2.5
2018-03-30,3.309,8.720500000000001,0.448,2.5
2018-04-02,3.3,8.698,0.448,2.5
2018-04-03,3.282,8.653,0.448,2.5
2018-04-04,3.28,8.648,0.448,2.5
2018-04-09,3.286,8.663,0.448,2.5
2018-04-10,3.353,8.8305,0.448,2.5
2018-04-11,3.36,8.848,0.448,2.5
2018-04-12,3.326,8.763,0.448,2.5
2018-04-13,3.3,8.698,0.448,2.5
2018-04-16,3.241,8.550500000000001,0.448,2.5
2018-04-17,3.2,8.448,0.448,2.5
2018-04-18,3.216,8.488000000000001,0.448,2.5
2018-04-19,3.249,8.570500000000001,0.448,2.5
2018-04-20,3.208,8.468,0.448,2.5
2018-04-23,3.218,8.493,0.448,2.5
2018-04-24,3.278,8.643,0.448,2.5
2018-04-25,3.261,8.6005,0.448,2.5
2018-04-26,3.216,8.488000000000001,0.448,2.5
2018-04-27,3.217,8.4905,0.448,2.5
2018-05-02,3.22,8.498000000000001,0.448,2.5
2018-05-03,3.239,8.5455,0.448,2.5
2018-05-04,3.223,8.5055,0.448,2.5
2018-05-07,3.267,8.6155,0.448,2.5
2018-05-08,3.304,8.708,0.448,2.5
2018-05-09,3.3,8.698,0.448,2.5
2018-05-10,3.32,8.748,0.448,2.5
2018-05-11,3.306,8.713000000000001,0.448,2.5
2018-05-14,3.337,8.790500000000002,0.448,2.5
2018-05-15,3.345,8.810500000000001,0.448,2.5
2018-05-16,3.313,8.730500000000001,0.448,2.5
2018-05-17,3.289,8.6705,0.448,2.5
2018-05-18,3.329,8.7705,0.448,2.5
2018-05-21,3.342,8.803,0.448,2.5
2018-05-22,3.331,8.775500000000001,0.448,2.5
2018-05-23,3.287,8.6655,0.448,2.5
2018-05-24,3.262,8.603,0.448,2.5
2018-05-25,3.265,8.6105,0.448,2.5
2018-05-28,3.274,8.633000000000001,0.448,2.5
2018-05-29,3.258,8.593,0.448,2.5
2018-05-30,3.192,8.428,0.448,2.5
2018-05-31,3.244,8.558000000000002,0.448,2.5
2018-06-01,3.227,8.5155,0.448,2.5
2018-06-04,3.257,8.5905,0.448,2.5
2018-06-05,3.28,8.648,0.448,2.5
2018-06-06,3.274,8.633000000000001,0.448,2.5
2018-06-07,3.283,8.6555,0.448,2.5
2018-06-08,3.24,8.548000000000002,0.448,2.5
2018-06-11,3.239,8.5455,0.448,2.5
2018-06-12,3.269,8.6205,0.448,2.5
2018-06-13,3.243,8.5555,0.448,2.5
2018-06-14,3.246,8.563,0.448,2.5
2018-06-15,3.239,8.5455,0.448,2.5
2018-06-19,3.14,8.298,0.448,2.5
2018-06-20,3.146,8.313,0.448,2.5
2018-06-21,3.122,8.253,0.448,2.5
2018-06-22,3.13,8.273,0.448,2.5
2018-06-25,3.084,8.158,0.448,2.5
2018-06-26,3.052,8.078,0.448,2.5
2018-06-27,2.997,7.9405,0.448,2.5
2018-06-28,2.974,7.883000000000001,0.448,2.5
2018-06-29,3.04,8.048,0.448,2.5
2018-07-02,2.946,7.813000000000001,0.448,2.5
2018-07-03,2.957,7.8405000000000005,0.448,2.5
2018-07-04,2.932,7.7780000000000005,0.448,2.5
2018-07-05,2.925,7.7605,0.448,2.5
2018-07-06,2.946,7.813000000000001,0.448,2.5
2018-07-09,3.021,8.0005,0.448,2.5
2018-07-10,3.024,8.008000000000001,0.448,2.5
2018-07-11,2.978,7.893000000000001,0.448,2.5
2018-07-12,3.043,8.0555,0.448,2.5
2018-07-13,3.048,8.068,0.448,2.5
2018-07-16,3.033,8.0305,0.448,2.5
2018-07-17,3.016,7.988,0.448,2.5
2018-07-18,3.008,7.968,0.448,2.5
2018-07-19,3.003,7.955500000000001,0.448,2.5
2018-07-20,3.077,8.1405,0.448,2.5
2018-07-23,3.106,8.213,0.448,2.5
2018-07-24,3.152,8.328000000000001,0.448,2.5
2018-07-25,3.148,8.318,0.448,2.5
2018-07-26,3.12,8.248000000000001,0.448,2.5
2018-07-27,3.109,8.2205,0.448,2.5
2018-07-30,3.115,8.2355,0.448,2.5
2018-07-31,3.119,8.2455,0.448,2.5
2018-08-01,3.062,8.103,0.448,2.5
2018-08-02,2.997,7.9405,0.448,2.5
2018-08-03,2.961,7.8505,0.448,2.5
2018-08-06,2.936,7.788,0.448,2.5
2018-08-07,3.017,7.9905,0.448,2.5
2018-08-08,2.979,7.8955,0.448,2.5
2018-08-09,3.042,8.052999999999999,0.448,2.5
2018-08-10,3.044,8.058,0.448,2.5
2018-08-13,3.024,8.008000000000001,0.448,2.5
2018-08-14,3.011,7.9755,0.448,2.5
2018-08-15,2.946,7.813000000000001,0.448,2.5
2018-08-16,2.931,7.775500000000001,0.448,2.5
2018-08-17,2.893,7.6805,0.448,2.5
2018-08-20,2.925,7.7605,0.448,2.5
2018-08-21,2.975,7.8855,0.448,2.5
2018-08-22,2.966,7.863000000000001,0.448,2.5
2018-08-23,2.98,7.898000000000001,0.448,2.5
2018-08-24,2.987,7.915500000000001,0.448,2.5
2018-08-27,3.05,8.073,0.448,2.5
2018-08-28,3.044,8.058,0.448,2.5
2018-08-29,3.034,8.033,0.448,2.5
2018-08-30,3.007,7.9655000000000005,0.448,2.5
2018-08-31,2.988,7.918,0.448,2.5
2018-09-03,2.986,7.913000000000001,0.448,2.5
2018-09-04,3.024,8.008000000000001,0.448,2.5
2018-09-05,2.965,7.8605,0.448,2.5
2018-09-06,2.943,7.8055,0.448,2.5
2018-09-07,2.96,7.848000000000001,0.448,2.5
2018-09-10,2.926,7.763000000000001,0.448,2.5
2018-09-11,2.915,7.7355,0.448,2.5
2018-09-12,2.899,7.695500000000001,0.448,2.5
2018-09-13,2.93,7.773000000000001,0.448,2.5
2018-09-14,2.934,7.783000000000001,0.448,2.5
2018-09-17,2.905,7.7105,0.448,2.5
2018-09-18,2.972,7.878,0.448,2.5
2018-09-19,3.0,7.948,0.448,2.5
2018-09-20,3.009,7.9705,0.448,2.5
2018-09-21,3.096,8.188,0.448,2.5
2018-09-25,3.072,8.128,0.448,2.5
2018-09-26,3.107,8.2155,0.448,2.5
2018-09-27,3.095,8.185500000000001,0.448,2.5
2018-09-28,3.129,8.2705,0.448,2.5
2018-10-08,2.997,7.9405,0.448,2.5
2018-10-09,3.003,7.955500000000001,0.448,2.5
2018-10-10,2.998,7.943000000000001,0.448,2.5
2018-10-11,2.853,7.580500000000001,0.448,2.5
2018-10-12,2.909,7.7204999999999995,0.448,2.5
2018-10-15,2.867,7.615500000000001,0.448,2.5
2018-10-16,2.855,7.585500000000001,0.448,2.5
2018-10-17,2.862,7.603000000000001,0.448,2.5
2018-10-18,2.799,7.4455,0.448,2.5
2018-10-19,2.868,7.618,0.448,2.5
2018-10-22,3.004,7.958,0.448,2.5
2018-10-23,2.917,7.7405,0.448,2.5
2018-10-24,2.937,7.7905,0.448,2.5
2018-10-25,2.939,7.7955000000000005,0.448,2.5
2018-10-26,2.919,7.745500000000001,0.448,2.5
2018-10-29,2.837,7.540500000000001,0.448,2.5
2018-10-30,2.87,7.623000000000001,0.448,2.5
2018-10-31,2.904,7.708,0.448,2.5
2018-11-01,2.916,7.738,0.448,2.5
2018-11-02,3.017,7.9905,0.448,2.5
2018-11-05,2.987,7.915500000000001,0.448,2.5
2018-11-06,2.975,7.8855,0.448,2.5
2018-11-07,2.954,7.833000000000001,0.448,2.5
2018-11-08,2.951,7.825500000000001,0.448,2.5
2018-11-09,2.904,7.708,0.448,2.5
2018-11-12,2.929,7.7705,0.448,2.5
2018-11-13,2.951,7.825500000000001,0.448,2.5
2018-11-14,2.92,7.748,0.448,2.5
2018-11-15,2.959,7.8455,0.448,2.5
2018-11-16,2.968,7.868,0.448,2.5
2018-11-19,3.0,7.948,0.448,2.5
2018-11-20,2.947,7.8155,0.448,2.5
2018-11-21,2.948,7.8180000000000005,0.448,2.5
2018-11-22,2.932,7.7780000000000005,0.448,2.5
2018-11-23,2.871,7.625500000000001,0.448,2.5
2018-11-26,2.874,7.633000000000001,0.448,2.5
2018-11-27,2.872,7.628,0.448,2.5
2018-11-28,2.906,7.713000000000001,0.448,2.5
2018-11-29,2.879,7.6455,0.448,2.5
2018-11-30,2.9,7.698,0.448,2.5
2018-12-03,2.974,7.883000000000001,0.448,2.5
2018-12-04,2.979,7.8955,0.448,2.5
2018-12-05,2.968,7.868,0.448,2.5
2018-12-06,2.913,7.7305,0.448,2.5
2018-12-07,2.91,7.723000000000001,0.448,2.5
2018-12-10,2.886,7.663,0.448,2.5
2018-12-11,2.894,7.683000000000001,0.448,2.5
2018-12-12,2.901,7.7005,0.448,2.5
2018-12-13,2.945,7.8105,0.448,2.5
2018-12-14,2.905,7.7105,0.448,2.5
2018-12-17,2.906,7.713000000000001,0.448,2.5
2018-12-18,2.872,7.628,0.448,2.5
2018-12-19,2.843,7.5555,0.448,2.5
2018-12-20,2.814,7.4830000000000005,0.448,2.5
2018-12-21,2.783,7.4055,0.448,2.5
2018-12-24,2.789,7.4205000000000005,0.448,2.5
2018-12-25,2.767,7.3655,0.448,2.5
2018-12-26,2.756,7.338,0.448,2.5
2018-12-27,2.755,7.3355,0.448,2.5
2018-12-28,2.768,7.368,0.448,2.5
2019-01-02,2.728,7.268000000000001,0.448,2.5
2019-01-03,2.731,7.2755,0.448,2.5
2019-01-04,2.797,7.440500000000001,0.448,2.5
2019-01-07,2.806,7.463000000000001,0.448,2.5
2019-01-08,2.796,7.438,0.448,2.5
2019-01-09,2.825,7.5105,0.448,2.5
2019-01-10,2.817,7.490500000000001,0.448,2.5
2019-01-11,2.836,7.538,0.448,2.5
2019-01-14,2.815,7.4855,0.448,2.5
2019-01-15,2.867,7.615500000000001,0.448,2.5
2019-01-16,2.867,7.615500000000001,0.448,2.5
2019-01-17,2.852,7.578,0.448,2.5
2019-01-18,2.907,7.7155000000000005,0.448,2.5
2019-01-21,2.916,7.738,0.448,2.5
2019-01-22,2.883,7.6555,0.448,2.5
2019-01-23,2.877,7.640499999999999,0.448,2.5
2019-01-24,2.898,7.6930000000000005,0.448,2.5
2019-01-25,2.92,7.748,0.448,2.5
2019-01-28,2.917,7.7405,0.448,2.5
2019-01-29,2.927,7.7655,0.448,2.5
2019-01-30,2.913,7.7305,0.448,2.5
2019-01-31,2.945,7.8105,0.448,2.5
2019-02-01,2.976,7.888,0.448,2.5
2019-02-11,3.01,7.973,0.448,2.5
2019-02-12,3.027,8.015500000000001,0.448,2.5
2019-02-13,3.088,8.168000000000001,0.448,2.5
2019-02-14,3.082,8.153,0.448,2.5
2019-02-15,3.033,8.0305,0.448,2.5
2019-02-18,3.113,8.2305,0.448,2.5
2019-02-19,3.111,8.2255,0.448,2.5
2019-02-20,3.115,8.2355,0.448,2.5
2019-02-21,3.114,8.233,0.448,2.5
2019-02-22,3.186,8.413,0.448,2.5
2019-02-25,3.426,9.013000000000002,0.448,2.5
2019-02-26,3.337,8.790500000000002,0.448,2.5
2019-02-27,3.336,8.788,0.448,2.5
2019-02-28,3.319,8.7455,0.448,2.5
2019-03-01,3.4,8.948,0.448,2.5
2019-03-04,3.417,8.9905,0.448,2.5
2019-03-05,3.418,8.993,0.448,2.5
2019-03-06,3.453,9.0805,0.448,2.5
2019-03-07,3.424,9.008000000000001,0.448,2.5
2019-03-08,3.288,8.668,0.448,2.5
2019-03-11,3.335,8.7855,0.448,2.5
2019-03-12,3.353,8.8305,0.448,2.5
2019-03-13,3.339,8.7955,0.448,2.5
2019-03-14,3.316,8.738,0.448,2.5
2019-03-15,3.355,8.8355,0.448,2.5
2019-03-18,3.443,9.0555,0.448,2.5
2019-03-19,3.42,8.998000000000001,0.448,2.5
2019-03-20,3.43,9.023000000000001,0.448,2.5
2019-03-21,3.432,9.028,0.448,2.5
2019-03-22,3.42,8.998000000000001,0.448,2.5
2019-03-25,3.342,8.803,0.448,2.5
2019-03-26,3.31,8.723,0.448,2.5
2019-03-27,3.341,8.800500000000001,0.448,2.5
2019-03-28,3.327,8.7655,0.448,2.5
2019-03-29,3.461,9.1005,0.448,2.5
2019-04-01,3.539,9.2955,0.448,2.5
2019-04-02,3.538,9.293,0.448,2.5
2019-04-03,3.597,9.4405,0.448,2.5
2019-04-04,3.636,9.538,0.448,2.5
2019-04-08,3.624,9.508000000000001,0.448,2.5
2019-04-09,3.63,9.523,0.448,2.5
2019-04-10,3.64,9.548,0.448,2.5
2019-04-11,3.577,9.3905,0.448,2.5
2019-04-12,3.573,9.3805,0.448,2.5
2019-04-15,3.561,9.3505,0.448,2.5
2019-04-16,3.659,9.5955,0.448,2.5
2019-04-17,3.658,9.593,0.448,2.5
2019-04-18,3.644,9.558,0.448,2.5
2019-04-19,3.681,9.650500000000001,0.448,2.5
2019-04-22,3.601,9.4505,0.448,2.5
2019-04-23,3.6,9.448,0.448,2.5
2019-04-24,3.602,9.453,0.448,2.5
2019-04-25,3.536,9.288,0.448,2.5
2019-04-26,3.494,9.183000000000002,0.448,2.5
2019-04-29,3.515,9.2355,0.448,2.5
2019-04-30,3.521,9.2505,0.448,2.5
2019-05-06,3.332,8.778,0.448,2.5
2019-05-07,3.357,8.8405,0.448,2.5
2019-05-08,3.302,8.703000000000001,0.448,2.5
2019-05-09,3.245,8.560500000000001,0.448,2.5
2019-05-10,3.351,8.8255,0.448,2.5
2019-05-13,3.301,8.700500000000002,0.448,2.5
2019-05-14,3.275,8.6355,0.448,2.5
2019-05-15,3.344,8.808,0.448,2.5
2019-05-16,3.359,8.845500000000001,0.448,2.5
2019-05-17,3.287,8.6655,0.448,2.5
2019-05-20,3.265,8.6105,0.448,2.5
2019-05-21,3.293,8.6805,0.448,2.5
2019-05-22,3.283,8.6555,0.448,2.5
2019-05-23,3.245,8.560500000000001,0.448,2.5
2019-05-24,3.252,8.578,0.448,2.5
2019-05-27,3.284,8.658,0.448,2.5
2019-05-28,3.297,8.6905,0.448,2.5
2019-05-29,3.318,8.743,0.448,2.5
2019-05-30,3.306,8.713000000000001,0.448,2.5
2019-05-31,3.298,8.693000000000001,0.448,2.5
2019-06-03,3.301,8.700500000000002,0.448,2.5
2019-06-04,3.271,8.6255,0.448,2.5
2019-06-05,3.274,8.633000000000001,0.448,2.5
2019-06-06,3.247,8.5655,0.448,2.5
2019-06-10,3.284,8.658,0.448,2.5
2019-06-11,3.379,8.8955,0.448,2.5
2019-06-12,3.359,8.845500000000001,0.448,2.5
2019-06-13,3.363,8.855500000000001,0.448,2.5
2019-06-14,3.339,8.7955,0.448,2.5
2019-06-17,3.344,8.808,0.448,2.5
2019-06-18,3.355,8.8355,0.448,2.5
2019-06-19,3.408,8.968,0.448,2.5
2019-06-20,3.514,9.233,0.448,2.5
2019-06-21,3.525,9.2605,0.448,2.5
2019-06-24,3.528,9.268,0.448,2.5
2019-06-25,3.491,9.175500000000001,0.448,2.5
2019-06-26,3.488,9.168000000000001,0.448,2.5
2019-06-27,3.522,9.253,0.448,2.5
2019-06-28,3.517,9.2405,0.448,2.5
2019-07-01,3.595,9.435500000000001,0.448,2.5
2019-07-02,3.591,9.425500000000001,0.448,2.5
2019-07-03,3.561,9.3505,0.448,2.5
2019-07-04,3.537,9.2905,0.448,2.5
2019-07-05,3.554,9.333,0.448,2.5
2019-07-08,3.467,9.1155,0.448,2.5
2019-07-09,3.459,9.095500000000001,0.448,2.5
2019-07-10,3.458,9.093,0.448,2.5
2019-07-11,3.462,9.103000000000002,0.448,2.5
2019-07-12,3.486,9.163,0.448,2.5
2019-07-15,3.494,9.183000000000002,0.448,2.5
2019-07-16,3.482,9.153,0.448,2.5
2019-07-17,3.471,9.1255,0.448,2.5
2019-07-18,3.455,9.0855,0.448,2.5
2019-07-19,3.489,9.1705,0.448,2.5
2019-07-22,3.464,9.108,0.448,2.5
2019-07-23,3.472,9.128,0.448,2.5
2019-07-24,3.5,9.198,0.448,2.5
2019-07-25,3.527,9.265500000000001,0.448,2.5
2019-07-26,3.538,9.293,0.448,2.5
2019-07-29,3.53,9.273,0.448,2.5
2019-07-30,3.543,9.3055,0.448,2.5
2019-07-31,3.518,9.243,0.448,2.5
2019-08-01,3.481,9.150500000000001,0.448,2.5
2019-08-02,3.436,9.038,0.448,2.5
2019-08-05,3.37,8.873000000000001,0.448,2.5
2019-08-06,3.332,8.778,0.448,2.5
2019-08-07,3.32,8.748,0.448,2.5
2019-08-08,3.358,8.843,0.448,2.5
2019-08-09,3.342,8.803,0.448,2.5
2019-08-12,3.396,8.938,0.448,2.5
2019-08-13,3.365,8.860500000000002,0.448,2.5
2019-08-14,3.376,8.888,0.448,2.5
2019-08-15,3.382,8.903,0.448,2.5
2019-08-16,3.399,8.945500000000001,0.448,2.5
2019-08-19,3.471,9.1255,0.448,2.5
2019-08-20,3.465,9.1105,0.448,2.5
2019-08-21,3.465,9.1105,0.448,2.5
2019-08-22,3.47,9.123000000000001,0.448,2.5
2019-08-23,3.501,9.2005,0.448,2.5
2019-08-26,3.452,9.078,0.448,2.5
2019-08-27,3.494,9.183000000000002,0.448,2.5
2019-08-28,3.467,9.1155,0.448,2.5
2019-08-29,3.459,9.095500000000001,0.448,2.5
2019-08-30,3.466,9.113000000000001,0.448,2.5
2019-09-02,3.502,9.203,0.448,2.5
2019-09-03,3.5,9.198,0.448,2.5
2019-09-04,3.537,9.2905,0.448,2.5
2019-09-05,3.574,9.383,0.448,2.5
2019-09-06,3.599,9.445500000000001,0.448,2.5
2019-09-09,3.613,9.480500000000001,0.448,2.5
2019-09-10,3.6,9.448,0.448,2.5
2019-09-11,3.586,9.413,0.448,2.5
2019-09-12,3.624,9.508000000000001,0.448,2.5
2019-09-16,3.61,9.473,0.448,2.5
2019-09-17,3.553,9.3305,0.448,2.5
2019-09-18,3.566,9.363,0.448,2.5
2019-09-19,3.575,9.3855,0.448,2.5
2019-09-20,3.589,9.4205,0.448,2.5
2019-09-23,3.544,9.308,0.448,2.5
2019-09-24,3.548,9.318000000000001,0.448,2.5
2019-09-25,3.528,9.268,0.448,2.5
2019-09-26,3.511,9.2255,0.448,2.5
2019-09-27,3.52,9.248000000000001,0.448,2.5
2019-09-30,3.481,9.150500000000001,0.448,2.5
2019-10-08,3.499,9.195500000000001,0.448,2.5
2019-10-09,3.509,9.2205,0.448,2.5
2019-10-10,3.532,9.278,0.448,2.5
2019-10-11,3.57,9.373,0.448,2.5
2019-10-14,3.603,9.4555,0.448,2.5
2019-10-15,3.594,9.433,0.448,2.5
2019-10-16,3.581,9.400500000000001,0.448,2.5
2019-10-17,3.582,9.403,0.448,2.5
2019-10-18,3.527,9.265500000000001,0.448,2.5
2019-10-21,3.529,9.2705,0.448,2.5
2019-10-22,3.539,9.2955,0.448,2.5
2019-10-23,3.516,9.238,0.448,2.5
2019-10-24,3.515,9.2355,0.448,2.5
2019-10-25,3.53,9.273,0.448,2.5
2019-10-28,3.561,9.3505,0.448,2.5
2019-10-29,3.535,9.2855,0.448,2.5
2019-10-30,3.52,9.248000000000001,0.448,2.5
2019-10-31,3.521,9.2505,0.448,2.5
2019-11-01,3.569,9.3705,0.448,2.5
2019-11-04,3.59,9.423,0.448,2.5
2019-11-05,3.607,9.4655,0.448,2.5
2019-11-06,3.598,9.443,0.448,2.5
2019-11-07,3.601,9.4505,0.448,2.5
2019-11-08,3.585,9.4105,0.448,2.5
2019-11-11,3.523,9.255500000000001,0.448,2.5
2019-11-12,3.524,9.258000000000001,0.448,2.5
2019-11-13,3.522,9.253,0.448,2.5
2019-11-14,3.52,9.248000000000001,0.448,2.5
2019-11-15,3.505,9.2105,0.448,2.5
2019-11-18,3.529,9.2705,0.448,2.5
2019-11-19,3.435,9.1555,0.568,2.5
2019-11-20,3.403,9.0755,0.568,2.5
2019-11-21,3.387,9.035499999999999,0.568,2.5
2019-11-22,3.358,8.963,0.568,2.5
2019-11-25,3.383,9.0255,0.568,2.5
2019-11-26,3.392,9.048,0.568,2.5
2019-11-27,3.384,9.027999999999999,0.568,2.5
2019-11-28,3.371,8.9955,0.568,2.5
2019-11-29,3.335,8.9055,0.568,2.5
2019-12-02,3.343,8.9255,0.568,2.5
2019-12-03,3.35,8.943,0.568,2.5
2019-12-04,3.346,8.933,0.568,2.5
2019-12-05,3.371,8.9955,0.568,2.5
2019-12-06,3.385,9.030499999999998,0.568,2.5
2019-12-09,3.385,9.030499999999998,0.568,2.5
2019-12-10,3.388,9.037999999999998,0.568,2.5
2019-12-11,3.395,9.0555,0.568,2.5
2019-12-12,3.391,9.045499999999999,0.568,2.5
2019-12-13,3.454,9.203,0.568,2.5
2019-12-16,3.457,9.2105,0.568,2.5
2019-12-17,3.502,9.322999999999999,0.568,2.5
2019-12-18,3.489,9.2905,0.568,2.5
2019-12-19,3.487,9.2855,0.568,2.5
2019-12-20,3.48,9.267999999999999,0.568,2.5
2019-12-23,3.435,9.1555,0.568,2.5
2019-12-24,3.46,9.218,0.568,2.5
2019-12-25,3.458,9.213,0.568,2.5
2019-12-26,3.48,9.267999999999999,0.568,2.5
2019-12-27,3.489,9.2905,0.568,2.5
2019-12-30,3.536,9.408,0.568,2.5
2019-12-31,3.546,9.433,0.568,2.5
2020-01-02,3.589,9.5405,0.568,2.5
2020-01-03,3.571,9.4955,0.568,2.5
2020-01-06,3.554,9.453,0.568,2.5
2020-01-07,3.574,9.502999999999998,0.568,2.5
2020-01-08,3.531,9.3955,0.568,2.5
2020-01-09,3.569,9.490499999999999,0.568,2.5
2020-01-10,3.582,9.523,0.568,2.5
2020-01-13,3.608,9.588,0.568,2.5
2020-01-14,3.591,9.5455,0.568,2.5
2020-01-15,3.558,9.463,0.568,2.5
2020-01-16,3.551,9.445500000000001,0.568,2.5
2020-01-17,3.561,9.4705,0.568,2.5
2020-01-20,3.584,9.528,0.568,2.5
2020-01-21,3.52,9.368,0.568,2.5
2020-01-22,3.531,9.3955,0.568,2.5
2020-01-23,3.434,9.153,0.568,2.5
2020-02-03,3.115,8.355500000000001,0.568,2.5
2020-02-04,3.24,8.668000000000001,0.568,2.5
2020-02-05,3.279,8.7655,0.568,2.5
2020-02-06,3.322,8.873,0.568,2.5
2020-02-07,3.328,8.888,0.568,2.5
2020-02-10,3.327,8.885499999999999,0.568,2.5
2020-02-11,3.366,8.983,0.568,2.5
2020-02-12,3.385,9.030499999999998,0.568,2.5
2020-02-13,3.371,8.9955,0.568,2.5
2020-02-14,3.39,9.043,0.568,2.5
2020-02-17,3.461,9.2205,0.568,2.5
2020-02-18,3.442,9.173,0.568,2.5
2020-02-19,3.439,9.1655,0.568,2.5
2020-02-20,3.509,9.340499999999999,0.568,2.5
2020-02-21,3.502,9.322999999999999,0.568,2.5
2020-02-24,3.466,9.233,0.568,2.5
2020-02-25,3.449,9.190499999999998,0.568,2.5
2020-02-26,3.425,9.1305,0.568,2.5
2020-02-27,3.431,9.1455,0.568,2.5
2020-02-28,3.323,8.875499999999999,0.568,2.5
2020-03-02,3.429,9.1405,0.568,2.5
2020-03-03,3.448,9.187999999999999,0.568,2.5
2020-03-04,3.471,9.2455,0.568,2.5
2020-03-05,3.554,9.453,0.568,2.5
2020-03-06,3.492,9.298,0.568,2.5
2020-03-09,3.38,9.017999999999999,0.568,2.5
2020-03-10,3.45,9.193,0.568,2.5
2020-03-11,3.401,9.0705,0.568,2.5
2020-03-12,3.346,8.933,0.568,2.5
2020-03-13,3.311,8.8455,0.568,2.5
2020-03-16,3.176,8.508000000000001,0.568,2.5
2020-03-17,3.172,8.498000000000001,0.568,2.5
2020-03-18,3.11,8.343,0.568,2.5
2020-03-19,3.061,8.2205,0.568,2.5
2020-03-20,3.117,8.3605,0.568,2.5
2020-03-23,3.029,8.1405,0.568,2.5
2020-03-24,3.101,8.3205,0.568,2.5
2020-03-25,3.168,8.488,0.568,2.5
2020-03-26,3.158,8.463,0.568,2.5
2020-03-27,3.179,8.5155,0.568,2.5
2020-03-30,3.158,8.463,0.568,2.5
2020-03-31,3.154,8.453,0.568,2.5
2020-04-01,3.144,8.428,0.568,2.5
2020-04-02,3.192,8.548,0.568,2.5
2020-04-03,3.17,8.493,0.568,2.5
2020-04-07,3.23,8.642999999999999,0.568,2.5
2020-04-08,3.22,8.618,0.568,2.5
2020-04-09,3.228,8.638,0.568,2.5
2020-04-10,3.213,8.6005,0.568,2.5
2020-04-13,3.196,8.558,0.568,2.5
2020-04-14,3.25,8.693,0.568,2.5
2020-04-15,3.231,8.6455,0.568,2.5
2020-04-16,3.242,8.673,0.568,2.5
2020-04-17,3.272,8.748,0.568,2.5
2020-04-20,3.283,8.7755,0.568,2.5
2020-04-21,3.247,8.6855,0.568,2.5
2020-04-22,3.265,8.7305,0.568,2.5
2020-04-23,3.263,8.725499999999998,0.568,2.5
2020-04-24,3.234,8.653,0.568,2.5
2020-04-27,3.246,8.683,0.568,2.5
2020-04-28,3.271,8.7455,0.568,2.5
2020-04-29,3.281,8.7705,0.568,2.5
2020-04-30,3.328,8.888,0.568,2.5
2020-05-06,3.341,8.9205,0.568,2.5
2020-05-07,3.32,8.867999999999999,0.568,2.5
2020-05-08,3.354,8.953,0.568,2.5
2020-05-11,3.358,8.963,0.568,2.5
2020-05-12,3.343,8.9255,0.568,2.5
2020-05-13,3.351,8.9455,0.568,2.5
2020-05-14,3.313,8.8505,0.568,2.5
2020-05-15,3.303,8.8255,0.568,2.5
2020-05-18,3.321,8.8705,0.568,2.5
2020-05-19,3.343,8.9255,0.568,2.5
2020-05-20,3.333,8.9005,0.568,2.5
2020-05-21,3.315,8.8555,0.568,2.5
2020-05-22,3.239,8.6655,0.568,2.5
2020-05-25,3.248,8.688,0.568,2.5
2020-05-26,3.279,8.7655,0.568,2.5
2020-05-27,3.27,8.743,0.568,2.5
2020-05-28,3.276,8.758,0.568,2.5
2020-05-29,3.278,8.763,0.568,2.5
2020-06-01,3.356,8.958,0.568,2.5
2020-06-02,3.366,8.983,0.568,2.5
2020-06-03,3.366,8.983,0.568,2.5
2020-06-04,3.359,8.9655,0.568,2.5
2020-06-05,3.38,9.017999999999999,0.568,2.5
2020-06-08,3.388,9.037999999999998,0.568,2.5
2020-06-09,3.409,9.090499999999999,0.568,2.5
2020-06-10,3.394,9.052999999999999,0.568,2.5
2020-06-11,3.361,8.9705,0.568,2.5
2020-06-12,3.364,8.978,0.568,2.5
2020-06-15,3.316,8.857999999999999,0.568,2.5
2020-06-16,3.368,8.988,0.568,2.5
2020-06-17,3.369,8.9905,0.568,2.5
2020-06-18,3.391,9.045499999999999,0.568,2.5
2020-06-19,3.426,9.133000000000001,0.568,2.5
2020-06-22,3.426,9.133000000000001,0.568,2.5
2020-06-23,3.44,9.168,0.568,2.5
2020-06-24,3.466,9.233,0.568,2.5
2020-06-29,3.439,9.1655,0.568,2.5
2020-06-30,3.475,9.2555,0.568,2.5
2020-07-01,3.548,9.438,0.568,2.5
2020-07-02,3.635,9.655499999999998,0.568,2.5
2020-07-03,3.722,9.873,0.568,2.5
2020-07-06,4.091,10.7955,0.568,2.5
2020-07-07,3.982,10.523,0.568,2.5
2020-07-08,4.031,10.645499999999998,0.568,2.5
2020-07-09,4.087,10.785499999999999,0.568,2.5
2020-07-10,3.998,10.563,0.568,2.5
2020-07-13,4.056,10.708,0.568,2.5
2020-07-14,4.01,10.592999999999998,0.568,2.5
2020-07-15,3.968,10.488,0.568,2.5
2020-07-16,3.808,10.088,0.568,2.5
2020-07-17,3.819,10.115499999999999,0.568,2.5
2020-07-20,3.932,10.398,0.568,2.5
2020-07-21,3.937,10.410499999999999,0.568,2.5
2020-07-22,3.945,10.430499999999999,0.568,2.5
2020-07-23,3.943,10.4255,0.568,2.5
2020-07-24,3.77,9.993,0.568,2.5
2020-07-27,3.802,10.073,0.568,2.5
2020-07-28,3.822,10.123,0.568,2.5
2020-07-29,3.902,10.323,0.568,2.5
2020-07-30,3.887,10.285499999999999,0.568,2.5
2020-07-31,3.905,10.330499999999999,0.568,2.5
2020-08-03,3.96,10.468,0.568,2.5
2020-08-04,3.979,10.5155,0.568,2.5
2020-08-05,3.972,10.498,0.568,2.5
2020-08-06,3.979,10.5155,0.568,2.5
2020-08-07,3.945,10.430499999999999,0.568,2.5
2020-08-10,3.966,10.483,0.568,2.5
2020-08-11,3.926,10.383000000000001,0.568,2.5
2020-08-12,3.915,10.3555,0.568,2.5
2020-08-13,3.898,10.313,0.568,2.5
2020-08-14,3.974,10.503,0.568,2.5
2020-08-17,4.058,10.713,0.568,2.5
2020-08-18,4.056,10.708,0.568,2.5
2020-08-19,4.003,10.5755,0.568,2.5
2020-08-20,3.944,10.427999999999999,0.568,2.5
2020-08-21,3.977,10.510499999999999,0.568,2.5
2020-08-24,3.99,10.543000000000001,0.568,2.5
2020-08-25,3.993,10.5505,0.568,2.5
2020-08-26,3.944,10.427999999999999,0.568,2.5
2020-08-27,3.974,10.503,0.568,2.5
2020-08-28,4.062,10.723,0.568,2.5
2020-08-31,4.049,10.6905,0.568,2.5
2020-09-01,4.06,10.717999999999998,0.568,2.5
2020-09-02,4.059,10.7155,0.568,2.5
2020-09-03,4.041,10.6705,0.568,2.5
2020-09-04,3.995,10.5555,0.568,2.5
2020-09-07,3.922,10.373,0.568,2.5
2020-09-08,3.958,10.463,0.568,2.5
2020-09-09,3.886,10.283,0.568,2.5
2020-09-10,3.896,10.308,0.568,2.5
2020-09-11,3.919,10.365499999999999,0.568,2.5
2020-09-14,3.947,10.4355,0.568,2.5
2020-09-15,3.965,10.4805,0.568,2.5
2020-09-16,3.951,10.4455,0.568,2.5
2020-09-17,3.916,10.357999999999999,0.568,2.5
2020-09-18,4.021,10.6205,0.568,2.5
2020-09-21,3.979,10.5155,0.568,2.5
2020-09-22,3.926,10.383000000000001,0.568,2.5
2020-09-23,3.936,10.408,0.568,2.5
2020-09-24,3.866,10.233,0.568,2.5
2020-09-25,3.878,10.263,0.568,2.5
2020-09-28,3.893,10.3005,0.568,2.5
2020-09-29,3.887,10.285499999999999,0.568,2.5
2020-09-30,3.874,10.253,0.568,2.5
2020-10-09,3.943,10.4255,0.568,2.5
2020-10-12,4.062,10.723,0.568,2.5
2020-10-13,4.055,10.705499999999999,0.568,2.5
2020-10-14,4.032,10.648,0.568,2.5
2020-10-15,4.029,10.6405,0.568,2.5
2020-10-16,4.027,10.6355,0.568,2.5
2020-10-19,3.991,10.5455,0.568,2.5
2020-10-20,4.01,10.592999999999998,0.568,2.5
2020-10-21,4.02,10.617999999999999,0.568,2.5
2020-10-22,4.011,10.5955,0.568,2.5
2020-10-23,3.981,10.5205,0.568,2.5
2020-10-26,3.928,10.388,0.568,2.5
2020-10-27,3.93,10.393,0.568,2.5
2020-10-28,3.955,10.455499999999999,0.568,2.5
2020-10-29,3.974,10.503,0.568,2.5
2020-10-30,3.904,10.328,0.568,2.5
2020-11-02,3.905,10.330499999999999,0.568,2.5
2020-11-03,3.953,10.4505,0.568,2.5
2020-11-04,3.972,10.498,0.568,2.5
2020-11-05,4.035,10.6555,0.568,2.5
2020-11-06,4.027,10.6355,0.568,2.5
2020-11-09,4.108,10.838,0.568,2.5
2020-11-10,4.091,10.7955,0.568,2.5
2020-11-11,4.079,10.7655,0.568,2.5
2020-11-12,4.069,10.740499999999999,0.568,2.5
2020-11-13,4.009,10.5905,0.568,2.5
2020-11-16,4.054,10.703000000000001,0.568,2.5
2020-11-17,4.056,10.708,0.568,2.5
2020-11-18,4.0,10.635,0.635,2.5
2020-11-19,4.034,10.719999999999999,0.635,2.5
2020-11-20,4.043,10.7425,0.635,2.5
2020-11-23,4.099,10.8825,0.635,2.5
2020-11-24,4.076,10.825,0.635,2.5
2020-11-25,4.029,10.7075,0.635,2.5
2020-11-26,4.046,10.75,0.635,2.5
2020-11-27,4.108,10.905,0.635,2.5
2020-11-30,4.088,10.855,0.635,2.5
2020-12-01,4.174,11.07,0.635,2.5
2020-12-02,4.169,11.0575,0.635,2.5
2020-12-03,4.162,11.04,0.635,2.5
2020-12-04,4.171,11.0625,0.635,2.5
2020-12-07,4.123,10.9425,0.635,2.5
2020-12-08,4.112,10.915000000000001,0.635,2.5
2020-12-09,4.074,10.819999999999999,0.635,2.5
2020-12-10,4.075,10.8225,0.635,2.5
2020-12-11,4.037,10.7275,0.635,2.5
2020-12-14,4.069,10.8075,0.635,2.5
2020-12-15,4.072,10.815,0.635,2.5
2020-12-16,4.08,10.834999999999999,0.635,2.5
2020-12-17,4.148,11.004999999999999,0.635,2.5
2020-12-18,4.125,10.9475,0.635,2.5
2020-12-21,4.151,11.0125,0.635,2.5
2020-12-22,4.071,10.812499999999998,0.635,2.5
2020-12-23,4.104,10.895,0.635,2.5
2020-12-24,4.091,10.8625,0.635,2.5
2020-12-25,4.132,10.964999999999998,0.635,2.5
2020-12-28,4.145,10.997499999999999,0.635,2.5
2020-12-29,4.133,10.9675,0.635,2.5
2020-12-30,4.184,11.095,0.635,2.5
2020-12-31,4.275,11.3225,0.635,2.5
2021-01-04,4.308,11.405,0.635,2.5
2021-01-05,4.338,11.48,0.635,2.5
2021-01-06,4.384,11.595,0.635,2.5
2021-01-07,4.472,11.815000000000001,0.635,2.5
2021-01-08,4.457,11.7775,0.635,2.5
2021-01-11,4.416,11.675,0.635,2.5
2021-01-12,4.553,12.0175,0.635,2.5
2021-01-13,4.539,11.9825,0.635,2.5
2021-01-14,4.469,11.807500000000001,0.635,2.5
2021-01-15,4.447,11.7525,0.635,2.5
2021-01-18,4.492,11.865,0.635,2.5
2021-01-19,4.439,11.7325,0.635,2.5
2021-01-20,4.452,11.764999999999999,0.635,2.5
2021-01-21,4.517,11.9275,0.635,2.5
2021-01-22,4.508,11.905,0.635,2.5
2021-01-25,4.561,12.0375,0.635,2.5
2021-01-26,4.465,11.7975,0.635,2.5
2021-01-27,4.471,11.8125,0.635,2.5
2021-01-28,4.371,11.562500000000002,0.635,2.5
2021-01-29,4.37,11.56,0.635,2.5
2021-02-01,4.389,11.6075,0.635,2.5
2021-02-02,4.438,11.729999999999999,0.635,2.5
2021-02-03,4.42,11.685,0.635,2.5
2021-02-04,4.423,11.6925,0.635,2.5
2021-02-05,4.442,11.74,0.635,2.5
2021-02-08,4.509,11.9075,0.635,2.5
2021-02-09,4.596,12.125,0.635,2.5
2021-02-10,4.675,12.3225,0.635,2.5
2021-02-18,4.674,12.32,0.635,2.5
2021-02-19,4.684,12.345,0.635,2.5
2021-02-22,4.565,12.047500000000001,0.635,2.5
2021-02-23,4.562,12.040000000000001,0.635,2.5
2021-02-24,4.448,11.755,0.635,2.5
2021-02-25,4.487,11.852500000000001,0.635,2.5
2021-02-26,4.39,11.61,0.635,2.5
2021-03-01,4.426,11.700000000000001,0.635,2.5
2021-03-02,4.357,11.5275,0.635,2.5
2021-03-03,4.468,11.805,0.635,2.5
2021-03-04,4.346,11.5,0.635,2.5
2021-03-05,4.326,11.45,0.635,2.5
2021-03-08,4.192,11.115,0.635,2.5
2021-03-09,4.127,10.952499999999999,0.635,2.5
2021-03-10,4.144,10.995,0.635,2.5
2021-03-11,4.25,11.26,0.635,2.5
2021-03-12,4.255,11.272499999999999,0.635,2.5
2021-03-15,4.187,11.102500000000001,0.635,2.5
2021-03-16,4.217,11.177499999999998,0.635,2.5
2021-03-17,4.226,11.2,0.635,2.5
2021-03-18,4.236,11.225,0.635,2.5
2021-03-19,4.138,10.979999999999999,0.635,2.5
2021-03-22,4.173,11.0675,0.635,2.5
2021-03-23,4.148,11.004999999999999,0.635,2.5
2021-03-24,4.08,10.834999999999999,0.635,2.5
2021-03-25,4.082,10.84,0.635,2.5
2021-03-26,4.154,11.02,0.635,2.5
2021-03-29,4.169,11.0575,0.635,2.5
2021-03-30,4.2,11.135,0.635,2.5
2021-03-31,4.164,11.045,0.635,2.5
2021-04-01,4.212,11.165,0.635,2.5
2021-04-02,4.248,11.255,0.635,2.5
2021-04-06,4.221,11.1875,0.635,2.5
2021-04-07,4.208,11.155,0.635,2.5
2021-04-08,4.217,11.177499999999998,0.635,2.5
2021-04-09,4.16,11.035,0.635,2.5
2021-04-12,4.111,10.9125,0.635,2.5
2021-04-13,4.084,10.844999999999999,0.635,2.5
2021-04-14,4.107,10.9025,0.635,2.5
2021-04-15,4.076,10.825,0.635,2.5
2021-04-16,4.097,10.877500000000001,0.635,2.5
2021-04-19,4.185,11.097499999999998,0.635,2.5
2021-04-20,4.174,11.07,0.635,2.5
2021-04-21,4.176,11.075000000000001,0.635,2.5
2021-04-22,4.162,11.04,0.635,2.5
2021-04-23,4.185,11.097499999999998,0.635,2.5
2021-04-26,4.127,10.952499999999999,0.635,2.5
2021-04-27,4.136,10.975,0.635,2.5
2021-04-28,4.153,11.017499999999998,0.635,2.5
2021-04-29,4.197,11.1275,0.635,2.5
2021-04-30,4.155,11.0225,0.635,2.5
2021-05-06,4.118,10.930000000000001,0.635,2.5
2021-05-07,4.09,10.86,0.635,2.5
2021-05-10,4.087,10.8525,0.635,2.5
2021-05-11,4.12,10.935,0.635,2.5
2021-05-12,4.133,10.9675,0.635,2.5
2021-05-13,4.086,10.85,0.635,2.5
2021-05-14,4.178,11.08,0.635,2.5
2021-05-17,4.214,11.17,0.635,2.5
2021-05-18,4.22,11.184999999999999,0.635,2.5
2021-05-19,4.198,11.13,0.635,2.5
2021-05-20,4.209,11.157499999999999,0.635,2.5
2021-05-21,4.164,11.045,0.635,2.5
2021-05-24,4.176,11.075000000000001,0.635,2.5
2021-05-25,4.322,11.44,0.635,2.5
2021-05-26,4.332,11.465,0.635,2.5
2021-05-27,4.35,11.51,0.635,2.5
2021-05-28,4.34,11.485,0.635,2.5
2021-05-31,4.349,11.5075,0.635,2.5
2021-06-01,4.346,11.5,0.635,2.5
2021-06-02,4.304,11.395000000000001,0.635,2.5
2021-06-03,4.288,11.355,0.635,2.5
2021-06-04,4.3,11.385,0.635,2.5
2021-06-07,4.297,11.3775,0.635,2.5
2021-06-08,4.268,11.305,0.635,2.5
2021-06-09,4.283,11.342500000000001,0.635,2.5
2021-06-10,4.305,11.397499999999999,0.635,2.5
2021-06-11,4.261,11.2875,0.635,2.5
2021-06-15,4.212,11.165,0.635,2.5
2021-06-16,4.167,11.0525,0.635,2.5
2021-06-17,4.198,11.13,0.635,2.5
2021-06-18,4.177,11.077499999999999,0.635,2.5
2021-06-21,4.144,10.995,0.635,2.5
2021-06-22,4.183,11.0925,0.635,2.5
2021-06-23,4.192,11.115,0.635,2.5
2021-06-24,4.201,11.1375,0.635,2.5
2021-06-25,4.284,11.344999999999999,0.635,2.5
2021-06-28,4.263,11.292499999999999,0.635,2.5
2021-06-29,4.227,11.2025,0.635,2.5
2021-06-30,4.253,11.2675,0.635,2.5
2021-07-01,4.251,11.262500000000001,0.635,2.5
2021-07-02,4.15,11.01,0.635,2.5
2021-07-05,4.16,11.035,0.635,2.5
2021-07-06,4.155,11.0225,0.635,2.5
2021-07-07,4.196,11.124999999999998,0.635,2.5
2021-07-08,4.166,11.05,0.635,2.5
2021-07-09,4.144,10.995,0.635,2.5
2021-07-12,4.18,11.084999999999999,0.635,2.5
2021-07-13,4.196,11.124999999999998,0.635,2.5
2021-07-14,4.144,10.995,0.635,2.5
2021-07-15,4.216,11.175,0.635,2.5
2021-07-16,4.169,11.0575,0.635,2.5
2021-07-19,4.187,11.102500000000001,0.635,2.5
2021-07-20,4.176,11.075000000000001,0.635,2.5
2021-07-21,4.204,11.145,0.635,2.5
2021-07-22,4.214,11.17,0.635,2.5
2021-07-23,4.183,11.0925,0.635,2.5
2021-07-26,4.06,10.784999999999998,0.635,2.5
2021-07-27,3.937,10.4775,0.635,2.5
2021-07-28,3.934,10.47,0.635,2.5
2021-07-29,3.983,10.5925,0.635,2.5
2021-07-30,3.945,10.497499999999999,0.635,2.5
2021-08-02,4.033,10.717500000000001,0.635,2.5
2021-08-03,4.034,10.719999999999999,0.635,2.5
2021-08-04,4.053,10.7675,0.635,2.5
2021-08-05,4.053,10.7675,0.635,2.5
2021-08-06,4.034,10.719999999999999,0.635,2.5
2021-08-09,4.084,10.844999999999999,0.635,2.5
2021-08-10,4.132,10.964999999999998,0.635,2.5
2021-08-11,4.11,10.91,0.635,2.5
2021-08-12,4.095,10.872499999999999,0.635,2.5
2021-08-13,4.078,10.83,0.635,2.5
2021-08-16,4.079,10.8325,0.635,2.5
2021-08-17,4.007,10.652499999999998,0.635,2.5
2021-08-18,4.048,10.755,0.635,2.5
2021-08-19,4.01,10.659999999999998,0.635,2.5
2021-08-20,3.943,10.4925,0.635,2.5
2021-08-23,3.986,10.6,0.635,2.5
2021-08-24,4.043,10.7425,0.635,2.5
2021-08-25,4.058,10.78,0.635,2.5
2021-08-26,3.989,10.6075,0.635,2.5
2021-08-27,4.015,10.6725,0.635,2.5
2021-08-30,4.007,10.652499999999998,0.635,2.5
2021-08-31,4.019,10.6825,0.635,2.5
2021-09-01,4.092,10.864999999999998,0.635,2.5
2021-09-02,4.104,10.895,0.635,2.5
2021-09-03,4.095,10.872499999999999,0.635,2.5
2021-09-06,4.164,11.045,0.635,2.5
2021-09-07,4.198,11.13,0.635,2.5
2021-09-08,4.176,11.075000000000001,0.635,2.5
2021-09-09,4.18,11.084999999999999,0.635,2.5
2021-09-10,4.225,11.1975,0.635,2.5
2021-09-13,4.202,11.139999999999999,0.635,2.5
2021-09-14,4.129,10.957499999999998,0.635,2.5
2021-09-15,4.085,10.8475,0.635,2.5
2021-09-16,4.056,10.775,0.635,2.5
2021-09-17,4.085,10.8475,0.635,2.5
2021-09-22,4.063,10.792499999999999,0.635,2.5
2021-09-23,4.08,10.834999999999999,0.635,2.5
2021-09-24,4.076,10.825,0.635,2.5
2021-09-27,4.084,10.844999999999999,0.635,2.5
2021-09-28,4.102,10.89,0.635,2.5
2021-09-29,4.07,10.81,0.635,2.5
2021-09-30,4.067,10.8025,0.635,2.5
2021-10-08,4.124,10.944999999999999,0.635,2.5
2021-10-11,4.132,10.964999999999998,0.635,2.5
2021-10-12,4.095,10.872499999999999,0.635,2.5
2021-10-13,4.129,10.957499999999998,0.635,2.5
2021-10-14,4.109,10.9075,0.635,2.5
2021-10-15,4.131,10.9625,0.635,2.5
2021-10-18,4.081,10.8375,0.635,2.5
2021-10-19,4.12,10.935,0.635,2.5
2021-10-20,4.111,10.9125,0.635,2.5
2021-10-21,4.135,10.972499999999998,0.635,2.5
2021-10-22,4.161,11.0375,0.635,2.5
2021-10-25,4.182,11.090000000000002,0.635,2.5
2021-10-26,4.164,11.045,0.635,2.5
2021-10-27,4.117,10.9275,0.635,2.5
2021-10-28,4.105,10.8975,0.635,2.5
2021-10-29,4.126,10.950000000000001,0.635,2.5
2021-11-01,4.108,10.905,0.635,2.5
2021-11-02,4.064,10.795,0.635,2.5
2021-11-03,4.044,10.745,0.635,2.5
2021-11-04,4.07,10.81,0.635,2.5
2021-11-05,4.054,10.770000000000001,0.635,2.5
2021-11-08,4.05,10.76,0.635,2.5
2021-11-09,4.047,10.7525,0.635,2.5
2021-11-10,4.023,10.692499999999999,0.635,2.5
2021-11-11,4.08,10.834999999999999,0.635,2.5
2021-11-12,4.079,10.8325,0.635,2.5
2021-11-15,4.073,10.8175,0.635,2.5
2021-11-16,4.065,10.797500000000001,0.635,2.5
2021-11-17,4.061,10.7875,0.635,2.5
2021-11-18,4.029,10.7075,0.635,2.5
2021-11-19,4.069,10.8075,0.635,2.5
2021-11-22,4.08,10.834999999999999,0.635,2.5
2021-11-23,4.089,10.8575,0.635,2.5
2021-11-24,4.09,10.86,0.635,2.5
2021-11-25,4.084,10.844999999999999,0.635,2.5
2021-11-26,4.055,10.772499999999999,0.635,2.5
2021-11-29,4.049,10.7575,0.635,2.5
2021-11-30,4.033,10.717500000000001,0.635,2.5
2021-12-01,4.052,10.764999999999999,0.635,2.5
2021-12-02,4.059,10.7825,0.635,2.5
2021-12-03,4.105,10.8975,0.635,2.5
2021-12-06,4.098,10.879999999999999,0.635,2.5
2021-12-07,4.133,10.9675,0.635,2.5
2021-12-08,4.182,11.090000000000002,0.635,2.5
2021-12-09,4.237,11.227500000000001,0.635,2.5
2021-12-10,4.214,11.17,0.635,2.5
2021-12-13,4.24,11.235000000000001,0.635,2.5
2021-12-14,4.209,11.157499999999999,0.635,2.5
2021-12-15,4.183,11.0925,0.635,2.5
2021-12-16,4.205,11.147499999999999,0.635,2.5
2021-12-17,4.147,11.0025,0.635,2.5
2021-12-20,4.105,10.8975,0.635,2.5
2021-12-21,4.133,10.9675,0.635,2.5
2021-12-22,4.119,10.9325,0.635,2.5
2021-12-23,4.14,10.985,0.635,2.5
2021-12-24,4.131,10.9625,0.635,2.5
2021-12-27,4.122,10.94,0.635,2.5
2021-12-28,4.154,11.02,0.635,2.5
2021-12-29,4.095,10.872499999999999,0.635,2.5
2021-12-30,4.118,10.930000000000001,0.635,2.5
2021-12-31,4.127,10.952499999999999,0.635,2.5
2022-01-04,4.113,10.9175,0.635,2.5
2022-01-05,4.083,10.8425,0.635,2.5
2022-01-06,4.046,10.75,0.635,2.5
2022-01-07,4.054,10.770000000000001,0.635,2.5
2022-01-10,4.066,10.799999999999999,0.635,2.5
2022-01-11,4.048,10.755,0.635,2.5
2022-01-12,4.078,10.83,0.635,2.5
2022-01-13,4.025,10.6975,0.635,2.5
2022-01-14,3.974,10.57,0.635,2.5
2022-01-17,3.988,10.605,0.635,2.5
2022-01-18,4.034,10.719999999999999,0.635,2.5
2022-01-19,4.028,10.704999999999998,0.635,2.5
2022-01-20,4.067,10.8025,0.635,2.5
2022-01-21,4.039,10.7325,0.635,2.5
2022-01-24,4.039,10.7325,0.635,2.5
2022-01-25,3.953,10.5175,0.635,2.5
2022-01-26,3.984,10.595,0.635,2.5
2022-01-27,3.93,10.46,0.635,2.5
2022-01-28,3.863,10.2925,0.635,2.5
2022-02-07,3.932,10.465,0.635,2.5
2022-02-08,3.94,10.485,0.635,2.5
2022-02-09,3.966,10.55,0.635,2.5
2022-02-10,3.971,10.5625,0.635,2.5
2022-02-11,3.957,10.5275,0.635,2.5
2022-02-14,3.912,10.415,0.635,2.5
2022-02-15,3.943,10.4925,0.635,2.5
2022-02-16,3.957,10.5275,0.635,2.5
2022-02-17,3.963,10.5425,0.635,2.5
2022-02-18,3.986,10.6,0.635,2.5
2022-02-21,3.975,10.5725,0.635,2.5
2022-02-22,3.928,10.455,0.635,2.5
2022-02-23,3.963,10.5425,0.635,2.5
2022-02-24,3.885,10.347499999999998,0.635,2.5
2022-02-25,3.912,10.415,0.635,2.5
2022-02-28,3.916,10.424999999999999,0.635,2.5
2022-03-01,3.958,10.53,0.635,2.5
2022-03-02,3.936,10.475,0.635,2.5
2022-03-03,3.922,10.44,0.635,2.5
2022-03-04,3.891,10.362499999999999,0.635,2.5
2022-03-07,3.785,10.0975,0.635,2.5
2022-03-08,3.741,9.9875,0.635,2.5
2022-03-09,3.676,9.825000000000001,0.635,2.5
2022-03-10,3.723,9.942499999999999,0.635,2.5
2022-03-11,3.731,9.9625,0.635,2.5
2022-03-14,3.626,9.7,0.635,2.5
2022-03-15,3.484,9.345,0.635,2.5
2022-03-16,3.585,9.5975,0.635,2.5
2022-03-17,3.643,9.7425,0.635,2.5
2022-03-18,3.677,9.8275,0.635,2.5
2022-03-21,3.67,9.81,0.635,2.5
2022-03-22,3.672,9.815,0.635,2.5
2022-03-23,3.685,9.8475,0.635,2.5
2022-03-24,3.665,9.7975,0.635,2.5
2022-03-25,3.61,9.66,0.635,2.5
2022-03-28,3.606,9.65,0.635,2.5
2022-03-29,3.593,9.6175,0.635,2.5
2022-03-30,3.679,9.8325,0.635,2.5
2022-03-31,3.655,9.772499999999999,0.635,2.5
2022-04-01,3.7,9.885,0.635,2.5
2022-04-06,3.689,9.8575,0.635,2.5
2022-04-07,3.65,9.76,0.635,2.5
2022-04-08,3.677,9.8275,0.635,2.5
2022-04-11,3.588,9.605,0.635,2.5
2022-04-12,3.635,9.722499999999998,0.635,2.5
2022-04-13,3.617,9.6775,0.635,2.5
2022-04-14,3.665,9.7975,0.635,2.5
2022-04-15,3.667,9.8025,0.635,2.5
2022-04-18,3.63,9.709999999999999,0.635,2.5
2022-04-19,3.602,9.639999999999999,0.635,2.5
2022-04-20,3.558,9.53,0.635,2.5
2022-04-21,3.511,9.4125,0.635,2.5
2022-04-22,3.525,9.4475,0.635,2.5
2022-04-25,3.379,9.0825,0.635,2.5
2022-04-26,3.334,8.97,0.635,2.5
2022-04-27,3.401,9.1375,0.635,2.5
2022-04-28,3.433,9.2175,0.635,2.5
2022-04-29,3.496,9.375,0.635,2.5
2022-05-05,3.501,9.3875,0.635,2.5
2022-05-06,3.405,9.147499999999999,0.635,2.5
2022-05-09,3.39,9.11,0.635,2.5
2022-05-10,3.428,9.205,0.635,2.5
2022-05-11,3.457,9.2775,0.635,2.5
2022-05-12,3.446,9.25,0.635,2.5
2022-05-13,3.464,9.295,0.635,2.5
2022-05-16,3.443,9.2425,0.635,2.5
2022-05-17,3.482,9.34,0.635,2.5
2022-05-18,3.471,9.3125,0.635,2.5
2022-05-19,3.472,9.315,0.635,2.5
2022-05-20,3.542,9.49,0.635,2.5
2022-05-23,3.52,9.435,0.635,2.5
2022-05-24,3.458,9.28,0.635,2.5
2022-05-25,3.474,9.32,0.635,2.5
2022-05-26,3.485,9.3475,0.635,2.5
2022-05-27,3.496,9.375,0.635,2.5
2022-05-30,3.516,9.424999999999999,0.635,2.5
2022-05-31,3.562,9.54,0.635,2.5
2022-06-01,3.542,9.49,0.635,2.5
2022-06-02,3.547,9.5025,0.635,2.5
2022-06-06,3.593,9.6175,0.635,2.5
2022-06-07,3.615,9.672500000000001,0.635,2.5
2022-06-08,3.646,9.75,0.635,2.5
2022-06-09,3.63,9.709999999999999,0.635,2.5
2022-06-10,3.678,9.83,0.635,2.5
2022-06-13,3.627,9.702499999999999,0.635,2.5
2022-06-14,3.669,9.8075,0.635,2.5
2022-06-15,3.724,9.945,0.635,2.5
2022-06-16,3.689,9.8575,0.635,2.5
2022-06-17,3.737,9.977500000000001,0.635,2.5
2022-06-20,3.729,9.9575,0.635,2.5
2022-06-21,3.73,9.959999999999999,0.635,2.5
2022-06-22,3.682,9.84,0.635,2.5
2022-06-23,3.74,9.985000000000001,0.635,2.5
2022-06-24,3.786,10.1,0.635,2.5
2022-06-27,3.818,10.18,0.635,2.5
2022-06-28,3.856,10.275,0.635,2.5
2022-06-29,3.816,10.174999999999999,0.635,2.5
2022-06-30,3.873,10.3175,0.635,2.5
2022-07-01,3.856,10.275,0.635,2.5
2022-07-04,3.869,10.307500000000001,0.635,2.5
2022-07-05,3.868,10.305,0.635,2.5
2022-07-06,3.809,10.1575,0.635,2.5
2022-07-07,3.805,10.1475,0.635,2.5
2022-07-08,3.804,10.145,0.635,2.5
2022-07-11,3.745,9.9975,0.635,2.5
2022-07-12,3.729,9.9575,0.635,2.5
2022-07-13,3.724,9.945,0.635,2.5
2022-07-14,3.719,9.9325,0.635,2.5
2022-07-15,3.666,9.799999999999999,0.635,2.5
2022-07-18,3.718,9.93,0.635,2.5
2022-07-19,3.702,9.889999999999999,0.635,2.5
2022-07-20,3.72,9.935,0.635,2.5
2022-07-21,3.683,9.8425,0.635,2.5
2022-07-22,3.682,9.84,0.635,2.5
2022-07-25,3.66,9.785,0.635,2.5
2022-07-26,3.688,9.855,0.635,2.5
2022-07-27,3.665,9.7975,0.635,2.5
2022-07-28,3.665,9.7975,0.635,2.5
2022-07-29,3.622,9.69,0.635,2.5
2022-08-01,3.622,9.69,0.635,2.5
2022-08-02,3.552,9.515,0.635,2.5
2022-08-03,3.525,9.4475,0.635,2.5
2022-08-04,3.563,9.5425,0.635,2.5
2022-08-05,3.606,9.65,0.635,2.5
2022-08-08,3.603,9.6425,0.635,2.5
2022-08-09,3.607,9.6525,0.635,2.5
2022-08-10,3.572,9.565,0.635,2.5
2022-08-11,3.643,9.7425,0.635,2.5
2022-08-12,3.651,9.7625,0.635,2.5
2022-08-15,3.641,9.737499999999999,0.635,2.5
2022-08-16,3.626,9.7,0.635,2.5
2022-08-17,3.653,9.7675,0.635,2.5
2022-08-18,3.622,9.69,0.635,2.5
2022-08-19,3.597,9.6275,0.635,2.5
2022-08-22,3.614,9.67,0.635,2.5
2022-08-23,3.592,9.615,0.635,2.5
2022-08-24,3.542,9.49,0.635,2.5
2022-08-25,3.593,9.6175,0.635,2.5
2022-08-26,3.591,9.6125,0.635,2.5
2022-08-29,3.574,9.569999999999999,0.635,2.5
2022-08-30,3.562,9.54,0.635,2.5
2022-08-31,3.583,9.5925,0.635,2.5
2022-09-01,3.559,9.5325,0.635,2.5
2022-09-02,3.536,9.475,0.635,2.5
2022-09-05,3.524,9.445,0.635,2.5
2022-09-06,3.573,9.567499999999999,0.635,2.5
2022-09-07,3.572,9.565,0.635,2.5
2022-09-08,3.565,9.5475,0.635,2.5
2022-09-09,3.614,9.67,0.635,2.5
2022-09-13,3.618,9.68,0.635,2.5
2022-09-14,3.585,9.5975,0.635,2.5
2022-09-15,3.558,9.53,0.635,2.5
2022-09-16,3.485,9.3475,0.635,2.5
2022-09-19,3.481,9.3375,0.635,2.5
2022-09-20,3.479,9.3325,0.635,2.5
2022-09-21,3.461,9.2875,0.635,2.5
2022-09-22,3.434,9.22,0.635,2.5
2022-09-23,3.429,9.2075,0.635,2.5
2022-09-26,3.407,9.1525,0.635,2.5
2022-09-27,3.441,9.237499999999999,0.635,2.5
2022-09-28,3.397,9.1275,0.635,2.5
2022-09-29,3.39,9.11,0.635,2.5
2022-09-30,3.382,9.09,0.635,2.5
2022-10-10,3.314,8.92,0.635,2.5
2022-10-11,3.303,8.8925,0.635,2.5
2022-10-12,3.336,8.975,0.635,2.5
2022-10-13,3.305,8.8975,0.635,2.5
2022-10-14,3.383,9.0925,0.635,2.5
2022-10-17,3.382,9.09,0.635,2.5
2022-10-18,3.367,9.0525,0.635,2.5
2022-10-19,3.315,8.9225,0.635,2.5
2022-10-20,3.309,8.9075,0.635,2.5
2022-10-21,3.3,8.885,0.635,2.5
2022-10-24,3.202,8.639999999999999,0.635,2.5
2022-10-25,3.208,8.655,0.635,2.5
2022-10-26,3.224,8.695,0.635,2.5
2022-10-27,3.206,8.65,0.635,2.5
2022-10-28,3.137,8.477500000000001,0.635,2.5
2022-10-31,3.104,8.395,0.635,2.5
2022-11-01,3.214,8.67,0.635,2.5
2022-11-02,3.242,8.74,0.635,2.5
2022-11-03,3.213,8.6675,0.635,2.5
2022-11-04,3.31,8.91,0.635,2.5
2022-11-07,3.314,8.92,0.635,2.5
2022-11-08,3.298,8.88,0.635,2.5
2022-11-09,3.28,8.834999999999999,0.635,2.5
2022-11-10,3.268,8.805,0.635,2.5
2022-11-11,3.356,9.025,0.635,2.5
2022-11-14,3.357,9.0275,0.635,2.5
2022-11-15,3.422,9.19,0.635,2.5
2022-11-16,3.407,9.1525,0.635,2.5
2022-11-17,3.385,9.097499999999998,0.635,2.5
2022-11-18,3.372,9.065,0.635,2.5
2022-11-21,3.344,8.995,0.635,2.5
2022-11-22,3.356,9.025,0.635,2.5
2022-11-23,3.369,9.057500000000001,0.635,2.5
2022-11-24,3.354,9.02,0.635,2.5
2022-11-25,3.378,9.08,0.635,2.5
2022-11-28,3.336,8.975,0.635,2.5
2022-11-29,3.446,9.25,0.635,2.5
2022-11-30,3.442,9.24,0.635,2.5
2022-12-01,3.474,9.32,0.635,2.5
2022-12-02,3.45,9.26,0.635,2.5
2022-12-05,3.533,9.4675,0.635,2.5
2022-12-06,3.532,9.465,0.635,2.5
2022-12-07,3.517,9.4275,0.635,2.5
2022-12-08,3.513,9.417499999999999,0.635,2.5
2022-12-09,3.544,9.495,0.635,2.5
2022-12-12,3.504,9.395,0.635,2.5
2022-12-13,3.502,9.389999999999999,0.635,2.5
2022-12-14,3.51,9.409999999999998,0.635,2.5
2022-12-15,3.5,9.385,0.635,2.5
2022-12-16,3.505,9.397499999999999,0.635,2.5
2022-12-19,3.442,9.24,0.635,2.5
2022-12-20,3.402,9.14,0.635,2.5
2022-12-21,3.402,9.14,0.635,2.5
2022-12-22,3.403,9.1425,0.635,2.5
2022-12-23,3.403,9.1425,0.635,2.5
2022-12-26,3.405,9.147499999999999,0.635,2.5
2022-12-27,3.443,9.2425,0.635,2.5
2022-12-28,3.441,9.237499999999999,0.635,2.5
2022-12-29,3.423,9.1925,0.635,2.5
2022-12-30,3.449,9.257499999999999,0.635,2.5
2023-01-03,3.458,9.28,0.635,2.5
2023-01-04,3.466,9.3,0.635,2.5
2023-01-05,3.519,9.4325,0.635,2.5
2023-01-06,3.532,9.465,0.635,2.5
2023-01-09,3.556,9.525,0.635,2.5
2023-01-10,3.55,9.51,0.635,2.5
2023-01-11,3.552,9.515,0.635,2.5
2023-01-12,3.557,9.5275,0.635,2.5
2023-01-13,3.608,9.655,0.635,2.5
2023-01-16,3.659,9.782499999999999,0.635,2.5
2023-01-17,3.644,9.745,0.635,2.5
2023-01-18,3.632,9.715,0.635,2.5
2023-01-19,3.648,9.755,0.635,2.5
2023-01-20,3.677,9.8275,0.635,2.5
2023-01-30,3.677,9.8275,0.635,2.5
2023-01-31,3.64,9.735,0.635,2.5
2023-02-01,3.668,9.805,0.635,2.5
2023-02-02,3.658,9.78,0.635,2.5
2023-02-03,3.617,9.6775,0.635,2.5
2023-02-06,3.569,9.5575,0.635,2.5
2023-02-07,3.581,9.5875,0.635,2.5
2023-02-08,3.575,9.5725,0.635,2.5
2023-02-09,3.613,9.6675,0.635,2.5
2023-02-10,3.591,9.6125,0.635,2.5
2023-02-13,3.615,9.672500000000001,0.635,2.5
2023-02-14,3.626,9.7,0.635,2.5
2023-02-15,3.6,9.635,0.635,2.5
2023-02-16,3.586,9.6,0.635,2.5
2023-02-17,3.54,9.485,0.635,2.5
2023-02-20,3.638,9.729999999999999,0.635,2.5
2023-02-21,3.653,9.7675,0.635,2.5
2023-02-22,3.62,9.685,0.635,2.5
2023-02-23,3.614,9.67,0.635,2.5
2023-02-24,3.579,9.5825,0.635,2.5
2023-02-27,3.57,9.559999999999999,0.635,2.5
2023-02-28,3.595,9.6225,0.635,2.5
2023-03-01,3.642,9.74,0.635,2.5
2023-03-02,3.64,9.735,0.635,2.5
2023-03-03,3.659,9.782499999999999,0.635,2.5
2023-03-06,3.628,9.705,0.635,2.5
2023-03-07,3.58,9.584999999999999,0.635,2.5
2023-03-08,3.57,9.559999999999999,0.635,2.5
2023-03-09,3.556,9.525,0.635,2.5
2023-03-10,3.5,9.385,0.635,2.5
2023-03-13,3.548,9.505,0.635,2.5
2023-03-14,3.526,9.45,0.635,2.5
2023-03-15,3.538,9.479999999999999,0.635,2.5
2023-03-16,3.496,9.375,0.635,2.5
2023-03-17,3.521,9.4375,0.635,2.5
2023-03-20,3.495,9.3725,0.635,2.5
2023-03-21,3.517,9.4275,0.635,2.5
2023-03-22,3.532,9.465,0.635,2.5
2023-03-23,3.565,9.5475,0.635,2.5
2023-03-24,3.547,9.5025,0.635,2.5
2023-03-27,3.519,9.4325,0.635,2.5
2023-03-28,3.522,9.44,0.635,2.5
2023-03-29,3.517,9.4275,0.635,2.5
2023-03-30,3.545,9.4975,0.635,2.5
2023-03-31,3.555,9.5225,0.635,2.5
2023-04-03,3.58,9.584999999999999,0.635,2.5
2023-04-04,3.598,9.629999999999999,0.635,2.5
2023-04-06,3.594,9.62,0.635,2.5
2023-04-07,3.615,9.672500000000001,0.635,2.5
2023-04-10,3.601,9.6375,0.635,2.5
2023-04-11,3.591,9.6125,0.635,2.5
2023-04-12,3.594,9.62,0.635,2.5
2023-04-13,3.589,9.6075,0.635,2.5
2023-04-14,3.611,9.6625,0.635,2.5
2023-04-17,3.676,9.825000000000001,0.635,2.5
2023-04-18,3.693,9.8675,0.635,2.5
2023-04-19,3.666,9.799999999999999,0.635,2.5
2023-04-20,3.652,9.765,0.635,2.5
2023-04-21,3.583,9.5925,0.635,2.5
2023-04-24,3.545,9.4975,0.635,2.5
2023-04-25,3.54,9.485,0.635,2.5
2023-04-26,3.527,9.4525,0.635,2.5
2023-04-27,3.562,9.54,0.635,2.5
2023-04-28,3.601,9.6375,0.635,2.5
2023-05-04,3.616,9.675,0.635,2.5
2023-05-05,3.608,9.655,0.635,2.5
2023-05-08,3.676,9.825000000000001,0.635,2.5
2023-05-09,3.64,9.735,0.635,2.5
2023-05-10,3.594,9.62,0.635,2.5
2023-05-11,3.578,9.58,0.635,2.5
2023-05-12,3.527,9.4525,0.635,2.5
2023-05-15,3.58,9.584999999999999,0.635,2.5
2023-05-16,3.568,9.555,0.635,2.5
2023-05-17,3.544,9.495,0.635,2.5
2023-05-18,3.548,9.505,0.635,2.5
2023-05-19,3.531,9.4625,0.635,2.5
2023-05-22,3.553,9.5175,0.635,2.5
2023-05-23,3.495,9.3725,0.635,2.5
2023-05-24,3.442,9.24,0.635,2.5
2023-05-25,3.435,9.2225,0.635,2.5
2023-05-26,3.443,9.2425,0.635,2.5
2023-05-29,3.434,9.22,0.635,2.5
2023-05-30,3.427,9.2025,0.635,2.5
2023-05-31,3.392,9.115,0.635,2.5
2023-06-01,3.398,9.13,0.635,2.5
2023-06-02,3.443,9.2425,0.635,2.5
2023-06-05,3.429,9.2075,0.635,2.5
2023-06-06,3.402,9.14,0.635,2.5
2023-06-07,3.396,9.125,0.635,2.5
2023-06-08,3.426,9.200000000000001,0.635,2.5
2023-06-09,3.445,9.247499999999999,0.635,2.5
2023-06-12,3.436,9.225,0.635,2.5
2023-06-13,3.453,9.2675,0.635,2.5
2023-06-14,3.452,9.264999999999999,0.635,2.5
2023-06-15,3.494,9.370000000000001,0.635,2.5
2023-06-16,3.529,9.4575,0.635,2.5
2023-06-19,3.496,9.375,0.635,2.5
2023-06-20,3.486,9.35,0.635,2.5
2023-06-21,3.442,9.24,0.635,2.5
2023-06-26,3.394,9.12,0.635,2.5
2023-06-27,3.419,9.1825,0.635,2.5
2023-06-28,3.43,9.21,0.635,2.5
2023-06-29,3.416,9.174999999999999,0.635,2.5
2023-06-30,3.435,9.2225,0.635,2.5
2023-07-03,3.479,9.3325,0.635,2.5
2023-07-04,3.483,9.3425,0.635,2.5
2023-07-05,3.462,9.290000000000001,0.635,2.5
2023-07-06,3.442,9.24,0.635,2.5
2023-07-07,3.438,9.23,0.635,2.5
2023-07-10,3.443,9.2425,0.635,2.5
2023-07-11,3.463,9.2925,0.635,2.5
2023-07-12,3.448,9.254999999999999,0.635,2.5
2023-07-13,3.503,9.3925,0.635,2.5
2023-07-14,3.509,9.407499999999999,0.635,2.5
2023-07-17,3.487,9.352500000000001,0.635,2.5
2023-07-18,3.477,9.327499999999999,0.635,2.5
2023-07-19,3.48,9.334999999999999,0.635,2.5
2023-07-20,3.459,9.2825,0.635,2.5
2023-07-21,3.466,9.3,0.635,2.5
2023-07-24,3.454,9.27,0.635,2.5
2023-07-25,3.554,9.52,0.635,2.5
2023-07-26,3.553,9.5175,0.635,2.5
2023-07-27,3.547,9.5025,0.635,2.5
2023-07-28,3.64,9.735,0.635,2.5
2023-07-31,3.651,9.7625,0.635,2.5
2023-08-01,3.637,9.7275,0.635,2.5
2023-08-02,3.607,9.6525,0.635,2.5
2023-08-03,3.642,9.74,0.635,2.5
2023-08-04,3.65,9.76,0.635,2.5
2023-08-07,3.634,9.719999999999999,0.635,2.5
2023-08-08,3.62,9.685,0.635,2.5
2023-08-09,3.611,9.6625,0.635,2.5
2023-08-10,3.617,9.6775,0.635,2.5
2023-08-11,3.535,9.4725,0.635,2.5
2023-08-14,3.51,9.409999999999998,0.635,2.5
2023-08-15,3.51,9.409999999999998,0.635,2.5
2023-08-16,3.487,9.352500000000001,0.635,2.5
2023-08-17,3.506,9.399999999999999,0.635,2.5
2023-08-18,3.466,9.3,0.635,2.5
2023-08-21,3.417,9.1775,0.635,2.5
2023-08-22,3.449,9.257499999999999,0.635,2.5
2023-08-23,3.396,9.125,0.635,2.5
2023-08-24,3.413,9.167499999999999,0.635,2.5
2023-08-25,3.41,9.16,0.635,2.5
2023-08-28,3.456,9.275,0.635,2.5
2023-08-29,3.476,9.325,0.635,2.5
2023-08-30,3.465,9.2975,0.635,2.5
2023-08-31,3.448,9.254999999999999,0.635,2.5
2023-09-01,3.467,9.3025,0.635,2.5
2023-09-04,3.527,9.4525,0.635,2.5
2023-09-05,3.503,9.3925,0.635,2.5
2023-09-06,3.503,9.3925,0.635,2.5
2023-09-07,3.461,9.2875,0.635,2.5
2023-09-08,3.45,9.26,0.635,2.5
2023-09-11,3.471,9.3125,0.635,2.5
2023-09-12,3.465,9.2975,0.635,2.5
2023-09-13,3.45,9.26,0.635,2.5
2023-09-14,3.456,9.275,0.635,2.5
2023-09-15,3.441,9.237499999999999,0.635,2.5
2023-09-18,3.451,9.2625,0.635,2.5
2023-09-19,3.453,9.2675,0.635,2.5
2023-09-20,3.44,9.235,0.635,2.5
2023-09-21,3.411,9.1625,0.635,2.5
2023-09-22,3.474,9.32,0.635,2.5
2023-09-25,3.455,9.272499999999999,0.635,2.5
2023-09-26,3.436,9.225,0.635,2.5
2023-09-27,3.446,9.25,0.635,2.5
2023-09-28,3.425,9.1975,0.635,2.5
2023-10-09,3.417,9.1775,0.635,2.5
2023-10-10,3.385,9.097499999999998,0.635,2.5
2023-10-11,3.395,9.1225,0.635,2.5
2023-10-12,3.429,9.2075,0.635,2.5
2023-10-13,3.398,9.13,0.635,2.5
2023-10-16,3.372,9.065,0.635,2.5
2023-10-17,3.382,9.09,0.635,2.5
2023-10-18,3.364,9.045,0.635,2.5
2023-10-19,3.292,8.865,0.635,2.5
2023-10-20,3.273,8.8175,0.635,2.5
2023-10-23,3.232,8.715,0.635,2.5
2023-10-24,3.248,8.755,0.635,2.5
2023-10-25,3.267,8.8025,0.635,2.5
2023-10-26,3.274,8.82,0.635,2.5
2023-10-27,3.309,8.9075,0.635,2.5
2023-10-30,3.306,8.9,0.635,2.5
2023-10-31,3.303,8.8925,0.635,2.5
2023-11-01,3.312,8.915,0.635,2.5
2023-11-02,3.3,8.885,0.635,2.5
2023-11-03,3.32,8.934999999999999,0.635,2.5
2023-11-06,3.35,9.01,0.635,2.5
2023-11-07,3.34,8.985,0.635,2.5
2023-11-08,3.327,8.952499999999999,0.635,2.5
2023-11-09,3.33,8.959999999999999,0.635,2.5
2023-11-10,3.305,8.8975,0.635,2.5
2023-11-13,3.303,8.8925,0.635,2.5
2023-11-14,3.307,8.9025,0.635,2.5
2023-11-15,3.324,8.944999999999999,0.635,2.5
2023-11-16,3.298,8.88,0.635,2.5
2023-11-17,3.292,8.865,0.635,2.5
2023-11-20,3.3,8.885,0.635,2.5
2023-11-21,3.309,8.9075,0.635,2.5
2023-11-22,3.278,8.83,0.635,2.5
2023-11-23,3.295,8.8725,0.635,2.5
2023-11-24,3.274,8.82,0.635,2.5
2023-11-27,3.251,8.7625,0.635,2.5
2023-11-28,3.251,8.7625,0.635,2.5
2023-11-29,3.231,8.7125,0.635,2.5
2023-11-30,3.24,8.735000000000001,0.635,2.5
2023-12-01,3.227,8.702499999999999,0.635,2.5
2023-12-04,3.209,8.6575,0.635,2.5
2023-12-05,3.151,8.5125,0.635,2.5
2023-12-06,3.144,8.495000000000001,0.635,2.5
2023-12-07,3.139,8.4825,0.635,2.5
2023-12-08,3.14,8.485000000000001,0.635,2.5
2023-12-11,3.16,8.535,0.635,2.5
2023-12-12,3.174,8.57,0.635,2.5
2023-12-13,3.121,8.4375,0.635,2.5
2023-12-14,3.108,8.405000000000001,0.635,2.5
2023-12-15,3.098,8.379999999999999,0.635,2.5
2023-12-18,3.092,8.365,0.635,2.5
2023-12-19,3.097,8.3775,0.635,2.5
2023-12-20,3.071,8.3125,0.635,2.5
2023-12-21,3.104,8.395,0.635,2.5
2023-12-22,3.112,8.415000000000001,0.635,2.5
2023-12-25,3.116,8.425,0.635,2.5
2023-12-26,3.101,8.3875,0.635,2.5
2023-12-27,3.115,8.422500000000001,0.635,2.5
2023-12-28,3.185,8.5975,0.635,2.5
2023-12-29,3.182,8.59,0.635,2.5
2024-01-02,3.15,8.51,0.635,2.5
2024-01-03,3.155,8.522499999999999,0.635,2.5
2024-01-04,3.132,8.465,0.635,2.5
2024-01-05,3.118,8.43,0.635,2.5
2024-01-08,3.075,8.3225,0.635,2.5
2024-01-09,3.083,8.342500000000001,0.635,2.5
2024-01-10,3.069,8.3075,0.635,2.5
2024-01-11,3.081,8.3375,0.635,2.5
2024-01-12,3.068,8.305,0.635,2.5
2024-01-15,3.066,8.299999999999999,0.635,2.5
2024-01-16,3.084,8.345,0.635,2.5
2024-01-17,3.026,8.2,0.635,2.5
2024-01-18,3.063,8.2925,0.635,2.5
2024-01-19,3.065,8.2975,0.635,2.5
2024-01-22,3.022,8.19,0.635,2.5
2024-01-23,3.03,8.209999999999999,0.635,2.5
2024-01-24,3.075,8.3225,0.635,2.5
2024-01-25,3.146,8.5,0.635,2.5
2024-01-26,3.15,8.51,0.635,2.5
2024-01-29,3.133,8.4675,0.635,2.5
2024-01-30,3.092,8.365,0.635,2.5
2024-01-31,3.046,8.25,0.635,2.5
2024-02-01,3.058,8.28,0.635,2.5
2024-02-02,3.027,8.2025,0.635,2.5
2024-02-05,3.038,8.23,0.635,2.5
2024-02-06,3.132,8.465,0.635,2.5
2024-02-07,3.165,8.5475,0.635,2.5
2024-02-08,3.179,8.5825,0.635,2.5
2024-02-19,3.211,8.6625,0.635,2.5
2024-02-20,3.217,8.6775,0.635,2.5
2024-02-21,3.271,8.8125,0.635,2.5
2024-02-22,3.295,8.8725,0.635,2.5
2024-02-23,3.3,8.885,0.635,2.5
2024-02-26,3.255,8.772499999999999,0.635,2.5
2024-02-27,3.288,8.854999999999999,0.635,2.5
2024-02-28,3.264,8.795,0.635,2.5
2024-02-29,3.302,8.89,0.635,2.5
2024-03-01,3.315,8.9225,0.635,2.5
2024-03-04,3.326,8.95,0.635,2.5
2024-03-05,3.351,9.0125,0.635,2.5
2024-03-06,3.333,8.9675,0.635,2.5
2024-03-07,3.319,8.9325,0.635,2.5
2024-03-08,3.331,8.9625,0.635,2.5
2024-03-11,3.36,9.035,0.635,2.5
2024-03-12,3.357,9.0275,0.635,2.5
2024-03-13,3.336,8.975,0.635,2.5
2024-03-14,3.322,8.94,0.635,2.5
2024-03-15,3.332,8.965,0.635,2.5
2024-03-18,3.356,9.025,0.635,2.5
2024-03-19,3.328,8.955,0.635,2.5
2024-03-20,3.332,8.965,0.635,2.5
2024-03-21,3.339,8.9825,0.635,2.5
2024-03-22,3.308,8.905,0.635,2.5
2024-03-25,3.302,8.89,0.635,2.5
2024-03-26,3.309,8.9075,0.635,2.5
2024-03-27,3.287,8.8525,0.635,2.5
2024-03-28,3.294,8.87,0.635,2.5
2024-03-29,3.306,8.9,0.635,2.5
2024-04-01,3.354,9.02,0.635,2.5
2024-04-02,3.34,8.985,0.635,2.5
2024-04-03,3.332,8.965,0.635,2.5
2024-04-08,3.311,8.9125,0.635,2.5
2024-04-09,3.301,8.887500000000001,0.635,2.5
2024-04-10,3.285,8.8475,0.635,2.5
2024-04-11,3.285,8.8475,0.635,2.5
2024-04-12,3.264,8.795,0.635,2.5
2024-04-15,3.328,8.955,0.635,2.5
2024-04-16,3.304,8.895,0.635,2.5
2024-04-17,3.347,9.0025,0.635,2.5
2024-04-18,3.351,9.0125,0.635,2.5
2024-04-19,3.332,8.965,0.635,2.5
2024-04-22,3.321,8.9375,0.635,2.5
2024-04-23,3.299,8.8825,0.635,2.5
2024-04-24,3.314,8.92,0.635,2.5
2024-04-25,3.324,8.944999999999999,0.635,2.5
2024-04-26,3.369,9.057500000000001,0.635,2.5
2024-04-29,3.393,9.1175,0.635,2.5
2024-04-30,3.378,9.08,0.635,2.5
2024-05-06,3.419,9.1825,0.635,2.5
2024-05-07,3.422,9.19,0.635,2.5
2024-05-08,3.398,9.13,0.635,2.5
2024-05-09,3.426,9.200000000000001,0.635,2.5
2024-05-10,3.437,9.2275,0.635,2.5
2024-05-13,3.439,9.2325,0.635,2.5
2024-05-14,3.43,9.21,0.635,2.5
2024-05-15,3.399,9.1325,0.635,2.5
2024-05-16,3.409,9.157499999999999,0.635,2.5
2024-05-17,3.443,9.2425,0.635,2.5
2024-05-20,3.464,9.295,0.635,2.5
2024-05-21,3.449,9.257499999999999,0.635,2.5
2024-05-22,3.457,9.2775,0.635,2.5
2024-05-23,3.416,9.174999999999999,0.635,2.5
2024-05-24,3.382,9.09,0.635,2.5
2024-05-27,3.419,9.1825,0.635,2.5
2024-05-28,3.402,9.14,0.635,2.5
2024-05-29,3.407,9.1525,0.635,2.5
2024-05-30,3.384,9.094999999999999,0.635,2.5
2024-05-31,3.375,9.0725,0.635,2.5
2024-06-03,3.373,9.0675,0.635,2.5
2024-06-04,3.398,9.13,0.635,2.5
2024-06-05,3.376,9.075,0.635,2.5
2024-06-06,3.379,9.0825,0.635,2.5
2024-06-07,3.372,9.065,0.635,2.5
2024-06-11,3.341,8.9875,0.635,2.5
2024-06-12,3.34,8.985,0.635,2.5
2024-06-13,3.325,8.9475,0.635,2.5
2024-06-14,3.34,8.985,0.635,2.5
2024-06-17,3.32,8.934999999999999,0.635,2.5
2024-06-18,3.33,8.959999999999999,0.635,2.5
2024-06-19,3.33,8.959999999999999,0.635,2.5
2024-06-20,3.318,8.93,0.635,2.5
2024-06-21,3.314,8.92,0.635,2.5
2024-06-24,3.3,8.885,0.635,2.5
2024-06-25,3.285,8.8475,0.635,2.5
2024-06-26,3.302,8.89,0.635,2.5
2024-06-27,3.282,8.84,0.635,2.5
2024-06-28,3.302,8.89,0.635,2.5
2024-07-01,3.322,8.94,0.635,2.5
2024-07-02,3.329,8.9575,0.635,2.5
2024-07-03,3.319,8.9325,0.635,2.5
2024-07-04,3.307,8.9025,0.635,2.5
2024-07-05,3.289,8.8575,0.635,2.5
2024-07-08,3.275,8.8225,0.635,2.5
2024-07-09,3.31,8.91,0.635,2.5
2024-07-10,3.304,8.895,0.635,2.5
2024-07-11,3.342,8.99,0.635,2.5
2024-07-12,3.351,9.0125,0.635,2.5
2024-07-15,3.359,9.0325,0.635,2.5
2024-07-16,3.378,9.08,0.635,2.5
2024-07-17,3.387,9.1025,0.635,2.5
2024-07-18,3.403,9.1425,0.635,2.5
2024-07-19,3.421,9.1875,0.635,2.5
2024-07-22,3.397,9.1275,0.635,2.5
2024-07-23,3.339,8.9825,0.635,2.5
2024-07-24,3.326,8.95,0.635,2.5
2024-07-25,3.303,8.8925,0.635,2.5
2024-07-26,3.304,8.895,0.635,2.5
2024-07-29,3.299,8.8825,0.635,2.5
2024-07-30,3.28,8.834999999999999,0.635,2.5
2024-07-31,3.345,8.9975,0.635,2.5
2024-08-01,3.325,8.9475,0.635,2.5
2024-08-02,3.299,8.8825,0.635,2.5
2024-08-05,3.257,8.7775,0.635,2.5
2024-08-06,3.25,8.76,0.635,2.5
2024-08-07,3.252,8.764999999999999,0.635,2.5
2024-08-08,3.259,8.782499999999999,0.635,2.5
2024-08-09,3.25,8.76,0.635,2.5
2024-08-12,3.249,8.7575,0.635,2.5
2024-08-13,3.252,8.764999999999999,0.635,2.5
2024-08-14,3.234,8.72,0.635,2.5
2024-08-15,3.273,8.8175,0.635,2.5
2024-08-16,3.279,8.8325,0.635,2.5
2024-08-19,3.293,8.8675,0.635,2.5
2024-08-20,3.271,8.8125,0.635,2.5
2024-08-21,3.261,8.7875,0.635,2.5
2024-08-22,3.258,8.78,0.635,2.5
2024-08-23,3.275,8.8225,0.635,2.5
2024-08-26,3.271,8.8125,0.635,2.5
2024-08-27,3.263,8.792499999999999,0.635,2.5
2024-08-28,3.242,8.74,0.635,2.5
2024-08-29,3.227,8.702499999999999,0.635,2.5
2024-08-30,3.259,8.782499999999999,0.635,2.5
2024-09-02,3.192,8.615,0.635,2.5
2024-09-03,3.19,8.61,0.635,2.5
2024-09-04,3.163,8.5425,0.635,2.5
2024-09-05,3.169,8.557500000000001,0.635,2.5
2024-09-06,3.152,8.515,0.635,2.5
2024-09-09,3.115,8.422500000000001,0.635,2.5
2024-09-10,3.114,8.42,0.635,2.5
2024-09-11,3.099,8.3825,0.635,2.5
2024-09-12,3.091,8.3625,0.635,2.5
2024-09-13,3.084,8.345,0.635,2.5
2024-09-18,3.095,8.3725,0.635,2.5
2024-09-19,3.117,8.4275,0.635,2.5
2024-09-20,3.126,8.45,0.635,2.5
2024-09-23,3.132,8.465,0.635,2.5
2024-09-24,3.27,8.81,0.635,2.5
2024-09-25,3.315,8.9225,0.635,2.5
2024-09-26,3.467,9.3025,0.635,2.5
2024-09-27,3.599,9.6325,0.635,2.5
2024-09-30,3.85,10.26,0.635,2.5
2024-10-08,4.04,10.735,0.635,2.5
2024-10-09,3.736,9.975,0.635,2.5
2024-10-10,3.828,10.205,0.635,2.5
2024-10-11,3.743,9.9925,0.635,2.5
2024-10-14,3.807,10.1525,0.635,2.5
2024-10-15,3.708,9.905,0.635,2.5
2024-10-16,3.699,9.882499999999999,0.635,2.5
2024-10-17,3.659,9.782499999999999,0.635,2.5
2024-10-18,3.779,10.0825,0.635,2.5
2024-10-21,3.78,10.084999999999999,0.635,2.5
2024-10-22,3.797,10.1275,0.635,2.5
2024-10-23,3.815,10.1725,0.635,2.5
2024-10-24,3.779,10.0825,0.635,2.5
2024-10-25,3.789,10.1075,0.635,2.5
2024-10-28,3.798,10.13,0.635,2.5
2024-10-29,3.777,10.0775,0.635,2.5
2024-10-30,3.739,9.9825,0.635,2.5
2024-10-31,3.74,9.985000000000001,0.635,2.5
2024-11-01,3.756,10.024999999999999,0.635,2.5
2024-11-04,3.798,10.13,0.635,2.5
2024-11-05,3.883,10.3425,0.635,2.5
2024-11-06,3.877,10.327499999999999,0.635,2.5
2024-11-07,3.993,10.6175,0.635,2.5
2024-11-08,3.953,10.5175,0.635,2.5
2024-11-11,3.95,10.51,0.635,2.5
2024-11-12,3.887,10.3525,0.635,2.5
2024-11-13,3.911,10.4125,0.635,2.5
2024-11-14,3.857,10.2775,0.635,2.5
2024-11-15,3.658,9.93,0.785,2.5
2024-11-18,3.664,9.945,0.785,2.5
2024-11-19,3.667,9.9525,0.785,2.5
2024-11-20,3.675,9.9725,0.785,2.5
2024-11-21,3.68,9.985000000000001,0.785,2.5
2024-11-22,3.577,9.7275,0.785,2.5
2024-11-25,3.551,9.662500000000001,0.785,2.5
2024-11-26,3.55,9.66,0.785,2.5
2024-11-27,3.598,9.78,0.785,2.5
2024-11-28,3.583,9.7425,0.785,2.5
2024-11-29,3.616,9.825000000000001,0.785,2.5
2024-12-02,3.639,9.8825,0.785,2.5
2024-12-03,3.651,9.9125,0.785,2.5
2024-12-04,3.637,9.8775,0.785,2.5
2024-12-05,3.629,9.8575,0.785,2.5
2024-12-06,3.67,9.96,0.785,2.5
2024-12-09,3.666,9.95,0.785,2.5
2024-12-10,3.697,10.0275,0.785,2.5
2024-12-11,3.684,9.995000000000001,0.785,2.5
2024-12-12,3.718,10.08,0.785,2.5
2024-12-13,3.632,9.865,0.785,2.5
2024-12-16,3.621,9.8375,0.785,2.5
2024-12-17,3.631,9.862499999999999,0.785,2.5
2024-12-18,3.657,9.9275,0.785,2.5
2024-12-19,3.655,9.9225,0.785,2.5
2024-12-20,3.641,9.8875,0.785,2.5
2024-12-23,3.648,9.905000000000001,0.785,2.5
2024-12-24,3.693,10.0175,0.785,2.5
2024-12-25,3.701,10.0375,0.785,2.5
2024-12-26,3.697,10.0275,0.785,2.5
2024-12-27,3.695,10.022499999999999,0.785,2.5
2024-12-30,3.712,10.065000000000001,0.785,2.5
2024-12-31,3.655,9.9225,0.785,2.5
2025-01-02,3.55,9.66,0.785,2.5
2025-01-03,3.514,9.57,0.785,2.5
2025-01-06,3.502,9.54,0.785,2.5
2025-01-07,3.528,9.605,0.785,2.5
2025-01-08,3.526,9.6,0.785,2.5
2025-01-09,3.515,9.5725,0.785,2.5
2025-01-10,3.481,9.4875,0.785,2.5
2025-01-13,3.47,9.46,0.785,2.5
2025-01-14,3.547,9.6525,0.785,2.5
2025-01-15,3.533,9.6175,0.785,2.5
2025-01-16,3.53,9.61,0.785,2.5
2025-01-17,3.48,9.54,0.84,2.5
2025-01-20,3.488,9.56,0.84,2.5
2025-01-21,3.484,9.55,0.84,2.5
2025-01-22,3.452,9.469999999999999,0.84,2.5
2025-01-23,3.466,9.505,0.84,2.5
2025-01-24,3.494,9.575000000000001,0.84,2.5
2025-01-27,3.485,9.5525,0.84,2.5
2025-02-05,3.474,9.525,0.84,2.5
2025-02-06,3.51,9.614999999999998,0.84,2.5
2025-02-07,3.555,9.727500000000001,0.84,2.5
2025-02-10,3.569,9.7625,0.84,2.5
2025-02-11,3.558,9.735,0.84,2.5
2025-02-12,3.579,9.7875,0.84,2.5
2025-02-13,3.571,9.7675,0.84,2.5
2025-02-14,3.596,9.83,0.84,2.5
2025-02-17,3.599,9.8375,0.84,2.5
2025-02-18,3.569,9.7625,0.84,2.5
2025-02-19,3.587,9.807500000000001,0.84,2.5
2025-02-20,3.57,9.764999999999999,0.84,2.5
2025-02-21,3.619,9.887500000000001,0.84,2.5
2025-02-24,3.612,9.870000000000001,0.84,2.5
2025-02-25,3.576,9.78,0.84,2.5
2025-02-26,3.609,9.8625,0.84,2.5
2025-02-27,3.614,9.875,0.84,2.5
2025-02-28,3.554,9.725,0.84,2.5
2025-03-03,3.545,9.7025,0.84,2.5
2025-03-04,3.545,9.7025,0.84,2.5
2025-03-05,3.56,9.74,0.84,2.5
2025-03-06,3.616,9.88,0.84,2.5
2025-03-07,3.61,9.865,0.84,2.5
2025-03-10,3.601,9.8425,0.84,2.5
2025-03-11,3.607,9.8575,0.84,2.5
2025-03-12,3.594,9.825,0.84,2.5
2025-03-13,3.578,9.785,0.84,2.5
2025-03-14,3.656,9.98,0.84,2.5
2025-03-17,3.65,9.965,0.84,2.5
2025-03-18,3.659,9.987499999999999,0.84,2.5
2025-03-19,3.652,9.97,0.84,2.5
2025-03-20,3.624,9.9,0.84,2.5
2025-03-21,3.57,9.764999999999999,0.84,2.5
2025-03-24,3.592,9.82,0.84,2.5
2025-03-25,3.592,9.82,0.84,2.5
2025-03-26,3.581,9.7925,0.84,2.5
2025-03-27,3.592,9.82,0.84,2.5
2025-03-28,3.576,9.78,0.84,2.5
2025-03-31,3.547,9.7075,0.84,2.5
2025-04-01,3.556,9.73,0.84,2.5
2025-04-02,3.552,9.72,0.84,2.5
2025-04-03,3.537,9.6825,0.84,2.5
2025-04-07,3.311,9.1175,0.84,2.5
2025-04-08,3.368,9.26,0.84,2.5
2025-04-09,3.421,9.3925,0.84,2.5
2025-04-10,3.463,9.4975,0.84,2.5
2025-04-11,3.472,9.52,0.84,2.5
2025-04-14,3.488,9.56,0.84,2.5
2025-04-15,3.479,9.5375,0.84,2.5
2025-04-16,3.503,9.5975,0.84,2.5
2025-04-17,3.45,9.518,0.893,2.5
2025-04-18,3.461,9.5455,0.893,2.5
2025-04-21,3.462,9.548000000000002,0.893,2.5
2025-04-22,3.465,9.5555,0.893,2.5
2025-04-23,3.458,9.538,0.893,2.5
2025-04-24,3.456,9.533000000000001,0.893,2.5
2025-04-25,3.451,9.5205,0.893,2.5
2025-04-28,3.452,9.523,0.893,2.5
2025-04-29,3.447,9.5105,0.893,2.5
2025-04-30,3.445,9.5055,0.893,2.5
2025-05-06,3.48,9.593,0.893,2.5
2025-05-07,3.502,9.648,0.893,2.5
2025-05-08,3.51,9.668,0.893,2.5
2025-05-09,3.507,9.6605,0.893,2.5
2025-05-12,3.533,9.7255,0.893,2.5
2025-05-13,3.539,9.7405,0.893,2.5
2025-05-14,3.577,9.8355,0.893,2.5
2025-05-15,3.553,9.775500000000001,0.893,2.5
2025-05-16,3.534,9.728,0.893,2.5
2025-05-19,3.528,9.713000000000001,0.893,2.5
2025-05-20,3.542,9.748000000000001,0.893,2.5
2025-05-21,3.556,9.783000000000001,0.893,2.5
2025-05-22,3.552,9.773000000000001,0.893,2.5
2025-05-23,3.533,9.7255,0.893,2.5
2025-05-26,3.515,9.6805,0.893,2.5
2025-05-27,3.506,9.658,0.893,2.5
2025-05-28,3.494,9.628000000000002,0.893,2.5
2025-05-29,3.514,9.678,0.893,2.5
2025-05-30,3.506,9.658,0.893,2.5
2025-06-03,3.51,9.668,0.893,2.5
2025-06-04,3.519,9.6905,0.893,2.5
2025-06-05,3.527,9.710500000000001,0.893,2.5
2025-06-06,3.532,9.723,0.893,2.5
2025-06-09,3.538,9.738,0.893,2.5
2025-06-10,3.52,9.693000000000001,0.893,2.5
2025-06-11,3.547,9.7605,0.893,2.5
2025-06-12,3.55,9.768,0.893,2.5
2025-06-13,3.531,9.720500000000001,0.893,2.5
2025-06-16,3.542,9.748000000000001,0.893,2.5
2025-06-17,3.534,9.728,0.893,2.5
2025-06-18,3.535,9.730500000000001,0.893,2.5
2025-06-19,3.508,9.663,0.893,2.5
2025-06-20,3.516,9.683,0.893,2.5
2025-06-23,3.527,9.710500000000001,0.893,2.5
2025-06-24,3.561,9.7955,0.893,2.5
2025-06-25,3.606,9.908000000000001,0.893,2.5
2025-06-26,3.603,9.900500000000001,0.893,2.5
2025-06-27,3.575,9.8305,0.893,2.5
2025-06-30,3.604,9.903,0.893,2.5
2025-07-01,3.604,9.903,0.893,2.5
2025-07-02,3.606,9.908000000000001,0.893,2.5
2025-07-03,3.618,9.938,0.893,2.5
2025-07-04,3.628,9.963000000000001,0.893,2.5
2025-07-07,3.626,9.958,0.893,2.5
2025-07-08,3.653,10.025500000000001,0.893,2.5
2025-07-09,3.645,10.005500000000001,0.893,2.5
2025-07-10,3.661,10.0455,0.893,2.5
2025-07-11,3.672,10.073,0.893,2.5
2025-07-14,3.677,10.085500000000001,0.893,2.5
2025-07-15,3.611,9.974499999999999,0.947,2.5
2025-07-16,3.609,9.9695,0.947,2.5
2025-07-17,3.629,10.019499999999999,0.947,2.5
2025-07-18,3.66,10.097,0.947,2.5
2025-07-21,3.692,10.177,0.947,2.5
2025-07-22,3.725,10.2595,0.947,2.5
2025-07-23,3.721,10.2495,0.947,2.5
2025-07-24,3.755,10.334499999999998,0.947,2.5
2025-07-25,3.739,10.2945,0.947,2.5
2025-07-28,3.75,10.322,0.947,2.5
2025-07-29,3.768,10.366999999999999,0.947,2.5
2025-07-30,3.779,10.394499999999999,0.947,2.5
2025-07-31,3.718,10.241999999999999,0.947,2.5
2025-08-01,3.687,10.164499999999999,0.947,2.5
2025-08-04,3.701,10.199499999999999,0.947,2.5
2025-08-05,3.73,10.271999999999998,0.947,2.5
2025-08-06,3.736,10.286999999999999,0.947,2.5
2025-08-07,3.744,10.307,0.947,2.5
2025-08-08,3.74,10.297,0.947,2.5
2025-08-11,3.744,10.307,0.947,2.5
2025-08-12,3.756,10.336999999999998,0.947,2.5
2025-08-13,3.783,10.404499999999999,0.947,2.5
2025-08-14,3.781,10.3995,0.947,2.5
2025-08-15,3.809,10.4695,0.947,2.5
2025-08-18,3.824,10.506999999999998,0.947,2.5
2025-08-19,3.794,10.431999999999999,0.947,2.5
2025-08-20,3.846,10.562,0.947,2.5
2025-08-21,3.868,10.616999999999999,0.947,2.5
2025-08-22,3.955,10.834499999999998,0.947,2.5
2025-08-25,4.062,11.102,0.947,2.5
2025-08-26,4.034,11.031999999999998,0.947,2.5
2025-08-27,3.955,10.834499999999998,0.947,2.5
2025-08-28,4.034,11.031999999999998,0.947,2.5
2025-08-29,4.07,11.122,0.947,2.5
2025-09-01,4.094,11.182,0.947,2.5
2025-09-02,4.084,11.156999999999998,0.947,2.5
2025-09-03,4.038,11.042,0.947,2.5
2025-09-04,3.95,10.822,0.947,2.5
2025-09-05,4.022,11.001999999999999,0.947,2.5
2025-09-08,4.026,11.011999999999999,0.947,2.5
2025-09-09,4.008,10.966999999999999,0.947,2.5
2025-09-10,4.016,10.986999999999998,0.947,2.5
2025-09-11,4.091,11.1745,0.947,2.5
2025-09-12,4.08,11.146999999999998,0.947,2.5
2025-09-15,4.08,11.146999999999998,0.947,2.5
2025-09-16,4.071,11.124499999999998,0.947,2.5
2025-09-17,4.091,11.1745,0.947,2.5
2025-09-18,4.059,11.0945,0.947,2.5
2025-09-19,4.051,11.0745,0.947,2.5
2025-09-22,4.075,11.1345,0.947,2.5
2025-09-23,4.06,11.096999999999998,0.947,2.5
2025-09-24,4.086,11.161999999999999,0.947,2.5
2025-09-25,4.11,11.222,0.947,2.5
2025-09-26,4.087,11.164499999999999,0.947,2.5
2025-09-29,4.136,11.286999999999999,0.947,2.5
2025-09-30,4.182,11.402000000000001,0.947,2.5
2025-10-09,4.263,11.604499999999998,0.947,2.5
2025-10-10,4.181,11.3995,0.947,2.5
2025-10-13,4.175,11.3845,0.947,2.5
2025-10-14,4.134,11.282,0.947,2.5
2025-10-15,4.175,11.3845,0.947,2.5
2025-10-16,4.192,11.427,0.947,2.5
2025-10-17,4.104,11.206999999999999,0.947,2.5
2025-10-20,4.109,11.2195,0.947,2.5
2025-10-21,4.162,11.351999999999999,0.947,2.5
2025-10-22,4.146,11.312,0.947,2.5
2025-10-23,4.096,11.25,1.01,2.5
2025-10-24,4.137,11.3525,1.01,2.5
2025-10-27,4.194,11.495,1.01,2.5
2025-10-28,4.166,11.425,1.01,2.5
2025-10-29,4.215,11.5475,1.01,2.5
2025-10-30,4.181,11.4625,1.01,2.5
2025-10-31,4.127,11.327499999999999,1.01,2.5
2025-11-03,4.128,11.33,1.01,2.5
2025-11-04,4.108,11.28,1.01,2.5
2025-11-05,4.101,11.2625,1.01,2.5
2025-11-06,4.164,11.42,1.01,2.5
2025-11-07,4.156,11.399999999999999,1.01,2.5
2025-11-10,4.168,11.43,1.01,2.5
2025-11-11,4.134,11.345,1.01,2.5
2025-11-12,4.127,11.327499999999999,1.01,2.5
2025-11-13,4.172,11.44,1.01,2.5
2025-11-14,4.105,11.2725,1.01,2.5
2025-11-17,4.076,11.2,1.01,2.5
2025-11-18,4.059,11.1575,1.01,2.5
2025-11-19,4.07,11.185,1.01,2.5
2025-11-20,4.05,11.135,1.01,2.5
2025-11-21,3.957,10.9025,1.01,2.5
2025-11-24,3.95,10.885,1.01,2.5
2025-11-25,3.977,10.952499999999999,1.01,2.5
2025-11-26,3.99,10.985000000000001,1.01,2.5
2025-11-27,3.984,10.97,1.01,2.5
2025-11-28,3.996,11.0,1.01,2.5
2025-12-01,4.037,11.1025,1.01,2.5
2025-12-02,4.014,11.045,1.01,2.5
2025-12-03,4.003,11.0175,1.01,2.5
2025-12-04,4.012,11.04,1.01,2.5
2025-12-05,4.043,11.1175,1.01,2.5
2025-12-08,4.06,11.159999999999998,1.01,2.5
2025-12-09,4.04,11.11,1.01,2.5
2025-12-10,4.031,11.087499999999999,1.01,2.5
2025-12-11,4.006,11.025,1.01,2.5
2025-12-12,4.035,11.0975,1.01,2.5
2025-12-15,4.015,11.0475,1.01,2.5
2025-12-16,3.967,10.9275,1.01,2.5
2025-12-17,4.017,11.0525,1.01,2.5
2025-12-18,4.011,11.0375,1.01,2.5
2025-12-19,4.029,11.0825,1.01,2.5
2025-12-22,4.063,11.167499999999999,1.01,2.5
2025-12-23,4.063,11.167499999999999,1.01,2.5
2025-12-24,4.077,11.202499999999999,1.01,2.5
2025-12-25,4.088,11.23,1.01,2.5
2025-12-26,4.106,11.275,1.01,2.5
2025-12-29,4.093,11.2425,1.01,2.5
2025-12-30,4.093,11.2425,1.01,2.5
2025-12-31,4.087,11.2275,1.01,2.5
2026-01-05,4.165,11.4225,1.01,2.5
2026-01-06,4.243,11.617500000000001,1.01,2.5
2026-01-07,4.245,11.6225,1.01,2.5
2026-01-08,4.226,11.575,1.01,2.5
2026-01-09,4.248,11.63,1.01,2.5
2026-01-12,4.273,11.692499999999999,1.01,2.5
2026-01-13,4.263,11.667499999999999,1.01,2.5
2026-01-14,4.238,11.605,1.01,2.5
2026-01-15,4.222,11.565000000000001,1.01,2.5
2026-01-16,4.166,11.466000000000001,1.051,2.5
2026-01-19,4.185,11.513499999999999,1.051,2.5
2026-01-20,4.199,11.548499999999999,1.051,2.5
2026-01-21,4.199,11.548499999999999,1.051,2.5
2026-01-22,4.196,11.540999999999999,1.051,2.5
2026-01-23,4.176,11.491000000000001,1.051,2.5
2026-01-26,4.197,11.5435,1.051,2.5
2026-01-27,4.199,11.548499999999999,1.051,2.5
2026-01-28,4.22,11.600999999999999,1.051,2.5
2026-01-29,4.264,11.711,1.051,2.5
2026-01-30,4.183,11.5085,1.051,2.5
2026-02-02,4.065,11.213500000000002,1.051,2.5
2026-02-03,4.12,11.351,1.051,2.5
2026-02-04,4.164,11.461,1.051,2.5
2026-02-05,4.137,11.3935,1.051,2.5
2026-02-06,4.123,11.358500000000001,1.051,2.5
2026-02-09,4.179,11.498500000000002,1.051,2.5
2026-02-10,4.193,11.533499999999998,1.051,2.5
2026-02-11,4.2,11.551,1.051,2.5
2026-02-12,4.208,11.571,1.051,2.5
2026-02-13,4.162,11.456,1.051,2.5
2026-02-24,4.189,11.5235,1.051,2.5
2026-02-25,4.216,11.591000000000001,1.051,2.5
2026-02-26,4.199,11.548499999999999,1.051,2.5
2026-02-27,4.212,11.581,1.051,2.5
2026-03-02,4.229,11.6235,1.051,2.5
2026-03-03,4.16,11.451,1.051,2.5
2026-03-04,4.112,11.331000000000001,1.051,2.5
2026-03-05,4.147,11.4185,1.051,2.5
2026-03-06,4.152,11.431000000000001,1.051,2.5
2026-03-09,4.109,11.323500000000001,1.051,2.5
2026-03-10,4.146,11.416,1.051,2.5
2026-03-11,4.16,11.451,1.051,2.5
2026-03-12,4.146,11.416,1.051,2.5
2026-03-13,4.122,11.356,1.051,2.5
2026-03-16,4.103,11.3085,1.051,2.5
2026-03-17,4.078,11.246,1.051,2.5
2026-03-18,4.082,11.256,1.051,2.5
2026-03-19,4.008,11.071,1.051,2.5
2026-03-20,3.96,10.951,1.051,2.5
2026-03-23,3.828,10.621,1.051,2.5
2026-03-24,3.887,10.7685,1.051,2.5
2026-03-25,3.94,10.901,1.051,2.5
2026-03-26,3.889,10.7735,1.051,2.5
2026-03-27,3.905,10.8135,1.051,2.5
2026-03-30,3.899,10.7985,1.051,2.5
2026-03-31,3.88,10.751,1.051,2.5
2026-04-01,3.944,10.911,1.051,2.5
2026-04-02,3.909,10.8235,1.051,2.5
2026-04-03,3.875,10.7385,1.051,2.5
2026-04-07,3.873,10.733500000000001,1.051,2.5
2026-04-08,3.989,11.0235,1.051,2.5
2026-04-09,3.959,10.948500000000001,1.051,2.5
2026-04-10,3.993,11.0335,1.051,2.5
2026-04-13,3.983,11.0085,1.051,2.5
2026-04-14,4.024,11.111,1.051,2.5
2026-04-15,4.024,11.111,1.051,2.5
2026-04-16,4.025,11.1325,1.07,2.5
2026-04-17,3.997,11.0625,1.07,2.5
2026-04-20,4.025,11.1325,1.07,2.5
2026-04-21,4.032,11.15,1.07,2.5
2026-04-22,4.043,11.1775,1.07,2.5
2026-04-23,4.043,11.1775,1.07,2.5
2026-04-24,4.036,11.16,1.07,2.5
2026-04-27,4.046,11.185,1.07,2.5
2026-04-28,4.053,11.2025,1.07,2.5
2026-04-29,4.08,11.27,1.07,2.5
2026-04-30,4.087,11.2875,1.07,2.5
2026-05-06,4.158,11.465000000000002,1.07,2.5
2026-05-07,4.169,11.4925,1.07,2.5
2026-05-08,4.148,11.44,1.07,2.5
2026-05-11,4.217,11.612499999999999,1.07,2.5
2026-05-12,4.206,11.585,1.07,2.5
2026-05-13,4.239,11.6675,1.07,2.5
2026-05-14,4.158,11.465000000000002,1.07,2.5
2026-05-15,4.101,11.3225,1.07,2.5
2026-05-18,4.09,11.295,1.07,2.5
2026-05-19,4.125,11.3825,1.07,2.5
2026-05-20,4.133,11.4025,1.07,2.5
2026-05-21,4.075,11.2575,1.07,2.5
2026-05-22,4.099,11.3175,1.07,2.5
2026-05-25,4.153,11.452499999999999,1.07,2.5
2026-05-26,4.177,11.5125,1.07,2.5
2026-05-27,4.117,11.3625,1.07,2.5
2026-05-28,4.086,11.285,1.07,2.5
2026-05-29,4.086,11.285,1.07,2.5
2026-06-01,4.052,11.2,1.07,2.5
2026-06-02,4.079,11.2675,1.07,2.5
2026-06-03,4.091,11.297500000000001,1.07,2.5
2026-06-04,4.059,11.217500000000001,1.07,2.5
2026-06-05,4.006,11.085,1.07,2.5
2026-06-08,3.924,10.88,1.07,2.5
2026-06-09,3.971,10.9975,1.07,2.5
2026-06-10,3.966,10.985000000000001,1.07,2.5
2026-06-11,3.958,10.965,1.07,2.5
2026-06-12,4.009,11.092500000000001,1.07,2.5
2026-06-15,4.081,11.2725,1.07,2.5
2026-06-16,4.056,11.21,1.07,2.5
2026-06-17,4.093,11.3025,1.07,2.5
2026-06-18,4.097,11.312500000000002,1.07,2.5
2026-06-22,4.196,11.559999999999999,1.07,2.5
2026-06-23,4.087,11.2875,1.07,2.5
2026-06-24,4.117,11.3625,1.07,2.5
2026-06-25,4.165,11.4825,1.07,2.5
2026-06-26,4.076,11.26,1.07,2.5
2026-06-29,4.154,11.455,1.07,2.5
2026-06-30,4.159,11.4675,1.07,2.5
2026-07-01,4.156,11.459999999999999,1.07,2.5
2026-07-02,4.063,11.2275,1.07,2.5
2026-07-03,4.092,11.299999999999999,1.07,2.5
2026-07-06,4.11,11.345,1.07,2.5
2026-07-07,4.057,11.212500000000002,1.07,2.5
2026-07-08,4.03,11.145000000000001,1.07,2.5
2026-07-09,4.115,11.357500000000002,1.07,2.5
2026-07-10,4.093,11.3025,1.07,2.5
2026-07-13,3.999,11.0675,1.07,2.5
2026-07-14,4.054,11.205000000000002,1.07,2.5
2026-07-15,4.025,11.163499999999999,1.101,2.5
2026-07-16,3.944,10.960999999999999,1.101,2.5
2026-07-17,3.842,10.706,1.101,2.5
