date,close,total_return_proxy,cumulative_dividend,split_factor
2011-03-25,2.965,2.965,0.0,1.0
2011-03-28,2.965,2.965,0.0,1.0
2011-03-29,2.936,2.936,0.0,1.0
2011-03-30,2.94,2.94,0.0,1.0
2011-03-31,2.918,2.918,0.0,1.0
2011-04-01,2.955,2.955,0.0,1.0
2011-04-06,2.987,2.987,0.0,1.0
2011-04-07,2.987,2.987,0.0,1.0
2011-04-08,3.016,3.016,0.0,1.0
2011-04-11,3.005,3.005,0.0,1.0
2011-04-12,3.004,3.004,0.0,1.0
2011-04-13,3.035,3.035,0.0,1.0
2011-04-14,3.029,3.029,0.0,1.0
2011-04-15,3.035,3.035,0.0,1.0
2011-04-18,3.04,3.04,0.0,1.0
2011-04-19,2.983,2.983,0.0,1.0
2011-04-20,3.0,3.0,0.0,1.0
2011-04-21,3.012,3.012,0.0,1.0
2011-04-22,3.001,3.001,0.0,1.0
2011-04-25,2.963,2.963,0.0,1.0
2011-04-26,2.934,2.934,0.0,1.0
2011-04-27,2.928,2.928,0.0,1.0
2011-04-28,2.891,2.891,0.0,1.0
2011-04-29,2.905,2.905,0.0,1.0
2011-05-03,2.929,2.929,0.0,1.0
2011-05-04,2.855,2.855,0.0,1.0
2011-05-05,2.863,2.863,0.0,1.0
2011-05-06,2.855,2.855,0.0,1.0
2011-05-09,2.859,2.859,0.0,1.0
2011-05-10,2.867,2.867,0.0,1.0
2011-05-11,2.868,2.868,0.0,1.0
2011-05-12,2.84,2.84,0.0,1.0
2011-05-13,2.86,2.86,0.0,1.0
2011-05-16,2.845,2.845,0.0,1.0
2011-05-17,2.845,2.845,0.0,1.0
2011-05-18,2.865,2.865,0.0,1.0
2011-05-19,2.853,2.853,0.0,1.0
2011-05-20,2.855,2.855,0.0,1.0
2011-05-23,2.773,2.773,0.0,1.0
2011-05-24,2.771,2.771,0.0,1.0
2011-05-25,2.741,2.741,0.0,1.0
2011-05-26,2.739,2.739,0.0,1.0
2011-05-27,2.714,2.714,0.0,1.0
2011-05-30,2.707,2.707,0.0,1.0
2011-05-31,2.74,2.74,0.0,1.0
2011-06-01,2.74,2.74,0.0,1.0
2011-06-02,2.705,2.705,0.0,1.0
2011-06-03,2.72,2.72,0.0,1.0
2011-06-07,2.74,2.74,0.0,1.0
2011-06-08,2.752,2.752,0.0,1.0
2011-06-09,2.709,2.709,0.0,1.0
2011-06-10,2.713,2.713,0.0,1.0
2011-06-13,2.682,2.682,0.0,1.0
2011-06-14,2.734,2.734,0.0,1.0
2011-06-15,2.718,2.718,0.0,1.0
2011-06-16,2.673,2.673,0.0,1.0
2011-06-17,2.651,2.651,0.0,1.0
2011-06-20,2.635,2.635,0.0,1.0
2011-06-21,2.657,2.657,0.0,1.0
2011-06-22,2.661,2.661,0.0,1.0
2011-06-23,2.702,2.702,0.0,1.0
2011-06-24,2.758,2.758,0.0,1.0
2011-06-27,2.761,2.761,0.0,1.0
2011-06-28,2.768,2.768,0.0,1.0
2011-06-29,2.74,2.74,0.0,1.0
2011-06-30,2.767,2.767,0.0,1.0
2011-07-01,2.773,2.773,0.0,1.0
2011-07-04,2.825,2.825,0.0,1.0
2011-07-05,2.823,2.823,0.0,1.0
2011-07-06,2.826,2.826,0.0,1.0
2011-07-07,2.826,2.826,0.0,1.0
2011-07-08,2.814,2.814,0.0,1.0
2011-07-11,2.814,2.814,0.0,1.0
2011-07-12,2.768,2.768,0.0,1.0
2011-07-13,2.812,2.812,0.0,1.0
2011-07-14,2.833,2.833,0.0,1.0
2011-07-15,2.83,2.83,0.0,1.0
2011-07-18,2.84,2.84,0.0,1.0
2011-07-19,2.808,2.808,0.0,1.0
2011-07-20,2.808,2.808,0.0,1.0
2011-07-21,2.789,2.789,0.0,1.0
2011-07-22,2.792,2.792,0.0,1.0
2011-07-25,2.703,2.703,0.0,1.0
2011-07-26,2.712,2.712,0.0,1.0
2011-07-27,2.742,2.742,0.0,1.0
2011-07-28,2.735,2.735,0.0,1.0
2011-07-29,2.715,2.715,0.0,1.0
2011-08-01,2.71,2.71,0.0,1.0
2011-08-02,2.702,2.702,0.0,1.0
2011-08-03,2.688,2.688,0.0,1.0
2011-08-04,2.7,2.7,0.0,1.0
2011-08-05,2.651,2.651,0.0,1.0
2011-08-08,2.545,2.545,0.0,1.0
2011-08-09,2.541,2.541,0.0,1.0
2011-08-10,2.56,2.56,0.0,1.0
2011-08-11,2.59,2.59,0.0,1.0
2011-08-12,2.6,2.6,0.0,1.0
2011-08-15,2.645,2.645,0.0,1.0
2011-08-16,2.633,2.633,0.0,1.0
2011-08-17,2.606,2.606,0.0,1.0
2011-08-18,2.578,2.578,0.0,1.0
2011-08-19,2.559,2.559,0.0,1.0
2011-08-22,2.53,2.53,0.0,1.0
2011-08-23,2.562,2.562,0.0,1.0
2011-08-24,2.561,2.561,0.0,1.0
2011-08-25,2.625,2.625,0.0,1.0
2011-08-26,2.62,2.62,0.0,1.0
2011-08-29,2.582,2.582,0.0,1.0
2011-08-30,2.583,2.583,0.0,1.0
2011-08-31,2.58,2.58,0.0,1.0
2011-09-01,2.571,2.571,0.0,1.0
2011-09-02,2.552,2.552,0.0,1.0
2011-09-05,2.492,2.492,0.0,1.0
2011-09-06,2.489,2.489,0.0,1.0
2011-09-07,2.53,2.53,0.0,1.0
2011-09-08,2.517,2.517,0.0,1.0
2011-09-09,2.514,2.514,0.0,1.0
2011-09-13,2.48,2.48,0.0,1.0
2011-09-14,2.497,2.497,0.0,1.0
2011-09-15,2.49,2.49,0.0,1.0
2011-09-16,2.492,2.492,0.0,1.0
2011-09-19,2.459,2.459,0.0,1.0
2011-09-20,2.461,2.461,0.0,1.0
2011-09-21,2.5,2.5,0.0,1.0
2011-09-22,2.467,2.467,0.0,1.0
2011-09-23,2.447,2.447,0.0,1.0
2011-09-26,2.401,2.401,0.0,1.0
2011-09-27,2.434,2.434,0.0,1.0
2011-09-28,2.4,2.4,0.0,1.0
2011-09-29,2.387,2.387,0.0,1.0
2011-09-30,2.378,2.378,0.0,1.0
2011-10-10,2.35,2.35,0.0,1.0
2011-10-11,2.364,2.364,0.0,1.0
2011-10-12,2.412,2.412,0.0,1.0
2011-10-13,2.448,2.448,0.0,1.0
2011-10-14,2.445,2.445,0.0,1.0
2011-10-17,2.451,2.451,0.0,1.0
2011-10-18,2.39,2.39,0.0,1.0
2011-10-19,2.38,2.38,0.0,1.0
2011-10-20,2.331,2.331,0.0,1.0
2011-10-21,2.336,2.336,0.0,1.0
2011-10-24,2.339,2.339,0.0,1.0
2011-10-25,2.426,2.426,0.0,1.0
2011-10-26,2.454,2.454,0.0,1.0
2011-10-27,2.451,2.451,0.0,1.0
2011-10-28,2.481,2.481,0.0,1.0
2011-10-31,2.47,2.47,0.0,1.0
2011-11-01,2.489,2.489,0.0,1.0
2011-11-02,2.52,2.52,0.0,1.0
2011-11-03,2.53,2.53,0.0,1.0
2011-11-04,2.533,2.533,0.0,1.0
2011-11-07,2.521,2.521,0.0,1.0
2011-11-08,2.52,2.52,0.0,1.0
2011-11-09,2.536,2.536,0.0,1.0
2011-11-10,2.501,2.501,0.0,1.0
2011-11-11,2.502,2.502,0.0,1.0
2011-11-14,2.548,2.548,0.0,1.0
2011-11-15,2.545,2.545,0.0,1.0
2011-11-16,2.479,2.479,0.0,1.0
2011-11-17,2.471,2.471,0.0,1.0
2011-11-18,2.426,2.426,0.0,1.0
2011-11-21,2.415,2.415,0.0,1.0
2011-11-22,2.419,2.419,0.0,1.0
2011-11-23,2.41,2.41,0.0,1.0
2011-11-24,2.41,2.41,0.0,1.0
2011-11-25,2.394,2.394,0.0,1.0
2011-11-28,2.399,2.399,0.0,1.0
2011-11-29,2.415,2.415,0.0,1.0
2011-11-30,2.346,2.346,0.0,1.0
2011-12-01,2.425,2.425,0.0,1.0
2011-12-02,2.376,2.376,0.0,1.0
2011-12-05,2.429,2.429,0.0,1.0
2011-12-06,2.349,2.349,0.0,1.0
2011-12-07,2.355,2.355,0.0,1.0
2011-12-08,2.349,2.349,0.0,1.0
2011-12-09,2.338,2.338,0.0,1.0
2011-12-12,2.323,2.323,0.0,1.0
2011-12-13,2.268,2.268,0.0,1.0
2011-12-14,2.248,2.248,0.0,1.0
2011-12-15,2.211,2.211,0.0,1.0
2011-12-16,2.23,2.23,0.0,1.0
2011-12-19,2.239,2.239,0.0,1.0
2011-12-20,2.23,2.23,0.0,1.0
2011-12-21,2.204,2.204,0.0,1.0
2011-12-22,2.185,2.185,0.0,1.0
2011-12-23,2.2,2.2,0.0,1.0
2011-12-26,2.198,2.198,0.0,1.0
2011-12-27,2.175,2.175,0.0,1.0
2011-12-28,2.19,2.19,0.0,1.0
2011-12-29,2.196,2.196,0.0,1.0
2011-12-30,2.225,2.225,0.0,1.0
2012-01-04,2.2,2.2,0.0,1.0
2012-01-05,2.157,2.157,0.0,1.0
2012-01-06,2.173,2.173,0.0,1.0
2012-01-09,2.235,2.235,0.0,1.0
2012-01-10,2.303,2.303,0.0,1.0
2012-01-11,2.298,2.298,0.0,1.0
2012-01-12,2.3,2.3,0.0,1.0
2012-01-13,2.276,2.276,0.0,1.0
2012-01-16,2.22,2.22,0.0,1.0
2012-01-17,2.301,2.301,0.0,1.0
2012-01-18,2.262,2.262,0.0,1.0
2012-01-19,2.31,2.31,0.0,1.0
2012-01-20,2.355,2.355,0.0,1.0
2012-01-30,2.291,2.291,0.0,1.0
2012-01-31,2.308,2.308,0.0,1.0
2012-02-01,2.295,2.295,0.0,1.0
2012-02-02,2.341,2.341,0.0,1.0
2012-02-03,2.359,2.359,0.0,1.0
2012-02-06,2.346,2.346,0.0,1.0
2012-02-07,2.323,2.323,0.0,1.0
2012-02-08,2.356,2.356,0.0,1.0
2012-02-09,2.365,2.365,0.0,1.0
2012-02-10,2.367,2.367,0.0,1.0
2012-02-13,2.375,2.375,0.0,1.0
2012-02-14,2.366,2.366,0.0,1.0
2012-02-15,2.385,2.385,0.0,1.0
2012-02-16,2.37,2.37,0.0,1.0
2012-02-17,2.379,2.379,0.0,1.0
2012-02-20,2.379,2.379,0.0,1.0
2012-02-21,2.387,2.387,0.0,1.0
2012-02-22,2.408,2.408,0.0,1.0
2012-02-23,2.41,2.41,0.0,1.0
2012-02-24,2.45,2.45,0.0,1.0
2012-02-27,2.455,2.455,0.0,1.0
2012-02-28,2.478,2.478,0.0,1.0
2012-02-29,2.456,2.456,0.0,1.0
2012-03-01,2.441,2.441,0.0,1.0
2012-03-02,2.481,2.481,0.0,1.0
2012-03-05,2.469,2.469,0.0,1.0
2012-03-06,2.425,2.425,0.0,1.0
2012-03-07,2.412,2.412,0.0,1.0
2012-03-08,2.438,2.438,0.0,1.0
2012-03-09,2.456,2.456,0.0,1.0
2012-03-12,2.442,2.442,0.0,1.0
2012-03-13,2.466,2.466,0.0,1.0
2012-03-14,2.413,2.413,0.0,1.0
2012-03-15,2.392,2.392,0.0,1.0
2012-03-16,2.427,2.427,0.0,1.0
2012-03-19,2.416,2.416,0.0,1.0
2012-03-20,2.396,2.396,0.0,1.0
2012-03-21,2.386,2.386,0.0,1.0
2012-03-22,2.382,2.382,0.0,1.0
2012-03-23,2.367,2.367,0.0,1.0
2012-03-26,2.37,2.37,0.0,1.0
2012-03-27,2.365,2.365,0.0,1.0
2012-03-28,2.301,2.301,0.0,1.0
2012-03-29,2.277,2.277,0.0,1.0
2012-03-30,2.281,2.281,0.0,1.0
2012-04-05,2.315,2.315,0.0,1.0
2012-04-06,2.321,2.321,0.0,1.0
2012-04-09,2.302,2.302,0.0,1.0
2012-04-10,2.32,2.32,0.0,1.0
2012-04-11,2.316,2.316,0.0,1.0
2012-04-12,2.356,2.356,0.0,1.0
2012-04-13,2.368,2.368,0.0,1.0
2012-04-16,2.364,2.364,0.0,1.0
2012-04-17,2.343,2.343,0.0,1.0
2012-04-18,2.387,2.387,0.0,1.0
2012-04-19,2.397,2.397,0.0,1.0
2012-04-20,2.42,2.42,0.0,1.0
2012-04-23,2.413,2.413,0.0,1.0
2012-04-24,2.434,2.434,0.0,1.0
2012-04-25,2.434,2.434,0.0,1.0
2012-04-26,2.439,2.439,0.0,1.0
2012-04-27,2.424,2.424,0.0,1.0
2012-05-02,2.47,2.47,0.0,1.0
2012-05-03,2.474,2.474,0.0,1.0
2012-05-04,2.468,2.468,0.0,1.0
2012-05-07,2.47,2.47,0.0,1.0
2012-05-08,2.465,2.465,0.0,1.0
2012-05-09,2.449,2.449,0.0,1.0
2012-05-10,2.437,2.437,0.0,1.0
2012-05-11,2.412,2.412,0.0,1.0
2012-05-14,2.426,2.426,0.0,1.0
2012-05-15,2.403,2.403,0.0,1.0
2012-05-16,2.38,2.38,0.0,1.0
2012-05-17,2.445,2.445,0.0,1.0
2012-05-18,2.396,2.396,0.0,1.0
2012-05-21,2.38,2.38,0.0,1.0
2012-05-22,2.4,2.4,0.0,1.0
2012-05-23,2.431,2.431,0.0,1.0
2012-05-24,2.382,2.382,0.0,1.0
2012-05-25,2.366,2.366,0.0,1.0
2012-05-28,2.346,2.346,0.0,1.0
2012-05-29,2.421,2.421,0.0,1.0
2012-05-30,2.415,2.415,0.0,1.0
2012-05-31,2.408,2.408,0.0,1.0
2012-06-01,2.415,2.415,0.0,1.0
2012-06-04,2.393,2.393,0.0,1.0
2012-06-05,2.345,2.345,0.0,1.0
2012-06-06,2.342,2.342,0.0,1.0
2012-06-07,2.334,2.334,0.0,1.0
2012-06-08,2.321,2.321,0.0,1.0
2012-06-11,2.346,2.346,0.0,1.0
2012-06-12,2.333,2.333,0.0,1.0
2012-06-13,2.359,2.359,0.0,1.0
2012-06-14,2.352,2.352,0.0,1.0
2012-06-15,2.398,2.398,0.0,1.0
2012-06-18,2.37,2.37,0.0,1.0
2012-06-19,2.331,2.331,0.0,1.0
2012-06-20,2.349,2.349,0.0,1.0
2012-06-21,2.333,2.333,0.0,1.0
2012-06-25,2.291,2.291,0.0,1.0
2012-06-26,2.285,2.285,0.0,1.0
2012-06-27,2.286,2.286,0.0,1.0
2012-06-28,2.275,2.275,0.0,1.0
2012-06-29,2.3,2.3,0.0,1.0
2012-07-02,2.282,2.282,0.0,1.0
2012-07-03,2.288,2.288,0.0,1.0
2012-07-04,2.29,2.29,0.0,1.0
2012-07-05,2.284,2.284,0.0,1.0
2012-07-06,2.287,2.287,0.0,1.0
2012-07-09,2.243,2.243,0.0,1.0
2012-07-10,2.249,2.249,0.0,1.0
2012-07-11,2.251,2.251,0.0,1.0
2012-07-12,2.264,2.264,0.0,1.0
2012-07-13,2.243,2.243,0.0,1.0
2012-07-16,2.22,2.22,0.0,1.0
2012-07-17,2.224,2.224,0.0,1.0
2012-07-18,2.205,2.205,0.0,1.0
2012-07-19,2.24,2.24,0.0,1.0
2012-07-20,2.24,2.24,0.0,1.0
2012-07-23,2.208,2.208,0.0,1.0
2012-07-24,2.224,2.224,0.0,1.0
2012-07-25,2.214,2.214,0.0,1.0
2012-07-26,2.205,2.205,0.0,1.0
2012-07-27,2.206,2.206,0.0,1.0
2012-07-30,2.22,2.22,0.0,1.0
2012-07-31,2.18,2.18,0.0,1.0
2012-08-01,2.199,2.199,0.0,1.0
2012-08-02,2.191,2.191,0.0,1.0
2012-08-03,2.2,2.2,0.0,1.0
2012-08-06,2.23,2.23,0.0,1.0
2012-08-08,2.237,2.237,0.0,1.0
2012-08-09,2.247,2.247,0.0,1.0
2012-08-10,2.222,2.222,0.0,1.0
2012-08-13,2.23,2.23,0.0,1.0
2012-08-14,2.212,2.212,0.0,1.0
2012-08-15,2.19,2.19,0.0,1.0
2012-08-16,2.181,2.181,0.0,1.0
2012-08-17,2.189,2.189,0.0,1.0
2012-08-20,2.141,2.141,0.0,1.0
2012-08-21,2.2,2.2,0.0,1.0
2012-08-22,2.199,2.199,0.0,1.0
2012-08-23,2.181,2.181,0.0,1.0
2012-08-24,2.197,2.197,0.0,1.0
2012-08-27,2.138,2.138,0.0,1.0
2012-08-28,2.138,2.138,0.0,1.0
2012-08-29,2.11,2.11,0.0,1.0
2012-08-30,2.112,2.112,0.0,1.0
2012-08-31,2.125,2.125,0.0,1.0
2012-09-03,2.125,2.125,0.0,1.0
2012-09-04,2.118,2.118,0.0,1.0
2012-09-05,2.105,2.105,0.0,1.0
2012-09-06,2.112,2.112,0.0,1.0
2012-09-07,2.205,2.205,0.0,1.0
2012-09-10,2.2,2.2,0.0,1.0
2012-09-11,2.164,2.164,0.0,1.0
2012-09-12,2.209,2.209,0.0,1.0
2012-09-13,2.165,2.165,0.0,1.0
2012-09-14,2.182,2.182,0.0,1.0
2012-09-17,2.132,2.132,0.0,1.0
2012-09-18,2.13,2.13,0.0,1.0
2012-09-19,2.136,2.136,0.0,1.0
2012-09-20,2.09,2.09,0.0,1.0
2012-09-21,2.101,2.101,0.0,1.0
2012-09-24,2.095,2.095,0.0,1.0
2012-09-25,2.104,2.104,0.0,1.0
2012-09-26,2.074,2.074,0.0,1.0
2012-09-27,2.08,2.08,0.0,1.0
2012-09-28,2.177,2.177,0.0,1.0
2012-10-08,2.144,2.144,0.0,1.0
2012-10-09,2.174,2.174,0.0,1.0
2012-10-10,2.186,2.186,0.0,1.0
2012-10-11,2.177,2.177,0.0,1.0
2012-10-12,2.13,2.13,0.0,1.0
2012-10-15,2.13,2.13,0.0,1.0
2012-10-16,2.198,2.198,0.0,1.0
2012-10-17,2.184,2.184,0.0,1.0
2012-10-18,2.208,2.208,0.0,1.0
2012-10-19,2.194,2.194,0.0,1.0
2012-10-22,2.197,2.197,0.0,1.0
2012-10-23,2.184,2.184,0.0,1.0
2012-10-24,2.184,2.184,0.0,1.0
2012-10-25,2.201,2.201,0.0,1.0
2012-10-26,2.187,2.187,0.0,1.0
2012-10-29,2.135,2.135,0.0,1.0
2012-10-30,2.135,2.135,0.0,1.0
2012-10-31,2.139,2.139,0.0,1.0
2012-11-01,2.18,2.18,0.0,1.0
2012-11-02,2.146,2.146,0.0,1.0
2012-11-05,2.16,2.16,0.0,1.0
2012-11-08,2.15,2.15,0.0,1.0
2012-11-09,2.137,2.137,0.0,1.0
2012-11-12,2.137,2.137,0.0,1.0
2012-11-13,2.117,2.117,0.0,1.0
2012-11-14,2.11,2.11,0.0,1.0
2012-11-16,2.106,2.106,0.0,1.0
2012-11-19,2.081,2.081,0.0,1.0
2012-11-20,2.177,2.177,0.0,1.0
2012-11-21,2.098,2.098,0.0,1.0
2012-11-22,2.096,2.096,0.0,1.0
2012-11-23,2.1,2.1,0.0,1.0
2012-11-26,2.097,2.097,0.0,1.0
2012-11-27,2.055,2.055,0.0,1.0
2012-11-28,2.03,2.03,0.0,1.0
2012-11-29,2.011,2.011,0.0,1.0
2012-11-30,2.011,2.011,0.0,1.0
2012-12-03,2.02,2.02,0.0,1.0
2012-12-04,2.02,2.02,0.0,1.0
2012-12-05,2.105,2.105,0.0,1.0
2012-12-06,2.078,2.078,0.0,1.0
2012-12-07,2.098,2.098,0.0,1.0
2012-12-10,2.145,2.145,0.0,1.0
2012-12-11,2.15,2.15,0.0,1.0
2012-12-12,2.15,2.15,0.0,1.0
2012-12-13,2.139,2.139,0.0,1.0
2012-12-14,2.22,2.22,0.0,1.0
2012-12-17,2.245,2.245,0.0,1.0
2012-12-18,2.25,2.25,0.0,1.0
2012-12-19,2.237,2.237,0.0,1.0
2012-12-20,2.236,2.236,0.0,1.0
2012-12-21,2.221,2.221,0.0,1.0
2012-12-24,2.21,2.21,0.0,1.0
2012-12-25,2.295,2.295,0.0,1.0
2012-12-26,2.289,2.289,0.0,1.0
2012-12-27,2.219,2.219,0.0,1.0
2012-12-28,2.314,2.314,0.0,1.0
2012-12-31,2.386,2.386,0.0,1.0
2013-01-04,2.378,2.378,0.0,1.0
2013-01-07,2.369,2.369,0.0,1.0
2013-01-08,2.369,2.369,0.0,1.0
2013-01-09,2.331,2.331,0.0,1.0
2013-01-10,2.323,2.323,0.0,1.0
2013-01-11,2.31,2.31,0.0,1.0
2013-01-14,2.36,2.36,0.0,1.0
2013-01-15,2.367,2.367,0.0,1.0
2013-01-16,2.355,2.355,0.0,1.0
2013-01-17,2.327,2.327,0.0,1.0
2013-01-18,2.38,2.38,0.0,1.0
2013-01-21,2.388,2.388,0.0,1.0
2013-01-22,2.345,2.345,0.0,1.0
2013-01-23,2.355,2.355,0.0,1.0
2013-01-24,2.37,2.37,0.0,1.0
2013-01-25,2.361,2.361,0.0,1.0
2013-01-28,2.43,2.43,0.0,1.0
2013-01-29,2.43,2.43,0.0,1.0
2013-01-30,2.454,2.454,0.0,1.0
2013-01-31,2.46,2.46,0.0,1.0
2013-02-01,2.524,2.524,0.0,1.0
2013-02-04,2.506,2.506,0.0,1.0
2013-02-05,2.53,2.53,0.0,1.0
2013-02-06,2.52,2.52,0.0,1.0
2013-02-07,2.488,2.488,0.0,1.0
2013-02-08,2.49,2.49,0.0,1.0
2013-02-18,2.526,2.526,0.0,1.0
2013-02-19,2.45,2.45,0.0,1.0
2013-02-20,2.479,2.479,0.0,1.0
2013-02-21,2.381,2.381,0.0,1.0
2013-02-22,2.396,2.396,0.0,1.0
2013-02-25,2.373,2.373,0.0,1.0
2013-02-26,2.36,2.36,0.0,1.0
2013-02-27,2.378,2.378,0.0,1.0
2013-02-28,2.439,2.439,0.0,1.0
2013-03-01,2.439,2.439,0.0,1.0
2013-03-04,2.388,2.388,0.0,1.0
2013-03-05,2.399,2.399,0.0,1.0
2013-03-06,2.385,2.385,0.0,1.0
2013-03-07,2.38,2.38,0.0,1.0
2013-03-08,2.38,2.38,0.0,1.0
2013-03-11,2.351,2.351,0.0,1.0
2013-03-12,2.325,2.325,0.0,1.0
2013-03-13,2.336,2.336,0.0,1.0
2013-03-14,2.34,2.34,0.0,1.0
2013-03-15,2.307,2.307,0.0,1.0
2013-03-18,2.3,2.3,0.0,1.0
2013-03-19,2.315,2.315,0.0,1.0
2013-03-20,2.38,2.38,0.0,1.0
2013-03-21,2.38,2.38,0.0,1.0
2013-03-22,2.409,2.409,0.0,1.0
2013-03-26,2.35,2.35,0.0,1.0
2013-03-27,2.37,2.37,0.0,1.0
2013-03-28,2.315,2.315,0.0,1.0
2013-03-29,2.314,2.314,0.0,1.0
2013-04-01,2.3,2.3,0.0,1.0
2013-04-02,2.312,2.312,0.0,1.0
2013-04-03,2.3,2.3,0.0,1.0
2013-04-08,2.293,2.293,0.0,1.0
2013-04-09,2.293,2.293,0.0,1.0
2013-04-10,2.264,2.264,0.0,1.0
2013-04-11,2.308,2.308,0.0,1.0
2013-04-12,2.285,2.285,0.0,1.0
2013-04-15,2.237,2.237,0.0,1.0
2013-04-16,2.267,2.267,0.0,1.0
2013-04-17,2.231,2.231,0.0,1.0
2013-04-18,2.233,2.233,0.0,1.0
2013-04-19,2.266,2.266,0.0,1.0
2013-04-22,2.301,2.301,0.0,1.0
2013-04-23,2.249,2.249,0.0,1.0
2013-04-24,2.266,2.266,0.0,1.0
2013-04-25,2.28,2.28,0.0,1.0
2013-04-26,2.25,2.25,0.0,1.0
2013-05-02,2.226,2.226,0.0,1.0
2013-05-03,2.29,2.29,0.0,1.0
2013-05-06,2.311,2.311,0.0,1.0
2013-05-07,2.314,2.314,0.0,1.0
2013-05-08,2.311,2.311,0.0,1.0
2013-05-09,2.309,2.309,0.0,1.0
2013-05-10,2.318,2.318,0.0,1.0
2013-05-13,2.277,2.277,0.0,1.0
2013-05-14,2.27,2.27,0.0,1.0
2013-05-15,2.262,2.262,0.0,1.0
2013-05-16,2.31,2.31,0.0,1.0
2013-05-17,2.357,2.357,0.0,1.0
2013-05-20,2.371,2.371,0.0,1.0
2013-05-21,2.38,2.38,0.0,1.0
2013-05-22,2.38,2.38,0.0,1.0
2013-05-23,2.36,2.36,0.0,1.0
2013-05-24,2.36,2.36,0.0,1.0
2013-05-27,2.341,2.341,0.0,1.0
2013-05-28,2.347,2.347,0.0,1.0
2013-05-29,2.406,2.406,0.0,1.0
2013-05-30,2.397,2.397,0.0,1.0
2013-05-31,2.365,2.365,0.0,1.0
2013-06-03,2.336,2.336,0.0,1.0
2013-06-04,2.345,2.345,0.0,1.0
2013-06-05,2.342,2.342,0.0,1.0
2013-06-06,2.315,2.315,0.0,1.0
2013-06-07,2.266,2.266,0.0,1.0
2013-06-13,2.256,2.256,0.0,1.0
2013-06-14,2.256,2.256,0.0,1.0
2013-06-17,2.231,2.231,0.0,1.0
2013-06-18,2.2,2.2,0.0,1.0
2013-06-19,2.21,2.21,0.0,1.0
2013-06-20,2.158,2.158,0.0,1.0
2013-06-21,2.151,2.151,0.0,1.0
2013-06-24,2.01,2.01,0.0,1.0
2013-06-25,2.035,2.035,0.0,1.0
2013-06-26,2.025,2.025,0.0,1.0
2013-06-27,2.03,2.03,0.0,1.0
2013-06-28,2.097,2.097,0.0,1.0
2013-07-01,2.03,2.03,0.0,1.0
2013-07-02,2.021,2.021,0.0,1.0
2013-07-03,2.05,2.05,0.0,1.0
2013-07-04,2.09,2.09,0.0,1.0
2013-07-05,2.09,2.09,0.0,1.0
2013-07-08,2.05,2.05,0.0,1.0
2013-07-09,2.05,2.05,0.0,1.0
2013-07-10,2.05,2.05,0.0,1.0
2013-07-11,2.137,2.137,0.0,1.0
2013-07-12,2.11,2.11,0.0,1.0
2013-07-15,2.11,2.11,0.0,1.0
2013-07-16,2.11,2.11,0.0,1.0
2013-07-17,2.15,2.15,0.0,1.0
2013-07-18,2.098,2.098,0.0,1.0
2013-07-19,2.075,2.075,0.0,1.0
2013-07-22,2.086,2.086,0.0,1.0
2013-07-23,2.12,2.12,0.0,1.0
2013-07-25,2.144,2.144,0.0,1.0
2013-07-26,2.19,2.19,0.0,1.0
2013-07-29,2.076,2.076,0.0,1.0
2013-07-30,2.046,2.046,0.0,1.0
2013-07-31,2.046,2.046,0.0,1.0
2013-08-01,2.107,2.107,0.0,1.0
2013-08-02,2.1,2.1,0.0,1.0
2013-08-05,2.1,2.1,0.0,1.0
2013-08-06,2.045,2.045,0.0,1.0
2013-08-07,2.101,2.101,0.0,1.0
2013-08-08,2.126,2.126,0.0,1.0
2013-08-09,2.093,2.093,0.0,1.0
2013-08-12,2.155,2.155,0.0,1.0
2013-08-13,2.161,2.161,0.0,1.0
2013-08-14,2.165,2.165,0.0,1.0
2013-08-15,2.175,2.175,0.0,1.0
2013-08-16,2.17,2.17,0.0,1.0
2013-08-19,2.161,2.161,0.0,1.0
2013-08-22,2.225,2.225,0.0,1.0
2013-08-23,2.169,2.169,0.0,1.0
2013-08-26,2.16,2.16,0.0,1.0
2013-08-27,2.17,2.17,0.0,1.0
2013-08-28,2.167,2.167,0.0,1.0
2013-08-29,2.153,2.153,0.0,1.0
2013-08-30,2.2,2.2,0.0,1.0
2013-09-02,2.202,2.202,0.0,1.0
2013-09-03,2.206,2.206,0.0,1.0
2013-09-04,2.238,2.238,0.0,1.0
2013-09-05,2.237,2.237,0.0,1.0
2013-09-06,2.255,2.255,0.0,1.0
2013-09-09,2.3,2.3,0.0,1.0
2013-09-10,2.306,2.306,0.0,1.0
2013-09-11,2.37,2.37,0.0,1.0
2013-09-12,2.409,2.409,0.0,1.0
2013-09-13,2.37,2.37,0.0,1.0
2013-09-16,2.396,2.396,0.0,1.0
2013-09-17,2.344,2.344,0.0,1.0
2013-09-18,2.311,2.311,0.0,1.0
2013-09-23,2.35,2.35,0.0,1.0
2013-09-24,2.34,2.34,0.0,1.0
2013-09-26,2.3,2.3,0.0,1.0
2013-09-27,2.345,2.345,0.0,1.0
2013-09-30,2.33,2.33,0.0,1.0
2013-10-08,2.357,2.357,0.0,1.0
2013-10-09,2.332,2.332,0.0,1.0
2013-10-10,2.339,2.339,0.0,1.0
2013-10-11,2.35,2.35,0.0,1.0
2013-10-14,2.384,2.384,0.0,1.0
2013-10-15,2.336,2.336,0.0,1.0
2013-10-16,2.35,2.35,0.0,1.0
2013-10-17,2.35,2.35,0.0,1.0
2013-10-18,2.32,2.32,0.0,1.0
2013-10-21,2.365,2.365,0.0,1.0
2013-10-22,2.31,2.31,0.0,1.0
2013-10-23,2.34,2.34,0.0,1.0
2013-10-24,2.34,2.34,0.0,1.0
2013-10-25,2.34,2.34,0.0,1.0
2013-10-28,2.235,2.235,0.0,1.0
2013-10-29,2.261,2.261,0.0,1.0
2013-10-30,2.326,2.326,0.0,1.0
2013-10-31,2.37,2.37,0.0,1.0
2013-11-04,2.28,2.28,0.0,1.0
2013-11-05,2.28,2.28,0.0,1.0
2013-11-07,2.28,2.28,0.0,1.0
2013-11-08,2.215,2.215,0.0,1.0
2013-11-11,2.255,2.255,0.0,1.0
2013-11-12,2.244,2.244,0.0,1.0
2013-11-13,2.206,2.206,0.0,1.0
2013-11-14,2.216,2.216,0.0,1.0
2013-11-18,2.31,2.31,0.0,1.0
2013-11-19,2.302,2.302,0.0,1.0
2013-11-20,2.281,2.281,0.0,1.0
2013-11-22,2.286,2.286,0.0,1.0
2013-11-25,2.3,2.3,0.0,1.0
2013-11-26,2.29,2.29,0.0,1.0
2013-11-27,2.294,2.294,0.0,1.0
2013-11-28,2.321,2.321,0.0,1.0
2013-11-29,2.311,2.311,0.0,1.0
2013-12-02,2.336,2.336,0.0,1.0
2013-12-03,2.327,2.327,0.0,1.0
2013-12-04,2.381,2.381,0.0,1.0
2013-12-05,2.387,2.387,0.0,1.0
2013-12-06,2.348,2.348,0.0,1.0
2013-12-09,2.37,2.37,0.0,1.0
2013-12-10,2.38,2.38,0.0,1.0
2013-12-11,2.333,2.333,0.0,1.0
2013-12-12,2.359,2.359,0.0,1.0
2013-12-13,2.37,2.37,0.0,1.0
2013-12-16,2.369,2.369,0.0,1.0
2013-12-17,2.32,2.32,0.0,1.0
2013-12-18,2.335,2.335,0.0,1.0
2013-12-19,2.334,2.334,0.0,1.0
2013-12-20,2.33,2.33,0.0,1.0
2013-12-23,2.328,2.328,0.0,1.0
2013-12-24,2.221,2.221,0.0,1.0
2013-12-25,2.221,2.221,0.0,1.0
2013-12-26,2.2,2.2,0.0,1.0
2013-12-27,2.3,2.3,0.0,1.0
2013-12-30,2.174,2.174,0.0,1.0
2013-12-31,2.225,2.225,0.0,1.0
2014-01-02,2.221,2.221,0.0,1.0
2014-01-03,2.192,2.192,0.0,1.0
2014-01-06,2.145,2.145,0.0,1.0
2014-01-07,2.144,2.144,0.0,1.0
2014-01-08,2.194,2.194,0.0,1.0
2014-01-09,2.159,2.159,0.0,1.0
2014-01-10,2.16,2.16,0.0,1.0
2014-01-13,2.15,2.15,0.0,1.0
2014-01-14,2.159,2.159,0.0,1.0
2014-01-15,2.145,2.145,0.0,1.0
2014-01-16,2.169,2.169,0.0,1.0
2014-01-17,2.121,2.121,0.0,1.0
2014-01-20,2.106,2.106,0.0,1.0
2014-01-21,2.164,2.164,0.0,1.0
2014-01-22,2.19,2.19,0.0,1.0
2014-01-23,2.167,2.167,0.0,1.0
2014-01-24,2.17,2.17,0.0,1.0
2014-01-27,2.156,2.156,0.0,1.0
2014-01-28,2.169,2.169,0.0,1.0
2014-01-30,2.156,2.156,0.0,1.0
2014-02-07,2.151,2.151,0.0,1.0
2014-02-10,2.203,2.203,0.0,1.0
2014-02-11,2.203,2.203,0.0,1.0
2014-02-12,2.26,2.26,0.0,1.0
2014-02-13,2.237,2.237,0.0,1.0
2014-02-14,2.243,2.243,0.0,1.0
2014-02-17,2.247,2.247,0.0,1.0
2014-02-18,2.22,2.22,0.0,1.0
2014-02-19,2.295,2.295,0.0,1.0
2014-02-20,2.314,2.314,0.0,1.0
2014-02-21,2.246,2.246,0.0,1.0
2014-02-24,2.223,2.223,0.0,1.0
2014-02-25,2.24,2.24,0.0,1.0
2014-02-26,2.235,2.235,0.0,1.0
2014-02-27,2.173,2.173,0.0,1.0
2014-02-28,2.212,2.212,0.0,1.0
2014-03-03,2.237,2.237,0.0,1.0
2014-03-04,2.244,2.244,0.0,1.0
2014-03-05,2.24,2.24,0.0,1.0
2014-03-06,2.275,2.275,0.0,1.0
2014-03-07,2.191,2.191,0.0,1.0
2014-03-10,2.159,2.159,0.0,1.0
2014-03-11,2.289,2.289,0.0,1.0
2014-03-12,2.112,2.112,0.0,1.0
2014-03-13,2.255,2.255,0.0,1.0
2014-03-14,2.269,2.269,0.0,1.0
2014-03-17,2.16,2.16,0.0,1.0
2014-03-18,2.16,2.16,0.0,1.0
2014-03-19,2.125,2.125,0.0,1.0
2014-03-20,2.132,2.132,0.0,1.0
2014-03-21,2.259,2.259,0.0,1.0
2014-03-24,2.25,2.25,0.0,1.0
2014-03-25,2.181,2.181,0.0,1.0
2014-03-26,2.177,2.177,0.0,1.0
2014-03-27,2.161,2.161,0.0,1.0
2014-03-28,2.179,2.179,0.0,1.0
2014-04-01,2.18,2.18,0.0,1.0
2014-04-02,2.189,2.189,0.0,1.0
2014-04-04,2.18,2.18,0.0,1.0
2014-04-08,2.23,2.23,0.0,1.0
2014-04-09,2.23,2.23,0.0,1.0
2014-04-10,2.273,2.273,0.0,1.0
2014-04-11,2.246,2.246,0.0,1.0
2014-04-14,2.269,2.269,0.0,1.0
2014-04-16,2.269,2.269,0.0,1.0
2014-04-17,2.248,2.248,0.0,1.0
2014-04-24,2.28,2.28,0.0,1.0
2014-04-25,2.229,2.229,0.0,1.0
2014-04-28,2.199,2.199,0.0,1.0
2014-04-29,2.18,2.18,0.0,1.0
2014-04-30,2.168,2.168,0.0,1.0
2014-05-05,2.167,2.167,0.0,1.0
2014-05-06,2.18,2.18,0.0,1.0
2014-05-07,2.133,2.133,0.0,1.0
2014-05-08,2.131,2.131,0.0,1.0
2014-05-09,2.158,2.158,0.0,1.0
2014-05-12,2.184,2.184,0.0,1.0
2014-05-13,2.175,2.175,0.0,1.0
2014-05-14,2.179,2.179,0.0,1.0
2014-05-15,2.145,2.145,0.0,1.0
2014-05-16,2.15,2.15,0.0,1.0
2014-05-19,2.129,2.129,0.0,1.0
2014-05-20,2.134,2.134,0.0,1.0
2014-05-21,2.148,2.148,0.0,1.0
2014-05-22,2.178,2.178,0.0,1.0
2014-05-23,2.133,2.133,0.0,1.0
2014-05-26,2.177,2.177,0.0,1.0
2014-05-27,2.151,2.151,0.0,1.0
2014-05-28,2.15,2.15,0.0,1.0
2014-05-29,2.146,2.146,0.0,1.0
2014-05-30,2.174,2.174,0.0,1.0
2014-06-03,2.165,2.165,0.0,1.0
2014-06-04,2.15,2.15,0.0,1.0
2014-06-05,2.15,2.15,0.0,1.0
2014-06-06,2.17,2.17,0.0,1.0
2014-06-10,2.154,2.154,0.0,1.0
2014-06-11,2.195,2.195,0.0,1.0
2014-06-12,2.151,2.151,0.0,1.0
2014-06-17,2.171,2.171,0.0,1.0
2014-06-19,2.171,2.171,0.0,1.0
2014-06-20,2.159,2.159,0.0,1.0
2014-06-23,2.183,2.183,0.0,1.0
2014-06-24,2.144,2.144,0.0,1.0
2014-06-25,2.2,2.2,0.0,1.0
2014-06-26,2.199,2.199,0.0,1.0
2014-06-30,2.172,2.172,0.0,1.0
2014-07-01,2.171,2.171,0.0,1.0
2014-07-02,2.203,2.203,0.0,1.0
2014-07-03,2.247,2.247,0.0,1.0
2014-07-04,2.196,2.196,0.0,1.0
2014-07-07,2.194,2.194,0.0,1.0
2014-07-08,2.185,2.185,0.0,1.0
2014-07-09,2.21,2.21,0.0,1.0
2014-07-10,2.249,2.249,0.0,1.0
2014-07-11,2.185,2.185,0.0,1.0
2014-07-14,2.25,2.25,0.0,1.0
2014-07-15,2.202,2.202,0.0,1.0
2014-07-16,2.232,2.232,0.0,1.0
2014-07-17,2.192,2.192,0.0,1.0
2014-07-18,2.23,2.23,0.0,1.0
2014-07-21,2.23,2.23,0.0,1.0
2014-07-22,2.24,2.24,0.0,1.0
2014-07-23,2.26,2.26,0.0,1.0
2014-07-24,2.272,2.272,0.0,1.0
2014-07-25,2.309,2.309,0.0,1.0
2014-07-28,2.325,2.325,0.0,1.0
2014-07-29,2.364,2.364,0.0,1.0
2014-07-30,2.39,2.39,0.0,1.0
2014-07-31,2.359,2.359,0.0,1.0
2014-08-01,2.388,2.388,0.0,1.0
2014-08-04,2.4,2.4,0.0,1.0
2014-08-05,2.388,2.388,0.0,1.0
2014-08-06,2.382,2.382,0.0,1.0
2014-08-07,2.371,2.371,0.0,1.0
2014-08-08,2.357,2.357,0.0,1.0
2014-08-11,2.4,2.4,0.0,1.0
2014-08-12,2.4,2.4,0.0,1.0
2014-08-13,2.375,2.375,0.0,1.0
2014-08-14,2.4,2.4,0.0,1.0
2014-08-15,2.393,2.393,0.0,1.0
2014-08-18,2.418,2.418,0.0,1.0
2014-08-19,2.416,2.416,0.0,1.0
2014-08-20,2.415,2.415,0.0,1.0
2014-08-21,2.399,2.399,0.0,1.0
2014-08-22,2.424,2.424,0.0,1.0
2014-08-25,2.42,2.42,0.0,1.0
2014-08-26,2.364,2.364,0.0,1.0
2014-08-27,2.363,2.363,0.0,1.0
2014-08-28,2.371,2.371,0.0,1.0
2014-08-29,2.36,2.36,0.0,1.0
2014-09-02,2.432,2.432,0.0,1.0
2014-09-03,2.449,2.449,0.0,1.0
2014-09-04,2.508,2.508,0.0,1.0
2014-09-05,2.5,2.5,0.0,1.0
2014-09-09,2.52,2.52,0.0,1.0
2014-09-10,2.529,2.529,0.0,1.0
2014-09-11,2.465,2.465,0.0,1.0
2014-09-12,2.537,2.537,0.0,1.0
2014-09-15,2.534,2.534,0.0,1.0
2014-09-16,2.483,2.483,0.0,1.0
2014-09-17,2.496,2.496,0.0,1.0
2014-09-18,2.499,2.499,0.0,1.0
2014-09-19,2.51,2.51,0.0,1.0
2014-09-22,2.503,2.503,0.0,1.0
2014-09-24,2.482,2.482,0.0,1.0
2014-09-25,2.528,2.528,0.0,1.0
2014-09-26,2.558,2.558,0.0,1.0
2014-09-29,2.575,2.575,0.0,1.0
2014-09-30,2.574,2.574,0.0,1.0
2014-10-08,2.6,2.6,0.0,1.0
2014-10-09,2.6,2.6,0.0,1.0
2014-10-10,2.581,2.581,0.0,1.0
2014-10-13,2.599,2.599,0.0,1.0
2014-10-14,2.569,2.569,0.0,1.0
2014-10-15,2.597,2.597,0.0,1.0
2014-10-16,2.6,2.6,0.0,1.0
2014-10-17,2.544,2.544,0.0,1.0
2014-10-20,2.599,2.599,0.0,1.0
2014-10-21,2.599,2.599,0.0,1.0
2014-10-22,2.597,2.597,0.0,1.0
2014-10-23,2.586,2.586,0.0,1.0
2014-10-24,2.592,2.592,0.0,1.0
2014-10-27,2.59,2.59,0.0,1.0
2014-10-28,2.525,2.525,0.0,1.0
2014-10-29,2.604,2.604,0.0,1.0
2014-10-30,2.608,2.608,0.0,1.0
2014-10-31,2.614,2.614,0.0,1.0
2014-11-03,2.594,2.594,0.0,1.0
2014-11-04,2.669,2.669,0.0,1.0
2014-11-05,2.669,2.669,0.0,1.0
2014-11-06,2.668,2.668,0.0,1.0
2014-11-07,2.725,2.725,0.0,1.0
2014-11-10,2.69,2.69,0.0,1.0
2014-11-11,2.67,2.67,0.0,1.0
2014-11-12,2.665,2.665,0.0,1.0
2014-11-13,2.67,2.67,0.0,1.0
2014-11-14,2.663,2.663,0.0,1.0
2014-11-17,2.696,2.696,0.0,1.0
2014-11-18,2.716,2.716,0.0,1.0
2014-11-19,2.73,2.73,0.0,1.0
2014-11-20,2.78,2.78,0.0,1.0
2014-11-21,2.85,2.85,0.0,1.0
2014-11-24,2.8,2.8,0.0,1.0
2014-11-25,2.86,2.86,0.0,1.0
2014-11-26,2.783,2.783,0.0,1.0
2014-11-27,2.848,2.848,0.0,1.0
2014-11-28,2.878,2.878,0.0,1.0
2014-12-01,2.922,2.922,0.0,1.0
2014-12-02,2.971,2.971,0.0,1.0
2014-12-03,3.051,3.051,0.0,1.0
2014-12-04,3.2,3.2,0.0,1.0
2014-12-05,3.17,3.17,0.0,1.0
2014-12-08,3.28,3.28,0.0,1.0
2014-12-09,3.226,3.226,0.0,1.0
2014-12-10,3.226,3.226,0.0,1.0
2014-12-11,3.2,3.2,0.0,1.0
2014-12-12,3.168,3.168,0.0,1.0
2014-12-15,3.174,3.174,0.0,1.0
2014-12-16,3.259,3.259,0.0,1.0
2014-12-17,3.3,3.3,0.0,1.0
2014-12-18,3.32,3.32,0.0,1.0
2014-12-19,3.399,3.399,0.0,1.0
2014-12-22,3.45,3.45,0.0,1.0
2014-12-23,3.357,3.357,0.0,1.0
2014-12-24,3.275,3.275,0.0,1.0
2014-12-25,3.32,3.32,0.0,1.0
2014-12-26,3.432,3.432,0.0,1.0
2014-12-29,3.521,3.521,0.0,1.0
2014-12-30,3.489,3.489,0.0,1.0
2014-12-31,3.515,3.515,0.0,1.0
2015-01-05,3.708,3.708,0.0,1.0
2015-01-06,3.687,3.687,0.0,1.0
2015-01-07,3.687,3.687,0.0,1.0
2015-01-08,3.62,3.62,0.0,1.0
2015-01-09,3.649,3.649,0.0,1.0
2015-01-12,3.645,3.645,0.0,1.0
2015-01-13,3.59,3.59,0.0,1.0
2015-01-14,3.556,3.556,0.0,1.0
2015-01-15,3.658,3.658,0.0,1.0
2015-01-16,3.686,3.686,0.0,1.0
2015-01-19,3.588,3.588,0.0,1.0
2015-01-20,3.571,3.571,0.0,1.0
2015-01-21,3.635,3.635,0.0,1.0
2015-01-22,3.688,3.688,0.0,1.0
2015-01-23,3.691,3.691,0.0,1.0
2015-01-26,3.73,3.73,0.0,1.0
2015-01-27,3.698,3.698,0.0,1.0
2015-01-28,3.656,3.656,0.0,1.0
2015-01-29,3.6,3.6,0.0,1.0
2015-01-30,3.51,3.51,0.0,1.0
2015-02-02,3.415,3.415,0.0,1.0
2015-02-03,3.498,3.498,0.0,1.0
2015-02-04,3.46,3.46,0.0,1.0
2015-02-05,3.548,3.548,0.0,1.0
2015-02-06,3.46,3.46,0.0,1.0
2015-02-09,3.47,3.47,0.0,1.0
2015-02-10,3.475,3.475,0.0,1.0
2015-02-11,3.48,3.48,0.0,1.0
2015-02-12,3.435,3.435,0.0,1.0
2015-02-13,3.47,3.47,0.0,1.0
2015-02-16,3.47,3.47,0.0,1.0
2015-02-17,3.53,3.53,0.0,1.0
2015-02-25,3.543,3.543,0.0,1.0
2015-02-26,3.691,3.691,0.0,1.0
2015-02-27,3.65,3.65,0.0,1.0
2015-03-02,3.67,3.67,0.0,1.0
2015-03-03,3.63,3.63,0.0,1.0
2015-03-04,3.58,3.58,0.0,1.0
2015-03-05,3.6,3.6,0.0,1.0
2015-03-06,3.584,3.584,0.0,1.0
2015-03-09,3.584,3.584,0.0,1.0
2015-03-10,3.68,3.68,0.0,1.0
2015-03-11,3.626,3.626,0.0,1.0
2015-03-12,3.611,3.611,0.0,1.0
2015-03-13,3.65,3.65,0.0,1.0
2015-03-16,3.719,3.719,0.0,1.0
2015-03-17,3.78,3.78,0.0,1.0
2015-03-18,3.84,3.84,0.0,1.0
2015-03-19,3.85,3.85,0.0,1.0
2015-03-20,3.882,3.882,0.0,1.0
2015-03-23,3.97,3.97,0.0,1.0
2015-03-24,3.972,3.972,0.0,1.0
2015-03-25,4.03,4.03,0.0,1.0
2015-03-26,4.091,4.091,0.0,1.0
2015-03-27,4.066,4.066,0.0,1.0
2015-03-30,4.18,4.18,0.0,1.0
2015-03-31,4.151,4.151,0.0,1.0
2015-04-01,4.147,4.147,0.0,1.0
2015-04-02,4.16,4.16,0.0,1.0
2015-04-03,4.178,4.178,0.0,1.0
2015-04-07,4.241,4.241,0.0,1.0
2015-04-08,4.345,4.345,0.0,1.0
2015-04-09,4.299,4.299,0.0,1.0
2015-04-10,4.348,4.348,0.0,1.0
2015-04-13,4.558,4.558,0.0,1.0
2015-04-14,4.523,4.523,0.0,1.0
2015-04-15,4.5,4.5,0.0,1.0
2015-04-16,4.5,4.5,0.0,1.0
2015-04-17,4.899,4.899,0.0,1.0
2015-04-20,4.871,4.871,0.0,1.0
2015-04-21,4.66,4.66,0.0,1.0
2015-04-22,4.73,4.73,0.0,1.0
2015-04-23,4.84,4.84,0.0,1.0
2015-04-24,4.784,4.784,0.0,1.0
2015-04-27,4.984,4.984,0.0,1.0
2015-04-28,4.9,4.9,0.0,1.0
2015-04-29,4.861,4.861,0.0,1.0
2015-04-30,4.849,4.849,0.0,1.0
2015-05-04,4.839,4.839,0.0,1.0
2015-05-05,4.703,4.703,0.0,1.0
2015-05-06,4.677,4.677,0.0,1.0
2015-05-07,4.533,4.533,0.0,1.0
2015-05-08,4.566,4.566,0.0,1.0
2015-05-11,4.719,4.719,0.0,1.0
2015-05-12,4.892,4.892,0.0,1.0
2015-05-13,4.788,4.788,0.0,1.0
2015-05-14,4.714,4.714,0.0,1.0
2015-05-15,4.654,4.654,0.0,1.0
2015-05-18,4.65,4.65,0.0,1.0
2015-05-19,4.749,4.749,0.0,1.0
2015-05-20,4.779,4.779,0.0,1.0
2015-05-21,4.85,4.85,0.0,1.0
2015-05-22,4.975,4.975,0.0,1.0
2015-05-25,5.234,5.234,0.0,1.0
2015-05-26,5.259,5.259,0.0,1.0
2015-05-27,5.232,5.232,0.0,1.0
2015-05-28,5.11,5.11,0.0,1.0
2015-05-29,4.844,4.844,0.0,1.0
2015-06-01,5.2,5.2,0.0,1.0
2015-06-02,5.56,5.56,0.0,1.0
2015-06-03,5.194,5.194,0.0,1.0
2015-06-04,5.181,5.181,0.0,1.0
2015-06-05,5.5,5.5,0.0,1.0
2015-06-08,5.499,5.499,0.0,1.0
2015-06-09,5.479,5.479,0.0,1.0
2015-06-10,5.529,5.529,0.0,1.0
2015-06-11,5.458,5.458,0.0,1.0
2015-06-12,5.53,5.53,0.0,1.0
2015-06-15,5.529,5.529,0.0,1.0
2015-06-16,5.258,5.258,0.0,1.0
2015-06-17,5.349,5.349,0.0,1.0
2015-06-18,5.122,5.122,0.0,1.0
2015-06-19,4.949,4.949,0.0,1.0
2015-06-23,4.95,4.95,0.0,1.0
2015-06-24,5.094,5.094,0.0,1.0
2015-06-25,4.939,4.939,0.0,1.0
2015-06-26,4.627,4.627,0.0,1.0
2015-06-29,4.28,4.28,0.0,1.0
2015-06-30,4.663,4.663,0.0,1.0
2015-07-01,4.44,4.44,0.0,1.0
2015-07-02,4.278,4.278,0.0,1.0
2015-07-03,4.332,4.332,0.0,1.0
2015-07-06,4.199,4.199,0.0,1.0
2015-07-07,3.811,3.811,0.0,1.0
2015-07-08,3.451,3.451,0.0,1.0
2015-07-09,3.796,3.796,0.0,1.0
2015-07-10,4.176,4.176,0.0,1.0
2015-07-13,4.346,4.346,0.0,1.0
2015-07-14,4.195,4.195,0.0,1.0
2015-07-15,3.974,3.974,0.0,1.0
2015-07-16,4.087,4.087,0.0,1.0
2015-07-17,4.195,4.195,0.0,1.0
2015-07-20,4.215,4.215,0.0,1.0
2015-07-21,4.26,4.26,0.0,1.0
2015-07-22,4.275,4.275,0.0,1.0
2015-07-23,4.407,4.407,0.0,1.0
2015-07-24,4.34,4.34,0.0,1.0
2015-07-27,3.911,3.911,0.0,1.0
2015-07-28,3.911,3.911,0.0,1.0
2015-07-29,4.06,4.06,0.0,1.0
2015-07-30,3.951,3.951,0.0,1.0
2015-07-31,3.915,3.915,0.0,1.0
2015-08-03,3.8,3.8,0.0,1.0
2015-08-04,3.964,3.964,0.0,1.0
2015-08-05,3.921,3.921,0.0,1.0
2015-08-06,3.928,3.928,0.0,1.0
2015-08-07,3.994,3.994,0.0,1.0
2015-08-10,4.19,4.19,0.0,1.0
2015-08-11,4.184,4.184,0.0,1.0
2015-08-12,4.069,4.069,0.0,1.0
2015-08-13,4.2,4.2,0.0,1.0
2015-08-14,4.185,4.185,0.0,1.0
2015-08-17,4.173,4.173,0.0,1.0
2015-08-18,4.001,4.001,0.0,1.0
2015-08-19,4.068,4.068,0.0,1.0
2015-08-20,4.039,4.039,0.0,1.0
2015-08-21,3.858,3.858,0.0,1.0
2015-08-24,3.502,3.502,0.0,1.0
2015-08-25,3.152,3.152,0.0,1.0
2015-08-26,3.203,3.203,0.0,1.0
2015-08-27,3.27,3.27,0.0,1.0
2015-08-28,3.383,3.383,0.0,1.0
2015-08-31,3.399,3.399,0.0,1.0
2015-09-01,3.357,3.357,0.0,1.0
2015-09-02,3.373,3.373,0.0,1.0
2015-09-07,3.334,3.334,0.0,1.0
2015-09-08,3.38,3.38,0.0,1.0
2015-09-09,3.472,3.472,0.0,1.0
2015-09-10,3.458,3.458,0.0,1.0
2015-09-11,3.427,3.427,0.0,1.0
2015-09-14,3.251,3.251,0.0,1.0
2015-09-15,3.21,3.21,0.0,1.0
2015-09-16,3.35,3.35,0.0,1.0
2015-09-17,3.355,3.355,0.0,1.0
2015-09-18,3.306,3.306,0.0,1.0
2015-09-21,3.326,3.326,0.0,1.0
2015-09-22,3.398,3.398,0.0,1.0
2015-09-23,3.324,3.324,0.0,1.0
2015-09-24,3.314,3.314,0.0,1.0
2015-09-25,3.295,3.295,0.0,1.0
2015-09-28,3.29,3.29,0.0,1.0
2015-09-29,3.218,3.218,0.0,1.0
2015-09-30,3.289,3.289,0.0,1.0
2015-10-08,3.377,3.377,0.0,1.0
2015-10-09,3.383,3.383,0.0,1.0
2015-10-12,3.525,3.525,0.0,1.0
2015-10-13,3.526,3.526,0.0,1.0
2015-10-14,3.509,3.509,0.0,1.0
2015-10-15,3.556,3.556,0.0,1.0
2015-10-16,3.588,3.588,0.0,1.0
2015-10-19,3.57,3.57,0.0,1.0
2015-10-20,3.585,3.585,0.0,1.0
2015-10-21,3.537,3.537,0.0,1.0
2015-10-22,3.559,3.559,0.0,1.0
2015-10-23,3.536,3.536,0.0,1.0
2015-10-26,3.59,3.59,0.0,1.0
2015-10-27,3.584,3.584,0.0,1.0
2015-10-28,3.609,3.609,0.0,1.0
2015-10-29,3.62,3.62,0.0,1.0
2015-10-30,3.56,3.56,0.0,1.0
2015-11-02,3.53,3.53,0.0,1.0
2015-11-03,3.526,3.526,0.0,1.0
2015-11-04,3.65,3.65,0.0,1.0
2015-11-05,3.715,3.715,0.0,1.0
2015-11-06,3.796,3.796,0.0,1.0
2015-11-09,3.829,3.829,0.0,1.0
2015-11-10,3.834,3.834,0.0,1.0
2015-11-11,3.904,3.904,0.0,1.0
2015-11-12,3.909,3.909,0.0,1.0
2015-11-13,3.875,3.875,0.0,1.0
2015-11-16,3.84,3.84,0.0,1.0
2015-11-17,3.869,3.869,0.0,1.0
2015-11-18,3.8,3.8,0.0,1.0
2015-11-19,3.844,3.844,0.0,1.0
2015-11-20,3.88,3.88,0.0,1.0
2015-11-23,3.814,3.814,0.0,1.0
2015-11-24,3.762,3.762,0.0,1.0
2015-11-25,3.876,3.876,0.0,1.0
2015-11-26,3.86,3.86,0.0,1.0
2015-11-27,3.765,3.765,0.0,1.0
2015-11-30,3.672,3.672,0.0,1.0
2015-12-01,3.679,3.679,0.0,1.0
2015-12-02,3.701,3.701,0.0,1.0
2015-12-03,3.795,3.795,0.0,1.0
2015-12-04,3.786,3.786,0.0,1.0
2015-12-07,3.737,3.737,0.0,1.0
2015-12-08,3.673,3.673,0.0,1.0
2015-12-09,3.7,3.7,0.0,1.0
2015-12-10,3.651,3.651,0.0,1.0
2015-12-11,3.649,3.649,0.0,1.0
2015-12-14,3.716,3.716,0.0,1.0
2015-12-15,3.715,3.715,0.0,1.0
2015-12-16,3.717,3.717,0.0,1.0
2015-12-17,3.748,3.748,0.0,1.0
2015-12-18,3.833,3.833,0.0,1.0
2015-12-21,3.852,3.852,0.0,1.0
2015-12-22,3.87,3.87,0.0,1.0
2015-12-23,3.898,3.898,0.0,1.0
2015-12-24,3.849,3.849,0.0,1.0
2015-12-25,3.899,3.899,0.0,1.0
2015-12-28,3.756,3.756,0.0,1.0
2015-12-29,3.788,3.788,0.0,1.0
2015-12-30,3.829,3.829,0.0,1.0
2015-12-31,3.798,3.798,0.0,1.0
2016-01-04,3.699,3.699,0.0,1.0
2016-01-05,3.797,3.797,0.0,1.0
2016-01-06,3.697,3.697,0.0,1.0
2016-01-07,3.441,3.441,0.0,1.0
2016-01-08,3.557,3.557,0.0,1.0
2016-01-11,3.271,3.271,0.0,1.0
2016-01-12,3.28,3.28,0.0,1.0
2016-01-13,3.26,3.26,0.0,1.0
2016-01-14,3.29,3.29,0.0,1.0
2016-01-15,3.18,3.18,0.0,1.0
2016-01-18,3.243,3.243,0.0,1.0
2016-01-19,3.314,3.314,0.0,1.0
2016-01-20,3.201,3.201,0.0,1.0
2016-01-21,3.202,3.202,0.0,1.0
2016-01-22,3.199,3.199,0.0,1.0
2016-01-25,3.235,3.235,0.0,1.0
2016-01-26,3.085,3.085,0.0,1.0
2016-01-27,3.09,3.09,0.0,1.0
2016-01-28,2.983,2.983,0.0,1.0
2016-01-29,2.991,2.991,0.0,1.0
2016-02-01,3.03,3.03,0.0,1.0
2016-02-02,3.029,3.029,0.0,1.0
2016-02-03,3.0,3.0,0.0,1.0
2016-02-04,3.0,3.0,0.0,1.0
2016-02-05,3.029,3.029,0.0,1.0
2016-02-15,3.04,3.04,0.0,1.0
2016-02-16,3.102,3.102,0.0,1.0
2016-02-17,3.08,3.08,0.0,1.0
2016-02-18,3.096,3.096,0.0,1.0
2016-02-19,3.12,3.12,0.0,1.0
2016-02-22,3.136,3.136,0.0,1.0
2016-02-23,3.126,3.126,0.0,1.0
2016-02-24,3.119,3.119,0.0,1.0
2016-02-25,3.079,3.079,0.0,1.0
2016-02-26,3.145,3.145,0.0,1.0
2016-02-29,2.977,2.977,0.0,1.0
2016-03-01,2.993,2.993,0.0,1.0
2016-03-02,3.076,3.076,0.0,1.0
2016-03-03,3.078,3.078,0.0,1.0
2016-03-04,3.091,3.091,0.0,1.0
2016-03-07,3.111,3.111,0.0,1.0
2016-03-08,3.128,3.128,0.0,1.0
2016-03-09,3.052,3.052,0.0,1.0
2016-03-10,3.058,3.058,0.0,1.0
2016-03-11,3.002,3.002,0.0,1.0
2016-03-14,3.122,3.122,0.0,1.0
2016-03-15,3.04,3.04,0.0,1.0
2016-03-16,3.103,3.103,0.0,1.0
2016-03-17,3.138,3.138,0.0,1.0
2016-03-18,3.19,3.19,0.0,1.0
2016-03-21,3.26,3.26,0.0,1.0
2016-03-22,3.275,3.275,0.0,1.0
2016-03-23,3.216,3.216,0.0,1.0
2016-03-24,3.233,3.233,0.0,1.0
2016-03-25,3.205,3.205,0.0,1.0
2016-03-28,3.263,3.263,0.0,1.0
2016-03-29,3.213,3.213,0.0,1.0
2016-03-30,3.24,3.24,0.0,1.0
2016-03-31,3.252,3.252,0.0,1.0
2016-04-01,3.247,3.247,0.0,1.0
2016-04-05,3.297,3.297,0.0,1.0
2016-04-06,3.28,3.28,0.0,1.0
2016-04-07,3.252,3.252,0.0,1.0
2016-04-08,3.235,3.235,0.0,1.0
2016-04-11,3.289,3.289,0.0,1.0
2016-04-12,3.297,3.297,0.0,1.0
2016-04-13,3.305,3.305,0.0,1.0
2016-04-14,3.309,3.309,0.0,1.0
2016-04-15,3.322,3.322,0.0,1.0
2016-04-18,3.298,3.298,0.0,1.0
2016-04-19,3.288,3.288,0.0,1.0
2016-04-20,3.242,3.242,0.0,1.0
2016-04-21,3.243,3.243,0.0,1.0
2016-04-22,3.196,3.196,0.0,1.0
2016-04-25,3.194,3.194,0.0,1.0
2016-04-26,3.235,3.235,0.0,1.0
2016-04-27,3.176,3.176,0.0,1.0
2016-04-28,3.225,3.225,0.0,1.0
2016-04-29,3.175,3.175,0.0,1.0
2016-05-03,3.209,3.209,0.0,1.0
2016-05-04,3.246,3.246,0.0,1.0
2016-05-05,3.263,3.263,0.0,1.0
2016-05-06,3.15,3.15,0.0,1.0
2016-05-09,3.113,3.113,0.0,1.0
2016-05-10,3.111,3.111,0.0,1.0
2016-05-11,3.111,3.111,0.0,1.0
2016-05-12,3.129,3.129,0.0,1.0
2016-05-13,3.108,3.108,0.0,1.0
2016-05-16,3.103,3.103,0.0,1.0
2016-05-17,3.124,3.124,0.0,1.0
2016-05-18,3.156,3.156,0.0,1.0
2016-05-19,3.12,3.12,0.0,1.0
2016-05-20,3.107,3.107,0.0,1.0
2016-05-23,3.105,3.105,0.0,1.0
2016-05-24,3.081,3.081,0.0,1.0
2016-05-26,3.07,3.07,0.0,1.0
2016-05-27,3.108,3.108,0.0,1.0
2016-05-30,3.39,3.39,0.0,1.0
2016-05-31,3.205,3.205,0.0,1.0
2016-06-01,3.135,3.135,0.0,1.0
2016-06-02,3.148,3.148,0.0,1.0
2016-06-03,3.211,3.211,0.0,1.0
2016-06-06,3.21,3.21,0.0,1.0
2016-06-07,3.156,3.156,0.0,1.0
2016-06-08,3.215,3.215,0.0,1.0
2016-06-13,3.125,3.125,0.0,1.0
2016-06-14,3.137,3.137,0.0,1.0
2016-06-15,3.187,3.187,0.0,1.0
2016-06-16,3.179,3.179,0.0,1.0
2016-06-20,3.167,3.167,0.0,1.0
2016-06-21,3.155,3.155,0.0,1.0
2016-06-22,3.145,3.145,0.0,1.0
2016-06-23,3.149,3.149,0.0,1.0
2016-06-24,3.129,3.129,0.0,1.0
2016-06-27,3.179,3.179,0.0,1.0
2016-06-28,3.17,3.17,0.0,1.0
2016-06-29,3.14,3.14,0.0,1.0
2016-06-30,3.125,3.125,0.0,1.0
2016-07-01,3.224,3.224,0.0,1.0
2016-07-04,3.29,3.29,0.0,1.0
2016-07-05,3.285,3.285,0.0,1.0
2016-07-06,3.298,3.298,0.0,1.0
2016-07-07,3.254,3.254,0.0,1.0
2016-07-08,3.249,3.249,0.0,1.0
2016-07-11,3.326,3.326,0.0,1.0
2016-07-12,3.382,3.382,0.0,1.0
2016-07-13,3.345,3.345,0.0,1.0
2016-07-14,3.35,3.35,0.0,1.0
2016-07-15,3.354,3.354,0.0,1.0
2016-07-18,3.349,3.349,0.0,1.0
2016-07-19,3.343,3.343,0.0,1.0
2016-07-20,3.346,3.346,0.0,1.0
2016-07-21,3.367,3.367,0.0,1.0
2016-07-22,3.323,3.323,0.0,1.0
2016-07-25,3.339,3.339,0.0,1.0
2016-07-26,3.338,3.338,0.0,1.0
2016-07-27,3.258,3.258,0.0,1.0
2016-07-28,3.297,3.297,0.0,1.0
2016-07-29,3.331,3.331,0.0,1.0
2016-08-02,3.291,3.291,0.0,1.0
2016-08-03,3.291,3.291,0.0,1.0
2016-08-05,3.341,3.341,0.0,1.0
2016-08-08,3.34,3.34,0.0,1.0
2016-08-09,3.346,3.346,0.0,1.0
2016-08-10,3.358,3.358,0.0,1.0
2016-08-11,3.348,3.348,0.0,1.0
2016-08-12,3.339,3.339,0.0,1.0
2016-08-15,3.424,3.424,0.0,1.0
2016-08-16,3.447,3.447,0.0,1.0
2016-08-17,3.449,3.449,0.0,1.0
2016-08-18,3.409,3.409,0.0,1.0
2016-08-19,3.414,3.414,0.0,1.0
2016-08-22,3.411,3.411,0.0,1.0
2016-08-23,3.38,3.38,0.0,1.0
2016-08-24,3.376,3.376,0.0,1.0
2016-08-25,3.372,3.372,0.0,1.0
2016-08-26,3.391,3.391,0.0,1.0
2016-08-29,3.37,3.37,0.0,1.0
2016-08-30,3.37,3.37,0.0,1.0
2016-08-31,3.449,3.449,0.0,1.0
2016-09-01,3.437,3.437,0.0,1.0
2016-09-02,3.419,3.419,0.0,1.0
2016-09-05,3.427,3.427,0.0,1.0
2016-09-06,3.4,3.4,0.0,1.0
2016-09-07,3.423,3.423,0.0,1.0
2016-09-08,3.408,3.408,0.0,1.0
2016-09-09,3.399,3.399,0.0,1.0
2016-09-12,3.303,3.303,0.0,1.0
2016-09-13,3.348,3.348,0.0,1.0
2016-09-14,3.302,3.302,0.0,1.0
2016-09-19,3.35,3.35,0.0,1.0
2016-09-20,3.351,3.351,0.0,1.0
2016-09-21,3.305,3.305,0.0,1.0
2016-09-22,3.354,3.354,0.0,1.0
2016-09-23,3.395,3.395,0.0,1.0
2016-09-26,3.351,3.351,0.0,1.0
2016-09-27,3.302,3.302,0.0,1.0
2016-09-28,3.303,3.303,0.0,1.0
2016-09-29,3.31,3.31,0.0,1.0
2016-09-30,3.354,3.354,0.0,1.0
2016-10-10,3.35,3.35,0.0,1.0
2016-10-11,3.368,3.368,0.0,1.0
2016-10-12,3.358,3.358,0.0,1.0
2016-10-13,3.374,3.374,0.0,1.0
2016-10-14,3.377,3.377,0.0,1.0
2016-10-17,3.38,3.38,0.0,1.0
2016-10-18,3.685,3.685,0.0,1.0
2016-10-19,3.436,3.436,0.0,1.0
2016-10-20,3.411,3.411,0.0,1.0
2016-10-21,3.445,3.445,0.0,1.0
2016-10-24,3.457,3.457,0.0,1.0
2016-10-25,3.496,3.496,0.0,1.0
2016-10-26,3.409,3.409,0.0,1.0
2016-10-27,3.379,3.379,0.0,1.0
2016-10-28,3.441,3.441,0.0,1.0
2016-10-31,3.426,3.426,0.0,1.0
2016-11-01,3.512,3.512,0.0,1.0
2016-11-02,3.473,3.473,0.0,1.0
2016-11-03,3.457,3.457,0.0,1.0
2016-11-04,3.45,3.45,0.0,1.0
2016-11-07,3.437,3.437,0.0,1.0
2016-11-08,3.451,3.451,0.0,1.0
2016-11-09,3.492,3.492,0.0,1.0
2016-11-10,3.498,3.498,0.0,1.0
2016-11-11,3.635,3.635,0.0,1.0
2016-11-14,3.587,3.587,0.0,1.0
2016-11-15,3.536,3.536,0.0,1.0
2016-11-16,3.499,3.499,0.0,1.0
2016-11-17,3.497,3.497,0.0,1.0
2016-11-18,3.489,3.489,0.0,1.0
2016-11-21,3.547,3.547,0.0,1.0
2016-11-22,3.59,3.59,0.0,1.0
2016-11-23,3.579,3.579,0.0,1.0
2016-11-24,3.558,3.558,0.0,1.0
2016-11-25,3.588,3.588,0.0,1.0
2016-11-28,3.589,3.589,0.0,1.0
2016-11-29,3.591,3.591,0.0,1.0
2016-11-30,3.583,3.583,0.0,1.0
2016-12-01,3.607,3.607,0.0,1.0
2016-12-02,3.586,3.586,0.0,1.0
2016-12-05,3.57,3.57,0.0,1.0
2016-12-06,3.615,3.615,0.0,1.0
2016-12-07,3.61,3.61,0.0,1.0
2016-12-08,3.601,3.601,0.0,1.0
2016-12-09,3.608,3.608,0.0,1.0
2016-12-12,3.52,3.52,0.0,1.0
2016-12-14,3.49,3.49,0.0,1.0
2016-12-15,3.404,3.404,0.0,1.0
2016-12-16,3.438,3.438,0.0,1.0
2016-12-19,3.495,3.495,0.0,1.0
2016-12-20,3.485,3.485,0.0,1.0
2016-12-21,3.491,3.491,0.0,1.0
2016-12-22,3.468,3.468,0.0,1.0
2016-12-23,3.445,3.445,0.0,1.0
2016-12-26,3.436,3.436,0.0,1.0
2016-12-27,3.413,3.413,0.0,1.0
2016-12-28,3.48,3.48,0.0,1.0
2016-12-29,3.478,3.478,0.0,1.0
2016-12-30,3.466,3.466,0.0,1.0
2017-01-03,3.47,3.47,0.0,1.0
2017-01-04,3.49,3.49,0.0,1.0
2017-01-05,3.505,3.505,0.0,1.0
2017-01-06,3.446,3.446,0.0,1.0
2017-01-09,3.48,3.48,0.0,1.0
2017-01-10,3.517,3.517,0.0,1.0
2017-01-11,3.48,3.48,0.0,1.0
2017-01-12,3.472,3.472,0.0,1.0
2017-01-13,3.459,3.459,0.0,1.0
2017-01-16,3.422,3.422,0.0,1.0
2017-01-17,3.439,3.439,0.0,1.0
2017-01-18,3.417,3.417,0.0,1.0
2017-01-19,3.455,3.455,0.0,1.0
2017-01-20,3.477,3.477,0.0,1.0
2017-01-23,3.499,3.499,0.0,1.0
2017-01-24,3.505,3.505,0.0,1.0
2017-01-25,3.518,3.518,0.0,1.0
2017-01-26,3.514,3.514,0.0,1.0
2017-02-03,3.497,3.497,0.0,1.0
2017-02-06,3.486,3.486,0.0,1.0
2017-02-07,3.482,3.482,0.0,1.0
2017-02-08,3.485,3.485,0.0,1.0
2017-02-09,3.492,3.492,0.0,1.0
2017-02-10,3.501,3.501,0.0,1.0
2017-02-13,3.509,3.509,0.0,1.0
2017-02-14,3.524,3.524,0.0,1.0
2017-02-15,3.506,3.506,0.0,1.0
2017-02-16,3.511,3.511,0.0,1.0
2017-02-17,3.505,3.505,0.0,1.0
2017-02-20,3.514,3.514,0.0,1.0
2017-02-21,3.653,3.653,0.0,1.0
2017-02-22,3.594,3.594,0.0,1.0
2017-02-23,3.61,3.61,0.0,1.0
2017-02-24,3.62,3.62,0.0,1.0
2017-02-27,3.62,3.62,0.0,1.0
2017-02-28,3.616,3.616,0.0,1.0
2017-03-01,3.584,3.584,0.0,1.0
2017-03-02,3.61,3.61,0.0,1.0
2017-03-03,3.515,3.515,0.0,1.0
2017-03-06,3.537,3.537,0.0,1.0
2017-03-07,3.591,3.591,0.0,1.0
2017-03-08,3.583,3.583,0.0,1.0
2017-03-10,3.581,3.581,0.0,1.0
2017-03-13,3.498,3.498,0.0,1.0
2017-03-14,3.592,3.592,0.0,1.0
2017-03-15,3.553,3.553,0.0,1.0
2017-03-16,3.587,3.587,0.0,1.0
2017-03-17,3.613,3.613,0.0,1.0
2017-03-20,3.609,3.609,0.0,1.0
2017-03-21,3.631,3.631,0.0,1.0
2017-03-22,3.62,3.62,0.0,1.0
2017-03-24,3.607,3.607,0.0,1.0
2017-03-29,3.637,3.637,0.0,1.0
2017-03-30,3.636,3.636,0.0,1.0
2017-03-31,3.636,3.636,0.0,1.0
2017-04-05,3.633,3.633,0.0,1.0
2017-04-06,3.65,3.65,0.0,1.0
2017-04-07,3.684,3.684,0.0,1.0
2017-04-10,3.682,3.682,0.0,1.0
2017-04-11,3.686,3.686,0.0,1.0
2017-04-12,3.698,3.698,0.0,1.0
2017-04-13,3.697,3.697,0.0,1.0
2017-04-14,3.693,3.693,0.0,1.0
2017-04-17,3.659,3.659,0.0,1.0
2017-04-18,3.689,3.689,0.0,1.0
2017-04-19,3.694,3.694,0.0,1.0
2017-04-21,3.693,3.693,0.0,1.0
2017-04-24,3.684,3.684,0.0,1.0
2017-04-26,3.67,3.67,0.0,1.0
2017-04-27,3.598,3.598,0.0,1.0
2017-04-28,3.625,3.625,0.0,1.0
2017-05-02,3.647,3.647,0.0,1.0
2017-05-03,3.559,3.559,0.0,1.0
2017-05-04,3.536,3.536,0.0,1.0
2017-05-05,3.597,3.597,0.0,1.0
2017-05-08,3.548,3.548,0.0,1.0
2017-05-09,3.547,3.547,0.0,1.0
2017-05-10,3.494,3.494,0.0,1.0
2017-05-11,3.489,3.489,0.0,1.0
2017-05-12,3.483,3.483,0.0,1.0
2017-05-15,3.5,3.5,0.0,1.0
2017-05-16,3.599,3.599,0.0,1.0
2017-05-17,3.645,3.645,0.0,1.0
2017-05-18,3.617,3.617,0.0,1.0
2017-05-19,3.617,3.617,0.0,1.0
2017-05-22,3.598,3.598,0.0,1.0
2017-05-23,3.548,3.548,0.0,1.0
2017-05-24,3.548,3.548,0.0,1.0
2017-05-25,3.547,3.547,0.0,1.0
2017-05-26,3.554,3.554,0.0,1.0
2017-05-31,3.592,3.592,0.0,1.0
2017-06-01,3.567,3.567,0.0,1.0
2017-06-02,3.649,3.649,0.0,1.0
2017-06-05,3.599,3.599,0.0,1.0
2017-06-06,3.532,3.532,0.0,1.0
2017-06-07,3.583,3.583,0.0,1.0
2017-06-08,3.563,3.563,0.0,1.0
2017-06-09,3.651,3.651,0.0,1.0
2017-06-12,3.654,3.654,0.0,1.0
2017-06-13,3.651,3.651,0.0,1.0
2017-06-14,3.678,3.678,0.0,1.0
2017-06-15,3.676,3.676,0.0,1.0
2017-06-16,3.661,3.661,0.0,1.0
2017-06-19,3.607,3.607,0.0,1.0
2017-06-20,3.618,3.618,0.0,1.0
2017-06-21,3.588,3.588,0.0,1.0
2017-06-22,3.59,3.59,0.0,1.0
2017-06-23,3.638,3.638,0.0,1.0
2017-06-26,3.638,3.638,0.0,1.0
2017-06-27,3.697,3.697,0.0,1.0
2017-06-28,3.698,3.698,0.0,1.0
2017-06-29,3.667,3.667,0.0,1.0
2017-06-30,3.648,3.648,0.0,1.0
2017-07-03,3.647,3.647,0.0,1.0
2017-07-04,3.64,3.64,0.0,1.0
2017-07-05,3.648,3.648,0.0,1.0
2017-07-06,3.663,3.663,0.0,1.0
2017-07-10,3.666,3.666,0.0,1.0
2017-07-11,3.701,3.701,0.0,1.0
2017-07-12,3.698,3.698,0.0,1.0
2017-07-13,3.643,3.643,0.0,1.0
2017-07-14,3.687,3.687,0.0,1.0
2017-07-17,3.701,3.701,0.0,1.0
2017-07-18,3.692,3.692,0.0,1.0
2017-07-19,3.7,3.7,0.0,1.0
2017-07-20,3.749,3.749,0.0,1.0
2017-07-21,3.745,3.745,0.0,1.0
2017-07-24,3.759,3.759,0.0,1.0
2017-07-25,3.717,3.717,0.0,1.0
2017-07-26,3.72,3.72,0.0,1.0
2017-07-27,3.756,3.756,0.0,1.0
2017-07-28,3.755,3.755,0.0,1.0
2017-07-31,3.75,3.75,0.0,1.0
2017-08-01,3.715,3.715,0.0,1.0
2017-08-02,3.801,3.801,0.0,1.0
2017-08-03,3.783,3.783,0.0,1.0
2017-08-04,3.821,3.821,0.0,1.0
2017-08-07,3.78,3.78,0.0,1.0
2017-08-08,3.825,3.825,0.0,1.0
2017-08-09,3.798,3.798,0.0,1.0
2017-08-10,3.798,3.798,0.0,1.0
2017-08-11,3.779,3.779,0.0,1.0
2017-08-14,3.77,3.77,0.0,1.0
2017-08-15,3.772,3.772,0.0,1.0
2017-08-16,3.754,3.754,0.0,1.0
2017-08-17,3.758,3.758,0.0,1.0
2017-08-18,3.786,3.786,0.0,1.0
2017-08-21,3.774,3.774,0.0,1.0
2017-08-22,3.773,3.773,0.0,1.0
2017-08-23,3.783,3.783,0.0,1.0
2017-08-24,3.785,3.785,0.0,1.0
2017-08-25,3.824,3.824,0.0,1.0
2017-08-28,3.847,3.847,0.0,1.0
2017-08-29,3.845,3.845,0.0,1.0
2017-08-30,3.844,3.844,0.0,1.0
2017-08-31,3.848,3.848,0.0,1.0
2017-09-01,3.847,3.847,0.0,1.0
2017-09-04,3.9,3.9,0.0,1.0
2017-09-05,3.902,3.902,0.0,1.0
2017-09-06,3.901,3.901,0.0,1.0
2017-09-07,3.951,3.951,0.0,1.0
2017-09-08,3.951,3.951,0.0,1.0
2017-09-11,3.952,3.952,0.0,1.0
2017-09-12,3.926,3.926,0.0,1.0
2017-09-13,3.999,3.999,0.0,1.0
2017-09-14,3.981,3.981,0.0,1.0
2017-09-15,3.958,3.958,0.0,1.0
2017-09-18,3.988,3.988,0.0,1.0
2017-09-19,4.0,4.0,0.0,1.0
2017-09-20,3.954,3.954,0.0,1.0
2017-09-22,3.907,3.907,0.0,1.0
2017-09-25,3.85,3.85,0.0,1.0
2017-09-26,3.838,3.838,0.0,1.0
2017-09-27,3.925,3.925,0.0,1.0
2017-09-28,3.936,3.936,0.0,1.0
2017-09-29,3.94,3.94,0.0,1.0
2017-10-09,3.955,3.955,0.0,1.0
2017-10-10,4.086,4.086,0.0,1.0
2017-10-11,3.985,3.985,0.0,1.0
2017-10-12,3.925,3.925,0.0,1.0
2017-10-13,3.94,3.94,0.0,1.0
2017-10-16,3.875,3.875,0.0,1.0
2017-10-17,3.866,3.866,0.0,1.0
2017-10-18,3.96,3.96,0.0,1.0
2017-10-19,3.945,3.945,0.0,1.0
2017-10-20,3.9,3.9,0.0,1.0
2017-10-23,3.97,3.97,0.0,1.0
2017-10-24,3.963,3.963,0.0,1.0
2017-10-25,3.949,3.949,0.0,1.0
2017-10-26,3.974,3.974,0.0,1.0
2017-10-27,3.974,3.974,0.0,1.0
2017-10-30,3.912,3.912,0.0,1.0
2017-10-31,4.08,4.08,0.0,1.0
2017-11-01,3.96,3.96,0.0,1.0
2017-11-02,4.019,4.019,0.0,1.0
2017-11-03,4.0,4.0,0.0,1.0
2017-11-06,3.999,3.999,0.0,1.0
2017-11-07,3.999,3.999,0.0,1.0
2017-11-09,4.0,4.0,0.0,1.0
2017-11-10,4.0,4.0,0.0,1.0
2017-11-13,4.074,4.074,0.0,1.0
2017-11-14,4.099,4.099,0.0,1.0
2017-11-15,4.01,4.01,0.0,1.0
2017-11-16,4.06,4.06,0.0,1.0
2017-11-17,4.043,4.043,0.0,1.0
2017-11-20,3.982,3.982,0.0,1.0
2017-11-21,4.057,4.057,0.0,1.0
2017-11-22,4.02,4.02,0.0,1.0
2017-11-23,3.99,3.99,0.0,1.0
2017-11-24,3.864,3.864,0.0,1.0
2017-11-27,3.899,3.899,0.0,1.0
2017-11-28,3.999,3.999,0.0,1.0
2017-11-29,3.9,3.9,0.0,1.0
2017-11-30,3.953,3.953,0.0,1.0
2017-12-01,3.93,3.93,0.0,1.0
2017-12-04,3.97,3.97,0.0,1.0
2017-12-06,3.969,3.969,0.0,1.0
2017-12-07,3.945,3.945,0.0,1.0
2017-12-08,3.93,3.93,0.0,1.0
2017-12-11,3.955,3.955,0.0,1.0
2017-12-12,3.943,3.943,0.0,1.0
2017-12-14,3.988,3.988,0.0,1.0
2017-12-15,3.98,3.98,0.0,1.0
2017-12-18,3.937,3.937,0.0,1.0
2017-12-19,3.892,3.892,0.0,1.0
2017-12-21,3.942,3.942,0.0,1.0
2017-12-22,3.874,3.874,0.0,1.0
2017-12-26,3.814,3.814,0.0,1.0
2017-12-27,3.799,3.799,0.0,1.0
2017-12-28,3.835,3.835,0.0,1.0
2017-12-29,3.867,3.867,0.0,1.0
2018-01-02,3.887,3.887,0.0,1.0
2018-01-03,3.949,3.949,0.0,1.0
2018-01-04,3.909,3.909,0.0,1.0
2018-01-05,3.873,3.873,0.0,1.0
2018-01-08,3.896,3.896,0.0,1.0
2018-01-09,3.896,3.896,0.0,1.0
2018-01-10,3.916,3.916,0.0,1.0
2018-01-11,3.93,3.93,0.0,1.0
2018-01-12,3.926,3.926,0.0,1.0
2018-01-16,3.92,3.92,0.0,1.0
2018-01-17,3.933,3.933,0.0,1.0
2018-01-18,3.937,3.937,0.0,1.0
2018-01-19,3.931,3.931,0.0,1.0
2018-01-22,3.959,3.959,0.0,1.0
2018-01-23,3.976,3.976,0.0,1.0
2018-01-24,4.093,4.093,0.0,1.0
2018-01-25,4.096,4.096,0.0,1.0
2018-01-26,4.087,4.087,0.0,1.0
2018-01-29,4.01,4.01,0.0,1.0
2018-01-30,3.998,3.998,0.0,1.0
2018-01-31,3.997,3.997,0.0,1.0
2018-02-01,4.004,4.004,0.0,1.0
2018-02-02,3.951,3.951,0.0,1.0
2018-02-05,3.95,3.95,0.0,1.0
2018-02-06,4.087,4.087,0.0,1.0
2018-02-07,3.891,3.891,0.0,1.0
2018-02-08,3.872,3.872,0.0,1.0
2018-02-09,3.88,3.88,0.0,1.0
2018-02-12,3.688,3.688,0.0,1.0
2018-02-13,3.868,3.868,0.0,1.0
2018-02-14,3.796,3.796,0.0,1.0
2018-02-22,3.796,3.796,0.0,1.0
2018-02-23,3.78,3.78,0.0,1.0
2018-02-26,3.78,3.78,0.0,1.0
2018-02-27,3.77,3.77,0.0,1.0
2018-02-28,3.744,3.744,0.0,1.0
2018-03-01,3.73,3.73,0.0,1.0
2018-03-02,3.723,3.723,0.0,1.0
2018-03-05,3.686,3.686,0.0,1.0
2018-03-06,3.736,3.736,0.0,1.0
2018-03-07,3.74,3.74,0.0,1.0
2018-03-08,3.731,3.731,0.0,1.0
2018-03-09,3.757,3.757,0.0,1.0
2018-03-12,3.787,3.787,0.0,1.0
2018-03-13,3.768,3.768,0.0,1.0
2018-03-14,3.748,3.748,0.0,1.0
2018-03-15,3.718,3.718,0.0,1.0
2018-03-16,3.692,3.692,0.0,1.0
2018-03-19,3.716,3.716,0.0,1.0
2018-03-20,3.717,3.717,0.0,1.0
2018-03-21,3.732,3.732,0.0,1.0
2018-03-22,3.668,3.668,0.0,1.0
2018-03-23,3.624,3.624,0.0,1.0
2018-03-26,3.645,3.645,0.0,1.0
2018-03-27,3.67,3.67,0.0,1.0
2018-03-28,3.67,3.67,0.0,1.0
2018-03-29,3.67,3.67,0.0,1.0
2018-03-30,3.663,3.663,0.0,1.0
2018-04-02,3.663,3.663,0.0,1.0
2018-04-03,3.658,3.658,0.0,1.0
2018-04-04,3.658,3.658,0.0,1.0
2018-04-09,3.575,3.575,0.0,1.0
2018-04-10,3.647,3.647,0.0,1.0
2018-04-11,3.668,3.668,0.0,1.0
2018-04-12,3.619,3.619,0.0,1.0
2018-04-13,3.659,3.659,0.0,1.0
2018-04-16,3.666,3.666,0.0,1.0
2018-04-17,3.65,3.65,0.0,1.0
2018-04-18,3.541,3.541,0.0,1.0
2018-04-19,3.558,3.558,0.0,1.0
2018-04-20,3.56,3.56,0.0,1.0
2018-04-23,3.558,3.558,0.0,1.0
2018-04-24,3.556,3.556,0.0,1.0
2018-04-25,3.548,3.548,0.0,1.0
2018-04-26,3.568,3.568,0.0,1.0
2018-04-27,3.536,3.536,0.0,1.0
2018-05-02,3.55,3.55,0.0,1.0
2018-05-03,3.598,3.598,0.0,1.0
2018-05-04,3.564,3.564,0.0,1.0
2018-05-07,3.559,3.559,0.0,1.0
2018-05-08,3.618,3.618,0.0,1.0
2018-05-09,3.624,3.624,0.0,1.0
2018-05-10,3.624,3.624,0.0,1.0
2018-05-11,3.597,3.597,0.0,1.0
2018-05-14,3.61,3.61,0.0,1.0
2018-05-15,3.597,3.597,0.0,1.0
2018-05-16,3.606,3.606,0.0,1.0
2018-05-17,3.598,3.598,0.0,1.0
2018-05-18,3.611,3.611,0.0,1.0
2018-05-21,3.635,3.635,0.0,1.0
2018-05-22,3.61,3.61,0.0,1.0
2018-05-23,3.623,3.623,0.0,1.0
2018-05-24,3.577,3.577,0.0,1.0
2018-05-25,3.556,3.556,0.0,1.0
2018-05-28,3.592,3.592,0.0,1.0
2018-05-29,3.551,3.551,0.0,1.0
2018-05-30,3.574,3.574,0.0,1.0
2018-05-31,3.545,3.545,0.0,1.0
2018-06-01,3.545,3.545,0.0,1.0
2018-06-04,3.565,3.565,0.0,1.0
2018-06-05,3.545,3.545,0.0,1.0
2018-06-06,3.516,3.516,0.0,1.0
2018-06-07,3.533,3.533,0.0,1.0
2018-06-08,3.507,3.507,0.0,1.0
2018-06-11,3.513,3.513,0.0,1.0
2018-06-12,3.552,3.552,0.0,1.0
2018-06-13,3.549,3.549,0.0,1.0
2018-06-14,3.545,3.545,0.0,1.0
2018-06-15,3.545,3.545,0.0,1.0
2018-06-19,3.53,3.53,0.0,1.0
2018-06-20,3.5,3.5,0.0,1.0
2018-06-21,3.431,3.431,0.0,1.0
2018-06-22,3.441,3.441,0.0,1.0
2018-06-25,3.45,3.45,0.0,1.0
2018-06-26,3.449,3.449,0.0,1.0
2018-06-27,3.538,3.538,0.0,1.0
2018-06-28,3.549,3.549,0.0,1.0
2018-06-29,3.548,3.548,0.0,1.0
2018-07-02,3.538,3.538,0.0,1.0
2018-07-03,3.489,3.489,0.0,1.0
2018-07-04,3.362,3.362,0.0,1.0
2018-07-05,3.362,3.362,0.0,1.0
2018-07-06,3.397,3.397,0.0,1.0
2018-07-09,3.353,3.353,0.0,1.0
2018-07-10,3.355,3.355,0.0,1.0
2018-07-11,3.285,3.285,0.0,1.0
2018-07-12,3.32,3.32,0.0,1.0
2018-07-13,3.315,3.315,0.0,1.0
2018-07-16,3.281,3.281,0.0,1.0
2018-07-17,3.302,3.302,0.0,1.0
2018-07-18,3.315,3.315,0.0,1.0
2018-07-20,3.35,3.35,0.0,1.0
2018-07-23,3.389,3.389,0.0,1.0
2018-07-24,3.44,3.44,0.0,1.0
2018-07-25,3.41,3.41,0.0,1.0
2018-07-26,3.405,3.405,0.0,1.0
2018-07-30,3.37,3.37,0.0,1.0
2018-07-31,3.386,3.386,0.0,1.0
2018-08-01,3.399,3.399,0.0,1.0
2018-08-02,3.272,3.272,0.0,1.0
2018-08-03,3.32,3.32,0.0,1.0
2018-08-06,3.359,3.359,0.0,1.0
2018-08-07,3.39,3.39,0.0,1.0
2018-08-08,3.302,3.302,0.0,1.0
2018-08-09,3.344,3.344,0.0,1.0
2018-08-10,3.32,3.32,0.0,1.0
2018-08-13,3.4,3.4,0.0,1.0
2018-08-14,3.486,3.486,0.0,1.0
2018-08-15,3.32,3.32,0.0,1.0
2018-08-16,3.25,3.25,0.0,1.0
2018-08-17,3.21,3.21,0.0,1.0
2018-08-20,3.237,3.237,0.0,1.0
2018-08-21,3.289,3.289,0.0,1.0
2018-08-22,3.289,3.289,0.0,1.0
2018-08-23,3.216,3.216,0.0,1.0
2018-08-24,3.288,3.288,0.0,1.0
2018-08-27,3.322,3.322,0.0,1.0
2018-08-28,3.347,3.347,0.0,1.0
2018-08-29,3.347,3.347,0.0,1.0
2018-08-30,3.296,3.296,0.0,1.0
2018-08-31,3.29,3.29,0.0,1.0
2018-09-03,3.226,3.226,0.0,1.0
2018-09-04,3.27,3.27,0.0,1.0
2018-09-05,3.26,3.26,0.0,1.0
2018-09-06,3.34,3.34,0.0,1.0
2018-09-07,3.35,3.35,0.0,1.0
2018-09-10,3.21,3.21,0.0,1.0
2018-09-11,3.25,3.25,0.0,1.0
2018-09-12,3.341,3.341,0.0,1.0
2018-09-13,3.337,3.337,0.0,1.0
2018-09-14,3.333,3.333,0.0,1.0
2018-09-17,3.344,3.344,0.0,1.0
2018-09-18,3.237,3.237,0.0,1.0
2018-09-19,3.242,3.242,0.0,1.0
2018-09-20,3.249,3.249,0.0,1.0
2018-09-21,3.25,3.25,0.0,1.0
2018-09-25,3.312,3.312,0.0,1.0
2018-09-26,3.345,3.345,0.0,1.0
2018-09-27,3.282,3.282,0.0,1.0
2018-09-28,3.342,3.342,0.0,1.0
2018-10-08,3.265,3.265,0.0,1.0
2018-10-09,3.366,3.366,0.0,1.0
2018-10-10,3.36,3.36,0.0,1.0
2018-10-11,3.329,3.329,0.0,1.0
2018-10-12,3.21,3.21,0.0,1.0
2018-10-15,3.1,3.1,0.0,1.0
2018-10-16,3.1,3.1,0.0,1.0
2018-10-17,3.197,3.197,0.0,1.0
2018-10-18,3.18,3.18,0.0,1.0
2018-10-19,3.09,3.09,0.0,1.0
2018-10-22,3.227,3.227,0.0,1.0
2018-10-23,3.211,3.211,0.0,1.0
2018-10-24,3.1,3.1,0.0,1.0
2018-10-25,3.09,3.09,0.0,1.0
2018-10-26,3.088,3.088,0.0,1.0
2018-10-29,3.109,3.109,0.0,1.0
2018-10-30,3.08,3.08,0.0,1.0
2018-10-31,3.179,3.179,0.0,1.0
2018-11-01,3.171,3.171,0.0,1.0
2018-11-02,3.206,3.206,0.0,1.0
2018-11-05,3.196,3.196,0.0,1.0
2018-11-06,3.167,3.167,0.0,1.0
2018-11-07,3.167,3.167,0.0,1.0
2018-11-08,3.135,3.135,0.0,1.0
2018-11-09,3.09,3.09,0.0,1.0
2018-11-12,3.169,3.169,0.0,1.0
2018-11-13,3.135,3.135,0.0,1.0
2018-11-14,3.122,3.122,0.0,1.0
2018-11-15,3.155,3.155,0.0,1.0
2018-11-16,3.168,3.168,0.0,1.0
2018-11-19,3.162,3.162,0.0,1.0
2018-11-20,3.104,3.104,0.0,1.0
2018-11-21,3.14,3.14,0.0,1.0
2018-11-22,3.144,3.144,0.0,1.0
2018-11-23,3.089,3.089,0.0,1.0
2018-11-26,3.112,3.112,0.0,1.0
2018-11-27,3.108,3.108,0.0,1.0
2018-11-28,3.102,3.102,0.0,1.0
2018-11-29,3.102,3.102,0.0,1.0
2018-11-30,3.098,3.098,0.0,1.0
2018-12-03,3.149,3.149,0.0,1.0
2018-12-04,3.159,3.159,0.0,1.0
2018-12-05,3.122,3.122,0.0,1.0
2018-12-06,3.13,3.13,0.0,1.0
2018-12-07,3.131,3.131,0.0,1.0
2018-12-10,3.107,3.107,0.0,1.0
2018-12-11,3.1,3.1,0.0,1.0
2018-12-12,3.109,3.109,0.0,1.0
2018-12-13,3.149,3.149,0.0,1.0
2018-12-14,3.15,3.15,0.0,1.0
2018-12-17,3.091,3.091,0.0,1.0
2018-12-18,3.088,3.088,0.0,1.0
2018-12-19,3.145,3.145,0.0,1.0
2018-12-20,3.142,3.142,0.0,1.0
2018-12-21,3.03,3.03,0.0,1.0
2018-12-24,3.197,3.197,0.0,1.0
2018-12-25,3.084,3.084,0.0,1.0
2018-12-26,3.05,3.05,0.0,1.0
2018-12-27,3.099,3.099,0.0,1.0
2018-12-28,3.099,3.099,0.0,1.0
2019-01-02,3.001,3.001,0.0,1.0
2019-01-03,2.94,2.94,0.0,1.0
2019-01-04,3.004,3.004,0.0,1.0
2019-01-07,3.023,3.023,0.0,1.0
2019-01-08,3.02,3.02,0.0,1.0
2019-01-09,3.054,3.054,0.0,1.0
2019-01-10,3.03,3.03,0.0,1.0
2019-01-11,3.058,3.058,0.0,1.0
2019-01-14,3.033,3.033,0.0,1.0
2019-01-15,3.077,3.077,0.0,1.0
2019-01-16,3.073,3.073,0.0,1.0
2019-01-17,3.062,3.062,0.0,1.0
2019-01-18,3.098,3.098,0.0,1.0
2019-01-21,3.124,3.124,0.0,1.0
2019-01-22,3.089,3.089,0.0,1.0
2019-01-23,3.087,3.087,0.0,1.0
2019-01-24,3.107,3.107,0.0,1.0
2019-01-25,3.123,3.123,0.0,1.0
2019-01-28,3.118,3.118,0.0,1.0
2019-01-29,3.116,3.116,0.0,1.0
2019-01-30,3.092,3.092,0.0,1.0
2019-01-31,3.104,3.104,0.0,1.0
2019-02-01,3.139,3.139,0.0,1.0
2019-02-11,3.185,3.185,0.0,1.0
2019-02-12,3.202,3.202,0.0,1.0
2019-02-13,3.262,3.262,0.0,1.0
2019-02-14,3.255,3.255,0.0,1.0
2019-02-15,3.228,3.228,0.0,1.0
2019-02-18,3.294,3.294,0.0,1.0
2019-02-19,3.291,3.291,0.0,1.0
2019-02-20,3.299,3.299,0.0,1.0
2019-02-21,3.289,3.289,0.0,1.0
2019-02-22,3.346,3.346,0.0,1.0
2019-02-25,3.554,3.554,0.0,1.0
2019-02-26,3.55,3.55,0.0,1.0
2019-02-27,3.508,3.508,0.0,1.0
2019-02-28,3.52,3.52,0.0,1.0
2019-03-01,3.555,3.555,0.0,1.0
2019-03-04,3.622,3.622,0.0,1.0
2019-03-05,3.631,3.631,0.0,1.0
2019-03-06,3.648,3.648,0.0,1.0
2019-03-07,3.637,3.637,0.0,1.0
2019-03-08,3.553,3.553,0.0,1.0
2019-03-11,3.562,3.562,0.0,1.0
2019-03-12,3.6,3.6,0.0,1.0
2019-03-13,3.571,3.571,0.0,1.0
2019-03-14,3.54,3.54,0.0,1.0
2019-03-15,3.578,3.578,0.0,1.0
2019-03-18,3.769,3.769,0.0,1.0
2019-03-19,3.664,3.664,0.0,1.0
2019-03-20,3.667,3.667,0.0,1.0
2019-03-21,3.687,3.687,0.0,1.0
2019-03-22,3.688,3.688,0.0,1.0
2019-03-25,3.656,3.656,0.0,1.0
2019-03-26,3.569,3.569,0.0,1.0
2019-03-27,3.604,3.604,0.0,1.0
2019-03-28,3.575,3.575,0.0,1.0
2019-03-29,3.686,3.686,0.0,1.0
2019-04-01,3.772,3.772,0.0,1.0
2019-04-02,3.783,3.783,0.0,1.0
2019-04-03,3.82,3.82,0.0,1.0
2019-04-04,3.862,3.862,0.0,1.0
2019-04-08,3.878,3.878,0.0,1.0
2019-04-09,3.865,3.865,0.0,1.0
2019-04-10,3.872,3.872,0.0,1.0
2019-04-11,3.801,3.801,0.0,1.0
2019-04-12,3.798,3.798,0.0,1.0
2019-04-15,3.847,3.847,0.0,1.0
2019-04-16,3.881,3.881,0.0,1.0
2019-04-17,3.895,3.895,0.0,1.0
2019-04-18,3.879,3.879,0.0,1.0
2019-04-19,3.9,3.9,0.0,1.0
2019-04-22,3.875,3.875,0.0,1.0
2019-04-23,3.817,3.817,0.0,1.0
2019-04-24,3.817,3.817,0.0,1.0
2019-04-25,3.72,3.72,0.0,1.0
2019-04-26,3.678,3.678,0.0,1.0
2019-04-29,3.661,3.661,0.0,1.0
2019-04-30,3.682,3.682,0.0,1.0
2019-05-06,3.48,3.48,0.0,1.0
2019-05-07,3.507,3.507,0.0,1.0
2019-05-08,3.471,3.471,0.0,1.0
2019-05-09,3.417,3.417,0.0,1.0
2019-05-10,3.529,3.529,0.0,1.0
2019-05-13,3.478,3.478,0.0,1.0
2019-05-14,3.463,3.463,0.0,1.0
2019-05-15,3.534,3.534,0.0,1.0
2019-05-16,3.55,3.55,0.0,1.0
2019-05-17,3.471,3.471,0.0,1.0
2019-05-20,3.446,3.446,0.0,1.0
2019-05-21,3.494,3.494,0.0,1.0
2019-05-22,3.475,3.475,0.0,1.0
2019-05-23,3.43,3.43,0.0,1.0
2019-05-24,3.433,3.433,0.0,1.0
2019-05-27,3.477,3.477,0.0,1.0
2019-05-28,3.485,3.485,0.0,1.0
2019-05-29,3.507,3.507,0.0,1.0
2019-05-30,3.501,3.501,0.0,1.0
2019-05-31,3.495,3.495,0.0,1.0
2019-06-03,3.487,3.487,0.0,1.0
2019-06-04,3.451,3.451,0.0,1.0
2019-06-05,3.45,3.45,0.0,1.0
2019-06-06,3.414,3.414,0.0,1.0
2019-06-10,3.448,3.448,0.0,1.0
2019-06-11,3.54,3.54,0.0,1.0
2019-06-12,3.521,3.521,0.0,1.0
2019-06-13,3.524,3.524,0.0,1.0
2019-06-14,3.489,3.489,0.0,1.0
2019-06-17,3.494,3.494,0.0,1.0
2019-06-18,3.507,3.507,0.0,1.0
2019-06-19,3.549,3.549,0.0,1.0
2019-06-20,3.631,3.631,0.0,1.0
2019-06-21,3.647,3.647,0.0,1.0
2019-06-24,3.652,3.652,0.0,1.0
2019-06-25,3.623,3.623,0.0,1.0
2019-06-26,3.645,3.645,0.0,1.0
2019-06-27,3.677,3.677,0.0,1.0
2019-06-28,3.625,3.625,0.0,1.0
2019-07-01,3.705,3.705,0.0,1.0
2019-07-02,3.698,3.698,0.0,1.0
2019-07-03,3.67,3.67,0.0,1.0
2019-07-04,3.656,3.656,0.0,1.0
2019-07-05,3.67,3.67,0.0,1.0
2019-07-08,3.585,3.585,0.0,1.0
2019-07-09,3.568,3.568,0.0,1.0
2019-07-10,3.558,3.558,0.0,1.0
2019-07-11,3.564,3.564,0.0,1.0
2019-07-12,3.588,3.588,0.0,1.0
2019-07-15,3.599,3.599,0.0,1.0
2019-07-16,3.595,3.595,0.0,1.0
2019-07-17,3.587,3.587,0.0,1.0
2019-07-18,3.56,3.56,0.0,1.0
2019-07-19,3.592,3.592,0.0,1.0
2019-07-22,3.597,3.597,0.0,1.0
2019-07-23,3.625,3.625,0.0,1.0
2019-07-24,3.652,3.652,0.0,1.0
2019-07-25,3.676,3.676,0.0,1.0
2019-07-26,3.679,3.679,0.0,1.0
2019-07-29,3.675,3.675,0.0,1.0
2019-07-30,3.696,3.696,0.0,1.0
2019-07-31,3.663,3.663,0.0,1.0
2019-08-01,3.633,3.633,0.0,1.0
2019-08-02,3.588,3.588,0.0,1.0
2019-08-05,3.53,3.53,0.0,1.0
2019-08-06,3.481,3.481,0.0,1.0
2019-08-07,3.471,3.471,0.0,1.0
2019-08-08,3.518,3.518,0.0,1.0
2019-08-09,3.523,3.523,0.0,1.0
2019-08-12,3.575,3.575,0.0,1.0
2019-08-13,3.549,3.549,0.0,1.0
2019-08-14,3.563,3.563,0.0,1.0
2019-08-15,3.573,3.573,0.0,1.0
2019-08-16,3.587,3.587,0.0,1.0
2019-08-19,3.649,3.649,0.0,1.0
2019-08-20,3.646,3.646,0.0,1.0
2019-08-21,3.642,3.642,0.0,1.0
2019-08-22,3.652,3.652,0.0,1.0
2019-08-23,3.671,3.671,0.0,1.0
2019-08-26,3.626,3.626,0.0,1.0
2019-08-27,3.687,3.687,0.0,1.0
2019-08-28,3.662,3.662,0.0,1.0
2019-08-29,3.66,3.66,0.0,1.0
2019-08-30,3.65,3.65,0.0,1.0
2019-09-02,3.695,3.695,0.0,1.0
2019-09-03,3.696,3.696,0.0,1.0
2019-09-04,3.726,3.726,0.0,1.0
2019-09-05,3.762,3.762,0.0,1.0
2019-09-06,3.782,3.782,0.0,1.0
2019-09-09,3.819,3.819,0.0,1.0
2019-09-10,3.81,3.81,0.0,1.0
2019-09-11,3.794,3.794,0.0,1.0
2019-09-12,3.825,3.825,0.0,1.0
2019-09-16,3.823,3.823,0.0,1.0
2019-09-17,3.77,3.77,0.0,1.0
2019-09-18,3.774,3.774,0.0,1.0
2019-09-19,3.784,3.784,0.0,1.0
2019-09-20,3.798,3.798,0.0,1.0
2019-09-23,3.752,3.752,0.0,1.0
2019-09-24,3.764,3.764,0.0,1.0
2019-09-25,3.731,3.731,0.0,1.0
2019-09-26,3.694,3.694,0.0,1.0
2019-09-27,3.709,3.709,0.0,1.0
2019-09-30,3.66,3.66,0.0,1.0
2019-10-08,3.684,3.684,0.0,1.0
2019-10-09,3.701,3.701,0.0,1.0
2019-10-10,3.725,3.725,0.0,1.0
2019-10-11,3.753,3.753,0.0,1.0
2019-10-14,3.803,3.803,0.0,1.0
2019-10-15,3.784,3.784,0.0,1.0
2019-10-16,3.77,3.77,0.0,1.0
2019-10-17,3.771,3.771,0.0,1.0
2019-10-18,3.721,3.721,0.0,1.0
2019-10-21,3.731,3.731,0.0,1.0
2019-10-22,3.741,3.741,0.0,1.0
2019-10-23,3.718,3.718,0.0,1.0
2019-10-24,3.721,3.721,0.0,1.0
2019-10-25,3.744,3.744,0.0,1.0
2019-10-28,3.783,3.783,0.0,1.0
2019-10-29,3.75,3.75,0.0,1.0
2019-10-30,3.735,3.735,0.0,1.0
2019-10-31,3.724,3.724,0.0,1.0
2019-11-01,3.765,3.765,0.0,1.0
2019-11-04,3.79,3.79,0.0,1.0
2019-11-05,3.801,3.801,0.0,1.0
2019-11-06,3.786,3.786,0.0,1.0
2019-11-07,3.796,3.796,0.0,1.0
2019-11-08,3.778,3.778,0.0,1.0
2019-11-11,3.706,3.706,0.0,1.0
2019-11-12,3.712,3.712,0.0,1.0
2019-11-13,3.7,3.7,0.0,1.0
2019-11-14,3.701,3.701,0.0,1.0
2019-11-15,3.682,3.682,0.0,1.0
2019-11-18,3.718,3.718,0.0,1.0
2019-11-19,3.744,3.744,0.0,1.0
2019-11-20,3.715,3.715,0.0,1.0
2019-11-21,3.713,3.713,0.0,1.0
2019-11-22,3.691,3.691,0.0,1.0
2019-11-25,3.72,3.72,0.0,1.0
2019-11-26,3.726,3.726,0.0,1.0
2019-11-27,3.709,3.709,0.0,1.0
2019-11-28,3.701,3.701,0.0,1.0
2019-11-29,3.669,3.669,0.0,1.0
2019-12-02,3.677,3.677,0.0,1.0
2019-12-03,3.683,3.683,0.0,1.0
2019-12-04,3.682,3.682,0.0,1.0
2019-12-05,3.699,3.699,0.0,1.0
2019-12-06,3.714,3.714,0.0,1.0
2019-12-09,3.714,3.714,0.0,1.0
2019-12-10,3.721,3.721,0.0,1.0
2019-12-11,3.732,3.732,0.0,1.0
2019-12-12,3.727,3.727,0.0,1.0
2019-12-13,3.788,3.788,0.0,1.0
2019-12-16,3.804,3.804,0.0,1.0
2019-12-17,3.856,3.856,0.0,1.0
2019-12-18,3.843,3.843,0.0,1.0
2019-12-19,3.847,3.847,0.0,1.0
2019-12-20,3.827,3.827,0.0,1.0
2019-12-23,3.782,3.782,0.0,1.0
2019-12-24,3.811,3.811,0.0,1.0
2019-12-25,3.809,3.809,0.0,1.0
2019-12-26,3.843,3.843,0.0,1.0
2019-12-27,3.846,3.846,0.0,1.0
2019-12-30,3.892,3.892,0.0,1.0
2019-12-31,3.907,3.907,0.0,1.0
2020-01-02,3.938,3.938,0.0,1.0
2020-01-03,3.934,3.934,0.0,1.0
2020-01-06,3.941,3.941,0.0,1.0
2020-01-07,3.964,3.964,0.0,1.0
2020-01-08,3.92,3.92,0.0,1.0
2020-01-09,3.946,3.946,0.0,1.0
2020-01-10,3.941,3.941,0.0,1.0
2020-01-13,3.965,3.965,0.0,1.0
2020-01-14,3.954,3.954,0.0,1.0
2020-01-15,3.931,3.931,0.0,1.0
2020-01-16,3.914,3.914,0.0,1.0
2020-01-17,3.908,3.908,0.0,1.0
2020-01-20,3.945,3.945,0.0,1.0
2020-01-21,3.886,3.886,0.0,1.0
2020-01-22,3.895,3.895,0.0,1.0
2020-01-23,3.799,3.799,0.0,1.0
2020-02-03,3.505,3.505,0.0,1.0
2020-02-04,3.58,3.58,0.0,1.0
2020-02-05,3.64,3.64,0.0,1.0
2020-02-06,3.7,3.7,0.0,1.0
2020-02-07,3.716,3.716,0.0,1.0
2020-02-10,3.749,3.749,0.0,1.0
2020-02-11,3.749,3.749,0.0,1.0
2020-02-12,3.785,3.785,0.0,1.0
2020-02-13,3.773,3.773,0.0,1.0
2020-02-14,3.792,3.792,0.0,1.0
2020-02-17,3.873,3.873,0.0,1.0
2020-02-18,3.881,3.881,0.0,1.0
2020-02-19,3.881,3.881,0.0,1.0
2020-02-20,3.944,3.944,0.0,1.0
2020-02-21,3.956,3.956,0.0,1.0
2020-02-24,3.948,3.948,0.0,1.0
2020-02-25,3.917,3.917,0.0,1.0
2020-02-26,3.9,3.9,0.0,1.0
2020-02-27,3.916,3.916,0.0,1.0
2020-02-28,3.798,3.798,0.0,1.0
2020-03-02,3.916,3.916,0.0,1.0
2020-03-03,3.952,3.952,0.0,1.0
2020-03-04,3.983,3.983,0.0,1.0
2020-03-05,4.053,4.053,0.0,1.0
2020-03-06,4.003,4.003,0.0,1.0
2020-03-09,3.887,3.887,0.0,1.0
2020-03-10,3.955,3.955,0.0,1.0
2020-03-11,3.911,3.911,0.0,1.0
2020-03-12,3.841,3.841,0.0,1.0
2020-03-13,3.8,3.8,0.0,1.0
2020-03-16,3.696,3.696,0.0,1.0
2020-03-17,3.673,3.673,0.0,1.0
2020-03-18,3.615,3.615,0.0,1.0
2020-03-19,3.576,3.576,0.0,1.0
2020-03-20,3.631,3.631,0.0,1.0
2020-03-23,3.538,3.538,0.0,1.0
2020-03-24,3.596,3.596,0.0,1.0
2020-03-25,3.671,3.671,0.0,1.0
2020-03-26,3.656,3.656,0.0,1.0
2020-03-27,3.675,3.675,0.0,1.0
2020-03-30,3.65,3.65,0.0,1.0
2020-03-31,3.633,3.633,0.0,1.0
2020-04-01,3.622,3.622,0.0,1.0
2020-04-02,3.665,3.665,0.0,1.0
2020-04-03,3.665,3.665,0.0,1.0
2020-04-07,3.717,3.717,0.0,1.0
2020-04-08,3.719,3.719,0.0,1.0
2020-04-09,3.728,3.728,0.0,1.0
2020-04-10,3.708,3.708,0.0,1.0
2020-04-13,3.687,3.687,0.0,1.0
2020-04-14,3.733,3.733,0.0,1.0
2020-04-15,3.712,3.712,0.0,1.0
2020-04-16,3.725,3.725,0.0,1.0
2020-04-17,3.754,3.754,0.0,1.0
2020-04-20,3.776,3.776,0.0,1.0
2020-04-21,3.737,3.737,0.0,1.0
2020-04-22,3.77,3.77,0.0,1.0
2020-04-23,3.756,3.756,0.0,1.0
2020-04-24,3.719,3.719,0.0,1.0
2020-04-27,3.733,3.733,0.0,1.0
2020-04-28,3.724,3.724,0.0,1.0
2020-04-29,3.74,3.74,0.0,1.0
2020-04-30,3.8,3.8,0.0,1.0
2020-05-06,3.815,3.815,0.0,1.0
2020-05-07,3.806,3.806,0.0,1.0
2020-05-08,3.846,3.846,0.0,1.0
2020-05-11,3.843,3.843,0.0,1.0
2020-05-12,3.835,3.835,0.0,1.0
2020-05-13,3.838,3.838,0.0,1.0
2020-05-14,3.812,3.812,0.0,1.0
2020-05-15,3.807,3.807,0.0,1.0
2020-05-18,3.83,3.83,0.0,1.0
2020-05-19,3.859,3.859,0.0,1.0
2020-05-20,3.846,3.846,0.0,1.0
2020-05-21,3.829,3.829,0.0,1.0
2020-05-22,3.77,3.77,0.0,1.0
2020-05-25,3.761,3.761,0.0,1.0
2020-05-26,3.794,3.794,0.0,1.0
2020-05-27,3.792,3.792,0.0,1.0
2020-05-28,3.806,3.806,0.0,1.0
2020-05-29,3.815,3.815,0.0,1.0
2020-06-01,3.893,3.893,0.0,1.0
2020-06-02,3.909,3.909,0.0,1.0
2020-06-03,3.916,3.916,0.0,1.0
2020-06-04,3.91,3.91,0.0,1.0
2020-06-05,3.921,3.921,0.0,1.0
2020-06-08,3.924,3.924,0.0,1.0
2020-06-09,3.94,3.94,0.0,1.0
2020-06-10,3.925,3.925,0.0,1.0
2020-06-11,3.901,3.901,0.0,1.0
2020-06-12,3.89,3.89,0.0,1.0
2020-06-15,3.867,3.867,0.0,1.0
2020-06-16,3.916,3.916,0.0,1.0
2020-06-17,3.924,3.924,0.0,1.0
2020-06-18,3.942,3.942,0.0,1.0
2020-06-19,3.971,3.971,0.0,1.0
2020-06-22,3.981,3.981,0.0,1.0
2020-06-23,3.983,3.983,0.0,1.0
2020-06-24,4.016,4.016,0.0,1.0
2020-06-29,3.987,3.987,0.0,1.0
2020-06-30,4.021,4.021,0.0,1.0
2020-07-01,4.095,4.095,0.0,1.0
2020-07-02,4.193,4.193,0.0,1.0
2020-07-03,4.278,4.278,0.0,1.0
2020-07-06,4.602,4.602,0.0,1.0
2020-07-07,4.557,4.557,0.0,1.0
2020-07-08,4.629,4.629,0.0,1.0
2020-07-09,4.687,4.687,0.0,1.0
2020-07-10,4.617,4.617,0.0,1.0
2020-07-13,4.678,4.678,0.0,1.0
2020-07-14,4.638,4.638,0.0,1.0
2020-07-15,4.588,4.588,0.0,1.0
2020-07-16,4.405,4.405,0.0,1.0
2020-07-17,4.392,4.392,0.0,1.0
2020-07-20,4.54,4.54,0.0,1.0
2020-07-21,4.539,4.539,0.0,1.0
2020-07-22,4.566,4.566,0.0,1.0
2020-07-23,4.55,4.55,0.0,1.0
2020-07-24,4.384,4.384,0.0,1.0
2020-07-27,4.4,4.4,0.0,1.0
2020-07-28,4.433,4.433,0.0,1.0
2020-07-29,4.512,4.512,0.0,1.0
2020-07-30,4.504,4.504,0.0,1.0
2020-07-31,4.533,4.533,0.0,1.0
2020-08-03,4.616,4.616,0.0,1.0
2020-08-04,4.631,4.631,0.0,1.0
2020-08-05,4.638,4.638,0.0,1.0
2020-08-06,4.66,4.66,0.0,1.0
2020-08-07,4.619,4.619,0.0,1.0
2020-08-10,4.664,4.664,0.0,1.0
2020-08-11,4.611,4.611,0.0,1.0
2020-08-12,4.575,4.575,0.0,1.0
2020-08-13,4.568,4.568,0.0,1.0
2020-08-14,4.634,4.634,0.0,1.0
2020-08-17,4.745,4.745,0.0,1.0
2020-08-18,4.762,4.762,0.0,1.0
2020-08-19,4.696,4.696,0.0,1.0
2020-08-20,4.641,4.641,0.0,1.0
2020-08-21,4.653,4.653,0.0,1.0
2020-08-24,4.658,4.658,0.0,1.0
2020-08-25,4.643,4.643,0.0,1.0
2020-08-26,4.578,4.578,0.0,1.0
2020-08-27,4.605,4.605,0.0,1.0
2020-08-28,4.687,4.687,0.0,1.0
2020-08-31,4.675,4.675,0.0,1.0
2020-09-01,4.69,4.69,0.0,1.0
2020-09-02,4.669,4.669,0.0,1.0
2020-09-03,4.647,4.647,0.0,1.0
2020-09-04,4.621,4.621,0.0,1.0
2020-09-07,4.544,4.544,0.0,1.0
2020-09-08,4.575,4.575,0.0,1.0
2020-09-09,4.5,4.5,0.0,1.0
2020-09-10,4.485,4.485,0.0,1.0
2020-09-11,4.509,4.509,0.0,1.0
2020-09-14,4.537,4.537,0.0,1.0
2020-09-15,4.562,4.562,0.0,1.0
2020-09-16,4.541,4.541,0.0,1.0
2020-09-17,4.517,4.517,0.0,1.0
2020-09-18,4.615,4.615,0.0,1.0
2020-09-21,4.585,4.585,0.0,1.0
2020-09-22,4.536,4.536,0.0,1.0
2020-09-23,4.532,4.532,0.0,1.0
2020-09-24,4.447,4.447,0.0,1.0
2020-09-25,4.451,4.451,0.0,1.0
2020-09-28,4.46,4.46,0.0,1.0
2020-09-29,4.473,4.473,0.0,1.0
2020-09-30,4.451,4.451,0.0,1.0
2020-10-09,4.523,4.523,0.0,1.0
2020-10-12,4.645,4.645,0.0,1.0
2020-10-13,4.637,4.637,0.0,1.0
2020-10-14,4.603,4.603,0.0,1.0
2020-10-15,4.6,4.6,0.0,1.0
2020-10-16,4.618,4.618,0.0,1.0
2020-10-19,4.593,4.593,0.0,1.0
2020-10-20,4.607,4.607,0.0,1.0
2020-10-21,4.607,4.607,0.0,1.0
2020-10-22,4.588,4.588,0.0,1.0
2020-10-23,4.566,4.566,0.0,1.0
2020-10-26,4.509,4.509,0.0,1.0
2020-10-27,4.508,4.508,0.0,1.0
2020-10-28,4.522,4.522,0.0,1.0
2020-10-29,4.524,4.524,0.0,1.0
2020-10-30,4.462,4.462,0.0,1.0
2020-11-02,4.461,4.461,0.0,1.0
2020-11-03,4.533,4.533,0.0,1.0
2020-11-04,4.535,4.535,0.0,1.0
2020-11-05,4.589,4.589,0.0,1.0
2020-11-06,4.588,4.588,0.0,1.0
2020-11-09,4.671,4.671,0.0,1.0
2020-11-10,4.645,4.645,0.0,1.0
2020-11-11,4.627,4.627,0.0,1.0
2020-11-12,4.63,4.63,0.0,1.0
2020-11-13,4.584,4.584,0.0,1.0
2020-11-16,4.637,4.637,0.0,1.0
2020-11-17,4.634,4.634,0.0,1.0
2020-11-18,4.651,4.651,0.0,1.0
2020-11-19,4.671,4.671,0.0,1.0
2020-11-20,4.692,4.692,0.0,1.0
2020-11-23,4.741,4.741,0.0,1.0
2020-11-24,4.726,4.726,0.0,1.0
2020-11-25,4.683,4.683,0.0,1.0
2020-11-26,4.704,4.704,0.0,1.0
2020-11-27,4.749,4.749,0.0,1.0
2020-11-30,4.728,4.728,0.0,1.0
2020-12-01,4.803,4.803,0.0,1.0
2020-12-02,4.793,4.793,0.0,1.0
2020-12-03,4.775,4.775,0.0,1.0
2020-12-04,4.78,4.78,0.0,1.0
2020-12-07,4.739,4.739,0.0,1.0
2020-12-08,4.738,4.738,0.0,1.0
2020-12-09,4.688,4.688,0.0,1.0
2020-12-10,4.681,4.681,0.0,1.0
2020-12-11,4.644,4.644,0.0,1.0
2020-12-14,4.664,4.664,0.0,1.0
2020-12-15,4.66,4.66,0.0,1.0
2020-12-16,4.666,4.666,0.0,1.0
2020-12-17,4.719,4.719,0.0,1.0
2020-12-18,4.708,4.708,0.0,1.0
2020-12-21,4.744,4.744,0.0,1.0
2020-12-22,4.661,4.661,0.0,1.0
2020-12-23,4.698,4.698,0.0,1.0
2020-12-24,4.686,4.686,0.0,1.0
2020-12-25,4.723,4.723,0.0,1.0
2020-12-28,4.728,4.728,0.0,1.0
2020-12-29,4.698,4.698,0.0,1.0
2020-12-30,4.743,4.743,0.0,1.0
2020-12-31,4.831,4.831,0.0,1.0
2021-01-04,4.867,4.867,0.0,1.0
2021-01-05,4.895,4.895,0.0,1.0
2021-01-06,4.932,4.932,0.0,1.0
2021-01-07,4.984,4.984,0.0,1.0
2021-01-08,4.971,4.971,0.0,1.0
2021-01-11,4.925,4.925,0.0,1.0
2021-01-12,5.049,5.049,0.0,1.0
2021-01-13,5.034,5.034,0.0,1.0
2021-01-14,4.974,4.974,0.0,1.0
2021-01-15,4.975,4.975,0.0,1.0
2021-01-18,4.997,4.997,0.0,1.0
2021-01-19,4.959,4.959,0.0,1.0
2021-01-20,4.968,4.968,0.0,1.0
2021-01-21,5.019,5.019,0.0,1.0
2021-01-25,1.006,5.031007007006,0.0,5.001001001
2021-01-26,0.99,4.950990990989999,0.0,5.001001001
2021-01-27,0.99,4.950990990989999,0.0,5.001001001
2021-01-28,0.973,4.8659739739729995,0.0,5.001001001
2021-01-29,0.967,4.835967967966999,0.0,5.001001001
2021-02-01,0.972,4.860972972971999,0.0,5.001001001
2021-02-02,0.977,4.885977977976999,0.0,5.001001001
2021-02-03,0.975,4.875975975975,0.0,5.001001001
2021-02-04,0.976,4.880976976975999,0.0,5.001001001
2021-02-05,0.974,4.870974974974,0.0,5.001001001
2021-02-08,0.978,4.890978978978,0.0,5.001001001
2021-02-09,1.002,5.011003003002,0.0,5.001001001
2021-02-10,1.017,5.086018018017,0.0,5.001001001
2021-02-18,1.025,5.1260260260249995,0.0,5.001001001
2021-02-19,1.026,5.131027027026,0.0,5.001001001
2021-02-22,1.013,5.066014014012999,0.0,5.001001001
2021-02-23,1.015,5.076016016014999,0.0,5.001001001
2021-02-24,0.991,4.955991991991,0.0,5.001001001
2021-02-25,1.0,5.001001001,0.0,5.001001001
2021-02-26,0.979,4.895979979979,0.0,5.001001001
2021-03-01,0.987,4.935987987987,0.0,5.001001001
2021-03-02,0.977,4.885977977976999,0.0,5.001001001
2021-03-03,0.993,4.965993993993,0.0,5.001001001
2021-03-04,0.977,4.885977977976999,0.0,5.001001001
2021-03-05,0.977,4.885977977976999,0.0,5.001001001
2021-03-08,0.96,4.8009609609599995,0.0,5.001001001
2021-03-09,0.937,4.685937937937,0.0,5.001001001
2021-03-10,0.937,4.685937937937,0.0,5.001001001
2021-03-11,0.958,4.790958958957999,0.0,5.001001001
2021-03-12,0.963,4.815963963962999,0.0,5.001001001
2021-03-15,0.956,4.7809569569559995,0.0,5.001001001
2021-03-16,0.964,4.820964964963999,0.0,5.001001001
2021-03-17,0.961,4.805961961961,0.0,5.001001001
2021-03-18,0.964,4.820964964963999,0.0,5.001001001
2021-03-19,0.948,4.740948948948,0.0,5.001001001
2021-03-22,0.958,4.790958958957999,0.0,5.001001001
2021-03-23,0.949,4.745949949949,0.0,5.001001001
2021-03-24,0.939,4.695939939939,0.0,5.001001001
2021-03-25,0.934,4.670934934934,0.0,5.001001001
2021-03-26,0.95,4.750950950949999,0.0,5.001001001
2021-03-29,0.952,4.760952952952,0.0,5.001001001
2021-03-30,0.957,4.785957957957,0.0,5.001001001
2021-03-31,0.954,4.770954954953999,0.0,5.001001001
2021-04-01,0.96,4.8009609609599995,0.0,5.001001001
2021-04-02,0.964,4.820964964963999,0.0,5.001001001
2021-04-06,0.965,4.825965965965,0.0,5.001001001
2021-04-07,0.96,4.8009609609599995,0.0,5.001001001
2021-04-08,0.959,4.795959959958999,0.0,5.001001001
2021-04-09,0.95,4.750950950949999,0.0,5.001001001
2021-04-12,0.942,4.710942942941999,0.0,5.001001001
2021-04-13,0.938,4.690938938937999,0.0,5.001001001
2021-04-14,0.942,4.710942942941999,0.0,5.001001001
2021-04-15,0.938,4.690938938937999,0.0,5.001001001
2021-04-16,0.945,4.725945945944999,0.0,5.001001001
2021-04-19,0.959,4.795959959958999,0.0,5.001001001
2021-04-20,0.957,4.785957957957,0.0,5.001001001
2021-04-21,0.957,4.785957957957,0.0,5.001001001
2021-04-22,0.954,4.770954954953999,0.0,5.001001001
2021-04-23,0.955,4.775955955954999,0.0,5.001001001
2021-04-26,0.948,4.740948948948,0.0,5.001001001
2021-04-27,0.946,4.730946946945999,0.0,5.001001001
2021-04-28,0.949,4.745949949949,0.0,5.001001001
2021-04-29,0.954,4.770954954953999,0.0,5.001001001
2021-04-30,0.945,4.725945945944999,0.0,5.001001001
2021-05-06,0.945,4.725945945944999,0.0,5.001001001
2021-05-07,0.939,4.695939939939,0.0,5.001001001
2021-05-10,0.942,4.710942942941999,0.0,5.001001001
2021-05-11,0.948,4.740948948948,0.0,5.001001001
2021-05-12,0.952,4.760952952952,0.0,5.001001001
2021-05-13,0.942,4.710942942941999,0.0,5.001001001
2021-05-14,0.958,4.790958958957999,0.0,5.001001001
2021-05-17,0.968,4.840968968967999,0.0,5.001001001
2021-05-18,0.971,4.855971971971,0.0,5.001001001
2021-05-19,0.969,4.8459699699689995,0.0,5.001001001
2021-05-20,0.969,4.8459699699689995,0.0,5.001001001
2021-05-21,0.962,4.810962962962,0.0,5.001001001
2021-05-24,0.966,4.830966966966,0.0,5.001001001
2021-05-25,0.989,4.945989989988999,0.0,5.001001001
2021-05-26,0.994,4.970994994993999,0.0,5.001001001
2021-05-27,0.998,4.990998998997999,0.0,5.001001001
2021-05-28,0.997,4.985997997997,0.0,5.001001001
2021-05-31,0.998,4.990998998997999,0.0,5.001001001
2021-06-01,0.998,4.990998998997999,0.0,5.001001001
2021-06-02,0.991,4.955991991991,0.0,5.001001001
2021-06-03,0.991,4.955991991991,0.0,5.001001001
2021-06-04,0.994,4.970994994993999,0.0,5.001001001
2021-06-07,0.994,4.970994994993999,0.0,5.001001001
2021-06-08,0.989,4.945989989988999,0.0,5.001001001
2021-06-09,0.991,4.955991991991,0.0,5.001001001
2021-06-10,0.995,4.9759959959949995,0.0,5.001001001
2021-06-11,0.989,4.945989989988999,0.0,5.001001001
2021-06-15,0.977,4.885977977976999,0.0,5.001001001
2021-06-16,0.971,4.855971971971,0.0,5.001001001
2021-06-17,0.97,4.85097097097,0.0,5.001001001
2021-06-18,0.969,4.8459699699689995,0.0,5.001001001
2021-06-21,0.964,4.820964964963999,0.0,5.001001001
2021-06-22,0.97,4.85097097097,0.0,5.001001001
2021-06-23,0.972,4.860972972971999,0.0,5.001001001
2021-06-24,0.974,4.870974974974,0.0,5.001001001
2021-06-25,0.988,4.940988988988,0.0,5.001001001
2021-06-28,0.985,4.925985985984999,0.0,5.001001001
2021-06-29,0.976,4.880976976975999,0.0,5.001001001
2021-06-30,0.983,4.915983983983,0.0,5.001001001
2021-07-01,0.977,4.885977977976999,0.0,5.001001001
2021-07-02,0.962,4.810962962962,0.0,5.001001001
2021-07-05,0.966,4.830966966966,0.0,5.001001001
2021-07-06,0.973,4.8659739739729995,0.0,5.001001001
2021-07-07,0.975,4.875975975975,0.0,5.001001001
2021-07-08,0.967,4.835967967966999,0.0,5.001001001
2021-07-09,0.97,4.85097097097,0.0,5.001001001
2021-07-12,0.973,4.8659739739729995,0.0,5.001001001
2021-07-13,0.978,4.890978978978,0.0,5.001001001
2021-07-14,0.969,4.8459699699689995,0.0,5.001001001
2021-07-15,0.977,4.885977977976999,0.0,5.001001001
2021-07-16,0.975,4.875975975975,0.0,5.001001001
2021-07-19,0.976,4.880976976975999,0.0,5.001001001
2021-07-20,0.973,4.8659739739729995,0.0,5.001001001
2021-07-21,0.979,4.895979979979,0.0,5.001001001
2021-07-22,0.986,4.9309869869859995,0.0,5.001001001
2021-07-23,0.984,4.920984984984,0.0,5.001001001
2021-07-26,0.96,4.8009609609599995,0.0,5.001001001
2021-07-27,0.94,4.70094094094,0.0,5.001001001
2021-07-28,0.932,4.660932932932,0.0,5.001001001
2021-07-29,0.939,4.695939939939,0.0,5.001001001
2021-07-30,0.937,4.685937937937,0.0,5.001001001
2021-08-02,0.958,4.790958958957999,0.0,5.001001001
2021-08-03,0.952,4.760952952952,0.0,5.001001001
2021-08-04,0.956,4.7809569569559995,0.0,5.001001001
2021-08-05,0.954,4.770954954953999,0.0,5.001001001
2021-08-06,0.953,4.765953953953,0.0,5.001001001
2021-08-09,0.966,4.830966966966,0.0,5.001001001
2021-08-10,0.977,4.885977977976999,0.0,5.001001001
2021-08-11,0.975,4.875975975975,0.0,5.001001001
2021-08-12,0.973,4.8659739739729995,0.0,5.001001001
2021-08-13,0.973,4.8659739739729995,0.0,5.001001001
2021-08-16,0.976,4.880976976975999,0.0,5.001001001
2021-08-17,0.962,4.810962962962,0.0,5.001001001
2021-08-18,0.97,4.85097097097,0.0,5.001001001
2021-08-19,0.963,4.815963963962999,0.0,5.001001001
2021-08-20,0.955,4.775955955954999,0.0,5.001001001
2021-08-23,0.964,4.820964964963999,0.0,5.001001001
2021-08-24,0.975,4.875975975975,0.0,5.001001001
2021-08-25,0.979,4.895979979979,0.0,5.001001001
2021-08-26,0.969,4.8459699699689995,0.0,5.001001001
2021-08-27,0.979,4.895979979979,0.0,5.001001001
2021-08-30,0.985,4.925985985984999,0.0,5.001001001
2021-08-31,0.989,4.945989989988999,0.0,5.001001001
2021-09-01,1.0,5.001001001,0.0,5.001001001
2021-09-02,1.013,5.066014014012999,0.0,5.001001001
2021-09-03,1.009,5.046010010008999,0.0,5.001001001
2021-09-06,1.02,5.101021021019999,0.0,5.001001001
2021-09-07,1.036,5.181037037036,0.0,5.001001001
2021-09-08,1.032,5.161033033032,0.0,5.001001001
2021-09-09,1.04,5.20104104104,0.0,5.001001001
2021-09-10,1.042,5.211043043042,0.0,5.001001001
2021-09-13,1.047,5.2360480480469995,0.0,5.001001001
2021-09-14,1.035,5.176036036034999,0.0,5.001001001
2021-09-15,1.029,5.146030030028999,0.0,5.001001001
2021-09-16,1.02,5.101021021019999,0.0,5.001001001
2021-09-17,1.018,5.091019019018,0.0,5.001001001
2021-09-22,1.022,5.111023023022,0.0,5.001001001
2021-09-23,1.026,5.131027027026,0.0,5.001001001
2021-09-24,1.014,5.071015015014,0.0,5.001001001
2021-09-27,1.013,5.066014014012999,0.0,5.001001001
2021-09-28,1.019,5.096020020018999,0.0,5.001001001
2021-09-29,1.005,5.026006006004999,0.0,5.001001001
2021-09-30,1.005,5.026006006004999,0.0,5.001001001
2021-10-08,1.016,5.081017017015999,0.0,5.001001001
2021-10-11,1.019,5.096020020018999,0.0,5.001001001
2021-10-12,1.012,5.0610130130119995,0.0,5.001001001
2021-10-13,1.012,5.0610130130119995,0.0,5.001001001
2021-10-14,1.006,5.031007007006,0.0,5.001001001
2021-10-15,1.01,5.05101101101,0.0,5.001001001
2021-10-18,1.007,5.036008008006999,0.0,5.001001001
2021-10-19,1.01,5.05101101101,0.0,5.001001001
2021-10-20,1.009,5.046010010008999,0.0,5.001001001
2021-10-21,1.014,5.071015015014,0.0,5.001001001
2021-10-22,1.013,5.066014014012999,0.0,5.001001001
2021-10-25,1.02,5.101021021019999,0.0,5.001001001
2021-10-26,1.017,5.086018018017,0.0,5.001001001
2021-10-27,1.003,5.016004004002999,0.0,5.001001001
2021-10-28,0.993,4.965993993993,0.0,5.001001001
2021-10-29,0.995,4.9759959959949995,0.0,5.001001001
2021-11-01,0.994,4.970994994993999,0.0,5.001001001
2021-11-02,0.982,4.9109829829819995,0.0,5.001001001
2021-11-03,0.98,4.90098098098,0.0,5.001001001
2021-11-04,0.986,4.9309869869859995,0.0,5.001001001
2021-11-05,0.977,4.885977977976999,0.0,5.001001001
2021-11-08,0.977,4.885977977976999,0.0,5.001001001
2021-11-09,0.98,4.90098098098,0.0,5.001001001
2021-11-10,0.978,4.890978978978,0.0,5.001001001
2021-11-11,0.986,4.9309869869859995,0.0,5.001001001
2021-11-12,0.988,4.940988988988,0.0,5.001001001
2021-11-15,0.989,4.945989989988999,0.0,5.001001001
2021-11-16,0.982,4.9109829829819995,0.0,5.001001001
2021-11-17,0.983,4.915983983983,0.0,5.001001001
2021-11-18,0.982,4.9109829829819995,0.0,5.001001001
2021-11-19,0.993,4.965993993993,0.0,5.001001001
2021-11-22,0.998,4.990998998997999,0.0,5.001001001
2021-11-23,1.0,5.001001001,0.0,5.001001001
2021-11-24,1.002,5.011003003002,0.0,5.001001001
2021-11-25,1.001,5.006002002000999,0.0,5.001001001
2021-11-26,0.997,4.985997997997,0.0,5.001001001
2021-11-29,0.993,4.965993993993,0.0,5.001001001
2021-11-30,0.994,4.970994994993999,0.0,5.001001001
2021-12-01,0.999,4.9959999999989995,0.0,5.001001001
2021-12-02,0.998,4.990998998997999,0.0,5.001001001
2021-12-03,1.008,5.0410090090079995,0.0,5.001001001
2021-12-06,1.005,5.026006006004999,0.0,5.001001001
2021-12-07,1.005,5.026006006004999,0.0,5.001001001
2021-12-08,1.017,5.086018018017,0.0,5.001001001
2021-12-09,1.024,5.121025025024,0.0,5.001001001
2021-12-10,1.021,5.1060220220209995,0.0,5.001001001
2021-12-13,1.025,5.1260260260249995,0.0,5.001001001
2021-12-14,1.02,5.101021021019999,0.0,5.001001001
2021-12-15,1.017,5.086018018017,0.0,5.001001001
2021-12-16,1.026,5.131027027026,0.0,5.001001001
2021-12-17,1.016,5.081017017015999,0.0,5.001001001
2021-12-20,1.005,5.026006006004999,0.0,5.001001001
2021-12-21,1.011,5.056012012010999,0.0,5.001001001
2021-12-22,1.01,5.05101101101,0.0,5.001001001
2021-12-23,1.019,5.096020020018999,0.0,5.001001001
2021-12-24,1.013,5.066014014012999,0.0,5.001001001
2021-12-27,1.012,5.0610130130119995,0.0,5.001001001
2021-12-28,1.014,5.071015015014,0.0,5.001001001
2021-12-29,1.006,5.031007007006,0.0,5.001001001
2021-12-30,1.013,5.066014014012999,0.0,5.001001001
2021-12-31,1.02,5.101021021019999,0.0,5.001001001
2022-01-04,1.02,5.101021021019999,0.0,5.001001001
2022-01-05,1.014,5.071015015014,0.0,5.001001001
2022-01-06,1.011,5.056012012010999,0.0,5.001001001
2022-01-07,1.01,5.05101101101,0.0,5.001001001
2022-01-10,1.012,5.0610130130119995,0.0,5.001001001
2022-01-11,1.006,5.031007007006,0.0,5.001001001
2022-01-12,1.013,5.066014014012999,0.0,5.001001001
2022-01-13,1.005,5.026006006004999,0.0,5.001001001
2022-01-14,0.995,4.9759959959949995,0.0,5.001001001
2022-01-17,0.999,4.9959999999989995,0.0,5.001001001
2022-01-18,1.005,5.026006006004999,0.0,5.001001001
2022-01-19,1.005,5.026006006004999,0.0,5.001001001
2022-01-20,1.006,5.031007007006,0.0,5.001001001
2022-01-21,0.997,4.985997997997,0.0,5.001001001
2022-01-24,0.995,4.9759959959949995,0.0,5.001001001
2022-01-25,0.971,4.855971971971,0.0,5.001001001
2022-01-26,0.977,4.885977977976999,0.0,5.001001001
2022-01-27,0.963,4.815963963962999,0.0,5.001001001
2022-01-28,0.953,4.765953953953,0.0,5.001001001
2022-02-07,0.968,4.840968968967999,0.0,5.001001001
2022-02-08,0.977,4.885977977976999,0.0,5.001001001
2022-02-09,0.983,4.915983983983,0.0,5.001001001
2022-02-10,0.987,4.935987987987,0.0,5.001001001
2022-02-11,0.983,4.915983983983,0.0,5.001001001
2022-02-14,0.973,4.8659739739729995,0.0,5.001001001
2022-02-15,0.978,4.890978978978,0.0,5.001001001
2022-02-16,0.98,4.90098098098,0.0,5.001001001
2022-02-17,0.981,4.905981981980999,0.0,5.001001001
2022-02-18,0.99,4.950990990989999,0.0,5.001001001
2022-02-21,0.989,4.945989989988999,0.0,5.001001001
2022-02-22,0.979,4.895979979979,0.0,5.001001001
2022-02-23,0.985,4.925985985984999,0.0,5.001001001
2022-02-24,0.97,4.85097097097,0.0,5.001001001
2022-02-25,0.975,4.875975975975,0.0,5.001001001
2022-02-28,0.976,4.880976976975999,0.0,5.001001001
2022-03-01,0.987,4.935987987987,0.0,5.001001001
2022-03-02,0.987,4.935987987987,0.0,5.001001001
2022-03-03,0.986,4.9309869869859995,0.0,5.001001001
2022-03-04,0.975,4.875975975975,0.0,5.001001001
2022-03-07,0.958,4.790958958957999,0.0,5.001001001
2022-03-08,0.937,4.685937937937,0.0,5.001001001
2022-03-09,0.927,4.635927927927,0.0,5.001001001
2022-03-10,0.931,4.655931931931,0.0,5.001001001
2022-03-11,0.935,4.675935935935,0.0,5.001001001
2022-03-14,0.913,4.565913913913,0.0,5.001001001
2022-03-15,0.872,4.360872872872,0.0,5.001001001
2022-03-16,0.894,4.470894894894,0.0,5.001001001
2022-03-17,0.905,4.525905905905,0.0,5.001001001
2022-03-18,0.916,4.580916916916,0.0,5.001001001
2022-03-21,0.917,4.5859179179169995,0.0,5.001001001
2022-03-22,0.92,4.60092092092,0.0,5.001001001
2022-03-23,0.922,4.610922922922,0.0,5.001001001
2022-03-24,0.919,4.595919919919,0.0,5.001001001
2022-03-25,0.912,4.560912912912,0.0,5.001001001
2022-03-28,0.912,4.560912912912,0.0,5.001001001
2022-03-29,0.91,4.55091091091,0.0,5.001001001
2022-03-30,0.928,4.640928928928,0.0,5.001001001
2022-03-31,0.924,4.620924924924,0.0,5.001001001
2022-04-01,0.935,4.675935935935,0.0,5.001001001
2022-04-06,0.938,4.690938938937999,0.0,5.001001001
2022-04-07,0.924,4.620924924924,0.0,5.001001001
2022-04-08,0.931,4.655931931931,0.0,5.001001001
2022-04-11,0.913,4.565913913913,0.0,5.001001001
2022-04-12,0.919,4.595919919919,0.0,5.001001001
2022-04-13,0.913,4.565913913913,0.0,5.001001001
2022-04-14,0.923,4.615923923923,0.0,5.001001001
2022-04-15,0.92,4.60092092092,0.0,5.001001001
2022-04-18,0.911,4.555911911911,0.0,5.001001001
2022-04-19,0.913,4.565913913913,0.0,5.001001001
2022-04-20,0.901,4.505901901901,0.0,5.001001001
2022-04-21,0.882,4.4108828828819995,0.0,5.001001001
2022-04-22,0.886,4.430886886885999,0.0,5.001001001
2022-04-25,0.848,4.240848848848,0.0,5.001001001
2022-04-26,0.833,4.165833833832999,0.0,5.001001001
2022-04-27,0.851,4.255851851850999,0.0,5.001001001
2022-04-28,0.858,4.290858858858,0.0,5.001001001
2022-04-29,0.877,4.385877877876999,0.0,5.001001001
2022-05-05,0.885,4.425885885885,0.0,5.001001001
2022-05-06,0.865,4.3258658658649995,0.0,5.001001001
2022-05-09,0.864,4.320864864863999,0.0,5.001001001
2022-05-10,0.871,4.355871871871,0.0,5.001001001
2022-05-11,0.876,4.380876876876,0.0,5.001001001
2022-05-12,0.877,4.385877877876999,0.0,5.001001001
2022-05-13,0.885,4.425885885885,0.0,5.001001001
2022-05-16,0.881,4.405881881881,0.0,5.001001001
2022-05-17,0.886,4.430886886885999,0.0,5.001001001
2022-05-18,0.883,4.415883883883,0.0,5.001001001
2022-05-19,0.887,4.435887887887,0.0,5.001001001
2022-05-20,0.902,4.510902902902,0.0,5.001001001
2022-05-23,0.9,4.5009009009,0.0,5.001001001
2022-05-24,0.881,4.405881881881,0.0,5.001001001
2022-05-25,0.894,4.470894894894,0.0,5.001001001
2022-05-26,0.895,4.4758958958949995,0.0,5.001001001
2022-05-27,0.898,4.490898898898,0.0,5.001001001
2022-05-30,0.902,4.510902902902,0.0,5.001001001
2022-05-31,0.912,4.560912912912,0.0,5.001001001
2022-06-01,0.911,4.555911911911,0.0,5.001001001
2022-06-02,0.913,4.565913913913,0.0,5.001001001
2022-06-06,0.923,4.615923923923,0.0,5.001001001
2022-06-07,0.925,4.625925925925,0.0,5.001001001
2022-06-08,0.934,4.670934934934,0.0,5.001001001
2022-06-09,0.929,4.645929929929,0.0,5.001001001
2022-06-10,0.94,4.70094094094,0.0,5.001001001
2022-06-13,0.933,4.665933933933,0.0,5.001001001
2022-06-14,0.945,4.725945945944999,0.0,5.001001001
2022-06-15,0.953,4.765953953953,0.0,5.001001001
2022-06-16,0.941,4.705941941940999,0.0,5.001001001
2022-06-17,0.951,4.755951951950999,0.0,5.001001001
2022-06-20,0.951,4.755951951950999,0.0,5.001001001
2022-06-21,0.946,4.730946946945999,0.0,5.001001001
2022-06-22,0.936,4.680936936936,0.0,5.001001001
2022-06-23,0.952,4.760952952952,0.0,5.001001001
2022-06-24,0.958,4.790958958957999,0.0,5.001001001
2022-06-27,0.967,4.835967967966999,0.0,5.001001001
2022-06-28,0.977,4.885977977976999,0.0,5.001001001
2022-06-29,0.961,4.805961961961,0.0,5.001001001
2022-06-30,0.974,4.870974974974,0.0,5.001001001
2022-07-01,0.972,4.860972972971999,0.0,5.001001001
2022-07-04,0.974,4.870974974974,0.0,5.001001001
2022-07-05,0.975,4.875975975975,0.0,5.001001001
2022-07-06,0.965,4.825965965965,0.0,5.001001001
2022-07-07,0.966,4.830966966966,0.0,5.001001001
2022-07-08,0.961,4.805961961961,0.0,5.001001001
2022-07-11,0.949,4.745949949949,0.0,5.001001001
2022-07-12,0.949,4.745949949949,0.0,5.001001001
2022-07-13,0.947,4.7359479479469995,0.0,5.001001001
2022-07-14,0.946,4.730946946945999,0.0,5.001001001
2022-07-15,0.936,4.680936936936,0.0,5.001001001
2022-07-18,0.952,4.760952952952,0.0,5.001001001
2022-07-19,0.948,4.740948948948,0.0,5.001001001
2022-07-20,0.956,4.7809569569559995,0.0,5.001001001
2022-07-21,0.948,4.740948948948,0.0,5.001001001
2022-07-22,0.945,4.725945945944999,0.0,5.001001001
2022-07-25,0.942,4.710942942941999,0.0,5.001001001
2022-07-26,0.948,4.740948948948,0.0,5.001001001
2022-07-27,0.947,4.7359479479469995,0.0,5.001001001
2022-07-28,0.948,4.740948948948,0.0,5.001001001
2022-07-29,0.94,4.70094094094,0.0,5.001001001
2022-08-01,0.94,4.70094094094,0.0,5.001001001
2022-08-02,0.921,4.6059219219209995,0.0,5.001001001
2022-08-03,0.915,4.575915915915,0.0,5.001001001
2022-08-04,0.921,4.6059219219209995,0.0,5.001001001
2022-08-05,0.934,4.670934934934,0.0,5.001001001
2022-08-08,0.936,4.680936936936,0.0,5.001001001
2022-08-09,0.939,4.695939939939,0.0,5.001001001
2022-08-10,0.934,4.670934934934,0.0,5.001001001
2022-08-11,0.949,4.745949949949,0.0,5.001001001
2022-08-12,0.948,4.740948948948,0.0,5.001001001
2022-08-15,0.948,4.740948948948,0.0,5.001001001
2022-08-16,0.95,4.750950950949999,0.0,5.001001001
2022-08-17,0.955,4.775955955954999,0.0,5.001001001
2022-08-18,0.95,4.750950950949999,0.0,5.001001001
2022-08-19,0.948,4.740948948948,0.0,5.001001001
2022-08-22,0.95,4.750950950949999,0.0,5.001001001
2022-08-23,0.948,4.740948948948,0.0,5.001001001
2022-08-24,0.933,4.665933933933,0.0,5.001001001
2022-08-25,0.939,4.695939939939,0.0,5.001001001
2022-08-26,0.939,4.695939939939,0.0,5.001001001
2022-08-29,0.937,4.685937937937,0.0,5.001001001
2022-08-30,0.932,4.660932932932,0.0,5.001001001
2022-08-31,0.927,4.635927927927,0.0,5.001001001
2022-09-01,0.922,4.610922922922,0.0,5.001001001
2022-09-02,0.924,4.620924924924,0.0,5.001001001
2022-09-05,0.927,4.635927927927,0.0,5.001001001
2022-09-06,0.939,4.695939939939,0.0,5.001001001
2022-09-07,0.937,4.685937937937,0.0,5.001001001
2022-09-08,0.933,4.665933933933,0.0,5.001001001
2022-09-09,0.943,4.7159439439429995,0.0,5.001001001
2022-09-13,0.942,4.710942942941999,0.0,5.001001001
2022-09-14,0.936,4.680936936936,0.0,5.001001001
2022-09-15,0.927,4.635927927927,0.0,5.001001001
2022-09-16,0.906,4.530906906906,0.0,5.001001001
2022-09-19,0.903,4.515903903903,0.0,5.001001001
2022-09-20,0.903,4.515903903903,0.0,5.001001001
2022-09-21,0.904,4.5209049049039995,0.0,5.001001001
2022-09-22,0.899,4.495899899898999,0.0,5.001001001
2022-09-23,0.896,4.480896896896,0.0,5.001001001
2022-09-26,0.885,4.425885885885,0.0,5.001001001
2022-09-27,0.895,4.4758958958949995,0.0,5.001001001
2022-09-28,0.882,4.4108828828819995,0.0,5.001001001
2022-09-29,0.883,4.415883883883,0.0,5.001001001
2022-09-30,0.88,4.40088088088,0.0,5.001001001
2022-10-10,0.865,4.3258658658649995,0.0,5.001001001
2022-10-11,0.867,4.335867867867,0.0,5.001001001
2022-10-12,0.879,4.395879879879,0.0,5.001001001
2022-10-13,0.875,4.375875875875,0.0,5.001001001
2022-10-14,0.891,4.4558918918909995,0.0,5.001001001
2022-10-17,0.892,4.460892892892,0.0,5.001001001
2022-10-18,0.89,4.450890890889999,0.0,5.001001001
2022-10-19,0.882,4.4108828828819995,0.0,5.001001001
2022-10-20,0.88,4.40088088088,0.0,5.001001001
2022-10-21,0.878,4.3908788788779995,0.0,5.001001001
2022-10-24,0.861,4.305861861861,0.0,5.001001001
2022-10-25,0.862,4.310862862862,0.0,5.001001001
2022-10-26,0.867,4.335867867867,0.0,5.001001001
2022-10-27,0.863,4.315863863863,0.0,5.001001001
2022-10-28,0.843,4.2158438438429995,0.0,5.001001001
2022-10-31,0.841,4.205841841841,0.0,5.001001001
2022-11-01,0.857,4.285857857857,0.0,5.001001001
2022-11-02,0.865,4.3258658658649995,0.0,5.001001001
2022-11-03,0.867,4.335867867867,0.0,5.001001001
2022-11-04,0.884,4.420884884884,0.0,5.001001001
2022-11-07,0.886,4.430886886885999,0.0,5.001001001
2022-11-08,0.881,4.405881881881,0.0,5.001001001
2022-11-09,0.878,4.3908788788779995,0.0,5.001001001
2022-11-10,0.877,4.385877877876999,0.0,5.001001001
2022-11-11,0.892,4.460892892892,0.0,5.001001001
2022-11-14,0.895,4.4758958958949995,0.0,5.001001001
2022-11-15,0.909,4.545909909909,0.0,5.001001001
2022-11-16,0.901,4.505901901901,0.0,5.001001001
2022-11-17,0.9,4.5009009009,0.0,5.001001001
2022-11-18,0.894,4.470894894894,0.0,5.001001001
2022-11-21,0.888,4.440888888888,0.0,5.001001001
2022-11-22,0.889,4.445889889889,0.0,5.001001001
2022-11-23,0.894,4.470894894894,0.0,5.001001001
2022-11-24,0.889,4.445889889889,0.0,5.001001001
2022-11-25,0.895,4.4758958958949995,0.0,5.001001001
2022-11-28,0.891,4.4558918918909995,0.0,5.001001001
2022-11-29,0.912,4.560912912912,0.0,5.001001001
2022-11-30,0.911,4.555911911911,0.0,5.001001001
2022-12-01,0.914,4.570914914914,0.0,5.001001001
2022-12-02,0.912,4.560912912912,0.0,5.001001001
2022-12-05,0.931,4.655931931931,0.0,5.001001001
2022-12-06,0.928,4.640928928928,0.0,5.001001001
2022-12-07,0.923,4.615923923923,0.0,5.001001001
2022-12-08,0.924,4.620924924924,0.0,5.001001001
2022-12-09,0.927,4.635927927927,0.0,5.001001001
2022-12-12,0.919,4.595919919919,0.0,5.001001001
2022-12-13,0.918,4.590918918918,0.0,5.001001001
2022-12-14,0.918,4.590918918918,0.0,5.001001001
2022-12-15,0.917,4.5859179179169995,0.0,5.001001001
2022-12-16,0.915,4.575915915915,0.0,5.001001001
2022-12-19,0.899,4.495899899898999,0.0,5.001001001
2022-12-20,0.89,4.450890890889999,0.0,5.001001001
2022-12-21,0.888,4.440888888888,0.0,5.001001001
2022-12-22,0.886,4.430886886885999,0.0,5.001001001
2022-12-23,0.881,4.405881881881,0.0,5.001001001
2022-12-26,0.886,4.430886886885999,0.0,5.001001001
2022-12-27,0.893,4.465893893893,0.0,5.001001001
2022-12-28,0.89,4.450890890889999,0.0,5.001001001
2022-12-29,0.888,4.440888888888,0.0,5.001001001
2022-12-30,0.893,4.465893893893,0.0,5.001001001
2023-01-03,0.902,4.510902902902,0.0,5.001001001
2023-01-04,0.903,4.515903903903,0.0,5.001001001
2023-01-05,0.914,4.570914914914,0.0,5.001001001
2023-01-06,0.914,4.570914914914,0.0,5.001001001
2023-01-09,0.92,4.60092092092,0.0,5.001001001
2023-01-10,0.918,4.590918918918,0.0,5.001001001
2023-01-11,0.915,4.575915915915,0.0,5.001001001
2023-01-12,0.918,4.590918918918,0.0,5.001001001
2023-01-13,0.929,4.645929929929,0.0,5.001001001
2023-01-16,0.936,4.680936936936,0.0,5.001001001
2023-01-17,0.936,4.680936936936,0.0,5.001001001
2023-01-18,0.936,4.680936936936,0.0,5.001001001
2023-01-19,0.942,4.710942942941999,0.0,5.001001001
2023-01-20,0.949,4.745949949949,0.0,5.001001001
2023-01-30,0.949,4.745949949949,0.0,5.001001001
2023-01-31,0.945,4.725945945944999,0.0,5.001001001
2023-02-01,0.955,4.775955955954999,0.0,5.001001001
2023-02-02,0.952,4.760952952952,0.0,5.001001001
2023-02-03,0.946,4.730946946945999,0.0,5.001001001
2023-02-06,0.94,4.70094094094,0.0,5.001001001
2023-02-07,0.942,4.710942942941999,0.0,5.001001001
2023-02-08,0.937,4.685937937937,0.0,5.001001001
2023-02-09,0.95,4.750950950949999,0.0,5.001001001
2023-02-10,0.945,4.725945945944999,0.0,5.001001001
2023-02-13,0.952,4.760952952952,0.0,5.001001001
2023-02-14,0.954,4.770954954953999,0.0,5.001001001
2023-02-15,0.951,4.755951951950999,0.0,5.001001001
2023-02-16,0.941,4.705941941940999,0.0,5.001001001
2023-02-17,0.934,4.670934934934,0.0,5.001001001
2023-02-20,0.959,4.795959959958999,0.0,5.001001001
2023-02-21,0.961,4.805961961961,0.0,5.001001001
2023-02-22,0.956,4.7809569569559995,0.0,5.001001001
2023-02-23,0.954,4.770954954953999,0.0,5.001001001
2023-02-24,0.948,4.740948948948,0.0,5.001001001
2023-02-27,0.946,4.730946946945999,0.0,5.001001001
2023-02-28,0.956,4.7809569569559995,0.0,5.001001001
2023-03-01,0.967,4.835967967966999,0.0,5.001001001
2023-03-02,0.964,4.820964964963999,0.0,5.001001001
2023-03-03,0.968,4.840968968967999,0.0,5.001001001
2023-03-06,0.965,4.825965965965,0.0,5.001001001
2023-03-07,0.952,4.760952952952,0.0,5.001001001
2023-03-08,0.956,4.7809569569559995,0.0,5.001001001
2023-03-09,0.952,4.760952952952,0.0,5.001001001
2023-03-10,0.94,4.70094094094,0.0,5.001001001
2023-03-13,0.949,4.745949949949,0.0,5.001001001
2023-03-14,0.944,4.720944944944,0.0,5.001001001
2023-03-15,0.95,4.750950950949999,0.0,5.001001001
2023-03-16,0.945,4.725945945944999,0.0,5.001001001
2023-03-17,0.953,4.765953953953,0.0,5.001001001
2023-03-20,0.947,4.7359479479469995,0.0,5.001001001
2023-03-21,0.953,4.765953953953,0.0,5.001001001
2023-03-22,0.958,4.790958958957999,0.0,5.001001001
2023-03-23,0.962,4.810962962962,0.0,5.001001001
2023-03-24,0.954,4.770954954953999,0.0,5.001001001
2023-03-27,0.953,4.765953953953,0.0,5.001001001
2023-03-28,0.952,4.760952952952,0.0,5.001001001
2023-03-29,0.951,4.755951951950999,0.0,5.001001001
2023-03-30,0.954,4.770954954953999,0.0,5.001001001
2023-03-31,0.959,4.795959959958999,0.0,5.001001001
2023-04-03,0.965,4.825965965965,0.0,5.001001001
2023-04-04,0.968,4.840968968967999,0.0,5.001001001
2023-04-06,0.968,4.840968968967999,0.0,5.001001001
2023-04-07,0.972,4.860972972971999,0.0,5.001001001
2023-04-10,0.971,4.855971971971,0.0,5.001001001
2023-04-11,0.972,4.860972972971999,0.0,5.001001001
2023-04-12,0.975,4.875975975975,0.0,5.001001001
2023-04-13,0.973,4.8659739739729995,0.0,5.001001001
2023-04-14,0.979,4.895979979979,0.0,5.001001001
2023-04-17,0.997,4.985997997997,0.0,5.001001001
2023-04-18,0.999,4.9959999999989995,0.0,5.001001001
2023-04-19,0.992,4.960992992992,0.0,5.001001001
2023-04-20,0.992,4.960992992992,0.0,5.001001001
2023-04-21,0.971,4.855971971971,0.0,5.001001001
2023-04-24,0.967,4.835967967966999,0.0,5.001001001
2023-04-25,0.962,4.810962962962,0.0,5.001001001
2023-04-26,0.961,4.805961961961,0.0,5.001001001
2023-04-27,0.967,4.835967967966999,0.0,5.001001001
2023-04-28,0.98,4.90098098098,0.0,5.001001001
2023-05-04,0.988,4.940988988988,0.0,5.001001001
2023-05-05,0.982,4.9109829829819995,0.0,5.001001001
2023-05-08,0.999,4.9959999999989995,0.0,5.001001001
2023-05-09,0.986,4.9309869869859995,0.0,5.001001001
2023-05-10,0.976,4.880976976975999,0.0,5.001001001
2023-05-11,0.973,4.8659739739729995,0.0,5.001001001
2023-05-12,0.96,4.8009609609599995,0.0,5.001001001
2023-05-15,0.975,4.875975975975,0.0,5.001001001
2023-05-16,0.967,4.835967967966999,0.0,5.001001001
2023-05-17,0.968,4.840968968967999,0.0,5.001001001
2023-05-18,0.969,4.8459699699689995,0.0,5.001001001
2023-05-19,0.967,4.835967967966999,0.0,5.001001001
2023-05-22,0.971,4.855971971971,0.0,5.001001001
2023-05-23,0.957,4.785957957957,0.0,5.001001001
2023-05-24,0.945,4.725945945944999,0.0,5.001001001
2023-05-25,0.944,4.720944944944,0.0,5.001001001
2023-05-26,0.946,4.730946946945999,0.0,5.001001001
2023-05-29,0.949,4.745949949949,0.0,5.001001001
2023-05-30,0.95,4.750950950949999,0.0,5.001001001
2023-05-31,0.943,4.7159439439429995,0.0,5.001001001
2023-06-01,0.943,4.7159439439429995,0.0,5.001001001
2023-06-02,0.95,4.750950950949999,0.0,5.001001001
2023-06-05,0.949,4.745949949949,0.0,5.001001001
2023-06-06,0.942,4.710942942941999,0.0,5.001001001
2023-06-07,0.943,4.7159439439429995,0.0,5.001001001
2023-06-08,0.946,4.730946946945999,0.0,5.001001001
2023-06-09,0.953,4.765953953953,0.0,5.001001001
2023-06-12,0.952,4.760952952952,0.0,5.001001001
2023-06-13,0.955,4.775955955954999,0.0,5.001001001
2023-06-14,0.954,4.770954954953999,0.0,5.001001001
2023-06-15,0.961,4.805961961961,0.0,5.001001001
2023-06-16,0.968,4.840968968967999,0.0,5.001001001
2023-06-19,0.968,4.840968968967999,0.0,5.001001001
2023-06-20,0.884,4.4968848848839995,0.076,5.001001001
2023-06-21,0.875,4.4518758758749994,0.076,5.001001001
2023-06-26,0.862,4.3868628628619994,0.076,5.001001001
2023-06-27,0.869,4.421869869868999,0.076,5.001001001
2023-06-28,0.871,4.4318718718709995,0.076,5.001001001
2023-06-29,0.87,4.426870870869999,0.076,5.001001001
2023-06-30,0.877,4.461877877876999,0.076,5.001001001
2023-07-03,0.886,4.506886886885999,0.076,5.001001001
2023-07-04,0.886,4.506886886885999,0.076,5.001001001
2023-07-05,0.883,4.491883883882999,0.076,5.001001001
2023-07-06,0.878,4.466878878877999,0.076,5.001001001
2023-07-07,0.875,4.4518758758749994,0.076,5.001001001
2023-07-10,0.878,4.466878878877999,0.076,5.001001001
2023-07-11,0.883,4.491883883882999,0.076,5.001001001
2023-07-12,0.877,4.461877877876999,0.076,5.001001001
2023-07-13,0.887,4.511887887886999,0.076,5.001001001
2023-07-14,0.89,4.526890890889999,0.076,5.001001001
2023-07-17,0.885,4.501885885885,0.076,5.001001001
2023-07-18,0.883,4.491883883882999,0.076,5.001001001
2023-07-19,0.884,4.4968848848839995,0.076,5.001001001
2023-07-20,0.875,4.4518758758749994,0.076,5.001001001
2023-07-21,0.876,4.456876876876,0.076,5.001001001
2023-07-24,0.875,4.4518758758749994,0.076,5.001001001
2023-07-25,0.896,4.556896896895999,0.076,5.001001001
2023-07-26,0.892,4.536892892891999,0.076,5.001001001
2023-07-27,0.891,4.531891891890999,0.076,5.001001001
2023-07-28,0.909,4.621909909908999,0.076,5.001001001
2023-07-31,0.912,4.636912912912,0.076,5.001001001
2023-08-01,0.911,4.631911911911,0.076,5.001001001
2023-08-02,0.906,4.606906906906,0.076,5.001001001
2023-08-03,0.91,4.6269109109099995,0.076,5.001001001
2023-08-04,0.913,4.641913913912999,0.076,5.001001001
2023-08-07,0.907,4.611907907907,0.076,5.001001001
2023-08-08,0.906,4.606906906906,0.076,5.001001001
2023-08-09,0.903,4.591903903903,0.076,5.001001001
2023-08-10,0.904,4.596904904903999,0.076,5.001001001
2023-08-11,0.888,4.516888888887999,0.076,5.001001001
2023-08-14,0.885,4.501885885885,0.076,5.001001001
2023-08-15,0.883,4.491883883882999,0.076,5.001001001
2023-08-16,0.877,4.461877877876999,0.076,5.001001001
2023-08-17,0.881,4.481881881881,0.076,5.001001001
2023-08-18,0.874,4.446874874873999,0.076,5.001001001
2023-08-21,0.862,4.3868628628619994,0.076,5.001001001
2023-08-22,0.87,4.426870870869999,0.076,5.001001001
2023-08-23,0.825,4.2378258258249994,0.112,5.001001001
2023-08-24,0.827,4.247827827827,0.112,5.001001001
2023-08-25,0.82,4.212820820819999,0.112,5.001001001
2023-08-28,0.831,4.267831831831,0.112,5.001001001
2023-08-29,0.84,4.31284084084,0.112,5.001001001
2023-08-30,0.84,4.31284084084,0.112,5.001001001
2023-08-31,0.835,4.287835835835,0.112,5.001001001
2023-09-01,0.837,4.297837837836999,0.112,5.001001001
2023-09-04,0.847,4.3478478478469995,0.112,5.001001001
2023-09-05,0.843,4.327843843843,0.112,5.001001001
2023-09-06,0.845,4.337845845845,0.112,5.001001001
2023-09-07,0.834,4.2828348348339995,0.112,5.001001001
2023-09-08,0.834,4.2828348348339995,0.112,5.001001001
2023-09-11,0.839,4.307839839839,0.112,5.001001001
2023-09-12,0.839,4.307839839839,0.112,5.001001001
2023-09-13,0.835,4.287835835835,0.112,5.001001001
2023-09-14,0.837,4.297837837836999,0.112,5.001001001
2023-09-15,0.834,4.2828348348339995,0.112,5.001001001
2023-09-18,0.838,4.3028388388379994,0.112,5.001001001
2023-09-19,0.838,4.3028388388379994,0.112,5.001001001
2023-09-20,0.836,4.292836836836,0.112,5.001001001
2023-09-21,0.83,4.26283083083,0.112,5.001001001
2023-09-22,0.842,4.322842842841999,0.112,5.001001001
2023-09-25,0.837,4.297837837836999,0.112,5.001001001
2023-09-26,0.834,4.2828348348339995,0.112,5.001001001
2023-09-27,0.838,4.3028388388379994,0.112,5.001001001
2023-09-28,0.836,4.292836836836,0.112,5.001001001
2023-10-09,0.832,4.272832832832,0.112,5.001001001
2023-10-10,0.825,4.2378258258249994,0.112,5.001001001
2023-10-11,0.826,4.242826826826,0.112,5.001001001
2023-10-12,0.832,4.272832832832,0.112,5.001001001
2023-10-13,0.828,4.252828828827999,0.112,5.001001001
2023-10-16,0.824,4.232824824823999,0.112,5.001001001
2023-10-17,0.827,4.247827827827,0.112,5.001001001
2023-10-18,0.821,4.2178218218209995,0.112,5.001001001
2023-10-19,0.805,4.137805805805,0.112,5.001001001
2023-10-20,0.798,4.102798798798,0.112,5.001001001
2023-10-23,0.788,4.052788788788,0.112,5.001001001
2023-10-24,0.793,4.077793793793,0.112,5.001001001
2023-10-25,0.797,4.097797797797,0.112,5.001001001
2023-10-26,0.801,4.117801801801,0.112,5.001001001
2023-10-27,0.807,4.147807807807,0.112,5.001001001
2023-10-30,0.808,4.152808808808,0.112,5.001001001
2023-10-31,0.804,4.1328048048040005,0.112,5.001001001
2023-11-01,0.805,4.137805805805,0.112,5.001001001
2023-11-02,0.803,4.127803803803,0.112,5.001001001
2023-11-03,0.808,4.152808808808,0.112,5.001001001
2023-11-06,0.816,4.192816816815999,0.112,5.001001001
2023-11-07,0.815,4.187815815814999,0.112,5.001001001
2023-11-08,0.814,4.182814814814,0.112,5.001001001
2023-11-09,0.813,4.177813813813,0.112,5.001001001
2023-11-10,0.81,4.16281081081,0.112,5.001001001
2023-11-13,0.811,4.167811811811,0.112,5.001001001
2023-11-14,0.816,4.192816816815999,0.112,5.001001001
2023-11-15,0.82,4.212820820819999,0.112,5.001001001
2023-11-16,0.814,4.182814814814,0.112,5.001001001
2023-11-17,0.815,4.187815815814999,0.112,5.001001001
2023-11-20,0.819,4.207819819819,0.112,5.001001001
2023-11-21,0.82,4.212820820819999,0.112,5.001001001
2023-11-22,0.813,4.177813813813,0.112,5.001001001
2023-11-23,0.818,4.202818818818,0.112,5.001001001
2023-11-24,0.811,4.167811811811,0.112,5.001001001
2023-11-27,0.809,4.157809809809,0.112,5.001001001
2023-11-28,0.809,4.157809809809,0.112,5.001001001
2023-11-29,0.805,4.137805805805,0.112,5.001001001
2023-11-30,0.807,4.147807807807,0.112,5.001001001
2023-12-01,0.807,4.147807807807,0.112,5.001001001
2023-12-04,0.804,4.1328048048040005,0.112,5.001001001
2023-12-05,0.791,4.067791791791,0.112,5.001001001
2023-12-06,0.79,4.062790790789999,0.112,5.001001001
2023-12-07,0.788,4.052788788788,0.112,5.001001001
2023-12-08,0.789,4.057789789789,0.112,5.001001001
2023-12-11,0.794,4.082794794794,0.112,5.001001001
2023-12-12,0.797,4.097797797797,0.112,5.001001001
2023-12-13,0.789,4.057789789789,0.112,5.001001001
2023-12-14,0.786,4.0427867867859995,0.112,5.001001001
2023-12-15,0.783,4.027783783783,0.112,5.001001001
2023-12-18,0.78,4.01278078078,0.112,5.001001001
2023-12-19,0.779,4.007779779779,0.112,5.001001001
2023-12-20,0.71,3.7257107107099996,0.175,5.001001001
2023-12-21,0.714,3.7457147147139995,0.175,5.001001001
2023-12-22,0.713,3.7407137137129993,0.175,5.001001001
2023-12-25,0.715,3.7507157157149993,0.175,5.001001001
2023-12-26,0.711,3.7307117117109994,0.175,5.001001001
2023-12-27,0.714,3.7457147147139995,0.175,5.001001001
2023-12-28,0.724,3.7957247247239994,0.175,5.001001001
2023-12-29,0.729,3.8207297297289995,0.175,5.001001001
2024-01-02,0.726,3.8057267267259993,0.175,5.001001001
2024-01-03,0.728,3.8157287287279993,0.175,5.001001001
2024-01-04,0.724,3.7957247247239994,0.175,5.001001001
2024-01-05,0.72,3.7757207207199994,0.175,5.001001001
2024-01-08,0.71,3.7257107107099996,0.175,5.001001001
2024-01-09,0.712,3.7357127127119996,0.175,5.001001001
2024-01-10,0.707,3.7107077077069994,0.175,5.001001001
2024-01-11,0.709,3.7207097097089994,0.175,5.001001001
2024-01-12,0.708,3.715708708707999,0.175,5.001001001
2024-01-15,0.709,3.7207097097089994,0.175,5.001001001
2024-01-16,0.709,3.7207097097089994,0.175,5.001001001
2024-01-17,0.695,3.650695695694999,0.175,5.001001001
2024-01-18,0.697,3.660697697696999,0.175,5.001001001
2024-01-19,0.693,3.6406936936929992,0.175,5.001001001
2024-01-22,0.675,3.550675675675,0.175,5.001001001
2024-01-23,0.679,3.570679679679,0.175,5.001001001
2024-01-24,0.69,3.6256906906899995,0.175,5.001001001
2024-01-25,0.711,3.7307117117109994,0.175,5.001001001
2024-01-26,0.713,3.7407137137129993,0.175,5.001001001
2024-01-29,0.707,3.7107077077069994,0.175,5.001001001
2024-01-30,0.695,3.650695695694999,0.175,5.001001001
2024-01-31,0.688,3.6156886886879995,0.175,5.001001001
2024-02-01,0.682,3.5856826826819996,0.175,5.001001001
2024-02-02,0.674,3.5456746746739998,0.175,5.001001001
2024-02-05,0.666,3.505666666666,0.175,5.001001001
2024-02-06,0.689,3.6206896896889993,0.175,5.001001001
2024-02-07,0.699,3.6706996996989996,0.175,5.001001001
2024-02-08,0.704,3.6957047047039993,0.175,5.001001001
2024-02-19,0.715,3.7507157157149993,0.175,5.001001001
2024-02-20,0.718,3.7657187187179995,0.175,5.001001001
2024-02-21,0.727,3.8107277277269995,0.175,5.001001001
2024-02-22,0.737,3.8607377377369994,0.175,5.001001001
2024-02-23,0.741,3.8807417417409997,0.175,5.001001001
2024-02-26,0.732,3.8357327327319997,0.175,5.001001001
2024-02-27,0.743,3.8907437437429997,0.175,5.001001001
2024-02-28,0.729,3.8207297297289995,0.175,5.001001001
2024-02-29,0.739,3.8707397397389993,0.175,5.001001001
2024-03-01,0.741,3.8807417417409997,0.175,5.001001001
2024-03-04,0.743,3.8907437437429997,0.175,5.001001001
2024-03-05,0.747,3.9107477477469996,0.175,5.001001001
2024-03-06,0.745,3.9007457457449997,0.175,5.001001001
2024-03-07,0.742,3.8857427427419995,0.175,5.001001001
2024-03-08,0.746,3.9057467467459994,0.175,5.001001001
2024-03-11,0.751,3.9307517517509996,0.175,5.001001001
2024-03-12,0.748,3.9157487487479994,0.175,5.001001001
2024-03-13,0.746,3.9057467467459994,0.175,5.001001001
2024-03-14,0.745,3.9007457457449997,0.175,5.001001001
2024-03-15,0.748,3.9157487487479994,0.175,5.001001001
2024-03-18,0.756,3.9557567567559997,0.175,5.001001001
2024-03-19,0.75,3.92575075075,0.175,5.001001001
2024-03-20,0.752,3.9357527527519998,0.175,5.001001001
2024-03-21,0.752,3.9357527527519998,0.175,5.001001001
2024-03-22,0.744,3.8957447447439995,0.175,5.001001001
2024-03-25,0.74,3.8757407407399995,0.175,5.001001001
2024-03-26,0.741,3.8807417417409997,0.175,5.001001001
2024-03-27,0.733,3.8407337337329994,0.175,5.001001001
2024-03-28,0.735,3.8507357357349994,0.175,5.001001001
2024-03-29,0.743,3.8907437437429997,0.175,5.001001001
2024-04-01,0.752,3.9357527527519998,0.175,5.001001001
2024-04-02,0.752,3.9357527527519998,0.175,5.001001001
2024-04-03,0.752,3.9357527527519998,0.175,5.001001001
2024-04-08,0.746,3.9057467467459994,0.175,5.001001001
2024-04-09,0.746,3.9057467467459994,0.175,5.001001001
2024-04-10,0.743,3.8907437437429997,0.175,5.001001001
2024-04-11,0.743,3.8907437437429997,0.175,5.001001001
2024-04-12,0.738,3.8657387387379996,0.175,5.001001001
2024-04-15,0.747,3.9107477477469996,0.175,5.001001001
2024-04-16,0.736,3.8557367367359996,0.175,5.001001001
2024-04-17,0.749,3.9207497497489996,0.175,5.001001001
2024-04-18,0.749,3.9207497497489996,0.175,5.001001001
2024-04-19,0.747,3.9107477477469996,0.175,5.001001001
2024-04-22,0.742,3.8857427427419995,0.175,5.001001001
2024-04-23,0.737,3.8607377377369994,0.175,5.001001001
2024-04-24,0.742,3.8857427427419995,0.175,5.001001001
2024-04-25,0.744,3.8957447447439995,0.175,5.001001001
2024-04-26,0.753,3.9407537537529995,0.175,5.001001001
2024-04-29,0.759,3.9707597597589994,0.175,5.001001001
2024-04-30,0.758,3.9657587587579997,0.175,5.001001001
2024-05-06,0.765,4.000765765765,0.175,5.001001001
2024-05-07,0.766,4.0057667667659995,0.175,5.001001001
2024-05-08,0.762,3.9857627627619996,0.175,5.001001001
2024-05-09,0.768,4.015768768768,0.175,5.001001001
2024-05-10,0.769,4.020769769769,0.175,5.001001001
2024-05-13,0.765,4.000765765765,0.175,5.001001001
2024-05-14,0.765,4.000765765765,0.175,5.001001001
2024-05-15,0.76,3.9757607607599996,0.175,5.001001001
2024-05-16,0.759,3.9707597597589994,0.175,5.001001001
2024-05-17,0.766,4.0057667667659995,0.175,5.001001001
2024-05-20,0.772,4.035772772772,0.175,5.001001001
2024-05-21,0.767,4.010767767767,0.175,5.001001001
2024-05-22,0.768,4.015768768768,0.175,5.001001001
2024-05-23,0.758,3.9657587587579997,0.175,5.001001001
2024-05-24,0.752,3.9357527527519998,0.175,5.001001001
2024-05-27,0.759,3.9707597597589994,0.175,5.001001001
2024-05-28,0.756,3.9557567567559997,0.175,5.001001001
2024-05-29,0.755,3.9507557557549995,0.175,5.001001001
2024-05-30,0.751,3.9307517517509996,0.175,5.001001001
2024-05-31,0.752,3.9357527527519998,0.175,5.001001001
2024-06-03,0.748,3.9157487487479994,0.175,5.001001001
2024-06-04,0.751,3.9307517517509996,0.175,5.001001001
2024-06-05,0.746,3.9057467467459994,0.175,5.001001001
2024-06-06,0.743,3.8907437437429997,0.175,5.001001001
2024-06-07,0.744,3.8957447447439995,0.175,5.001001001
2024-06-11,0.739,3.8707397397389993,0.175,5.001001001
2024-06-12,0.741,3.8807417417409997,0.175,5.001001001
2024-06-13,0.739,3.8707397397389993,0.175,5.001001001
2024-06-14,0.74,3.8757407407399995,0.175,5.001001001
2024-06-17,0.736,3.8557367367359996,0.175,5.001001001
2024-06-18,0.738,3.8657387387379996,0.175,5.001001001
2024-06-19,0.737,3.8607377377369994,0.175,5.001001001
2024-06-20,0.734,3.8457347347339996,0.175,5.001001001
2024-06-21,0.732,3.8357327327319997,0.175,5.001001001
2024-06-24,0.724,3.7957247247239994,0.175,5.001001001
2024-06-25,0.721,3.7807217217209996,0.175,5.001001001
2024-06-26,0.728,3.8157287287279993,0.175,5.001001001
2024-06-27,0.723,3.7907237237229996,0.175,5.001001001
2024-06-28,0.729,3.8207297297289995,0.175,5.001001001
2024-07-01,0.734,3.8457347347339996,0.175,5.001001001
2024-07-02,0.734,3.8457347347339996,0.175,5.001001001
2024-07-03,0.731,3.8307317317309995,0.175,5.001001001
2024-07-04,0.726,3.8057267267259993,0.175,5.001001001
2024-07-05,0.723,3.7907237237229996,0.175,5.001001001
2024-07-08,0.718,3.7657187187179995,0.175,5.001001001
2024-07-09,0.728,3.8157287287279993,0.175,5.001001001
2024-07-10,0.724,3.7957247247239994,0.175,5.001001001
2024-07-11,0.733,3.8407337337329994,0.175,5.001001001
2024-07-12,0.732,3.8357327327319997,0.175,5.001001001
2024-07-15,0.733,3.8407337337329994,0.175,5.001001001
2024-07-16,0.736,3.8557367367359996,0.175,5.001001001
2024-07-17,0.734,3.8457347347339996,0.175,5.001001001
2024-07-18,0.736,3.8557367367359996,0.175,5.001001001
2024-07-19,0.738,3.8657387387379996,0.175,5.001001001
2024-07-22,0.732,3.8357327327319997,0.175,5.001001001
2024-07-23,0.721,3.7807217217209996,0.175,5.001001001
2024-07-24,0.718,3.7657187187179995,0.175,5.001001001
2024-07-25,0.714,3.7457147147139995,0.175,5.001001001
2024-07-26,0.715,3.7507157157149993,0.175,5.001001001
2024-07-29,0.714,3.7457147147139995,0.175,5.001001001
2024-07-30,0.71,3.7257107107099996,0.175,5.001001001
2024-07-31,0.725,3.8007257257249996,0.175,5.001001001
2024-08-01,0.723,3.7907237237229996,0.175,5.001001001
2024-08-02,0.718,3.7657187187179995,0.175,5.001001001
2024-08-05,0.707,3.7107077077069994,0.175,5.001001001
2024-08-06,0.706,3.705706706705999,0.175,5.001001001
2024-08-07,0.708,3.715708708707999,0.175,5.001001001
2024-08-08,0.709,3.7207097097089994,0.175,5.001001001
2024-08-09,0.706,3.705706706705999,0.175,5.001001001
2024-08-12,0.704,3.6957047047039993,0.175,5.001001001
2024-08-13,0.706,3.705706706705999,0.175,5.001001001
2024-08-14,0.703,3.6907037037029995,0.175,5.001001001
2024-08-15,0.71,3.7257107107099996,0.175,5.001001001
2024-08-16,0.71,3.7257107107099996,0.175,5.001001001
2024-08-19,0.713,3.7407137137129993,0.175,5.001001001
2024-08-20,0.707,3.7107077077069994,0.175,5.001001001
2024-08-21,0.704,3.6957047047039993,0.175,5.001001001
2024-08-22,0.702,3.6857027027019993,0.175,5.001001001
2024-08-23,0.703,3.6907037037029995,0.175,5.001001001
2024-08-26,0.703,3.6907037037029995,0.175,5.001001001
2024-08-27,0.701,3.6807017017009995,0.175,5.001001001
2024-08-28,0.697,3.660697697696999,0.175,5.001001001
2024-08-29,0.695,3.650695695694999,0.175,5.001001001
2024-08-30,0.699,3.6706996996989996,0.175,5.001001001
2024-09-02,0.69,3.6256906906899995,0.175,5.001001001
2024-09-03,0.688,3.6156886886879995,0.175,5.001001001
2024-09-04,0.685,3.600685685685,0.175,5.001001001
2024-09-05,0.686,3.605686686686,0.175,5.001001001
2024-09-06,0.681,3.580681681681,0.175,5.001001001
2024-09-09,0.673,3.540673673673,0.175,5.001001001
2024-09-10,0.675,3.550675675675,0.175,5.001001001
2024-09-11,0.669,3.5206696696689996,0.175,5.001001001
2024-09-12,0.667,3.5106676676669997,0.175,5.001001001
2024-09-13,0.664,3.495664664664,0.175,5.001001001
2024-09-18,0.667,3.5106676676669997,0.175,5.001001001
2024-09-19,0.672,3.535672672672,0.175,5.001001001
2024-09-20,0.672,3.535672672672,0.175,5.001001001
2024-09-23,0.675,3.550675675675,0.175,5.001001001
2024-09-24,0.703,3.6907037037029995,0.175,5.001001001
2024-09-25,0.71,3.7257107107099996,0.175,5.001001001
2024-09-26,0.737,3.8607377377369994,0.175,5.001001001
2024-09-27,0.762,3.9857627627619996,0.175,5.001001001
2024-09-30,0.838,4.365838838837999,0.175,5.001001001
2024-10-08,0.9,4.675900900899999,0.175,5.001001001
2024-10-09,0.81,4.22581081081,0.175,5.001001001
2024-10-10,0.81,4.22581081081,0.175,5.001001001
2024-10-11,0.789,4.120789789789,0.175,5.001001001
2024-10-14,0.803,4.190803803803,0.175,5.001001001
2024-10-15,0.786,4.105786786786,0.175,5.001001001
2024-10-16,0.784,4.095784784784,0.175,5.001001001
2024-10-17,0.776,4.055776776776,0.175,5.001001001
2024-10-18,0.799,4.170799799799,0.175,5.001001001
2024-10-21,0.798,4.165798798798,0.175,5.001001001
2024-10-22,0.804,4.195804804804,0.175,5.001001001
2024-10-23,0.808,4.215808808808,0.175,5.001001001
2024-10-24,0.802,4.185802802802,0.175,5.001001001
2024-10-25,0.806,4.205806806806,0.175,5.001001001
2024-10-28,0.81,4.22581081081,0.175,5.001001001
2024-10-29,0.803,4.190803803803,0.175,5.001001001
2024-10-30,0.796,4.155796796796,0.175,5.001001001
2024-10-31,0.797,4.160797797797,0.175,5.001001001
2024-11-01,0.798,4.165798798798,0.175,5.001001001
2024-11-04,0.805,4.2008058058049995,0.175,5.001001001
2024-11-05,0.826,4.305826826825999,0.175,5.001001001
2024-11-06,0.823,4.290823823823,0.175,5.001001001
2024-11-07,0.845,4.400845845845,0.175,5.001001001
2024-11-08,0.837,4.360837837836999,0.175,5.001001001
2024-11-11,0.841,4.380841841841,0.175,5.001001001
2024-11-12,0.831,4.3308318318309995,0.175,5.001001001
2024-11-13,0.835,4.350835835834999,0.175,5.001001001
2024-11-14,0.821,4.280821821820999,0.175,5.001001001
2024-11-15,0.813,4.240813813812999,0.175,5.001001001
2024-11-18,0.81,4.22581081081,0.175,5.001001001
2024-11-19,0.815,4.250815815814999,0.175,5.001001001
2024-11-20,0.82,4.275820820819999,0.175,5.001001001
2024-11-21,0.82,4.275820820819999,0.175,5.001001001
2024-11-22,0.796,4.155796796796,0.175,5.001001001
2024-11-25,0.794,4.145794794794,0.175,5.001001001
2024-11-26,0.792,4.135792792792,0.175,5.001001001
2024-11-27,0.806,4.205806806806,0.175,5.001001001
2024-11-28,0.801,4.180801801801,0.175,5.001001001
2024-11-29,0.809,4.2208098098089994,0.175,5.001001001
2024-12-02,0.816,4.255816816815999,0.175,5.001001001
2024-12-03,0.821,4.280821821820999,0.175,5.001001001
2024-12-04,0.818,4.2658188188179995,0.175,5.001001001
2024-12-05,0.818,4.2658188188179995,0.175,5.001001001
2024-12-06,0.826,4.305826826825999,0.175,5.001001001
2024-12-09,0.825,4.300825825824999,0.175,5.001001001
2024-12-10,0.83,4.325830830829999,0.175,5.001001001
2024-12-11,0.833,4.340833833832999,0.175,5.001001001
2024-12-12,0.84,4.37584084084,0.175,5.001001001
2024-12-13,0.824,4.295824824823999,0.175,5.001001001
2024-12-16,0.822,4.2858228228219994,0.175,5.001001001
2024-12-17,0.817,4.260817817816999,0.175,5.001001001
2024-12-18,0.821,4.280821821820999,0.175,5.001001001
2024-12-19,0.818,4.2658188188179995,0.175,5.001001001
2024-12-20,0.817,4.260817817816999,0.175,5.001001001
2024-12-23,0.813,4.240813813812999,0.175,5.001001001
2024-12-24,0.825,4.300825825824999,0.175,5.001001001
2024-12-25,0.824,4.295824824823999,0.175,5.001001001
2024-12-26,0.825,4.300825825824999,0.175,5.001001001
2024-12-27,0.826,4.305826826825999,0.175,5.001001001
2024-12-30,0.829,4.320829829828999,0.175,5.001001001
2024-12-31,0.817,4.260817817816999,0.175,5.001001001
2025-01-02,0.794,4.145794794794,0.175,5.001001001
2025-01-03,0.783,4.090783783783,0.175,5.001001001
2025-01-06,0.781,4.080781781781,0.175,5.001001001
2025-01-07,0.786,4.105786786786,0.175,5.001001001
2025-01-08,0.786,4.105786786786,0.175,5.001001001
2025-01-09,0.783,4.090783783783,0.175,5.001001001
2025-01-10,0.774,4.045774774774,0.175,5.001001001
2025-01-13,0.77,4.0257707707699995,0.175,5.001001001
2025-01-14,0.789,4.120789789789,0.175,5.001001001
2025-01-15,0.785,4.100785785785,0.175,5.001001001
2025-01-16,0.787,4.110787787787,0.175,5.001001001
2025-01-17,0.79,4.12579079079,0.175,5.001001001
2025-01-20,0.79,4.12579079079,0.175,5.001001001
2025-01-21,0.788,4.115788788788,0.175,5.001001001
2025-01-22,0.781,4.080781781781,0.175,5.001001001
2025-01-23,0.787,4.110787787787,0.175,5.001001001
2025-01-24,0.792,4.135792792792,0.175,5.001001001
2025-01-27,0.794,4.145794794794,0.175,5.001001001
2025-02-05,0.786,4.105786786786,0.175,5.001001001
2025-02-06,0.795,4.150795795795,0.175,5.001001001
2025-02-07,0.804,4.195804804804,0.175,5.001001001
2025-02-10,0.806,4.205806806806,0.175,5.001001001
2025-02-11,0.804,4.195804804804,0.175,5.001001001
2025-02-12,0.814,4.245814814814,0.175,5.001001001
2025-02-13,0.81,4.22581081081,0.175,5.001001001
2025-02-14,0.812,4.235812812812,0.175,5.001001001
2025-02-17,0.814,4.245814814814,0.175,5.001001001
2025-02-18,0.807,4.210807807807,0.175,5.001001001
2025-02-19,0.812,4.235812812812,0.175,5.001001001
2025-02-20,0.813,4.240813813812999,0.175,5.001001001
2025-02-21,0.817,4.260817817816999,0.175,5.001001001
2025-02-24,0.816,4.255816816815999,0.175,5.001001001
2025-02-25,0.809,4.2208098098089994,0.175,5.001001001
2025-02-26,0.818,4.2658188188179995,0.175,5.001001001
2025-02-27,0.82,4.275820820819999,0.175,5.001001001
2025-02-28,0.805,4.2008058058049995,0.175,5.001001001
2025-03-03,0.806,4.205806806806,0.175,5.001001001
2025-03-04,0.806,4.205806806806,0.175,5.001001001
2025-03-05,0.811,4.230811811811,0.175,5.001001001
2025-03-06,0.818,4.2658188188179995,0.175,5.001001001
2025-03-07,0.818,4.2658188188179995,0.175,5.001001001
2025-03-10,0.815,4.250815815814999,0.175,5.001001001
2025-03-11,0.819,4.270819819819,0.175,5.001001001
2025-03-12,0.818,4.2658188188179995,0.175,5.001001001
2025-03-13,0.815,4.250815815814999,0.175,5.001001001
2025-03-14,0.83,4.325830830829999,0.175,5.001001001
2025-03-17,0.831,4.3308318318309995,0.175,5.001001001
2025-03-18,0.833,4.340833833832999,0.175,5.001001001
2025-03-19,0.832,4.335832832832,0.175,5.001001001
2025-03-20,0.828,4.315828828827999,0.175,5.001001001
2025-03-21,0.82,4.275820820819999,0.175,5.001001001
2025-03-24,0.822,4.2858228228219994,0.175,5.001001001
2025-03-25,0.823,4.290823823823,0.175,5.001001001
2025-03-26,0.822,4.2858228228219994,0.175,5.001001001
2025-03-27,0.825,4.300825825824999,0.175,5.001001001
2025-03-28,0.819,4.270819819819,0.175,5.001001001
2025-03-31,0.815,4.250815815814999,0.175,5.001001001
2025-04-01,0.819,4.270819819819,0.175,5.001001001
2025-04-02,0.82,4.275820820819999,0.175,5.001001001
2025-04-03,0.815,4.250815815814999,0.175,5.001001001
2025-04-07,0.755,3.9507557557549995,0.175,5.001001001
2025-04-08,0.765,4.000765765765,0.175,5.001001001
2025-04-09,0.772,4.035772772772,0.175,5.001001001
2025-04-10,0.78,4.07578078078,0.175,5.001001001
2025-04-11,0.784,4.095784784784,0.175,5.001001001
2025-04-14,0.791,4.130791791791,0.175,5.001001001
2025-04-15,0.792,4.135792792792,0.175,5.001001001
2025-04-16,0.793,4.140793793793,0.175,5.001001001
2025-04-17,0.794,4.145794794794,0.175,5.001001001
2025-04-18,0.797,4.160797797797,0.175,5.001001001
2025-04-21,0.801,4.180801801801,0.175,5.001001001
2025-04-22,0.805,4.2008058058049995,0.175,5.001001001
2025-04-23,0.803,4.190803803803,0.175,5.001001001
2025-04-24,0.804,4.195804804804,0.175,5.001001001
2025-04-25,0.804,4.195804804804,0.175,5.001001001
2025-04-28,0.802,4.185802802802,0.175,5.001001001
2025-04-29,0.801,4.180801801801,0.175,5.001001001
2025-04-30,0.801,4.180801801801,0.175,5.001001001
2025-05-06,0.81,4.22581081081,0.175,5.001001001
2025-05-07,0.817,4.260817817816999,0.175,5.001001001
2025-05-08,0.817,4.260817817816999,0.175,5.001001001
2025-05-09,0.815,4.250815815814999,0.175,5.001001001
2025-05-12,0.824,4.295824824823999,0.175,5.001001001
2025-05-13,0.824,4.295824824823999,0.175,5.001001001
2025-05-14,0.832,4.335832832832,0.175,5.001001001
2025-05-15,0.829,4.320829829828999,0.175,5.001001001
2025-05-16,0.826,4.305826826825999,0.175,5.001001001
2025-05-19,0.828,4.315828828827999,0.175,5.001001001
2025-05-20,0.831,4.3308318318309995,0.175,5.001001001
2025-05-21,0.835,4.350835835834999,0.175,5.001001001
2025-05-22,0.835,4.350835835834999,0.175,5.001001001
2025-05-23,0.829,4.320829829828999,0.175,5.001001001
2025-05-26,0.827,4.310827827827,0.175,5.001001001
2025-05-27,0.824,4.295824824823999,0.175,5.001001001
2025-05-28,0.824,4.295824824823999,0.175,5.001001001
2025-05-29,0.835,4.350835835834999,0.175,5.001001001
2025-05-30,0.831,4.3308318318309995,0.175,5.001001001
2025-06-03,0.834,4.345834834833999,0.175,5.001001001
2025-06-04,0.838,4.365838838837999,0.175,5.001001001
2025-06-05,0.84,4.37584084084,0.175,5.001001001
2025-06-06,0.841,4.380841841841,0.175,5.001001001
2025-06-09,0.844,4.3958448448439995,0.175,5.001001001
2025-06-10,0.841,4.380841841841,0.175,5.001001001
2025-06-11,0.846,4.405846846845999,0.175,5.001001001
2025-06-12,0.848,4.415848848847999,0.175,5.001001001
2025-06-13,0.842,4.385842842841999,0.175,5.001001001
2025-06-16,0.845,4.400845845845,0.175,5.001001001
2025-06-17,0.844,4.3958448448439995,0.175,5.001001001
2025-06-18,0.846,4.405846846845999,0.175,5.001001001
2025-06-19,0.839,4.370839839838999,0.175,5.001001001
2025-06-20,0.839,4.370839839838999,0.175,5.001001001
2025-06-23,0.845,4.400845845845,0.175,5.001001001
2025-06-24,0.854,4.445854854854,0.175,5.001001001
2025-06-25,0.867,4.510867867867,0.175,5.001001001
2025-06-26,0.862,4.485862862862,0.175,5.001001001
2025-06-27,0.858,4.465858858858,0.175,5.001001001
2025-06-30,0.86,4.475860860859999,0.175,5.001001001
2025-07-01,0.863,4.490863863863,0.175,5.001001001
2025-07-02,0.864,4.495864864863999,0.175,5.001001001
2025-07-03,0.867,4.510867867867,0.175,5.001001001
2025-07-04,0.87,4.5258708708699995,0.175,5.001001001
2025-07-07,0.872,4.535872872872,0.175,5.001001001
2025-07-08,0.877,4.560877877876999,0.175,5.001001001
2025-07-09,0.876,4.555876876876,0.175,5.001001001
2025-07-10,0.88,4.57588088088,0.175,5.001001001
2025-07-11,0.881,4.580881881881,0.175,5.001001001
2025-07-14,0.884,4.595884884884,0.175,5.001001001
2025-07-15,0.88,4.57588088088,0.175,5.001001001
2025-07-16,0.881,4.580881881881,0.175,5.001001001
2025-07-17,0.884,4.595884884884,0.175,5.001001001
2025-07-18,0.889,4.620889889889,0.175,5.001001001
2025-07-21,0.899,4.670899899898999,0.175,5.001001001
2025-07-22,0.903,4.690903903903,0.175,5.001001001
2025-07-23,0.902,4.685902902902,0.175,5.001001001
2025-07-24,0.907,4.710907907907,0.175,5.001001001
2025-07-25,0.902,4.685902902902,0.175,5.001001001
2025-07-28,0.904,4.695904904903999,0.175,5.001001001
2025-07-29,0.907,4.710907907907,0.175,5.001001001
2025-07-30,0.907,4.710907907907,0.175,5.001001001
2025-07-31,0.897,4.660897897897,0.175,5.001001001
2025-08-01,0.896,4.6558968968959995,0.175,5.001001001
2025-08-04,0.901,4.680901901901,0.175,5.001001001
2025-08-05,0.91,4.72591091091,0.175,5.001001001
2025-08-06,0.913,4.740913913912999,0.175,5.001001001
2025-08-07,0.915,4.750915915915,0.175,5.001001001
2025-08-08,0.916,4.755916916916,0.175,5.001001001
2025-08-11,0.918,4.765918918918,0.175,5.001001001
2025-08-12,0.921,4.780921921920999,0.175,5.001001001
2025-08-13,0.927,4.810927927927,0.175,5.001001001
2025-08-14,0.922,4.7859229229219995,0.175,5.001001001
2025-08-15,0.931,4.830931931931,0.175,5.001001001
2025-08-18,0.937,4.860937937937,0.175,5.001001001
2025-08-19,0.933,4.840933933933,0.175,5.001001001
2025-08-20,0.945,4.900945945944999,0.175,5.001001001
2025-08-21,0.945,4.900945945944999,0.175,5.001001001
2025-08-22,0.959,4.970959959958999,0.175,5.001001001
2025-08-25,0.973,5.040973973972999,0.175,5.001001001
2025-08-26,0.97,5.02597097097,0.175,5.001001001
2025-08-27,0.952,4.935952952951999,0.175,5.001001001
2025-08-28,0.964,4.995964964963999,0.175,5.001001001
2025-08-29,0.966,5.005966966966,0.175,5.001001001
2025-09-01,0.971,5.030971971971,0.175,5.001001001
2025-09-02,0.969,5.020969969968999,0.175,5.001001001
2025-09-03,0.955,4.950955955954999,0.175,5.001001001
2025-09-04,0.949,4.920949949949,0.175,5.001001001
2025-09-05,0.958,4.965958958957999,0.175,5.001001001
2025-09-08,0.963,4.990963963962999,0.175,5.001001001
2025-09-09,0.958,4.965958958957999,0.175,5.001001001
2025-09-10,0.958,4.965958958957999,0.175,5.001001001
2025-09-11,0.971,5.030971971971,0.175,5.001001001
2025-09-12,0.968,5.015968968967999,0.175,5.001001001
2025-09-15,0.964,4.995964964963999,0.175,5.001001001
2025-09-16,0.964,4.995964964963999,0.175,5.001001001
2025-09-17,0.964,4.995964964963999,0.175,5.001001001
2025-09-18,0.951,4.930951951950999,0.175,5.001001001
2025-09-19,0.953,4.940953953953,0.175,5.001001001
2025-09-22,0.952,4.935952952951999,0.175,5.001001001
2025-09-23,0.951,4.930951951950999,0.175,5.001001001
2025-09-24,0.956,4.955956956955999,0.175,5.001001001
2025-09-25,0.956,4.955956956955999,0.175,5.001001001
2025-09-26,0.952,4.935952952951999,0.175,5.001001001
2025-09-29,0.963,4.990963963962999,0.175,5.001001001
2025-09-30,0.967,5.010967967966999,0.175,5.001001001
2025-10-09,0.982,5.085982982981999,0.175,5.001001001
2025-10-10,0.973,5.040973973972999,0.175,5.001001001
2025-10-13,0.968,5.015968968967999,0.175,5.001001001
2025-10-14,0.963,4.990963963962999,0.175,5.001001001
2025-10-15,0.975,5.050975975975,0.175,5.001001001
2025-10-16,0.977,5.060977977976999,0.175,5.001001001
2025-10-17,0.958,4.965958958957999,0.175,5.001001001
2025-10-20,0.962,4.985962962962,0.175,5.001001001
2025-10-21,0.974,5.0459749749739995,0.175,5.001001001
2025-10-22,0.974,5.0459749749739995,0.175,5.001001001
2025-10-23,0.977,5.060977977976999,0.175,5.001001001
2025-10-24,0.983,5.090983983983,0.175,5.001001001
2025-10-27,0.999,5.170999999998999,0.175,5.001001001
2025-10-28,0.995,5.150995995994999,0.175,5.001001001
2025-10-29,1.002,5.186003003002,0.175,5.001001001
2025-10-30,0.995,5.150995995994999,0.175,5.001001001
2025-10-31,0.989,5.120989989988999,0.175,5.001001001
2025-11-03,0.993,5.140993993993,0.175,5.001001001
2025-11-04,0.986,5.105986986985999,0.175,5.001001001
2025-11-05,0.989,5.120989989988999,0.175,5.001001001
2025-11-06,0.998,5.165998998997999,0.175,5.001001001
2025-11-07,0.998,5.165998998997999,0.175,5.001001001
2025-11-10,1.003,5.191004004002999,0.175,5.001001001
2025-11-11,0.998,5.165998998997999,0.175,5.001001001
2025-11-12,0.997,5.160997997997,0.175,5.001001001
2025-11-13,1.005,5.201006006004999,0.175,5.001001001
2025-11-14,0.996,5.155996996996,0.175,5.001001001
2025-11-17,0.988,5.115988988988,0.175,5.001001001
2025-11-18,0.981,5.080981981980999,0.175,5.001001001
2025-11-19,0.982,5.085982982981999,0.175,5.001001001
2025-11-20,0.981,5.080981981980999,0.175,5.001001001
2025-11-21,0.96,4.975960960959999,0.175,5.001001001
2025-11-24,0.956,4.955956956955999,0.175,5.001001001
2025-11-25,0.961,4.9809619619609995,0.175,5.001001001
2025-11-26,0.96,4.975960960959999,0.175,5.001001001
2025-11-27,0.963,4.990963963962999,0.175,5.001001001
2025-11-28,0.967,5.010967967966999,0.175,5.001001001
2025-12-01,0.974,5.0459749749739995,0.175,5.001001001
2025-12-02,0.97,5.02597097097,0.175,5.001001001
2025-12-03,0.966,5.005966966966,0.175,5.001001001
2025-12-04,0.965,5.000965965964999,0.175,5.001001001
2025-12-05,0.974,5.0459749749739995,0.175,5.001001001
2025-12-08,0.978,5.065978978977999,0.175,5.001001001
2025-12-09,0.975,5.050975975975,0.175,5.001001001
2025-12-10,0.973,5.040973973972999,0.175,5.001001001
2025-12-11,0.968,5.015968968967999,0.175,5.001001001
2025-12-12,0.97,5.02597097097,0.175,5.001001001
2025-12-15,0.966,5.005966966966,0.175,5.001001001
2025-12-16,0.958,4.965958958957999,0.175,5.001001001
2025-12-17,0.968,5.015968968967999,0.175,5.001001001
2025-12-18,0.97,5.02597097097,0.175,5.001001001
2025-12-19,0.975,5.050975975975,0.175,5.001001001
2025-12-22,0.981,5.080981981980999,0.175,5.001001001
2025-12-23,0.981,5.080981981980999,0.175,5.001001001
2025-12-24,0.987,5.1109879879869995,0.175,5.001001001
2025-12-25,0.991,5.130991991990999,0.175,5.001001001
2025-12-26,0.992,5.135992992992,0.175,5.001001001
2025-12-29,0.991,5.130991991990999,0.175,5.001001001
2025-12-30,0.992,5.135992992992,0.175,5.001001001
2025-12-31,0.992,5.135992992992,0.175,5.001001001
2026-01-05,1.005,5.201006006004999,0.175,5.001001001
2026-01-06,1.02,5.276021021019999,0.175,5.001001001
2026-01-07,1.02,5.276021021019999,0.175,5.001001001
2026-01-08,1.018,5.266019019018,0.175,5.001001001
2026-01-09,1.028,5.316029029028,0.175,5.001001001
2026-01-12,1.041,5.381042042040999,0.175,5.001001001
2026-01-13,1.032,5.336033033032,0.175,5.001001001
2026-01-14,1.029,5.321030030028999,0.175,5.001001001
2026-01-15,1.028,5.316029029028,0.175,5.001001001
2026-01-16,1.023,5.291024024022999,0.175,5.001001001
2026-01-19,1.028,5.316029029028,0.175,5.001001001
2026-01-20,1.031,5.331032032030999,0.175,5.001001001
2026-01-21,1.03,5.326031031029999,0.175,5.001001001
2026-01-22,1.033,5.341034034032999,0.175,5.001001001
2026-01-23,1.041,5.381042042040999,0.175,5.001001001
2026-01-26,1.038,5.366039039037999,0.175,5.001001001
2026-01-27,1.037,5.361038038036999,0.175,5.001001001
2026-01-28,1.045,5.401046046044999,0.175,5.001001001
2026-01-29,1.047,5.411048048046999,0.175,5.001001001
2026-01-30,1.034,5.346035035033999,0.175,5.001001001
2026-02-02,1.008,5.216009009007999,0.175,5.001001001
2026-02-03,1.021,5.281022022020999,0.175,5.001001001
2026-02-04,1.029,5.321030030028999,0.175,5.001001001
2026-02-05,1.027,5.311028028026999,0.175,5.001001001
2026-02-06,1.024,5.296025025024,0.175,5.001001001
2026-02-09,1.037,5.361038038036999,0.175,5.001001001
2026-02-10,1.038,5.366039039037999,0.175,5.001001001
2026-02-11,1.042,5.386043043042,0.175,5.001001001
2026-02-12,1.043,5.391044044042999,0.175,5.001001001
2026-02-13,1.03,5.326031031029999,0.175,5.001001001
2026-02-24,1.037,5.361038038036999,0.175,5.001001001
2026-02-25,1.043,5.391044044042999,0.175,5.001001001
2026-02-26,1.044,5.396045045044,0.175,5.001001001
2026-02-27,1.049,5.421050050048999,0.175,5.001001001
2026-03-02,1.056,5.456057057055999,0.175,5.001001001
2026-03-03,1.045,5.401046046044999,0.175,5.001001001
2026-03-04,1.031,5.331032032030999,0.175,5.001001001
2026-03-05,1.035,5.351036036034999,0.175,5.001001001
2026-03-06,1.041,5.381042042040999,0.175,5.001001001
2026-03-09,1.034,5.346035035033999,0.175,5.001001001
2026-03-10,1.041,5.381042042040999,0.175,5.001001001
2026-03-11,1.046,5.406047047046,0.175,5.001001001
2026-03-12,1.044,5.396045045044,0.175,5.001001001
2026-03-13,1.037,5.361038038036999,0.175,5.001001001
2026-03-16,1.032,5.336033033032,0.175,5.001001001
2026-03-17,1.022,5.286023023022,0.175,5.001001001
2026-03-18,1.026,5.3060270270259995,0.175,5.001001001
2026-03-19,1.01,5.22601101101,0.175,5.001001001
2026-03-20,0.998,5.165998998997999,0.175,5.001001001
2026-03-23,0.962,4.985962962962,0.175,5.001001001
2026-03-24,0.975,5.050975975975,0.175,5.001001001
2026-03-25,0.987,5.1109879879869995,0.175,5.001001001
2026-03-26,0.978,5.065978978977999,0.175,5.001001001
2026-03-27,0.986,5.105986986985999,0.175,5.001001001
2026-03-30,0.989,5.120989989988999,0.175,5.001001001
2026-03-31,0.984,5.095984984984,0.175,5.001001001
2026-04-01,0.996,5.155996996996,0.175,5.001001001
2026-04-02,0.99,5.125990990989999,0.175,5.001001001
2026-04-03,0.982,5.085982982981999,0.175,5.001001001
2026-04-07,0.981,5.080981981980999,0.175,5.001001001
2026-04-08,1.008,5.216009009007999,0.175,5.001001001
2026-04-09,1.0,5.1760010009999995,0.175,5.001001001
2026-04-10,1.003,5.191004004002999,0.175,5.001001001
2026-04-13,1.002,5.186003003002,0.175,5.001001001
2026-04-14,1.012,5.236013013011999,0.175,5.001001001
2026-04-15,1.012,5.236013013011999,0.175,5.001001001
2026-04-16,1.019,5.271020020018999,0.175,5.001001001
2026-04-17,1.018,5.266019019018,0.175,5.001001001
2026-04-20,1.027,5.311028028026999,0.175,5.001001001
2026-04-21,1.028,5.316029029028,0.175,5.001001001
2026-04-22,1.035,5.351036036034999,0.175,5.001001001
2026-04-23,1.03,5.326031031029999,0.175,5.001001001
2026-04-24,1.025,5.301026026024999,0.175,5.001001001
2026-04-27,1.027,5.311028028026999,0.175,5.001001001
2026-04-28,1.024,5.296025025024,0.175,5.001001001
2026-04-29,1.032,5.336033033032,0.175,5.001001001
2026-04-30,1.032,5.336033033032,0.175,5.001001001
2026-05-06,1.045,5.401046046044999,0.175,5.001001001
2026-05-07,1.05,5.42605105105,0.175,5.001001001
2026-05-08,1.052,5.4360530530519995,0.175,5.001001001
2026-05-11,1.062,5.486063063062,0.175,5.001001001
2026-05-12,1.056,5.456057057055999,0.175,5.001001001
2026-05-13,1.067,5.511068068066999,0.175,5.001001001
2026-05-14,1.048,5.4160490490479996,0.175,5.001001001
2026-05-15,1.039,5.3710400400389995,0.175,5.001001001
2026-05-18,1.037,5.361038038036999,0.175,5.001001001
2026-05-19,1.044,5.396045045044,0.175,5.001001001
2026-05-20,1.042,5.386043043042,0.175,5.001001001
2026-05-21,1.025,5.301026026024999,0.175,5.001001001
2026-05-22,1.033,5.341034034032999,0.175,5.001001001
2026-05-25,1.039,5.3710400400389995,0.175,5.001001001
2026-05-26,1.041,5.381042042040999,0.175,5.001001001
2026-05-27,1.033,5.341034034032999,0.175,5.001001001
2026-05-28,1.032,5.336033033032,0.175,5.001001001
2026-05-29,1.024,5.296025025024,0.175,5.001001001
2026-06-01,1.024,5.296025025024,0.175,5.001001001
2026-06-02,1.028,5.316029029028,0.175,5.001001001
2026-06-03,1.029,5.321030030028999,0.175,5.001001001
2026-06-04,1.023,5.291024024022999,0.175,5.001001001
2026-06-05,1.016,5.256017017015999,0.175,5.001001001
2026-06-08,0.996,5.155996996996,0.175,5.001001001
2026-06-09,1.008,5.216009009007999,0.175,5.001001001
2026-06-10,1.003,5.191004004002999,0.175,5.001001001
2026-06-11,1.002,5.186003003002,0.175,5.001001001
2026-06-12,1.014,5.246015015014,0.175,5.001001001
2026-06-15,1.032,5.336033033032,0.175,5.001001001
2026-06-16,1.027,5.311028028026999,0.175,5.001001001
2026-06-17,1.033,5.341034034032999,0.175,5.001001001
2026-06-18,1.028,5.316029029028,0.175,5.001001001
2026-06-22,1.045,5.401046046044999,0.175,5.001001001
2026-06-23,1.029,5.321030030028999,0.175,5.001001001
2026-06-24,1.032,5.336033033032,0.175,5.001001001
2026-06-25,1.034,5.346035035033999,0.175,5.001001001
2026-06-26,1.014,5.246015015014,0.175,5.001001001
2026-06-29,1.02,5.276021021019999,0.175,5.001001001
2026-06-30,1.026,5.3060270270259995,0.175,5.001001001
2026-07-01,1.03,5.326031031029999,0.175,5.001001001
2026-07-02,1.014,5.246015015014,0.175,5.001001001
2026-07-03,1.019,5.271020020018999,0.175,5.001001001
2026-07-06,1.018,5.266019019018,0.175,5.001001001
2026-07-07,1.006,5.206007007006,0.175,5.001001001
2026-07-08,1.002,5.186003003002,0.175,5.001001001
2026-07-09,1.016,5.256017017015999,0.175,5.001001001
2026-07-10,1.007,5.211008008006999,0.175,5.001001001
2026-07-13,0.989,5.120989989988999,0.175,5.001001001
2026-07-14,0.999,5.170999999998999,0.175,5.001001001
2026-07-15,0.997,5.160997997997,0.175,5.001001001
2026-07-16,0.979,5.070979979979,0.175,5.001001001
2026-07-17,0.955,4.950955955954999,0.175,5.001001001
