date,close,total_return_proxy,cumulative_dividend,split_factor
2011-11-08,0.984,0.984,0.0,1.0
2011-11-09,0.999,0.999,0.0,1.0
2011-11-10,0.984,0.984,0.0,1.0
2011-11-11,0.983,0.983,0.0,1.0
2011-11-14,1.008,1.008,0.0,1.0
2011-11-15,1.01,1.01,0.0,1.0
2011-11-16,0.99,0.99,0.0,1.0
2011-11-17,0.987,0.987,0.0,1.0
2011-11-18,0.955,0.955,0.0,1.0
2011-11-21,0.962,0.962,0.0,1.0
2011-11-22,0.96,0.96,0.0,1.0
2011-11-23,0.958,0.958,0.0,1.0
2011-11-24,0.959,0.959,0.0,1.0
2011-11-25,0.95,0.95,0.0,1.0
2011-11-28,0.949,0.949,0.0,1.0
2011-11-29,0.97,0.97,0.0,1.0
2011-11-30,0.928,0.928,0.0,1.0
2011-12-01,0.944,0.944,0.0,1.0
2011-12-02,0.922,0.922,0.0,1.0
2011-12-05,0.907,0.907,0.0,1.0
2011-12-06,0.901,0.901,0.0,1.0
2011-12-07,0.898,0.898,0.0,1.0
2011-12-08,0.902,0.902,0.0,1.0
2011-12-09,0.883,0.883,0.0,1.0
2011-12-12,0.872,0.872,0.0,1.0
2011-12-13,0.851,0.851,0.0,1.0
2011-12-14,0.833,0.833,0.0,1.0
2011-12-15,0.81,0.81,0.0,1.0
2011-12-16,0.832,0.832,0.0,1.0
2011-12-19,0.828,0.828,0.0,1.0
2011-12-20,0.821,0.821,0.0,1.0
2011-12-21,0.827,0.827,0.0,1.0
2011-12-22,0.803,0.803,0.0,1.0
2011-12-23,0.822,0.822,0.0,1.0
2011-12-26,0.819,0.819,0.0,1.0
2011-12-27,0.8,0.8,0.0,1.0
2011-12-28,0.793,0.793,0.0,1.0
2011-12-29,0.802,0.802,0.0,1.0
2011-12-30,0.809,0.809,0.0,1.0
2012-01-04,0.792,0.792,0.0,1.0
2012-01-05,0.766,0.766,0.0,1.0
2012-01-06,0.769,0.769,0.0,1.0
2012-01-09,0.793,0.793,0.0,1.0
2012-01-10,0.83,0.83,0.0,1.0
2012-01-11,0.83,0.83,0.0,1.0
2012-01-12,0.831,0.831,0.0,1.0
2012-01-13,0.804,0.804,0.0,1.0
2012-01-16,0.775,0.775,0.0,1.0
2012-01-17,0.82,0.82,0.0,1.0
2012-01-18,0.8,0.8,0.0,1.0
2012-01-19,0.8,0.8,0.0,1.0
2012-01-20,0.81,0.81,0.0,1.0
2012-01-30,0.818,0.818,0.0,1.0
2012-01-31,0.809,0.809,0.0,1.0
2012-02-01,0.809,0.809,0.0,1.0
2012-02-02,0.819,0.819,0.0,1.0
2012-02-03,0.835,0.835,0.0,1.0
2012-02-06,0.84,0.84,0.0,1.0
2012-02-07,0.828,0.828,0.0,1.0
2012-02-08,0.845,0.845,0.0,1.0
2012-02-09,0.852,0.852,0.0,1.0
2012-02-10,0.855,0.855,0.0,1.0
2012-02-13,0.862,0.862,0.0,1.0
2012-02-14,0.862,0.862,0.0,1.0
2012-02-15,0.877,0.877,0.0,1.0
2012-02-16,0.874,0.874,0.0,1.0
2012-02-17,0.874,0.874,0.0,1.0
2012-02-20,0.872,0.872,0.0,1.0
2012-02-21,0.88,0.88,0.0,1.0
2012-02-22,0.895,0.895,0.0,1.0
2012-02-23,0.902,0.902,0.0,1.0
2012-02-24,0.909,0.909,0.0,1.0
2012-02-27,0.916,0.916,0.0,1.0
2012-02-28,0.911,0.911,0.0,1.0
2012-02-29,0.903,0.903,0.0,1.0
2012-03-01,0.906,0.906,0.0,1.0
2012-03-02,0.92,0.92,0.0,1.0
2012-03-05,0.923,0.923,0.0,1.0
2012-03-06,0.91,0.91,0.0,1.0
2012-03-07,0.89,0.89,0.0,1.0
2012-03-08,0.92,0.92,0.0,1.0
2012-03-09,0.931,0.931,0.0,1.0
2012-03-12,0.94,0.94,0.0,1.0
2012-03-13,0.95,0.95,0.0,1.0
2012-03-14,0.917,0.917,0.0,1.0
2012-03-15,0.909,0.909,0.0,1.0
2012-03-16,0.925,0.925,0.0,1.0
2012-03-19,0.934,0.934,0.0,1.0
2012-03-20,0.913,0.913,0.0,1.0
2012-03-21,0.914,0.914,0.0,1.0
2012-03-22,0.911,0.911,0.0,1.0
2012-03-23,0.894,0.894,0.0,1.0
2012-03-26,0.893,0.893,0.0,1.0
2012-03-27,0.894,0.894,0.0,1.0
2012-03-28,0.858,0.858,0.0,1.0
2012-03-29,0.846,0.846,0.0,1.0
2012-03-30,0.84,0.84,0.0,1.0
2012-04-05,0.862,0.862,0.0,1.0
2012-04-06,0.868,0.868,0.0,1.0
2012-04-09,0.868,0.868,0.0,1.0
2012-04-10,0.869,0.869,0.0,1.0
2012-04-11,0.872,0.872,0.0,1.0
2012-04-12,0.892,0.892,0.0,1.0
2012-04-13,0.895,0.895,0.0,1.0
2012-04-16,0.898,0.898,0.0,1.0
2012-04-17,0.889,0.889,0.0,1.0
2012-04-18,0.907,0.907,0.0,1.0
2012-04-19,0.905,0.905,0.0,1.0
2012-04-20,0.913,0.913,0.0,1.0
2012-04-23,0.904,0.904,0.0,1.0
2012-04-24,0.903,0.903,0.0,1.0
2012-04-25,0.913,0.913,0.0,1.0
2012-04-26,0.912,0.912,0.0,1.0
2012-04-27,0.906,0.906,0.0,1.0
2012-05-02,0.916,0.916,0.0,1.0
2012-05-03,0.923,0.923,0.0,1.0
2012-05-04,0.926,0.926,0.0,1.0
2012-05-07,0.933,0.933,0.0,1.0
2012-05-08,0.93,0.93,0.0,1.0
2012-05-09,0.918,0.918,0.0,1.0
2012-05-10,0.917,0.917,0.0,1.0
2012-05-11,0.916,0.916,0.0,1.0
2012-05-14,0.91,0.91,0.0,1.0
2012-05-15,0.907,0.907,0.0,1.0
2012-05-16,0.903,0.903,0.0,1.0
2012-05-17,0.91,0.91,0.0,1.0
2012-05-18,0.896,0.896,0.0,1.0
2012-05-21,0.896,0.896,0.0,1.0
2012-05-22,0.908,0.908,0.0,1.0
2012-05-23,0.909,0.909,0.0,1.0
2012-05-24,0.896,0.896,0.0,1.0
2012-05-25,0.892,0.892,0.0,1.0
2012-05-28,0.901,0.901,0.0,1.0
2012-05-29,0.918,0.918,0.0,1.0
2012-05-30,0.916,0.916,0.0,1.0
2012-05-31,0.918,0.918,0.0,1.0
2012-06-01,0.914,0.914,0.0,1.0
2012-06-04,0.888,0.888,0.0,1.0
2012-06-05,0.886,0.886,0.0,1.0
2012-06-06,0.88,0.88,0.0,1.0
2012-06-07,0.875,0.875,0.0,1.0
2012-06-08,0.87,0.87,0.0,1.0
2012-06-11,0.883,0.883,0.0,1.0
2012-06-12,0.881,0.881,0.0,1.0
2012-06-13,0.898,0.898,0.0,1.0
2012-06-14,0.89,0.89,0.0,1.0
2012-06-15,0.891,0.891,0.0,1.0
2012-06-18,0.9,0.9,0.0,1.0
2012-06-19,0.892,0.892,0.0,1.0
2012-06-20,0.891,0.891,0.0,1.0
2012-06-21,0.879,0.879,0.0,1.0
2012-06-25,0.865,0.865,0.0,1.0
2012-06-26,0.857,0.857,0.0,1.0
2012-06-27,0.855,0.855,0.0,1.0
2012-06-28,0.842,0.842,0.0,1.0
2012-06-29,0.853,0.853,0.0,1.0
2012-07-02,0.859,0.859,0.0,1.0
2012-07-03,0.867,0.867,0.0,1.0
2012-07-04,0.855,0.855,0.0,1.0
2012-07-05,0.843,0.843,0.0,1.0
2012-07-06,0.857,0.857,0.0,1.0
2012-07-09,0.845,0.845,0.0,1.0
2012-07-10,0.83,0.83,0.0,1.0
2012-07-11,0.836,0.836,0.0,1.0
2012-07-12,0.852,0.852,0.0,1.0
2012-07-13,0.85,0.85,0.0,1.0
2012-07-16,0.824,0.824,0.0,1.0
2012-07-17,0.821,0.821,0.0,1.0
2012-07-18,0.826,0.826,0.0,1.0
2012-07-19,0.841,0.841,0.0,1.0
2012-07-20,0.833,0.833,0.0,1.0
2012-07-23,0.824,0.824,0.0,1.0
2012-07-24,0.83,0.83,0.0,1.0
2012-07-25,0.824,0.824,0.0,1.0
2012-07-26,0.817,0.817,0.0,1.0
2012-07-27,0.814,0.814,0.0,1.0
2012-07-30,0.803,0.803,0.0,1.0
2012-07-31,0.79,0.79,0.0,1.0
2012-08-01,0.802,0.802,0.0,1.0
2012-08-02,0.798,0.798,0.0,1.0
2012-08-03,0.81,0.81,0.0,1.0
2012-08-06,0.829,0.829,0.0,1.0
2012-08-07,0.835,0.835,0.0,1.0
2012-08-08,0.832,0.832,0.0,1.0
2012-08-09,0.842,0.842,0.0,1.0
2012-08-10,0.841,0.841,0.0,1.0
2012-08-13,0.826,0.826,0.0,1.0
2012-08-14,0.829,0.829,0.0,1.0
2012-08-15,0.82,0.82,0.0,1.0
2012-08-16,0.816,0.816,0.0,1.0
2012-08-17,0.812,0.812,0.0,1.0
2012-08-20,0.8,0.8,0.0,1.0
2012-08-21,0.824,0.824,0.0,1.0
2012-08-22,0.815,0.815,0.0,1.0
2012-08-23,0.822,0.822,0.0,1.0
2012-08-24,0.806,0.806,0.0,1.0
2012-08-27,0.789,0.789,0.0,1.0
2012-08-28,0.794,0.794,0.0,1.0
2012-08-29,0.79,0.79,0.0,1.0
2012-08-30,0.775,0.775,0.0,1.0
2012-08-31,0.776,0.776,0.0,1.0
2012-09-03,0.786,0.786,0.0,1.0
2012-09-04,0.783,0.783,0.0,1.0
2012-09-05,0.784,0.784,0.0,1.0
2012-09-06,0.789,0.789,0.0,1.0
2012-09-07,0.822,0.822,0.0,1.0
2012-09-10,0.824,0.824,0.0,1.0
2012-09-11,0.826,0.826,0.0,1.0
2012-09-12,0.829,0.829,0.0,1.0
2012-09-13,0.822,0.822,0.0,1.0
2012-09-14,0.807,0.807,0.0,1.0
2012-09-17,0.785,0.785,0.0,1.0
2012-09-18,0.79,0.79,0.0,1.0
2012-09-19,0.786,0.786,0.0,1.0
2012-09-20,0.77,0.77,0.0,1.0
2012-09-21,0.76,0.76,0.0,1.0
2012-09-24,0.753,0.753,0.0,1.0
2012-09-25,0.768,0.768,0.0,1.0
2012-09-26,0.76,0.76,0.0,1.0
2012-09-27,0.76,0.76,0.0,1.0
2012-09-28,0.779,0.779,0.0,1.0
2012-10-08,0.753,0.753,0.0,1.0
2012-10-09,0.79,0.79,0.0,1.0
2012-10-10,0.796,0.796,0.0,1.0
2012-10-12,0.769,0.769,0.0,1.0
2012-10-15,0.767,0.767,0.0,1.0
2012-10-16,0.783,0.783,0.0,1.0
2012-10-17,0.778,0.778,0.0,1.0
2012-10-18,0.809,0.809,0.0,1.0
2012-10-19,0.803,0.803,0.0,1.0
2012-10-22,0.802,0.802,0.0,1.0
2012-10-23,0.782,0.782,0.0,1.0
2012-10-24,0.785,0.785,0.0,1.0
2012-10-25,0.771,0.771,0.0,1.0
2012-10-26,0.771,0.771,0.0,1.0
2012-10-29,0.776,0.776,0.0,1.0
2012-10-30,0.771,0.771,0.0,1.0
2012-10-31,0.765,0.765,0.0,1.0
2012-11-01,0.776,0.776,0.0,1.0
2012-11-02,0.782,0.782,0.0,1.0
2012-11-05,0.775,0.775,0.0,1.0
2012-11-06,0.773,0.773,0.0,1.0
2012-11-07,0.779,0.779,0.0,1.0
2012-11-08,0.772,0.772,0.0,1.0
2012-11-09,0.769,0.769,0.0,1.0
2012-11-12,0.772,0.772,0.0,1.0
2012-11-13,0.745,0.745,0.0,1.0
2012-11-14,0.752,0.752,0.0,1.0
2012-11-15,0.746,0.746,0.0,1.0
2012-11-16,0.738,0.738,0.0,1.0
2012-11-19,0.738,0.738,0.0,1.0
2012-11-20,0.739,0.739,0.0,1.0
2012-11-21,0.746,0.746,0.0,1.0
2012-11-23,0.745,0.745,0.0,1.0
2012-11-26,0.737,0.737,0.0,1.0
2012-11-27,0.713,0.713,0.0,1.0
2012-11-28,0.698,0.698,0.0,1.0
2012-11-29,0.693,0.693,0.0,1.0
2012-11-30,0.697,0.697,0.0,1.0
2012-12-03,0.68,0.68,0.0,1.0
2012-12-04,0.668,0.668,0.0,1.0
2012-12-05,0.705,0.705,0.0,1.0
2012-12-06,0.689,0.689,0.0,1.0
2012-12-07,0.717,0.717,0.0,1.0
2012-12-10,0.72,0.72,0.0,1.0
2012-12-11,0.727,0.727,0.0,1.0
2012-12-12,0.713,0.713,0.0,1.0
2012-12-13,0.703,0.703,0.0,1.0
2012-12-14,0.733,0.733,0.0,1.0
2012-12-17,0.755,0.755,0.0,1.0
2012-12-18,0.768,0.768,0.0,1.0
2012-12-19,0.764,0.764,0.0,1.0
2012-12-20,0.76,0.76,0.0,1.0
2012-12-21,0.745,0.745,0.0,1.0
2012-12-24,0.76,0.76,0.0,1.0
2012-12-25,0.77,0.77,0.0,1.0
2012-12-26,0.77,0.77,0.0,1.0
2012-12-27,0.774,0.774,0.0,1.0
2012-12-28,0.779,0.779,0.0,1.0
2012-12-31,0.805,0.805,0.0,1.0
2013-01-04,0.794,0.794,0.0,1.0
2013-01-07,0.776,0.776,0.0,1.0
2013-01-08,0.811,0.811,0.0,1.0
2013-01-09,0.816,0.816,0.0,1.0
2013-01-10,0.815,0.815,0.0,1.0
2013-01-11,0.799,0.799,0.0,1.0
2013-01-14,0.82,0.82,0.0,1.0
2013-01-15,0.829,0.829,0.0,1.0
2013-01-16,0.828,0.828,0.0,1.0
2013-01-17,0.83,0.83,0.0,1.0
2013-01-18,0.833,0.833,0.0,1.0
2013-01-21,0.84,0.84,0.0,1.0
2013-01-22,0.836,0.836,0.0,1.0
2013-01-23,0.817,0.817,0.0,1.0
2013-01-24,0.829,0.829,0.0,1.0
2013-01-25,0.825,0.825,0.0,1.0
2013-01-28,0.84,0.84,0.0,1.0
2013-01-29,0.826,0.826,0.0,1.0
2013-01-30,0.84,0.84,0.0,1.0
2013-01-31,0.84,0.84,0.0,1.0
2013-02-01,0.84,0.84,0.0,1.0
2013-02-04,0.842,0.842,0.0,1.0
2013-02-05,0.849,0.849,0.0,1.0
2013-02-06,0.86,0.86,0.0,1.0
2013-02-07,0.858,0.858,0.0,1.0
2013-02-08,0.883,0.883,0.0,1.0
2013-02-18,0.887,0.887,0.0,1.0
2013-02-19,0.873,0.873,0.0,1.0
2013-02-20,0.887,0.887,0.0,1.0
2013-02-21,0.865,0.865,0.0,1.0
2013-02-22,0.851,0.851,0.0,1.0
2013-02-25,0.875,0.875,0.0,1.0
2013-02-26,0.866,0.866,0.0,1.0
2013-02-27,0.858,0.858,0.0,1.0
2013-02-28,0.874,0.874,0.0,1.0
2013-03-01,0.888,0.888,0.0,1.0
2013-03-04,0.858,0.858,0.0,1.0
2013-03-05,0.875,0.875,0.0,1.0
2013-03-06,0.88,0.88,0.0,1.0
2013-03-07,0.861,0.861,0.0,1.0
2013-03-08,0.861,0.861,0.0,1.0
2013-03-11,0.856,0.856,0.0,1.0
2013-03-12,0.834,0.834,0.0,1.0
2013-03-13,0.83,0.83,0.0,1.0
2013-03-14,0.818,0.818,0.0,1.0
2013-03-15,0.858,0.858,0.0,1.0
2013-03-18,0.825,0.825,0.0,1.0
2013-03-19,0.838,0.838,0.0,1.0
2013-03-20,0.857,0.857,0.0,1.0
2013-03-21,0.853,0.853,0.0,1.0
2013-03-22,0.859,0.859,0.0,1.0
2013-03-25,0.855,0.855,0.0,1.0
2013-03-26,0.86,0.86,0.0,1.0
2013-03-27,0.855,0.855,0.0,1.0
2013-03-28,0.831,0.831,0.0,1.0
2013-03-29,0.838,0.838,0.0,1.0
2013-04-01,0.84,0.84,0.0,1.0
2013-04-02,0.845,0.845,0.0,1.0
2013-04-03,0.835,0.835,0.0,1.0
2013-04-08,0.829,0.829,0.0,1.0
2013-04-09,0.839,0.839,0.0,1.0
2013-04-10,0.829,0.829,0.0,1.0
2013-04-11,0.821,0.821,0.0,1.0
2013-04-12,0.822,0.822,0.0,1.0
2013-04-15,0.81,0.81,0.0,1.0
2013-04-16,0.824,0.824,0.0,1.0
2013-04-17,0.809,0.809,0.0,1.0
2013-04-18,0.813,0.813,0.0,1.0
2013-04-19,0.838,0.838,0.0,1.0
2013-04-22,0.834,0.834,0.0,1.0
2013-04-23,0.815,0.815,0.0,1.0
2013-04-24,0.84,0.84,0.0,1.0
2013-04-25,0.833,0.833,0.0,1.0
2013-04-26,0.814,0.814,0.0,1.0
2013-05-02,0.814,0.814,0.0,1.0
2013-05-03,0.815,0.815,0.0,1.0
2013-05-06,0.828,0.828,0.0,1.0
2013-05-07,0.828,0.828,0.0,1.0
2013-05-08,0.833,0.833,0.0,1.0
2013-05-09,0.832,0.832,0.0,1.0
2013-05-10,0.861,0.861,0.0,1.0
2013-05-13,0.859,0.859,0.0,1.0
2013-05-14,0.837,0.837,0.0,1.0
2013-05-15,0.84,0.84,0.0,1.0
2013-05-16,0.862,0.862,0.0,1.0
2013-05-17,0.88,0.88,0.0,1.0
2013-05-20,0.875,0.875,0.0,1.0
2013-05-21,0.887,0.887,0.0,1.0
2013-05-22,0.875,0.875,0.0,1.0
2013-05-23,0.886,0.886,0.0,1.0
2013-05-24,0.892,0.892,0.0,1.0
2013-05-27,0.883,0.883,0.0,1.0
2013-05-28,0.891,0.891,0.0,1.0
2013-05-29,0.9,0.9,0.0,1.0
2013-05-30,0.905,0.905,0.0,1.0
2013-05-31,0.908,0.908,0.0,1.0
2013-06-03,0.903,0.903,0.0,1.0
2013-06-04,0.88,0.88,0.0,1.0
2013-06-05,0.885,0.885,0.0,1.0
2013-06-06,0.878,0.878,0.0,1.0
2013-06-07,0.861,0.861,0.0,1.0
2013-06-13,0.832,0.832,0.0,1.0
2013-06-17,0.847,0.847,0.0,1.0
2013-06-18,0.848,0.848,0.0,1.0
2013-06-19,0.832,0.832,0.0,1.0
2013-06-20,0.826,0.826,0.0,1.0
2013-06-21,0.82,0.82,0.0,1.0
2013-06-24,0.777,0.777,0.0,1.0
2013-06-25,0.757,0.757,0.0,1.0
2013-06-26,0.772,0.772,0.0,1.0
2013-06-27,0.783,0.783,0.0,1.0
2013-06-28,0.77,0.77,0.0,1.0
2013-07-01,0.783,0.783,0.0,1.0
2013-07-02,0.775,0.775,0.0,1.0
2013-07-03,0.775,0.775,0.0,1.0
2013-07-04,0.802,0.802,0.0,1.0
2013-07-05,0.8,0.8,0.0,1.0
2013-07-10,0.8,0.8,0.0,1.0
2013-07-11,0.818,0.818,0.0,1.0
2013-07-12,0.78,0.78,0.0,1.0
2013-07-15,0.81,0.81,0.0,1.0
2013-07-16,0.821,0.821,0.0,1.0
2013-07-17,0.827,0.827,0.0,1.0
2013-07-18,0.803,0.803,0.0,1.0
2013-07-19,0.802,0.802,0.0,1.0
2013-07-22,0.806,0.806,0.0,1.0
2013-07-23,0.816,0.816,0.0,1.0
2013-07-24,0.815,0.815,0.0,1.0
2013-07-25,0.817,0.817,0.0,1.0
2013-07-26,0.81,0.81,0.0,1.0
2013-07-29,0.804,0.804,0.0,1.0
2013-07-30,0.8,0.8,0.0,1.0
2013-07-31,0.8,0.8,0.0,1.0
2013-08-01,0.824,0.824,0.0,1.0
2013-08-02,0.826,0.826,0.0,1.0
2013-08-05,0.827,0.827,0.0,1.0
2013-08-06,0.835,0.835,0.0,1.0
2013-08-07,0.845,0.845,0.0,1.0
2013-08-08,0.834,0.834,0.0,1.0
2013-08-09,0.854,0.854,0.0,1.0
2013-08-12,0.86,0.86,0.0,1.0
2013-08-13,0.87,0.87,0.0,1.0
2013-08-14,0.853,0.853,0.0,1.0
2013-08-15,0.856,0.856,0.0,1.0
2013-08-16,0.843,0.843,0.0,1.0
2013-08-19,0.838,0.838,0.0,1.0
2013-08-20,0.836,0.836,0.0,1.0
2013-08-21,0.839,0.839,0.0,1.0
2013-08-22,0.842,0.842,0.0,1.0
2013-08-23,0.847,0.847,0.0,1.0
2013-08-26,0.88,0.88,0.0,1.0
2013-08-27,0.866,0.866,0.0,1.0
2013-08-28,0.868,0.868,0.0,1.0
2013-08-29,0.866,0.866,0.0,1.0
2013-08-30,0.877,0.877,0.0,1.0
2013-09-02,0.882,0.882,0.0,1.0
2013-09-03,0.892,0.892,0.0,1.0
2013-09-04,0.899,0.899,0.0,1.0
2013-09-05,0.899,0.899,0.0,1.0
2013-09-06,0.908,0.908,0.0,1.0
2013-09-09,0.918,0.918,0.0,1.0
2013-09-10,0.932,0.932,0.0,1.0
2013-09-11,0.929,0.929,0.0,1.0
2013-09-12,0.93,0.93,0.0,1.0
2013-09-13,0.928,0.928,0.0,1.0
2013-09-16,0.93,0.93,0.0,1.0
2013-09-17,0.911,0.911,0.0,1.0
2013-09-18,0.918,0.918,0.0,1.0
2013-09-23,0.938,0.938,0.0,1.0
2013-09-24,0.943,0.943,0.0,1.0
2013-09-25,0.94,0.94,0.0,1.0
2013-09-26,0.921,0.921,0.0,1.0
2013-09-27,0.923,0.923,0.0,1.0
2013-09-30,0.934,0.934,0.0,1.0
2013-10-08,0.945,0.945,0.0,1.0
2013-10-09,0.96,0.96,0.0,1.0
2013-10-10,0.955,0.955,0.0,1.0
2013-10-11,0.976,0.976,0.0,1.0
2013-10-14,0.984,0.984,0.0,1.0
2013-10-15,0.99,0.99,0.0,1.0
2013-10-16,0.962,0.962,0.0,1.0
2013-10-17,0.954,0.954,0.0,1.0
2013-10-18,0.959,0.959,0.0,1.0
2013-10-21,0.986,0.986,0.0,1.0
2013-10-22,0.974,0.974,0.0,1.0
2013-10-23,0.952,0.952,0.0,1.0
2013-10-24,0.945,0.945,0.0,1.0
2013-10-25,0.924,0.924,0.0,1.0
2013-10-28,0.925,0.925,0.0,1.0
2013-10-29,0.903,0.903,0.0,1.0
2013-10-30,0.918,0.918,0.0,1.0
2013-10-31,0.908,0.908,0.0,1.0
2013-11-01,0.902,0.902,0.0,1.0
2013-11-04,0.906,0.906,0.0,1.0
2013-11-05,0.917,0.917,0.0,1.0
2013-11-06,0.908,0.908,0.0,1.0
2013-11-07,0.899,0.899,0.0,1.0
2013-11-08,0.882,0.882,0.0,1.0
2013-11-11,0.888,0.888,0.0,1.0
2013-11-12,0.892,0.892,0.0,1.0
2013-11-13,0.878,0.878,0.0,1.0
2013-11-14,0.893,0.893,0.0,1.0
2013-11-15,0.907,0.907,0.0,1.0
2013-11-18,0.928,0.928,0.0,1.0
2013-11-19,0.929,0.929,0.0,1.0
2013-11-20,0.936,0.936,0.0,1.0
2013-11-21,0.937,0.937,0.0,1.0
2013-11-22,0.93,0.93,0.0,1.0
2013-11-25,0.932,0.932,0.0,1.0
2013-11-26,0.934,0.934,0.0,1.0
2013-11-27,0.943,0.943,0.0,1.0
2013-11-28,0.95,0.95,0.0,1.0
2013-11-29,0.954,0.954,0.0,1.0
2013-12-02,0.916,0.916,0.0,1.0
2013-12-03,0.935,0.935,0.0,1.0
2013-12-04,0.954,0.954,0.0,1.0
2013-12-05,0.955,0.955,0.0,1.0
2013-12-06,0.954,0.954,0.0,1.0
2013-12-09,0.954,0.954,0.0,1.0
2013-12-10,0.961,0.961,0.0,1.0
2013-12-11,0.943,0.943,0.0,1.0
2013-12-12,0.95,0.95,0.0,1.0
2013-12-13,0.951,0.951,0.0,1.0
2013-12-16,0.933,0.933,0.0,1.0
2013-12-17,0.931,0.931,0.0,1.0
2013-12-18,0.925,0.925,0.0,1.0
2013-12-19,0.916,0.916,0.0,1.0
2013-12-20,0.903,0.903,0.0,1.0
2013-12-23,0.903,0.903,0.0,1.0
2013-12-24,0.908,0.908,0.0,1.0
2013-12-25,0.913,0.913,0.0,1.0
2013-12-26,0.904,0.904,0.0,1.0
2013-12-27,0.911,0.911,0.0,1.0
2013-12-30,0.914,0.914,0.0,1.0
2013-12-31,0.916,0.916,0.0,1.0
2014-01-02,0.921,0.921,0.0,1.0
2014-01-03,0.91,0.91,0.0,1.0
2014-01-06,0.886,0.886,0.0,1.0
2014-01-07,0.884,0.884,0.0,1.0
2014-01-08,0.885,0.885,0.0,1.0
2014-01-09,0.879,0.879,0.0,1.0
2014-01-10,0.863,0.863,0.0,1.0
2014-01-13,0.857,0.857,0.0,1.0
2014-01-14,0.871,0.871,0.0,1.0
2014-01-15,0.873,0.873,0.0,1.0
2014-01-16,0.879,0.879,0.0,1.0
2014-01-17,0.87,0.87,0.0,1.0
2014-01-20,0.862,0.862,0.0,1.0
2014-01-21,0.871,0.871,0.0,1.0
2014-01-22,0.896,0.896,0.0,1.0
2014-01-23,0.901,0.901,0.0,1.0
2014-01-24,0.907,0.907,0.0,1.0
2014-01-27,0.903,0.903,0.0,1.0
2014-01-28,0.903,0.903,0.0,1.0
2014-01-29,0.906,0.906,0.0,1.0
2014-01-30,0.9,0.9,0.0,1.0
2014-02-07,0.916,0.916,0.0,1.0
2014-02-10,0.942,0.942,0.0,1.0
2014-02-11,0.944,0.944,0.0,1.0
2014-02-12,0.955,0.955,0.0,1.0
2014-02-13,0.95,0.95,0.0,1.0
2014-02-14,0.96,0.96,0.0,1.0
2014-02-17,0.976,0.976,0.0,1.0
2014-02-18,0.975,0.975,0.0,1.0
2014-02-19,0.976,0.976,0.0,1.0
2014-02-20,0.97,0.97,0.0,1.0
2014-02-21,0.962,0.962,0.0,1.0
2014-02-24,0.952,0.952,0.0,1.0
2014-02-25,0.924,0.924,0.0,1.0
2014-02-26,0.921,0.921,0.0,1.0
2014-02-27,0.92,0.92,0.0,1.0
2014-02-28,0.926,0.926,0.0,1.0
2014-03-03,0.948,0.948,0.0,1.0
2014-03-04,0.942,0.942,0.0,1.0
2014-03-05,0.938,0.938,0.0,1.0
2014-03-06,0.94,0.94,0.0,1.0
2014-03-07,0.936,0.936,0.0,1.0
2014-03-10,0.904,0.904,0.0,1.0
2014-03-11,0.902,0.902,0.0,1.0
2014-03-12,0.891,0.891,0.0,1.0
2014-03-13,0.914,0.914,0.0,1.0
2014-03-14,0.906,0.906,0.0,1.0
2014-03-17,0.925,0.925,0.0,1.0
2014-03-18,0.929,0.929,0.0,1.0
2014-03-19,0.93,0.93,0.0,1.0
2014-03-20,0.912,0.912,0.0,1.0
2014-03-21,0.926,0.926,0.0,1.0
2014-03-24,0.938,0.938,0.0,1.0
2014-03-25,0.938,0.938,0.0,1.0
2014-03-26,0.939,0.939,0.0,1.0
2014-03-27,0.932,0.932,0.0,1.0
2014-03-28,0.914,0.914,0.0,1.0
2014-03-31,0.908,0.908,0.0,1.0
2014-04-01,0.918,0.918,0.0,1.0
2014-04-02,0.916,0.916,0.0,1.0
2014-04-03,0.915,0.915,0.0,1.0
2014-04-04,0.923,0.923,0.0,1.0
2014-04-08,0.936,0.936,0.0,1.0
2014-04-09,0.943,0.943,0.0,1.0
2014-04-10,0.95,0.95,0.0,1.0
2014-04-11,0.95,0.95,0.0,1.0
2014-04-14,0.953,0.953,0.0,1.0
2014-04-15,0.946,0.946,0.0,1.0
2014-04-16,0.948,0.948,0.0,1.0
2014-04-17,0.947,0.947,0.0,1.0
2014-04-18,0.95,0.95,0.0,1.0
2014-04-21,0.933,0.933,0.0,1.0
2014-04-22,0.924,0.924,0.0,1.0
2014-04-23,0.926,0.926,0.0,1.0
2014-04-24,0.919,0.919,0.0,1.0
2014-04-25,0.903,0.903,0.0,1.0
2014-04-28,0.877,0.877,0.0,1.0
2014-04-29,0.89,0.89,0.0,1.0
2014-04-30,0.897,0.897,0.0,1.0
2014-05-05,0.902,0.902,0.0,1.0
2014-05-06,0.906,0.906,0.0,1.0
2014-05-07,0.893,0.893,0.0,1.0
2014-05-08,0.895,0.895,0.0,1.0
2014-05-09,0.889,0.889,0.0,1.0
2014-05-12,0.91,0.91,0.0,1.0
2014-05-13,0.908,0.908,0.0,1.0
2014-05-14,0.906,0.906,0.0,1.0
2014-05-15,0.89,0.89,0.0,1.0
2014-05-16,0.888,0.888,0.0,1.0
2014-05-19,0.883,0.883,0.0,1.0
2014-05-20,0.884,0.884,0.0,1.0
2014-05-21,0.89,0.89,0.0,1.0
2014-05-22,0.888,0.888,0.0,1.0
2014-05-23,0.895,0.895,0.0,1.0
2014-05-26,0.904,0.904,0.0,1.0
2014-05-27,0.902,0.902,0.0,1.0
2014-05-28,0.909,0.909,0.0,1.0
2014-05-29,0.901,0.901,0.0,1.0
2014-05-30,0.905,0.905,0.0,1.0
2014-06-03,0.901,0.901,0.0,1.0
2014-06-04,0.891,0.891,0.0,1.0
2014-06-05,0.9,0.9,0.0,1.0
2014-06-06,0.9,0.9,0.0,1.0
2014-06-09,0.895,0.895,0.0,1.0
2014-06-10,0.902,0.902,0.0,1.0
2014-06-11,0.907,0.907,0.0,1.0
2014-06-12,0.91,0.91,0.0,1.0
2014-06-13,0.915,0.915,0.0,1.0
2014-06-16,0.92,0.92,0.0,1.0
2014-06-17,0.915,0.915,0.0,1.0
2014-06-18,0.909,0.909,0.0,1.0
2014-06-19,0.89,0.89,0.0,1.0
2014-06-20,0.895,0.895,0.0,1.0
2014-06-23,0.9,0.9,0.0,1.0
2014-06-24,0.902,0.902,0.0,1.0
2014-06-25,0.901,0.901,0.0,1.0
2014-06-26,0.907,0.907,0.0,1.0
2014-06-27,0.918,0.918,0.0,1.0
2014-06-30,0.925,0.925,0.0,1.0
2014-07-01,0.927,0.927,0.0,1.0
2014-07-02,0.935,0.935,0.0,1.0
2014-07-03,0.945,0.945,0.0,1.0
2014-07-04,0.941,0.941,0.0,1.0
2014-07-07,0.939,0.939,0.0,1.0
2014-07-08,0.945,0.945,0.0,1.0
2014-07-09,0.933,0.933,0.0,1.0
2014-07-10,0.937,0.937,0.0,1.0
2014-07-11,0.941,0.941,0.0,1.0
2014-07-14,0.956,0.956,0.0,1.0
2014-07-15,0.955,0.955,0.0,1.0
2014-07-16,0.952,0.952,0.0,1.0
2014-07-17,0.946,0.946,0.0,1.0
2014-07-18,0.948,0.948,0.0,1.0
2014-07-21,0.945,0.945,0.0,1.0
2014-07-22,0.959,0.959,0.0,1.0
2014-07-23,0.958,0.958,0.0,1.0
2014-07-24,0.954,0.954,0.0,1.0
2014-07-25,0.965,0.965,0.0,1.0
2014-07-28,0.98,0.98,0.0,1.0
2014-07-29,0.985,0.985,0.0,1.0
2014-07-30,0.99,0.99,0.0,1.0
2014-07-31,0.999,0.999,0.0,1.0
2014-08-01,0.99,0.99,0.0,1.0
2014-08-04,1.004,1.004,0.0,1.0
2014-08-05,1.008,1.008,0.0,1.0
2014-08-06,1.013,1.013,0.0,1.0
2014-08-07,1.005,1.005,0.0,1.0
2014-08-08,1.008,1.008,0.0,1.0
2014-08-11,1.026,1.026,0.0,1.0
2014-08-12,1.029,1.029,0.0,1.0
2014-08-13,1.027,1.027,0.0,1.0
2014-08-14,1.02,1.02,0.0,1.0
2014-08-15,1.031,1.031,0.0,1.0
2014-08-18,1.043,1.043,0.0,1.0
2014-08-19,1.048,1.048,0.0,1.0
2014-08-20,1.048,1.048,0.0,1.0
2014-08-21,1.045,1.045,0.0,1.0
2014-08-22,1.052,1.052,0.0,1.0
2014-08-25,1.053,1.053,0.0,1.0
2014-08-26,1.028,1.028,0.0,1.0
2014-08-27,1.03,1.03,0.0,1.0
2014-08-28,1.026,1.026,0.0,1.0
2014-08-29,1.031,1.031,0.0,1.0
2014-09-01,1.048,1.048,0.0,1.0
2014-09-02,1.067,1.067,0.0,1.0
2014-09-03,1.072,1.072,0.0,1.0
2014-09-04,1.103,1.103,0.0,1.0
2014-09-05,1.086,1.086,0.0,1.0
2014-09-09,1.097,1.097,0.0,1.0
2014-09-10,1.097,1.097,0.0,1.0
2014-09-11,1.093,1.093,0.0,1.0
2014-09-12,1.11,1.11,0.0,1.0
2014-09-15,1.125,1.125,0.0,1.0
2014-09-16,1.091,1.091,0.0,1.0
2014-09-17,1.097,1.097,0.0,1.0
2014-09-18,1.106,1.106,0.0,1.0
2014-09-19,1.12,1.12,0.0,1.0
2014-09-22,1.103,1.103,0.0,1.0
2014-09-23,1.118,1.118,0.0,1.0
2014-09-24,1.132,1.132,0.0,1.0
2014-09-25,1.133,1.133,0.0,1.0
2014-09-26,1.14,1.14,0.0,1.0
2014-09-29,1.15,1.15,0.0,1.0
2014-09-30,1.156,1.156,0.0,1.0
2014-10-08,1.173,1.173,0.0,1.0
2014-10-09,1.176,1.176,0.0,1.0
2014-10-10,1.17,1.17,0.0,1.0
2014-10-13,1.172,1.172,0.0,1.0
2014-10-14,1.167,1.167,0.0,1.0
2014-10-15,1.175,1.175,0.0,1.0
2014-10-16,1.161,1.161,0.0,1.0
2014-10-17,1.144,1.144,0.0,1.0
2014-10-20,1.16,1.16,0.0,1.0
2014-10-21,1.148,1.148,0.0,1.0
2014-10-22,1.133,1.133,0.0,1.0
2014-10-23,1.114,1.114,0.0,1.0
2014-10-24,1.117,1.117,0.0,1.0
2014-10-27,1.126,1.126,0.0,1.0
2014-10-28,1.159,1.159,0.0,1.0
2014-10-29,1.179,1.179,0.0,1.0
2014-10-30,1.183,1.183,0.0,1.0
2014-10-31,1.19,1.19,0.0,1.0
2014-11-03,1.2,1.2,0.0,1.0
2014-11-04,1.196,1.196,0.0,1.0
2014-11-05,1.193,1.193,0.0,1.0
2014-11-06,1.2,1.2,0.0,1.0
2014-11-07,1.188,1.188,0.0,1.0
2014-11-10,1.21,1.21,0.0,1.0
2014-11-11,1.174,1.174,0.0,1.0
2014-11-12,1.197,1.197,0.0,1.0
2014-11-13,1.193,1.193,0.0,1.0
2014-11-14,1.188,1.188,0.0,1.0
2014-11-17,1.194,1.194,0.0,1.0
2014-11-18,1.195,1.195,0.0,1.0
2014-11-19,1.195,1.195,0.0,1.0
2014-11-20,1.195,1.195,0.0,1.0
2014-11-21,1.21,1.21,0.0,1.0
2014-11-24,1.227,1.227,0.0,1.0
2014-11-25,1.254,1.254,0.0,1.0
2014-11-26,1.254,1.254,0.0,1.0
2014-11-27,1.26,1.26,0.0,1.0
2014-11-28,1.26,1.26,0.0,1.0
2014-12-01,1.257,1.257,0.0,1.0
2014-12-02,1.275,1.275,0.0,1.0
2014-12-03,1.288,1.288,0.0,1.0
2014-12-04,1.316,1.316,0.0,1.0
2014-12-05,1.288,1.288,0.0,1.0
2014-12-08,1.318,1.318,0.0,1.0
2014-12-09,1.267,1.267,0.0,1.0
2014-12-10,1.329,1.329,0.0,1.0
2014-12-11,1.345,1.345,0.0,1.0
2014-12-12,1.351,1.351,0.0,1.0
2014-12-15,1.389,1.389,0.0,1.0
2014-12-16,1.375,1.375,0.0,1.0
2014-12-17,1.357,1.357,0.0,1.0
2014-12-18,1.365,1.365,0.0,1.0
2014-12-19,1.372,1.372,0.0,1.0
2014-12-22,1.333,1.333,0.0,1.0
2014-12-23,1.294,1.294,0.0,1.0
2014-12-24,1.308,1.308,0.0,1.0
2014-12-25,1.341,1.341,0.0,1.0
2014-12-26,1.352,1.352,0.0,1.0
2014-12-29,1.342,1.342,0.0,1.0
2014-12-30,1.316,1.316,0.0,1.0
2014-12-31,1.33,1.33,0.0,1.0
2015-01-05,1.365,1.365,0.0,1.0
2015-01-06,1.379,1.379,0.0,1.0
2015-01-07,1.388,1.388,0.0,1.0
2015-01-08,1.365,1.365,0.0,1.0
2015-01-09,1.366,1.366,0.0,1.0
2015-01-12,1.348,1.348,0.0,1.0
2015-01-13,1.336,1.336,0.0,1.0
2015-01-14,1.324,1.324,0.0,1.0
2015-01-15,1.347,1.347,0.0,1.0
2015-01-16,1.356,1.356,0.0,1.0
2015-01-19,1.299,1.299,0.0,1.0
2015-01-20,1.338,1.338,0.0,1.0
2015-01-21,1.37,1.37,0.0,1.0
2015-01-22,1.391,1.391,0.0,1.0
2015-01-23,1.382,1.382,0.0,1.0
2015-01-26,1.417,1.417,0.0,1.0
2015-01-27,1.424,1.424,0.0,1.0
2015-01-28,1.417,1.417,0.0,1.0
2015-01-29,1.407,1.407,0.0,1.0
2015-01-30,1.387,1.387,0.0,1.0
2015-02-02,1.368,1.368,0.0,1.0
2015-02-03,1.388,1.388,0.0,1.0
2015-02-04,1.384,1.384,0.0,1.0
2015-02-05,1.368,1.368,0.0,1.0
2015-02-06,1.339,1.339,0.0,1.0
2015-02-09,1.327,1.327,0.0,1.0
2015-02-10,1.343,1.343,0.0,1.0
2015-02-11,1.359,1.359,0.0,1.0
2015-02-12,1.37,1.37,0.0,1.0
2015-02-13,1.39,1.39,0.0,1.0
2015-02-16,1.413,1.413,0.0,1.0
2015-02-17,1.43,1.43,0.0,1.0
2015-02-25,1.426,1.426,0.0,1.0
2015-02-26,1.452,1.452,0.0,1.0
2015-02-27,1.461,1.461,0.0,1.0
2015-03-02,1.489,1.489,0.0,1.0
2015-03-03,1.484,1.484,0.0,1.0
2015-03-04,1.503,1.503,0.0,1.0
2015-03-05,1.503,1.503,0.0,1.0
2015-03-06,1.491,1.491,0.0,1.0
2015-03-09,1.51,1.51,0.0,1.0
2015-03-10,1.522,1.522,0.0,1.0
2015-03-11,1.518,1.518,0.0,1.0
2015-03-12,1.522,1.522,0.0,1.0
2015-03-13,1.544,1.544,0.0,1.0
2015-03-16,1.596,1.596,0.0,1.0
2015-03-17,1.618,1.618,0.0,1.0
2015-03-18,1.649,1.649,0.0,1.0
2015-03-19,1.66,1.66,0.0,1.0
2015-03-20,1.675,1.675,0.0,1.0
2015-03-23,1.709,1.709,0.0,1.0
2015-03-24,1.721,1.721,0.0,1.0
2015-03-25,1.73,1.73,0.0,1.0
2015-03-26,1.718,1.718,0.0,1.0
2015-03-27,1.733,1.733,0.0,1.0
2015-03-30,1.764,1.764,0.0,1.0
2015-03-31,1.749,1.749,0.0,1.0
2015-04-01,1.795,1.795,0.0,1.0
2015-04-02,1.828,1.828,0.0,1.0
2015-04-03,1.855,1.855,0.0,1.0
2015-04-07,1.898,1.898,0.0,1.0
2015-04-08,1.883,1.883,0.0,1.0
2015-04-09,1.859,1.859,0.0,1.0
2015-04-10,1.915,1.915,0.0,1.0
2015-04-13,1.968,1.968,0.0,1.0
2015-04-14,1.98,1.98,0.0,1.0
2015-04-15,1.915,1.915,0.0,1.0
2015-04-16,1.94,1.94,0.0,1.0
2015-04-17,1.959,1.959,0.0,1.0
2015-04-20,1.935,1.935,0.0,1.0
2015-04-21,1.994,1.994,0.0,1.0
2015-04-22,2.056,2.056,0.0,1.0
2015-04-23,2.07,2.07,0.0,1.0
2015-04-24,2.069,2.069,0.0,1.0
2015-04-27,2.1,2.1,0.0,1.0
2015-04-28,2.047,2.047,0.0,1.0
2015-04-29,2.076,2.076,0.0,1.0
2015-04-30,2.072,2.072,0.0,1.0
2015-05-04,2.094,2.094,0.0,1.0
2015-05-05,2.008,2.008,0.0,1.0
2015-05-06,1.978,1.978,0.0,1.0
2015-05-07,1.905,1.905,0.0,1.0
2015-05-08,1.964,1.964,0.0,1.0
2015-05-11,2.05,2.05,0.0,1.0
2015-05-12,2.138,2.138,0.0,1.0
2015-05-13,2.116,2.116,0.0,1.0
2015-05-14,2.091,2.091,0.0,1.0
2015-05-15,2.081,2.081,0.0,1.0
2015-05-18,2.121,2.121,0.0,1.0
2015-05-19,2.191,2.191,0.0,1.0
2015-05-20,2.204,2.204,0.0,1.0
2015-05-21,2.277,2.277,0.0,1.0
2015-05-22,2.327,2.327,0.0,1.0
2015-05-25,2.412,2.412,0.0,1.0
2015-05-26,2.52,2.52,0.0,1.0
2015-05-27,2.524,2.524,0.0,1.0
2015-05-28,2.361,2.361,0.0,1.0
2015-05-29,2.377,2.377,0.0,1.0
2015-06-01,2.515,2.515,0.0,1.0
2015-06-02,2.609,2.609,0.0,1.0
2015-06-03,2.611,2.611,0.0,1.0
2015-06-04,2.617,2.617,0.0,1.0
2015-06-05,2.672,2.672,0.0,1.0
2015-06-08,2.666,2.666,0.0,1.0
2015-06-09,2.667,2.667,0.0,1.0
2015-06-10,2.729,2.729,0.0,1.0
2015-06-11,2.75,2.75,0.0,1.0
2015-06-12,2.771,2.771,0.0,1.0
2015-06-15,2.759,2.759,0.0,1.0
2015-06-16,2.615,2.615,0.0,1.0
2015-06-17,2.684,2.684,0.0,1.0
2015-06-18,2.593,2.593,0.0,1.0
2015-06-19,2.437,2.437,0.0,1.0
2015-06-23,2.42,2.42,0.0,1.0
2015-06-24,2.481,2.481,0.0,1.0
2015-06-25,2.391,2.391,0.0,1.0
2015-06-26,2.153,2.153,0.0,1.0
2015-06-29,2.036,2.036,0.0,1.0
2015-06-30,2.143,2.143,0.0,1.0
2015-07-01,2.012,2.012,0.0,1.0
2015-07-02,1.812,1.812,0.0,1.0
2015-07-03,1.709,1.709,0.0,1.0
2015-07-06,1.619,1.619,0.0,1.0
2015-07-07,1.457,1.457,0.0,1.0
2015-07-08,1.311,1.311,0.0,1.0
2015-07-09,1.442,1.442,0.0,1.0
2015-07-10,1.586,1.586,0.0,1.0
2015-07-13,1.745,1.745,0.0,1.0
2015-07-14,1.89,1.89,0.0,1.0
2015-07-15,1.733,1.733,0.0,1.0
2015-07-16,1.709,1.709,0.0,1.0
2015-07-17,1.839,1.839,0.0,1.0
2015-07-20,1.903,1.903,0.0,1.0
2015-07-21,1.904,1.904,0.0,1.0
2015-07-22,1.942,1.942,0.0,1.0
2015-07-23,2.016,2.016,0.0,1.0
2015-07-24,1.981,1.981,0.0,1.0
2015-07-27,1.805,1.805,0.0,1.0
2015-07-28,1.767,1.767,0.0,1.0
2015-07-29,1.851,1.851,0.0,1.0
2015-07-30,1.802,1.802,0.0,1.0
2015-07-31,1.772,1.772,0.0,1.0
2015-08-03,1.712,1.712,0.0,1.0
2015-08-04,1.85,1.85,0.0,1.0
2015-08-05,1.816,1.816,0.0,1.0
2015-08-06,1.788,1.788,0.0,1.0
2015-08-07,1.85,1.85,0.0,1.0
2015-08-10,1.98,1.98,0.0,1.0
2015-08-11,1.975,1.975,0.0,1.0
2015-08-12,1.969,1.969,0.0,1.0
2015-08-13,2.027,2.027,0.0,1.0
2015-08-14,2.039,2.039,0.0,1.0
2015-08-17,2.124,2.124,0.0,1.0
2015-08-18,1.945,1.945,0.0,1.0
2015-08-19,1.989,1.989,0.0,1.0
2015-08-20,1.92,1.92,0.0,1.0
2015-08-21,1.822,1.822,0.0,1.0
2015-08-24,1.64,1.64,0.0,1.0
2015-08-25,1.476,1.476,0.0,1.0
2015-08-26,1.484,1.484,0.0,1.0
2015-08-27,1.525,1.525,0.0,1.0
2015-08-28,1.635,1.635,0.0,1.0
2015-08-31,1.579,1.579,0.0,1.0
2015-09-01,1.479,1.479,0.0,1.0
2015-09-02,1.448,1.448,0.0,1.0
2015-09-07,1.466,1.466,0.0,1.0
2015-09-08,1.535,1.535,0.0,1.0
2015-09-09,1.586,1.586,0.0,1.0
2015-09-10,1.55,1.55,0.0,1.0
2015-09-11,1.566,1.566,0.0,1.0
2015-09-14,1.452,1.452,0.0,1.0
2015-09-15,1.373,1.373,0.0,1.0
2015-09-16,1.49,1.49,0.0,1.0
2015-09-17,1.457,1.457,0.0,1.0
2015-09-18,1.464,1.464,0.0,1.0
2015-09-21,1.523,1.523,0.0,1.0
2015-09-22,1.533,1.533,0.0,1.0
2015-09-23,1.511,1.511,0.0,1.0
2015-09-24,1.527,1.527,0.0,1.0
2015-09-25,1.475,1.475,0.0,1.0
2015-09-28,1.5,1.5,0.0,1.0
2015-09-29,1.461,1.461,0.0,1.0
2015-09-30,1.467,1.467,0.0,1.0
2015-10-08,1.535,1.535,0.0,1.0
2015-10-09,1.56,1.56,0.0,1.0
2015-10-12,1.638,1.638,0.0,1.0
2015-10-13,1.648,1.648,0.0,1.0
2015-10-14,1.634,1.634,0.0,1.0
2015-10-15,1.682,1.682,0.0,1.0
2015-10-16,1.718,1.718,0.0,1.0
2015-10-19,1.717,1.717,0.0,1.0
2015-10-20,1.764,1.764,0.0,1.0
2015-10-21,1.629,1.629,0.0,1.0
2015-10-22,1.679,1.679,0.0,1.0
2015-10-23,1.723,1.723,0.0,1.0
2015-10-26,1.738,1.738,0.0,1.0
2015-10-27,1.752,1.752,0.0,1.0
2015-10-28,1.708,1.708,0.0,1.0
2015-10-29,1.722,1.722,0.0,1.0
2015-10-30,1.715,1.715,0.0,1.0
2015-11-02,1.691,1.691,0.0,1.0
2015-11-03,1.678,1.678,0.0,1.0
2015-11-04,1.78,1.78,0.0,1.0
2015-11-05,1.779,1.779,0.0,1.0
2015-11-06,1.814,1.814,0.0,1.0
2015-11-09,1.829,1.829,0.0,1.0
2015-11-10,1.841,1.841,0.0,1.0
2015-11-11,1.863,1.863,0.0,1.0
2015-11-12,1.856,1.856,0.0,1.0
2015-11-13,1.833,1.833,0.0,1.0
2015-11-16,1.867,1.867,0.0,1.0
2015-11-17,1.851,1.851,0.0,1.0
2015-11-18,1.82,1.82,0.0,1.0
2015-11-19,1.862,1.862,0.0,1.0
2015-11-20,1.883,1.883,0.0,1.0
2015-11-23,1.868,1.868,0.0,1.0
2015-11-24,1.877,1.877,0.0,1.0
2015-11-25,1.899,1.899,0.0,1.0
2015-11-26,1.893,1.893,0.0,1.0
2015-11-27,1.775,1.775,0.0,1.0
2015-11-30,1.778,1.778,0.0,1.0
2015-12-01,1.776,1.776,0.0,1.0
2015-12-02,1.775,1.775,0.0,1.0
2015-12-03,1.819,1.819,0.0,1.0
2015-12-04,1.795,1.795,0.0,1.0
2015-12-07,1.814,1.814,0.0,1.0
2015-12-08,1.809,1.809,0.0,1.0
2015-12-09,1.779,1.779,0.0,1.0
2015-12-10,1.761,1.761,0.0,1.0
2015-12-11,1.749,1.749,0.0,1.0
2015-12-14,1.789,1.789,0.0,1.0
2015-12-15,1.801,1.801,0.0,1.0
2015-12-16,1.8,1.8,0.0,1.0
2015-12-17,1.849,1.849,0.0,1.0
2015-12-18,1.84,1.84,0.0,1.0
2015-12-21,1.871,1.871,0.0,1.0
2015-12-22,1.883,1.883,0.0,1.0
2015-12-23,1.862,1.862,0.0,1.0
2015-12-24,1.859,1.859,0.0,1.0
2015-12-25,1.867,1.867,0.0,1.0
2015-12-28,1.83,1.83,0.0,1.0
2015-12-29,1.846,1.846,0.0,1.0
2015-12-30,1.861,1.861,0.0,1.0
2015-12-31,1.836,1.836,0.0,1.0
2016-01-04,1.694,1.694,0.0,1.0
2016-01-05,1.675,1.675,0.0,1.0
2016-01-06,1.718,1.718,0.0,1.0
2016-01-07,1.602,1.602,0.0,1.0
2016-01-08,1.6,1.6,0.0,1.0
2016-01-11,1.494,1.494,0.0,1.0
2016-01-12,1.486,1.486,0.0,1.0
2016-01-13,1.452,1.452,0.0,1.0
2016-01-14,1.49,1.49,0.0,1.0
2016-01-15,1.427,1.427,0.0,1.0
2016-01-18,1.46,1.46,0.0,1.0
2016-01-19,1.498,1.498,0.0,1.0
2016-01-20,1.487,1.487,0.0,1.0
2016-01-21,1.438,1.438,0.0,1.0
2016-01-22,1.453,1.453,0.0,1.0
2016-01-25,1.465,1.465,0.0,1.0
2016-01-26,1.356,1.356,0.0,1.0
2016-01-27,1.341,1.341,0.0,1.0
2016-01-28,1.283,1.283,0.0,1.0
2016-01-29,1.33,1.33,0.0,1.0
2016-02-01,1.31,1.31,0.0,1.0
2016-02-02,1.35,1.35,0.0,1.0
2016-02-03,1.355,1.355,0.0,1.0
2016-02-04,1.381,1.381,0.0,1.0
2016-02-05,1.374,1.374,0.0,1.0
2016-02-15,1.372,1.372,0.0,1.0
2016-02-16,1.422,1.422,0.0,1.0
2016-02-17,1.438,1.438,0.0,1.0
2016-02-18,1.436,1.436,0.0,1.0
2016-02-19,1.441,1.441,0.0,1.0
2016-02-22,1.47,1.47,0.0,1.0
2016-02-23,1.461,1.461,0.0,1.0
2016-02-24,1.473,1.473,0.0,1.0
2016-02-25,1.361,1.361,0.0,1.0
2016-02-26,1.375,1.375,0.0,1.0
2016-02-29,1.303,1.303,0.0,1.0
2016-03-01,1.33,1.33,0.0,1.0
2016-03-02,1.394,1.394,0.0,1.0
2016-03-03,1.404,1.404,0.0,1.0
2016-03-04,1.364,1.364,0.0,1.0
2016-03-07,1.395,1.395,0.0,1.0
2016-03-08,1.396,1.396,0.0,1.0
2016-03-09,1.364,1.364,0.0,1.0
2016-03-10,1.345,1.345,0.0,1.0
2016-03-11,1.342,1.342,0.0,1.0
2016-03-14,1.379,1.379,0.0,1.0
2016-03-15,1.375,1.375,0.0,1.0
2016-03-16,1.357,1.357,0.0,1.0
2016-03-17,1.393,1.393,0.0,1.0
2016-03-18,1.433,1.433,0.0,1.0
2016-03-21,1.471,1.471,0.0,1.0
2016-03-22,1.467,1.467,0.0,1.0
2016-03-23,1.47,1.47,0.0,1.0
2016-03-24,1.45,1.45,0.0,1.0
2016-03-25,1.46,1.46,0.0,1.0
2016-03-28,1.454,1.454,0.0,1.0
2016-03-29,1.434,1.434,0.0,1.0
2016-03-30,1.472,1.472,0.0,1.0
2016-03-31,1.476,1.476,0.0,1.0
2016-04-01,1.478,1.478,0.0,1.0
2016-04-05,1.511,1.511,0.0,1.0
2016-04-06,1.52,1.52,0.0,1.0
2016-04-07,1.501,1.501,0.0,1.0
2016-04-08,1.488,1.488,0.0,1.0
2016-04-11,1.513,1.513,0.0,1.0
2016-04-12,1.498,1.498,0.0,1.0
2016-04-13,1.523,1.523,0.0,1.0
2016-04-14,1.54,1.54,0.0,1.0
2016-04-15,1.534,1.534,0.0,1.0
2016-04-18,1.517,1.517,0.0,1.0
2016-04-19,1.518,1.518,0.0,1.0
2016-04-20,1.452,1.452,0.0,1.0
2016-04-21,1.435,1.435,0.0,1.0
2016-04-22,1.447,1.447,0.0,1.0
2016-04-25,1.444,1.444,0.0,1.0
2016-04-26,1.458,1.458,0.0,1.0
2016-04-27,1.446,1.446,0.0,1.0
2016-04-28,1.441,1.441,0.0,1.0
2016-04-29,1.442,1.442,0.0,1.0
2016-05-03,1.481,1.481,0.0,1.0
2016-05-04,1.479,1.479,0.0,1.0
2016-05-05,1.489,1.489,0.0,1.0
2016-05-06,1.435,1.435,0.0,1.0
2016-05-09,1.379,1.379,0.0,1.0
2016-05-10,1.379,1.379,0.0,1.0
2016-05-11,1.386,1.386,0.0,1.0
2016-05-12,1.374,1.374,0.0,1.0
2016-05-13,1.37,1.37,0.0,1.0
2016-05-16,1.391,1.391,0.0,1.0
2016-05-17,1.385,1.385,0.0,1.0
2016-05-18,1.345,1.345,0.0,1.0
2016-05-19,1.354,1.354,0.0,1.0
2016-05-20,1.367,1.367,0.0,1.0
2016-05-23,1.382,1.382,0.0,1.0
2016-05-24,1.369,1.369,0.0,1.0
2016-05-25,1.37,1.37,0.0,1.0
2016-05-26,1.368,1.368,0.0,1.0
2016-05-27,1.374,1.374,0.0,1.0
2016-05-30,1.368,1.368,0.0,1.0
2016-05-31,1.418,1.418,0.0,1.0
2016-06-01,1.426,1.426,0.0,1.0
2016-06-02,1.436,1.436,0.0,1.0
2016-06-03,1.44,1.44,0.0,1.0
2016-06-06,1.437,1.437,0.0,1.0
2016-06-07,1.441,1.441,0.0,1.0
2016-06-08,1.438,1.438,0.0,1.0
2016-06-13,1.376,1.376,0.0,1.0
2016-06-14,1.377,1.377,0.0,1.0
2016-06-15,1.425,1.425,0.0,1.0
2016-06-16,1.418,1.418,0.0,1.0
2016-06-17,1.428,1.428,0.0,1.0
2016-06-20,1.434,1.434,0.0,1.0
2016-06-21,1.417,1.417,0.0,1.0
2016-06-22,1.44,1.44,0.0,1.0
2016-06-23,1.435,1.435,0.0,1.0
2016-06-24,1.418,1.418,0.0,1.0
2016-06-27,1.45,1.45,0.0,1.0
2016-06-28,1.461,1.461,0.0,1.0
2016-06-29,1.468,1.468,0.0,1.0
2016-06-30,1.464,1.464,0.0,1.0
2016-07-01,1.463,1.463,0.0,1.0
2016-07-04,1.497,1.497,0.0,1.0
2016-07-05,1.506,1.506,0.0,1.0
2016-07-06,1.516,1.516,0.0,1.0
2016-07-07,1.518,1.518,0.0,1.0
2016-07-08,1.51,1.51,0.0,1.0
2016-07-11,1.514,1.514,0.0,1.0
2016-07-12,1.538,1.538,0.0,1.0
2016-07-13,1.545,1.545,0.0,1.0
2016-07-14,1.545,1.545,0.0,1.0
2016-07-15,1.546,1.546,0.0,1.0
2016-07-18,1.534,1.534,0.0,1.0
2016-07-19,1.538,1.538,0.0,1.0
2016-07-20,1.539,1.539,0.0,1.0
2016-07-21,1.547,1.547,0.0,1.0
2016-07-22,1.533,1.533,0.0,1.0
2016-07-25,1.535,1.535,0.0,1.0
2016-07-26,1.557,1.557,0.0,1.0
2016-07-27,1.506,1.506,0.0,1.0
2016-07-28,1.517,1.517,0.0,1.0
2016-07-29,1.505,1.505,0.0,1.0
2016-08-01,1.485,1.485,0.0,1.0
2016-08-02,1.492,1.492,0.0,1.0
2016-08-03,1.5,1.5,0.0,1.0
2016-08-04,1.508,1.508,0.0,1.0
2016-08-05,1.509,1.509,0.0,1.0
2016-08-08,1.527,1.527,0.0,1.0
2016-08-09,1.54,1.54,0.0,1.0
2016-08-10,1.536,1.536,0.0,1.0
2016-08-11,1.512,1.512,0.0,1.0
2016-08-12,1.529,1.529,0.0,1.0
2016-08-15,1.564,1.564,0.0,1.0
2016-08-16,1.568,1.568,0.0,1.0
2016-08-17,1.571,1.571,0.0,1.0
2016-08-18,1.568,1.568,0.0,1.0
2016-08-19,1.572,1.572,0.0,1.0
2016-08-22,1.553,1.553,0.0,1.0
2016-08-23,1.554,1.554,0.0,1.0
2016-08-24,1.559,1.559,0.0,1.0
2016-08-25,1.538,1.538,0.0,1.0
2016-08-26,1.548,1.548,0.0,1.0
2016-08-29,1.55,1.55,0.0,1.0
2016-08-30,1.548,1.548,0.0,1.0
2016-08-31,1.553,1.553,0.0,1.0
2016-09-01,1.54,1.54,0.0,1.0
2016-09-02,1.532,1.532,0.0,1.0
2016-09-05,1.54,1.54,0.0,1.0
2016-09-06,1.562,1.562,0.0,1.0
2016-09-07,1.567,1.567,0.0,1.0
2016-09-08,1.564,1.564,0.0,1.0
2016-09-09,1.564,1.564,0.0,1.0
2016-09-12,1.517,1.517,0.0,1.0
2016-09-13,1.524,1.524,0.0,1.0
2016-09-14,1.514,1.514,0.0,1.0
2016-09-19,1.532,1.532,0.0,1.0
2016-09-20,1.531,1.531,0.0,1.0
2016-09-21,1.532,1.532,0.0,1.0
2016-09-22,1.54,1.54,0.0,1.0
2016-09-23,1.536,1.536,0.0,1.0
2016-09-26,1.502,1.502,0.0,1.0
2016-09-27,1.512,1.512,0.0,1.0
2016-09-28,1.508,1.508,0.0,1.0
2016-09-29,1.514,1.514,0.0,1.0
2016-09-30,1.519,1.519,0.0,1.0
2016-10-10,1.543,1.543,0.0,1.0
2016-10-11,1.558,1.558,0.0,1.0
2016-10-12,1.559,1.559,0.0,1.0
2016-10-13,1.56,1.56,0.0,1.0
2016-10-14,1.558,1.558,0.0,1.0
2016-10-17,1.545,1.545,0.0,1.0
2016-10-18,1.565,1.565,0.0,1.0
2016-10-19,1.566,1.566,0.0,1.0
2016-10-20,1.568,1.568,0.0,1.0
2016-10-21,1.558,1.558,0.0,1.0
2016-10-24,1.575,1.575,0.0,1.0
2016-10-25,1.581,1.581,0.0,1.0
2016-10-26,1.573,1.573,0.0,1.0
2016-10-27,1.571,1.571,0.0,1.0
2016-10-28,1.561,1.561,0.0,1.0
2016-10-31,1.557,1.557,0.0,1.0
2016-11-01,1.568,1.568,0.0,1.0
2016-11-02,1.558,1.558,0.0,1.0
2016-11-03,1.572,1.572,0.0,1.0
2016-11-04,1.565,1.565,0.0,1.0
2016-11-07,1.564,1.564,0.0,1.0
2016-11-08,1.572,1.572,0.0,1.0
2016-11-09,1.56,1.56,0.0,1.0
2016-11-10,1.579,1.579,0.0,1.0
2016-11-11,1.592,1.592,0.0,1.0
2016-11-14,1.603,1.603,0.0,1.0
2016-11-15,1.605,1.605,0.0,1.0
2016-11-16,1.609,1.609,0.0,1.0
2016-11-17,1.607,1.607,0.0,1.0
2016-11-18,1.599,1.599,0.0,1.0
2016-11-21,1.601,1.601,0.0,1.0
2016-11-22,1.618,1.618,0.0,1.0
2016-11-23,1.61,1.61,0.0,1.0
2016-11-24,1.603,1.603,0.0,1.0
2016-11-25,1.611,1.611,0.0,1.0
2016-11-28,1.618,1.618,0.0,1.0
2016-11-29,1.61,1.61,0.0,1.0
2016-11-30,1.594,1.594,0.0,1.0
2016-12-01,1.606,1.606,0.0,1.0
2016-12-02,1.58,1.58,0.0,1.0
2016-12-05,1.568,1.568,0.0,1.0
2016-12-06,1.574,1.574,0.0,1.0
2016-12-07,1.588,1.588,0.0,1.0
2016-12-08,1.58,1.58,0.0,1.0
2016-12-09,1.583,1.583,0.0,1.0
2016-12-12,1.517,1.517,0.0,1.0
2016-12-13,1.526,1.526,0.0,1.0
2016-12-14,1.523,1.523,0.0,1.0
2016-12-15,1.528,1.528,0.0,1.0
2016-12-16,1.535,1.535,0.0,1.0
2016-12-19,1.538,1.538,0.0,1.0
2016-12-20,1.536,1.536,0.0,1.0
2016-12-21,1.551,1.551,0.0,1.0
2016-12-22,1.552,1.552,0.0,1.0
2016-12-23,1.539,1.539,0.0,1.0
2016-12-26,1.538,1.538,0.0,1.0
2016-12-27,1.542,1.542,0.0,1.0
2016-12-28,1.537,1.537,0.0,1.0
2016-12-29,1.536,1.536,0.0,1.0
2016-12-30,1.536,1.536,0.0,1.0
2017-01-03,1.551,1.551,0.0,1.0
2017-01-04,1.569,1.569,0.0,1.0
2017-01-05,1.574,1.574,0.0,1.0
2017-01-06,1.569,1.569,0.0,1.0
2017-01-09,1.579,1.579,0.0,1.0
2017-01-10,1.575,1.575,0.0,1.0
2017-01-11,1.562,1.562,0.0,1.0
2017-01-12,1.55,1.55,0.0,1.0
2017-01-13,1.531,1.531,0.0,1.0
2017-01-16,1.505,1.505,0.0,1.0
2017-01-17,1.509,1.509,0.0,1.0
2017-01-18,1.514,1.514,0.0,1.0
2017-01-19,1.51,1.51,0.0,1.0
2017-01-20,1.525,1.525,0.0,1.0
2017-01-23,1.531,1.531,0.0,1.0
2017-01-24,1.535,1.535,0.0,1.0
2017-01-25,1.533,1.533,0.0,1.0
2017-01-26,1.544,1.544,0.0,1.0
2017-02-03,1.545,1.545,0.0,1.0
2017-02-06,1.553,1.553,0.0,1.0
2017-02-07,1.555,1.555,0.0,1.0
2017-02-08,1.559,1.559,0.0,1.0
2017-02-09,1.567,1.567,0.0,1.0
2017-02-10,1.572,1.572,0.0,1.0
2017-02-13,1.579,1.579,0.0,1.0
2017-02-14,1.579,1.579,0.0,1.0
2017-02-15,1.569,1.569,0.0,1.0
2017-02-16,1.578,1.578,0.0,1.0
2017-02-17,1.57,1.57,0.0,1.0
2017-02-20,1.589,1.589,0.0,1.0
2017-02-21,1.599,1.599,0.0,1.0
2017-02-22,1.606,1.606,0.0,1.0
2017-02-23,1.604,1.604,0.0,1.0
2017-02-24,1.608,1.608,0.0,1.0
2017-02-27,1.602,1.602,0.0,1.0
2017-02-28,1.599,1.599,0.0,1.0
2017-03-01,1.605,1.605,0.0,1.0
2017-03-02,1.599,1.599,0.0,1.0
2017-03-03,1.599,1.599,0.0,1.0
2017-03-06,1.615,1.615,0.0,1.0
2017-03-07,1.615,1.615,0.0,1.0
2017-03-08,1.613,1.613,0.0,1.0
2017-03-09,1.598,1.598,0.0,1.0
2017-03-10,1.601,1.601,0.0,1.0
2017-03-13,1.611,1.611,0.0,1.0
2017-03-14,1.614,1.614,0.0,1.0
2017-03-15,1.61,1.61,0.0,1.0
2017-03-16,1.622,1.622,0.0,1.0
2017-03-17,1.61,1.61,0.0,1.0
2017-03-20,1.609,1.609,0.0,1.0
2017-03-21,1.617,1.617,0.0,1.0
2017-03-22,1.61,1.61,0.0,1.0
2017-03-23,1.62,1.62,0.0,1.0
2017-03-24,1.632,1.632,0.0,1.0
2017-03-27,1.63,1.63,0.0,1.0
2017-03-28,1.623,1.623,0.0,1.0
2017-03-29,1.63,1.63,0.0,1.0
2017-03-30,1.6,1.6,0.0,1.0
2017-03-31,1.604,1.604,0.0,1.0
2017-04-05,1.64,1.64,0.0,1.0
2017-04-06,1.641,1.641,0.0,1.0
2017-04-07,1.651,1.651,0.0,1.0
2017-04-10,1.655,1.655,0.0,1.0
2017-04-11,1.668,1.668,0.0,1.0
2017-04-12,1.657,1.657,0.0,1.0
2017-04-13,1.661,1.661,0.0,1.0
2017-04-14,1.645,1.645,0.0,1.0
2017-04-17,1.624,1.624,0.0,1.0
2017-04-18,1.619,1.619,0.0,1.0
2017-04-19,1.596,1.596,0.0,1.0
2017-04-20,1.597,1.597,0.0,1.0
2017-04-21,1.589,1.589,0.0,1.0
2017-04-24,1.549,1.549,0.0,1.0
2017-04-25,1.55,1.55,0.0,1.0
2017-04-26,1.559,1.559,0.0,1.0
2017-04-27,1.565,1.565,0.0,1.0
2017-04-28,1.566,1.566,0.0,1.0
2017-05-02,1.561,1.561,0.0,1.0
2017-05-03,1.555,1.555,0.0,1.0
2017-05-04,1.55,1.55,0.0,1.0
2017-05-05,1.526,1.526,0.0,1.0
2017-05-08,1.496,1.496,0.0,1.0
2017-05-09,1.494,1.494,0.0,1.0
2017-05-10,1.479,1.479,0.0,1.0
2017-05-11,1.473,1.473,0.0,1.0
2017-05-12,1.469,1.469,0.0,1.0
2017-05-15,1.481,1.481,0.0,1.0
2017-05-16,1.507,1.507,0.0,1.0
2017-05-17,1.516,1.516,0.0,1.0
2017-05-18,1.503,1.503,0.0,1.0
2017-05-19,1.501,1.501,0.0,1.0
2017-05-22,1.48,1.48,0.0,1.0
2017-05-23,1.449,1.449,0.0,1.0
2017-05-24,1.457,1.457,0.0,1.0
2017-05-25,1.472,1.472,0.0,1.0
2017-05-26,1.466,1.466,0.0,1.0
2017-05-31,1.466,1.466,0.0,1.0
2017-06-01,1.441,1.441,0.0,1.0
2017-06-02,1.451,1.451,0.0,1.0
2017-06-05,1.466,1.466,0.0,1.0
2017-06-06,1.475,1.475,0.0,1.0
2017-06-07,1.501,1.501,0.0,1.0
2017-06-08,1.507,1.507,0.0,1.0
2017-06-09,1.509,1.509,0.0,1.0
2017-06-12,1.492,1.492,0.0,1.0
2017-06-13,1.51,1.51,0.0,1.0
2017-06-14,1.503,1.503,0.0,1.0
2017-06-15,1.514,1.514,0.0,1.0
2017-06-16,1.511,1.511,0.0,1.0
2017-06-19,1.52,1.52,0.0,1.0
2017-06-20,1.524,1.524,0.0,1.0
2017-06-21,1.528,1.528,0.0,1.0
2017-06-22,1.518,1.518,0.0,1.0
2017-06-23,1.513,1.513,0.0,1.0
2017-06-26,1.535,1.535,0.0,1.0
2017-06-27,1.54,1.54,0.0,1.0
2017-06-28,1.534,1.534,0.0,1.0
2017-06-29,1.546,1.546,0.0,1.0
2017-06-30,1.544,1.544,0.0,1.0
2017-07-03,1.552,1.552,0.0,1.0
2017-07-04,1.542,1.542,0.0,1.0
2017-07-05,1.553,1.553,0.0,1.0
2017-07-06,1.554,1.554,0.0,1.0
2017-07-07,1.558,1.558,0.0,1.0
2017-07-10,1.552,1.552,0.0,1.0
2017-07-11,1.544,1.544,0.0,1.0
2017-07-12,1.536,1.536,0.0,1.0
2017-07-13,1.541,1.541,0.0,1.0
2017-07-14,1.539,1.539,0.0,1.0
2017-07-17,1.483,1.483,0.0,1.0
2017-07-18,1.503,1.503,0.0,1.0
2017-07-19,1.529,1.529,0.0,1.0
2017-07-20,1.542,1.542,0.0,1.0
2017-07-21,1.544,1.544,0.0,1.0
2017-07-24,1.555,1.555,0.0,1.0
2017-07-25,1.549,1.549,0.0,1.0
2017-07-26,1.546,1.546,0.0,1.0
2017-07-27,1.553,1.553,0.0,1.0
2017-07-28,1.559,1.559,0.0,1.0
2017-07-31,1.578,1.578,0.0,1.0
2017-08-01,1.578,1.578,0.0,1.0
2017-08-02,1.568,1.568,0.0,1.0
2017-08-03,1.568,1.568,0.0,1.0
2017-08-04,1.566,1.566,0.0,1.0
2017-08-07,1.579,1.579,0.0,1.0
2017-08-08,1.576,1.576,0.0,1.0
2017-08-09,1.585,1.585,0.0,1.0
2017-08-10,1.575,1.575,0.0,1.0
2017-08-11,1.545,1.545,0.0,1.0
2017-08-14,1.57,1.57,0.0,1.0
2017-08-15,1.574,1.574,0.0,1.0
2017-08-16,1.574,1.574,0.0,1.0
2017-08-17,1.591,1.591,0.0,1.0
2017-08-18,1.59,1.59,0.0,1.0
2017-08-21,1.6,1.6,0.0,1.0
2017-08-22,1.595,1.595,0.0,1.0
2017-08-23,1.58,1.58,0.0,1.0
2017-08-24,1.576,1.576,0.0,1.0
2017-08-25,1.586,1.586,0.0,1.0
2017-08-28,1.599,1.599,0.0,1.0
2017-08-29,1.596,1.596,0.0,1.0
2017-08-30,1.606,1.606,0.0,1.0
2017-08-31,1.608,1.608,0.0,1.0
2017-09-01,1.619,1.619,0.0,1.0
2017-09-04,1.628,1.628,0.0,1.0
2017-09-05,1.629,1.629,0.0,1.0
2017-09-06,1.636,1.636,0.0,1.0
2017-09-07,1.63,1.63,0.0,1.0
2017-09-08,1.631,1.631,0.0,1.0
2017-09-11,1.647,1.647,0.0,1.0
2017-09-12,1.644,1.644,0.0,1.0
2017-09-13,1.652,1.652,0.0,1.0
2017-09-14,1.651,1.651,0.0,1.0
2017-09-15,1.644,1.644,0.0,1.0
2017-09-18,1.654,1.654,0.0,1.0
2017-09-19,1.655,1.655,0.0,1.0
2017-09-20,1.66,1.66,0.0,1.0
2017-09-21,1.647,1.647,0.0,1.0
2017-09-22,1.635,1.635,0.0,1.0
2017-09-25,1.616,1.616,0.0,1.0
2017-09-26,1.62,1.62,0.0,1.0
2017-09-27,1.638,1.638,0.0,1.0
2017-09-28,1.637,1.637,0.0,1.0
2017-09-29,1.647,1.647,0.0,1.0
2017-10-09,1.67,1.67,0.0,1.0
2017-10-10,1.67,1.67,0.0,1.0
2017-10-11,1.68,1.68,0.0,1.0
2017-10-12,1.674,1.674,0.0,1.0
2017-10-13,1.682,1.682,0.0,1.0
2017-10-16,1.661,1.661,0.0,1.0
2017-10-17,1.657,1.657,0.0,1.0
2017-10-18,1.647,1.647,0.0,1.0
2017-10-19,1.633,1.633,0.0,1.0
2017-10-20,1.653,1.653,0.0,1.0
2017-10-23,1.666,1.666,0.0,1.0
2017-10-24,1.652,1.652,0.0,1.0
2017-10-25,1.662,1.662,0.0,1.0
2017-10-26,1.675,1.675,0.0,1.0
2017-10-27,1.669,1.669,0.0,1.0
2017-10-30,1.638,1.638,0.0,1.0
2017-10-31,1.65,1.65,0.0,1.0
2017-11-01,1.651,1.651,0.0,1.0
2017-11-02,1.638,1.638,0.0,1.0
2017-11-03,1.625,1.625,0.0,1.0
2017-11-06,1.646,1.646,0.0,1.0
2017-11-07,1.66,1.66,0.0,1.0
2017-11-08,1.661,1.661,0.0,1.0
2017-11-09,1.674,1.674,0.0,1.0
2017-11-10,1.68,1.68,0.0,1.0
2017-11-13,1.692,1.692,0.0,1.0
2017-11-14,1.681,1.681,0.0,1.0
2017-11-15,1.66,1.66,0.0,1.0
2017-11-16,1.67,1.67,0.0,1.0
2017-11-17,1.616,1.616,0.0,1.0
2017-11-20,1.633,1.633,0.0,1.0
2017-11-21,1.639,1.639,0.0,1.0
2017-11-22,1.633,1.633,0.0,1.0
2017-11-23,1.595,1.595,0.0,1.0
2017-11-24,1.598,1.598,0.0,1.0
2017-11-27,1.574,1.574,0.0,1.0
2017-11-28,1.597,1.597,0.0,1.0
2017-11-29,1.596,1.596,0.0,1.0
2017-11-30,1.59,1.59,0.0,1.0
2017-12-01,1.603,1.603,0.0,1.0
2017-12-04,1.603,1.603,0.0,1.0
2017-12-05,1.561,1.561,0.0,1.0
2017-12-06,1.571,1.571,0.0,1.0
2017-12-07,1.574,1.574,0.0,1.0
2017-12-08,1.579,1.579,0.0,1.0
2017-12-11,1.602,1.602,0.0,1.0
2017-12-12,1.6,1.6,0.0,1.0
2017-12-13,1.604,1.604,0.0,1.0
2017-12-14,1.605,1.605,0.0,1.0
2017-12-15,1.595,1.595,0.0,1.0
2017-12-18,1.586,1.586,0.0,1.0
2017-12-20,1.592,1.592,0.0,1.0
2017-12-21,1.603,1.603,0.0,1.0
2017-12-22,1.606,1.606,0.0,1.0
2017-12-25,1.591,1.591,0.0,1.0
2017-12-26,1.596,1.596,0.0,1.0
2017-12-27,1.589,1.589,0.0,1.0
2017-12-28,1.595,1.595,0.0,1.0
2017-12-29,1.606,1.606,0.0,1.0
2018-01-02,1.633,1.633,0.0,1.0
2018-01-03,1.643,1.643,0.0,1.0
2018-01-04,1.654,1.654,0.0,1.0
2018-01-05,1.653,1.653,0.0,1.0
2018-01-08,1.66,1.66,0.0,1.0
2018-01-09,1.659,1.659,0.0,1.0
2018-01-10,1.649,1.649,0.0,1.0
2018-01-11,1.653,1.653,0.0,1.0
2018-01-12,1.643,1.643,0.0,1.0
2018-01-15,1.607,1.607,0.0,1.0
2018-01-16,1.622,1.622,0.0,1.0
2018-01-17,1.615,1.615,0.0,1.0
2018-01-18,1.62,1.62,0.0,1.0
2018-01-19,1.619,1.619,0.0,1.0
2018-01-22,1.638,1.638,0.0,1.0
2018-01-23,1.639,1.639,0.0,1.0
2018-01-24,1.645,1.645,0.0,1.0
2018-01-25,1.647,1.647,0.0,1.0
2018-01-26,1.646,1.646,0.0,1.0
2018-01-29,1.619,1.619,0.0,1.0
2018-01-30,1.617,1.617,0.0,1.0
2018-01-31,1.595,1.595,0.0,1.0
2018-02-01,1.54,1.54,0.0,1.0
2018-02-02,1.553,1.553,0.0,1.0
2018-02-05,1.548,1.548,0.0,1.0
2018-02-06,1.476,1.476,0.0,1.0
2018-02-07,1.472,1.472,0.0,1.0
2018-02-08,1.487,1.487,0.0,1.0
2018-02-09,1.43,1.43,0.0,1.0
2018-02-12,1.476,1.476,0.0,1.0
2018-02-13,1.482,1.482,0.0,1.0
2018-02-14,1.489,1.489,0.0,1.0
2018-02-22,1.521,1.521,0.0,1.0
2018-02-23,1.526,1.526,0.0,1.0
2018-02-26,1.557,1.557,0.0,1.0
2018-02-27,1.553,1.553,0.0,1.0
2018-02-28,1.557,1.557,0.0,1.0
2018-03-01,1.567,1.567,0.0,1.0
2018-03-02,1.563,1.563,0.0,1.0
2018-03-05,1.567,1.567,0.0,1.0
2018-03-06,1.588,1.588,0.0,1.0
2018-03-07,1.571,1.571,0.0,1.0
2018-03-08,1.578,1.578,0.0,1.0
2018-03-09,1.599,1.599,0.0,1.0
2018-03-12,1.623,1.623,0.0,1.0
2018-03-13,1.61,1.61,0.0,1.0
2018-03-14,1.594,1.594,0.0,1.0
2018-03-15,1.59,1.59,0.0,1.0
2018-03-16,1.59,1.59,0.0,1.0
2018-03-19,1.589,1.589,0.0,1.0
2018-03-20,1.581,1.581,0.0,1.0
2018-03-21,1.585,1.585,0.0,1.0
2018-03-22,1.577,1.577,0.0,1.0
2018-03-23,1.49,1.49,0.0,1.0
2018-03-26,1.52,1.52,0.0,1.0
2018-03-27,1.556,1.556,0.0,1.0
2018-03-28,1.537,1.537,0.0,1.0
2018-03-29,1.546,1.546,0.0,1.0
2018-03-30,1.564,1.564,0.0,1.0
2018-04-02,1.57,1.57,0.0,1.0
2018-04-03,1.552,1.552,0.0,1.0
2018-04-04,1.553,1.553,0.0,1.0
2018-04-09,1.55,1.55,0.0,1.0
2018-04-10,1.563,1.563,0.0,1.0
2018-04-11,1.571,1.571,0.0,1.0
2018-04-12,1.566,1.566,0.0,1.0
2018-04-13,1.559,1.559,0.0,1.0
2018-04-16,1.54,1.54,0.0,1.0
2018-04-17,1.514,1.514,0.0,1.0
2018-04-18,1.525,1.525,0.0,1.0
2018-04-19,1.544,1.544,0.0,1.0
2018-04-20,1.512,1.512,0.0,1.0
2018-04-23,1.499,1.499,0.0,1.0
2018-04-24,1.533,1.533,0.0,1.0
2018-04-25,1.542,1.542,0.0,1.0
2018-04-26,1.514,1.514,0.0,1.0
2018-04-27,1.512,1.512,0.0,1.0
2018-05-02,1.506,1.506,0.0,1.0
2018-05-03,1.527,1.527,0.0,1.0
2018-05-04,1.532,1.532,0.0,1.0
2018-05-07,1.555,1.555,0.0,1.0
2018-05-08,1.557,1.557,0.0,1.0
2018-05-09,1.554,1.554,0.0,1.0
2018-05-10,1.566,1.566,0.0,1.0
2018-05-11,1.563,1.563,0.0,1.0
2018-05-14,1.564,1.564,0.0,1.0
2018-05-15,1.569,1.569,0.0,1.0
2018-05-16,1.57,1.57,0.0,1.0
2018-05-17,1.566,1.566,0.0,1.0
2018-05-18,1.577,1.577,0.0,1.0
2018-05-21,1.596,1.596,0.0,1.0
2018-05-22,1.606,1.606,0.0,1.0
2018-05-23,1.589,1.589,0.0,1.0
2018-05-24,1.58,1.58,0.0,1.0
2018-05-25,1.576,1.576,0.0,1.0
2018-05-28,1.571,1.571,0.0,1.0
2018-05-29,1.554,1.554,0.0,1.0
2018-05-30,1.514,1.514,0.0,1.0
2018-05-31,1.54,1.54,0.0,1.0
2018-06-01,1.517,1.517,0.0,1.0
2018-06-04,1.519,1.519,0.0,1.0
2018-06-05,1.54,1.54,0.0,1.0
2018-06-06,1.55,1.55,0.0,1.0
2018-06-07,1.542,1.542,0.0,1.0
2018-06-08,1.522,1.522,0.0,1.0
2018-06-11,1.51,1.51,0.0,1.0
2018-06-12,1.529,1.529,0.0,1.0
2018-06-13,1.515,1.515,0.0,1.0
2018-06-14,1.498,1.498,0.0,1.0
2018-06-15,1.476,1.476,0.0,1.0
2018-06-19,1.4,1.4,0.0,1.0
2018-06-20,1.411,1.411,0.0,1.0
2018-06-21,1.38,1.38,0.0,1.0
2018-06-22,1.399,1.399,0.0,1.0
2018-06-25,1.393,1.393,0.0,1.0
2018-06-26,1.391,1.391,0.0,1.0
2018-06-27,1.38,1.38,0.0,1.0
2018-06-28,1.365,1.365,0.0,1.0
2018-06-29,1.401,1.401,0.0,1.0
2018-07-02,1.378,1.378,0.0,1.0
2018-07-03,1.386,1.386,0.0,1.0
2018-07-04,1.369,1.369,0.0,1.0
2018-07-05,1.331,1.331,0.0,1.0
2018-07-06,1.336,1.336,0.0,1.0
2018-07-09,1.37,1.37,0.0,1.0
2018-07-10,1.377,1.377,0.0,1.0
2018-07-11,1.355,1.355,0.0,1.0
2018-07-12,1.394,1.394,0.0,1.0
2018-07-13,1.4,1.4,0.0,1.0
2018-07-16,1.403,1.403,0.0,1.0
2018-07-17,1.4,1.4,0.0,1.0
2018-07-18,1.396,1.396,0.0,1.0
2018-07-19,1.383,1.383,0.0,1.0
2018-07-20,1.399,1.399,0.0,1.0
2018-07-23,1.401,1.401,0.0,1.0
2018-07-24,1.437,1.437,0.0,1.0
2018-07-25,1.433,1.433,0.0,1.0
2018-07-26,1.422,1.422,0.0,1.0
2018-07-27,1.42,1.42,0.0,1.0
2018-07-30,1.399,1.399,0.0,1.0
2018-07-31,1.407,1.407,0.0,1.0
2018-08-01,1.385,1.385,0.0,1.0
2018-08-02,1.352,1.352,0.0,1.0
2018-08-03,1.341,1.341,0.0,1.0
2018-08-06,1.306,1.306,0.0,1.0
2018-08-07,1.335,1.335,0.0,1.0
2018-08-08,1.324,1.324,0.0,1.0
2018-08-09,1.357,1.357,0.0,1.0
2018-08-10,1.361,1.361,0.0,1.0
2018-08-13,1.366,1.366,0.0,1.0
2018-08-14,1.361,1.361,0.0,1.0
2018-08-15,1.333,1.333,0.0,1.0
2018-08-16,1.32,1.32,0.0,1.0
2018-08-17,1.297,1.297,0.0,1.0
2018-08-20,1.3,1.3,0.0,1.0
2018-08-21,1.321,1.321,0.0,1.0
2018-08-22,1.309,1.309,0.0,1.0
2018-08-23,1.313,1.313,0.0,1.0
2018-08-24,1.309,1.309,0.0,1.0
2018-08-27,1.334,1.334,0.0,1.0
2018-08-28,1.338,1.338,0.0,1.0
2018-08-29,1.333,1.333,0.0,1.0
2018-08-30,1.314,1.314,0.0,1.0
2018-08-31,1.299,1.299,0.0,1.0
2018-09-03,1.3,1.3,0.0,1.0
2018-09-04,1.313,1.313,0.0,1.0
2018-09-05,1.297,1.297,0.0,1.0
2018-09-06,1.282,1.282,0.0,1.0
2018-09-07,1.286,1.286,0.0,1.0
2018-09-10,1.265,1.265,0.0,1.0
2018-09-11,1.261,1.261,0.0,1.0
2018-09-12,1.26,1.26,0.0,1.0
2018-09-13,1.265,1.265,0.0,1.0
2018-09-14,1.266,1.266,0.0,1.0
2018-09-17,1.246,1.246,0.0,1.0
2018-09-18,1.264,1.264,0.0,1.0
2018-09-19,1.286,1.286,0.0,1.0
2018-09-20,1.279,1.279,0.0,1.0
2018-09-21,1.3,1.3,0.0,1.0
2018-09-25,1.3,1.3,0.0,1.0
2018-09-26,1.309,1.309,0.0,1.0
2018-09-27,1.299,1.299,0.0,1.0
2018-09-28,1.308,1.308,0.0,1.0
2018-10-08,1.266,1.266,0.0,1.0
2018-10-09,1.259,1.259,0.0,1.0
2018-10-10,1.261,1.261,0.0,1.0
2018-10-11,1.181,1.181,0.0,1.0
2018-10-12,1.18,1.18,0.0,1.0
2018-10-15,1.154,1.154,0.0,1.0
2018-10-16,1.125,1.125,0.0,1.0
2018-10-17,1.131,1.131,0.0,1.0
2018-10-18,1.102,1.102,0.0,1.0
2018-10-19,1.127,1.127,0.0,1.0
2018-10-22,1.182,1.182,0.0,1.0
2018-10-23,1.155,1.155,0.0,1.0
2018-10-24,1.157,1.157,0.0,1.0
2018-10-25,1.147,1.147,0.0,1.0
2018-10-26,1.147,1.147,0.0,1.0
2018-10-29,1.123,1.123,0.0,1.0
2018-10-30,1.13,1.13,0.0,1.0
2018-10-31,1.156,1.156,0.0,1.0
2018-11-01,1.163,1.163,0.0,1.0
2018-11-02,1.198,1.198,0.0,1.0
2018-11-05,1.201,1.201,0.0,1.0
2018-11-06,1.19,1.19,0.0,1.0
2018-11-07,1.193,1.193,0.0,1.0
2018-11-08,1.185,1.185,0.0,1.0
2018-11-09,1.178,1.178,0.0,1.0
2018-11-12,1.209,1.209,0.0,1.0
2018-11-13,1.228,1.228,0.0,1.0
2018-11-14,1.215,1.215,0.0,1.0
2018-11-15,1.238,1.238,0.0,1.0
2018-11-16,1.245,1.245,0.0,1.0
2018-11-19,1.255,1.255,0.0,1.0
2018-11-20,1.222,1.222,0.0,1.0
2018-11-21,1.223,1.223,0.0,1.0
2018-11-22,1.229,1.229,0.0,1.0
2018-11-23,1.183,1.183,0.0,1.0
2018-11-26,1.183,1.183,0.0,1.0
2018-11-27,1.181,1.181,0.0,1.0
2018-11-28,1.198,1.198,0.0,1.0
2018-11-29,1.178,1.178,0.0,1.0
2018-11-30,1.186,1.186,0.0,1.0
2018-12-03,1.222,1.222,0.0,1.0
2018-12-04,1.23,1.23,0.0,1.0
2018-12-05,1.223,1.223,0.0,1.0
2018-12-06,1.2,1.2,0.0,1.0
2018-12-07,1.198,1.198,0.0,1.0
2018-12-10,1.186,1.186,0.0,1.0
2018-12-11,1.192,1.192,0.0,1.0
2018-12-12,1.196,1.196,0.0,1.0
2018-12-13,1.212,1.212,0.0,1.0
2018-12-14,1.194,1.194,0.0,1.0
2018-12-17,1.183,1.183,0.0,1.0
2018-12-18,1.18,1.18,0.0,1.0
2018-12-19,1.163,1.163,0.0,1.0
2018-12-20,1.165,1.165,0.0,1.0
2018-12-21,1.151,1.151,0.0,1.0
2018-12-24,1.168,1.168,0.0,1.0
2018-12-25,1.146,1.146,0.0,1.0
2018-12-26,1.148,1.148,0.0,1.0
2018-12-27,1.143,1.143,0.0,1.0
2018-12-28,1.14,1.14,0.0,1.0
2019-01-02,1.126,1.126,0.0,1.0
2019-01-03,1.12,1.12,0.0,1.0
2019-01-04,1.145,1.145,0.0,1.0
2019-01-07,1.168,1.168,0.0,1.0
2019-01-08,1.162,1.162,0.0,1.0
2019-01-09,1.17,1.17,0.0,1.0
2019-01-10,1.164,1.164,0.0,1.0
2019-01-11,1.175,1.175,0.0,1.0
2019-01-14,1.169,1.169,0.0,1.0
2019-01-15,1.181,1.181,0.0,1.0
2019-01-16,1.182,1.182,0.0,1.0
2019-01-17,1.174,1.174,0.0,1.0
2019-01-18,1.191,1.191,0.0,1.0
2019-01-21,1.195,1.195,0.0,1.0
2019-01-22,1.18,1.18,0.0,1.0
2019-01-23,1.177,1.177,0.0,1.0
2019-01-24,1.19,1.19,0.0,1.0
2019-01-25,1.184,1.184,0.0,1.0
2019-01-28,1.183,1.183,0.0,1.0
2019-01-29,1.169,1.169,0.0,1.0
2019-01-30,1.157,1.157,0.0,1.0
2019-01-31,1.147,1.147,0.0,1.0
2019-02-01,1.176,1.176,0.0,1.0
2019-02-11,1.204,1.204,0.0,1.0
2019-02-12,1.211,1.211,0.0,1.0
2019-02-13,1.237,1.237,0.0,1.0
2019-02-14,1.24,1.24,0.0,1.0
2019-02-15,1.229,1.229,0.0,1.0
2019-02-18,1.266,1.266,0.0,1.0
2019-02-19,1.266,1.266,0.0,1.0
2019-02-20,1.268,1.268,0.0,1.0
2019-02-21,1.265,1.265,0.0,1.0
2019-02-22,1.293,1.293,0.0,1.0
2019-02-25,1.359,1.359,0.0,1.0
2019-02-26,1.354,1.354,0.0,1.0
2019-02-27,1.346,1.346,0.0,1.0
2019-02-28,1.354,1.354,0.0,1.0
2019-03-01,1.366,1.366,0.0,1.0
2019-03-04,1.386,1.386,0.0,1.0
2019-03-05,1.417,1.417,0.0,1.0
2019-03-06,1.442,1.442,0.0,1.0
2019-03-07,1.46,1.46,0.0,1.0
2019-03-08,1.4,1.4,0.0,1.0
2019-03-11,1.439,1.439,0.0,1.0
2019-03-12,1.467,1.467,0.0,1.0
2019-03-13,1.445,1.445,0.0,1.0
2019-03-14,1.416,1.416,0.0,1.0
2019-03-15,1.442,1.442,0.0,1.0
2019-03-18,1.483,1.483,0.0,1.0
2019-03-19,1.483,1.483,0.0,1.0
2019-03-20,1.486,1.486,0.0,1.0
2019-03-21,1.495,1.495,0.0,1.0
2019-03-22,1.51,1.51,0.0,1.0
2019-03-25,1.493,1.493,0.0,1.0
2019-03-26,1.456,1.456,0.0,1.0
2019-03-27,1.471,1.471,0.0,1.0
2019-03-28,1.457,1.457,0.0,1.0
2019-03-29,1.492,1.492,0.0,1.0
2019-04-01,1.547,1.547,0.0,1.0
2019-04-02,1.55,1.55,0.0,1.0
2019-04-03,1.571,1.571,0.0,1.0
2019-04-04,1.583,1.583,0.0,1.0
2019-04-08,1.583,1.583,0.0,1.0
2019-04-09,1.576,1.576,0.0,1.0
2019-04-10,1.582,1.582,0.0,1.0
2019-04-11,1.558,1.558,0.0,1.0
2019-04-12,1.546,1.546,0.0,1.0
2019-04-15,1.535,1.535,0.0,1.0
2019-04-16,1.558,1.558,0.0,1.0
2019-04-17,1.567,1.567,0.0,1.0
2019-04-18,1.56,1.56,0.0,1.0
2019-04-19,1.561,1.561,0.0,1.0
2019-04-22,1.546,1.546,0.0,1.0
2019-04-23,1.522,1.522,0.0,1.0
2019-04-24,1.532,1.532,0.0,1.0
2019-04-25,1.476,1.476,0.0,1.0
2019-04-26,1.46,1.46,0.0,1.0
2019-04-29,1.423,1.423,0.0,1.0
2019-04-30,1.441,1.441,0.0,1.0
2019-05-06,1.34,1.34,0.0,1.0
2019-05-07,1.361,1.361,0.0,1.0
2019-05-08,1.35,1.35,0.0,1.0
2019-05-09,1.332,1.332,0.0,1.0
2019-05-10,1.374,1.374,0.0,1.0
2019-05-13,1.362,1.362,0.0,1.0
2019-05-14,1.353,1.353,0.0,1.0
2019-05-15,1.381,1.381,0.0,1.0
2019-05-16,1.394,1.394,0.0,1.0
2019-05-17,1.348,1.348,0.0,1.0
2019-05-20,1.34,1.34,0.0,1.0
2019-05-21,1.371,1.371,0.0,1.0
2019-05-22,1.36,1.36,0.0,1.0
2019-05-23,1.335,1.335,0.0,1.0
2019-05-24,1.326,1.326,0.0,1.0
2019-05-27,1.358,1.358,0.0,1.0
2019-05-28,1.359,1.359,0.0,1.0
2019-05-29,1.363,1.363,0.0,1.0
2019-05-30,1.354,1.354,0.0,1.0
2019-05-31,1.356,1.356,0.0,1.0
2019-06-03,1.345,1.345,0.0,1.0
2019-06-04,1.326,1.326,0.0,1.0
2019-06-05,1.323,1.323,0.0,1.0
2019-06-06,1.303,1.303,0.0,1.0
2019-06-10,1.316,1.316,0.0,1.0
2019-06-11,1.357,1.357,0.0,1.0
2019-06-12,1.351,1.351,0.0,1.0
2019-06-13,1.35,1.35,0.0,1.0
2019-06-14,1.331,1.331,0.0,1.0
2019-06-17,1.333,1.333,0.0,1.0
2019-06-18,1.326,1.326,0.0,1.0
2019-06-19,1.345,1.345,0.0,1.0
2019-06-20,1.371,1.371,0.0,1.0
2019-06-21,1.386,1.386,0.0,1.0
2019-06-24,1.395,1.395,0.0,1.0
2019-06-25,1.38,1.38,0.0,1.0
2019-06-26,1.379,1.379,0.0,1.0
2019-06-27,1.391,1.391,0.0,1.0
2019-06-28,1.381,1.381,0.0,1.0
2019-07-01,1.42,1.42,0.0,1.0
2019-07-02,1.419,1.419,0.0,1.0
2019-07-03,1.407,1.407,0.0,1.0
2019-07-04,1.399,1.399,0.0,1.0
2019-07-05,1.412,1.412,0.0,1.0
2019-07-08,1.369,1.369,0.0,1.0
2019-07-09,1.37,1.37,0.0,1.0
2019-07-10,1.364,1.364,0.0,1.0
2019-07-11,1.359,1.359,0.0,1.0
2019-07-12,1.368,1.368,0.0,1.0
2019-07-15,1.378,1.378,0.0,1.0
2019-07-16,1.383,1.383,0.0,1.0
2019-07-17,1.378,1.378,0.0,1.0
2019-07-18,1.361,1.361,0.0,1.0
2019-07-19,1.37,1.37,0.0,1.0
2019-07-22,1.378,1.378,0.0,1.0
2019-07-23,1.383,1.383,0.0,1.0
2019-07-24,1.391,1.391,0.0,1.0
2019-07-25,1.4,1.4,0.0,1.0
2019-07-26,1.407,1.407,0.0,1.0
2019-07-29,1.401,1.401,0.0,1.0
2019-07-30,1.409,1.409,0.0,1.0
2019-07-31,1.402,1.402,0.0,1.0
2019-08-01,1.396,1.396,0.0,1.0
2019-08-02,1.38,1.38,0.0,1.0
2019-08-05,1.367,1.367,0.0,1.0
2019-08-06,1.338,1.338,0.0,1.0
2019-08-07,1.335,1.335,0.0,1.0
2019-08-08,1.341,1.341,0.0,1.0
2019-08-09,1.33,1.33,0.0,1.0
2019-08-12,1.347,1.347,0.0,1.0
2019-08-13,1.342,1.342,0.0,1.0
2019-08-14,1.354,1.354,0.0,1.0
2019-08-15,1.356,1.356,0.0,1.0
2019-08-16,1.369,1.369,0.0,1.0
2019-08-19,1.398,1.398,0.0,1.0
2019-08-20,1.394,1.394,0.0,1.0
2019-08-21,1.4,1.4,0.0,1.0
2019-08-22,1.395,1.395,0.0,1.0
2019-08-23,1.399,1.399,0.0,1.0
2019-08-26,1.385,1.385,0.0,1.0
2019-08-27,1.413,1.413,0.0,1.0
2019-08-28,1.407,1.407,0.0,1.0
2019-08-30,1.407,1.407,0.0,1.0
2019-09-02,1.426,1.426,0.0,1.0
2019-09-03,1.43,1.43,0.0,1.0
2019-09-04,1.446,1.446,0.0,1.0
2019-09-05,1.45,1.45,0.0,1.0
2019-09-06,1.453,1.453,0.0,1.0
2019-09-09,1.48,1.48,0.0,1.0
2019-09-10,1.478,1.478,0.0,1.0
2019-09-11,1.468,1.468,0.0,1.0
2019-09-12,1.476,1.476,0.0,1.0
2019-09-16,1.478,1.478,0.0,1.0
2019-09-17,1.449,1.449,0.0,1.0
2019-09-18,1.455,1.455,0.0,1.0
2019-09-19,1.468,1.468,0.0,1.0
2019-09-20,1.47,1.47,0.0,1.0
2019-09-23,1.45,1.45,0.0,1.0
2019-09-24,1.465,1.465,0.0,1.0
2019-09-25,1.447,1.447,0.0,1.0
2019-09-26,1.42,1.42,0.0,1.0
2019-09-27,1.424,1.424,0.0,1.0
2019-09-30,1.415,1.415,0.0,1.0
2019-10-08,1.412,1.412,0.0,1.0
2019-10-09,1.409,1.409,0.0,1.0
2019-10-10,1.434,1.434,0.0,1.0
2019-10-11,1.44,1.44,0.0,1.0
2019-10-14,1.453,1.453,0.0,1.0
2019-10-15,1.446,1.446,0.0,1.0
2019-10-16,1.428,1.428,0.0,1.0
2019-10-17,1.442,1.442,0.0,1.0
2019-10-18,1.42,1.42,0.0,1.0
2019-10-21,1.413,1.413,0.0,1.0
2019-10-22,1.428,1.428,0.0,1.0
2019-10-23,1.415,1.415,0.0,1.0
2019-10-24,1.409,1.409,0.0,1.0
2019-10-25,1.425,1.425,0.0,1.0
2019-10-28,1.44,1.44,0.0,1.0
2019-10-29,1.434,1.434,0.0,1.0
2019-10-30,1.417,1.417,0.0,1.0
2019-10-31,1.408,1.408,0.0,1.0
2019-11-01,1.423,1.423,0.0,1.0
2019-11-04,1.432,1.432,0.0,1.0
2019-11-05,1.438,1.438,0.0,1.0
2019-11-06,1.431,1.431,0.0,1.0
2019-11-07,1.432,1.432,0.0,1.0
2019-11-08,1.428,1.428,0.0,1.0
2019-11-11,1.4,1.4,0.0,1.0
2019-11-12,1.398,1.398,0.0,1.0
2019-11-13,1.393,1.393,0.0,1.0
2019-11-14,1.41,1.41,0.0,1.0
2019-11-15,1.393,1.393,0.0,1.0
2019-11-18,1.402,1.402,0.0,1.0
2019-11-19,1.42,1.42,0.0,1.0
2019-11-20,1.422,1.422,0.0,1.0
2019-11-21,1.411,1.411,0.0,1.0
2019-11-22,1.394,1.394,0.0,1.0
2019-11-25,1.4,1.4,0.0,1.0
2019-11-26,1.404,1.404,0.0,1.0
2019-11-27,1.407,1.407,0.0,1.0
2019-11-28,1.396,1.396,0.0,1.0
2019-11-29,1.386,1.386,0.0,1.0
2019-12-02,1.404,1.404,0.0,1.0
2019-12-03,1.402,1.402,0.0,1.0
2019-12-04,1.401,1.401,0.0,1.0
2019-12-05,1.412,1.412,0.0,1.0
2019-12-06,1.423,1.423,0.0,1.0
2019-12-09,1.427,1.427,0.0,1.0
2019-12-10,1.427,1.427,0.0,1.0
2019-12-11,1.423,1.423,0.0,1.0
2019-12-12,1.432,1.432,0.0,1.0
2019-12-13,1.446,1.446,0.0,1.0
2019-12-16,1.462,1.462,0.0,1.0
2019-12-17,1.475,1.475,0.0,1.0
2019-12-18,1.476,1.476,0.0,1.0
2019-12-19,1.482,1.482,0.0,1.0
2019-12-20,1.478,1.478,0.0,1.0
2019-12-23,1.449,1.449,0.0,1.0
2019-12-24,1.461,1.461,0.0,1.0
2019-12-25,1.479,1.479,0.0,1.0
2019-12-26,1.474,1.474,0.0,1.0
2019-12-27,1.467,1.467,0.0,1.0
2019-12-30,1.485,1.485,0.0,1.0
2019-12-31,1.494,1.494,0.0,1.0
2020-01-02,1.516,1.516,0.0,1.0
2020-01-03,1.514,1.514,0.0,1.0
2020-01-06,1.516,1.516,0.0,1.0
2020-01-07,1.541,1.541,0.0,1.0
2020-01-08,1.52,1.52,0.0,1.0
2020-01-09,1.541,1.541,0.0,1.0
2020-01-10,1.541,1.541,0.0,1.0
2020-01-13,1.55,1.55,0.0,1.0
2020-01-14,1.553,1.553,0.0,1.0
2020-01-15,1.542,1.542,0.0,1.0
2020-01-16,1.548,1.548,0.0,1.0
2020-01-17,1.549,1.549,0.0,1.0
2020-01-20,1.579,1.579,0.0,1.0
2020-01-21,1.555,1.555,0.0,1.0
2020-01-22,1.553,1.553,0.0,1.0
2020-01-23,1.516,1.516,0.0,1.0
2020-02-03,1.398,1.398,0.0,1.0
2020-02-04,1.443,1.443,0.0,1.0
2020-02-05,1.422,1.422,0.0,1.0
2020-02-06,1.454,1.454,0.0,1.0
2020-02-07,1.468,1.468,0.0,1.0
2020-02-10,1.481,1.481,0.0,1.0
2020-02-11,1.481,1.481,0.0,1.0
2020-02-12,1.494,1.494,0.0,1.0
2020-02-13,1.492,1.492,0.0,1.0
2020-02-14,1.464,1.464,0.0,1.0
2020-02-17,1.53,1.53,0.0,1.0
2020-02-18,1.541,1.541,0.0,1.0
2020-02-19,1.537,1.537,0.0,1.0
2020-02-20,1.558,1.558,0.0,1.0
2020-02-21,1.574,1.574,0.0,1.0
2020-02-24,1.59,1.59,0.0,1.0
2020-02-25,1.597,1.597,0.0,1.0
2020-02-26,1.565,1.565,0.0,1.0
2020-02-27,1.569,1.569,0.0,1.0
2020-02-28,1.511,1.511,0.0,1.0
2020-03-02,1.54,1.54,0.0,1.0
2020-03-03,1.559,1.559,0.0,1.0
2020-03-04,1.561,1.561,0.0,1.0
2020-03-05,1.591,1.591,0.0,1.0
2020-03-06,1.588,1.588,0.0,1.0
2020-03-09,1.525,1.525,0.0,1.0
2020-03-10,1.551,1.551,0.0,1.0
2020-03-11,1.553,1.553,0.0,1.0
2020-03-12,1.527,1.527,0.0,1.0
2020-03-13,1.523,1.523,0.0,1.0
2020-03-16,1.477,1.477,0.0,1.0
2020-03-17,1.444,1.444,0.0,1.0
2020-03-18,1.425,1.425,0.0,1.0
2020-03-19,1.427,1.427,0.0,1.0
2020-03-20,1.445,1.445,0.0,1.0
2020-03-23,1.403,1.403,0.0,1.0
2020-03-24,1.422,1.422,0.0,1.0
2020-03-25,1.457,1.457,0.0,1.0
2020-03-26,1.439,1.439,0.0,1.0
2020-03-27,1.439,1.439,0.0,1.0
2020-03-30,1.422,1.422,0.0,1.0
2020-03-31,1.429,1.429,0.0,1.0
2020-04-01,1.418,1.418,0.0,1.0
2020-04-02,1.443,1.443,0.0,1.0
2020-04-03,1.438,1.438,0.0,1.0
2020-04-07,1.471,1.471,0.0,1.0
2020-04-08,1.475,1.475,0.0,1.0
2020-04-09,1.487,1.487,0.0,1.0
2020-04-10,1.466,1.466,0.0,1.0
2020-04-13,1.455,1.455,0.0,1.0
2020-04-14,1.476,1.476,0.0,1.0
2020-04-15,1.471,1.471,0.0,1.0
2020-04-16,1.479,1.479,0.0,1.0
2020-04-17,1.487,1.487,0.0,1.0
2020-04-20,1.495,1.495,0.0,1.0
2020-04-21,1.489,1.489,0.0,1.0
2020-04-22,1.509,1.509,0.0,1.0
2020-04-23,1.491,1.491,0.0,1.0
2020-04-24,1.473,1.473,0.0,1.0
2020-04-27,1.473,1.473,0.0,1.0
2020-04-28,1.471,1.471,0.0,1.0
2020-04-29,1.474,1.474,0.0,1.0
2020-04-30,1.508,1.508,0.0,1.0
2020-05-06,1.514,1.514,0.0,1.0
2020-05-07,1.521,1.521,0.0,1.0
2020-05-08,1.534,1.534,0.0,1.0
2020-05-11,1.529,1.529,0.0,1.0
2020-05-12,1.536,1.536,0.0,1.0
2020-05-13,1.54,1.54,0.0,1.0
2020-05-14,1.538,1.538,0.0,1.0
2020-05-15,1.541,1.541,0.0,1.0
2020-05-18,1.527,1.527,0.0,1.0
2020-05-19,1.544,1.544,0.0,1.0
2020-05-20,1.534,1.534,0.0,1.0
2020-05-21,1.517,1.517,0.0,1.0
2020-05-22,1.501,1.501,0.0,1.0
2020-05-25,1.494,1.494,0.0,1.0
2020-05-26,1.52,1.52,0.0,1.0
2020-05-27,1.523,1.523,0.0,1.0
2020-05-28,1.522,1.522,0.0,1.0
2020-05-29,1.529,1.529,0.0,1.0
2020-06-01,1.566,1.566,0.0,1.0
2020-06-02,1.567,1.567,0.0,1.0
2020-06-03,1.579,1.579,0.0,1.0
2020-06-04,1.572,1.572,0.0,1.0
2020-06-05,1.579,1.579,0.0,1.0
2020-06-08,1.58,1.58,0.0,1.0
2020-06-09,1.584,1.584,0.0,1.0
2020-06-10,1.596,1.596,0.0,1.0
2020-06-11,1.59,1.59,0.0,1.0
2020-06-12,1.61,1.61,0.0,1.0
2020-06-15,1.592,1.592,0.0,1.0
2020-06-16,1.616,1.616,0.0,1.0
2020-06-17,1.619,1.619,0.0,1.0
2020-06-18,1.617,1.617,0.0,1.0
2020-06-19,1.629,1.629,0.0,1.0
2020-06-22,1.636,1.636,0.0,1.0
2020-06-23,1.642,1.642,0.0,1.0
2020-06-24,1.646,1.646,0.0,1.0
2020-06-29,1.638,1.638,0.0,1.0
2020-06-30,1.665,1.665,0.0,1.0
2020-07-01,1.665,1.665,0.0,1.0
2020-07-02,1.705,1.705,0.0,1.0
2020-07-03,1.714,1.714,0.0,1.0
2020-07-06,1.788,1.788,0.0,1.0
2020-07-07,1.808,1.808,0.0,1.0
2020-07-08,1.833,1.833,0.0,1.0
2020-07-09,1.87,1.87,0.0,1.0
2020-07-10,1.857,1.857,0.0,1.0
2020-07-13,1.915,1.915,0.0,1.0
2020-07-14,1.895,1.895,0.0,1.0
2020-07-15,1.884,1.884,0.0,1.0
2020-07-16,1.787,1.787,0.0,1.0
2020-07-17,1.791,1.791,0.0,1.0
2020-07-20,1.859,1.859,0.0,1.0
2020-07-21,1.86,1.86,0.0,1.0
2020-07-22,1.891,1.891,0.0,1.0
2020-07-23,1.896,1.896,0.0,1.0
2020-07-24,1.818,1.818,0.0,1.0
2020-07-27,1.812,1.812,0.0,1.0
2020-07-28,1.831,1.831,0.0,1.0
2020-07-29,1.877,1.877,0.0,1.0
2020-07-30,1.878,1.878,0.0,1.0
2020-07-31,1.901,1.901,0.0,1.0
2020-08-03,1.94,1.94,0.0,1.0
2020-08-04,1.938,1.938,0.0,1.0
2020-08-05,1.956,1.956,0.0,1.0
2020-08-06,1.959,1.959,0.0,1.0
2020-08-07,1.951,1.951,0.0,1.0
2020-08-10,1.956,1.956,0.0,1.0
2020-08-11,1.965,1.965,0.0,1.0
2020-08-12,1.901,1.901,0.0,1.0
2020-08-13,1.905,1.905,0.0,1.0
2020-08-14,1.927,1.927,0.0,1.0
2020-08-17,1.929,1.929,0.0,1.0
2020-08-18,1.983,1.983,0.0,1.0
2020-08-19,1.995,1.995,0.0,1.0
2020-08-20,1.936,1.936,0.0,1.0
2020-08-21,1.946,1.946,0.0,1.0
2020-08-24,1.952,1.952,0.0,1.0
2020-08-25,1.936,1.936,0.0,1.0
2020-08-26,1.908,1.908,0.0,1.0
2020-08-27,1.928,1.928,0.0,1.0
2020-08-28,1.955,1.955,0.0,1.0
2020-08-31,1.958,1.958,0.0,1.0
2020-09-01,1.963,1.963,0.0,1.0
2020-09-02,1.957,1.957,0.0,1.0
2020-09-03,1.938,1.938,0.0,1.0
2020-09-04,1.923,1.923,0.0,1.0
2020-09-07,1.881,1.881,0.0,1.0
2020-09-08,1.884,1.884,0.0,1.0
2020-09-09,1.841,1.841,0.0,1.0
2020-09-10,1.813,1.813,0.0,1.0
2020-09-11,1.834,1.834,0.0,1.0
2020-09-14,1.837,1.837,0.0,1.0
2020-09-15,1.861,1.861,0.0,1.0
2020-09-16,1.849,1.849,0.0,1.0
2020-09-17,1.856,1.856,0.0,1.0
2020-09-18,1.884,1.884,0.0,1.0
2020-09-21,1.868,1.868,0.0,1.0
2020-09-22,1.851,1.851,0.0,1.0
2020-09-23,1.862,1.862,0.0,1.0
2020-09-24,1.86,1.86,0.0,1.0
2020-09-25,1.816,1.816,0.0,1.0
2020-09-28,1.802,1.802,0.0,1.0
2020-09-29,1.817,1.817,0.0,1.0
2020-09-30,1.809,1.809,0.0,1.0
2020-10-09,1.848,1.848,0.0,1.0
2020-10-12,1.89,1.89,0.0,1.0
2020-10-13,1.902,1.902,0.0,1.0
2020-10-14,1.897,1.897,0.0,1.0
2020-10-15,1.883,1.883,0.0,1.0
2020-10-16,1.88,1.88,0.0,1.0
2020-10-19,1.859,1.859,0.0,1.0
2020-10-20,1.875,1.875,0.0,1.0
2020-10-21,1.859,1.859,0.0,1.0
2020-10-22,1.849,1.849,0.0,1.0
2020-10-23,1.815,1.815,0.0,1.0
2020-10-26,1.815,1.815,0.0,1.0
2020-10-27,1.821,1.821,0.0,1.0
2020-10-28,1.827,1.827,0.0,1.0
2020-10-29,1.832,1.832,0.0,1.0
2020-10-30,1.797,1.797,0.0,1.0
2020-11-02,1.796,1.796,0.0,1.0
2020-11-03,1.825,1.825,0.0,1.0
2020-11-04,1.821,1.821,0.0,1.0
2020-11-05,1.855,1.855,0.0,1.0
2020-11-06,1.839,1.839,0.0,1.0
2020-11-09,1.877,1.877,0.0,1.0
2020-11-10,1.873,1.873,0.0,1.0
2020-11-11,1.855,1.855,0.0,1.0
2020-11-12,1.892,1.892,0.0,1.0
2020-11-13,1.858,1.858,0.0,1.0
2020-11-16,1.878,1.878,0.0,1.0
2020-11-17,1.865,1.865,0.0,1.0
2020-11-18,1.868,1.868,0.0,1.0
2020-11-19,1.876,1.876,0.0,1.0
2020-11-20,1.891,1.891,0.0,1.0
2020-11-23,1.901,1.901,0.0,1.0
2020-11-24,1.896,1.896,0.0,1.0
2020-11-25,1.866,1.866,0.0,1.0
2020-11-26,1.861,1.861,0.0,1.0
2020-11-27,1.862,1.862,0.0,1.0
2020-11-30,1.858,1.858,0.0,1.0
2020-12-01,1.877,1.877,0.0,1.0
2020-12-02,1.882,1.882,0.0,1.0
2020-12-03,1.884,1.884,0.0,1.0
2020-12-04,1.89,1.89,0.0,1.0
2020-12-07,1.884,1.884,0.0,1.0
2020-12-08,1.887,1.887,0.0,1.0
2020-12-09,1.858,1.858,0.0,1.0
2020-12-10,1.86,1.86,0.0,1.0
2020-12-11,1.838,1.838,0.0,1.0
2020-12-14,1.849,1.849,0.0,1.0
2020-12-15,1.853,1.853,0.0,1.0
2020-12-16,1.849,1.849,0.0,1.0
2020-12-17,1.862,1.862,0.0,1.0
2020-12-18,1.856,1.856,0.0,1.0
2020-12-21,1.883,1.883,0.0,1.0
2020-12-22,1.846,1.846,0.0,1.0
2020-12-23,1.858,1.858,0.0,1.0
2020-12-24,1.841,1.841,0.0,1.0
2020-12-25,1.86,1.86,0.0,1.0
2020-12-28,1.849,1.849,0.0,1.0
2020-12-29,1.845,1.845,0.0,1.0
2020-12-30,1.865,1.865,0.0,1.0
2020-12-31,1.882,1.882,0.0,1.0
2021-01-04,1.914,1.914,0.0,1.0
2021-01-05,1.926,1.926,0.0,1.0
2021-01-06,1.921,1.921,0.0,1.0
2021-01-07,1.921,1.921,0.0,1.0
2021-01-08,1.919,1.919,0.0,1.0
2021-01-11,1.895,1.895,0.0,1.0
2021-01-12,1.91,1.91,0.0,1.0
2021-01-13,1.898,1.898,0.0,1.0
2021-01-14,1.891,1.891,0.0,1.0
2021-01-15,1.902,1.902,0.0,1.0
2021-01-18,1.923,1.923,0.0,1.0
2021-01-19,1.906,1.906,0.0,1.0
2021-01-20,1.927,1.927,0.0,1.0
2021-01-21,1.955,1.955,0.0,1.0
2021-01-22,1.949,1.949,0.0,1.0
2021-01-25,1.944,1.944,0.0,1.0
2021-01-26,1.922,1.922,0.0,1.0
2021-01-27,1.923,1.923,0.0,1.0
2021-01-28,1.885,1.885,0.0,1.0
2021-01-29,1.864,1.864,0.0,1.0
2021-02-01,1.885,1.885,0.0,1.0
2021-02-02,1.91,1.91,0.0,1.0
2021-02-03,1.899,1.899,0.0,1.0
2021-02-04,1.879,1.879,0.0,1.0
2021-02-05,1.856,1.856,0.0,1.0
2021-02-08,1.885,1.885,0.0,1.0
2021-02-09,1.927,1.927,0.0,1.0
2021-02-10,1.945,1.945,0.0,1.0
2021-02-18,1.965,1.965,0.0,1.0
2021-02-19,1.986,1.986,0.0,1.0
2021-02-22,1.976,1.976,0.0,1.0
2021-02-23,1.97,1.97,0.0,1.0
2021-02-24,1.942,1.942,0.0,1.0
2021-02-25,1.934,1.934,0.0,1.0
2021-02-26,1.931,1.931,0.0,1.0
2021-03-01,1.959,1.959,0.0,1.0
2021-03-02,1.914,1.914,0.0,1.0
2021-03-03,1.947,1.947,0.0,1.0
2021-03-04,1.908,1.908,0.0,1.0
2021-03-05,1.9,1.9,0.0,1.0
2021-03-08,1.863,1.863,0.0,1.0
2021-03-09,1.808,1.808,0.0,1.0
2021-03-10,1.815,1.815,0.0,1.0
2021-03-11,1.847,1.847,0.0,1.0
2021-03-12,1.856,1.856,0.0,1.0
2021-03-15,1.84,1.84,0.0,1.0
2021-03-16,1.857,1.857,0.0,1.0
2021-03-17,1.865,1.865,0.0,1.0
2021-03-18,1.884,1.884,0.0,1.0
2021-03-19,1.858,1.858,0.0,1.0
2021-03-22,1.892,1.892,0.0,1.0
2021-03-23,1.871,1.871,0.0,1.0
2021-03-24,1.841,1.841,0.0,1.0
2021-03-25,1.842,1.842,0.0,1.0
2021-03-26,1.877,1.877,0.0,1.0
2021-03-29,1.879,1.879,0.0,1.0
2021-03-30,1.916,1.916,0.0,1.0
2021-03-31,1.887,1.887,0.0,1.0
2021-04-01,1.924,1.924,0.0,1.0
2021-04-02,1.912,1.912,0.0,1.0
2021-04-06,1.908,1.908,0.0,1.0
2021-04-07,1.905,1.905,0.0,1.0
2021-04-08,1.905,1.905,0.0,1.0
2021-04-09,1.9,1.9,0.0,1.0
2021-04-12,1.866,1.866,0.0,1.0
2021-04-13,1.864,1.864,0.0,1.0
2021-04-14,1.883,1.883,0.0,1.0
2021-04-15,1.882,1.882,0.0,1.0
2021-04-16,1.897,1.897,0.0,1.0
2021-04-19,1.923,1.923,0.0,1.0
2021-04-20,1.926,1.926,0.0,1.0
2021-04-21,1.925,1.925,0.0,1.0
2021-04-22,1.934,1.934,0.0,1.0
2021-04-23,1.932,1.932,0.0,1.0
2021-04-26,1.929,1.929,0.0,1.0
2021-04-27,1.928,1.928,0.0,1.0
2021-04-28,1.94,1.94,0.0,1.0
2021-04-29,1.95,1.95,0.0,1.0
2021-04-30,1.952,1.952,0.0,1.0
2021-05-06,1.937,1.937,0.0,1.0
2021-05-07,1.924,1.924,0.0,1.0
2021-05-10,1.924,1.924,0.0,1.0
2021-05-11,1.92,1.92,0.0,1.0
2021-05-12,1.933,1.933,0.0,1.0
2021-05-13,1.915,1.915,0.0,1.0
2021-05-14,1.941,1.941,0.0,1.0
2021-05-17,1.961,1.961,0.0,1.0
2021-05-18,1.97,1.97,0.0,1.0
2021-05-19,1.964,1.964,0.0,1.0
2021-05-20,1.962,1.962,0.0,1.0
2021-05-21,1.954,1.954,0.0,1.0
2021-05-24,1.99,1.99,0.0,1.0
2021-05-25,1.995,1.995,0.0,1.0
2021-05-26,1.986,1.986,0.0,1.0
2021-05-27,2.01,2.01,0.0,1.0
2021-05-28,2.001,2.001,0.0,1.0
2021-05-31,2.021,2.021,0.0,1.0
2021-06-01,2.028,2.028,0.0,1.0
2021-06-02,2.009,2.009,0.0,1.0
2021-06-03,2.017,2.017,0.0,1.0
2021-06-04,2.019,2.019,0.0,1.0
2021-06-07,2.022,2.022,0.0,1.0
2021-06-08,2.018,2.018,0.0,1.0
2021-06-09,2.021,2.021,0.0,1.0
2021-06-10,2.037,2.037,0.0,1.0
2021-06-11,2.033,2.033,0.0,1.0
2021-06-15,2.014,2.014,0.0,1.0
2021-06-16,1.988,1.988,0.0,1.0
2021-06-17,2.004,2.004,0.0,1.0
2021-06-18,2.018,2.018,0.0,1.0
2021-06-21,2.046,2.046,0.0,1.0
2021-06-22,2.058,2.058,0.0,1.0
2021-06-23,2.062,2.062,0.0,1.0
2021-06-24,2.064,2.064,0.0,1.0
2021-06-25,2.082,2.082,0.0,1.0
2021-06-28,2.094,2.094,0.0,1.0
2021-06-29,2.082,2.082,0.0,1.0
2021-06-30,2.09,2.09,0.0,1.0
2021-07-01,2.056,2.056,0.0,1.0
2021-07-02,2.05,2.05,0.0,1.0
2021-07-05,2.064,2.064,0.0,1.0
2021-07-06,2.046,2.046,0.0,1.0
2021-07-07,2.074,2.074,0.0,1.0
2021-07-08,2.071,2.071,0.0,1.0
2021-07-09,2.086,2.086,0.0,1.0
2021-07-12,2.112,2.112,0.0,1.0
2021-07-13,2.134,2.134,0.0,1.0
2021-07-14,2.129,2.129,0.0,1.0
2021-07-15,2.136,2.136,0.0,1.0
2021-07-16,2.147,2.147,0.0,1.0
2021-07-19,2.118,2.118,0.0,1.0
2021-07-20,2.124,2.124,0.0,1.0
2021-07-21,2.146,2.146,0.0,1.0
2021-07-22,2.15,2.15,0.0,1.0
2021-07-23,2.14,2.14,0.0,1.0
2021-07-26,2.111,2.111,0.0,1.0
2021-07-27,2.064,2.064,0.0,1.0
2021-07-28,2.038,2.038,0.0,1.0
2021-07-29,2.082,2.082,0.0,1.0
2021-07-30,2.088,2.088,0.0,1.0
2021-08-02,2.13,2.13,0.0,1.0
2021-08-03,2.104,2.104,0.0,1.0
2021-08-04,2.138,2.138,0.0,1.0
2021-08-05,2.131,2.131,0.0,1.0
2021-08-06,2.13,2.13,0.0,1.0
2021-08-09,2.149,2.149,0.0,1.0
2021-08-10,2.165,2.165,0.0,1.0
2021-08-11,2.191,2.191,0.0,1.0
2021-08-12,2.212,2.212,0.0,1.0
2021-08-13,2.198,2.198,0.0,1.0
2021-08-16,2.217,2.217,0.0,1.0
2021-08-17,2.145,2.145,0.0,1.0
2021-08-18,2.166,2.166,0.0,1.0
2021-08-19,2.187,2.187,0.0,1.0
2021-08-20,2.167,2.167,0.0,1.0
2021-08-23,2.207,2.207,0.0,1.0
2021-08-24,2.225,2.225,0.0,1.0
2021-08-25,2.239,2.239,0.0,1.0
2021-08-26,2.24,2.24,0.0,1.0
2021-08-27,2.236,2.236,0.0,1.0
2021-08-30,2.245,2.245,0.0,1.0
2021-08-31,2.268,2.268,0.0,1.0
2021-09-01,2.249,2.249,0.0,1.0
2021-09-02,2.281,2.281,0.0,1.0
2021-09-03,2.261,2.261,0.0,1.0
2021-09-06,2.408,2.408,0.0,1.0
2021-09-07,2.335,2.335,0.0,1.0
2021-09-08,2.345,2.345,0.0,1.0
2021-09-09,2.358,2.358,0.0,1.0
2021-09-10,2.345,2.345,0.0,1.0
2021-09-13,2.368,2.368,0.0,1.0
2021-09-14,2.34,2.34,0.0,1.0
2021-09-15,2.358,2.358,0.0,1.0
2021-09-16,2.312,2.312,0.0,1.0
2021-09-17,2.285,2.285,0.0,1.0
2021-09-22,2.336,2.336,0.0,1.0
2021-09-23,2.369,2.369,0.0,1.0
2021-09-24,2.311,2.311,0.0,1.0
2021-09-27,2.274,2.274,0.0,1.0
2021-09-28,2.264,2.264,0.0,1.0
2021-09-29,2.208,2.208,0.0,1.0
2021-09-30,2.236,2.236,0.0,1.0
2021-10-08,2.228,2.228,0.0,1.0
2021-10-11,2.238,2.238,0.0,1.0
2021-10-12,2.203,2.203,0.0,1.0
2021-10-13,2.195,2.195,0.0,1.0
2021-10-14,2.2,2.2,0.0,1.0
2021-10-15,2.211,2.211,0.0,1.0
2021-10-18,2.223,2.223,0.0,1.0
2021-10-19,2.267,2.267,0.0,1.0
2021-10-20,2.24,2.24,0.0,1.0
2021-10-21,2.232,2.232,0.0,1.0
2021-10-22,2.218,2.218,0.0,1.0
2021-10-25,2.235,2.235,0.0,1.0
2021-10-26,2.234,2.234,0.0,1.0
2021-10-27,2.212,2.212,0.0,1.0
2021-10-28,2.182,2.182,0.0,1.0
2021-10-29,2.202,2.202,0.0,1.0
2021-11-01,2.233,2.233,0.0,1.0
2021-11-02,2.206,2.206,0.0,1.0
2021-11-03,2.211,2.211,0.0,1.0
2021-11-04,2.23,2.23,0.0,1.0
2021-11-05,2.199,2.199,0.0,1.0
2021-11-08,2.196,2.196,0.0,1.0
2021-11-09,2.214,2.214,0.0,1.0
2021-11-10,2.209,2.209,0.0,1.0
2021-11-11,2.234,2.234,0.0,1.0
2021-11-12,2.249,2.249,0.0,1.0
2021-11-15,2.258,2.258,0.0,1.0
2021-11-16,2.224,2.224,0.0,1.0
2021-11-17,2.246,2.246,0.0,1.0
2021-11-18,2.246,2.246,0.0,1.0
2021-11-19,2.265,2.265,0.0,1.0
2021-11-22,2.291,2.291,0.0,1.0
2021-11-23,2.295,2.295,0.0,1.0
2021-11-24,2.295,2.295,0.0,1.0
2021-11-25,2.288,2.288,0.0,1.0
2021-11-26,2.287,2.287,0.0,1.0
2021-11-29,2.267,2.267,0.0,1.0
2021-11-30,2.29,2.29,0.0,1.0
2021-12-01,2.291,2.291,0.0,1.0
2021-12-02,2.3,2.3,0.0,1.0
2021-12-03,2.288,2.288,0.0,1.0
2021-12-06,2.284,2.284,0.0,1.0
2021-12-07,2.278,2.278,0.0,1.0
2021-12-08,2.304,2.304,0.0,1.0
2021-12-09,2.321,2.321,0.0,1.0
2021-12-10,2.344,2.344,0.0,1.0
2021-12-13,2.318,2.318,0.0,1.0
2021-12-14,2.304,2.304,0.0,1.0
2021-12-15,2.301,2.301,0.0,1.0
2021-12-16,2.316,2.316,0.0,1.0
2021-12-17,2.299,2.299,0.0,1.0
2021-12-20,2.26,2.26,0.0,1.0
2021-12-21,2.282,2.282,0.0,1.0
2021-12-22,2.297,2.297,0.0,1.0
2021-12-23,2.303,2.303,0.0,1.0
2021-12-24,2.288,2.288,0.0,1.0
2021-12-27,2.287,2.287,0.0,1.0
2021-12-28,2.293,2.293,0.0,1.0
2021-12-29,2.284,2.284,0.0,1.0
2021-12-30,2.303,2.303,0.0,1.0
2021-12-31,2.325,2.325,0.0,1.0
2022-01-04,2.308,2.308,0.0,1.0
2022-01-05,2.263,2.263,0.0,1.0
2022-01-06,2.259,2.259,0.0,1.0
2022-01-07,2.274,2.274,0.0,1.0
2022-01-10,2.26,2.26,0.0,1.0
2022-01-11,2.241,2.241,0.0,1.0
2022-01-12,2.262,2.262,0.0,1.0
2022-01-13,2.231,2.231,0.0,1.0
2022-01-14,2.229,2.229,0.0,1.0
2022-01-17,2.246,2.246,0.0,1.0
2022-01-18,2.252,2.252,0.0,1.0
2022-01-19,2.274,2.274,0.0,1.0
2022-01-20,2.213,2.213,0.0,1.0
2022-01-21,2.183,2.183,0.0,1.0
2022-01-24,2.195,2.195,0.0,1.0
2022-01-25,2.13,2.13,0.0,1.0
2022-01-26,2.142,2.142,0.0,1.0
2022-01-27,2.095,2.095,0.0,1.0
2022-01-28,2.097,2.097,0.0,1.0
2022-02-07,2.115,2.115,0.0,1.0
2022-02-08,2.126,2.126,0.0,1.0
2022-02-09,2.151,2.151,0.0,1.0
2022-02-10,2.15,2.15,0.0,1.0
2022-02-11,2.124,2.124,0.0,1.0
2022-02-14,2.119,2.119,0.0,1.0
2022-02-15,2.129,2.129,0.0,1.0
2022-02-16,2.142,2.142,0.0,1.0
2022-02-17,2.146,2.146,0.0,1.0
2022-02-18,2.165,2.165,0.0,1.0
2022-02-21,2.166,2.166,0.0,1.0
2022-02-22,2.149,2.149,0.0,1.0
2022-02-23,2.181,2.181,0.0,1.0
2022-02-24,2.155,2.155,0.0,1.0
2022-02-25,2.166,2.166,0.0,1.0
2022-02-28,2.186,2.186,0.0,1.0
2022-03-01,2.189,2.189,0.0,1.0
2022-03-02,2.195,2.195,0.0,1.0
2022-03-03,2.188,2.188,0.0,1.0
2022-03-04,2.164,2.164,0.0,1.0
2022-03-07,2.164,2.164,0.0,1.0
2022-03-08,2.049,2.049,0.0,1.0
2022-03-09,2.02,2.02,0.0,1.0
2022-03-10,2.063,2.063,0.0,1.0
2022-03-11,2.064,2.064,0.0,1.0
2022-03-14,2.026,2.026,0.0,1.0
2022-03-15,1.938,1.938,0.0,1.0
2022-03-16,1.977,1.977,0.0,1.0
2022-03-17,2.009,2.009,0.0,1.0
2022-03-18,2.029,2.029,0.0,1.0
2022-03-21,2.042,2.042,0.0,1.0
2022-03-22,2.043,2.043,0.0,1.0
2022-03-23,2.053,2.053,0.0,1.0
2022-03-24,2.053,2.053,0.0,1.0
2022-03-25,2.013,2.013,0.0,1.0
2022-03-28,2.007,2.007,0.0,1.0
2022-03-29,2.0,2.0,0.0,1.0
2022-03-30,2.04,2.04,0.0,1.0
2022-03-31,2.027,2.027,0.0,1.0
2022-04-01,2.031,2.031,0.0,1.0
2022-04-06,2.027,2.027,0.0,1.0
2022-04-07,1.993,1.993,0.0,1.0
2022-04-08,1.99,1.99,0.0,1.0
2022-04-11,1.953,1.953,0.0,1.0
2022-04-12,1.954,1.954,0.0,1.0
2022-04-13,1.939,1.939,0.0,1.0
2022-04-14,1.961,1.961,0.0,1.0
2022-04-15,1.95,1.95,0.0,1.0
2022-04-18,1.962,1.962,0.0,1.0
2022-04-19,1.949,1.949,0.0,1.0
2022-04-20,1.909,1.909,0.0,1.0
2022-04-21,1.845,1.845,0.0,1.0
2022-04-22,1.846,1.846,0.0,1.0
2022-04-25,1.734,1.734,0.0,1.0
2022-04-26,1.693,1.693,0.0,1.0
2022-04-27,1.756,1.756,0.0,1.0
2022-04-28,1.779,1.779,0.0,1.0
2022-04-29,1.822,1.822,0.0,1.0
2022-05-05,1.853,1.853,0.0,1.0
2022-05-06,1.809,1.809,0.0,1.0
2022-05-09,1.827,1.827,0.0,1.0
2022-05-10,1.87,1.87,0.0,1.0
2022-05-11,1.87,1.87,0.0,1.0
2022-05-12,1.888,1.888,0.0,1.0
2022-05-13,1.887,1.887,0.0,1.0
2022-05-16,1.894,1.894,0.0,1.0
2022-05-17,1.903,1.903,0.0,1.0
2022-05-18,1.899,1.899,0.0,1.0
2022-05-19,1.906,1.906,0.0,1.0
2022-05-20,1.936,1.936,0.0,1.0
2022-05-23,1.949,1.949,0.0,1.0
2022-05-24,1.948,1.948,0.0,1.0
2022-05-25,1.929,1.929,0.0,1.0
2022-05-26,1.934,1.934,0.0,1.0
2022-05-27,1.947,1.947,0.0,1.0
2022-05-30,1.936,1.936,0.0,1.0
2022-05-31,1.977,1.977,0.0,1.0
2022-06-01,1.973,1.973,0.0,1.0
2022-06-02,1.992,1.992,0.0,1.0
2022-06-06,2.028,2.028,0.0,1.0
2022-06-07,2.048,2.048,0.0,1.0
2022-06-08,2.04,2.04,0.0,1.0
2022-06-09,2.014,2.014,0.0,1.0
2022-06-10,2.047,2.047,0.0,1.0
2022-06-13,2.044,2.044,0.0,1.0
2022-06-14,2.049,2.049,0.0,1.0
2022-06-15,2.053,2.053,0.0,1.0
2022-06-16,2.045,2.045,0.0,1.0
2022-06-17,2.064,2.064,0.0,1.0
2022-06-20,2.072,2.072,0.0,1.0
2022-06-21,2.056,2.056,0.0,1.0
2022-06-22,2.033,2.033,0.0,1.0
2022-06-23,2.063,2.063,0.0,1.0
2022-06-24,2.088,2.088,0.0,1.0
2022-06-27,2.108,2.108,0.0,1.0
2022-06-28,2.128,2.128,0.0,1.0
2022-06-29,2.098,2.098,0.0,1.0
2022-06-30,2.126,2.126,0.0,1.0
2022-07-01,2.127,2.127,0.0,1.0
2022-07-04,2.146,2.146,0.0,1.0
2022-07-05,2.141,2.141,0.0,1.0
2022-07-06,2.114,2.114,0.0,1.0
2022-07-07,2.141,2.141,0.0,1.0
2022-07-08,2.121,2.121,0.0,1.0
2022-07-11,2.087,2.087,0.0,1.0
2022-07-12,2.069,2.069,0.0,1.0
2022-07-13,2.078,2.078,0.0,1.0
2022-07-14,2.088,2.088,0.0,1.0
2022-07-15,2.075,2.075,0.0,1.0
2022-07-18,2.097,2.097,0.0,1.0
2022-07-19,2.101,2.101,0.0,1.0
2022-07-20,2.131,2.131,0.0,1.0
2022-07-21,2.124,2.124,0.0,1.0
2022-07-22,2.104,2.104,0.0,1.0
2022-07-25,2.092,2.092,0.0,1.0
2022-07-26,2.109,2.109,0.0,1.0
2022-07-27,2.122,2.122,0.0,1.0
2022-07-28,2.13,2.13,0.0,1.0
2022-07-29,2.119,2.119,0.0,1.0
2022-08-01,2.132,2.132,0.0,1.0
2022-08-02,2.09,2.09,0.0,1.0
2022-08-03,2.072,2.072,0.0,1.0
2022-08-04,2.076,2.076,0.0,1.0
2022-08-05,2.11,2.11,0.0,1.0
2022-08-08,2.126,2.126,0.0,1.0
2022-08-09,2.138,2.138,0.0,1.0
2022-08-10,2.133,2.133,0.0,1.0
2022-08-11,2.154,2.154,0.0,1.0
2022-08-12,2.15,2.15,0.0,1.0
2022-08-15,2.154,2.154,0.0,1.0
2022-08-16,2.159,2.159,0.0,1.0
2022-08-17,2.164,2.164,0.0,1.0
2022-08-18,2.161,2.161,0.0,1.0
2022-08-19,2.148,2.148,0.0,1.0
2022-08-22,2.17,2.17,0.0,1.0
2022-08-23,2.167,2.167,0.0,1.0
2022-08-24,2.113,2.113,0.0,1.0
2022-08-25,2.12,2.12,0.0,1.0
2022-08-26,2.111,2.111,0.0,1.0
2022-08-29,2.113,2.113,0.0,1.0
2022-08-30,2.108,2.108,0.0,1.0
2022-08-31,2.055,2.055,0.0,1.0
2022-09-01,2.055,2.055,0.0,1.0
2022-09-02,2.063,2.063,0.0,1.0
2022-09-05,2.069,2.069,0.0,1.0
2022-09-06,2.105,2.105,0.0,1.0
2022-09-07,2.116,2.116,0.0,1.0
2022-09-08,2.109,2.109,0.0,1.0
2022-09-09,2.115,2.115,0.0,1.0
2022-09-13,2.113,2.113,0.0,1.0
2022-09-14,2.096,2.096,0.0,1.0
2022-09-15,2.051,2.051,0.0,1.0
2022-09-16,2.011,2.011,0.0,1.0
2022-09-19,1.991,1.991,0.0,1.0
2022-09-20,2.003,2.003,0.0,1.0
2022-09-21,2.01,2.01,0.0,1.0
2022-09-22,2.0,2.0,0.0,1.0
2022-09-23,1.987,1.987,0.0,1.0
2022-09-26,1.962,1.962,0.0,1.0
2022-09-27,1.986,1.986,0.0,1.0
2022-09-28,1.953,1.953,0.0,1.0
2022-09-29,1.955,1.955,0.0,1.0
2022-09-30,1.932,1.932,0.0,1.0
2022-10-10,1.897,1.897,0.0,1.0
2022-10-11,1.91,1.91,0.0,1.0
2022-10-12,1.948,1.948,0.0,1.0
2022-10-13,1.96,1.96,0.0,1.0
2022-10-14,1.993,1.993,0.0,1.0
2022-10-17,2.004,2.004,0.0,1.0
2022-10-18,2.017,2.017,0.0,1.0
2022-10-19,2.005,2.005,0.0,1.0
2022-10-20,1.992,1.992,0.0,1.0
2022-10-21,1.998,1.998,0.0,1.0
2022-10-24,1.976,1.976,0.0,1.0
2022-10-25,1.97,1.97,0.0,1.0
2022-10-26,1.981,1.981,0.0,1.0
2022-10-27,1.985,1.985,0.0,1.0
2022-10-28,1.934,1.934,0.0,1.0
2022-10-31,1.934,1.934,0.0,1.0
2022-11-01,1.972,1.972,0.0,1.0
2022-11-02,1.987,1.987,0.0,1.0
2022-11-03,1.992,1.992,0.0,1.0
2022-11-04,2.038,2.038,0.0,1.0
2022-11-07,2.036,2.036,0.0,1.0
2022-11-08,2.032,2.032,0.0,1.0
2022-11-09,2.024,2.024,0.0,1.0
2022-11-10,2.009,2.009,0.0,1.0
2022-11-11,2.019,2.019,0.0,1.0
2022-11-14,2.027,2.027,0.0,1.0
2022-11-15,2.054,2.054,0.0,1.0
2022-11-16,2.044,2.044,0.0,1.0
2022-11-17,2.052,2.052,0.0,1.0
2022-11-18,2.039,2.039,0.0,1.0
2022-11-21,2.038,2.038,0.0,1.0
2022-11-22,2.028,2.028,0.0,1.0
2022-11-23,2.028,2.028,0.0,1.0
2022-11-24,2.033,2.033,0.0,1.0
2022-11-25,2.019,2.019,0.0,1.0
2022-11-28,2.021,2.021,0.0,1.0
2022-11-29,2.042,2.042,0.0,1.0
2022-11-30,2.027,2.027,0.0,1.0
2022-12-01,2.049,2.049,0.0,1.0
2022-12-02,2.043,2.043,0.0,1.0
2022-12-05,2.056,2.056,0.0,1.0
2022-12-06,2.05,2.05,0.0,1.0
2022-12-07,2.057,2.057,0.0,1.0
2022-12-08,2.06,2.06,0.0,1.0
2022-12-09,2.055,2.055,0.0,1.0
2022-12-12,2.043,2.043,0.0,1.0
2022-12-13,2.028,2.028,0.0,1.0
2022-12-14,2.023,2.023,0.0,1.0
2022-12-15,2.021,2.021,0.0,1.0
2022-12-16,2.013,2.013,0.0,1.0
2022-12-19,1.977,1.977,0.0,1.0
2022-12-20,1.957,1.957,0.0,1.0
2022-12-21,1.948,1.948,0.0,1.0
2022-12-22,1.925,1.925,0.0,1.0
2022-12-23,1.913,1.913,0.0,1.0
2022-12-26,1.937,1.937,0.0,1.0
2022-12-27,1.963,1.963,0.0,1.0
2022-12-28,1.954,1.954,0.0,1.0
2022-12-29,1.954,1.954,0.0,1.0
2022-12-30,1.965,1.965,0.0,1.0
2023-01-03,1.986,1.986,0.0,1.0
2023-01-04,1.988,1.988,0.0,1.0
2023-01-05,2.003,2.003,0.0,1.0
2023-01-06,2.003,2.003,0.0,1.0
2023-01-09,2.014,2.014,0.0,1.0
2023-01-10,2.014,2.014,0.0,1.0
2023-01-11,2.001,2.001,0.0,1.0
2023-01-12,2.005,2.005,0.0,1.0
2023-01-13,2.008,2.008,0.0,1.0
2023-01-16,2.029,2.029,0.0,1.0
2023-01-17,2.035,2.035,0.0,1.0
2023-01-18,2.045,2.045,0.0,1.0
2023-01-19,2.06,2.06,0.0,1.0
2023-01-20,2.076,2.076,0.0,1.0
2023-01-30,2.078,2.078,0.0,1.0
2023-01-31,2.085,2.085,0.0,1.0
2023-02-01,2.101,2.101,0.0,1.0
2023-02-02,2.11,2.11,0.0,1.0
2023-02-03,2.103,2.103,0.0,1.0
2023-02-06,2.089,2.089,0.0,1.0
2023-02-07,2.099,2.099,0.0,1.0
2023-02-08,2.083,2.083,0.0,1.0
2023-02-09,2.105,2.105,0.0,1.0
2023-02-10,2.102,2.102,0.0,1.0
2023-02-13,2.116,2.116,0.0,1.0
2023-02-14,2.125,2.125,0.0,1.0
2023-02-15,2.114,2.114,0.0,1.0
2023-02-16,2.085,2.085,0.0,1.0
2023-02-17,2.077,2.077,0.0,1.0
2023-02-20,2.104,2.104,0.0,1.0
2023-02-21,2.112,2.112,0.0,1.0
2023-02-22,2.115,2.115,0.0,1.0
2023-02-23,2.108,2.108,0.0,1.0
2023-02-24,2.106,2.106,0.0,1.0
2023-02-27,2.102,2.102,0.0,1.0
2023-02-28,2.112,2.112,0.0,1.0
2023-03-01,2.122,2.122,0.0,1.0
2023-03-02,2.118,2.118,0.0,1.0
2023-03-03,2.121,2.121,0.0,1.0
2023-03-06,2.123,2.123,0.0,1.0
2023-03-07,2.094,2.094,0.0,1.0
2023-03-08,2.085,2.085,0.0,1.0
2023-03-09,2.092,2.092,0.0,1.0
2023-03-10,2.063,2.063,0.0,1.0
2023-03-13,2.081,2.081,0.0,1.0
2023-03-14,2.065,2.065,0.0,1.0
2023-03-15,2.077,2.077,0.0,1.0
2023-03-16,2.052,2.052,0.0,1.0
2023-03-17,2.057,2.057,0.0,1.0
2023-03-20,2.052,2.052,0.0,1.0
2023-03-21,2.068,2.068,0.0,1.0
2023-03-22,2.073,2.073,0.0,1.0
2023-03-23,2.085,2.085,0.0,1.0
2023-03-24,2.076,2.076,0.0,1.0
2023-03-27,2.075,2.075,0.0,1.0
2023-03-28,2.065,2.065,0.0,1.0
2023-03-29,2.059,2.059,0.0,1.0
2023-03-30,2.066,2.066,0.0,1.0
2023-03-31,2.078,2.078,0.0,1.0
2023-04-03,2.092,2.092,0.0,1.0
2023-04-04,2.089,2.089,0.0,1.0
2023-04-06,2.101,2.101,0.0,1.0
2023-04-07,2.113,2.113,0.0,1.0
2023-04-10,2.102,2.102,0.0,1.0
2023-04-11,2.103,2.103,0.0,1.0
2023-04-12,2.107,2.107,0.0,1.0
2023-04-13,2.103,2.103,0.0,1.0
2023-04-14,2.11,2.11,0.0,1.0
2023-04-17,2.121,2.121,0.0,1.0
2023-04-18,2.128,2.128,0.0,1.0
2023-04-19,2.107,2.107,0.0,1.0
2023-04-20,2.102,2.102,0.0,1.0
2023-04-21,2.058,2.058,0.0,1.0
2023-04-24,2.039,2.039,0.0,1.0
2023-04-25,2.013,2.013,0.0,1.0
2023-04-26,2.012,2.012,0.0,1.0
2023-04-27,2.024,2.024,0.0,1.0
2023-04-28,2.042,2.042,0.0,1.0
2023-05-04,2.049,2.049,0.0,1.0
2023-05-05,2.027,2.027,0.0,1.0
2023-05-08,2.043,2.043,0.0,1.0
2023-05-09,2.024,2.024,0.0,1.0
2023-05-10,2.015,2.015,0.0,1.0
2023-05-11,2.015,2.015,0.0,1.0
2023-05-12,1.994,1.994,0.0,1.0
2023-05-15,2.013,2.013,0.0,1.0
2023-05-16,2.002,2.002,0.0,1.0
2023-05-17,2.003,2.003,0.0,1.0
2023-05-18,2.006,2.006,0.0,1.0
2023-05-19,2.006,2.006,0.0,1.0
2023-05-22,2.01,2.01,0.0,1.0
2023-05-23,1.991,1.991,0.0,1.0
2023-05-24,1.971,1.971,0.0,1.0
2023-05-25,1.967,1.967,0.0,1.0
2023-05-26,1.982,1.982,0.0,1.0
2023-05-29,1.982,1.982,0.0,1.0
2023-05-30,1.984,1.984,0.0,1.0
2023-05-31,1.981,1.981,0.0,1.0
2023-06-01,1.976,1.976,0.0,1.0
2023-06-02,1.992,1.992,0.0,1.0
2023-06-05,1.994,1.994,0.0,1.0
2023-06-06,1.964,1.964,0.0,1.0
2023-06-07,1.962,1.962,0.0,1.0
2023-06-08,1.96,1.96,0.0,1.0
2023-06-09,1.97,1.97,0.0,1.0
2023-06-12,1.981,1.981,0.0,1.0
2023-06-13,1.986,1.986,0.0,1.0
2023-06-14,1.988,1.988,0.0,1.0
2023-06-15,2.011,2.011,0.0,1.0
2023-06-16,2.023,2.023,0.0,1.0
2023-06-19,2.018,2.018,0.0,1.0
2023-06-20,2.015,2.015,0.0,1.0
2023-06-21,1.984,1.984,0.0,1.0
2023-06-26,1.955,1.955,0.0,1.0
2023-06-27,1.979,1.979,0.0,1.0
2023-06-28,1.982,1.982,0.0,1.0
2023-06-29,1.985,1.985,0.0,1.0
2023-06-30,2.006,2.006,0.0,1.0
2023-07-03,2.016,2.016,0.0,1.0
2023-07-04,2.019,2.019,0.0,1.0
2023-07-05,2.012,2.012,0.0,1.0
2023-07-06,1.998,1.998,0.0,1.0
2023-07-07,1.993,1.993,0.0,1.0
2023-07-10,1.997,1.997,0.0,1.0
2023-07-11,2.01,2.01,0.0,1.0
2023-07-12,1.991,1.991,0.0,1.0
2023-07-13,2.009,2.009,0.0,1.0
2023-07-14,2.007,2.007,0.0,1.0
2023-07-17,1.999,1.999,0.0,1.0
2023-07-18,2.001,2.001,0.0,1.0
2023-07-19,2.002,2.002,0.0,1.0
2023-07-20,1.987,1.987,0.0,1.0
2023-07-21,1.986,1.986,0.0,1.0
2023-07-24,1.983,1.983,0.0,1.0
2023-07-25,2.014,2.014,0.0,1.0
2023-07-26,2.011,2.011,0.0,1.0
2023-07-27,2.002,2.002,0.0,1.0
2023-07-28,2.026,2.026,0.0,1.0
2023-07-31,2.042,2.042,0.0,1.0
2023-08-01,2.04,2.04,0.0,1.0
2023-08-02,2.032,2.032,0.0,1.0
2023-08-03,2.041,2.041,0.0,1.0
2023-08-04,2.049,2.049,0.0,1.0
2023-08-07,2.037,2.037,0.0,1.0
2023-08-08,2.032,2.032,0.0,1.0
2023-08-09,2.02,2.02,0.0,1.0
2023-08-10,2.027,2.027,0.0,1.0
2023-08-11,1.994,1.994,0.0,1.0
2023-08-14,1.988,1.988,0.0,1.0
2023-08-15,1.977,1.977,0.0,1.0
2023-08-16,1.959,1.959,0.0,1.0
2023-08-17,1.973,1.973,0.0,1.0
2023-08-18,1.945,1.945,0.0,1.0
2023-08-21,1.926,1.926,0.0,1.0
2023-08-22,1.932,1.932,0.0,1.0
2023-08-23,1.902,1.902,0.0,1.0
2023-08-24,1.905,1.905,0.0,1.0
2023-08-25,1.888,1.888,0.0,1.0
2023-08-28,1.91,1.91,0.0,1.0
2023-08-29,1.95,1.95,0.0,1.0
2023-08-30,1.951,1.951,0.0,1.0
2023-08-31,1.939,1.939,0.0,1.0
2023-09-01,1.945,1.945,0.0,1.0
2023-09-04,1.971,1.971,0.0,1.0
2023-09-05,1.958,1.958,0.0,1.0
2023-09-06,1.953,1.953,0.0,1.0
2023-09-07,1.938,1.938,0.0,1.0
2023-09-08,1.939,1.939,0.0,1.0
2023-09-11,1.961,1.961,0.0,1.0
2023-09-12,1.958,1.958,0.0,1.0
2023-09-13,1.946,1.946,0.0,1.0
2023-09-14,1.944,1.944,0.0,1.0
2023-09-15,1.942,1.942,0.0,1.0
2023-09-18,1.95,1.95,0.0,1.0
2023-09-19,1.941,1.941,0.0,1.0
2023-09-20,1.932,1.932,0.0,1.0
2023-09-21,1.915,1.915,0.0,1.0
2023-09-22,1.935,1.935,0.0,1.0
2023-09-25,1.932,1.932,0.0,1.0
2023-09-26,1.929,1.929,0.0,1.0
2023-09-27,1.937,1.937,0.0,1.0
2023-09-28,1.943,1.943,0.0,1.0
2023-10-09,1.928,1.928,0.0,1.0
2023-10-10,1.918,1.918,0.0,1.0
2023-10-11,1.916,1.916,0.0,1.0
2023-10-12,1.929,1.929,0.0,1.0
2023-10-13,1.917,1.917,0.0,1.0
2023-10-16,1.91,1.91,0.0,1.0
2023-10-17,1.913,1.913,0.0,1.0
2023-10-18,1.887,1.887,0.0,1.0
2023-10-19,1.865,1.865,0.0,1.0
2023-10-20,1.852,1.852,0.0,1.0
2023-10-23,1.812,1.812,0.0,1.0
2023-10-24,1.834,1.834,0.0,1.0
2023-10-25,1.845,1.845,0.0,1.0
2023-10-26,1.844,1.844,0.0,1.0
2023-10-27,1.874,1.874,0.0,1.0
2023-10-30,1.888,1.888,0.0,1.0
2023-10-31,1.881,1.881,0.0,1.0
2023-11-01,1.879,1.879,0.0,1.0
2023-11-02,1.862,1.862,0.0,1.0
2023-11-03,1.879,1.879,0.0,1.0
2023-11-06,1.905,1.905,0.0,1.0
2023-11-07,1.907,1.907,0.0,1.0
2023-11-08,1.903,1.903,0.0,1.0
2023-11-09,1.904,1.904,0.0,1.0
2023-11-10,1.899,1.899,0.0,1.0
2023-11-13,1.905,1.905,0.0,1.0
2023-11-14,1.91,1.91,0.0,1.0
2023-11-15,1.919,1.919,0.0,1.0
2023-11-16,1.905,1.905,0.0,1.0
2023-11-17,1.908,1.908,0.0,1.0
2023-11-20,1.921,1.921,0.0,1.0
2023-11-21,1.913,1.913,0.0,1.0
2023-11-22,1.898,1.898,0.0,1.0
2023-11-23,1.913,1.913,0.0,1.0
2023-11-24,1.899,1.899,0.0,1.0
2023-11-27,1.894,1.894,0.0,1.0
2023-11-28,1.9,1.9,0.0,1.0
2023-11-29,1.895,1.895,0.0,1.0
2023-11-30,1.889,1.889,0.0,1.0
2023-12-01,1.892,1.892,0.0,1.0
2023-12-04,1.896,1.896,0.0,1.0
2023-12-05,1.862,1.862,0.0,1.0
2023-12-06,1.866,1.866,0.0,1.0
2023-12-07,1.865,1.865,0.0,1.0
2023-12-08,1.865,1.865,0.0,1.0
2023-12-11,1.89,1.89,0.0,1.0
2023-12-12,1.889,1.889,0.0,1.0
2023-12-13,1.876,1.876,0.0,1.0
2023-12-14,1.87,1.87,0.0,1.0
2023-12-15,1.856,1.856,0.0,1.0
2023-12-18,1.84,1.84,0.0,1.0
2023-12-19,1.839,1.839,0.0,1.0
2023-12-20,1.818,1.818,0.0,1.0
2023-12-21,1.823,1.823,0.0,1.0
2023-12-22,1.818,1.818,0.0,1.0
2023-12-25,1.82,1.82,0.0,1.0
2023-12-26,1.804,1.804,0.0,1.0
2023-12-27,1.817,1.817,0.0,1.0
2023-12-28,1.837,1.837,0.0,1.0
2023-12-29,1.854,1.854,0.0,1.0
2024-01-02,1.85,1.85,0.0,1.0
2024-01-03,1.841,1.841,0.0,1.0
2024-01-04,1.83,1.83,0.0,1.0
2024-01-05,1.816,1.816,0.0,1.0
2024-01-08,1.78,1.78,0.0,1.0
2024-01-09,1.784,1.784,0.0,1.0
2024-01-10,1.779,1.779,0.0,1.0
2024-01-11,1.793,1.793,0.0,1.0
2024-01-12,1.795,1.795,0.0,1.0
2024-01-15,1.792,1.792,0.0,1.0
2024-01-16,1.789,1.789,0.0,1.0
2024-01-17,1.754,1.754,0.0,1.0
2024-01-18,1.751,1.751,0.0,1.0
2024-01-19,1.738,1.738,0.0,1.0
2024-01-22,1.661,1.661,0.0,1.0
2024-01-23,1.685,1.685,0.0,1.0
2024-01-24,1.705,1.705,0.0,1.0
2024-01-25,1.753,1.753,0.0,1.0
2024-01-26,1.743,1.743,0.0,1.0
2024-01-29,1.722,1.722,0.0,1.0
2024-01-30,1.685,1.685,0.0,1.0
2024-01-31,1.654,1.654,0.0,1.0
2024-02-01,1.648,1.648,0.0,1.0
2024-02-02,1.611,1.611,0.0,1.0
2024-02-05,1.601,1.601,0.0,1.0
2024-02-06,1.665,1.665,0.0,1.0
2024-02-07,1.733,1.733,0.0,1.0
2024-02-08,1.755,1.755,0.0,1.0
2024-02-19,1.759,1.759,0.0,1.0
2024-02-20,1.766,1.766,0.0,1.0
2024-02-21,1.777,1.777,0.0,1.0
2024-02-22,1.789,1.789,0.0,1.0
2024-02-23,1.796,1.796,0.0,1.0
2024-02-26,1.794,1.794,0.0,1.0
2024-02-27,1.819,1.819,0.0,1.0
2024-02-28,1.78,1.78,0.0,1.0
2024-02-29,1.826,1.826,0.0,1.0
2024-03-01,1.836,1.836,0.0,1.0
2024-03-04,1.839,1.839,0.0,1.0
2024-03-05,1.831,1.831,0.0,1.0
2024-03-06,1.836,1.836,0.0,1.0
2024-03-07,1.823,1.823,0.0,1.0
2024-03-08,1.834,1.834,0.0,1.0
2024-03-11,1.851,1.851,0.0,1.0
2024-03-12,1.851,1.851,0.0,1.0
2024-03-13,1.847,1.847,0.0,1.0
2024-03-14,1.84,1.84,0.0,1.0
2024-03-15,1.853,1.853,0.0,1.0
2024-03-18,1.868,1.868,0.0,1.0
2024-03-19,1.859,1.859,0.0,1.0
2024-03-20,1.861,1.861,0.0,1.0
2024-03-21,1.865,1.865,0.0,1.0
2024-03-22,1.843,1.843,0.0,1.0
2024-03-25,1.822,1.822,0.0,1.0
2024-03-26,1.819,1.819,0.0,1.0
2024-03-27,1.79,1.79,0.0,1.0
2024-03-28,1.801,1.801,0.0,1.0
2024-03-29,1.82,1.82,0.0,1.0
2024-04-01,1.842,1.842,0.0,1.0
2024-04-02,1.838,1.838,0.0,1.0
2024-04-03,1.85,1.85,0.0,1.0
2024-04-08,1.828,1.828,0.0,1.0
2024-04-09,1.838,1.838,0.0,1.0
2024-04-10,1.826,1.826,0.0,1.0
2024-04-11,1.829,1.829,0.0,1.0
2024-04-12,1.828,1.828,0.0,1.0
2024-04-15,1.849,1.849,0.0,1.0
2024-04-16,1.81,1.81,0.0,1.0
2024-04-17,1.85,1.85,0.0,1.0
2024-04-18,1.862,1.862,0.0,1.0
2024-04-19,1.853,1.853,0.0,1.0
2024-04-22,1.844,1.844,0.0,1.0
2024-04-23,1.821,1.821,0.0,1.0
2024-04-24,1.831,1.831,0.0,1.0
2024-04-25,1.837,1.837,0.0,1.0
2024-04-26,1.856,1.856,0.0,1.0
2024-04-29,1.883,1.883,0.0,1.0
2024-04-30,1.88,1.88,0.0,1.0
2024-05-06,1.915,1.915,0.0,1.0
2024-05-07,1.922,1.922,0.0,1.0
2024-05-08,1.907,1.907,0.0,1.0
2024-05-09,1.938,1.938,0.0,1.0
2024-05-10,1.933,1.933,0.0,1.0
2024-05-13,1.925,1.925,0.0,1.0
2024-05-14,1.932,1.932,0.0,1.0
2024-05-15,1.915,1.915,0.0,1.0
2024-05-16,1.912,1.912,0.0,1.0
2024-05-17,1.931,1.931,0.0,1.0
2024-05-20,1.939,1.939,0.0,1.0
2024-05-21,1.932,1.932,0.0,1.0
2024-05-22,1.929,1.929,0.0,1.0
2024-05-23,1.898,1.898,0.0,1.0
2024-05-24,1.887,1.887,0.0,1.0
2024-05-27,1.908,1.908,0.0,1.0
2024-05-28,1.896,1.896,0.0,1.0
2024-05-29,1.894,1.894,0.0,1.0
2024-05-30,1.882,1.882,0.0,1.0
2024-05-31,1.888,1.888,0.0,1.0
2024-06-03,1.871,1.871,0.0,1.0
2024-06-04,1.893,1.893,0.0,1.0
2024-06-05,1.874,1.874,0.0,1.0
2024-06-06,1.86,1.86,0.0,1.0
2024-06-07,1.864,1.864,0.0,1.0
2024-06-11,1.857,1.857,0.0,1.0
2024-06-12,1.87,1.87,0.0,1.0
2024-06-13,1.856,1.856,0.0,1.0
2024-06-14,1.857,1.857,0.0,1.0
2024-06-17,1.848,1.848,0.0,1.0
2024-06-18,1.856,1.856,0.0,1.0
2024-06-19,1.838,1.838,0.0,1.0
2024-06-20,1.818,1.818,0.0,1.0
2024-06-21,1.817,1.817,0.0,1.0
2024-06-24,1.784,1.784,0.0,1.0
2024-06-25,1.77,1.77,0.0,1.0
2024-06-26,1.797,1.797,0.0,1.0
2024-06-27,1.77,1.77,0.0,1.0
2024-06-28,1.778,1.778,0.0,1.0
2024-07-01,1.797,1.797,0.0,1.0
2024-07-02,1.778,1.778,0.0,1.0
2024-07-03,1.767,1.767,0.0,1.0
2024-07-04,1.743,1.743,0.0,1.0
2024-07-05,1.743,1.743,0.0,1.0
2024-07-08,1.719,1.719,0.0,1.0
2024-07-09,1.746,1.746,0.0,1.0
2024-07-10,1.732,1.732,0.0,1.0
2024-07-11,1.758,1.758,0.0,1.0
2024-07-12,1.756,1.756,0.0,1.0
2024-07-15,1.752,1.752,0.0,1.0
2024-07-16,1.749,1.749,0.0,1.0
2024-07-17,1.741,1.741,0.0,1.0
2024-07-18,1.752,1.752,0.0,1.0
2024-07-19,1.755,1.755,0.0,1.0
2024-07-22,1.75,1.75,0.0,1.0
2024-07-23,1.708,1.708,0.0,1.0
2024-07-24,1.689,1.689,0.0,1.0
2024-07-25,1.69,1.69,0.0,1.0
2024-07-26,1.7,1.7,0.0,1.0
2024-07-29,1.7,1.7,0.0,1.0
2024-07-30,1.693,1.693,0.0,1.0
2024-07-31,1.75,1.75,0.0,1.0
2024-08-01,1.737,1.737,0.0,1.0
2024-08-02,1.726,1.726,0.0,1.0
2024-08-05,1.695,1.695,0.0,1.0
2024-08-06,1.698,1.698,0.0,1.0
2024-08-07,1.708,1.708,0.0,1.0
2024-08-08,1.716,1.716,0.0,1.0
2024-08-09,1.705,1.705,0.0,1.0
2024-08-12,1.698,1.698,0.0,1.0
2024-08-13,1.705,1.705,0.0,1.0
2024-08-14,1.685,1.685,0.0,1.0
2024-08-15,1.692,1.692,0.0,1.0
2024-08-16,1.684,1.684,0.0,1.0
2024-08-19,1.689,1.689,0.0,1.0
2024-08-20,1.664,1.664,0.0,1.0
2024-08-21,1.653,1.653,0.0,1.0
2024-08-22,1.637,1.637,0.0,1.0
2024-08-23,1.638,1.638,0.0,1.0
2024-08-26,1.642,1.642,0.0,1.0
2024-08-27,1.63,1.63,0.0,1.0
2024-08-28,1.632,1.632,0.0,1.0
2024-08-29,1.645,1.645,0.0,1.0
2024-08-30,1.674,1.674,0.0,1.0
2024-09-02,1.642,1.642,0.0,1.0
2024-09-03,1.646,1.646,0.0,1.0
2024-09-04,1.65,1.65,0.0,1.0
2024-09-05,1.652,1.652,0.0,1.0
2024-09-06,1.634,1.634,0.0,1.0
2024-09-09,1.618,1.618,0.0,1.0
2024-09-10,1.612,1.612,0.0,1.0
2024-09-11,1.611,1.611,0.0,1.0
2024-09-12,1.607,1.607,0.0,1.0
2024-09-13,1.587,1.587,0.0,1.0
2024-09-18,1.584,1.584,0.0,1.0
2024-09-19,1.618,1.618,0.0,1.0
2024-09-20,1.607,1.607,0.0,1.0
2024-09-23,1.608,1.608,0.0,1.0
2024-09-24,1.672,1.672,0.0,1.0
2024-09-25,1.689,1.689,0.0,1.0
2024-09-26,1.755,1.755,0.0,1.0
2024-09-27,1.879,1.879,0.0,1.0
2024-09-30,2.05,2.05,0.0,1.0
2024-10-08,2.17,2.17,0.0,1.0
2024-10-09,1.957,1.957,0.0,1.0
2024-10-10,1.959,1.959,0.0,1.0
2024-10-11,1.892,1.892,0.0,1.0
2024-10-14,1.933,1.933,0.0,1.0
2024-10-15,1.884,1.884,0.0,1.0
2024-10-16,1.894,1.894,0.0,1.0
2024-10-17,1.87,1.87,0.0,1.0
2024-10-18,1.931,1.931,0.0,1.0
2024-10-21,1.941,1.941,0.0,1.0
2024-10-22,1.95,1.95,0.0,1.0
2024-10-23,1.963,1.963,0.0,1.0
2024-10-24,1.947,1.947,0.0,1.0
2024-10-25,1.975,1.975,0.0,1.0
2024-10-28,1.987,1.987,0.0,1.0
2024-10-29,1.959,1.959,0.0,1.0
2024-10-30,1.949,1.949,0.0,1.0
2024-10-31,1.958,1.958,0.0,1.0
2024-11-01,1.954,1.954,0.0,1.0
2024-11-04,1.986,1.986,0.0,1.0
2024-11-05,2.036,2.036,0.0,1.0
2024-11-06,2.039,2.039,0.0,1.0
2024-11-07,2.078,2.078,0.0,1.0
2024-11-08,2.075,2.075,0.0,1.0
2024-11-11,2.106,2.106,0.0,1.0
2024-11-12,2.079,2.079,0.0,1.0
2024-11-13,2.078,2.078,0.0,1.0
2024-11-14,2.033,2.033,0.0,1.0
2024-11-15,1.997,1.997,0.0,1.0
2024-11-18,1.98,1.98,0.0,1.0
2024-11-19,2.012,2.012,0.0,1.0
2024-11-20,2.023,2.023,0.0,1.0
2024-11-21,2.021,2.021,0.0,1.0
2024-11-22,1.95,1.95,0.0,1.0
2024-11-25,1.952,1.952,0.0,1.0
2024-11-26,1.942,1.942,0.0,1.0
2024-11-27,1.975,1.975,0.0,1.0
2024-11-28,1.967,1.967,0.0,1.0
2024-11-29,1.995,1.995,0.0,1.0
2024-12-02,2.012,2.012,0.0,1.0
2024-12-03,2.015,2.015,0.0,1.0
2024-12-04,2.002,2.002,0.0,1.0
2024-12-05,2.002,2.002,0.0,1.0
2024-12-06,2.03,2.03,0.0,1.0
2024-12-09,2.021,2.021,0.0,1.0
2024-12-10,2.039,2.039,0.0,1.0
2024-12-11,2.05,2.05,0.0,1.0
2024-12-12,2.064,2.064,0.0,1.0
2024-12-13,2.029,2.029,0.0,1.0
2024-12-16,2.002,2.002,0.0,1.0
2024-12-17,1.986,1.986,0.0,1.0
2024-12-18,1.996,1.996,0.0,1.0
2024-12-19,1.998,1.998,0.0,1.0
2024-12-20,2.003,2.003,0.0,1.0
2024-12-23,1.978,1.978,0.0,1.0
2024-12-24,2.006,2.006,0.0,1.0
2024-12-25,1.997,1.997,0.0,1.0
2024-12-26,2.006,2.006,0.0,1.0
2024-12-27,2.009,2.009,0.0,1.0
2024-12-30,2.012,2.012,0.0,1.0
2024-12-31,1.97,1.97,0.0,1.0
2025-01-02,1.91,1.91,0.0,1.0
2025-01-03,1.883,1.883,0.0,1.0
2025-01-06,1.883,1.883,0.0,1.0
2025-01-07,1.899,1.899,0.0,1.0
2025-01-08,1.898,1.898,0.0,1.0
2025-01-09,1.89,1.89,0.0,1.0
2025-01-10,1.866,1.866,0.0,1.0
2025-01-13,1.863,1.863,0.0,1.0
2025-01-14,1.92,1.92,0.0,1.0
2025-01-15,1.909,1.909,0.0,1.0
2025-01-16,1.913,1.913,0.0,1.0
2025-01-17,1.936,1.936,0.0,1.0
2025-01-20,1.946,1.946,0.0,1.0
2025-01-21,1.946,1.946,0.0,1.0
2025-01-22,1.943,1.943,0.0,1.0
2025-01-23,1.937,1.937,0.0,1.0
2025-01-24,1.965,1.965,0.0,1.0
2025-01-27,1.949,1.949,0.0,1.0
2025-02-05,1.94,1.94,0.0,1.0
2025-02-06,1.973,1.973,0.0,1.0
2025-02-07,2.002,2.002,0.0,1.0
2025-02-10,2.005,2.005,0.0,1.0
2025-02-11,2.002,2.002,0.0,1.0
2025-02-12,2.027,2.027,0.0,1.0
2025-02-13,2.008,2.008,0.0,1.0
2025-02-14,2.014,2.014,0.0,1.0
2025-02-17,2.016,2.016,0.0,1.0
2025-02-18,1.988,1.988,0.0,1.0
2025-02-19,2.02,2.02,0.0,1.0
2025-02-20,2.023,2.023,0.0,1.0
2025-02-21,2.04,2.04,0.0,1.0
2025-02-24,2.033,2.033,0.0,1.0
2025-02-25,2.014,2.014,0.0,1.0
2025-02-26,2.04,2.04,0.0,1.0
2025-02-27,2.04,2.04,0.0,1.0
2025-02-28,1.99,1.99,0.0,1.0
2025-03-03,1.993,1.993,0.0,1.0
2025-03-04,2.01,2.01,0.0,1.0
2025-03-05,2.011,2.011,0.0,1.0
2025-03-06,2.034,2.034,0.0,1.0
2025-03-07,2.034,2.034,0.0,1.0
2025-03-10,2.039,2.039,0.0,1.0
2025-03-11,2.048,2.048,0.0,1.0
2025-03-12,2.055,2.055,0.0,1.0
2025-03-13,2.036,2.036,0.0,1.0
2025-03-14,2.066,2.066,0.0,1.0
2025-03-17,2.073,2.073,0.0,1.0
2025-03-18,2.079,2.079,0.0,1.0
2025-03-19,2.073,2.073,0.0,1.0
2025-03-20,2.07,2.07,0.0,1.0
2025-03-21,2.04,2.04,0.0,1.0
2025-03-24,2.046,2.046,0.0,1.0
2025-03-25,2.042,2.042,0.0,1.0
2025-03-26,2.043,2.043,0.0,1.0
2025-03-27,2.049,2.049,0.0,1.0
2025-03-28,2.031,2.031,0.0,1.0
2025-03-31,2.018,2.018,0.0,1.0
2025-04-01,2.036,2.036,0.0,1.0
2025-04-02,2.037,2.037,0.0,1.0
2025-04-03,2.014,2.014,0.0,1.0
2025-04-07,1.841,1.841,0.0,1.0
2025-04-08,1.85,1.85,0.0,1.0
2025-04-09,1.887,1.887,0.0,1.0
2025-04-10,1.917,1.917,0.0,1.0
2025-04-11,1.931,1.931,0.0,1.0
2025-04-14,1.944,1.944,0.0,1.0
2025-04-15,1.941,1.941,0.0,1.0
2025-04-16,1.925,1.925,0.0,1.0
2025-04-17,1.928,1.928,0.0,1.0
2025-04-18,1.927,1.927,0.0,1.0
2025-04-21,1.95,1.95,0.0,1.0
2025-04-22,1.949,1.949,0.0,1.0
2025-04-23,1.949,1.949,0.0,1.0
2025-04-24,1.941,1.941,0.0,1.0
2025-04-25,1.943,1.943,0.0,1.0
2025-04-28,1.934,1.934,0.0,1.0
2025-04-29,1.932,1.932,0.0,1.0
2025-04-30,1.941,1.941,0.0,1.0
2025-05-06,1.969,1.969,0.0,1.0
2025-05-07,1.973,1.973,0.0,1.0
2025-05-08,1.982,1.982,0.0,1.0
2025-05-09,1.967,1.967,0.0,1.0
2025-05-12,1.99,1.99,0.0,1.0
2025-05-13,1.99,1.99,0.0,1.0
2025-05-14,1.991,1.991,0.0,1.0
2025-05-15,1.979,1.979,0.0,1.0
2025-05-16,1.975,1.975,0.0,1.0
2025-05-19,1.972,1.972,0.0,1.0
2025-05-20,1.981,1.981,0.0,1.0
2025-05-21,1.986,1.986,0.0,1.0
2025-05-22,1.973,1.973,0.0,1.0
2025-05-23,1.964,1.964,0.0,1.0
2025-05-26,1.958,1.958,0.0,1.0
2025-05-27,1.952,1.952,0.0,1.0
2025-05-28,1.955,1.955,0.0,1.0
2025-05-29,1.973,1.973,0.0,1.0
2025-05-30,1.965,1.965,0.0,1.0
2025-06-03,1.978,1.978,0.0,1.0
2025-06-04,1.991,1.991,0.0,1.0
2025-06-05,2.001,2.001,0.0,1.0
2025-06-06,2.001,2.001,0.0,1.0
2025-06-09,2.006,2.006,0.0,1.0
2025-06-10,1.996,1.996,0.0,1.0
2025-06-11,2.008,2.008,0.0,1.0
2025-06-12,2.014,2.014,0.0,1.0
2025-06-13,1.996,1.996,0.0,1.0
2025-06-16,2.002,2.002,0.0,1.0
2025-06-17,1.993,1.993,0.0,1.0
2025-06-18,1.997,1.997,0.0,1.0
2025-06-19,1.977,1.977,0.0,1.0
2025-06-20,1.972,1.972,0.0,1.0
2025-06-23,1.983,1.983,0.0,1.0
2025-06-24,2.006,2.006,0.0,1.0
2025-06-25,2.028,2.028,0.0,1.0
2025-06-26,2.024,2.024,0.0,1.0
2025-06-27,2.031,2.031,0.0,1.0
2025-06-30,2.046,2.046,0.0,1.0
2025-07-01,2.05,2.05,0.0,1.0
2025-07-02,2.046,2.046,0.0,1.0
2025-07-03,2.056,2.056,0.0,1.0
2025-07-04,2.049,2.049,0.0,1.0
2025-07-07,2.05,2.05,0.0,1.0
2025-07-08,2.071,2.071,0.0,1.0
2025-07-09,2.064,2.064,0.0,1.0
2025-07-10,2.077,2.077,0.0,1.0
2025-07-11,2.092,2.092,0.0,1.0
2025-07-14,2.094,2.094,0.0,1.0
2025-07-15,2.083,2.083,0.0,1.0
2025-07-16,2.085,2.085,0.0,1.0
2025-07-17,2.098,2.098,0.0,1.0
2025-07-18,2.105,2.105,0.0,1.0
2025-07-21,2.133,2.133,0.0,1.0
2025-07-22,2.15,2.15,0.0,1.0
2025-07-23,2.148,2.148,0.0,1.0
2025-07-24,2.178,2.178,0.0,1.0
2025-07-25,2.18,2.18,0.0,1.0
2025-07-28,2.18,2.18,0.0,1.0
2025-07-29,2.191,2.191,0.0,1.0
2025-07-30,2.183,2.183,0.0,1.0
2025-07-31,2.15,2.15,0.0,1.0
2025-08-01,2.148,2.148,0.0,1.0
2025-08-04,2.163,2.163,0.0,1.0
2025-08-05,2.177,2.177,0.0,1.0
2025-08-06,2.196,2.196,0.0,1.0
2025-08-07,2.187,2.187,0.0,1.0
2025-08-08,2.185,2.185,0.0,1.0
2025-08-11,2.208,2.208,0.0,1.0
2025-08-12,2.21,2.21,0.0,1.0
2025-08-13,2.233,2.233,0.0,1.0
2025-08-14,2.208,2.208,0.0,1.0
2025-08-15,2.256,2.256,0.0,1.0
2025-08-18,2.282,2.282,0.0,1.0
2025-08-19,2.274,2.274,0.0,1.0
2025-08-20,2.302,2.302,0.0,1.0
2025-08-21,2.29,2.29,0.0,1.0
2025-08-22,2.331,2.331,0.0,1.0
2025-08-25,2.356,2.356,0.0,1.0
2025-08-26,2.367,2.367,0.0,1.0
2025-08-27,2.334,2.334,0.0,1.0
2025-08-28,2.368,2.368,0.0,1.0
2025-08-29,2.362,2.362,0.0,1.0
2025-09-01,2.378,2.378,0.0,1.0
2025-09-02,2.338,2.338,0.0,1.0
2025-09-03,2.317,2.317,0.0,1.0
2025-09-04,2.267,2.267,0.0,1.0
2025-09-05,2.32,2.32,0.0,1.0
2025-09-08,2.36,2.36,0.0,1.0
2025-09-09,2.339,2.339,0.0,1.0
2025-09-10,2.331,2.331,0.0,1.0
2025-09-11,2.372,2.372,0.0,1.0
2025-09-12,2.384,2.384,0.0,1.0
2025-09-15,2.37,2.37,0.0,1.0
2025-09-16,2.389,2.389,0.0,1.0
2025-09-17,2.413,2.413,0.0,1.0
2025-09-18,2.398,2.398,0.0,1.0
2025-09-19,2.389,2.389,0.0,1.0
2025-09-22,2.395,2.395,0.0,1.0
2025-09-23,2.385,2.385,0.0,1.0
2025-09-24,2.432,2.432,0.0,1.0
2025-09-25,2.438,2.438,0.0,1.0
2025-09-26,2.427,2.427,0.0,1.0
2025-09-29,2.44,2.44,0.0,1.0
2025-09-30,2.478,2.478,0.0,1.0
2025-10-09,2.505,2.505,0.0,1.0
2025-10-10,2.478,2.478,0.0,1.0
2025-10-13,2.466,2.466,0.0,1.0
2025-10-14,2.42,2.42,0.0,1.0
2025-10-15,2.45,2.45,0.0,1.0
2025-10-16,2.425,2.425,0.0,1.0
2025-10-17,2.36,2.36,0.0,1.0
2025-10-20,2.369,2.369,0.0,1.0
2025-10-21,2.402,2.402,0.0,1.0
2025-10-22,2.381,2.381,0.0,1.0
2025-10-23,2.386,2.386,0.0,1.0
2025-10-24,2.414,2.414,0.0,1.0
2025-10-27,2.443,2.443,0.0,1.0
2025-10-28,2.435,2.435,0.0,1.0
2025-10-29,2.47,2.47,0.0,1.0
2025-10-30,2.441,2.441,0.0,1.0
2025-10-31,2.438,2.438,0.0,1.0
2025-11-03,2.436,2.436,0.0,1.0
2025-11-04,2.401,2.401,0.0,1.0
2025-11-05,2.409,2.409,0.0,1.0
2025-11-06,2.441,2.441,0.0,1.0
2025-11-07,2.438,2.438,0.0,1.0
2025-11-10,2.452,2.452,0.0,1.0
2025-11-11,2.433,2.433,0.0,1.0
2025-11-12,2.42,2.42,0.0,1.0
2025-11-13,2.444,2.444,0.0,1.0
2025-11-14,2.425,2.425,0.0,1.0
2025-11-17,2.409,2.409,0.0,1.0
2025-11-18,2.385,2.385,0.0,1.0
2025-11-19,2.376,2.376,0.0,1.0
2025-11-20,2.358,2.358,0.0,1.0
2025-11-21,2.284,2.284,0.0,1.0
2025-11-24,2.293,2.293,0.0,1.0
2025-11-25,2.313,2.313,0.0,1.0
2025-11-26,2.31,2.31,0.0,1.0
2025-11-27,2.309,2.309,0.0,1.0
2025-11-28,2.331,2.331,0.0,1.0
2025-12-01,2.35,2.35,0.0,1.0
2025-12-02,2.338,2.338,0.0,1.0
2025-12-03,2.323,2.323,0.0,1.0
2025-12-04,2.328,2.328,0.0,1.0
2025-12-05,2.349,2.349,0.0,1.0
2025-12-08,2.372,2.372,0.0,1.0
2025-12-09,2.35,2.35,0.0,1.0
2025-12-10,2.354,2.354,0.0,1.0
2025-12-11,2.34,2.34,0.0,1.0
2025-12-12,2.363,2.363,0.0,1.0
2025-12-15,2.356,2.356,0.0,1.0
2025-12-16,2.323,2.323,0.0,1.0
2025-12-17,2.355,2.355,0.0,1.0
2025-12-18,2.355,2.355,0.0,1.0
2025-12-19,2.372,2.372,0.0,1.0
2025-12-22,2.396,2.396,0.0,1.0
2025-12-23,2.382,2.382,0.0,1.0
2025-12-24,2.421,2.421,0.0,1.0
2025-12-25,2.443,2.443,0.0,1.0
2025-12-26,2.453,2.453,0.0,1.0
2025-12-29,2.453,2.453,0.0,1.0
2025-12-30,2.451,2.451,0.0,1.0
2025-12-31,2.452,2.452,0.0,1.0
2026-01-05,2.5,2.5,0.0,1.0
2026-01-06,2.545,2.545,0.0,1.0
2026-01-07,2.575,2.575,0.0,1.0
2026-01-08,2.568,2.568,0.0,1.0
2026-01-09,2.616,2.616,0.0,1.0
2026-01-12,2.66,2.66,0.0,1.0
2026-01-13,2.648,2.648,0.0,1.0
2026-01-14,2.647,2.647,0.0,1.0
2026-01-15,2.65,2.65,0.0,1.0
2026-01-16,2.682,2.682,0.0,1.0
2026-01-19,2.69,2.69,0.0,1.0
2026-01-20,2.688,2.688,0.0,1.0
2026-01-21,2.702,2.702,0.0,1.0
2026-01-22,2.71,2.71,0.0,1.0
2026-01-23,2.768,2.768,0.0,1.0
2026-01-26,2.773,2.773,0.0,1.0
2026-01-27,2.746,2.746,0.0,1.0
2026-01-28,2.781,2.781,0.0,1.0
2026-01-29,2.769,2.769,0.0,1.0
2026-01-30,2.709,2.709,0.0,1.0
2026-02-02,2.615,2.615,0.0,1.0
2026-02-03,2.693,2.693,0.0,1.0
2026-02-04,2.708,2.708,0.0,1.0
2026-02-05,2.664,2.664,0.0,1.0
2026-02-06,2.665,2.665,0.0,1.0
2026-02-09,2.704,2.704,0.0,1.0
2026-02-10,2.708,2.708,0.0,1.0
2026-02-11,2.724,2.724,0.0,1.0
2026-02-12,2.75,2.75,0.0,1.0
2026-02-13,2.713,2.713,0.0,1.0
2026-02-24,2.743,2.743,0.0,1.0
2026-02-25,2.779,2.779,0.0,1.0
2026-02-26,2.791,2.791,0.0,1.0
2026-02-27,2.825,2.825,0.0,1.0
2026-03-02,2.824,2.824,0.0,1.0
2026-03-03,2.726,2.726,0.0,1.0
2026-03-04,2.706,2.706,0.0,1.0
2026-03-05,2.727,2.727,0.0,1.0
2026-03-06,2.742,2.742,0.0,1.0
2026-03-09,2.703,2.703,0.0,1.0
2026-03-10,2.747,2.747,0.0,1.0
2026-03-11,2.74,2.74,0.0,1.0
2026-03-12,2.735,2.735,0.0,1.0
2026-03-13,2.702,2.702,0.0,1.0
2026-03-16,2.679,2.679,0.0,1.0
2026-03-17,2.632,2.632,0.0,1.0
2026-03-18,2.646,2.646,0.0,1.0
2026-03-19,2.578,2.578,0.0,1.0
2026-03-20,2.549,2.549,0.0,1.0
2026-03-23,2.465,2.465,0.0,1.0
2026-03-24,2.496,2.496,0.0,1.0
2026-03-25,2.556,2.556,0.0,1.0
2026-03-26,2.505,2.505,0.0,1.0
2026-03-27,2.537,2.537,0.0,1.0
2026-03-30,2.549,2.549,0.0,1.0
2026-03-31,2.504,2.504,0.0,1.0
2026-04-01,2.553,2.553,0.0,1.0
2026-04-02,2.501,2.501,0.0,1.0
2026-04-03,2.487,2.487,0.0,1.0
2026-04-07,2.493,2.493,0.0,1.0
2026-04-08,2.595,2.595,0.0,1.0
2026-04-09,2.583,2.583,0.0,1.0
2026-04-10,2.596,2.596,0.0,1.0
2026-04-13,2.588,2.588,0.0,1.0
2026-04-14,2.617,2.617,0.0,1.0
2026-04-15,2.612,2.612,0.0,1.0
2026-04-16,2.638,2.638,0.0,1.0
2026-04-17,2.649,2.649,0.0,1.0
2026-04-20,2.67,2.67,0.0,1.0
2026-04-21,2.671,2.671,0.0,1.0
2026-04-22,2.703,2.703,0.0,1.0
2026-04-23,2.681,2.681,0.0,1.0
2026-04-24,2.658,2.658,0.0,1.0
2026-04-27,2.682,2.682,0.0,1.0
2026-04-28,2.651,2.651,0.0,1.0
2026-04-29,2.694,2.694,0.0,1.0
2026-04-30,2.701,2.701,0.0,1.0
2026-05-06,2.754,2.754,0.0,1.0
2026-05-07,2.772,2.772,0.0,1.0
2026-05-08,2.773,2.773,0.0,1.0
2026-05-11,2.812,2.812,0.0,1.0
2026-05-12,2.8,2.8,0.0,1.0
2026-05-13,2.842,2.842,0.0,1.0
2026-05-14,2.777,2.777,0.0,1.0
2026-05-15,2.737,2.737,0.0,1.0
2026-05-18,2.746,2.746,0.0,1.0
2026-05-19,2.777,2.777,0.0,1.0
2026-05-20,2.792,2.792,0.0,1.0
2026-05-21,2.72,2.72,0.0,1.0
2026-05-22,2.756,2.756,0.0,1.0
2026-05-25,2.788,2.788,0.0,1.0
2026-05-26,2.775,2.775,0.0,1.0
2026-05-27,2.745,2.745,0.0,1.0
2026-05-28,2.755,2.755,0.0,1.0
2026-05-29,2.704,2.704,0.0,1.0
2026-06-01,2.68,2.68,0.0,1.0
2026-06-02,2.7,2.7,0.0,1.0
2026-06-03,2.711,2.711,0.0,1.0
2026-06-04,2.713,2.713,0.0,1.0
2026-06-05,2.68,2.68,0.0,1.0
2026-06-08,2.595,2.595,0.0,1.0
2026-06-09,2.664,2.664,0.0,1.0
2026-06-10,2.632,2.632,0.0,1.0
2026-06-11,2.613,2.613,0.0,1.0
2026-06-12,2.64,2.64,0.0,1.0
2026-06-15,2.73,2.73,0.0,1.0
2026-06-16,2.75,2.75,0.0,1.0
2026-06-17,2.78,2.78,0.0,1.0
2026-06-18,2.783,2.783,0.0,1.0
2026-06-22,2.825,2.825,0.0,1.0
2026-06-23,2.786,2.786,0.0,1.0
2026-06-24,2.823,2.823,0.0,1.0
2026-06-25,2.855,2.855,0.0,1.0
2026-06-26,2.79,2.79,0.0,1.0
2026-06-29,2.85,2.85,0.0,1.0
2026-06-30,2.9,2.9,0.0,1.0
2026-07-01,2.891,2.891,0.0,1.0
2026-07-02,2.805,2.805,0.0,1.0
2026-07-03,2.828,2.828,0.0,1.0
2026-07-06,2.806,2.806,0.0,1.0
2026-07-07,2.766,2.766,0.0,1.0
2026-07-08,2.742,2.742,0.0,1.0
2026-07-09,2.817,2.817,0.0,1.0
2026-07-10,2.771,2.771,0.0,1.0
2026-07-13,2.68,2.68,0.0,1.0
2026-07-14,2.703,2.703,0.0,1.0
2026-07-15,2.714,2.714,0.0,1.0
2026-07-16,2.642,2.642,0.0,1.0
2026-07-17,2.508,2.508,0.0,1.0
