date,close,total_return_proxy,cumulative_dividend,split_factor
2013-01-16,2.574,2.574,0.0,1.0
2013-01-17,2.549,2.549,0.0,1.0
2013-01-18,2.591,2.591,0.0,1.0
2013-01-21,2.598,2.598,0.0,1.0
2013-01-22,2.59,2.59,0.0,1.0
2013-01-23,2.6,2.6,0.0,1.0
2013-01-24,2.588,2.588,0.0,1.0
2013-01-25,2.57,2.57,0.0,1.0
2013-01-28,2.642,2.642,0.0,1.0
2013-01-29,2.666,2.666,0.0,1.0
2013-01-30,2.689,2.689,0.0,1.0
2013-01-31,2.684,2.684,0.0,1.0
2013-02-01,2.739,2.739,0.0,1.0
2013-02-04,2.744,2.744,0.0,1.0
2013-02-05,2.769,2.769,0.0,1.0
2013-02-06,2.777,2.777,0.0,1.0
2013-02-07,2.766,2.766,0.0,1.0
2013-02-08,2.776,2.776,0.0,1.0
2013-02-18,2.743,2.743,0.0,1.0
2013-02-19,2.69,2.69,0.0,1.0
2013-02-20,2.703,2.703,0.0,1.0
2013-02-21,2.609,2.609,0.0,1.0
2013-02-22,2.601,2.601,0.0,1.0
2013-02-25,2.608,2.608,0.0,1.0
2013-02-26,2.562,2.562,0.0,1.0
2013-02-27,2.585,2.585,0.0,1.0
2013-02-28,2.669,2.669,0.0,1.0
2013-03-01,2.67,2.67,0.0,1.0
2013-03-04,2.549,2.549,0.0,1.0
2013-03-05,2.619,2.619,0.0,1.0
2013-03-06,2.649,2.649,0.0,1.0
2013-03-07,2.62,2.62,0.0,1.0
2013-03-08,2.609,2.609,0.0,1.0
2013-03-11,2.591,2.591,0.0,1.0
2013-03-12,2.553,2.553,0.0,1.0
2013-03-13,2.527,2.527,0.0,1.0
2013-03-14,2.531,2.531,0.0,1.0
2013-03-15,2.54,2.54,0.0,1.0
2013-03-18,2.506,2.506,0.0,1.0
2013-03-19,2.525,2.525,0.0,1.0
2013-03-20,2.605,2.605,0.0,1.0
2013-03-21,2.609,2.609,0.0,1.0
2013-03-22,2.617,2.617,0.0,1.0
2013-03-25,2.611,2.611,0.0,1.0
2013-03-26,2.571,2.571,0.0,1.0
2013-03-27,2.581,2.581,0.0,1.0
2013-03-28,2.498,2.498,0.0,1.0
2013-03-29,2.494,2.494,0.0,1.0
2013-04-01,2.491,2.491,0.0,1.0
2013-04-02,2.488,2.488,0.0,1.0
2013-04-03,2.485,2.485,0.0,1.0
2013-04-08,2.469,2.469,0.0,1.0
2013-04-09,2.487,2.487,0.0,1.0
2013-04-10,2.486,2.486,0.0,1.0
2013-04-11,2.475,2.475,0.0,1.0
2013-04-12,2.465,2.465,0.0,1.0
2013-04-15,2.439,2.439,0.0,1.0
2013-04-16,2.455,2.455,0.0,1.0
2013-04-17,2.457,2.457,0.0,1.0
2013-04-18,2.464,2.464,0.0,1.0
2013-04-19,2.532,2.532,0.0,1.0
2013-04-22,2.53,2.53,0.0,1.0
2013-04-23,2.453,2.453,0.0,1.0
2013-04-24,2.492,2.492,0.0,1.0
2013-04-25,2.467,2.467,0.0,1.0
2013-04-26,2.446,2.446,0.0,1.0
2013-05-02,2.448,2.448,0.0,1.0
2013-05-03,2.491,2.491,0.0,1.0
2013-05-06,2.52,2.52,0.0,1.0
2013-05-07,2.527,2.527,0.0,1.0
2013-05-08,2.542,2.542,0.0,1.0
2013-05-09,2.526,2.526,0.0,1.0
2013-05-10,2.54,2.54,0.0,1.0
2013-05-13,2.53,2.53,0.0,1.0
2013-05-14,2.493,2.493,0.0,1.0
2013-05-15,2.506,2.506,0.0,1.0
2013-05-16,2.549,2.549,0.0,1.0
2013-05-17,2.596,2.596,0.0,1.0
2013-05-20,2.614,2.614,0.0,1.0
2013-05-21,2.616,2.616,0.0,1.0
2013-05-22,2.617,2.617,0.0,1.0
2013-05-23,2.588,2.588,0.0,1.0
2013-05-24,2.599,2.599,0.0,1.0
2013-05-27,2.601,2.601,0.0,1.0
2013-05-28,2.652,2.652,0.0,1.0
2013-05-29,2.652,2.652,0.0,1.0
2013-05-30,2.644,2.644,0.0,1.0
2013-05-31,2.613,2.613,0.0,1.0
2013-06-03,2.616,2.616,0.0,1.0
2013-06-04,2.578,2.578,0.0,1.0
2013-06-05,2.573,2.573,0.0,1.0
2013-06-06,2.542,2.542,0.0,1.0
2013-06-07,2.504,2.504,0.0,1.0
2013-06-13,2.424,2.424,0.0,1.0
2013-06-14,2.44,2.44,0.0,1.0
2013-06-17,2.427,2.427,0.0,1.0
2013-06-18,2.441,2.441,0.0,1.0
2013-06-19,2.425,2.425,0.0,1.0
2013-06-20,2.346,2.346,0.0,1.0
2013-06-21,2.339,2.339,0.0,1.0
2013-06-24,2.191,2.191,0.0,1.0
2013-06-25,2.192,2.192,0.0,1.0
2013-06-26,2.193,2.193,0.0,1.0
2013-06-27,2.194,2.194,0.0,1.0
2013-06-28,2.22,2.22,0.0,1.0
2013-07-01,2.238,2.238,0.0,1.0
2013-07-02,2.244,2.244,0.0,1.0
2013-07-03,2.238,2.238,0.0,1.0
2013-07-04,2.252,2.252,0.0,1.0
2013-07-05,2.256,2.256,0.0,1.0
2013-07-08,2.206,2.206,0.0,1.0
2013-07-09,2.198,2.198,0.0,1.0
2013-07-10,2.254,2.254,0.0,1.0
2013-07-11,2.368,2.368,0.0,1.0
2013-07-12,2.319,2.319,0.0,1.0
2013-07-15,2.343,2.343,0.0,1.0
2013-07-16,2.365,2.365,0.0,1.0
2013-07-17,2.329,2.329,0.0,1.0
2013-07-18,2.295,2.295,0.0,1.0
2013-07-19,2.233,2.233,0.0,1.0
2013-07-22,2.242,2.242,0.0,1.0
2013-07-23,2.309,2.309,0.0,1.0
2013-07-24,2.296,2.296,0.0,1.0
2013-07-25,2.287,2.287,0.0,1.0
2013-07-26,2.274,2.274,0.0,1.0
2013-07-29,2.222,2.222,0.0,1.0
2013-07-30,2.236,2.236,0.0,1.0
2013-07-31,2.241,2.241,0.0,1.0
2013-08-01,2.3,2.3,0.0,1.0
2013-08-02,2.3,2.3,0.0,1.0
2013-08-05,2.331,2.331,0.0,1.0
2013-08-06,2.345,2.345,0.0,1.0
2013-08-07,2.331,2.331,0.0,1.0
2013-08-08,2.33,2.33,0.0,1.0
2013-08-09,2.339,2.339,0.0,1.0
2013-08-12,2.412,2.412,0.0,1.0
2013-08-13,2.413,2.413,0.0,1.0
2013-08-14,2.409,2.409,0.0,1.0
2013-08-15,2.377,2.377,0.0,1.0
2013-08-16,2.362,2.362,0.0,1.0
2013-08-19,2.382,2.382,0.0,1.0
2013-08-20,2.365,2.365,0.0,1.0
2013-08-21,2.366,2.366,0.0,1.0
2013-08-22,2.359,2.359,0.0,1.0
2013-08-23,2.344,2.344,0.0,1.0
2013-08-26,2.394,2.394,0.0,1.0
2013-08-27,2.395,2.395,0.0,1.0
2013-08-28,2.385,2.385,0.0,1.0
2013-08-29,2.374,2.374,0.0,1.0
2013-08-30,2.368,2.368,0.0,1.0
2013-09-02,2.376,2.376,0.0,1.0
2013-09-03,2.41,2.41,0.0,1.0
2013-09-04,2.409,2.409,0.0,1.0
2013-09-05,2.401,2.401,0.0,1.0
2013-09-06,2.393,2.413,0.02,1.0
2013-09-09,2.48,2.5,0.02,1.0
2013-09-10,2.51,2.53,0.02,1.0
2013-09-11,2.526,2.546,0.02,1.0
2013-09-12,2.545,2.565,0.02,1.0
2013-09-13,2.533,2.553,0.02,1.0
2013-09-16,2.52,2.54,0.02,1.0
2013-09-17,2.471,2.491,0.02,1.0
2013-09-18,2.473,2.493,0.02,1.0
2013-09-23,2.508,2.528,0.02,1.0
2013-09-24,2.487,2.507,0.02,1.0
2013-09-25,2.468,2.488,0.02,1.0
2013-09-26,2.428,2.448,0.02,1.0
2013-09-27,2.436,2.456,0.02,1.0
2013-09-30,2.445,2.465,0.02,1.0
2013-10-08,2.482,2.5020000000000002,0.02,1.0
2013-10-09,2.49,2.5100000000000002,0.02,1.0
2013-10-10,2.471,2.491,0.02,1.0
2013-10-11,2.507,2.527,0.02,1.0
2013-10-14,2.51,2.53,0.02,1.0
2013-10-15,2.508,2.528,0.02,1.0
2013-10-16,2.463,2.483,0.02,1.0
2013-10-17,2.451,2.471,0.02,1.0
2013-10-18,2.463,2.483,0.02,1.0
2013-10-21,2.514,2.534,0.02,1.0
2013-10-22,2.486,2.5060000000000002,0.02,1.0
2013-10-23,2.46,2.48,0.02,1.0
2013-10-24,2.441,2.461,0.02,1.0
2013-10-25,2.403,2.423,0.02,1.0
2013-10-28,2.405,2.425,0.02,1.0
2013-10-29,2.406,2.426,0.02,1.0
2013-10-30,2.44,2.46,0.02,1.0
2013-10-31,2.417,2.437,0.02,1.0
2013-11-01,2.426,2.446,0.02,1.0
2013-11-04,2.422,2.442,0.02,1.0
2013-11-05,2.419,2.439,0.02,1.0
2013-11-06,2.394,2.414,0.02,1.0
2013-11-07,2.382,2.402,0.02,1.0
2013-11-08,2.348,2.368,0.02,1.0
2013-11-11,2.35,2.37,0.02,1.0
2013-11-12,2.373,2.3930000000000002,0.02,1.0
2013-11-13,2.328,2.348,0.02,1.0
2013-11-14,2.335,2.355,0.02,1.0
2013-11-15,2.383,2.403,0.02,1.0
2013-11-18,2.459,2.479,0.02,1.0
2013-11-19,2.449,2.469,0.02,1.0
2013-11-20,2.46,2.48,0.02,1.0
2013-11-21,2.45,2.47,0.02,1.0
2013-11-22,2.433,2.453,0.02,1.0
2013-11-25,2.423,2.443,0.02,1.0
2013-11-26,2.423,2.443,0.02,1.0
2013-11-27,2.449,2.469,0.02,1.0
2013-11-28,2.473,2.493,0.02,1.0
2013-11-29,2.477,2.497,0.02,1.0
2013-12-02,2.456,2.476,0.02,1.0
2013-12-03,2.475,2.495,0.02,1.0
2013-12-04,2.509,2.529,0.02,1.0
2013-12-05,2.508,2.528,0.02,1.0
2013-12-06,2.497,2.517,0.02,1.0
2013-12-09,2.491,2.511,0.02,1.0
2013-12-10,2.491,2.511,0.02,1.0
2013-12-11,2.45,2.47,0.02,1.0
2013-12-12,2.448,2.468,0.02,1.0
2013-12-13,2.447,2.467,0.02,1.0
2013-12-16,2.404,2.424,0.02,1.0
2013-12-17,2.392,2.412,0.02,1.0
2013-12-18,2.395,2.415,0.02,1.0
2013-12-19,2.374,2.394,0.02,1.0
2013-12-20,2.322,2.342,0.02,1.0
2013-12-23,2.322,2.342,0.02,1.0
2013-12-24,2.323,2.343,0.02,1.0
2013-12-25,2.338,2.358,0.02,1.0
2013-12-26,2.304,2.324,0.02,1.0
2013-12-27,2.339,2.359,0.02,1.0
2013-12-30,2.339,2.359,0.02,1.0
2013-12-31,2.363,2.383,0.02,1.0
2014-01-02,2.358,2.378,0.02,1.0
2014-01-03,2.331,2.351,0.02,1.0
2014-01-06,2.274,2.294,0.02,1.0
2014-01-07,2.275,2.295,0.02,1.0
2014-01-08,2.274,2.294,0.02,1.0
2014-01-09,2.261,2.281,0.02,1.0
2014-01-10,2.243,2.263,0.02,1.0
2014-01-13,2.227,2.247,0.02,1.0
2014-01-14,2.243,2.263,0.02,1.0
2014-01-15,2.242,2.262,0.02,1.0
2014-01-16,2.244,2.2640000000000002,0.02,1.0
2014-01-17,2.213,2.233,0.02,1.0
2014-01-20,2.202,2.222,0.02,1.0
2014-01-21,2.217,2.237,0.02,1.0
2014-01-22,2.276,2.296,0.02,1.0
2014-01-23,2.268,2.288,0.02,1.0
2014-01-24,2.281,2.301,0.02,1.0
2014-01-27,2.25,2.27,0.02,1.0
2014-01-28,2.256,2.276,0.02,1.0
2014-01-29,2.263,2.283,0.02,1.0
2014-01-30,2.233,2.253,0.02,1.0
2014-02-07,2.245,2.265,0.02,1.0
2014-02-10,2.298,2.318,0.02,1.0
2014-02-11,2.318,2.338,0.02,1.0
2014-02-12,2.324,2.344,0.02,1.0
2014-02-13,2.317,2.337,0.02,1.0
2014-02-14,2.307,2.347,0.04,1.0
2014-02-17,2.323,2.363,0.04,1.0
2014-02-18,2.295,2.335,0.04,1.0
2014-02-19,2.323,2.363,0.04,1.0
2014-02-20,2.301,2.341,0.04,1.0
2014-02-21,2.282,2.322,0.04,1.0
2014-02-24,2.23,2.27,0.04,1.0
2014-02-25,2.173,2.213,0.04,1.0
2014-02-26,2.173,2.213,0.04,1.0
2014-02-27,2.169,2.209,0.04,1.0
2014-02-28,2.19,2.23,0.04,1.0
2014-03-03,2.2,2.24,0.04,1.0
2014-03-04,2.196,2.236,0.04,1.0
2014-03-05,2.18,2.22,0.04,1.0
2014-03-06,2.188,2.228,0.04,1.0
2014-03-07,2.182,2.222,0.04,1.0
2014-03-10,2.112,2.152,0.04,1.0
2014-03-11,2.123,2.1630000000000003,0.04,1.0
2014-03-12,2.122,2.162,0.04,1.0
2014-03-13,2.149,2.189,0.04,1.0
2014-03-14,2.135,2.175,0.04,1.0
2014-03-17,2.15,2.19,0.04,1.0
2014-03-18,2.15,2.19,0.04,1.0
2014-03-19,2.135,2.175,0.04,1.0
2014-03-20,2.1,2.14,0.04,1.0
2014-03-21,2.175,2.215,0.04,1.0
2014-03-24,2.188,2.228,0.04,1.0
2014-03-25,2.187,2.227,0.04,1.0
2014-03-26,2.187,2.227,0.04,1.0
2014-03-27,2.168,2.208,0.04,1.0
2014-03-28,2.167,2.207,0.04,1.0
2014-03-31,2.161,2.201,0.04,1.0
2014-04-01,2.175,2.215,0.04,1.0
2014-04-02,2.192,2.232,0.04,1.0
2014-04-03,2.179,2.219,0.04,1.0
2014-04-04,2.204,2.244,0.04,1.0
2014-04-08,2.253,2.293,0.04,1.0
2014-04-09,2.253,2.293,0.04,1.0
2014-04-10,2.291,2.331,0.04,1.0
2014-04-11,2.287,2.327,0.04,1.0
2014-04-14,2.284,2.324,0.04,1.0
2014-04-15,2.246,2.286,0.04,1.0
2014-04-16,2.246,2.286,0.04,1.0
2014-04-17,2.241,2.281,0.04,1.0
2014-04-18,2.239,2.279,0.04,1.0
2014-04-21,2.196,2.236,0.04,1.0
2014-04-22,2.208,2.248,0.04,1.0
2014-04-23,2.208,2.248,0.04,1.0
2014-04-24,2.207,2.247,0.04,1.0
2014-04-25,2.186,2.226,0.04,1.0
2014-04-28,2.153,2.193,0.04,1.0
2014-04-29,2.172,2.212,0.04,1.0
2014-04-30,2.171,2.211,0.04,1.0
2014-05-05,2.175,2.215,0.04,1.0
2014-05-06,2.17,2.21,0.04,1.0
2014-05-07,2.155,2.195,0.04,1.0
2014-05-08,2.152,2.192,0.04,1.0
2014-05-09,2.15,2.19,0.04,1.0
2014-05-12,2.194,2.234,0.04,1.0
2014-05-13,2.19,2.23,0.04,1.0
2014-05-14,2.192,2.232,0.04,1.0
2014-05-15,2.166,2.206,0.04,1.0
2014-05-16,2.163,2.203,0.04,1.0
2014-05-19,2.138,2.178,0.04,1.0
2014-05-20,2.133,2.173,0.04,1.0
2014-05-21,2.154,2.194,0.04,1.0
2014-05-22,2.147,2.187,0.04,1.0
2014-05-23,2.172,2.212,0.04,1.0
2014-05-26,2.178,2.218,0.04,1.0
2014-05-27,2.172,2.212,0.04,1.0
2014-05-28,2.194,2.234,0.04,1.0
2014-05-29,2.181,2.221,0.04,1.0
2014-05-30,2.178,2.218,0.04,1.0
2014-06-03,2.171,2.211,0.04,1.0
2014-06-04,2.151,2.191,0.04,1.0
2014-06-05,2.177,2.217,0.04,1.0
2014-06-06,2.16,2.2,0.04,1.0
2014-06-09,2.16,2.2,0.04,1.0
2014-06-10,2.186,2.226,0.04,1.0
2014-06-11,2.184,2.224,0.04,1.0
2014-06-12,2.181,2.221,0.04,1.0
2014-06-13,2.204,2.244,0.04,1.0
2014-06-16,2.218,2.258,0.04,1.0
2014-06-17,2.202,2.242,0.04,1.0
2014-06-18,2.191,2.231,0.04,1.0
2014-06-19,2.16,2.2,0.04,1.0
2014-06-20,2.166,2.206,0.04,1.0
2014-06-23,2.167,2.207,0.04,1.0
2014-06-24,2.18,2.22,0.04,1.0
2014-06-25,2.174,2.214,0.04,1.0
2014-06-26,2.188,2.228,0.04,1.0
2014-06-27,2.19,2.23,0.04,1.0
2014-06-30,2.2,2.24,0.04,1.0
2014-07-01,2.203,2.243,0.04,1.0
2014-07-02,2.211,2.251,0.04,1.0
2014-07-03,2.221,2.261,0.04,1.0
2014-07-04,2.224,2.2640000000000002,0.04,1.0
2014-07-07,2.219,2.259,0.04,1.0
2014-07-08,2.222,2.262,0.04,1.0
2014-07-09,2.196,2.236,0.04,1.0
2014-07-10,2.189,2.229,0.04,1.0
2014-07-11,2.179,2.239,0.06,1.0
2014-07-14,2.204,2.2640000000000002,0.06,1.0
2014-07-15,2.21,2.27,0.06,1.0
2014-07-16,2.205,2.265,0.06,1.0
2014-07-17,2.195,2.255,0.06,1.0
2014-07-18,2.202,2.262,0.06,1.0
2014-07-21,2.205,2.265,0.06,1.0
2014-07-22,2.233,2.293,0.06,1.0
2014-07-23,2.234,2.294,0.06,1.0
2014-07-24,2.28,2.34,0.06,1.0
2014-07-25,2.311,2.371,0.06,1.0
2014-07-28,2.369,2.4290000000000003,0.06,1.0
2014-07-29,2.38,2.44,0.06,1.0
2014-07-30,2.369,2.4290000000000003,0.06,1.0
2014-07-31,2.404,2.464,0.06,1.0
2014-08-01,2.377,2.437,0.06,1.0
2014-08-04,2.423,2.483,0.06,1.0
2014-08-05,2.417,2.477,0.06,1.0
2014-08-06,2.403,2.463,0.06,1.0
2014-08-07,2.375,2.435,0.06,1.0
2014-08-08,2.38,2.44,0.06,1.0
2014-08-11,2.41,2.47,0.06,1.0
2014-08-12,2.401,2.461,0.06,1.0
2014-08-13,2.406,2.466,0.06,1.0
2014-08-14,2.381,2.441,0.06,1.0
2014-08-15,2.407,2.467,0.06,1.0
2014-08-18,2.418,2.478,0.06,1.0
2014-08-19,2.417,2.477,0.06,1.0
2014-08-20,2.413,2.473,0.06,1.0
2014-08-21,2.401,2.461,0.06,1.0
2014-08-22,2.415,2.475,0.06,1.0
2014-08-25,2.393,2.453,0.06,1.0
2014-08-26,2.377,2.437,0.06,1.0
2014-08-27,2.376,2.436,0.06,1.0
2014-08-28,2.365,2.4250000000000003,0.06,1.0
2014-08-29,2.387,2.447,0.06,1.0
2014-09-01,2.401,2.461,0.06,1.0
2014-09-02,2.437,2.497,0.06,1.0
2014-09-03,2.457,2.517,0.06,1.0
2014-09-04,2.48,2.54,0.06,1.0
2014-09-05,2.5,2.56,0.06,1.0
2014-09-09,2.494,2.5540000000000003,0.06,1.0
2014-09-10,2.482,2.5420000000000003,0.06,1.0
2014-09-11,2.472,2.532,0.06,1.0
2014-09-12,2.491,2.551,0.06,1.0
2014-09-15,2.483,2.543,0.06,1.0
2014-09-16,2.44,2.5,0.06,1.0
2014-09-17,2.448,2.508,0.06,1.0
2014-09-18,2.456,2.516,0.06,1.0
2014-09-19,2.476,2.536,0.06,1.0
2014-09-22,2.428,2.488,0.06,1.0
2014-09-23,2.452,2.512,0.06,1.0
2014-09-24,2.499,2.559,0.06,1.0
2014-09-25,2.488,2.548,0.06,1.0
2014-09-26,2.488,2.548,0.06,1.0
2014-09-29,2.501,2.561,0.06,1.0
2014-09-30,2.502,2.562,0.06,1.0
2014-10-08,2.529,2.589,0.06,1.0
2014-10-09,2.53,2.59,0.06,1.0
2014-10-10,2.518,2.578,0.06,1.0
2014-10-13,2.509,2.569,0.06,1.0
2014-10-14,2.498,2.5580000000000003,0.06,1.0
2014-10-15,2.512,2.572,0.06,1.0
2014-10-16,2.502,2.562,0.06,1.0
2014-10-17,2.492,2.552,0.06,1.0
2014-10-20,2.504,2.564,0.06,1.0
2014-10-21,2.488,2.548,0.06,1.0
2014-10-22,2.475,2.535,0.06,1.0
2014-10-23,2.449,2.509,0.06,1.0
2014-10-24,2.445,2.505,0.06,1.0
2014-10-27,2.424,2.484,0.06,1.0
2014-10-28,2.469,2.529,0.06,1.0
2014-10-29,2.504,2.564,0.06,1.0
2014-10-30,2.517,2.577,0.06,1.0
2014-10-31,2.566,2.626,0.06,1.0
2014-11-03,2.562,2.622,0.06,1.0
2014-11-04,2.563,2.623,0.06,1.0
2014-11-05,2.563,2.623,0.06,1.0
2014-11-06,2.562,2.622,0.06,1.0
2014-11-07,2.555,2.615,0.06,1.0
2014-11-10,2.617,2.677,0.06,1.0
2014-11-11,2.617,2.677,0.06,1.0
2014-11-12,2.647,2.707,0.06,1.0
2014-11-13,2.653,2.713,0.06,1.0
2014-11-14,2.637,2.697,0.06,1.0
2014-11-17,2.621,2.681,0.06,1.0
2014-11-18,2.596,2.656,0.06,1.0
2014-11-19,2.591,2.6510000000000002,0.06,1.0
2014-11-20,2.591,2.6510000000000002,0.06,1.0
2014-11-21,2.643,2.703,0.06,1.0
2014-11-24,2.704,2.7640000000000002,0.06,1.0
2014-11-25,2.74,2.8000000000000003,0.06,1.0
2014-11-26,2.777,2.837,0.06,1.0
2014-11-27,2.81,2.87,0.06,1.0
2014-11-28,2.846,2.926,0.08,1.0
2014-12-01,2.857,2.9370000000000003,0.08,1.0
2014-12-02,2.964,3.044,0.08,1.0
2014-12-03,3.0,3.08,0.08,1.0
2014-12-04,3.15,3.23,0.08,1.0
2014-12-05,3.158,3.238,0.08,1.0
2014-12-08,3.312,3.392,0.08,1.0
2014-12-09,3.1,3.18,0.08,1.0
2014-12-10,3.245,3.325,0.08,1.0
2014-12-11,3.202,3.282,0.08,1.0
2014-12-12,3.206,3.286,0.08,1.0
2014-12-15,3.244,3.3240000000000003,0.08,1.0
2014-12-16,3.319,3.399,0.08,1.0
2014-12-17,3.36,3.44,0.08,1.0
2014-12-18,3.351,3.431,0.08,1.0
2014-12-19,3.407,3.487,0.08,1.0
2014-12-22,3.404,3.484,0.08,1.0
2014-12-23,3.308,3.388,0.08,1.0
2014-12-24,3.228,3.3080000000000003,0.08,1.0
2014-12-25,3.337,3.4170000000000003,0.08,1.0
2014-12-26,3.473,3.553,0.08,1.0
2014-12-29,3.45,3.5300000000000002,0.08,1.0
2014-12-30,3.459,3.539,0.08,1.0
2014-12-31,3.544,3.624,0.08,1.0
2015-01-05,3.626,3.706,0.08,1.0
2015-01-06,3.622,3.702,0.08,1.0
2015-01-07,3.63,3.71,0.08,1.0
2015-01-08,3.55,3.63,0.08,1.0
2015-01-09,3.525,3.605,0.08,1.0
2015-01-12,3.525,3.605,0.08,1.0
2015-01-13,3.52,3.6,0.08,1.0
2015-01-14,3.514,3.594,0.08,1.0
2015-01-15,3.612,3.692,0.08,1.0
2015-01-16,3.645,3.725,0.08,1.0
2015-01-19,3.281,3.361,0.08,1.0
2015-01-20,3.406,3.486,0.08,1.0
2015-01-21,3.568,3.648,0.08,1.0
2015-01-22,3.579,3.6590000000000003,0.08,1.0
2015-01-23,3.6,3.68,0.08,1.0
2015-01-26,3.625,3.705,0.08,1.0
2015-01-27,3.592,3.672,0.08,1.0
2015-01-28,3.536,3.616,0.08,1.0
2015-01-29,3.499,3.579,0.08,1.0
2015-01-30,3.46,3.54,0.08,1.0
2015-02-02,3.373,3.4530000000000003,0.08,1.0
2015-02-03,3.449,3.529,0.08,1.0
2015-02-04,3.412,3.492,0.08,1.0
2015-02-05,3.393,3.473,0.08,1.0
2015-02-06,3.325,3.4050000000000002,0.08,1.0
2015-02-09,3.354,3.434,0.08,1.0
2015-02-10,3.425,3.505,0.08,1.0
2015-02-11,3.451,3.531,0.08,1.0
2015-02-12,3.464,3.544,0.08,1.0
2015-02-13,3.485,3.565,0.08,1.0
2015-02-16,3.516,3.596,0.08,1.0
2015-02-17,3.546,3.626,0.08,1.0
2015-02-25,3.494,3.5740000000000003,0.08,1.0
2015-02-26,3.589,3.669,0.08,1.0
2015-02-27,3.587,3.6670000000000003,0.08,1.0
2015-03-02,3.617,3.697,0.08,1.0
2015-03-03,3.52,3.6,0.08,1.0
2015-03-04,3.544,3.624,0.08,1.0
2015-03-05,3.508,3.588,0.08,1.0
2015-03-06,3.497,3.577,0.08,1.0
2015-03-09,3.559,3.6390000000000002,0.08,1.0
2015-03-10,3.538,3.618,0.08,1.0
2015-03-11,3.548,3.628,0.08,1.0
2015-03-12,3.606,3.686,0.08,1.0
2015-03-13,3.63,3.71,0.08,1.0
2015-03-16,3.727,3.807,0.08,1.0
2015-03-17,3.768,3.848,0.08,1.0
2015-03-18,3.872,3.952,0.08,1.0
2015-03-19,3.85,3.93,0.08,1.0
2015-03-20,3.907,3.987,0.08,1.0
2015-03-23,3.985,4.0649999999999995,0.08,1.0
2015-03-24,3.976,4.056,0.08,1.0
2015-03-25,3.954,4.034,0.08,1.0
2015-03-26,3.961,4.0409999999999995,0.08,1.0
2015-03-27,3.99,4.07,0.08,1.0
2015-03-30,4.118,4.198,0.08,1.0
2015-03-31,4.066,4.146,0.08,1.0
2015-04-01,4.137,4.217,0.08,1.0
2015-04-02,4.136,4.216,0.08,1.0
2015-04-03,4.201,4.281,0.08,1.0
2015-04-07,4.27,4.35,0.08,1.0
2015-04-08,4.298,4.378,0.08,1.0
2015-04-09,4.267,4.347,0.08,1.0
2015-04-10,4.381,4.461,0.08,1.0
2015-04-13,4.436,4.516,0.08,1.0
2015-04-14,4.455,4.535,0.08,1.0
2015-04-15,4.418,4.498,0.08,1.0
2015-04-16,4.574,4.654,0.08,1.0
2015-04-17,4.616,4.696,0.08,1.0
2015-04-20,4.535,4.615,0.08,1.0
2015-04-21,4.616,4.696,0.08,1.0
2015-04-22,4.748,4.828,0.08,1.0
2015-04-23,4.757,4.837,0.08,1.0
2015-04-24,4.737,4.817,0.08,1.0
2015-04-27,4.826,4.906,0.08,1.0
2015-04-28,4.774,4.854,0.08,1.0
2015-04-29,4.795,4.875,0.08,1.0
2015-04-30,4.779,4.859,0.08,1.0
2015-05-04,4.809,4.889,0.08,1.0
2015-05-05,4.65,4.73,0.08,1.0
2015-05-06,4.581,4.6610000000000005,0.08,1.0
2015-05-07,4.502,4.582,0.08,1.0
2015-05-08,4.57,4.65,0.08,1.0
2015-05-11,4.701,4.781,0.08,1.0
2015-05-12,4.772,4.852,0.08,1.0
2015-05-13,4.733,4.813,0.08,1.0
2015-05-14,4.713,4.793,0.08,1.0
2015-05-15,4.631,4.711,0.08,1.0
2015-05-18,4.6,4.68,0.08,1.0
2015-05-19,4.79,4.87,0.08,1.0
2015-05-20,4.781,4.861,0.08,1.0
2015-05-21,4.888,4.968,0.08,1.0
2015-05-22,4.992,5.072,0.08,1.0
2015-05-25,5.158,5.238,0.08,1.0
2015-05-26,5.224,5.304,0.08,1.0
2015-05-27,5.215,5.295,0.08,1.0
2015-05-28,4.9,4.98,0.08,1.0
2015-05-29,4.864,4.944,0.08,1.0
2015-06-01,5.139,5.219,0.08,1.0
2015-06-02,5.199,5.279,0.08,1.0
2015-06-03,5.161,5.241,0.08,1.0
2015-06-04,5.227,5.307,0.08,1.0
2015-06-05,5.261,5.341,0.08,1.0
2015-06-08,5.359,5.439,0.08,1.0
2015-06-09,5.387,5.467,0.08,1.0
2015-06-10,5.347,5.4270000000000005,0.08,1.0
2015-06-11,5.352,5.432,0.08,1.0
2015-06-12,5.37,5.45,0.08,1.0
2015-06-15,5.273,5.353,0.08,1.0
2015-06-16,5.122,5.202,0.08,1.0
2015-06-17,5.191,5.271,0.08,1.0
2015-06-18,4.997,5.077,0.08,1.0
2015-06-19,4.701,4.781,0.08,1.0
2015-06-23,4.805,4.885,0.08,1.0
2015-06-24,4.911,4.991,0.08,1.0
2015-06-25,4.741,4.821,0.08,1.0
2015-06-26,4.346,4.426,0.08,1.0
2015-06-29,4.242,4.322,0.08,1.0
2015-06-30,4.55,4.63,0.08,1.0
2015-07-01,4.3,4.38,0.08,1.0
2015-07-02,4.218,4.298,0.08,1.0
2015-07-03,3.965,4.045,0.08,1.0
2015-07-06,4.061,4.141,0.08,1.0
2015-07-07,3.988,4.068,0.08,1.0
2015-07-08,3.589,3.669,0.08,1.0
2015-07-09,3.948,4.028,0.08,1.0
2015-07-10,4.289,4.369,0.08,1.0
2015-07-13,4.276,4.356,0.08,1.0
2015-07-14,4.181,4.261,0.08,1.0
2015-07-15,3.964,4.044,0.08,1.0
2015-07-16,4.057,4.1370000000000005,0.08,1.0
2015-07-17,4.223,4.303,0.08,1.0
2015-07-20,4.246,4.3260000000000005,0.08,1.0
2015-07-21,4.209,4.289,0.08,1.0
2015-07-22,4.206,4.2860000000000005,0.08,1.0
2015-07-23,4.323,4.4030000000000005,0.08,1.0
2015-07-24,4.266,4.346,0.08,1.0
2015-07-27,3.901,3.981,0.08,1.0
2015-07-28,3.892,3.972,0.08,1.0
2015-07-29,4.0,4.08,0.08,1.0
2015-07-30,3.934,4.014,0.08,1.0
2015-07-31,3.862,3.942,0.08,1.0
2015-08-03,3.883,3.963,0.08,1.0
2015-08-04,4.017,4.097,0.08,1.0
2015-08-05,3.932,4.012,0.08,1.0
2015-08-06,3.929,4.0089999999999995,0.08,1.0
2015-08-07,3.982,4.062,0.08,1.0
2015-08-10,4.162,4.242,0.08,1.0
2015-08-11,4.167,4.247,0.08,1.0
2015-08-12,4.11,4.19,0.08,1.0
2015-08-13,4.148,4.228,0.08,1.0
2015-08-14,4.151,4.231,0.08,1.0
2015-08-17,4.152,4.232,0.08,1.0
2015-08-18,3.901,3.981,0.08,1.0
2015-08-19,3.95,4.03,0.08,1.0
2015-08-20,3.851,3.931,0.08,1.0
2015-08-21,3.655,3.735,0.08,1.0
2015-08-24,3.29,3.37,0.08,1.0
2015-08-25,3.01,3.09,0.08,1.0
2015-08-26,3.097,3.177,0.08,1.0
2015-08-27,3.204,3.2840000000000003,0.08,1.0
2015-08-28,3.311,3.391,0.08,1.0
2015-08-31,3.369,3.4490000000000003,0.08,1.0
2015-09-01,3.371,3.451,0.08,1.0
2015-09-02,3.37,3.45,0.08,1.0
2015-09-07,3.271,3.351,0.08,1.0
2015-09-08,3.4,3.48,0.08,1.0
2015-09-09,3.456,3.536,0.08,1.0
2015-09-10,3.425,3.505,0.08,1.0
2015-09-11,3.406,3.486,0.08,1.0
2015-09-14,3.29,3.37,0.08,1.0
2015-09-15,3.179,3.259,0.08,1.0
2015-09-16,3.375,3.455,0.08,1.0
2015-09-17,3.271,3.351,0.08,1.0
2015-09-18,3.31,3.39,0.08,1.0
2015-09-21,3.355,3.435,0.08,1.0
2015-09-22,3.388,3.468,0.08,1.0
2015-09-23,3.313,3.3930000000000002,0.08,1.0
2015-09-24,3.33,3.41,0.08,1.0
2015-09-25,3.27,3.35,0.08,1.0
2015-09-28,3.267,3.347,0.08,1.0
2015-09-29,3.2,3.2800000000000002,0.08,1.0
2015-09-30,3.233,3.313,0.08,1.0
2015-10-08,3.302,3.382,0.08,1.0
2015-10-09,3.383,3.463,0.08,1.0
2015-10-12,3.511,3.591,0.08,1.0
2015-10-13,3.519,3.599,0.08,1.0
2015-10-14,3.474,3.5540000000000003,0.08,1.0
2015-10-15,3.576,3.656,0.08,1.0
2015-10-16,3.607,3.6870000000000003,0.08,1.0
2015-10-19,3.602,3.682,0.08,1.0
2015-10-20,3.628,3.708,0.08,1.0
2015-10-21,3.55,3.63,0.08,1.0
2015-10-22,3.59,3.67,0.08,1.0
2015-10-23,3.654,3.734,0.08,1.0
2015-10-26,3.678,3.758,0.08,1.0
2015-10-27,3.66,3.74,0.08,1.0
2015-10-28,3.599,3.6790000000000003,0.08,1.0
2015-10-29,3.606,3.686,0.08,1.0
2015-10-30,3.619,3.6990000000000003,0.08,1.0
2015-11-02,3.571,3.6510000000000002,0.08,1.0
2015-11-03,3.548,3.628,0.08,1.0
2015-11-04,3.735,3.815,0.08,1.0
2015-11-05,3.804,3.884,0.08,1.0
2015-11-06,3.895,3.975,0.08,1.0
2015-11-09,3.953,4.0329999999999995,0.08,1.0
2015-11-10,3.935,4.015,0.08,1.0
2015-11-11,3.93,4.01,0.08,1.0
2015-11-12,3.9,3.98,0.08,1.0
2015-11-13,3.867,3.947,0.08,1.0
2015-11-16,3.87,3.95,0.08,1.0
2015-11-17,3.85,3.93,0.08,1.0
2015-11-18,3.813,3.8930000000000002,0.08,1.0
2015-11-19,3.87,3.95,0.08,1.0
2015-11-20,3.895,3.975,0.08,1.0
2015-11-23,3.863,3.943,0.08,1.0
2015-11-24,3.843,3.923,0.08,1.0
2015-11-25,3.884,3.964,0.08,1.0
2015-11-26,3.879,3.959,0.08,1.0
2015-11-27,3.706,3.786,0.08,1.0
2015-11-30,3.682,3.762,0.08,1.0
2015-12-01,3.71,3.79,0.08,1.0
2015-12-02,3.825,3.9050000000000002,0.08,1.0
2015-12-03,3.845,3.9250000000000003,0.08,1.0
2015-12-04,3.786,3.866,0.08,1.0
2015-12-07,3.798,3.878,0.08,1.0
2015-12-08,3.723,3.803,0.08,1.0
2015-12-09,3.735,3.815,0.08,1.0
2015-12-10,3.73,3.81,0.08,1.0
2015-12-11,3.71,3.79,0.08,1.0
2015-12-14,3.82,3.9,0.08,1.0
2015-12-15,3.816,3.896,0.08,1.0
2015-12-16,3.786,3.866,0.08,1.0
2015-12-17,3.861,3.9410000000000003,0.08,1.0
2015-12-18,3.878,3.958,0.08,1.0
2015-12-21,3.975,4.055,0.08,1.0
2015-12-22,3.993,4.0729999999999995,0.08,1.0
2015-12-23,3.998,4.078,0.08,1.0
2015-12-24,3.983,4.063,0.08,1.0
2015-12-25,3.97,4.05,0.08,1.0
2015-12-28,3.861,3.9410000000000003,0.08,1.0
2015-12-29,3.891,3.971,0.08,1.0
2015-12-30,3.883,3.963,0.08,1.0
2015-12-31,3.859,3.939,0.08,1.0
2016-01-04,3.632,3.712,0.08,1.0
2016-01-05,3.586,3.666,0.08,1.0
2016-01-06,3.645,3.725,0.08,1.0
2016-01-07,3.449,3.529,0.08,1.0
2016-01-08,3.487,3.567,0.08,1.0
2016-01-11,3.312,3.392,0.08,1.0
2016-01-12,3.33,3.41,0.08,1.0
2016-01-13,3.27,3.35,0.08,1.0
2016-01-14,3.335,3.415,0.08,1.0
2016-01-15,3.234,3.314,0.08,1.0
2016-01-18,3.23,3.31,0.08,1.0
2016-01-19,3.333,3.4130000000000003,0.08,1.0
2016-01-20,3.289,3.369,0.08,1.0
2016-01-21,3.183,3.263,0.08,1.0
2016-01-22,3.212,3.2920000000000003,0.08,1.0
2016-01-25,3.22,3.3000000000000003,0.08,1.0
2016-01-26,3.057,3.137,0.08,1.0
2016-01-27,3.02,3.1,0.08,1.0
2016-01-28,2.961,3.041,0.08,1.0
2016-01-29,3.038,3.118,0.08,1.0
2016-02-01,3.003,3.083,0.08,1.0
2016-02-02,3.066,3.146,0.08,1.0
2016-02-03,3.045,3.125,0.08,1.0
2016-02-04,3.086,3.166,0.08,1.0
2016-02-05,3.068,3.148,0.08,1.0
2016-02-15,3.045,3.125,0.08,1.0
2016-02-16,3.132,3.212,0.08,1.0
2016-02-17,3.158,3.238,0.08,1.0
2016-02-18,3.152,3.232,0.08,1.0
2016-02-19,3.151,3.231,0.08,1.0
2016-02-22,3.219,3.299,0.08,1.0
2016-02-23,3.2,3.2800000000000002,0.08,1.0
2016-02-24,3.212,3.2920000000000003,0.08,1.0
2016-02-25,3.047,3.1270000000000002,0.08,1.0
2016-02-26,3.05,3.13,0.08,1.0
2016-02-29,2.968,3.048,0.08,1.0
2016-03-01,3.02,3.1,0.08,1.0
2016-03-02,3.149,3.229,0.08,1.0
2016-03-03,3.151,3.231,0.08,1.0
2016-03-04,3.205,3.285,0.08,1.0
2016-03-07,3.21,3.29,0.08,1.0
2016-03-08,3.206,3.286,0.08,1.0
2016-03-09,3.169,3.249,0.08,1.0
2016-03-10,3.135,3.215,0.08,1.0
2016-03-11,3.131,3.211,0.08,1.0
2016-03-14,3.172,3.2520000000000002,0.08,1.0
2016-03-15,3.18,3.2600000000000002,0.08,1.0
2016-03-16,3.194,3.274,0.08,1.0
2016-03-17,3.226,3.306,0.08,1.0
2016-03-18,3.289,3.369,0.08,1.0
2016-03-21,3.369,3.4490000000000003,0.08,1.0
2016-03-22,3.34,3.42,0.08,1.0
2016-03-23,3.353,3.4330000000000003,0.08,1.0
2016-03-24,3.3,3.38,0.08,1.0
2016-03-25,3.31,3.39,0.08,1.0
2016-03-28,3.292,3.372,0.08,1.0
2016-03-29,3.252,3.332,0.08,1.0
2016-03-30,3.33,3.41,0.08,1.0
2016-03-31,3.328,3.408,0.08,1.0
2016-04-01,3.339,3.419,0.08,1.0
2016-04-05,3.389,3.469,0.08,1.0
2016-04-06,3.37,3.45,0.08,1.0
2016-04-07,3.33,3.41,0.08,1.0
2016-04-08,3.308,3.388,0.08,1.0
2016-04-11,3.351,3.431,0.08,1.0
2016-04-12,3.336,3.416,0.08,1.0
2016-04-13,3.387,3.467,0.08,1.0
2016-04-14,3.387,3.467,0.08,1.0
2016-04-15,3.381,3.461,0.08,1.0
2016-04-18,3.353,3.4330000000000003,0.08,1.0
2016-04-19,3.352,3.432,0.08,1.0
2016-04-20,3.293,3.373,0.08,1.0
2016-04-21,3.275,3.355,0.08,1.0
2016-04-22,3.29,3.37,0.08,1.0
2016-04-25,3.286,3.366,0.08,1.0
2016-04-26,3.295,3.375,0.08,1.0
2016-04-27,3.281,3.361,0.08,1.0
2016-04-28,3.276,3.356,0.08,1.0
2016-04-29,3.282,3.362,0.08,1.0
2016-05-03,3.335,3.415,0.08,1.0
2016-05-04,3.337,3.4170000000000003,0.08,1.0
2016-05-05,3.338,3.418,0.08,1.0
2016-05-06,3.26,3.34,0.08,1.0
2016-05-09,3.201,3.281,0.08,1.0
2016-05-10,3.19,3.27,0.08,1.0
2016-05-11,3.205,3.285,0.08,1.0
2016-05-12,3.205,3.285,0.08,1.0
2016-05-13,3.194,3.274,0.08,1.0
2016-05-16,3.208,3.2880000000000003,0.08,1.0
2016-05-17,3.208,3.2880000000000003,0.08,1.0
2016-05-18,3.186,3.266,0.08,1.0
2016-05-19,3.186,3.266,0.08,1.0
2016-05-20,3.195,3.275,0.08,1.0
2016-05-23,3.205,3.285,0.08,1.0
2016-05-24,3.181,3.261,0.08,1.0
2016-05-25,3.189,3.269,0.08,1.0
2016-05-26,3.19,3.27,0.08,1.0
2016-05-27,3.188,3.2680000000000002,0.08,1.0
2016-05-30,3.195,3.275,0.08,1.0
2016-05-31,3.303,3.383,0.08,1.0
2016-06-01,3.295,3.375,0.08,1.0
2016-06-02,3.293,3.373,0.08,1.0
2016-06-03,3.325,3.4050000000000002,0.08,1.0
2016-06-06,3.309,3.3890000000000002,0.08,1.0
2016-06-07,3.305,3.3850000000000002,0.08,1.0
2016-06-08,3.3,3.38,0.08,1.0
2016-06-13,3.2,3.2800000000000002,0.08,1.0
2016-06-14,3.21,3.29,0.08,1.0
2016-06-15,3.252,3.332,0.08,1.0
2016-06-16,3.236,3.3160000000000003,0.08,1.0
2016-06-17,3.24,3.3200000000000003,0.08,1.0
2016-06-20,3.244,3.3240000000000003,0.08,1.0
2016-06-21,3.226,3.306,0.08,1.0
2016-06-22,3.258,3.338,0.08,1.0
2016-06-23,3.246,3.326,0.08,1.0
2016-06-24,3.22,3.3000000000000003,0.08,1.0
2016-06-27,3.25,3.33,0.08,1.0
2016-06-28,3.276,3.356,0.08,1.0
2016-06-29,3.289,3.369,0.08,1.0
2016-06-30,3.289,3.369,0.08,1.0
2016-07-01,3.296,3.376,0.08,1.0
2016-07-04,3.356,3.436,0.08,1.0
2016-07-05,3.354,3.434,0.08,1.0
2016-07-06,3.361,3.4410000000000003,0.08,1.0
2016-07-07,3.365,3.4450000000000003,0.08,1.0
2016-07-08,3.358,3.438,0.08,1.0
2016-07-11,3.378,3.458,0.08,1.0
2016-07-12,3.447,3.527,0.08,1.0
2016-07-13,3.46,3.54,0.08,1.0
2016-07-14,3.452,3.532,0.08,1.0
2016-07-15,3.466,3.5460000000000003,0.08,1.0
2016-07-18,3.45,3.5300000000000002,0.08,1.0
2016-07-19,3.425,3.505,0.08,1.0
2016-07-20,3.421,3.501,0.08,1.0
2016-07-21,3.44,3.52,0.08,1.0
2016-07-22,3.406,3.486,0.08,1.0
2016-07-25,3.41,3.49,0.08,1.0
2016-07-26,3.46,3.54,0.08,1.0
2016-07-27,3.395,3.475,0.08,1.0
2016-07-28,3.409,3.489,0.08,1.0
2016-07-29,3.397,3.477,0.08,1.0
2016-08-01,3.362,3.442,0.08,1.0
2016-08-02,3.367,3.447,0.08,1.0
2016-08-03,3.438,3.5180000000000002,0.08,1.0
2016-08-04,3.386,3.466,0.08,1.0
2016-08-05,3.414,3.494,0.08,1.0
2016-08-08,3.425,3.505,0.08,1.0
2016-08-09,3.444,3.524,0.08,1.0
2016-08-10,3.429,3.509,0.08,1.0
2016-08-11,3.421,3.501,0.08,1.0
2016-08-12,3.49,3.5700000000000003,0.08,1.0
2016-08-15,3.593,3.673,0.08,1.0
2016-08-16,3.59,3.67,0.08,1.0
2016-08-17,3.571,3.6510000000000002,0.08,1.0
2016-08-18,3.565,3.645,0.08,1.0
2016-08-19,3.566,3.646,0.08,1.0
2016-08-22,3.543,3.623,0.08,1.0
2016-08-23,3.538,3.618,0.08,1.0
2016-08-24,3.543,3.623,0.08,1.0
2016-08-25,3.516,3.596,0.08,1.0
2016-08-26,3.534,3.614,0.08,1.0
2016-08-29,3.515,3.595,0.08,1.0
2016-08-30,3.518,3.598,0.08,1.0
2016-08-31,3.53,3.61,0.08,1.0
2016-09-01,3.506,3.586,0.08,1.0
2016-09-02,3.524,3.604,0.08,1.0
2016-09-05,3.526,3.606,0.08,1.0
2016-09-06,3.551,3.6310000000000002,0.08,1.0
2016-09-07,3.551,3.6310000000000002,0.08,1.0
2016-09-08,3.548,3.628,0.08,1.0
2016-09-09,3.529,3.609,0.08,1.0
2016-09-12,3.471,3.551,0.08,1.0
2016-09-13,3.461,3.541,0.08,1.0
2016-09-14,3.445,3.525,0.08,1.0
2016-09-19,3.469,3.549,0.08,1.0
2016-09-20,3.461,3.541,0.08,1.0
2016-09-21,3.47,3.5500000000000003,0.08,1.0
2016-09-22,3.501,3.581,0.08,1.0
2016-09-23,3.485,3.565,0.08,1.0
2016-09-26,3.428,3.508,0.08,1.0
2016-09-27,3.45,3.5300000000000002,0.08,1.0
2016-09-28,3.439,3.519,0.08,1.0
2016-09-29,3.451,3.531,0.08,1.0
2016-09-30,3.465,3.545,0.08,1.0
2016-10-10,3.502,3.582,0.08,1.0
2016-10-11,3.518,3.598,0.08,1.0
2016-10-12,3.519,3.599,0.08,1.0
2016-10-13,3.512,3.592,0.08,1.0
2016-10-14,3.517,3.597,0.08,1.0
2016-10-17,3.487,3.567,0.08,1.0
2016-10-18,3.534,3.614,0.08,1.0
2016-10-19,3.523,3.603,0.08,1.0
2016-10-20,3.529,3.609,0.08,1.0
2016-10-21,3.541,3.621,0.08,1.0
2016-10-24,3.581,3.661,0.08,1.0
2016-10-25,3.581,3.661,0.08,1.0
2016-10-26,3.567,3.6470000000000002,0.08,1.0
2016-10-27,3.562,3.642,0.08,1.0
2016-10-28,3.551,3.6310000000000002,0.08,1.0
2016-10-31,3.55,3.63,0.08,1.0
2016-11-01,3.571,3.6510000000000002,0.08,1.0
2016-11-02,3.546,3.626,0.08,1.0
2016-11-03,3.581,3.661,0.08,1.0
2016-11-04,3.567,3.6470000000000002,0.08,1.0
2016-11-07,3.57,3.65,0.08,1.0
2016-11-08,3.589,3.669,0.08,1.0
2016-11-09,3.571,3.6510000000000002,0.08,1.0
2016-11-10,3.607,3.6870000000000003,0.08,1.0
2016-11-11,3.633,3.713,0.08,1.0
2016-11-14,3.647,3.727,0.08,1.0
2016-11-15,3.646,3.726,0.08,1.0
2016-11-16,3.644,3.724,0.08,1.0
2016-11-17,3.652,3.732,0.08,1.0
2016-11-18,3.636,3.716,0.08,1.0
2016-11-21,3.661,3.741,0.08,1.0
2016-11-22,3.686,3.766,0.08,1.0
2016-11-23,3.702,3.782,0.08,1.0
2016-11-24,3.71,3.79,0.08,1.0
2016-11-25,3.755,3.835,0.08,1.0
2016-11-28,3.758,3.838,0.08,1.0
2016-11-29,3.792,3.872,0.08,1.0
2016-11-30,3.765,3.845,0.08,1.0
2016-12-01,3.805,3.8850000000000002,0.08,1.0
2016-12-02,3.759,3.839,0.08,1.0
2016-12-05,3.69,3.77,0.08,1.0
2016-12-06,3.681,3.761,0.08,1.0
2016-12-07,3.71,3.79,0.08,1.0
2016-12-08,3.701,3.781,0.08,1.0
2016-12-09,3.719,3.799,0.08,1.0
2016-12-12,3.629,3.709,0.08,1.0
2016-12-13,3.629,3.709,0.08,1.0
2016-12-14,3.6,3.68,0.08,1.0
2016-12-15,3.561,3.641,0.08,1.0
2016-12-16,3.565,3.645,0.08,1.0
2016-12-19,3.557,3.637,0.08,1.0
2016-12-20,3.526,3.606,0.08,1.0
2016-12-21,3.556,3.636,0.08,1.0
2016-12-22,3.554,3.634,0.08,1.0
2016-12-23,3.517,3.597,0.08,1.0
2016-12-26,3.539,3.619,0.08,1.0
2016-12-27,3.535,3.615,0.08,1.0
2016-12-28,3.515,3.595,0.08,1.0
2016-12-29,3.53,3.61,0.08,1.0
2016-12-30,3.522,3.602,0.08,1.0
2017-01-03,3.559,3.6390000000000002,0.08,1.0
2017-01-04,3.582,3.662,0.08,1.0
2017-01-05,3.59,3.67,0.08,1.0
2017-01-06,3.57,3.65,0.08,1.0
2017-01-09,3.583,3.6630000000000003,0.08,1.0
2017-01-10,3.583,3.6630000000000003,0.08,1.0
2017-01-11,3.56,3.64,0.08,1.0
2017-01-12,3.54,3.62,0.08,1.0
2017-01-13,3.533,3.613,0.08,1.0
2017-01-16,3.537,3.617,0.08,1.0
2017-01-17,3.538,3.618,0.08,1.0
2017-01-18,3.55,3.63,0.08,1.0
2017-01-19,3.55,3.63,0.08,1.0
2017-01-20,3.568,3.648,0.08,1.0
2017-01-23,3.585,3.665,0.08,1.0
2017-01-24,3.586,3.666,0.08,1.0
2017-01-25,3.592,3.672,0.08,1.0
2017-01-26,3.61,3.69,0.08,1.0
2017-02-03,3.587,3.6670000000000003,0.08,1.0
2017-02-06,3.595,3.6750000000000003,0.08,1.0
2017-02-07,3.578,3.658,0.08,1.0
2017-02-08,3.597,3.677,0.08,1.0
2017-02-09,3.615,3.6950000000000003,0.08,1.0
2017-02-10,3.637,3.717,0.08,1.0
2017-02-13,3.657,3.737,0.08,1.0
2017-02-14,3.653,3.733,0.08,1.0
2017-02-15,3.64,3.72,0.08,1.0
2017-02-16,3.66,3.74,0.08,1.0
2017-02-17,3.649,3.729,0.08,1.0
2017-02-20,3.701,3.781,0.08,1.0
2017-02-21,3.708,3.7880000000000003,0.08,1.0
2017-02-22,3.716,3.7960000000000003,0.08,1.0
2017-02-23,3.693,3.773,0.08,1.0
2017-02-24,3.697,3.777,0.08,1.0
2017-02-27,3.675,3.755,0.08,1.0
2017-02-28,3.68,3.7600000000000002,0.08,1.0
2017-03-01,3.677,3.757,0.08,1.0
2017-03-02,3.665,3.745,0.08,1.0
2017-03-03,3.652,3.732,0.08,1.0
2017-03-06,3.675,3.755,0.08,1.0
2017-03-07,3.675,3.755,0.08,1.0
2017-03-08,3.673,3.753,0.08,1.0
2017-03-09,3.648,3.728,0.08,1.0
2017-03-10,3.647,3.727,0.08,1.0
2017-03-13,3.681,3.761,0.08,1.0
2017-03-14,3.675,3.755,0.08,1.0
2017-03-15,3.688,3.7680000000000002,0.08,1.0
2017-03-16,3.71,3.79,0.08,1.0
2017-03-17,3.665,3.745,0.08,1.0
2017-03-20,3.668,3.748,0.08,1.0
2017-03-21,3.686,3.766,0.08,1.0
2017-03-22,3.678,3.758,0.08,1.0
2017-03-23,3.686,3.766,0.08,1.0
2017-03-24,3.71,3.79,0.08,1.0
2017-03-27,3.705,3.785,0.08,1.0
2017-03-28,3.7,3.7800000000000002,0.08,1.0
2017-03-29,3.697,3.777,0.08,1.0
2017-03-30,3.662,3.742,0.08,1.0
2017-03-31,3.681,3.761,0.08,1.0
2017-04-05,3.732,3.8120000000000003,0.08,1.0
2017-04-06,3.742,3.822,0.08,1.0
2017-04-07,3.745,3.825,0.08,1.0
2017-04-10,3.734,3.814,0.08,1.0
2017-04-11,3.748,3.8280000000000003,0.08,1.0
2017-04-12,3.736,3.8160000000000003,0.08,1.0
2017-04-13,3.745,3.825,0.08,1.0
2017-04-14,3.726,3.806,0.08,1.0
2017-04-17,3.714,3.794,0.08,1.0
2017-04-18,3.698,3.778,0.08,1.0
2017-04-19,3.673,3.753,0.08,1.0
2017-04-20,3.694,3.774,0.08,1.0
2017-04-21,3.696,3.7760000000000002,0.08,1.0
2017-04-24,3.665,3.745,0.08,1.0
2017-04-25,3.668,3.748,0.08,1.0
2017-04-26,3.678,3.758,0.08,1.0
2017-04-27,3.675,3.755,0.08,1.0
2017-04-28,3.662,3.742,0.08,1.0
2017-05-02,3.653,3.733,0.08,1.0
2017-05-03,3.644,3.724,0.08,1.0
2017-05-04,3.626,3.706,0.08,1.0
2017-05-05,3.603,3.6830000000000003,0.08,1.0
2017-05-08,3.578,3.658,0.08,1.0
2017-05-09,3.576,3.656,0.08,1.0
2017-05-10,3.565,3.645,0.08,1.0
2017-05-11,3.579,3.6590000000000003,0.08,1.0
2017-05-12,3.605,3.685,0.08,1.0
2017-05-15,3.637,3.717,0.08,1.0
2017-05-16,3.667,3.747,0.08,1.0
2017-05-17,3.647,3.727,0.08,1.0
2017-05-18,3.63,3.71,0.08,1.0
2017-05-19,3.631,3.711,0.08,1.0
2017-05-22,3.642,3.722,0.08,1.0
2017-05-23,3.655,3.735,0.08,1.0
2017-05-24,3.653,3.733,0.08,1.0
2017-05-25,3.722,3.802,0.08,1.0
2017-05-26,3.716,3.7960000000000003,0.08,1.0
2017-05-31,3.735,3.815,0.08,1.0
2017-06-01,3.736,3.8160000000000003,0.08,1.0
2017-06-02,3.723,3.803,0.08,1.0
2017-06-05,3.706,3.786,0.08,1.0
2017-06-06,3.732,3.8120000000000003,0.08,1.0
2017-06-07,3.775,3.855,0.08,1.0
2017-06-08,3.802,3.882,0.08,1.0
2017-06-09,3.826,3.906,0.08,1.0
2017-06-12,3.823,3.903,0.08,1.0
2017-06-13,3.831,3.911,0.08,1.0
2017-06-14,3.792,3.872,0.08,1.0
2017-06-15,3.784,3.864,0.08,1.0
2017-06-16,3.777,3.857,0.08,1.0
2017-06-19,3.814,3.894,0.08,1.0
2017-06-20,3.81,3.89,0.08,1.0
2017-06-21,3.849,3.9290000000000003,0.08,1.0
2017-06-22,3.858,3.938,0.08,1.0
2017-06-23,3.894,3.974,0.08,1.0
2017-06-26,3.936,4.016,0.08,1.0
2017-06-27,3.944,4.024,0.08,1.0
2017-06-28,3.924,4.004,0.08,1.0
2017-06-29,3.942,4.022,0.08,1.0
2017-06-30,3.94,4.02,0.08,1.0
2017-07-03,3.927,4.007,0.08,1.0
2017-07-04,3.889,3.969,0.08,1.0
2017-07-05,3.934,4.014,0.08,1.0
2017-07-06,3.946,4.026,0.08,1.0
2017-07-07,3.938,4.018,0.08,1.0
2017-07-10,3.938,4.018,0.08,1.0
2017-07-11,3.967,4.047,0.08,1.0
2017-07-12,3.949,4.029,0.08,1.0
2017-07-13,3.984,4.064,0.08,1.0
2017-07-14,4.005,4.085,0.08,1.0
2017-07-17,3.979,4.059,0.08,1.0
2017-07-18,3.962,4.042,0.08,1.0
2017-07-19,4.039,4.119,0.08,1.0
2017-07-20,4.055,4.135,0.08,1.0
2017-07-21,4.033,4.113,0.08,1.0
2017-07-24,4.055,4.135,0.08,1.0
2017-07-25,4.034,4.114,0.08,1.0
2017-07-26,4.01,4.09,0.08,1.0
2017-07-27,4.026,4.106,0.08,1.0
2017-07-28,4.034,4.114,0.08,1.0
2017-07-31,4.048,4.128,0.08,1.0
2017-08-01,4.078,4.158,0.08,1.0
2017-08-02,4.072,4.152,0.08,1.0
2017-08-03,4.036,4.116,0.08,1.0
2017-08-04,4.015,4.095,0.08,1.0
2017-08-07,4.041,4.121,0.08,1.0
2017-08-08,4.039,4.119,0.08,1.0
2017-08-09,4.041,4.121,0.08,1.0
2017-08-10,4.025,4.105,0.08,1.0
2017-08-11,3.963,4.043,0.08,1.0
2017-08-14,4.002,4.082,0.08,1.0
2017-08-15,4.013,4.093,0.08,1.0
2017-08-16,4.009,4.089,0.08,1.0
2017-08-17,4.035,4.115,0.08,1.0
2017-08-18,4.045,4.125,0.08,1.0
2017-08-21,4.054,4.134,0.08,1.0
2017-08-22,4.066,4.146,0.08,1.0
2017-08-23,4.069,4.149,0.08,1.0
2017-08-24,4.055,4.135,0.08,1.0
2017-08-25,4.123,4.203,0.08,1.0
2017-08-28,4.163,4.243,0.08,1.0
2017-08-29,4.157,4.237,0.08,1.0
2017-08-30,4.155,4.235,0.08,1.0
2017-08-31,4.152,4.232,0.08,1.0
2017-09-01,4.163,4.243,0.08,1.0
2017-09-04,4.168,4.248,0.08,1.0
2017-09-05,4.183,4.263,0.08,1.0
2017-09-06,4.178,4.258,0.08,1.0
2017-09-07,4.155,4.235,0.08,1.0
2017-09-08,4.149,4.229,0.08,1.0
2017-09-11,4.157,4.237,0.08,1.0
2017-09-12,4.163,4.243,0.08,1.0
2017-09-13,4.172,4.252,0.08,1.0
2017-09-14,4.157,4.237,0.08,1.0
2017-09-15,4.155,4.235,0.08,1.0
2017-09-18,4.182,4.2620000000000005,0.08,1.0
2017-09-19,4.154,4.234,0.08,1.0
2017-09-20,4.168,4.248,0.08,1.0
2017-09-21,4.163,4.243,0.08,1.0
2017-09-22,4.156,4.236,0.08,1.0
2017-09-25,4.141,4.221,0.08,1.0
2017-09-26,4.139,4.219,0.08,1.0
2017-09-27,4.148,4.228,0.08,1.0
2017-09-28,4.147,4.227,0.08,1.0
2017-09-29,4.183,4.263,0.08,1.0
2017-10-09,4.22,4.3,0.08,1.0
2017-10-10,4.224,4.304,0.08,1.0
2017-10-11,4.234,4.314,0.08,1.0
2017-10-12,4.245,4.325,0.08,1.0
2017-10-13,4.26,4.34,0.08,1.0
2017-10-16,4.25,4.33,0.08,1.0
2017-10-17,4.244,4.324,0.08,1.0
2017-10-18,4.268,4.348,0.08,1.0
2017-10-19,4.26,4.34,0.08,1.0
2017-10-20,4.256,4.336,0.08,1.0
2017-10-23,4.261,4.341,0.08,1.0
2017-10-24,4.289,4.369,0.08,1.0
2017-10-25,4.305,4.385,0.08,1.0
2017-10-26,4.325,4.405,0.08,1.0
2017-10-27,4.357,4.437,0.08,1.0
2017-10-30,4.335,4.415,0.08,1.0
2017-10-31,4.347,4.4270000000000005,0.08,1.0
2017-11-01,4.324,4.404,0.08,1.0
2017-11-02,4.333,4.413,0.08,1.0
2017-11-03,4.33,4.41,0.08,1.0
2017-11-06,4.351,4.431,0.08,1.0
2017-11-07,4.397,4.477,0.08,1.0
2017-11-08,4.384,4.464,0.08,1.0
2017-11-09,4.415,4.495,0.08,1.0
2017-11-10,4.463,4.543,0.08,1.0
2017-11-13,4.474,4.554,0.08,1.0
2017-11-14,4.445,4.525,0.08,1.0
2017-11-15,4.415,4.495,0.08,1.0
2017-11-16,4.452,4.532,0.08,1.0
2017-11-17,4.461,4.541,0.08,1.0
2017-11-20,4.496,4.5760000000000005,0.08,1.0
2017-11-21,4.579,4.659,0.08,1.0
2017-11-22,4.574,4.654,0.08,1.0
2017-11-23,4.442,4.522,0.08,1.0
2017-11-24,4.448,4.5280000000000005,0.08,1.0
2017-11-27,4.372,4.452,0.08,1.0
2017-11-28,4.38,4.46,0.08,1.0
2017-11-29,4.386,4.466,0.08,1.0
2017-11-30,4.343,4.423,0.08,1.0
2017-12-01,4.33,4.41,0.08,1.0
2017-12-04,4.351,4.431,0.08,1.0
2017-12-05,4.379,4.459,0.08,1.0
2017-12-06,4.355,4.4350000000000005,0.08,1.0
2017-12-07,4.316,4.396,0.08,1.0
2017-12-08,4.366,4.446,0.08,1.0
2017-12-11,4.415,4.495,0.08,1.0
2017-12-12,4.351,4.431,0.08,1.0
2017-12-13,4.38,4.46,0.08,1.0
2017-12-14,4.361,4.441,0.08,1.0
2017-12-15,4.316,4.396,0.08,1.0
2017-12-18,4.318,4.398,0.08,1.0
2017-12-19,4.362,4.442,0.08,1.0
2017-12-20,4.355,4.4350000000000005,0.08,1.0
2017-12-21,4.401,4.481,0.08,1.0
2017-12-22,4.383,4.463,0.08,1.0
2017-12-25,4.373,4.453,0.08,1.0
2017-12-26,4.388,4.468,0.08,1.0
2017-12-27,4.316,4.396,0.08,1.0
2017-12-28,4.34,4.42,0.08,1.0
2017-12-29,4.356,4.436,0.08,1.0
2018-01-02,4.421,4.501,0.08,1.0
2018-01-03,4.445,4.525,0.08,1.0
2018-01-04,4.457,4.537,0.08,1.0
2018-01-05,4.488,4.5680000000000005,0.08,1.0
2018-01-08,4.492,4.572,0.08,1.0
2018-01-09,4.533,4.613,0.08,1.0
2018-01-10,4.55,4.63,0.08,1.0
2018-01-11,4.539,4.619,0.08,1.0
2018-01-12,4.573,4.6530000000000005,0.08,1.0
2018-01-15,4.56,4.64,0.08,1.0
2018-01-16,4.595,4.675,0.08,1.0
2018-01-17,4.59,4.67,0.08,1.0
2018-01-18,4.621,4.7010000000000005,0.08,1.0
2018-01-19,4.632,4.712,0.08,1.0
2018-01-22,4.681,4.761,0.08,1.0
2018-01-23,4.743,4.823,0.08,1.0
2018-01-24,4.745,4.825,0.08,1.0
2018-01-25,4.71,4.79,0.08,1.0
2018-01-26,4.745,4.825,0.08,1.0
2018-01-29,4.655,4.735,0.08,1.0
2018-01-30,4.602,4.682,0.08,1.0
2018-01-31,4.635,4.715,0.08,1.0
2018-02-01,4.589,4.6690000000000005,0.08,1.0
2018-02-02,4.628,4.708,0.08,1.0
2018-02-05,4.691,4.771,0.08,1.0
2018-02-06,4.492,4.572,0.08,1.0
2018-02-07,4.39,4.47,0.08,1.0
2018-02-08,4.332,4.412,0.08,1.0
2018-02-09,4.152,4.232,0.08,1.0
2018-02-12,4.23,4.3100000000000005,0.08,1.0
2018-02-13,4.265,4.345,0.08,1.0
2018-02-14,4.291,4.371,0.08,1.0
2018-02-22,4.384,4.464,0.08,1.0
2018-02-23,4.397,4.477,0.08,1.0
2018-02-26,4.443,4.523,0.08,1.0
2018-02-27,4.385,4.465,0.08,1.0
2018-02-28,4.343,4.423,0.08,1.0
2018-03-01,4.37,4.45,0.08,1.0
2018-03-02,4.351,4.431,0.08,1.0
2018-03-05,4.351,4.431,0.08,1.0
2018-03-06,4.394,4.474,0.08,1.0
2018-03-07,4.366,4.446,0.08,1.0
2018-03-08,4.401,4.481,0.08,1.0
2018-03-09,4.443,4.523,0.08,1.0
2018-03-12,4.47,4.55,0.08,1.0
2018-03-13,4.415,4.495,0.08,1.0
2018-03-14,4.396,4.476,0.08,1.0
2018-03-15,4.425,4.505,0.08,1.0
2018-03-16,4.386,4.466,0.08,1.0
2018-03-19,4.395,4.475,0.08,1.0
2018-03-20,4.401,4.481,0.08,1.0
2018-03-21,4.371,4.4510000000000005,0.08,1.0
2018-03-22,4.334,4.414,0.08,1.0
2018-03-23,4.22,4.3,0.08,1.0
2018-03-26,4.192,4.272,0.08,1.0
2018-03-27,4.231,4.311,0.08,1.0
2018-03-28,4.157,4.237,0.08,1.0
2018-03-29,4.217,4.297,0.08,1.0
2018-03-30,4.21,4.29,0.08,1.0
2018-04-02,4.196,4.276,0.08,1.0
2018-04-03,4.18,4.26,0.08,1.0
2018-04-04,4.168,4.248,0.08,1.0
2018-04-09,4.166,4.246,0.08,1.0
2018-04-10,4.244,4.324,0.08,1.0
2018-04-11,4.25,4.33,0.08,1.0
2018-04-12,4.217,4.297,0.08,1.0
2018-04-13,4.189,4.269,0.08,1.0
2018-04-16,4.114,4.194,0.08,1.0
2018-04-17,4.102,4.182,0.08,1.0
2018-04-18,4.06,4.14,0.08,1.0
2018-04-19,4.111,4.191,0.08,1.0
2018-04-20,4.061,4.141,0.08,1.0
2018-04-23,4.06,4.14,0.08,1.0
2018-04-24,4.15,4.23,0.08,1.0
2018-04-25,4.137,4.217,0.08,1.0
2018-04-26,4.054,4.134,0.08,1.0
2018-04-27,4.062,4.142,0.08,1.0
2018-05-02,4.071,4.151,0.08,1.0
2018-05-03,4.102,4.182,0.08,1.0
2018-05-04,4.093,4.173,0.08,1.0
2018-05-07,4.14,4.22,0.08,1.0
2018-05-08,4.19,4.2700000000000005,0.08,1.0
2018-05-09,4.18,4.26,0.08,1.0
2018-05-10,4.207,4.287,0.08,1.0
2018-05-11,4.184,4.264,0.08,1.0
2018-05-14,4.218,4.298,0.08,1.0
2018-05-15,4.24,4.32,0.08,1.0
2018-05-16,4.201,4.281,0.08,1.0
2018-05-17,4.173,4.253,0.08,1.0
2018-05-18,4.219,4.299,0.08,1.0
2018-05-21,4.234,4.314,0.08,1.0
2018-05-22,4.217,4.297,0.08,1.0
2018-05-23,4.168,4.248,0.08,1.0
2018-05-24,4.139,4.219,0.08,1.0
2018-05-25,4.132,4.212,0.08,1.0
2018-05-28,4.159,4.239,0.08,1.0
2018-05-29,4.125,4.205,0.08,1.0
2018-05-30,4.068,4.148,0.08,1.0
2018-05-31,4.108,4.188,0.08,1.0
2018-06-01,4.108,4.188,0.08,1.0
2018-06-04,4.117,4.197,0.08,1.0
2018-06-05,4.163,4.243,0.08,1.0
2018-06-06,4.154,4.234,0.08,1.0
2018-06-07,4.143,4.223,0.08,1.0
2018-06-08,4.095,4.175,0.08,1.0
2018-06-11,4.105,4.1850000000000005,0.08,1.0
2018-06-12,4.158,4.238,0.08,1.0
2018-06-13,4.116,4.196,0.08,1.0
2018-06-14,4.106,4.186,0.08,1.0
2018-06-15,4.085,4.165,0.08,1.0
2018-06-19,3.949,4.029,0.08,1.0
2018-06-20,3.958,4.038,0.08,1.0
2018-06-21,3.946,4.026,0.08,1.0
2018-06-22,3.987,4.067,0.08,1.0
2018-06-25,3.878,3.958,0.08,1.0
2018-06-26,3.849,3.9290000000000003,0.08,1.0
2018-06-27,3.766,3.846,0.08,1.0
2018-06-28,3.735,3.815,0.08,1.0
2018-06-29,3.831,3.911,0.08,1.0
2018-07-02,3.725,3.805,0.08,1.0
2018-07-03,3.705,3.785,0.08,1.0
2018-07-04,3.68,3.7600000000000002,0.08,1.0
2018-07-05,3.648,3.728,0.08,1.0
2018-07-06,3.677,3.757,0.08,1.0
2018-07-09,3.781,3.861,0.08,1.0
2018-07-10,3.79,3.87,0.08,1.0
2018-07-11,3.74,3.8200000000000003,0.08,1.0
2018-07-12,3.81,3.89,0.08,1.0
2018-07-13,3.829,3.9090000000000003,0.08,1.0
2018-07-16,3.811,3.891,0.08,1.0
2018-07-17,3.79,3.87,0.08,1.0
2018-07-18,3.778,3.858,0.08,1.0
2018-07-19,3.774,3.854,0.08,1.0
2018-07-20,3.84,3.92,0.08,1.0
2018-07-23,3.871,3.951,0.08,1.0
2018-07-24,3.935,4.015,0.08,1.0
2018-07-25,3.934,4.014,0.08,1.0
2018-07-26,3.888,3.968,0.08,1.0
2018-07-27,3.88,3.96,0.08,1.0
2018-07-30,3.861,3.9410000000000003,0.08,1.0
2018-07-31,3.861,3.9410000000000003,0.08,1.0
2018-08-01,3.789,3.869,0.08,1.0
2018-08-02,3.71,3.79,0.08,1.0
2018-08-03,3.651,3.731,0.08,1.0
2018-08-06,3.601,3.681,0.08,1.0
2018-08-07,3.704,3.7840000000000003,0.08,1.0
2018-08-08,3.661,3.741,0.08,1.0
2018-08-09,3.733,3.813,0.08,1.0
2018-08-10,3.741,3.821,0.08,1.0
2018-08-13,3.724,3.8040000000000003,0.08,1.0
2018-08-14,3.706,3.786,0.08,1.0
2018-08-15,3.626,3.706,0.08,1.0
2018-08-16,3.605,3.685,0.08,1.0
2018-08-17,3.56,3.64,0.08,1.0
2018-08-20,3.59,3.67,0.08,1.0
2018-08-21,3.652,3.732,0.08,1.0
2018-08-22,3.644,3.724,0.08,1.0
2018-08-23,3.66,3.74,0.08,1.0
2018-08-24,3.663,3.743,0.08,1.0
2018-08-27,3.755,3.835,0.08,1.0
2018-08-28,3.746,3.826,0.08,1.0
2018-08-29,3.731,3.811,0.08,1.0
2018-08-30,3.695,3.775,0.08,1.0
2018-08-31,3.667,3.747,0.08,1.0
2018-09-03,3.659,3.739,0.08,1.0
2018-09-04,3.7,3.7800000000000002,0.08,1.0
2018-09-05,3.635,3.715,0.08,1.0
2018-09-06,3.592,3.672,0.08,1.0
2018-09-07,3.616,3.696,0.08,1.0
2018-09-10,3.564,3.644,0.08,1.0
2018-09-11,3.556,3.636,0.08,1.0
2018-09-12,3.534,3.614,0.08,1.0
2018-09-13,3.567,3.6470000000000002,0.08,1.0
2018-09-14,3.575,3.6550000000000002,0.08,1.0
2018-09-17,3.541,3.621,0.08,1.0
2018-09-18,3.604,3.684,0.08,1.0
2018-09-19,3.652,3.732,0.08,1.0
2018-09-20,3.653,3.733,0.08,1.0
2018-09-21,3.763,3.843,0.08,1.0
2018-09-25,3.73,3.81,0.08,1.0
2018-09-26,3.77,3.85,0.08,1.0
2018-09-27,3.754,3.834,0.08,1.0
2018-09-28,3.791,3.871,0.08,1.0
2018-10-08,3.621,3.701,0.08,1.0
2018-10-09,3.626,3.706,0.08,1.0
2018-10-10,3.619,3.6990000000000003,0.08,1.0
2018-10-11,3.443,3.523,0.08,1.0
2018-10-12,3.507,3.587,0.08,1.0
2018-10-15,3.446,3.5260000000000002,0.08,1.0
2018-10-16,3.424,3.504,0.08,1.0
2018-10-17,3.434,3.5140000000000002,0.08,1.0
2018-10-18,3.358,3.438,0.08,1.0
2018-10-19,3.447,3.527,0.08,1.0
2018-10-22,3.615,3.6950000000000003,0.08,1.0
2018-10-23,3.508,3.588,0.08,1.0
2018-10-24,3.52,3.6,0.08,1.0
2018-10-25,3.521,3.601,0.08,1.0
2018-10-26,3.492,3.572,0.08,1.0
2018-10-29,3.395,3.475,0.08,1.0
2018-10-30,3.425,3.505,0.08,1.0
2018-10-31,3.469,3.549,0.08,1.0
2018-11-01,3.496,3.576,0.08,1.0
2018-11-02,3.63,3.71,0.08,1.0
2018-11-05,3.591,3.6710000000000003,0.08,1.0
2018-11-06,3.571,3.6510000000000002,0.08,1.0
2018-11-07,3.557,3.637,0.08,1.0
2018-11-08,3.385,3.6283,0.2433,1.0
2018-11-09,3.332,3.5753,0.2433,1.0
2018-11-12,3.37,3.6133,0.2433,1.0
2018-11-13,3.401,3.6443,0.2433,1.0
2018-11-14,3.368,3.6113,0.2433,1.0
2018-11-15,3.407,3.6503,0.2433,1.0
2018-11-16,3.42,3.6633,0.2433,1.0
2018-11-19,3.46,3.7033,0.2433,1.0
2018-11-20,3.385,3.6283,0.2433,1.0
2018-11-21,3.396,3.6393,0.2433,1.0
2018-11-22,3.382,3.6253,0.2433,1.0
2018-11-23,3.308,3.5513,0.2433,1.0
2018-11-26,3.295,3.5383,0.2433,1.0
2018-11-27,3.295,3.5383,0.2433,1.0
2018-11-28,3.337,3.5803000000000003,0.2433,1.0
2018-11-29,3.306,3.5493,0.2433,1.0
2018-11-30,3.335,3.5783,0.2433,1.0
2018-12-03,3.427,3.6703,0.2433,1.0
2018-12-04,3.433,3.6763,0.2433,1.0
2018-12-05,3.42,3.6633,0.2433,1.0
2018-12-06,3.348,3.5913,0.2433,1.0
2018-12-07,3.344,3.5873,0.2433,1.0
2018-12-10,3.311,3.5543,0.2433,1.0
2018-12-11,3.163,3.5663,0.4033,1.0
2018-12-12,3.174,3.5773,0.4033,1.0
2018-12-13,3.225,3.6283000000000003,0.4033,1.0
2018-12-14,3.175,3.5782999999999996,0.4033,1.0
2018-12-17,3.166,3.5693,0.4033,1.0
2018-12-18,3.128,3.5313,0.4033,1.0
2018-12-19,3.094,3.4973,0.4033,1.0
2018-12-20,3.072,3.4753,0.4033,1.0
2018-12-21,3.034,3.4372999999999996,0.4033,1.0
2018-12-24,3.039,3.4423000000000004,0.4033,1.0
2018-12-25,3.026,3.4292999999999996,0.4033,1.0
2018-12-26,3.008,3.4112999999999998,0.4033,1.0
2018-12-27,2.998,3.4013,0.4033,1.0
2018-12-28,3.013,3.4162999999999997,0.4033,1.0
2019-01-02,2.968,3.3712999999999997,0.4033,1.0
2019-01-03,2.964,3.3673,0.4033,1.0
2019-01-04,3.041,3.4443,0.4033,1.0
2019-01-07,3.05,3.4532999999999996,0.4033,1.0
2019-01-08,3.051,3.4543,0.4033,1.0
2019-01-09,3.073,3.4763,0.4033,1.0
2019-01-10,3.076,3.4793000000000003,0.4033,1.0
2019-01-11,3.1,3.5033000000000003,0.4033,1.0
2019-01-14,3.071,3.4743000000000004,0.4033,1.0
2019-01-15,3.127,3.5302999999999995,0.4033,1.0
2019-01-16,3.13,3.5332999999999997,0.4033,1.0
2019-01-17,3.116,3.5193000000000003,0.4033,1.0
2019-01-18,3.167,3.5702999999999996,0.4033,1.0
2019-01-21,3.185,3.5883000000000003,0.4033,1.0
2019-01-22,3.145,3.5483000000000002,0.4033,1.0
2019-01-23,3.137,3.5403000000000002,0.4033,1.0
2019-01-24,3.161,3.5643000000000002,0.4033,1.0
2019-01-25,3.184,3.5873,0.4033,1.0
2019-01-28,3.18,3.5833000000000004,0.4033,1.0
2019-01-29,3.194,3.5972999999999997,0.4033,1.0
2019-01-30,3.174,3.5773,0.4033,1.0
2019-01-31,3.201,3.6043000000000003,0.4033,1.0
2019-02-01,3.256,3.6593,0.4033,1.0
2019-02-11,3.302,3.7053000000000003,0.4033,1.0
2019-02-12,3.326,3.7293000000000003,0.4033,1.0
2019-02-13,3.395,3.7983000000000002,0.4033,1.0
2019-02-14,3.405,3.8083,0.4033,1.0
2019-02-15,3.34,3.7432999999999996,0.4033,1.0
2019-02-18,3.438,3.8413000000000004,0.4033,1.0
2019-02-19,3.431,3.8343,0.4033,1.0
2019-02-20,3.442,3.8453,0.4033,1.0
2019-02-21,3.439,3.8423,0.4033,1.0
2019-02-22,3.525,3.9283,0.4033,1.0
2019-02-25,3.771,4.1743,0.4033,1.0
2019-02-26,3.691,4.0943,0.4033,1.0
2019-02-27,3.672,4.0753,0.4033,1.0
2019-02-28,3.664,4.0673,0.4033,1.0
2019-03-01,3.733,4.1363,0.4033,1.0
2019-03-04,3.777,4.1803,0.4033,1.0
2019-03-05,3.808,4.2113,0.4033,1.0
2019-03-06,3.837,4.2403,0.4033,1.0
2019-03-07,3.8,4.2033,0.4033,1.0
2019-03-08,3.658,4.0613,0.4033,1.0
2019-03-11,3.712,4.1153,0.4033,1.0
2019-03-12,3.736,4.1393,0.4033,1.0
2019-03-13,3.713,4.1163,0.4033,1.0
2019-03-14,3.689,4.0923,0.4033,1.0
2019-03-15,3.735,4.1383,0.4033,1.0
2019-03-18,3.85,4.2533,0.4033,1.0
2019-03-19,3.823,4.2263,0.4033,1.0
2019-03-20,3.823,4.2263,0.4033,1.0
2019-03-21,3.822,4.2253,0.4033,1.0
2019-03-22,3.827,4.2303,0.4033,1.0
2019-03-25,3.742,4.1453,0.4033,1.0
2019-03-26,3.698,4.1013,0.4033,1.0
2019-03-27,3.728,4.1313,0.4033,1.0
2019-03-28,3.717,4.1203,0.4033,1.0
2019-03-29,3.86,4.2633,0.4033,1.0
2019-04-01,3.967,4.3703,0.4033,1.0
2019-04-02,3.964,4.3673,0.4033,1.0
2019-04-03,4.017,4.4203,0.4033,1.0
2019-04-04,4.068,4.471299999999999,0.4033,1.0
2019-04-08,4.041,4.4443,0.4033,1.0
2019-04-09,4.063,4.4662999999999995,0.4033,1.0
2019-04-10,4.073,4.4763,0.4033,1.0
2019-04-11,3.997,4.4003,0.4033,1.0
2019-04-12,3.984,4.3873,0.4033,1.0
2019-04-15,3.958,4.3613,0.4033,1.0
2019-04-16,4.078,4.4813,0.4033,1.0
2019-04-17,4.071,4.4742999999999995,0.4033,1.0
2019-04-18,4.06,4.463299999999999,0.4033,1.0
2019-04-19,4.12,4.5233,0.4033,1.0
2019-04-22,4.022,4.4253,0.4033,1.0
2019-04-23,4.01,4.4133,0.4033,1.0
2019-04-24,4.017,4.4203,0.4033,1.0
2019-04-25,3.933,4.3363,0.4033,1.0
2019-04-26,3.883,4.2863,0.4033,1.0
2019-04-29,3.897,4.3003,0.4033,1.0
2019-04-30,3.898,4.3013,0.4033,1.0
2019-05-06,3.68,4.0833,0.4033,1.0
2019-05-07,3.712,4.1153,0.4033,1.0
2019-05-08,3.662,4.0653,0.4033,1.0
2019-05-09,3.6,4.0033,0.4033,1.0
2019-05-10,3.718,4.1213,0.4033,1.0
2019-05-13,3.662,4.0653,0.4033,1.0
2019-05-14,3.639,4.0423,0.4033,1.0
2019-05-15,3.717,4.1203,0.4033,1.0
2019-05-16,3.741,4.1443,0.4033,1.0
2019-05-17,3.64,4.0433,0.4033,1.0
2019-05-20,3.609,4.0123,0.4033,1.0
2019-05-21,3.653,4.0563,0.4033,1.0
2019-05-22,3.646,4.0493,0.4033,1.0
2019-05-23,3.585,3.9882999999999997,0.4033,1.0
2019-05-24,3.588,3.9913,0.4033,1.0
2019-05-27,3.633,4.0363,0.4033,1.0
2019-05-28,3.656,4.0593,0.4033,1.0
2019-05-29,3.657,4.0603,0.4033,1.0
2019-05-30,3.651,4.0543,0.4033,1.0
2019-05-31,3.637,4.0403,0.4033,1.0
2019-06-03,3.642,4.0453,0.4033,1.0
2019-06-04,3.611,4.0143,0.4033,1.0
2019-06-05,3.602,4.0053,0.4033,1.0
2019-06-06,3.57,3.9733,0.4033,1.0
2019-06-10,3.616,4.0193,0.4033,1.0
2019-06-11,3.725,4.1283,0.4033,1.0
2019-06-12,3.704,4.1073,0.4033,1.0
2019-06-13,3.695,4.0983,0.4033,1.0
2019-06-14,3.672,4.0753,0.4033,1.0
2019-06-17,3.677,4.0803,0.4033,1.0
2019-06-18,3.683,4.0863,0.4033,1.0
2019-06-19,3.737,4.1403,0.4033,1.0
2019-06-20,3.847,4.2503,0.4033,1.0
2019-06-21,3.855,4.2583,0.4033,1.0
2019-06-24,3.859,4.2623,0.4033,1.0
2019-06-25,3.823,4.2263,0.4033,1.0
2019-06-26,3.823,4.2263,0.4033,1.0
2019-06-27,3.865,4.2683,0.4033,1.0
2019-06-28,3.863,4.2663,0.4033,1.0
2019-07-01,3.962,4.3653,0.4033,1.0
2019-07-02,3.965,4.3683,0.4033,1.0
2019-07-03,3.93,4.3333,0.4033,1.0
2019-07-04,3.904,4.3073,0.4033,1.0
2019-07-05,3.927,4.3303,0.4033,1.0
2019-07-08,3.837,4.2403,0.4033,1.0
2019-07-09,3.829,4.2323,0.4033,1.0
2019-07-10,3.83,4.2333,0.4033,1.0
2019-07-11,3.831,4.2343,0.4033,1.0
2019-07-12,3.86,4.2633,0.4033,1.0
2019-07-15,3.874,4.2773,0.4033,1.0
2019-07-16,3.86,4.2633,0.4033,1.0
2019-07-17,3.853,4.2563,0.4033,1.0
2019-07-18,3.827,4.2303,0.4033,1.0
2019-07-19,3.865,4.2683,0.4033,1.0
2019-07-22,3.837,4.2403,0.4033,1.0
2019-07-23,3.845,4.2483,0.4033,1.0
2019-07-24,3.875,4.2783,0.4033,1.0
2019-07-25,3.911,4.3143,0.4033,1.0
2019-07-26,3.918,4.3213,0.4033,1.0
2019-07-29,3.918,4.3213,0.4033,1.0
2019-07-30,3.93,4.3333,0.4033,1.0
2019-07-31,3.902,4.3053,0.4033,1.0
2019-08-01,3.865,4.2683,0.4033,1.0
2019-08-02,3.814,4.2173,0.4033,1.0
2019-08-05,3.743,4.1463,0.4033,1.0
2019-08-06,3.698,4.1013,0.4033,1.0
2019-08-07,3.688,4.0913,0.4033,1.0
2019-08-08,3.735,4.1383,0.4033,1.0
2019-08-09,3.703,4.1063,0.4033,1.0
2019-08-12,3.759,4.1623,0.4033,1.0
2019-08-13,3.733,4.1363,0.4033,1.0
2019-08-14,3.748,4.1513,0.4033,1.0
2019-08-15,3.755,4.1583,0.4033,1.0
2019-08-16,3.78,4.1833,0.4033,1.0
2019-08-19,3.864,4.2673,0.4033,1.0
2019-08-20,3.853,4.2563,0.4033,1.0
2019-08-21,3.846,4.2493,0.4033,1.0
2019-08-22,3.856,4.2593,0.4033,1.0
2019-08-23,3.885,4.2883,0.4033,1.0
2019-08-26,3.84,4.2433,0.4033,1.0
2019-08-27,3.878,4.2813,0.4033,1.0
2019-08-28,3.867,4.2703,0.4033,1.0
2019-08-29,3.857,4.2603,0.4033,1.0
2019-08-30,3.869,4.2723,0.4033,1.0
2019-09-02,3.912,4.3153,0.4033,1.0
2019-09-03,3.913,4.3163,0.4033,1.0
2019-09-04,3.96,4.3633,0.4033,1.0
2019-09-05,3.998,4.4013,0.4033,1.0
2019-09-06,4.029,4.4323,0.4033,1.0
2019-09-09,4.041,4.4443,0.4033,1.0
2019-09-10,4.03,4.4333,0.4033,1.0
2019-09-11,4.002,4.4052999999999995,0.4033,1.0
2019-09-12,4.044,4.447299999999999,0.4033,1.0
2019-09-16,4.03,4.4333,0.4033,1.0
2019-09-17,3.961,4.3643,0.4033,1.0
2019-09-18,3.975,4.3783,0.4033,1.0
2019-09-19,3.99,4.3933,0.4033,1.0
2019-09-20,4.002,4.4052999999999995,0.4033,1.0
2019-09-23,3.967,4.3703,0.4033,1.0
2019-09-24,3.967,4.3703,0.4033,1.0
2019-09-25,3.942,4.3453,0.4033,1.0
2019-09-26,3.913,4.3163,0.4033,1.0
2019-09-27,3.919,4.3223,0.4033,1.0
2019-09-30,3.879,4.2823,0.4033,1.0
2019-10-08,3.9,4.3033,0.4033,1.0
2019-10-09,3.909,4.3123,0.4033,1.0
2019-10-10,3.941,4.3443,0.4033,1.0
2019-10-11,3.987,4.3903,0.4033,1.0
2019-10-14,4.017,4.4203,0.4033,1.0
2019-10-15,4.006,4.4093,0.4033,1.0
2019-10-16,3.99,4.3933,0.4033,1.0
2019-10-17,3.996,4.3993,0.4033,1.0
2019-10-18,3.934,4.3373,0.4033,1.0
2019-10-21,3.946,4.3493,0.4033,1.0
2019-10-22,3.961,4.3643,0.4033,1.0
2019-10-23,3.943,4.3463,0.4033,1.0
2019-10-24,3.944,4.3473,0.4033,1.0
2019-10-25,3.968,4.3713,0.4033,1.0
2019-10-28,3.991,4.3943,0.4033,1.0
2019-10-29,3.979,4.3823,0.4033,1.0
2019-10-30,3.958,4.3613,0.4033,1.0
2019-10-31,3.955,4.3583,0.4033,1.0
2019-11-01,4.03,4.4333,0.4033,1.0
2019-11-04,4.048,4.4513,0.4033,1.0
2019-11-05,4.069,4.4723,0.4033,1.0
2019-11-06,4.053,4.4563,0.4033,1.0
2019-11-07,4.058,4.4613,0.4033,1.0
2019-11-08,4.042,4.4453,0.4033,1.0
2019-11-11,3.973,4.3763,0.4033,1.0
2019-11-12,3.97,4.3733,0.4033,1.0
2019-11-13,3.971,4.3743,0.4033,1.0
2019-11-14,3.971,4.3743,0.4033,1.0
2019-11-15,3.949,4.3523,0.4033,1.0
2019-11-18,3.978,4.3813,0.4033,1.0
2019-11-19,4.019,4.4223,0.4033,1.0
2019-11-20,3.979,4.3823,0.4033,1.0
2019-11-21,3.958,4.3613,0.4033,1.0
2019-11-22,3.912,4.3153,0.4033,1.0
2019-11-25,3.942,4.3453,0.4033,1.0
2019-11-26,3.95,4.3533,0.4033,1.0
2019-11-27,3.947,4.3503,0.4033,1.0
2019-11-28,3.934,4.3373,0.4033,1.0
2019-11-29,3.896,4.2993,0.4033,1.0
2019-12-02,3.903,4.3063,0.4033,1.0
2019-12-03,3.918,4.3213,0.4033,1.0
2019-12-04,3.919,4.3223,0.4033,1.0
2019-12-05,3.948,4.3513,0.4033,1.0
2019-12-06,3.971,4.3743,0.4033,1.0
2019-12-09,3.963,4.3663,0.4033,1.0
2019-12-10,3.966,4.3693,0.4033,1.0
2019-12-11,3.97,4.3733,0.4033,1.0
2019-12-12,3.959,4.3623,0.4033,1.0
2019-12-13,4.039,4.4422999999999995,0.4033,1.0
2019-12-16,4.053,4.4563,0.4033,1.0
2019-12-17,4.115,4.5183,0.4033,1.0
2019-12-18,4.101,4.5043,0.4033,1.0
2019-12-19,4.096,4.4993,0.4033,1.0
2019-12-20,4.088,4.4913,0.4033,1.0
2019-12-23,4.038,4.4413,0.4033,1.0
2019-12-24,4.059,4.4623,0.4033,1.0
2019-12-25,4.067,4.4703,0.4033,1.0
2019-12-26,4.092,4.495299999999999,0.4033,1.0
2019-12-27,4.087,4.4902999999999995,0.4033,1.0
2019-12-30,4.145,4.548299999999999,0.4033,1.0
2019-12-31,4.17,4.5733,0.4033,1.0
2020-01-02,4.219,4.6223,0.4033,1.0
2020-01-03,4.215,4.6183,0.4033,1.0
2020-01-06,4.199,4.6023,0.4033,1.0
2020-01-07,4.226,4.6293,0.4033,1.0
2020-01-08,4.188,4.5912999999999995,0.4033,1.0
2020-01-09,4.228,4.6312999999999995,0.4033,1.0
2020-01-10,4.236,4.6392999999999995,0.4033,1.0
2020-01-13,4.28,4.6833,0.4033,1.0
2020-01-14,4.194,4.6683,0.4743,1.0
2020-01-15,4.16,4.6343000000000005,0.4743,1.0
2020-01-16,4.151,4.6253,0.4743,1.0
2020-01-17,4.156,4.6303,0.4743,1.0
2020-01-20,4.185,4.6593,0.4743,1.0
2020-01-21,4.114,4.5883,0.4743,1.0
2020-01-22,4.126,4.600300000000001,0.4743,1.0
2020-01-23,4.003,4.4773000000000005,0.4743,1.0
2020-02-03,3.648,4.1223,0.4743,1.0
2020-02-04,3.79,4.2643,0.4743,1.0
2020-02-05,3.825,4.299300000000001,0.4743,1.0
2020-02-06,3.898,4.3723,0.4743,1.0
2020-02-07,3.896,4.3703,0.4743,1.0
2020-02-10,3.907,4.3813,0.4743,1.0
2020-02-11,3.951,4.4253,0.4743,1.0
2020-02-12,3.985,4.4593,0.4743,1.0
2020-02-13,3.957,4.4313,0.4743,1.0
2020-02-14,3.985,4.4593,0.4743,1.0
2020-02-17,4.068,4.5423,0.4743,1.0
2020-02-18,4.049,4.523300000000001,0.4743,1.0
2020-02-19,4.048,4.5223,0.4743,1.0
2020-02-20,4.14,4.6143,0.4743,1.0
2020-02-21,4.155,4.629300000000001,0.4743,1.0
2020-02-24,4.124,4.5983,0.4743,1.0
2020-02-25,4.113,4.587300000000001,0.4743,1.0
2020-02-26,4.073,4.547300000000001,0.4743,1.0
2020-02-27,4.076,4.5503,0.4743,1.0
2020-02-28,3.937,4.4113,0.4743,1.0
2020-03-02,4.062,4.536300000000001,0.4743,1.0
2020-03-03,4.079,4.5533,0.4743,1.0
2020-03-04,4.111,4.5853,0.4743,1.0
2020-03-05,4.195,4.669300000000001,0.4743,1.0
2020-03-06,4.131,4.605300000000001,0.4743,1.0
2020-03-09,4.005,4.4793,0.4743,1.0
2020-03-10,4.081,4.555300000000001,0.4743,1.0
2020-03-11,4.018,4.4923,0.4743,1.0
2020-03-12,3.957,4.4313,0.4743,1.0
2020-03-13,3.898,4.3723,0.4743,1.0
2020-03-16,3.734,4.2083,0.4743,1.0
2020-03-17,3.697,4.1713000000000005,0.4743,1.0
2020-03-18,3.64,4.1143,0.4743,1.0
2020-03-19,3.594,4.0683,0.4743,1.0
2020-03-20,3.657,4.1313,0.4743,1.0
2020-03-23,3.537,4.0113,0.4743,1.0
2020-03-24,3.617,4.0913,0.4743,1.0
2020-03-25,3.713,4.1873000000000005,0.4743,1.0
2020-03-26,3.693,4.1673,0.4743,1.0
2020-03-27,3.709,4.1833,0.4743,1.0
2020-03-30,3.673,4.1473,0.4743,1.0
2020-03-31,3.677,4.1513,0.4743,1.0
2020-04-01,3.672,4.1463,0.4743,1.0
2020-04-02,3.729,4.2033000000000005,0.4743,1.0
2020-04-03,3.708,4.182300000000001,0.4743,1.0
2020-04-07,3.789,4.2633,0.4743,1.0
2020-04-08,3.773,4.2473,0.4743,1.0
2020-04-09,3.794,4.2683,0.4743,1.0
2020-04-10,3.772,4.2463,0.4743,1.0
2020-04-13,3.753,4.2273000000000005,0.4743,1.0
2020-04-14,3.816,4.2903,0.4743,1.0
2020-04-15,3.792,4.2663,0.4743,1.0
2020-04-16,3.794,4.2683,0.4743,1.0
2020-04-17,3.828,4.3023,0.4743,1.0
2020-04-20,3.845,4.3193,0.4743,1.0
2020-04-21,3.81,4.2843,0.4743,1.0
2020-04-22,3.837,4.3113,0.4743,1.0
2020-04-23,3.827,4.3013,0.4743,1.0
2020-04-24,3.795,4.2693,0.4743,1.0
2020-04-27,3.818,4.2923,0.4743,1.0
2020-04-28,3.839,4.3133,0.4743,1.0
2020-04-29,3.861,4.3353,0.4743,1.0
2020-04-30,3.917,4.3913,0.4743,1.0
2020-05-06,3.927,4.4013,0.4743,1.0
2020-05-07,3.921,4.3953,0.4743,1.0
2020-05-08,3.96,4.4343,0.4743,1.0
2020-05-11,3.957,4.4313,0.4743,1.0
2020-05-12,3.957,4.4313,0.4743,1.0
2020-05-13,3.966,4.440300000000001,0.4743,1.0
2020-05-14,3.929,4.4033,0.4743,1.0
2020-05-15,3.909,4.3833,0.4743,1.0
2020-05-18,3.923,4.3973,0.4743,1.0
2020-05-19,3.952,4.4263,0.4743,1.0
2020-05-20,3.936,4.4103,0.4743,1.0
2020-05-21,3.912,4.3863,0.4743,1.0
2020-05-22,3.826,4.3003,0.4743,1.0
2020-05-25,3.827,4.3013,0.4743,1.0
2020-05-26,3.873,4.347300000000001,0.4743,1.0
2020-05-27,3.854,4.3283000000000005,0.4743,1.0
2020-05-28,3.854,4.3283000000000005,0.4743,1.0
2020-05-29,3.871,4.3453,0.4743,1.0
2020-06-01,3.98,4.4543,0.4743,1.0
2020-06-02,3.99,4.464300000000001,0.4743,1.0
2020-06-03,3.988,4.4623,0.4743,1.0
2020-06-04,3.988,4.4623,0.4743,1.0
2020-06-05,4.013,4.4873,0.4743,1.0
2020-06-08,4.034,4.5083,0.4743,1.0
2020-06-09,4.054,4.528300000000001,0.4743,1.0
2020-06-10,4.053,4.5273,0.4743,1.0
2020-06-11,4.017,4.491300000000001,0.4743,1.0
2020-06-12,4.023,4.4973,0.4743,1.0
2020-06-15,3.971,4.4453000000000005,0.4743,1.0
2020-06-16,4.024,4.4983,0.4743,1.0
2020-06-17,4.032,4.5063,0.4743,1.0
2020-06-18,4.068,4.5423,0.4743,1.0
2020-06-19,4.112,4.5863000000000005,0.4743,1.0
2020-06-22,4.12,4.5943000000000005,0.4743,1.0
2020-06-23,4.139,4.613300000000001,0.4743,1.0
2020-06-24,4.174,4.648300000000001,0.4743,1.0
2020-06-29,4.139,4.613300000000001,0.4743,1.0
2020-06-30,4.189,4.6633000000000004,0.4743,1.0
2020-07-01,4.283,4.757300000000001,0.4743,1.0
2020-07-02,4.38,4.8543,0.4743,1.0
2020-07-03,4.463,4.9373000000000005,0.4743,1.0
2020-07-06,4.776,5.2503,0.4743,1.0
2020-07-07,4.744,5.2183,0.4743,1.0
2020-07-08,4.81,5.2843,0.4743,1.0
2020-07-09,4.886,5.3603000000000005,0.4743,1.0
2020-07-10,4.8,5.2743,0.4743,1.0
2020-07-13,4.899,5.3733,0.4743,1.0
2020-07-14,4.862,5.3363000000000005,0.4743,1.0
2020-07-15,4.801,5.2753000000000005,0.4743,1.0
2020-07-16,4.572,5.0463000000000005,0.4743,1.0
2020-07-17,4.602,5.076300000000001,0.4743,1.0
2020-07-20,4.738,5.212300000000001,0.4743,1.0
2020-07-21,4.754,5.2283,0.4743,1.0
2020-07-22,4.793,5.2673000000000005,0.4743,1.0
2020-07-23,4.778,5.2523,0.4743,1.0
2020-07-24,4.571,5.0453,0.4743,1.0
2020-07-27,4.594,5.068300000000001,0.4743,1.0
2020-07-28,4.631,5.105300000000001,0.4743,1.0
2020-07-29,4.759,5.233300000000001,0.4743,1.0
2020-07-30,4.728,5.2023,0.4743,1.0
2020-07-31,4.758,5.2323,0.4743,1.0
2020-08-03,4.84,5.3143,0.4743,1.0
2020-08-04,4.842,5.3163,0.4743,1.0
2020-08-05,4.846,5.3203000000000005,0.4743,1.0
2020-08-06,4.827,5.3013,0.4743,1.0
2020-08-07,4.781,5.2553,0.4743,1.0
2020-08-10,4.797,5.2713,0.4743,1.0
2020-08-11,4.761,5.2353000000000005,0.4743,1.0
2020-08-12,4.717,5.1913,0.4743,1.0
2020-08-13,4.702,5.1763,0.4743,1.0
2020-08-14,4.793,5.2673000000000005,0.4743,1.0
2020-08-17,4.891,5.3653,0.4743,1.0
2020-08-18,4.885,5.3593,0.4743,1.0
2020-08-19,4.81,5.2843,0.4743,1.0
2020-08-20,4.76,5.2343,0.4743,1.0
2020-08-21,4.797,5.2713,0.4743,1.0
2020-08-24,4.83,5.3043000000000005,0.4743,1.0
2020-08-25,4.842,5.3163,0.4743,1.0
2020-08-26,4.784,5.2583,0.4743,1.0
2020-08-27,4.815,5.289300000000001,0.4743,1.0
2020-08-28,4.935,5.4093,0.4743,1.0
2020-08-31,4.89,5.3643,0.4743,1.0
2020-09-01,4.925,5.3993,0.4743,1.0
2020-09-02,4.918,5.3923000000000005,0.4743,1.0
2020-09-03,4.903,5.3773,0.4743,1.0
2020-09-04,4.849,5.323300000000001,0.4743,1.0
2020-09-07,4.747,5.2213,0.4743,1.0
2020-09-08,4.769,5.2433000000000005,0.4743,1.0
2020-09-09,4.656,5.1303,0.4743,1.0
2020-09-10,4.664,5.1383,0.4743,1.0
2020-09-11,4.7,5.174300000000001,0.4743,1.0
2020-09-14,4.73,5.204300000000001,0.4743,1.0
2020-09-15,4.761,5.2353000000000005,0.4743,1.0
2020-09-16,4.736,5.2103,0.4743,1.0
2020-09-17,4.709,5.1833,0.4743,1.0
2020-09-18,4.83,5.3043000000000005,0.4743,1.0
2020-09-21,4.777,5.2513000000000005,0.4743,1.0
2020-09-22,4.716,5.190300000000001,0.4743,1.0
2020-09-23,4.73,5.204300000000001,0.4743,1.0
2020-09-24,4.653,5.1273,0.4743,1.0
2020-09-25,4.656,5.1303,0.4743,1.0
2020-09-28,4.664,5.1383,0.4743,1.0
2020-09-29,4.674,5.148300000000001,0.4743,1.0
2020-09-30,4.661,5.1353,0.4743,1.0
2020-10-09,4.755,5.2293,0.4743,1.0
2020-10-12,4.905,5.379300000000001,0.4743,1.0
2020-10-13,4.921,5.395300000000001,0.4743,1.0
2020-10-14,4.896,5.3703,0.4743,1.0
2020-10-15,4.886,5.3603000000000005,0.4743,1.0
2020-10-16,4.872,5.3463,0.4743,1.0
2020-10-19,4.844,5.318300000000001,0.4743,1.0
2020-10-20,4.882,5.3563,0.4743,1.0
2020-10-21,4.877,5.3513,0.4743,1.0
2020-10-22,4.862,5.3363000000000005,0.4743,1.0
2020-10-23,4.81,5.2843,0.4743,1.0
2020-10-26,4.769,5.2433000000000005,0.4743,1.0
2020-10-27,4.781,5.2553,0.4743,1.0
2020-10-28,4.82,5.294300000000001,0.4743,1.0
2020-10-29,4.863,5.337300000000001,0.4743,1.0
2020-10-30,4.776,5.2503,0.4743,1.0
2020-11-02,4.799,5.273300000000001,0.4743,1.0
2020-11-03,4.853,5.3273,0.4743,1.0
2020-11-04,4.892,5.366300000000001,0.4743,1.0
2020-11-05,4.97,5.4443,0.4743,1.0
2020-11-06,4.972,5.446300000000001,0.4743,1.0
2020-11-09,5.067,5.541300000000001,0.4743,1.0
2020-11-10,5.039,5.5133,0.4743,1.0
2020-11-11,4.995,5.4693000000000005,0.4743,1.0
2020-11-12,4.99,5.464300000000001,0.4743,1.0
2020-11-13,4.943,5.4173,0.4743,1.0
2020-11-16,4.994,5.4683,0.4743,1.0
2020-11-17,4.983,5.4573,0.4743,1.0
2020-11-18,4.975,5.4493,0.4743,1.0
2020-11-19,5.017,5.491300000000001,0.4743,1.0
2020-11-20,5.036,5.5103,0.4743,1.0
2020-11-23,5.09,5.5643,0.4743,1.0
2020-11-24,5.061,5.5353,0.4743,1.0
2020-11-25,5.002,5.4763,0.4743,1.0
2020-11-26,5.003,5.4773000000000005,0.4743,1.0
2020-11-27,5.077,5.5513,0.4743,1.0
2020-11-30,5.055,5.5293,0.4743,1.0
2020-12-01,5.161,5.6353,0.4743,1.0
2020-12-02,5.153,5.6273,0.4743,1.0
2020-12-03,5.152,5.6263000000000005,0.4743,1.0
2020-12-04,5.159,5.6333,0.4743,1.0
2020-12-07,5.118,5.592300000000001,0.4743,1.0
2020-12-08,5.1,5.5743,0.4743,1.0
2020-12-09,5.04,5.5143,0.4743,1.0
2020-12-10,5.029,5.5033,0.4743,1.0
2020-12-11,4.973,5.4473,0.4743,1.0
2020-12-14,5.017,5.491300000000001,0.4743,1.0
2020-12-15,5.032,5.5063,0.4743,1.0
2020-12-16,5.041,5.515300000000001,0.4743,1.0
2020-12-17,5.114,5.5883,0.4743,1.0
2020-12-18,5.09,5.5643,0.4743,1.0
2020-12-21,5.127,5.6013,0.4743,1.0
2020-12-22,5.051,5.5253000000000005,0.4743,1.0
2020-12-23,5.093,5.5673,0.4743,1.0
2020-12-24,5.095,5.5693,0.4743,1.0
2020-12-25,5.135,5.6093,0.4743,1.0
2020-12-28,5.154,5.6283,0.4743,1.0
2020-12-29,5.138,5.6123,0.4743,1.0
2020-12-30,5.198,5.672300000000001,0.4743,1.0
2020-12-31,5.312,5.786300000000001,0.4743,1.0
2021-01-04,5.355,5.829300000000001,0.4743,1.0
2021-01-05,5.453,5.927300000000001,0.4743,1.0
2021-01-06,5.504,5.9783,0.4743,1.0
2021-01-07,5.621,6.095300000000001,0.4743,1.0
2021-01-08,5.597,6.071300000000001,0.4743,1.0
2021-01-11,5.535,6.0093000000000005,0.4743,1.0
2021-01-12,5.69,6.164300000000001,0.4743,1.0
2021-01-13,5.67,6.1443,0.4743,1.0
2021-01-14,5.569,6.0433,0.4743,1.0
2021-01-15,5.549,6.023300000000001,0.4743,1.0
2021-01-18,5.607,6.081300000000001,0.4743,1.0
2021-01-19,5.53,6.004300000000001,0.4743,1.0
2021-01-20,5.562,6.036300000000001,0.4743,1.0
2021-01-21,5.655,6.129300000000001,0.4743,1.0
2021-01-22,5.687,6.161300000000001,0.4743,1.0
2021-01-25,5.617,6.1873000000000005,0.5703,1.0
2021-01-26,5.512,6.0823,0.5703,1.0
2021-01-27,5.52,6.090299999999999,0.5703,1.0
2021-01-28,5.382,5.952299999999999,0.5703,1.0
2021-01-29,5.346,5.9163,0.5703,1.0
2021-02-01,5.414,5.984299999999999,0.5703,1.0
2021-02-02,5.493,6.0633,0.5703,1.0
2021-02-03,5.487,6.0573,0.5703,1.0
2021-02-04,5.476,6.0463000000000005,0.5703,1.0
2021-02-05,5.479,6.049300000000001,0.5703,1.0
2021-02-08,5.555,6.125299999999999,0.5703,1.0
2021-02-09,5.68,6.250299999999999,0.5703,1.0
2021-02-10,5.816,6.3863,0.5703,1.0
2021-02-18,5.768,6.3383,0.5703,1.0
2021-02-19,5.773,6.343299999999999,0.5703,1.0
2021-02-22,5.588,6.1583000000000006,0.5703,1.0
2021-02-23,5.577,6.1472999999999995,0.5703,1.0
2021-02-24,5.425,5.9953,0.5703,1.0
2021-02-25,5.477,6.0473,0.5703,1.0
2021-02-26,5.347,5.917300000000001,0.5703,1.0
2021-03-01,5.415,5.9853000000000005,0.5703,1.0
2021-03-02,5.354,5.924300000000001,0.5703,1.0
2021-03-03,5.446,6.016299999999999,0.5703,1.0
2021-03-04,5.287,5.8573,0.5703,1.0
2021-03-05,5.265,5.8353,0.5703,1.0
2021-03-08,5.071,5.641299999999999,0.5703,1.0
2021-03-09,4.977,5.5473,0.5703,1.0
2021-03-10,4.998,5.568300000000001,0.5703,1.0
2021-03-11,5.128,5.6983,0.5703,1.0
2021-03-12,5.142,5.712300000000001,0.5703,1.0
2021-03-15,5.041,5.6113,0.5703,1.0
2021-03-16,5.072,5.6423000000000005,0.5703,1.0
2021-03-17,5.094,5.664300000000001,0.5703,1.0
2021-03-18,5.135,5.705299999999999,0.5703,1.0
2021-03-19,5.003,5.5733,0.5703,1.0
2021-03-22,5.049,5.619300000000001,0.5703,1.0
2021-03-23,5.009,5.5793,0.5703,1.0
2021-03-24,4.932,5.5023,0.5703,1.0
2021-03-25,4.93,5.500299999999999,0.5703,1.0
2021-03-26,5.031,5.6013,0.5703,1.0
2021-03-29,5.043,5.613300000000001,0.5703,1.0
2021-03-30,5.086,5.6563,0.5703,1.0
2021-03-31,5.054,5.6243,0.5703,1.0
2021-04-01,5.105,5.6753,0.5703,1.0
2021-04-02,5.156,5.7263,0.5703,1.0
2021-04-06,5.131,5.7013,0.5703,1.0
2021-04-07,5.098,5.6683,0.5703,1.0
2021-04-08,5.109,5.6793,0.5703,1.0
2021-04-09,5.036,5.606299999999999,0.5703,1.0
2021-04-12,4.951,5.5213,0.5703,1.0
2021-04-13,4.945,5.5153,0.5703,1.0
2021-04-14,4.972,5.542300000000001,0.5703,1.0
2021-04-15,4.946,5.516299999999999,0.5703,1.0
2021-04-16,4.963,5.5333000000000006,0.5703,1.0
2021-04-19,5.086,5.6563,0.5703,1.0
2021-04-20,5.082,5.6523,0.5703,1.0
2021-04-21,5.09,5.660299999999999,0.5703,1.0
2021-04-22,5.089,5.6593,0.5703,1.0
2021-04-23,5.139,5.709300000000001,0.5703,1.0
2021-04-26,5.08,5.6503,0.5703,1.0
2021-04-27,5.087,5.657299999999999,0.5703,1.0
2021-04-28,5.126,5.696300000000001,0.5703,1.0
2021-04-29,5.17,5.7402999999999995,0.5703,1.0
2021-04-30,5.127,5.6973,0.5703,1.0
2021-05-06,5.059,5.629300000000001,0.5703,1.0
2021-05-07,4.998,5.568300000000001,0.5703,1.0
2021-05-10,4.998,5.568300000000001,0.5703,1.0
2021-05-11,5.024,5.5943000000000005,0.5703,1.0
2021-05-12,5.054,5.6243,0.5703,1.0
2021-05-13,4.998,5.568300000000001,0.5703,1.0
2021-05-14,5.121,5.6913,0.5703,1.0
2021-05-17,5.185,5.7553,0.5703,1.0
2021-05-18,5.187,5.757300000000001,0.5703,1.0
2021-05-19,5.175,5.7453,0.5703,1.0
2021-05-20,5.193,5.763299999999999,0.5703,1.0
2021-05-21,5.134,5.7043,0.5703,1.0
2021-05-24,5.159,5.7293,0.5703,1.0
2021-05-25,5.325,5.895300000000001,0.5703,1.0
2021-05-26,5.326,5.8963,0.5703,1.0
2021-05-27,5.345,5.9153,0.5703,1.0
2021-05-28,5.33,5.9003,0.5703,1.0
2021-05-31,5.337,5.907299999999999,0.5703,1.0
2021-06-01,5.344,5.914300000000001,0.5703,1.0
2021-06-02,5.303,5.8733,0.5703,1.0
2021-06-03,5.262,5.8323,0.5703,1.0
2021-06-04,5.295,5.8652999999999995,0.5703,1.0
2021-06-07,5.29,5.8603000000000005,0.5703,1.0
2021-06-08,5.249,5.8193,0.5703,1.0
2021-06-09,5.253,5.8233,0.5703,1.0
2021-06-10,5.29,5.8603000000000005,0.5703,1.0
2021-06-11,5.239,5.8093,0.5703,1.0
2021-06-15,5.178,5.7483,0.5703,1.0
2021-06-16,5.108,5.6783,0.5703,1.0
2021-06-17,5.117,5.6873000000000005,0.5703,1.0
2021-06-18,5.126,5.696300000000001,0.5703,1.0
2021-06-21,5.117,5.6873000000000005,0.5703,1.0
2021-06-22,5.143,5.7133,0.5703,1.0
2021-06-23,5.172,5.7423,0.5703,1.0
2021-06-24,5.189,5.7593,0.5703,1.0
2021-06-25,5.267,5.837300000000001,0.5703,1.0
2021-06-28,5.278,5.8483,0.5703,1.0
2021-06-29,5.225,5.795299999999999,0.5703,1.0
2021-06-30,5.255,5.8253,0.5703,1.0
2021-07-01,5.254,5.824299999999999,0.5703,1.0
2021-07-02,5.117,5.6873000000000005,0.5703,1.0
2021-07-05,5.123,5.693300000000001,0.5703,1.0
2021-07-06,5.125,5.6953,0.5703,1.0
2021-07-07,5.181,5.7513000000000005,0.5703,1.0
2021-07-08,5.136,5.706300000000001,0.5703,1.0
2021-07-09,5.112,5.6823,0.5703,1.0
2021-07-12,5.178,5.7483,0.5703,1.0
2021-07-13,5.194,5.7643,0.5703,1.0
2021-07-14,5.14,5.7103,0.5703,1.0
2021-07-15,5.205,5.7753,0.5703,1.0
2021-07-16,5.161,5.731299999999999,0.5703,1.0
2021-07-19,5.177,5.747299999999999,0.5703,1.0
2021-07-20,5.164,5.734299999999999,0.5703,1.0
2021-07-21,5.204,5.7743,0.5703,1.0
2021-07-22,5.209,5.779299999999999,0.5703,1.0
2021-07-23,5.157,5.7273,0.5703,1.0
2021-07-26,4.988,5.558300000000001,0.5703,1.0
2021-07-27,4.808,5.378299999999999,0.5703,1.0
2021-07-28,4.814,5.3843,0.5703,1.0
2021-07-29,4.906,5.4763,0.5703,1.0
2021-07-30,4.878,5.4483,0.5703,1.0
2021-08-02,5.001,5.571300000000001,0.5703,1.0
2021-08-03,4.994,5.564299999999999,0.5703,1.0
2021-08-04,5.047,5.6173,0.5703,1.0
2021-08-05,5.007,5.577299999999999,0.5703,1.0
2021-08-06,4.992,5.5623000000000005,0.5703,1.0
2021-08-09,5.046,5.616300000000001,0.5703,1.0
2021-08-10,5.112,5.6823,0.5703,1.0
2021-08-11,5.082,5.6523,0.5703,1.0
2021-08-12,5.046,5.616300000000001,0.5703,1.0
2021-08-13,5.02,5.590299999999999,0.5703,1.0
2021-08-16,5.018,5.5883,0.5703,1.0
2021-08-17,4.905,5.475300000000001,0.5703,1.0
2021-08-18,4.96,5.5303,0.5703,1.0
2021-08-19,4.926,5.4963,0.5703,1.0
2021-08-20,4.84,5.410299999999999,0.5703,1.0
2021-08-23,4.907,5.4773,0.5703,1.0
2021-08-24,4.96,5.5303,0.5703,1.0
2021-08-25,4.97,5.5403,0.5703,1.0
2021-08-26,4.888,5.4582999999999995,0.5703,1.0
2021-08-27,4.899,5.4693000000000005,0.5703,1.0
2021-08-30,4.884,5.4543,0.5703,1.0
2021-08-31,4.889,5.459300000000001,0.5703,1.0
2021-09-01,4.953,5.523300000000001,0.5703,1.0
2021-09-02,4.947,5.5173000000000005,0.5703,1.0
2021-09-03,4.922,5.4923,0.5703,1.0
2021-09-06,5.006,5.5763,0.5703,1.0
2021-09-07,5.068,5.638299999999999,0.5703,1.0
2021-09-08,5.046,5.616300000000001,0.5703,1.0
2021-09-09,5.043,5.613300000000001,0.5703,1.0
2021-09-10,5.094,5.664300000000001,0.5703,1.0
2021-09-13,5.066,5.6363,0.5703,1.0
2021-09-14,4.997,5.5672999999999995,0.5703,1.0
2021-09-15,4.949,5.519299999999999,0.5703,1.0
2021-09-16,4.889,5.459300000000001,0.5703,1.0
2021-09-17,4.93,5.500299999999999,0.5703,1.0
2021-09-22,4.895,5.465299999999999,0.5703,1.0
2021-09-23,4.927,5.497299999999999,0.5703,1.0
2021-09-24,4.933,5.503299999999999,0.5703,1.0
2021-09-27,4.966,5.536300000000001,0.5703,1.0
2021-09-28,4.957,5.5273,0.5703,1.0
2021-09-29,4.922,5.4923,0.5703,1.0
2021-09-30,4.937,5.507300000000001,0.5703,1.0
2021-10-08,5.01,5.580299999999999,0.5703,1.0
2021-10-11,5.009,5.5793,0.5703,1.0
2021-10-12,4.956,5.526300000000001,0.5703,1.0
2021-10-13,5.011,5.581300000000001,0.5703,1.0
2021-10-14,4.989,5.5593,0.5703,1.0
2021-10-15,5.011,5.581300000000001,0.5703,1.0
2021-10-18,4.954,5.5243,0.5703,1.0
2021-10-19,4.992,5.5623000000000005,0.5703,1.0
2021-10-20,4.987,5.5573,0.5703,1.0
2021-10-21,5.008,5.5783000000000005,0.5703,1.0
2021-10-22,5.038,5.6083,0.5703,1.0
2021-10-25,5.057,5.6273,0.5703,1.0
2021-10-26,5.043,5.613300000000001,0.5703,1.0
2021-10-27,4.979,5.549300000000001,0.5703,1.0
2021-10-28,4.953,5.523300000000001,0.5703,1.0
2021-10-29,4.984,5.5543,0.5703,1.0
2021-11-01,4.97,5.5403,0.5703,1.0
2021-11-02,4.918,5.488300000000001,0.5703,1.0
2021-11-03,4.895,5.465299999999999,0.5703,1.0
2021-11-04,4.943,5.513299999999999,0.5703,1.0
2021-11-05,4.927,5.497299999999999,0.5703,1.0
2021-11-08,4.922,5.4923,0.5703,1.0
2021-11-09,4.922,5.4923,0.5703,1.0
2021-11-10,4.894,5.4643,0.5703,1.0
2021-11-11,4.977,5.5473,0.5703,1.0
2021-11-12,4.973,5.5433,0.5703,1.0
2021-11-15,4.967,5.5373,0.5703,1.0
2021-11-16,4.967,5.5373,0.5703,1.0
2021-11-17,4.962,5.532299999999999,0.5703,1.0
2021-11-18,4.92,5.4902999999999995,0.5703,1.0
2021-11-19,4.971,5.5413,0.5703,1.0
2021-11-22,4.995,5.565300000000001,0.5703,1.0
2021-11-23,4.989,5.5593,0.5703,1.0
2021-11-24,4.994,5.564299999999999,0.5703,1.0
2021-11-25,4.978,5.548299999999999,0.5703,1.0
2021-11-26,4.943,5.513299999999999,0.5703,1.0
2021-11-29,4.933,5.503299999999999,0.5703,1.0
2021-11-30,4.914,5.484299999999999,0.5703,1.0
2021-12-01,4.923,5.4933,0.5703,1.0
2021-12-02,4.938,5.5083,0.5703,1.0
2021-12-03,4.981,5.5512999999999995,0.5703,1.0
2021-12-06,4.974,5.5443,0.5703,1.0
2021-12-07,5.0,5.5703,0.5703,1.0
2021-12-08,5.074,5.644299999999999,0.5703,1.0
2021-12-09,5.151,5.721299999999999,0.5703,1.0
2021-12-10,5.136,5.706300000000001,0.5703,1.0
2021-12-13,5.157,5.7273,0.5703,1.0
2021-12-14,5.129,5.699299999999999,0.5703,1.0
2021-12-15,5.081,5.651300000000001,0.5703,1.0
2021-12-16,5.111,5.6813,0.5703,1.0
2021-12-17,5.038,5.6083,0.5703,1.0
2021-12-20,4.964,5.5343,0.5703,1.0
2021-12-21,4.983,5.5533,0.5703,1.0
2021-12-22,4.987,5.5573,0.5703,1.0
2021-12-23,5.022,5.5923,0.5703,1.0
2021-12-24,5.0,5.5703,0.5703,1.0
2021-12-27,5.003,5.5733,0.5703,1.0
2021-12-28,5.026,5.596299999999999,0.5703,1.0
2021-12-29,4.963,5.5333000000000006,0.5703,1.0
2021-12-30,4.998,5.568300000000001,0.5703,1.0
2021-12-31,5.011,5.581300000000001,0.5703,1.0
2022-01-04,4.993,5.5633,0.5703,1.0
2022-01-05,4.944,5.5143,0.5703,1.0
2022-01-06,4.886,5.456300000000001,0.5703,1.0
2022-01-07,4.898,5.468299999999999,0.5703,1.0
2022-01-10,4.91,5.4803,0.5703,1.0
2022-01-11,4.867,5.4373000000000005,0.5703,1.0
2022-01-12,4.92,5.4902999999999995,0.5703,1.0
2022-01-13,4.837,5.407299999999999,0.5703,1.0
2022-01-14,4.796,5.366300000000001,0.5703,1.0
2022-01-17,4.762,5.4113,0.6493,1.0
2022-01-18,4.805,5.4543,0.6493,1.0
2022-01-19,4.773,5.4223,0.6493,1.0
2022-01-20,4.809,5.4583,0.6493,1.0
2022-01-21,4.78,5.4293000000000005,0.6493,1.0
2022-01-24,4.781,5.4303,0.6493,1.0
2022-01-25,4.675,5.3243,0.6493,1.0
2022-01-26,4.7,5.3493,0.6493,1.0
2022-01-27,4.619,5.2683,0.6493,1.0
2022-01-28,4.553,5.2023,0.6493,1.0
2022-02-07,4.623,5.2723,0.6493,1.0
2022-02-08,4.609,5.2583,0.6493,1.0
2022-02-09,4.644,5.2933,0.6493,1.0
2022-02-10,4.63,5.2793,0.6493,1.0
2022-02-11,4.592,5.2413,0.6493,1.0
2022-02-14,4.546,5.1953000000000005,0.6493,1.0
2022-02-15,4.586,5.2353000000000005,0.6493,1.0
2022-02-16,4.605,5.254300000000001,0.6493,1.0
2022-02-17,4.616,5.2653,0.6493,1.0
2022-02-18,4.64,5.2893,0.6493,1.0
2022-02-21,4.626,5.2753000000000005,0.6493,1.0
2022-02-22,4.566,5.2153,0.6493,1.0
2022-02-23,4.613,5.262300000000001,0.6493,1.0
2022-02-24,4.525,5.174300000000001,0.6493,1.0
2022-02-25,4.561,5.2103,0.6493,1.0
2022-02-28,4.566,5.2153,0.6493,1.0
2022-03-01,4.606,5.2553,0.6493,1.0
2022-03-02,4.571,5.2203,0.6493,1.0
2022-03-03,4.541,5.190300000000001,0.6493,1.0
2022-03-04,4.49,5.1393,0.6493,1.0
2022-03-07,4.352,5.0013000000000005,0.6493,1.0
2022-03-08,4.248,4.8973,0.6493,1.0
2022-03-09,4.213,4.8623,0.6493,1.0
2022-03-10,4.275,4.924300000000001,0.6493,1.0
2022-03-11,4.31,4.9593,0.6493,1.0
2022-03-14,4.166,4.815300000000001,0.6493,1.0
2022-03-15,3.965,4.6143,0.6493,1.0
2022-03-16,4.144,4.7933,0.6493,1.0
2022-03-17,4.228,4.8773,0.6493,1.0
2022-03-18,4.255,4.9043,0.6493,1.0
2022-03-21,4.247,4.8963,0.6493,1.0
2022-03-22,4.253,4.9023,0.6493,1.0
2022-03-23,4.264,4.9133000000000004,0.6493,1.0
2022-03-24,4.241,4.8903,0.6493,1.0
2022-03-25,4.169,4.8183,0.6493,1.0
2022-03-28,4.138,4.7873,0.6493,1.0
2022-03-29,4.117,4.7663,0.6493,1.0
2022-03-30,4.248,4.8973,0.6493,1.0
2022-03-31,4.213,4.8623,0.6493,1.0
2022-04-01,4.263,4.9123,0.6493,1.0
2022-04-06,4.255,4.9043,0.6493,1.0
2022-04-07,4.203,4.8523000000000005,0.6493,1.0
2022-04-08,4.228,4.8773,0.6493,1.0
2022-04-11,4.095,4.7443,0.6493,1.0
2022-04-12,4.167,4.8163,0.6493,1.0
2022-04-13,4.133,4.7823,0.6493,1.0
2022-04-14,4.182,4.831300000000001,0.6493,1.0
2022-04-15,4.178,4.8273,0.6493,1.0
2022-04-18,4.157,4.8063,0.6493,1.0
2022-04-19,4.131,4.7803,0.6493,1.0
2022-04-20,4.064,4.7133,0.6493,1.0
2022-04-21,3.99,4.6393,0.6493,1.0
2022-04-22,4.002,4.6513,0.6493,1.0
2022-04-25,3.803,4.4523,0.6493,1.0
2022-04-26,3.778,4.4273,0.6493,1.0
2022-04-27,3.884,4.5333,0.6493,1.0
2022-04-28,3.912,4.5613,0.6493,1.0
2022-04-29,4.011,4.6603,0.6493,1.0
2022-05-05,3.996,4.6453,0.6493,1.0
2022-05-06,3.907,4.5563,0.6493,1.0
2022-05-09,3.875,4.5243,0.6493,1.0
2022-05-10,3.911,4.5603,0.6493,1.0
2022-05-11,3.964,4.6133,0.6493,1.0
2022-05-12,3.946,4.5953,0.6493,1.0
2022-05-13,3.977,4.6263,0.6493,1.0
2022-05-16,3.945,4.5943,0.6493,1.0
2022-05-17,3.996,4.6453,0.6493,1.0
2022-05-18,3.981,4.6303,0.6493,1.0
2022-05-19,3.99,4.6393,0.6493,1.0
2022-05-20,4.074,4.7233,0.6493,1.0
2022-05-23,4.042,4.6913,0.6493,1.0
2022-05-24,3.959,4.6083,0.6493,1.0
2022-05-25,3.978,4.6273,0.6493,1.0
2022-05-26,3.988,4.6373,0.6493,1.0
2022-05-27,3.999,4.6483,0.6493,1.0
2022-05-30,4.021,4.6703,0.6493,1.0
2022-05-31,4.085,4.7343,0.6493,1.0
2022-06-01,4.08,4.7293,0.6493,1.0
2022-06-02,4.091,4.7403,0.6493,1.0
2022-06-06,4.168,4.8173,0.6493,1.0
2022-06-07,4.176,4.8253,0.6493,1.0
2022-06-08,4.219,4.8683000000000005,0.6493,1.0
2022-06-09,4.184,4.8333,0.6493,1.0
2022-06-10,4.242,4.8913,0.6493,1.0
2022-06-13,4.195,4.8443000000000005,0.6493,1.0
2022-06-14,4.236,4.8853,0.6493,1.0
2022-06-15,4.282,4.9313,0.6493,1.0
2022-06-16,4.255,4.9043,0.6493,1.0
2022-06-17,4.322,4.9713,0.6493,1.0
2022-06-20,4.339,4.988300000000001,0.6493,1.0
2022-06-21,4.342,4.9913,0.6493,1.0
2022-06-22,4.289,4.9383,0.6493,1.0
2022-06-23,4.362,5.0113,0.6493,1.0
2022-06-24,4.412,5.0613,0.6493,1.0
2022-06-27,4.461,5.1103000000000005,0.6493,1.0
2022-06-28,4.514,5.1633000000000004,0.6493,1.0
2022-06-29,4.459,5.1083,0.6493,1.0
2022-06-30,4.508,5.1573,0.6493,1.0
2022-07-01,4.493,5.1423000000000005,0.6493,1.0
2022-07-04,4.52,5.1693,0.6493,1.0
2022-07-05,4.511,5.1603,0.6493,1.0
2022-07-06,4.452,5.1013,0.6493,1.0
2022-07-07,4.468,5.1173,0.6493,1.0
2022-07-08,4.461,5.1103000000000005,0.6493,1.0
2022-07-11,4.388,5.0373,0.6493,1.0
2022-07-12,4.352,5.0013000000000005,0.6493,1.0
2022-07-13,4.358,5.0073,0.6493,1.0
2022-07-14,4.361,5.0103,0.6493,1.0
2022-07-15,4.303,4.9523,0.6493,1.0
2022-07-18,4.339,4.988300000000001,0.6493,1.0
2022-07-19,4.319,4.9683,0.6493,1.0
2022-07-20,4.33,4.9793,0.6493,1.0
2022-07-21,4.286,4.9353,0.6493,1.0
2022-07-22,4.287,4.9363,0.6493,1.0
2022-07-25,4.269,4.9183,0.6493,1.0
2022-07-26,4.297,4.9463,0.6493,1.0
2022-07-27,4.276,4.9253,0.6493,1.0
2022-07-28,4.28,4.9293000000000005,0.6493,1.0
2022-07-29,4.218,4.8673,0.6493,1.0
2022-08-01,4.24,4.8893,0.6493,1.0
2022-08-02,4.166,4.815300000000001,0.6493,1.0
2022-08-03,4.12,4.7693,0.6493,1.0
2022-08-04,4.152,4.8013,0.6493,1.0
2022-08-05,4.215,4.8643,0.6493,1.0
2022-08-08,4.205,4.8543,0.6493,1.0
2022-08-09,4.211,4.8603000000000005,0.6493,1.0
2022-08-10,4.166,4.815300000000001,0.6493,1.0
2022-08-11,4.254,4.9033,0.6493,1.0
2022-08-12,4.254,4.9033,0.6493,1.0
2022-08-15,4.244,4.8933,0.6493,1.0
2022-08-16,4.233,4.8823,0.6493,1.0
2022-08-17,4.275,4.924300000000001,0.6493,1.0
2022-08-18,4.24,4.8893,0.6493,1.0
2022-08-19,4.211,4.8603000000000005,0.6493,1.0
2022-08-22,4.237,4.8863,0.6493,1.0
2022-08-23,4.224,4.8733,0.6493,1.0
2022-08-24,4.152,4.8013,0.6493,1.0
2022-08-25,4.181,4.8303,0.6493,1.0
2022-08-26,4.177,4.8263,0.6493,1.0
2022-08-29,4.151,4.8003,0.6493,1.0
2022-08-30,4.144,4.7933,0.6493,1.0
2022-08-31,4.139,4.7883000000000004,0.6493,1.0
2022-09-01,4.108,4.7573,0.6493,1.0
2022-09-02,4.087,4.7363,0.6493,1.0
2022-09-05,4.081,4.730300000000001,0.6493,1.0
2022-09-06,4.113,4.762300000000001,0.6493,1.0
2022-09-07,4.12,4.7693,0.6493,1.0
2022-09-08,4.103,4.7523,0.6493,1.0
2022-09-09,4.159,4.8083,0.6493,1.0
2022-09-13,4.171,4.8203000000000005,0.6493,1.0
2022-09-14,4.129,4.7783,0.6493,1.0
2022-09-15,4.093,4.7423,0.6493,1.0
2022-09-16,4.002,4.6513,0.6493,1.0
2022-09-19,3.99,4.6393,0.6493,1.0
2022-09-20,3.99,4.6393,0.6493,1.0
2022-09-21,3.962,4.6113,0.6493,1.0
2022-09-22,3.933,4.5823,0.6493,1.0
2022-09-23,3.922,4.5713,0.6493,1.0
2022-09-26,3.896,4.5453,0.6493,1.0
2022-09-27,3.948,4.5973,0.6493,1.0
2022-09-28,3.891,4.5403,0.6493,1.0
2022-09-29,3.893,4.5423,0.6493,1.0
2022-09-30,3.865,4.5143,0.6493,1.0
2022-10-10,3.781,4.4303,0.6493,1.0
2022-10-11,3.785,4.4343,0.6493,1.0
2022-10-12,3.842,4.4913,0.6493,1.0
2022-10-13,3.814,4.4633,0.6493,1.0
2022-10-14,3.903,4.5523,0.6493,1.0
2022-10-17,3.901,4.5503,0.6493,1.0
2022-10-18,3.901,4.5503,0.6493,1.0
2022-10-19,3.832,4.4813,0.6493,1.0
2022-10-20,3.82,4.4693,0.6493,1.0
2022-10-21,3.799,4.4483,0.6493,1.0
2022-10-24,3.702,4.3513,0.6493,1.0
2022-10-25,3.681,4.3303,0.6493,1.0
2022-10-26,3.712,4.3613,0.6493,1.0
2022-10-27,3.688,4.3373,0.6493,1.0
2022-10-28,3.6,4.2493,0.6493,1.0
2022-10-31,3.564,4.2133,0.6493,1.0
2022-11-01,3.696,4.3453,0.6493,1.0
2022-11-02,3.736,4.3853,0.6493,1.0
2022-11-03,3.705,4.3543,0.6493,1.0
2022-11-04,3.831,4.4803,0.6493,1.0
2022-11-07,3.833,4.4823,0.6493,1.0
2022-11-08,3.809,4.4583,0.6493,1.0
2022-11-09,3.769,4.4183,0.6493,1.0
2022-11-10,3.747,4.3963,0.6493,1.0
2022-11-11,3.845,4.4943,0.6493,1.0
2022-11-14,3.85,4.4993,0.6493,1.0
2022-11-15,3.925,4.5743,0.6493,1.0
2022-11-16,3.893,4.5423,0.6493,1.0
2022-11-17,3.876,4.5253,0.6493,1.0
2022-11-18,3.865,4.5143,0.6493,1.0
2022-11-21,3.833,4.4823,0.6493,1.0
2022-11-22,3.832,4.4813,0.6493,1.0
2022-11-23,3.832,4.4813,0.6493,1.0
2022-11-24,3.815,4.4643,0.6493,1.0
2022-11-25,3.835,4.4843,0.6493,1.0
2022-11-28,3.791,4.4403,0.6493,1.0
2022-11-29,3.911,4.5603,0.6493,1.0
2022-11-30,3.91,4.5593,0.6493,1.0
2022-12-01,3.955,4.6043,0.6493,1.0
2022-12-02,3.931,4.5803,0.6493,1.0
2022-12-05,4.004,4.6533,0.6493,1.0
2022-12-06,4.027,4.6763,0.6493,1.0
2022-12-07,4.019,4.6683,0.6493,1.0
2022-12-08,4.026,4.6753,0.6493,1.0
2022-12-09,4.06,4.7093,0.6493,1.0
2022-12-12,4.015,4.6643,0.6493,1.0
2022-12-13,4.003,4.6523,0.6493,1.0
2022-12-14,4.019,4.6683,0.6493,1.0
2022-12-15,4.013,4.6623,0.6493,1.0
2022-12-16,4.017,4.666300000000001,0.6493,1.0
2022-12-19,3.959,4.6083,0.6493,1.0
2022-12-20,3.896,4.5453,0.6493,1.0
2022-12-21,3.892,4.5413,0.6493,1.0
2022-12-22,3.9,4.5493,0.6493,1.0
2022-12-23,3.891,4.5403,0.6493,1.0
2022-12-26,3.904,4.5533,0.6493,1.0
2022-12-27,3.951,4.6003,0.6493,1.0
2022-12-28,3.936,4.5853,0.6493,1.0
2022-12-29,3.924,4.5733,0.6493,1.0
2022-12-30,3.941,4.5903,0.6493,1.0
2023-01-03,3.949,4.5983,0.6493,1.0
2023-01-04,3.96,4.6093,0.6493,1.0
2023-01-05,4.03,4.6793000000000005,0.6493,1.0
2023-01-06,4.046,4.6953000000000005,0.6493,1.0
2023-01-09,4.079,4.7283,0.6493,1.0
2023-01-10,4.081,4.730300000000001,0.6493,1.0
2023-01-11,4.08,4.7293,0.6493,1.0
2023-01-12,4.085,4.7343,0.6493,1.0
2023-01-13,4.147,4.7963000000000005,0.6493,1.0
2023-01-16,4.138,4.8523,0.7143,1.0
2023-01-17,4.139,4.8533,0.7143,1.0
2023-01-18,4.13,4.8443,0.7143,1.0
2023-01-19,4.154,4.8683,0.7143,1.0
2023-01-20,4.179,4.8933,0.7143,1.0
2023-01-30,4.203,4.9173,0.7143,1.0
2023-01-31,4.154,4.8683,0.7143,1.0
2023-02-01,4.19,4.9043,0.7143,1.0
2023-02-02,4.182,4.8963,0.7143,1.0
2023-02-03,4.146,4.8603,0.7143,1.0
2023-02-06,4.078,4.7923,0.7143,1.0
2023-02-07,4.093,4.8073,0.7143,1.0
2023-02-08,4.073,4.7873,0.7143,1.0
2023-02-09,4.127,4.8412999999999995,0.7143,1.0
2023-02-10,4.104,4.8183,0.7143,1.0
2023-02-13,4.138,4.8523,0.7143,1.0
2023-02-14,4.146,4.8603,0.7143,1.0
2023-02-15,4.121,4.8353,0.7143,1.0
2023-02-16,4.089,4.8033,0.7143,1.0
2023-02-17,4.03,4.7443,0.7143,1.0
2023-02-20,4.136,4.8503,0.7143,1.0
2023-02-21,4.14,4.854299999999999,0.7143,1.0
2023-02-22,4.101,4.8153,0.7143,1.0
2023-02-23,4.102,4.8163,0.7143,1.0
2023-02-24,4.062,4.7763,0.7143,1.0
2023-02-27,4.047,4.761299999999999,0.7143,1.0
2023-02-28,4.074,4.7883,0.7143,1.0
2023-03-01,4.125,4.8393,0.7143,1.0
2023-03-02,4.12,4.8343,0.7143,1.0
2023-03-03,4.127,4.8412999999999995,0.7143,1.0
2023-03-06,4.102,4.8163,0.7143,1.0
2023-03-07,4.046,4.7603,0.7143,1.0
2023-03-08,4.031,4.745299999999999,0.7143,1.0
2023-03-09,4.02,4.734299999999999,0.7143,1.0
2023-03-10,3.964,4.6783,0.7143,1.0
2023-03-13,4.006,4.7203,0.7143,1.0
2023-03-14,3.983,4.6973,0.7143,1.0
2023-03-15,3.982,4.6963,0.7143,1.0
2023-03-16,3.937,4.6513,0.7143,1.0
2023-03-17,3.959,4.6733,0.7143,1.0
2023-03-20,3.937,4.6513,0.7143,1.0
2023-03-21,3.977,4.6913,0.7143,1.0
2023-03-22,3.995,4.7093,0.7143,1.0
2023-03-23,4.035,4.7493,0.7143,1.0
2023-03-24,4.029,4.7433,0.7143,1.0
2023-03-27,4.008,4.7223,0.7143,1.0
2023-03-28,4.001,4.7153,0.7143,1.0
2023-03-29,4.001,4.7153,0.7143,1.0
2023-03-30,4.042,4.7562999999999995,0.7143,1.0
2023-03-31,4.052,4.766299999999999,0.7143,1.0
2023-04-03,4.083,4.7973,0.7143,1.0
2023-04-04,4.102,4.8163,0.7143,1.0
2023-04-06,4.092,4.806299999999999,0.7143,1.0
2023-04-07,4.119,4.8332999999999995,0.7143,1.0
2023-04-10,4.103,4.8172999999999995,0.7143,1.0
2023-04-11,4.094,4.8083,0.7143,1.0
2023-04-12,4.091,4.8053,0.7143,1.0
2023-04-13,4.067,4.7813,0.7143,1.0
2023-04-14,4.088,4.8023,0.7143,1.0
2023-04-17,4.148,4.862299999999999,0.7143,1.0
2023-04-18,4.155,4.8693,0.7143,1.0
2023-04-19,4.121,4.8353,0.7143,1.0
2023-04-20,4.105,4.8193,0.7143,1.0
2023-04-21,4.034,4.7482999999999995,0.7143,1.0
2023-04-24,3.983,4.6973,0.7143,1.0
2023-04-25,3.964,4.6783,0.7143,1.0
2023-04-26,3.954,4.6683,0.7143,1.0
2023-04-27,3.988,4.7023,0.7143,1.0
2023-04-28,4.028,4.742299999999999,0.7143,1.0
2023-05-04,4.028,4.742299999999999,0.7143,1.0
2023-05-05,4.014,4.7283,0.7143,1.0
2023-05-08,4.057,4.7713,0.7143,1.0
2023-05-09,4.023,4.737299999999999,0.7143,1.0
2023-05-10,3.99,4.7043,0.7143,1.0
2023-05-11,3.986,4.7003,0.7143,1.0
2023-05-12,3.934,4.6483,0.7143,1.0
2023-05-15,3.997,4.7113,0.7143,1.0
2023-05-16,3.981,4.6953,0.7143,1.0
2023-05-17,3.956,4.6703,0.7143,1.0
2023-05-18,3.953,4.6673,0.7143,1.0
2023-05-19,3.947,4.6613,0.7143,1.0
2023-05-22,3.968,4.6823,0.7143,1.0
2023-05-23,3.911,4.6253,0.7143,1.0
2023-05-24,3.862,4.5763,0.7143,1.0
2023-05-25,3.849,4.5633,0.7143,1.0
2023-05-26,3.851,4.5653,0.7143,1.0
2023-05-29,3.838,4.5523,0.7143,1.0
2023-05-30,3.839,4.5533,0.7143,1.0
2023-05-31,3.805,4.5193,0.7143,1.0
2023-06-01,3.812,4.5263,0.7143,1.0
2023-06-02,3.867,4.5813,0.7143,1.0
2023-06-05,3.849,4.5633,0.7143,1.0
2023-06-06,3.811,4.5253,0.7143,1.0
2023-06-07,3.8,4.5142999999999995,0.7143,1.0
2023-06-08,3.83,4.5443,0.7143,1.0
2023-06-09,3.847,4.5613,0.7143,1.0
2023-06-12,3.851,4.5653,0.7143,1.0
2023-06-13,3.876,4.5903,0.7143,1.0
2023-06-14,3.879,4.5933,0.7143,1.0
2023-06-15,3.943,4.6573,0.7143,1.0
2023-06-16,3.98,4.6943,0.7143,1.0
2023-06-19,3.952,4.6663,0.7143,1.0
2023-06-20,3.945,4.6593,0.7143,1.0
2023-06-21,3.889,4.6033,0.7143,1.0
2023-06-26,3.847,4.5613,0.7143,1.0
2023-06-27,3.873,4.5873,0.7143,1.0
2023-06-28,3.88,4.5943,0.7143,1.0
2023-06-29,3.865,4.5793,0.7143,1.0
2023-06-30,3.886,4.6003,0.7143,1.0
2023-07-03,3.931,4.6453,0.7143,1.0
2023-07-04,3.943,4.6573,0.7143,1.0
2023-07-05,3.909,4.6232999999999995,0.7143,1.0
2023-07-06,3.883,4.5973,0.7143,1.0
2023-07-07,3.87,4.5843,0.7143,1.0
2023-07-10,3.889,4.6033,0.7143,1.0
2023-07-11,3.914,4.6283,0.7143,1.0
2023-07-12,3.893,4.6072999999999995,0.7143,1.0
2023-07-13,3.957,4.6713,0.7143,1.0
2023-07-14,3.956,4.6703,0.7143,1.0
2023-07-17,3.928,4.6423,0.7143,1.0
2023-07-18,3.922,4.6363,0.7143,1.0
2023-07-19,3.92,4.6343,0.7143,1.0
2023-07-20,3.891,4.6053,0.7143,1.0
2023-07-21,3.895,4.6093,0.7143,1.0
2023-07-24,3.877,4.5912999999999995,0.7143,1.0
2023-07-25,3.988,4.7023,0.7143,1.0
2023-07-26,3.98,4.6943,0.7143,1.0
2023-07-27,3.975,4.6893,0.7143,1.0
2023-07-28,4.073,4.7873,0.7143,1.0
2023-07-31,4.088,4.8023,0.7143,1.0
2023-08-01,4.073,4.7873,0.7143,1.0
2023-08-02,4.043,4.7573,0.7143,1.0
2023-08-03,4.078,4.7923,0.7143,1.0
2023-08-04,4.096,4.8103,0.7143,1.0
2023-08-07,4.068,4.782299999999999,0.7143,1.0
2023-08-08,4.054,4.7683,0.7143,1.0
2023-08-09,4.044,4.758299999999999,0.7143,1.0
2023-08-10,4.05,4.7642999999999995,0.7143,1.0
2023-08-11,3.953,4.6673,0.7143,1.0
2023-08-14,3.928,4.6423,0.7143,1.0
2023-08-15,3.923,4.6373,0.7143,1.0
2023-08-16,3.893,4.6072999999999995,0.7143,1.0
2023-08-17,3.907,4.6213,0.7143,1.0
2023-08-18,3.856,4.5703,0.7143,1.0
2023-08-21,3.8,4.5142999999999995,0.7143,1.0
2023-08-22,3.829,4.5433,0.7143,1.0
2023-08-23,3.772,4.4863,0.7143,1.0
2023-08-24,3.794,4.5083,0.7143,1.0
2023-08-25,3.785,4.4993,0.7143,1.0
2023-08-28,3.826,4.5403,0.7143,1.0
2023-08-29,3.862,4.5763,0.7143,1.0
2023-08-30,3.863,4.5773,0.7143,1.0
2023-08-31,3.844,4.5583,0.7143,1.0
2023-09-01,3.867,4.5813,0.7143,1.0
2023-09-04,3.929,4.6433,0.7143,1.0
2023-09-05,3.9,4.6143,0.7143,1.0
2023-09-06,3.889,4.6033,0.7143,1.0
2023-09-07,3.833,4.5473,0.7143,1.0
2023-09-08,3.814,4.5283,0.7143,1.0
2023-09-11,3.843,4.5573,0.7143,1.0
2023-09-12,3.839,4.5533,0.7143,1.0
2023-09-13,3.813,4.5273,0.7143,1.0
2023-09-14,3.811,4.5253,0.7143,1.0
2023-09-15,3.792,4.5062999999999995,0.7143,1.0
2023-09-18,3.805,4.5193,0.7143,1.0
2023-09-19,3.799,4.5133,0.7143,1.0
2023-09-20,3.782,4.4963,0.7143,1.0
2023-09-21,3.746,4.4603,0.7143,1.0
2023-09-22,3.823,4.5373,0.7143,1.0
2023-09-25,3.794,4.5083,0.7143,1.0
2023-09-26,3.774,4.4883,0.7143,1.0
2023-09-27,3.782,4.4963,0.7143,1.0
2023-09-28,3.766,4.4803,0.7143,1.0
2023-10-09,3.76,4.4742999999999995,0.7143,1.0
2023-10-10,3.73,4.4443,0.7143,1.0
2023-10-11,3.739,4.4533,0.7143,1.0
2023-10-12,3.775,4.4893,0.7143,1.0
2023-10-13,3.739,4.4533,0.7143,1.0
2023-10-16,3.698,4.4123,0.7143,1.0
2023-10-17,3.709,4.4233,0.7143,1.0
2023-10-18,3.679,4.3933,0.7143,1.0
2023-10-19,3.603,4.3173,0.7143,1.0
2023-10-20,3.587,4.3013,0.7143,1.0
2023-10-23,3.542,4.2562999999999995,0.7143,1.0
2023-10-24,3.557,4.2713,0.7143,1.0
2023-10-25,3.575,4.2893,0.7143,1.0
2023-10-26,3.585,4.2993,0.7143,1.0
2023-10-27,3.641,4.3553,0.7143,1.0
2023-10-30,3.66,4.3743,0.7143,1.0
2023-10-31,3.648,4.3623,0.7143,1.0
2023-11-01,3.646,4.3603,0.7143,1.0
2023-11-02,3.63,4.3443,0.7143,1.0
2023-11-03,3.658,4.3723,0.7143,1.0
2023-11-06,3.708,4.4223,0.7143,1.0
2023-11-07,3.696,4.4103,0.7143,1.0
2023-11-08,3.686,4.4003,0.7143,1.0
2023-11-09,3.689,4.4033,0.7143,1.0
2023-11-10,3.66,4.3743,0.7143,1.0
2023-11-13,3.654,4.3683,0.7143,1.0
2023-11-14,3.655,4.3693,0.7143,1.0
2023-11-15,3.68,4.3943,0.7143,1.0
2023-11-16,3.644,4.3583,0.7143,1.0
2023-11-17,3.639,4.3533,0.7143,1.0
2023-11-20,3.649,4.3633,0.7143,1.0
2023-11-21,3.655,4.3693,0.7143,1.0
2023-11-22,3.615,4.3293,0.7143,1.0
2023-11-23,3.635,4.3492999999999995,0.7143,1.0
2023-11-24,3.61,4.3243,0.7143,1.0
2023-11-27,3.586,4.3003,0.7143,1.0
2023-11-28,3.589,4.3033,0.7143,1.0
2023-11-29,3.562,4.2763,0.7143,1.0
2023-11-30,3.567,4.2813,0.7143,1.0
2023-12-01,3.554,4.2683,0.7143,1.0
2023-12-04,3.529,4.2433,0.7143,1.0
2023-12-05,3.463,4.1773,0.7143,1.0
2023-12-06,3.467,4.1813,0.7143,1.0
2023-12-07,3.461,4.1753,0.7143,1.0
2023-12-08,3.469,4.1833,0.7143,1.0
2023-12-11,3.496,4.2103,0.7143,1.0
2023-12-12,3.5,4.2143,0.7143,1.0
2023-12-13,3.442,4.1563,0.7143,1.0
2023-12-14,3.427,4.1413,0.7143,1.0
2023-12-15,3.419,4.1333,0.7143,1.0
2023-12-18,3.403,4.1173,0.7143,1.0
2023-12-19,3.408,4.1223,0.7143,1.0
2023-12-20,3.374,4.0883,0.7143,1.0
2023-12-21,3.406,4.1203,0.7143,1.0
2023-12-22,3.412,4.1263,0.7143,1.0
2023-12-25,3.421,4.1353,0.7143,1.0
2023-12-26,3.401,4.1152999999999995,0.7143,1.0
2023-12-27,3.41,4.1243,0.7143,1.0
2023-12-28,3.494,4.2083,0.7143,1.0
2023-12-29,3.506,4.2203,0.7143,1.0
2024-01-02,3.458,4.1723,0.7143,1.0
2024-01-03,3.45,4.1643,0.7143,1.0
2024-01-04,3.423,4.1373,0.7143,1.0
2024-01-05,3.403,4.1173,0.7143,1.0
2024-01-08,3.354,4.0683,0.7143,1.0
2024-01-09,3.363,4.0773,0.7143,1.0
2024-01-10,3.347,4.0613,0.7143,1.0
2024-01-11,3.369,4.0833,0.7143,1.0
2024-01-12,3.354,4.0683,0.7143,1.0
2024-01-15,3.35,4.0643,0.7143,1.0
2024-01-16,3.371,4.0853,0.7143,1.0
2024-01-17,3.297,4.0113,0.7143,1.0
2024-01-18,3.343,4.0573,0.7143,1.0
2024-01-19,3.351,4.0653,0.7143,1.0
2024-01-22,3.282,3.9963,0.7143,1.0
2024-01-23,3.302,4.0163,0.7143,1.0
2024-01-24,3.348,4.0623,0.7143,1.0
2024-01-25,3.413,4.1273,0.7143,1.0
2024-01-26,3.403,4.1173,0.7143,1.0
2024-01-29,3.378,4.0923,0.7143,1.0
2024-01-30,3.317,4.0313,0.7143,1.0
2024-01-31,3.296,4.0103,0.7143,1.0
2024-02-01,3.29,4.0043,0.7143,1.0
2024-02-02,3.261,3.9753000000000003,0.7143,1.0
2024-02-05,3.272,3.9863,0.7143,1.0
2024-02-06,3.381,4.0953,0.7143,1.0
2024-02-07,3.412,4.1263,0.7143,1.0
2024-02-08,3.44,4.1543,0.7143,1.0
2024-02-19,3.468,4.1823,0.7143,1.0
2024-02-20,3.479,4.1933,0.7143,1.0
2024-02-21,3.527,4.2413,0.7143,1.0
2024-02-22,3.557,4.2713,0.7143,1.0
2024-02-23,3.558,4.2722999999999995,0.7143,1.0
2024-02-26,3.522,4.2363,0.7143,1.0
2024-02-27,3.565,4.2793,0.7143,1.0
2024-02-28,3.525,4.2393,0.7143,1.0
2024-02-29,3.586,4.3003,0.7143,1.0
2024-03-01,3.612,4.3263,0.7143,1.0
2024-03-04,3.608,4.3223,0.7143,1.0
2024-03-05,3.634,4.3483,0.7143,1.0
2024-03-06,3.625,4.3393,0.7143,1.0
2024-03-07,3.605,4.3193,0.7143,1.0
2024-03-08,3.616,4.3303,0.7143,1.0
2024-03-11,3.664,4.3783,0.7143,1.0
2024-03-12,3.67,4.3843,0.7143,1.0
2024-03-13,3.647,4.3613,0.7143,1.0
2024-03-14,3.635,4.3492999999999995,0.7143,1.0
2024-03-15,3.644,4.3583,0.7143,1.0
2024-03-18,3.677,4.3913,0.7143,1.0
2024-03-19,3.654,4.3683,0.7143,1.0
2024-03-20,3.655,4.3693,0.7143,1.0
2024-03-21,3.653,4.3673,0.7143,1.0
2024-03-22,3.617,4.3313,0.7143,1.0
2024-03-25,3.602,4.3163,0.7143,1.0
2024-03-26,3.613,4.3273,0.7143,1.0
2024-03-27,3.575,4.2893,0.7143,1.0
2024-03-28,3.592,4.3063,0.7143,1.0
2024-03-29,3.608,4.3223,0.7143,1.0
2024-04-01,3.667,4.3812999999999995,0.7143,1.0
2024-04-02,3.655,4.3693,0.7143,1.0
2024-04-03,3.64,4.3543,0.7143,1.0
2024-04-08,3.611,4.3253,0.7143,1.0
2024-04-09,3.606,4.3203,0.7143,1.0
2024-04-10,3.578,4.2923,0.7143,1.0
2024-04-11,3.576,4.2903,0.7143,1.0
2024-04-12,3.546,4.2603,0.7143,1.0
2024-04-15,3.621,4.3353,0.7143,1.0
2024-04-16,3.586,4.3003,0.7143,1.0
2024-04-17,3.635,4.3492999999999995,0.7143,1.0
2024-04-18,3.64,4.3543,0.7143,1.0
2024-04-19,3.615,4.3293,0.7143,1.0
2024-04-22,3.607,4.3213,0.7143,1.0
2024-04-23,3.578,4.2923,0.7143,1.0
2024-04-24,3.593,4.3073,0.7143,1.0
2024-04-25,3.603,4.3173,0.7143,1.0
2024-04-26,3.655,4.3693,0.7143,1.0
2024-04-29,3.7,4.4143,0.7143,1.0
2024-04-30,3.68,4.3943,0.7143,1.0
2024-05-06,3.733,4.4473,0.7143,1.0
2024-05-07,3.735,4.4493,0.7143,1.0
2024-05-08,3.705,4.4193,0.7143,1.0
2024-05-09,3.74,4.4543,0.7143,1.0
2024-05-10,3.743,4.4573,0.7143,1.0
2024-05-13,3.74,4.4543,0.7143,1.0
2024-05-14,3.735,4.4493,0.7143,1.0
2024-05-15,3.707,4.4213,0.7143,1.0
2024-05-16,3.721,4.4353,0.7143,1.0
2024-05-17,3.763,4.4773,0.7143,1.0
2024-05-20,3.771,4.4853,0.7143,1.0
2024-05-21,3.758,4.4723,0.7143,1.0
2024-05-22,3.765,4.4793,0.7143,1.0
2024-05-23,3.726,4.4403,0.7143,1.0
2024-05-24,3.685,4.3993,0.7143,1.0
2024-05-27,3.716,4.4303,0.7143,1.0
2024-05-28,3.693,4.4073,0.7143,1.0
2024-05-29,3.694,4.4083,0.7143,1.0
2024-05-30,3.68,4.3943,0.7143,1.0
2024-05-31,3.665,4.3793,0.7143,1.0
2024-06-03,3.669,4.3833,0.7143,1.0
2024-06-04,3.696,4.4103,0.7143,1.0
2024-06-05,3.681,4.3953,0.7143,1.0
2024-06-06,3.681,4.3953,0.7143,1.0
2024-06-07,3.658,4.3723,0.7143,1.0
2024-06-11,3.632,4.3463,0.7143,1.0
2024-06-12,3.63,4.3443,0.7143,1.0
2024-06-13,3.615,4.3293,0.7143,1.0
2024-06-14,3.635,4.3492999999999995,0.7143,1.0
2024-06-17,3.626,4.3403,0.7143,1.0
2024-06-18,3.635,4.3492999999999995,0.7143,1.0
2024-06-19,3.627,4.3412999999999995,0.7143,1.0
2024-06-20,3.6,4.3143,0.7143,1.0
2024-06-21,3.597,4.3113,0.7143,1.0
2024-06-24,3.578,4.2923,0.7143,1.0
2024-06-25,3.555,4.2693,0.7143,1.0
2024-06-26,3.577,4.2913,0.7143,1.0
2024-06-27,3.558,4.2722999999999995,0.7143,1.0
2024-06-28,3.565,4.2793,0.7143,1.0
2024-07-01,3.579,4.2933,0.7143,1.0
2024-07-02,3.574,4.2883,0.7143,1.0
2024-07-03,3.57,4.2843,0.7143,1.0
2024-07-04,3.55,4.2642999999999995,0.7143,1.0
2024-07-05,3.538,4.2523,0.7143,1.0
2024-07-08,3.509,4.2233,0.7143,1.0
2024-07-09,3.548,4.2623,0.7143,1.0
2024-07-10,3.542,4.2562999999999995,0.7143,1.0
2024-07-11,3.588,4.3023,0.7143,1.0
2024-07-12,3.601,4.3153,0.7143,1.0
2024-07-15,3.603,4.3173,0.7143,1.0
2024-07-16,3.628,4.3423,0.7143,1.0
2024-07-17,3.637,4.3513,0.7143,1.0
2024-07-18,3.656,4.3703,0.7143,1.0
2024-07-19,3.673,4.3873,0.7143,1.0
2024-07-22,3.651,4.3652999999999995,0.7143,1.0
2024-07-23,3.579,4.2933,0.7143,1.0
2024-07-24,3.556,4.2703,0.7143,1.0
2024-07-25,3.536,4.2503,0.7143,1.0
2024-07-26,3.55,4.2642999999999995,0.7143,1.0
2024-07-29,3.531,4.2453,0.7143,1.0
2024-07-30,3.51,4.2242999999999995,0.7143,1.0
2024-07-31,3.587,4.3013,0.7143,1.0
2024-08-01,3.562,4.2763,0.7143,1.0
2024-08-02,3.524,4.2383,0.7143,1.0
2024-08-05,3.485,4.1993,0.7143,1.0
2024-08-06,3.482,4.1963,0.7143,1.0
2024-08-07,3.48,4.1943,0.7143,1.0
2024-08-08,3.482,4.1963,0.7143,1.0
2024-08-09,3.47,4.1843,0.7143,1.0
2024-08-12,3.467,4.1813,0.7143,1.0
2024-08-13,3.47,4.1843,0.7143,1.0
2024-08-14,3.446,4.1603,0.7143,1.0
2024-08-15,3.482,4.1963,0.7143,1.0
2024-08-16,3.487,4.2013,0.7143,1.0
2024-08-19,3.495,4.2093,0.7143,1.0
2024-08-20,3.48,4.1943,0.7143,1.0
2024-08-21,3.462,4.1763,0.7143,1.0
2024-08-22,3.455,4.1693,0.7143,1.0
2024-08-23,3.47,4.1843,0.7143,1.0
2024-08-26,3.47,4.1843,0.7143,1.0
2024-08-27,3.453,4.1673,0.7143,1.0
2024-08-28,3.435,4.1493,0.7143,1.0
2024-08-29,3.422,4.1363,0.7143,1.0
2024-08-30,3.467,4.1813,0.7143,1.0
2024-09-02,3.406,4.1203,0.7143,1.0
2024-09-03,3.414,4.1283,0.7143,1.0
2024-09-04,3.393,4.1072999999999995,0.7143,1.0
2024-09-05,3.401,4.1152999999999995,0.7143,1.0
2024-09-06,3.373,4.0873,0.7143,1.0
2024-09-09,3.332,4.0463,0.7143,1.0
2024-09-10,3.332,4.0463,0.7143,1.0
2024-09-11,3.325,4.0393,0.7143,1.0
2024-09-12,3.316,4.0302999999999995,0.7143,1.0
2024-09-13,3.298,4.0123,0.7143,1.0
2024-09-18,3.308,4.0222999999999995,0.7143,1.0
2024-09-19,3.337,4.0513,0.7143,1.0
2024-09-20,3.343,4.0573,0.7143,1.0
2024-09-23,3.355,4.0693,0.7143,1.0
2024-09-24,3.501,4.2153,0.7143,1.0
2024-09-25,3.551,4.2653,0.7143,1.0
2024-09-26,3.723,4.4373,0.7143,1.0
2024-09-27,3.932,4.6463,0.7143,1.0
2024-09-30,4.32,5.0343,0.7143,1.0
2024-10-08,4.443,5.157299999999999,0.7143,1.0
2024-10-09,4.112,4.8263,0.7143,1.0
2024-10-10,4.181,4.8953,0.7143,1.0
2024-10-11,4.067,4.7813,0.7143,1.0
2024-10-14,4.132,4.846299999999999,0.7143,1.0
2024-10-15,4.023,4.737299999999999,0.7143,1.0
2024-10-16,3.996,4.7103,0.7143,1.0
2024-10-17,3.952,4.6663,0.7143,1.0
2024-10-18,4.103,4.8172999999999995,0.7143,1.0
2024-10-21,4.11,4.8243,0.7143,1.0
2024-10-22,4.135,4.8492999999999995,0.7143,1.0
2024-10-23,4.151,4.8652999999999995,0.7143,1.0
2024-10-24,4.106,4.8203,0.7143,1.0
2024-10-25,4.134,4.8483,0.7143,1.0
2024-10-28,4.143,4.8572999999999995,0.7143,1.0
2024-10-29,4.106,4.8203,0.7143,1.0
2024-10-30,4.062,4.7763,0.7143,1.0
2024-10-31,4.064,4.7783,0.7143,1.0
2024-11-01,4.072,4.7863,0.7143,1.0
2024-11-04,4.126,4.8403,0.7143,1.0
2024-11-05,4.234,4.9483,0.7143,1.0
2024-11-06,4.207,4.9213,0.7143,1.0
2024-11-07,4.347,5.0613,0.7143,1.0
2024-11-08,4.295,5.0093,0.7143,1.0
2024-11-11,4.315,5.0293,0.7143,1.0
2024-11-12,4.266,4.9803,0.7143,1.0
2024-11-13,4.299,5.0133,0.7143,1.0
2024-11-14,4.227,4.9413,0.7143,1.0
2024-11-15,4.15,4.8643,0.7143,1.0
2024-11-18,4.131,4.8453,0.7143,1.0
2024-11-19,4.153,4.867299999999999,0.7143,1.0
2024-11-20,4.164,4.878299999999999,0.7143,1.0
2024-11-21,4.169,4.883299999999999,0.7143,1.0
2024-11-22,4.047,4.761299999999999,0.7143,1.0
2024-11-25,4.021,4.7353,0.7143,1.0
2024-11-26,4.014,4.7283,0.7143,1.0
2024-11-27,4.082,4.7963,0.7143,1.0
2024-11-28,4.049,4.7633,0.7143,1.0
2024-11-29,4.095,4.8092999999999995,0.7143,1.0
2024-12-02,4.124,4.838299999999999,0.7143,1.0
2024-12-03,4.126,4.8403,0.7143,1.0
2024-12-04,4.106,4.8203,0.7143,1.0
2024-12-05,4.102,4.8163,0.7143,1.0
2024-12-06,4.152,4.8663,0.7143,1.0
2024-12-09,4.151,4.8652999999999995,0.7143,1.0
2024-12-10,4.184,4.8983,0.7143,1.0
2024-12-11,4.171,4.8853,0.7143,1.0
2024-12-12,4.212,4.9262999999999995,0.7143,1.0
2024-12-13,4.118,4.8323,0.7143,1.0
2024-12-16,4.09,4.8043,0.7143,1.0
2024-12-17,4.1,4.814299999999999,0.7143,1.0
2024-12-18,4.121,4.8353,0.7143,1.0
2024-12-19,4.128,4.8423,0.7143,1.0
2024-12-20,4.108,4.822299999999999,0.7143,1.0
2024-12-23,4.117,4.8313,0.7143,1.0
2024-12-24,4.164,4.878299999999999,0.7143,1.0
2024-12-25,4.167,4.8812999999999995,0.7143,1.0
2024-12-26,4.17,4.8843,0.7143,1.0
2024-12-27,4.163,4.8773,0.7143,1.0
2024-12-30,4.182,4.8963,0.7143,1.0
2024-12-31,4.115,4.8293,0.7143,1.0
2025-01-02,4.001,4.7153,0.7143,1.0
2025-01-03,3.963,4.6773,0.7143,1.0
2025-01-06,3.943,4.6573,0.7143,1.0
2025-01-07,3.973,4.6873,0.7143,1.0
2025-01-08,3.963,4.6773,0.7143,1.0
2025-01-09,3.957,4.6713,0.7143,1.0
2025-01-10,3.916,4.6303,0.7143,1.0
2025-01-13,3.833,4.613300000000001,0.7803,1.0
2025-01-14,3.93,4.7103,0.7803,1.0
2025-01-15,3.907,4.6873000000000005,0.7803,1.0
2025-01-16,3.911,4.6913,0.7803,1.0
2025-01-17,3.924,4.7043,0.7803,1.0
2025-01-20,3.941,4.721299999999999,0.7803,1.0
2025-01-21,3.946,4.7263,0.7803,1.0
2025-01-22,3.912,4.6922999999999995,0.7803,1.0
2025-01-23,3.924,4.7043,0.7803,1.0
2025-01-24,3.953,4.7333,0.7803,1.0
2025-01-27,3.936,4.7163,0.7803,1.0
2025-02-05,3.912,4.6922999999999995,0.7803,1.0
2025-02-06,3.957,4.737299999999999,0.7803,1.0
2025-02-07,4.013,4.7933,0.7803,1.0
2025-02-10,4.018,4.798299999999999,0.7803,1.0
2025-02-11,4.001,4.7813,0.7803,1.0
2025-02-12,4.038,4.818300000000001,0.7803,1.0
2025-02-13,4.029,4.8093,0.7803,1.0
2025-02-14,4.059,4.8393,0.7803,1.0
2025-02-17,4.068,4.8483,0.7803,1.0
2025-02-18,4.037,4.8172999999999995,0.7803,1.0
2025-02-19,4.06,4.840299999999999,0.7803,1.0
2025-02-20,4.048,4.8283000000000005,0.7803,1.0
2025-02-21,4.101,4.8812999999999995,0.7803,1.0
2025-02-24,4.088,4.8683,0.7803,1.0
2025-02-25,4.047,4.827299999999999,0.7803,1.0
2025-02-26,4.079,4.859299999999999,0.7803,1.0
2025-02-27,4.094,4.8743,0.7803,1.0
2025-02-28,4.018,4.798299999999999,0.7803,1.0
2025-03-03,4.003,4.7833000000000006,0.7803,1.0
2025-03-04,4.001,4.7813,0.7803,1.0
2025-03-05,4.021,4.8012999999999995,0.7803,1.0
2025-03-06,4.076,4.856299999999999,0.7803,1.0
2025-03-07,4.065,4.8453,0.7803,1.0
2025-03-10,4.049,4.8293,0.7803,1.0
2025-03-11,4.062,4.8423,0.7803,1.0
2025-03-12,4.05,4.830299999999999,0.7803,1.0
2025-03-13,4.029,4.8093,0.7803,1.0
2025-03-14,4.131,4.911300000000001,0.7803,1.0
2025-03-17,4.118,4.898300000000001,0.7803,1.0
2025-03-18,4.128,4.9083000000000006,0.7803,1.0
2025-03-19,4.134,4.914300000000001,0.7803,1.0
2025-03-20,4.099,4.879300000000001,0.7803,1.0
2025-03-21,4.036,4.8163,0.7803,1.0
2025-03-24,4.056,4.8363,0.7803,1.0
2025-03-25,4.055,4.8353,0.7803,1.0
2025-03-26,4.039,4.8193,0.7803,1.0
2025-03-27,4.052,4.8323,0.7803,1.0
2025-03-28,4.034,4.814299999999999,0.7803,1.0
2025-03-31,4.01,4.7903,0.7803,1.0
2025-04-01,4.006,4.786300000000001,0.7803,1.0
2025-04-02,4.003,4.7833000000000006,0.7803,1.0
2025-04-03,3.982,4.7623,0.7803,1.0
2025-04-07,3.675,4.455299999999999,0.7803,1.0
2025-04-08,3.754,4.5343,0.7803,1.0
2025-04-09,3.789,4.5693,0.7803,1.0
2025-04-10,3.852,4.6323,0.7803,1.0
2025-04-11,3.863,4.6433,0.7803,1.0
2025-04-14,3.872,4.6523,0.7803,1.0
2025-04-15,3.873,4.6533,0.7803,1.0
2025-04-16,3.884,4.6643,0.7803,1.0
2025-04-17,3.886,4.6663,0.7803,1.0
2025-04-18,3.893,4.673299999999999,0.7803,1.0
2025-04-21,3.9,4.6803,0.7803,1.0
2025-04-22,3.904,4.6843,0.7803,1.0
2025-04-23,3.907,4.6873000000000005,0.7803,1.0
2025-04-24,3.906,4.6863,0.7803,1.0
2025-04-25,3.907,4.6873000000000005,0.7803,1.0
2025-04-28,3.901,4.6813,0.7803,1.0
2025-04-29,3.893,4.673299999999999,0.7803,1.0
2025-04-30,3.888,4.6683,0.7803,1.0
2025-05-06,3.928,4.7082999999999995,0.7803,1.0
2025-05-07,3.951,4.7313,0.7803,1.0
2025-05-08,3.978,4.7583,0.7803,1.0
2025-05-09,3.972,4.7523,0.7803,1.0
2025-05-12,4.017,4.7973,0.7803,1.0
2025-05-13,4.021,4.8012999999999995,0.7803,1.0
2025-05-14,4.071,4.8513,0.7803,1.0
2025-05-15,4.036,4.8163,0.7803,1.0
2025-05-16,4.014,4.7943,0.7803,1.0
2025-05-19,4.009,4.789300000000001,0.7803,1.0
2025-05-20,4.027,4.8073,0.7803,1.0
2025-05-21,4.045,4.8253,0.7803,1.0
2025-05-22,4.044,4.824299999999999,0.7803,1.0
2025-05-23,4.012,4.792299999999999,0.7803,1.0
2025-05-26,3.992,4.7722999999999995,0.7803,1.0
2025-05-27,3.97,4.7503,0.7803,1.0
2025-05-28,3.965,4.7453,0.7803,1.0
2025-05-29,3.99,4.770300000000001,0.7803,1.0
2025-05-30,3.984,4.7643,0.7803,1.0
2025-06-03,3.98,4.7603,0.7803,1.0
2025-06-04,3.999,4.7793,0.7803,1.0
2025-06-05,4.01,4.7903,0.7803,1.0
2025-06-06,4.011,4.7913,0.7803,1.0
2025-06-09,4.022,4.802300000000001,0.7803,1.0
2025-06-10,3.996,4.7763,0.7803,1.0
2025-06-11,4.029,4.8093,0.7803,1.0
2025-06-12,4.032,4.8123000000000005,0.7803,1.0
2025-06-13,4.004,4.7843,0.7803,1.0
2025-06-16,4.015,4.795299999999999,0.7803,1.0
2025-06-17,4.014,4.7943,0.7803,1.0
2025-06-18,4.017,4.7973,0.7803,1.0
2025-06-19,3.985,4.7653,0.7803,1.0
2025-06-20,3.991,4.7713,0.7803,1.0
2025-06-23,4.006,4.786300000000001,0.7803,1.0
2025-06-24,4.051,4.831300000000001,0.7803,1.0
2025-06-25,4.119,4.8993,0.7803,1.0
2025-06-26,4.102,4.882300000000001,0.7803,1.0
2025-06-27,4.08,4.8603000000000005,0.7803,1.0
2025-06-30,4.099,4.879300000000001,0.7803,1.0
2025-07-01,4.104,4.8843,0.7803,1.0
2025-07-02,4.108,4.888299999999999,0.7803,1.0
2025-07-03,4.133,4.9133,0.7803,1.0
2025-07-04,4.147,4.927300000000001,0.7803,1.0
2025-07-07,4.131,4.911300000000001,0.7803,1.0
2025-07-08,4.167,4.9473,0.7803,1.0
2025-07-09,4.163,4.943300000000001,0.7803,1.0
2025-07-10,4.183,4.9633,0.7803,1.0
2025-07-11,4.2,4.9803,0.7803,1.0
2025-07-14,4.137,4.9773,0.8403,1.0
2025-07-15,4.139,4.9793,0.8403,1.0
2025-07-16,4.127,4.9673,0.8403,1.0
2025-07-17,4.163,5.0033,0.8403,1.0
2025-07-18,4.191,5.0313,0.8403,1.0
2025-07-21,4.218,5.0583,0.8403,1.0
2025-07-22,4.261,5.1013,0.8403,1.0
2025-07-23,4.258,5.0983,0.8403,1.0
2025-07-24,4.285,5.1253,0.8403,1.0
2025-07-25,4.263,5.1033,0.8403,1.0
2025-07-28,4.275,5.1153,0.8403,1.0
2025-07-29,4.295,5.1353,0.8403,1.0
2025-07-30,4.292,5.1323,0.8403,1.0
2025-07-31,4.216,5.0563,0.8403,1.0
2025-08-01,4.194,5.0343,0.8403,1.0
2025-08-04,4.209,5.0493,0.8403,1.0
2025-08-05,4.24,5.0803,0.8403,1.0
2025-08-06,4.253,5.0933,0.8403,1.0
2025-08-07,4.252,5.0923,0.8403,1.0
2025-08-08,4.244,5.0843,0.8403,1.0
2025-08-11,4.263,5.1033,0.8403,1.0
2025-08-12,4.288,5.1283,0.8403,1.0
2025-08-13,4.324,5.1643,0.8403,1.0
2025-08-14,4.316,5.1563,0.8403,1.0
2025-08-15,4.357,5.1973,0.8403,1.0
2025-08-18,4.389,5.2293,0.8403,1.0
2025-08-19,4.368,5.2083,0.8403,1.0
2025-08-20,4.423,5.2633,0.8403,1.0
2025-08-21,4.439,5.2793,0.8403,1.0
2025-08-22,4.542,5.3823,0.8403,1.0
2025-08-25,4.631,5.4713,0.8403,1.0
2025-08-26,4.609,5.4493,0.8403,1.0
2025-08-27,4.543,5.3833,0.8403,1.0
2025-08-28,4.621,5.4613000000000005,0.8403,1.0
2025-08-29,4.667,5.5073,0.8403,1.0
2025-09-01,4.683,5.5233,0.8403,1.0
2025-09-02,4.65,5.4903,0.8403,1.0
2025-09-03,4.618,5.4583,0.8403,1.0
2025-09-04,4.519,5.3593,0.8403,1.0
2025-09-05,4.619,5.4593,0.8403,1.0
2025-09-08,4.619,5.4593,0.8403,1.0
2025-09-09,4.591,5.4313,0.8403,1.0
2025-09-10,4.606,5.4463,0.8403,1.0
2025-09-11,4.725,5.5653,0.8403,1.0
2025-09-12,4.692,5.5323,0.8403,1.0
2025-09-15,4.699,5.5393,0.8403,1.0
2025-09-16,4.685,5.5253,0.8403,1.0
2025-09-17,4.718,5.5583,0.8403,1.0
2025-09-18,4.664,5.5043,0.8403,1.0
2025-09-19,4.669,5.5093,0.8403,1.0
2025-09-22,4.683,5.5233,0.8403,1.0
2025-09-23,4.684,5.5243,0.8403,1.0
2025-09-24,4.731,5.5713,0.8403,1.0
2025-09-25,4.762,5.6023,0.8403,1.0
2025-09-26,4.717,5.5573,0.8403,1.0
2025-09-29,4.792,5.6323,0.8403,1.0
2025-09-30,4.811,5.6513,0.8403,1.0
2025-10-09,4.884,5.7243,0.8403,1.0
2025-10-10,4.785,5.6253,0.8403,1.0
2025-10-13,4.76,5.6003,0.8403,1.0
2025-10-14,4.715,5.5553,0.8403,1.0
2025-10-15,4.776,5.6163,0.8403,1.0
2025-10-16,4.789,5.6293,0.8403,1.0
2025-10-17,4.693,5.5333,0.8403,1.0
2025-10-20,4.708,5.5483,0.8403,1.0
2025-10-21,4.777,5.6173,0.8403,1.0
2025-10-22,4.763,5.6033,0.8403,1.0
2025-10-23,4.782,5.6223,0.8403,1.0
2025-10-24,4.844,5.6843,0.8403,1.0
2025-10-27,4.897,5.7373,0.8403,1.0
2025-10-28,4.871,5.7113000000000005,0.8403,1.0
2025-10-29,4.931,5.7713,0.8403,1.0
2025-10-30,4.895,5.7353,0.8403,1.0
2025-10-31,4.827,5.6673,0.8403,1.0
2025-11-03,4.832,5.6723,0.8403,1.0
2025-11-04,4.795,5.6353,0.8403,1.0
2025-11-05,4.805,5.6453,0.8403,1.0
2025-11-06,4.874,5.7143,0.8403,1.0
2025-11-07,4.863,5.7033000000000005,0.8403,1.0
2025-11-10,4.874,5.7143,0.8403,1.0
2025-11-11,4.829,5.6693,0.8403,1.0
2025-11-12,4.836,5.6763,0.8403,1.0
2025-11-13,4.882,5.7223,0.8403,1.0
2025-11-14,4.806,5.6463,0.8403,1.0
2025-11-17,4.78,5.6203,0.8403,1.0
2025-11-18,4.751,5.5913,0.8403,1.0
2025-11-19,4.771,5.6113,0.8403,1.0
2025-11-20,4.747,5.5873,0.8403,1.0
2025-11-21,4.629,5.4693,0.8403,1.0
2025-11-24,4.622,5.4623,0.8403,1.0
2025-11-25,4.663,5.5033,0.8403,1.0
2025-11-26,4.692,5.5323,0.8403,1.0
2025-11-27,4.687,5.5273,0.8403,1.0
2025-11-28,4.7,5.5403,0.8403,1.0
2025-12-01,4.756,5.5963,0.8403,1.0
2025-12-02,4.732,5.5723,0.8403,1.0
2025-12-03,4.714,5.5543000000000005,0.8403,1.0
2025-12-04,4.723,5.5633,0.8403,1.0
2025-12-05,4.763,5.6033,0.8403,1.0
2025-12-08,4.8,5.6403,0.8403,1.0
2025-12-09,4.776,5.6163,0.8403,1.0
2025-12-10,4.769,5.6093,0.8403,1.0
2025-12-11,4.733,5.5733,0.8403,1.0
2025-12-12,4.758,5.5983,0.8403,1.0
2025-12-15,4.732,5.5723,0.8403,1.0
2025-12-16,4.684,5.5243,0.8403,1.0
2025-12-17,4.765,5.6053,0.8403,1.0
2025-12-18,4.734,5.5743,0.8403,1.0
2025-12-19,4.755,5.5953,0.8403,1.0
2025-12-22,4.8,5.6403,0.8403,1.0
2025-12-23,4.81,5.6503,0.8403,1.0
2025-12-24,4.828,5.6683,0.8403,1.0
2025-12-25,4.833,5.6733,0.8403,1.0
2025-12-26,4.85,5.6903,0.8403,1.0
2025-12-29,4.828,5.6683,0.8403,1.0
2025-12-30,4.841,5.6813,0.8403,1.0
2025-12-31,4.823,5.6633000000000004,0.8403,1.0
2026-01-05,4.914,5.7543,0.8403,1.0
2026-01-06,4.99,5.8303,0.8403,1.0
2026-01-07,4.97,5.8103,0.8403,1.0
2026-01-08,4.931,5.7713,0.8403,1.0
2026-01-09,4.955,5.7953,0.8403,1.0
2026-01-12,4.996,5.8363000000000005,0.8403,1.0
2026-01-13,4.963,5.8033,0.8403,1.0
2026-01-14,4.936,5.7763,0.8403,1.0
2026-01-15,4.942,5.7823,0.8403,1.0
2026-01-16,4.937,5.7773,0.8403,1.0
2026-01-19,4.93,5.7703,0.8403,1.0
2026-01-20,4.918,5.7583,0.8403,1.0
2026-01-21,4.919,5.7593,0.8403,1.0
2026-01-22,4.918,5.7583,0.8403,1.0
2026-01-23,4.894,5.7343,0.8403,1.0
2026-01-26,4.907,5.7473,0.8403,1.0
2026-01-27,4.901,5.7413,0.8403,1.0
2026-01-28,4.914,5.7543,0.8403,1.0
2026-01-29,4.962,5.8023,0.8403,1.0
2026-01-30,4.899,5.7393,0.8403,1.0
2026-02-02,4.799,5.6393,0.8403,1.0
2026-02-03,4.852,5.6923,0.8403,1.0
2026-02-04,4.897,5.7373,0.8403,1.0
2026-02-05,4.869,5.7093,0.8403,1.0
2026-02-06,4.839,5.6793000000000005,0.8403,1.0
2026-02-09,4.921,5.7613,0.8403,1.0
2026-02-10,4.926,5.7663,0.8403,1.0
2026-02-11,4.919,5.7593,0.8403,1.0
2026-02-12,4.919,5.7593,0.8403,1.0
2026-02-13,4.862,5.7023,0.8403,1.0
2026-02-24,4.911,5.7513,0.8403,1.0
2026-02-25,4.937,5.7773,0.8403,1.0
2026-02-26,4.927,5.7673,0.8403,1.0
2026-02-27,4.917,5.7573,0.8403,1.0
2026-03-02,4.931,5.7713,0.8403,1.0
2026-03-03,4.868,5.7083,0.8403,1.0
2026-03-04,4.796,5.6363,0.8403,1.0
2026-03-05,4.848,5.6883,0.8403,1.0
2026-03-06,4.861,5.7013,0.8403,1.0
2026-03-09,4.816,5.6563,0.8403,1.0
2026-03-10,4.875,5.7153,0.8403,1.0
2026-03-11,4.905,5.7453,0.8403,1.0
2026-03-12,4.884,5.7243,0.8403,1.0
2026-03-13,4.867,5.7073,0.8403,1.0
2026-03-16,4.867,5.7073,0.8403,1.0
2026-03-17,4.835,5.6753,0.8403,1.0
2026-03-18,4.86,5.7003,0.8403,1.0
2026-03-19,4.786,5.6263,0.8403,1.0
2026-03-20,4.761,5.6013,0.8403,1.0
2026-03-23,4.614,5.4543,0.8403,1.0
2026-03-24,4.661,5.5013,0.8403,1.0
2026-03-25,4.733,5.5733,0.8403,1.0
2026-03-26,4.671,5.5113,0.8403,1.0
2026-03-27,4.696,5.5363,0.8403,1.0
2026-03-30,4.686,5.5263,0.8403,1.0
2026-03-31,4.647,5.4873,0.8403,1.0
2026-04-01,4.717,5.5573,0.8403,1.0
2026-04-02,4.67,5.5103,0.8403,1.0
2026-04-03,4.636,5.4763,0.8403,1.0
2026-04-07,4.626,5.4663,0.8403,1.0
2026-04-08,4.789,5.6293,0.8403,1.0
2026-04-09,4.76,5.6003,0.8403,1.0
2026-04-10,4.834,5.6743,0.8403,1.0
2026-04-13,4.843,5.6833,0.8403,1.0
2026-04-14,4.906,5.7463,0.8403,1.0
2026-04-15,4.883,5.7233,0.8403,1.0
2026-04-16,4.94,5.7803,0.8403,1.0
2026-04-17,4.93,5.7703,0.8403,1.0
2026-04-20,4.962,5.8023,0.8403,1.0
2026-04-21,5.011,5.8513,0.8403,1.0
2026-04-22,5.012,5.8523,0.8403,1.0
2026-04-23,4.992,5.8323,0.8403,1.0
2026-04-24,4.975,5.8153,0.8403,1.0
2026-04-27,4.977,5.8173,0.8403,1.0
2026-04-28,4.965,5.8053,0.8403,1.0
2026-04-29,5.017,5.8573,0.8403,1.0
2026-04-30,5.019,5.8593,0.8403,1.0
2026-05-06,5.087,5.9273,0.8403,1.0
2026-05-07,5.112,5.9523,0.8403,1.0
2026-05-08,5.086,5.9263,0.8403,1.0
2026-05-11,5.17,6.0103,0.8403,1.0
2026-05-12,5.165,6.0053,0.8403,1.0
2026-05-13,5.226,6.0663,0.8403,1.0
2026-05-14,5.14,5.9803,0.8403,1.0
2026-05-15,5.079,5.9193,0.8403,1.0
2026-05-18,5.048,5.8883,0.8403,1.0
2026-05-19,5.065,5.9053,0.8403,1.0
2026-05-20,5.07,5.9103,0.8403,1.0
2026-05-21,5.007,5.8473,0.8403,1.0
2026-05-22,5.064,5.9043,0.8403,1.0
2026-05-25,5.14,5.9803,0.8403,1.0
2026-05-26,5.181,6.0213,0.8403,1.0
2026-05-27,5.125,5.9653,0.8403,1.0
2026-05-28,5.135,5.9753,0.8403,1.0
2026-05-29,5.124,5.9643,0.8403,1.0
2026-06-01,5.075,5.9153,0.8403,1.0
2026-06-02,5.142,5.9823,0.8403,1.0
2026-06-03,5.172,6.0123,0.8403,1.0
2026-06-04,5.13,5.9703,0.8403,1.0
2026-06-05,5.038,5.8783,0.8403,1.0
2026-06-08,4.941,5.7813,0.8403,1.0
2026-06-09,5.025,5.8653,0.8403,1.0
2026-06-10,4.974,5.8143,0.8403,1.0
2026-06-11,4.948,5.7883000000000004,0.8403,1.0
2026-06-12,5.012,5.8523,0.8403,1.0
2026-06-15,5.118,5.9583,0.8403,1.0
2026-06-16,5.113,5.9533000000000005,0.8403,1.0
2026-06-17,5.165,6.0053,0.8403,1.0
2026-06-18,5.191,6.0313,0.8403,1.0
2026-06-22,5.302,6.1423,0.8403,1.0
2026-06-23,5.15,5.9903,0.8403,1.0
2026-06-24,5.176,6.0163,0.8403,1.0
2026-06-25,5.259,6.0993,0.8403,1.0
2026-06-26,5.112,5.9523,0.8403,1.0
2026-06-29,5.176,6.0163,0.8403,1.0
2026-06-30,5.23,6.0703000000000005,0.8403,1.0
2026-07-01,5.209,6.0493,0.8403,1.0
2026-07-02,5.059,5.8993,0.8403,1.0
2026-07-03,5.096,5.9363,0.8403,1.0
2026-07-06,5.083,5.9233,0.8403,1.0
2026-07-07,5.036,5.8763,0.8403,1.0
2026-07-08,5.006,5.8463,0.8403,1.0
2026-07-09,5.128,5.9683,0.8403,1.0
2026-07-10,5.041,5.8813,0.8403,1.0
2026-07-13,4.94,5.7803,0.8403,1.0
2026-07-14,5.053,5.8933,0.8403,1.0
2026-07-15,5.058,5.8983,0.8403,1.0
2026-07-16,4.958,5.7983,0.8403,1.0
2026-07-17,4.802,5.6423,0.8403,1.0
