date,close,total_return_proxy,cumulative_dividend,split_factor
2012-05-28,2.604,2.604,0.0,1.0
2012-05-29,2.644,2.644,0.0,1.0
2012-05-30,2.636,2.636,0.0,1.0
2012-05-31,2.63,2.63,0.0,1.0
2012-06-01,2.63,2.63,0.0,1.0
2012-06-04,2.558,2.558,0.0,1.0
2012-06-05,2.561,2.561,0.0,1.0
2012-06-06,2.559,2.559,0.0,1.0
2012-06-07,2.543,2.543,0.0,1.0
2012-06-08,2.534,2.534,0.0,1.0
2012-06-11,2.564,2.564,0.0,1.0
2012-06-12,2.548,2.548,0.0,1.0
2012-06-13,2.585,2.585,0.0,1.0
2012-06-14,2.574,2.574,0.0,1.0
2012-06-15,2.584,2.584,0.0,1.0
2012-06-18,2.592,2.592,0.0,1.0
2012-06-19,2.573,2.573,0.0,1.0
2012-06-20,2.57,2.57,0.0,1.0
2012-06-21,2.53,2.53,0.0,1.0
2012-06-25,2.48,2.48,0.0,1.0
2012-06-26,2.48,2.48,0.0,1.0
2012-06-27,2.471,2.471,0.0,1.0
2012-06-28,2.457,2.457,0.0,1.0
2012-06-29,2.485,2.485,0.0,1.0
2012-07-02,2.485,2.485,0.0,1.0
2012-07-03,2.489,2.489,0.0,1.0
2012-07-04,2.489,2.489,0.0,1.0
2012-07-05,2.461,2.461,0.0,1.0
2012-07-06,2.501,2.501,0.0,1.0
2012-07-09,2.451,2.451,0.0,1.0
2012-07-10,2.441,2.441,0.0,1.0
2012-07-11,2.452,2.452,0.0,1.0
2012-07-12,2.474,2.474,0.0,1.0
2012-07-13,2.478,2.478,0.0,1.0
2012-07-16,2.438,2.438,0.0,1.0
2012-07-17,2.443,2.443,0.0,1.0
2012-07-18,2.443,2.443,0.0,1.0
2012-07-19,2.451,2.451,0.0,1.0
2012-07-20,2.433,2.433,0.0,1.0
2012-07-23,2.403,2.403,0.0,1.0
2012-07-24,2.408,2.408,0.0,1.0
2012-07-25,2.393,2.393,0.0,1.0
2012-07-26,2.382,2.382,0.0,1.0
2012-07-27,2.385,2.385,0.0,1.0
2012-07-30,2.377,2.377,0.0,1.0
2012-07-31,2.371,2.371,0.0,1.0
2012-08-01,2.389,2.389,0.0,1.0
2012-08-02,2.371,2.371,0.0,1.0
2012-08-03,2.385,2.385,0.0,1.0
2012-08-06,2.416,2.416,0.0,1.0
2012-08-07,2.419,2.419,0.0,1.0
2012-08-08,2.421,2.421,0.0,1.0
2012-08-09,2.445,2.445,0.0,1.0
2012-08-10,2.438,2.438,0.0,1.0
2012-08-13,2.392,2.392,0.0,1.0
2012-08-14,2.388,2.388,0.0,1.0
2012-08-15,2.366,2.366,0.0,1.0
2012-08-16,2.359,2.359,0.0,1.0
2012-08-17,2.349,2.349,0.0,1.0
2012-08-20,2.336,2.336,0.0,1.0
2012-08-21,2.345,2.345,0.0,1.0
2012-08-22,2.328,2.328,0.0,1.0
2012-08-23,2.339,2.339,0.0,1.0
2012-08-24,2.316,2.316,0.0,1.0
2012-08-27,2.268,2.268,0.0,1.0
2012-08-28,2.268,2.268,0.0,1.0
2012-08-29,2.253,2.253,0.0,1.0
2012-08-30,2.243,2.243,0.0,1.0
2012-08-31,2.243,2.243,0.0,1.0
2012-09-03,2.257,2.257,0.0,1.0
2012-09-04,2.233,2.233,0.0,1.0
2012-09-05,2.232,2.232,0.0,1.0
2012-09-06,2.254,2.254,0.0,1.0
2012-09-07,2.357,2.357,0.0,1.0
2012-09-10,2.365,2.365,0.0,1.0
2012-09-11,2.347,2.347,0.0,1.0
2012-09-12,2.359,2.359,0.0,1.0
2012-09-13,2.336,2.336,0.0,1.0
2012-09-14,2.352,2.352,0.0,1.0
2012-09-17,2.297,2.297,0.0,1.0
2012-09-18,2.269,2.269,0.0,1.0
2012-09-19,2.278,2.278,0.0,1.0
2012-09-20,2.229,2.229,0.0,1.0
2012-09-21,2.228,2.228,0.0,1.0
2012-09-24,2.248,2.248,0.0,1.0
2012-09-25,2.245,2.245,0.0,1.0
2012-09-26,2.221,2.221,0.0,1.0
2012-09-27,2.285,2.285,0.0,1.0
2012-09-28,2.338,2.338,0.0,1.0
2012-10-08,2.303,2.303,0.0,1.0
2012-10-09,2.356,2.356,0.0,1.0
2012-10-10,2.356,2.356,0.0,1.0
2012-10-11,2.34,2.34,0.0,1.0
2012-10-12,2.338,2.338,0.0,1.0
2012-10-15,2.33,2.33,0.0,1.0
2012-10-16,2.331,2.331,0.0,1.0
2012-10-17,2.34,2.34,0.0,1.0
2012-10-18,2.369,2.369,0.0,1.0
2012-10-19,2.369,2.369,0.0,1.0
2012-10-22,2.378,2.378,0.0,1.0
2012-10-23,2.351,2.351,0.0,1.0
2012-10-24,2.347,2.347,0.0,1.0
2012-10-25,2.328,2.328,0.0,1.0
2012-10-26,2.276,2.276,0.0,1.0
2012-10-29,2.265,2.265,0.0,1.0
2012-10-30,2.27,2.27,0.0,1.0
2012-10-31,2.286,2.286,0.0,1.0
2012-11-01,2.334,2.334,0.0,1.0
2012-11-02,2.339,2.339,0.0,1.0
2012-11-05,2.333,2.333,0.0,1.0
2012-11-06,2.324,2.324,0.0,1.0
2012-11-07,2.322,2.322,0.0,1.0
2012-11-08,2.28,2.28,0.0,1.0
2012-11-09,2.274,2.274,0.0,1.0
2012-11-12,2.282,2.282,0.0,1.0
2012-11-13,2.247,2.247,0.0,1.0
2012-11-14,2.253,2.253,0.0,1.0
2012-11-15,2.226,2.226,0.0,1.0
2012-11-16,2.205,2.205,0.0,1.0
2012-11-19,2.205,2.205,0.0,1.0
2012-11-20,2.199,2.199,0.0,1.0
2012-11-21,2.226,2.226,0.0,1.0
2012-11-22,2.213,2.213,0.0,1.0
2012-11-23,2.225,2.225,0.0,1.0
2012-11-26,2.211,2.211,0.0,1.0
2012-11-27,2.187,2.187,0.0,1.0
2012-11-28,2.163,2.163,0.0,1.0
2012-11-29,2.155,2.155,0.0,1.0
2012-11-30,2.165,2.165,0.0,1.0
2012-12-03,2.145,2.145,0.0,1.0
2012-12-04,2.162,2.162,0.0,1.0
2012-12-05,2.238,2.238,0.0,1.0
2012-12-06,2.235,2.235,0.0,1.0
2012-12-07,2.28,2.28,0.0,1.0
2012-12-10,2.301,2.301,0.0,1.0
2012-12-11,2.294,2.294,0.0,1.0
2012-12-12,2.299,2.299,0.0,1.0
2012-12-13,2.281,2.281,0.0,1.0
2012-12-14,2.396,2.396,0.0,1.0
2012-12-17,2.403,2.403,0.0,1.0
2012-12-18,2.366,2.399,0.033,1.0
2012-12-19,2.372,2.405,0.033,1.0
2012-12-20,2.388,2.421,0.033,1.0
2012-12-21,2.378,2.411,0.033,1.0
2012-12-24,2.38,2.413,0.033,1.0
2012-12-25,2.446,2.479,0.033,1.0
2012-12-26,2.453,2.4859999999999998,0.033,1.0
2012-12-27,2.448,2.481,0.033,1.0
2012-12-28,2.484,2.517,0.033,1.0
2012-12-31,2.524,2.557,0.033,1.0
2013-01-04,2.53,2.5629999999999997,0.033,1.0
2013-01-07,2.534,2.5669999999999997,0.033,1.0
2013-01-08,2.523,2.556,0.033,1.0
2013-01-09,2.521,2.554,0.033,1.0
2013-01-10,2.527,2.56,0.033,1.0
2013-01-11,2.489,2.522,0.033,1.0
2013-01-14,2.577,2.61,0.033,1.0
2013-01-15,2.592,2.625,0.033,1.0
2013-01-16,2.573,2.606,0.033,1.0
2013-01-17,2.557,2.59,0.033,1.0
2013-01-18,2.595,2.628,0.033,1.0
2013-01-21,2.604,2.637,0.033,1.0
2013-01-22,2.6,2.633,0.033,1.0
2013-01-23,2.605,2.638,0.033,1.0
2013-01-24,2.588,2.621,0.033,1.0
2013-01-25,2.576,2.609,0.033,1.0
2013-01-28,2.646,2.679,0.033,1.0
2013-01-29,2.666,2.699,0.033,1.0
2013-01-30,2.681,2.714,0.033,1.0
2013-01-31,2.688,2.721,0.033,1.0
2013-02-01,2.74,2.773,0.033,1.0
2013-02-04,2.745,2.778,0.033,1.0
2013-02-05,2.765,2.798,0.033,1.0
2013-02-06,2.773,2.806,0.033,1.0
2013-02-07,2.76,2.7929999999999997,0.033,1.0
2013-02-08,2.769,2.802,0.033,1.0
2013-02-18,2.728,2.761,0.033,1.0
2013-02-19,2.684,2.717,0.033,1.0
2013-02-20,2.696,2.729,0.033,1.0
2013-02-21,2.6,2.633,0.033,1.0
2013-02-22,2.592,2.625,0.033,1.0
2013-02-25,2.596,2.629,0.033,1.0
2013-02-26,2.558,2.5909999999999997,0.033,1.0
2013-02-27,2.582,2.6149999999999998,0.033,1.0
2013-02-28,2.669,2.702,0.033,1.0
2013-03-01,2.666,2.699,0.033,1.0
2013-03-04,2.54,2.573,0.033,1.0
2013-03-05,2.613,2.646,0.033,1.0
2013-03-06,2.641,2.674,0.033,1.0
2013-03-07,2.609,2.642,0.033,1.0
2013-03-08,2.605,2.638,0.033,1.0
2013-03-11,2.587,2.62,0.033,1.0
2013-03-12,2.55,2.5829999999999997,0.033,1.0
2013-03-13,2.522,2.5549999999999997,0.033,1.0
2013-03-14,2.527,2.56,0.033,1.0
2013-03-15,2.529,2.562,0.033,1.0
2013-03-18,2.502,2.5349999999999997,0.033,1.0
2013-03-19,2.524,2.557,0.033,1.0
2013-03-20,2.601,2.634,0.033,1.0
2013-03-21,2.608,2.641,0.033,1.0
2013-03-22,2.615,2.648,0.033,1.0
2013-03-25,2.611,2.644,0.033,1.0
2013-03-26,2.568,2.601,0.033,1.0
2013-03-27,2.574,2.6069999999999998,0.033,1.0
2013-03-28,2.494,2.527,0.033,1.0
2013-03-29,2.487,2.52,0.033,1.0
2013-04-01,2.483,2.516,0.033,1.0
2013-04-02,2.487,2.52,0.033,1.0
2013-04-03,2.482,2.515,0.033,1.0
2013-04-08,2.47,2.503,0.033,1.0
2013-04-09,2.485,2.518,0.033,1.0
2013-04-10,2.485,2.518,0.033,1.0
2013-04-11,2.474,2.507,0.033,1.0
2013-04-12,2.466,2.499,0.033,1.0
2013-04-15,2.441,2.4739999999999998,0.033,1.0
2013-04-16,2.456,2.489,0.033,1.0
2013-04-17,2.462,2.495,0.033,1.0
2013-04-18,2.467,2.5,0.033,1.0
2013-04-19,2.537,2.57,0.033,1.0
2013-04-22,2.529,2.562,0.033,1.0
2013-04-23,2.452,2.485,0.033,1.0
2013-04-24,2.494,2.527,0.033,1.0
2013-04-25,2.468,2.501,0.033,1.0
2013-04-26,2.445,2.4779999999999998,0.033,1.0
2013-05-02,2.447,2.48,0.033,1.0
2013-05-03,2.491,2.524,0.033,1.0
2013-05-06,2.52,2.553,0.033,1.0
2013-05-07,2.526,2.5589999999999997,0.033,1.0
2013-05-08,2.542,2.5749999999999997,0.033,1.0
2013-05-09,2.529,2.562,0.033,1.0
2013-05-10,2.539,2.572,0.033,1.0
2013-05-13,2.529,2.562,0.033,1.0
2013-05-14,2.492,2.525,0.033,1.0
2013-05-15,2.504,2.537,0.033,1.0
2013-05-16,2.555,2.588,0.033,1.0
2013-05-17,2.599,2.632,0.033,1.0
2013-05-20,2.614,2.647,0.033,1.0
2013-05-21,2.614,2.647,0.033,1.0
2013-05-22,2.617,2.65,0.033,1.0
2013-05-23,2.589,2.622,0.033,1.0
2013-05-24,2.603,2.636,0.033,1.0
2013-05-27,2.597,2.63,0.033,1.0
2013-05-28,2.651,2.6839999999999997,0.033,1.0
2013-05-29,2.642,2.675,0.033,1.0
2013-05-30,2.635,2.6679999999999997,0.033,1.0
2013-05-31,2.605,2.638,0.033,1.0
2013-06-03,2.61,2.643,0.033,1.0
2013-06-04,2.572,2.605,0.033,1.0
2013-06-05,2.565,2.598,0.033,1.0
2013-06-06,2.54,2.573,0.033,1.0
2013-06-07,2.494,2.527,0.033,1.0
2013-06-13,2.417,2.4499999999999997,0.033,1.0
2013-06-14,2.434,2.467,0.033,1.0
2013-06-17,2.419,2.452,0.033,1.0
2013-06-18,2.435,2.468,0.033,1.0
2013-06-19,2.421,2.4539999999999997,0.033,1.0
2013-06-20,2.345,2.378,0.033,1.0
2013-06-21,2.334,2.367,0.033,1.0
2013-06-24,2.191,2.2239999999999998,0.033,1.0
2013-06-25,2.192,2.225,0.033,1.0
2013-06-26,2.187,2.2199999999999998,0.033,1.0
2013-06-27,2.188,2.221,0.033,1.0
2013-06-28,2.228,2.261,0.033,1.0
2013-07-01,2.237,2.27,0.033,1.0
2013-07-02,2.244,2.277,0.033,1.0
2013-07-03,2.239,2.272,0.033,1.0
2013-07-04,2.255,2.288,0.033,1.0
2013-07-05,2.263,2.296,0.033,1.0
2013-07-08,2.202,2.235,0.033,1.0
2013-07-09,2.197,2.23,0.033,1.0
2013-07-10,2.258,2.291,0.033,1.0
2013-07-11,2.371,2.404,0.033,1.0
2013-07-12,2.312,2.3449999999999998,0.033,1.0
2013-07-15,2.345,2.378,0.033,1.0
2013-07-16,2.359,2.392,0.033,1.0
2013-07-17,2.324,2.3569999999999998,0.033,1.0
2013-07-18,2.288,2.3209999999999997,0.033,1.0
2013-07-19,2.225,2.258,0.033,1.0
2013-07-22,2.239,2.272,0.033,1.0
2013-07-23,2.309,2.342,0.033,1.0
2013-07-24,2.292,2.3249999999999997,0.033,1.0
2013-07-25,2.286,2.319,0.033,1.0
2013-07-26,2.265,2.298,0.033,1.0
2013-07-29,2.221,2.254,0.033,1.0
2013-07-30,2.234,2.267,0.033,1.0
2013-07-31,2.239,2.272,0.033,1.0
2013-08-01,2.298,2.331,0.033,1.0
2013-08-02,2.294,2.327,0.033,1.0
2013-08-05,2.327,2.36,0.033,1.0
2013-08-06,2.342,2.375,0.033,1.0
2013-08-07,2.326,2.359,0.033,1.0
2013-08-08,2.327,2.36,0.033,1.0
2013-08-09,2.337,2.37,0.033,1.0
2013-08-12,2.407,2.44,0.033,1.0
2013-08-13,2.407,2.44,0.033,1.0
2013-08-14,2.402,2.435,0.033,1.0
2013-08-15,2.374,2.407,0.033,1.0
2013-08-16,2.357,2.39,0.033,1.0
2013-08-19,2.377,2.4099999999999997,0.033,1.0
2013-08-20,2.36,2.393,0.033,1.0
2013-08-21,2.36,2.393,0.033,1.0
2013-08-22,2.352,2.385,0.033,1.0
2013-08-23,2.337,2.37,0.033,1.0
2013-08-26,2.389,2.4219999999999997,0.033,1.0
2013-08-27,2.389,2.4219999999999997,0.033,1.0
2013-08-28,2.378,2.411,0.033,1.0
2013-08-29,2.371,2.404,0.033,1.0
2013-08-30,2.367,2.4,0.033,1.0
2013-09-02,2.369,2.402,0.033,1.0
2013-09-03,2.405,2.4379999999999997,0.033,1.0
2013-09-04,2.404,2.437,0.033,1.0
2013-09-05,2.394,2.427,0.033,1.0
2013-09-06,2.408,2.441,0.033,1.0
2013-09-09,2.497,2.53,0.033,1.0
2013-09-10,2.53,2.5629999999999997,0.033,1.0
2013-09-11,2.541,2.574,0.033,1.0
2013-09-12,2.566,2.5989999999999998,0.033,1.0
2013-09-13,2.547,2.58,0.033,1.0
2013-09-16,2.534,2.5669999999999997,0.033,1.0
2013-09-17,2.484,2.517,0.033,1.0
2013-09-18,2.487,2.52,0.033,1.0
2013-09-23,2.522,2.5549999999999997,0.033,1.0
2013-09-24,2.498,2.531,0.033,1.0
2013-09-25,2.483,2.516,0.033,1.0
2013-09-26,2.442,2.475,0.033,1.0
2013-09-27,2.451,2.484,0.033,1.0
2013-09-30,2.467,2.5,0.033,1.0
2013-10-08,2.502,2.5349999999999997,0.033,1.0
2013-10-09,2.505,2.538,0.033,1.0
2013-10-10,2.483,2.516,0.033,1.0
2013-10-11,2.523,2.556,0.033,1.0
2013-10-14,2.524,2.557,0.033,1.0
2013-10-15,2.521,2.554,0.033,1.0
2013-10-16,2.477,2.51,0.033,1.0
2013-10-17,2.464,2.497,0.033,1.0
2013-10-18,2.476,2.509,0.033,1.0
2013-10-21,2.529,2.562,0.033,1.0
2013-10-22,2.501,2.534,0.033,1.0
2013-10-23,2.474,2.507,0.033,1.0
2013-10-24,2.454,2.487,0.033,1.0
2013-10-25,2.415,2.448,0.033,1.0
2013-10-28,2.418,2.451,0.033,1.0
2013-10-29,2.421,2.4539999999999997,0.033,1.0
2013-10-30,2.455,2.488,0.033,1.0
2013-10-31,2.431,2.464,0.033,1.0
2013-11-01,2.441,2.4739999999999998,0.033,1.0
2013-11-04,2.434,2.467,0.033,1.0
2013-11-05,2.434,2.467,0.033,1.0
2013-11-06,2.406,2.439,0.033,1.0
2013-11-07,2.396,2.429,0.033,1.0
2013-11-08,2.36,2.393,0.033,1.0
2013-11-11,2.363,2.396,0.033,1.0
2013-11-12,2.387,2.42,0.033,1.0
2013-11-13,2.342,2.375,0.033,1.0
2013-11-14,2.349,2.382,0.033,1.0
2013-11-15,2.398,2.431,0.033,1.0
2013-11-18,2.477,2.51,0.033,1.0
2013-11-19,2.466,2.499,0.033,1.0
2013-11-20,2.477,2.51,0.033,1.0
2013-11-21,2.465,2.4979999999999998,0.033,1.0
2013-11-22,2.451,2.484,0.033,1.0
2013-11-25,2.438,2.471,0.033,1.0
2013-11-26,2.437,2.4699999999999998,0.033,1.0
2013-11-27,2.465,2.4979999999999998,0.033,1.0
2013-11-28,2.491,2.524,0.033,1.0
2013-11-29,2.493,2.526,0.033,1.0
2013-12-02,2.47,2.503,0.033,1.0
2013-12-03,2.492,2.525,0.033,1.0
2013-12-04,2.524,2.557,0.033,1.0
2013-12-05,2.524,2.557,0.033,1.0
2013-12-06,2.507,2.54,0.033,1.0
2013-12-09,2.506,2.5389999999999997,0.033,1.0
2013-12-10,2.505,2.538,0.033,1.0
2013-12-11,2.466,2.499,0.033,1.0
2013-12-12,2.461,2.4939999999999998,0.033,1.0
2013-12-13,2.46,2.493,0.033,1.0
2013-12-16,2.42,2.453,0.033,1.0
2013-12-17,2.405,2.4379999999999997,0.033,1.0
2013-12-18,2.407,2.44,0.033,1.0
2013-12-19,2.384,2.417,0.033,1.0
2013-12-20,2.333,2.366,0.033,1.0
2013-12-23,2.333,2.366,0.033,1.0
2013-12-24,2.336,2.3689999999999998,0.033,1.0
2013-12-25,2.348,2.381,0.033,1.0
2013-12-26,2.316,2.3489999999999998,0.033,1.0
2013-12-27,2.347,2.38,0.033,1.0
2013-12-30,2.349,2.382,0.033,1.0
2013-12-31,2.376,2.409,0.033,1.0
2014-01-02,2.368,2.401,0.033,1.0
2014-01-03,2.342,2.375,0.033,1.0
2014-01-06,2.286,2.319,0.033,1.0
2014-01-07,2.287,2.32,0.033,1.0
2014-01-08,2.285,2.318,0.033,1.0
2014-01-09,2.271,2.304,0.033,1.0
2014-01-10,2.255,2.288,0.033,1.0
2014-01-13,2.239,2.272,0.033,1.0
2014-01-14,2.254,2.287,0.033,1.0
2014-01-15,2.254,2.287,0.033,1.0
2014-01-16,2.255,2.288,0.033,1.0
2014-01-17,2.223,2.256,0.033,1.0
2014-01-20,2.212,2.245,0.033,1.0
2014-01-21,2.182,2.263,0.081,1.0
2014-01-22,2.242,2.323,0.081,1.0
2014-01-23,2.23,2.311,0.081,1.0
2014-01-24,2.242,2.323,0.081,1.0
2014-01-27,2.213,2.294,0.081,1.0
2014-01-28,2.215,2.296,0.081,1.0
2014-01-29,2.222,2.303,0.081,1.0
2014-01-30,2.191,2.272,0.081,1.0
2014-02-07,2.205,2.286,0.081,1.0
2014-02-10,2.269,2.35,0.081,1.0
2014-02-11,2.28,2.3609999999999998,0.081,1.0
2014-02-12,2.284,2.3649999999999998,0.081,1.0
2014-02-13,2.278,2.359,0.081,1.0
2014-02-14,2.286,2.367,0.081,1.0
2014-02-17,2.302,2.383,0.081,1.0
2014-02-18,2.275,2.356,0.081,1.0
2014-02-19,2.305,2.386,0.081,1.0
2014-02-20,2.285,2.366,0.081,1.0
2014-02-21,2.259,2.34,0.081,1.0
2014-02-24,2.208,2.289,0.081,1.0
2014-02-25,2.151,2.2319999999999998,0.081,1.0
2014-02-26,2.154,2.235,0.081,1.0
2014-02-27,2.149,2.23,0.081,1.0
2014-02-28,2.171,2.252,0.081,1.0
2014-03-03,2.179,2.26,0.081,1.0
2014-03-04,2.174,2.255,0.081,1.0
2014-03-05,2.155,2.2359999999999998,0.081,1.0
2014-03-06,2.166,2.247,0.081,1.0
2014-03-07,2.159,2.2399999999999998,0.081,1.0
2014-03-10,2.092,2.173,0.081,1.0
2014-03-11,2.101,2.182,0.081,1.0
2014-03-12,2.103,2.184,0.081,1.0
2014-03-13,2.136,2.217,0.081,1.0
2014-03-14,2.118,2.199,0.081,1.0
2014-03-17,2.134,2.215,0.081,1.0
2014-03-18,2.132,2.213,0.081,1.0
2014-03-19,2.119,2.2,0.081,1.0
2014-03-20,2.082,2.163,0.081,1.0
2014-03-21,2.159,2.2399999999999998,0.081,1.0
2014-03-24,2.169,2.25,0.081,1.0
2014-03-25,2.166,2.247,0.081,1.0
2014-03-26,2.166,2.247,0.081,1.0
2014-03-27,2.151,2.2319999999999998,0.081,1.0
2014-03-28,2.15,2.231,0.081,1.0
2014-03-31,2.141,2.222,0.081,1.0
2014-04-01,2.153,2.234,0.081,1.0
2014-04-02,2.17,2.251,0.081,1.0
2014-04-03,2.155,2.2359999999999998,0.081,1.0
2014-04-04,2.181,2.262,0.081,1.0
2014-04-08,2.233,2.314,0.081,1.0
2014-04-09,2.229,2.31,0.081,1.0
2014-04-10,2.265,2.346,0.081,1.0
2014-04-11,2.264,2.3449999999999998,0.081,1.0
2014-04-14,2.263,2.344,0.081,1.0
2014-04-15,2.223,2.304,0.081,1.0
2014-04-16,2.223,2.304,0.081,1.0
2014-04-17,2.219,2.3,0.081,1.0
2014-04-18,2.215,2.296,0.081,1.0
2014-04-21,2.175,2.256,0.081,1.0
2014-04-22,2.19,2.271,0.081,1.0
2014-04-23,2.184,2.265,0.081,1.0
2014-04-24,2.188,2.269,0.081,1.0
2014-04-25,2.161,2.242,0.081,1.0
2014-04-28,2.131,2.2119999999999997,0.081,1.0
2014-04-29,2.15,2.231,0.081,1.0
2014-04-30,2.149,2.23,0.081,1.0
2014-05-05,2.15,2.231,0.081,1.0
2014-05-06,2.147,2.2279999999999998,0.081,1.0
2014-05-07,2.133,2.214,0.081,1.0
2014-05-08,2.129,2.21,0.081,1.0
2014-05-09,2.128,2.209,0.081,1.0
2014-05-12,2.171,2.252,0.081,1.0
2014-05-13,2.165,2.246,0.081,1.0
2014-05-14,2.165,2.246,0.081,1.0
2014-05-15,2.141,2.222,0.081,1.0
2014-05-16,2.14,2.221,0.081,1.0
2014-05-19,2.111,2.192,0.081,1.0
2014-05-20,2.109,2.19,0.081,1.0
2014-05-21,2.129,2.21,0.081,1.0
2014-05-22,2.123,2.204,0.081,1.0
2014-05-23,2.147,2.2279999999999998,0.081,1.0
2014-05-26,2.154,2.235,0.081,1.0
2014-05-27,2.147,2.2279999999999998,0.081,1.0
2014-05-28,2.169,2.25,0.081,1.0
2014-05-29,2.156,2.237,0.081,1.0
2014-05-30,2.154,2.235,0.081,1.0
2014-06-03,2.147,2.2279999999999998,0.081,1.0
2014-06-04,2.128,2.209,0.081,1.0
2014-06-05,2.153,2.234,0.081,1.0
2014-06-06,2.135,2.2159999999999997,0.081,1.0
2014-06-09,2.133,2.214,0.081,1.0
2014-06-10,2.162,2.243,0.081,1.0
2014-06-11,2.158,2.239,0.081,1.0
2014-06-12,2.156,2.237,0.081,1.0
2014-06-13,2.18,2.261,0.081,1.0
2014-06-16,2.194,2.275,0.081,1.0
2014-06-17,2.176,2.257,0.081,1.0
2014-06-18,2.166,2.247,0.081,1.0
2014-06-19,2.135,2.2159999999999997,0.081,1.0
2014-06-20,2.143,2.2239999999999998,0.081,1.0
2014-06-23,2.14,2.221,0.081,1.0
2014-06-24,2.158,2.239,0.081,1.0
2014-06-25,2.151,2.2319999999999998,0.081,1.0
2014-06-26,2.161,2.242,0.081,1.0
2014-06-27,2.165,2.246,0.081,1.0
2014-06-30,2.179,2.26,0.081,1.0
2014-07-01,2.18,2.261,0.081,1.0
2014-07-02,2.19,2.271,0.081,1.0
2014-07-03,2.198,2.279,0.081,1.0
2014-07-04,2.198,2.279,0.081,1.0
2014-07-07,2.196,2.277,0.081,1.0
2014-07-08,2.199,2.28,0.081,1.0
2014-07-09,2.171,2.252,0.081,1.0
2014-07-10,2.169,2.25,0.081,1.0
2014-07-11,2.175,2.256,0.081,1.0
2014-07-14,2.205,2.286,0.081,1.0
2014-07-15,2.202,2.283,0.081,1.0
2014-07-16,2.201,2.282,0.081,1.0
2014-07-17,2.192,2.273,0.081,1.0
2014-07-18,2.203,2.284,0.081,1.0
2014-07-21,2.202,2.283,0.081,1.0
2014-07-22,2.228,2.309,0.081,1.0
2014-07-23,2.232,2.313,0.081,1.0
2014-07-24,2.28,2.3609999999999998,0.081,1.0
2014-07-25,2.306,2.387,0.081,1.0
2014-07-28,2.368,2.449,0.081,1.0
2014-07-29,2.374,2.455,0.081,1.0
2014-07-30,2.366,2.447,0.081,1.0
2014-07-31,2.398,2.479,0.081,1.0
2014-08-01,2.369,2.45,0.081,1.0
2014-08-04,2.42,2.501,0.081,1.0
2014-08-05,2.413,2.4939999999999998,0.081,1.0
2014-08-06,2.398,2.479,0.081,1.0
2014-08-07,2.372,2.453,0.081,1.0
2014-08-08,2.373,2.454,0.081,1.0
2014-08-11,2.406,2.487,0.081,1.0
2014-08-12,2.396,2.477,0.081,1.0
2014-08-13,2.403,2.484,0.081,1.0
2014-08-14,2.374,2.455,0.081,1.0
2014-08-15,2.404,2.485,0.081,1.0
2014-08-18,2.412,2.493,0.081,1.0
2014-08-19,2.414,2.495,0.081,1.0
2014-08-20,2.405,2.4859999999999998,0.081,1.0
2014-08-21,2.396,2.477,0.081,1.0
2014-08-22,2.408,2.489,0.081,1.0
2014-08-25,2.387,2.468,0.081,1.0
2014-08-26,2.372,2.453,0.081,1.0
2014-08-27,2.371,2.452,0.081,1.0
2014-08-28,2.36,2.441,0.081,1.0
2014-08-29,2.383,2.464,0.081,1.0
2014-09-01,2.394,2.475,0.081,1.0
2014-09-02,2.43,2.511,0.081,1.0
2014-09-03,2.453,2.534,0.081,1.0
2014-09-04,2.476,2.557,0.081,1.0
2014-09-05,2.5,2.581,0.081,1.0
2014-09-09,2.494,2.575,0.081,1.0
2014-09-10,2.478,2.559,0.081,1.0
2014-09-11,2.464,2.545,0.081,1.0
2014-09-12,2.484,2.565,0.081,1.0
2014-09-15,2.477,2.558,0.081,1.0
2014-09-16,2.434,2.515,0.081,1.0
2014-09-17,2.442,2.523,0.081,1.0
2014-09-18,2.452,2.533,0.081,1.0
2014-09-19,2.472,2.553,0.081,1.0
2014-09-22,2.42,2.501,0.081,1.0
2014-09-23,2.445,2.526,0.081,1.0
2014-09-24,2.492,2.573,0.081,1.0
2014-09-25,2.479,2.56,0.081,1.0
2014-09-26,2.48,2.561,0.081,1.0
2014-09-29,2.491,2.572,0.081,1.0
2014-09-30,2.491,2.572,0.081,1.0
2014-10-08,2.518,2.5989999999999998,0.081,1.0
2014-10-09,2.519,2.6,0.081,1.0
2014-10-10,2.507,2.588,0.081,1.0
2014-10-13,2.493,2.574,0.081,1.0
2014-10-14,2.484,2.565,0.081,1.0
2014-10-15,2.5,2.581,0.081,1.0
2014-10-16,2.491,2.572,0.081,1.0
2014-10-17,2.48,2.561,0.081,1.0
2014-10-20,2.491,2.572,0.081,1.0
2014-10-21,2.475,2.556,0.081,1.0
2014-10-22,2.461,2.542,0.081,1.0
2014-10-23,2.435,2.516,0.081,1.0
2014-10-24,2.433,2.514,0.081,1.0
2014-10-27,2.41,2.491,0.081,1.0
2014-10-28,2.458,2.539,0.081,1.0
2014-10-29,2.489,2.57,0.081,1.0
2014-10-30,2.504,2.585,0.081,1.0
2014-10-31,2.554,2.635,0.081,1.0
2014-11-03,2.549,2.63,0.081,1.0
2014-11-04,2.547,2.628,0.081,1.0
2014-11-05,2.544,2.625,0.081,1.0
2014-11-06,2.545,2.626,0.081,1.0
2014-11-07,2.54,2.621,0.081,1.0
2014-11-10,2.611,2.692,0.081,1.0
2014-11-11,2.594,2.675,0.081,1.0
2014-11-12,2.632,2.713,0.081,1.0
2014-11-13,2.617,2.698,0.081,1.0
2014-11-14,2.62,2.701,0.081,1.0
2014-11-17,2.609,2.69,0.081,1.0
2014-11-18,2.581,2.662,0.081,1.0
2014-11-19,2.573,2.654,0.081,1.0
2014-11-20,2.577,2.658,0.081,1.0
2014-11-21,2.626,2.707,0.081,1.0
2014-11-24,2.701,2.782,0.081,1.0
2014-11-25,2.729,2.81,0.081,1.0
2014-11-26,2.759,2.84,0.081,1.0
2014-11-27,2.784,2.8649999999999998,0.081,1.0
2014-11-28,2.85,2.931,0.081,1.0
2014-12-01,2.853,2.934,0.081,1.0
2014-12-02,2.966,3.047,0.081,1.0
2014-12-03,2.998,3.079,0.081,1.0
2014-12-04,3.18,3.261,0.081,1.0
2014-12-05,3.161,3.242,0.081,1.0
2014-12-08,3.313,3.394,0.081,1.0
2014-12-09,3.13,3.211,0.081,1.0
2014-12-10,3.243,3.324,0.081,1.0
2014-12-11,3.208,3.289,0.081,1.0
2014-12-12,3.218,3.299,0.081,1.0
2014-12-15,3.255,3.336,0.081,1.0
2014-12-16,3.331,3.412,0.081,1.0
2014-12-17,3.388,3.469,0.081,1.0
2014-12-18,3.384,3.465,0.081,1.0
2014-12-19,3.434,3.515,0.081,1.0
2014-12-22,3.41,3.491,0.081,1.0
2014-12-23,3.341,3.422,0.081,1.0
2014-12-24,3.248,3.329,0.081,1.0
2014-12-25,3.366,3.447,0.081,1.0
2014-12-26,3.497,3.578,0.081,1.0
2014-12-29,3.48,3.561,0.081,1.0
2014-12-30,3.48,3.561,0.081,1.0
2014-12-31,3.574,3.655,0.081,1.0
2015-01-05,3.688,3.769,0.081,1.0
2015-01-06,3.663,3.7439999999999998,0.081,1.0
2015-01-07,3.662,3.743,0.081,1.0
2015-01-08,3.582,3.663,0.081,1.0
2015-01-09,3.556,3.637,0.081,1.0
2015-01-12,3.545,3.626,0.081,1.0
2015-01-13,3.538,3.6189999999999998,0.081,1.0
2015-01-14,3.53,3.6109999999999998,0.081,1.0
2015-01-15,3.63,3.711,0.081,1.0
2015-01-16,3.662,3.743,0.081,1.0
2015-01-19,3.296,3.377,0.081,1.0
2015-01-20,3.382,3.498,0.116,1.0
2015-01-21,3.537,3.653,0.116,1.0
2015-01-22,3.543,3.6590000000000003,0.116,1.0
2015-01-23,3.56,3.676,0.116,1.0
2015-01-26,3.594,3.71,0.116,1.0
2015-01-27,3.558,3.674,0.116,1.0
2015-01-28,3.501,3.617,0.116,1.0
2015-01-29,3.464,3.58,0.116,1.0
2015-01-30,3.421,3.537,0.116,1.0
2015-02-02,3.344,3.46,0.116,1.0
2015-02-03,3.423,3.539,0.116,1.0
2015-02-04,3.384,3.5,0.116,1.0
2015-02-05,3.344,3.46,0.116,1.0
2015-02-06,3.294,3.41,0.116,1.0
2015-02-09,3.332,3.448,0.116,1.0
2015-02-10,3.399,3.515,0.116,1.0
2015-02-11,3.421,3.537,0.116,1.0
2015-02-12,3.435,3.551,0.116,1.0
2015-02-13,3.457,3.573,0.116,1.0
2015-02-16,3.486,3.6020000000000003,0.116,1.0
2015-02-17,3.517,3.633,0.116,1.0
2015-02-25,3.463,3.579,0.116,1.0
2015-02-26,3.566,3.682,0.116,1.0
2015-02-27,3.559,3.6750000000000003,0.116,1.0
2015-03-02,3.587,3.7030000000000003,0.116,1.0
2015-03-03,3.489,3.605,0.116,1.0
2015-03-04,3.518,3.634,0.116,1.0
2015-03-05,3.488,3.604,0.116,1.0
2015-03-06,3.466,3.5820000000000003,0.116,1.0
2015-03-09,3.534,3.65,0.116,1.0
2015-03-10,3.509,3.625,0.116,1.0
2015-03-11,3.514,3.63,0.116,1.0
2015-03-12,3.578,3.694,0.116,1.0
2015-03-13,3.598,3.714,0.116,1.0
2015-03-16,3.687,3.803,0.116,1.0
2015-03-17,3.734,3.85,0.116,1.0
2015-03-18,3.833,3.9490000000000003,0.116,1.0
2015-03-19,3.813,3.9290000000000003,0.116,1.0
2015-03-20,3.867,3.983,0.116,1.0
2015-03-23,3.945,4.061,0.116,1.0
2015-03-24,3.941,4.0569999999999995,0.116,1.0
2015-03-25,3.917,4.0329999999999995,0.116,1.0
2015-03-26,3.92,4.036,0.116,1.0
2015-03-27,3.95,4.066,0.116,1.0
2015-03-30,4.076,4.191999999999999,0.116,1.0
2015-03-31,4.031,4.146999999999999,0.116,1.0
2015-04-01,4.097,4.213,0.116,1.0
2015-04-02,4.091,4.207,0.116,1.0
2015-04-03,4.157,4.273,0.116,1.0
2015-04-07,4.23,4.346,0.116,1.0
2015-04-08,4.264,4.38,0.116,1.0
2015-04-09,4.233,4.348999999999999,0.116,1.0
2015-04-10,4.332,4.4479999999999995,0.116,1.0
2015-04-13,4.404,4.52,0.116,1.0
2015-04-14,4.406,4.521999999999999,0.116,1.0
2015-04-15,4.369,4.484999999999999,0.116,1.0
2015-04-16,4.512,4.627999999999999,0.116,1.0
2015-04-17,4.59,4.7059999999999995,0.116,1.0
2015-04-20,4.49,4.606,0.116,1.0
2015-04-21,4.585,4.701,0.116,1.0
2015-04-22,4.71,4.826,0.116,1.0
2015-04-23,4.705,4.821,0.116,1.0
2015-04-24,4.688,4.803999999999999,0.116,1.0
2015-04-27,4.785,4.901,0.116,1.0
2015-04-28,4.723,4.8389999999999995,0.116,1.0
2015-04-29,4.749,4.864999999999999,0.116,1.0
2015-04-30,4.739,4.8549999999999995,0.116,1.0
2015-05-04,4.765,4.880999999999999,0.116,1.0
2015-05-05,4.584,4.699999999999999,0.116,1.0
2015-05-06,4.536,4.651999999999999,0.116,1.0
2015-05-07,4.457,4.5729999999999995,0.116,1.0
2015-05-08,4.526,4.6419999999999995,0.116,1.0
2015-05-11,4.675,4.7909999999999995,0.116,1.0
2015-05-12,4.729,4.845,0.116,1.0
2015-05-13,4.685,4.800999999999999,0.116,1.0
2015-05-14,4.674,4.79,0.116,1.0
2015-05-15,4.588,4.704,0.116,1.0
2015-05-18,4.554,4.67,0.116,1.0
2015-05-19,4.711,4.827,0.116,1.0
2015-05-20,4.733,4.848999999999999,0.116,1.0
2015-05-21,4.83,4.946,0.116,1.0
2015-05-22,4.934,5.05,0.116,1.0
2015-05-25,5.09,5.2059999999999995,0.116,1.0
2015-05-26,5.165,5.281,0.116,1.0
2015-05-27,5.165,5.281,0.116,1.0
2015-05-28,4.815,4.931,0.116,1.0
2015-05-29,4.818,4.933999999999999,0.116,1.0
2015-06-01,5.07,5.186,0.116,1.0
2015-06-02,5.156,5.271999999999999,0.116,1.0
2015-06-03,5.113,5.229,0.116,1.0
2015-06-04,5.171,5.287,0.116,1.0
2015-06-05,5.179,5.295,0.116,1.0
2015-06-08,5.306,5.422,0.116,1.0
2015-06-09,5.263,5.379,0.116,1.0
2015-06-10,5.258,5.374,0.116,1.0
2015-06-11,5.259,5.375,0.116,1.0
2015-06-12,5.298,5.414,0.116,1.0
2015-06-15,5.171,5.287,0.116,1.0
2015-06-16,5.035,5.151,0.116,1.0
2015-06-17,5.11,5.226,0.116,1.0
2015-06-18,4.909,5.0249999999999995,0.116,1.0
2015-06-19,4.603,4.718999999999999,0.116,1.0
2015-06-23,4.766,4.882,0.116,1.0
2015-06-24,4.871,4.987,0.116,1.0
2015-06-25,4.696,4.811999999999999,0.116,1.0
2015-06-26,4.346,4.462,0.116,1.0
2015-06-29,4.182,4.298,0.116,1.0
2015-06-30,4.484,4.6,0.116,1.0
2015-07-01,4.197,4.313,0.116,1.0
2015-07-02,4.108,4.223999999999999,0.116,1.0
2015-07-03,3.919,4.035,0.116,1.0
2015-07-06,4.025,4.141,0.116,1.0
2015-07-07,3.848,3.964,0.116,1.0
2015-07-08,3.463,3.579,0.116,1.0
2015-07-09,3.809,3.9250000000000003,0.116,1.0
2015-07-10,4.189,4.305,0.116,1.0
2015-07-13,4.234,4.35,0.116,1.0
2015-07-14,4.154,4.27,0.116,1.0
2015-07-15,3.945,4.061,0.116,1.0
2015-07-16,4.036,4.151999999999999,0.116,1.0
2015-07-17,4.2,4.316,0.116,1.0
2015-07-20,4.188,4.303999999999999,0.116,1.0
2015-07-21,4.214,4.33,0.116,1.0
2015-07-22,4.194,4.31,0.116,1.0
2015-07-23,4.308,4.4239999999999995,0.116,1.0
2015-07-24,4.218,4.334,0.116,1.0
2015-07-27,3.803,3.919,0.116,1.0
2015-07-28,3.847,3.963,0.116,1.0
2015-07-29,3.988,4.104,0.116,1.0
2015-07-30,3.851,3.967,0.116,1.0
2015-07-31,3.851,3.967,0.116,1.0
2015-08-03,3.852,3.968,0.116,1.0
2015-08-04,4.005,4.1209999999999996,0.116,1.0
2015-08-05,3.916,4.032,0.116,1.0
2015-08-06,3.873,3.9890000000000003,0.116,1.0
2015-08-07,3.953,4.069,0.116,1.0
2015-08-10,4.148,4.263999999999999,0.116,1.0
2015-08-11,4.099,4.215,0.116,1.0
2015-08-12,4.057,4.173,0.116,1.0
2015-08-13,4.112,4.228,0.116,1.0
2015-08-14,4.102,4.218,0.116,1.0
2015-08-17,4.109,4.225,0.116,1.0
2015-08-18,3.827,3.943,0.116,1.0
2015-08-19,3.915,4.031,0.116,1.0
2015-08-20,3.815,3.931,0.116,1.0
2015-08-21,3.625,3.741,0.116,1.0
2015-08-24,3.263,3.379,0.116,1.0
2015-08-25,2.983,3.099,0.116,1.0
2015-08-26,3.067,3.1830000000000003,0.116,1.0
2015-08-27,3.257,3.373,0.116,1.0
2015-08-28,3.402,3.5180000000000002,0.116,1.0
2015-08-31,3.395,3.511,0.116,1.0
2015-09-01,3.382,3.498,0.116,1.0
2015-09-02,3.372,3.488,0.116,1.0
2015-09-07,3.289,3.4050000000000002,0.116,1.0
2015-09-08,3.378,3.494,0.116,1.0
2015-09-09,3.442,3.5580000000000003,0.116,1.0
2015-09-10,3.381,3.497,0.116,1.0
2015-09-11,3.388,3.504,0.116,1.0
2015-09-14,3.269,3.3850000000000002,0.116,1.0
2015-09-15,3.173,3.289,0.116,1.0
2015-09-16,3.345,3.4610000000000003,0.116,1.0
2015-09-17,3.28,3.396,0.116,1.0
2015-09-18,3.279,3.395,0.116,1.0
2015-09-21,3.339,3.455,0.116,1.0
2015-09-22,3.365,3.4810000000000003,0.116,1.0
2015-09-23,3.287,3.403,0.116,1.0
2015-09-24,3.315,3.431,0.116,1.0
2015-09-25,3.243,3.359,0.116,1.0
2015-09-28,3.262,3.378,0.116,1.0
2015-09-29,3.199,3.315,0.116,1.0
2015-09-30,3.221,3.337,0.116,1.0
2015-10-08,3.337,3.4530000000000003,0.116,1.0
2015-10-09,3.379,3.495,0.116,1.0
2015-10-12,3.52,3.636,0.116,1.0
2015-10-13,3.495,3.611,0.116,1.0
2015-10-14,3.457,3.573,0.116,1.0
2015-10-15,3.546,3.662,0.116,1.0
2015-10-16,3.595,3.7110000000000003,0.116,1.0
2015-10-19,3.589,3.705,0.116,1.0
2015-10-20,3.636,3.7520000000000002,0.116,1.0
2015-10-21,3.527,3.6430000000000002,0.116,1.0
2015-10-22,3.572,3.688,0.116,1.0
2015-10-23,3.635,3.751,0.116,1.0
2015-10-26,3.641,3.757,0.116,1.0
2015-10-27,3.643,3.759,0.116,1.0
2015-10-28,3.579,3.6950000000000003,0.116,1.0
2015-10-29,3.584,3.7,0.116,1.0
2015-10-30,3.585,3.701,0.116,1.0
2015-11-02,3.525,3.641,0.116,1.0
2015-11-03,3.498,3.6140000000000003,0.116,1.0
2015-11-04,3.708,3.8240000000000003,0.116,1.0
2015-11-05,3.767,3.883,0.116,1.0
2015-11-06,3.857,3.9730000000000003,0.116,1.0
2015-11-09,3.897,4.013,0.116,1.0
2015-11-10,3.886,4.002,0.116,1.0
2015-11-11,3.881,3.997,0.116,1.0
2015-11-12,3.841,3.9570000000000003,0.116,1.0
2015-11-13,3.804,3.92,0.116,1.0
2015-11-16,3.826,3.942,0.116,1.0
2015-11-17,3.812,3.928,0.116,1.0
2015-11-18,3.779,3.895,0.116,1.0
2015-11-19,3.836,3.952,0.116,1.0
2015-11-20,3.825,3.9410000000000003,0.116,1.0
2015-11-23,3.806,3.922,0.116,1.0
2015-11-24,3.809,3.9250000000000003,0.116,1.0
2015-11-25,3.832,3.948,0.116,1.0
2015-11-26,3.814,3.93,0.116,1.0
2015-11-27,3.608,3.724,0.116,1.0
2015-11-30,3.609,3.725,0.116,1.0
2015-12-01,3.637,3.753,0.116,1.0
2015-12-02,3.793,3.9090000000000003,0.116,1.0
2015-12-03,3.801,3.9170000000000003,0.116,1.0
2015-12-04,3.729,3.845,0.116,1.0
2015-12-07,3.737,3.853,0.116,1.0
2015-12-08,3.681,3.797,0.116,1.0
2015-12-09,3.686,3.802,0.116,1.0
2015-12-10,3.679,3.795,0.116,1.0
2015-12-11,3.661,3.777,0.116,1.0
2015-12-14,3.773,3.8890000000000002,0.116,1.0
2015-12-15,3.737,3.853,0.116,1.0
2015-12-16,3.738,3.854,0.116,1.0
2015-12-17,3.808,3.924,0.116,1.0
2015-12-18,3.822,3.938,0.116,1.0
2015-12-21,3.922,4.038,0.116,1.0
2015-12-22,3.927,4.043,0.116,1.0
2015-12-23,3.922,4.038,0.116,1.0
2015-12-24,3.875,3.991,0.116,1.0
2015-12-25,3.895,4.011,0.116,1.0
2015-12-28,3.778,3.894,0.116,1.0
2015-12-29,3.813,3.9290000000000003,0.116,1.0
2015-12-30,3.812,3.928,0.116,1.0
2015-12-31,3.778,3.894,0.116,1.0
2016-01-04,3.535,3.6510000000000002,0.116,1.0
2016-01-05,3.527,3.6430000000000002,0.116,1.0
2016-01-06,3.582,3.698,0.116,1.0
2016-01-07,3.484,3.6,0.116,1.0
2016-01-08,3.408,3.524,0.116,1.0
2016-01-11,3.233,3.349,0.116,1.0
2016-01-12,3.256,3.372,0.116,1.0
2016-01-13,3.211,3.327,0.116,1.0
2016-01-14,3.265,3.3810000000000002,0.116,1.0
2016-01-15,3.169,3.285,0.116,1.0
2016-01-18,3.171,3.287,0.116,1.0
2016-01-19,3.262,3.378,0.116,1.0
2016-01-20,3.169,3.336,0.167,1.0
2016-01-21,3.078,3.2449999999999997,0.167,1.0
2016-01-22,3.108,3.275,0.167,1.0
2016-01-25,3.12,3.287,0.167,1.0
2016-01-26,2.944,3.1109999999999998,0.167,1.0
2016-01-27,2.912,3.0789999999999997,0.167,1.0
2016-01-28,2.849,3.016,0.167,1.0
2016-01-29,2.93,3.097,0.167,1.0
2016-02-01,2.898,3.065,0.167,1.0
2016-02-02,2.96,3.127,0.167,1.0
2016-02-03,2.946,3.113,0.167,1.0
2016-02-04,2.985,3.1519999999999997,0.167,1.0
2016-02-05,2.95,3.117,0.167,1.0
2016-02-15,2.939,3.106,0.167,1.0
2016-02-16,3.022,3.1889999999999996,0.167,1.0
2016-02-17,3.053,3.2199999999999998,0.167,1.0
2016-02-18,3.049,3.2159999999999997,0.167,1.0
2016-02-19,3.041,3.2079999999999997,0.167,1.0
2016-02-22,3.104,3.271,0.167,1.0
2016-02-23,3.08,3.247,0.167,1.0
2016-02-24,3.103,3.27,0.167,1.0
2016-02-25,2.905,3.0719999999999996,0.167,1.0
2016-02-26,2.933,3.0999999999999996,0.167,1.0
2016-02-29,2.864,3.0309999999999997,0.167,1.0
2016-03-01,2.918,3.085,0.167,1.0
2016-03-02,3.049,3.2159999999999997,0.167,1.0
2016-03-03,3.042,3.2089999999999996,0.167,1.0
2016-03-04,3.079,3.246,0.167,1.0
2016-03-07,3.103,3.27,0.167,1.0
2016-03-08,3.092,3.259,0.167,1.0
2016-03-09,3.046,3.2129999999999996,0.167,1.0
2016-03-10,3.005,3.1719999999999997,0.167,1.0
2016-03-11,2.999,3.166,0.167,1.0
2016-03-14,3.064,3.231,0.167,1.0
2016-03-15,3.054,3.2209999999999996,0.167,1.0
2016-03-16,3.074,3.2409999999999997,0.167,1.0
2016-03-17,3.124,3.291,0.167,1.0
2016-03-18,3.168,3.335,0.167,1.0
2016-03-21,3.238,3.405,0.167,1.0
2016-03-22,3.216,3.383,0.167,1.0
2016-03-23,3.222,3.389,0.167,1.0
2016-03-24,3.172,3.339,0.167,1.0
2016-03-25,3.185,3.352,0.167,1.0
2016-03-28,3.155,3.3219999999999996,0.167,1.0
2016-03-29,3.129,3.296,0.167,1.0
2016-03-30,3.215,3.3819999999999997,0.167,1.0
2016-03-31,3.209,3.376,0.167,1.0
2016-04-01,3.219,3.3859999999999997,0.167,1.0
2016-04-05,3.25,3.417,0.167,1.0
2016-04-06,3.244,3.411,0.167,1.0
2016-04-07,3.204,3.371,0.167,1.0
2016-04-08,3.177,3.344,0.167,1.0
2016-04-11,3.212,3.379,0.167,1.0
2016-04-12,3.208,3.375,0.167,1.0
2016-04-13,3.249,3.416,0.167,1.0
2016-04-14,3.261,3.428,0.167,1.0
2016-04-15,3.264,3.4309999999999996,0.167,1.0
2016-04-18,3.218,3.385,0.167,1.0
2016-04-19,3.222,3.389,0.167,1.0
2016-04-20,3.166,3.3329999999999997,0.167,1.0
2016-04-21,3.151,3.3179999999999996,0.167,1.0
2016-04-22,3.165,3.332,0.167,1.0
2016-04-25,3.155,3.3219999999999996,0.167,1.0
2016-04-26,3.173,3.34,0.167,1.0
2016-04-27,3.158,3.3249999999999997,0.167,1.0
2016-04-28,3.156,3.323,0.167,1.0
2016-04-29,3.152,3.319,0.167,1.0
2016-05-03,3.213,3.38,0.167,1.0
2016-05-04,3.201,3.368,0.167,1.0
2016-05-05,3.201,3.368,0.167,1.0
2016-05-06,3.128,3.295,0.167,1.0
2016-05-09,3.064,3.231,0.167,1.0
2016-05-10,3.061,3.2279999999999998,0.167,1.0
2016-05-11,3.073,3.2399999999999998,0.167,1.0
2016-05-12,3.084,3.251,0.167,1.0
2016-05-13,3.073,3.2399999999999998,0.167,1.0
2016-05-16,3.085,3.252,0.167,1.0
2016-05-17,3.08,3.247,0.167,1.0
2016-05-18,3.06,3.227,0.167,1.0
2016-05-19,3.054,3.2209999999999996,0.167,1.0
2016-05-20,3.074,3.2409999999999997,0.167,1.0
2016-05-23,3.079,3.246,0.167,1.0
2016-05-24,3.06,3.227,0.167,1.0
2016-05-25,3.058,3.2249999999999996,0.167,1.0
2016-05-26,3.058,3.2249999999999996,0.167,1.0
2016-05-27,3.06,3.227,0.167,1.0
2016-05-30,3.062,3.2289999999999996,0.167,1.0
2016-05-31,3.169,3.336,0.167,1.0
2016-06-01,3.156,3.323,0.167,1.0
2016-06-02,3.159,3.3259999999999996,0.167,1.0
2016-06-03,3.196,3.363,0.167,1.0
2016-06-06,3.177,3.344,0.167,1.0
2016-06-07,3.177,3.344,0.167,1.0
2016-06-08,3.173,3.34,0.167,1.0
2016-06-13,3.069,3.2359999999999998,0.167,1.0
2016-06-14,3.082,3.2489999999999997,0.167,1.0
2016-06-15,3.123,3.29,0.167,1.0
2016-06-16,3.104,3.271,0.167,1.0
2016-06-17,3.117,3.284,0.167,1.0
2016-06-20,3.118,3.2849999999999997,0.167,1.0
2016-06-21,3.111,3.278,0.167,1.0
2016-06-22,3.13,3.2969999999999997,0.167,1.0
2016-06-23,3.12,3.287,0.167,1.0
2016-06-24,3.087,3.254,0.167,1.0
2016-06-27,3.126,3.2929999999999997,0.167,1.0
2016-06-28,3.142,3.3089999999999997,0.167,1.0
2016-06-29,3.156,3.323,0.167,1.0
2016-06-30,3.161,3.328,0.167,1.0
2016-07-01,3.158,3.3249999999999997,0.167,1.0
2016-07-04,3.211,3.3779999999999997,0.167,1.0
2016-07-05,3.219,3.3859999999999997,0.167,1.0
2016-07-06,3.235,3.4019999999999997,0.167,1.0
2016-07-07,3.239,3.4059999999999997,0.167,1.0
2016-07-08,3.227,3.3939999999999997,0.167,1.0
2016-07-11,3.235,3.4019999999999997,0.167,1.0
2016-07-12,3.317,3.484,0.167,1.0
2016-07-13,3.324,3.4909999999999997,0.167,1.0
2016-07-14,3.319,3.4859999999999998,0.167,1.0
2016-07-15,3.323,3.4899999999999998,0.167,1.0
2016-07-18,3.311,3.4779999999999998,0.167,1.0
2016-07-19,3.294,3.461,0.167,1.0
2016-07-20,3.287,3.4539999999999997,0.167,1.0
2016-07-21,3.305,3.472,0.167,1.0
2016-07-22,3.276,3.4429999999999996,0.167,1.0
2016-07-25,3.275,3.4419999999999997,0.167,1.0
2016-07-26,3.317,3.484,0.167,1.0
2016-07-27,3.256,3.4229999999999996,0.167,1.0
2016-07-28,3.265,3.432,0.167,1.0
2016-07-29,3.254,3.421,0.167,1.0
2016-08-01,3.227,3.3939999999999997,0.167,1.0
2016-08-02,3.235,3.4019999999999997,0.167,1.0
2016-08-03,3.239,3.4059999999999997,0.167,1.0
2016-08-04,3.249,3.416,0.167,1.0
2016-08-05,3.262,3.429,0.167,1.0
2016-08-08,3.289,3.456,0.167,1.0
2016-08-09,3.304,3.4709999999999996,0.167,1.0
2016-08-10,3.294,3.461,0.167,1.0
2016-08-11,3.29,3.457,0.167,1.0
2016-08-12,3.348,3.5149999999999997,0.167,1.0
2016-08-15,3.447,3.614,0.167,1.0
2016-08-16,3.437,3.6039999999999996,0.167,1.0
2016-08-17,3.429,3.5959999999999996,0.167,1.0
2016-08-18,3.424,3.5909999999999997,0.167,1.0
2016-08-19,3.42,3.5869999999999997,0.167,1.0
2016-08-22,3.396,3.5629999999999997,0.167,1.0
2016-08-23,3.398,3.565,0.167,1.0
2016-08-24,3.384,3.5509999999999997,0.167,1.0
2016-08-25,3.366,3.533,0.167,1.0
2016-08-26,3.362,3.529,0.167,1.0
2016-08-29,3.361,3.528,0.167,1.0
2016-08-30,3.375,3.542,0.167,1.0
2016-08-31,3.389,3.5559999999999996,0.167,1.0
2016-09-01,3.353,3.52,0.167,1.0
2016-09-02,3.368,3.5349999999999997,0.167,1.0
2016-09-05,3.375,3.542,0.167,1.0
2016-09-06,3.404,3.5709999999999997,0.167,1.0
2016-09-07,3.406,3.573,0.167,1.0
2016-09-08,3.401,3.5679999999999996,0.167,1.0
2016-09-09,3.384,3.5509999999999997,0.167,1.0
2016-09-12,3.317,3.484,0.167,1.0
2016-09-13,3.317,3.484,0.167,1.0
2016-09-14,3.297,3.464,0.167,1.0
2016-09-19,3.318,3.485,0.167,1.0
2016-09-20,3.314,3.481,0.167,1.0
2016-09-21,3.327,3.4939999999999998,0.167,1.0
2016-09-22,3.349,3.516,0.167,1.0
2016-09-23,3.341,3.508,0.167,1.0
2016-09-26,3.285,3.452,0.167,1.0
2016-09-27,3.302,3.469,0.167,1.0
2016-09-28,3.297,3.464,0.167,1.0
2016-09-29,3.312,3.4789999999999996,0.167,1.0
2016-09-30,3.322,3.489,0.167,1.0
2016-10-10,3.36,3.5269999999999997,0.167,1.0
2016-10-11,3.368,3.5349999999999997,0.167,1.0
2016-10-12,3.36,3.5269999999999997,0.167,1.0
2016-10-13,3.36,3.5269999999999997,0.167,1.0
2016-10-14,3.37,3.537,0.167,1.0
2016-10-17,3.339,3.506,0.167,1.0
2016-10-18,3.381,3.5479999999999996,0.167,1.0
2016-10-19,3.379,3.546,0.167,1.0
2016-10-20,3.374,3.541,0.167,1.0
2016-10-21,3.391,3.558,0.167,1.0
2016-10-24,3.432,3.5989999999999998,0.167,1.0
2016-10-25,3.423,3.59,0.167,1.0
2016-10-26,3.413,3.5799999999999996,0.167,1.0
2016-10-27,3.408,3.5749999999999997,0.167,1.0
2016-10-28,3.403,3.57,0.167,1.0
2016-10-31,3.396,3.5629999999999997,0.167,1.0
2016-11-01,3.417,3.5839999999999996,0.167,1.0
2016-11-02,3.394,3.561,0.167,1.0
2016-11-03,3.42,3.5869999999999997,0.167,1.0
2016-11-04,3.409,3.5759999999999996,0.167,1.0
2016-11-07,3.412,3.5789999999999997,0.167,1.0
2016-11-08,3.43,3.597,0.167,1.0
2016-11-09,3.417,3.5839999999999996,0.167,1.0
2016-11-10,3.452,3.6189999999999998,0.167,1.0
2016-11-11,3.482,3.649,0.167,1.0
2016-11-14,3.487,3.654,0.167,1.0
2016-11-15,3.483,3.65,0.167,1.0
2016-11-16,3.484,3.651,0.167,1.0
2016-11-17,3.492,3.659,0.167,1.0
2016-11-18,3.48,3.647,0.167,1.0
2016-11-21,3.496,3.663,0.167,1.0
2016-11-22,3.531,3.698,0.167,1.0
2016-11-23,3.537,3.7039999999999997,0.167,1.0
2016-11-24,3.547,3.714,0.167,1.0
2016-11-25,3.586,3.7529999999999997,0.167,1.0
2016-11-28,3.602,3.7689999999999997,0.167,1.0
2016-11-29,3.63,3.7969999999999997,0.167,1.0
2016-11-30,3.597,3.764,0.167,1.0
2016-12-01,3.631,3.7979999999999996,0.167,1.0
2016-12-02,3.591,3.758,0.167,1.0
2016-12-05,3.519,3.686,0.167,1.0
2016-12-06,3.513,3.6799999999999997,0.167,1.0
2016-12-07,3.529,3.6959999999999997,0.167,1.0
2016-12-08,3.537,3.7039999999999997,0.167,1.0
2016-12-09,3.557,3.7239999999999998,0.167,1.0
2016-12-12,3.463,3.63,0.167,1.0
2016-12-13,3.458,3.625,0.167,1.0
2016-12-14,3.434,3.601,0.167,1.0
2016-12-15,3.395,3.562,0.167,1.0
2016-12-16,3.395,3.562,0.167,1.0
2016-12-19,3.385,3.5519999999999996,0.167,1.0
2016-12-20,3.36,3.5269999999999997,0.167,1.0
2016-12-21,3.397,3.5639999999999996,0.167,1.0
2016-12-22,3.391,3.558,0.167,1.0
2016-12-23,3.364,3.5309999999999997,0.167,1.0
2016-12-26,3.376,3.5429999999999997,0.167,1.0
2016-12-27,3.371,3.538,0.167,1.0
2016-12-28,3.353,3.52,0.167,1.0
2016-12-29,3.355,3.522,0.167,1.0
2016-12-30,3.358,3.525,0.167,1.0
2017-01-03,3.396,3.5629999999999997,0.167,1.0
2017-01-04,3.426,3.593,0.167,1.0
2017-01-05,3.419,3.586,0.167,1.0
2017-01-06,3.408,3.5749999999999997,0.167,1.0
2017-01-09,3.42,3.5869999999999997,0.167,1.0
2017-01-10,3.411,3.578,0.167,1.0
2017-01-11,3.386,3.553,0.167,1.0
2017-01-12,3.369,3.536,0.167,1.0
2017-01-13,3.375,3.542,0.167,1.0
2017-01-16,3.371,3.538,0.167,1.0
2017-01-17,3.376,3.5429999999999997,0.167,1.0
2017-01-18,3.398,3.565,0.167,1.0
2017-01-19,3.386,3.553,0.167,1.0
2017-01-20,3.415,3.582,0.167,1.0
2017-01-23,3.361,3.583,0.222,1.0
2017-01-24,3.363,3.585,0.222,1.0
2017-01-25,3.373,3.595,0.222,1.0
2017-01-26,3.387,3.609,0.222,1.0
2017-02-03,3.367,3.589,0.222,1.0
2017-02-06,3.366,3.588,0.222,1.0
2017-02-07,3.36,3.582,0.222,1.0
2017-02-08,3.383,3.605,0.222,1.0
2017-02-09,3.395,3.617,0.222,1.0
2017-02-10,3.413,3.635,0.222,1.0
2017-02-13,3.431,3.653,0.222,1.0
2017-02-14,3.435,3.657,0.222,1.0
2017-02-15,3.423,3.645,0.222,1.0
2017-02-16,3.438,3.66,0.222,1.0
2017-02-17,3.418,3.64,0.222,1.0
2017-02-20,3.474,3.696,0.222,1.0
2017-02-21,3.475,3.697,0.222,1.0
2017-02-22,3.485,3.707,0.222,1.0
2017-02-23,3.47,3.692,0.222,1.0
2017-02-24,3.467,3.689,0.222,1.0
2017-02-27,3.44,3.662,0.222,1.0
2017-02-28,3.445,3.667,0.222,1.0
2017-03-01,3.449,3.671,0.222,1.0
2017-03-02,3.437,3.659,0.222,1.0
2017-03-03,3.424,3.646,0.222,1.0
2017-03-06,3.441,3.663,0.222,1.0
2017-03-07,3.446,3.668,0.222,1.0
2017-03-08,3.45,3.672,0.222,1.0
2017-03-09,3.419,3.641,0.222,1.0
2017-03-10,3.422,3.644,0.222,1.0
2017-03-13,3.459,3.681,0.222,1.0
2017-03-14,3.451,3.673,0.222,1.0
2017-03-15,3.457,3.679,0.222,1.0
2017-03-16,3.478,3.7,0.222,1.0
2017-03-17,3.439,3.661,0.222,1.0
2017-03-20,3.441,3.663,0.222,1.0
2017-03-21,3.465,3.687,0.222,1.0
2017-03-22,3.447,3.669,0.222,1.0
2017-03-23,3.457,3.679,0.222,1.0
2017-03-24,3.49,3.712,0.222,1.0
2017-03-27,3.474,3.696,0.222,1.0
2017-03-28,3.469,3.691,0.222,1.0
2017-03-29,3.462,3.684,0.222,1.0
2017-03-30,3.429,3.651,0.222,1.0
2017-03-31,3.454,3.676,0.222,1.0
2017-04-05,3.511,3.733,0.222,1.0
2017-04-06,3.507,3.729,0.222,1.0
2017-04-07,3.514,3.7359999999999998,0.222,1.0
2017-04-10,3.505,3.727,0.222,1.0
2017-04-11,3.514,3.7359999999999998,0.222,1.0
2017-04-12,3.501,3.723,0.222,1.0
2017-04-13,3.514,3.7359999999999998,0.222,1.0
2017-04-14,3.485,3.707,0.222,1.0
2017-04-17,3.473,3.695,0.222,1.0
2017-04-18,3.465,3.687,0.222,1.0
2017-04-19,3.438,3.66,0.222,1.0
2017-04-20,3.457,3.679,0.222,1.0
2017-04-21,3.46,3.682,0.222,1.0
2017-04-24,3.423,3.645,0.222,1.0
2017-04-25,3.434,3.656,0.222,1.0
2017-04-26,3.442,3.664,0.222,1.0
2017-04-27,3.444,3.666,0.222,1.0
2017-04-28,3.431,3.653,0.222,1.0
2017-05-02,3.426,3.648,0.222,1.0
2017-05-03,3.409,3.631,0.222,1.0
2017-05-04,3.396,3.618,0.222,1.0
2017-05-05,3.374,3.596,0.222,1.0
2017-05-08,3.345,3.567,0.222,1.0
2017-05-09,3.348,3.57,0.222,1.0
2017-05-10,3.336,3.558,0.222,1.0
2017-05-11,3.353,3.575,0.222,1.0
2017-05-12,3.38,3.602,0.222,1.0
2017-05-15,3.394,3.616,0.222,1.0
2017-05-16,3.434,3.656,0.222,1.0
2017-05-17,3.411,3.633,0.222,1.0
2017-05-18,3.396,3.618,0.222,1.0
2017-05-19,3.402,3.624,0.222,1.0
2017-05-22,3.405,3.627,0.222,1.0
2017-05-23,3.42,3.642,0.222,1.0
2017-05-24,3.42,3.642,0.222,1.0
2017-05-25,3.493,3.715,0.222,1.0
2017-05-26,3.487,3.709,0.222,1.0
2017-05-31,3.489,3.711,0.222,1.0
2017-06-01,3.497,3.719,0.222,1.0
2017-06-02,3.488,3.71,0.222,1.0
2017-06-05,3.465,3.687,0.222,1.0
2017-06-06,3.492,3.714,0.222,1.0
2017-06-07,3.54,3.762,0.222,1.0
2017-06-08,3.565,3.787,0.222,1.0
2017-06-09,3.587,3.809,0.222,1.0
2017-06-12,3.58,3.802,0.222,1.0
2017-06-13,3.587,3.809,0.222,1.0
2017-06-14,3.551,3.773,0.222,1.0
2017-06-15,3.539,3.761,0.222,1.0
2017-06-16,3.533,3.755,0.222,1.0
2017-06-19,3.573,3.795,0.222,1.0
2017-06-20,3.562,3.784,0.222,1.0
2017-06-21,3.607,3.829,0.222,1.0
2017-06-22,3.611,3.833,0.222,1.0
2017-06-23,3.646,3.868,0.222,1.0
2017-06-26,3.691,3.913,0.222,1.0
2017-06-27,3.693,3.915,0.222,1.0
2017-06-28,3.668,3.89,0.222,1.0
2017-06-29,3.69,3.912,0.222,1.0
2017-06-30,3.684,3.906,0.222,1.0
2017-07-03,3.668,3.89,0.222,1.0
2017-07-04,3.638,3.86,0.222,1.0
2017-07-05,3.685,3.907,0.222,1.0
2017-07-06,3.682,3.904,0.222,1.0
2017-07-07,3.68,3.902,0.222,1.0
2017-07-10,3.684,3.906,0.222,1.0
2017-07-11,3.714,3.936,0.222,1.0
2017-07-12,3.692,3.914,0.222,1.0
2017-07-13,3.73,3.952,0.222,1.0
2017-07-14,3.755,3.977,0.222,1.0
2017-07-17,3.704,3.926,0.222,1.0
2017-07-18,3.706,3.928,0.222,1.0
2017-07-19,3.783,4.005,0.222,1.0
2017-07-20,3.801,4.023000000000001,0.222,1.0
2017-07-21,3.782,4.0040000000000004,0.222,1.0
2017-07-24,3.801,4.023000000000001,0.222,1.0
2017-07-25,3.772,3.9939999999999998,0.222,1.0
2017-07-26,3.751,3.973,0.222,1.0
2017-07-27,3.762,3.984,0.222,1.0
2017-07-28,3.776,3.9979999999999998,0.222,1.0
2017-07-31,3.79,4.0120000000000005,0.222,1.0
2017-08-01,3.82,4.042,0.222,1.0
2017-08-02,3.82,4.042,0.222,1.0
2017-08-03,3.782,4.0040000000000004,0.222,1.0
2017-08-04,3.759,3.981,0.222,1.0
2017-08-07,3.782,4.0040000000000004,0.222,1.0
2017-08-08,3.783,4.005,0.222,1.0
2017-08-09,3.78,4.002,0.222,1.0
2017-08-10,3.772,3.9939999999999998,0.222,1.0
2017-08-11,3.7,3.922,0.222,1.0
2017-08-14,3.746,3.968,0.222,1.0
2017-08-15,3.756,3.9779999999999998,0.222,1.0
2017-08-16,3.75,3.972,0.222,1.0
2017-08-17,3.779,4.001,0.222,1.0
2017-08-18,3.781,4.003,0.222,1.0
2017-08-21,3.797,4.019,0.222,1.0
2017-08-22,3.803,4.025,0.222,1.0
2017-08-23,3.813,4.035,0.222,1.0
2017-08-24,3.793,4.015000000000001,0.222,1.0
2017-08-25,3.859,4.081,0.222,1.0
2017-08-28,3.903,4.125,0.222,1.0
2017-08-29,3.895,4.117,0.222,1.0
2017-08-30,3.891,4.113,0.222,1.0
2017-08-31,3.884,4.106,0.222,1.0
2017-09-01,3.889,4.111,0.222,1.0
2017-09-04,3.903,4.125,0.222,1.0
2017-09-05,3.917,4.139,0.222,1.0
2017-09-06,3.905,4.127,0.222,1.0
2017-09-07,3.888,4.11,0.222,1.0
2017-09-08,3.884,4.106,0.222,1.0
2017-09-11,3.89,4.112,0.222,1.0
2017-09-12,3.9,4.122,0.222,1.0
2017-09-13,3.903,4.125,0.222,1.0
2017-09-14,3.89,4.112,0.222,1.0
2017-09-15,3.896,4.118,0.222,1.0
2017-09-18,3.911,4.133,0.222,1.0
2017-09-19,3.886,4.1080000000000005,0.222,1.0
2017-09-20,3.904,4.126,0.222,1.0
2017-09-21,3.905,4.127,0.222,1.0
2017-09-22,3.894,4.1160000000000005,0.222,1.0
2017-09-25,3.878,4.1000000000000005,0.222,1.0
2017-09-26,3.88,4.102,0.222,1.0
2017-09-27,3.883,4.105,0.222,1.0
2017-09-28,3.889,4.111,0.222,1.0
2017-09-29,3.902,4.1240000000000006,0.222,1.0
2017-10-09,3.943,4.165,0.222,1.0
2017-10-10,3.948,4.17,0.222,1.0
2017-10-11,3.963,4.1850000000000005,0.222,1.0
2017-10-12,3.98,4.202,0.222,1.0
2017-10-13,3.988,4.21,0.222,1.0
2017-10-16,3.974,4.196000000000001,0.222,1.0
2017-10-17,3.972,4.194,0.222,1.0
2017-10-18,3.996,4.218,0.222,1.0
2017-10-19,3.985,4.207,0.222,1.0
2017-10-20,3.983,4.205,0.222,1.0
2017-10-23,3.995,4.2170000000000005,0.222,1.0
2017-10-24,4.021,4.243,0.222,1.0
2017-10-25,4.034,4.256,0.222,1.0
2017-10-26,4.063,4.285,0.222,1.0
2017-10-27,4.083,4.305000000000001,0.222,1.0
2017-10-30,4.065,4.287000000000001,0.222,1.0
2017-10-31,4.062,4.284000000000001,0.222,1.0
2017-11-01,4.048,4.2700000000000005,0.222,1.0
2017-11-02,4.055,4.277,0.222,1.0
2017-11-03,4.044,4.266,0.222,1.0
2017-11-06,4.08,4.3020000000000005,0.222,1.0
2017-11-07,4.12,4.3420000000000005,0.222,1.0
2017-11-08,4.111,4.333,0.222,1.0
2017-11-09,4.142,4.364000000000001,0.222,1.0
2017-11-10,4.179,4.401000000000001,0.222,1.0
2017-11-13,4.188,4.41,0.222,1.0
2017-11-14,4.156,4.378,0.222,1.0
2017-11-15,4.126,4.348000000000001,0.222,1.0
2017-11-16,4.165,4.3870000000000005,0.222,1.0
2017-11-17,4.17,4.392,0.222,1.0
2017-11-20,4.203,4.425000000000001,0.222,1.0
2017-11-21,4.286,4.508,0.222,1.0
2017-11-22,4.285,4.507000000000001,0.222,1.0
2017-11-23,4.149,4.371,0.222,1.0
2017-11-24,4.153,4.375,0.222,1.0
2017-11-27,4.086,4.308000000000001,0.222,1.0
2017-11-28,4.105,4.327000000000001,0.222,1.0
2017-11-29,4.101,4.323,0.222,1.0
2017-11-30,4.054,4.276000000000001,0.222,1.0
2017-12-01,4.057,4.279000000000001,0.222,1.0
2017-12-04,4.074,4.296,0.222,1.0
2017-12-05,4.099,4.321000000000001,0.222,1.0
2017-12-06,4.068,4.29,0.222,1.0
2017-12-07,4.022,4.244000000000001,0.222,1.0
2017-12-08,4.061,4.283,0.222,1.0
2017-12-11,4.128,4.3500000000000005,0.222,1.0
2017-12-12,4.063,4.285,0.222,1.0
2017-12-13,4.092,4.314,0.222,1.0
2017-12-14,4.079,4.301,0.222,1.0
2017-12-15,4.025,4.247000000000001,0.222,1.0
2017-12-18,4.026,4.248,0.222,1.0
2017-12-19,4.079,4.301,0.222,1.0
2017-12-20,4.07,4.292000000000001,0.222,1.0
2017-12-21,4.12,4.3420000000000005,0.222,1.0
2017-12-22,4.101,4.323,0.222,1.0
2017-12-25,4.082,4.304,0.222,1.0
2017-12-26,4.094,4.316000000000001,0.222,1.0
2017-12-27,4.026,4.248,0.222,1.0
2017-12-28,4.063,4.285,0.222,1.0
2017-12-29,4.076,4.298,0.222,1.0
2018-01-02,4.136,4.3580000000000005,0.222,1.0
2018-01-03,4.158,4.380000000000001,0.222,1.0
2018-01-04,4.171,4.393000000000001,0.222,1.0
2018-01-05,4.187,4.409000000000001,0.222,1.0
2018-01-08,4.204,4.426,0.222,1.0
2018-01-09,4.238,4.460000000000001,0.222,1.0
2018-01-10,4.256,4.478000000000001,0.222,1.0
2018-01-11,4.25,4.472,0.222,1.0
2018-01-12,4.273,4.495,0.222,1.0
2018-01-15,4.265,4.487,0.222,1.0
2018-01-16,4.308,4.53,0.222,1.0
2018-01-17,4.295,4.517,0.222,1.0
2018-01-18,4.323,4.545000000000001,0.222,1.0
2018-01-19,4.335,4.557,0.222,1.0
2018-01-22,4.39,4.612,0.222,1.0
2018-01-23,4.388,4.656,0.268,1.0
2018-01-24,4.391,4.659,0.268,1.0
2018-01-25,4.363,4.631,0.268,1.0
2018-01-26,4.385,4.653,0.268,1.0
2018-01-29,4.302,4.569999999999999,0.268,1.0
2018-01-30,4.258,4.526,0.268,1.0
2018-01-31,4.271,4.539,0.268,1.0
2018-02-01,4.241,4.5089999999999995,0.268,1.0
2018-02-02,4.267,4.535,0.268,1.0
2018-02-05,4.263,4.531,0.268,1.0
2018-02-06,4.143,4.411,0.268,1.0
2018-02-07,4.045,4.313,0.268,1.0
2018-02-08,4.012,4.279999999999999,0.268,1.0
2018-02-09,3.827,4.095,0.268,1.0
2018-02-12,3.882,4.15,0.268,1.0
2018-02-13,3.929,4.197,0.268,1.0
2018-02-14,3.964,4.232,0.268,1.0
2018-02-22,4.046,4.314,0.268,1.0
2018-02-23,4.068,4.335999999999999,0.268,1.0
2018-02-26,4.12,4.388,0.268,1.0
2018-02-27,4.061,4.329,0.268,1.0
2018-02-28,4.02,4.287999999999999,0.268,1.0
2018-03-01,4.049,4.317,0.268,1.0
2018-03-02,4.022,4.29,0.268,1.0
2018-03-05,4.013,4.281,0.268,1.0
2018-03-06,4.073,4.341,0.268,1.0
2018-03-07,4.04,4.308,0.268,1.0
2018-03-08,4.081,4.349,0.268,1.0
2018-03-09,4.111,4.379,0.268,1.0
2018-03-12,4.123,4.391,0.268,1.0
2018-03-13,4.079,4.3469999999999995,0.268,1.0
2018-03-14,4.065,4.333,0.268,1.0
2018-03-15,4.095,4.3629999999999995,0.268,1.0
2018-03-16,4.05,4.318,0.268,1.0
2018-03-19,4.072,4.34,0.268,1.0
2018-03-20,4.07,4.338,0.268,1.0
2018-03-21,4.049,4.317,0.268,1.0
2018-03-22,4.013,4.281,0.268,1.0
2018-03-23,3.894,4.162,0.268,1.0
2018-03-26,3.876,4.144,0.268,1.0
2018-03-27,3.911,4.179,0.268,1.0
2018-03-28,3.832,4.1,0.268,1.0
2018-03-29,3.902,4.17,0.268,1.0
2018-03-30,3.896,4.164,0.268,1.0
2018-04-02,3.883,4.151,0.268,1.0
2018-04-03,3.858,4.126,0.268,1.0
2018-04-04,3.848,4.116,0.268,1.0
2018-04-09,3.853,4.121,0.268,1.0
2018-04-10,3.928,4.196,0.268,1.0
2018-04-11,3.933,4.201,0.268,1.0
2018-04-12,3.892,4.16,0.268,1.0
2018-04-13,3.865,4.133,0.268,1.0
2018-04-16,3.804,4.072,0.268,1.0
2018-04-17,3.748,4.016,0.268,1.0
2018-04-18,3.756,4.024,0.268,1.0
2018-04-19,3.809,4.077,0.268,1.0
2018-04-20,3.75,4.018,0.268,1.0
2018-04-23,3.766,4.034,0.268,1.0
2018-04-24,3.845,4.113,0.268,1.0
2018-04-25,3.822,4.09,0.268,1.0
2018-04-26,3.746,4.014,0.268,1.0
2018-04-27,3.754,4.022,0.268,1.0
2018-05-02,3.766,4.034,0.268,1.0
2018-05-03,3.788,4.056,0.268,1.0
2018-05-04,3.77,4.038,0.268,1.0
2018-05-07,3.831,4.099,0.268,1.0
2018-05-08,3.881,4.149,0.268,1.0
2018-05-09,3.87,4.138,0.268,1.0
2018-05-10,3.896,4.164,0.268,1.0
2018-05-11,3.873,4.141,0.268,1.0
2018-05-14,3.907,4.175,0.268,1.0
2018-05-15,3.922,4.19,0.268,1.0
2018-05-16,3.89,4.158,0.268,1.0
2018-05-17,3.857,4.125,0.268,1.0
2018-05-18,3.899,4.167,0.268,1.0
2018-05-21,3.918,4.186,0.268,1.0
2018-05-22,3.902,4.17,0.268,1.0
2018-05-23,3.851,4.119,0.268,1.0
2018-05-24,3.82,4.088,0.268,1.0
2018-05-25,3.811,4.079,0.268,1.0
2018-05-28,3.835,4.103,0.268,1.0
2018-05-29,3.799,4.067,0.268,1.0
2018-05-30,3.727,3.995,0.268,1.0
2018-05-31,3.803,4.071,0.268,1.0
2018-06-01,3.777,4.045,0.268,1.0
2018-06-04,3.814,4.082,0.268,1.0
2018-06-05,3.846,4.114,0.268,1.0
2018-06-06,3.839,4.107,0.268,1.0
2018-06-07,3.838,4.106,0.268,1.0
2018-06-08,3.787,4.055,0.268,1.0
2018-06-11,3.797,4.065,0.268,1.0
2018-06-12,3.835,4.103,0.268,1.0
2018-06-13,3.796,4.064,0.268,1.0
2018-06-14,3.786,4.054,0.268,1.0
2018-06-15,3.78,4.048,0.268,1.0
2018-06-19,3.65,3.918,0.268,1.0
2018-06-20,3.65,3.918,0.268,1.0
2018-06-21,3.62,3.888,0.268,1.0
2018-06-22,3.636,3.904,0.268,1.0
2018-06-25,3.585,3.8529999999999998,0.268,1.0
2018-06-26,3.55,3.8179999999999996,0.268,1.0
2018-06-27,3.466,3.734,0.268,1.0
2018-06-28,3.446,3.7140000000000004,0.268,1.0
2018-06-29,3.537,3.8049999999999997,0.268,1.0
2018-07-02,3.443,3.7110000000000003,0.268,1.0
2018-07-03,3.43,3.6980000000000004,0.268,1.0
2018-07-04,3.394,3.662,0.268,1.0
2018-07-05,3.366,3.6340000000000003,0.268,1.0
2018-07-06,3.395,3.6630000000000003,0.268,1.0
2018-07-09,3.494,3.7620000000000005,0.268,1.0
2018-07-10,3.503,3.771,0.268,1.0
2018-07-11,3.445,3.713,0.268,1.0
2018-07-12,3.528,3.7960000000000003,0.268,1.0
2018-07-13,3.534,3.8019999999999996,0.268,1.0
2018-07-16,3.519,3.787,0.268,1.0
2018-07-17,3.497,3.7649999999999997,0.268,1.0
2018-07-18,3.481,3.7489999999999997,0.268,1.0
2018-07-19,3.483,3.7510000000000003,0.268,1.0
2018-07-20,3.55,3.8179999999999996,0.268,1.0
2018-07-23,3.573,3.841,0.268,1.0
2018-07-24,3.639,3.907,0.268,1.0
2018-07-25,3.638,3.9059999999999997,0.268,1.0
2018-07-26,3.591,3.859,0.268,1.0
2018-07-27,3.582,3.8499999999999996,0.268,1.0
2018-07-30,3.562,3.83,0.268,1.0
2018-07-31,3.575,3.843,0.268,1.0
2018-08-01,3.495,3.763,0.268,1.0
2018-08-02,3.417,3.6849999999999996,0.268,1.0
2018-08-03,3.369,3.6370000000000005,0.268,1.0
2018-08-06,3.334,3.6020000000000003,0.268,1.0
2018-08-07,3.427,3.6950000000000003,0.268,1.0
2018-08-08,3.377,3.6449999999999996,0.268,1.0
2018-08-09,3.458,3.726,0.268,1.0
2018-08-10,3.464,3.732,0.268,1.0
2018-08-13,3.449,3.7169999999999996,0.268,1.0
2018-08-14,3.434,3.702,0.268,1.0
2018-08-15,3.352,3.62,0.268,1.0
2018-08-16,3.338,3.606,0.268,1.0
2018-08-17,3.287,3.5549999999999997,0.268,1.0
2018-08-20,3.322,3.59,0.268,1.0
2018-08-21,3.379,3.6470000000000002,0.268,1.0
2018-08-22,3.373,3.641,0.268,1.0
2018-08-23,3.383,3.651,0.268,1.0
2018-08-24,3.388,3.6559999999999997,0.268,1.0
2018-08-27,3.473,3.7409999999999997,0.268,1.0
2018-08-28,3.463,3.731,0.268,1.0
2018-08-29,3.45,3.718,0.268,1.0
2018-08-30,3.416,3.684,0.268,1.0
2018-08-31,3.39,3.6580000000000004,0.268,1.0
2018-09-03,3.383,3.651,0.268,1.0
2018-09-04,3.424,3.692,0.268,1.0
2018-09-05,3.353,3.6210000000000004,0.268,1.0
2018-09-06,3.324,3.5919999999999996,0.268,1.0
2018-09-07,3.346,3.614,0.268,1.0
2018-09-10,3.298,3.566,0.268,1.0
2018-09-11,3.286,3.5540000000000003,0.268,1.0
2018-09-12,3.263,3.5309999999999997,0.268,1.0
2018-09-13,3.298,3.566,0.268,1.0
2018-09-14,3.303,3.5709999999999997,0.268,1.0
2018-09-17,3.272,3.54,0.268,1.0
2018-09-18,3.335,3.6029999999999998,0.268,1.0
2018-09-19,3.38,3.6479999999999997,0.268,1.0
2018-09-20,3.378,3.646,0.268,1.0
2018-09-21,3.484,3.752,0.268,1.0
2018-09-25,3.449,3.7169999999999996,0.268,1.0
2018-09-26,3.487,3.755,0.268,1.0
2018-09-27,3.472,3.74,0.268,1.0
2018-09-28,3.508,3.776,0.268,1.0
2018-10-08,3.341,3.609,0.268,1.0
2018-10-09,3.348,3.6159999999999997,0.268,1.0
2018-10-10,3.346,3.614,0.268,1.0
2018-10-11,3.174,3.442,0.268,1.0
2018-10-12,3.233,3.5010000000000003,0.268,1.0
2018-10-15,3.186,3.4539999999999997,0.268,1.0
2018-10-16,3.165,3.433,0.268,1.0
2018-10-17,3.176,3.444,0.268,1.0
2018-10-18,3.106,3.3739999999999997,0.268,1.0
2018-10-19,3.185,3.4530000000000003,0.268,1.0
2018-10-22,3.353,3.6210000000000004,0.268,1.0
2018-10-23,3.24,3.508,0.268,1.0
2018-10-24,3.245,3.513,0.268,1.0
2018-10-25,3.261,3.529,0.268,1.0
2018-10-26,3.228,3.4960000000000004,0.268,1.0
2018-10-29,3.131,3.399,0.268,1.0
2018-10-30,3.168,3.436,0.268,1.0
2018-10-31,3.205,3.473,0.268,1.0
2018-11-01,3.228,3.4960000000000004,0.268,1.0
2018-11-02,3.363,3.6310000000000002,0.268,1.0
2018-11-05,3.32,3.588,0.268,1.0
2018-11-06,3.299,3.567,0.268,1.0
2018-11-07,3.272,3.54,0.268,1.0
2018-11-08,3.269,3.537,0.268,1.0
2018-11-09,3.228,3.4960000000000004,0.268,1.0
2018-11-12,3.264,3.532,0.268,1.0
2018-11-13,3.298,3.566,0.268,1.0
2018-11-14,3.258,3.526,0.268,1.0
2018-11-15,3.301,3.569,0.268,1.0
2018-11-16,3.311,3.5789999999999997,0.268,1.0
2018-11-19,3.348,3.6159999999999997,0.268,1.0
2018-11-20,3.275,3.543,0.268,1.0
2018-11-21,3.278,3.5460000000000003,0.268,1.0
2018-11-22,3.269,3.537,0.268,1.0
2018-11-23,3.184,3.452,0.268,1.0
2018-11-26,3.189,3.457,0.268,1.0
2018-11-27,3.186,3.4539999999999997,0.268,1.0
2018-11-28,3.234,3.502,0.268,1.0
2018-11-29,3.202,3.4699999999999998,0.268,1.0
2018-11-30,3.235,3.503,0.268,1.0
2018-12-03,3.319,3.5869999999999997,0.268,1.0
2018-12-04,3.324,3.5919999999999996,0.268,1.0
2018-12-05,3.309,3.577,0.268,1.0
2018-12-06,3.242,3.51,0.268,1.0
2018-12-07,3.235,3.503,0.268,1.0
2018-12-10,3.205,3.473,0.268,1.0
2018-12-11,3.218,3.4859999999999998,0.268,1.0
2018-12-12,3.229,3.497,0.268,1.0
2018-12-13,3.284,3.5519999999999996,0.268,1.0
2018-12-14,3.227,3.495,0.268,1.0
2018-12-17,3.223,3.4909999999999997,0.268,1.0
2018-12-18,3.183,3.4509999999999996,0.268,1.0
2018-12-19,3.15,3.418,0.268,1.0
2018-12-20,3.127,3.3949999999999996,0.268,1.0
2018-12-21,3.088,3.356,0.268,1.0
2018-12-24,3.095,3.3630000000000004,0.268,1.0
2018-12-25,3.076,3.3440000000000003,0.268,1.0
2018-12-26,3.059,3.327,0.268,1.0
2018-12-27,3.052,3.3200000000000003,0.268,1.0
2018-12-28,3.059,3.327,0.268,1.0
2019-01-02,3.017,3.285,0.268,1.0
2019-01-03,3.017,3.285,0.268,1.0
2019-01-04,3.094,3.362,0.268,1.0
2019-01-07,3.107,3.375,0.268,1.0
2019-01-08,3.107,3.375,0.268,1.0
2019-01-09,3.13,3.3979999999999997,0.268,1.0
2019-01-10,3.133,3.401,0.268,1.0
2019-01-11,3.156,3.4240000000000004,0.268,1.0
2019-01-14,3.129,3.3970000000000002,0.268,1.0
2019-01-15,3.188,3.4560000000000004,0.268,1.0
2019-01-16,3.129,3.456,0.327,1.0
2019-01-17,3.112,3.439,0.327,1.0
2019-01-18,3.166,3.493,0.327,1.0
2019-01-21,3.183,3.51,0.327,1.0
2019-01-22,3.143,3.4699999999999998,0.327,1.0
2019-01-23,3.135,3.4619999999999997,0.327,1.0
2019-01-24,3.159,3.4859999999999998,0.327,1.0
2019-01-25,3.183,3.51,0.327,1.0
2019-01-28,3.179,3.506,0.327,1.0
2019-01-29,3.193,3.52,0.327,1.0
2019-01-30,3.172,3.499,0.327,1.0
2019-01-31,3.202,3.529,0.327,1.0
2019-02-01,3.255,3.582,0.327,1.0
2019-02-11,3.3,3.627,0.327,1.0
2019-02-12,3.324,3.651,0.327,1.0
2019-02-13,3.393,3.7199999999999998,0.327,1.0
2019-02-14,3.397,3.7239999999999998,0.327,1.0
2019-02-15,3.341,3.668,0.327,1.0
2019-02-18,3.438,3.765,0.327,1.0
2019-02-19,3.429,3.756,0.327,1.0
2019-02-20,3.438,3.765,0.327,1.0
2019-02-21,3.434,3.761,0.327,1.0
2019-02-22,3.526,3.8529999999999998,0.327,1.0
2019-02-25,3.775,4.102,0.327,1.0
2019-02-26,3.69,4.017,0.327,1.0
2019-02-27,3.67,3.997,0.327,1.0
2019-02-28,3.663,3.9899999999999998,0.327,1.0
2019-03-01,3.738,4.065,0.327,1.0
2019-03-04,3.777,4.104,0.327,1.0
2019-03-05,3.809,4.136,0.327,1.0
2019-03-06,3.835,4.162,0.327,1.0
2019-03-07,3.793,4.12,0.327,1.0
2019-03-08,3.661,3.988,0.327,1.0
2019-03-11,3.71,4.037,0.327,1.0
2019-03-12,3.735,4.062,0.327,1.0
2019-03-13,3.713,4.04,0.327,1.0
2019-03-14,3.686,4.013,0.327,1.0
2019-03-15,3.735,4.062,0.327,1.0
2019-03-18,3.85,4.1770000000000005,0.327,1.0
2019-03-19,3.822,4.149,0.327,1.0
2019-03-20,3.822,4.149,0.327,1.0
2019-03-21,3.824,4.151,0.327,1.0
2019-03-22,3.829,4.156000000000001,0.327,1.0
2019-03-25,3.734,4.061,0.327,1.0
2019-03-26,3.695,4.022,0.327,1.0
2019-03-27,3.727,4.054,0.327,1.0
2019-03-28,3.717,4.0440000000000005,0.327,1.0
2019-03-29,3.869,4.196000000000001,0.327,1.0
2019-04-01,3.969,4.296,0.327,1.0
2019-04-02,3.962,4.289000000000001,0.327,1.0
2019-04-03,4.015,4.342,0.327,1.0
2019-04-04,4.062,4.389,0.327,1.0
2019-04-08,4.036,4.3629999999999995,0.327,1.0
2019-04-09,4.06,4.387,0.327,1.0
2019-04-10,4.066,4.393,0.327,1.0
2019-04-11,3.996,4.323,0.327,1.0
2019-04-12,3.982,4.309,0.327,1.0
2019-04-15,3.957,4.284,0.327,1.0
2019-04-16,4.077,4.404,0.327,1.0
2019-04-17,4.067,4.394,0.327,1.0
2019-04-18,4.06,4.387,0.327,1.0
2019-04-19,4.12,4.447,0.327,1.0
2019-04-22,4.017,4.344,0.327,1.0
2019-04-23,4.01,4.337,0.327,1.0
2019-04-24,4.016,4.343,0.327,1.0
2019-04-25,3.933,4.26,0.327,1.0
2019-04-26,3.879,4.206,0.327,1.0
2019-04-29,3.894,4.221,0.327,1.0
2019-04-30,3.896,4.223,0.327,1.0
2019-05-06,3.673,4.0,0.327,1.0
2019-05-07,3.707,4.034,0.327,1.0
2019-05-08,3.659,3.9859999999999998,0.327,1.0
2019-05-09,3.607,3.934,0.327,1.0
2019-05-10,3.72,4.047000000000001,0.327,1.0
2019-05-13,3.652,3.979,0.327,1.0
2019-05-14,3.634,3.961,0.327,1.0
2019-05-15,3.712,4.039000000000001,0.327,1.0
2019-05-16,3.73,4.057,0.327,1.0
2019-05-17,3.646,3.973,0.327,1.0
2019-05-20,3.606,3.933,0.327,1.0
2019-05-21,3.651,3.9779999999999998,0.327,1.0
2019-05-22,3.642,3.969,0.327,1.0
2019-05-23,3.584,3.911,0.327,1.0
2019-05-24,3.59,3.917,0.327,1.0
2019-05-27,3.633,3.96,0.327,1.0
2019-05-28,3.65,3.977,0.327,1.0
2019-05-29,3.652,3.979,0.327,1.0
2019-05-30,3.65,3.977,0.327,1.0
2019-05-31,3.632,3.959,0.327,1.0
2019-06-03,3.64,3.967,0.327,1.0
2019-06-04,3.607,3.934,0.327,1.0
2019-06-05,3.599,3.926,0.327,1.0
2019-06-06,3.568,3.895,0.327,1.0
2019-06-10,3.614,3.941,0.327,1.0
2019-06-11,3.727,4.054,0.327,1.0
2019-06-12,3.699,4.026,0.327,1.0
2019-06-13,3.692,4.019,0.327,1.0
2019-06-14,3.67,3.997,0.327,1.0
2019-06-17,3.673,4.0,0.327,1.0
2019-06-18,3.681,4.008,0.327,1.0
2019-06-19,3.735,4.062,0.327,1.0
2019-06-20,3.843,4.17,0.327,1.0
2019-06-21,3.85,4.1770000000000005,0.327,1.0
2019-06-24,3.856,4.183,0.327,1.0
2019-06-25,3.817,4.144,0.327,1.0
2019-06-26,3.818,4.1450000000000005,0.327,1.0
2019-06-27,3.86,4.187,0.327,1.0
2019-06-28,3.859,4.186,0.327,1.0
2019-07-01,3.954,4.281000000000001,0.327,1.0
2019-07-02,3.96,4.287,0.327,1.0
2019-07-03,3.927,4.2540000000000004,0.327,1.0
2019-07-04,3.901,4.228,0.327,1.0
2019-07-05,3.921,4.248,0.327,1.0
2019-07-08,3.831,4.158,0.327,1.0
2019-07-09,3.822,4.149,0.327,1.0
2019-07-10,3.823,4.15,0.327,1.0
2019-07-11,3.824,4.151,0.327,1.0
2019-07-12,3.855,4.182,0.327,1.0
2019-07-15,3.869,4.196000000000001,0.327,1.0
2019-07-16,3.853,4.180000000000001,0.327,1.0
2019-07-17,3.847,4.174,0.327,1.0
2019-07-18,3.822,4.149,0.327,1.0
2019-07-19,3.862,4.189,0.327,1.0
2019-07-22,3.832,4.159,0.327,1.0
2019-07-23,3.841,4.168,0.327,1.0
2019-07-24,3.872,4.199,0.327,1.0
2019-07-25,3.907,4.234,0.327,1.0
2019-07-26,3.912,4.239,0.327,1.0
2019-07-29,3.906,4.2330000000000005,0.327,1.0
2019-07-30,3.924,4.251,0.327,1.0
2019-07-31,3.896,4.223,0.327,1.0
2019-08-01,3.86,4.187,0.327,1.0
2019-08-02,3.801,4.128,0.327,1.0
2019-08-05,3.735,4.062,0.327,1.0
2019-08-06,3.696,4.023000000000001,0.327,1.0
2019-08-07,3.672,3.999,0.327,1.0
2019-08-08,3.726,4.053,0.327,1.0
2019-08-09,3.697,4.024,0.327,1.0
2019-08-12,3.756,4.083,0.327,1.0
2019-08-13,3.724,4.051,0.327,1.0
2019-08-14,3.738,4.065,0.327,1.0
2019-08-15,3.753,4.08,0.327,1.0
2019-08-16,3.769,4.096,0.327,1.0
2019-08-19,3.859,4.186,0.327,1.0
2019-08-20,3.843,4.17,0.327,1.0
2019-08-21,3.842,4.1690000000000005,0.327,1.0
2019-08-22,3.85,4.1770000000000005,0.327,1.0
2019-08-23,3.877,4.204,0.327,1.0
2019-08-26,3.834,4.1610000000000005,0.327,1.0
2019-08-27,3.874,4.2010000000000005,0.327,1.0
2019-08-28,3.862,4.189,0.327,1.0
2019-08-29,3.851,4.178,0.327,1.0
2019-08-30,3.861,4.188000000000001,0.327,1.0
2019-09-02,3.904,4.231,0.327,1.0
2019-09-03,3.908,4.235,0.327,1.0
2019-09-04,3.957,4.284,0.327,1.0
2019-09-05,3.994,4.321000000000001,0.327,1.0
2019-09-06,4.021,4.348,0.327,1.0
2019-09-09,4.037,4.364,0.327,1.0
2019-09-10,4.026,4.353,0.327,1.0
2019-09-11,3.997,4.324,0.327,1.0
2019-09-12,4.038,4.365,0.327,1.0
2019-09-16,4.024,4.351,0.327,1.0
2019-09-17,3.951,4.2780000000000005,0.327,1.0
2019-09-18,3.968,4.295,0.327,1.0
2019-09-19,3.987,4.314,0.327,1.0
2019-09-20,3.993,4.32,0.327,1.0
2019-09-23,3.958,4.285,0.327,1.0
2019-09-24,3.961,4.288,0.327,1.0
2019-09-25,3.934,4.261,0.327,1.0
2019-09-26,3.907,4.234,0.327,1.0
2019-09-27,3.916,4.243,0.327,1.0
2019-09-30,3.869,4.196000000000001,0.327,1.0
2019-10-08,3.894,4.221,0.327,1.0
2019-10-09,3.905,4.232,0.327,1.0
2019-10-10,3.933,4.26,0.327,1.0
2019-10-11,3.981,4.308,0.327,1.0
2019-10-14,4.01,4.337,0.327,1.0
2019-10-15,3.997,4.324,0.327,1.0
2019-10-16,3.983,4.3100000000000005,0.327,1.0
2019-10-17,3.989,4.316,0.327,1.0
2019-10-18,3.931,4.258,0.327,1.0
2019-10-21,3.94,4.267,0.327,1.0
2019-10-22,3.955,4.282,0.327,1.0
2019-10-23,3.934,4.261,0.327,1.0
2019-10-24,3.939,4.266,0.327,1.0
2019-10-25,3.963,4.29,0.327,1.0
2019-10-28,3.986,4.313000000000001,0.327,1.0
2019-10-29,3.973,4.3,0.327,1.0
2019-10-30,3.947,4.274,0.327,1.0
2019-10-31,3.945,4.272,0.327,1.0
2019-11-01,4.026,4.353,0.327,1.0
2019-11-04,4.039,4.366,0.327,1.0
2019-11-05,4.062,4.389,0.327,1.0
2019-11-06,4.045,4.372,0.327,1.0
2019-11-07,4.05,4.377,0.327,1.0
2019-11-08,4.034,4.361,0.327,1.0
2019-11-11,3.967,4.2940000000000005,0.327,1.0
2019-11-12,3.962,4.289000000000001,0.327,1.0
2019-11-13,3.959,4.2860000000000005,0.327,1.0
2019-11-14,3.962,4.289000000000001,0.327,1.0
2019-11-15,3.943,4.2700000000000005,0.327,1.0
2019-11-18,3.971,4.298,0.327,1.0
2019-11-19,4.011,4.338,0.327,1.0
2019-11-20,3.97,4.297000000000001,0.327,1.0
2019-11-21,3.95,4.277,0.327,1.0
2019-11-22,3.908,4.235,0.327,1.0
2019-11-25,3.936,4.263,0.327,1.0
2019-11-26,3.942,4.269,0.327,1.0
2019-11-27,3.936,4.263,0.327,1.0
2019-11-28,3.93,4.257000000000001,0.327,1.0
2019-11-29,3.887,4.214,0.327,1.0
2019-12-02,3.895,4.222,0.327,1.0
2019-12-03,3.911,4.238,0.327,1.0
2019-12-04,3.913,4.24,0.327,1.0
2019-12-05,3.942,4.269,0.327,1.0
2019-12-06,3.966,4.293,0.327,1.0
2019-12-09,3.953,4.28,0.327,1.0
2019-12-10,3.956,4.283,0.327,1.0
2019-12-11,3.9,4.289,0.389,1.0
2019-12-12,3.889,4.278,0.389,1.0
2019-12-13,3.968,4.357,0.389,1.0
2019-12-16,3.98,4.369,0.389,1.0
2019-12-17,4.042,4.431,0.389,1.0
2019-12-18,4.027,4.416,0.389,1.0
2019-12-19,4.02,4.409,0.389,1.0
2019-12-20,4.016,4.405,0.389,1.0
2019-12-23,3.964,4.353,0.389,1.0
2019-12-24,3.985,4.374,0.389,1.0
2019-12-25,3.992,4.381,0.389,1.0
2019-12-26,4.021,4.41,0.389,1.0
2019-12-27,4.017,4.406000000000001,0.389,1.0
2019-12-30,4.075,4.464,0.389,1.0
2019-12-31,4.096,4.485,0.389,1.0
2020-01-02,4.149,4.538,0.389,1.0
2020-01-03,4.139,4.5280000000000005,0.389,1.0
2020-01-06,4.123,4.5120000000000005,0.389,1.0
2020-01-07,4.155,4.5440000000000005,0.389,1.0
2020-01-08,4.114,4.503,0.389,1.0
2020-01-09,4.158,4.547000000000001,0.389,1.0
2020-01-10,4.157,4.546,0.389,1.0
2020-01-13,4.202,4.591,0.389,1.0
2020-01-14,4.184,4.573,0.389,1.0
2020-01-15,4.152,4.541,0.389,1.0
2020-01-16,4.146,4.535,0.389,1.0
2020-01-17,4.151,4.54,0.389,1.0
2020-01-20,4.181,4.57,0.389,1.0
2020-01-21,4.105,4.494000000000001,0.389,1.0
2020-01-22,4.119,4.508,0.389,1.0
2020-01-23,3.996,4.385,0.389,1.0
2020-02-03,3.659,4.048,0.389,1.0
2020-02-04,3.77,4.159,0.389,1.0
2020-02-05,3.807,4.196,0.389,1.0
2020-02-06,3.897,4.286,0.389,1.0
2020-02-07,3.888,4.277,0.389,1.0
2020-02-10,3.901,4.29,0.389,1.0
2020-02-11,3.943,4.332,0.389,1.0
2020-02-12,3.971,4.36,0.389,1.0
2020-02-13,3.95,4.339,0.389,1.0
2020-02-14,3.977,4.366,0.389,1.0
2020-02-17,4.064,4.453,0.389,1.0
2020-02-18,4.039,4.428,0.389,1.0
2020-02-19,4.04,4.429,0.389,1.0
2020-02-20,4.131,4.5200000000000005,0.389,1.0
2020-02-21,4.145,4.534,0.389,1.0
2020-02-24,4.112,4.501,0.389,1.0
2020-02-25,4.104,4.493,0.389,1.0
2020-02-26,4.07,4.4590000000000005,0.389,1.0
2020-02-27,4.071,4.46,0.389,1.0
2020-02-28,3.933,4.322,0.389,1.0
2020-03-02,4.076,4.465,0.389,1.0
2020-03-03,4.073,4.462000000000001,0.389,1.0
2020-03-04,4.102,4.4910000000000005,0.389,1.0
2020-03-05,4.2,4.589,0.389,1.0
2020-03-06,4.121,4.510000000000001,0.389,1.0
2020-03-09,3.99,4.3790000000000004,0.389,1.0
2020-03-10,4.078,4.4670000000000005,0.389,1.0
2020-03-11,4.011,4.4,0.389,1.0
2020-03-12,3.948,4.337,0.389,1.0
2020-03-13,3.889,4.278,0.389,1.0
2020-03-16,3.726,4.115,0.389,1.0
2020-03-17,3.693,4.082,0.389,1.0
2020-03-18,3.631,4.02,0.389,1.0
2020-03-19,3.596,3.9850000000000003,0.389,1.0
2020-03-20,3.644,4.033,0.389,1.0
2020-03-23,3.526,3.915,0.389,1.0
2020-03-24,3.611,4.0,0.389,1.0
2020-03-25,3.706,4.095,0.389,1.0
2020-03-26,3.683,4.072,0.389,1.0
2020-03-27,3.7,4.089,0.389,1.0
2020-03-30,3.666,4.055,0.389,1.0
2020-03-31,3.669,4.058,0.389,1.0
2020-04-01,3.673,4.062,0.389,1.0
2020-04-02,3.723,4.112,0.389,1.0
2020-04-03,3.697,4.086,0.389,1.0
2020-04-07,3.78,4.169,0.389,1.0
2020-04-08,3.765,4.154,0.389,1.0
2020-04-09,3.776,4.165,0.389,1.0
2020-04-10,3.764,4.153,0.389,1.0
2020-04-13,3.743,4.132,0.389,1.0
2020-04-14,3.805,4.194,0.389,1.0
2020-04-15,3.783,4.172,0.389,1.0
2020-04-16,3.785,4.174,0.389,1.0
2020-04-17,3.819,4.208,0.389,1.0
2020-04-20,3.835,4.224,0.389,1.0
2020-04-21,3.795,4.184,0.389,1.0
2020-04-22,3.829,4.218,0.389,1.0
2020-04-23,3.822,4.211,0.389,1.0
2020-04-24,3.79,4.179,0.389,1.0
2020-04-27,3.807,4.196,0.389,1.0
2020-04-28,3.831,4.22,0.389,1.0
2020-04-29,3.851,4.24,0.389,1.0
2020-04-30,3.908,4.297,0.389,1.0
2020-05-06,3.918,4.307,0.389,1.0
2020-05-07,3.911,4.3,0.389,1.0
2020-05-08,3.953,4.342,0.389,1.0
2020-05-11,3.946,4.335,0.389,1.0
2020-05-12,3.945,4.334,0.389,1.0
2020-05-13,3.954,4.343,0.389,1.0
2020-05-14,3.921,4.31,0.389,1.0
2020-05-15,3.902,4.291,0.389,1.0
2020-05-18,3.914,4.303,0.389,1.0
2020-05-19,3.943,4.332,0.389,1.0
2020-05-20,3.927,4.316,0.389,1.0
2020-05-21,3.901,4.29,0.389,1.0
2020-05-22,3.815,4.204,0.389,1.0
2020-05-25,3.817,4.206,0.389,1.0
2020-05-26,3.863,4.252,0.389,1.0
2020-05-27,3.845,4.234,0.389,1.0
2020-05-28,3.85,4.239,0.389,1.0
2020-05-29,3.866,4.255,0.389,1.0
2020-06-01,3.968,4.357,0.389,1.0
2020-06-02,3.979,4.368,0.389,1.0
2020-06-03,3.978,4.367,0.389,1.0
2020-06-04,3.98,4.369,0.389,1.0
2020-06-05,4.003,4.392,0.389,1.0
2020-06-08,4.022,4.4110000000000005,0.389,1.0
2020-06-09,4.049,4.438000000000001,0.389,1.0
2020-06-10,4.04,4.429,0.389,1.0
2020-06-11,4.003,4.392,0.389,1.0
2020-06-12,4.013,4.402,0.389,1.0
2020-06-15,3.956,4.345,0.389,1.0
2020-06-16,4.018,4.407,0.389,1.0
2020-06-17,4.022,4.4110000000000005,0.389,1.0
2020-06-18,4.053,4.442,0.389,1.0
2020-06-19,4.105,4.494000000000001,0.389,1.0
2020-06-22,4.109,4.498,0.389,1.0
2020-06-23,4.128,4.517,0.389,1.0
2020-06-24,4.164,4.553,0.389,1.0
2020-06-29,4.128,4.517,0.389,1.0
2020-06-30,4.178,4.567,0.389,1.0
2020-07-01,4.272,4.6610000000000005,0.389,1.0
2020-07-02,4.37,4.759,0.389,1.0
2020-07-03,4.457,4.846,0.389,1.0
2020-07-06,4.784,5.173,0.389,1.0
2020-07-07,4.736,5.125,0.389,1.0
2020-07-08,4.798,5.187,0.389,1.0
2020-07-09,4.872,5.261,0.389,1.0
2020-07-10,4.785,5.174,0.389,1.0
2020-07-13,4.885,5.274,0.389,1.0
2020-07-14,4.842,5.231,0.389,1.0
2020-07-15,4.784,5.173,0.389,1.0
2020-07-16,4.556,4.945,0.389,1.0
2020-07-17,4.605,4.994000000000001,0.389,1.0
2020-07-20,4.727,5.1160000000000005,0.389,1.0
2020-07-21,4.739,5.128,0.389,1.0
2020-07-22,4.792,5.181,0.389,1.0
2020-07-23,4.766,5.155,0.389,1.0
2020-07-24,4.554,4.9430000000000005,0.389,1.0
2020-07-27,4.582,4.971,0.389,1.0
2020-07-28,4.617,5.006,0.389,1.0
2020-07-29,4.749,5.138,0.389,1.0
2020-07-30,4.714,5.103000000000001,0.389,1.0
2020-07-31,4.75,5.139,0.389,1.0
2020-08-03,4.825,5.214,0.389,1.0
2020-08-04,4.829,5.218,0.389,1.0
2020-08-05,4.831,5.220000000000001,0.389,1.0
2020-08-06,4.813,5.202,0.389,1.0
2020-08-07,4.765,5.154,0.389,1.0
2020-08-10,4.781,5.17,0.389,1.0
2020-08-11,4.734,5.123,0.389,1.0
2020-08-12,4.702,5.091,0.389,1.0
2020-08-13,4.687,5.0760000000000005,0.389,1.0
2020-08-14,4.778,5.167,0.389,1.0
2020-08-17,4.877,5.266,0.389,1.0
2020-08-18,4.87,5.259,0.389,1.0
2020-08-19,4.794,5.183,0.389,1.0
2020-08-20,4.743,5.132000000000001,0.389,1.0
2020-08-21,4.783,5.172000000000001,0.389,1.0
2020-08-24,4.813,5.202,0.389,1.0
2020-08-25,4.822,5.211,0.389,1.0
2020-08-26,4.763,5.152,0.389,1.0
2020-08-27,4.799,5.188000000000001,0.389,1.0
2020-08-28,4.917,5.306,0.389,1.0
2020-08-31,4.874,5.263,0.389,1.0
2020-09-01,4.908,5.297000000000001,0.389,1.0
2020-09-02,4.904,5.293,0.389,1.0
2020-09-03,4.884,5.273000000000001,0.389,1.0
2020-09-04,4.829,5.218,0.389,1.0
2020-09-07,4.732,5.121,0.389,1.0
2020-09-08,4.756,5.1450000000000005,0.389,1.0
2020-09-09,4.645,5.034,0.389,1.0
2020-09-10,4.649,5.038,0.389,1.0
2020-09-11,4.685,5.074,0.389,1.0
2020-09-14,4.712,5.101,0.389,1.0
2020-09-15,4.747,5.136,0.389,1.0
2020-09-16,4.719,5.1080000000000005,0.389,1.0
2020-09-17,4.69,5.079000000000001,0.389,1.0
2020-09-18,4.811,5.2,0.389,1.0
2020-09-21,4.756,5.1450000000000005,0.389,1.0
2020-09-22,4.699,5.088,0.389,1.0
2020-09-23,4.713,5.102,0.389,1.0
2020-09-24,4.636,5.025,0.389,1.0
2020-09-25,4.639,5.0280000000000005,0.389,1.0
2020-09-28,4.649,5.038,0.389,1.0
2020-09-29,4.66,5.049,0.389,1.0
2020-09-30,4.646,5.035,0.389,1.0
2020-10-09,4.739,5.128,0.389,1.0
2020-10-12,4.887,5.276,0.389,1.0
2020-10-13,4.903,5.292,0.389,1.0
2020-10-14,4.879,5.268,0.389,1.0
2020-10-15,4.867,5.256,0.389,1.0
2020-10-16,4.853,5.242,0.389,1.0
2020-10-19,4.822,5.211,0.389,1.0
2020-10-20,4.852,5.2410000000000005,0.389,1.0
2020-10-21,4.858,5.247,0.389,1.0
2020-10-22,4.842,5.231,0.389,1.0
2020-10-23,4.786,5.175,0.389,1.0
2020-10-26,4.75,5.139,0.389,1.0
2020-10-27,4.764,5.1530000000000005,0.389,1.0
2020-10-28,4.804,5.1930000000000005,0.389,1.0
2020-10-29,4.848,5.237,0.389,1.0
2020-10-30,4.757,5.146,0.389,1.0
2020-11-02,4.785,5.174,0.389,1.0
2020-11-03,4.836,5.2250000000000005,0.389,1.0
2020-11-04,4.873,5.2620000000000005,0.389,1.0
2020-11-05,4.949,5.338,0.389,1.0
2020-11-06,4.951,5.34,0.389,1.0
2020-11-09,5.048,5.437,0.389,1.0
2020-11-10,5.021,5.41,0.389,1.0
2020-11-11,4.974,5.363,0.389,1.0
2020-11-12,4.971,5.36,0.389,1.0
2020-11-13,4.92,5.309,0.389,1.0
2020-11-16,4.973,5.362,0.389,1.0
2020-11-17,4.964,5.353000000000001,0.389,1.0
2020-11-18,4.957,5.346,0.389,1.0
2020-11-19,4.999,5.388,0.389,1.0
2020-11-20,5.014,5.4030000000000005,0.389,1.0
2020-11-23,5.072,5.461,0.389,1.0
2020-11-24,5.04,5.429,0.389,1.0
2020-11-25,4.978,5.367,0.389,1.0
2020-11-26,4.985,5.3740000000000006,0.389,1.0
2020-11-27,5.056,5.445,0.389,1.0
2020-11-30,5.031,5.42,0.389,1.0
2020-12-01,5.142,5.531000000000001,0.389,1.0
2020-12-02,5.131,5.5200000000000005,0.389,1.0
2020-12-03,5.129,5.518,0.389,1.0
2020-12-04,5.14,5.529,0.389,1.0
2020-12-07,5.096,5.485,0.389,1.0
2020-12-08,5.08,5.469,0.389,1.0
2020-12-09,5.02,5.409,0.389,1.0
2020-12-10,5.01,5.399,0.389,1.0
2020-12-11,4.954,5.343,0.389,1.0
2020-12-14,4.998,5.3870000000000005,0.389,1.0
2020-12-15,5.013,5.402,0.389,1.0
2020-12-16,5.023,5.412,0.389,1.0
2020-12-17,5.094,5.4830000000000005,0.389,1.0
2020-12-18,5.065,5.454000000000001,0.389,1.0
2020-12-21,5.11,5.4990000000000006,0.389,1.0
2020-12-22,5.033,5.422000000000001,0.389,1.0
2020-12-23,5.074,5.463,0.389,1.0
2020-12-24,5.074,5.463,0.389,1.0
2020-12-25,5.116,5.505,0.389,1.0
2020-12-28,5.13,5.519,0.389,1.0
2020-12-29,5.114,5.503,0.389,1.0
2020-12-30,5.178,5.567,0.389,1.0
2020-12-31,5.287,5.676,0.389,1.0
2021-01-04,5.334,5.723,0.389,1.0
2021-01-05,5.433,5.822,0.389,1.0
2021-01-06,5.482,5.871,0.389,1.0
2021-01-07,5.599,5.988,0.389,1.0
2021-01-08,5.571,5.96,0.389,1.0
2021-01-11,5.508,5.897,0.389,1.0
2021-01-12,5.668,6.057,0.389,1.0
2021-01-13,5.646,6.035,0.389,1.0
2021-01-14,5.543,5.932,0.389,1.0
2021-01-15,5.526,5.915,0.389,1.0
2021-01-18,5.513,5.974,0.461,1.0
2021-01-19,5.438,5.899,0.461,1.0
2021-01-20,5.468,5.929,0.461,1.0
2021-01-21,5.562,6.023000000000001,0.461,1.0
2021-01-22,5.565,6.026000000000001,0.461,1.0
2021-01-25,5.631,6.0920000000000005,0.461,1.0
2021-01-26,5.511,5.972,0.461,1.0
2021-01-27,5.521,5.982,0.461,1.0
2021-01-28,5.385,5.846,0.461,1.0
2021-01-29,5.348,5.809,0.461,1.0
2021-02-01,5.411,5.872,0.461,1.0
2021-02-02,5.491,5.952,0.461,1.0
2021-02-03,5.485,5.946000000000001,0.461,1.0
2021-02-04,5.474,5.9350000000000005,0.461,1.0
2021-02-05,5.482,5.9430000000000005,0.461,1.0
2021-02-08,5.554,6.015000000000001,0.461,1.0
2021-02-09,5.692,6.1530000000000005,0.461,1.0
2021-02-10,5.807,6.268000000000001,0.461,1.0
2021-02-18,5.764,6.2250000000000005,0.461,1.0
2021-02-19,5.796,6.257000000000001,0.461,1.0
2021-02-22,5.589,6.050000000000001,0.461,1.0
2021-02-23,5.574,6.035,0.461,1.0
2021-02-24,5.427,5.888,0.461,1.0
2021-02-25,5.478,5.939,0.461,1.0
2021-02-26,5.329,5.79,0.461,1.0
2021-03-01,5.418,5.8790000000000004,0.461,1.0
2021-03-02,5.349,5.8100000000000005,0.461,1.0
2021-03-03,5.454,5.915,0.461,1.0
2021-03-04,5.287,5.748,0.461,1.0
2021-03-05,5.266,5.727,0.461,1.0
2021-03-08,5.08,5.541,0.461,1.0
2021-03-09,4.979,5.44,0.461,1.0
2021-03-10,5.0,5.461,0.461,1.0
2021-03-11,5.129,5.59,0.461,1.0
2021-03-12,5.142,5.603000000000001,0.461,1.0
2021-03-15,5.04,5.501,0.461,1.0
2021-03-16,5.073,5.534000000000001,0.461,1.0
2021-03-17,5.096,5.557,0.461,1.0
2021-03-18,5.136,5.597,0.461,1.0
2021-03-19,4.997,5.458,0.461,1.0
2021-03-22,5.054,5.515000000000001,0.461,1.0
2021-03-23,5.009,5.470000000000001,0.461,1.0
2021-03-24,4.933,5.394,0.461,1.0
2021-03-25,4.929,5.390000000000001,0.461,1.0
2021-03-26,5.033,5.494000000000001,0.461,1.0
2021-03-29,5.043,5.5040000000000004,0.461,1.0
2021-03-30,5.087,5.548,0.461,1.0
2021-03-31,5.05,5.511,0.461,1.0
2021-04-01,5.112,5.573,0.461,1.0
2021-04-02,5.161,5.622,0.461,1.0
2021-04-06,5.133,5.594,0.461,1.0
2021-04-07,5.098,5.559,0.461,1.0
2021-04-08,5.109,5.57,0.461,1.0
2021-04-09,5.038,5.4990000000000006,0.461,1.0
2021-04-12,4.954,5.415,0.461,1.0
2021-04-13,4.947,5.408,0.461,1.0
2021-04-14,4.975,5.436,0.461,1.0
2021-04-15,4.947,5.408,0.461,1.0
2021-04-16,4.963,5.424,0.461,1.0
2021-04-19,5.089,5.550000000000001,0.461,1.0
2021-04-20,5.081,5.542000000000001,0.461,1.0
2021-04-21,5.093,5.554,0.461,1.0
2021-04-22,5.089,5.550000000000001,0.461,1.0
2021-04-23,5.14,5.601,0.461,1.0
2021-04-26,5.076,5.537,0.461,1.0
2021-04-27,5.089,5.550000000000001,0.461,1.0
2021-04-28,5.127,5.588,0.461,1.0
2021-04-29,5.173,5.634,0.461,1.0
2021-04-30,5.128,5.589,0.461,1.0
2021-05-06,5.061,5.522,0.461,1.0
2021-05-07,5.0,5.461,0.461,1.0
2021-05-10,4.999,5.46,0.461,1.0
2021-05-11,5.025,5.486000000000001,0.461,1.0
2021-05-12,5.056,5.517,0.461,1.0
2021-05-13,5.001,5.462000000000001,0.461,1.0
2021-05-14,5.127,5.588,0.461,1.0
2021-05-17,5.188,5.649,0.461,1.0
2021-05-18,5.19,5.651000000000001,0.461,1.0
2021-05-19,5.176,5.6370000000000005,0.461,1.0
2021-05-20,5.19,5.651000000000001,0.461,1.0
2021-05-21,5.135,5.596,0.461,1.0
2021-05-24,5.163,5.6240000000000006,0.461,1.0
2021-05-25,5.327,5.788,0.461,1.0
2021-05-26,5.328,5.789000000000001,0.461,1.0
2021-05-27,5.347,5.808000000000001,0.461,1.0
2021-05-28,5.332,5.793,0.461,1.0
2021-05-31,5.338,5.799,0.461,1.0
2021-06-01,5.346,5.807,0.461,1.0
2021-06-02,5.303,5.764,0.461,1.0
2021-06-03,5.262,5.723,0.461,1.0
2021-06-04,5.295,5.756,0.461,1.0
2021-06-07,5.289,5.75,0.461,1.0
2021-06-08,5.247,5.708,0.461,1.0
2021-06-09,5.255,5.716,0.461,1.0
2021-06-10,5.289,5.75,0.461,1.0
2021-06-11,5.24,5.7010000000000005,0.461,1.0
2021-06-15,5.181,5.642,0.461,1.0
2021-06-16,5.11,5.571000000000001,0.461,1.0
2021-06-17,5.121,5.582000000000001,0.461,1.0
2021-06-18,5.126,5.587000000000001,0.461,1.0
2021-06-21,5.119,5.58,0.461,1.0
2021-06-22,5.145,5.606,0.461,1.0
2021-06-23,5.176,5.6370000000000005,0.461,1.0
2021-06-24,5.189,5.65,0.461,1.0
2021-06-25,5.27,5.731,0.461,1.0
2021-06-28,5.279,5.74,0.461,1.0
2021-06-29,5.225,5.686,0.461,1.0
2021-06-30,5.256,5.7170000000000005,0.461,1.0
2021-07-01,5.254,5.715,0.461,1.0
2021-07-02,5.113,5.574000000000001,0.461,1.0
2021-07-05,5.12,5.581,0.461,1.0
2021-07-06,5.127,5.588,0.461,1.0
2021-07-07,5.18,5.641,0.461,1.0
2021-07-08,5.136,5.597,0.461,1.0
2021-07-09,5.112,5.573,0.461,1.0
2021-07-12,5.18,5.641,0.461,1.0
2021-07-13,5.196,5.657,0.461,1.0
2021-07-14,5.139,5.6000000000000005,0.461,1.0
2021-07-15,5.207,5.668,0.461,1.0
2021-07-16,5.156,5.617,0.461,1.0
2021-07-19,5.178,5.639,0.461,1.0
2021-07-20,5.165,5.626,0.461,1.0
2021-07-21,5.204,5.665,0.461,1.0
2021-07-22,5.209,5.67,0.461,1.0
2021-07-23,5.157,5.618,0.461,1.0
2021-07-26,4.982,5.4430000000000005,0.461,1.0
2021-07-27,4.809,5.2700000000000005,0.461,1.0
2021-07-28,4.819,5.28,0.461,1.0
2021-07-29,4.906,5.367,0.461,1.0
2021-07-30,4.872,5.333,0.461,1.0
2021-08-02,4.993,5.454000000000001,0.461,1.0
2021-08-03,4.995,5.456,0.461,1.0
2021-08-04,5.039,5.5,0.461,1.0
2021-08-05,5.009,5.470000000000001,0.461,1.0
2021-08-06,4.993,5.454000000000001,0.461,1.0
2021-08-09,5.048,5.509,0.461,1.0
2021-08-10,5.105,5.566000000000001,0.461,1.0
2021-08-11,5.078,5.539000000000001,0.461,1.0
2021-08-12,5.046,5.507000000000001,0.461,1.0
2021-08-13,5.019,5.48,0.461,1.0
2021-08-16,5.016,5.477,0.461,1.0
2021-08-17,4.904,5.365,0.461,1.0
2021-08-18,4.957,5.418,0.461,1.0
2021-08-19,4.923,5.384,0.461,1.0
2021-08-20,4.833,5.2940000000000005,0.461,1.0
2021-08-23,4.905,5.3660000000000005,0.461,1.0
2021-08-24,4.957,5.418,0.461,1.0
2021-08-25,4.971,5.432,0.461,1.0
2021-08-26,4.886,5.347,0.461,1.0
2021-08-27,4.899,5.36,0.461,1.0
2021-08-30,4.881,5.3420000000000005,0.461,1.0
2021-08-31,4.879,5.34,0.461,1.0
2021-09-01,4.949,5.41,0.461,1.0
2021-09-02,4.945,5.406000000000001,0.461,1.0
2021-09-03,4.918,5.3790000000000004,0.461,1.0
2021-09-06,5.002,5.463,0.461,1.0
2021-09-07,5.065,5.526000000000001,0.461,1.0
2021-09-08,5.044,5.505,0.461,1.0
2021-09-09,5.042,5.503,0.461,1.0
2021-09-10,5.091,5.5520000000000005,0.461,1.0
2021-09-13,5.064,5.525,0.461,1.0
2021-09-14,4.998,5.4590000000000005,0.461,1.0
2021-09-15,4.945,5.406000000000001,0.461,1.0
2021-09-16,4.889,5.3500000000000005,0.461,1.0
2021-09-17,4.928,5.389,0.461,1.0
2021-09-22,4.895,5.356,0.461,1.0
2021-09-23,4.924,5.385000000000001,0.461,1.0
2021-09-24,4.931,5.392,0.461,1.0
2021-09-27,4.963,5.424,0.461,1.0
2021-09-28,4.954,5.415,0.461,1.0
2021-09-29,4.921,5.382000000000001,0.461,1.0
2021-09-30,4.935,5.396,0.461,1.0
2021-10-08,5.006,5.4670000000000005,0.461,1.0
2021-10-11,5.005,5.466,0.461,1.0
2021-10-12,4.953,5.414000000000001,0.461,1.0
2021-10-13,5.009,5.470000000000001,0.461,1.0
2021-10-14,4.982,5.4430000000000005,0.461,1.0
2021-10-15,5.006,5.4670000000000005,0.461,1.0
2021-10-18,4.948,5.409000000000001,0.461,1.0
2021-10-19,4.995,5.456,0.461,1.0
2021-10-20,4.981,5.442,0.461,1.0
2021-10-21,5.003,5.464,0.461,1.0
2021-10-22,5.036,5.497,0.461,1.0
2021-10-25,5.053,5.514,0.461,1.0
2021-10-26,5.036,5.497,0.461,1.0
2021-10-27,4.97,5.431,0.461,1.0
2021-10-28,4.949,5.41,0.461,1.0
2021-10-29,4.981,5.442,0.461,1.0
2021-11-01,4.965,5.426,0.461,1.0
2021-11-02,4.913,5.3740000000000006,0.461,1.0
2021-11-03,4.893,5.354,0.461,1.0
2021-11-04,4.94,5.401000000000001,0.461,1.0
2021-11-05,4.923,5.384,0.461,1.0
2021-11-08,4.919,5.38,0.461,1.0
2021-11-09,4.917,5.378,0.461,1.0
2021-11-10,4.892,5.353000000000001,0.461,1.0
2021-11-11,4.972,5.433000000000001,0.461,1.0
2021-11-12,4.97,5.431,0.461,1.0
2021-11-15,4.964,5.425000000000001,0.461,1.0
2021-11-16,4.96,5.421,0.461,1.0
2021-11-17,4.959,5.42,0.461,1.0
2021-11-18,4.915,5.376,0.461,1.0
2021-11-19,4.97,5.431,0.461,1.0
2021-11-22,4.983,5.444,0.461,1.0
2021-11-23,4.986,5.447,0.461,1.0
2021-11-24,4.997,5.458,0.461,1.0
2021-11-25,4.978,5.439,0.461,1.0
2021-11-26,4.936,5.397,0.461,1.0
2021-11-29,4.929,5.390000000000001,0.461,1.0
2021-11-30,4.911,5.372,0.461,1.0
2021-12-01,4.924,5.385000000000001,0.461,1.0
2021-12-02,4.934,5.3950000000000005,0.461,1.0
2021-12-03,4.979,5.44,0.461,1.0
2021-12-06,4.974,5.4350000000000005,0.461,1.0
2021-12-07,5.002,5.463,0.461,1.0
2021-12-08,5.074,5.535,0.461,1.0
2021-12-09,5.158,5.619000000000001,0.461,1.0
2021-12-10,5.143,5.604,0.461,1.0
2021-12-13,5.156,5.617,0.461,1.0
2021-12-14,5.125,5.586,0.461,1.0
2021-12-15,5.079,5.54,0.461,1.0
2021-12-16,5.106,5.567,0.461,1.0
2021-12-17,5.033,5.494000000000001,0.461,1.0
2021-12-20,4.958,5.4190000000000005,0.461,1.0
2021-12-21,4.979,5.44,0.461,1.0
2021-12-22,4.982,5.4430000000000005,0.461,1.0
2021-12-23,5.02,5.481,0.461,1.0
2021-12-24,4.997,5.458,0.461,1.0
2021-12-27,5.001,5.462000000000001,0.461,1.0
2021-12-28,5.027,5.488,0.461,1.0
2021-12-29,4.96,5.421,0.461,1.0
2021-12-30,4.996,5.457000000000001,0.461,1.0
2021-12-31,5.008,5.469,0.461,1.0
2022-01-04,4.99,5.4510000000000005,0.461,1.0
2022-01-05,4.943,5.404,0.461,1.0
2022-01-06,4.887,5.348,0.461,1.0
2022-01-07,4.899,5.36,0.461,1.0
2022-01-10,4.912,5.373,0.461,1.0
2022-01-11,4.867,5.328,0.461,1.0
2022-01-12,4.919,5.38,0.461,1.0
2022-01-13,4.838,5.299,0.461,1.0
2022-01-14,4.794,5.255,0.461,1.0
2022-01-17,4.835,5.296,0.461,1.0
2022-01-18,4.881,5.3420000000000005,0.461,1.0
2022-01-19,4.78,5.316000000000001,0.536,1.0
2022-01-20,4.818,5.353999999999999,0.536,1.0
2022-01-21,4.784,5.32,0.536,1.0
2022-01-24,4.786,5.321999999999999,0.536,1.0
2022-01-25,4.68,5.215999999999999,0.536,1.0
2022-01-26,4.706,5.242000000000001,0.536,1.0
2022-01-27,4.625,5.161,0.536,1.0
2022-01-28,4.554,5.09,0.536,1.0
2022-02-07,4.626,5.162000000000001,0.536,1.0
2022-02-08,4.604,5.140000000000001,0.536,1.0
2022-02-09,4.643,5.179,0.536,1.0
2022-02-10,4.632,5.167999999999999,0.536,1.0
2022-02-11,4.596,5.132,0.536,1.0
2022-02-14,4.547,5.083,0.536,1.0
2022-02-15,4.589,5.125,0.536,1.0
2022-02-16,4.61,5.146000000000001,0.536,1.0
2022-02-17,4.62,5.156000000000001,0.536,1.0
2022-02-18,4.644,5.18,0.536,1.0
2022-02-21,4.627,5.163,0.536,1.0
2022-02-22,4.567,5.103,0.536,1.0
2022-02-23,4.615,5.151,0.536,1.0
2022-02-24,4.53,5.066000000000001,0.536,1.0
2022-02-25,4.565,5.101000000000001,0.536,1.0
2022-02-28,4.571,5.106999999999999,0.536,1.0
2022-03-01,4.609,5.145,0.536,1.0
2022-03-02,4.574,5.109999999999999,0.536,1.0
2022-03-03,4.545,5.0809999999999995,0.536,1.0
2022-03-04,4.494,5.029999999999999,0.536,1.0
2022-03-07,4.346,4.882,0.536,1.0
2022-03-08,4.264,4.800000000000001,0.536,1.0
2022-03-09,4.224,4.76,0.536,1.0
2022-03-10,4.284,4.82,0.536,1.0
2022-03-11,4.312,4.848000000000001,0.536,1.0
2022-03-14,4.172,4.708,0.536,1.0
2022-03-15,3.973,4.509,0.536,1.0
2022-03-16,4.146,4.682,0.536,1.0
2022-03-17,4.23,4.766,0.536,1.0
2022-03-18,4.258,4.7940000000000005,0.536,1.0
2022-03-21,4.252,4.788,0.536,1.0
2022-03-22,4.248,4.784000000000001,0.536,1.0
2022-03-23,4.273,4.808999999999999,0.536,1.0
2022-03-24,4.246,4.782,0.536,1.0
2022-03-25,4.169,4.705,0.536,1.0
2022-03-28,4.144,4.68,0.536,1.0
2022-03-29,4.126,4.662000000000001,0.536,1.0
2022-03-30,4.249,4.785,0.536,1.0
2022-03-31,4.218,4.754,0.536,1.0
2022-04-01,4.269,4.805,0.536,1.0
2022-04-06,4.257,4.792999999999999,0.536,1.0
2022-04-07,4.205,4.741,0.536,1.0
2022-04-08,4.233,4.769,0.536,1.0
2022-04-11,4.101,4.6370000000000005,0.536,1.0
2022-04-12,4.171,4.707000000000001,0.536,1.0
2022-04-13,4.139,4.675000000000001,0.536,1.0
2022-04-14,4.183,4.718999999999999,0.536,1.0
2022-04-15,4.181,4.7170000000000005,0.536,1.0
2022-04-18,4.161,4.696999999999999,0.536,1.0
2022-04-19,4.134,4.67,0.536,1.0
2022-04-20,4.064,4.6,0.536,1.0
2022-04-21,3.996,4.532,0.536,1.0
2022-04-22,4.006,4.542,0.536,1.0
2022-04-25,3.813,4.349,0.536,1.0
2022-04-26,3.783,4.319,0.536,1.0
2022-04-27,3.889,4.425,0.536,1.0
2022-04-28,3.915,4.4510000000000005,0.536,1.0
2022-04-29,4.015,4.551,0.536,1.0
2022-05-05,4.0,4.536,0.536,1.0
2022-05-06,3.903,4.439,0.536,1.0
2022-05-09,3.871,4.407,0.536,1.0
2022-05-10,3.916,4.452,0.536,1.0
2022-05-11,3.971,4.507,0.536,1.0
2022-05-12,3.951,4.487,0.536,1.0
2022-05-13,3.982,4.518000000000001,0.536,1.0
2022-05-16,3.951,4.487,0.536,1.0
2022-05-17,4.0,4.536,0.536,1.0
2022-05-18,3.986,4.522,0.536,1.0
2022-05-19,3.995,4.531000000000001,0.536,1.0
2022-05-20,4.079,4.615,0.536,1.0
2022-05-23,4.047,4.583,0.536,1.0
2022-05-24,3.965,4.5009999999999994,0.536,1.0
2022-05-25,3.982,4.518000000000001,0.536,1.0
2022-05-26,3.992,4.5280000000000005,0.536,1.0
2022-05-27,4.002,4.538,0.536,1.0
2022-05-30,4.025,4.561,0.536,1.0
2022-05-31,4.089,4.625,0.536,1.0
2022-06-01,4.083,4.619,0.536,1.0
2022-06-02,4.094,4.630000000000001,0.536,1.0
2022-06-06,4.176,4.712,0.536,1.0
2022-06-07,4.182,4.718,0.536,1.0
2022-06-08,4.224,4.76,0.536,1.0
2022-06-09,4.19,4.726000000000001,0.536,1.0
2022-06-10,4.248,4.784000000000001,0.536,1.0
2022-06-13,4.196,4.731999999999999,0.536,1.0
2022-06-14,4.236,4.772,0.536,1.0
2022-06-15,4.285,4.821,0.536,1.0
2022-06-16,4.258,4.7940000000000005,0.536,1.0
2022-06-17,4.321,4.856999999999999,0.536,1.0
2022-06-20,4.342,4.878,0.536,1.0
2022-06-21,4.34,4.8759999999999994,0.536,1.0
2022-06-22,4.29,4.8260000000000005,0.536,1.0
2022-06-23,4.365,4.901,0.536,1.0
2022-06-24,4.413,4.949,0.536,1.0
2022-06-27,4.461,4.997,0.536,1.0
2022-06-28,4.513,5.0489999999999995,0.536,1.0
2022-06-29,4.458,4.994,0.536,1.0
2022-06-30,4.508,5.0440000000000005,0.536,1.0
2022-07-01,4.493,5.029,0.536,1.0
2022-07-04,4.521,5.057,0.536,1.0
2022-07-05,4.511,5.047000000000001,0.536,1.0
2022-07-06,4.452,4.9879999999999995,0.536,1.0
2022-07-07,4.468,5.004,0.536,1.0
2022-07-08,4.464,5.0,0.536,1.0
2022-07-11,4.388,4.9239999999999995,0.536,1.0
2022-07-12,4.352,4.888,0.536,1.0
2022-07-13,4.359,4.895,0.536,1.0
2022-07-14,4.36,4.896000000000001,0.536,1.0
2022-07-15,4.295,4.8309999999999995,0.536,1.0
2022-07-18,4.341,4.877000000000001,0.536,1.0
2022-07-19,4.319,4.855,0.536,1.0
2022-07-20,4.331,4.867000000000001,0.536,1.0
2022-07-21,4.286,4.821999999999999,0.536,1.0
2022-07-22,4.289,4.824999999999999,0.536,1.0
2022-07-25,4.271,4.807,0.536,1.0
2022-07-26,4.3,4.836,0.536,1.0
2022-07-27,4.276,4.811999999999999,0.536,1.0
2022-07-28,4.279,4.8149999999999995,0.536,1.0
2022-07-29,4.22,4.756,0.536,1.0
2022-08-01,4.238,4.774000000000001,0.536,1.0
2022-08-02,4.167,4.702999999999999,0.536,1.0
2022-08-03,4.122,4.6579999999999995,0.536,1.0
2022-08-04,4.153,4.689,0.536,1.0
2022-08-05,4.218,4.754,0.536,1.0
2022-08-08,4.204,4.74,0.536,1.0
2022-08-09,4.211,4.747,0.536,1.0
2022-08-10,4.166,4.702,0.536,1.0
2022-08-11,4.254,4.789999999999999,0.536,1.0
2022-08-12,4.255,4.791,0.536,1.0
2022-08-15,4.245,4.781000000000001,0.536,1.0
2022-08-16,4.235,4.771000000000001,0.536,1.0
2022-08-17,4.276,4.811999999999999,0.536,1.0
2022-08-18,4.239,4.775,0.536,1.0
2022-08-19,4.209,4.744999999999999,0.536,1.0
2022-08-22,4.236,4.772,0.536,1.0
2022-08-23,4.222,4.758000000000001,0.536,1.0
2022-08-24,4.145,4.680999999999999,0.536,1.0
2022-08-25,4.181,4.7170000000000005,0.536,1.0
2022-08-26,4.175,4.711,0.536,1.0
2022-08-29,4.15,4.686,0.536,1.0
2022-08-30,4.141,4.677,0.536,1.0
2022-08-31,4.141,4.677,0.536,1.0
2022-09-01,4.107,4.643000000000001,0.536,1.0
2022-09-02,4.084,4.619999999999999,0.536,1.0
2022-09-05,4.082,4.618,0.536,1.0
2022-09-06,4.111,4.647,0.536,1.0
2022-09-07,4.119,4.654999999999999,0.536,1.0
2022-09-08,4.101,4.6370000000000005,0.536,1.0
2022-09-09,4.159,4.695,0.536,1.0
2022-09-13,4.173,4.709,0.536,1.0
2022-09-14,4.127,4.663,0.536,1.0
2022-09-15,4.09,4.6259999999999994,0.536,1.0
2022-09-16,4.0,4.536,0.536,1.0
2022-09-19,3.989,4.525,0.536,1.0
2022-09-20,3.991,4.527,0.536,1.0
2022-09-21,3.961,4.497,0.536,1.0
2022-09-22,3.932,4.468,0.536,1.0
2022-09-23,3.924,4.46,0.536,1.0
2022-09-26,3.899,4.4350000000000005,0.536,1.0
2022-09-27,3.949,4.484999999999999,0.536,1.0
2022-09-28,3.893,4.429,0.536,1.0
2022-09-29,3.894,4.43,0.536,1.0
2022-09-30,3.868,4.404,0.536,1.0
2022-10-10,3.789,4.325,0.536,1.0
2022-10-11,3.786,4.322,0.536,1.0
2022-10-12,3.848,4.384,0.536,1.0
2022-10-13,3.815,4.351,0.536,1.0
2022-10-14,3.903,4.439,0.536,1.0
2022-10-17,3.902,4.438000000000001,0.536,1.0
2022-10-18,3.895,4.431,0.536,1.0
2022-10-19,3.836,4.372,0.536,1.0
2022-10-20,3.824,4.359999999999999,0.536,1.0
2022-10-21,3.802,4.338,0.536,1.0
2022-10-24,3.704,4.24,0.536,1.0
2022-10-25,3.688,4.224,0.536,1.0
2022-10-26,3.716,4.252000000000001,0.536,1.0
2022-10-27,3.69,4.226,0.536,1.0
2022-10-28,3.604,4.140000000000001,0.536,1.0
2022-10-31,3.565,4.101,0.536,1.0
2022-11-01,3.703,4.239,0.536,1.0
2022-11-02,3.737,4.273,0.536,1.0
2022-11-03,3.707,4.243,0.536,1.0
2022-11-04,3.834,4.37,0.536,1.0
2022-11-07,3.834,4.37,0.536,1.0
2022-11-08,3.811,4.3469999999999995,0.536,1.0
2022-11-09,3.771,4.307,0.536,1.0
2022-11-10,3.75,4.286,0.536,1.0
2022-11-11,3.848,4.384,0.536,1.0
2022-11-14,3.85,4.386,0.536,1.0
2022-11-15,3.925,4.461,0.536,1.0
2022-11-16,3.896,4.432,0.536,1.0
2022-11-17,3.879,4.415,0.536,1.0
2022-11-18,3.866,4.402,0.536,1.0
2022-11-21,3.833,4.369,0.536,1.0
2022-11-22,3.831,4.367,0.536,1.0
2022-11-23,3.834,4.37,0.536,1.0
2022-11-24,3.816,4.352,0.536,1.0
2022-11-25,3.837,4.373,0.536,1.0
2022-11-28,3.792,4.327999999999999,0.536,1.0
2022-11-29,3.908,4.444,0.536,1.0
2022-11-30,3.911,4.447,0.536,1.0
2022-12-01,3.956,4.492,0.536,1.0
2022-12-02,3.933,4.468999999999999,0.536,1.0
2022-12-05,4.004,4.539999999999999,0.536,1.0
2022-12-06,4.027,4.563000000000001,0.536,1.0
2022-12-07,4.015,4.551,0.536,1.0
2022-12-08,4.024,4.5600000000000005,0.536,1.0
2022-12-09,4.058,4.593999999999999,0.536,1.0
2022-12-12,4.016,4.552,0.536,1.0
2022-12-13,4.005,4.541,0.536,1.0
2022-12-14,4.015,4.551,0.536,1.0
2022-12-15,4.013,4.5489999999999995,0.536,1.0
2022-12-16,4.017,4.553000000000001,0.536,1.0
2022-12-19,3.959,4.495,0.536,1.0
2022-12-20,3.896,4.432,0.536,1.0
2022-12-21,3.893,4.429,0.536,1.0
2022-12-22,3.901,4.436999999999999,0.536,1.0
2022-12-23,3.891,4.427,0.536,1.0
2022-12-26,3.9,4.436,0.536,1.0
2022-12-27,3.947,4.4830000000000005,0.536,1.0
2022-12-28,3.934,4.470000000000001,0.536,1.0
2022-12-29,3.922,4.458,0.536,1.0
2022-12-30,3.938,4.474,0.536,1.0
2023-01-03,3.949,4.484999999999999,0.536,1.0
2023-01-04,3.954,4.49,0.536,1.0
2023-01-05,4.029,4.5649999999999995,0.536,1.0
2023-01-06,4.045,4.5809999999999995,0.536,1.0
2023-01-09,4.07,4.606,0.536,1.0
2023-01-10,4.076,4.612,0.536,1.0
2023-01-11,4.076,4.612,0.536,1.0
2023-01-12,4.082,4.618,0.536,1.0
2023-01-13,4.144,4.68,0.536,1.0
2023-01-16,4.143,4.742999999999999,0.6,1.0
2023-01-17,4.139,4.739,0.6,1.0
2023-01-18,4.13,4.7299999999999995,0.6,1.0
2023-01-19,4.158,4.758,0.6,1.0
2023-01-20,4.181,4.781,0.6,1.0
2023-01-30,4.205,4.805,0.6,1.0
2023-01-31,4.159,4.7589999999999995,0.6,1.0
2023-02-01,4.19,4.79,0.6,1.0
2023-02-02,4.18,4.779999999999999,0.6,1.0
2023-02-03,4.137,4.736999999999999,0.6,1.0
2023-02-06,4.08,4.68,0.6,1.0
2023-02-07,4.09,4.6899999999999995,0.6,1.0
2023-02-08,4.073,4.673,0.6,1.0
2023-02-09,4.127,4.726999999999999,0.6,1.0
2023-02-10,4.103,4.702999999999999,0.6,1.0
2023-02-13,4.135,4.734999999999999,0.6,1.0
2023-02-14,4.144,4.744,0.6,1.0
2023-02-15,4.116,4.715999999999999,0.6,1.0
2023-02-16,4.087,4.686999999999999,0.6,1.0
2023-02-17,4.029,4.629,0.6,1.0
2023-02-20,4.134,4.734,0.6,1.0
2023-02-21,4.139,4.739,0.6,1.0
2023-02-22,4.099,4.699,0.6,1.0
2023-02-23,4.099,4.699,0.6,1.0
2023-02-24,4.06,4.659999999999999,0.6,1.0
2023-02-27,4.045,4.645,0.6,1.0
2023-02-28,4.071,4.670999999999999,0.6,1.0
2023-03-01,4.12,4.72,0.6,1.0
2023-03-02,4.115,4.715,0.6,1.0
2023-03-03,4.124,4.723999999999999,0.6,1.0
2023-03-06,4.099,4.699,0.6,1.0
2023-03-07,4.042,4.6419999999999995,0.6,1.0
2023-03-08,4.026,4.6259999999999994,0.6,1.0
2023-03-09,4.016,4.616,0.6,1.0
2023-03-10,3.961,4.561,0.6,1.0
2023-03-13,4.005,4.6049999999999995,0.6,1.0
2023-03-14,3.98,4.58,0.6,1.0
2023-03-15,3.979,4.579,0.6,1.0
2023-03-16,3.933,4.5329999999999995,0.6,1.0
2023-03-17,3.954,4.554,0.6,1.0
2023-03-20,3.932,4.532,0.6,1.0
2023-03-21,3.975,4.575,0.6,1.0
2023-03-22,3.993,4.593,0.6,1.0
2023-03-23,4.031,4.630999999999999,0.6,1.0
2023-03-24,4.026,4.6259999999999994,0.6,1.0
2023-03-27,4.005,4.6049999999999995,0.6,1.0
2023-03-28,3.997,4.5969999999999995,0.6,1.0
2023-03-29,3.997,4.5969999999999995,0.6,1.0
2023-03-30,4.04,4.64,0.6,1.0
2023-03-31,4.05,4.6499999999999995,0.6,1.0
2023-04-03,4.08,4.68,0.6,1.0
2023-04-04,4.1,4.699999999999999,0.6,1.0
2023-04-06,4.088,4.688,0.6,1.0
2023-04-07,4.117,4.717,0.6,1.0
2023-04-10,4.102,4.702,0.6,1.0
2023-04-11,4.092,4.691999999999999,0.6,1.0
2023-04-12,4.088,4.688,0.6,1.0
2023-04-13,4.063,4.662999999999999,0.6,1.0
2023-04-14,4.084,4.683999999999999,0.6,1.0
2023-04-17,4.145,4.744999999999999,0.6,1.0
2023-04-18,4.152,4.752,0.6,1.0
2023-04-19,4.119,4.718999999999999,0.6,1.0
2023-04-20,4.103,4.702999999999999,0.6,1.0
2023-04-21,4.03,4.63,0.6,1.0
2023-04-24,3.979,4.579,0.6,1.0
2023-04-25,3.96,4.56,0.6,1.0
2023-04-26,3.951,4.551,0.6,1.0
2023-04-27,3.986,4.586,0.6,1.0
2023-04-28,4.025,4.625,0.6,1.0
2023-05-04,4.025,4.625,0.6,1.0
2023-05-05,4.009,4.609,0.6,1.0
2023-05-08,4.054,4.654,0.6,1.0
2023-05-09,4.019,4.619,0.6,1.0
2023-05-10,3.988,4.588,0.6,1.0
2023-05-11,3.983,4.583,0.6,1.0
2023-05-12,3.932,4.532,0.6,1.0
2023-05-15,3.995,4.595,0.6,1.0
2023-05-16,3.978,4.578,0.6,1.0
2023-05-17,3.951,4.551,0.6,1.0
2023-05-18,3.95,4.55,0.6,1.0
2023-05-19,3.944,4.544,0.6,1.0
2023-05-22,3.964,4.564,0.6,1.0
2023-05-23,3.907,4.507,0.6,1.0
2023-05-24,3.854,4.454,0.6,1.0
2023-05-25,3.845,4.445,0.6,1.0
2023-05-26,3.85,4.45,0.6,1.0
2023-05-29,3.834,4.434,0.6,1.0
2023-05-30,3.838,4.438,0.6,1.0
2023-05-31,3.802,4.402,0.6,1.0
2023-06-01,3.81,4.41,0.6,1.0
2023-06-02,3.863,4.463,0.6,1.0
2023-06-05,3.845,4.445,0.6,1.0
2023-06-06,3.808,4.4079999999999995,0.6,1.0
2023-06-07,3.796,4.396,0.6,1.0
2023-06-08,3.828,4.428,0.6,1.0
2023-06-09,3.844,4.444,0.6,1.0
2023-06-12,3.848,4.4479999999999995,0.6,1.0
2023-06-13,3.877,4.476999999999999,0.6,1.0
2023-06-14,3.877,4.476999999999999,0.6,1.0
2023-06-15,3.942,4.542,0.6,1.0
2023-06-16,3.979,4.579,0.6,1.0
2023-06-19,3.949,4.5489999999999995,0.6,1.0
2023-06-20,3.942,4.542,0.6,1.0
2023-06-21,3.887,4.487,0.6,1.0
2023-06-26,3.843,4.443,0.6,1.0
2023-06-27,3.869,4.469,0.6,1.0
2023-06-28,3.877,4.476999999999999,0.6,1.0
2023-06-29,3.859,4.459,0.6,1.0
2023-06-30,3.882,4.482,0.6,1.0
2023-07-03,3.927,4.527,0.6,1.0
2023-07-04,3.934,4.534,0.6,1.0
2023-07-05,3.907,4.507,0.6,1.0
2023-07-06,3.879,4.479,0.6,1.0
2023-07-07,3.868,4.468,0.6,1.0
2023-07-10,3.884,4.484,0.6,1.0
2023-07-11,3.91,4.51,0.6,1.0
2023-07-12,3.891,4.491,0.6,1.0
2023-07-13,3.954,4.554,0.6,1.0
2023-07-14,3.952,4.552,0.6,1.0
2023-07-17,3.924,4.524,0.6,1.0
2023-07-18,3.918,4.518,0.6,1.0
2023-07-19,3.916,4.516,0.6,1.0
2023-07-20,3.888,4.4879999999999995,0.6,1.0
2023-07-21,3.89,4.49,0.6,1.0
2023-07-24,3.873,4.473,0.6,1.0
2023-07-25,3.985,4.585,0.6,1.0
2023-07-26,3.976,4.576,0.6,1.0
2023-07-27,3.972,4.572,0.6,1.0
2023-07-28,4.068,4.667999999999999,0.6,1.0
2023-07-31,4.084,4.683999999999999,0.6,1.0
2023-08-01,4.066,4.6659999999999995,0.6,1.0
2023-08-02,4.037,4.637,0.6,1.0
2023-08-03,4.073,4.673,0.6,1.0
2023-08-04,4.094,4.694,0.6,1.0
2023-08-07,4.063,4.662999999999999,0.6,1.0
2023-08-08,4.048,4.648,0.6,1.0
2023-08-09,4.04,4.64,0.6,1.0
2023-08-10,4.045,4.645,0.6,1.0
2023-08-11,3.95,4.55,0.6,1.0
2023-08-14,3.923,4.523,0.6,1.0
2023-08-15,3.919,4.519,0.6,1.0
2023-08-16,3.889,4.489,0.6,1.0
2023-08-17,3.902,4.502,0.6,1.0
2023-08-18,3.852,4.452,0.6,1.0
2023-08-21,3.8,4.3999999999999995,0.6,1.0
2023-08-22,3.823,4.423,0.6,1.0
2023-08-23,3.768,4.367999999999999,0.6,1.0
2023-08-24,3.791,4.391,0.6,1.0
2023-08-25,3.784,4.3839999999999995,0.6,1.0
2023-08-28,3.837,4.437,0.6,1.0
2023-08-29,3.859,4.459,0.6,1.0
2023-08-30,3.858,4.458,0.6,1.0
2023-08-31,3.839,4.439,0.6,1.0
2023-09-01,3.862,4.462,0.6,1.0
2023-09-04,3.92,4.52,0.6,1.0
2023-09-05,3.893,4.492999999999999,0.6,1.0
2023-09-06,3.883,4.483,0.6,1.0
2023-09-07,3.83,4.43,0.6,1.0
2023-09-08,3.809,4.409,0.6,1.0
2023-09-11,3.837,4.437,0.6,1.0
2023-09-12,3.832,4.4319999999999995,0.6,1.0
2023-09-13,3.807,4.407,0.6,1.0
2023-09-14,3.804,4.404,0.6,1.0
2023-09-15,3.787,4.387,0.6,1.0
2023-09-18,3.8,4.3999999999999995,0.6,1.0
2023-09-19,3.795,4.395,0.6,1.0
2023-09-20,3.777,4.377,0.6,1.0
2023-09-21,3.742,4.342,0.6,1.0
2023-09-22,3.817,4.417,0.6,1.0
2023-09-25,3.789,4.389,0.6,1.0
2023-09-26,3.768,4.367999999999999,0.6,1.0
2023-09-27,3.778,4.378,0.6,1.0
2023-09-28,3.764,4.364,0.6,1.0
2023-10-09,3.754,4.354,0.6,1.0
2023-10-10,3.727,4.327,0.6,1.0
2023-10-11,3.735,4.335,0.6,1.0
2023-10-12,3.771,4.3709999999999996,0.6,1.0
2023-10-13,3.736,4.336,0.6,1.0
2023-10-16,3.693,4.293,0.6,1.0
2023-10-17,3.705,4.305,0.6,1.0
2023-10-18,3.677,4.277,0.6,1.0
2023-10-19,3.6,4.2,0.6,1.0
2023-10-20,3.582,4.1819999999999995,0.6,1.0
2023-10-23,3.544,4.144,0.6,1.0
2023-10-24,3.549,4.149,0.6,1.0
2023-10-25,3.569,4.169,0.6,1.0
2023-10-26,3.582,4.1819999999999995,0.6,1.0
2023-10-27,3.636,4.236,0.6,1.0
2023-10-30,3.652,4.252,0.6,1.0
2023-10-31,3.644,4.244,0.6,1.0
2023-11-01,3.642,4.242,0.6,1.0
2023-11-02,3.625,4.225,0.6,1.0
2023-11-03,3.653,4.253,0.6,1.0
2023-11-06,3.701,4.301,0.6,1.0
2023-11-07,3.69,4.29,0.6,1.0
2023-11-08,3.679,4.279,0.6,1.0
2023-11-09,3.682,4.282,0.6,1.0
2023-11-10,3.655,4.255,0.6,1.0
2023-11-13,3.65,4.25,0.6,1.0
2023-11-14,3.65,4.25,0.6,1.0
2023-11-15,3.675,4.2749999999999995,0.6,1.0
2023-11-16,3.639,4.239,0.6,1.0
2023-11-17,3.634,4.234,0.6,1.0
2023-11-20,3.645,4.245,0.6,1.0
2023-11-21,3.65,4.25,0.6,1.0
2023-11-22,3.611,4.211,0.6,1.0
2023-11-23,3.63,4.2299999999999995,0.6,1.0
2023-11-24,3.605,4.205,0.6,1.0
2023-11-27,3.581,4.181,0.6,1.0
2023-11-28,3.585,4.185,0.6,1.0
2023-11-29,3.558,4.1579999999999995,0.6,1.0
2023-11-30,3.562,4.162,0.6,1.0
2023-12-01,3.548,4.148,0.6,1.0
2023-12-04,3.524,4.124,0.6,1.0
2023-12-05,3.458,4.058,0.6,1.0
2023-12-06,3.463,4.063,0.6,1.0
2023-12-07,3.454,4.054,0.6,1.0
2023-12-08,3.461,4.061,0.6,1.0
2023-12-11,3.485,4.085,0.6,1.0
2023-12-12,3.493,4.093,0.6,1.0
2023-12-13,3.435,4.035,0.6,1.0
2023-12-14,3.419,4.019,0.6,1.0
2023-12-15,3.412,4.012,0.6,1.0
2023-12-18,3.398,3.998,0.6,1.0
2023-12-19,3.4,4.0,0.6,1.0
2023-12-20,3.369,3.9690000000000003,0.6,1.0
2023-12-21,3.4,4.0,0.6,1.0
2023-12-22,3.406,4.006,0.6,1.0
2023-12-25,3.415,4.015,0.6,1.0
2023-12-26,3.395,3.995,0.6,1.0
2023-12-27,3.405,4.005,0.6,1.0
2023-12-28,3.489,4.0889999999999995,0.6,1.0
2023-12-29,3.499,4.099,0.6,1.0
2024-01-02,3.453,4.053,0.6,1.0
2024-01-03,3.443,4.043,0.6,1.0
2024-01-04,3.413,4.013,0.6,1.0
2024-01-05,3.396,3.996,0.6,1.0
2024-01-08,3.349,3.9490000000000003,0.6,1.0
2024-01-09,3.357,3.9570000000000003,0.6,1.0
2024-01-10,3.341,3.9410000000000003,0.6,1.0
2024-01-11,3.36,3.96,0.6,1.0
2024-01-12,3.349,3.9490000000000003,0.6,1.0
2024-01-15,3.345,3.9450000000000003,0.6,1.0
2024-01-16,3.367,3.967,0.6,1.0
2024-01-17,3.292,3.892,0.6,1.0
2024-01-18,3.268,3.937,0.669,1.0
2024-01-19,3.275,3.944,0.669,1.0
2024-01-22,3.206,3.875,0.669,1.0
2024-01-23,3.228,3.8970000000000002,0.669,1.0
2024-01-24,3.279,3.948,0.669,1.0
2024-01-25,3.335,4.004,0.669,1.0
2024-01-26,3.329,3.998,0.669,1.0
2024-01-29,3.299,3.968,0.669,1.0
2024-01-30,3.243,3.912,0.669,1.0
2024-01-31,3.222,3.891,0.669,1.0
2024-02-01,3.218,3.887,0.669,1.0
2024-02-02,3.188,3.857,0.669,1.0
2024-02-05,3.208,3.8770000000000002,0.669,1.0
2024-02-06,3.311,3.98,0.669,1.0
2024-02-07,3.34,4.009,0.669,1.0
2024-02-08,3.362,4.031000000000001,0.669,1.0
2024-02-19,3.389,4.058,0.669,1.0
2024-02-20,3.401,4.07,0.669,1.0
2024-02-21,3.449,4.118,0.669,1.0
2024-02-22,3.475,4.144,0.669,1.0
2024-02-23,3.478,4.147,0.669,1.0
2024-02-26,3.443,4.112,0.669,1.0
2024-02-27,3.484,4.1530000000000005,0.669,1.0
2024-02-28,3.448,4.117,0.669,1.0
2024-02-29,3.503,4.172000000000001,0.669,1.0
2024-03-01,3.53,4.199,0.669,1.0
2024-03-04,3.527,4.196,0.669,1.0
2024-03-05,3.556,4.225,0.669,1.0
2024-03-06,3.542,4.211,0.669,1.0
2024-03-07,3.523,4.192,0.669,1.0
2024-03-08,3.533,4.202,0.669,1.0
2024-03-11,3.581,4.25,0.669,1.0
2024-03-12,3.586,4.255,0.669,1.0
2024-03-13,3.565,4.234,0.669,1.0
2024-03-14,3.552,4.221,0.669,1.0
2024-03-15,3.561,4.23,0.669,1.0
2024-03-18,3.592,4.261,0.669,1.0
2024-03-19,3.569,4.2379999999999995,0.669,1.0
2024-03-20,3.572,4.241,0.669,1.0
2024-03-21,3.57,4.239,0.669,1.0
2024-03-22,3.539,4.208,0.669,1.0
2024-03-25,3.52,4.189,0.669,1.0
2024-03-26,3.531,4.2,0.669,1.0
2024-03-27,3.493,4.162,0.669,1.0
2024-03-28,3.51,4.179,0.669,1.0
2024-03-29,3.526,4.195,0.669,1.0
2024-04-01,3.584,4.253,0.669,1.0
2024-04-02,3.572,4.241,0.669,1.0
2024-04-03,3.558,4.227,0.669,1.0
2024-04-08,3.529,4.198,0.669,1.0
2024-04-09,3.523,4.192,0.669,1.0
2024-04-10,3.497,4.166,0.669,1.0
2024-04-11,3.494,4.163,0.669,1.0
2024-04-12,3.466,4.135,0.669,1.0
2024-04-15,3.539,4.208,0.669,1.0
2024-04-16,3.507,4.176,0.669,1.0
2024-04-17,3.553,4.2219999999999995,0.669,1.0
2024-04-18,3.559,4.228,0.669,1.0
2024-04-19,3.531,4.2,0.669,1.0
2024-04-22,3.524,4.193,0.669,1.0
2024-04-23,3.499,4.168,0.669,1.0
2024-04-24,3.513,4.182,0.669,1.0
2024-04-25,3.523,4.192,0.669,1.0
2024-04-26,3.573,4.242,0.669,1.0
2024-04-29,3.616,4.285,0.669,1.0
2024-04-30,3.598,4.2669999999999995,0.669,1.0
2024-05-06,3.648,4.317,0.669,1.0
2024-05-07,3.65,4.319,0.669,1.0
2024-05-08,3.621,4.29,0.669,1.0
2024-05-09,3.656,4.325,0.669,1.0
2024-05-10,3.658,4.327,0.669,1.0
2024-05-13,3.655,4.324,0.669,1.0
2024-05-14,3.649,4.318,0.669,1.0
2024-05-15,3.623,4.292,0.669,1.0
2024-05-16,3.635,4.304,0.669,1.0
2024-05-17,3.676,4.345000000000001,0.669,1.0
2024-05-20,3.684,4.353,0.669,1.0
2024-05-21,3.672,4.341,0.669,1.0
2024-05-22,3.68,4.349,0.669,1.0
2024-05-23,3.643,4.311999999999999,0.669,1.0
2024-05-24,3.602,4.271,0.669,1.0
2024-05-27,3.632,4.301,0.669,1.0
2024-05-28,3.609,4.2780000000000005,0.669,1.0
2024-05-29,3.61,4.279,0.669,1.0
2024-05-30,3.596,4.265000000000001,0.669,1.0
2024-05-31,3.582,4.2509999999999994,0.669,1.0
2024-06-03,3.587,4.256,0.669,1.0
2024-06-04,3.612,4.281000000000001,0.669,1.0
2024-06-05,3.599,4.268000000000001,0.669,1.0
2024-06-06,3.599,4.268000000000001,0.669,1.0
2024-06-07,3.576,4.245,0.669,1.0
2024-06-11,3.551,4.220000000000001,0.669,1.0
2024-06-12,3.547,4.216,0.669,1.0
2024-06-13,3.534,4.202999999999999,0.669,1.0
2024-06-14,3.554,4.223,0.669,1.0
2024-06-17,3.544,4.213,0.669,1.0
2024-06-18,3.555,4.224,0.669,1.0
2024-06-19,3.545,4.214,0.669,1.0
2024-06-20,3.522,4.191,0.669,1.0
2024-06-21,3.516,4.1850000000000005,0.669,1.0
2024-06-24,3.499,4.168,0.669,1.0
2024-06-25,3.478,4.147,0.669,1.0
2024-06-26,3.499,4.168,0.669,1.0
2024-06-27,3.48,4.149,0.669,1.0
2024-06-28,3.487,4.156000000000001,0.669,1.0
2024-07-01,3.501,4.17,0.669,1.0
2024-07-02,3.496,4.165,0.669,1.0
2024-07-03,3.49,4.159000000000001,0.669,1.0
2024-07-04,3.475,4.144,0.669,1.0
2024-07-05,3.458,4.127000000000001,0.669,1.0
2024-07-08,3.434,4.103,0.669,1.0
2024-07-09,3.471,4.140000000000001,0.669,1.0
2024-07-10,3.463,4.132,0.669,1.0
2024-07-11,3.509,4.178,0.669,1.0
2024-07-12,3.519,4.188000000000001,0.669,1.0
2024-07-15,3.526,4.195,0.669,1.0
2024-07-16,3.551,4.220000000000001,0.669,1.0
2024-07-17,3.556,4.225,0.669,1.0
2024-07-18,3.577,4.246,0.669,1.0
2024-07-19,3.6,4.269,0.669,1.0
2024-07-22,3.571,4.24,0.669,1.0
2024-07-23,3.501,4.17,0.669,1.0
2024-07-24,3.479,4.148,0.669,1.0
2024-07-25,3.459,4.128,0.669,1.0
2024-07-26,3.474,4.143000000000001,0.669,1.0
2024-07-29,3.454,4.123,0.669,1.0
2024-07-30,3.431,4.1,0.669,1.0
2024-07-31,3.508,4.177,0.669,1.0
2024-08-01,3.483,4.152,0.669,1.0
2024-08-02,3.447,4.116,0.669,1.0
2024-08-05,3.408,4.077,0.669,1.0
2024-08-06,3.408,4.077,0.669,1.0
2024-08-07,3.401,4.07,0.669,1.0
2024-08-08,3.405,4.074,0.669,1.0
2024-08-09,3.393,4.061999999999999,0.669,1.0
2024-08-12,3.389,4.058,0.669,1.0
2024-08-13,3.394,4.063000000000001,0.669,1.0
2024-08-14,3.37,4.039,0.669,1.0
2024-08-15,3.408,4.077,0.669,1.0
2024-08-16,3.41,4.079000000000001,0.669,1.0
2024-08-19,3.419,4.088,0.669,1.0
2024-08-20,3.403,4.072,0.669,1.0
2024-08-21,3.388,4.057,0.669,1.0
2024-08-22,3.379,4.048,0.669,1.0
2024-08-23,3.393,4.061999999999999,0.669,1.0
2024-08-26,3.394,4.063000000000001,0.669,1.0
2024-08-27,3.377,4.045999999999999,0.669,1.0
2024-08-28,3.357,4.026,0.669,1.0
2024-08-29,3.347,4.016,0.669,1.0
2024-08-30,3.392,4.061,0.669,1.0
2024-09-02,3.332,4.0009999999999994,0.669,1.0
2024-09-03,3.344,4.013,0.669,1.0
2024-09-04,3.323,3.992,0.669,1.0
2024-09-05,3.33,3.999,0.669,1.0
2024-09-06,3.302,3.971,0.669,1.0
2024-09-09,3.261,3.93,0.669,1.0
2024-09-10,3.261,3.93,0.669,1.0
2024-09-11,3.254,3.923,0.669,1.0
2024-09-12,3.243,3.912,0.669,1.0
2024-09-13,3.228,3.8970000000000002,0.669,1.0
2024-09-18,3.238,3.907,0.669,1.0
2024-09-19,3.265,3.934,0.669,1.0
2024-09-20,3.274,3.943,0.669,1.0
2024-09-23,3.283,3.952,0.669,1.0
2024-09-24,3.427,4.096,0.669,1.0
2024-09-25,3.474,4.143000000000001,0.669,1.0
2024-09-26,3.64,4.309,0.669,1.0
2024-09-27,3.869,4.538,0.669,1.0
2024-09-30,4.233,4.901999999999999,0.669,1.0
2024-10-08,4.412,5.0809999999999995,0.669,1.0
2024-10-09,4.022,4.691000000000001,0.669,1.0
2024-10-10,4.086,4.755000000000001,0.669,1.0
2024-10-11,3.977,4.646,0.669,1.0
2024-10-14,4.04,4.709,0.669,1.0
2024-10-15,3.931,4.6,0.669,1.0
2024-10-16,3.906,4.575,0.669,1.0
2024-10-17,3.863,4.532,0.669,1.0
2024-10-18,4.016,4.6850000000000005,0.669,1.0
2024-10-21,4.016,4.6850000000000005,0.669,1.0
2024-10-22,4.04,4.709,0.669,1.0
2024-10-23,4.055,4.724,0.669,1.0
2024-10-24,4.011,4.68,0.669,1.0
2024-10-25,4.04,4.709,0.669,1.0
2024-10-28,4.046,4.715,0.669,1.0
2024-10-29,4.013,4.682,0.669,1.0
2024-10-30,3.971,4.640000000000001,0.669,1.0
2024-10-31,3.971,4.640000000000001,0.669,1.0
2024-11-01,3.979,4.648,0.669,1.0
2024-11-04,4.032,4.7010000000000005,0.669,1.0
2024-11-05,4.137,4.805999999999999,0.669,1.0
2024-11-06,4.111,4.779999999999999,0.669,1.0
2024-11-07,4.248,4.917,0.669,1.0
2024-11-08,4.194,4.8629999999999995,0.669,1.0
2024-11-11,4.215,4.884,0.669,1.0
2024-11-12,4.169,4.837999999999999,0.669,1.0
2024-11-13,4.195,4.864000000000001,0.669,1.0
2024-11-14,4.124,4.792999999999999,0.669,1.0
2024-11-15,4.055,4.724,0.669,1.0
2024-11-18,4.038,4.707000000000001,0.669,1.0
2024-11-19,4.058,4.727,0.669,1.0
2024-11-20,4.068,4.737,0.669,1.0
2024-11-21,4.073,4.742000000000001,0.669,1.0
2024-11-22,3.953,4.622,0.669,1.0
2024-11-25,3.931,4.6,0.669,1.0
2024-11-26,3.923,4.5920000000000005,0.669,1.0
2024-11-27,3.987,4.656000000000001,0.669,1.0
2024-11-28,3.958,4.627000000000001,0.669,1.0
2024-11-29,4.001,4.67,0.669,1.0
2024-12-02,4.031,4.699999999999999,0.669,1.0
2024-12-03,4.035,4.704000000000001,0.669,1.0
2024-12-04,4.014,4.683,0.669,1.0
2024-12-05,4.007,4.676,0.669,1.0
2024-12-06,4.057,4.726000000000001,0.669,1.0
2024-12-09,4.054,4.723000000000001,0.669,1.0
2024-12-10,4.085,4.754,0.669,1.0
2024-12-11,4.075,4.744,0.669,1.0
2024-12-12,4.117,4.786,0.669,1.0
2024-12-13,4.02,4.689,0.669,1.0
2024-12-16,3.996,4.665,0.669,1.0
2024-12-17,4.007,4.676,0.669,1.0
2024-12-18,4.024,4.693,0.669,1.0
2024-12-19,4.03,4.699,0.669,1.0
2024-12-20,4.018,4.686999999999999,0.669,1.0
2024-12-23,4.022,4.691000000000001,0.669,1.0
2024-12-24,4.069,4.7379999999999995,0.669,1.0
2024-12-25,4.072,4.741,0.669,1.0
2024-12-26,4.073,4.742000000000001,0.669,1.0
2024-12-27,4.067,4.736000000000001,0.669,1.0
2024-12-30,4.086,4.755000000000001,0.669,1.0
2024-12-31,4.022,4.691000000000001,0.669,1.0
2025-01-02,3.909,4.577999999999999,0.669,1.0
2025-01-03,3.869,4.538,0.669,1.0
2025-01-06,3.853,4.522,0.669,1.0
2025-01-07,3.88,4.5489999999999995,0.669,1.0
2025-01-08,3.874,4.543,0.669,1.0
2025-01-09,3.866,4.535,0.669,1.0
2025-01-10,3.823,4.492,0.669,1.0
2025-01-13,3.808,4.477,0.669,1.0
2025-01-14,3.906,4.575,0.669,1.0
2025-01-15,3.883,4.552,0.669,1.0
2025-01-16,3.885,4.554,0.669,1.0
2025-01-17,3.898,4.567,0.669,1.0
2025-01-20,3.917,4.586,0.669,1.0
2025-01-21,3.922,4.591,0.669,1.0
2025-01-22,3.886,4.555,0.669,1.0
2025-01-23,3.897,4.566,0.669,1.0
2025-01-24,3.929,4.598,0.669,1.0
2025-01-27,3.907,4.5760000000000005,0.669,1.0
2025-02-05,3.887,4.556,0.669,1.0
2025-02-06,3.932,4.601,0.669,1.0
2025-02-07,3.988,4.657,0.669,1.0
2025-02-10,3.992,4.661,0.669,1.0
2025-02-11,3.976,4.645,0.669,1.0
2025-02-12,4.014,4.683,0.669,1.0
2025-02-13,4.004,4.673,0.669,1.0
2025-02-14,4.034,4.702999999999999,0.669,1.0
2025-02-17,4.041,4.710000000000001,0.669,1.0
2025-02-18,4.012,4.680999999999999,0.669,1.0
2025-02-19,4.033,4.702,0.669,1.0
2025-02-20,4.021,4.6899999999999995,0.669,1.0
2025-02-21,4.075,4.744,0.669,1.0
2025-02-24,4.062,4.731,0.669,1.0
2025-02-25,4.021,4.6899999999999995,0.669,1.0
2025-02-26,4.054,4.723000000000001,0.669,1.0
2025-02-27,4.067,4.736000000000001,0.669,1.0
2025-02-28,3.994,4.663,0.669,1.0
2025-03-03,3.981,4.65,0.669,1.0
2025-03-04,3.977,4.646,0.669,1.0
2025-03-05,3.994,4.663,0.669,1.0
2025-03-06,4.049,4.718,0.669,1.0
2025-03-07,4.039,4.708,0.669,1.0
2025-03-10,4.023,4.692,0.669,1.0
2025-03-11,4.035,4.704000000000001,0.669,1.0
2025-03-12,4.025,4.694000000000001,0.669,1.0
2025-03-13,4.005,4.6739999999999995,0.669,1.0
2025-03-14,4.106,4.775,0.669,1.0
2025-03-17,4.094,4.763,0.669,1.0
2025-03-18,4.103,4.772,0.669,1.0
2025-03-19,4.109,4.7780000000000005,0.669,1.0
2025-03-20,4.076,4.744999999999999,0.669,1.0
2025-03-21,4.01,4.679,0.669,1.0
2025-03-24,4.027,4.696,0.669,1.0
2025-03-25,4.029,4.698,0.669,1.0
2025-03-26,4.013,4.682,0.669,1.0
2025-03-27,4.027,4.696,0.669,1.0
2025-03-28,4.008,4.677,0.669,1.0
2025-03-31,3.984,4.6530000000000005,0.669,1.0
2025-04-01,3.982,4.651,0.669,1.0
2025-04-02,3.979,4.648,0.669,1.0
2025-04-03,3.959,4.628,0.669,1.0
2025-04-07,3.695,4.364,0.669,1.0
2025-04-08,3.73,4.399,0.669,1.0
2025-04-09,3.766,4.4350000000000005,0.669,1.0
2025-04-10,3.829,4.498,0.669,1.0
2025-04-11,3.84,4.509,0.669,1.0
2025-04-14,3.848,4.5169999999999995,0.669,1.0
2025-04-15,3.851,4.52,0.669,1.0
2025-04-16,3.86,4.529,0.669,1.0
2025-04-17,3.863,4.532,0.669,1.0
2025-04-18,3.873,4.542,0.669,1.0
2025-04-21,3.875,4.5440000000000005,0.669,1.0
2025-04-22,3.878,4.547000000000001,0.669,1.0
2025-04-23,3.882,4.551,0.669,1.0
2025-04-24,3.882,4.551,0.669,1.0
2025-04-25,3.882,4.551,0.669,1.0
2025-04-28,3.876,4.545,0.669,1.0
2025-04-29,3.869,4.538,0.669,1.0
2025-04-30,3.866,4.535,0.669,1.0
2025-05-06,3.903,4.572,0.669,1.0
2025-05-07,3.927,4.596,0.669,1.0
2025-05-08,3.95,4.619,0.669,1.0
2025-05-09,3.945,4.614,0.669,1.0
2025-05-12,3.99,4.659000000000001,0.669,1.0
2025-05-13,3.994,4.663,0.669,1.0
2025-05-14,4.045,4.714,0.669,1.0
2025-05-15,4.011,4.68,0.669,1.0
2025-05-16,3.989,4.6579999999999995,0.669,1.0
2025-05-19,3.983,4.652,0.669,1.0
2025-05-20,4.003,4.672000000000001,0.669,1.0
2025-05-21,4.019,4.688000000000001,0.669,1.0
2025-05-22,4.017,4.686,0.669,1.0
2025-05-23,3.988,4.657,0.669,1.0
2025-05-26,3.967,4.636,0.669,1.0
2025-05-27,3.946,4.615,0.669,1.0
2025-05-28,3.942,4.611000000000001,0.669,1.0
2025-05-29,3.966,4.635,0.669,1.0
2025-05-30,3.959,4.628,0.669,1.0
2025-06-03,3.957,4.6259999999999994,0.669,1.0
2025-06-04,3.974,4.643000000000001,0.669,1.0
2025-06-05,3.984,4.6530000000000005,0.669,1.0
2025-06-06,3.986,4.655,0.669,1.0
2025-06-09,3.995,4.664,0.669,1.0
2025-06-10,3.972,4.641,0.669,1.0
2025-06-11,4.004,4.673,0.669,1.0
2025-06-12,4.006,4.675000000000001,0.669,1.0
2025-06-13,3.98,4.649,0.669,1.0
2025-06-16,3.99,4.659000000000001,0.669,1.0
2025-06-17,3.989,4.6579999999999995,0.669,1.0
2025-06-18,3.904,4.661,0.757,1.0
2025-06-19,3.873,4.63,0.757,1.0
2025-06-20,3.878,4.635,0.757,1.0
2025-06-23,3.891,4.648,0.757,1.0
2025-06-24,3.936,4.693,0.757,1.0
2025-06-25,4.001,4.758,0.757,1.0
2025-06-26,3.986,4.743,0.757,1.0
2025-06-27,3.963,4.72,0.757,1.0
2025-06-30,3.982,4.739,0.757,1.0
2025-07-01,3.988,4.745,0.757,1.0
2025-07-02,3.992,4.749,0.757,1.0
2025-07-03,4.015,4.771999999999999,0.757,1.0
2025-07-04,4.032,4.789,0.757,1.0
2025-07-07,4.014,4.771,0.757,1.0
2025-07-08,4.048,4.805,0.757,1.0
2025-07-09,4.045,4.802,0.757,1.0
2025-07-10,4.065,4.822,0.757,1.0
2025-07-11,4.079,4.835999999999999,0.757,1.0
2025-07-14,4.078,4.835,0.757,1.0
2025-07-15,4.078,4.835,0.757,1.0
2025-07-16,4.069,4.826,0.757,1.0
2025-07-17,4.102,4.859,0.757,1.0
2025-07-18,4.132,4.888999999999999,0.757,1.0
2025-07-21,4.157,4.914,0.757,1.0
2025-07-22,4.201,4.957999999999999,0.757,1.0
2025-07-23,4.199,4.9559999999999995,0.757,1.0
2025-07-24,4.225,4.981999999999999,0.757,1.0
2025-07-25,4.203,4.96,0.757,1.0
2025-07-28,4.214,4.971,0.757,1.0
2025-07-29,4.235,4.992,0.757,1.0
2025-07-30,4.232,4.989,0.757,1.0
2025-07-31,4.155,4.912,0.757,1.0
2025-08-01,4.133,4.89,0.757,1.0
2025-08-04,4.152,4.909,0.757,1.0
2025-08-05,4.183,4.9399999999999995,0.757,1.0
2025-08-06,4.194,4.951,0.757,1.0
2025-08-07,4.193,4.949999999999999,0.757,1.0
2025-08-08,4.183,4.9399999999999995,0.757,1.0
2025-08-11,4.202,4.959,0.757,1.0
2025-08-12,4.228,4.984999999999999,0.757,1.0
2025-08-13,4.263,5.02,0.757,1.0
2025-08-14,4.256,5.013,0.757,1.0
2025-08-15,4.295,5.052,0.757,1.0
2025-08-18,4.327,5.084,0.757,1.0
2025-08-19,4.305,5.061999999999999,0.757,1.0
2025-08-20,4.364,5.1209999999999996,0.757,1.0
2025-08-21,4.378,5.135,0.757,1.0
2025-08-22,4.479,5.236,0.757,1.0
2025-08-25,4.565,5.322,0.757,1.0
2025-08-26,4.541,5.298,0.757,1.0
2025-08-27,4.475,5.231999999999999,0.757,1.0
2025-08-28,4.559,5.316,0.757,1.0
2025-08-29,4.601,5.358,0.757,1.0
2025-09-01,4.616,5.372999999999999,0.757,1.0
2025-09-02,4.59,5.3469999999999995,0.757,1.0
2025-09-03,4.549,5.306,0.757,1.0
2025-09-04,4.456,5.213,0.757,1.0
2025-09-05,4.554,5.311,0.757,1.0
2025-09-08,4.555,5.311999999999999,0.757,1.0
2025-09-09,4.528,5.284999999999999,0.757,1.0
2025-09-10,4.538,5.295,0.757,1.0
2025-09-11,4.66,5.417,0.757,1.0
2025-09-12,4.621,5.378,0.757,1.0
2025-09-15,4.629,5.385999999999999,0.757,1.0
2025-09-16,4.62,5.377,0.757,1.0
2025-09-17,4.653,5.409999999999999,0.757,1.0
2025-09-18,4.594,5.351,0.757,1.0
2025-09-19,4.604,5.361,0.757,1.0
2025-09-22,4.619,5.3759999999999994,0.757,1.0
2025-09-23,4.622,5.379,0.757,1.0
2025-09-24,4.663,5.42,0.757,1.0
2025-09-25,4.695,5.452,0.757,1.0
2025-09-26,4.651,5.4079999999999995,0.757,1.0
2025-09-29,4.728,5.484999999999999,0.757,1.0
2025-09-30,4.741,5.497999999999999,0.757,1.0
2025-10-09,4.816,5.5729999999999995,0.757,1.0
2025-10-10,4.719,5.476,0.757,1.0
2025-10-13,4.692,5.449,0.757,1.0
2025-10-14,4.645,5.401999999999999,0.757,1.0
2025-10-15,4.706,5.463,0.757,1.0
2025-10-16,4.721,5.478,0.757,1.0
2025-10-17,4.624,5.380999999999999,0.757,1.0
2025-10-20,4.64,5.396999999999999,0.757,1.0
2025-10-21,4.71,5.467,0.757,1.0
2025-10-22,4.695,5.452,0.757,1.0
2025-10-23,4.713,5.47,0.757,1.0
2025-10-24,4.77,5.526999999999999,0.757,1.0
2025-10-27,4.826,5.582999999999999,0.757,1.0
2025-10-28,4.802,5.558999999999999,0.757,1.0
2025-10-29,4.862,5.619,0.757,1.0
2025-10-30,4.823,5.58,0.757,1.0
2025-10-31,4.756,5.513,0.757,1.0
2025-11-03,4.763,5.52,0.757,1.0
2025-11-04,4.729,5.486,0.757,1.0
2025-11-05,4.735,5.492,0.757,1.0
2025-11-06,4.805,5.561999999999999,0.757,1.0
2025-11-07,4.795,5.552,0.757,1.0
2025-11-10,4.807,5.564,0.757,1.0
2025-11-11,4.763,5.52,0.757,1.0
2025-11-12,4.765,5.521999999999999,0.757,1.0
2025-11-13,4.812,5.569,0.757,1.0
2025-11-14,4.741,5.497999999999999,0.757,1.0
2025-11-17,4.71,5.467,0.757,1.0
2025-11-18,4.683,5.4399999999999995,0.757,1.0
2025-11-19,4.697,5.454,0.757,1.0
2025-11-20,4.676,5.433,0.757,1.0
2025-11-21,4.564,5.321,0.757,1.0
2025-11-24,4.557,5.314,0.757,1.0
2025-11-25,4.597,5.354,0.757,1.0
2025-11-26,4.626,5.383,0.757,1.0
2025-11-27,4.622,5.379,0.757,1.0
2025-11-28,4.635,5.3919999999999995,0.757,1.0
2025-12-01,4.687,5.444,0.757,1.0
2025-12-02,4.666,5.423,0.757,1.0
2025-12-03,4.645,5.401999999999999,0.757,1.0
2025-12-04,4.657,5.414,0.757,1.0
2025-12-05,4.698,5.455,0.757,1.0
2025-12-08,4.732,5.489,0.757,1.0
2025-12-09,4.708,5.465,0.757,1.0
2025-12-10,4.702,5.459,0.757,1.0
2025-12-11,4.668,5.425,0.757,1.0
2025-12-12,4.694,5.451,0.757,1.0
2025-12-15,4.667,5.4239999999999995,0.757,1.0
2025-12-16,4.62,5.377,0.757,1.0
2025-12-17,4.699,5.4559999999999995,0.757,1.0
2025-12-18,4.668,5.425,0.757,1.0
2025-12-19,4.688,5.444999999999999,0.757,1.0
2025-12-22,4.73,5.487,0.757,1.0
2025-12-23,4.74,5.497,0.757,1.0
2025-12-24,4.757,5.513999999999999,0.757,1.0
2025-12-25,4.766,5.523,0.757,1.0
2025-12-26,4.784,5.5409999999999995,0.757,1.0
2025-12-29,4.763,5.52,0.757,1.0
2025-12-30,4.773,5.529999999999999,0.757,1.0
2025-12-31,4.753,5.51,0.757,1.0
2026-01-05,4.844,5.601,0.757,1.0
2026-01-06,4.919,5.675999999999999,0.757,1.0
2026-01-07,4.901,5.6579999999999995,0.757,1.0
2026-01-08,4.863,5.62,0.757,1.0
2026-01-09,4.885,5.6419999999999995,0.757,1.0
2026-01-12,4.913,5.67,0.757,1.0
2026-01-13,4.896,5.653,0.757,1.0
2026-01-14,4.866,5.622999999999999,0.757,1.0
2026-01-15,4.875,5.632,0.757,1.0
2026-01-16,4.859,5.616,0.757,1.0
2026-01-19,4.738,5.618,0.88,1.0
2026-01-20,4.724,5.604,0.88,1.0
2026-01-21,4.73,5.61,0.88,1.0
2026-01-22,4.727,5.607,0.88,1.0
2026-01-23,4.704,5.584,0.88,1.0
2026-01-26,4.712,5.592,0.88,1.0
2026-01-27,4.71,5.59,0.88,1.0
2026-01-28,4.725,5.6049999999999995,0.88,1.0
2026-01-29,4.768,5.648,0.88,1.0
2026-01-30,4.711,5.591,0.88,1.0
2026-02-02,4.6,5.4799999999999995,0.88,1.0
2026-02-03,4.664,5.544,0.88,1.0
2026-02-04,4.707,5.587,0.88,1.0
2026-02-05,4.679,5.559,0.88,1.0
2026-02-06,4.649,5.529,0.88,1.0
2026-02-09,4.727,5.607,0.88,1.0
2026-02-10,4.733,5.6129999999999995,0.88,1.0
2026-02-11,4.723,5.603,0.88,1.0
2026-02-12,4.727,5.607,0.88,1.0
2026-02-13,4.671,5.551,0.88,1.0
2026-02-24,4.716,5.596,0.88,1.0
2026-02-25,4.75,5.63,0.88,1.0
2026-02-26,4.735,5.615,0.88,1.0
2026-02-27,4.725,5.6049999999999995,0.88,1.0
2026-03-02,4.739,5.619,0.88,1.0
2026-03-03,4.678,5.558,0.88,1.0
2026-03-04,4.61,5.49,0.88,1.0
2026-03-05,4.654,5.534,0.88,1.0
2026-03-06,4.667,5.547,0.88,1.0
2026-03-09,4.629,5.5089999999999995,0.88,1.0
2026-03-10,4.683,5.563,0.88,1.0
2026-03-11,4.711,5.591,0.88,1.0
2026-03-12,4.694,5.574,0.88,1.0
2026-03-13,4.677,5.5569999999999995,0.88,1.0
2026-03-16,4.68,5.56,0.88,1.0
2026-03-17,4.646,5.526,0.88,1.0
2026-03-18,4.662,5.542,0.88,1.0
2026-03-19,4.599,5.479,0.88,1.0
2026-03-20,4.576,5.4559999999999995,0.88,1.0
2026-03-23,4.43,5.31,0.88,1.0
2026-03-24,4.479,5.359,0.88,1.0
2026-03-25,4.544,5.4239999999999995,0.88,1.0
2026-03-26,4.488,5.368,0.88,1.0
2026-03-27,4.508,5.388,0.88,1.0
2026-03-30,4.5,5.38,0.88,1.0
2026-03-31,4.463,5.343,0.88,1.0
2026-04-01,4.534,5.414,0.88,1.0
2026-04-02,4.489,5.369,0.88,1.0
2026-04-03,4.454,5.334,0.88,1.0
2026-04-07,4.446,5.326,0.88,1.0
2026-04-08,4.602,5.482,0.88,1.0
2026-04-09,4.572,5.452,0.88,1.0
2026-04-10,4.642,5.522,0.88,1.0
2026-04-13,4.652,5.532,0.88,1.0
2026-04-14,4.712,5.592,0.88,1.0
2026-04-15,4.694,5.574,0.88,1.0
2026-04-16,4.746,5.626,0.88,1.0
2026-04-17,4.739,5.619,0.88,1.0
2026-04-20,4.765,5.645,0.88,1.0
2026-04-21,4.776,5.656,0.88,1.0
2026-04-22,4.811,5.691,0.88,1.0
2026-04-23,4.801,5.681,0.88,1.0
2026-04-24,4.782,5.662,0.88,1.0
2026-04-27,4.782,5.662,0.88,1.0
2026-04-28,4.77,5.6499999999999995,0.88,1.0
2026-04-29,4.821,5.701,0.88,1.0
2026-04-30,4.824,5.704,0.88,1.0
2026-05-06,4.888,5.768,0.88,1.0
2026-05-07,4.912,5.792,0.88,1.0
2026-05-08,4.886,5.766,0.88,1.0
2026-05-11,4.966,5.846,0.88,1.0
2026-05-12,4.963,5.843,0.88,1.0
2026-05-13,5.017,5.897,0.88,1.0
2026-05-14,4.941,5.821,0.88,1.0
2026-05-15,4.878,5.758,0.88,1.0
2026-05-18,4.852,5.732,0.88,1.0
2026-05-19,4.869,5.749,0.88,1.0
2026-05-20,4.871,5.751,0.88,1.0
2026-05-21,4.808,5.688,0.88,1.0
2026-05-22,4.862,5.742,0.88,1.0
2026-05-25,4.937,5.817,0.88,1.0
2026-05-26,4.972,5.852,0.88,1.0
2026-05-27,4.932,5.812,0.88,1.0
2026-05-28,4.932,5.812,0.88,1.0
2026-05-29,4.923,5.803,0.88,1.0
2026-06-01,4.868,5.748,0.88,1.0
2026-06-02,4.936,5.816,0.88,1.0
2026-06-03,4.965,5.845,0.88,1.0
2026-06-04,4.926,5.806,0.88,1.0
2026-06-05,4.843,5.723,0.88,1.0
2026-06-08,4.739,5.619,0.88,1.0
2026-06-09,4.826,5.7059999999999995,0.88,1.0
2026-06-10,4.784,5.664,0.88,1.0
2026-06-11,4.751,5.631,0.88,1.0
2026-06-12,4.818,5.6979999999999995,0.88,1.0
2026-06-15,4.919,5.7989999999999995,0.88,1.0
2026-06-16,4.91,5.79,0.88,1.0
2026-06-17,4.958,5.838,0.88,1.0
2026-06-18,4.984,5.864,0.88,1.0
2026-06-22,5.091,5.971,0.88,1.0
2026-06-23,4.942,5.822,0.88,1.0
2026-06-24,4.967,5.8469999999999995,0.88,1.0
2026-06-25,5.048,5.928,0.88,1.0
2026-06-26,4.907,5.787,0.88,1.0
2026-06-29,4.959,5.8389999999999995,0.88,1.0
2026-06-30,5.019,5.899,0.88,1.0
2026-07-01,4.998,5.878,0.88,1.0
2026-07-02,4.85,5.7299999999999995,0.88,1.0
2026-07-03,4.876,5.756,0.88,1.0
2026-07-06,4.877,5.757,0.88,1.0
2026-07-07,4.826,5.7059999999999995,0.88,1.0
2026-07-08,4.798,5.678,0.88,1.0
2026-07-09,4.916,5.796,0.88,1.0
2026-07-10,4.829,5.709,0.88,1.0
2026-07-13,4.744,5.624,0.88,1.0
2026-07-14,4.837,5.717,0.88,1.0
2026-07-15,4.838,5.718,0.88,1.0
2026-07-16,4.753,5.633,0.88,1.0
2026-07-17,4.589,5.469,0.88,1.0
