date,close,total_return_proxy,cumulative_dividend,split_factor
2012-05-11,1.019,1.019,0.0,1.0
2012-05-14,1.003,1.003,0.0,1.0
2012-05-15,0.999,0.999,0.0,1.0
2012-05-16,0.99,0.99,0.0,1.0
2012-05-17,1.001,1.001,0.0,1.0
2012-05-18,0.988,0.988,0.0,1.0
2012-05-21,1.0,1.0,0.0,1.0
2012-05-22,1.013,1.013,0.0,1.0
2012-05-23,1.0,1.0,0.0,1.0
2012-05-24,0.999,0.999,0.0,1.0
2012-05-25,0.992,0.992,0.0,1.0
2012-05-28,0.995,0.995,0.0,1.0
2012-05-29,1.02,1.02,0.0,1.0
2012-05-30,1.011,1.011,0.0,1.0
2012-05-31,1.009,1.009,0.0,1.0
2012-06-01,1.01,1.01,0.0,1.0
2012-06-04,0.988,0.988,0.0,1.0
2012-06-05,0.98,0.98,0.0,1.0
2012-06-06,0.978,0.978,0.0,1.0
2012-06-07,0.971,0.971,0.0,1.0
2012-06-08,0.961,0.961,0.0,1.0
2012-06-11,0.976,0.976,0.0,1.0
2012-06-12,0.965,0.965,0.0,1.0
2012-06-13,0.972,0.972,0.0,1.0
2012-06-14,0.968,0.968,0.0,1.0
2012-06-15,0.963,0.963,0.0,1.0
2012-06-18,0.971,0.971,0.0,1.0
2012-06-19,0.958,0.958,0.0,1.0
2012-06-20,0.959,0.959,0.0,1.0
2012-06-21,0.943,0.943,0.0,1.0
2012-06-25,0.906,0.906,0.0,1.0
2012-06-26,0.901,0.901,0.0,1.0
2012-06-27,0.903,0.903,0.0,1.0
2012-06-28,0.887,0.887,0.0,1.0
2012-06-29,0.895,0.895,0.0,1.0
2012-07-02,0.896,0.896,0.0,1.0
2012-07-03,0.896,0.896,0.0,1.0
2012-07-04,0.903,0.903,0.0,1.0
2012-07-05,0.883,0.883,0.0,1.0
2012-07-06,0.902,0.902,0.0,1.0
2012-07-09,0.877,0.877,0.0,1.0
2012-07-10,0.868,0.868,0.0,1.0
2012-07-11,0.875,0.875,0.0,1.0
2012-07-12,0.902,0.902,0.0,1.0
2012-07-13,0.899,0.899,0.0,1.0
2012-07-16,0.88,0.88,0.0,1.0
2012-07-17,0.889,0.889,0.0,1.0
2012-07-18,0.893,0.893,0.0,1.0
2012-07-19,0.898,0.898,0.0,1.0
2012-07-20,0.891,0.891,0.0,1.0
2012-07-23,0.88,0.88,0.0,1.0
2012-07-24,0.879,0.879,0.0,1.0
2012-07-25,0.87,0.87,0.0,1.0
2012-07-26,0.87,0.87,0.0,1.0
2012-07-27,0.875,0.875,0.0,1.0
2012-07-30,0.869,0.869,0.0,1.0
2012-07-31,0.857,0.857,0.0,1.0
2012-08-01,0.864,0.864,0.0,1.0
2012-08-02,0.853,0.853,0.0,1.0
2012-08-03,0.869,0.869,0.0,1.0
2012-08-06,0.893,0.893,0.0,1.0
2012-08-07,0.9,0.9,0.0,1.0
2012-08-08,0.904,0.904,0.0,1.0
2012-08-09,0.906,0.906,0.0,1.0
2012-08-10,0.899,0.899,0.0,1.0
2012-08-13,0.883,0.883,0.0,1.0
2012-08-14,0.887,0.887,0.0,1.0
2012-08-15,0.873,0.873,0.0,1.0
2012-08-16,0.869,0.869,0.0,1.0
2012-08-17,0.869,0.869,0.0,1.0
2012-08-20,0.87,0.87,0.0,1.0
2012-08-21,0.876,0.876,0.0,1.0
2012-08-22,0.869,0.869,0.0,1.0
2012-08-23,0.88,0.88,0.0,1.0
2012-08-24,0.861,0.861,0.0,1.0
2012-08-27,0.839,0.839,0.0,1.0
2012-08-28,0.844,0.844,0.0,1.0
2012-08-29,0.823,0.823,0.0,1.0
2012-08-30,0.817,0.817,0.0,1.0
2012-08-31,0.813,0.813,0.0,1.0
2012-09-03,0.824,0.824,0.0,1.0
2012-09-04,0.818,0.818,0.0,1.0
2012-09-05,0.815,0.815,0.0,1.0
2012-09-06,0.823,0.823,0.0,1.0
2012-09-07,0.868,0.868,0.0,1.0
2012-09-10,0.875,0.875,0.0,1.0
2012-09-11,0.87,0.87,0.0,1.0
2012-09-12,0.88,0.88,0.0,1.0
2012-09-13,0.866,0.866,0.0,1.0
2012-09-14,0.882,0.882,0.0,1.0
2012-09-17,0.865,0.865,0.0,1.0
2012-09-18,0.846,0.846,0.0,1.0
2012-09-19,0.865,0.865,0.0,1.0
2012-09-20,0.84,0.84,0.0,1.0
2012-09-21,0.852,0.852,0.0,1.0
2012-09-24,0.856,0.856,0.0,1.0
2012-09-25,0.844,0.844,0.0,1.0
2012-09-26,0.83,0.83,0.0,1.0
2012-09-27,0.859,0.859,0.0,1.0
2012-09-28,0.879,0.879,0.0,1.0
2012-10-08,0.863,0.863,0.0,1.0
2012-10-09,0.88,0.88,0.0,1.0
2012-10-10,0.886,0.886,0.0,1.0
2012-10-11,0.871,0.871,0.0,1.0
2012-10-12,0.874,0.874,0.0,1.0
2012-10-15,0.858,0.858,0.0,1.0
2012-10-16,0.856,0.856,0.0,1.0
2012-10-17,0.862,0.862,0.0,1.0
2012-10-18,0.874,0.874,0.0,1.0
2012-10-19,0.872,0.872,0.0,1.0
2012-10-22,0.868,0.868,0.0,1.0
2012-10-23,0.862,0.862,0.0,1.0
2012-10-24,0.853,0.853,0.0,1.0
2012-10-25,0.848,0.848,0.0,1.0
2012-10-26,0.827,0.827,0.0,1.0
2012-10-29,0.822,0.822,0.0,1.0
2012-10-30,0.824,0.824,0.0,1.0
2012-10-31,0.827,0.827,0.0,1.0
2012-11-01,0.843,0.843,0.0,1.0
2012-11-02,0.844,0.844,0.0,1.0
2012-11-05,0.845,0.845,0.0,1.0
2012-11-06,0.839,0.839,0.0,1.0
2012-11-07,0.848,0.848,0.0,1.0
2012-11-08,0.827,0.827,0.0,1.0
2012-11-09,0.826,0.826,0.0,1.0
2012-11-12,0.829,0.829,0.0,1.0
2012-11-13,0.817,0.817,0.0,1.0
2012-11-14,0.823,0.823,0.0,1.0
2012-11-15,0.809,0.809,0.0,1.0
2012-11-16,0.797,0.797,0.0,1.0
2012-11-19,0.803,0.803,0.0,1.0
2012-11-20,0.798,0.798,0.0,1.0
2012-11-21,0.809,0.809,0.0,1.0
2012-11-22,0.802,0.802,0.0,1.0
2012-11-23,0.806,0.806,0.0,1.0
2012-11-26,0.802,0.802,0.0,1.0
2012-11-27,0.785,0.785,0.0,1.0
2012-11-28,0.772,0.772,0.0,1.0
2012-11-29,0.765,0.765,0.0,1.0
2012-11-30,0.773,0.773,0.0,1.0
2012-12-03,0.752,0.752,0.0,1.0
2012-12-04,0.758,0.758,0.0,1.0
2012-12-05,0.787,0.787,0.0,1.0
2012-12-06,0.782,0.782,0.0,1.0
2012-12-07,0.802,0.802,0.0,1.0
2012-12-10,0.81,0.81,0.0,1.0
2012-12-11,0.809,0.809,0.0,1.0
2012-12-12,0.812,0.812,0.0,1.0
2012-12-13,0.801,0.801,0.0,1.0
2012-12-14,0.835,0.835,0.0,1.0
2012-12-17,0.849,0.849,0.0,1.0
2012-12-18,0.85,0.85,0.0,1.0
2012-12-19,0.851,0.851,0.0,1.0
2012-12-20,0.861,0.861,0.0,1.0
2012-12-21,0.857,0.857,0.0,1.0
2012-12-24,0.854,0.854,0.0,1.0
2012-12-25,0.872,0.872,0.0,1.0
2012-12-26,0.877,0.877,0.0,1.0
2012-12-27,0.873,0.873,0.0,1.0
2012-12-28,0.881,0.881,0.0,1.0
2012-12-31,0.892,0.892,0.0,1.0
2013-01-04,0.891,0.891,0.0,1.0
2013-01-07,0.888,0.888,0.0,1.0
2013-01-08,0.885,0.885,0.0,1.0
2013-01-09,0.894,0.894,0.0,1.0
2013-01-10,0.893,0.893,0.0,1.0
2013-01-11,0.873,0.873,0.0,1.0
2013-01-14,0.895,0.895,0.0,1.0
2013-01-15,0.902,0.902,0.0,1.0
2013-01-16,0.915,0.915,0.0,1.0
2013-01-17,0.9,0.9,0.0,1.0
2013-01-18,0.912,0.912,0.0,1.0
2013-01-21,0.914,0.914,0.0,1.0
2013-01-22,0.906,0.906,0.0,1.0
2013-01-23,0.897,0.897,0.0,1.0
2013-01-24,0.885,0.885,0.0,1.0
2013-01-25,0.88,0.88,0.0,1.0
2013-01-28,0.898,0.898,0.0,1.0
2013-01-29,0.903,0.903,0.0,1.0
2013-01-30,0.905,0.905,0.0,1.0
2013-01-31,0.923,0.923,0.0,1.0
2013-02-01,0.919,0.919,0.0,1.0
2013-02-04,0.939,0.939,0.0,1.0
2013-02-05,0.944,0.944,0.0,1.0
2013-02-06,0.944,0.944,0.0,1.0
2013-02-07,0.937,0.937,0.0,1.0
2013-02-08,0.939,0.939,0.0,1.0
2013-02-18,0.931,0.931,0.0,1.0
2013-02-19,0.911,0.911,0.0,1.0
2013-02-20,0.915,0.915,0.0,1.0
2013-02-21,0.875,0.875,0.0,1.0
2013-02-22,0.878,0.878,0.0,1.0
2013-02-25,0.878,0.878,0.0,1.0
2013-02-26,0.869,0.869,0.0,1.0
2013-02-27,0.869,0.869,0.0,1.0
2013-02-28,0.885,0.885,0.0,1.0
2013-03-01,0.879,0.879,0.0,1.0
2013-03-04,0.838,0.838,0.0,1.0
2013-03-05,0.85,0.85,0.0,1.0
2013-03-06,0.859,0.859,0.0,1.0
2013-03-07,0.863,0.863,0.0,1.0
2013-03-08,0.865,0.865,0.0,1.0
2013-03-11,0.854,0.854,0.0,1.0
2013-03-12,0.847,0.847,0.0,1.0
2013-03-13,0.852,0.852,0.0,1.0
2013-03-14,0.845,0.845,0.0,1.0
2013-03-15,0.846,0.846,0.0,1.0
2013-03-18,0.826,0.826,0.0,1.0
2013-03-19,0.821,0.821,0.0,1.0
2013-03-20,0.842,0.842,0.0,1.0
2013-03-21,0.844,0.844,0.0,1.0
2013-03-22,0.845,0.845,0.0,1.0
2013-03-25,0.847,0.847,0.0,1.0
2013-03-26,0.836,0.836,0.0,1.0
2013-03-27,0.828,0.828,0.0,1.0
2013-03-28,0.814,0.814,0.0,1.0
2013-03-29,0.812,0.812,0.0,1.0
2013-04-01,0.803,0.803,0.0,1.0
2013-04-02,0.8,0.8,0.0,1.0
2013-04-03,0.798,0.798,0.0,1.0
2013-04-08,0.785,0.785,0.0,1.0
2013-04-09,0.8,0.8,0.0,1.0
2013-04-10,0.804,0.804,0.0,1.0
2013-04-11,0.798,0.798,0.0,1.0
2013-04-12,0.793,0.793,0.0,1.0
2013-04-15,0.772,0.772,0.0,1.0
2013-04-16,0.766,0.766,0.0,1.0
2013-04-17,0.764,0.764,0.0,1.0
2013-04-18,0.765,0.765,0.0,1.0
2013-04-19,0.781,0.781,0.0,1.0
2013-04-22,0.778,0.778,0.0,1.0
2013-04-23,0.76,0.76,0.0,1.0
2013-04-24,0.768,0.768,0.0,1.0
2013-04-25,0.765,0.765,0.0,1.0
2013-04-26,0.759,0.759,0.0,1.0
2013-05-02,0.74,0.74,0.0,1.0
2013-05-03,0.748,0.748,0.0,1.0
2013-05-06,0.764,0.764,0.0,1.0
2013-05-07,0.77,0.77,0.0,1.0
2013-05-08,0.767,0.767,0.0,1.0
2013-05-09,0.76,0.76,0.0,1.0
2013-05-10,0.762,0.762,0.0,1.0
2013-05-13,0.762,0.762,0.0,1.0
2013-05-14,0.751,0.751,0.0,1.0
2013-05-15,0.748,0.748,0.0,1.0
2013-05-16,0.754,0.754,0.0,1.0
2013-05-17,0.767,0.767,0.0,1.0
2013-05-20,0.774,0.774,0.0,1.0
2013-05-21,0.778,0.778,0.0,1.0
2013-05-22,0.778,0.778,0.0,1.0
2013-05-23,0.768,0.768,0.0,1.0
2013-05-24,0.77,0.77,0.0,1.0
2013-05-27,0.77,0.77,0.0,1.0
2013-05-28,0.788,0.788,0.0,1.0
2013-05-29,0.783,0.783,0.0,1.0
2013-05-30,0.778,0.778,0.0,1.0
2013-05-31,0.778,0.778,0.0,1.0
2013-06-03,0.774,0.774,0.0,1.0
2013-06-04,0.763,0.763,0.0,1.0
2013-06-05,0.762,0.762,0.0,1.0
2013-06-06,0.76,0.76,0.0,1.0
2013-06-07,0.746,0.746,0.0,1.0
2013-06-13,0.716,0.716,0.0,1.0
2013-06-14,0.719,0.719,0.0,1.0
2013-06-17,0.714,0.714,0.0,1.0
2013-06-18,0.71,0.71,0.0,1.0
2013-06-19,0.704,0.704,0.0,1.0
2013-06-20,0.684,0.684,0.0,1.0
2013-06-21,0.675,0.675,0.0,1.0
2013-06-24,0.636,0.636,0.0,1.0
2013-06-25,0.617,0.617,0.0,1.0
2013-06-26,0.607,0.607,0.0,1.0
2013-06-27,0.602,0.602,0.0,1.0
2013-06-28,0.615,0.615,0.0,1.0
2013-07-01,0.615,0.615,0.0,1.0
2013-07-02,0.609,0.609,0.0,1.0
2013-07-03,0.608,0.608,0.0,1.0
2013-07-04,0.626,0.626,0.0,1.0
2013-07-05,0.627,0.627,0.0,1.0
2013-07-08,0.602,0.602,0.0,1.0
2013-07-09,0.599,0.599,0.0,1.0
2013-07-10,0.623,0.623,0.0,1.0
2013-07-11,0.654,0.654,0.0,1.0
2013-07-12,0.637,0.637,0.0,1.0
2013-07-15,0.639,0.639,0.0,1.0
2013-07-16,0.639,0.639,0.0,1.0
2013-07-17,0.629,0.629,0.0,1.0
2013-07-18,0.618,0.618,0.0,1.0
2013-07-19,0.603,0.603,0.0,1.0
2013-07-22,0.605,0.605,0.0,1.0
2013-07-23,0.623,0.623,0.0,1.0
2013-07-24,0.617,0.617,0.0,1.0
2013-07-25,0.611,0.611,0.0,1.0
2013-07-26,0.613,0.613,0.0,1.0
2013-07-29,0.603,0.603,0.0,1.0
2013-07-30,0.605,0.605,0.0,1.0
2013-07-31,0.602,0.602,0.0,1.0
2013-08-01,0.62,0.62,0.0,1.0
2013-08-02,0.619,0.619,0.0,1.0
2013-08-05,0.625,0.625,0.0,1.0
2013-08-06,0.632,0.632,0.0,1.0
2013-08-07,0.637,0.637,0.0,1.0
2013-08-08,0.632,0.632,0.0,1.0
2013-08-09,0.647,0.647,0.0,1.0
2013-08-12,0.686,0.686,0.0,1.0
2013-08-13,0.678,0.678,0.0,1.0
2013-08-14,0.666,0.666,0.0,1.0
2013-08-15,0.661,0.661,0.0,1.0
2013-08-16,0.662,0.662,0.0,1.0
2013-08-19,0.666,0.666,0.0,1.0
2013-08-20,0.658,0.658,0.0,1.0
2013-08-21,0.66,0.66,0.0,1.0
2013-08-22,0.655,0.655,0.0,1.0
2013-08-23,0.647,0.647,0.0,1.0
2013-08-26,0.658,0.658,0.0,1.0
2013-08-27,0.662,0.662,0.0,1.0
2013-08-28,0.684,0.684,0.0,1.0
2013-08-29,0.666,0.666,0.0,1.0
2013-08-30,0.657,0.657,0.0,1.0
2013-09-02,0.665,0.665,0.0,1.0
2013-09-03,0.669,0.669,0.0,1.0
2013-09-04,0.674,0.674,0.0,1.0
2013-09-05,0.662,0.662,0.0,1.0
2013-09-06,0.662,0.662,0.0,1.0
2013-09-09,0.681,0.681,0.0,1.0
2013-09-10,0.688,0.688,0.0,1.0
2013-09-11,0.701,0.701,0.0,1.0
2013-09-12,0.694,0.694,0.0,1.0
2013-09-13,0.688,0.688,0.0,1.0
2013-09-16,0.686,0.686,0.0,1.0
2013-09-17,0.666,0.666,0.0,1.0
2013-09-18,0.665,0.665,0.0,1.0
2013-09-23,0.673,0.673,0.0,1.0
2013-09-24,0.665,0.665,0.0,1.0
2013-09-25,0.659,0.659,0.0,1.0
2013-09-26,0.656,0.656,0.0,1.0
2013-09-27,0.659,0.659,0.0,1.0
2013-09-30,0.658,0.658,0.0,1.0
2013-10-08,0.664,0.664,0.0,1.0
2013-10-09,0.666,0.666,0.0,1.0
2013-10-10,0.661,0.661,0.0,1.0
2013-10-11,0.669,0.669,0.0,1.0
2013-10-14,0.669,0.669,0.0,1.0
2013-10-15,0.667,0.667,0.0,1.0
2013-10-16,0.658,0.658,0.0,1.0
2013-10-17,0.666,0.666,0.0,1.0
2013-10-18,0.661,0.661,0.0,1.0
2013-10-21,0.667,0.667,0.0,1.0
2013-10-22,0.671,0.671,0.0,1.0
2013-10-23,0.666,0.666,0.0,1.0
2013-10-24,0.652,0.652,0.0,1.0
2013-10-25,0.644,0.644,0.0,1.0
2013-10-28,0.64,0.64,0.0,1.0
2013-10-29,0.632,0.632,0.0,1.0
2013-10-30,0.642,0.642,0.0,1.0
2013-10-31,0.636,0.636,0.0,1.0
2013-11-01,0.641,0.641,0.0,1.0
2013-11-04,0.644,0.644,0.0,1.0
2013-11-05,0.644,0.644,0.0,1.0
2013-11-06,0.645,0.645,0.0,1.0
2013-11-07,0.648,0.648,0.0,1.0
2013-11-08,0.636,0.636,0.0,1.0
2013-11-11,0.629,0.629,0.0,1.0
2013-11-12,0.632,0.632,0.0,1.0
2013-11-13,0.626,0.626,0.0,1.0
2013-11-14,0.625,0.625,0.0,1.0
2013-11-15,0.631,0.631,0.0,1.0
2013-11-18,0.647,0.647,0.0,1.0
2013-11-19,0.644,0.644,0.0,1.0
2013-11-20,0.647,0.647,0.0,1.0
2013-11-21,0.652,0.652,0.0,1.0
2013-11-22,0.646,0.646,0.0,1.0
2013-11-25,0.643,0.643,0.0,1.0
2013-11-26,0.636,0.636,0.0,1.0
2013-11-27,0.642,0.642,0.0,1.0
2013-11-28,0.66,0.66,0.0,1.0
2013-11-29,0.654,0.654,0.0,1.0
2013-12-02,0.644,0.644,0.0,1.0
2013-12-03,0.658,0.658,0.0,1.0
2013-12-04,0.659,0.659,0.0,1.0
2013-12-05,0.655,0.655,0.0,1.0
2013-12-06,0.652,0.652,0.0,1.0
2013-12-09,0.65,0.65,0.0,1.0
2013-12-10,0.645,0.645,0.0,1.0
2013-12-11,0.64,0.64,0.0,1.0
2013-12-12,0.64,0.64,0.0,1.0
2013-12-13,0.637,0.637,0.0,1.0
2013-12-16,0.626,0.626,0.0,1.0
2013-12-17,0.617,0.617,0.0,1.0
2013-12-18,0.613,0.613,0.0,1.0
2013-12-19,0.613,0.613,0.0,1.0
2013-12-20,0.597,0.597,0.0,1.0
2013-12-23,0.591,0.591,0.0,1.0
2013-12-24,0.593,0.593,0.0,1.0
2013-12-25,0.595,0.595,0.0,1.0
2013-12-26,0.58,0.58,0.0,1.0
2013-12-27,0.587,0.587,0.0,1.0
2013-12-30,0.585,0.585,0.0,1.0
2013-12-31,0.588,0.588,0.0,1.0
2014-01-02,0.585,0.585,0.0,1.0
2014-01-03,0.58,0.58,0.0,1.0
2014-01-06,0.571,0.571,0.0,1.0
2014-01-07,0.562,0.562,0.0,1.0
2014-01-08,0.562,0.562,0.0,1.0
2014-01-09,0.552,0.552,0.0,1.0
2014-01-10,0.556,0.556,0.0,1.0
2014-01-13,0.555,0.555,0.0,1.0
2014-01-14,0.555,0.555,0.0,1.0
2014-01-15,0.55,0.55,0.0,1.0
2014-01-16,0.553,0.553,0.0,1.0
2014-01-17,0.546,0.546,0.0,1.0
2014-01-20,0.54,0.54,0.0,1.0
2014-01-21,0.542,0.542,0.0,1.0
2014-01-22,0.559,0.559,0.0,1.0
2014-01-23,0.552,0.552,0.0,1.0
2014-01-24,0.559,0.559,0.0,1.0
2014-01-27,0.562,0.562,0.0,1.0
2014-01-28,0.555,0.555,0.0,1.0
2014-01-29,0.555,0.555,0.0,1.0
2014-01-30,0.55,0.55,0.0,1.0
2014-02-07,0.545,0.545,0.0,1.0
2014-02-10,0.562,0.562,0.0,1.0
2014-02-11,0.571,0.571,0.0,1.0
2014-02-12,0.571,0.571,0.0,1.0
2014-02-13,0.574,0.574,0.0,1.0
2014-02-14,0.573,0.573,0.0,1.0
2014-02-17,0.579,0.579,0.0,1.0
2014-02-18,0.57,0.57,0.0,1.0
2014-02-19,0.579,0.579,0.0,1.0
2014-02-20,0.585,0.585,0.0,1.0
2014-02-21,0.572,0.572,0.0,1.0
2014-02-24,0.562,0.562,0.0,1.0
2014-02-25,0.548,0.548,0.0,1.0
2014-02-26,0.557,0.557,0.0,1.0
2014-02-27,0.555,0.555,0.0,1.0
2014-02-28,0.563,0.563,0.0,1.0
2014-03-03,0.56,0.56,0.0,1.0
2014-03-04,0.555,0.555,0.0,1.0
2014-03-05,0.554,0.554,0.0,1.0
2014-03-06,0.552,0.552,0.0,1.0
2014-03-07,0.559,0.559,0.0,1.0
2014-03-10,0.536,0.536,0.0,1.0
2014-03-11,0.537,0.537,0.0,1.0
2014-03-12,0.537,0.537,0.0,1.0
2014-03-13,0.537,0.537,0.0,1.0
2014-03-14,0.534,0.534,0.0,1.0
2014-03-17,0.539,0.539,0.0,1.0
2014-03-18,0.536,0.536,0.0,1.0
2014-03-19,0.536,0.536,0.0,1.0
2014-03-20,0.53,0.53,0.0,1.0
2014-03-21,0.538,0.538,0.0,1.0
2014-03-24,0.546,0.546,0.0,1.0
2014-03-25,0.544,0.544,0.0,1.0
2014-03-26,0.545,0.545,0.0,1.0
2014-03-27,0.539,0.539,0.0,1.0
2014-03-28,0.538,0.538,0.0,1.0
2014-03-31,0.54,0.54,0.0,1.0
2014-04-01,0.539,0.539,0.0,1.0
2014-04-02,0.54,0.54,0.0,1.0
2014-04-03,0.54,0.54,0.0,1.0
2014-04-04,0.541,0.541,0.0,1.0
2014-04-08,0.552,0.552,0.0,1.0
2014-04-09,0.553,0.553,0.0,1.0
2014-04-10,0.558,0.558,0.0,1.0
2014-04-11,0.564,0.564,0.0,1.0
2014-04-14,0.558,0.558,0.0,1.0
2014-04-15,0.552,0.552,0.0,1.0
2014-04-16,0.549,0.549,0.0,1.0
2014-04-17,0.548,0.548,0.0,1.0
2014-04-18,0.544,0.544,0.0,1.0
2014-04-21,0.538,0.538,0.0,1.0
2014-04-22,0.539,0.539,0.0,1.0
2014-04-23,0.541,0.541,0.0,1.0
2014-04-24,0.539,0.539,0.0,1.0
2014-04-25,0.534,0.534,0.0,1.0
2014-04-28,0.525,0.525,0.0,1.0
2014-04-29,0.529,0.529,0.0,1.0
2014-04-30,0.527,0.527,0.0,1.0
2014-05-05,0.52,0.52,0.0,1.0
2014-05-06,0.526,0.526,0.0,1.0
2014-05-07,0.52,0.52,0.0,1.0
2014-05-08,0.521,0.521,0.0,1.0
2014-05-09,0.525,0.525,0.0,1.0
2014-05-12,0.578,0.578,0.0,1.0
2014-05-13,0.562,0.562,0.0,1.0
2014-05-14,0.548,0.548,0.0,1.0
2014-05-15,0.542,0.542,0.0,1.0
2014-05-16,0.541,0.541,0.0,1.0
2014-05-19,0.539,0.539,0.0,1.0
2014-05-20,0.538,0.538,0.0,1.0
2014-05-21,0.539,0.539,0.0,1.0
2014-05-22,0.536,0.536,0.0,1.0
2014-05-23,0.535,0.535,0.0,1.0
2014-05-26,0.537,0.537,0.0,1.0
2014-05-27,0.537,0.537,0.0,1.0
2014-05-28,0.537,0.537,0.0,1.0
2014-05-29,0.536,0.536,0.0,1.0
2014-05-30,0.536,0.536,0.0,1.0
2014-06-03,0.536,0.536,0.0,1.0
2014-06-04,0.531,0.531,0.0,1.0
2014-06-05,0.534,0.534,0.0,1.0
2014-06-06,0.531,0.531,0.0,1.0
2014-06-09,0.527,0.527,0.0,1.0
2014-06-10,0.53,0.53,0.0,1.0
2014-06-11,0.534,0.534,0.0,1.0
2014-06-12,0.534,0.534,0.0,1.0
2014-06-13,0.539,0.539,0.0,1.0
2014-06-16,0.54,0.54,0.0,1.0
2014-06-17,0.537,0.537,0.0,1.0
2014-06-18,0.538,0.538,0.0,1.0
2014-06-19,0.526,0.526,0.0,1.0
2014-06-20,0.53,0.53,0.0,1.0
2014-06-23,0.535,0.535,0.0,1.0
2014-06-24,0.541,0.541,0.0,1.0
2014-06-25,0.543,0.543,0.0,1.0
2014-06-26,0.54,0.54,0.0,1.0
2014-06-27,0.542,0.542,0.0,1.0
2014-06-30,0.543,0.543,0.0,1.0
2014-07-01,0.549,0.549,0.0,1.0
2014-07-02,0.55,0.55,0.0,1.0
2014-07-03,0.554,0.554,0.0,1.0
2014-07-04,0.552,0.552,0.0,1.0
2014-07-07,0.549,0.549,0.0,1.0
2014-07-08,0.549,0.549,0.0,1.0
2014-07-09,0.545,0.545,0.0,1.0
2014-07-10,0.547,0.547,0.0,1.0
2014-07-11,0.549,0.549,0.0,1.0
2014-07-14,0.555,0.555,0.0,1.0
2014-07-15,0.555,0.555,0.0,1.0
2014-07-16,0.553,0.553,0.0,1.0
2014-07-17,0.555,0.555,0.0,1.0
2014-07-18,0.558,0.558,0.0,1.0
2014-07-21,0.552,0.552,0.0,1.0
2014-07-22,0.563,0.563,0.0,1.0
2014-07-23,0.563,0.563,0.0,1.0
2014-07-24,0.575,0.575,0.0,1.0
2014-07-25,0.589,0.589,0.0,1.0
2014-07-28,0.606,0.606,0.0,1.0
2014-07-29,0.605,0.605,0.0,1.0
2014-07-30,0.603,0.603,0.0,1.0
2014-07-31,0.617,0.617,0.0,1.0
2014-08-01,0.614,0.614,0.0,1.0
2014-08-04,0.624,0.624,0.0,1.0
2014-08-05,0.627,0.627,0.0,1.0
2014-08-06,0.633,0.633,0.0,1.0
2014-08-07,0.627,0.627,0.0,1.0
2014-08-08,0.624,0.624,0.0,1.0
2014-08-11,0.633,0.633,0.0,1.0
2014-08-12,0.63,0.63,0.0,1.0
2014-08-13,0.639,0.639,0.0,1.0
2014-08-14,0.632,0.632,0.0,1.0
2014-08-15,0.634,0.634,0.0,1.0
2014-08-18,0.633,0.633,0.0,1.0
2014-08-19,0.639,0.639,0.0,1.0
2014-08-20,0.638,0.638,0.0,1.0
2014-08-21,0.635,0.635,0.0,1.0
2014-08-22,0.634,0.634,0.0,1.0
2014-08-25,0.63,0.63,0.0,1.0
2014-08-26,0.619,0.619,0.0,1.0
2014-08-27,0.621,0.621,0.0,1.0
2014-08-28,0.616,0.616,0.0,1.0
2014-08-29,0.624,0.624,0.0,1.0
2014-09-01,0.629,0.629,0.0,1.0
2014-09-02,0.638,0.638,0.0,1.0
2014-09-03,0.645,0.645,0.0,1.0
2014-09-04,0.649,0.649,0.0,1.0
2014-09-05,0.653,0.653,0.0,1.0
2014-09-09,0.651,0.651,0.0,1.0
2014-09-10,0.65,0.65,0.0,1.0
2014-09-11,0.644,0.644,0.0,1.0
2014-09-12,0.652,0.652,0.0,1.0
2014-09-15,0.655,0.655,0.0,1.0
2014-09-16,0.644,0.644,0.0,1.0
2014-09-17,0.643,0.643,0.0,1.0
2014-09-18,0.646,0.646,0.0,1.0
2014-09-19,0.648,0.648,0.0,1.0
2014-09-22,0.637,0.637,0.0,1.0
2014-09-23,0.642,0.642,0.0,1.0
2014-09-24,0.653,0.653,0.0,1.0
2014-09-25,0.653,0.653,0.0,1.0
2014-09-26,0.655,0.655,0.0,1.0
2014-09-29,0.66,0.66,0.0,1.0
2014-09-30,0.665,0.665,0.0,1.0
2014-10-08,0.664,0.664,0.0,1.0
2014-10-09,0.674,0.674,0.0,1.0
2014-10-10,0.664,0.664,0.0,1.0
2014-10-13,0.669,0.669,0.0,1.0
2014-10-14,0.666,0.666,0.0,1.0
2014-10-15,0.665,0.665,0.0,1.0
2014-10-16,0.658,0.658,0.0,1.0
2014-10-17,0.647,0.647,0.0,1.0
2014-10-20,0.655,0.655,0.0,1.0
2014-10-21,0.648,0.648,0.0,1.0
2014-10-22,0.641,0.641,0.0,1.0
2014-10-23,0.628,0.628,0.0,1.0
2014-10-24,0.628,0.628,0.0,1.0
2014-10-27,0.624,0.624,0.0,1.0
2014-10-28,0.635,0.635,0.0,1.0
2014-10-29,0.645,0.645,0.0,1.0
2014-10-30,0.646,0.646,0.0,1.0
2014-10-31,0.653,0.653,0.0,1.0
2014-11-03,0.657,0.657,0.0,1.0
2014-11-04,0.658,0.658,0.0,1.0
2014-11-05,0.651,0.651,0.0,1.0
2014-11-06,0.65,0.65,0.0,1.0
2014-11-07,0.64,0.64,0.0,1.0
2014-11-10,0.658,0.658,0.0,1.0
2014-11-11,0.648,0.648,0.0,1.0
2014-11-12,0.656,0.656,0.0,1.0
2014-11-13,0.668,0.668,0.0,1.0
2014-11-14,0.657,0.657,0.0,1.0
2014-11-17,0.653,0.653,0.0,1.0
2014-11-18,0.645,0.645,0.0,1.0
2014-11-19,0.646,0.646,0.0,1.0
2014-11-20,0.645,0.645,0.0,1.0
2014-11-21,0.646,0.646,0.0,1.0
2014-11-24,0.666,0.666,0.0,1.0
2014-11-25,0.687,0.687,0.0,1.0
2014-11-26,0.685,0.685,0.0,1.0
2014-11-27,0.69,0.69,0.0,1.0
2014-11-28,0.689,0.689,0.0,1.0
2014-12-01,0.701,0.701,0.0,1.0
2014-12-02,0.714,0.714,0.0,1.0
2014-12-03,0.746,0.746,0.0,1.0
2014-12-04,0.782,0.782,0.0,1.0
2014-12-05,0.757,0.757,0.0,1.0
2014-12-08,0.762,0.762,0.0,1.0
2014-12-09,0.721,0.721,0.0,1.0
2014-12-10,0.75,0.75,0.0,1.0
2014-12-11,0.749,0.749,0.0,1.0
2014-12-12,0.753,0.753,0.0,1.0
2014-12-15,0.751,0.751,0.0,1.0
2014-12-16,0.758,0.758,0.0,1.0
2014-12-17,0.744,0.744,0.0,1.0
2014-12-18,0.753,0.753,0.0,1.0
2014-12-19,0.779,0.779,0.0,1.0
2014-12-22,0.796,0.796,0.0,1.0
2014-12-23,0.752,0.752,0.0,1.0
2014-12-24,0.75,0.75,0.0,1.0
2014-12-25,0.762,0.762,0.0,1.0
2014-12-26,0.774,0.774,0.0,1.0
2014-12-29,0.774,0.774,0.0,1.0
2014-12-30,0.759,0.759,0.0,1.0
2014-12-31,0.774,0.774,0.0,1.0
2015-01-05,0.85,0.85,0.0,1.0
2015-01-06,0.83,0.83,0.0,1.0
2015-01-07,0.837,0.837,0.0,1.0
2015-01-08,0.819,0.819,0.0,1.0
2015-01-09,0.814,0.814,0.0,1.0
2015-01-12,0.786,0.786,0.0,1.0
2015-01-13,0.786,0.786,0.0,1.0
2015-01-14,0.77,0.77,0.0,1.0
2015-01-15,0.786,0.786,0.0,1.0
2015-01-16,0.799,0.799,0.0,1.0
2015-01-19,0.742,0.742,0.0,1.0
2015-01-20,0.759,0.759,0.0,1.0
2015-01-21,0.788,0.788,0.0,1.0
2015-01-22,0.807,0.807,0.0,1.0
2015-01-23,0.8,0.8,0.0,1.0
2015-01-26,0.81,0.81,0.0,1.0
2015-01-27,0.801,0.801,0.0,1.0
2015-01-28,0.794,0.794,0.0,1.0
2015-01-29,0.784,0.784,0.0,1.0
2015-01-30,0.776,0.776,0.0,1.0
2015-02-02,0.759,0.759,0.0,1.0
2015-02-03,0.77,0.77,0.0,1.0
2015-02-04,0.764,0.764,0.0,1.0
2015-02-05,0.751,0.751,0.0,1.0
2015-02-06,0.733,0.733,0.0,1.0
2015-02-09,0.731,0.731,0.0,1.0
2015-02-10,0.733,0.733,0.0,1.0
2015-02-11,0.734,0.734,0.0,1.0
2015-02-12,0.732,0.732,0.0,1.0
2015-02-13,0.749,0.749,0.0,1.0
2015-02-16,0.754,0.754,0.0,1.0
2015-02-17,0.758,0.758,0.0,1.0
2015-02-25,0.752,0.752,0.0,1.0
2015-02-26,0.775,0.775,0.0,1.0
2015-02-27,0.78,0.78,0.0,1.0
2015-03-02,0.794,0.794,0.0,1.0
2015-03-03,0.782,0.782,0.0,1.0
2015-03-04,0.787,0.787,0.0,1.0
2015-03-05,0.78,0.78,0.0,1.0
2015-03-06,0.789,0.789,0.0,1.0
2015-03-09,0.793,0.793,0.0,1.0
2015-03-10,0.797,0.797,0.0,1.0
2015-03-11,0.784,0.784,0.0,1.0
2015-03-12,0.795,0.795,0.0,1.0
2015-03-13,0.799,0.799,0.0,1.0
2015-03-16,0.814,0.814,0.0,1.0
2015-03-17,0.831,0.831,0.0,1.0
2015-03-18,0.845,0.845,0.0,1.0
2015-03-19,0.854,0.854,0.0,1.0
2015-03-20,0.853,0.853,0.0,1.0
2015-03-23,0.872,0.872,0.0,1.0
2015-03-24,0.873,0.873,0.0,1.0
2015-03-25,0.868,0.868,0.0,1.0
2015-03-26,0.879,0.879,0.0,1.0
2015-03-27,0.884,0.884,0.0,1.0
2015-03-30,0.904,0.904,0.0,1.0
2015-03-31,0.886,0.886,0.0,1.0
2015-04-01,0.895,0.895,0.0,1.0
2015-04-02,0.908,0.908,0.0,1.0
2015-04-03,0.915,0.915,0.0,1.0
2015-04-07,0.934,0.934,0.0,1.0
2015-04-08,0.93,0.93,0.0,1.0
2015-04-09,0.913,0.913,0.0,1.0
2015-04-10,0.932,0.932,0.0,1.0
2015-04-13,0.949,0.949,0.0,1.0
2015-04-14,0.944,0.944,0.0,1.0
2015-04-15,0.924,0.924,0.0,1.0
2015-04-16,0.951,0.951,0.0,1.0
2015-04-17,1.003,1.003,0.0,1.0
2015-04-20,0.995,0.995,0.0,1.0
2015-04-21,1.013,1.013,0.0,1.0
2015-04-22,1.031,1.031,0.0,1.0
2015-04-23,1.065,1.065,0.0,1.0
2015-04-24,1.053,1.053,0.0,1.0
2015-04-27,1.096,1.096,0.0,1.0
2015-04-28,1.062,1.062,0.0,1.0
2015-04-29,1.081,1.081,0.0,1.0
2015-04-30,1.061,1.061,0.0,1.0
2015-05-04,1.052,1.052,0.0,1.0
2015-05-05,1.016,1.016,0.0,1.0
2015-05-06,0.98,0.98,0.0,1.0
2015-05-07,0.965,0.965,0.0,1.0
2015-05-08,0.975,0.975,0.0,1.0
2015-05-11,1.006,1.006,0.0,1.0
2015-05-12,1.014,1.014,0.0,1.0
2015-05-13,1.012,1.012,0.0,1.0
2015-05-14,1.036,1.036,0.0,1.0
2015-05-15,1.016,1.016,0.0,1.0
2015-05-18,0.99,0.99,0.0,1.0
2015-05-19,1.01,1.01,0.0,1.0
2015-05-20,1.012,1.012,0.0,1.0
2015-05-21,1.031,1.031,0.0,1.0
2015-05-22,1.065,1.065,0.0,1.0
2015-05-25,1.094,1.094,0.0,1.0
2015-05-26,1.107,1.107,0.0,1.0
2015-05-27,1.135,1.135,0.0,1.0
2015-05-28,1.04,1.04,0.0,1.0
2015-05-29,1.05,1.05,0.0,1.0
2015-06-01,1.113,1.113,0.0,1.0
2015-06-02,1.128,1.128,0.0,1.0
2015-06-03,1.129,1.129,0.0,1.0
2015-06-04,1.157,1.157,0.0,1.0
2015-06-05,1.2,1.2,0.0,1.0
2015-06-08,1.209,1.209,0.0,1.0
2015-06-09,1.225,1.225,0.0,1.0
2015-06-10,1.223,1.223,0.0,1.0
2015-06-11,1.209,1.209,0.0,1.0
2015-06-12,1.225,1.225,0.0,1.0
2015-06-15,1.2,1.2,0.0,1.0
2015-06-16,1.148,1.148,0.0,1.0
2015-06-17,1.18,1.18,0.0,1.0
2015-06-18,1.166,1.166,0.0,1.0
2015-06-19,1.066,1.066,0.0,1.0
2015-06-23,1.084,1.084,0.0,1.0
2015-06-24,1.136,1.136,0.0,1.0
2015-06-25,1.088,1.088,0.0,1.0
2015-06-26,1.046,1.046,0.0,1.0
2015-06-29,1.01,1.01,0.0,1.0
2015-06-30,1.03,1.03,0.0,1.0
2015-07-01,0.965,0.965,0.0,1.0
2015-07-02,0.89,0.89,0.0,1.0
2015-07-03,0.819,0.819,0.0,1.0
2015-07-06,0.833,0.833,0.0,1.0
2015-07-07,0.757,0.757,0.0,1.0
2015-07-08,0.681,0.681,0.0,1.0
2015-07-09,0.749,0.749,0.0,1.0
2015-07-10,0.824,0.824,0.0,1.0
2015-07-13,0.892,0.892,0.0,1.0
2015-07-14,0.849,0.849,0.0,1.0
2015-07-15,0.79,0.79,0.0,1.0
2015-07-16,0.8,0.8,0.0,1.0
2015-07-17,0.836,0.836,0.0,1.0
2015-07-20,0.838,0.838,0.0,1.0
2015-07-21,0.832,0.832,0.0,1.0
2015-07-22,0.85,0.85,0.0,1.0
2015-07-23,0.882,0.882,0.0,1.0
2015-07-24,0.873,0.873,0.0,1.0
2015-07-27,0.79,0.79,0.0,1.0
2015-07-28,0.775,0.775,0.0,1.0
2015-07-29,0.818,0.818,0.0,1.0
2015-07-30,0.783,0.783,0.0,1.0
2015-07-31,0.774,0.774,0.0,1.0
2015-08-03,0.77,0.77,0.0,1.0
2015-08-04,0.808,0.808,0.0,1.0
2015-08-05,0.792,0.792,0.0,1.0
2015-08-06,0.781,0.781,0.0,1.0
2015-08-07,0.809,0.809,0.0,1.0
2015-08-10,0.851,0.851,0.0,1.0
2015-08-11,0.88,0.88,0.0,1.0
2015-08-12,0.876,0.876,0.0,1.0
2015-08-13,0.89,0.89,0.0,1.0
2015-08-14,0.89,0.89,0.0,1.0
2015-08-17,0.907,0.907,0.0,1.0
2015-08-18,0.841,0.841,0.0,1.0
2015-08-19,0.845,0.845,0.0,1.0
2015-08-20,0.827,0.827,0.0,1.0
2015-08-21,0.8,0.8,0.0,1.0
2015-08-24,0.72,0.72,0.0,1.0
2015-08-25,0.648,0.648,0.0,1.0
2015-08-26,0.638,0.638,0.0,1.0
2015-08-27,0.642,0.642,0.0,1.0
2015-08-28,0.68,0.68,0.0,1.0
2015-08-31,0.658,0.658,0.0,1.0
2015-09-01,0.66,0.66,0.0,1.0
2015-09-02,0.644,0.644,0.0,1.0
2015-09-07,0.65,0.65,0.0,1.0
2015-09-08,0.666,0.666,0.0,1.0
2015-09-09,0.686,0.686,0.0,1.0
2015-09-10,0.674,0.674,0.0,1.0
2015-09-11,0.672,0.672,0.0,1.0
2015-09-14,0.642,0.642,0.0,1.0
2015-09-15,0.617,0.617,0.0,1.0
2015-09-16,0.651,0.651,0.0,1.0
2015-09-17,0.649,0.649,0.0,1.0
2015-09-18,0.648,0.648,0.0,1.0
2015-09-21,0.656,0.656,0.0,1.0
2015-09-22,0.658,0.658,0.0,1.0
2015-09-23,0.641,0.641,0.0,1.0
2015-09-24,0.652,0.652,0.0,1.0
2015-09-25,0.64,0.64,0.0,1.0
2015-09-28,0.645,0.645,0.0,1.0
2015-09-29,0.628,0.628,0.0,1.0
2015-09-30,0.633,0.633,0.0,1.0
2015-10-08,0.651,0.651,0.0,1.0
2015-10-09,0.657,0.657,0.0,1.0
2015-10-12,0.69,0.69,0.0,1.0
2015-10-13,0.686,0.686,0.0,1.0
2015-10-14,0.687,0.687,0.0,1.0
2015-10-15,0.7,0.7,0.0,1.0
2015-10-16,0.705,0.705,0.0,1.0
2015-10-19,0.709,0.709,0.0,1.0
2015-10-20,0.714,0.714,0.0,1.0
2015-10-21,0.689,0.689,0.0,1.0
2015-10-22,0.69,0.69,0.0,1.0
2015-10-23,0.7,0.7,0.0,1.0
2015-10-26,0.704,0.704,0.0,1.0
2015-10-27,0.702,0.702,0.0,1.0
2015-10-28,0.692,0.692,0.0,1.0
2015-10-29,0.693,0.693,0.0,1.0
2015-10-30,0.688,0.688,0.0,1.0
2015-11-02,0.688,0.688,0.0,1.0
2015-11-03,0.681,0.681,0.0,1.0
2015-11-04,0.7,0.7,0.0,1.0
2015-11-05,0.718,0.718,0.0,1.0
2015-11-06,0.726,0.726,0.0,1.0
2015-11-09,0.736,0.736,0.0,1.0
2015-11-10,0.759,0.759,0.0,1.0
2015-11-11,0.747,0.747,0.0,1.0
2015-11-12,0.745,0.745,0.0,1.0
2015-11-13,0.722,0.722,0.0,1.0
2015-11-16,0.73,0.73,0.0,1.0
2015-11-17,0.732,0.732,0.0,1.0
2015-11-18,0.72,0.72,0.0,1.0
2015-11-19,0.727,0.727,0.0,1.0
2015-11-20,0.731,0.731,0.0,1.0
2015-11-23,0.73,0.73,0.0,1.0
2015-11-24,0.729,0.729,0.0,1.0
2015-11-25,0.733,0.733,0.0,1.0
2015-11-26,0.739,0.739,0.0,1.0
2015-11-27,0.696,0.696,0.0,1.0
2015-11-30,0.698,0.698,0.0,1.0
2015-12-01,0.695,0.695,0.0,1.0
2015-12-02,0.704,0.704,0.0,1.0
2015-12-03,0.709,0.709,0.0,1.0
2015-12-04,0.704,0.704,0.0,1.0
2015-12-07,0.707,0.707,0.0,1.0
2015-12-08,0.692,0.692,0.0,1.0
2015-12-09,0.687,0.687,0.0,1.0
2015-12-10,0.686,0.686,0.0,1.0
2015-12-11,0.694,0.694,0.0,1.0
2015-12-14,0.705,0.705,0.0,1.0
2015-12-15,0.698,0.698,0.0,1.0
2015-12-16,0.71,0.71,0.0,1.0
2015-12-17,0.714,0.714,0.0,1.0
2015-12-18,0.71,0.71,0.0,1.0
2015-12-21,0.717,0.717,0.0,1.0
2015-12-22,0.726,0.726,0.0,1.0
2015-12-23,0.715,0.715,0.0,1.0
2015-12-24,0.715,0.715,0.0,1.0
2015-12-25,0.714,0.714,0.0,1.0
2015-12-28,0.709,0.709,0.0,1.0
2015-12-29,0.71,0.71,0.0,1.0
2015-12-30,0.713,0.713,0.0,1.0
2015-12-31,0.718,0.718,0.0,1.0
2016-01-04,0.682,0.682,0.0,1.0
2016-01-05,0.651,0.651,0.0,1.0
2016-01-06,0.685,0.685,0.0,1.0
2016-01-07,0.652,0.652,0.0,1.0
2016-01-08,0.678,0.678,0.0,1.0
2016-01-11,0.645,0.645,0.0,1.0
2016-01-12,0.639,0.639,0.0,1.0
2016-01-13,0.618,0.618,0.0,1.0
2016-01-14,0.627,0.627,0.0,1.0
2016-01-15,0.605,0.605,0.0,1.0
2016-01-18,0.6,0.6,0.0,1.0
2016-01-19,0.612,0.612,0.0,1.0
2016-01-20,0.603,0.603,0.0,1.0
2016-01-21,0.597,0.597,0.0,1.0
2016-01-22,0.602,0.602,0.0,1.0
2016-01-25,0.607,0.607,0.0,1.0
2016-01-26,0.595,0.595,0.0,1.0
2016-01-27,0.575,0.575,0.0,1.0
2016-01-28,0.551,0.551,0.0,1.0
2016-01-29,0.563,0.563,0.0,1.0
2016-02-01,0.544,0.544,0.0,1.0
2016-02-02,0.553,0.553,0.0,1.0
2016-02-03,0.55,0.55,0.0,1.0
2016-02-04,0.561,0.561,0.0,1.0
2016-02-05,0.568,0.568,0.0,1.0
2016-02-15,0.575,0.575,0.0,1.0
2016-02-16,0.585,0.585,0.0,1.0
2016-02-17,0.59,0.59,0.0,1.0
2016-02-18,0.591,0.591,0.0,1.0
2016-02-19,0.59,0.59,0.0,1.0
2016-02-22,0.609,0.609,0.0,1.0
2016-02-23,0.61,0.61,0.0,1.0
2016-02-24,0.613,0.613,0.0,1.0
2016-02-25,0.587,0.587,0.0,1.0
2016-02-26,0.587,0.587,0.0,1.0
2016-02-29,0.585,0.585,0.0,1.0
2016-03-01,0.594,0.594,0.0,1.0
2016-03-02,0.627,0.627,0.0,1.0
2016-03-03,0.628,0.628,0.0,1.0
2016-03-04,0.63,0.63,0.0,1.0
2016-03-07,0.642,0.642,0.0,1.0
2016-03-08,0.648,0.648,0.0,1.0
2016-03-09,0.619,0.619,0.0,1.0
2016-03-10,0.611,0.611,0.0,1.0
2016-03-11,0.609,0.609,0.0,1.0
2016-03-14,0.618,0.618,0.0,1.0
2016-03-15,0.61,0.61,0.0,1.0
2016-03-16,0.605,0.605,0.0,1.0
2016-03-17,0.608,0.608,0.0,1.0
2016-03-18,0.625,0.625,0.0,1.0
2016-03-21,0.637,0.637,0.0,1.0
2016-03-22,0.632,0.632,0.0,1.0
2016-03-23,0.637,0.637,0.0,1.0
2016-03-24,0.625,0.625,0.0,1.0
2016-03-25,0.62,0.62,0.0,1.0
2016-03-28,0.619,0.619,0.0,1.0
2016-03-29,0.618,0.618,0.0,1.0
2016-03-30,0.63,0.63,0.0,1.0
2016-03-31,0.628,0.628,0.0,1.0
2016-04-01,0.637,0.637,0.0,1.0
2016-04-05,0.64,0.64,0.0,1.0
2016-04-06,0.641,0.641,0.0,1.0
2016-04-07,0.636,0.636,0.0,1.0
2016-04-08,0.633,0.633,0.0,1.0
2016-04-11,0.647,0.647,0.0,1.0
2016-04-12,0.648,0.648,0.0,1.0
2016-04-13,0.674,0.674,0.0,1.0
2016-04-14,0.67,0.67,0.0,1.0
2016-04-15,0.665,0.665,0.0,1.0
2016-04-18,0.651,0.651,0.0,1.0
2016-04-19,0.659,0.659,0.0,1.0
2016-04-20,0.637,0.637,0.0,1.0
2016-04-21,0.657,0.657,0.0,1.0
2016-04-22,0.647,0.647,0.0,1.0
2016-04-25,0.645,0.645,0.0,1.0
2016-04-26,0.644,0.644,0.0,1.0
2016-04-27,0.64,0.64,0.0,1.0
2016-04-28,0.633,0.633,0.0,1.0
2016-04-29,0.639,0.639,0.0,1.0
2016-05-03,0.65,0.65,0.0,1.0
2016-05-04,0.65,0.65,0.0,1.0
2016-05-05,0.65,0.65,0.0,1.0
2016-05-06,0.63,0.63,0.0,1.0
2016-05-09,0.599,0.599,0.0,1.0
2016-05-10,0.601,0.601,0.0,1.0
2016-05-11,0.602,0.602,0.0,1.0
2016-05-12,0.602,0.602,0.0,1.0
2016-05-13,0.6,0.6,0.0,1.0
2016-05-16,0.61,0.61,0.0,1.0
2016-05-17,0.612,0.612,0.0,1.0
2016-05-18,0.606,0.606,0.0,1.0
2016-05-19,0.6,0.6,0.0,1.0
2016-05-20,0.608,0.608,0.0,1.0
2016-05-23,0.611,0.611,0.0,1.0
2016-05-24,0.613,0.613,0.0,1.0
2016-05-25,0.599,0.599,0.0,1.0
2016-05-26,0.605,0.605,0.0,1.0
2016-05-27,0.605,0.605,0.0,1.0
2016-05-30,0.604,0.604,0.0,1.0
2016-05-31,0.618,0.618,0.0,1.0
2016-06-01,0.624,0.624,0.0,1.0
2016-06-02,0.628,0.628,0.0,1.0
2016-06-03,0.623,0.623,0.0,1.0
2016-06-06,0.627,0.627,0.0,1.0
2016-06-07,0.625,0.625,0.0,1.0
2016-06-08,0.625,0.625,0.0,1.0
2016-06-13,0.616,0.616,0.0,1.0
2016-06-14,0.61,0.61,0.0,1.0
2016-06-15,0.616,0.616,0.0,1.0
2016-06-16,0.634,0.634,0.0,1.0
2016-06-17,0.644,0.644,0.0,1.0
2016-06-20,0.63,0.63,0.0,1.0
2016-06-21,0.621,0.621,0.0,1.0
2016-06-22,0.622,0.622,0.0,1.0
2016-06-23,0.628,0.628,0.0,1.0
2016-06-24,0.625,0.625,0.0,1.0
2016-06-27,0.633,0.633,0.0,1.0
2016-06-28,0.636,0.636,0.0,1.0
2016-06-29,0.641,0.641,0.0,1.0
2016-06-30,0.637,0.637,0.0,1.0
2016-07-01,0.657,0.657,0.0,1.0
2016-07-04,0.673,0.673,0.0,1.0
2016-07-05,0.672,0.672,0.0,1.0
2016-07-06,0.67,0.67,0.0,1.0
2016-07-07,0.688,0.688,0.0,1.0
2016-07-08,0.675,0.675,0.0,1.0
2016-07-11,0.689,0.689,0.0,1.0
2016-07-12,0.716,0.716,0.0,1.0
2016-07-13,0.709,0.709,0.0,1.0
2016-07-14,0.699,0.699,0.0,1.0
2016-07-15,0.708,0.708,0.0,1.0
2016-07-18,0.708,0.708,0.0,1.0
2016-07-19,0.692,0.692,0.0,1.0
2016-07-20,0.692,0.692,0.0,1.0
2016-07-21,0.687,0.687,0.0,1.0
2016-07-22,0.676,0.676,0.0,1.0
2016-07-25,0.676,0.676,0.0,1.0
2016-07-26,0.693,0.693,0.0,1.0
2016-07-27,0.684,0.684,0.0,1.0
2016-07-28,0.678,0.678,0.0,1.0
2016-07-29,0.677,0.677,0.0,1.0
2016-08-01,0.673,0.673,0.0,1.0
2016-08-02,0.679,0.679,0.0,1.0
2016-08-03,0.675,0.675,0.0,1.0
2016-08-04,0.673,0.673,0.0,1.0
2016-08-05,0.675,0.675,0.0,1.0
2016-08-08,0.674,0.674,0.0,1.0
2016-08-09,0.675,0.675,0.0,1.0
2016-08-10,0.682,0.682,0.0,1.0
2016-08-11,0.672,0.672,0.0,1.0
2016-08-12,0.68,0.68,0.0,1.0
2016-08-15,0.692,0.692,0.0,1.0
2016-08-16,0.691,0.691,0.0,1.0
2016-08-17,0.692,0.692,0.0,1.0
2016-08-18,0.689,0.689,0.0,1.0
2016-08-19,0.692,0.692,0.0,1.0
2016-08-22,0.68,0.68,0.0,1.0
2016-08-23,0.68,0.68,0.0,1.0
2016-08-24,0.678,0.678,0.0,1.0
2016-08-25,0.672,0.672,0.0,1.0
2016-08-26,0.682,0.682,0.0,1.0
2016-08-29,0.678,0.678,0.0,1.0
2016-08-30,0.684,0.684,0.0,1.0
2016-08-31,0.678,0.678,0.0,1.0
2016-09-01,0.668,0.668,0.0,1.0
2016-09-02,0.668,0.668,0.0,1.0
2016-09-05,0.674,0.674,0.0,1.0
2016-09-06,0.676,0.676,0.0,1.0
2016-09-07,0.673,0.673,0.0,1.0
2016-09-08,0.672,0.672,0.0,1.0
2016-09-09,0.67,0.67,0.0,1.0
2016-09-12,0.65,0.65,0.0,1.0
2016-09-13,0.653,0.653,0.0,1.0
2016-09-14,0.655,0.655,0.0,1.0
2016-09-19,0.656,0.656,0.0,1.0
2016-09-20,0.653,0.653,0.0,1.0
2016-09-21,0.651,0.651,0.0,1.0
2016-09-22,0.655,0.655,0.0,1.0
2016-09-23,0.654,0.654,0.0,1.0
2016-09-26,0.653,0.653,0.0,1.0
2016-09-27,0.648,0.648,0.0,1.0
2016-09-28,0.649,0.649,0.0,1.0
2016-09-29,0.654,0.654,0.0,1.0
2016-09-30,0.652,0.652,0.0,1.0
2016-10-10,0.664,0.664,0.0,1.0
2016-10-11,0.664,0.664,0.0,1.0
2016-10-12,0.659,0.659,0.0,1.0
2016-10-13,0.656,0.656,0.0,1.0
2016-10-14,0.657,0.657,0.0,1.0
2016-10-17,0.651,0.651,0.0,1.0
2016-10-18,0.663,0.663,0.0,1.0
2016-10-19,0.667,0.667,0.0,1.0
2016-10-20,0.665,0.665,0.0,1.0
2016-10-21,0.667,0.667,0.0,1.0
2016-10-24,0.678,0.678,0.0,1.0
2016-10-25,0.685,0.685,0.0,1.0
2016-10-26,0.681,0.681,0.0,1.0
2016-10-27,0.677,0.677,0.0,1.0
2016-10-28,0.679,0.679,0.0,1.0
2016-10-31,0.678,0.678,0.0,1.0
2016-11-01,0.682,0.682,0.0,1.0
2016-11-02,0.686,0.686,0.0,1.0
2016-11-03,0.685,0.685,0.0,1.0
2016-11-04,0.685,0.685,0.0,1.0
2016-11-07,0.693,0.693,0.0,1.0
2016-11-08,0.686,0.686,0.0,1.0
2016-11-09,0.697,0.697,0.0,1.0
2016-11-10,0.705,0.705,0.0,1.0
2016-11-11,0.731,0.731,0.0,1.0
2016-11-14,0.728,0.728,0.0,1.0
2016-11-15,0.724,0.724,0.0,1.0
2016-11-16,0.717,0.717,0.0,1.0
2016-11-17,0.725,0.725,0.0,1.0
2016-11-18,0.717,0.717,0.0,1.0
2016-11-21,0.718,0.718,0.0,1.0
2016-11-22,0.725,0.725,0.0,1.0
2016-11-23,0.725,0.725,0.0,1.0
2016-11-24,0.72,0.72,0.0,1.0
2016-11-25,0.718,0.718,0.0,1.0
2016-11-28,0.728,0.728,0.0,1.0
2016-11-29,0.723,0.723,0.0,1.0
2016-11-30,0.705,0.705,0.0,1.0
2016-12-01,0.711,0.711,0.0,1.0
2016-12-02,0.707,0.707,0.0,1.0
2016-12-05,0.7,0.7,0.0,1.0
2016-12-06,0.705,0.705,0.0,1.0
2016-12-07,0.708,0.708,0.0,1.0
2016-12-08,0.706,0.706,0.0,1.0
2016-12-09,0.702,0.702,0.0,1.0
2016-12-12,0.697,0.697,0.0,1.0
2016-12-13,0.692,0.692,0.0,1.0
2016-12-14,0.688,0.688,0.0,1.0
2016-12-15,0.69,0.69,0.0,1.0
2016-12-16,0.691,0.691,0.0,1.0
2016-12-19,0.676,0.676,0.0,1.0
2016-12-20,0.671,0.671,0.0,1.0
2016-12-21,0.683,0.683,0.0,1.0
2016-12-22,0.68,0.68,0.0,1.0
2016-12-23,0.676,0.676,0.0,1.0
2016-12-26,0.688,0.688,0.0,1.0
2016-12-27,0.673,0.673,0.0,1.0
2016-12-28,0.676,0.676,0.0,1.0
2016-12-29,0.671,0.671,0.0,1.0
2016-12-30,0.67,0.67,0.0,1.0
2017-01-03,0.676,0.676,0.0,1.0
2017-01-04,0.68,0.68,0.0,1.0
2017-01-05,0.686,0.686,0.0,1.0
2017-01-06,0.684,0.684,0.0,1.0
2017-01-09,0.684,0.684,0.0,1.0
2017-01-10,0.684,0.684,0.0,1.0
2017-01-11,0.687,0.687,0.0,1.0
2017-01-12,0.689,0.689,0.0,1.0
2017-01-13,0.679,0.679,0.0,1.0
2017-01-16,0.672,0.672,0.0,1.0
2017-01-17,0.674,0.674,0.0,1.0
2017-01-18,0.68,0.68,0.0,1.0
2017-01-20,0.675,0.675,0.0,1.0
2017-01-23,0.69,0.69,0.0,1.0
2017-01-24,0.685,0.685,0.0,1.0
2017-01-25,0.692,0.692,0.0,1.0
2017-01-26,0.697,0.697,0.0,1.0
2017-02-03,0.683,0.683,0.0,1.0
2017-02-06,0.688,0.688,0.0,1.0
2017-02-07,0.694,0.694,0.0,1.0
2017-02-08,0.694,0.694,0.0,1.0
2017-02-09,0.698,0.698,0.0,1.0
2017-02-10,0.707,0.707,0.0,1.0
2017-02-13,0.716,0.716,0.0,1.0
2017-02-14,0.711,0.711,0.0,1.0
2017-02-15,0.712,0.712,0.0,1.0
2017-02-16,0.715,0.715,0.0,1.0
2017-02-17,0.706,0.706,0.0,1.0
2017-02-20,0.715,0.715,0.0,1.0
2017-02-21,0.711,0.711,0.0,1.0
2017-02-22,0.722,0.722,0.0,1.0
2017-02-23,0.718,0.718,0.0,1.0
2017-02-24,0.724,0.724,0.0,1.0
2017-02-27,0.711,0.711,0.0,1.0
2017-02-28,0.714,0.714,0.0,1.0
2017-03-01,0.714,0.714,0.0,1.0
2017-03-02,0.712,0.712,0.0,1.0
2017-03-03,0.705,0.705,0.0,1.0
2017-03-06,0.705,0.705,0.0,1.0
2017-03-07,0.705,0.705,0.0,1.0
2017-03-08,0.704,0.704,0.0,1.0
2017-03-09,0.704,0.704,0.0,1.0
2017-03-10,0.703,0.703,0.0,1.0
2017-03-13,0.707,0.707,0.0,1.0
2017-03-14,0.709,0.709,0.0,1.0
2017-03-15,0.709,0.709,0.0,1.0
2017-03-16,0.711,0.711,0.0,1.0
2017-03-17,0.708,0.708,0.0,1.0
2017-03-20,0.704,0.704,0.0,1.0
2017-03-21,0.702,0.702,0.0,1.0
2017-03-22,0.701,0.701,0.0,1.0
2017-03-23,0.703,0.703,0.0,1.0
2017-03-24,0.702,0.702,0.0,1.0
2017-03-27,0.697,0.697,0.0,1.0
2017-03-28,0.694,0.694,0.0,1.0
2017-03-29,0.694,0.694,0.0,1.0
2017-03-30,0.689,0.689,0.0,1.0
2017-03-31,0.693,0.693,0.0,1.0
2017-04-05,0.701,0.701,0.0,1.0
2017-04-06,0.699,0.699,0.0,1.0
2017-04-07,0.709,0.709,0.0,1.0
2017-04-10,0.706,0.706,0.0,1.0
2017-04-11,0.704,0.704,0.0,1.0
2017-04-12,0.707,0.707,0.0,1.0
2017-04-13,0.707,0.707,0.0,1.0
2017-04-14,0.71,0.71,0.0,1.0
2017-04-17,0.699,0.699,0.0,1.0
2017-04-18,0.695,0.695,0.0,1.0
2017-04-19,0.685,0.685,0.0,1.0
2017-04-20,0.68,0.68,0.0,1.0
2017-04-21,0.678,0.678,0.0,1.0
2017-04-24,0.669,0.669,0.0,1.0
2017-04-25,0.668,0.668,0.0,1.0
2017-04-26,0.668,0.668,0.0,1.0
2017-04-27,0.666,0.666,0.0,1.0
2017-04-28,0.671,0.671,0.0,1.0
2017-05-02,0.685,0.685,0.0,1.0
2017-05-03,0.675,0.675,0.0,1.0
2017-05-04,0.683,0.683,0.0,1.0
2017-05-05,0.647,0.647,0.0,1.0
2017-05-08,0.644,0.644,0.0,1.0
2017-05-09,0.648,0.648,0.0,1.0
2017-05-10,0.641,0.641,0.0,1.0
2017-05-11,0.635,0.635,0.0,1.0
2017-05-12,0.637,0.637,0.0,1.0
2017-05-15,0.636,0.636,0.0,1.0
2017-05-16,0.658,0.658,0.0,1.0
2017-05-17,0.645,0.645,0.0,1.0
2017-05-18,0.64,0.64,0.0,1.0
2017-05-19,0.644,0.644,0.0,1.0
2017-05-22,0.639,0.639,0.0,1.0
2017-05-23,0.644,0.644,0.0,1.0
2017-05-24,0.639,0.639,0.0,1.0
2017-05-25,0.649,0.649,0.0,1.0
2017-05-26,0.65,0.65,0.0,1.0
2017-05-31,0.645,0.645,0.0,1.0
2017-06-01,0.642,0.642,0.0,1.0
2017-06-02,0.638,0.638,0.0,1.0
2017-06-05,0.64,0.64,0.0,1.0
2017-06-06,0.647,0.647,0.0,1.0
2017-06-07,0.651,0.651,0.0,1.0
2017-06-08,0.65,0.65,0.0,1.0
2017-06-09,0.648,0.648,0.0,1.0
2017-06-12,0.648,0.648,0.0,1.0
2017-06-13,0.651,0.651,0.0,1.0
2017-06-14,0.65,0.65,0.0,1.0
2017-06-15,0.655,0.655,0.0,1.0
2017-06-16,0.66,0.66,0.0,1.0
2017-06-19,0.659,0.659,0.0,1.0
2017-06-20,0.665,0.665,0.0,1.0
2017-06-21,0.661,0.661,0.0,1.0
2017-06-22,0.658,0.658,0.0,1.0
2017-06-23,0.663,0.663,0.0,1.0
2017-06-26,0.669,0.669,0.0,1.0
2017-06-27,0.672,0.672,0.0,1.0
2017-06-28,0.674,0.674,0.0,1.0
2017-06-29,0.68,0.68,0.0,1.0
2017-06-30,0.681,0.681,0.0,1.0
2017-07-03,0.683,0.683,0.0,1.0
2017-07-04,0.681,0.681,0.0,1.0
2017-07-05,0.691,0.691,0.0,1.0
2017-07-06,0.71,0.71,0.0,1.0
2017-07-07,0.722,0.722,0.0,1.0
2017-07-10,0.74,0.74,0.0,1.0
2017-07-11,0.718,0.718,0.0,1.0
2017-07-12,0.709,0.709,0.0,1.0
2017-07-13,0.729,0.729,0.0,1.0
2017-07-14,0.729,0.729,0.0,1.0
2017-07-17,0.716,0.716,0.0,1.0
2017-07-18,0.722,0.722,0.0,1.0
2017-07-19,0.772,0.772,0.0,1.0
2017-07-20,0.773,0.773,0.0,1.0
2017-07-21,0.769,0.769,0.0,1.0
2017-07-24,0.769,0.769,0.0,1.0
2017-07-25,0.765,0.765,0.0,1.0
2017-07-26,0.782,0.782,0.0,1.0
2017-07-27,0.764,0.764,0.0,1.0
2017-07-28,0.781,0.781,0.0,1.0
2017-07-31,0.809,0.809,0.0,1.0
2017-08-01,0.8,0.8,0.0,1.0
2017-08-02,0.809,0.809,0.0,1.0
2017-08-03,0.825,0.825,0.0,1.0
2017-08-04,0.826,0.826,0.0,1.0
2017-08-07,0.848,0.848,0.0,1.0
2017-08-08,0.85,0.85,0.0,1.0
2017-08-09,0.86,0.86,0.0,1.0
2017-08-10,0.85,0.85,0.0,1.0
2017-08-11,0.805,0.805,0.0,1.0
2017-08-14,0.825,0.825,0.0,1.0
2017-08-15,0.819,0.819,0.0,1.0
2017-08-16,0.803,0.803,0.0,1.0
2017-08-17,0.821,0.821,0.0,1.0
2017-08-18,0.806,0.806,0.0,1.0
2017-08-21,0.825,0.825,0.0,1.0
2017-08-22,0.827,0.827,0.0,1.0
2017-08-23,0.81,0.81,0.0,1.0
2017-08-24,0.801,0.801,0.0,1.0
2017-08-25,0.826,0.826,0.0,1.0
2017-08-28,0.829,0.829,0.0,1.0
2017-08-29,0.836,0.836,0.0,1.0
2017-08-30,0.846,0.846,0.0,1.0
2017-08-31,0.853,0.853,0.0,1.0
2017-09-01,0.874,0.874,0.0,1.0
2017-09-04,0.88,0.88,0.0,1.0
2017-09-05,0.872,0.872,0.0,1.0
2017-09-06,0.882,0.882,0.0,1.0
2017-09-07,0.863,0.863,0.0,1.0
2017-09-08,0.868,0.868,0.0,1.0
2017-09-11,0.885,0.885,0.0,1.0
2017-09-12,0.882,0.882,0.0,1.0
2017-09-13,0.887,0.887,0.0,1.0
2017-09-14,0.877,0.877,0.0,1.0
2017-09-15,0.857,0.857,0.0,1.0
2017-09-18,0.861,0.861,0.0,1.0
2017-09-19,0.855,0.855,0.0,1.0
2017-09-20,0.869,0.869,0.0,1.0
2017-09-21,0.855,0.855,0.0,1.0
2017-09-22,0.846,0.846,0.0,1.0
2017-09-25,0.835,0.835,0.0,1.0
2017-09-26,0.838,0.838,0.0,1.0
2017-09-27,0.848,0.848,0.0,1.0
2017-09-28,0.84,0.84,0.0,1.0
2017-09-29,0.843,0.843,0.0,1.0
2017-10-09,0.85,0.85,0.0,1.0
2017-10-10,0.837,0.837,0.0,1.0
2017-10-11,0.832,0.832,0.0,1.0
2017-10-12,0.825,0.825,0.0,1.0
2017-10-13,0.827,0.827,0.0,1.0
2017-10-16,0.83,0.83,0.0,1.0
2017-10-17,0.82,0.82,0.0,1.0
2017-10-18,0.806,0.806,0.0,1.0
2017-10-19,0.807,0.807,0.0,1.0
2017-10-20,0.82,0.82,0.0,1.0
2017-10-23,0.815,0.815,0.0,1.0
2017-10-24,0.811,0.811,0.0,1.0
2017-10-25,0.814,0.814,0.0,1.0
2017-10-26,0.825,0.825,0.0,1.0
2017-10-27,0.817,0.817,0.0,1.0
2017-10-30,0.8,0.8,0.0,1.0
2017-10-31,0.809,0.809,0.0,1.0
2017-11-01,0.815,0.815,0.0,1.0
2017-11-02,0.808,0.808,0.0,1.0
2017-11-03,0.794,0.794,0.0,1.0
2017-11-06,0.804,0.804,0.0,1.0
2017-11-07,0.818,0.818,0.0,1.0
2017-11-08,0.814,0.814,0.0,1.0
2017-11-09,0.813,0.813,0.0,1.0
2017-11-10,0.808,0.808,0.0,1.0
2017-11-13,0.811,0.811,0.0,1.0
2017-11-14,0.808,0.808,0.0,1.0
2017-11-15,0.797,0.797,0.0,1.0
2017-11-16,0.791,0.791,0.0,1.0
2017-11-17,0.772,0.772,0.0,1.0
2017-11-20,0.775,0.775,0.0,1.0
2017-11-21,0.775,0.775,0.0,1.0
2017-11-22,0.78,0.78,0.0,1.0
2017-11-23,0.78,0.78,0.0,1.0
2017-11-24,0.796,0.796,0.0,1.0
2017-11-27,0.783,0.783,0.0,1.0
2017-11-28,0.793,0.793,0.0,1.0
2017-11-29,0.808,0.808,0.0,1.0
2017-11-30,0.806,0.806,0.0,1.0
2017-12-01,0.795,0.795,0.0,1.0
2017-12-04,0.802,0.802,0.0,1.0
2017-12-05,0.778,0.778,0.0,1.0
2017-12-06,0.78,0.78,0.0,1.0
2017-12-07,0.766,0.766,0.0,1.0
2017-12-08,0.776,0.776,0.0,1.0
2017-12-11,0.783,0.783,0.0,1.0
2017-12-12,0.784,0.784,0.0,1.0
2017-12-13,0.783,0.783,0.0,1.0
2017-12-14,0.782,0.782,0.0,1.0
2017-12-15,0.772,0.772,0.0,1.0
2017-12-18,0.782,0.782,0.0,1.0
2017-12-19,0.782,0.782,0.0,1.0
2017-12-20,0.773,0.773,0.0,1.0
2017-12-21,0.779,0.779,0.0,1.0
2017-12-22,0.789,0.789,0.0,1.0
2017-12-25,0.787,0.787,0.0,1.0
2017-12-26,0.791,0.791,0.0,1.0
2017-12-27,0.803,0.803,0.0,1.0
2017-12-28,0.821,0.821,0.0,1.0
2017-12-29,0.815,0.815,0.0,1.0
2018-01-02,0.828,0.828,0.0,1.0
2018-01-03,0.837,0.837,0.0,1.0
2018-01-04,0.85,0.85,0.0,1.0
2018-01-05,0.849,0.849,0.0,1.0
2018-01-08,0.866,0.866,0.0,1.0
2018-01-09,0.866,0.866,0.0,1.0
2018-01-10,0.871,0.871,0.0,1.0
2018-01-11,0.858,0.858,0.0,1.0
2018-01-12,0.855,0.855,0.0,1.0
2018-01-15,0.834,0.834,0.0,1.0
2018-01-16,0.838,0.838,0.0,1.0
2018-01-17,0.837,0.837,0.0,1.0
2018-01-18,0.832,0.832,0.0,1.0
2018-01-19,0.841,0.841,0.0,1.0
2018-01-22,0.85,0.85,0.0,1.0
2018-01-23,0.856,0.856,0.0,1.0
2018-01-24,0.856,0.856,0.0,1.0
2018-01-25,0.866,0.866,0.0,1.0
2018-01-26,0.86,0.86,0.0,1.0
2018-01-29,0.874,0.874,0.0,1.0
2018-01-30,0.86,0.86,0.0,1.0
2018-01-31,0.844,0.844,0.0,1.0
2018-02-01,0.837,0.837,0.0,1.0
2018-02-02,0.866,0.866,0.0,1.0
2018-02-05,0.866,0.866,0.0,1.0
2018-02-06,0.841,0.841,0.0,1.0
2018-02-07,0.83,0.83,0.0,1.0
2018-02-08,0.808,0.808,0.0,1.0
2018-02-09,0.753,0.753,0.0,1.0
2018-02-12,0.77,0.77,0.0,1.0
2018-02-13,0.779,0.779,0.0,1.0
2018-02-14,0.788,0.788,0.0,1.0
2018-02-22,0.807,0.807,0.0,1.0
2018-02-23,0.815,0.815,0.0,1.0
2018-02-26,0.822,0.822,0.0,1.0
2018-02-27,0.807,0.807,0.0,1.0
2018-02-28,0.796,0.796,0.0,1.0
2018-03-01,0.797,0.797,0.0,1.0
2018-03-02,0.795,0.795,0.0,1.0
2018-03-05,0.783,0.783,0.0,1.0
2018-03-06,0.801,0.801,0.0,1.0
2018-03-07,0.79,0.79,0.0,1.0
2018-03-08,0.792,0.792,0.0,1.0
2018-03-09,0.789,0.789,0.0,1.0
2018-03-12,0.805,0.805,0.0,1.0
2018-03-13,0.804,0.804,0.0,1.0
2018-03-14,0.803,0.803,0.0,1.0
2018-03-15,0.803,0.803,0.0,1.0
2018-03-16,0.793,0.793,0.0,1.0
2018-03-19,0.789,0.789,0.0,1.0
2018-03-20,0.783,0.783,0.0,1.0
2018-03-21,0.78,0.78,0.0,1.0
2018-03-22,0.782,0.782,0.0,1.0
2018-03-23,0.758,0.758,0.0,1.0
2018-03-26,0.758,0.758,0.0,1.0
2018-03-27,0.767,0.767,0.0,1.0
2018-03-28,0.756,0.756,0.0,1.0
2018-03-29,0.76,0.76,0.0,1.0
2018-03-30,0.757,0.757,0.0,1.0
2018-04-02,0.759,0.759,0.0,1.0
2018-04-03,0.752,0.752,0.0,1.0
2018-04-04,0.752,0.752,0.0,1.0
2018-04-09,0.749,0.749,0.0,1.0
2018-04-10,0.76,0.76,0.0,1.0
2018-04-11,0.771,0.771,0.0,1.0
2018-04-12,0.766,0.766,0.0,1.0
2018-04-13,0.765,0.765,0.0,1.0
2018-04-16,0.751,0.751,0.0,1.0
2018-04-17,0.739,0.739,0.0,1.0
2018-04-18,0.736,0.736,0.0,1.0
2018-04-19,0.756,0.756,0.0,1.0
2018-04-20,0.738,0.738,0.0,1.0
2018-04-23,0.735,0.735,0.0,1.0
2018-04-24,0.744,0.744,0.0,1.0
2018-04-25,0.742,0.742,0.0,1.0
2018-04-26,0.734,0.734,0.0,1.0
2018-04-27,0.73,0.73,0.0,1.0
2018-05-02,0.728,0.728,0.0,1.0
2018-05-03,0.724,0.724,0.0,1.0
2018-05-04,0.726,0.726,0.0,1.0
2018-05-07,0.737,0.737,0.0,1.0
2018-05-08,0.74,0.74,0.0,1.0
2018-05-09,0.741,0.741,0.0,1.0
2018-05-10,0.745,0.745,0.0,1.0
2018-05-11,0.755,0.755,0.0,1.0
2018-05-14,0.752,0.752,0.0,1.0
2018-05-15,0.754,0.754,0.0,1.0
2018-05-16,0.741,0.741,0.0,1.0
2018-05-17,0.741,0.741,0.0,1.0
2018-05-18,0.758,0.758,0.0,1.0
2018-05-21,0.758,0.758,0.0,1.0
2018-05-22,0.758,0.758,0.0,1.0
2018-05-23,0.742,0.742,0.0,1.0
2018-05-24,0.735,0.735,0.0,1.0
2018-05-25,0.735,0.735,0.0,1.0
2018-05-28,0.73,0.73,0.0,1.0
2018-05-29,0.724,0.724,0.0,1.0
2018-05-30,0.713,0.713,0.0,1.0
2018-05-31,0.712,0.712,0.0,1.0
2018-06-01,0.715,0.715,0.0,1.0
2018-06-04,0.709,0.709,0.0,1.0
2018-06-05,0.713,0.713,0.0,1.0
2018-06-06,0.72,0.72,0.0,1.0
2018-06-07,0.725,0.725,0.0,1.0
2018-06-08,0.72,0.72,0.0,1.0
2018-06-11,0.715,0.715,0.0,1.0
2018-06-12,0.715,0.715,0.0,1.0
2018-06-13,0.707,0.707,0.0,1.0
2018-06-14,0.72,0.72,0.0,1.0
2018-06-15,0.71,0.71,0.0,1.0
2018-06-19,0.676,0.676,0.0,1.0
2018-06-20,0.675,0.675,0.0,1.0
2018-06-21,0.663,0.663,0.0,1.0
2018-06-22,0.664,0.664,0.0,1.0
2018-06-25,0.669,0.669,0.0,1.0
2018-06-26,0.659,0.659,0.0,1.0
2018-06-27,0.661,0.661,0.0,1.0
2018-06-28,0.653,0.653,0.0,1.0
2018-06-29,0.664,0.664,0.0,1.0
2018-07-02,0.648,0.648,0.0,1.0
2018-07-03,0.653,0.653,0.0,1.0
2018-07-04,0.65,0.65,0.0,1.0
2018-07-05,0.648,0.648,0.0,1.0
2018-07-06,0.641,0.641,0.0,1.0
2018-07-09,0.649,0.649,0.0,1.0
2018-07-10,0.655,0.655,0.0,1.0
2018-07-11,0.644,0.644,0.0,1.0
2018-07-12,0.653,0.653,0.0,1.0
2018-07-13,0.652,0.652,0.0,1.0
2018-07-16,0.649,0.649,0.0,1.0
2018-07-17,0.648,0.648,0.0,1.0
2018-07-18,0.645,0.645,0.0,1.0
2018-07-19,0.64,0.64,0.0,1.0
2018-07-20,0.647,0.647,0.0,1.0
2018-07-23,0.669,0.669,0.0,1.0
2018-07-24,0.68,0.68,0.0,1.0
2018-07-25,0.674,0.674,0.0,1.0
2018-07-26,0.672,0.672,0.0,1.0
2018-07-27,0.672,0.672,0.0,1.0
2018-07-30,0.67,0.67,0.0,1.0
2018-07-31,0.669,0.669,0.0,1.0
2018-08-01,0.664,0.664,0.0,1.0
2018-08-02,0.637,0.637,0.0,1.0
2018-08-03,0.64,0.64,0.0,1.0
2018-08-06,0.623,0.623,0.0,1.0
2018-08-07,0.645,0.645,0.0,1.0
2018-08-08,0.641,0.641,0.0,1.0
2018-08-09,0.649,0.649,0.0,1.0
2018-08-10,0.647,0.647,0.0,1.0
2018-08-13,0.644,0.644,0.0,1.0
2018-08-14,0.642,0.642,0.0,1.0
2018-08-15,0.635,0.635,0.0,1.0
2018-08-16,0.625,0.625,0.0,1.0
2018-08-17,0.629,0.629,0.0,1.0
2018-08-20,0.632,0.632,0.0,1.0
2018-08-21,0.636,0.636,0.0,1.0
2018-08-22,0.632,0.632,0.0,1.0
2018-08-23,0.634,0.634,0.0,1.0
2018-08-24,0.645,0.645,0.0,1.0
2018-08-27,0.649,0.649,0.0,1.0
2018-08-28,0.65,0.65,0.0,1.0
2018-08-29,0.649,0.649,0.0,1.0
2018-08-30,0.646,0.646,0.0,1.0
2018-08-31,0.635,0.635,0.0,1.0
2018-09-03,0.634,0.634,0.0,1.0
2018-09-04,0.64,0.64,0.0,1.0
2018-09-05,0.636,0.636,0.0,1.0
2018-09-06,0.631,0.631,0.0,1.0
2018-09-07,0.633,0.633,0.0,1.0
2018-09-10,0.628,0.628,0.0,1.0
2018-09-11,0.634,0.634,0.0,1.0
2018-09-12,0.628,0.628,0.0,1.0
2018-09-13,0.627,0.627,0.0,1.0
2018-09-14,0.635,0.635,0.0,1.0
2018-09-17,0.628,0.628,0.0,1.0
2018-09-18,0.639,0.639,0.0,1.0
2018-09-19,0.639,0.639,0.0,1.0
2018-09-20,0.645,0.645,0.0,1.0
2018-09-21,0.648,0.648,0.0,1.0
2018-09-25,0.648,0.648,0.0,1.0
2018-09-26,0.655,0.655,0.0,1.0
2018-09-27,0.654,0.654,0.0,1.0
2018-09-28,0.656,0.656,0.0,1.0
2018-10-08,0.641,0.641,0.0,1.0
2018-10-09,0.652,0.652,0.0,1.0
2018-10-10,0.664,0.664,0.0,1.0
2018-10-11,0.641,0.641,0.0,1.0
2018-10-12,0.635,0.635,0.0,1.0
2018-10-15,0.633,0.633,0.0,1.0
2018-10-16,0.638,0.638,0.0,1.0
2018-10-17,0.618,0.618,0.0,1.0
2018-10-18,0.59,0.59,0.0,1.0
2018-10-19,0.59,0.59,0.0,1.0
2018-10-22,0.614,0.614,0.0,1.0
2018-10-23,0.599,0.599,0.0,1.0
2018-10-24,0.602,0.602,0.0,1.0
2018-10-25,0.606,0.606,0.0,1.0
2018-10-26,0.61,0.61,0.0,1.0
2018-10-29,0.602,0.602,0.0,1.0
2018-10-30,0.599,0.599,0.0,1.0
2018-10-31,0.61,0.61,0.0,1.0
2018-11-01,0.625,0.625,0.0,1.0
2018-11-02,0.63,0.63,0.0,1.0
2018-11-05,0.621,0.621,0.0,1.0
2018-11-06,0.62,0.62,0.0,1.0
2018-11-07,0.62,0.62,0.0,1.0
2018-11-08,0.615,0.615,0.0,1.0
2018-11-09,0.611,0.611,0.0,1.0
2018-11-12,0.616,0.616,0.0,1.0
2018-11-13,0.621,0.621,0.0,1.0
2018-11-14,0.61,0.61,0.0,1.0
2018-11-15,0.618,0.618,0.0,1.0
2018-11-16,0.616,0.616,0.0,1.0
2018-11-19,0.62,0.62,0.0,1.0
2018-11-20,0.607,0.607,0.0,1.0
2018-11-21,0.609,0.609,0.0,1.0
2018-11-22,0.605,0.605,0.0,1.0
2018-11-23,0.589,0.589,0.0,1.0
2018-11-26,0.586,0.586,0.0,1.0
2018-11-27,0.583,0.583,0.0,1.0
2018-11-28,0.586,0.586,0.0,1.0
2018-11-29,0.582,0.582,0.0,1.0
2018-11-30,0.588,0.588,0.0,1.0
2018-12-03,0.6,0.6,0.0,1.0
2018-12-04,0.601,0.601,0.0,1.0
2018-12-05,0.606,0.606,0.0,1.0
2018-12-06,0.594,0.594,0.0,1.0
2018-12-07,0.594,0.594,0.0,1.0
2018-12-10,0.594,0.594,0.0,1.0
2018-12-11,0.592,0.592,0.0,1.0
2018-12-12,0.596,0.596,0.0,1.0
2018-12-13,0.6,0.6,0.0,1.0
2018-12-14,0.594,0.594,0.0,1.0
2018-12-17,0.593,0.593,0.0,1.0
2018-12-18,0.59,0.59,0.0,1.0
2018-12-19,0.582,0.582,0.0,1.0
2018-12-20,0.581,0.581,0.0,1.0
2018-12-21,0.577,0.577,0.0,1.0
2018-12-24,0.573,0.573,0.0,1.0
2018-12-25,0.567,0.567,0.0,1.0
2018-12-26,0.561,0.561,0.0,1.0
2018-12-27,0.56,0.56,0.0,1.0
2018-12-28,0.551,0.551,0.0,1.0
2019-01-02,0.547,0.547,0.0,1.0
2019-01-03,0.549,0.549,0.0,1.0
2019-01-04,0.561,0.561,0.0,1.0
2019-01-07,0.569,0.569,0.0,1.0
2019-01-08,0.564,0.564,0.0,1.0
2019-01-09,0.567,0.567,0.0,1.0
2019-01-10,0.564,0.564,0.0,1.0
2019-01-11,0.568,0.568,0.0,1.0
2019-01-14,0.568,0.568,0.0,1.0
2019-01-15,0.572,0.572,0.0,1.0
2019-01-16,0.57,0.57,0.0,1.0
2019-01-17,0.573,0.573,0.0,1.0
2019-01-18,0.578,0.578,0.0,1.0
2019-01-21,0.582,0.582,0.0,1.0
2019-01-22,0.573,0.573,0.0,1.0
2019-01-23,0.574,0.574,0.0,1.0
2019-01-24,0.572,0.572,0.0,1.0
2019-01-25,0.57,0.57,0.0,1.0
2019-01-28,0.572,0.572,0.0,1.0
2019-01-29,0.566,0.566,0.0,1.0
2019-01-30,0.564,0.564,0.0,1.0
2019-01-31,0.561,0.561,0.0,1.0
2019-02-01,0.571,0.571,0.0,1.0
2019-02-11,0.58,0.58,0.0,1.0
2019-02-12,0.585,0.585,0.0,1.0
2019-02-13,0.593,0.593,0.0,1.0
2019-02-14,0.594,0.594,0.0,1.0
2019-02-15,0.599,0.599,0.0,1.0
2019-02-18,0.609,0.609,0.0,1.0
2019-02-19,0.607,0.607,0.0,1.0
2019-02-20,0.614,0.614,0.0,1.0
2019-02-21,0.612,0.612,0.0,1.0
2019-02-22,0.617,0.617,0.0,1.0
2019-02-25,0.66,0.66,0.0,1.0
2019-02-26,0.662,0.662,0.0,1.0
2019-02-27,0.652,0.652,0.0,1.0
2019-02-28,0.651,0.651,0.0,1.0
2019-03-01,0.658,0.658,0.0,1.0
2019-03-04,0.665,0.665,0.0,1.0
2019-03-05,0.665,0.665,0.0,1.0
2019-03-06,0.682,0.682,0.0,1.0
2019-03-07,0.689,0.689,0.0,1.0
2019-03-08,0.642,0.642,0.0,1.0
2019-03-11,0.661,0.661,0.0,1.0
2019-03-12,0.668,0.668,0.0,1.0
2019-03-13,0.658,0.658,0.0,1.0
2019-03-14,0.651,0.651,0.0,1.0
2019-03-15,0.661,0.661,0.0,1.0
2019-03-18,0.68,0.68,0.0,1.0
2019-03-19,0.679,0.679,0.0,1.0
2019-03-20,0.677,0.677,0.0,1.0
2019-03-21,0.677,0.677,0.0,1.0
2019-03-22,0.673,0.673,0.0,1.0
2019-03-25,0.658,0.658,0.0,1.0
2019-03-26,0.645,0.645,0.0,1.0
2019-03-27,0.647,0.647,0.0,1.0
2019-03-28,0.643,0.643,0.0,1.0
2019-03-29,0.654,0.654,0.0,1.0
2019-04-01,0.68,0.68,0.0,1.0
2019-04-02,0.691,0.691,0.0,1.0
2019-04-03,0.692,0.692,0.0,1.0
2019-04-04,0.703,0.703,0.0,1.0
2019-04-08,0.71,0.71,0.0,1.0
2019-04-09,0.701,0.701,0.0,1.0
2019-04-10,0.694,0.694,0.0,1.0
2019-04-11,0.681,0.681,0.0,1.0
2019-04-12,0.679,0.679,0.0,1.0
2019-04-15,0.677,0.677,0.0,1.0
2019-04-16,0.695,0.695,0.0,1.0
2019-04-17,0.688,0.688,0.0,1.0
2019-04-18,0.685,0.685,0.0,1.0
2019-04-19,0.693,0.693,0.0,1.0
2019-04-22,0.688,0.688,0.0,1.0
2019-04-23,0.672,0.672,0.0,1.0
2019-04-24,0.672,0.672,0.0,1.0
2019-04-25,0.657,0.657,0.0,1.0
2019-04-26,0.646,0.646,0.0,1.0
2019-04-29,0.621,0.621,0.0,1.0
2019-04-30,0.622,0.622,0.0,1.0
2019-05-06,0.586,0.586,0.0,1.0
2019-05-07,0.59,0.59,0.0,1.0
2019-05-08,0.59,0.59,0.0,1.0
2019-05-09,0.586,0.586,0.0,1.0
2019-05-10,0.597,0.597,0.0,1.0
2019-05-13,0.595,0.595,0.0,1.0
2019-05-14,0.591,0.591,0.0,1.0
2019-05-15,0.598,0.598,0.0,1.0
2019-05-16,0.616,0.616,0.0,1.0
2019-05-17,0.597,0.597,0.0,1.0
2019-05-20,0.598,0.598,0.0,1.0
2019-05-21,0.616,0.616,0.0,1.0
2019-05-22,0.608,0.608,0.0,1.0
2019-05-23,0.599,0.599,0.0,1.0
2019-05-24,0.594,0.594,0.0,1.0
2019-05-27,0.605,0.605,0.0,1.0
2019-05-28,0.605,0.605,0.0,1.0
2019-05-29,0.612,0.612,0.0,1.0
2019-05-30,0.616,0.616,0.0,1.0
2019-05-31,0.617,0.617,0.0,1.0
2019-06-03,0.609,0.609,0.0,1.0
2019-06-04,0.601,0.601,0.0,1.0
2019-06-05,0.607,0.607,0.0,1.0
2019-06-06,0.603,0.603,0.0,1.0
2019-06-10,0.604,0.604,0.0,1.0
2019-06-11,0.62,0.62,0.0,1.0
2019-06-12,0.626,0.626,0.0,1.0
2019-06-13,0.624,0.624,0.0,1.0
2019-06-14,0.614,0.614,0.0,1.0
2019-06-17,0.625,0.625,0.0,1.0
2019-06-18,0.62,0.62,0.0,1.0
2019-06-19,0.621,0.621,0.0,1.0
2019-06-20,0.628,0.628,0.0,1.0
2019-06-21,0.639,0.639,0.0,1.0
2019-06-24,0.642,0.642,0.0,1.0
2019-06-25,0.643,0.643,0.0,1.0
2019-06-26,0.637,0.637,0.0,1.0
2019-06-27,0.634,0.634,0.0,1.0
2019-06-28,0.635,0.635,0.0,1.0
2019-07-01,0.638,0.638,0.0,1.0
2019-07-02,0.641,0.641,0.0,1.0
2019-07-03,0.636,0.636,0.0,1.0
2019-07-04,0.63,0.63,0.0,1.0
2019-07-05,0.634,0.634,0.0,1.0
2019-07-08,0.612,0.612,0.0,1.0
2019-07-09,0.612,0.612,0.0,1.0
2019-07-10,0.603,0.603,0.0,1.0
2019-07-11,0.612,0.612,0.0,1.0
2019-07-12,0.609,0.609,0.0,1.0
2019-07-15,0.614,0.614,0.0,1.0
2019-07-16,0.613,0.613,0.0,1.0
2019-07-17,0.614,0.614,0.0,1.0
2019-07-18,0.612,0.612,0.0,1.0
2019-07-19,0.618,0.618,0.0,1.0
2019-07-22,0.606,0.606,0.0,1.0
2019-07-23,0.606,0.606,0.0,1.0
2019-07-24,0.611,0.611,0.0,1.0
2019-07-25,0.609,0.609,0.0,1.0
2019-07-26,0.607,0.607,0.0,1.0
2019-07-29,0.606,0.606,0.0,1.0
2019-07-30,0.61,0.61,0.0,1.0
2019-07-31,0.611,0.611,0.0,1.0
2019-08-01,0.607,0.607,0.0,1.0
2019-08-02,0.606,0.606,0.0,1.0
2019-08-05,0.605,0.605,0.0,1.0
2019-08-06,0.592,0.592,0.0,1.0
2019-08-07,0.609,0.609,0.0,1.0
2019-08-08,0.605,0.605,0.0,1.0
2019-08-09,0.602,0.602,0.0,1.0
2019-08-12,0.597,0.597,0.0,1.0
2019-08-13,0.599,0.599,0.0,1.0
2019-08-14,0.601,0.601,0.0,1.0
2019-08-15,0.598,0.598,0.0,1.0
2019-08-16,0.6,0.6,0.0,1.0
2019-08-19,0.609,0.609,0.0,1.0
2019-08-20,0.611,0.611,0.0,1.0
2019-08-21,0.608,0.608,0.0,1.0
2019-08-22,0.607,0.607,0.0,1.0
2019-08-23,0.605,0.605,0.0,1.0
2019-08-26,0.604,0.604,0.0,1.0
2019-08-27,0.612,0.612,0.0,1.0
2019-08-28,0.611,0.611,0.0,1.0
2019-08-29,0.61,0.61,0.0,1.0
2019-08-30,0.608,0.608,0.0,1.0
2019-09-02,0.616,0.616,0.0,1.0
2019-09-03,0.616,0.616,0.0,1.0
2019-09-04,0.626,0.626,0.0,1.0
2019-09-05,0.629,0.629,0.0,1.0
2019-09-06,0.626,0.626,0.0,1.0
2019-09-09,0.633,0.633,0.0,1.0
2019-09-10,0.631,0.631,0.0,1.0
2019-09-11,0.631,0.631,0.0,1.0
2019-09-12,0.629,0.629,0.0,1.0
2019-09-16,0.637,0.637,0.0,1.0
2019-09-17,0.625,0.625,0.0,1.0
2019-09-18,0.621,0.621,0.0,1.0
2019-09-19,0.626,0.626,0.0,1.0
2019-09-20,0.625,0.625,0.0,1.0
2019-09-23,0.618,0.618,0.0,1.0
2019-09-24,0.622,0.622,0.0,1.0
2019-09-25,0.616,0.616,0.0,1.0
2019-09-26,0.601,0.601,0.0,1.0
2019-09-27,0.601,0.601,0.0,1.0
2019-09-30,0.6,0.6,0.0,1.0
2019-10-08,0.595,0.595,0.0,1.0
2019-10-09,0.6,0.6,0.0,1.0
2019-10-10,0.603,0.603,0.0,1.0
2019-10-11,0.605,0.605,0.0,1.0
2019-10-14,0.606,0.606,0.0,1.0
2019-10-15,0.599,0.599,0.0,1.0
2019-10-16,0.594,0.594,0.0,1.0
2019-10-17,0.592,0.592,0.0,1.0
2019-10-18,0.583,0.583,0.0,1.0
2019-10-21,0.583,0.583,0.0,1.0
2019-10-22,0.585,0.585,0.0,1.0
2019-10-23,0.582,0.582,0.0,1.0
2019-10-24,0.581,0.581,0.0,1.0
2019-10-25,0.584,0.584,0.0,1.0
2019-10-28,0.591,0.591,0.0,1.0
2019-10-29,0.583,0.583,0.0,1.0
2019-10-30,0.579,0.579,0.0,1.0
2019-10-31,0.577,0.577,0.0,1.0
2019-11-01,0.581,0.581,0.0,1.0
2019-11-04,0.582,0.582,0.0,1.0
2019-11-05,0.585,0.585,0.0,1.0
2019-11-06,0.585,0.585,0.0,1.0
2019-11-07,0.584,0.584,0.0,1.0
2019-11-08,0.58,0.58,0.0,1.0
2019-11-11,0.568,0.568,0.0,1.0
2019-11-12,0.567,0.567,0.0,1.0
2019-11-13,0.566,0.566,0.0,1.0
2019-11-14,0.564,0.564,0.0,1.0
2019-11-15,0.56,0.56,0.0,1.0
2019-11-18,0.563,0.563,0.0,1.0
2019-11-19,0.571,0.571,0.0,1.0
2019-11-20,0.572,0.572,0.0,1.0
2019-11-21,0.572,0.572,0.0,1.0
2019-11-22,0.575,0.575,0.0,1.0
2019-11-25,0.588,0.588,0.0,1.0
2019-11-26,0.586,0.586,0.0,1.0
2019-11-27,0.587,0.587,0.0,1.0
2019-11-28,0.582,0.582,0.0,1.0
2019-11-29,0.581,0.581,0.0,1.0
2019-12-02,0.576,0.576,0.0,1.0
2019-12-03,0.58,0.58,0.0,1.0
2019-12-04,0.587,0.587,0.0,1.0
2019-12-05,0.587,0.587,0.0,1.0
2019-12-06,0.588,0.588,0.0,1.0
2019-12-09,0.591,0.591,0.0,1.0
2019-12-10,0.593,0.593,0.0,1.0
2019-12-11,0.59,0.59,0.0,1.0
2019-12-12,0.589,0.589,0.0,1.0
2019-12-13,0.593,0.593,0.0,1.0
2019-12-16,0.598,0.598,0.0,1.0
2019-12-17,0.608,0.608,0.0,1.0
2019-12-18,0.607,0.607,0.0,1.0
2019-12-19,0.61,0.61,0.0,1.0
2019-12-20,0.603,0.603,0.0,1.0
2019-12-23,0.596,0.596,0.0,1.0
2019-12-24,0.615,0.615,0.0,1.0
2019-12-25,0.614,0.614,0.0,1.0
2019-12-26,0.618,0.618,0.0,1.0
2019-12-27,0.633,0.633,0.0,1.0
2019-12-30,0.639,0.639,0.0,1.0
2019-12-31,0.64,0.64,0.0,1.0
2020-01-02,0.646,0.646,0.0,1.0
2020-01-03,0.657,0.657,0.0,1.0
2020-01-06,0.676,0.676,0.0,1.0
2020-01-07,0.667,0.667,0.0,1.0
2020-01-08,0.664,0.664,0.0,1.0
2020-01-09,0.657,0.657,0.0,1.0
2020-01-10,0.651,0.651,0.0,1.0
2020-01-13,0.653,0.653,0.0,1.0
2020-01-14,0.658,0.658,0.0,1.0
2020-01-15,0.648,0.648,0.0,1.0
2020-01-16,0.643,0.643,0.0,1.0
2020-01-17,0.644,0.644,0.0,1.0
2020-01-20,0.643,0.643,0.0,1.0
2020-01-21,0.631,0.631,0.0,1.0
2020-01-22,0.632,0.632,0.0,1.0
2020-01-23,0.614,0.614,0.0,1.0
2020-02-03,0.553,0.553,0.0,1.0
2020-02-04,0.56,0.56,0.0,1.0
2020-02-05,0.571,0.571,0.0,1.0
2020-02-06,0.576,0.576,0.0,1.0
2020-02-07,0.574,0.574,0.0,1.0
2020-02-10,0.585,0.585,0.0,1.0
2020-02-11,0.591,0.591,0.0,1.0
2020-02-12,0.604,0.604,0.0,1.0
2020-02-13,0.606,0.606,0.0,1.0
2020-02-14,0.616,0.616,0.0,1.0
2020-02-17,0.629,0.629,0.0,1.0
2020-02-18,0.628,0.628,0.0,1.0
2020-02-19,0.613,0.613,0.0,1.0
2020-02-20,0.621,0.621,0.0,1.0
2020-02-21,0.628,0.628,0.0,1.0
2020-02-24,0.621,0.621,0.0,1.0
2020-02-25,0.614,0.614,0.0,1.0
2020-02-26,0.604,0.604,0.0,1.0
2020-02-27,0.604,0.604,0.0,1.0
2020-02-28,0.575,0.575,0.0,1.0
2020-03-02,0.592,0.592,0.0,1.0
2020-03-03,0.596,0.596,0.0,1.0
2020-03-04,0.601,0.601,0.0,1.0
2020-03-05,0.609,0.609,0.0,1.0
2020-03-06,0.604,0.604,0.0,1.0
2020-03-09,0.584,0.584,0.0,1.0
2020-03-10,0.589,0.589,0.0,1.0
2020-03-11,0.582,0.582,0.0,1.0
2020-03-12,0.568,0.568,0.0,1.0
2020-03-13,0.56,0.56,0.0,1.0
2020-03-16,0.547,0.547,0.0,1.0
2020-03-17,0.542,0.542,0.0,1.0
2020-03-18,0.535,0.535,0.0,1.0
2020-03-19,0.526,0.526,0.0,1.0
2020-03-20,0.535,0.535,0.0,1.0
2020-03-23,0.522,0.522,0.0,1.0
2020-03-24,0.54,0.54,0.0,1.0
2020-03-25,0.548,0.548,0.0,1.0
2020-03-26,0.543,0.543,0.0,1.0
2020-03-27,0.541,0.541,0.0,1.0
2020-03-30,0.536,0.536,0.0,1.0
2020-03-31,0.539,0.539,0.0,1.0
2020-04-01,0.54,0.54,0.0,1.0
2020-04-02,0.547,0.547,0.0,1.0
2020-04-03,0.545,0.545,0.0,1.0
2020-04-07,0.558,0.558,0.0,1.0
2020-04-08,0.558,0.558,0.0,1.0
2020-04-09,0.557,0.557,0.0,1.0
2020-04-10,0.551,0.551,0.0,1.0
2020-04-13,0.55,0.55,0.0,1.0
2020-04-14,0.562,0.562,0.0,1.0
2020-04-15,0.557,0.557,0.0,1.0
2020-04-16,0.557,0.557,0.0,1.0
2020-04-17,0.554,0.554,0.0,1.0
2020-04-20,0.553,0.553,0.0,1.0
2020-04-21,0.545,0.545,0.0,1.0
2020-04-22,0.546,0.546,0.0,1.0
2020-04-23,0.551,0.551,0.0,1.0
2020-04-24,0.544,0.544,0.0,1.0
2020-04-27,0.54,0.54,0.0,1.0
2020-04-28,0.529,0.529,0.0,1.0
2020-04-29,0.531,0.531,0.0,1.0
2020-04-30,0.542,0.542,0.0,1.0
2020-05-06,0.551,0.551,0.0,1.0
2020-05-07,0.546,0.546,0.0,1.0
2020-05-08,0.551,0.551,0.0,1.0
2020-05-11,0.548,0.548,0.0,1.0
2020-05-12,0.544,0.544,0.0,1.0
2020-05-13,0.543,0.543,0.0,1.0
2020-05-14,0.54,0.54,0.0,1.0
2020-05-15,0.544,0.544,0.0,1.0
2020-05-18,0.558,0.558,0.0,1.0
2020-05-19,0.558,0.558,0.0,1.0
2020-05-20,0.555,0.555,0.0,1.0
2020-05-21,0.551,0.551,0.0,1.0
2020-05-22,0.539,0.539,0.0,1.0
2020-05-25,0.537,0.537,0.0,1.0
2020-05-26,0.542,0.542,0.0,1.0
2020-05-27,0.541,0.541,0.0,1.0
2020-05-28,0.545,0.545,0.0,1.0
2020-05-29,0.545,0.545,0.0,1.0
2020-06-01,0.554,0.554,0.0,1.0
2020-06-02,0.553,0.553,0.0,1.0
2020-06-03,0.55,0.55,0.0,1.0
2020-06-04,0.549,0.549,0.0,1.0
2020-06-05,0.549,0.549,0.0,1.0
2020-06-08,0.555,0.555,0.0,1.0
2020-06-09,0.555,0.555,0.0,1.0
2020-06-10,0.552,0.552,0.0,1.0
2020-06-11,0.547,0.547,0.0,1.0
2020-06-12,0.544,0.544,0.0,1.0
2020-06-15,0.54,0.54,0.0,1.0
2020-06-16,0.549,0.549,0.0,1.0
2020-06-17,0.552,0.552,0.0,1.0
2020-06-18,0.556,0.556,0.0,1.0
2020-06-19,0.558,0.558,0.0,1.0
2020-06-22,0.558,0.558,0.0,1.0
2020-06-23,0.555,0.555,0.0,1.0
2020-06-24,0.554,0.554,0.0,1.0
2020-06-29,0.552,0.552,0.0,1.0
2020-06-30,0.556,0.556,0.0,1.0
2020-07-01,0.567,0.567,0.0,1.0
2020-07-02,0.577,0.577,0.0,1.0
2020-07-03,0.59,0.59,0.0,1.0
2020-07-06,0.64,0.64,0.0,1.0
2020-07-07,0.628,0.628,0.0,1.0
2020-07-08,0.656,0.656,0.0,1.0
2020-07-09,0.671,0.671,0.0,1.0
2020-07-10,0.641,0.641,0.0,1.0
2020-07-13,0.67,0.67,0.0,1.0
2020-07-14,0.659,0.659,0.0,1.0
2020-07-15,0.64,0.64,0.0,1.0
2020-07-16,0.615,0.615,0.0,1.0
2020-07-17,0.615,0.615,0.0,1.0
2020-07-20,0.649,0.649,0.0,1.0
2020-07-21,0.645,0.645,0.0,1.0
2020-07-22,0.652,0.652,0.0,1.0
2020-07-23,0.653,0.653,0.0,1.0
2020-07-24,0.638,0.638,0.0,1.0
2020-07-27,0.652,0.652,0.0,1.0
2020-07-28,0.649,0.649,0.0,1.0
2020-07-29,0.659,0.659,0.0,1.0
2020-07-30,0.653,0.653,0.0,1.0
2020-07-31,0.655,0.655,0.0,1.0
2020-08-03,0.667,0.667,0.0,1.0
2020-08-04,0.668,0.668,0.0,1.0
2020-08-05,0.686,0.686,0.0,1.0
2020-08-06,0.695,0.695,0.0,1.0
2020-08-07,0.689,0.689,0.0,1.0
2020-08-10,0.676,0.676,0.0,1.0
2020-08-11,0.662,0.662,0.0,1.0
2020-08-12,0.652,0.652,0.0,1.0
2020-08-13,0.654,0.654,0.0,1.0
2020-08-14,0.657,0.657,0.0,1.0
2020-08-17,0.675,0.675,0.0,1.0
2020-08-18,0.685,0.685,0.0,1.0
2020-08-19,0.679,0.679,0.0,1.0
2020-08-20,0.667,0.667,0.0,1.0
2020-08-21,0.667,0.667,0.0,1.0
2020-08-24,0.672,0.672,0.0,1.0
2020-08-25,0.66,0.66,0.0,1.0
2020-08-26,0.65,0.65,0.0,1.0
2020-08-27,0.654,0.654,0.0,1.0
2020-08-28,0.662,0.662,0.0,1.0
2020-08-31,0.667,0.667,0.0,1.0
2020-09-01,0.675,0.675,0.0,1.0
2020-09-02,0.665,0.665,0.0,1.0
2020-09-03,0.657,0.657,0.0,1.0
2020-09-04,0.655,0.655,0.0,1.0
2020-09-07,0.65,0.65,0.0,1.0
2020-09-08,0.655,0.655,0.0,1.0
2020-09-09,0.648,0.648,0.0,1.0
2020-09-10,0.641,0.641,0.0,1.0
2020-09-11,0.641,0.641,0.0,1.0
2020-09-14,0.646,0.646,0.0,1.0
2020-09-15,0.65,0.65,0.0,1.0
2020-09-16,0.647,0.647,0.0,1.0
2020-09-17,0.641,0.641,0.0,1.0
2020-09-18,0.656,0.656,0.0,1.0
2020-09-21,0.654,0.654,0.0,1.0
2020-09-22,0.641,0.641,0.0,1.0
2020-09-23,0.638,0.638,0.0,1.0
2020-09-24,0.62,0.62,0.0,1.0
2020-09-25,0.621,0.621,0.0,1.0
2020-09-28,0.621,0.621,0.0,1.0
2020-09-29,0.621,0.621,0.0,1.0
2020-09-30,0.617,0.617,0.0,1.0
2020-10-09,0.631,0.631,0.0,1.0
2020-10-12,0.647,0.647,0.0,1.0
2020-10-13,0.645,0.645,0.0,1.0
2020-10-14,0.639,0.639,0.0,1.0
2020-10-15,0.639,0.639,0.0,1.0
2020-10-16,0.642,0.642,0.0,1.0
2020-10-19,0.642,0.642,0.0,1.0
2020-10-20,0.642,0.642,0.0,1.0
2020-10-21,0.639,0.639,0.0,1.0
2020-10-22,0.636,0.636,0.0,1.0
2020-10-23,0.631,0.631,0.0,1.0
2020-10-26,0.63,0.63,0.0,1.0
2020-10-27,0.63,0.63,0.0,1.0
2020-10-28,0.636,0.636,0.0,1.0
2020-10-29,0.633,0.633,0.0,1.0
2020-10-30,0.624,0.624,0.0,1.0
2020-11-02,0.631,0.631,0.0,1.0
2020-11-03,0.652,0.652,0.0,1.0
2020-11-04,0.653,0.653,0.0,1.0
2020-11-05,0.659,0.659,0.0,1.0
2020-11-06,0.666,0.666,0.0,1.0
2020-11-09,0.685,0.685,0.0,1.0
2020-11-10,0.675,0.675,0.0,1.0
2020-11-11,0.677,0.677,0.0,1.0
2020-11-12,0.677,0.677,0.0,1.0
2020-11-13,0.68,0.68,0.0,1.0
2020-11-16,0.706,0.706,0.0,1.0
2020-11-17,0.697,0.697,0.0,1.0
2020-11-18,0.706,0.706,0.0,1.0
2020-11-19,0.698,0.698,0.0,1.0
2020-11-20,0.715,0.715,0.0,1.0
2020-11-23,0.744,0.744,0.0,1.0
2020-11-24,0.749,0.749,0.0,1.0
2020-11-25,0.736,0.736,0.0,1.0
2020-11-26,0.733,0.733,0.0,1.0
2020-11-27,0.734,0.734,0.0,1.0
2020-11-30,0.741,0.741,0.0,1.0
2020-12-01,0.745,0.745,0.0,1.0
2020-12-02,0.747,0.747,0.0,1.0
2020-12-03,0.726,0.726,0.0,1.0
2020-12-04,0.735,0.735,0.0,1.0
2020-12-07,0.726,0.726,0.0,1.0
2020-12-08,0.724,0.724,0.0,1.0
2020-12-09,0.715,0.715,0.0,1.0
2020-12-10,0.713,0.713,0.0,1.0
2020-12-11,0.707,0.707,0.0,1.0
2020-12-14,0.7,0.7,0.0,1.0
2020-12-15,0.7,0.7,0.0,1.0
2020-12-16,0.697,0.697,0.0,1.0
2020-12-17,0.727,0.727,0.0,1.0
2020-12-18,0.737,0.737,0.0,1.0
2020-12-21,0.75,0.75,0.0,1.0
2020-12-22,0.719,0.719,0.0,1.0
2020-12-23,0.727,0.727,0.0,1.0
2020-12-24,0.727,0.727,0.0,1.0
2020-12-25,0.753,0.753,0.0,1.0
2020-12-28,0.768,0.768,0.0,1.0
2020-12-29,0.73,0.73,0.0,1.0
2020-12-30,0.743,0.743,0.0,1.0
2020-12-31,0.755,0.755,0.0,1.0
2021-01-04,0.783,0.783,0.0,1.0
2021-01-05,0.78,0.78,0.0,1.0
2021-01-06,0.793,0.793,0.0,1.0
2021-01-07,0.817,0.817,0.0,1.0
2021-01-08,0.818,0.818,0.0,1.0
2021-01-11,0.784,0.784,0.0,1.0
2021-01-12,0.793,0.793,0.0,1.0
2021-01-13,0.785,0.785,0.0,1.0
2021-01-14,0.775,0.775,0.0,1.0
2021-01-15,0.777,0.777,0.0,1.0
2021-01-18,0.786,0.786,0.0,1.0
2021-01-19,0.77,0.77,0.0,1.0
2021-01-20,0.787,0.787,0.0,1.0
2021-01-21,0.81,0.81,0.0,1.0
2021-01-22,0.808,0.808,0.0,1.0
2021-01-25,0.815,0.815,0.0,1.0
2021-01-26,0.804,0.804,0.0,1.0
2021-01-27,0.802,0.802,0.0,1.0
2021-01-28,0.777,0.777,0.0,1.0
2021-01-29,0.77,0.77,0.0,1.0
2021-02-01,0.774,0.774,0.0,1.0
2021-02-02,0.785,0.785,0.0,1.0
2021-02-03,0.796,0.796,0.0,1.0
2021-02-04,0.779,0.779,0.0,1.0
2021-02-05,0.748,0.748,0.0,1.0
2021-02-08,0.77,0.77,0.0,1.0
2021-02-09,0.802,0.802,0.0,1.0
2021-02-10,0.819,0.819,0.0,1.0
2021-02-18,0.89,0.89,0.0,1.0
2021-02-19,0.896,0.896,0.0,1.0
2021-02-22,0.933,0.933,0.0,1.0
2021-02-23,0.926,0.926,0.0,1.0
2021-02-24,0.892,0.892,0.0,1.0
2021-02-25,0.888,0.888,0.0,1.0
2021-02-26,0.856,0.856,0.0,1.0
2021-03-01,0.883,0.883,0.0,1.0
2021-03-02,0.856,0.856,0.0,1.0
2021-03-03,0.89,0.89,0.0,1.0
2021-03-04,0.863,0.863,0.0,1.0
2021-03-05,0.837,0.837,0.0,1.0
2021-03-08,0.825,0.825,0.0,1.0
2021-03-09,0.805,0.805,0.0,1.0
2021-03-10,0.804,0.804,0.0,1.0
2021-03-11,0.846,0.846,0.0,1.0
2021-03-12,0.839,0.839,0.0,1.0
2021-03-15,0.849,0.849,0.0,1.0
2021-03-16,0.83,0.83,0.0,1.0
2021-03-17,0.83,0.83,0.0,1.0
2021-03-18,0.829,0.829,0.0,1.0
2021-03-19,0.81,0.81,0.0,1.0
2021-03-22,0.813,0.813,0.0,1.0
2021-03-23,0.785,0.785,0.0,1.0
2021-03-24,0.754,0.754,0.0,1.0
2021-03-25,0.764,0.764,0.0,1.0
2021-03-26,0.779,0.779,0.0,1.0
2021-03-29,0.788,0.788,0.0,1.0
2021-03-30,0.796,0.796,0.0,1.0
2021-03-31,0.786,0.786,0.0,1.0
2021-04-01,0.789,0.789,0.0,1.0
2021-04-02,0.789,0.789,0.0,1.0
2021-04-06,0.793,0.793,0.0,1.0
2021-04-07,0.803,0.803,0.0,1.0
2021-04-08,0.81,0.81,0.0,1.0
2021-04-09,0.813,0.813,0.0,1.0
2021-04-12,0.793,0.793,0.0,1.0
2021-04-13,0.785,0.785,0.0,1.0
2021-04-14,0.796,0.796,0.0,1.0
2021-04-15,0.808,0.808,0.0,1.0
2021-04-16,0.807,0.807,0.0,1.0
2021-04-19,0.824,0.824,0.0,1.0
2021-04-20,0.822,0.822,0.0,1.0
2021-04-21,0.819,0.819,0.0,1.0
2021-04-22,0.821,0.821,0.0,1.0
2021-04-23,0.822,0.822,0.0,1.0
2021-04-26,0.829,0.829,0.0,1.0
2021-04-27,0.827,0.827,0.0,1.0
2021-04-28,0.832,0.832,0.0,1.0
2021-04-29,0.838,0.838,0.0,1.0
2021-04-30,0.83,0.83,0.0,1.0
2021-05-06,0.857,0.857,0.0,1.0
2021-05-07,0.885,0.885,0.0,1.0
2021-05-10,0.933,0.933,0.0,1.0
2021-05-11,0.896,0.896,0.0,1.0
2021-05-12,0.905,0.905,0.0,1.0
2021-05-13,0.862,0.862,0.0,1.0
2021-05-14,0.86,0.86,0.0,1.0
2021-05-17,0.876,0.876,0.0,1.0
2021-05-18,0.888,0.888,0.0,1.0
2021-05-19,0.881,0.881,0.0,1.0
2021-05-20,0.854,0.854,0.0,1.0
2021-05-21,0.86,0.86,0.0,1.0
2021-05-24,0.853,0.853,0.0,1.0
2021-05-25,0.863,0.863,0.0,1.0
2021-05-26,0.871,0.871,0.0,1.0
2021-05-27,0.872,0.872,0.0,1.0
2021-05-28,0.877,0.877,0.0,1.0
2021-05-31,0.887,0.887,0.0,1.0
2021-06-01,0.897,0.897,0.0,1.0
2021-06-02,0.887,0.887,0.0,1.0
2021-06-03,0.897,0.897,0.0,1.0
2021-06-04,0.889,0.889,0.0,1.0
2021-06-07,0.888,0.888,0.0,1.0
2021-06-08,0.877,0.877,0.0,1.0
2021-06-09,0.888,0.888,0.0,1.0
2021-06-10,0.887,0.887,0.0,1.0
2021-06-11,0.893,0.893,0.0,1.0
2021-06-15,0.874,0.874,0.0,1.0
2021-06-16,0.857,0.857,0.0,1.0
2021-06-17,0.857,0.857,0.0,1.0
2021-06-18,0.856,0.856,0.0,1.0
2021-06-21,0.85,0.85,0.0,1.0
2021-06-22,0.863,0.863,0.0,1.0
2021-06-23,0.872,0.872,0.0,1.0
2021-06-24,0.872,0.872,0.0,1.0
2021-06-25,0.89,0.89,0.0,1.0
2021-06-28,0.875,0.875,0.0,1.0
2021-06-29,0.865,0.865,0.0,1.0
2021-06-30,0.875,0.875,0.0,1.0
2021-07-01,0.863,0.863,0.0,1.0
2021-07-02,0.865,0.865,0.0,1.0
2021-07-05,0.892,0.892,0.0,1.0
2021-07-06,0.9,0.9,0.0,1.0
2021-07-07,0.913,0.913,0.0,1.0
2021-07-08,0.904,0.904,0.0,1.0
2021-07-09,0.949,0.949,0.0,1.0
2021-07-12,0.96,0.96,0.0,1.0
2021-07-13,0.965,0.965,0.0,1.0
2021-07-14,0.952,0.952,0.0,1.0
2021-07-15,0.975,0.975,0.0,1.0
2021-07-16,0.979,0.979,0.0,1.0
2021-07-19,0.976,0.976,0.0,1.0
2021-07-20,0.976,0.976,0.0,1.0
2021-07-21,0.999,0.999,0.0,1.0
2021-07-22,1.018,1.018,0.0,1.0
2021-07-23,1.023,1.023,0.0,1.0
2021-07-26,1.022,1.022,0.0,1.0
2021-07-27,1.001,1.001,0.0,1.0
2021-07-28,0.967,0.967,0.0,1.0
2021-07-29,1.012,1.012,0.0,1.0
2021-07-30,1.033,1.033,0.0,1.0
2021-08-02,1.03,1.03,0.0,1.0
2021-08-03,0.987,0.987,0.0,1.0
2021-08-04,1.028,1.028,0.0,1.0
2021-08-05,1.022,1.022,0.0,1.0
2021-08-06,1.05,1.05,0.0,1.0
2021-08-09,1.04,1.04,0.0,1.0
2021-08-10,1.031,1.031,0.0,1.0
2021-08-11,1.052,1.052,0.0,1.0
2021-08-12,1.075,1.075,0.0,1.0
2021-08-13,1.084,1.084,0.0,1.0
2021-08-16,1.056,1.056,0.0,1.0
2021-08-17,1.035,1.035,0.0,1.0
2021-08-18,1.037,1.037,0.0,1.0
2021-08-19,1.033,1.033,0.0,1.0
2021-08-20,1.032,1.032,0.0,1.0
2021-08-23,1.06,1.06,0.0,1.0
2021-08-24,1.084,1.084,0.0,1.0
2021-08-25,1.115,1.115,0.0,1.0
2021-08-26,1.136,1.136,0.0,1.0
2021-08-27,1.153,1.153,0.0,1.0
2021-08-30,1.187,1.187,0.0,1.0
2021-08-31,1.238,1.238,0.0,1.0
2021-09-01,1.17,1.17,0.0,1.0
2021-09-02,1.207,1.207,0.0,1.0
2021-09-03,1.175,1.175,0.0,1.0
2021-09-06,1.187,1.187,0.0,1.0
2021-09-07,1.23,1.23,0.0,1.0
2021-09-08,1.237,1.237,0.0,1.0
2021-09-09,1.288,1.288,0.0,1.0
2021-09-10,1.294,1.294,0.0,1.0
2021-09-13,1.35,1.35,0.0,1.0
2021-09-14,1.322,1.322,0.0,1.0
2021-09-15,1.315,1.315,0.0,1.0
2021-09-16,1.287,1.287,0.0,1.0
2021-09-17,1.242,1.242,0.0,1.0
2021-09-22,1.268,1.268,0.0,1.0
2021-09-23,1.253,1.253,0.0,1.0
2021-09-24,1.203,1.203,0.0,1.0
2021-09-27,1.154,1.154,0.0,1.0
2021-09-28,1.173,1.173,0.0,1.0
2021-09-29,1.12,1.12,0.0,1.0
2021-09-30,1.137,1.137,0.0,1.0
2021-10-08,1.132,1.132,0.0,1.0
2021-10-11,1.145,1.145,0.0,1.0
2021-10-12,1.115,1.115,0.0,1.0
2021-10-13,1.097,1.097,0.0,1.0
2021-10-14,1.114,1.114,0.0,1.0
2021-10-15,1.136,1.136,0.0,1.0
2021-10-18,1.172,1.172,0.0,1.0
2021-10-19,1.173,1.173,0.0,1.0
2021-10-20,1.146,1.146,0.0,1.0
2021-10-21,1.172,1.172,0.0,1.0
2021-10-22,1.13,1.13,0.0,1.0
2021-10-25,1.149,1.149,0.0,1.0
2021-10-26,1.153,1.153,0.0,1.0
2021-10-27,1.133,1.133,0.0,1.0
2021-10-28,1.079,1.079,0.0,1.0
2021-10-29,1.079,1.079,0.0,1.0
2021-11-01,1.07,1.07,0.0,1.0
2021-11-02,1.051,1.051,0.0,1.0
2021-11-03,1.062,1.062,0.0,1.0
2021-11-04,1.06,1.06,0.0,1.0
2021-11-05,1.035,1.035,0.0,1.0
2021-11-08,1.063,1.063,0.0,1.0
2021-11-09,1.061,1.061,0.0,1.0
2021-11-10,1.052,1.052,0.0,1.0
2021-11-11,1.056,1.056,0.0,1.0
2021-11-12,1.055,1.055,0.0,1.0
2021-11-15,1.036,1.036,0.0,1.0
2021-11-16,1.021,1.021,0.0,1.0
2021-11-17,1.036,1.036,0.0,1.0
2021-11-18,1.046,1.046,0.0,1.0
2021-11-19,1.06,1.06,0.0,1.0
2021-11-22,1.08,1.08,0.0,1.0
2021-11-23,1.085,1.085,0.0,1.0
2021-11-24,1.102,1.102,0.0,1.0
2021-11-25,1.097,1.097,0.0,1.0
2021-11-26,1.097,1.097,0.0,1.0
2021-11-29,1.093,1.093,0.0,1.0
2021-11-30,1.084,1.084,0.0,1.0
2021-12-01,1.093,1.093,0.0,1.0
2021-12-02,1.095,1.095,0.0,1.0
2021-12-03,1.11,1.11,0.0,1.0
2021-12-06,1.102,1.102,0.0,1.0
2021-12-07,1.099,1.099,0.0,1.0
2021-12-08,1.109,1.109,0.0,1.0
2021-12-09,1.107,1.107,0.0,1.0
2021-12-10,1.105,1.105,0.0,1.0
2021-12-13,1.111,1.111,0.0,1.0
2021-12-14,1.084,1.084,0.0,1.0
2021-12-15,1.078,1.078,0.0,1.0
2021-12-16,1.109,1.109,0.0,1.0
2021-12-17,1.099,1.099,0.0,1.0
2021-12-20,1.073,1.073,0.0,1.0
2021-12-21,1.08,1.08,0.0,1.0
2021-12-22,1.079,1.079,0.0,1.0
2021-12-23,1.093,1.093,0.0,1.0
2021-12-24,1.069,1.069,0.0,1.0
2021-12-27,1.061,1.061,0.0,1.0
2021-12-28,1.068,1.068,0.0,1.0
2021-12-29,1.061,1.061,0.0,1.0
2021-12-30,1.062,1.062,0.0,1.0
2021-12-31,1.07,1.07,0.0,1.0
2022-01-04,1.068,1.068,0.0,1.0
2022-01-05,1.05,1.05,0.0,1.0
2022-01-06,1.052,1.052,0.0,1.0
2022-01-07,1.049,1.049,0.0,1.0
2022-01-10,1.057,1.057,0.0,1.0
2022-01-11,1.049,1.049,0.0,1.0
2022-01-12,1.07,1.07,0.0,1.0
2022-01-13,1.068,1.068,0.0,1.0
2022-01-14,1.051,1.051,0.0,1.0
2022-01-17,1.047,1.047,0.0,1.0
2022-01-18,1.057,1.057,0.0,1.0
2022-01-19,1.052,1.052,0.0,1.0
2022-01-20,1.047,1.047,0.0,1.0
2022-01-21,1.048,1.048,0.0,1.0
2022-01-24,1.051,1.051,0.0,1.0
2022-01-25,1.018,1.018,0.0,1.0
2022-01-26,1.026,1.026,0.0,1.0
2022-01-27,1.004,1.004,0.0,1.0
2022-01-28,0.983,0.983,0.0,1.0
2022-02-07,1.026,1.026,0.0,1.0
2022-02-08,1.055,1.055,0.0,1.0
2022-02-09,1.066,1.066,0.0,1.0
2022-02-10,1.08,1.08,0.0,1.0
2022-02-11,1.079,1.079,0.0,1.0
2022-02-14,1.08,1.08,0.0,1.0
2022-02-15,1.073,1.073,0.0,1.0
2022-02-16,1.08,1.08,0.0,1.0
2022-02-17,1.096,1.096,0.0,1.0
2022-02-18,1.105,1.105,0.0,1.0
2022-02-21,1.105,1.105,0.0,1.0
2022-02-22,1.119,1.119,0.0,1.0
2022-02-23,1.116,1.116,0.0,1.0
2022-02-24,1.122,1.122,0.0,1.0
2022-02-25,1.114,1.114,0.0,1.0
2022-02-28,1.136,1.136,0.0,1.0
2022-03-01,1.136,1.136,0.0,1.0
2022-03-02,1.153,1.153,0.0,1.0
2022-03-03,1.169,1.169,0.0,1.0
2022-03-04,1.148,1.148,0.0,1.0
2022-03-07,1.157,1.157,0.0,1.0
2022-03-08,1.107,1.107,0.0,1.0
2022-03-09,1.092,1.092,0.0,1.0
2022-03-10,1.096,1.096,0.0,1.0
2022-03-11,1.094,1.094,0.0,1.0
2022-03-14,1.057,1.057,0.0,1.0
2022-03-15,0.989,0.989,0.0,1.0
2022-03-16,1.018,1.018,0.0,1.0
2022-03-17,1.036,1.036,0.0,1.0
2022-03-18,1.058,1.058,0.0,1.0
2022-03-21,1.078,1.078,0.0,1.0
2022-03-22,1.091,1.091,0.0,1.0
2022-03-23,1.082,1.082,0.0,1.0
2022-03-24,1.096,1.096,0.0,1.0
2022-03-25,1.091,1.091,0.0,1.0
2022-03-28,1.101,1.101,0.0,1.0
2022-03-29,1.106,1.106,0.0,1.0
2022-03-30,1.096,1.096,0.0,1.0
2022-03-31,1.096,1.096,0.0,1.0
2022-04-01,1.094,1.094,0.0,1.0
2022-04-06,1.096,1.096,0.0,1.0
2022-04-07,1.088,1.088,0.0,1.0
2022-04-08,1.107,1.107,0.0,1.0
2022-04-11,1.075,1.075,0.0,1.0
2022-04-12,1.083,1.083,0.0,1.0
2022-04-13,1.112,1.112,0.0,1.0
2022-04-14,1.135,1.135,0.0,1.0
2022-04-15,1.106,1.106,0.0,1.0
2022-04-18,1.085,1.085,0.0,1.0
2022-04-19,1.11,1.11,0.0,1.0
2022-04-20,1.061,1.061,0.0,1.0
2022-04-21,1.024,1.024,0.0,1.0
2022-04-22,1.032,1.032,0.0,1.0
2022-04-25,0.97,0.97,0.0,1.0
2022-04-26,0.93,0.93,0.0,1.0
2022-04-27,0.978,0.978,0.0,1.0
2022-04-28,0.993,0.993,0.0,1.0
2022-04-29,1.021,1.021,0.0,1.0
2022-05-05,1.023,1.023,0.0,1.0
2022-05-06,0.994,0.994,0.0,1.0
2022-05-09,0.994,0.994,0.0,1.0
2022-05-10,0.985,0.985,0.0,1.0
2022-05-11,0.999,0.999,0.0,1.0
2022-05-12,0.99,0.99,0.0,1.0
2022-05-13,1.006,1.006,0.0,1.0
2022-05-16,1.021,1.021,0.0,1.0
2022-05-17,1.036,1.036,0.0,1.0
2022-05-18,1.026,1.026,0.0,1.0
2022-05-19,1.027,1.027,0.0,1.0
2022-05-20,1.061,1.061,0.0,1.0
2022-05-23,1.075,1.075,0.0,1.0
2022-05-24,1.052,1.052,0.0,1.0
2022-05-25,1.066,1.066,0.0,1.0
2022-05-26,1.083,1.083,0.0,1.0
2022-05-27,1.087,1.087,0.0,1.0
2022-05-30,1.085,1.085,0.0,1.0
2022-05-31,1.091,1.091,0.0,1.0
2022-06-01,1.09,1.09,0.0,1.0
2022-06-02,1.086,1.086,0.0,1.0
2022-06-06,1.122,1.122,0.0,1.0
2022-06-07,1.118,1.118,0.0,1.0
2022-06-08,1.15,1.15,0.0,1.0
2022-06-09,1.151,1.151,0.0,1.0
2022-06-10,1.175,1.175,0.0,1.0
2022-06-13,1.18,1.18,0.0,1.0
2022-06-14,1.187,1.187,0.0,1.0
2022-06-15,1.175,1.175,0.0,1.0
2022-06-16,1.151,1.151,0.0,1.0
2022-06-17,1.166,1.166,0.0,1.0
2022-06-20,1.126,1.126,0.0,1.0
2022-06-21,1.114,1.114,0.0,1.0
2022-06-22,1.099,1.099,0.0,1.0
2022-06-23,1.115,1.115,0.0,1.0
2022-06-24,1.111,1.111,0.0,1.0
2022-06-27,1.137,1.137,0.0,1.0
2022-06-28,1.163,1.163,0.0,1.0
2022-06-29,1.138,1.138,0.0,1.0
2022-06-30,1.144,1.144,0.0,1.0
2022-07-01,1.146,1.146,0.0,1.0
2022-07-04,1.156,1.156,0.0,1.0
2022-07-05,1.169,1.169,0.0,1.0
2022-07-06,1.122,1.122,0.0,1.0
2022-07-07,1.131,1.131,0.0,1.0
2022-07-08,1.122,1.122,0.0,1.0
2022-07-11,1.099,1.099,0.0,1.0
2022-07-12,1.096,1.096,0.0,1.0
2022-07-13,1.095,1.095,0.0,1.0
2022-07-14,1.104,1.104,0.0,1.0
2022-07-15,1.081,1.081,0.0,1.0
2022-07-18,1.122,1.122,0.0,1.0
2022-07-19,1.117,1.117,0.0,1.0
2022-07-20,1.123,1.123,0.0,1.0
2022-07-21,1.112,1.112,0.0,1.0
2022-07-22,1.102,1.102,0.0,1.0
2022-07-25,1.102,1.102,0.0,1.0
2022-07-26,1.119,1.119,0.0,1.0
2022-07-27,1.122,1.122,0.0,1.0
2022-07-28,1.132,1.132,0.0,1.0
2022-07-29,1.117,1.117,0.0,1.0
2022-08-01,1.13,1.13,0.0,1.0
2022-08-02,1.104,1.104,0.0,1.0
2022-08-03,1.094,1.094,0.0,1.0
2022-08-04,1.094,1.094,0.0,1.0
2022-08-05,1.107,1.107,0.0,1.0
2022-08-08,1.123,1.123,0.0,1.0
2022-08-09,1.138,1.138,0.0,1.0
2022-08-10,1.135,1.135,0.0,1.0
2022-08-11,1.141,1.141,0.0,1.0
2022-08-12,1.158,1.158,0.0,1.0
2022-08-15,1.17,1.17,0.0,1.0
2022-08-16,1.16,1.16,0.0,1.0
2022-08-17,1.155,1.155,0.0,1.0
2022-08-18,1.149,1.149,0.0,1.0
2022-08-19,1.152,1.152,0.0,1.0
2022-08-22,1.178,1.178,0.0,1.0
2022-08-23,1.188,1.188,0.0,1.0
2022-08-24,1.168,1.168,0.0,1.0
2022-08-25,1.197,1.197,0.0,1.0
2022-08-26,1.187,1.187,0.0,1.0
2022-08-29,1.195,1.195,0.0,1.0
2022-08-30,1.161,1.161,0.0,1.0
2022-08-31,1.134,1.134,0.0,1.0
2022-09-01,1.146,1.146,0.0,1.0
2022-09-02,1.139,1.139,0.0,1.0
2022-09-05,1.17,1.17,0.0,1.0
2022-09-06,1.195,1.195,0.0,1.0
2022-09-07,1.204,1.204,0.0,1.0
2022-09-08,1.19,1.19,0.0,1.0
2022-09-09,1.207,1.207,0.0,1.0
2022-09-13,1.2,1.2,0.0,1.0
2022-09-14,1.185,1.185,0.0,1.0
2022-09-15,1.166,1.166,0.0,1.0
2022-09-16,1.128,1.128,0.0,1.0
2022-09-19,1.125,1.125,0.0,1.0
2022-09-20,1.137,1.137,0.0,1.0
2022-09-21,1.153,1.153,0.0,1.0
2022-09-22,1.163,1.163,0.0,1.0
2022-09-23,1.144,1.144,0.0,1.0
2022-09-26,1.109,1.109,0.0,1.0
2022-09-27,1.107,1.107,0.0,1.0
2022-09-28,1.082,1.082,0.0,1.0
2022-09-29,1.09,1.09,0.0,1.0
2022-09-30,1.091,1.091,0.0,1.0
2022-10-10,1.089,1.089,0.0,1.0
2022-10-11,1.092,1.092,0.0,1.0
2022-10-12,1.106,1.106,0.0,1.0
2022-10-13,1.086,1.086,0.0,1.0
2022-10-14,1.1,1.1,0.0,1.0
2022-10-17,1.096,1.096,0.0,1.0
2022-10-18,1.092,1.092,0.0,1.0
2022-10-19,1.079,1.079,0.0,1.0
2022-10-20,1.068,1.068,0.0,1.0
2022-10-21,1.065,1.065,0.0,1.0
2022-10-24,1.057,1.057,0.0,1.0
2022-10-25,1.049,1.049,0.0,1.0
2022-10-26,1.045,1.045,0.0,1.0
2022-10-27,1.058,1.058,0.0,1.0
2022-10-28,1.036,1.036,0.0,1.0
2022-10-31,1.008,1.008,0.0,1.0
2022-11-01,1.026,1.026,0.0,1.0
2022-11-02,1.038,1.038,0.0,1.0
2022-11-03,1.041,1.041,0.0,1.0
2022-11-04,1.074,1.074,0.0,1.0
2022-11-07,1.103,1.103,0.0,1.0
2022-11-08,1.097,1.097,0.0,1.0
2022-11-09,1.088,1.088,0.0,1.0
2022-11-10,1.08,1.08,0.0,1.0
2022-11-11,1.104,1.104,0.0,1.0
2022-11-14,1.083,1.083,0.0,1.0
2022-11-15,1.095,1.095,0.0,1.0
2022-11-16,1.099,1.099,0.0,1.0
2022-11-17,1.074,1.074,0.0,1.0
2022-11-18,1.064,1.064,0.0,1.0
2022-11-21,1.06,1.06,0.0,1.0
2022-11-22,1.064,1.064,0.0,1.0
2022-11-23,1.071,1.071,0.0,1.0
2022-11-24,1.079,1.079,0.0,1.0
2022-11-25,1.091,1.091,0.0,1.0
2022-11-28,1.073,1.073,0.0,1.0
2022-11-29,1.09,1.09,0.0,1.0
2022-11-30,1.096,1.096,0.0,1.0
2022-12-01,1.103,1.103,0.0,1.0
2022-12-02,1.087,1.087,0.0,1.0
2022-12-05,1.111,1.111,0.0,1.0
2022-12-06,1.108,1.108,0.0,1.0
2022-12-07,1.096,1.096,0.0,1.0
2022-12-08,1.092,1.092,0.0,1.0
2022-12-09,1.104,1.104,0.0,1.0
2022-12-12,1.077,1.077,0.0,1.0
2022-12-13,1.084,1.084,0.0,1.0
2022-12-14,1.087,1.087,0.0,1.0
2022-12-15,1.077,1.077,0.0,1.0
2022-12-16,1.072,1.072,0.0,1.0
2022-12-19,1.048,1.048,0.0,1.0
2022-12-20,1.043,1.043,0.0,1.0
2022-12-21,1.04,1.04,0.0,1.0
2022-12-22,1.026,1.026,0.0,1.0
2022-12-23,1.02,1.02,0.0,1.0
2022-12-26,1.031,1.031,0.0,1.0
2022-12-27,1.051,1.051,0.0,1.0
2022-12-28,1.04,1.04,0.0,1.0
2022-12-29,1.031,1.031,0.0,1.0
2022-12-30,1.031,1.031,0.0,1.0
2023-01-03,1.047,1.047,0.0,1.0
2023-01-04,1.035,1.035,0.0,1.0
2023-01-05,1.039,1.039,0.0,1.0
2023-01-06,1.046,1.046,0.0,1.0
2023-01-09,1.066,1.066,0.0,1.0
2023-01-10,1.065,1.065,0.0,1.0
2023-01-11,1.078,1.078,0.0,1.0
2023-01-12,1.079,1.079,0.0,1.0
2023-01-13,1.083,1.083,0.0,1.0
2023-01-16,1.085,1.085,0.0,1.0
2023-01-17,1.081,1.081,0.0,1.0
2023-01-18,1.087,1.087,0.0,1.0
2023-01-19,1.096,1.096,0.0,1.0
2023-01-20,1.117,1.117,0.0,1.0
2023-01-30,1.117,1.117,0.0,1.0
2023-01-31,1.122,1.122,0.0,1.0
2023-02-01,1.147,1.147,0.0,1.0
2023-02-02,1.143,1.143,0.0,1.0
2023-02-03,1.131,1.131,0.0,1.0
2023-02-06,1.117,1.117,0.0,1.0
2023-02-07,1.125,1.125,0.0,1.0
2023-02-08,1.112,1.112,0.0,1.0
2023-02-09,1.118,1.118,0.0,1.0
2023-02-10,1.104,1.104,0.0,1.0
2023-02-13,1.107,1.107,0.0,1.0
2023-02-14,1.12,1.12,0.0,1.0
2023-02-15,1.105,1.105,0.0,1.0
2023-02-16,1.086,1.086,0.0,1.0
2023-02-17,1.091,1.091,0.0,1.0
2023-02-20,1.116,1.116,0.0,1.0
2023-02-21,1.141,1.141,0.0,1.0
2023-02-22,1.136,1.136,0.0,1.0
2023-02-23,1.141,1.141,0.0,1.0
2023-02-24,1.13,1.13,0.0,1.0
2023-02-27,1.126,1.126,0.0,1.0
2023-02-28,1.127,1.127,0.0,1.0
2023-03-01,1.138,1.138,0.0,1.0
2023-03-02,1.134,1.134,0.0,1.0
2023-03-03,1.138,1.138,0.0,1.0
2023-03-06,1.13,1.13,0.0,1.0
2023-03-07,1.135,1.135,0.0,1.0
2023-03-08,1.126,1.126,0.0,1.0
2023-03-09,1.124,1.124,0.0,1.0
2023-03-10,1.105,1.105,0.0,1.0
2023-03-13,1.124,1.124,0.0,1.0
2023-03-14,1.113,1.113,0.0,1.0
2023-03-15,1.116,1.116,0.0,1.0
2023-03-16,1.08,1.08,0.0,1.0
2023-03-17,1.091,1.091,0.0,1.0
2023-03-20,1.096,1.096,0.0,1.0
2023-03-21,1.099,1.099,0.0,1.0
2023-03-22,1.101,1.101,0.0,1.0
2023-03-23,1.113,1.113,0.0,1.0
2023-03-24,1.103,1.103,0.0,1.0
2023-03-27,1.103,1.103,0.0,1.0
2023-03-28,1.097,1.097,0.0,1.0
2023-03-29,1.088,1.088,0.0,1.0
2023-03-30,1.11,1.11,0.0,1.0
2023-03-31,1.114,1.114,0.0,1.0
2023-04-03,1.117,1.117,0.0,1.0
2023-04-04,1.126,1.126,0.0,1.0
2023-04-06,1.13,1.13,0.0,1.0
2023-04-07,1.122,1.122,0.0,1.0
2023-04-10,1.126,1.126,0.0,1.0
2023-04-11,1.142,1.142,0.0,1.0
2023-04-12,1.151,1.151,0.0,1.0
2023-04-13,1.15,1.15,0.0,1.0
2023-04-14,1.163,1.163,0.0,1.0
2023-04-17,1.19,1.19,0.0,1.0
2023-04-18,1.19,1.19,0.0,1.0
2023-04-19,1.183,1.183,0.0,1.0
2023-04-20,1.172,1.172,0.0,1.0
2023-04-21,1.151,1.151,0.0,1.0
2023-04-24,1.131,1.131,0.0,1.0
2023-04-25,1.126,1.126,0.0,1.0
2023-04-26,1.132,1.132,0.0,1.0
2023-04-27,1.135,1.135,0.0,1.0
2023-04-28,1.15,1.15,0.0,1.0
2023-05-04,1.154,1.154,0.0,1.0
2023-05-05,1.141,1.141,0.0,1.0
2023-05-08,1.176,1.176,0.0,1.0
2023-05-09,1.159,1.159,0.0,1.0
2023-05-10,1.142,1.142,0.0,1.0
2023-05-11,1.136,1.136,0.0,1.0
2023-05-12,1.107,1.107,0.0,1.0
2023-05-15,1.123,1.123,0.0,1.0
2023-05-16,1.123,1.123,0.0,1.0
2023-05-17,1.116,1.116,0.0,1.0
2023-05-18,1.122,1.122,0.0,1.0
2023-05-19,1.111,1.111,0.0,1.0
2023-05-22,1.109,1.109,0.0,1.0
2023-05-23,1.096,1.096,0.0,1.0
2023-05-24,1.085,1.085,0.0,1.0
2023-05-25,1.072,1.072,0.0,1.0
2023-05-26,1.066,1.066,0.0,1.0
2023-05-29,1.073,1.073,0.0,1.0
2023-05-30,1.07,1.07,0.0,1.0
2023-05-31,1.056,1.056,0.0,1.0
2023-06-01,1.06,1.06,0.0,1.0
2023-06-02,1.082,1.082,0.0,1.0
2023-06-05,1.077,1.077,0.0,1.0
2023-06-06,1.073,1.073,0.0,1.0
2023-06-07,1.069,1.069,0.0,1.0
2023-06-08,1.077,1.077,0.0,1.0
2023-06-09,1.083,1.083,0.0,1.0
2023-06-12,1.078,1.078,0.0,1.0
2023-06-13,1.073,1.073,0.0,1.0
2023-06-14,1.075,1.075,0.0,1.0
2023-06-15,1.08,1.08,0.0,1.0
2023-06-16,1.088,1.088,0.0,1.0
2023-06-19,1.072,1.072,0.0,1.0
2023-06-20,1.068,1.068,0.0,1.0
2023-06-21,1.055,1.055,0.0,1.0
2023-06-26,1.049,1.049,0.0,1.0
2023-06-27,1.065,1.065,0.0,1.0
2023-06-28,1.071,1.071,0.0,1.0
2023-06-29,1.065,1.065,0.0,1.0
2023-06-30,1.078,1.078,0.0,1.0
2023-07-03,1.099,1.099,0.0,1.0
2023-07-04,1.094,1.094,0.0,1.0
2023-07-05,1.114,1.114,0.0,1.0
2023-07-06,1.101,1.101,0.0,1.0
2023-07-07,1.101,1.101,0.0,1.0
2023-07-10,1.104,1.104,0.0,1.0
2023-07-11,1.106,1.106,0.0,1.0
2023-07-12,1.107,1.107,0.0,1.0
2023-07-13,1.123,1.123,0.0,1.0
2023-07-14,1.122,1.122,0.0,1.0
2023-07-17,1.107,1.107,0.0,1.0
2023-07-18,1.108,1.108,0.0,1.0
2023-07-19,1.116,1.116,0.0,1.0
2023-07-20,1.113,1.113,0.0,1.0
2023-07-21,1.109,1.109,0.0,1.0
2023-07-24,1.1,1.1,0.0,1.0
2023-07-25,1.125,1.125,0.0,1.0
2023-07-26,1.125,1.125,0.0,1.0
2023-07-27,1.118,1.118,0.0,1.0
2023-07-28,1.127,1.127,0.0,1.0
2023-07-31,1.134,1.134,0.0,1.0
2023-08-01,1.14,1.14,0.0,1.0
2023-08-02,1.126,1.126,0.0,1.0
2023-08-03,1.121,1.121,0.0,1.0
2023-08-04,1.123,1.123,0.0,1.0
2023-08-07,1.122,1.122,0.0,1.0
2023-08-08,1.131,1.131,0.0,1.0
2023-08-09,1.124,1.124,0.0,1.0
2023-08-10,1.134,1.134,0.0,1.0
2023-08-11,1.111,1.111,0.0,1.0
2023-08-14,1.105,1.105,0.0,1.0
2023-08-15,1.098,1.098,0.0,1.0
2023-08-16,1.089,1.089,0.0,1.0
2023-08-17,1.097,1.097,0.0,1.0
2023-08-18,1.081,1.081,0.0,1.0
2023-08-21,1.068,1.068,0.0,1.0
2023-08-22,1.082,1.082,0.0,1.0
2023-08-23,1.076,1.076,0.0,1.0
2023-08-24,1.081,1.081,0.0,1.0
2023-08-25,1.073,1.073,0.0,1.0
2023-08-28,1.083,1.083,0.0,1.0
2023-08-29,1.09,1.09,0.0,1.0
2023-08-30,1.087,1.087,0.0,1.0
2023-08-31,1.082,1.082,0.0,1.0
2023-09-01,1.11,1.11,0.0,1.0
2023-09-04,1.138,1.138,0.0,1.0
2023-09-05,1.138,1.138,0.0,1.0
2023-09-06,1.137,1.137,0.0,1.0
2023-09-07,1.131,1.131,0.0,1.0
2023-09-08,1.121,1.121,0.0,1.0
2023-09-11,1.131,1.131,0.0,1.0
2023-09-12,1.13,1.13,0.0,1.0
2023-09-13,1.132,1.132,0.0,1.0
2023-09-14,1.149,1.149,0.0,1.0
2023-09-15,1.148,1.148,0.0,1.0
2023-09-18,1.144,1.144,0.0,1.0
2023-09-19,1.147,1.147,0.0,1.0
2023-09-20,1.144,1.144,0.0,1.0
2023-09-21,1.133,1.133,0.0,1.0
2023-09-22,1.136,1.136,0.0,1.0
2023-09-25,1.13,1.13,0.0,1.0
2023-09-26,1.122,1.122,0.0,1.0
2023-09-27,1.118,1.118,0.0,1.0
2023-09-28,1.12,1.12,0.0,1.0
2023-10-09,1.119,1.119,0.0,1.0
2023-10-10,1.112,1.112,0.0,1.0
2023-10-11,1.099,1.099,0.0,1.0
2023-10-12,1.11,1.11,0.0,1.0
2023-10-13,1.102,1.102,0.0,1.0
2023-10-16,1.11,1.11,0.0,1.0
2023-10-17,1.11,1.11,0.0,1.0
2023-10-18,1.099,1.099,0.0,1.0
2023-10-19,1.082,1.082,0.0,1.0
2023-10-20,1.078,1.078,0.0,1.0
2023-10-23,1.057,1.057,0.0,1.0
2023-10-24,1.071,1.071,0.0,1.0
2023-10-25,1.073,1.073,0.0,1.0
2023-10-26,1.076,1.076,0.0,1.0
2023-10-27,1.083,1.083,0.0,1.0
2023-10-30,1.073,1.073,0.0,1.0
2023-10-31,1.077,1.077,0.0,1.0
2023-11-01,1.078,1.078,0.0,1.0
2023-11-02,1.072,1.072,0.0,1.0
2023-11-03,1.073,1.073,0.0,1.0
2023-11-06,1.065,1.065,0.0,1.0
2023-11-07,1.066,1.066,0.0,1.0
2023-11-08,1.059,1.059,0.0,1.0
2023-11-09,1.065,1.065,0.0,1.0
2023-11-10,1.071,1.071,0.0,1.0
2023-11-13,1.073,1.073,0.0,1.0
2023-11-14,1.069,1.069,0.0,1.0
2023-11-15,1.081,1.081,0.0,1.0
2023-11-16,1.075,1.075,0.0,1.0
2023-11-17,1.071,1.071,0.0,1.0
2023-11-20,1.072,1.072,0.0,1.0
2023-11-21,1.078,1.078,0.0,1.0
2023-11-22,1.067,1.067,0.0,1.0
2023-11-23,1.073,1.073,0.0,1.0
2023-11-24,1.07,1.07,0.0,1.0
2023-11-27,1.076,1.076,0.0,1.0
2023-11-28,1.072,1.072,0.0,1.0
2023-11-29,1.076,1.076,0.0,1.0
2023-11-30,1.077,1.077,0.0,1.0
2023-12-01,1.079,1.079,0.0,1.0
2023-12-04,1.088,1.088,0.0,1.0
2023-12-05,1.063,1.063,0.0,1.0
2023-12-06,1.064,1.064,0.0,1.0
2023-12-07,1.055,1.055,0.0,1.0
2023-12-08,1.051,1.051,0.0,1.0
2023-12-11,1.058,1.058,0.0,1.0
2023-12-12,1.059,1.059,0.0,1.0
2023-12-13,1.043,1.043,0.0,1.0
2023-12-14,1.043,1.043,0.0,1.0
2023-12-15,1.042,1.042,0.0,1.0
2023-12-18,1.036,1.036,0.0,1.0
2023-12-19,1.032,1.032,0.0,1.0
2023-12-20,1.032,1.032,0.0,1.0
2023-12-21,1.039,1.039,0.0,1.0
2023-12-22,1.052,1.052,0.0,1.0
2023-12-25,1.06,1.06,0.0,1.0
2023-12-26,1.055,1.055,0.0,1.0
2023-12-27,1.068,1.068,0.0,1.0
2023-12-28,1.075,1.075,0.0,1.0
2023-12-29,1.077,1.077,0.0,1.0
2024-01-02,1.095,1.095,0.0,1.0
2024-01-03,1.098,1.098,0.0,1.0
2024-01-04,1.099,1.099,0.0,1.0
2024-01-05,1.091,1.091,0.0,1.0
2024-01-08,1.081,1.081,0.0,1.0
2024-01-09,1.088,1.088,0.0,1.0
2024-01-10,1.083,1.083,0.0,1.0
2024-01-11,1.075,1.075,0.0,1.0
2024-01-12,1.077,1.077,0.0,1.0
2024-01-15,1.075,1.075,0.0,1.0
2024-01-16,1.074,1.074,0.0,1.0
2024-01-17,1.051,1.051,0.0,1.0
2024-01-18,1.041,1.041,0.0,1.0
2024-01-19,1.041,1.041,0.0,1.0
2024-01-22,1.008,1.008,0.0,1.0
2024-01-23,1.016,1.016,0.0,1.0
2024-01-24,1.033,1.033,0.0,1.0
2024-01-25,1.082,1.082,0.0,1.0
2024-01-26,1.087,1.087,0.0,1.0
2024-01-29,1.086,1.086,0.0,1.0
2024-01-30,1.069,1.069,0.0,1.0
2024-01-31,1.064,1.064,0.0,1.0
2024-02-01,1.056,1.056,0.0,1.0
2024-02-02,1.046,1.046,0.0,1.0
2024-02-05,1.042,1.042,0.0,1.0
2024-02-06,1.061,1.061,0.0,1.0
2024-02-07,1.091,1.091,0.0,1.0
2024-02-08,1.097,1.097,0.0,1.0
2024-02-19,1.127,1.127,0.0,1.0
2024-02-20,1.128,1.128,0.0,1.0
2024-02-21,1.133,1.133,0.0,1.0
2024-02-22,1.164,1.164,0.0,1.0
2024-02-23,1.161,1.161,0.0,1.0
2024-02-26,1.145,1.145,0.0,1.0
2024-02-27,1.151,1.151,0.0,1.0
2024-02-28,1.145,1.145,0.0,1.0
2024-02-29,1.148,1.148,0.0,1.0
2024-03-01,1.159,1.159,0.0,1.0
2024-03-04,1.178,1.178,0.0,1.0
2024-03-05,1.184,1.184,0.0,1.0
2024-03-06,1.192,1.192,0.0,1.0
2024-03-07,1.211,1.211,0.0,1.0
2024-03-08,1.219,1.219,0.0,1.0
2024-03-11,1.205,1.205,0.0,1.0
2024-03-12,1.17,1.17,0.0,1.0
2024-03-13,1.177,1.177,0.0,1.0
2024-03-14,1.192,1.192,0.0,1.0
2024-03-15,1.205,1.205,0.0,1.0
2024-03-18,1.205,1.205,0.0,1.0
2024-03-19,1.199,1.199,0.0,1.0
2024-03-20,1.208,1.208,0.0,1.0
2024-03-21,1.209,1.209,0.0,1.0
2024-03-22,1.193,1.193,0.0,1.0
2024-03-25,1.203,1.203,0.0,1.0
2024-03-26,1.196,1.196,0.0,1.0
2024-03-27,1.188,1.188,0.0,1.0
2024-03-28,1.197,1.197,0.0,1.0
2024-03-29,1.236,1.236,0.0,1.0
2024-04-01,1.237,1.237,0.0,1.0
2024-04-02,1.256,1.256,0.0,1.0
2024-04-03,1.291,1.291,0.0,1.0
2024-04-08,1.28,1.28,0.0,1.0
2024-04-09,1.278,1.278,0.0,1.0
2024-04-10,1.29,1.29,0.0,1.0
2024-04-11,1.296,1.296,0.0,1.0
2024-04-12,1.3,1.3,0.0,1.0
2024-04-15,1.319,1.319,0.0,1.0
2024-04-16,1.295,1.295,0.0,1.0
2024-04-17,1.313,1.313,0.0,1.0
2024-04-18,1.316,1.316,0.0,1.0
2024-04-19,1.319,1.319,0.0,1.0
2024-04-22,1.281,1.281,0.0,1.0
2024-04-23,1.234,1.234,0.0,1.0
2024-04-24,1.245,1.245,0.0,1.0
2024-04-25,1.257,1.257,0.0,1.0
2024-04-26,1.274,1.274,0.0,1.0
2024-04-29,1.26,1.26,0.0,1.0
2024-04-30,1.258,1.258,0.0,1.0
2024-05-06,1.258,1.258,0.0,1.0
2024-05-07,1.269,1.269,0.0,1.0
2024-05-08,1.276,1.276,0.0,1.0
2024-05-09,1.289,1.289,0.0,1.0
2024-05-10,1.299,1.299,0.0,1.0
2024-05-13,1.29,1.29,0.0,1.0
2024-05-14,1.283,1.283,0.0,1.0
2024-05-15,1.278,1.278,0.0,1.0
2024-05-16,1.268,1.268,0.0,1.0
2024-05-17,1.281,1.281,0.0,1.0
2024-05-20,1.319,1.319,0.0,1.0
2024-05-21,1.299,1.299,0.0,1.0
2024-05-22,1.293,1.293,0.0,1.0
2024-05-23,1.265,1.265,0.0,1.0
2024-05-24,1.261,1.261,0.0,1.0
2024-05-27,1.287,1.287,0.0,1.0
2024-05-28,1.291,1.291,0.0,1.0
2024-05-29,1.313,1.313,0.0,1.0
2024-05-30,1.28,1.28,0.0,1.0
2024-05-31,1.276,1.276,0.0,1.0
2024-06-03,1.263,1.263,0.0,1.0
2024-06-04,1.266,1.266,0.0,1.0
2024-06-05,1.243,1.243,0.0,1.0
2024-06-06,1.259,1.259,0.0,1.0
2024-06-07,1.262,1.262,0.0,1.0
2024-06-11,1.24,1.24,0.0,1.0
2024-06-12,1.267,1.267,0.0,1.0
2024-06-13,1.249,1.249,0.0,1.0
2024-06-14,1.248,1.248,0.0,1.0
2024-06-17,1.229,1.229,0.0,1.0
2024-06-18,1.235,1.235,0.0,1.0
2024-06-19,1.239,1.239,0.0,1.0
2024-06-20,1.245,1.245,0.0,1.0
2024-06-21,1.237,1.237,0.0,1.0
2024-06-24,1.221,1.221,0.0,1.0
2024-06-25,1.217,1.217,0.0,1.0
2024-06-26,1.223,1.223,0.0,1.0
2024-06-27,1.205,1.205,0.0,1.0
2024-06-28,1.232,1.232,0.0,1.0
2024-07-01,1.261,1.261,0.0,1.0
2024-07-02,1.255,1.255,0.0,1.0
2024-07-03,1.247,1.247,0.0,1.0
2024-07-04,1.242,1.242,0.0,1.0
2024-07-05,1.254,1.254,0.0,1.0
2024-07-08,1.249,1.249,0.0,1.0
2024-07-09,1.263,1.263,0.0,1.0
2024-07-10,1.235,1.235,0.0,1.0
2024-07-11,1.259,1.259,0.0,1.0
2024-07-12,1.244,1.244,0.0,1.0
2024-07-15,1.262,1.262,0.0,1.0
2024-07-16,1.274,1.274,0.0,1.0
2024-07-17,1.242,1.242,0.0,1.0
2024-07-18,1.246,1.246,0.0,1.0
2024-07-19,1.232,1.232,0.0,1.0
2024-07-22,1.216,1.216,0.0,1.0
2024-07-23,1.177,1.177,0.0,1.0
2024-07-24,1.177,1.177,0.0,1.0
2024-07-25,1.151,1.151,0.0,1.0
2024-07-26,1.166,1.166,0.0,1.0
2024-07-29,1.169,1.169,0.0,1.0
2024-07-30,1.153,1.153,0.0,1.0
2024-07-31,1.184,1.184,0.0,1.0
2024-08-01,1.184,1.184,0.0,1.0
2024-08-02,1.17,1.17,0.0,1.0
2024-08-05,1.142,1.142,0.0,1.0
2024-08-06,1.142,1.142,0.0,1.0
2024-08-07,1.147,1.147,0.0,1.0
2024-08-08,1.141,1.141,0.0,1.0
2024-08-09,1.147,1.147,0.0,1.0
2024-08-12,1.152,1.152,0.0,1.0
2024-08-13,1.156,1.156,0.0,1.0
2024-08-14,1.145,1.145,0.0,1.0
2024-08-15,1.159,1.159,0.0,1.0
2024-08-16,1.16,1.16,0.0,1.0
2024-08-19,1.17,1.17,0.0,1.0
2024-08-20,1.149,1.149,0.0,1.0
2024-08-21,1.156,1.156,0.0,1.0
2024-08-22,1.147,1.147,0.0,1.0
2024-08-23,1.147,1.147,0.0,1.0
2024-08-26,1.158,1.158,0.0,1.0
2024-08-27,1.161,1.161,0.0,1.0
2024-08-28,1.154,1.154,0.0,1.0
2024-08-29,1.154,1.154,0.0,1.0
2024-08-30,1.16,1.16,0.0,1.0
2024-09-02,1.156,1.156,0.0,1.0
2024-09-03,1.14,1.14,0.0,1.0
2024-09-04,1.113,1.113,0.0,1.0
2024-09-05,1.109,1.109,0.0,1.0
2024-09-06,1.1,1.1,0.0,1.0
2024-09-09,1.073,1.073,0.0,1.0
2024-09-10,1.075,1.075,0.0,1.0
2024-09-11,1.065,1.065,0.0,1.0
2024-09-12,1.07,1.07,0.0,1.0
2024-09-13,1.069,1.069,0.0,1.0
2024-09-18,1.087,1.087,0.0,1.0
2024-09-19,1.106,1.106,0.0,1.0
2024-09-20,1.121,1.121,0.0,1.0
2024-09-23,1.125,1.125,0.0,1.0
2024-09-24,1.172,1.172,0.0,1.0
2024-09-25,1.181,1.181,0.0,1.0
2024-09-26,1.217,1.217,0.0,1.0
2024-09-27,1.245,1.245,0.0,1.0
2024-09-30,1.341,1.341,0.0,1.0
2024-10-08,1.358,1.358,0.0,1.0
2024-10-09,1.244,1.244,0.0,1.0
2024-10-10,1.298,1.298,0.0,1.0
2024-10-11,1.264,1.264,0.0,1.0
2024-10-14,1.294,1.294,0.0,1.0
2024-10-15,1.257,1.257,0.0,1.0
2024-10-16,1.258,1.258,0.0,1.0
2024-10-17,1.242,1.242,0.0,1.0
2024-10-18,1.268,1.268,0.0,1.0
2024-10-21,1.283,1.283,0.0,1.0
2024-10-22,1.289,1.289,0.0,1.0
2024-10-23,1.289,1.289,0.0,1.0
2024-10-24,1.274,1.274,0.0,1.0
2024-10-25,1.28,1.28,0.0,1.0
2024-10-28,1.284,1.284,0.0,1.0
2024-10-29,1.264,1.264,0.0,1.0
2024-10-30,1.254,1.254,0.0,1.0
2024-10-31,1.249,1.249,0.0,1.0
2024-11-01,1.278,1.278,0.0,1.0
2024-11-04,1.278,1.278,0.0,1.0
2024-11-05,1.307,1.307,0.0,1.0
2024-11-06,1.31,1.31,0.0,1.0
2024-11-07,1.318,1.318,0.0,1.0
2024-11-08,1.304,1.304,0.0,1.0
2024-11-11,1.296,1.296,0.0,1.0
2024-11-12,1.268,1.268,0.0,1.0
2024-11-13,1.275,1.275,0.0,1.0
2024-11-14,1.252,1.252,0.0,1.0
2024-11-15,1.24,1.24,0.0,1.0
2024-11-18,1.242,1.242,0.0,1.0
2024-11-19,1.257,1.257,0.0,1.0
2024-11-20,1.26,1.26,0.0,1.0
2024-11-21,1.262,1.262,0.0,1.0
2024-11-22,1.233,1.233,0.0,1.0
2024-11-25,1.223,1.223,0.0,1.0
2024-11-26,1.213,1.213,0.0,1.0
2024-11-27,1.222,1.222,0.0,1.0
2024-11-28,1.211,1.211,0.0,1.0
2024-11-29,1.221,1.221,0.0,1.0
2024-12-02,1.232,1.232,0.0,1.0
2024-12-03,1.237,1.237,0.0,1.0
2024-12-04,1.252,1.252,0.0,1.0
2024-12-05,1.241,1.241,0.0,1.0
2024-12-06,1.253,1.253,0.0,1.0
2024-12-09,1.26,1.26,0.0,1.0
2024-12-10,1.26,1.26,0.0,1.0
2024-12-11,1.27,1.27,0.0,1.0
2024-12-12,1.271,1.271,0.0,1.0
2024-12-13,1.239,1.239,0.0,1.0
2024-12-16,1.235,1.235,0.0,1.0
2024-12-17,1.229,1.229,0.0,1.0
2024-12-18,1.238,1.238,0.0,1.0
2024-12-19,1.223,1.223,0.0,1.0
2024-12-20,1.209,1.209,0.0,1.0
2024-12-23,1.212,1.212,0.0,1.0
2024-12-24,1.22,1.22,0.0,1.0
2024-12-25,1.221,1.221,0.0,1.0
2024-12-26,1.221,1.221,0.0,1.0
2024-12-27,1.217,1.217,0.0,1.0
2024-12-30,1.228,1.228,0.0,1.0
2024-12-31,1.213,1.213,0.0,1.0
2025-01-02,1.189,1.189,0.0,1.0
2025-01-03,1.196,1.196,0.0,1.0
2025-01-06,1.195,1.195,0.0,1.0
2025-01-07,1.205,1.205,0.0,1.0
2025-01-08,1.196,1.196,0.0,1.0
2025-01-09,1.187,1.187,0.0,1.0
2025-01-10,1.181,1.181,0.0,1.0
2025-01-13,1.192,1.192,0.0,1.0
2025-01-14,1.208,1.208,0.0,1.0
2025-01-15,1.196,1.196,0.0,1.0
2025-01-16,1.216,1.216,0.0,1.0
2025-01-17,1.213,1.213,0.0,1.0
2025-01-20,1.2,1.2,0.0,1.0
2025-01-21,1.19,1.19,0.0,1.0
2025-01-22,1.187,1.187,0.0,1.0
2025-01-23,1.189,1.189,0.0,1.0
2025-01-24,1.193,1.193,0.0,1.0
2025-01-27,1.197,1.197,0.0,1.0
2025-02-05,1.193,1.193,0.0,1.0
2025-02-06,1.206,1.206,0.0,1.0
2025-02-07,1.219,1.219,0.0,1.0
2025-02-10,1.22,1.22,0.0,1.0
2025-02-11,1.221,1.221,0.0,1.0
2025-02-12,1.216,1.216,0.0,1.0
2025-02-13,1.208,1.208,0.0,1.0
2025-02-14,1.208,1.208,0.0,1.0
2025-02-17,1.187,1.187,0.0,1.0
2025-02-18,1.176,1.176,0.0,1.0
2025-02-19,1.177,1.177,0.0,1.0
2025-02-20,1.18,1.18,0.0,1.0
2025-02-21,1.174,1.174,0.0,1.0
2025-02-24,1.173,1.173,0.0,1.0
2025-02-25,1.163,1.163,0.0,1.0
2025-02-26,1.168,1.168,0.0,1.0
2025-02-27,1.163,1.163,0.0,1.0
2025-02-28,1.151,1.151,0.0,1.0
2025-03-03,1.162,1.162,0.0,1.0
2025-03-04,1.158,1.158,0.0,1.0
2025-03-05,1.159,1.159,0.0,1.0
2025-03-06,1.172,1.172,0.0,1.0
2025-03-07,1.182,1.182,0.0,1.0
2025-03-10,1.195,1.195,0.0,1.0
2025-03-11,1.197,1.197,0.0,1.0
2025-03-12,1.192,1.192,0.0,1.0
2025-03-13,1.213,1.213,0.0,1.0
2025-03-14,1.225,1.225,0.0,1.0
2025-03-17,1.22,1.22,0.0,1.0
2025-03-18,1.23,1.23,0.0,1.0
2025-03-19,1.227,1.227,0.0,1.0
2025-03-20,1.231,1.231,0.0,1.0
2025-03-21,1.217,1.217,0.0,1.0
2025-03-24,1.233,1.233,0.0,1.0
2025-03-25,1.243,1.243,0.0,1.0
2025-03-26,1.236,1.236,0.0,1.0
2025-03-27,1.23,1.23,0.0,1.0
2025-03-28,1.221,1.221,0.0,1.0
2025-03-31,1.21,1.21,0.0,1.0
2025-04-01,1.223,1.223,0.0,1.0
2025-04-02,1.212,1.212,0.0,1.0
2025-04-03,1.201,1.201,0.0,1.0
2025-04-07,1.082,1.082,0.0,1.0
2025-04-08,1.134,1.134,0.0,1.0
2025-04-09,1.143,1.143,0.0,1.0
2025-04-10,1.166,1.166,0.0,1.0
2025-04-11,1.169,1.169,0.0,1.0
2025-04-14,1.194,1.194,0.0,1.0
2025-04-15,1.188,1.188,0.0,1.0
2025-04-16,1.19,1.19,0.0,1.0
2025-04-17,1.188,1.188,0.0,1.0
2025-04-18,1.189,1.189,0.0,1.0
2025-04-21,1.21,1.21,0.0,1.0
2025-04-22,1.211,1.211,0.0,1.0
2025-04-23,1.196,1.196,0.0,1.0
2025-04-24,1.193,1.193,0.0,1.0
2025-04-25,1.198,1.198,0.0,1.0
2025-04-28,1.187,1.187,0.0,1.0
2025-04-29,1.179,1.179,0.0,1.0
2025-04-30,1.174,1.174,0.0,1.0
2025-05-06,1.193,1.193,0.0,1.0
2025-05-07,1.204,1.204,0.0,1.0
2025-05-08,1.2,1.2,0.0,1.0
2025-05-09,1.195,1.195,0.0,1.0
2025-05-12,1.201,1.201,0.0,1.0
2025-05-13,1.204,1.204,0.0,1.0
2025-05-14,1.215,1.215,0.0,1.0
2025-05-15,1.206,1.206,0.0,1.0
2025-05-16,1.202,1.202,0.0,1.0
2025-05-19,1.2,1.2,0.0,1.0
2025-05-20,1.202,1.202,0.0,1.0
2025-05-21,1.229,1.229,0.0,1.0
2025-05-22,1.219,1.219,0.0,1.0
2025-05-23,1.217,1.217,0.0,1.0
2025-05-26,1.218,1.218,0.0,1.0
2025-05-27,1.199,1.199,0.0,1.0
2025-05-28,1.204,1.204,0.0,1.0
2025-05-29,1.209,1.209,0.0,1.0
2025-05-30,1.204,1.204,0.0,1.0
2025-06-03,1.207,1.207,0.0,1.0
2025-06-04,1.219,1.219,0.0,1.0
2025-06-05,1.217,1.217,0.0,1.0
2025-06-06,1.224,1.224,0.0,1.0
2025-06-09,1.224,1.224,0.0,1.0
2025-06-10,1.226,1.226,0.0,1.0
2025-06-11,1.247,1.247,0.0,1.0
2025-06-12,1.248,1.248,0.0,1.0
2025-06-13,1.255,1.255,0.0,1.0
2025-06-16,1.256,1.256,0.0,1.0
2025-06-17,1.263,1.263,0.0,1.0
2025-06-18,1.256,1.256,0.0,1.0
2025-06-19,1.244,1.244,0.0,1.0
2025-06-20,1.239,1.239,0.0,1.0
2025-06-23,1.25,1.25,0.0,1.0
2025-06-24,1.243,1.243,0.0,1.0
2025-06-25,1.251,1.251,0.0,1.0
2025-06-26,1.253,1.253,0.0,1.0
2025-06-27,1.262,1.262,0.0,1.0
2025-06-30,1.266,1.266,0.0,1.0
2025-07-01,1.282,1.282,0.0,1.0
2025-07-02,1.29,1.29,0.0,1.0
2025-07-03,1.284,1.284,0.0,1.0
2025-07-04,1.277,1.277,0.0,1.0
2025-07-07,1.268,1.268,0.0,1.0
2025-07-08,1.283,1.283,0.0,1.0
2025-07-09,1.266,1.266,0.0,1.0
2025-07-10,1.282,1.282,0.0,1.0
2025-07-11,1.297,1.297,0.0,1.0
2025-07-14,1.301,1.301,0.0,1.0
2025-07-15,1.285,1.285,0.0,1.0
2025-07-16,1.285,1.285,0.0,1.0
2025-07-17,1.289,1.289,0.0,1.0
2025-07-18,1.315,1.315,0.0,1.0
2025-07-21,1.342,1.342,0.0,1.0
2025-07-22,1.385,1.385,0.0,1.0
2025-07-23,1.379,1.379,0.0,1.0
2025-07-24,1.422,1.422,0.0,1.0
2025-07-25,1.396,1.396,0.0,1.0
2025-07-28,1.387,1.387,0.0,1.0
2025-07-29,1.393,1.393,0.0,1.0
2025-07-30,1.396,1.396,0.0,1.0
2025-07-31,1.358,1.358,0.0,1.0
2025-08-01,1.344,1.344,0.0,1.0
2025-08-04,1.365,1.365,0.0,1.0
2025-08-05,1.368,1.368,0.0,1.0
2025-08-06,1.383,1.383,0.0,1.0
2025-08-07,1.394,1.394,0.0,1.0
2025-08-08,1.411,1.411,0.0,1.0
2025-08-11,1.4,1.4,0.0,1.0
2025-08-12,1.404,1.404,0.0,1.0
2025-08-13,1.42,1.42,0.0,1.0
2025-08-14,1.405,1.405,0.0,1.0
2025-08-15,1.425,1.425,0.0,1.0
2025-08-18,1.436,1.436,0.0,1.0
2025-08-19,1.428,1.428,0.0,1.0
2025-08-20,1.441,1.441,0.0,1.0
2025-08-21,1.44,1.44,0.0,1.0
2025-08-22,1.459,1.459,0.0,1.0
2025-08-25,1.511,1.511,0.0,1.0
2025-08-26,1.498,1.498,0.0,1.0
2025-08-27,1.482,1.482,0.0,1.0
2025-08-28,1.497,1.497,0.0,1.0
2025-08-29,1.531,1.531,0.0,1.0
2025-09-01,1.574,1.574,0.0,1.0
2025-09-02,1.56,1.56,0.0,1.0
2025-09-03,1.547,1.547,0.0,1.0
2025-09-04,1.497,1.497,0.0,1.0
2025-09-05,1.538,1.538,0.0,1.0
2025-09-08,1.541,1.541,0.0,1.0
2025-09-09,1.551,1.551,0.0,1.0
2025-09-10,1.536,1.536,0.0,1.0
2025-09-11,1.553,1.553,0.0,1.0
2025-09-12,1.569,1.569,0.0,1.0
2025-09-15,1.559,1.559,0.0,1.0
2025-09-16,1.545,1.545,0.0,1.0
2025-09-17,1.555,1.555,0.0,1.0
2025-09-18,1.51,1.51,0.0,1.0
2025-09-19,1.525,1.525,0.0,1.0
2025-09-22,1.534,1.534,0.0,1.0
2025-09-23,1.528,1.528,0.0,1.0
2025-09-24,1.546,1.546,0.0,1.0
2025-09-25,1.56,1.56,0.0,1.0
2025-09-26,1.559,1.559,0.0,1.0
2025-09-29,1.59,1.59,0.0,1.0
2025-09-30,1.63,1.63,0.0,1.0
2025-10-09,1.731,1.731,0.0,1.0
2025-10-10,1.697,1.697,0.0,1.0
2025-10-13,1.747,1.747,0.0,1.0
2025-10-14,1.708,1.708,0.0,1.0
2025-10-15,1.713,1.713,0.0,1.0
2025-10-16,1.7,1.7,0.0,1.0
2025-10-17,1.677,1.677,0.0,1.0
2025-10-20,1.667,1.667,0.0,1.0
2025-10-21,1.685,1.685,0.0,1.0
2025-10-22,1.667,1.667,0.0,1.0
2025-10-23,1.684,1.684,0.0,1.0
2025-10-24,1.696,1.696,0.0,1.0
2025-10-27,1.732,1.732,0.0,1.0
2025-10-28,1.697,1.697,0.0,1.0
2025-10-29,1.75,1.75,0.0,1.0
2025-10-30,1.756,1.756,0.0,1.0
2025-10-31,1.729,1.729,0.0,1.0
2025-11-03,1.725,1.725,0.0,1.0
2025-11-04,1.69,1.69,0.0,1.0
2025-11-05,1.69,1.69,0.0,1.0
2025-11-06,1.732,1.732,0.0,1.0
2025-11-07,1.74,1.74,0.0,1.0
2025-11-10,1.751,1.751,0.0,1.0
2025-11-11,1.733,1.733,0.0,1.0
2025-11-12,1.73,1.73,0.0,1.0
2025-11-13,1.772,1.772,0.0,1.0
2025-11-14,1.746,1.746,0.0,1.0
2025-11-17,1.734,1.734,0.0,1.0
2025-11-18,1.696,1.696,0.0,1.0
2025-11-19,1.735,1.735,0.0,1.0
2025-11-20,1.72,1.72,0.0,1.0
2025-11-21,1.653,1.653,0.0,1.0
2025-11-24,1.648,1.648,0.0,1.0
2025-11-25,1.673,1.673,0.0,1.0
2025-11-26,1.663,1.663,0.0,1.0
2025-11-27,1.667,1.667,0.0,1.0
2025-11-28,1.678,1.678,0.0,1.0
2025-12-01,1.723,1.723,0.0,1.0
2025-12-02,1.707,1.707,0.0,1.0
2025-12-03,1.718,1.718,0.0,1.0
2025-12-04,1.72,1.72,0.0,1.0
2025-12-05,1.748,1.748,0.0,1.0
2025-12-08,1.743,1.743,0.0,1.0
2025-12-09,1.705,1.705,0.0,1.0
2025-12-10,1.709,1.709,0.0,1.0
2025-12-11,1.701,1.701,0.0,1.0
2025-12-12,1.712,1.712,0.0,1.0
2025-12-15,1.711,1.711,0.0,1.0
2025-12-16,1.675,1.675,0.0,1.0
2025-12-17,1.705,1.705,0.0,1.0
2025-12-18,1.72,1.72,0.0,1.0
2025-12-19,1.73,1.73,0.0,1.0
2025-12-22,1.757,1.757,0.0,1.0
2025-12-23,1.77,1.77,0.0,1.0
2025-12-24,1.772,1.772,0.0,1.0
2025-12-25,1.758,1.758,0.0,1.0
2025-12-26,1.796,1.796,0.0,1.0
2025-12-29,1.782,1.782,0.0,1.0
2025-12-30,1.806,1.806,0.0,1.0
2025-12-31,1.82,1.82,0.0,1.0
2026-01-05,1.84,1.84,0.0,1.0
2026-01-06,1.9,1.9,0.0,1.0
2026-01-07,1.916,1.916,0.0,1.0
2026-01-08,1.897,1.897,0.0,1.0
2026-01-09,1.953,1.953,0.0,1.0
2026-01-12,1.965,1.965,0.0,1.0
2026-01-13,1.966,1.966,0.0,1.0
2026-01-14,1.97,1.97,0.0,1.0
2026-01-15,1.998,1.998,0.0,1.0
2026-01-16,1.983,1.983,0.0,1.0
2026-01-19,1.989,1.989,0.0,1.0
2026-01-20,1.995,1.995,0.0,1.0
2026-01-21,2.038,2.038,0.0,1.0
2026-01-22,2.045,2.045,0.0,1.0
2026-01-23,2.064,2.064,0.0,1.0
2026-01-26,2.163,2.163,0.0,1.0
2026-01-27,2.142,2.142,0.0,1.0
2026-01-28,2.273,2.273,0.0,1.0
2026-01-29,2.308,2.308,0.0,1.0
2026-01-30,2.146,2.146,0.0,1.0
2026-02-02,1.951,1.951,0.0,1.0
2026-02-03,2.063,2.063,0.0,1.0
2026-02-04,2.102,2.102,0.0,1.0
2026-02-05,2.027,2.027,0.0,1.0
2026-02-06,2.034,2.034,0.0,1.0
2026-02-09,2.072,2.072,0.0,1.0
2026-02-10,2.084,2.084,0.0,1.0
2026-02-11,2.14,2.14,0.0,1.0
2026-02-12,2.164,2.164,0.0,1.0
2026-02-13,2.097,2.097,0.0,1.0
2026-02-24,2.168,2.168,0.0,1.0
2026-02-25,2.209,2.209,0.0,1.0
2026-02-26,2.192,2.192,0.0,1.0
2026-02-27,2.247,2.247,0.0,1.0
2026-03-02,2.37,2.37,0.0,1.0
2026-03-03,2.328,2.328,0.0,1.0
2026-03-04,2.293,2.293,0.0,1.0
2026-03-05,2.279,2.279,0.0,1.0
2026-03-06,2.215,2.215,0.0,1.0
2026-03-09,2.243,2.243,0.0,1.0
2026-03-10,2.219,2.219,0.0,1.0
2026-03-11,2.221,2.221,0.0,1.0
2026-03-12,2.238,2.238,0.0,1.0
2026-03-13,2.184,2.184,0.0,1.0
2026-03-16,2.123,2.123,0.0,1.0
2026-03-17,2.089,2.089,0.0,1.0
2026-03-18,2.079,2.079,0.0,1.0
2026-03-19,2.026,2.026,0.0,1.0
2026-03-20,1.996,1.996,0.0,1.0
2026-03-23,1.93,1.93,0.0,1.0
2026-03-24,1.967,1.967,0.0,1.0
2026-03-25,1.993,1.993,0.0,1.0
2026-03-26,1.967,1.967,0.0,1.0
2026-03-27,1.992,1.992,0.0,1.0
2026-03-30,2.019,2.019,0.0,1.0
2026-03-31,1.98,1.98,0.0,1.0
2026-04-01,2.008,2.008,0.0,1.0
2026-04-02,1.993,1.993,0.0,1.0
2026-04-03,1.976,1.976,0.0,1.0
2026-04-07,2.005,2.005,0.0,1.0
2026-04-08,2.057,2.057,0.0,1.0
2026-04-09,2.049,2.049,0.0,1.0
2026-04-10,2.045,2.045,0.0,1.0
2026-04-13,2.057,2.057,0.0,1.0
2026-04-14,2.064,2.064,0.0,1.0
2026-04-15,2.042,2.042,0.0,1.0
2026-04-16,2.075,2.075,0.0,1.0
2026-04-17,2.068,2.068,0.0,1.0
2026-04-20,2.065,2.065,0.0,1.0
2026-04-21,2.079,2.079,0.0,1.0
2026-04-22,2.084,2.084,0.0,1.0
2026-04-23,2.059,2.059,0.0,1.0
2026-04-24,2.057,2.057,0.0,1.0
2026-04-27,2.038,2.038,0.0,1.0
2026-04-28,2.03,2.03,0.0,1.0
2026-04-29,2.091,2.091,0.0,1.0
2026-04-30,2.075,2.075,0.0,1.0
2026-05-06,2.123,2.123,0.0,1.0
2026-05-07,2.107,2.107,0.0,1.0
2026-05-08,2.102,2.102,0.0,1.0
2026-05-11,2.103,2.103,0.0,1.0
2026-05-12,2.082,2.082,0.0,1.0
2026-05-13,2.093,2.093,0.0,1.0
2026-05-14,2.046,2.046,0.0,1.0
2026-05-15,1.992,1.992,0.0,1.0
2026-05-18,1.988,1.988,0.0,1.0
2026-05-19,1.978,1.978,0.0,1.0
2026-05-20,1.983,1.983,0.0,1.0
2026-05-21,1.929,1.929,0.0,1.0
2026-05-22,1.967,1.967,0.0,1.0
2026-05-25,1.981,1.981,0.0,1.0
2026-05-26,2.028,2.028,0.0,1.0
2026-05-27,1.987,1.987,0.0,1.0
2026-05-28,1.988,1.988,0.0,1.0
2026-05-29,1.975,1.975,0.0,1.0
2026-06-01,1.981,1.981,0.0,1.0
2026-06-02,2.011,2.011,0.0,1.0
2026-06-03,2.036,2.036,0.0,1.0
2026-06-04,2.009,2.009,0.0,1.0
2026-06-05,1.973,1.973,0.0,1.0
2026-06-08,1.916,1.916,0.0,1.0
2026-06-09,1.929,1.929,0.0,1.0
2026-06-10,1.892,1.892,0.0,1.0
2026-06-11,1.92,1.92,0.0,1.0
2026-06-12,1.962,1.962,0.0,1.0
2026-06-15,2.008,2.008,0.0,1.0
2026-06-16,2.006,2.006,0.0,1.0
2026-06-17,2.012,2.012,0.0,1.0
2026-06-18,2.005,2.005,0.0,1.0
2026-06-22,2.078,2.078,0.0,1.0
2026-06-23,1.956,1.956,0.0,1.0
2026-06-24,1.959,1.959,0.0,1.0
2026-06-25,1.932,1.932,0.0,1.0
2026-06-26,1.901,1.901,0.0,1.0
2026-06-29,1.904,1.904,0.0,1.0
2026-06-30,1.892,1.892,0.0,1.0
2026-07-01,1.892,1.892,0.0,1.0
2026-07-02,1.898,1.898,0.0,1.0
2026-07-03,1.932,1.932,0.0,1.0
2026-07-06,1.91,1.91,0.0,1.0
2026-07-07,1.858,1.858,0.0,1.0
2026-07-08,1.836,1.836,0.0,1.0
2026-07-09,1.839,1.839,0.0,1.0
2026-07-10,1.838,1.838,0.0,1.0
2026-07-13,1.786,1.786,0.0,1.0
2026-07-14,1.878,1.878,0.0,1.0
2026-07-15,1.855,1.855,0.0,1.0
2026-07-16,1.816,1.816,0.0,1.0
2026-07-17,1.754,1.754,0.0,1.0
