date,close,total_return_proxy,cumulative_dividend,split_factor
2007-01-18,1.997,1.997,0.0,1.0
2007-01-19,2.04,2.04,0.0,1.0
2007-01-22,2.128,2.128,0.0,1.0
2007-01-23,2.168,2.168,0.0,1.0
2007-01-24,2.239,2.239,0.0,1.0
2007-01-25,2.145,2.145,0.0,1.0
2007-01-26,2.192,2.192,0.0,1.0
2007-01-29,2.258,2.258,0.0,1.0
2007-01-30,2.272,2.272,0.0,1.0
2007-01-31,2.116,2.116,0.0,1.0
2007-02-01,2.094,2.094,0.0,1.0
2007-02-02,2.007,2.007,0.0,1.0
2007-02-05,1.963,1.963,0.0,1.0
2007-02-06,1.998,1.998,0.0,1.0
2007-02-07,2.044,2.044,0.0,1.0
2007-02-08,2.071,2.071,0.0,1.0
2007-02-09,2.04,2.04,0.0,1.0
2007-02-12,2.119,2.119,0.0,1.0
2007-02-13,2.152,2.152,0.0,1.0
2007-02-14,2.208,2.208,0.0,1.0
2007-02-15,2.298,2.298,0.0,1.0
2007-02-16,2.321,2.321,0.0,1.0
2007-02-26,2.435,2.435,0.0,1.0
2007-02-27,2.21,2.21,0.0,1.0
2007-02-28,2.319,2.319,0.0,1.0
2007-03-01,2.259,2.259,0.0,1.0
2007-03-02,2.275,2.275,0.0,1.0
2007-03-05,2.235,2.235,0.0,1.0
2007-03-06,2.255,2.255,0.0,1.0
2007-03-07,2.304,2.304,0.0,1.0
2007-03-08,2.319,2.319,0.0,1.0
2007-03-09,2.318,2.318,0.0,1.0
2007-03-12,2.336,2.336,0.0,1.0
2007-03-13,2.347,2.347,0.0,1.0
2007-03-14,2.288,2.288,0.0,1.0
2007-03-15,2.334,2.334,0.0,1.0
2007-03-16,2.275,2.275,0.0,1.0
2007-03-19,2.318,2.318,0.0,1.0
2007-03-20,2.339,2.339,0.0,1.0
2007-03-21,2.369,2.369,0.0,1.0
2007-03-22,2.388,2.388,0.0,1.0
2007-03-23,2.397,2.397,0.0,1.0
2007-03-26,2.452,2.452,0.0,1.0
2007-03-27,2.469,2.469,0.0,1.0
2007-03-28,2.49,2.49,0.0,1.0
2007-03-29,2.476,2.476,0.0,1.0
2007-03-30,2.477,2.477,0.0,1.0
2007-04-02,2.568,2.568,0.0,1.0
2007-04-03,2.594,2.594,0.0,1.0
2007-04-04,2.595,2.595,0.0,1.0
2007-04-05,2.625,2.625,0.0,1.0
2007-04-06,2.648,2.648,0.0,1.0
2007-04-09,2.728,2.728,0.0,1.0
2007-04-10,2.78,2.78,0.0,1.0
2007-04-11,2.818,2.818,0.0,1.0
2007-04-12,2.857,2.857,0.0,1.0
2007-04-13,2.839,2.839,0.0,1.0
2007-04-16,2.905,2.905,0.0,1.0
2007-04-17,2.945,2.945,0.0,1.0
2007-04-18,2.963,2.963,0.0,1.0
2007-04-19,2.821,2.821,0.0,1.0
2007-04-20,2.931,2.931,0.0,1.0
2007-04-23,3.103,3.103,0.0,1.0
2007-04-24,3.168,3.168,0.0,1.0
2007-04-25,3.16,3.16,0.0,1.0
2007-04-26,3.21,3.21,0.0,1.0
2007-04-27,3.193,3.193,0.0,1.0
2007-04-30,3.235,3.235,0.0,1.0
2007-05-08,3.388,3.388,0.0,1.0
2007-05-09,3.404,3.404,0.0,1.0
2007-05-10,3.467,3.467,0.0,1.0
2007-05-11,3.437,3.437,0.0,1.0
2007-05-14,3.475,3.475,0.0,1.0
2007-05-15,3.329,3.329,0.0,1.0
2007-05-16,3.387,3.387,0.0,1.0
2007-05-17,3.451,3.451,0.0,1.0
2007-05-18,3.461,3.461,0.0,1.0
2007-05-21,3.492,3.492,0.0,1.0
2007-05-22,3.537,3.537,0.0,1.0
2007-05-23,3.628,3.628,0.0,1.0
2007-05-24,3.593,3.593,0.0,1.0
2007-05-25,3.598,3.598,0.0,1.0
2007-05-28,3.683,3.683,0.0,1.0
2007-05-29,3.782,3.782,0.0,1.0
2007-05-30,3.5,3.5,0.0,1.0
2007-05-31,3.542,3.542,0.0,1.0
2007-06-01,3.36,3.36,0.0,1.0
2007-06-04,3.05,3.05,0.0,1.0
2007-06-05,3.19,3.19,0.0,1.0
2007-06-06,3.215,3.215,0.0,1.0
2007-06-07,3.329,3.329,0.0,1.0
2007-06-08,3.351,3.351,0.0,1.0
2007-06-11,3.39,3.39,0.0,1.0
2007-06-12,3.54,3.54,0.0,1.0
2007-06-13,3.636,3.636,0.0,1.0
2007-06-14,3.547,3.547,0.0,1.0
2007-06-15,3.537,3.537,0.0,1.0
2007-06-18,3.621,3.621,0.0,1.0
2007-06-19,3.656,3.656,0.0,1.0
2007-06-20,3.6,3.6,0.0,1.0
2007-06-21,3.617,3.617,0.0,1.0
2007-06-22,3.504,3.504,0.0,1.0
2007-06-25,3.297,3.297,0.0,1.0
2007-06-26,3.363,3.363,0.0,1.0
2007-06-27,3.45,3.45,0.0,1.0
2007-06-28,3.29,3.29,0.0,1.0
2007-06-29,3.171,3.171,0.0,1.0
2007-07-02,3.203,3.203,0.0,1.0
2007-07-03,3.263,3.263,0.0,1.0
2007-07-04,3.202,3.202,0.0,1.0
2007-07-05,3.009,3.009,0.0,1.0
2007-07-06,3.146,3.146,0.0,1.0
2007-07-09,3.239,3.239,0.0,1.0
2007-07-10,3.165,3.165,0.0,1.0
2007-07-11,3.19,3.19,0.0,1.0
2007-07-12,3.21,3.21,0.0,1.0
2007-07-13,3.214,3.214,0.0,1.0
2007-07-16,3.112,3.112,0.0,1.0
2007-07-17,3.167,3.167,0.0,1.0
2007-07-18,3.19,3.19,0.0,1.0
2007-07-19,3.158,3.158,0.0,1.0
2007-07-20,3.282,3.282,0.0,1.0
2007-07-23,3.489,3.489,0.0,1.0
2007-07-24,3.5,3.5,0.0,1.0
2007-07-25,3.599,3.599,0.0,1.0
2007-07-26,3.624,3.624,0.0,1.0
2007-07-27,3.659,3.659,0.0,1.0
2007-07-30,3.785,3.785,0.0,1.0
2007-07-31,3.809,3.809,0.0,1.0
2007-08-01,3.671,3.671,0.0,1.0
2007-08-02,3.787,3.787,0.0,1.0
2007-08-03,3.852,3.852,0.0,1.0
2007-08-06,3.963,3.963,0.0,1.0
2007-08-07,4.01,4.01,0.0,1.0
2007-08-08,3.928,3.928,0.0,1.0
2007-08-09,4.0,4.0,0.0,1.0
2007-08-10,3.975,3.975,0.0,1.0
2007-08-13,3.981,3.981,0.0,1.0
2007-08-14,4.031,4.031,0.0,1.0
2007-08-15,4.056,4.056,0.0,1.0
2007-08-16,3.992,3.992,0.0,1.0
2007-08-17,3.921,3.921,0.0,1.0
2007-08-20,4.247,4.247,0.0,1.0
2007-08-21,4.229,4.229,0.0,1.0
2007-08-22,4.241,4.241,0.0,1.0
2007-08-23,4.276,4.276,0.0,1.0
2007-08-24,4.425,4.425,0.0,1.0
2007-08-27,4.478,4.478,0.0,1.0
2007-08-28,4.474,4.474,0.0,1.0
2007-08-29,4.392,4.392,0.0,1.0
2007-08-30,4.453,4.453,0.0,1.0
2007-08-31,4.529,4.529,0.0,1.0
2007-09-03,4.719,4.719,0.0,1.0
2007-09-04,4.709,4.709,0.0,1.0
2007-09-05,4.696,4.696,0.0,1.0
2007-09-06,4.817,4.817,0.0,1.0
2007-09-07,4.755,4.755,0.0,1.0
2007-09-10,4.815,4.815,0.0,1.0
2007-09-11,4.58,4.58,0.0,1.0
2007-09-12,4.627,4.627,0.0,1.0
2007-09-13,4.812,4.812,0.0,1.0
2007-09-14,4.956,4.956,0.0,1.0
2007-09-17,5.127,5.127,0.0,1.0
2007-09-18,5.049,5.049,0.0,1.0
2007-09-19,4.971,4.971,0.0,1.0
2007-09-20,4.979,4.979,0.0,1.0
2007-09-21,4.874,4.874,0.0,1.0
2007-09-24,4.915,4.915,0.0,1.0
2007-09-25,4.84,4.84,0.0,1.0
2007-09-26,4.734,4.734,0.0,1.0
2007-09-27,4.76,4.76,0.0,1.0
2007-09-28,4.905,4.905,0.0,1.0
2007-10-08,4.875,4.875,0.0,1.0
2007-10-09,4.865,4.865,0.0,1.0
2007-10-10,4.914,4.914,0.0,1.0
2007-10-11,4.923,4.923,0.0,1.0
2007-10-12,4.936,4.936,0.0,1.0
2007-10-15,5.188,5.188,0.0,1.0
2007-10-16,5.173,5.173,0.0,1.0
2007-10-17,5.155,5.155,0.0,1.0
2007-10-18,4.966,4.966,0.0,1.0
2007-10-19,4.921,4.921,0.0,1.0
2007-10-22,4.719,4.719,0.0,1.0
2007-10-23,4.755,4.755,0.0,1.0
2007-10-24,4.891,4.891,0.0,1.0
2007-10-25,4.6,4.6,0.0,1.0
2007-10-26,4.661,4.661,0.0,1.0
2007-10-29,4.762,4.762,0.0,1.0
2007-10-30,4.874,4.874,0.0,1.0
2007-10-31,4.903,4.903,0.0,1.0
2007-11-01,4.918,4.918,0.0,1.0
2007-11-02,4.86,4.86,0.0,1.0
2007-11-05,4.706,4.706,0.0,1.0
2007-11-06,4.55,4.55,0.0,1.0
2007-11-07,4.568,4.568,0.0,1.0
2007-11-08,4.322,4.322,0.0,1.0
2007-11-09,4.292,4.292,0.0,1.0
2007-11-12,4.209,4.209,0.0,1.0
2007-11-13,4.265,4.265,0.0,1.0
2007-11-14,4.432,4.432,0.0,1.0
2007-11-15,4.339,4.339,0.0,1.0
2007-11-16,4.309,4.309,0.0,1.0
2007-11-19,4.318,4.318,0.0,1.0
2007-11-20,4.389,4.389,0.0,1.0
2007-11-21,4.336,4.336,0.0,1.0
2007-11-22,4.199,4.199,0.0,1.0
2007-11-23,4.238,4.238,0.0,1.0
2007-11-26,4.177,4.177,0.0,1.0
2007-11-27,4.102,4.102,0.0,1.0
2007-11-28,3.996,3.996,0.0,1.0
2007-11-29,4.166,4.166,0.0,1.0
2007-11-30,4.061,4.061,0.0,1.0
2007-12-03,4.089,4.089,0.0,1.0
2007-12-04,4.165,4.165,0.0,1.0
2007-12-05,4.336,4.336,0.0,1.0
2007-12-06,4.325,4.325,0.0,1.0
2007-12-07,4.43,4.43,0.0,1.0
2007-12-10,4.516,4.516,0.0,1.0
2007-12-11,4.526,4.526,0.0,1.0
2007-12-12,4.484,4.484,0.0,1.0
2007-12-13,4.29,4.29,0.0,1.0
2007-12-14,4.351,4.351,0.0,1.0
2007-12-17,4.253,4.253,0.0,1.0
2007-12-18,4.197,4.197,0.0,1.0
2007-12-19,4.345,4.345,0.0,1.0
2007-12-20,4.465,4.465,0.0,1.0
2007-12-21,4.513,4.513,0.0,1.0
2007-12-24,4.572,4.572,0.0,1.0
2007-12-25,4.587,4.587,0.0,1.0
2007-12-26,4.632,4.632,0.0,1.0
2007-12-27,4.685,4.685,0.0,1.0
2007-12-28,4.637,4.637,0.0,1.0
2008-01-02,4.649,4.649,0.0,1.0
2008-01-03,4.794,4.794,0.0,1.0
2008-01-04,4.834,4.834,0.0,1.0
2008-01-07,4.855,4.855,0.0,1.0
2008-01-08,4.86,4.86,0.0,1.0
2008-01-09,4.958,4.958,0.0,1.0
2008-01-10,4.97,4.97,0.0,1.0
2008-01-11,4.962,4.962,0.0,1.0
2008-01-14,5.003,5.003,0.0,1.0
2008-01-15,4.965,4.965,0.0,1.0
2008-01-16,4.847,4.847,0.0,1.0
2008-01-17,4.671,4.671,0.0,1.0
2008-01-18,4.65,4.65,0.0,1.0
2008-01-21,4.406,4.406,0.0,1.0
2008-01-22,4.041,4.041,0.0,1.0
2008-01-23,4.275,4.275,0.0,1.0
2008-01-24,4.28,4.28,0.0,1.0
2008-01-25,4.312,4.312,0.0,1.0
2008-01-28,3.991,3.991,0.0,1.0
2008-01-29,3.999,3.999,0.0,1.0
2008-01-30,4.003,4.003,0.0,1.0
2008-01-31,3.97,3.97,0.0,1.0
2008-02-01,3.889,3.889,0.0,1.0
2008-02-04,4.278,4.278,0.0,1.0
2008-02-05,4.237,4.237,0.0,1.0
2008-02-13,4.139,4.139,0.0,1.0
2008-02-14,4.206,4.206,0.0,1.0
2008-02-15,4.168,4.168,0.0,1.0
2008-02-18,4.234,4.234,0.0,1.0
2008-02-19,4.354,4.354,0.0,1.0
2008-02-20,4.289,4.289,0.0,1.0
2008-02-21,4.297,4.297,0.0,1.0
2008-02-22,4.152,4.152,0.0,1.0
2008-02-25,4.013,4.013,0.0,1.0
2008-02-26,4.003,4.003,0.0,1.0
2008-02-27,4.078,4.078,0.0,1.0
2008-02-28,4.074,4.074,0.0,1.0
2008-02-29,4.088,4.088,0.0,1.0
2008-03-03,4.179,4.179,0.0,1.0
2008-03-04,4.055,4.055,0.0,1.0
2008-03-05,3.972,3.972,0.0,1.0
2008-03-06,3.991,3.991,0.0,1.0
2008-03-07,3.928,3.928,0.0,1.0
2008-03-10,3.791,3.791,0.0,1.0
2008-03-11,3.776,3.776,0.0,1.0
2008-03-12,3.673,3.673,0.0,1.0
2008-03-13,3.542,3.542,0.0,1.0
2008-03-14,3.502,3.502,0.0,1.0
2008-03-17,3.329,3.329,0.0,1.0
2008-03-18,3.137,3.137,0.0,1.0
2008-03-19,3.261,3.261,0.0,1.0
2008-03-20,3.397,3.397,0.0,1.0
2008-03-21,3.481,3.481,0.0,1.0
2008-03-24,3.315,3.315,0.0,1.0
2008-03-25,3.361,3.361,0.0,1.0
2008-03-26,3.359,3.359,0.0,1.0
2008-03-27,3.177,3.177,0.0,1.0
2008-03-28,3.279,3.279,0.0,1.0
2008-03-31,3.133,3.133,0.0,1.0
2008-04-01,2.911,2.911,0.0,1.0
2008-04-02,2.844,2.844,0.0,1.0
2008-04-03,2.959,2.959,0.0,1.0
2008-04-07,3.129,3.129,0.0,1.0
2008-04-08,3.16,3.16,0.0,1.0
2008-04-09,3.034,3.034,0.0,1.0
2008-04-10,3.067,3.067,0.0,1.0
2008-04-11,3.101,3.101,0.0,1.0
2008-04-14,2.907,2.907,0.0,1.0
2008-04-15,2.938,2.938,0.0,1.0
2008-04-16,2.847,2.847,0.0,1.0
2008-04-17,2.737,2.737,0.0,1.0
2008-04-18,2.612,2.612,0.0,1.0
2008-04-21,2.634,2.634,0.0,1.0
2008-04-22,2.665,2.665,0.0,1.0
2008-04-23,2.802,2.802,0.0,1.0
2008-04-24,3.082,3.082,0.0,1.0
2008-04-25,3.152,3.152,0.0,1.0
2008-04-28,3.084,3.084,0.0,1.0
2008-04-29,3.15,3.15,0.0,1.0
2008-04-30,3.317,3.317,0.0,1.0
2008-05-05,3.378,3.378,0.0,1.0
2008-05-06,3.336,3.336,0.0,1.0
2008-05-07,3.193,3.193,0.0,1.0
2008-05-08,3.27,3.27,0.0,1.0
2008-05-09,3.283,3.283,0.0,1.0
2008-05-12,3.321,3.321,0.0,1.0
2008-05-13,3.32,3.32,0.0,1.0
2008-05-14,3.376,3.376,0.0,1.0
2008-05-15,3.389,3.389,0.0,1.0
2008-05-16,3.344,3.344,0.0,1.0
2008-05-19,3.331,3.331,0.0,1.0
2008-05-20,3.156,3.156,0.0,1.0
2008-05-21,3.248,3.248,0.0,1.0
2008-05-22,3.191,3.191,0.0,1.0
2008-05-23,3.142,3.142,0.0,1.0
2008-05-26,3.044,3.044,0.0,1.0
2008-05-27,3.037,3.037,0.0,1.0
2008-05-28,3.127,3.127,0.0,1.0
2008-05-29,3.041,3.041,0.0,1.0
2008-05-30,3.092,3.092,0.0,1.0
2008-06-02,3.103,3.103,0.0,1.0
2008-06-03,3.09,3.09,0.0,1.0
2008-06-04,3.036,3.036,0.0,1.0
2008-06-05,3.0,3.0,0.0,1.0
2008-06-06,3.004,3.004,0.0,1.0
2008-06-10,2.718,2.718,0.0,1.0
2008-06-11,2.687,2.687,0.0,1.0
2008-06-12,2.63,2.63,0.0,1.0
2008-06-13,2.559,2.559,0.0,1.0
2008-06-16,2.565,2.565,0.0,1.0
2008-06-17,2.468,2.468,0.0,1.0
2008-06-18,2.614,2.614,0.0,1.0
2008-06-19,2.395,2.395,0.0,1.0
2008-06-20,2.445,2.445,0.0,1.0
2008-06-23,2.36,2.36,0.0,1.0
2008-06-24,2.365,2.365,0.0,1.0
2008-06-25,2.488,2.488,0.0,1.0
2008-06-26,2.502,2.502,0.0,1.0
2008-06-27,2.321,2.321,0.0,1.0
2008-06-30,2.285,2.285,0.0,1.0
2008-07-01,2.209,2.209,0.0,1.0
2008-07-02,2.226,2.226,0.0,1.0
2008-07-03,2.286,2.286,0.0,1.0
2008-07-04,2.26,2.26,0.0,1.0
2008-07-07,2.393,2.393,0.0,1.0
2008-07-08,2.416,2.416,0.0,1.0
2008-07-09,2.516,2.516,0.0,1.0
2008-07-10,2.469,2.469,0.0,1.0
2008-07-11,2.443,2.443,0.0,1.0
2008-07-14,2.469,2.469,0.0,1.0
2008-07-15,2.384,2.384,0.0,1.0
2008-07-16,2.299,2.299,0.0,1.0
2008-07-17,2.262,2.262,0.0,1.0
2008-07-18,2.352,2.352,0.0,1.0
2008-07-21,2.436,2.436,0.0,1.0
2008-07-22,2.432,2.432,0.0,1.0
2008-07-23,2.412,2.412,0.0,1.0
2008-07-24,2.479,2.479,0.0,1.0
2008-07-25,2.437,2.437,0.0,1.0
2008-07-28,2.47,2.47,0.0,1.0
2008-07-29,2.431,2.431,0.0,1.0
2008-07-30,2.414,2.414,0.0,1.0
2008-07-31,2.343,2.343,0.0,1.0
2008-08-01,2.34,2.34,0.0,1.0
2008-08-04,2.274,2.274,0.0,1.0
2008-08-05,2.207,2.207,0.0,1.0
2008-08-06,2.219,2.219,0.0,1.0
2008-08-07,2.22,2.22,0.0,1.0
2008-08-08,2.108,2.108,0.0,1.0
2008-08-11,1.99,1.99,0.0,1.0
2008-08-12,2.016,2.016,0.0,1.0
2008-08-13,2.03,2.03,0.0,1.0
2008-08-14,2.026,2.026,0.0,1.0
2008-08-15,2.028,2.028,0.0,1.0
2008-08-18,1.918,1.918,0.0,1.0
2008-08-19,1.936,1.936,0.0,1.0
2008-08-20,2.095,2.095,0.0,1.0
2008-08-21,1.985,1.985,0.0,1.0
2008-08-22,1.935,1.935,0.0,1.0
2008-08-25,1.919,1.919,0.0,1.0
2008-08-26,1.847,1.847,0.0,1.0
2008-08-27,1.845,1.845,0.0,1.0
2008-08-28,1.862,1.862,0.0,1.0
2008-08-29,1.911,1.911,0.0,1.0
2008-09-01,1.857,1.857,0.0,1.0
2008-09-02,1.851,1.851,0.0,1.0
2008-09-03,1.84,1.84,0.0,1.0
2008-09-04,1.859,1.859,0.0,1.0
2008-09-05,1.814,1.814,0.0,1.0
2008-09-08,1.739,1.739,0.0,1.0
2008-09-09,1.752,1.752,0.0,1.0
2008-09-10,1.768,1.768,0.0,1.0
2008-09-11,1.73,1.73,0.0,1.0
2008-09-12,1.747,1.747,0.0,1.0
2008-09-16,1.71,1.71,0.0,1.0
2008-09-17,1.677,1.677,0.0,1.0
2008-09-18,1.629,1.629,0.0,1.0
2008-09-19,1.792,1.792,0.0,1.0
2008-09-22,1.905,1.905,0.0,1.0
2008-09-23,1.806,1.806,0.0,1.0
2008-09-24,1.821,1.821,0.0,1.0
2008-09-25,1.888,1.888,0.0,1.0
2008-09-26,1.902,1.902,0.0,1.0
2008-10-06,1.787,1.787,0.0,1.0
2008-10-07,1.781,1.781,0.0,1.0
2008-10-08,1.733,1.733,0.0,1.0
2008-10-09,1.699,1.699,0.0,1.0
2008-10-10,1.625,1.625,0.0,1.0
2008-10-13,1.676,1.676,0.0,1.0
2008-10-14,1.631,1.631,0.0,1.0
2008-10-15,1.584,1.584,0.0,1.0
2008-10-16,1.51,1.51,0.0,1.0
2008-10-17,1.524,1.524,0.0,1.0
2008-10-20,1.573,1.573,0.0,1.0
2008-10-21,1.554,1.554,0.0,1.0
2008-10-22,1.512,1.512,0.0,1.0
2008-10-23,1.51,1.51,0.0,1.0
2008-10-24,1.466,1.466,0.0,1.0
2008-10-27,1.346,1.346,0.0,1.0
2008-10-28,1.381,1.381,0.0,1.0
2008-10-29,1.327,1.327,0.0,1.0
2008-10-30,1.351,1.351,0.0,1.0
2008-10-31,1.33,1.33,0.0,1.0
2008-11-03,1.316,1.316,0.0,1.0
2008-11-04,1.297,1.297,0.0,1.0
2008-11-05,1.342,1.342,0.0,1.0
2008-11-06,1.324,1.324,0.0,1.0
2008-11-07,1.333,1.333,0.0,1.0
2008-11-10,1.464,1.464,0.0,1.0
2008-11-11,1.443,1.443,0.0,1.0
2008-11-12,1.464,1.464,0.0,1.0
2008-11-13,1.547,1.547,0.0,1.0
2008-11-14,1.589,1.589,0.0,1.0
2008-11-17,1.635,1.635,0.0,1.0
2008-11-18,1.51,1.51,0.0,1.0
2008-11-19,1.616,1.616,0.0,1.0
2008-11-20,1.598,1.598,0.0,1.0
2008-11-21,1.586,1.586,0.0,1.0
2008-11-24,1.53,1.53,0.0,1.0
2008-11-25,1.516,1.516,0.0,1.0
2008-11-26,1.538,1.538,0.0,1.0
2008-11-27,1.567,1.567,0.0,1.0
2008-11-28,1.54,1.54,0.0,1.0
2008-12-01,1.564,1.564,0.0,1.0
2008-12-02,1.565,1.565,0.0,1.0
2008-12-03,1.639,1.639,0.0,1.0
2008-12-04,1.676,1.676,0.0,1.0
2008-12-05,1.686,1.686,0.0,1.0
2008-12-08,1.754,1.754,0.0,1.0
2008-12-09,1.709,1.709,0.0,1.0
2008-12-10,1.73,1.73,0.0,1.0
2008-12-11,1.675,1.675,0.0,1.0
2008-12-12,1.612,1.612,0.0,1.0
2008-12-15,1.63,1.63,0.0,1.0
2008-12-16,1.647,1.647,0.0,1.0
2008-12-17,1.645,1.645,0.0,1.0
2008-12-18,1.663,1.663,0.0,1.0
2008-12-19,1.674,1.674,0.0,1.0
2008-12-22,1.64,1.64,0.0,1.0
2008-12-23,1.563,1.563,0.0,1.0
2008-12-24,1.53,1.53,0.0,1.0
2008-12-25,1.513,1.513,0.0,1.0
2008-12-26,1.513,1.513,0.0,1.0
2008-12-29,1.507,1.507,0.0,1.0
2008-12-30,1.489,1.489,0.0,1.0
2008-12-31,1.467,1.467,0.0,1.0
2009-01-05,1.525,1.525,0.0,1.0
2009-01-06,1.578,1.578,0.0,1.0
2009-01-07,1.572,1.572,0.0,1.0
2009-01-08,1.543,1.543,0.0,1.0
2009-01-09,1.574,1.574,0.0,1.0
2009-01-12,1.585,1.585,0.0,1.0
2009-01-13,1.554,1.554,0.0,1.0
2009-01-14,1.604,1.604,0.0,1.0
2009-01-15,1.591,1.591,0.0,1.0
2009-01-16,1.633,1.633,0.0,1.0
2009-01-19,1.64,1.64,0.0,1.0
2009-01-20,1.651,1.651,0.0,1.0
2009-01-21,1.634,1.634,0.0,1.0
2009-01-22,1.655,1.655,0.0,1.0
2009-01-23,1.655,1.655,0.0,1.0
2009-02-02,1.676,1.676,0.0,1.0
2009-02-03,1.721,1.721,0.0,1.0
2009-02-04,1.769,1.769,0.0,1.0
2009-02-05,1.769,1.769,0.0,1.0
2009-02-06,1.84,1.84,0.0,1.0
2009-02-09,1.884,1.884,0.0,1.0
2009-02-10,1.908,1.908,0.0,1.0
2009-02-11,1.911,1.911,0.0,1.0
2009-02-12,1.902,1.902,0.0,1.0
2009-02-13,1.971,1.971,0.0,1.0
2009-02-16,2.046,2.046,0.0,1.0
2009-02-17,1.971,1.971,0.0,1.0
2009-02-18,1.87,1.87,0.0,1.0
2009-02-19,1.904,1.904,0.0,1.0
2009-02-20,1.95,1.95,0.0,1.0
2009-02-23,1.996,1.996,0.0,1.0
2009-02-24,1.903,1.903,0.0,1.0
2009-02-25,1.901,1.901,0.0,1.0
2009-02-26,1.809,1.809,0.0,1.0
2009-02-27,1.739,1.739,0.0,1.0
2009-03-02,1.762,1.762,0.0,1.0
2009-03-03,1.765,1.765,0.0,1.0
2009-03-04,1.886,1.886,0.0,1.0
2009-03-05,1.89,1.89,0.0,1.0
2009-03-06,1.869,1.869,0.0,1.0
2009-03-09,1.808,1.808,0.0,1.0
2009-03-10,1.831,1.831,0.0,1.0
2009-03-11,1.811,1.811,0.0,1.0
2009-03-12,1.809,1.809,0.0,1.0
2009-03-13,1.792,1.792,0.0,1.0
2009-03-16,1.81,1.81,0.0,1.0
2009-03-17,1.874,1.874,0.0,1.0
2009-03-18,1.897,1.897,0.0,1.0
2009-03-19,1.936,1.936,0.0,1.0
2009-03-20,1.941,1.941,0.0,1.0
2009-03-23,1.982,1.982,0.0,1.0
2009-03-24,1.979,2.003,0.024,1.0
2009-03-25,1.926,1.95,0.024,1.0
2009-03-26,1.98,2.004,0.024,1.0
2009-03-27,2.007,2.031,0.024,1.0
2009-03-30,1.987,2.011,0.024,1.0
2009-03-31,1.987,2.011,0.024,1.0
2009-04-01,2.026,2.05,0.024,1.0
2009-04-02,2.048,2.072,0.024,1.0
2009-04-03,2.036,2.06,0.024,1.0
2009-04-07,2.041,2.065,0.024,1.0
2009-04-08,1.968,1.992,0.024,1.0
2009-04-09,1.985,2.009,0.024,1.0
2009-04-10,2.029,2.053,0.024,1.0
2009-04-13,2.104,2.128,0.024,1.0
2009-04-14,2.121,2.145,0.024,1.0
2009-04-15,2.138,2.162,0.024,1.0
2009-04-16,2.145,2.169,0.024,1.0
2009-04-17,2.121,2.145,0.024,1.0
2009-04-20,2.16,2.184,0.024,1.0
2009-04-21,2.143,2.167,0.024,1.0
2009-04-22,2.063,2.087,0.024,1.0
2009-04-23,2.076,2.1,0.024,1.0
2009-04-24,2.053,2.077,0.024,1.0
2009-04-27,1.985,2.009,0.024,1.0
2009-04-28,1.995,2.019,0.024,1.0
2009-04-29,2.049,2.073,0.024,1.0
2009-04-30,2.06,2.084,0.024,1.0
2009-05-04,2.145,2.169,0.024,1.0
2009-05-05,2.159,2.183,0.024,1.0
2009-05-06,2.191,2.215,0.024,1.0
2009-05-07,2.192,2.216,0.024,1.0
2009-05-08,2.198,2.222,0.024,1.0
2009-05-11,2.148,2.172,0.024,1.0
2009-05-12,2.202,2.226,0.024,1.0
2009-05-13,2.218,2.242,0.024,1.0
2009-05-14,2.203,2.227,0.024,1.0
2009-05-15,2.2,2.224,0.024,1.0
2009-05-18,2.216,2.24,0.024,1.0
2009-05-19,2.236,2.2600000000000002,0.024,1.0
2009-05-20,2.214,2.238,0.024,1.0
2009-05-21,2.171,2.195,0.024,1.0
2009-05-22,2.162,2.186,0.024,1.0
2009-05-25,2.164,2.188,0.024,1.0
2009-05-26,2.137,2.161,0.024,1.0
2009-05-27,2.159,2.183,0.024,1.0
2009-06-01,2.221,2.245,0.024,1.0
2009-06-02,2.227,2.251,0.024,1.0
2009-06-03,2.266,2.29,0.024,1.0
2009-06-04,2.288,2.312,0.024,1.0
2009-06-05,2.263,2.287,0.024,1.0
2009-06-08,2.248,2.2720000000000002,0.024,1.0
2009-06-09,2.249,2.273,0.024,1.0
2009-06-10,2.284,2.308,0.024,1.0
2009-06-11,2.27,2.294,0.024,1.0
2009-06-12,2.207,2.231,0.024,1.0
2009-06-15,2.232,2.2560000000000002,0.024,1.0
2009-06-16,2.233,2.257,0.024,1.0
2009-06-17,2.268,2.292,0.024,1.0
2009-06-18,2.292,2.316,0.024,1.0
2009-06-19,2.298,2.322,0.024,1.0
2009-06-22,2.31,2.334,0.024,1.0
2009-06-23,2.322,2.346,0.024,1.0
2009-06-24,2.373,2.3970000000000002,0.024,1.0
2009-06-25,2.368,2.392,0.024,1.0
2009-06-26,2.365,2.3890000000000002,0.024,1.0
2009-06-29,2.39,2.414,0.024,1.0
2009-06-30,2.365,2.3890000000000002,0.024,1.0
2009-07-01,2.409,2.433,0.024,1.0
2009-07-02,2.43,2.454,0.024,1.0
2009-07-03,2.457,2.481,0.024,1.0
2009-07-06,2.545,2.569,0.024,1.0
2009-07-07,2.529,2.553,0.024,1.0
2009-07-08,2.548,2.572,0.024,1.0
2009-07-09,2.604,2.628,0.024,1.0
2009-07-10,2.597,2.621,0.024,1.0
2009-07-13,2.559,2.583,0.024,1.0
2009-07-14,2.645,2.669,0.024,1.0
2009-07-15,2.712,2.736,0.024,1.0
2009-07-16,2.696,2.72,0.024,1.0
2009-07-17,2.713,2.737,0.024,1.0
2009-07-20,2.783,2.807,0.024,1.0
2009-07-21,2.73,2.754,0.024,1.0
2009-07-22,2.806,2.83,0.024,1.0
2009-07-23,2.824,2.848,0.024,1.0
2009-07-24,2.845,2.869,0.024,1.0
2009-07-27,2.908,2.932,0.024,1.0
2009-07-28,2.964,2.988,0.024,1.0
2009-07-29,2.83,2.854,0.024,1.0
2009-07-30,2.873,2.8970000000000002,0.024,1.0
2009-07-31,2.971,2.995,0.024,1.0
2009-08-03,3.079,3.103,0.024,1.0
2009-08-04,3.121,3.145,0.024,1.0
2009-08-05,3.07,3.094,0.024,1.0
2009-08-06,2.969,2.993,0.024,1.0
2009-08-07,2.849,2.873,0.024,1.0
2009-08-10,2.877,2.901,0.024,1.0
2009-08-11,2.887,2.911,0.024,1.0
2009-08-12,2.736,2.7600000000000002,0.024,1.0
2009-08-13,2.752,2.776,0.024,1.0
2009-08-14,2.665,2.689,0.024,1.0
2009-08-17,2.48,2.504,0.024,1.0
2009-08-18,2.552,2.576,0.024,1.0
2009-08-19,2.395,2.419,0.024,1.0
2009-08-20,2.503,2.527,0.024,1.0
2009-08-21,2.566,2.59,0.024,1.0
2009-08-24,2.587,2.611,0.024,1.0
2009-08-25,2.512,2.536,0.024,1.0
2009-08-26,2.58,2.604,0.024,1.0
2009-08-27,2.55,2.574,0.024,1.0
2009-08-28,2.47,2.494,0.024,1.0
2009-08-31,2.25,2.274,0.024,1.0
2009-09-01,2.259,2.283,0.024,1.0
2009-09-02,2.289,2.313,0.024,1.0
2009-09-03,2.435,2.459,0.024,1.0
2009-09-04,2.447,2.471,0.024,1.0
2009-09-07,2.449,2.473,0.024,1.0
2009-09-08,2.5,2.524,0.024,1.0
2009-09-09,2.538,2.562,0.024,1.0
2009-09-10,2.501,2.525,0.024,1.0
2009-09-11,2.545,2.569,0.024,1.0
2009-09-14,2.587,2.611,0.024,1.0
2009-09-15,2.599,2.623,0.024,1.0
2009-09-16,2.557,2.581,0.024,1.0
2009-09-17,2.613,2.637,0.024,1.0
2009-09-18,2.522,2.546,0.024,1.0
2009-09-21,2.519,2.543,0.024,1.0
2009-09-22,2.438,2.462,0.024,1.0
2009-09-23,2.386,2.41,0.024,1.0
2009-09-24,2.39,2.414,0.024,1.0
2009-09-25,2.375,2.399,0.024,1.0
2009-09-28,2.295,2.319,0.024,1.0
2009-09-29,2.291,2.315,0.024,1.0
2009-09-30,2.312,2.336,0.024,1.0
2009-10-09,2.434,2.458,0.024,1.0
2009-10-12,2.419,2.443,0.024,1.0
2009-10-13,2.469,2.493,0.024,1.0
2009-10-14,2.497,2.521,0.024,1.0
2009-10-15,2.514,2.538,0.024,1.0
2009-10-16,2.516,2.54,0.024,1.0
2009-10-19,2.581,2.605,0.024,1.0
2009-10-20,2.604,2.628,0.024,1.0
2009-10-21,2.592,2.616,0.024,1.0
2009-10-22,2.548,2.595,0.047,1.0
2009-10-23,2.585,2.632,0.047,1.0
2009-10-26,2.596,2.6430000000000002,0.047,1.0
2009-10-27,2.527,2.5740000000000003,0.047,1.0
2009-10-28,2.535,2.5820000000000003,0.047,1.0
2009-10-29,2.481,2.528,0.047,1.0
2009-10-30,2.501,2.548,0.047,1.0
2009-11-02,2.574,2.621,0.047,1.0
2009-11-03,2.612,2.6590000000000003,0.047,1.0
2009-11-04,2.633,2.68,0.047,1.0
2009-11-05,2.66,2.7070000000000003,0.047,1.0
2009-11-06,2.689,2.736,0.047,1.0
2009-11-09,2.707,2.754,0.047,1.0
2009-11-10,2.709,2.7560000000000002,0.047,1.0
2009-11-11,2.692,2.7390000000000003,0.047,1.0
2009-11-12,2.698,2.745,0.047,1.0
2009-11-13,2.703,2.75,0.047,1.0
2009-11-16,2.788,2.835,0.047,1.0
2009-11-17,2.78,2.827,0.047,1.0
2009-11-18,2.79,2.837,0.047,1.0
2009-11-19,2.815,2.862,0.047,1.0
2009-11-20,2.796,2.843,0.047,1.0
2009-11-23,2.838,2.8850000000000002,0.047,1.0
2009-11-24,2.76,2.807,0.047,1.0
2009-11-25,2.839,2.886,0.047,1.0
2009-11-26,2.719,2.766,0.047,1.0
2009-11-27,2.639,2.686,0.047,1.0
2009-11-30,2.744,2.7910000000000004,0.047,1.0
2009-12-01,2.797,2.8440000000000003,0.047,1.0
2009-12-02,2.815,2.862,0.047,1.0
2009-12-03,2.834,2.8810000000000002,0.047,1.0
2009-12-04,2.861,2.9080000000000004,0.047,1.0
2009-12-07,2.877,2.924,0.047,1.0
2009-12-08,2.855,2.902,0.047,1.0
2009-12-09,2.803,2.85,0.047,1.0
2009-12-10,2.81,2.857,0.047,1.0
2009-12-11,2.8,2.847,0.047,1.0
2009-12-14,2.832,2.879,0.047,1.0
2009-12-15,2.83,2.8770000000000002,0.047,1.0
2009-12-16,2.803,2.85,0.047,1.0
2009-12-17,2.732,2.7790000000000004,0.047,1.0
2009-12-18,2.685,2.732,0.047,1.0
2009-12-21,2.687,2.734,0.047,1.0
2009-12-22,2.62,2.6670000000000003,0.047,1.0
2009-12-23,2.645,2.692,0.047,1.0
2009-12-24,2.725,2.7720000000000002,0.047,1.0
2009-12-25,2.715,2.762,0.047,1.0
2009-12-28,2.766,2.813,0.047,1.0
2009-12-29,2.767,2.814,0.047,1.0
2009-12-30,2.806,2.853,0.047,1.0
2009-12-31,2.818,2.865,0.047,1.0
2010-01-04,2.777,2.8240000000000003,0.047,1.0
2010-01-05,2.813,2.8600000000000003,0.047,1.0
2010-01-06,2.808,2.855,0.047,1.0
2010-01-07,2.738,2.785,0.047,1.0
2010-01-08,2.739,2.786,0.047,1.0
2010-01-11,2.741,2.7880000000000003,0.047,1.0
2010-01-12,2.782,2.829,0.047,1.0
2010-01-13,2.674,2.721,0.047,1.0
2010-01-14,2.71,2.757,0.047,1.0
2010-01-15,2.718,2.765,0.047,1.0
2010-01-18,2.727,2.774,0.047,1.0
2010-01-19,2.732,2.7790000000000004,0.047,1.0
2010-01-20,2.65,2.697,0.047,1.0
2010-01-21,2.655,2.702,0.047,1.0
2010-01-22,2.654,2.701,0.047,1.0
2010-01-25,2.608,2.6550000000000002,0.047,1.0
2010-01-26,2.542,2.589,0.047,1.0
2010-01-27,2.507,2.5540000000000003,0.047,1.0
2010-01-28,2.492,2.539,0.047,1.0
2010-01-29,2.49,2.5370000000000004,0.047,1.0
2010-02-01,2.449,2.496,0.047,1.0
2010-02-02,2.447,2.494,0.047,1.0
2010-02-03,2.516,2.563,0.047,1.0
2010-02-04,2.504,2.551,0.047,1.0
2010-02-05,2.449,2.496,0.047,1.0
2010-02-08,2.451,2.498,0.047,1.0
2010-02-09,2.464,2.511,0.047,1.0
2010-02-10,2.491,2.5380000000000003,0.047,1.0
2010-02-11,2.493,2.54,0.047,1.0
2010-02-12,2.519,2.5660000000000003,0.047,1.0
2010-02-22,2.511,2.5580000000000003,0.047,1.0
2010-02-23,2.489,2.536,0.047,1.0
2010-02-24,2.522,2.569,0.047,1.0
2010-02-25,2.555,2.6020000000000003,0.047,1.0
2010-02-26,2.536,2.583,0.047,1.0
2010-03-01,2.571,2.6180000000000003,0.047,1.0
2010-03-02,2.556,2.603,0.047,1.0
2010-03-03,2.571,2.6180000000000003,0.047,1.0
2010-03-04,2.513,2.56,0.047,1.0
2010-03-05,2.52,2.567,0.047,1.0
2010-03-08,2.545,2.592,0.047,1.0
2010-03-09,2.558,2.605,0.047,1.0
2010-03-10,2.545,2.592,0.047,1.0
2010-03-11,2.552,2.599,0.047,1.0
2010-03-12,2.513,2.56,0.047,1.0
2010-03-15,2.485,2.532,0.047,1.0
2010-03-16,2.487,2.5340000000000003,0.047,1.0
2010-03-17,2.53,2.577,0.047,1.0
2010-03-18,2.526,2.573,0.047,1.0
2010-03-19,2.539,2.5860000000000003,0.047,1.0
2010-03-22,2.544,2.591,0.047,1.0
2010-03-23,2.526,2.573,0.047,1.0
2010-03-24,2.529,2.576,0.047,1.0
2010-03-25,2.502,2.549,0.047,1.0
2010-03-26,2.543,2.5900000000000003,0.047,1.0
2010-03-29,2.603,2.6500000000000004,0.047,1.0
2010-03-30,2.604,2.6510000000000002,0.047,1.0
2010-03-31,2.582,2.629,0.047,1.0
2010-04-01,2.612,2.6590000000000003,0.047,1.0
2010-04-02,2.625,2.672,0.047,1.0
2010-04-06,2.633,2.68,0.047,1.0
2010-04-07,2.617,2.664,0.047,1.0
2010-04-08,2.583,2.6300000000000003,0.047,1.0
2010-04-09,2.601,2.648,0.047,1.0
2010-04-12,2.569,2.616,0.047,1.0
2010-04-13,2.612,2.6590000000000003,0.047,1.0
2010-04-14,2.612,2.6590000000000003,0.047,1.0
2010-04-15,2.612,2.6590000000000003,0.047,1.0
2010-04-16,2.577,2.624,0.047,1.0
2010-04-19,2.453,2.5,0.047,1.0
2010-04-20,2.446,2.4930000000000003,0.047,1.0
2010-04-21,2.486,2.5330000000000004,0.047,1.0
2010-04-22,2.431,2.478,0.047,1.0
2010-04-23,2.419,2.466,0.047,1.0
2010-04-26,2.397,2.444,0.047,1.0
2010-04-27,2.349,2.3960000000000004,0.047,1.0
2010-04-28,2.352,2.399,0.047,1.0
2010-04-29,2.338,2.3850000000000002,0.047,1.0
2010-04-30,2.357,2.4040000000000004,0.047,1.0
2010-05-04,2.323,2.37,0.047,1.0
2010-05-05,2.337,2.3840000000000003,0.047,1.0
2010-05-06,2.232,2.2790000000000004,0.047,1.0
2010-05-07,2.201,2.248,0.047,1.0
2010-05-10,2.213,2.2600000000000002,0.047,1.0
2010-05-11,2.185,2.232,0.047,1.0
2010-05-12,2.215,2.262,0.047,1.0
2010-05-13,2.259,2.306,0.047,1.0
2010-05-14,2.237,2.2840000000000003,0.047,1.0
2010-05-17,2.142,2.189,0.047,1.0
2010-05-18,2.185,2.232,0.047,1.0
2010-05-19,2.159,2.206,0.047,1.0
2010-05-20,2.148,2.1950000000000003,0.047,1.0
2010-05-21,2.171,2.218,0.047,1.0
2010-05-24,2.245,2.2920000000000003,0.047,1.0
2010-05-25,2.194,2.241,0.047,1.0
2010-05-26,2.184,2.2310000000000003,0.047,1.0
2010-05-27,2.222,2.269,0.047,1.0
2010-05-28,2.217,2.2640000000000002,0.047,1.0
2010-05-31,2.162,2.209,0.047,1.0
2010-06-01,2.14,2.1870000000000003,0.047,1.0
2010-06-02,2.138,2.185,0.047,1.0
2010-06-03,2.137,2.184,0.047,1.0
2010-06-04,2.136,2.1830000000000003,0.047,1.0
2010-06-07,2.081,2.128,0.047,1.0
2010-06-08,2.086,2.133,0.047,1.0
2010-06-09,2.145,2.192,0.047,1.0
2010-06-10,2.125,2.172,0.047,1.0
2010-06-11,2.139,2.186,0.047,1.0
2010-06-17,2.122,2.169,0.047,1.0
2010-06-18,2.1,2.1470000000000002,0.047,1.0
2010-06-21,2.147,2.194,0.047,1.0
2010-06-22,2.143,2.19,0.047,1.0
2010-06-23,2.123,2.1700000000000004,0.047,1.0
2010-06-24,2.131,2.178,0.047,1.0
2010-06-25,2.117,2.164,0.047,1.0
2010-06-28,2.11,2.157,0.047,1.0
2010-06-29,2.021,2.068,0.047,1.0
2010-06-30,1.995,2.0420000000000003,0.047,1.0
2010-07-01,1.97,2.017,0.047,1.0
2010-07-02,1.979,2.0260000000000002,0.047,1.0
2010-07-05,1.961,2.008,0.047,1.0
2010-07-06,2.006,2.053,0.047,1.0
2010-07-07,2.006,2.053,0.047,1.0
2010-07-08,2.006,2.053,0.047,1.0
2010-07-09,2.06,2.107,0.047,1.0
2010-07-12,2.086,2.133,0.047,1.0
2010-07-13,2.054,2.101,0.047,1.0
2010-07-14,2.069,2.116,0.047,1.0
2010-07-15,2.012,2.079,0.067,1.0
2010-07-16,2.024,2.091,0.067,1.0
2010-07-19,2.069,2.136,0.067,1.0
2010-07-20,2.107,2.1740000000000004,0.067,1.0
2010-07-21,2.109,2.176,0.067,1.0
2010-07-22,2.128,2.1950000000000003,0.067,1.0
2010-07-23,2.139,2.206,0.067,1.0
2010-07-26,2.141,2.208,0.067,1.0
2010-07-27,2.133,2.2,0.067,1.0
2010-07-28,2.184,2.2510000000000003,0.067,1.0
2010-07-29,2.2,2.2670000000000003,0.067,1.0
2010-07-30,2.187,2.254,0.067,1.0
2010-08-02,2.225,2.2920000000000003,0.067,1.0
2010-08-03,2.19,2.257,0.067,1.0
2010-08-04,2.201,2.2680000000000002,0.067,1.0
2010-08-05,2.164,2.2310000000000003,0.067,1.0
2010-08-06,2.2,2.2670000000000003,0.067,1.0
2010-08-09,2.202,2.269,0.067,1.0
2010-08-10,2.144,2.2110000000000003,0.067,1.0
2010-08-11,2.149,2.216,0.067,1.0
2010-08-12,2.123,2.1900000000000004,0.067,1.0
2010-08-13,2.149,2.216,0.067,1.0
2010-08-16,2.197,2.2640000000000002,0.067,1.0
2010-08-17,2.2,2.2670000000000003,0.067,1.0
2010-08-18,2.191,2.258,0.067,1.0
2010-08-19,2.202,2.269,0.067,1.0
2010-08-20,2.176,2.2430000000000003,0.067,1.0
2010-08-23,2.155,2.222,0.067,1.0
2010-08-24,2.163,2.23,0.067,1.0
2010-08-25,2.112,2.1790000000000003,0.067,1.0
2010-08-26,2.115,2.1820000000000004,0.067,1.0
2010-08-27,2.124,2.1910000000000003,0.067,1.0
2010-08-30,2.155,2.222,0.067,1.0
2010-08-31,2.137,2.204,0.067,1.0
2010-09-01,2.134,2.201,0.067,1.0
2010-09-02,2.156,2.2230000000000003,0.067,1.0
2010-09-03,2.144,2.2110000000000003,0.067,1.0
2010-09-06,2.194,2.261,0.067,1.0
2010-09-07,2.191,2.258,0.067,1.0
2010-09-08,2.183,2.25,0.067,1.0
2010-09-09,2.154,2.221,0.067,1.0
2010-09-10,2.147,2.214,0.067,1.0
2010-09-13,2.164,2.2310000000000003,0.067,1.0
2010-09-14,2.158,2.225,0.067,1.0
2010-09-15,2.133,2.2,0.067,1.0
2010-09-16,2.082,2.149,0.067,1.0
2010-09-17,2.078,2.145,0.067,1.0
2010-09-20,2.081,2.148,0.067,1.0
2010-09-21,2.082,2.149,0.067,1.0
2010-09-27,2.1,2.1670000000000003,0.067,1.0
2010-09-28,2.079,2.1460000000000004,0.067,1.0
2010-09-29,2.084,2.1510000000000002,0.067,1.0
2010-09-30,2.121,2.188,0.067,1.0
2010-10-08,2.186,2.253,0.067,1.0
2010-10-11,2.25,2.317,0.067,1.0
2010-10-12,2.273,2.3400000000000003,0.067,1.0
2010-10-13,2.29,2.357,0.067,1.0
2010-10-14,2.322,2.3890000000000002,0.067,1.0
2010-10-15,2.415,2.482,0.067,1.0
2010-10-18,2.41,2.4770000000000003,0.067,1.0
2010-10-19,2.445,2.512,0.067,1.0
2010-10-20,2.45,2.5170000000000003,0.067,1.0
2010-10-21,2.422,2.4890000000000003,0.067,1.0
2010-10-22,2.396,2.484,0.088,1.0
2010-10-25,2.451,2.539,0.088,1.0
2010-10-26,2.431,2.519,0.088,1.0
2010-10-27,2.417,2.505,0.088,1.0
2010-10-28,2.417,2.505,0.088,1.0
2010-10-29,2.381,2.469,0.088,1.0
2010-11-01,2.449,2.537,0.088,1.0
2010-11-02,2.436,2.524,0.088,1.0
2010-11-03,2.419,2.507,0.088,1.0
2010-11-04,2.453,2.541,0.088,1.0
2010-11-05,2.478,2.5660000000000003,0.088,1.0
2010-11-08,2.508,2.596,0.088,1.0
2010-11-09,2.484,2.572,0.088,1.0
2010-11-10,2.457,2.545,0.088,1.0
2010-11-11,2.471,2.559,0.088,1.0
2010-11-12,2.353,2.4410000000000003,0.088,1.0
2010-11-15,2.366,2.454,0.088,1.0
2010-11-16,2.269,2.357,0.088,1.0
2010-11-17,2.232,2.3200000000000003,0.088,1.0
2010-11-18,2.254,2.342,0.088,1.0
2010-11-19,2.274,2.362,0.088,1.0
2010-11-22,2.247,2.335,0.088,1.0
2010-11-23,2.217,2.305,0.088,1.0
2010-11-24,2.225,2.313,0.088,1.0
2010-11-25,2.25,2.338,0.088,1.0
2010-11-26,2.24,2.3280000000000003,0.088,1.0
2010-11-29,2.22,2.3080000000000003,0.088,1.0
2010-11-30,2.194,2.282,0.088,1.0
2010-12-01,2.2,2.2880000000000003,0.088,1.0
2010-12-02,2.213,2.301,0.088,1.0
2010-12-03,2.209,2.297,0.088,1.0
2010-12-06,2.216,2.3040000000000003,0.088,1.0
2010-12-07,2.229,2.317,0.088,1.0
2010-12-08,2.205,2.293,0.088,1.0
2010-12-09,2.181,2.269,0.088,1.0
2010-12-10,2.192,2.2800000000000002,0.088,1.0
2010-12-13,2.258,2.346,0.088,1.0
2010-12-14,2.258,2.346,0.088,1.0
2010-12-15,2.252,2.34,0.088,1.0
2010-12-16,2.25,2.338,0.088,1.0
2010-12-17,2.245,2.333,0.088,1.0
2010-12-20,2.204,2.2920000000000003,0.088,1.0
2010-12-21,2.253,2.341,0.088,1.0
2010-12-22,2.234,2.322,0.088,1.0
2010-12-23,2.237,2.325,0.088,1.0
2010-12-24,2.214,2.302,0.088,1.0
2010-12-27,2.181,2.269,0.088,1.0
2010-12-28,2.154,2.242,0.088,1.0
2010-12-29,2.151,2.239,0.088,1.0
2010-12-30,2.154,2.242,0.088,1.0
2010-12-31,2.178,2.266,0.088,1.0
2011-01-04,2.22,2.3080000000000003,0.088,1.0
2011-01-05,2.22,2.3080000000000003,0.088,1.0
2011-01-06,2.206,2.294,0.088,1.0
2011-01-07,2.222,2.31,0.088,1.0
2011-01-10,2.192,2.2800000000000002,0.088,1.0
2011-01-11,2.21,2.298,0.088,1.0
2011-01-12,2.22,2.3080000000000003,0.088,1.0
2011-01-13,2.221,2.309,0.088,1.0
2011-01-14,2.203,2.291,0.088,1.0
2011-01-17,2.14,2.228,0.088,1.0
2011-01-18,2.131,2.219,0.088,1.0
2011-01-19,2.169,2.257,0.088,1.0
2011-01-20,2.11,2.198,0.088,1.0
2011-01-21,2.136,2.224,0.088,1.0
2011-01-24,2.127,2.215,0.088,1.0
2011-01-25,2.12,2.208,0.088,1.0
2011-01-26,2.128,2.216,0.088,1.0
2011-01-27,2.163,2.251,0.088,1.0
2011-01-28,2.169,2.257,0.088,1.0
2011-01-31,2.186,2.274,0.088,1.0
2011-02-01,2.191,2.279,0.088,1.0
2011-02-09,2.17,2.258,0.088,1.0
2011-02-10,2.198,2.286,0.088,1.0
2011-02-11,2.2,2.2880000000000003,0.088,1.0
2011-02-14,2.283,2.371,0.088,1.0
2011-02-15,2.278,2.366,0.088,1.0
2011-02-16,2.292,2.38,0.088,1.0
2011-02-17,2.288,2.376,0.088,1.0
2011-02-18,2.27,2.358,0.088,1.0
2011-02-21,2.305,2.3930000000000002,0.088,1.0
2011-02-22,2.243,2.331,0.088,1.0
2011-02-23,2.243,2.331,0.088,1.0
2011-02-24,2.257,2.345,0.088,1.0
2011-02-25,2.264,2.352,0.088,1.0
2011-02-28,2.285,2.373,0.088,1.0
2011-03-01,2.295,2.383,0.088,1.0
2011-03-02,2.281,2.369,0.088,1.0
2011-03-03,2.29,2.378,0.088,1.0
2011-03-04,2.323,2.411,0.088,1.0
2011-03-07,2.383,2.471,0.088,1.0
2011-03-08,2.38,2.468,0.088,1.0
2011-03-09,2.369,2.4570000000000003,0.088,1.0
2011-03-10,2.33,2.418,0.088,1.0
2011-03-11,2.308,2.396,0.088,1.0
2011-03-14,2.31,2.398,0.088,1.0
2011-03-15,2.27,2.358,0.088,1.0
2011-03-16,2.302,2.39,0.088,1.0
2011-03-17,2.28,2.368,0.088,1.0
2011-03-18,2.286,2.374,0.088,1.0
2011-03-21,2.273,2.361,0.088,1.0
2011-03-22,2.29,2.378,0.088,1.0
2011-03-23,2.315,2.403,0.088,1.0
2011-03-24,2.315,2.403,0.088,1.0
2011-03-25,2.347,2.435,0.088,1.0
2011-03-28,2.339,2.427,0.088,1.0
2011-03-29,2.336,2.424,0.088,1.0
2011-03-30,2.33,2.418,0.088,1.0
2011-03-31,2.311,2.399,0.088,1.0
2011-04-01,2.345,2.4330000000000003,0.088,1.0
2011-04-06,2.389,2.477,0.088,1.0
2011-04-07,2.387,2.475,0.088,1.0
2011-04-08,2.4,2.488,0.088,1.0
2011-04-11,2.399,2.487,0.088,1.0
2011-04-12,2.401,2.489,0.088,1.0
2011-04-13,2.416,2.504,0.088,1.0
2011-04-14,2.415,2.503,0.088,1.0
2011-04-15,2.423,2.511,0.088,1.0
2011-04-18,2.43,2.5180000000000002,0.088,1.0
2011-04-19,2.38,2.468,0.088,1.0
2011-04-20,2.375,2.463,0.088,1.0
2011-04-21,2.398,2.486,0.088,1.0
2011-04-22,2.381,2.469,0.088,1.0
2011-04-25,2.342,2.43,0.088,1.0
2011-04-26,2.326,2.414,0.088,1.0
2011-04-27,2.322,2.41,0.088,1.0
2011-04-28,2.304,2.392,0.088,1.0
2011-04-29,2.322,2.41,0.088,1.0
2011-05-03,2.329,2.4170000000000003,0.088,1.0
2011-05-04,2.274,2.362,0.088,1.0
2011-05-05,2.273,2.361,0.088,1.0
2011-05-06,2.27,2.358,0.088,1.0
2011-05-09,2.275,2.363,0.088,1.0
2011-05-10,2.288,2.376,0.088,1.0
2011-05-11,2.28,2.368,0.088,1.0
2011-05-12,2.258,2.346,0.088,1.0
2011-05-13,2.275,2.363,0.088,1.0
2011-05-16,2.249,2.337,0.088,1.0
2011-05-17,2.261,2.349,0.088,1.0
2011-05-18,2.271,2.359,0.088,1.0
2011-05-19,2.258,2.346,0.088,1.0
2011-05-20,2.252,2.34,0.088,1.0
2011-05-23,2.19,2.278,0.088,1.0
2011-05-24,2.18,2.2680000000000002,0.088,1.0
2011-05-25,2.16,2.248,0.088,1.0
2011-05-26,2.167,2.255,0.088,1.0
2011-05-27,2.158,2.246,0.088,1.0
2011-05-30,2.161,2.249,0.088,1.0
2011-05-31,2.187,2.275,0.088,1.0
2011-06-01,2.181,2.269,0.088,1.0
2011-06-02,2.149,2.237,0.088,1.0
2011-06-03,2.165,2.253,0.088,1.0
2011-06-07,2.169,2.257,0.088,1.0
2011-06-08,2.167,2.255,0.088,1.0
2011-06-09,2.142,2.23,0.088,1.0
2011-06-10,2.149,2.237,0.088,1.0
2011-06-13,2.143,2.231,0.088,1.0
2011-06-14,2.156,2.244,0.088,1.0
2011-06-15,2.149,2.237,0.088,1.0
2011-06-16,2.125,2.213,0.088,1.0
2011-06-17,2.11,2.198,0.088,1.0
2011-06-20,2.103,2.1910000000000003,0.088,1.0
2011-06-21,2.116,2.204,0.088,1.0
2011-06-22,2.117,2.205,0.088,1.0
2011-06-23,2.147,2.235,0.088,1.0
2011-06-24,2.204,2.2920000000000003,0.088,1.0
2011-06-27,2.197,2.285,0.088,1.0
2011-06-28,2.198,2.286,0.088,1.0
2011-06-29,2.178,2.266,0.088,1.0
2011-06-30,2.195,2.283,0.088,1.0
2011-07-01,2.196,2.2840000000000003,0.088,1.0
2011-07-04,2.239,2.327,0.088,1.0
2011-07-05,2.237,2.325,0.088,1.0
2011-07-06,2.228,2.3160000000000003,0.088,1.0
2011-07-07,2.228,2.3160000000000003,0.088,1.0
2011-07-08,2.226,2.314,0.088,1.0
2011-07-11,2.222,2.31,0.088,1.0
2011-07-12,2.182,2.27,0.088,1.0
2011-07-13,2.207,2.295,0.088,1.0
2011-07-14,2.215,2.303,0.088,1.0
2011-07-15,2.22,2.3080000000000003,0.088,1.0
2011-07-18,2.217,2.305,0.088,1.0
2011-07-19,2.2,2.2880000000000003,0.088,1.0
2011-07-20,2.193,2.281,0.088,1.0
2011-07-21,2.18,2.2680000000000002,0.088,1.0
2011-07-22,2.177,2.265,0.088,1.0
2011-07-25,2.12,2.208,0.088,1.0
2011-07-26,2.116,2.204,0.088,1.0
2011-07-27,2.125,2.213,0.088,1.0
2011-07-28,2.112,2.2,0.088,1.0
2011-07-29,2.118,2.206,0.088,1.0
2011-08-01,2.125,2.213,0.088,1.0
2011-08-02,2.11,2.198,0.088,1.0
2011-08-03,2.103,2.1910000000000003,0.088,1.0
2011-08-04,2.107,2.1950000000000003,0.088,1.0
2011-08-05,2.061,2.149,0.088,1.0
2011-08-08,1.988,2.076,0.088,1.0
2011-08-09,1.989,2.077,0.088,1.0
2011-08-10,2.007,2.095,0.088,1.0
2011-08-11,2.032,2.12,0.088,1.0
2011-08-12,2.038,2.126,0.088,1.0
2011-08-15,2.066,2.154,0.088,1.0
2011-08-16,2.057,2.145,0.088,1.0
2011-08-17,2.059,2.1470000000000002,0.088,1.0
2011-08-18,2.034,2.122,0.088,1.0
2011-08-19,2.008,2.096,0.088,1.0
2011-08-22,1.995,2.083,0.088,1.0
2011-08-23,2.024,2.112,0.088,1.0
2011-08-24,2.017,2.105,0.088,1.0
2011-08-25,2.085,2.173,0.088,1.0
2011-08-26,2.079,2.1670000000000003,0.088,1.0
2011-08-29,2.049,2.137,0.088,1.0
2011-08-30,2.047,2.1350000000000002,0.088,1.0
2011-08-31,2.047,2.1350000000000002,0.088,1.0
2011-09-01,2.041,2.129,0.088,1.0
2011-09-02,2.019,2.107,0.088,1.0
2011-09-05,1.98,2.068,0.088,1.0
2011-09-06,1.966,2.054,0.088,1.0
2011-09-07,2.01,2.098,0.088,1.0
2011-09-08,2.0,2.088,0.088,1.0
2011-09-09,2.003,2.091,0.088,1.0
2011-09-13,1.994,2.082,0.088,1.0
2011-09-14,2.0,2.088,0.088,1.0
2011-09-15,1.999,2.087,0.088,1.0
2011-09-16,1.999,2.087,0.088,1.0
2011-09-19,1.968,2.056,0.088,1.0
2011-09-20,1.979,2.067,0.088,1.0
2011-09-21,2.028,2.116,0.088,1.0
2011-09-22,1.971,2.059,0.088,1.0
2011-09-23,1.965,2.053,0.088,1.0
2011-09-26,1.936,2.024,0.088,1.0
2011-09-27,1.951,2.039,0.088,1.0
2011-09-28,1.946,2.034,0.088,1.0
2011-09-29,1.936,2.024,0.088,1.0
2011-09-30,1.937,2.025,0.088,1.0
2011-10-10,1.927,2.015,0.088,1.0
2011-10-11,1.915,2.003,0.088,1.0
2011-10-12,1.968,2.056,0.088,1.0
2011-10-13,1.973,2.061,0.088,1.0
2011-10-14,1.973,2.061,0.088,1.0
2011-10-17,1.974,2.062,0.088,1.0
2011-10-18,1.932,2.02,0.088,1.0
2011-10-19,1.937,2.025,0.088,1.0
2011-10-20,1.892,1.98,0.088,1.0
2011-10-21,1.902,1.99,0.088,1.0
2011-10-24,1.9,2.0229999999999997,0.123,1.0
2011-10-25,1.934,2.057,0.123,1.0
2011-10-26,1.941,2.064,0.123,1.0
2011-10-27,1.948,2.0709999999999997,0.123,1.0
2011-10-28,1.976,2.099,0.123,1.0
2011-10-31,1.964,2.0869999999999997,0.123,1.0
2011-11-01,1.965,2.088,0.123,1.0
2011-11-02,1.991,2.114,0.123,1.0
2011-11-03,1.996,2.1189999999999998,0.123,1.0
2011-11-04,2.003,2.1260000000000003,0.123,1.0
2011-11-07,1.992,2.115,0.123,1.0
2011-11-08,1.998,2.121,0.123,1.0
2011-11-09,2.009,2.1319999999999997,0.123,1.0
2011-11-10,1.978,2.101,0.123,1.0
2011-11-11,1.973,2.096,0.123,1.0
2011-11-14,2.011,2.1340000000000003,0.123,1.0
2011-11-15,2.003,2.1260000000000003,0.123,1.0
2011-11-16,1.953,2.076,0.123,1.0
2011-11-17,1.956,2.0789999999999997,0.123,1.0
2011-11-18,1.92,2.043,0.123,1.0
2011-11-21,1.92,2.043,0.123,1.0
2011-11-22,1.917,2.04,0.123,1.0
2011-11-23,1.902,2.025,0.123,1.0
2011-11-24,1.896,2.019,0.123,1.0
2011-11-25,1.891,2.0140000000000002,0.123,1.0
2011-11-28,1.895,2.018,0.123,1.0
2011-11-29,1.92,2.043,0.123,1.0
2011-11-30,1.86,1.983,0.123,1.0
2011-12-01,1.896,2.019,0.123,1.0
2011-12-02,1.876,1.9989999999999999,0.123,1.0
2011-12-05,1.858,1.981,0.123,1.0
2011-12-06,1.865,1.988,0.123,1.0
2011-12-07,1.865,1.988,0.123,1.0
2011-12-08,1.865,1.988,0.123,1.0
2011-12-09,1.858,1.981,0.123,1.0
2011-12-12,1.843,1.966,0.123,1.0
2011-12-13,1.819,1.942,0.123,1.0
2011-12-14,1.808,1.931,0.123,1.0
2011-12-15,1.776,1.899,0.123,1.0
2011-12-16,1.802,1.925,0.123,1.0
2011-12-19,1.79,1.913,0.123,1.0
2011-12-20,1.785,1.908,0.123,1.0
2011-12-21,1.762,1.885,0.123,1.0
2011-12-22,1.765,1.888,0.123,1.0
2011-12-23,1.779,1.902,0.123,1.0
2011-12-26,1.768,1.891,0.123,1.0
2011-12-27,1.762,1.885,0.123,1.0
2011-12-28,1.76,1.883,0.123,1.0
2011-12-29,1.763,1.886,0.123,1.0
2011-12-30,1.776,1.899,0.123,1.0
2012-01-04,1.758,1.881,0.123,1.0
2012-01-05,1.752,1.875,0.123,1.0
2012-01-06,1.765,1.888,0.123,1.0
2012-01-09,1.815,1.938,0.123,1.0
2012-01-10,1.86,1.983,0.123,1.0
2012-01-11,1.847,1.97,0.123,1.0
2012-01-12,1.853,1.976,0.123,1.0
2012-01-13,1.832,1.955,0.123,1.0
2012-01-16,1.815,1.938,0.123,1.0
2012-01-17,1.886,2.009,0.123,1.0
2012-01-18,1.861,1.984,0.123,1.0
2012-01-19,1.893,2.016,0.123,1.0
2012-01-20,1.914,2.037,0.123,1.0
2012-01-30,1.881,2.004,0.123,1.0
2012-01-31,1.884,2.0069999999999997,0.123,1.0
2012-02-01,1.86,1.983,0.123,1.0
2012-02-02,1.895,2.018,0.123,1.0
2012-02-03,1.908,2.0309999999999997,0.123,1.0
2012-02-06,1.906,2.029,0.123,1.0
2012-02-07,1.875,1.998,0.123,1.0
2012-02-08,1.917,2.04,0.123,1.0
2012-02-09,1.917,2.04,0.123,1.0
2012-02-10,1.91,2.033,0.123,1.0
2012-02-13,1.903,2.026,0.123,1.0
2012-02-14,1.9,2.0229999999999997,0.123,1.0
2012-02-15,1.91,2.033,0.123,1.0
2012-02-16,1.91,2.033,0.123,1.0
2012-02-17,1.911,2.034,0.123,1.0
2012-02-20,1.909,2.032,0.123,1.0
2012-02-21,1.922,2.045,0.123,1.0
2012-02-22,1.941,2.064,0.123,1.0
2012-02-23,1.942,2.065,0.123,1.0
2012-02-24,1.971,2.0940000000000003,0.123,1.0
2012-02-27,1.983,2.106,0.123,1.0
2012-02-28,1.99,2.113,0.123,1.0
2012-02-29,1.961,2.084,0.123,1.0
2012-03-01,1.969,2.092,0.123,1.0
2012-03-02,1.99,2.113,0.123,1.0
2012-03-05,1.98,2.1029999999999998,0.123,1.0
2012-03-06,1.951,2.074,0.123,1.0
2012-03-07,1.935,2.058,0.123,1.0
2012-03-08,1.952,2.075,0.123,1.0
2012-03-09,1.965,2.088,0.123,1.0
2012-03-12,1.955,2.0780000000000003,0.123,1.0
2012-03-13,1.972,2.0949999999999998,0.123,1.0
2012-03-14,1.93,2.053,0.123,1.0
2012-03-15,1.913,2.036,0.123,1.0
2012-03-16,1.93,2.053,0.123,1.0
2012-03-19,1.933,2.056,0.123,1.0
2012-03-20,1.918,2.041,0.123,1.0
2012-03-21,1.913,2.036,0.123,1.0
2012-03-22,1.917,2.04,0.123,1.0
2012-03-23,1.898,2.021,0.123,1.0
2012-03-26,1.902,2.025,0.123,1.0
2012-03-27,1.9,2.0229999999999997,0.123,1.0
2012-03-28,1.863,1.986,0.123,1.0
2012-03-29,1.84,1.963,0.123,1.0
2012-03-30,1.848,1.971,0.123,1.0
2012-04-05,1.886,2.009,0.123,1.0
2012-04-06,1.88,2.003,0.123,1.0
2012-04-09,1.868,1.991,0.123,1.0
2012-04-10,1.88,2.003,0.123,1.0
2012-04-11,1.878,2.001,0.123,1.0
2012-04-12,1.917,2.04,0.123,1.0
2012-04-13,1.929,2.052,0.123,1.0
2012-04-16,1.923,2.0460000000000003,0.123,1.0
2012-04-17,1.902,2.025,0.123,1.0
2012-04-18,1.938,2.061,0.123,1.0
2012-04-19,1.94,2.0629999999999997,0.123,1.0
2012-04-20,1.962,2.085,0.123,1.0
2012-04-23,1.95,2.073,0.123,1.0
2012-04-24,1.955,2.0780000000000003,0.123,1.0
2012-04-25,1.962,2.085,0.123,1.0
2012-04-26,1.958,2.081,0.123,1.0
2012-04-27,1.958,2.081,0.123,1.0
2012-05-02,1.985,2.108,0.123,1.0
2012-05-03,1.987,2.1100000000000003,0.123,1.0
2012-05-04,1.997,2.12,0.123,1.0
2012-05-07,1.995,2.1180000000000003,0.123,1.0
2012-05-08,1.984,2.107,0.123,1.0
2012-05-09,1.955,2.0780000000000003,0.123,1.0
2012-05-10,1.953,2.076,0.123,1.0
2012-05-11,1.94,2.0629999999999997,0.123,1.0
2012-05-14,1.931,2.0540000000000003,0.123,1.0
2012-05-15,1.929,2.052,0.123,1.0
2012-05-16,1.9,2.0229999999999997,0.123,1.0
2012-05-17,1.926,2.049,0.123,1.0
2012-05-18,1.909,2.032,0.123,1.0
2012-05-21,1.913,2.036,0.123,1.0
2012-05-22,1.931,2.0540000000000003,0.123,1.0
2012-05-23,1.92,2.043,0.123,1.0
2012-05-24,1.926,2.049,0.123,1.0
2012-05-25,1.899,2.0220000000000002,0.123,1.0
2012-05-28,1.921,2.044,0.123,1.0
2012-05-29,1.949,2.072,0.123,1.0
2012-05-30,1.935,2.058,0.123,1.0
2012-05-31,1.93,2.053,0.123,1.0
2012-06-01,1.93,2.053,0.123,1.0
2012-06-04,1.886,2.009,0.123,1.0
2012-06-05,1.881,2.004,0.123,1.0
2012-06-06,1.874,1.997,0.123,1.0
2012-06-07,1.87,1.993,0.123,1.0
2012-06-08,1.86,1.983,0.123,1.0
2012-06-11,1.883,2.0060000000000002,0.123,1.0
2012-06-12,1.859,1.982,0.123,1.0
2012-06-13,1.883,2.0060000000000002,0.123,1.0
2012-06-14,1.868,1.991,0.123,1.0
2012-06-15,1.881,2.004,0.123,1.0
2012-06-18,1.889,2.012,0.123,1.0
2012-06-19,1.879,2.002,0.123,1.0
2012-06-20,1.879,2.002,0.123,1.0
2012-06-21,1.844,1.967,0.123,1.0
2012-06-25,1.824,1.947,0.123,1.0
2012-06-26,1.818,1.941,0.123,1.0
2012-06-27,1.811,1.934,0.123,1.0
2012-06-28,1.801,1.924,0.123,1.0
2012-06-29,1.818,1.941,0.123,1.0
2012-07-02,1.81,1.933,0.123,1.0
2012-07-03,1.819,1.942,0.123,1.0
2012-07-04,1.817,1.94,0.123,1.0
2012-07-05,1.804,1.927,0.123,1.0
2012-07-06,1.814,1.937,0.123,1.0
2012-07-09,1.779,1.902,0.123,1.0
2012-07-10,1.776,1.899,0.123,1.0
2012-07-11,1.784,1.907,0.123,1.0
2012-07-12,1.798,1.921,0.123,1.0
2012-07-13,1.795,1.918,0.123,1.0
2012-07-16,1.774,1.897,0.123,1.0
2012-07-17,1.787,1.91,0.123,1.0
2012-07-18,1.795,1.918,0.123,1.0
2012-07-19,1.802,1.925,0.123,1.0
2012-07-20,1.787,1.91,0.123,1.0
2012-07-23,1.761,1.884,0.123,1.0
2012-07-24,1.763,1.886,0.123,1.0
2012-07-25,1.759,1.882,0.123,1.0
2012-07-26,1.747,1.87,0.123,1.0
2012-07-27,1.755,1.878,0.123,1.0
2012-07-30,1.752,1.875,0.123,1.0
2012-07-31,1.756,1.879,0.123,1.0
2012-08-01,1.764,1.887,0.123,1.0
2012-08-02,1.757,1.88,0.123,1.0
2012-08-03,1.768,1.891,0.123,1.0
2012-08-06,1.784,1.907,0.123,1.0
2012-08-07,1.782,1.905,0.123,1.0
2012-08-08,1.785,1.908,0.123,1.0
2012-08-09,1.793,1.916,0.123,1.0
2012-08-10,1.789,1.912,0.123,1.0
2012-08-13,1.755,1.878,0.123,1.0
2012-08-14,1.752,1.875,0.123,1.0
2012-08-15,1.735,1.858,0.123,1.0
2012-08-16,1.734,1.857,0.123,1.0
2012-08-17,1.73,1.853,0.123,1.0
2012-08-20,1.722,1.845,0.123,1.0
2012-08-21,1.731,1.854,0.123,1.0
2012-08-22,1.719,1.842,0.123,1.0
2012-08-23,1.724,1.847,0.123,1.0
2012-08-24,1.71,1.833,0.123,1.0
2012-08-27,1.681,1.804,0.123,1.0
2012-08-28,1.693,1.816,0.123,1.0
2012-08-29,1.684,1.807,0.123,1.0
2012-08-30,1.693,1.816,0.123,1.0
2012-08-31,1.691,1.814,0.123,1.0
2012-09-03,1.699,1.822,0.123,1.0
2012-09-04,1.682,1.805,0.123,1.0
2012-09-05,1.673,1.796,0.123,1.0
2012-09-06,1.676,1.799,0.123,1.0
2012-09-07,1.743,1.866,0.123,1.0
2012-09-10,1.746,1.869,0.123,1.0
2012-09-11,1.729,1.852,0.123,1.0
2012-09-12,1.732,1.855,0.123,1.0
2012-09-13,1.726,1.849,0.123,1.0
2012-09-14,1.738,1.861,0.123,1.0
2012-09-17,1.707,1.83,0.123,1.0
2012-09-18,1.683,1.806,0.123,1.0
2012-09-19,1.687,1.81,0.123,1.0
2012-09-20,1.665,1.788,0.123,1.0
2012-09-21,1.67,1.793,0.123,1.0
2012-09-24,1.665,1.788,0.123,1.0
2012-09-25,1.667,1.79,0.123,1.0
2012-09-26,1.658,1.781,0.123,1.0
2012-09-27,1.695,1.818,0.123,1.0
2012-09-28,1.727,1.85,0.123,1.0
2012-10-08,1.717,1.84,0.123,1.0
2012-10-09,1.742,1.865,0.123,1.0
2012-10-10,1.741,1.864,0.123,1.0
2012-10-11,1.731,1.854,0.123,1.0
2012-10-12,1.738,1.861,0.123,1.0
2012-10-15,1.727,1.85,0.123,1.0
2012-10-16,1.733,1.856,0.123,1.0
2012-10-17,1.734,1.857,0.123,1.0
2012-10-18,1.751,1.8739999999999999,0.123,1.0
2012-10-19,1.75,1.873,0.123,1.0
2012-10-22,1.76,1.883,0.123,1.0
2012-10-23,1.74,1.863,0.123,1.0
2012-10-24,1.735,1.858,0.123,1.0
2012-10-25,1.728,1.851,0.123,1.0
2012-10-26,1.7,1.823,0.123,1.0
2012-10-29,1.693,1.816,0.123,1.0
2012-10-30,1.696,1.819,0.123,1.0
2012-10-31,1.698,1.821,0.123,1.0
2012-11-01,1.729,1.852,0.123,1.0
2012-11-02,1.742,1.865,0.123,1.0
2012-11-05,1.743,1.866,0.123,1.0
2012-11-06,1.734,1.857,0.123,1.0
2012-11-07,1.734,1.857,0.123,1.0
2012-11-08,1.714,1.837,0.123,1.0
2012-11-09,1.702,1.825,0.123,1.0
2012-11-12,1.715,1.838,0.123,1.0
2012-11-13,1.689,1.812,0.123,1.0
2012-11-14,1.697,1.82,0.123,1.0
2012-11-15,1.684,1.807,0.123,1.0
2012-11-16,1.662,1.785,0.123,1.0
2012-11-19,1.677,1.8,0.123,1.0
2012-11-20,1.661,1.784,0.123,1.0
2012-11-21,1.681,1.804,0.123,1.0
2012-11-22,1.672,1.795,0.123,1.0
2012-11-23,1.684,1.807,0.123,1.0
2012-11-26,1.68,1.803,0.123,1.0
2012-11-27,1.668,1.791,0.123,1.0
2012-11-28,1.657,1.78,0.123,1.0
2012-11-29,1.651,1.774,0.123,1.0
2012-11-30,1.655,1.778,0.123,1.0
2012-12-03,1.642,1.765,0.123,1.0
2012-12-04,1.653,1.776,0.123,1.0
2012-12-05,1.71,1.833,0.123,1.0
2012-12-06,1.708,1.831,0.123,1.0
2012-12-07,1.743,1.866,0.123,1.0
2012-12-10,1.755,1.878,0.123,1.0
2012-12-11,1.749,1.872,0.123,1.0
2012-12-12,1.751,1.8739999999999999,0.123,1.0
2012-12-13,1.735,1.858,0.123,1.0
2012-12-14,1.822,1.945,0.123,1.0
2012-12-17,1.836,1.959,0.123,1.0
2012-12-18,1.8,1.964,0.164,1.0
2012-12-19,1.796,1.96,0.164,1.0
2012-12-20,1.808,1.972,0.164,1.0
2012-12-21,1.792,1.956,0.164,1.0
2012-12-24,1.796,1.96,0.164,1.0
2012-12-25,1.848,2.012,0.164,1.0
2012-12-26,1.847,2.011,0.164,1.0
2012-12-27,1.841,2.005,0.164,1.0
2012-12-28,1.874,2.0380000000000003,0.164,1.0
2012-12-31,1.9,2.064,0.164,1.0
2013-01-04,1.909,2.073,0.164,1.0
2013-01-07,1.927,2.091,0.164,1.0
2013-01-08,1.911,2.075,0.164,1.0
2013-01-09,1.9,2.064,0.164,1.0
2013-01-10,1.907,2.071,0.164,1.0
2013-01-11,1.868,2.032,0.164,1.0
2013-01-14,1.949,2.113,0.164,1.0
2013-01-15,1.951,2.115,0.164,1.0
2013-01-16,1.924,2.088,0.164,1.0
2013-01-17,1.912,2.076,0.164,1.0
2013-01-18,1.944,2.108,0.164,1.0
2013-01-21,1.963,2.1270000000000002,0.164,1.0
2013-01-22,1.966,2.13,0.164,1.0
2013-01-23,1.979,2.1430000000000002,0.164,1.0
2013-01-24,1.975,2.1390000000000002,0.164,1.0
2013-01-25,1.966,2.13,0.164,1.0
2013-01-28,2.038,2.202,0.164,1.0
2013-01-29,2.069,2.233,0.164,1.0
2013-01-30,2.079,2.2430000000000003,0.164,1.0
2013-01-31,2.088,2.2520000000000002,0.164,1.0
2013-02-01,2.152,2.3160000000000003,0.164,1.0
2013-02-04,2.162,2.326,0.164,1.0
2013-02-05,2.16,2.3240000000000003,0.164,1.0
2013-02-06,2.163,2.327,0.164,1.0
2013-02-07,2.123,2.2870000000000004,0.164,1.0
2013-02-08,2.118,2.282,0.164,1.0
2013-02-18,2.1,2.2640000000000002,0.164,1.0
2013-02-19,2.07,2.234,0.164,1.0
2013-02-20,2.061,2.225,0.164,1.0
2013-02-21,1.981,2.145,0.164,1.0
2013-02-22,1.955,2.119,0.164,1.0
2013-02-25,1.976,2.14,0.164,1.0
2013-02-26,1.954,2.118,0.164,1.0
2013-02-27,1.978,2.142,0.164,1.0
2013-02-28,2.044,2.208,0.164,1.0
2013-03-01,2.037,2.201,0.164,1.0
2013-03-04,1.935,2.099,0.164,1.0
2013-03-05,2.019,2.1830000000000003,0.164,1.0
2013-03-06,2.048,2.212,0.164,1.0
2013-03-07,2.02,2.184,0.164,1.0
2013-03-08,2.015,2.1790000000000003,0.164,1.0
2013-03-11,1.994,2.158,0.164,1.0
2013-03-12,1.959,2.123,0.164,1.0
2013-03-13,1.945,2.109,0.164,1.0
2013-03-14,1.946,2.11,0.164,1.0
2013-03-15,1.966,2.13,0.164,1.0
2013-03-18,1.935,2.099,0.164,1.0
2013-03-19,1.951,2.115,0.164,1.0
2013-03-20,2.028,2.192,0.164,1.0
2013-03-21,2.024,2.188,0.164,1.0
2013-03-22,2.031,2.1950000000000003,0.164,1.0
2013-03-25,2.026,2.19,0.164,1.0
2013-03-26,1.985,2.149,0.164,1.0
2013-03-27,1.992,2.156,0.164,1.0
2013-03-28,1.902,2.066,0.164,1.0
2013-03-29,1.902,2.066,0.164,1.0
2013-04-01,1.902,2.066,0.164,1.0
2013-04-02,1.901,2.065,0.164,1.0
2013-04-03,1.908,2.072,0.164,1.0
2013-04-08,1.894,2.058,0.164,1.0
2013-04-09,1.906,2.07,0.164,1.0
2013-04-10,1.893,2.057,0.164,1.0
2013-04-11,1.892,2.056,0.164,1.0
2013-04-12,1.885,2.049,0.164,1.0
2013-04-15,1.867,2.031,0.164,1.0
2013-04-16,1.87,2.0340000000000003,0.164,1.0
2013-04-17,1.855,2.019,0.164,1.0
2013-04-18,1.862,2.0260000000000002,0.164,1.0
2013-04-19,1.928,2.092,0.164,1.0
2013-04-22,1.934,2.098,0.164,1.0
2013-04-23,1.878,2.042,0.164,1.0
2013-04-24,1.91,2.074,0.164,1.0
2013-04-25,1.889,2.053,0.164,1.0
2013-04-26,1.884,2.048,0.164,1.0
2013-05-02,1.886,2.05,0.164,1.0
2013-05-03,1.92,2.084,0.164,1.0
2013-05-06,1.936,2.1,0.164,1.0
2013-05-07,1.932,2.096,0.164,1.0
2013-05-08,1.937,2.101,0.164,1.0
2013-05-09,1.928,2.092,0.164,1.0
2013-05-10,1.94,2.104,0.164,1.0
2013-05-13,1.932,2.096,0.164,1.0
2013-05-14,1.915,2.079,0.164,1.0
2013-05-15,1.928,2.092,0.164,1.0
2013-05-16,1.954,2.118,0.164,1.0
2013-05-17,1.979,2.1430000000000002,0.164,1.0
2013-05-20,1.997,2.161,0.164,1.0
2013-05-21,1.986,2.15,0.164,1.0
2013-05-22,1.993,2.157,0.164,1.0
2013-05-23,1.961,2.125,0.164,1.0
2013-05-24,1.962,2.126,0.164,1.0
2013-05-27,1.962,2.126,0.164,1.0
2013-05-28,1.994,2.158,0.164,1.0
2013-05-29,1.992,2.156,0.164,1.0
2013-05-30,1.984,2.148,0.164,1.0
2013-05-31,1.971,2.1350000000000002,0.164,1.0
2013-06-03,1.97,2.134,0.164,1.0
2013-06-04,1.958,2.122,0.164,1.0
2013-06-05,1.94,2.104,0.164,1.0
2013-06-06,1.92,2.084,0.164,1.0
2013-06-07,1.899,2.063,0.164,1.0
2013-06-13,1.834,1.998,0.164,1.0
2013-06-14,1.84,2.004,0.164,1.0
2013-06-17,1.827,1.9909999999999999,0.164,1.0
2013-06-18,1.838,2.0020000000000002,0.164,1.0
2013-06-19,1.817,1.9809999999999999,0.164,1.0
2013-06-20,1.765,1.9289999999999998,0.164,1.0
2013-06-21,1.761,1.9249999999999998,0.164,1.0
2013-06-24,1.662,1.8259999999999998,0.164,1.0
2013-06-25,1.64,1.8039999999999998,0.164,1.0
2013-06-26,1.619,1.783,0.164,1.0
2013-06-27,1.637,1.801,0.164,1.0
2013-06-28,1.695,1.859,0.164,1.0
2013-07-01,1.694,1.8579999999999999,0.164,1.0
2013-07-02,1.69,1.8539999999999999,0.164,1.0
2013-07-03,1.674,1.8379999999999999,0.164,1.0
2013-07-04,1.688,1.8519999999999999,0.164,1.0
2013-07-05,1.686,1.8499999999999999,0.164,1.0
2013-07-08,1.661,1.825,0.164,1.0
2013-07-09,1.67,1.8339999999999999,0.164,1.0
2013-07-10,1.704,1.8679999999999999,0.164,1.0
2013-07-11,1.805,1.9689999999999999,0.164,1.0
2013-07-12,1.758,1.922,0.164,1.0
2013-07-15,1.769,1.9329999999999998,0.164,1.0
2013-07-16,1.771,1.9349999999999998,0.164,1.0
2013-07-17,1.75,1.914,0.164,1.0
2013-07-18,1.71,1.8739999999999999,0.164,1.0
2013-07-19,1.68,1.8439999999999999,0.164,1.0
2013-07-22,1.682,1.8459999999999999,0.164,1.0
2013-07-23,1.717,1.881,0.164,1.0
2013-07-24,1.696,1.8599999999999999,0.164,1.0
2013-07-25,1.687,1.851,0.164,1.0
2013-07-26,1.687,1.851,0.164,1.0
2013-07-29,1.644,1.8079999999999998,0.164,1.0
2013-07-30,1.663,1.827,0.164,1.0
2013-07-31,1.668,1.8319999999999999,0.164,1.0
2013-08-01,1.697,1.861,0.164,1.0
2013-08-02,1.692,1.8559999999999999,0.164,1.0
2013-08-05,1.706,1.8699999999999999,0.164,1.0
2013-08-06,1.715,1.879,0.164,1.0
2013-08-07,1.704,1.8679999999999999,0.164,1.0
2013-08-08,1.698,1.8619999999999999,0.164,1.0
2013-08-09,1.696,1.8599999999999999,0.164,1.0
2013-08-12,1.76,1.924,0.164,1.0
2013-08-13,1.774,1.938,0.164,1.0
2013-08-14,1.77,1.934,0.164,1.0
2013-08-15,1.764,1.928,0.164,1.0
2013-08-16,1.761,1.9249999999999998,0.164,1.0
2013-08-19,1.777,1.9409999999999998,0.164,1.0
2013-08-20,1.774,1.938,0.164,1.0
2013-08-21,1.762,1.926,0.164,1.0
2013-08-22,1.761,1.9249999999999998,0.164,1.0
2013-08-23,1.743,1.907,0.164,1.0
2013-08-26,1.775,1.9389999999999998,0.164,1.0
2013-08-27,1.776,1.94,0.164,1.0
2013-08-28,1.767,1.9309999999999998,0.164,1.0
2013-08-29,1.765,1.9289999999999998,0.164,1.0
2013-08-30,1.764,1.928,0.164,1.0
2013-09-02,1.768,1.932,0.164,1.0
2013-09-03,1.796,1.96,0.164,1.0
2013-09-04,1.795,1.9589999999999999,0.164,1.0
2013-09-05,1.793,1.9569999999999999,0.164,1.0
2013-09-06,1.806,1.97,0.164,1.0
2013-09-09,1.912,2.076,0.164,1.0
2013-09-10,1.924,2.088,0.164,1.0
2013-09-11,1.931,2.095,0.164,1.0
2013-09-12,1.961,2.125,0.164,1.0
2013-09-13,1.929,2.093,0.164,1.0
2013-09-16,1.918,2.082,0.164,1.0
2013-09-17,1.889,2.053,0.164,1.0
2013-09-18,1.889,2.053,0.164,1.0
2013-09-23,1.897,2.061,0.164,1.0
2013-09-24,1.854,2.0180000000000002,0.164,1.0
2013-09-25,1.85,2.0140000000000002,0.164,1.0
2013-09-26,1.819,1.9829999999999999,0.164,1.0
2013-09-27,1.815,1.9789999999999999,0.164,1.0
2013-09-30,1.83,1.994,0.164,1.0
2013-10-08,1.842,2.0060000000000002,0.164,1.0
2013-10-09,1.85,2.0140000000000002,0.164,1.0
2013-10-10,1.821,1.9849999999999999,0.164,1.0
2013-10-11,1.85,2.0140000000000002,0.164,1.0
2013-10-14,1.845,2.009,0.164,1.0
2013-10-15,1.83,1.994,0.164,1.0
2013-10-16,1.806,1.97,0.164,1.0
2013-10-17,1.805,1.9689999999999999,0.164,1.0
2013-10-18,1.809,1.9729999999999999,0.164,1.0
2013-10-21,1.829,1.9929999999999999,0.164,1.0
2013-10-22,1.811,1.9749999999999999,0.164,1.0
2013-10-23,1.814,1.978,0.164,1.0
2013-10-24,1.791,1.9549999999999998,0.164,1.0
2013-10-25,1.78,1.944,0.164,1.0
2013-10-28,1.78,1.944,0.164,1.0
2013-10-29,1.802,1.966,0.164,1.0
2013-10-30,1.828,1.992,0.164,1.0
2013-10-31,1.809,1.9729999999999999,0.164,1.0
2013-11-01,1.824,1.988,0.164,1.0
2013-11-04,1.822,1.986,0.164,1.0
2013-11-05,1.811,1.9749999999999999,0.164,1.0
2013-11-06,1.791,1.9549999999999998,0.164,1.0
2013-11-07,1.791,1.9549999999999998,0.164,1.0
2013-11-08,1.777,1.9409999999999998,0.164,1.0
2013-11-11,1.77,1.934,0.164,1.0
2013-11-12,1.788,1.952,0.164,1.0
2013-11-13,1.745,1.909,0.164,1.0
2013-11-14,1.737,1.901,0.164,1.0
2013-11-15,1.768,1.932,0.164,1.0
2013-11-18,1.841,2.005,0.164,1.0
2013-11-19,1.83,1.994,0.164,1.0
2013-11-20,1.827,1.9909999999999999,0.164,1.0
2013-11-21,1.822,1.986,0.164,1.0
2013-11-22,1.815,1.9789999999999999,0.164,1.0
2013-11-25,1.807,1.9709999999999999,0.164,1.0
2013-11-26,1.8,1.964,0.164,1.0
2013-11-27,1.812,1.976,0.164,1.0
2013-11-28,1.825,1.9889999999999999,0.164,1.0
2013-11-29,1.824,1.988,0.164,1.0
2013-12-02,1.847,2.011,0.164,1.0
2013-12-03,1.855,2.019,0.164,1.0
2013-12-04,1.863,2.027,0.164,1.0
2013-12-05,1.859,2.023,0.164,1.0
2013-12-06,1.845,2.009,0.164,1.0
2013-12-09,1.845,2.009,0.164,1.0
2013-12-10,1.848,2.012,0.164,1.0
2013-12-11,1.818,1.982,0.164,1.0
2013-12-12,1.81,1.974,0.164,1.0
2013-12-13,1.799,1.9629999999999999,0.164,1.0
2013-12-16,1.78,1.944,0.164,1.0
2013-12-17,1.774,1.938,0.164,1.0
2013-12-18,1.769,1.9329999999999998,0.164,1.0
2013-12-19,1.751,1.9149999999999998,0.164,1.0
2013-12-20,1.724,1.888,0.164,1.0
2013-12-23,1.723,1.887,0.164,1.0
2013-12-24,1.718,1.882,0.164,1.0
2013-12-25,1.728,1.892,0.164,1.0
2013-12-26,1.698,1.8619999999999999,0.164,1.0
2013-12-27,1.725,1.889,0.164,1.0
2013-12-30,1.725,1.889,0.164,1.0
2013-12-31,1.741,1.905,0.164,1.0
2014-01-02,1.73,1.894,0.164,1.0
2014-01-03,1.707,1.871,0.164,1.0
2014-01-06,1.672,1.8359999999999999,0.164,1.0
2014-01-07,1.671,1.835,0.164,1.0
2014-01-08,1.672,1.8359999999999999,0.164,1.0
2014-01-09,1.66,1.8239999999999998,0.164,1.0
2014-01-10,1.656,1.8199999999999998,0.164,1.0
2014-01-13,1.653,1.817,0.164,1.0
2014-01-14,1.662,1.8259999999999998,0.164,1.0
2014-01-15,1.663,1.827,0.164,1.0
2014-01-16,1.664,1.8279999999999998,0.164,1.0
2014-01-17,1.649,1.813,0.164,1.0
2014-01-20,1.639,1.803,0.164,1.0
2014-01-21,1.581,1.804,0.223,1.0
2014-01-22,1.614,1.8370000000000002,0.223,1.0
2014-01-23,1.61,1.8330000000000002,0.223,1.0
2014-01-24,1.62,1.8430000000000002,0.223,1.0
2014-01-27,1.609,1.832,0.223,1.0
2014-01-28,1.609,1.832,0.223,1.0
2014-01-29,1.622,1.8450000000000002,0.223,1.0
2014-01-30,1.611,1.834,0.223,1.0
2014-02-07,1.613,1.836,0.223,1.0
2014-02-10,1.648,1.871,0.223,1.0
2014-02-11,1.665,1.8880000000000001,0.223,1.0
2014-02-12,1.668,1.891,0.223,1.0
2014-02-13,1.668,1.891,0.223,1.0
2014-02-14,1.682,1.905,0.223,1.0
2014-02-17,1.685,1.9080000000000001,0.223,1.0
2014-02-18,1.669,1.8920000000000001,0.223,1.0
2014-02-19,1.684,1.907,0.223,1.0
2014-02-20,1.696,1.919,0.223,1.0
2014-02-21,1.677,1.9000000000000001,0.223,1.0
2014-02-24,1.648,1.871,0.223,1.0
2014-02-25,1.616,1.8390000000000002,0.223,1.0
2014-02-26,1.615,1.838,0.223,1.0
2014-02-27,1.626,1.849,0.223,1.0
2014-02-28,1.636,1.859,0.223,1.0
2014-03-03,1.641,1.864,0.223,1.0
2014-03-04,1.631,1.854,0.223,1.0
2014-03-05,1.624,1.8470000000000002,0.223,1.0
2014-03-06,1.624,1.8470000000000002,0.223,1.0
2014-03-07,1.619,1.842,0.223,1.0
2014-03-10,1.57,1.7930000000000001,0.223,1.0
2014-03-11,1.569,1.792,0.223,1.0
2014-03-12,1.57,1.7930000000000001,0.223,1.0
2014-03-13,1.593,1.816,0.223,1.0
2014-03-14,1.59,1.8130000000000002,0.223,1.0
2014-03-17,1.605,1.828,0.223,1.0
2014-03-18,1.605,1.828,0.223,1.0
2014-03-19,1.597,1.82,0.223,1.0
2014-03-20,1.581,1.804,0.223,1.0
2014-03-21,1.617,1.84,0.223,1.0
2014-03-24,1.63,1.853,0.223,1.0
2014-03-25,1.635,1.858,0.223,1.0
2014-03-26,1.63,1.853,0.223,1.0
2014-03-27,1.622,1.8450000000000002,0.223,1.0
2014-03-28,1.615,1.838,0.223,1.0
2014-03-31,1.607,1.83,0.223,1.0
2014-04-01,1.619,1.842,0.223,1.0
2014-04-02,1.629,1.852,0.223,1.0
2014-04-03,1.615,1.838,0.223,1.0
2014-04-04,1.621,1.844,0.223,1.0
2014-04-08,1.655,1.8780000000000001,0.223,1.0
2014-04-09,1.658,1.881,0.223,1.0
2014-04-10,1.682,1.905,0.223,1.0
2014-04-11,1.686,1.909,0.223,1.0
2014-04-14,1.68,1.903,0.223,1.0
2014-04-15,1.659,1.8820000000000001,0.223,1.0
2014-04-16,1.658,1.881,0.223,1.0
2014-04-17,1.653,1.8760000000000001,0.223,1.0
2014-04-18,1.653,1.8760000000000001,0.223,1.0
2014-04-21,1.633,1.856,0.223,1.0
2014-04-22,1.637,1.86,0.223,1.0
2014-04-23,1.634,1.857,0.223,1.0
2014-04-24,1.633,1.856,0.223,1.0
2014-04-25,1.623,1.846,0.223,1.0
2014-04-28,1.601,1.824,0.223,1.0
2014-04-29,1.613,1.836,0.223,1.0
2014-04-30,1.62,1.8430000000000002,0.223,1.0
2014-05-05,1.62,1.8430000000000002,0.223,1.0
2014-05-06,1.624,1.8470000000000002,0.223,1.0
2014-05-07,1.614,1.8370000000000002,0.223,1.0
2014-05-08,1.614,1.8370000000000002,0.223,1.0
2014-05-09,1.607,1.83,0.223,1.0
2014-05-12,1.638,1.861,0.223,1.0
2014-05-13,1.635,1.858,0.223,1.0
2014-05-14,1.634,1.857,0.223,1.0
2014-05-15,1.619,1.842,0.223,1.0
2014-05-16,1.618,1.8410000000000002,0.223,1.0
2014-05-19,1.608,1.8310000000000002,0.223,1.0
2014-05-20,1.605,1.828,0.223,1.0
2014-05-21,1.62,1.8430000000000002,0.223,1.0
2014-05-22,1.614,1.8370000000000002,0.223,1.0
2014-05-23,1.624,1.8470000000000002,0.223,1.0
2014-05-26,1.633,1.856,0.223,1.0
2014-05-27,1.634,1.857,0.223,1.0
2014-05-28,1.642,1.865,0.223,1.0
2014-05-29,1.63,1.853,0.223,1.0
2014-05-30,1.629,1.852,0.223,1.0
2014-06-03,1.624,1.8470000000000002,0.223,1.0
2014-06-04,1.612,1.8350000000000002,0.223,1.0
2014-06-05,1.624,1.8470000000000002,0.223,1.0
2014-06-06,1.614,1.8370000000000002,0.223,1.0
2014-06-09,1.615,1.838,0.223,1.0
2014-06-10,1.629,1.852,0.223,1.0
2014-06-11,1.634,1.857,0.223,1.0
2014-06-12,1.627,1.85,0.223,1.0
2014-06-13,1.646,1.869,0.223,1.0
2014-06-16,1.659,1.8820000000000001,0.223,1.0
2014-06-17,1.648,1.871,0.223,1.0
2014-06-18,1.639,1.862,0.223,1.0
2014-06-19,1.617,1.84,0.223,1.0
2014-06-20,1.624,1.8470000000000002,0.223,1.0
2014-06-23,1.628,1.851,0.223,1.0
2014-06-24,1.629,1.852,0.223,1.0
2014-06-25,1.624,1.8470000000000002,0.223,1.0
2014-06-26,1.63,1.853,0.223,1.0
2014-06-27,1.632,1.855,0.223,1.0
2014-06-30,1.644,1.867,0.223,1.0
2014-07-01,1.645,1.868,0.223,1.0
2014-07-02,1.653,1.8760000000000001,0.223,1.0
2014-07-03,1.656,1.879,0.223,1.0
2014-07-04,1.657,1.8800000000000001,0.223,1.0
2014-07-07,1.654,1.877,0.223,1.0
2014-07-08,1.66,1.883,0.223,1.0
2014-07-09,1.644,1.867,0.223,1.0
2014-07-10,1.643,1.866,0.223,1.0
2014-07-11,1.65,1.873,0.223,1.0
2014-07-14,1.671,1.8940000000000001,0.223,1.0
2014-07-15,1.67,1.893,0.223,1.0
2014-07-16,1.669,1.8920000000000001,0.223,1.0
2014-07-17,1.665,1.8880000000000001,0.223,1.0
2014-07-18,1.668,1.891,0.223,1.0
2014-07-21,1.666,1.889,0.223,1.0
2014-07-22,1.686,1.909,0.223,1.0
2014-07-23,1.69,1.913,0.223,1.0
2014-07-24,1.716,1.939,0.223,1.0
2014-07-25,1.732,1.955,0.223,1.0
2014-07-28,1.77,1.993,0.223,1.0
2014-07-29,1.78,2.003,0.223,1.0
2014-07-30,1.771,1.994,0.223,1.0
2014-07-31,1.796,2.019,0.223,1.0
2014-08-01,1.788,2.011,0.223,1.0
2014-08-04,1.811,2.034,0.223,1.0
2014-08-05,1.81,2.033,0.223,1.0
2014-08-06,1.808,2.031,0.223,1.0
2014-08-07,1.789,2.012,0.223,1.0
2014-08-08,1.79,2.013,0.223,1.0
2014-08-11,1.821,2.044,0.223,1.0
2014-08-12,1.82,2.043,0.223,1.0
2014-08-13,1.817,2.04,0.223,1.0
2014-08-14,1.809,2.032,0.223,1.0
2014-08-15,1.82,2.043,0.223,1.0
2014-08-18,1.826,2.049,0.223,1.0
2014-08-19,1.827,2.05,0.223,1.0
2014-08-20,1.821,2.044,0.223,1.0
2014-08-21,1.808,2.031,0.223,1.0
2014-08-22,1.815,2.038,0.223,1.0
2014-08-25,1.804,2.027,0.223,1.0
2014-08-26,1.787,2.01,0.223,1.0
2014-08-27,1.788,2.011,0.223,1.0
2014-08-28,1.78,2.003,0.223,1.0
2014-08-29,1.797,2.02,0.223,1.0
2014-09-01,1.804,2.027,0.223,1.0
2014-09-02,1.828,2.051,0.223,1.0
2014-09-03,1.842,2.065,0.223,1.0
2014-09-04,1.856,2.079,0.223,1.0
2014-09-05,1.881,2.104,0.223,1.0
2014-09-09,1.873,2.096,0.223,1.0
2014-09-10,1.864,2.087,0.223,1.0
2014-09-11,1.866,2.089,0.223,1.0
2014-09-12,1.873,2.096,0.223,1.0
2014-09-15,1.875,2.098,0.223,1.0
2014-09-16,1.851,2.074,0.223,1.0
2014-09-17,1.851,2.074,0.223,1.0
2014-09-18,1.856,2.079,0.223,1.0
2014-09-19,1.879,2.102,0.223,1.0
2014-09-22,1.844,2.067,0.223,1.0
2014-09-23,1.855,2.078,0.223,1.0
2014-09-24,1.881,2.104,0.223,1.0
2014-09-25,1.885,2.108,0.223,1.0
2014-09-26,1.882,2.105,0.223,1.0
2014-09-29,1.897,2.12,0.223,1.0
2014-09-30,1.903,2.126,0.223,1.0
2014-10-08,1.91,2.133,0.223,1.0
2014-10-09,1.911,2.134,0.223,1.0
2014-10-10,1.898,2.121,0.223,1.0
2014-10-13,1.884,2.1069999999999998,0.223,1.0
2014-10-14,1.886,2.109,0.223,1.0
2014-10-15,1.892,2.1149999999999998,0.223,1.0
2014-10-16,1.888,2.1109999999999998,0.223,1.0
2014-10-17,1.884,2.1069999999999998,0.223,1.0
2014-10-20,1.893,2.116,0.223,1.0
2014-10-21,1.878,2.101,0.223,1.0
2014-10-22,1.869,2.092,0.223,1.0
2014-10-23,1.845,2.068,0.223,1.0
2014-10-24,1.844,2.067,0.223,1.0
2014-10-27,1.83,2.053,0.223,1.0
2014-10-28,1.861,2.084,0.223,1.0
2014-10-29,1.891,2.114,0.223,1.0
2014-10-30,1.919,2.142,0.223,1.0
2014-10-31,1.964,2.187,0.223,1.0
2014-11-03,1.965,2.188,0.223,1.0
2014-11-04,1.963,2.186,0.223,1.0
2014-11-05,1.963,2.186,0.223,1.0
2014-11-06,1.964,2.187,0.223,1.0
2014-11-07,1.963,2.186,0.223,1.0
2014-11-10,2.015,2.238,0.223,1.0
2014-11-11,2.02,2.243,0.223,1.0
2014-11-12,2.039,2.262,0.223,1.0
2014-11-13,2.034,2.2569999999999997,0.223,1.0
2014-11-14,2.027,2.25,0.223,1.0
2014-11-17,2.029,2.252,0.223,1.0
2014-11-18,2.004,2.227,0.223,1.0
2014-11-19,1.996,2.219,0.223,1.0
2014-11-20,1.998,2.221,0.223,1.0
2014-11-21,2.03,2.2529999999999997,0.223,1.0
2014-11-24,2.062,2.2849999999999997,0.223,1.0
2014-11-25,2.099,2.322,0.223,1.0
2014-11-26,2.117,2.34,0.223,1.0
2014-11-27,2.124,2.347,0.223,1.0
2014-11-28,2.178,2.401,0.223,1.0
2014-12-01,2.188,2.411,0.223,1.0
2014-12-02,2.256,2.4789999999999996,0.223,1.0
2014-12-03,2.258,2.481,0.223,1.0
2014-12-04,2.352,2.5749999999999997,0.223,1.0
2014-12-05,2.367,2.59,0.223,1.0
2014-12-08,2.432,2.655,0.223,1.0
2014-12-09,2.337,2.56,0.223,1.0
2014-12-10,2.421,2.6439999999999997,0.223,1.0
2014-12-11,2.416,2.639,0.223,1.0
2014-12-12,2.405,2.6279999999999997,0.223,1.0
2014-12-15,2.412,2.635,0.223,1.0
2014-12-16,2.459,2.682,0.223,1.0
2014-12-17,2.499,2.722,0.223,1.0
2014-12-18,2.495,2.718,0.223,1.0
2014-12-19,2.59,2.8129999999999997,0.223,1.0
2014-12-22,2.631,2.8539999999999996,0.223,1.0
2014-12-23,2.531,2.754,0.223,1.0
2014-12-24,2.457,2.6799999999999997,0.223,1.0
2014-12-25,2.547,2.77,0.223,1.0
2014-12-26,2.603,2.826,0.223,1.0
2014-12-29,2.592,2.815,0.223,1.0
2014-12-30,2.564,2.787,0.223,1.0
2014-12-31,2.625,2.848,0.223,1.0
2015-01-05,2.746,2.969,0.223,1.0
2015-01-06,2.741,2.964,0.223,1.0
2015-01-07,2.731,2.9539999999999997,0.223,1.0
2015-01-08,2.668,2.891,0.223,1.0
2015-01-09,2.651,2.8739999999999997,0.223,1.0
2015-01-12,2.597,2.82,0.223,1.0
2015-01-13,2.6,2.823,0.223,1.0
2015-01-14,2.591,2.814,0.223,1.0
2015-01-15,2.667,2.8899999999999997,0.223,1.0
2015-01-16,2.692,2.915,0.223,1.0
2015-01-19,2.446,2.669,0.223,1.0
2015-01-20,2.426,2.729,0.303,1.0
2015-01-21,2.527,2.83,0.303,1.0
2015-01-22,2.528,2.831,0.303,1.0
2015-01-23,2.525,2.828,0.303,1.0
2015-01-26,2.556,2.859,0.303,1.0
2015-01-27,2.537,2.84,0.303,1.0
2015-01-28,2.519,2.822,0.303,1.0
2015-01-29,2.495,2.798,0.303,1.0
2015-01-30,2.477,2.78,0.303,1.0
2015-02-02,2.406,2.709,0.303,1.0
2015-02-03,2.442,2.745,0.303,1.0
2015-02-04,2.423,2.726,0.303,1.0
2015-02-05,2.386,2.689,0.303,1.0
2015-02-06,2.325,2.628,0.303,1.0
2015-02-09,2.326,2.629,0.303,1.0
2015-02-10,2.373,2.676,0.303,1.0
2015-02-11,2.378,2.681,0.303,1.0
2015-02-12,2.383,2.686,0.303,1.0
2015-02-13,2.41,2.713,0.303,1.0
2015-02-16,2.419,2.722,0.303,1.0
2015-02-17,2.442,2.745,0.303,1.0
2015-02-25,2.429,2.7319999999999998,0.303,1.0
2015-02-26,2.503,2.806,0.303,1.0
2015-02-27,2.503,2.806,0.303,1.0
2015-03-02,2.527,2.83,0.303,1.0
2015-03-03,2.495,2.798,0.303,1.0
2015-03-04,2.498,2.801,0.303,1.0
2015-03-05,2.468,2.771,0.303,1.0
2015-03-06,2.466,2.769,0.303,1.0
2015-03-09,2.538,2.8409999999999997,0.303,1.0
2015-03-10,2.524,2.827,0.303,1.0
2015-03-11,2.535,2.838,0.303,1.0
2015-03-12,2.59,2.893,0.303,1.0
2015-03-13,2.606,2.909,0.303,1.0
2015-03-16,2.656,2.959,0.303,1.0
2015-03-17,2.699,3.002,0.303,1.0
2015-03-18,2.785,3.088,0.303,1.0
2015-03-19,2.782,3.085,0.303,1.0
2015-03-20,2.818,3.121,0.303,1.0
2015-03-23,2.876,3.179,0.303,1.0
2015-03-24,2.899,3.202,0.303,1.0
2015-03-25,2.882,3.185,0.303,1.0
2015-03-26,2.865,3.168,0.303,1.0
2015-03-27,2.886,3.189,0.303,1.0
2015-03-30,2.971,3.274,0.303,1.0
2015-03-31,2.935,3.238,0.303,1.0
2015-04-01,2.981,3.284,0.303,1.0
2015-04-02,3.023,3.326,0.303,1.0
2015-04-03,3.075,3.378,0.303,1.0
2015-04-07,3.181,3.484,0.303,1.0
2015-04-08,3.231,3.534,0.303,1.0
2015-04-09,3.221,3.524,0.303,1.0
2015-04-10,3.292,3.5949999999999998,0.303,1.0
2015-04-13,3.33,3.633,0.303,1.0
2015-04-14,3.346,3.649,0.303,1.0
2015-04-15,3.321,3.624,0.303,1.0
2015-04-16,3.393,3.6959999999999997,0.303,1.0
2015-04-17,3.455,3.758,0.303,1.0
2015-04-20,3.35,3.653,0.303,1.0
2015-04-21,3.412,3.715,0.303,1.0
2015-04-22,3.517,3.82,0.303,1.0
2015-04-23,3.527,3.83,0.303,1.0
2015-04-24,3.471,3.774,0.303,1.0
2015-04-27,3.542,3.8449999999999998,0.303,1.0
2015-04-28,3.475,3.778,0.303,1.0
2015-04-29,3.478,3.781,0.303,1.0
2015-04-30,3.477,3.78,0.303,1.0
2015-05-04,3.527,3.83,0.303,1.0
2015-05-05,3.374,3.677,0.303,1.0
2015-05-06,3.299,3.602,0.303,1.0
2015-05-07,3.191,3.4939999999999998,0.303,1.0
2015-05-08,3.258,3.561,0.303,1.0
2015-05-11,3.369,3.672,0.303,1.0
2015-05-12,3.412,3.715,0.303,1.0
2015-05-13,3.383,3.686,0.303,1.0
2015-05-14,3.398,3.701,0.303,1.0
2015-05-15,3.349,3.652,0.303,1.0
2015-05-18,3.307,3.61,0.303,1.0
2015-05-19,3.413,3.7159999999999997,0.303,1.0
2015-05-20,3.431,3.734,0.303,1.0
2015-05-21,3.527,3.83,0.303,1.0
2015-05-22,3.616,3.919,0.303,1.0
2015-05-25,3.742,4.045,0.303,1.0
2015-05-26,3.794,4.097,0.303,1.0
2015-05-27,3.794,4.097,0.303,1.0
2015-05-28,3.57,3.8729999999999998,0.303,1.0
2015-05-29,3.533,3.836,0.303,1.0
2015-06-01,3.785,4.088,0.303,1.0
2015-06-02,3.84,4.143,0.303,1.0
2015-06-03,3.822,4.125,0.303,1.0
2015-06-04,3.874,4.1770000000000005,0.303,1.0
2015-06-05,3.96,4.263,0.303,1.0
2015-06-08,4.053,4.356,0.303,1.0
2015-06-09,4.067,4.37,0.303,1.0
2015-06-10,4.055,4.358,0.303,1.0
2015-06-11,4.046,4.349,0.303,1.0
2015-06-12,4.154,4.457,0.303,1.0
2015-06-15,4.132,4.435,0.303,1.0
2015-06-16,3.975,4.2780000000000005,0.303,1.0
2015-06-17,4.069,4.372,0.303,1.0
2015-06-18,3.98,4.283,0.303,1.0
2015-06-19,3.699,4.002,0.303,1.0
2015-06-23,3.755,4.058,0.303,1.0
2015-06-24,3.865,4.168,0.303,1.0
2015-06-25,3.738,4.041,0.303,1.0
2015-06-26,3.368,3.671,0.303,1.0
2015-06-29,3.339,3.642,0.303,1.0
2015-06-30,3.546,3.8489999999999998,0.303,1.0
2015-07-01,3.314,3.617,0.303,1.0
2015-07-02,3.161,3.464,0.303,1.0
2015-07-03,2.94,3.243,0.303,1.0
2015-07-06,3.05,3.3529999999999998,0.303,1.0
2015-07-07,2.942,3.245,0.303,1.0
2015-07-08,2.648,2.951,0.303,1.0
2015-07-09,2.913,3.2159999999999997,0.303,1.0
2015-07-10,3.204,3.507,0.303,1.0
2015-07-13,3.393,3.6959999999999997,0.303,1.0
2015-07-14,3.23,3.533,0.303,1.0
2015-07-15,3.055,3.358,0.303,1.0
2015-07-16,3.098,3.401,0.303,1.0
2015-07-17,3.238,3.541,0.303,1.0
2015-07-20,3.225,3.528,0.303,1.0
2015-07-21,3.256,3.5589999999999997,0.303,1.0
2015-07-22,3.236,3.539,0.303,1.0
2015-07-23,3.325,3.628,0.303,1.0
2015-07-24,3.259,3.562,0.303,1.0
2015-07-27,2.956,3.259,0.303,1.0
2015-07-28,2.97,3.273,0.303,1.0
2015-07-29,3.094,3.397,0.303,1.0
2015-07-30,3.03,3.3329999999999997,0.303,1.0
2015-07-31,3.018,3.3209999999999997,0.303,1.0
2015-08-03,3.099,3.402,0.303,1.0
2015-08-04,3.157,3.46,0.303,1.0
2015-08-05,3.09,3.393,0.303,1.0
2015-08-06,3.06,3.363,0.303,1.0
2015-08-07,3.12,3.423,0.303,1.0
2015-08-10,3.264,3.5669999999999997,0.303,1.0
2015-08-11,3.248,3.551,0.303,1.0
2015-08-12,3.197,3.5,0.303,1.0
2015-08-13,3.241,3.544,0.303,1.0
2015-08-14,3.238,3.541,0.303,1.0
2015-08-17,3.265,3.568,0.303,1.0
2015-08-18,3.103,3.406,0.303,1.0
2015-08-19,3.12,3.423,0.303,1.0
2015-08-20,3.013,3.316,0.303,1.0
2015-08-21,2.879,3.182,0.303,1.0
2015-08-24,2.591,2.894,0.303,1.0
2015-08-25,2.354,2.657,0.303,1.0
2015-08-26,2.373,2.676,0.303,1.0
2015-08-27,2.526,2.8289999999999997,0.303,1.0
2015-08-28,2.648,2.951,0.303,1.0
2015-08-31,2.638,2.941,0.303,1.0
2015-09-01,2.63,2.933,0.303,1.0
2015-09-02,2.65,2.953,0.303,1.0
2015-09-07,2.568,2.871,0.303,1.0
2015-09-08,2.645,2.948,0.303,1.0
2015-09-09,2.7,3.003,0.303,1.0
2015-09-10,2.648,2.951,0.303,1.0
2015-09-11,2.644,2.947,0.303,1.0
2015-09-14,2.545,2.848,0.303,1.0
2015-09-15,2.463,2.766,0.303,1.0
2015-09-16,2.603,2.906,0.303,1.0
2015-09-17,2.526,2.8289999999999997,0.303,1.0
2015-09-18,2.527,2.83,0.303,1.0
2015-09-21,2.558,2.8609999999999998,0.303,1.0
2015-09-22,2.576,2.879,0.303,1.0
2015-09-23,2.554,2.8569999999999998,0.303,1.0
2015-09-24,2.556,2.859,0.303,1.0
2015-09-25,2.517,2.82,0.303,1.0
2015-09-28,2.51,2.8129999999999997,0.303,1.0
2015-09-29,2.478,2.781,0.303,1.0
2015-09-30,2.491,2.794,0.303,1.0
2015-10-08,2.555,2.858,0.303,1.0
2015-10-09,2.578,2.881,0.303,1.0
2015-10-12,2.661,2.964,0.303,1.0
2015-10-13,2.658,2.961,0.303,1.0
2015-10-14,2.64,2.943,0.303,1.0
2015-10-15,2.693,2.996,0.303,1.0
2015-10-16,2.731,3.034,0.303,1.0
2015-10-19,2.738,3.041,0.303,1.0
2015-10-20,2.76,3.0629999999999997,0.303,1.0
2015-10-21,2.678,2.981,0.303,1.0
2015-10-22,2.718,3.021,0.303,1.0
2015-10-23,2.757,3.06,0.303,1.0
2015-10-26,2.78,3.0829999999999997,0.303,1.0
2015-10-27,2.788,3.0909999999999997,0.303,1.0
2015-10-28,2.756,3.0589999999999997,0.303,1.0
2015-10-29,2.75,3.053,0.303,1.0
2015-10-30,2.75,3.053,0.303,1.0
2015-11-02,2.73,3.033,0.303,1.0
2015-11-03,2.699,3.002,0.303,1.0
2015-11-04,2.786,3.089,0.303,1.0
2015-11-05,2.839,3.142,0.303,1.0
2015-11-06,2.886,3.189,0.303,1.0
2015-11-09,2.945,3.2479999999999998,0.303,1.0
2015-11-10,2.935,3.238,0.303,1.0
2015-11-11,2.932,3.235,0.303,1.0
2015-11-12,2.9,3.203,0.303,1.0
2015-11-13,2.877,3.1799999999999997,0.303,1.0
2015-11-16,2.886,3.189,0.303,1.0
2015-11-17,2.902,3.205,0.303,1.0
2015-11-18,2.877,3.1799999999999997,0.303,1.0
2015-11-19,2.906,3.209,0.303,1.0
2015-11-20,2.898,3.201,0.303,1.0
2015-11-23,2.893,3.1959999999999997,0.303,1.0
2015-11-24,2.889,3.1919999999999997,0.303,1.0
2015-11-25,2.918,3.221,0.303,1.0
2015-11-26,2.915,3.218,0.303,1.0
2015-11-27,2.832,3.135,0.303,1.0
2015-11-30,2.799,3.102,0.303,1.0
2015-12-01,2.778,3.081,0.303,1.0
2015-12-02,2.851,3.154,0.303,1.0
2015-12-03,2.88,3.183,0.303,1.0
2015-12-04,2.831,3.134,0.303,1.0
2015-12-07,2.825,3.128,0.303,1.0
2015-12-08,2.79,3.093,0.303,1.0
2015-12-09,2.785,3.088,0.303,1.0
2015-12-10,2.771,3.074,0.303,1.0
2015-12-11,2.753,3.056,0.303,1.0
2015-12-14,2.806,3.109,0.303,1.0
2015-12-15,2.788,3.0909999999999997,0.303,1.0
2015-12-16,2.78,3.0829999999999997,0.303,1.0
2015-12-17,2.834,3.137,0.303,1.0
2015-12-18,2.835,3.138,0.303,1.0
2015-12-21,2.91,3.213,0.303,1.0
2015-12-22,2.909,3.2119999999999997,0.303,1.0
2015-12-23,2.927,3.23,0.303,1.0
2015-12-24,2.896,3.199,0.303,1.0
2015-12-25,2.899,3.202,0.303,1.0
2015-12-28,2.836,3.139,0.303,1.0
2015-12-29,2.849,3.152,0.303,1.0
2015-12-30,2.85,3.153,0.303,1.0
2015-12-31,2.853,3.156,0.303,1.0
2016-01-04,2.726,3.029,0.303,1.0
2016-01-05,2.686,2.989,0.303,1.0
2016-01-06,2.729,3.032,0.303,1.0
2016-01-07,2.595,2.898,0.303,1.0
2016-01-08,2.631,2.9339999999999997,0.303,1.0
2016-01-11,2.537,2.84,0.303,1.0
2016-01-12,2.491,2.794,0.303,1.0
2016-01-13,2.47,2.773,0.303,1.0
2016-01-14,2.496,2.799,0.303,1.0
2016-01-15,2.416,2.719,0.303,1.0
2016-01-18,2.406,2.709,0.303,1.0
2016-01-19,2.477,2.78,0.303,1.0
2016-01-20,2.387,2.74,0.353,1.0
2016-01-21,2.337,2.6900000000000004,0.353,1.0
2016-01-22,2.35,2.7030000000000003,0.353,1.0
2016-01-25,2.364,2.7169999999999996,0.353,1.0
2016-01-26,2.23,2.583,0.353,1.0
2016-01-27,2.206,2.559,0.353,1.0
2016-01-28,2.175,2.5279999999999996,0.353,1.0
2016-01-29,2.22,2.5730000000000004,0.353,1.0
2016-02-01,2.183,2.5359999999999996,0.353,1.0
2016-02-02,2.222,2.575,0.353,1.0
2016-02-03,2.211,2.564,0.353,1.0
2016-02-04,2.232,2.585,0.353,1.0
2016-02-05,2.232,2.585,0.353,1.0
2016-02-15,2.213,2.566,0.353,1.0
2016-02-16,2.269,2.622,0.353,1.0
2016-02-17,2.288,2.641,0.353,1.0
2016-02-18,2.292,2.6449999999999996,0.353,1.0
2016-02-19,2.293,2.646,0.353,1.0
2016-02-22,2.335,2.6879999999999997,0.353,1.0
2016-02-23,2.314,2.667,0.353,1.0
2016-02-24,2.323,2.676,0.353,1.0
2016-02-25,2.231,2.5839999999999996,0.353,1.0
2016-02-26,2.225,2.5780000000000003,0.353,1.0
2016-02-29,2.185,2.5380000000000003,0.353,1.0
2016-03-01,2.207,2.5599999999999996,0.353,1.0
2016-03-02,2.312,2.665,0.353,1.0
2016-03-03,2.311,2.6639999999999997,0.353,1.0
2016-03-04,2.34,2.6929999999999996,0.353,1.0
2016-03-07,2.352,2.705,0.353,1.0
2016-03-08,2.346,2.699,0.353,1.0
2016-03-09,2.318,2.6710000000000003,0.353,1.0
2016-03-10,2.306,2.659,0.353,1.0
2016-03-11,2.308,2.6609999999999996,0.353,1.0
2016-03-14,2.329,2.6820000000000004,0.353,1.0
2016-03-15,2.329,2.6820000000000004,0.353,1.0
2016-03-16,2.341,2.694,0.353,1.0
2016-03-17,2.366,2.7190000000000003,0.353,1.0
2016-03-18,2.4,2.753,0.353,1.0
2016-03-21,2.424,2.777,0.353,1.0
2016-03-22,2.418,2.771,0.353,1.0
2016-03-23,2.409,2.7619999999999996,0.353,1.0
2016-03-24,2.379,2.732,0.353,1.0
2016-03-25,2.382,2.7350000000000003,0.353,1.0
2016-03-28,2.383,2.7359999999999998,0.353,1.0
2016-03-29,2.341,2.694,0.353,1.0
2016-03-30,2.404,2.7569999999999997,0.353,1.0
2016-03-31,2.404,2.7569999999999997,0.353,1.0
2016-04-01,2.408,2.761,0.353,1.0
2016-04-05,2.447,2.8,0.353,1.0
2016-04-06,2.438,2.7910000000000004,0.353,1.0
2016-04-07,2.418,2.771,0.353,1.0
2016-04-08,2.409,2.7619999999999996,0.353,1.0
2016-04-11,2.436,2.7889999999999997,0.353,1.0
2016-04-12,2.425,2.7779999999999996,0.353,1.0
2016-04-13,2.467,2.8200000000000003,0.353,1.0
2016-04-14,2.47,2.8230000000000004,0.353,1.0
2016-04-15,2.468,2.8209999999999997,0.353,1.0
2016-04-18,2.451,2.8040000000000003,0.353,1.0
2016-04-19,2.446,2.7990000000000004,0.353,1.0
2016-04-20,2.409,2.7619999999999996,0.353,1.0
2016-04-21,2.417,2.7699999999999996,0.353,1.0
2016-04-22,2.416,2.769,0.353,1.0
2016-04-25,2.4,2.753,0.353,1.0
2016-04-26,2.412,2.7649999999999997,0.353,1.0
2016-04-27,2.416,2.769,0.353,1.0
2016-04-28,2.41,2.763,0.353,1.0
2016-04-29,2.406,2.7590000000000003,0.353,1.0
2016-05-03,2.432,2.785,0.353,1.0
2016-05-04,2.424,2.777,0.353,1.0
2016-05-05,2.415,2.768,0.353,1.0
2016-05-06,2.374,2.7270000000000003,0.353,1.0
2016-05-09,2.304,2.657,0.353,1.0
2016-05-10,2.295,2.6479999999999997,0.353,1.0
2016-05-11,2.296,2.649,0.353,1.0
2016-05-12,2.305,2.6580000000000004,0.353,1.0
2016-05-13,2.306,2.659,0.353,1.0
2016-05-16,2.316,2.6689999999999996,0.353,1.0
2016-05-17,2.318,2.6710000000000003,0.353,1.0
2016-05-18,2.3,2.6529999999999996,0.353,1.0
2016-05-19,2.292,2.6449999999999996,0.353,1.0
2016-05-20,2.294,2.6470000000000002,0.353,1.0
2016-05-23,2.305,2.6580000000000004,0.353,1.0
2016-05-24,2.299,2.652,0.353,1.0
2016-05-25,2.297,2.6500000000000004,0.353,1.0
2016-05-26,2.297,2.6500000000000004,0.353,1.0
2016-05-27,2.302,2.6550000000000002,0.353,1.0
2016-05-30,2.311,2.6639999999999997,0.353,1.0
2016-05-31,2.377,2.7299999999999995,0.353,1.0
2016-06-01,2.371,2.724,0.353,1.0
2016-06-02,2.371,2.724,0.353,1.0
2016-06-03,2.375,2.7279999999999998,0.353,1.0
2016-06-06,2.376,2.729,0.353,1.0
2016-06-07,2.376,2.729,0.353,1.0
2016-06-08,2.364,2.7169999999999996,0.353,1.0
2016-06-13,2.312,2.665,0.353,1.0
2016-06-14,2.318,2.6710000000000003,0.353,1.0
2016-06-15,2.338,2.691,0.353,1.0
2016-06-16,2.321,2.6740000000000004,0.353,1.0
2016-06-17,2.334,2.6870000000000003,0.353,1.0
2016-06-20,2.34,2.6929999999999996,0.353,1.0
2016-06-21,2.34,2.6929999999999996,0.353,1.0
2016-06-22,2.37,2.723,0.353,1.0
2016-06-23,2.348,2.7009999999999996,0.353,1.0
2016-06-24,2.327,2.6799999999999997,0.353,1.0
2016-06-27,2.348,2.7009999999999996,0.353,1.0
2016-06-28,2.344,2.697,0.353,1.0
2016-06-29,2.358,2.7110000000000003,0.353,1.0
2016-06-30,2.366,2.7190000000000003,0.353,1.0
2016-07-01,2.372,2.7249999999999996,0.353,1.0
2016-07-04,2.411,2.7640000000000002,0.353,1.0
2016-07-05,2.424,2.777,0.353,1.0
2016-07-06,2.416,2.769,0.353,1.0
2016-07-07,2.418,2.771,0.353,1.0
2016-07-08,2.408,2.761,0.353,1.0
2016-07-11,2.418,2.771,0.353,1.0
2016-07-12,2.476,2.8289999999999997,0.353,1.0
2016-07-13,2.491,2.8440000000000003,0.353,1.0
2016-07-14,2.483,2.8360000000000003,0.353,1.0
2016-07-15,2.49,2.843,0.353,1.0
2016-07-18,2.499,2.8520000000000003,0.353,1.0
2016-07-19,2.485,2.838,0.353,1.0
2016-07-20,2.486,2.8390000000000004,0.353,1.0
2016-07-21,2.503,2.856,0.353,1.0
2016-07-22,2.486,2.8390000000000004,0.353,1.0
2016-07-25,2.491,2.8440000000000003,0.353,1.0
2016-07-26,2.52,2.873,0.353,1.0
2016-07-27,2.498,2.851,0.353,1.0
2016-07-28,2.516,2.8689999999999998,0.353,1.0
2016-07-29,2.525,2.878,0.353,1.0
2016-08-01,2.509,2.862,0.353,1.0
2016-08-02,2.511,2.864,0.353,1.0
2016-08-03,2.508,2.8609999999999998,0.353,1.0
2016-08-04,2.508,2.8609999999999998,0.353,1.0
2016-08-05,2.52,2.873,0.353,1.0
2016-08-08,2.532,2.885,0.353,1.0
2016-08-09,2.557,2.91,0.353,1.0
2016-08-10,2.554,2.907,0.353,1.0
2016-08-11,2.545,2.8979999999999997,0.353,1.0
2016-08-12,2.598,2.9509999999999996,0.353,1.0
2016-08-15,2.657,3.01,0.353,1.0
2016-08-16,2.633,2.9859999999999998,0.353,1.0
2016-08-17,2.644,2.997,0.353,1.0
2016-08-18,2.631,2.984,0.353,1.0
2016-08-19,2.641,2.9939999999999998,0.353,1.0
2016-08-22,2.629,2.982,0.353,1.0
2016-08-23,2.626,2.979,0.353,1.0
2016-08-24,2.619,2.9720000000000004,0.353,1.0
2016-08-25,2.606,2.9589999999999996,0.353,1.0
2016-08-26,2.603,2.9560000000000004,0.353,1.0
2016-08-29,2.607,2.96,0.353,1.0
2016-08-30,2.604,2.957,0.353,1.0
2016-08-31,2.617,2.9699999999999998,0.353,1.0
2016-09-01,2.602,2.955,0.353,1.0
2016-09-02,2.609,2.9619999999999997,0.353,1.0
2016-09-05,2.622,2.9749999999999996,0.353,1.0
2016-09-06,2.631,2.984,0.353,1.0
2016-09-07,2.638,2.9909999999999997,0.353,1.0
2016-09-08,2.637,2.99,0.353,1.0
2016-09-09,2.63,2.9829999999999997,0.353,1.0
2016-09-12,2.569,2.9219999999999997,0.353,1.0
2016-09-13,2.568,2.9210000000000003,0.353,1.0
2016-09-14,2.557,2.91,0.353,1.0
2016-09-19,2.571,2.9240000000000004,0.353,1.0
2016-09-20,2.573,2.926,0.353,1.0
2016-09-21,2.579,2.9320000000000004,0.353,1.0
2016-09-22,2.6,2.9530000000000003,0.353,1.0
2016-09-23,2.591,2.944,0.353,1.0
2016-09-26,2.557,2.91,0.353,1.0
2016-09-27,2.554,2.907,0.353,1.0
2016-09-28,2.551,2.904,0.353,1.0
2016-09-29,2.561,2.9139999999999997,0.353,1.0
2016-09-30,2.57,2.923,0.353,1.0
2016-10-10,2.6,2.9530000000000003,0.353,1.0
2016-10-11,2.604,2.957,0.353,1.0
2016-10-12,2.597,2.95,0.353,1.0
2016-10-13,2.609,2.9619999999999997,0.353,1.0
2016-10-14,2.609,2.9619999999999997,0.353,1.0
2016-10-17,2.594,2.947,0.353,1.0
2016-10-18,2.625,2.9779999999999998,0.353,1.0
2016-10-19,2.626,2.979,0.353,1.0
2016-10-20,2.625,2.9779999999999998,0.353,1.0
2016-10-21,2.643,2.9959999999999996,0.353,1.0
2016-10-24,2.679,3.032,0.353,1.0
2016-10-25,2.679,3.032,0.353,1.0
2016-10-26,2.658,3.011,0.353,1.0
2016-10-27,2.658,3.011,0.353,1.0
2016-10-28,2.65,3.003,0.353,1.0
2016-10-31,2.644,2.997,0.353,1.0
2016-11-01,2.657,3.01,0.353,1.0
2016-11-02,2.639,2.992,0.353,1.0
2016-11-03,2.656,3.0090000000000003,0.353,1.0
2016-11-04,2.653,3.0060000000000002,0.353,1.0
2016-11-07,2.665,3.018,0.353,1.0
2016-11-08,2.677,3.0300000000000002,0.353,1.0
2016-11-09,2.658,3.011,0.353,1.0
2016-11-10,2.691,3.0439999999999996,0.353,1.0
2016-11-11,2.708,3.061,0.353,1.0
2016-11-14,2.714,3.067,0.353,1.0
2016-11-15,2.705,3.058,0.353,1.0
2016-11-16,2.711,3.064,0.353,1.0
2016-11-17,2.715,3.0679999999999996,0.353,1.0
2016-11-18,2.707,3.0599999999999996,0.353,1.0
2016-11-21,2.732,3.085,0.353,1.0
2016-11-22,2.759,3.112,0.353,1.0
2016-11-23,2.764,3.117,0.353,1.0
2016-11-24,2.77,3.123,0.353,1.0
2016-11-25,2.8,3.1529999999999996,0.353,1.0
2016-11-28,2.82,3.173,0.353,1.0
2016-11-29,2.832,3.1849999999999996,0.353,1.0
2016-11-30,2.796,3.149,0.353,1.0
2016-12-01,2.828,3.181,0.353,1.0
2016-12-02,2.808,3.1609999999999996,0.353,1.0
2016-12-05,2.772,3.125,0.353,1.0
2016-12-06,2.765,3.1180000000000003,0.353,1.0
2016-12-07,2.777,3.13,0.353,1.0
2016-12-08,2.784,3.1369999999999996,0.353,1.0
2016-12-09,2.808,3.1609999999999996,0.353,1.0
2016-12-12,2.759,3.112,0.353,1.0
2016-12-13,2.742,3.0949999999999998,0.353,1.0
2016-12-14,2.727,3.08,0.353,1.0
2016-12-15,2.675,3.0279999999999996,0.353,1.0
2016-12-16,2.68,3.0330000000000004,0.353,1.0
2016-12-19,2.676,3.029,0.353,1.0
2016-12-20,2.655,3.008,0.353,1.0
2016-12-21,2.682,3.035,0.353,1.0
2016-12-22,2.687,3.04,0.353,1.0
2016-12-23,2.659,3.0119999999999996,0.353,1.0
2016-12-26,2.669,3.0220000000000002,0.353,1.0
2016-12-27,2.668,3.021,0.353,1.0
2016-12-28,2.656,3.0090000000000003,0.353,1.0
2016-12-29,2.657,3.01,0.353,1.0
2016-12-30,2.663,3.016,0.353,1.0
2017-01-03,2.687,3.04,0.353,1.0
2017-01-04,2.707,3.0599999999999996,0.353,1.0
2017-01-05,2.71,3.0629999999999997,0.353,1.0
2017-01-06,2.709,3.0620000000000003,0.353,1.0
2017-01-09,2.72,3.0730000000000004,0.353,1.0
2017-01-10,2.711,3.064,0.353,1.0
2017-01-11,2.694,3.0469999999999997,0.353,1.0
2017-01-12,2.686,3.0389999999999997,0.353,1.0
2017-01-13,2.695,3.048,0.353,1.0
2017-01-16,2.722,3.075,0.353,1.0
2017-01-17,2.72,3.0730000000000004,0.353,1.0
2017-01-18,2.733,3.0860000000000003,0.353,1.0
2017-01-19,2.725,3.0780000000000003,0.353,1.0
2017-01-20,2.744,3.0970000000000004,0.353,1.0
2017-01-23,2.652,3.096,0.444,1.0
2017-01-24,2.666,3.11,0.444,1.0
2017-01-25,2.672,3.116,0.444,1.0
2017-01-26,2.676,3.12,0.444,1.0
2017-02-03,2.658,3.102,0.444,1.0
2017-02-06,2.662,3.106,0.444,1.0
2017-02-07,2.661,3.105,0.444,1.0
2017-02-08,2.668,3.112,0.444,1.0
2017-02-09,2.678,3.122,0.444,1.0
2017-02-10,2.694,3.138,0.444,1.0
2017-02-13,2.704,3.148,0.444,1.0
2017-02-14,2.7,3.144,0.444,1.0
2017-02-15,2.705,3.149,0.444,1.0
2017-02-16,2.717,3.161,0.444,1.0
2017-02-17,2.699,3.143,0.444,1.0
2017-02-20,2.735,3.179,0.444,1.0
2017-02-21,2.741,3.185,0.444,1.0
2017-02-22,2.755,3.199,0.444,1.0
2017-02-23,2.742,3.186,0.444,1.0
2017-02-24,2.739,3.183,0.444,1.0
2017-02-27,2.722,3.166,0.444,1.0
2017-02-28,2.73,3.174,0.444,1.0
2017-03-01,2.731,3.175,0.444,1.0
2017-03-02,2.715,3.159,0.444,1.0
2017-03-03,2.712,3.156,0.444,1.0
2017-03-06,2.721,3.165,0.444,1.0
2017-03-07,2.718,3.162,0.444,1.0
2017-03-08,2.713,3.157,0.444,1.0
2017-03-09,2.694,3.138,0.444,1.0
2017-03-10,2.694,3.138,0.444,1.0
2017-03-13,2.72,3.164,0.444,1.0
2017-03-14,2.724,3.168,0.444,1.0
2017-03-15,2.729,3.173,0.444,1.0
2017-03-16,2.738,3.182,0.444,1.0
2017-03-17,2.709,3.153,0.444,1.0
2017-03-20,2.728,3.172,0.444,1.0
2017-03-21,2.736,3.18,0.444,1.0
2017-03-22,2.715,3.159,0.444,1.0
2017-03-23,2.717,3.161,0.444,1.0
2017-03-24,2.746,3.19,0.444,1.0
2017-03-27,2.751,3.195,0.444,1.0
2017-03-28,2.738,3.182,0.444,1.0
2017-03-29,2.736,3.18,0.444,1.0
2017-03-30,2.73,3.174,0.444,1.0
2017-03-31,2.751,3.195,0.444,1.0
2017-04-05,2.783,3.227,0.444,1.0
2017-04-06,2.787,3.231,0.444,1.0
2017-04-07,2.792,3.2359999999999998,0.444,1.0
2017-04-10,2.79,3.234,0.444,1.0
2017-04-11,2.792,3.2359999999999998,0.444,1.0
2017-04-12,2.78,3.2239999999999998,0.444,1.0
2017-04-13,2.788,3.2319999999999998,0.444,1.0
2017-04-14,2.764,3.2079999999999997,0.444,1.0
2017-04-17,2.754,3.198,0.444,1.0
2017-04-18,2.74,3.184,0.444,1.0
2017-04-19,2.722,3.166,0.444,1.0
2017-04-20,2.73,3.174,0.444,1.0
2017-04-21,2.749,3.193,0.444,1.0
2017-04-24,2.726,3.17,0.444,1.0
2017-04-25,2.733,3.177,0.444,1.0
2017-04-26,2.736,3.18,0.444,1.0
2017-04-27,2.734,3.178,0.444,1.0
2017-04-28,2.72,3.164,0.444,1.0
2017-05-02,2.705,3.149,0.444,1.0
2017-05-03,2.692,3.136,0.444,1.0
2017-05-04,2.685,3.129,0.444,1.0
2017-05-05,2.679,3.1229999999999998,0.444,1.0
2017-05-08,2.679,3.1229999999999998,0.444,1.0
2017-05-09,2.683,3.127,0.444,1.0
2017-05-10,2.665,3.109,0.444,1.0
2017-05-11,2.678,3.122,0.444,1.0
2017-05-12,2.705,3.149,0.444,1.0
2017-05-15,2.721,3.165,0.444,1.0
2017-05-16,2.73,3.174,0.444,1.0
2017-05-17,2.723,3.167,0.444,1.0
2017-05-18,2.707,3.151,0.444,1.0
2017-05-19,2.712,3.156,0.444,1.0
2017-05-22,2.71,3.154,0.444,1.0
2017-05-23,2.733,3.177,0.444,1.0
2017-05-24,2.73,3.174,0.444,1.0
2017-05-25,2.78,3.2239999999999998,0.444,1.0
2017-05-26,2.787,3.231,0.444,1.0
2017-05-31,2.8,3.2439999999999998,0.444,1.0
2017-06-01,2.807,3.251,0.444,1.0
2017-06-02,2.808,3.252,0.444,1.0
2017-06-05,2.784,3.2279999999999998,0.444,1.0
2017-06-06,2.792,3.2359999999999998,0.444,1.0
2017-06-07,2.817,3.261,0.444,1.0
2017-06-08,2.848,3.292,0.444,1.0
2017-06-09,2.852,3.296,0.444,1.0
2017-06-12,2.857,3.301,0.444,1.0
2017-06-13,2.865,3.309,0.444,1.0
2017-06-14,2.829,3.273,0.444,1.0
2017-06-15,2.814,3.258,0.444,1.0
2017-06-16,2.804,3.2479999999999998,0.444,1.0
2017-06-19,2.821,3.265,0.444,1.0
2017-06-20,2.81,3.254,0.444,1.0
2017-06-21,2.842,3.286,0.444,1.0
2017-06-22,2.851,3.295,0.444,1.0
2017-06-23,2.872,3.316,0.444,1.0
2017-06-26,2.896,3.34,0.444,1.0
2017-06-27,2.897,3.3409999999999997,0.444,1.0
2017-06-28,2.889,3.3329999999999997,0.444,1.0
2017-06-29,2.903,3.347,0.444,1.0
2017-06-30,2.911,3.355,0.444,1.0
2017-07-03,2.913,3.3569999999999998,0.444,1.0
2017-07-04,2.899,3.343,0.444,1.0
2017-07-05,2.916,3.36,0.444,1.0
2017-07-06,2.928,3.372,0.444,1.0
2017-07-07,2.939,3.383,0.444,1.0
2017-07-10,2.938,3.382,0.444,1.0
2017-07-11,2.955,3.399,0.444,1.0
2017-07-12,2.938,3.382,0.444,1.0
2017-07-13,2.963,3.407,0.444,1.0
2017-07-14,2.992,3.436,0.444,1.0
2017-07-17,2.975,3.419,0.444,1.0
2017-07-18,2.975,3.419,0.444,1.0
2017-07-19,3.004,3.448,0.444,1.0
2017-07-20,3.019,3.463,0.444,1.0
2017-07-21,3.02,3.464,0.444,1.0
2017-07-24,3.034,3.4779999999999998,0.444,1.0
2017-07-25,3.02,3.464,0.444,1.0
2017-07-26,3.005,3.449,0.444,1.0
2017-07-27,3.005,3.449,0.444,1.0
2017-07-28,3.003,3.447,0.444,1.0
2017-07-31,3.007,3.451,0.444,1.0
2017-08-01,3.026,3.4699999999999998,0.444,1.0
2017-08-02,3.02,3.464,0.444,1.0
2017-08-03,2.997,3.441,0.444,1.0
2017-08-04,2.985,3.429,0.444,1.0
2017-08-07,2.994,3.438,0.444,1.0
2017-08-08,2.98,3.424,0.444,1.0
2017-08-09,2.975,3.419,0.444,1.0
2017-08-10,2.967,3.411,0.444,1.0
2017-08-11,2.92,3.364,0.444,1.0
2017-08-14,2.933,3.377,0.444,1.0
2017-08-15,2.95,3.394,0.444,1.0
2017-08-16,2.943,3.387,0.444,1.0
2017-08-17,2.957,3.401,0.444,1.0
2017-08-18,2.961,3.405,0.444,1.0
2017-08-21,2.97,3.414,0.444,1.0
2017-08-22,2.973,3.417,0.444,1.0
2017-08-23,2.984,3.428,0.444,1.0
2017-08-24,2.978,3.422,0.444,1.0
2017-08-25,3.028,3.472,0.444,1.0
2017-08-28,3.037,3.481,0.444,1.0
2017-08-29,3.039,3.483,0.444,1.0
2017-08-30,3.032,3.476,0.444,1.0
2017-08-31,3.015,3.459,0.444,1.0
2017-09-01,3.014,3.4579999999999997,0.444,1.0
2017-09-04,3.018,3.4619999999999997,0.444,1.0
2017-09-05,3.026,3.4699999999999998,0.444,1.0
2017-09-06,3.023,3.467,0.444,1.0
2017-09-07,3.013,3.457,0.444,1.0
2017-09-08,3.015,3.459,0.444,1.0
2017-09-11,3.019,3.463,0.444,1.0
2017-09-12,3.025,3.469,0.444,1.0
2017-09-13,3.024,3.468,0.444,1.0
2017-09-14,3.006,3.4499999999999997,0.444,1.0
2017-09-15,2.997,3.441,0.444,1.0
2017-09-18,3.01,3.4539999999999997,0.444,1.0
2017-09-19,3.004,3.448,0.444,1.0
2017-09-20,3.02,3.464,0.444,1.0
2017-09-21,3.029,3.473,0.444,1.0
2017-09-22,3.033,3.477,0.444,1.0
2017-09-25,3.03,3.4739999999999998,0.444,1.0
2017-09-26,3.026,3.4699999999999998,0.444,1.0
2017-09-27,3.03,3.4739999999999998,0.444,1.0
2017-09-28,3.026,3.4699999999999998,0.444,1.0
2017-09-29,3.036,3.48,0.444,1.0
2017-10-09,3.058,3.502,0.444,1.0
2017-10-10,3.05,3.4939999999999998,0.444,1.0
2017-10-11,3.062,3.506,0.444,1.0
2017-10-12,3.068,3.512,0.444,1.0
2017-10-13,3.069,3.513,0.444,1.0
2017-10-16,3.065,3.509,0.444,1.0
2017-10-17,3.061,3.505,0.444,1.0
2017-10-18,3.076,3.52,0.444,1.0
2017-10-19,3.083,3.527,0.444,1.0
2017-10-20,3.093,3.537,0.444,1.0
2017-10-23,3.089,3.533,0.444,1.0
2017-10-24,3.106,3.55,0.444,1.0
2017-10-25,3.111,3.555,0.444,1.0
2017-10-26,3.104,3.548,0.444,1.0
2017-10-27,3.119,3.563,0.444,1.0
2017-10-30,3.112,3.556,0.444,1.0
2017-10-31,3.1,3.544,0.444,1.0
2017-11-01,3.075,3.519,0.444,1.0
2017-11-02,3.072,3.516,0.444,1.0
2017-11-03,3.063,3.507,0.444,1.0
2017-11-06,3.075,3.519,0.444,1.0
2017-11-07,3.093,3.537,0.444,1.0
2017-11-08,3.101,3.545,0.444,1.0
2017-11-09,3.117,3.561,0.444,1.0
2017-11-10,3.136,3.58,0.444,1.0
2017-11-13,3.159,3.6029999999999998,0.444,1.0
2017-11-14,3.143,3.5869999999999997,0.444,1.0
2017-11-15,3.124,3.568,0.444,1.0
2017-11-16,3.123,3.567,0.444,1.0
2017-11-17,3.158,3.602,0.444,1.0
2017-11-20,3.181,3.625,0.444,1.0
2017-11-21,3.207,3.651,0.444,1.0
2017-11-22,3.221,3.665,0.444,1.0
2017-11-23,3.155,3.5989999999999998,0.444,1.0
2017-11-24,3.15,3.594,0.444,1.0
2017-11-27,3.121,3.565,0.444,1.0
2017-11-28,3.113,3.557,0.444,1.0
2017-11-29,3.112,3.556,0.444,1.0
2017-11-30,3.093,3.537,0.444,1.0
2017-12-01,3.09,3.534,0.444,1.0
2017-12-04,3.089,3.533,0.444,1.0
2017-12-05,3.124,3.568,0.444,1.0
2017-12-06,3.096,3.54,0.444,1.0
2017-12-07,3.071,3.515,0.444,1.0
2017-12-08,3.067,3.511,0.444,1.0
2017-12-11,3.097,3.541,0.444,1.0
2017-12-12,3.055,3.499,0.444,1.0
2017-12-13,3.068,3.512,0.444,1.0
2017-12-14,3.056,3.5,0.444,1.0
2017-12-15,3.032,3.476,0.444,1.0
2017-12-18,3.036,3.48,0.444,1.0
2017-12-19,3.061,3.505,0.444,1.0
2017-12-20,3.062,3.506,0.444,1.0
2017-12-21,3.069,3.513,0.444,1.0
2017-12-22,3.067,3.511,0.444,1.0
2017-12-25,3.07,3.514,0.444,1.0
2017-12-26,3.089,3.533,0.444,1.0
2017-12-27,3.07,3.514,0.444,1.0
2017-12-28,3.086,3.53,0.444,1.0
2017-12-29,3.102,3.546,0.444,1.0
2018-01-02,3.147,3.5909999999999997,0.444,1.0
2018-01-03,3.162,3.606,0.444,1.0
2018-01-04,3.163,3.6069999999999998,0.444,1.0
2018-01-05,3.195,3.639,0.444,1.0
2018-01-08,3.217,3.661,0.444,1.0
2018-01-09,3.216,3.66,0.444,1.0
2018-01-10,3.226,3.67,0.444,1.0
2018-01-11,3.218,3.662,0.444,1.0
2018-01-12,3.226,3.67,0.444,1.0
2018-01-15,3.221,3.665,0.444,1.0
2018-01-16,3.244,3.688,0.444,1.0
2018-01-17,3.254,3.698,0.444,1.0
2018-01-18,3.282,3.726,0.444,1.0
2018-01-19,3.298,3.742,0.444,1.0
2018-01-22,3.319,3.763,0.444,1.0
2018-01-23,3.259,3.812,0.553,1.0
2018-01-24,3.269,3.822,0.553,1.0
2018-01-25,3.255,3.808,0.553,1.0
2018-01-26,3.291,3.844,0.553,1.0
2018-01-29,3.259,3.812,0.553,1.0
2018-01-30,3.228,3.781,0.553,1.0
2018-01-31,3.225,3.778,0.553,1.0
2018-02-01,3.222,3.775,0.553,1.0
2018-02-02,3.253,3.806,0.553,1.0
2018-02-05,3.303,3.856,0.553,1.0
2018-02-06,3.215,3.768,0.553,1.0
2018-02-07,3.152,3.705,0.553,1.0
2018-02-08,3.094,3.647,0.553,1.0
2018-02-09,2.978,3.531,0.553,1.0
2018-02-12,2.984,3.537,0.553,1.0
2018-02-13,3.023,3.576,0.553,1.0
2018-02-14,3.032,3.585,0.553,1.0
2018-02-22,3.09,3.643,0.553,1.0
2018-02-23,3.104,3.657,0.553,1.0
2018-02-26,3.123,3.676,0.553,1.0
2018-02-27,3.084,3.637,0.553,1.0
2018-02-28,3.056,3.609,0.553,1.0
2018-03-01,3.05,3.6029999999999998,0.553,1.0
2018-03-02,3.048,3.601,0.553,1.0
2018-03-05,3.05,3.6029999999999998,0.553,1.0
2018-03-06,3.075,3.628,0.553,1.0
2018-03-07,3.071,3.624,0.553,1.0
2018-03-08,3.084,3.637,0.553,1.0
2018-03-09,3.086,3.639,0.553,1.0
2018-03-12,3.092,3.645,0.553,1.0
2018-03-13,3.08,3.633,0.553,1.0
2018-03-14,3.072,3.625,0.553,1.0
2018-03-15,3.066,3.6189999999999998,0.553,1.0
2018-03-16,3.049,3.602,0.553,1.0
2018-03-19,3.034,3.5869999999999997,0.553,1.0
2018-03-20,3.04,3.593,0.553,1.0
2018-03-21,3.03,3.5829999999999997,0.553,1.0
2018-03-22,3.01,3.5629999999999997,0.553,1.0
2018-03-23,2.943,3.496,0.553,1.0
2018-03-26,2.913,3.4659999999999997,0.553,1.0
2018-03-27,2.913,3.4659999999999997,0.553,1.0
2018-03-28,2.877,3.4299999999999997,0.553,1.0
2018-03-29,2.928,3.481,0.553,1.0
2018-03-30,2.921,3.4739999999999998,0.553,1.0
2018-04-02,2.905,3.4579999999999997,0.553,1.0
2018-04-03,2.865,3.418,0.553,1.0
2018-04-04,2.866,3.419,0.553,1.0
2018-04-09,2.864,3.417,0.553,1.0
2018-04-10,2.916,3.469,0.553,1.0
2018-04-11,2.938,3.491,0.553,1.0
2018-04-12,2.908,3.461,0.553,1.0
2018-04-13,2.895,3.448,0.553,1.0
2018-04-16,2.842,3.395,0.553,1.0
2018-04-17,2.818,3.371,0.553,1.0
2018-04-18,2.82,3.3729999999999998,0.553,1.0
2018-04-19,2.838,3.391,0.553,1.0
2018-04-20,2.803,3.356,0.553,1.0
2018-04-23,2.803,3.356,0.553,1.0
2018-04-24,2.859,3.412,0.553,1.0
2018-04-25,2.841,3.394,0.553,1.0
2018-04-26,2.801,3.354,0.553,1.0
2018-04-27,2.806,3.359,0.553,1.0
2018-05-02,2.818,3.371,0.553,1.0
2018-05-03,2.835,3.388,0.553,1.0
2018-05-04,2.834,3.387,0.553,1.0
2018-05-07,2.865,3.418,0.553,1.0
2018-05-08,2.89,3.443,0.553,1.0
2018-05-09,2.884,3.437,0.553,1.0
2018-05-10,2.905,3.4579999999999997,0.553,1.0
2018-05-11,2.899,3.452,0.553,1.0
2018-05-14,2.905,3.4579999999999997,0.553,1.0
2018-05-15,2.915,3.468,0.553,1.0
2018-05-16,2.904,3.457,0.553,1.0
2018-05-17,2.898,3.451,0.553,1.0
2018-05-18,2.928,3.481,0.553,1.0
2018-05-21,2.937,3.4899999999999998,0.553,1.0
2018-05-22,2.923,3.476,0.553,1.0
2018-05-23,2.9,3.453,0.553,1.0
2018-05-24,2.877,3.4299999999999997,0.553,1.0
2018-05-25,2.881,3.4339999999999997,0.553,1.0
2018-05-28,2.876,3.429,0.553,1.0
2018-05-29,2.873,3.426,0.553,1.0
2018-05-30,2.834,3.387,0.553,1.0
2018-05-31,2.875,3.428,0.553,1.0
2018-06-01,2.864,3.417,0.553,1.0
2018-06-04,2.881,3.4339999999999997,0.553,1.0
2018-06-05,2.895,3.448,0.553,1.0
2018-06-06,2.888,3.441,0.553,1.0
2018-06-07,2.878,3.431,0.553,1.0
2018-06-08,2.844,3.397,0.553,1.0
2018-06-11,2.84,3.393,0.553,1.0
2018-06-12,2.86,3.413,0.553,1.0
2018-06-13,2.857,3.41,0.553,1.0
2018-06-14,2.855,3.408,0.553,1.0
2018-06-15,2.853,3.406,0.553,1.0
2018-06-19,2.786,3.339,0.553,1.0
2018-06-20,2.781,3.334,0.553,1.0
2018-06-21,2.761,3.314,0.553,1.0
2018-06-22,2.756,3.3089999999999997,0.553,1.0
2018-06-25,2.736,3.289,0.553,1.0
2018-06-26,2.703,3.256,0.553,1.0
2018-06-27,2.671,3.2239999999999998,0.553,1.0
2018-06-28,2.644,3.197,0.553,1.0
2018-06-29,2.69,3.243,0.553,1.0
2018-07-02,2.615,3.168,0.553,1.0
2018-07-03,2.62,3.173,0.553,1.0
2018-07-04,2.613,3.166,0.553,1.0
2018-07-05,2.599,3.152,0.553,1.0
2018-07-06,2.616,3.169,0.553,1.0
2018-07-09,2.671,3.2239999999999998,0.553,1.0
2018-07-10,2.681,3.234,0.553,1.0
2018-07-11,2.643,3.1959999999999997,0.553,1.0
2018-07-12,2.688,3.241,0.553,1.0
2018-07-13,2.685,3.238,0.553,1.0
2018-07-16,2.675,3.2279999999999998,0.553,1.0
2018-07-17,2.662,3.215,0.553,1.0
2018-07-18,2.676,3.229,0.553,1.0
2018-07-19,2.665,3.218,0.553,1.0
2018-07-20,2.732,3.285,0.553,1.0
2018-07-23,2.769,3.322,0.553,1.0
2018-07-24,2.791,3.344,0.553,1.0
2018-07-25,2.79,3.343,0.553,1.0
2018-07-26,2.773,3.326,0.553,1.0
2018-07-27,2.765,3.318,0.553,1.0
2018-07-30,2.77,3.323,0.553,1.0
2018-07-31,2.787,3.34,0.553,1.0
2018-08-01,2.736,3.289,0.553,1.0
2018-08-02,2.679,3.2319999999999998,0.553,1.0
2018-08-03,2.666,3.219,0.553,1.0
2018-08-06,2.65,3.203,0.553,1.0
2018-08-07,2.706,3.259,0.553,1.0
2018-08-08,2.671,3.2239999999999998,0.553,1.0
2018-08-09,2.715,3.268,0.553,1.0
2018-08-10,2.705,3.258,0.553,1.0
2018-08-13,2.684,3.237,0.553,1.0
2018-08-14,2.678,3.231,0.553,1.0
2018-08-15,2.632,3.185,0.553,1.0
2018-08-16,2.622,3.175,0.553,1.0
2018-08-17,2.597,3.15,0.553,1.0
2018-08-20,2.623,3.176,0.553,1.0
2018-08-21,2.649,3.202,0.553,1.0
2018-08-22,2.638,3.191,0.553,1.0
2018-08-23,2.647,3.1999999999999997,0.553,1.0
2018-08-24,2.657,3.21,0.553,1.0
2018-08-27,2.709,3.262,0.553,1.0
2018-08-28,2.707,3.26,0.553,1.0
2018-08-29,2.704,3.257,0.553,1.0
2018-08-30,2.686,3.239,0.553,1.0
2018-08-31,2.676,3.229,0.553,1.0
2018-09-03,2.672,3.225,0.553,1.0
2018-09-04,2.696,3.249,0.553,1.0
2018-09-05,2.66,3.213,0.553,1.0
2018-09-06,2.635,3.1879999999999997,0.553,1.0
2018-09-07,2.647,3.1999999999999997,0.553,1.0
2018-09-10,2.635,3.1879999999999997,0.553,1.0
2018-09-11,2.624,3.177,0.553,1.0
2018-09-12,2.62,3.173,0.553,1.0
2018-09-13,2.649,3.202,0.553,1.0
2018-09-14,2.652,3.205,0.553,1.0
2018-09-17,2.638,3.191,0.553,1.0
2018-09-18,2.676,3.229,0.553,1.0
2018-09-19,2.711,3.264,0.553,1.0
2018-09-20,2.702,3.255,0.553,1.0
2018-09-21,2.778,3.331,0.553,1.0
2018-09-25,2.755,3.308,0.553,1.0
2018-09-26,2.775,3.328,0.553,1.0
2018-09-27,2.779,3.332,0.553,1.0
2018-09-28,2.801,3.354,0.553,1.0
2018-10-08,2.707,3.26,0.553,1.0
2018-10-09,2.699,3.252,0.553,1.0
2018-10-10,2.709,3.262,0.553,1.0
2018-10-11,2.598,3.151,0.553,1.0
2018-10-12,2.614,3.167,0.553,1.0
2018-10-15,2.575,3.128,0.553,1.0
2018-10-16,2.554,3.1069999999999998,0.553,1.0
2018-10-17,2.574,3.127,0.553,1.0
2018-10-18,2.53,3.0829999999999997,0.553,1.0
2018-10-19,2.587,3.14,0.553,1.0
2018-10-22,2.675,3.2279999999999998,0.553,1.0
2018-10-23,2.612,3.165,0.553,1.0
2018-10-24,2.624,3.177,0.553,1.0
2018-10-25,2.621,3.174,0.553,1.0
2018-10-26,2.625,3.178,0.553,1.0
2018-10-29,2.574,3.127,0.553,1.0
2018-10-30,2.588,3.141,0.553,1.0
2018-10-31,2.616,3.169,0.553,1.0
2018-11-01,2.613,3.166,0.553,1.0
2018-11-02,2.675,3.2279999999999998,0.553,1.0
2018-11-05,2.66,3.213,0.553,1.0
2018-11-06,2.656,3.209,0.553,1.0
2018-11-07,2.641,3.194,0.553,1.0
2018-11-08,2.643,3.1959999999999997,0.553,1.0
2018-11-09,2.606,3.159,0.553,1.0
2018-11-12,2.636,3.189,0.553,1.0
2018-11-13,2.65,3.203,0.553,1.0
2018-11-14,2.625,3.178,0.553,1.0
2018-11-15,2.644,3.197,0.553,1.0
2018-11-16,2.65,3.203,0.553,1.0
2018-11-19,2.674,3.227,0.553,1.0
2018-11-20,2.629,3.182,0.553,1.0
2018-11-21,2.629,3.182,0.553,1.0
2018-11-22,2.62,3.173,0.553,1.0
2018-11-23,2.575,3.128,0.553,1.0
2018-11-26,2.578,3.131,0.553,1.0
2018-11-27,2.572,3.125,0.553,1.0
2018-11-28,2.588,3.141,0.553,1.0
2018-11-29,2.571,3.124,0.553,1.0
2018-11-30,2.587,3.14,0.553,1.0
2018-12-03,2.643,3.1959999999999997,0.553,1.0
2018-12-04,2.649,3.202,0.553,1.0
2018-12-05,2.642,3.195,0.553,1.0
2018-12-06,2.611,3.164,0.553,1.0
2018-12-07,2.621,3.174,0.553,1.0
2018-12-10,2.607,3.16,0.553,1.0
2018-12-11,2.609,3.162,0.553,1.0
2018-12-12,2.625,3.178,0.553,1.0
2018-12-13,2.652,3.205,0.553,1.0
2018-12-14,2.636,3.189,0.553,1.0
2018-12-17,2.65,3.203,0.553,1.0
2018-12-18,2.634,3.187,0.553,1.0
2018-12-19,2.619,3.172,0.553,1.0
2018-12-20,2.604,3.157,0.553,1.0
2018-12-21,2.59,3.143,0.553,1.0
2018-12-24,2.605,3.158,0.553,1.0
2018-12-25,2.58,3.133,0.553,1.0
2018-12-26,2.582,3.135,0.553,1.0
2018-12-27,2.579,3.132,0.553,1.0
2018-12-28,2.583,3.136,0.553,1.0
2019-01-02,2.539,3.092,0.553,1.0
2019-01-03,2.532,3.085,0.553,1.0
2019-01-04,2.566,3.1189999999999998,0.553,1.0
2019-01-07,2.591,3.144,0.553,1.0
2019-01-08,2.596,3.149,0.553,1.0
2019-01-09,2.608,3.161,0.553,1.0
2019-01-10,2.6,3.153,0.553,1.0
2019-01-11,2.611,3.164,0.553,1.0
2019-01-14,2.613,3.166,0.553,1.0
2019-01-15,2.631,3.1839999999999997,0.553,1.0
2019-01-16,2.535,3.186,0.651,1.0
2019-01-17,2.528,3.1790000000000003,0.651,1.0
2019-01-18,2.56,3.2110000000000003,0.651,1.0
2019-01-21,2.571,3.2220000000000004,0.651,1.0
2019-01-22,2.546,3.197,0.651,1.0
2019-01-23,2.549,3.2,0.651,1.0
2019-01-24,2.558,3.2089999999999996,0.651,1.0
2019-01-25,2.566,3.2169999999999996,0.651,1.0
2019-01-28,2.567,3.218,0.651,1.0
2019-01-29,2.578,3.229,0.651,1.0
2019-01-30,2.569,3.2199999999999998,0.651,1.0
2019-01-31,2.585,3.2359999999999998,0.651,1.0
2019-02-01,2.607,3.258,0.651,1.0
2019-02-11,2.622,3.2729999999999997,0.651,1.0
2019-02-12,2.641,3.292,0.651,1.0
2019-02-13,2.672,3.3230000000000004,0.651,1.0
2019-02-14,2.677,3.3280000000000003,0.651,1.0
2019-02-15,2.638,3.2889999999999997,0.651,1.0
2019-02-18,2.698,3.349,0.651,1.0
2019-02-19,2.694,3.3449999999999998,0.651,1.0
2019-02-20,2.697,3.348,0.651,1.0
2019-02-21,2.679,3.33,0.651,1.0
2019-02-22,2.707,3.3579999999999997,0.651,1.0
2019-02-25,2.825,3.476,0.651,1.0
2019-02-26,2.808,3.4589999999999996,0.651,1.0
2019-02-27,2.806,3.457,0.651,1.0
2019-02-28,2.807,3.458,0.651,1.0
2019-03-01,2.835,3.4859999999999998,0.651,1.0
2019-03-04,2.869,3.5200000000000005,0.651,1.0
2019-03-05,2.884,3.535,0.651,1.0
2019-03-06,2.919,3.5700000000000003,0.651,1.0
2019-03-07,2.91,3.561,0.651,1.0
2019-03-08,2.793,3.444,0.651,1.0
2019-03-11,2.83,3.481,0.651,1.0
2019-03-12,2.858,3.5090000000000003,0.651,1.0
2019-03-13,2.837,3.4880000000000004,0.651,1.0
2019-03-14,2.805,3.4560000000000004,0.651,1.0
2019-03-15,2.832,3.4829999999999997,0.651,1.0
2019-03-18,2.907,3.558,0.651,1.0
2019-03-19,2.904,3.5549999999999997,0.651,1.0
2019-03-20,2.902,3.553,0.651,1.0
2019-03-21,2.917,3.5679999999999996,0.651,1.0
2019-03-22,2.919,3.5700000000000003,0.651,1.0
2019-03-25,2.876,3.527,0.651,1.0
2019-03-26,2.83,3.481,0.651,1.0
2019-03-27,2.875,3.526,0.651,1.0
2019-03-28,2.862,3.513,0.651,1.0
2019-03-29,2.919,3.5700000000000003,0.651,1.0
2019-04-01,2.996,3.6470000000000002,0.651,1.0
2019-04-02,2.994,3.6450000000000005,0.651,1.0
2019-04-03,3.026,3.6769999999999996,0.651,1.0
2019-04-04,3.061,3.7119999999999997,0.651,1.0
2019-04-08,3.076,3.7270000000000003,0.651,1.0
2019-04-09,3.069,3.7199999999999998,0.651,1.0
2019-04-10,3.062,3.713,0.651,1.0
2019-04-11,3.035,3.686,0.651,1.0
2019-04-12,3.011,3.662,0.651,1.0
2019-04-15,3.005,3.6559999999999997,0.651,1.0
2019-04-16,3.045,3.6959999999999997,0.651,1.0
2019-04-17,3.049,3.7,0.651,1.0
2019-04-18,3.025,3.676,0.651,1.0
2019-04-19,3.032,3.683,0.651,1.0
2019-04-22,2.972,3.623,0.651,1.0
2019-04-23,2.945,3.596,0.651,1.0
2019-04-24,2.966,3.617,0.651,1.0
2019-04-25,2.899,3.55,0.651,1.0
2019-04-26,2.865,3.516,0.651,1.0
2019-04-29,2.847,3.498,0.651,1.0
2019-04-30,2.874,3.5250000000000004,0.651,1.0
2019-05-06,2.741,3.3920000000000003,0.651,1.0
2019-05-07,2.771,3.4219999999999997,0.651,1.0
2019-05-08,2.741,3.3920000000000003,0.651,1.0
2019-05-09,2.7,3.351,0.651,1.0
2019-05-10,2.76,3.4109999999999996,0.651,1.0
2019-05-13,2.722,3.373,0.651,1.0
2019-05-14,2.706,3.357,0.651,1.0
2019-05-15,2.747,3.3979999999999997,0.651,1.0
2019-05-16,2.76,3.4109999999999996,0.651,1.0
2019-05-17,2.704,3.3550000000000004,0.651,1.0
2019-05-20,2.691,3.3419999999999996,0.651,1.0
2019-05-21,2.718,3.3689999999999998,0.651,1.0
2019-05-22,2.715,3.3659999999999997,0.651,1.0
2019-05-23,2.687,3.338,0.651,1.0
2019-05-24,2.687,3.338,0.651,1.0
2019-05-27,2.714,3.365,0.651,1.0
2019-05-28,2.715,3.3659999999999997,0.651,1.0
2019-05-29,2.718,3.3689999999999998,0.651,1.0
2019-05-30,2.718,3.3689999999999998,0.651,1.0
2019-05-31,2.713,3.364,0.651,1.0
2019-06-03,2.701,3.3520000000000003,0.651,1.0
2019-06-04,2.691,3.3419999999999996,0.651,1.0
2019-06-05,2.702,3.3529999999999998,0.651,1.0
2019-06-06,2.675,3.3259999999999996,0.651,1.0
2019-06-10,2.699,3.3499999999999996,0.651,1.0
2019-06-11,2.759,3.41,0.651,1.0
2019-06-12,2.741,3.3920000000000003,0.651,1.0
2019-06-13,2.732,3.383,0.651,1.0
2019-06-14,2.708,3.359,0.651,1.0
2019-06-17,2.716,3.367,0.651,1.0
2019-06-18,2.719,3.37,0.651,1.0
2019-06-19,2.738,3.3890000000000002,0.651,1.0
2019-06-20,2.786,3.4370000000000003,0.651,1.0
2019-06-21,2.792,3.4429999999999996,0.651,1.0
2019-06-24,2.794,3.4450000000000003,0.651,1.0
2019-06-25,2.769,3.42,0.651,1.0
2019-06-26,2.775,3.426,0.651,1.0
2019-06-27,2.797,3.4480000000000004,0.651,1.0
2019-06-28,2.786,3.4370000000000003,0.651,1.0
2019-07-01,2.826,3.4770000000000003,0.651,1.0
2019-07-02,2.839,3.49,0.651,1.0
2019-07-03,2.841,3.492,0.651,1.0
2019-07-04,2.838,3.489,0.651,1.0
2019-07-05,2.843,3.4939999999999998,0.651,1.0
2019-07-08,2.782,3.433,0.651,1.0
2019-07-09,2.779,3.4299999999999997,0.651,1.0
2019-07-10,2.763,3.4139999999999997,0.651,1.0
2019-07-11,2.764,3.415,0.651,1.0
2019-07-12,2.777,3.428,0.651,1.0
2019-07-15,2.778,3.4290000000000003,0.651,1.0
2019-07-16,2.78,3.431,0.651,1.0
2019-07-17,2.777,3.428,0.651,1.0
2019-07-18,2.751,3.402,0.651,1.0
2019-07-19,2.768,3.4189999999999996,0.651,1.0
2019-07-22,2.747,3.3979999999999997,0.651,1.0
2019-07-23,2.758,3.409,0.651,1.0
2019-07-24,2.779,3.4299999999999997,0.651,1.0
2019-07-25,2.794,3.4450000000000003,0.651,1.0
2019-07-26,2.805,3.4560000000000004,0.651,1.0
2019-07-29,2.81,3.4610000000000003,0.651,1.0
2019-07-30,2.826,3.4770000000000003,0.651,1.0
2019-07-31,2.808,3.4589999999999996,0.651,1.0
2019-08-01,2.787,3.4379999999999997,0.651,1.0
2019-08-02,2.751,3.402,0.651,1.0
2019-08-05,2.706,3.357,0.651,1.0
2019-08-06,2.66,3.311,0.651,1.0
2019-08-07,2.652,3.303,0.651,1.0
2019-08-08,2.673,3.324,0.651,1.0
2019-08-09,2.675,3.3259999999999996,0.651,1.0
2019-08-12,2.704,3.3550000000000004,0.651,1.0
2019-08-13,2.688,3.3390000000000004,0.651,1.0
2019-08-14,2.694,3.3449999999999998,0.651,1.0
2019-08-15,2.708,3.359,0.651,1.0
2019-08-16,2.709,3.3600000000000003,0.651,1.0
2019-08-19,2.753,3.404,0.651,1.0
2019-08-20,2.759,3.41,0.651,1.0
2019-08-21,2.758,3.409,0.651,1.0
2019-08-22,2.75,3.401,0.651,1.0
2019-08-23,2.757,3.4080000000000004,0.651,1.0
2019-08-26,2.744,3.3950000000000005,0.651,1.0
2019-08-27,2.78,3.431,0.651,1.0
2019-08-28,2.767,3.418,0.651,1.0
2019-08-29,2.754,3.4050000000000002,0.651,1.0
2019-08-30,2.739,3.3899999999999997,0.651,1.0
2019-09-02,2.77,3.4210000000000003,0.651,1.0
2019-09-03,2.779,3.4299999999999997,0.651,1.0
2019-09-04,2.815,3.466,0.651,1.0
2019-09-05,2.838,3.489,0.651,1.0
2019-09-06,2.85,3.5010000000000003,0.651,1.0
2019-09-09,2.864,3.5149999999999997,0.651,1.0
2019-09-10,2.855,3.5060000000000002,0.651,1.0
2019-09-11,2.849,3.5,0.651,1.0
2019-09-12,2.866,3.5170000000000003,0.651,1.0
2019-09-16,2.875,3.526,0.651,1.0
2019-09-17,2.84,3.4909999999999997,0.651,1.0
2019-09-18,2.843,3.4939999999999998,0.651,1.0
2019-09-19,2.846,3.497,0.651,1.0
2019-09-20,2.847,3.498,0.651,1.0
2019-09-23,2.819,3.4699999999999998,0.651,1.0
2019-09-24,2.822,3.473,0.651,1.0
2019-09-25,2.795,3.4459999999999997,0.651,1.0
2019-09-26,2.795,3.4459999999999997,0.651,1.0
2019-09-27,2.781,3.4320000000000004,0.651,1.0
2019-09-30,2.763,3.4139999999999997,0.651,1.0
2019-10-08,2.773,3.4240000000000004,0.651,1.0
2019-10-09,2.795,3.4459999999999997,0.651,1.0
2019-10-10,2.807,3.458,0.651,1.0
2019-10-11,2.836,3.487,0.651,1.0
2019-10-14,2.862,3.513,0.651,1.0
2019-10-15,2.849,3.5,0.651,1.0
2019-10-16,2.842,3.4930000000000003,0.651,1.0
2019-10-17,2.827,3.4779999999999998,0.651,1.0
2019-10-18,2.798,3.449,0.651,1.0
2019-10-21,2.803,3.4539999999999997,0.651,1.0
2019-10-22,2.807,3.458,0.651,1.0
2019-10-23,2.802,3.4530000000000003,0.651,1.0
2019-10-24,2.807,3.458,0.651,1.0
2019-10-25,2.81,3.4610000000000003,0.651,1.0
2019-10-28,2.82,3.471,0.651,1.0
2019-10-29,2.808,3.4589999999999996,0.651,1.0
2019-10-30,2.777,3.428,0.651,1.0
2019-10-31,2.765,3.4160000000000004,0.651,1.0
2019-11-01,2.789,3.4400000000000004,0.651,1.0
2019-11-04,2.797,3.4480000000000004,0.651,1.0
2019-11-05,2.811,3.4619999999999997,0.651,1.0
2019-11-06,2.794,3.4450000000000003,0.651,1.0
2019-11-07,2.801,3.452,0.651,1.0
2019-11-08,2.791,3.442,0.651,1.0
2019-11-11,2.74,3.391,0.651,1.0
2019-11-12,2.745,3.396,0.651,1.0
2019-11-13,2.732,3.383,0.651,1.0
2019-11-14,2.73,3.3810000000000002,0.651,1.0
2019-11-15,2.715,3.3659999999999997,0.651,1.0
2019-11-18,2.729,3.38,0.651,1.0
2019-11-19,2.75,3.401,0.651,1.0
2019-11-20,2.738,3.3890000000000002,0.651,1.0
2019-11-21,2.736,3.3870000000000005,0.651,1.0
2019-11-22,2.738,3.3890000000000002,0.651,1.0
2019-11-25,2.769,3.42,0.651,1.0
2019-11-26,2.763,3.4139999999999997,0.651,1.0
2019-11-27,2.757,3.4080000000000004,0.651,1.0
2019-11-28,2.75,3.401,0.651,1.0
2019-11-29,2.744,3.3950000000000005,0.651,1.0
2019-12-02,2.752,3.4029999999999996,0.651,1.0
2019-12-03,2.755,3.4059999999999997,0.651,1.0
2019-12-04,2.741,3.3920000000000003,0.651,1.0
2019-12-05,2.754,3.4050000000000002,0.651,1.0
2019-12-06,2.749,3.4000000000000004,0.651,1.0
2019-12-09,2.765,3.4160000000000004,0.651,1.0
2019-12-10,2.772,3.423,0.651,1.0
2019-12-11,2.787,3.4379999999999997,0.651,1.0
2019-12-12,2.786,3.4370000000000003,0.651,1.0
2019-12-13,2.817,3.468,0.651,1.0
2019-12-16,2.841,3.492,0.651,1.0
2019-12-17,2.86,3.511,0.651,1.0
2019-12-18,2.855,3.5060000000000002,0.651,1.0
2019-12-19,2.863,3.5140000000000002,0.651,1.0
2019-12-20,2.848,3.4989999999999997,0.651,1.0
2019-12-23,2.817,3.468,0.651,1.0
2019-12-24,2.825,3.476,0.651,1.0
2019-12-25,2.825,3.476,0.651,1.0
2019-12-26,2.853,3.5040000000000004,0.651,1.0
2019-12-27,2.855,3.5060000000000002,0.651,1.0
2019-12-30,2.879,3.5300000000000002,0.651,1.0
2019-12-31,2.897,3.548,0.651,1.0
2020-01-02,2.934,3.585,0.651,1.0
2020-01-03,2.927,3.5780000000000003,0.651,1.0
2020-01-06,2.921,3.572,0.651,1.0
2020-01-07,2.941,3.5919999999999996,0.651,1.0
2020-01-08,2.921,3.572,0.651,1.0
2020-01-09,2.944,3.5949999999999998,0.651,1.0
2020-01-10,2.935,3.5860000000000003,0.651,1.0
2020-01-13,2.946,3.5970000000000004,0.651,1.0
2020-01-14,2.961,3.612,0.651,1.0
2020-01-15,2.951,3.6020000000000003,0.651,1.0
2020-01-16,2.947,3.598,0.651,1.0
2020-01-17,2.784,3.5789999999999997,0.795,1.0
2020-01-20,2.784,3.5789999999999997,0.795,1.0
2020-01-21,2.733,3.528,0.795,1.0
2020-01-22,2.729,3.524,0.795,1.0
2020-01-23,2.667,3.4619999999999997,0.795,1.0
2020-02-03,2.418,3.213,0.795,1.0
2020-02-04,2.482,3.277,0.795,1.0
2020-02-05,2.514,3.3089999999999997,0.795,1.0
2020-02-06,2.52,3.315,0.795,1.0
2020-02-07,2.514,3.3089999999999997,0.795,1.0
2020-02-10,2.557,3.352,0.795,1.0
2020-02-11,2.571,3.366,0.795,1.0
2020-02-12,2.578,3.3729999999999998,0.795,1.0
2020-02-13,2.562,3.3569999999999998,0.795,1.0
2020-02-14,2.577,3.372,0.795,1.0
2020-02-17,2.622,3.417,0.795,1.0
2020-02-18,2.624,3.419,0.795,1.0
2020-02-19,2.622,3.417,0.795,1.0
2020-02-20,2.658,3.453,0.795,1.0
2020-02-21,2.674,3.469,0.795,1.0
2020-02-24,2.656,3.451,0.795,1.0
2020-02-25,2.622,3.417,0.795,1.0
2020-02-26,2.629,3.424,0.795,1.0
2020-02-27,2.631,3.4259999999999997,0.795,1.0
2020-02-28,2.558,3.3529999999999998,0.795,1.0
2020-03-02,2.637,3.432,0.795,1.0
2020-03-03,2.644,3.439,0.795,1.0
2020-03-04,2.668,3.463,0.795,1.0
2020-03-05,2.69,3.485,0.795,1.0
2020-03-06,2.667,3.4619999999999997,0.795,1.0
2020-03-09,2.596,3.391,0.795,1.0
2020-03-10,2.633,3.428,0.795,1.0
2020-03-11,2.617,3.412,0.795,1.0
2020-03-12,2.576,3.371,0.795,1.0
2020-03-13,2.532,3.327,0.795,1.0
2020-03-16,2.474,3.269,0.795,1.0
2020-03-17,2.451,3.246,0.795,1.0
2020-03-18,2.425,3.2199999999999998,0.795,1.0
2020-03-19,2.382,3.177,0.795,1.0
2020-03-20,2.407,3.202,0.795,1.0
2020-03-23,2.332,3.127,0.795,1.0
2020-03-24,2.374,3.169,0.795,1.0
2020-03-25,2.431,3.226,0.795,1.0
2020-03-26,2.413,3.2079999999999997,0.795,1.0
2020-03-27,2.426,3.221,0.795,1.0
2020-03-30,2.404,3.199,0.795,1.0
2020-03-31,2.399,3.194,0.795,1.0
2020-04-01,2.383,3.178,0.795,1.0
2020-04-02,2.409,3.2039999999999997,0.795,1.0
2020-04-03,2.402,3.197,0.795,1.0
2020-04-07,2.437,3.2319999999999998,0.795,1.0
2020-04-08,2.438,3.233,0.795,1.0
2020-04-09,2.437,3.2319999999999998,0.795,1.0
2020-04-10,2.42,3.215,0.795,1.0
2020-04-13,2.41,3.205,0.795,1.0
2020-04-14,2.434,3.229,0.795,1.0
2020-04-15,2.425,3.2199999999999998,0.795,1.0
2020-04-16,2.417,3.2119999999999997,0.795,1.0
2020-04-17,2.424,3.219,0.795,1.0
2020-04-20,2.427,3.222,0.795,1.0
2020-04-21,2.411,3.206,0.795,1.0
2020-04-22,2.412,3.207,0.795,1.0
2020-04-23,2.404,3.199,0.795,1.0
2020-04-24,2.386,3.181,0.795,1.0
2020-04-27,2.397,3.1919999999999997,0.795,1.0
2020-04-28,2.379,3.174,0.795,1.0
2020-04-29,2.411,3.206,0.795,1.0
2020-04-30,2.452,3.247,0.795,1.0
2020-05-06,2.451,3.246,0.795,1.0
2020-05-07,2.452,3.247,0.795,1.0
2020-05-08,2.469,3.264,0.795,1.0
2020-05-11,2.467,3.262,0.795,1.0
2020-05-12,2.456,3.251,0.795,1.0
2020-05-13,2.458,3.253,0.795,1.0
2020-05-14,2.434,3.229,0.795,1.0
2020-05-15,2.429,3.2239999999999998,0.795,1.0
2020-05-18,2.429,3.2239999999999998,0.795,1.0
2020-05-19,2.437,3.2319999999999998,0.795,1.0
2020-05-20,2.421,3.2159999999999997,0.795,1.0
2020-05-21,2.413,3.2079999999999997,0.795,1.0
2020-05-22,2.379,3.174,0.795,1.0
2020-05-25,2.378,3.173,0.795,1.0
2020-05-26,2.39,3.185,0.795,1.0
2020-05-27,2.402,3.197,0.795,1.0
2020-05-28,2.406,3.201,0.795,1.0
2020-05-29,2.392,3.187,0.795,1.0
2020-06-01,2.432,3.227,0.795,1.0
2020-06-02,2.438,3.233,0.795,1.0
2020-06-03,2.448,3.243,0.795,1.0
2020-06-04,2.459,3.254,0.795,1.0
2020-06-05,2.444,3.239,0.795,1.0
2020-06-08,2.454,3.249,0.795,1.0
2020-06-09,2.46,3.255,0.795,1.0
2020-06-10,2.45,3.245,0.795,1.0
2020-06-11,2.433,3.2279999999999998,0.795,1.0
2020-06-12,2.43,3.225,0.795,1.0
2020-06-15,2.414,3.209,0.795,1.0
2020-06-16,2.442,3.237,0.795,1.0
2020-06-17,2.45,3.245,0.795,1.0
2020-06-18,2.471,3.266,0.795,1.0
2020-06-19,2.468,3.263,0.795,1.0
2020-06-22,2.456,3.251,0.795,1.0
2020-06-23,2.447,3.242,0.795,1.0
2020-06-24,2.45,3.245,0.795,1.0
2020-06-29,2.432,3.227,0.795,1.0
2020-06-30,2.449,3.2439999999999998,0.795,1.0
2020-07-01,2.489,3.284,0.795,1.0
2020-07-02,2.546,3.3409999999999997,0.795,1.0
2020-07-03,2.583,3.378,0.795,1.0
2020-07-06,2.766,3.561,0.795,1.0
2020-07-07,2.723,3.518,0.795,1.0
2020-07-08,2.763,3.558,0.795,1.0
2020-07-09,2.775,3.57,0.795,1.0
2020-07-10,2.713,3.508,0.795,1.0
2020-07-13,2.766,3.561,0.795,1.0
2020-07-14,2.75,3.545,0.795,1.0
2020-07-15,2.71,3.505,0.795,1.0
2020-07-16,2.638,3.433,0.795,1.0
2020-07-17,2.64,3.435,0.795,1.0
2020-07-20,2.741,3.536,0.795,1.0
2020-07-21,2.734,3.529,0.795,1.0
2020-07-22,2.735,3.53,0.795,1.0
2020-07-23,2.702,3.497,0.795,1.0
2020-07-24,2.625,3.42,0.795,1.0
2020-07-27,2.612,3.407,0.795,1.0
2020-07-28,2.631,3.4259999999999997,0.795,1.0
2020-07-29,2.662,3.457,0.795,1.0
2020-07-30,2.664,3.459,0.795,1.0
2020-07-31,2.683,3.4779999999999998,0.795,1.0
2020-08-03,2.744,3.539,0.795,1.0
2020-08-04,2.745,3.54,0.795,1.0
2020-08-05,2.73,3.525,0.795,1.0
2020-08-06,2.743,3.538,0.795,1.0
2020-08-07,2.738,3.533,0.795,1.0
2020-08-10,2.77,3.565,0.795,1.0
2020-08-11,2.757,3.552,0.795,1.0
2020-08-12,2.737,3.532,0.795,1.0
2020-08-13,2.761,3.556,0.795,1.0
2020-08-14,2.775,3.57,0.795,1.0
2020-08-17,2.837,3.632,0.795,1.0
2020-08-18,2.84,3.635,0.795,1.0
2020-08-19,2.832,3.627,0.795,1.0
2020-08-20,2.817,3.612,0.795,1.0
2020-08-21,2.814,3.609,0.795,1.0
2020-08-24,2.818,3.613,0.795,1.0
2020-08-25,2.805,3.6,0.795,1.0
2020-08-26,2.765,3.56,0.795,1.0
2020-08-27,2.766,3.561,0.795,1.0
2020-08-28,2.799,3.594,0.795,1.0
2020-08-31,2.789,3.584,0.795,1.0
2020-09-01,2.787,3.582,0.795,1.0
2020-09-02,2.787,3.582,0.795,1.0
2020-09-03,2.782,3.577,0.795,1.0
2020-09-04,2.762,3.557,0.795,1.0
2020-09-07,2.749,3.544,0.795,1.0
2020-09-08,2.761,3.556,0.795,1.0
2020-09-09,2.739,3.534,0.795,1.0
2020-09-10,2.721,3.516,0.795,1.0
2020-09-11,2.718,3.513,0.795,1.0
2020-09-14,2.72,3.515,0.795,1.0
2020-09-15,2.728,3.523,0.795,1.0
2020-09-16,2.736,3.531,0.795,1.0
2020-09-17,2.739,3.534,0.795,1.0
2020-09-18,2.773,3.568,0.795,1.0
2020-09-21,2.761,3.556,0.795,1.0
2020-09-22,2.729,3.524,0.795,1.0
2020-09-23,2.728,3.523,0.795,1.0
2020-09-24,2.689,3.484,0.795,1.0
2020-09-25,2.683,3.4779999999999998,0.795,1.0
2020-09-28,2.685,3.48,0.795,1.0
2020-09-29,2.685,3.48,0.795,1.0
2020-09-30,2.678,3.473,0.795,1.0
2020-10-09,2.715,3.51,0.795,1.0
2020-10-12,2.76,3.5549999999999997,0.795,1.0
2020-10-13,2.755,3.55,0.795,1.0
2020-10-14,2.743,3.538,0.795,1.0
2020-10-15,2.735,3.53,0.795,1.0
2020-10-16,2.738,3.533,0.795,1.0
2020-10-19,2.727,3.522,0.795,1.0
2020-10-20,2.723,3.518,0.795,1.0
2020-10-21,2.719,3.514,0.795,1.0
2020-10-22,2.707,3.502,0.795,1.0
2020-10-23,2.699,3.4939999999999998,0.795,1.0
2020-10-26,2.683,3.4779999999999998,0.795,1.0
2020-10-27,2.675,3.4699999999999998,0.795,1.0
2020-10-28,2.679,3.4739999999999998,0.795,1.0
2020-10-29,2.703,3.4979999999999998,0.795,1.0
2020-10-30,2.687,3.4819999999999998,0.795,1.0
2020-11-02,2.698,3.493,0.795,1.0
2020-11-03,2.716,3.511,0.795,1.0
2020-11-04,2.741,3.536,0.795,1.0
2020-11-05,2.787,3.582,0.795,1.0
2020-11-06,2.81,3.605,0.795,1.0
2020-11-09,2.861,3.656,0.795,1.0
2020-11-10,2.85,3.645,0.795,1.0
2020-11-11,2.865,3.66,0.795,1.0
2020-11-12,2.878,3.673,0.795,1.0
2020-11-13,2.858,3.653,0.795,1.0
2020-11-16,2.915,3.71,0.795,1.0
2020-11-17,2.926,3.721,0.795,1.0
2020-11-18,2.94,3.735,0.795,1.0
2020-11-19,2.921,3.7159999999999997,0.795,1.0
2020-11-20,2.936,3.731,0.795,1.0
2020-11-23,2.98,3.775,0.795,1.0
2020-11-24,2.975,3.77,0.795,1.0
2020-11-25,2.943,3.738,0.795,1.0
2020-11-26,2.935,3.73,0.795,1.0
2020-11-27,2.956,3.751,0.795,1.0
2020-11-30,2.929,3.7239999999999998,0.795,1.0
2020-12-01,2.935,3.73,0.795,1.0
2020-12-02,2.937,3.7319999999999998,0.795,1.0
2020-12-03,2.912,3.707,0.795,1.0
2020-12-04,2.901,3.6959999999999997,0.795,1.0
2020-12-07,2.857,3.652,0.795,1.0
2020-12-08,2.85,3.645,0.795,1.0
2020-12-09,2.812,3.6069999999999998,0.795,1.0
2020-12-10,2.829,3.624,0.795,1.0
2020-12-11,2.822,3.617,0.795,1.0
2020-12-14,2.784,3.5789999999999997,0.795,1.0
2020-12-15,2.771,3.566,0.795,1.0
2020-12-16,2.769,3.564,0.795,1.0
2020-12-17,2.795,3.59,0.795,1.0
2020-12-18,2.813,3.608,0.795,1.0
2020-12-21,2.817,3.612,0.795,1.0
2020-12-22,2.758,3.553,0.795,1.0
2020-12-23,2.761,3.556,0.795,1.0
2020-12-24,2.751,3.546,0.795,1.0
2020-12-25,2.761,3.556,0.795,1.0
2020-12-28,2.748,3.543,0.795,1.0
2020-12-29,2.723,3.518,0.795,1.0
2020-12-30,2.728,3.523,0.795,1.0
2020-12-31,2.739,3.534,0.795,1.0
2021-01-04,2.746,3.541,0.795,1.0
2021-01-05,2.724,3.519,0.795,1.0
2021-01-06,2.721,3.516,0.795,1.0
2021-01-07,2.711,3.506,0.795,1.0
2021-01-08,2.724,3.519,0.795,1.0
2021-01-11,2.691,3.4859999999999998,0.795,1.0
2021-01-12,2.712,3.507,0.795,1.0
2021-01-13,2.719,3.514,0.795,1.0
2021-01-14,2.717,3.512,0.795,1.0
2021-01-15,2.735,3.53,0.795,1.0
2021-01-18,2.608,3.544,0.936,1.0
2021-01-19,2.611,3.547,0.936,1.0
2021-01-20,2.609,3.545,0.936,1.0
2021-01-21,2.613,3.549,0.936,1.0
2021-01-22,2.589,3.525,0.936,1.0
2021-01-25,2.554,3.4899999999999998,0.936,1.0
2021-01-26,2.543,3.479,0.936,1.0
2021-01-27,2.542,3.4779999999999998,0.936,1.0
2021-01-28,2.51,3.4459999999999997,0.936,1.0
2021-01-29,2.494,3.43,0.936,1.0
2021-02-01,2.511,3.447,0.936,1.0
2021-02-02,2.517,3.453,0.936,1.0
2021-02-03,2.497,3.433,0.936,1.0
2021-02-04,2.48,3.416,0.936,1.0
2021-02-05,2.499,3.435,0.936,1.0
2021-02-08,2.512,3.448,0.936,1.0
2021-02-09,2.528,3.464,0.936,1.0
2021-02-10,2.547,3.483,0.936,1.0
2021-02-18,2.61,3.546,0.936,1.0
2021-02-19,2.662,3.598,0.936,1.0
2021-02-22,2.706,3.642,0.936,1.0
2021-02-23,2.678,3.614,0.936,1.0
2021-02-24,2.647,3.5829999999999997,0.936,1.0
2021-02-25,2.689,3.625,0.936,1.0
2021-02-26,2.637,3.573,0.936,1.0
2021-03-01,2.672,3.608,0.936,1.0
2021-03-02,2.657,3.593,0.936,1.0
2021-03-03,2.722,3.658,0.936,1.0
2021-03-04,2.718,3.654,0.936,1.0
2021-03-05,2.69,3.626,0.936,1.0
2021-03-08,2.679,3.6149999999999998,0.936,1.0
2021-03-09,2.668,3.604,0.936,1.0
2021-03-10,2.653,3.589,0.936,1.0
2021-03-11,2.7,3.636,0.936,1.0
2021-03-12,2.727,3.663,0.936,1.0
2021-03-15,2.752,3.6879999999999997,0.936,1.0
2021-03-16,2.755,3.691,0.936,1.0
2021-03-17,2.741,3.677,0.936,1.0
2021-03-18,2.741,3.677,0.936,1.0
2021-03-19,2.724,3.66,0.936,1.0
2021-03-22,2.75,3.686,0.936,1.0
2021-03-23,2.729,3.665,0.936,1.0
2021-03-24,2.681,3.617,0.936,1.0
2021-03-25,2.683,3.6189999999999998,0.936,1.0
2021-03-26,2.715,3.651,0.936,1.0
2021-03-29,2.751,3.687,0.936,1.0
2021-03-30,2.75,3.686,0.936,1.0
2021-03-31,2.743,3.679,0.936,1.0
2021-04-01,2.761,3.697,0.936,1.0
2021-04-02,2.738,3.674,0.936,1.0
2021-04-06,2.745,3.681,0.936,1.0
2021-04-07,2.765,3.701,0.936,1.0
2021-04-08,2.766,3.702,0.936,1.0
2021-04-09,2.77,3.706,0.936,1.0
2021-04-12,2.777,3.713,0.936,1.0
2021-04-13,2.745,3.681,0.936,1.0
2021-04-14,2.751,3.687,0.936,1.0
2021-04-15,2.755,3.691,0.936,1.0
2021-04-16,2.79,3.726,0.936,1.0
2021-04-19,2.802,3.738,0.936,1.0
2021-04-20,2.794,3.73,0.936,1.0
2021-04-21,2.785,3.721,0.936,1.0
2021-04-22,2.793,3.729,0.936,1.0
2021-04-23,2.788,3.7239999999999998,0.936,1.0
2021-04-26,2.78,3.7159999999999997,0.936,1.0
2021-04-27,2.767,3.703,0.936,1.0
2021-04-28,2.77,3.706,0.936,1.0
2021-04-29,2.786,3.722,0.936,1.0
2021-04-30,2.757,3.693,0.936,1.0
2021-05-06,2.798,3.734,0.936,1.0
2021-05-07,2.829,3.765,0.936,1.0
2021-05-10,2.87,3.806,0.936,1.0
2021-05-11,2.843,3.779,0.936,1.0
2021-05-12,2.854,3.79,0.936,1.0
2021-05-13,2.811,3.747,0.936,1.0
2021-05-14,2.817,3.753,0.936,1.0
2021-05-17,2.812,3.7479999999999998,0.936,1.0
2021-05-18,2.824,3.76,0.936,1.0
2021-05-19,2.799,3.735,0.936,1.0
2021-05-20,2.755,3.691,0.936,1.0
2021-05-21,2.76,3.6959999999999997,0.936,1.0
2021-05-24,2.758,3.694,0.936,1.0
2021-05-25,2.785,3.721,0.936,1.0
2021-05-26,2.804,3.7399999999999998,0.936,1.0
2021-05-27,2.816,3.752,0.936,1.0
2021-05-28,2.812,3.7479999999999998,0.936,1.0
2021-05-31,2.815,3.751,0.936,1.0
2021-06-01,2.837,3.773,0.936,1.0
2021-06-02,2.832,3.768,0.936,1.0
2021-06-03,2.846,3.782,0.936,1.0
2021-06-04,2.84,3.776,0.936,1.0
2021-06-07,2.837,3.773,0.936,1.0
2021-06-08,2.826,3.762,0.936,1.0
2021-06-09,2.842,3.778,0.936,1.0
2021-06-10,2.853,3.789,0.936,1.0
2021-06-11,2.857,3.793,0.936,1.0
2021-06-15,2.841,3.777,0.936,1.0
2021-06-16,2.832,3.768,0.936,1.0
2021-06-17,2.824,3.76,0.936,1.0
2021-06-18,2.824,3.76,0.936,1.0
2021-06-21,2.812,3.7479999999999998,0.936,1.0
2021-06-22,2.837,3.773,0.936,1.0
2021-06-23,2.873,3.809,0.936,1.0
2021-06-24,2.885,3.8209999999999997,0.936,1.0
2021-06-25,2.895,3.831,0.936,1.0
2021-06-28,2.859,3.795,0.936,1.0
2021-06-29,2.838,3.774,0.936,1.0
2021-06-30,2.852,3.788,0.936,1.0
2021-07-01,2.853,3.789,0.936,1.0
2021-07-02,2.829,3.765,0.936,1.0
2021-07-05,2.836,3.772,0.936,1.0
2021-07-06,2.843,3.779,0.936,1.0
2021-07-07,2.846,3.782,0.936,1.0
2021-07-08,2.803,3.739,0.936,1.0
2021-07-09,2.821,3.757,0.936,1.0
2021-07-12,2.826,3.762,0.936,1.0
2021-07-13,2.848,3.784,0.936,1.0
2021-07-14,2.854,3.79,0.936,1.0
2021-07-15,2.885,3.8209999999999997,0.936,1.0
2021-07-16,2.897,3.8329999999999997,0.936,1.0
2021-07-19,2.889,3.8249999999999997,0.936,1.0
2021-07-20,2.869,3.805,0.936,1.0
2021-07-21,2.865,3.801,0.936,1.0
2021-07-22,2.89,3.826,0.936,1.0
2021-07-23,2.881,3.8169999999999997,0.936,1.0
2021-07-26,2.832,3.768,0.936,1.0
2021-07-27,2.773,3.709,0.936,1.0
2021-07-28,2.747,3.683,0.936,1.0
2021-07-29,2.769,3.705,0.936,1.0
2021-07-30,2.8,3.7359999999999998,0.936,1.0
2021-08-02,2.777,3.713,0.936,1.0
2021-08-03,2.738,3.674,0.936,1.0
2021-08-04,2.762,3.698,0.936,1.0
2021-08-05,2.75,3.686,0.936,1.0
2021-08-06,2.761,3.697,0.936,1.0
2021-08-09,2.801,3.737,0.936,1.0
2021-08-10,2.8,3.7359999999999998,0.936,1.0
2021-08-11,2.858,3.794,0.936,1.0
2021-08-12,2.889,3.8249999999999997,0.936,1.0
2021-08-13,2.884,3.82,0.936,1.0
2021-08-16,2.892,3.828,0.936,1.0
2021-08-17,2.858,3.794,0.936,1.0
2021-08-18,2.876,3.812,0.936,1.0
2021-08-19,2.866,3.802,0.936,1.0
2021-08-20,2.881,3.8169999999999997,0.936,1.0
2021-08-23,2.894,3.83,0.936,1.0
2021-08-24,2.918,3.854,0.936,1.0
2021-08-25,2.952,3.888,0.936,1.0
2021-08-26,2.993,3.929,0.936,1.0
2021-08-27,3.022,3.9579999999999997,0.936,1.0
2021-08-30,3.047,3.983,0.936,1.0
2021-08-31,3.12,4.056,0.936,1.0
2021-09-01,3.115,4.051,0.936,1.0
2021-09-02,3.194,4.13,0.936,1.0
2021-09-03,3.171,4.107,0.936,1.0
2021-09-06,3.199,4.135,0.936,1.0
2021-09-07,3.28,4.216,0.936,1.0
2021-09-08,3.316,4.252,0.936,1.0
2021-09-09,3.417,4.353,0.936,1.0
2021-09-10,3.354,4.29,0.936,1.0
2021-09-13,3.426,4.362,0.936,1.0
2021-09-14,3.356,4.292,0.936,1.0
2021-09-15,3.333,4.269,0.936,1.0
2021-09-16,3.32,4.256,0.936,1.0
2021-09-17,3.231,4.167,0.936,1.0
2021-09-22,3.289,4.2250000000000005,0.936,1.0
2021-09-23,3.28,4.216,0.936,1.0
2021-09-24,3.166,4.102,0.936,1.0
2021-09-27,3.081,4.017,0.936,1.0
2021-09-28,3.159,4.095,0.936,1.0
2021-09-29,3.075,4.011,0.936,1.0
2021-09-30,3.09,4.026,0.936,1.0
2021-10-08,3.08,4.016,0.936,1.0
2021-10-11,3.123,4.059,0.936,1.0
2021-10-12,3.083,4.019,0.936,1.0
2021-10-13,3.043,3.979,0.936,1.0
2021-10-14,3.026,3.9619999999999997,0.936,1.0
2021-10-15,3.048,3.984,0.936,1.0
2021-10-18,3.097,4.033,0.936,1.0
2021-10-19,3.109,4.045,0.936,1.0
2021-10-20,3.035,3.971,0.936,1.0
2021-10-21,3.073,4.009,0.936,1.0
2021-10-22,3.011,3.947,0.936,1.0
2021-10-25,3.01,3.9459999999999997,0.936,1.0
2021-10-26,2.984,3.92,0.936,1.0
2021-10-27,2.913,3.8489999999999998,0.936,1.0
2021-10-28,2.836,3.772,0.936,1.0
2021-10-29,2.84,3.776,0.936,1.0
2021-11-01,2.849,3.785,0.936,1.0
2021-11-02,2.798,3.734,0.936,1.0
2021-11-03,2.839,3.775,0.936,1.0
2021-11-04,2.832,3.768,0.936,1.0
2021-11-05,2.793,3.729,0.936,1.0
2021-11-08,2.79,3.726,0.936,1.0
2021-11-09,2.776,3.7119999999999997,0.936,1.0
2021-11-10,2.769,3.705,0.936,1.0
2021-11-11,2.816,3.752,0.936,1.0
2021-11-12,2.8,3.7359999999999998,0.936,1.0
2021-11-15,2.804,3.7399999999999998,0.936,1.0
2021-11-16,2.787,3.723,0.936,1.0
2021-11-17,2.79,3.726,0.936,1.0
2021-11-18,2.79,3.726,0.936,1.0
2021-11-19,2.826,3.762,0.936,1.0
2021-11-22,2.825,3.761,0.936,1.0
2021-11-23,2.838,3.774,0.936,1.0
2021-11-24,2.87,3.806,0.936,1.0
2021-11-25,2.859,3.795,0.936,1.0
2021-11-26,2.827,3.763,0.936,1.0
2021-11-29,2.792,3.7279999999999998,0.936,1.0
2021-11-30,2.794,3.73,0.936,1.0
2021-12-01,2.819,3.755,0.936,1.0
2021-12-02,2.834,3.77,0.936,1.0
2021-12-03,2.865,3.801,0.936,1.0
2021-12-06,2.857,3.793,0.936,1.0
2021-12-07,2.887,3.823,0.936,1.0
2021-12-08,2.887,3.823,0.936,1.0
2021-12-09,2.898,3.834,0.936,1.0
2021-12-10,2.878,3.814,0.936,1.0
2021-12-13,2.869,3.805,0.936,1.0
2021-12-14,2.831,3.767,0.936,1.0
2021-12-15,2.843,3.779,0.936,1.0
2021-12-16,2.885,3.8209999999999997,0.936,1.0
2021-12-17,2.869,3.805,0.936,1.0
2021-12-20,2.843,3.779,0.936,1.0
2021-12-21,2.882,3.818,0.936,1.0
2021-12-22,2.877,3.8129999999999997,0.936,1.0
2021-12-23,2.886,3.822,0.936,1.0
2021-12-24,2.875,3.811,0.936,1.0
2021-12-27,2.882,3.818,0.936,1.0
2021-12-28,2.865,3.801,0.936,1.0
2021-12-29,2.855,3.791,0.936,1.0
2021-12-30,2.852,3.788,0.936,1.0
2021-12-31,2.876,3.812,0.936,1.0
2022-01-04,2.918,3.854,0.936,1.0
2022-01-05,2.909,3.8449999999999998,0.936,1.0
2022-01-06,2.913,3.8489999999999998,0.936,1.0
2022-01-07,2.929,3.8649999999999998,0.936,1.0
2022-01-10,2.948,3.884,0.936,1.0
2022-01-11,2.969,3.905,0.936,1.0
2022-01-12,2.957,3.893,0.936,1.0
2022-01-13,2.956,3.892,0.936,1.0
2022-01-14,2.911,3.847,0.936,1.0
2022-01-17,2.828,3.8499999999999996,1.022,1.0
2022-01-18,2.858,3.88,1.022,1.0
2022-01-19,2.875,3.8970000000000002,1.022,1.0
2022-01-20,2.861,3.883,1.022,1.0
2022-01-21,2.858,3.88,1.022,1.0
2022-01-24,2.844,3.8659999999999997,1.022,1.0
2022-01-25,2.765,3.787,1.022,1.0
2022-01-26,2.773,3.795,1.022,1.0
2022-01-27,2.755,3.777,1.022,1.0
2022-01-28,2.747,3.769,1.022,1.0
2022-02-07,2.806,3.8280000000000003,1.022,1.0
2022-02-08,2.873,3.8950000000000005,1.022,1.0
2022-02-09,2.879,3.901,1.022,1.0
2022-02-10,2.92,3.942,1.022,1.0
2022-02-11,2.923,3.9450000000000003,1.022,1.0
2022-02-14,2.877,3.899,1.022,1.0
2022-02-15,2.858,3.88,1.022,1.0
2022-02-16,2.887,3.909,1.022,1.0
2022-02-17,2.873,3.8950000000000005,1.022,1.0
2022-02-18,2.926,3.9480000000000004,1.022,1.0
2022-02-21,2.952,3.974,1.022,1.0
2022-02-22,2.941,3.963,1.022,1.0
2022-02-23,2.91,3.9320000000000004,1.022,1.0
2022-02-24,2.885,3.907,1.022,1.0
2022-02-25,2.865,3.8870000000000005,1.022,1.0
2022-02-28,2.874,3.896,1.022,1.0
2022-03-01,2.904,3.926,1.022,1.0
2022-03-02,2.937,3.9589999999999996,1.022,1.0
2022-03-03,2.972,3.9939999999999998,1.022,1.0
2022-03-04,2.962,3.984,1.022,1.0
2022-03-07,2.942,3.9640000000000004,1.022,1.0
2022-03-08,2.859,3.8810000000000002,1.022,1.0
2022-03-09,2.802,3.824,1.022,1.0
2022-03-10,2.848,3.87,1.022,1.0
2022-03-11,2.868,3.8899999999999997,1.022,1.0
2022-03-14,2.829,3.851,1.022,1.0
2022-03-15,2.671,3.6929999999999996,1.022,1.0
2022-03-16,2.73,3.752,1.022,1.0
2022-03-17,2.76,3.782,1.022,1.0
2022-03-18,2.83,3.8520000000000003,1.022,1.0
2022-03-21,2.849,3.8710000000000004,1.022,1.0
2022-03-22,2.897,3.9189999999999996,1.022,1.0
2022-03-23,2.893,3.915,1.022,1.0
2022-03-24,2.9,3.9219999999999997,1.022,1.0
2022-03-25,2.901,3.923,1.022,1.0
2022-03-28,2.947,3.9690000000000003,1.022,1.0
2022-03-29,2.965,3.987,1.022,1.0
2022-03-30,2.973,3.995,1.022,1.0
2022-03-31,3.012,4.034,1.022,1.0
2022-04-01,3.045,4.067,1.022,1.0
2022-04-06,3.09,4.112,1.022,1.0
2022-04-07,3.044,4.066,1.022,1.0
2022-04-08,3.079,4.101,1.022,1.0
2022-04-11,3.02,4.042,1.022,1.0
2022-04-12,3.01,4.032,1.022,1.0
2022-04-13,3.033,4.055,1.022,1.0
2022-04-14,3.089,4.111,1.022,1.0
2022-04-15,3.056,4.078,1.022,1.0
2022-04-18,2.992,4.014,1.022,1.0
2022-04-19,3.036,4.058,1.022,1.0
2022-04-20,2.949,3.971,1.022,1.0
2022-04-21,2.895,3.917,1.022,1.0
2022-04-22,2.925,3.947,1.022,1.0
2022-04-25,2.801,3.8230000000000004,1.022,1.0
2022-04-26,2.762,3.784,1.022,1.0
2022-04-27,2.798,3.8200000000000003,1.022,1.0
2022-04-28,2.844,3.8659999999999997,1.022,1.0
2022-04-29,2.878,3.9000000000000004,1.022,1.0
2022-05-05,2.867,3.8890000000000002,1.022,1.0
2022-05-06,2.792,3.814,1.022,1.0
2022-05-09,2.784,3.806,1.022,1.0
2022-05-10,2.787,3.809,1.022,1.0
2022-05-11,2.785,3.8070000000000004,1.022,1.0
2022-05-12,2.773,3.795,1.022,1.0
2022-05-13,2.828,3.8499999999999996,1.022,1.0
2022-05-16,2.872,3.894,1.022,1.0
2022-05-17,2.862,3.8840000000000003,1.022,1.0
2022-05-18,2.834,3.856,1.022,1.0
2022-05-19,2.837,3.859,1.022,1.0
2022-05-20,2.876,3.8979999999999997,1.022,1.0
2022-05-23,2.88,3.902,1.022,1.0
2022-05-24,2.836,3.8579999999999997,1.022,1.0
2022-05-25,2.865,3.8870000000000005,1.022,1.0
2022-05-26,2.905,3.9269999999999996,1.022,1.0
2022-05-27,2.904,3.926,1.022,1.0
2022-05-30,2.89,3.912,1.022,1.0
2022-05-31,2.894,3.9160000000000004,1.022,1.0
2022-06-01,2.903,3.925,1.022,1.0
2022-06-02,2.885,3.907,1.022,1.0
2022-06-06,2.884,3.9059999999999997,1.022,1.0
2022-06-07,2.899,3.9210000000000003,1.022,1.0
2022-06-08,2.937,3.9589999999999996,1.022,1.0
2022-06-09,2.944,3.966,1.022,1.0
2022-06-10,2.964,3.9859999999999998,1.022,1.0
2022-06-13,2.92,3.942,1.022,1.0
2022-06-14,2.958,3.9800000000000004,1.022,1.0
2022-06-15,2.961,3.9829999999999997,1.022,1.0
2022-06-16,2.914,3.936,1.022,1.0
2022-06-17,2.907,3.9290000000000003,1.022,1.0
2022-06-20,2.885,3.907,1.022,1.0
2022-06-21,2.891,3.9130000000000003,1.022,1.0
2022-06-22,2.855,3.877,1.022,1.0
2022-06-23,2.879,3.901,1.022,1.0
2022-06-24,2.883,3.9050000000000002,1.022,1.0
2022-06-27,2.91,3.9320000000000004,1.022,1.0
2022-06-28,2.935,3.957,1.022,1.0
2022-06-29,2.947,3.9690000000000003,1.022,1.0
2022-06-30,2.964,3.9859999999999998,1.022,1.0
2022-07-01,2.969,3.9909999999999997,1.022,1.0
2022-07-04,2.975,3.997,1.022,1.0
2022-07-05,2.989,4.011,1.022,1.0
2022-07-06,2.923,3.9450000000000003,1.022,1.0
2022-07-07,2.936,3.958,1.022,1.0
2022-07-08,2.934,3.9560000000000004,1.022,1.0
2022-07-11,2.907,3.9290000000000003,1.022,1.0
2022-07-12,2.93,3.952,1.022,1.0
2022-07-13,2.928,3.95,1.022,1.0
2022-07-14,2.898,3.92,1.022,1.0
2022-07-15,2.858,3.88,1.022,1.0
2022-07-18,2.917,3.939,1.022,1.0
2022-07-19,2.921,3.9429999999999996,1.022,1.0
2022-07-20,2.926,3.9480000000000004,1.022,1.0
2022-07-21,2.882,3.904,1.022,1.0
2022-07-22,2.865,3.8870000000000005,1.022,1.0
2022-07-25,2.874,3.896,1.022,1.0
2022-07-26,2.912,3.934,1.022,1.0
2022-07-27,2.912,3.934,1.022,1.0
2022-07-28,2.923,3.9450000000000003,1.022,1.0
2022-07-29,2.901,3.923,1.022,1.0
2022-08-01,2.908,3.9299999999999997,1.022,1.0
2022-08-02,2.845,3.867,1.022,1.0
2022-08-03,2.817,3.8390000000000004,1.022,1.0
2022-08-04,2.821,3.843,1.022,1.0
2022-08-05,2.825,3.8470000000000004,1.022,1.0
2022-08-08,2.856,3.878,1.022,1.0
2022-08-09,2.877,3.899,1.022,1.0
2022-08-10,2.861,3.883,1.022,1.0
2022-08-11,2.888,3.91,1.022,1.0
2022-08-12,2.915,3.9370000000000003,1.022,1.0
2022-08-15,2.929,3.9509999999999996,1.022,1.0
2022-08-16,2.939,3.9610000000000003,1.022,1.0
2022-08-17,2.943,3.965,1.022,1.0
2022-08-18,2.919,3.941,1.022,1.0
2022-08-19,2.944,3.966,1.022,1.0
2022-08-22,2.97,3.992,1.022,1.0
2022-08-23,2.98,4.002,1.022,1.0
2022-08-24,2.936,3.958,1.022,1.0
2022-08-25,3.001,4.023,1.022,1.0
2022-08-26,2.98,4.002,1.022,1.0
2022-08-29,3.002,4.024,1.022,1.0
2022-08-30,2.975,3.997,1.022,1.0
2022-08-31,2.957,3.979,1.022,1.0
2022-09-01,2.985,4.007,1.022,1.0
2022-09-02,2.979,4.001,1.022,1.0
2022-09-05,3.033,4.055,1.022,1.0
2022-09-06,3.082,4.104,1.022,1.0
2022-09-07,3.074,4.096,1.022,1.0
2022-09-08,3.065,4.087,1.022,1.0
2022-09-09,3.108,4.13,1.022,1.0
2022-09-13,3.085,4.107,1.022,1.0
2022-09-14,3.059,4.081,1.022,1.0
2022-09-15,3.071,4.093,1.022,1.0
2022-09-16,2.981,4.003,1.022,1.0
2022-09-19,2.981,4.003,1.022,1.0
2022-09-20,2.978,4.0,1.022,1.0
2022-09-21,3.005,4.027,1.022,1.0
2022-09-22,3.017,4.039,1.022,1.0
2022-09-23,2.993,4.015,1.022,1.0
2022-09-26,2.945,3.9669999999999996,1.022,1.0
2022-09-27,2.961,3.9829999999999997,1.022,1.0
2022-09-28,2.94,3.9619999999999997,1.022,1.0
2022-09-29,2.935,3.957,1.022,1.0
2022-09-30,2.96,3.982,1.022,1.0
2022-10-10,2.965,3.987,1.022,1.0
2022-10-11,2.955,3.9770000000000003,1.022,1.0
2022-10-12,2.99,4.0120000000000005,1.022,1.0
2022-10-13,2.944,3.966,1.022,1.0
2022-10-14,2.976,3.998,1.022,1.0
2022-10-17,2.967,3.989,1.022,1.0
2022-10-18,2.962,3.984,1.022,1.0
2022-10-19,2.959,3.981,1.022,1.0
2022-10-20,2.933,3.955,1.022,1.0
2022-10-21,2.946,3.968,1.022,1.0
2022-10-24,2.894,3.9160000000000004,1.022,1.0
2022-10-25,2.866,3.888,1.022,1.0
2022-10-26,2.849,3.8710000000000004,1.022,1.0
2022-10-27,2.863,3.885,1.022,1.0
2022-10-28,2.814,3.8360000000000003,1.022,1.0
2022-10-31,2.747,3.769,1.022,1.0
2022-11-01,2.767,3.7889999999999997,1.022,1.0
2022-11-02,2.8,3.822,1.022,1.0
2022-11-03,2.781,3.803,1.022,1.0
2022-11-04,2.829,3.851,1.022,1.0
2022-11-07,2.854,3.8760000000000003,1.022,1.0
2022-11-08,2.854,3.8760000000000003,1.022,1.0
2022-11-09,2.852,3.8739999999999997,1.022,1.0
2022-11-10,2.859,3.8810000000000002,1.022,1.0
2022-11-11,2.921,3.9429999999999996,1.022,1.0
2022-11-14,2.91,3.9320000000000004,1.022,1.0
2022-11-15,2.92,3.942,1.022,1.0
2022-11-16,2.911,3.933,1.022,1.0
2022-11-17,2.89,3.912,1.022,1.0
2022-11-18,2.877,3.899,1.022,1.0
2022-11-21,2.866,3.888,1.022,1.0
2022-11-22,2.885,3.907,1.022,1.0
2022-11-23,2.901,3.923,1.022,1.0
2022-11-24,2.917,3.939,1.022,1.0
2022-11-25,2.966,3.9880000000000004,1.022,1.0
2022-11-28,2.948,3.9699999999999998,1.022,1.0
2022-11-29,3.034,4.056,1.022,1.0
2022-11-30,3.014,4.036,1.022,1.0
2022-12-01,2.993,4.015,1.022,1.0
2022-12-02,2.972,3.9939999999999998,1.022,1.0
2022-12-05,3.025,4.047,1.022,1.0
2022-12-06,3.013,4.035,1.022,1.0
2022-12-07,2.998,4.0200000000000005,1.022,1.0
2022-12-08,3.013,4.035,1.022,1.0
2022-12-09,3.02,4.042,1.022,1.0
2022-12-12,2.958,3.9800000000000004,1.022,1.0
2022-12-13,2.972,3.9939999999999998,1.022,1.0
2022-12-14,2.966,3.9880000000000004,1.022,1.0
2022-12-15,2.931,3.9530000000000003,1.022,1.0
2022-12-16,2.953,3.9749999999999996,1.022,1.0
2022-12-19,2.914,3.936,1.022,1.0
2022-12-20,2.88,3.902,1.022,1.0
2022-12-21,2.883,3.9050000000000002,1.022,1.0
2022-12-22,2.861,3.883,1.022,1.0
2022-12-23,2.851,3.873,1.022,1.0
2022-12-26,2.844,3.8659999999999997,1.022,1.0
2022-12-27,2.872,3.894,1.022,1.0
2022-12-28,2.878,3.9000000000000004,1.022,1.0
2022-12-29,2.849,3.8710000000000004,1.022,1.0
2022-12-30,2.863,3.885,1.022,1.0
2023-01-03,2.876,3.8979999999999997,1.022,1.0
2023-01-04,2.897,3.9189999999999996,1.022,1.0
2023-01-05,2.902,3.9240000000000004,1.022,1.0
2023-01-06,2.897,3.9189999999999996,1.022,1.0
2023-01-09,2.899,3.9210000000000003,1.022,1.0
2023-01-10,2.883,3.9050000000000002,1.022,1.0
2023-01-11,2.905,3.9269999999999996,1.022,1.0
2023-01-12,2.892,3.9139999999999997,1.022,1.0
2023-01-13,2.907,3.9290000000000003,1.022,1.0
2023-01-16,2.788,3.9479999999999995,1.16,1.0
2023-01-17,2.78,3.9399999999999995,1.16,1.0
2023-01-18,2.783,3.9429999999999996,1.16,1.0
2023-01-19,2.789,3.949,1.16,1.0
2023-01-20,2.817,3.9770000000000003,1.16,1.0
2023-01-30,2.801,3.9610000000000003,1.16,1.0
2023-01-31,2.809,3.9690000000000003,1.16,1.0
2023-02-01,2.813,3.973,1.16,1.0
2023-02-02,2.817,3.9770000000000003,1.16,1.0
2023-02-03,2.799,3.9589999999999996,1.16,1.0
2023-02-06,2.784,3.944,1.16,1.0
2023-02-07,2.795,3.955,1.16,1.0
2023-02-08,2.788,3.9479999999999995,1.16,1.0
2023-02-09,2.797,3.957,1.16,1.0
2023-02-10,2.8,3.96,1.16,1.0
2023-02-13,2.805,3.965,1.16,1.0
2023-02-14,2.822,3.982,1.16,1.0
2023-02-15,2.809,3.9690000000000003,1.16,1.0
2023-02-16,2.794,3.9539999999999997,1.16,1.0
2023-02-17,2.799,3.9589999999999996,1.16,1.0
2023-02-20,2.843,4.003,1.16,1.0
2023-02-21,2.879,4.039,1.16,1.0
2023-02-22,2.883,4.043,1.16,1.0
2023-02-23,2.894,4.054,1.16,1.0
2023-02-24,2.886,4.046,1.16,1.0
2023-02-27,2.891,4.051,1.16,1.0
2023-02-28,2.898,4.058,1.16,1.0
2023-03-01,2.915,4.075,1.16,1.0
2023-03-02,2.929,4.0889999999999995,1.16,1.0
2023-03-03,2.944,4.104,1.16,1.0
2023-03-06,2.93,4.09,1.16,1.0
2023-03-07,2.923,4.083,1.16,1.0
2023-03-08,2.921,4.0809999999999995,1.16,1.0
2023-03-09,2.917,4.077,1.16,1.0
2023-03-10,2.877,4.037,1.16,1.0
2023-03-13,2.91,4.07,1.16,1.0
2023-03-14,2.895,4.055,1.16,1.0
2023-03-15,2.919,4.079,1.16,1.0
2023-03-16,2.898,4.058,1.16,1.0
2023-03-17,2.917,4.077,1.16,1.0
2023-03-20,2.904,4.064,1.16,1.0
2023-03-21,2.896,4.056,1.16,1.0
2023-03-22,2.91,4.07,1.16,1.0
2023-03-23,2.912,4.072,1.16,1.0
2023-03-24,2.894,4.054,1.16,1.0
2023-03-27,2.873,4.033,1.16,1.0
2023-03-28,2.878,4.038,1.16,1.0
2023-03-29,2.876,4.036,1.16,1.0
2023-03-30,2.887,4.047,1.16,1.0
2023-03-31,2.894,4.054,1.16,1.0
2023-04-03,2.915,4.075,1.16,1.0
2023-04-04,2.928,4.088,1.16,1.0
2023-04-06,2.911,4.071,1.16,1.0
2023-04-07,2.912,4.072,1.16,1.0
2023-04-10,2.909,4.069,1.16,1.0
2023-04-11,2.932,4.092,1.16,1.0
2023-04-12,2.966,4.126,1.16,1.0
2023-04-13,2.973,4.133,1.16,1.0
2023-04-14,2.965,4.125,1.16,1.0
2023-04-17,2.999,4.159,1.16,1.0
2023-04-18,3.018,4.178,1.16,1.0
2023-04-19,3.013,4.173,1.16,1.0
2023-04-20,3.009,4.169,1.16,1.0
2023-04-21,2.992,4.152,1.16,1.0
2023-04-24,2.987,4.147,1.16,1.0
2023-04-25,3.009,4.169,1.16,1.0
2023-04-26,3.015,4.175,1.16,1.0
2023-04-27,3.023,4.183,1.16,1.0
2023-04-28,3.059,4.219,1.16,1.0
2023-05-04,3.13,4.29,1.16,1.0
2023-05-05,3.158,4.318,1.16,1.0
2023-05-08,3.249,4.409,1.16,1.0
2023-05-09,3.211,4.3709999999999996,1.16,1.0
2023-05-10,3.143,4.303,1.16,1.0
2023-05-11,3.136,4.296,1.16,1.0
2023-05-12,3.123,4.283,1.16,1.0
2023-05-15,3.116,4.276,1.16,1.0
2023-05-16,3.096,4.256,1.16,1.0
2023-05-17,3.083,4.243,1.16,1.0
2023-05-18,3.111,4.271,1.16,1.0
2023-05-19,3.068,4.228,1.16,1.0
2023-05-22,3.058,4.218,1.16,1.0
2023-05-23,3.02,4.18,1.16,1.0
2023-05-24,2.978,4.138,1.16,1.0
2023-05-25,2.963,4.123,1.16,1.0
2023-05-26,2.991,4.151,1.16,1.0
2023-05-29,3.022,4.1819999999999995,1.16,1.0
2023-05-30,3.021,4.181,1.16,1.0
2023-05-31,2.988,4.148,1.16,1.0
2023-06-01,2.985,4.145,1.16,1.0
2023-06-02,2.984,4.144,1.16,1.0
2023-06-05,3.002,4.162,1.16,1.0
2023-06-06,2.992,4.152,1.16,1.0
2023-06-07,3.023,4.183,1.16,1.0
2023-06-08,3.06,4.22,1.16,1.0
2023-06-09,3.041,4.201,1.16,1.0
2023-06-12,3.01,4.17,1.16,1.0
2023-06-13,3.003,4.163,1.16,1.0
2023-06-14,2.985,4.145,1.16,1.0
2023-06-15,2.994,4.154,1.16,1.0
2023-06-16,2.989,4.149,1.16,1.0
2023-06-19,2.952,4.112,1.16,1.0
2023-06-20,2.925,4.085,1.16,1.0
2023-06-21,2.908,4.068,1.16,1.0
2023-06-26,2.862,4.022,1.16,1.0
2023-06-27,2.915,4.075,1.16,1.0
2023-06-28,2.935,4.095,1.16,1.0
2023-06-29,2.933,4.093,1.16,1.0
2023-06-30,2.938,4.098,1.16,1.0
2023-07-03,2.973,4.133,1.16,1.0
2023-07-04,2.95,4.11,1.16,1.0
2023-07-05,2.948,4.108,1.16,1.0
2023-07-06,2.941,4.101,1.16,1.0
2023-07-07,2.959,4.119,1.16,1.0
2023-07-10,2.966,4.126,1.16,1.0
2023-07-11,2.964,4.124,1.16,1.0
2023-07-12,2.946,4.106,1.16,1.0
2023-07-13,2.977,4.137,1.16,1.0
2023-07-14,2.992,4.152,1.16,1.0
2023-07-17,2.975,4.135,1.16,1.0
2023-07-18,2.968,4.128,1.16,1.0
2023-07-19,2.987,4.147,1.16,1.0
2023-07-20,2.978,4.138,1.16,1.0
2023-07-21,2.978,4.138,1.16,1.0
2023-07-24,2.976,4.136,1.16,1.0
2023-07-25,3.018,4.178,1.16,1.0
2023-07-26,3.025,4.185,1.16,1.0
2023-07-27,3.034,4.194,1.16,1.0
2023-07-28,3.086,4.2459999999999996,1.16,1.0
2023-07-31,3.106,4.266,1.16,1.0
2023-08-01,3.11,4.27,1.16,1.0
2023-08-02,3.071,4.231,1.16,1.0
2023-08-03,3.087,4.247,1.16,1.0
2023-08-04,3.076,4.236,1.16,1.0
2023-08-07,3.048,4.208,1.16,1.0
2023-08-08,3.043,4.203,1.16,1.0
2023-08-09,3.033,4.193,1.16,1.0
2023-08-10,3.054,4.2139999999999995,1.16,1.0
2023-08-11,3.012,4.172,1.16,1.0
2023-08-14,3.006,4.1659999999999995,1.16,1.0
2023-08-15,3.03,4.1899999999999995,1.16,1.0
2023-08-16,3.029,4.189,1.16,1.0
2023-08-17,3.028,4.188,1.16,1.0
2023-08-18,3.029,4.189,1.16,1.0
2023-08-21,3.004,4.164,1.16,1.0
2023-08-22,3.022,4.1819999999999995,1.16,1.0
2023-08-23,3.028,4.188,1.16,1.0
2023-08-24,3.012,4.172,1.16,1.0
2023-08-25,3.015,4.175,1.16,1.0
2023-08-28,3.057,4.217,1.16,1.0
2023-08-29,3.057,4.217,1.16,1.0
2023-08-30,3.027,4.187,1.16,1.0
2023-08-31,2.994,4.154,1.16,1.0
2023-09-01,3.022,4.1819999999999995,1.16,1.0
2023-09-04,3.068,4.228,1.16,1.0
2023-09-05,3.044,4.204,1.16,1.0
2023-09-06,3.041,4.201,1.16,1.0
2023-09-07,3.033,4.193,1.16,1.0
2023-09-08,3.014,4.1739999999999995,1.16,1.0
2023-09-11,3.035,4.195,1.16,1.0
2023-09-12,3.03,4.1899999999999995,1.16,1.0
2023-09-13,3.045,4.205,1.16,1.0
2023-09-14,3.083,4.243,1.16,1.0
2023-09-15,3.085,4.245,1.16,1.0
2023-09-18,3.087,4.247,1.16,1.0
2023-09-19,3.108,4.268,1.16,1.0
2023-09-20,3.116,4.276,1.16,1.0
2023-09-21,3.097,4.257,1.16,1.0
2023-09-22,3.111,4.271,1.16,1.0
2023-09-25,3.105,4.265,1.16,1.0
2023-09-26,3.092,4.252,1.16,1.0
2023-09-27,3.081,4.241,1.16,1.0
2023-09-28,3.077,4.237,1.16,1.0
2023-10-09,3.072,4.232,1.16,1.0
2023-10-10,3.043,4.203,1.16,1.0
2023-10-11,3.034,4.194,1.16,1.0
2023-10-12,3.06,4.22,1.16,1.0
2023-10-13,3.056,4.216,1.16,1.0
2023-10-16,3.075,4.235,1.16,1.0
2023-10-17,3.071,4.231,1.16,1.0
2023-10-18,3.048,4.208,1.16,1.0
2023-10-19,3.003,4.163,1.16,1.0
2023-10-20,2.98,4.14,1.16,1.0
2023-10-23,2.95,4.11,1.16,1.0
2023-10-24,2.971,4.131,1.16,1.0
2023-10-25,2.994,4.154,1.16,1.0
2023-10-26,3.004,4.164,1.16,1.0
2023-10-27,3.015,4.175,1.16,1.0
2023-10-30,2.974,4.134,1.16,1.0
2023-10-31,2.982,4.142,1.16,1.0
2023-11-01,2.979,4.139,1.16,1.0
2023-11-02,2.988,4.148,1.16,1.0
2023-11-03,2.974,4.134,1.16,1.0
2023-11-06,2.955,4.115,1.16,1.0
2023-11-07,2.957,4.117,1.16,1.0
2023-11-08,2.956,4.116,1.16,1.0
2023-11-09,2.981,4.141,1.16,1.0
2023-11-10,2.973,4.133,1.16,1.0
2023-11-13,2.978,4.138,1.16,1.0
2023-11-14,2.968,4.128,1.16,1.0
2023-11-15,2.977,4.137,1.16,1.0
2023-11-16,2.979,4.139,1.16,1.0
2023-11-17,2.969,4.129,1.16,1.0
2023-11-20,2.973,4.133,1.16,1.0
2023-11-21,2.989,4.149,1.16,1.0
2023-11-22,2.981,4.141,1.16,1.0
2023-11-23,3.001,4.161,1.16,1.0
2023-11-24,3.009,4.169,1.16,1.0
2023-11-27,3.0,4.16,1.16,1.0
2023-11-28,2.994,4.154,1.16,1.0
2023-11-29,2.981,4.141,1.16,1.0
2023-11-30,2.99,4.15,1.16,1.0
2023-12-01,3.002,4.162,1.16,1.0
2023-12-04,3.008,4.168,1.16,1.0
2023-12-05,2.972,4.132,1.16,1.0
2023-12-06,2.969,4.129,1.16,1.0
2023-12-07,2.97,4.13,1.16,1.0
2023-12-08,2.971,4.131,1.16,1.0
2023-12-11,2.997,4.157,1.16,1.0
2023-12-12,3.009,4.169,1.16,1.0
2023-12-13,2.987,4.147,1.16,1.0
2023-12-14,2.995,4.155,1.16,1.0
2023-12-15,2.978,4.138,1.16,1.0
2023-12-18,2.975,4.135,1.16,1.0
2023-12-19,2.967,4.127,1.16,1.0
2023-12-20,2.965,4.125,1.16,1.0
2023-12-21,2.945,4.1049999999999995,1.16,1.0
2023-12-22,2.941,4.101,1.16,1.0
2023-12-25,2.939,4.099,1.16,1.0
2023-12-26,2.922,4.082,1.16,1.0
2023-12-27,2.934,4.094,1.16,1.0
2023-12-28,2.916,4.076,1.16,1.0
2023-12-29,2.931,4.091,1.16,1.0
2024-01-02,2.97,4.13,1.16,1.0
2024-01-03,3.01,4.17,1.16,1.0
2024-01-04,3.034,4.194,1.16,1.0
2024-01-05,3.044,4.204,1.16,1.0
2024-01-08,3.015,4.175,1.16,1.0
2024-01-09,3.038,4.1979999999999995,1.16,1.0
2024-01-10,3.023,4.183,1.16,1.0
2024-01-11,2.995,4.155,1.16,1.0
2024-01-12,3.01,4.17,1.16,1.0
2024-01-15,3.024,4.184,1.16,1.0
2024-01-16,3.034,4.194,1.16,1.0
2024-01-17,2.997,4.157,1.16,1.0
2024-01-18,2.972,4.132,1.16,1.0
2024-01-19,2.95,4.11,1.16,1.0
2024-01-22,2.881,4.0409999999999995,1.16,1.0
2024-01-23,2.768,4.058999999999999,1.291,1.0
2024-01-24,2.836,4.127,1.291,1.0
2024-01-25,2.908,4.199,1.291,1.0
2024-01-26,2.949,4.24,1.291,1.0
2024-01-29,2.964,4.255,1.291,1.0
2024-01-30,2.93,4.221,1.291,1.0
2024-01-31,2.934,4.225,1.291,1.0
2024-02-01,2.904,4.195,1.291,1.0
2024-02-02,2.912,4.202999999999999,1.291,1.0
2024-02-05,2.918,4.209,1.291,1.0
2024-02-06,2.96,4.2509999999999994,1.291,1.0
2024-02-07,3.004,4.295,1.291,1.0
2024-02-08,3.005,4.295999999999999,1.291,1.0
2024-02-19,3.075,4.366,1.291,1.0
2024-02-20,3.119,4.41,1.291,1.0
2024-02-21,3.112,4.4030000000000005,1.291,1.0
2024-02-22,3.17,4.461,1.291,1.0
2024-02-23,3.152,4.443,1.291,1.0
2024-02-26,3.083,4.3740000000000006,1.291,1.0
2024-02-27,3.1,4.391,1.291,1.0
2024-02-28,3.094,4.385,1.291,1.0
2024-02-29,3.112,4.4030000000000005,1.291,1.0
2024-03-01,3.107,4.398,1.291,1.0
2024-03-04,3.134,4.425,1.291,1.0
2024-03-05,3.155,4.446,1.291,1.0
2024-03-06,3.153,4.444,1.291,1.0
2024-03-07,3.172,4.463,1.291,1.0
2024-03-08,3.189,4.48,1.291,1.0
2024-03-11,3.157,4.448,1.291,1.0
2024-03-12,3.086,4.377,1.291,1.0
2024-03-13,3.068,4.359,1.291,1.0
2024-03-14,3.077,4.368,1.291,1.0
2024-03-15,3.071,4.362,1.291,1.0
2024-03-18,3.054,4.345,1.291,1.0
2024-03-19,3.052,4.343,1.291,1.0
2024-03-20,3.058,4.349,1.291,1.0
2024-03-21,3.062,4.353,1.291,1.0
2024-03-22,3.068,4.359,1.291,1.0
2024-03-25,3.078,4.369,1.291,1.0
2024-03-26,3.061,4.352,1.291,1.0
2024-03-27,3.06,4.351,1.291,1.0
2024-03-28,3.052,4.343,1.291,1.0
2024-03-29,3.072,4.3629999999999995,1.291,1.0
2024-04-01,3.067,4.3580000000000005,1.291,1.0
2024-04-02,3.088,4.379,1.291,1.0
2024-04-03,3.125,4.416,1.291,1.0
2024-04-08,3.135,4.426,1.291,1.0
2024-04-09,3.12,4.411,1.291,1.0
2024-04-10,3.131,4.422,1.291,1.0
2024-04-11,3.171,4.462,1.291,1.0
2024-04-12,3.164,4.455,1.291,1.0
2024-04-15,3.23,4.521,1.291,1.0
2024-04-16,3.244,4.535,1.291,1.0
2024-04-17,3.277,4.568,1.291,1.0
2024-04-18,3.286,4.577,1.291,1.0
2024-04-19,3.308,4.599,1.291,1.0
2024-04-22,3.221,4.5120000000000005,1.291,1.0
2024-04-23,3.173,4.464,1.291,1.0
2024-04-24,3.174,4.465,1.291,1.0
2024-04-25,3.193,4.484,1.291,1.0
2024-04-26,3.164,4.455,1.291,1.0
2024-04-29,3.13,4.420999999999999,1.291,1.0
2024-04-30,3.143,4.433999999999999,1.291,1.0
2024-05-06,3.16,4.4510000000000005,1.291,1.0
2024-05-07,3.16,4.4510000000000005,1.291,1.0
2024-05-08,3.182,4.473,1.291,1.0
2024-05-09,3.193,4.484,1.291,1.0
2024-05-10,3.212,4.503,1.291,1.0
2024-05-13,3.216,4.507,1.291,1.0
2024-05-14,3.203,4.494,1.291,1.0
2024-05-15,3.202,4.493,1.291,1.0
2024-05-16,3.209,4.5,1.291,1.0
2024-05-17,3.23,4.521,1.291,1.0
2024-05-20,3.269,4.5600000000000005,1.291,1.0
2024-05-21,3.285,4.5760000000000005,1.291,1.0
2024-05-22,3.285,4.5760000000000005,1.291,1.0
2024-05-23,3.243,4.534,1.291,1.0
2024-05-24,3.238,4.529,1.291,1.0
2024-05-27,3.295,4.586,1.291,1.0
2024-05-28,3.286,4.577,1.291,1.0
2024-05-29,3.289,4.58,1.291,1.0
2024-05-30,3.266,4.557,1.291,1.0
2024-05-31,3.273,4.564,1.291,1.0
2024-06-03,3.242,4.5329999999999995,1.291,1.0
2024-06-04,3.255,4.545999999999999,1.291,1.0
2024-06-05,3.217,4.508,1.291,1.0
2024-06-06,3.234,4.525,1.291,1.0
2024-06-07,3.261,4.552,1.291,1.0
2024-06-11,3.205,4.496,1.291,1.0
2024-06-12,3.246,4.537,1.291,1.0
2024-06-13,3.218,4.509,1.291,1.0
2024-06-14,3.223,4.513999999999999,1.291,1.0
2024-06-17,3.181,4.4719999999999995,1.291,1.0
2024-06-18,3.188,4.479,1.291,1.0
2024-06-19,3.188,4.479,1.291,1.0
2024-06-20,3.194,4.484999999999999,1.291,1.0
2024-06-21,3.199,4.49,1.291,1.0
2024-06-24,3.157,4.448,1.291,1.0
2024-06-25,3.17,4.461,1.291,1.0
2024-06-26,3.178,4.468999999999999,1.291,1.0
2024-06-27,3.178,4.468999999999999,1.291,1.0
2024-06-28,3.201,4.492,1.291,1.0
2024-07-01,3.269,4.5600000000000005,1.291,1.0
2024-07-02,3.271,4.561999999999999,1.291,1.0
2024-07-03,3.249,4.54,1.291,1.0
2024-07-04,3.235,4.526,1.291,1.0
2024-07-05,3.218,4.509,1.291,1.0
2024-07-08,3.207,4.497999999999999,1.291,1.0
2024-07-09,3.233,4.524,1.291,1.0
2024-07-10,3.167,4.458,1.291,1.0
2024-07-11,3.162,4.452999999999999,1.291,1.0
2024-07-12,3.158,4.449,1.291,1.0
2024-07-15,3.195,4.486,1.291,1.0
2024-07-16,3.182,4.473,1.291,1.0
2024-07-17,3.169,4.46,1.291,1.0
2024-07-18,3.173,4.464,1.291,1.0
2024-07-19,3.15,4.441,1.291,1.0
2024-07-22,3.118,4.409,1.291,1.0
2024-07-23,3.097,4.388,1.291,1.0
2024-07-24,3.099,4.390000000000001,1.291,1.0
2024-07-25,3.085,4.3759999999999994,1.291,1.0
2024-07-26,3.067,4.3580000000000005,1.291,1.0
2024-07-29,3.079,4.37,1.291,1.0
2024-07-30,3.064,4.355,1.291,1.0
2024-07-31,3.093,4.384,1.291,1.0
2024-08-01,3.096,4.3870000000000005,1.291,1.0
2024-08-02,3.088,4.379,1.291,1.0
2024-08-05,3.047,4.338,1.291,1.0
2024-08-06,3.036,4.327,1.291,1.0
2024-08-07,3.048,4.339,1.291,1.0
2024-08-08,3.059,4.35,1.291,1.0
2024-08-09,3.048,4.339,1.291,1.0
2024-08-12,3.068,4.359,1.291,1.0
2024-08-13,3.069,4.359999999999999,1.291,1.0
2024-08-14,3.062,4.353,1.291,1.0
2024-08-15,3.091,4.382,1.291,1.0
2024-08-16,3.096,4.3870000000000005,1.291,1.0
2024-08-19,3.126,4.417,1.291,1.0
2024-08-20,3.091,4.382,1.291,1.0
2024-08-21,3.058,4.349,1.291,1.0
2024-08-22,3.061,4.352,1.291,1.0
2024-08-23,3.059,4.35,1.291,1.0
2024-08-26,3.043,4.334,1.291,1.0
2024-08-27,3.05,4.340999999999999,1.291,1.0
2024-08-28,3.037,4.327999999999999,1.291,1.0
2024-08-29,2.981,4.272,1.291,1.0
2024-08-30,2.99,4.281000000000001,1.291,1.0
2024-09-02,3.005,4.295999999999999,1.291,1.0
2024-09-03,2.978,4.269,1.291,1.0
2024-09-04,2.977,4.268,1.291,1.0
2024-09-05,2.979,4.27,1.291,1.0
2024-09-06,2.955,4.246,1.291,1.0
2024-09-09,2.9,4.191,1.291,1.0
2024-09-10,2.907,4.198,1.291,1.0
2024-09-11,2.843,4.134,1.291,1.0
2024-09-12,2.853,4.144,1.291,1.0
2024-09-13,2.845,4.136,1.291,1.0
2024-09-18,2.878,4.1690000000000005,1.291,1.0
2024-09-19,2.873,4.164,1.291,1.0
2024-09-20,2.874,4.165,1.291,1.0
2024-09-23,2.905,4.196,1.291,1.0
2024-09-24,3.039,4.33,1.291,1.0
2024-09-25,3.085,4.3759999999999994,1.291,1.0
2024-09-26,3.189,4.48,1.291,1.0
2024-09-27,3.178,4.468999999999999,1.291,1.0
2024-09-30,3.399,4.6899999999999995,1.291,1.0
2024-10-08,3.404,4.695,1.291,1.0
2024-10-09,3.148,4.439,1.291,1.0
2024-10-10,3.27,4.561,1.291,1.0
2024-10-11,3.226,4.5169999999999995,1.291,1.0
2024-10-14,3.312,4.603,1.291,1.0
2024-10-15,3.231,4.522,1.291,1.0
2024-10-16,3.279,4.57,1.291,1.0
2024-10-17,3.231,4.522,1.291,1.0
2024-10-18,3.252,4.542999999999999,1.291,1.0
2024-10-21,3.232,4.523,1.291,1.0
2024-10-22,3.244,4.535,1.291,1.0
2024-10-23,3.245,4.536,1.291,1.0
2024-10-24,3.226,4.5169999999999995,1.291,1.0
2024-10-25,3.224,4.515000000000001,1.291,1.0
2024-10-28,3.245,4.536,1.291,1.0
2024-10-29,3.2,4.491,1.291,1.0
2024-10-30,3.165,4.4559999999999995,1.291,1.0
2024-10-31,3.146,4.436999999999999,1.291,1.0
2024-11-01,3.175,4.465999999999999,1.291,1.0
2024-11-04,3.189,4.48,1.291,1.0
2024-11-05,3.218,4.509,1.291,1.0
2024-11-06,3.19,4.481,1.291,1.0
2024-11-07,3.259,4.55,1.291,1.0
2024-11-08,3.226,4.5169999999999995,1.291,1.0
2024-11-11,3.193,4.484,1.291,1.0
2024-11-12,3.173,4.464,1.291,1.0
2024-11-13,3.193,4.484,1.291,1.0
2024-11-14,3.167,4.458,1.291,1.0
2024-11-15,3.17,4.461,1.291,1.0
2024-11-18,3.218,4.509,1.291,1.0
2024-11-19,3.209,4.5,1.291,1.0
2024-11-20,3.215,4.506,1.291,1.0
2024-11-21,3.218,4.509,1.291,1.0
2024-11-22,3.142,4.433,1.291,1.0
2024-11-25,3.148,4.439,1.291,1.0
2024-11-26,3.159,4.449999999999999,1.291,1.0
2024-11-27,3.189,4.48,1.291,1.0
2024-11-28,3.186,4.477,1.291,1.0
2024-11-29,3.201,4.492,1.291,1.0
2024-12-02,3.209,4.5,1.291,1.0
2024-12-03,3.241,4.532,1.291,1.0
2024-12-04,3.266,4.557,1.291,1.0
2024-12-05,3.259,4.55,1.291,1.0
2024-12-06,3.302,4.593,1.291,1.0
2024-12-09,3.31,4.601,1.291,1.0
2024-12-10,3.306,4.5969999999999995,1.291,1.0
2024-12-11,3.319,4.609999999999999,1.291,1.0
2024-12-12,3.325,4.616,1.291,1.0
2024-12-13,3.288,4.579,1.291,1.0
2024-12-16,3.317,4.6080000000000005,1.291,1.0
2024-12-17,3.312,4.603,1.291,1.0
2024-12-18,3.332,4.622999999999999,1.291,1.0
2024-12-19,3.292,4.583,1.291,1.0
2024-12-20,3.264,4.555,1.291,1.0
2024-12-23,3.278,4.569,1.291,1.0
2024-12-24,3.311,4.602,1.291,1.0
2024-12-25,3.326,4.617,1.291,1.0
2024-12-26,3.316,4.606999999999999,1.291,1.0
2024-12-27,3.315,4.606,1.291,1.0
2024-12-30,3.362,4.6530000000000005,1.291,1.0
2024-12-31,3.351,4.6419999999999995,1.291,1.0
2025-01-02,3.279,4.57,1.291,1.0
2025-01-03,3.248,4.539,1.291,1.0
2025-01-06,3.248,4.539,1.291,1.0
2025-01-07,3.234,4.525,1.291,1.0
2025-01-08,3.228,4.519,1.291,1.0
2025-01-09,3.184,4.475,1.291,1.0
2025-01-10,3.151,4.442,1.291,1.0
2025-01-13,3.124,4.415,1.291,1.0
2025-01-14,3.174,4.465,1.291,1.0
2025-01-15,3.183,4.474,1.291,1.0
2025-01-16,3.213,4.504,1.291,1.0
2025-01-17,3.196,4.487,1.291,1.0
2025-01-20,3.185,4.476,1.291,1.0
2025-01-21,3.027,4.46,1.433,1.0
2025-01-22,3.003,4.436,1.433,1.0
2025-01-23,3.052,4.485,1.433,1.0
2025-01-24,3.067,4.5,1.433,1.0
2025-01-27,3.105,4.538,1.433,1.0
2025-02-05,3.043,4.476,1.433,1.0
2025-02-06,3.041,4.474,1.433,1.0
2025-02-07,3.054,4.487,1.433,1.0
2025-02-10,3.047,4.48,1.433,1.0
2025-02-11,3.06,4.493,1.433,1.0
2025-02-12,3.062,4.495,1.433,1.0
2025-02-13,3.065,4.498,1.433,1.0
2025-02-14,3.068,4.501,1.433,1.0
2025-02-17,3.055,4.488,1.433,1.0
2025-02-18,3.053,4.486,1.433,1.0
2025-02-19,3.035,4.468,1.433,1.0
2025-02-20,3.022,4.455,1.433,1.0
2025-02-21,3.0,4.433,1.433,1.0
2025-02-24,2.996,4.429,1.433,1.0
2025-02-25,2.975,4.408,1.433,1.0
2025-02-26,3.001,4.434,1.433,1.0
2025-02-27,3.028,4.461,1.433,1.0
2025-02-28,3.01,4.443,1.433,1.0
2025-03-03,2.997,4.43,1.433,1.0
2025-03-04,2.996,4.429,1.433,1.0
2025-03-05,3.004,4.437,1.433,1.0
2025-03-06,2.998,4.431,1.433,1.0
2025-03-07,2.997,4.43,1.433,1.0
2025-03-10,3.001,4.434,1.433,1.0
2025-03-11,3.022,4.455,1.433,1.0
2025-03-12,3.018,4.451,1.433,1.0
2025-03-13,3.046,4.479,1.433,1.0
2025-03-14,3.068,4.501,1.433,1.0
2025-03-17,3.077,4.51,1.433,1.0
2025-03-18,3.065,4.498,1.433,1.0
2025-03-19,3.066,4.499,1.433,1.0
2025-03-20,3.061,4.494,1.433,1.0
2025-03-21,3.055,4.488,1.433,1.0
2025-03-24,3.078,4.511,1.433,1.0
2025-03-25,3.1,4.533,1.433,1.0
2025-03-26,3.101,4.534,1.433,1.0
2025-03-27,3.099,4.532,1.433,1.0
2025-03-28,3.082,4.515,1.433,1.0
2025-03-31,3.073,4.506,1.433,1.0
2025-04-01,3.097,4.53,1.433,1.0
2025-04-02,3.112,4.545,1.433,1.0
2025-04-03,3.117,4.55,1.433,1.0
2025-04-07,2.938,4.371,1.433,1.0
2025-04-08,3.003,4.436,1.433,1.0
2025-04-09,3.007,4.44,1.433,1.0
2025-04-10,3.038,4.471,1.433,1.0
2025-04-11,3.023,4.456,1.433,1.0
2025-04-14,3.051,4.484,1.433,1.0
2025-04-15,3.066,4.499,1.433,1.0
2025-04-16,3.082,4.515,1.433,1.0
2025-04-17,3.075,4.508,1.433,1.0
2025-04-18,3.077,4.51,1.433,1.0
2025-04-21,3.067,4.5,1.433,1.0
2025-04-22,3.077,4.51,1.433,1.0
2025-04-23,3.061,4.494,1.433,1.0
2025-04-24,3.074,4.507,1.433,1.0
2025-04-25,3.071,4.5040000000000004,1.433,1.0
2025-04-28,3.074,4.507,1.433,1.0
2025-04-29,3.062,4.495,1.433,1.0
2025-04-30,3.038,4.471,1.433,1.0
2025-05-06,3.03,4.463,1.433,1.0
2025-05-07,3.049,4.482,1.433,1.0
2025-05-08,3.053,4.486,1.433,1.0
2025-05-09,3.07,4.503,1.433,1.0
2025-05-12,3.083,4.516,1.433,1.0
2025-05-13,3.105,4.538,1.433,1.0
2025-05-14,3.133,4.566,1.433,1.0
2025-05-15,3.124,4.557,1.433,1.0
2025-05-16,3.106,4.539,1.433,1.0
2025-05-19,3.117,4.55,1.433,1.0
2025-05-20,3.121,4.554,1.433,1.0
2025-05-21,3.15,4.583,1.433,1.0
2025-05-22,3.151,4.584,1.433,1.0
2025-05-23,3.123,4.556,1.433,1.0
2025-05-26,3.107,4.54,1.433,1.0
2025-05-27,3.095,4.5280000000000005,1.433,1.0
2025-05-28,3.1,4.533,1.433,1.0
2025-05-29,3.108,4.541,1.433,1.0
2025-05-30,3.122,4.555,1.433,1.0
2025-06-03,3.134,4.567,1.433,1.0
2025-06-04,3.142,4.575,1.433,1.0
2025-06-05,3.124,4.557,1.433,1.0
2025-06-06,3.124,4.557,1.433,1.0
2025-06-09,3.128,4.561,1.433,1.0
2025-06-10,3.133,4.566,1.433,1.0
2025-06-11,3.142,4.575,1.433,1.0
2025-06-12,3.14,4.573,1.433,1.0
2025-06-13,3.125,4.558,1.433,1.0
2025-06-16,3.131,4.564,1.433,1.0
2025-06-17,3.134,4.567,1.433,1.0
2025-06-18,3.138,4.571,1.433,1.0
2025-06-19,3.124,4.557,1.433,1.0
2025-06-20,3.14,4.573,1.433,1.0
2025-06-23,3.153,4.586,1.433,1.0
2025-06-24,3.157,4.59,1.433,1.0
2025-06-25,3.173,4.606,1.433,1.0
2025-06-26,3.18,4.613,1.433,1.0
2025-06-27,3.154,4.587,1.433,1.0
2025-06-30,3.152,4.585,1.433,1.0
2025-07-01,3.175,4.608,1.433,1.0
2025-07-02,3.199,4.632,1.433,1.0
2025-07-03,3.198,4.631,1.433,1.0
2025-07-04,3.222,4.655,1.433,1.0
2025-07-07,3.235,4.668,1.433,1.0
2025-07-08,3.229,4.662,1.433,1.0
2025-07-09,3.245,4.678,1.433,1.0
2025-07-10,3.271,4.704,1.433,1.0
2025-07-11,3.25,4.683,1.433,1.0
2025-07-14,3.272,4.705,1.433,1.0
2025-07-15,3.233,4.666,1.433,1.0
2025-07-16,3.221,4.654,1.433,1.0
2025-07-17,3.212,4.6450000000000005,1.433,1.0
2025-07-18,3.226,4.659,1.433,1.0
2025-07-21,3.247,4.68,1.433,1.0
2025-07-22,3.3,4.733,1.433,1.0
2025-07-23,3.297,4.73,1.433,1.0
2025-07-24,3.307,4.74,1.433,1.0
2025-07-25,3.293,4.726,1.433,1.0
2025-07-28,3.26,4.693,1.433,1.0
2025-07-29,3.251,4.684,1.433,1.0
2025-07-30,3.262,4.695,1.433,1.0
2025-07-31,3.211,4.644,1.433,1.0
2025-08-01,3.208,4.641,1.433,1.0
2025-08-04,3.222,4.655,1.433,1.0
2025-08-05,3.254,4.687,1.433,1.0
2025-08-06,3.267,4.7,1.433,1.0
2025-08-07,3.279,4.712,1.433,1.0
2025-08-08,3.278,4.711,1.433,1.0
2025-08-11,3.26,4.693,1.433,1.0
2025-08-12,3.278,4.711,1.433,1.0
2025-08-13,3.258,4.691,1.433,1.0
2025-08-14,3.237,4.67,1.433,1.0
2025-08-15,3.231,4.664,1.433,1.0
2025-08-18,3.223,4.656,1.433,1.0
2025-08-19,3.217,4.65,1.433,1.0
2025-08-20,3.24,4.673,1.433,1.0
2025-08-21,3.256,4.689,1.433,1.0
2025-08-22,3.253,4.686,1.433,1.0
2025-08-25,3.273,4.706,1.433,1.0
2025-08-26,3.261,4.694,1.433,1.0
2025-08-27,3.208,4.641,1.433,1.0
2025-08-28,3.205,4.638,1.433,1.0
2025-08-29,3.189,4.622,1.433,1.0
2025-09-01,3.171,4.604,1.433,1.0
2025-09-02,3.186,4.619,1.433,1.0
2025-09-03,3.153,4.586,1.433,1.0
2025-09-04,3.172,4.605,1.433,1.0
2025-09-05,3.162,4.595,1.433,1.0
2025-09-08,3.168,4.601,1.433,1.0
2025-09-09,3.17,4.603,1.433,1.0
2025-09-10,3.169,4.602,1.433,1.0
2025-09-11,3.174,4.607,1.433,1.0
2025-09-12,3.159,4.592,1.433,1.0
2025-09-15,3.142,4.575,1.433,1.0
2025-09-16,3.135,4.568,1.433,1.0
2025-09-17,3.149,4.582,1.433,1.0
2025-09-18,3.096,4.529,1.433,1.0
2025-09-19,3.113,4.546,1.433,1.0
2025-09-22,3.087,4.5200000000000005,1.433,1.0
2025-09-23,3.105,4.538,1.433,1.0
2025-09-24,3.111,4.5440000000000005,1.433,1.0
2025-09-25,3.097,4.53,1.433,1.0
2025-09-26,3.098,4.531,1.433,1.0
2025-09-29,3.093,4.526,1.433,1.0
2025-09-30,3.082,4.515,1.433,1.0
2025-10-09,3.103,4.5360000000000005,1.433,1.0
2025-10-10,3.136,4.569,1.433,1.0
2025-10-13,3.14,4.573,1.433,1.0
2025-10-14,3.204,4.6370000000000005,1.433,1.0
2025-10-15,3.207,4.64,1.433,1.0
2025-10-16,3.239,4.672,1.433,1.0
2025-10-17,3.229,4.662,1.433,1.0
2025-10-20,3.256,4.689,1.433,1.0
2025-10-21,3.248,4.681,1.433,1.0
2025-10-22,3.253,4.686,1.433,1.0
2025-10-23,3.278,4.711,1.433,1.0
2025-10-24,3.259,4.692,1.433,1.0
2025-10-27,3.272,4.705,1.433,1.0
2025-10-28,3.267,4.7,1.433,1.0
2025-10-29,3.249,4.682,1.433,1.0
2025-10-30,3.248,4.681,1.433,1.0
2025-10-31,3.24,4.673,1.433,1.0
2025-11-03,3.283,4.716,1.433,1.0
2025-11-04,3.313,4.746,1.433,1.0
2025-11-05,3.322,4.755,1.433,1.0
2025-11-06,3.326,4.759,1.433,1.0
2025-11-07,3.331,4.764,1.433,1.0
2025-11-10,3.356,4.789,1.433,1.0
2025-11-11,3.347,4.78,1.433,1.0
2025-11-12,3.36,4.793,1.433,1.0
2025-11-13,3.361,4.7940000000000005,1.433,1.0
2025-11-14,3.348,4.781,1.433,1.0
2025-11-17,3.329,4.7620000000000005,1.433,1.0
2025-11-18,3.284,4.717,1.433,1.0
2025-11-19,3.3,4.733,1.433,1.0
2025-11-20,3.3,4.733,1.433,1.0
2025-11-21,3.255,4.688,1.433,1.0
2025-11-24,3.227,4.66,1.433,1.0
2025-11-25,3.243,4.676,1.433,1.0
2025-11-26,3.226,4.659,1.433,1.0
2025-11-27,3.23,4.663,1.433,1.0
2025-11-28,3.23,4.663,1.433,1.0
2025-12-01,3.245,4.678,1.433,1.0
2025-12-02,3.249,4.682,1.433,1.0
2025-12-03,3.241,4.674,1.433,1.0
2025-12-04,3.228,4.6610000000000005,1.433,1.0
2025-12-05,3.226,4.659,1.433,1.0
2025-12-08,3.21,4.643,1.433,1.0
2025-12-09,3.184,4.617,1.433,1.0
2025-12-10,3.171,4.604,1.433,1.0
2025-12-11,3.155,4.588,1.433,1.0
2025-12-12,3.142,4.575,1.433,1.0
2025-12-15,3.168,4.601,1.433,1.0
2025-12-16,3.14,4.573,1.433,1.0
2025-12-17,3.143,4.576,1.433,1.0
2025-12-18,3.175,4.608,1.433,1.0
2025-12-19,3.174,4.607,1.433,1.0
2025-12-22,3.159,4.592,1.433,1.0
2025-12-23,3.16,4.593,1.433,1.0
2025-12-24,3.165,4.598,1.433,1.0
2025-12-25,3.174,4.607,1.433,1.0
2025-12-26,3.187,4.62,1.433,1.0
2025-12-29,3.185,4.618,1.433,1.0
2025-12-30,3.188,4.621,1.433,1.0
2025-12-31,3.183,4.616,1.433,1.0
2026-01-05,3.18,4.613,1.433,1.0
2026-01-06,3.218,4.651,1.433,1.0
2026-01-07,3.232,4.665,1.433,1.0
2026-01-08,3.221,4.654,1.433,1.0
2026-01-09,3.234,4.667,1.433,1.0
2026-01-12,3.231,4.664,1.433,1.0
2026-01-13,3.229,4.662,1.433,1.0
2026-01-14,3.199,4.632,1.433,1.0
2026-01-15,3.188,4.621,1.433,1.0
2026-01-16,3.163,4.596,1.433,1.0
2026-01-19,3.179,4.612,1.433,1.0
2026-01-20,3.217,4.65,1.433,1.0
2026-01-21,3.057,4.633,1.576,1.0
2026-01-22,3.077,4.6530000000000005,1.576,1.0
2026-01-23,3.069,4.645,1.576,1.0
2026-01-26,3.106,4.682,1.576,1.0
2026-01-27,3.081,4.657,1.576,1.0
2026-01-28,3.132,4.708,1.576,1.0
2026-01-29,3.166,4.742,1.576,1.0
2026-01-30,3.144,4.720000000000001,1.576,1.0
2026-02-02,3.046,4.622,1.576,1.0
2026-02-03,3.051,4.627000000000001,1.576,1.0
2026-02-04,3.15,4.726,1.576,1.0
2026-02-05,3.136,4.712,1.576,1.0
2026-02-06,3.126,4.702,1.576,1.0
2026-02-09,3.144,4.720000000000001,1.576,1.0
2026-02-10,3.156,4.732,1.576,1.0
2026-02-11,3.183,4.759,1.576,1.0
2026-02-12,3.18,4.756,1.576,1.0
2026-02-13,3.137,4.713,1.576,1.0
2026-02-24,3.19,4.766,1.576,1.0
2026-02-25,3.194,4.77,1.576,1.0
2026-02-26,3.195,4.771,1.576,1.0
2026-02-27,3.232,4.808,1.576,1.0
2026-03-02,3.303,4.879,1.576,1.0
2026-03-03,3.367,4.943,1.576,1.0
2026-03-04,3.304,4.88,1.576,1.0
2026-03-05,3.291,4.867,1.576,1.0
2026-03-06,3.285,4.861000000000001,1.576,1.0
2026-03-09,3.309,4.885,1.576,1.0
2026-03-10,3.27,4.846,1.576,1.0
2026-03-11,3.313,4.889,1.576,1.0
2026-03-12,3.381,4.957,1.576,1.0
2026-03-13,3.364,4.9399999999999995,1.576,1.0
2026-03-16,3.335,4.911,1.576,1.0
2026-03-17,3.309,4.885,1.576,1.0
2026-03-18,3.296,4.872,1.576,1.0
2026-03-19,3.305,4.881,1.576,1.0
2026-03-20,3.296,4.872,1.576,1.0
2026-03-23,3.234,4.8100000000000005,1.576,1.0
2026-03-24,3.269,4.845000000000001,1.576,1.0
2026-03-25,3.256,4.832,1.576,1.0
2026-03-26,3.268,4.843999999999999,1.576,1.0
2026-03-27,3.267,4.843,1.576,1.0
2026-03-30,3.299,4.875,1.576,1.0
2026-03-31,3.251,4.827,1.576,1.0
2026-04-01,3.241,4.817,1.576,1.0
2026-04-02,3.258,4.834,1.576,1.0
2026-04-03,3.216,4.792,1.576,1.0
2026-04-07,3.228,4.804,1.576,1.0
2026-04-08,3.227,4.803,1.576,1.0
2026-04-09,3.212,4.788,1.576,1.0
2026-04-10,3.218,4.7940000000000005,1.576,1.0
2026-04-13,3.223,4.7989999999999995,1.576,1.0
2026-04-14,3.223,4.7989999999999995,1.576,1.0
2026-04-15,3.24,4.816000000000001,1.576,1.0
2026-04-16,3.244,4.82,1.576,1.0
2026-04-17,3.218,4.7940000000000005,1.576,1.0
2026-04-20,3.225,4.801,1.576,1.0
2026-04-21,3.265,4.841,1.576,1.0
2026-04-22,3.269,4.845000000000001,1.576,1.0
2026-04-23,3.293,4.869,1.576,1.0
2026-04-24,3.28,4.856,1.576,1.0
2026-04-27,3.275,4.851,1.576,1.0
2026-04-28,3.325,4.901,1.576,1.0
2026-04-29,3.347,4.923,1.576,1.0
2026-04-30,3.341,4.917,1.576,1.0
2026-05-06,3.341,4.917,1.576,1.0
2026-05-07,3.272,4.848,1.576,1.0
2026-05-08,3.261,4.837,1.576,1.0
2026-05-11,3.263,4.839,1.576,1.0
2026-05-12,3.257,4.833,1.576,1.0
2026-05-13,3.244,4.82,1.576,1.0
2026-05-14,3.223,4.7989999999999995,1.576,1.0
2026-05-15,3.223,4.7989999999999995,1.576,1.0
2026-05-18,3.217,4.793,1.576,1.0
2026-05-19,3.222,4.798,1.576,1.0
2026-05-20,3.215,4.791,1.576,1.0
2026-05-21,3.172,4.748,1.576,1.0
2026-05-22,3.156,4.732,1.576,1.0
2026-05-25,3.185,4.761,1.576,1.0
2026-05-26,3.186,4.7620000000000005,1.576,1.0
2026-05-27,3.17,4.746,1.576,1.0
2026-05-28,3.17,4.746,1.576,1.0
2026-05-29,3.206,4.782,1.576,1.0
2026-06-01,3.307,4.883,1.576,1.0
2026-06-02,3.308,4.884,1.576,1.0
2026-06-03,3.324,4.9,1.576,1.0
2026-06-04,3.327,4.9030000000000005,1.576,1.0
2026-06-05,3.321,4.897,1.576,1.0
2026-06-08,3.304,4.88,1.576,1.0
2026-06-09,3.291,4.867,1.576,1.0
2026-06-10,3.261,4.837,1.576,1.0
2026-06-11,3.26,4.836,1.576,1.0
2026-06-12,3.303,4.879,1.576,1.0
2026-06-15,3.249,4.825,1.576,1.0
2026-06-16,3.196,4.772,1.576,1.0
2026-06-17,3.16,4.736000000000001,1.576,1.0
2026-06-18,3.098,4.6739999999999995,1.576,1.0
2026-06-22,3.125,4.7010000000000005,1.576,1.0
2026-06-23,3.104,4.68,1.576,1.0
2026-06-24,3.048,4.6240000000000006,1.576,1.0
2026-06-25,3.006,4.582,1.576,1.0
2026-06-26,2.954,4.53,1.576,1.0
2026-06-29,2.972,4.548,1.576,1.0
2026-06-30,2.916,4.492,1.576,1.0
2026-07-01,2.963,4.539,1.576,1.0
2026-07-02,2.993,4.569,1.576,1.0
2026-07-03,3.024,4.6,1.576,1.0
2026-07-06,3.089,4.665,1.576,1.0
2026-07-07,3.044,4.62,1.576,1.0
2026-07-08,3.08,4.656000000000001,1.576,1.0
2026-07-09,3.04,4.616,1.576,1.0
2026-07-10,3.045,4.621,1.576,1.0
2026-07-13,3.066,4.6419999999999995,1.576,1.0
2026-07-14,3.138,4.714,1.576,1.0
2026-07-15,3.185,4.761,1.576,1.0
2026-07-16,3.146,4.7219999999999995,1.576,1.0
2026-07-17,3.135,4.711,1.576,1.0
