date,close,total_return_proxy,cumulative_dividend,split_factor
2013-04-18,100.093,100.093,0.0,1.0
2013-04-19,100.133,100.133,0.0,1.0
2013-04-22,100.084,100.084,0.0,1.0
2013-04-23,100.029,100.029,0.0,1.0
2013-04-24,100.088,100.088,0.0,1.0
2013-04-25,100.099,100.099,0.0,1.0
2013-04-26,100.161,100.161,0.0,1.0
2013-05-02,100.218,100.218,0.0,1.0
2013-05-03,100.254,100.254,0.0,1.0
2013-05-06,100.262,100.262,0.0,1.0
2013-05-07,100.263,100.263,0.0,1.0
2013-05-08,100.266,100.266,0.0,1.0
2013-05-09,100.269,100.269,0.0,1.0
2013-05-10,100.286,100.286,0.0,1.0
2013-05-13,100.299,100.299,0.0,1.0
2013-05-14,100.305,100.305,0.0,1.0
2013-05-15,100.311,100.311,0.0,1.0
2013-05-16,100.317,100.317,0.0,1.0
2013-05-17,100.324,100.324,0.0,1.0
2013-05-20,100.324,100.324,0.0,1.0
2013-05-21,100.299,100.299,0.0,1.0
2013-05-22,100.321,100.321,0.0,1.0
2013-05-23,100.37,100.37,0.0,1.0
2013-05-24,100.377,100.377,0.0,1.0
2013-05-27,100.401,100.401,0.0,1.0
2013-05-28,100.405,100.405,0.0,1.0
2013-05-29,100.413,100.413,0.0,1.0
2013-05-30,100.413,100.413,0.0,1.0
2013-05-31,100.431,100.431,0.0,1.0
2013-06-03,100.45,100.45,0.0,1.0
2013-06-04,100.455,100.455,0.0,1.0
2013-06-05,100.463,100.463,0.0,1.0
2013-06-06,100.473,100.473,0.0,1.0
2013-06-07,100.49,100.49,0.0,1.0
2013-06-13,100.486,100.486,0.0,1.0
2013-06-14,100.511,100.511,0.0,1.0
2013-06-17,100.57,100.57,0.0,1.0
2013-06-18,100.575,100.575,0.0,1.0
2013-06-19,100.576,100.576,0.0,1.0
2013-06-20,100.563,100.563,0.0,1.0
2013-06-21,100.59,100.59,0.0,1.0
2013-06-24,100.523,100.523,0.0,1.0
2013-06-25,100.542,100.542,0.0,1.0
2013-06-26,100.569,100.569,0.0,1.0
2013-06-27,100.59,100.59,0.0,1.0
2013-06-28,100.684,100.684,0.0,1.0
2013-07-01,100.736,100.736,0.0,1.0
2013-07-02,100.753,100.753,0.0,1.0
2013-07-03,100.775,100.775,0.0,1.0
2013-07-04,100.79,100.79,0.0,1.0
2013-07-05,100.82,100.82,0.0,1.0
2013-07-08,100.868,100.868,0.0,1.0
2013-07-09,100.884,100.884,0.0,1.0
2013-07-10,100.904,100.904,0.0,1.0
2013-07-11,100.894,100.894,0.0,1.0
2013-07-12,100.961,100.961,0.0,1.0
2013-07-15,100.992,100.992,0.0,1.0
2013-07-16,101.012,101.012,0.0,1.0
2013-07-17,101.031,101.031,0.0,1.0
2013-07-18,101.05,101.05,0.0,1.0
2013-07-19,101.107,101.107,0.0,1.0
2013-07-22,101.125,101.125,0.0,1.0
2013-07-23,101.137,101.137,0.0,1.0
2013-07-24,101.143,101.143,0.0,1.0
2013-07-25,101.141,101.141,0.0,1.0
2013-07-26,101.182,101.182,0.0,1.0
2013-07-29,101.19,101.19,0.0,1.0
2013-07-30,101.199,101.199,0.0,1.0
2013-07-31,101.226,101.226,0.0,1.0
2013-08-01,101.24,101.24,0.0,1.0
2013-08-02,101.291,101.291,0.0,1.0
2013-08-05,101.292,101.292,0.0,1.0
2013-08-06,101.3,101.3,0.0,1.0
2013-08-07,101.311,101.311,0.0,1.0
2013-08-08,101.313,101.313,0.0,1.0
2013-08-09,101.347,101.347,0.0,1.0
2013-08-12,101.355,101.355,0.0,1.0
2013-08-13,101.37,101.37,0.0,1.0
2013-08-14,101.38,101.38,0.0,1.0
2013-08-15,101.409,101.409,0.0,1.0
2013-08-16,101.428,101.428,0.0,1.0
2013-08-19,101.441,101.441,0.0,1.0
2013-08-20,101.453,101.453,0.0,1.0
2013-08-21,101.469,101.469,0.0,1.0
2013-08-22,101.491,101.491,0.0,1.0
2013-08-23,101.518,101.518,0.0,1.0
2013-08-26,101.52,101.52,0.0,1.0
2013-08-27,101.536,101.536,0.0,1.0
2013-08-28,101.562,101.562,0.0,1.0
2013-08-29,101.588,101.588,0.0,1.0
2013-08-30,101.606,101.606,0.0,1.0
2013-09-02,101.631,101.631,0.0,1.0
2013-09-03,101.64,101.64,0.0,1.0
2013-09-04,101.656,101.656,0.0,1.0
2013-09-05,101.66,101.66,0.0,1.0
2013-09-06,101.688,101.688,0.0,1.0
2013-09-09,101.717,101.717,0.0,1.0
2013-09-10,101.718,101.718,0.0,1.0
2013-09-11,101.73,101.73,0.0,1.0
2013-09-12,101.729,101.729,0.0,1.0
2013-09-13,101.763,101.763,0.0,1.0
2013-09-16,101.784,101.784,0.0,1.0
2013-09-17,101.8,101.8,0.0,1.0
2013-09-18,101.849,101.849,0.0,1.0
2013-09-23,101.859,101.859,0.0,1.0
2013-09-24,101.852,101.852,0.0,1.0
2013-09-25,101.858,101.858,0.0,1.0
2013-09-26,101.885,101.885,0.0,1.0
2013-09-27,101.92,101.92,0.0,1.0
2013-09-30,102.029,102.029,0.0,1.0
2013-10-08,102.055,102.055,0.0,1.0
2013-10-09,102.085,102.085,0.0,1.0
2013-10-10,102.1,102.1,0.0,1.0
2013-10-11,102.135,102.135,0.0,1.0
2013-10-14,102.155,102.155,0.0,1.0
2013-10-15,102.174,102.174,0.0,1.0
2013-10-16,102.2,102.2,0.0,1.0
2013-10-17,102.192,102.192,0.0,1.0
2013-10-18,102.23,102.23,0.0,1.0
2013-10-21,102.246,102.246,0.0,1.0
2013-10-22,102.27,102.27,0.0,1.0
2013-10-23,102.285,102.285,0.0,1.0
2013-10-24,102.289,102.289,0.0,1.0
2013-10-25,102.314,102.314,0.0,1.0
2013-10-28,102.314,102.314,0.0,1.0
2013-10-29,102.309,102.309,0.0,1.0
2013-10-30,102.318,102.318,0.0,1.0
2013-10-31,102.335,102.335,0.0,1.0
2013-11-01,102.382,102.382,0.0,1.0
2013-11-04,102.409,102.409,0.0,1.0
2013-11-05,102.417,102.417,0.0,1.0
2013-11-06,102.431,102.431,0.0,1.0
2013-11-07,102.445,102.445,0.0,1.0
2013-11-08,102.475,102.475,0.0,1.0
2013-11-11,102.498,102.498,0.0,1.0
2013-11-12,102.508,102.508,0.0,1.0
2013-11-13,102.521,102.521,0.0,1.0
2013-11-14,102.534,102.534,0.0,1.0
2013-11-15,102.563,102.563,0.0,1.0
2013-11-18,102.583,102.583,0.0,1.0
2013-11-19,102.597,102.597,0.0,1.0
2013-11-20,102.61,102.61,0.0,1.0
2013-11-21,102.626,102.626,0.0,1.0
2013-11-22,102.655,102.655,0.0,1.0
2013-11-25,102.677,102.677,0.0,1.0
2013-11-26,102.689,102.689,0.0,1.0
2013-11-27,102.702,102.702,0.0,1.0
2013-11-28,102.716,102.716,0.0,1.0
2013-11-29,102.742,102.742,0.0,1.0
2013-12-02,102.767,102.767,0.0,1.0
2013-12-03,102.783,102.783,0.0,1.0
2013-12-04,102.797,102.797,0.0,1.0
2013-12-05,102.811,102.811,0.0,1.0
2013-12-06,102.837,102.837,0.0,1.0
2013-12-09,102.864,102.864,0.0,1.0
2013-12-10,102.877,102.877,0.0,1.0
2013-12-11,102.89,102.89,0.0,1.0
2013-12-12,102.904,102.904,0.0,1.0
2013-12-13,102.933,102.933,0.0,1.0
2013-12-16,102.953,102.953,0.0,1.0
2013-12-17,102.968,102.968,0.0,1.0
2013-12-18,102.983,102.983,0.0,1.0
2013-12-19,102.993,102.993,0.0,1.0
2013-12-20,103.023,103.023,0.0,1.0
2013-12-23,103.047,103.047,0.0,1.0
2013-12-24,103.063,103.063,0.0,1.0
2013-12-25,103.082,103.082,0.0,1.0
2013-12-26,103.093,103.093,0.0,1.0
2013-12-27,103.044,103.044,0.0,1.0
2013-12-30,103.152,103.152,0.0,1.0
2013-12-31,103.173,103.173,0.0,1.0
2014-01-02,103.188,103.188,0.0,1.0
2014-01-03,103.293,103.293,0.0,1.0
2014-01-06,103.307,103.307,0.0,1.0
2014-01-07,103.351,103.351,0.0,1.0
2014-01-08,103.342,103.342,0.0,1.0
2014-01-09,103.355,103.355,0.0,1.0
2014-01-10,103.382,103.382,0.0,1.0
2014-01-13,103.408,103.408,0.0,1.0
2014-01-14,103.438,103.438,0.0,1.0
2014-01-15,103.453,103.453,0.0,1.0
2014-01-16,103.495,103.495,0.0,1.0
2014-01-17,100.283,103.491,3.208,1.0
2014-01-20,100.251,103.459,3.208,1.0
2014-01-21,100.273,103.481,3.208,1.0
2014-01-22,100.328,103.536,3.208,1.0
2014-01-23,100.369,103.577,3.208,1.0
2014-01-24,100.41,103.618,3.208,1.0
2014-01-27,100.425,103.633,3.208,1.0
2014-01-28,100.447,103.655,3.208,1.0
2014-01-29,100.58,103.788,3.208,1.0
2014-01-30,100.737,103.945,3.208,1.0
2014-02-07,100.691,103.899,3.208,1.0
2014-02-10,100.673,103.881,3.208,1.0
2014-02-11,100.674,103.882,3.208,1.0
2014-02-12,100.706,103.914,3.208,1.0
2014-02-13,100.733,103.941,3.208,1.0
2014-02-14,100.844,104.05199999999999,3.208,1.0
2014-02-17,100.916,104.124,3.208,1.0
2014-02-18,100.963,104.17099999999999,3.208,1.0
2014-02-19,100.899,104.107,3.208,1.0
2014-02-20,100.838,104.04599999999999,3.208,1.0
2014-02-21,100.877,104.085,3.208,1.0
2014-02-24,100.88,104.088,3.208,1.0
2014-02-25,100.898,104.106,3.208,1.0
2014-02-26,100.912,104.12,3.208,1.0
2014-02-27,100.915,104.123,3.208,1.0
2014-02-28,100.938,104.146,3.208,1.0
2014-03-03,100.979,104.187,3.208,1.0
2014-03-04,101.024,104.232,3.208,1.0
2014-03-05,101.045,104.253,3.208,1.0
2014-03-06,101.047,104.255,3.208,1.0
2014-03-07,101.089,104.297,3.208,1.0
2014-03-10,101.096,104.304,3.208,1.0
2014-03-11,101.106,104.314,3.208,1.0
2014-03-12,101.096,104.304,3.208,1.0
2014-03-13,101.082,104.28999999999999,3.208,1.0
2014-03-14,101.104,104.312,3.208,1.0
2014-03-17,101.119,104.327,3.208,1.0
2014-03-18,101.135,104.343,3.208,1.0
2014-03-19,101.139,104.347,3.208,1.0
2014-03-20,101.143,104.351,3.208,1.0
2014-03-21,101.169,104.377,3.208,1.0
2014-03-24,101.17,104.378,3.208,1.0
2014-03-25,101.17,104.378,3.208,1.0
2014-03-26,101.194,104.402,3.208,1.0
2014-03-27,101.177,104.385,3.208,1.0
2014-03-28,101.171,104.379,3.208,1.0
2014-03-31,101.25,104.458,3.208,1.0
2014-04-01,101.289,104.497,3.208,1.0
2014-04-02,101.305,104.513,3.208,1.0
2014-04-03,101.32,104.52799999999999,3.208,1.0
2014-04-04,101.376,104.584,3.208,1.0
2014-04-08,101.373,104.581,3.208,1.0
2014-04-09,101.379,104.587,3.208,1.0
2014-04-10,101.397,104.605,3.208,1.0
2014-04-11,101.446,104.654,3.208,1.0
2014-04-14,101.447,104.655,3.208,1.0
2014-04-15,101.453,104.661,3.208,1.0
2014-04-16,101.467,104.675,3.208,1.0
2014-04-17,101.472,104.67999999999999,3.208,1.0
2014-04-18,101.499,104.707,3.208,1.0
2014-04-21,101.513,104.721,3.208,1.0
2014-04-22,101.529,104.737,3.208,1.0
2014-04-23,101.54,104.748,3.208,1.0
2014-04-24,101.549,104.757,3.208,1.0
2014-04-25,101.591,104.79899999999999,3.208,1.0
2014-04-28,101.54,104.748,3.208,1.0
2014-04-29,101.564,104.77199999999999,3.208,1.0
2014-04-30,101.662,104.87,3.208,1.0
2014-05-05,101.672,104.88,3.208,1.0
2014-05-06,101.689,104.89699999999999,3.208,1.0
2014-05-07,101.709,104.917,3.208,1.0
2014-05-08,101.724,104.932,3.208,1.0
2014-05-09,101.758,104.966,3.208,1.0
2014-05-12,101.76,104.968,3.208,1.0
2014-05-13,101.77,104.978,3.208,1.0
2014-05-14,101.78,104.988,3.208,1.0
2014-05-15,101.797,105.005,3.208,1.0
2014-05-16,101.824,105.032,3.208,1.0
2014-05-19,101.835,105.04299999999999,3.208,1.0
2014-05-20,101.841,105.04899999999999,3.208,1.0
2014-05-21,101.851,105.059,3.208,1.0
2014-05-22,101.87,105.078,3.208,1.0
2014-05-23,101.893,105.101,3.208,1.0
2014-05-26,101.896,105.104,3.208,1.0
2014-05-27,101.918,105.126,3.208,1.0
2014-05-28,101.928,105.136,3.208,1.0
2014-05-29,101.924,105.132,3.208,1.0
2014-05-30,101.98,105.188,3.208,1.0
2014-06-03,102.002,105.21,3.208,1.0
2014-06-04,102.023,105.231,3.208,1.0
2014-06-05,102.053,105.261,3.208,1.0
2014-06-06,102.121,105.329,3.208,1.0
2014-06-09,102.163,105.371,3.208,1.0
2014-06-10,102.158,105.366,3.208,1.0
2014-06-11,102.135,105.343,3.208,1.0
2014-06-12,102.118,105.326,3.208,1.0
2014-06-13,102.13,105.338,3.208,1.0
2014-06-16,102.087,105.295,3.208,1.0
2014-06-17,102.032,105.24,3.208,1.0
2014-06-18,101.935,105.143,3.208,1.0
2014-06-19,102.173,105.381,3.208,1.0
2014-06-20,102.226,105.434,3.208,1.0
2014-06-23,102.222,105.42999999999999,3.208,1.0
2014-06-24,102.275,105.483,3.208,1.0
2014-06-25,102.3,105.508,3.208,1.0
2014-06-26,102.321,105.529,3.208,1.0
2014-06-27,102.312,105.52,3.208,1.0
2014-06-30,102.359,105.567,3.208,1.0
2014-07-01,102.376,105.584,3.208,1.0
2014-07-02,102.413,105.621,3.208,1.0
2014-07-03,102.458,105.666,3.208,1.0
2014-07-04,102.477,105.685,3.208,1.0
2014-07-07,102.475,105.68299999999999,3.208,1.0
2014-07-08,102.465,105.673,3.208,1.0
2014-07-09,102.444,105.652,3.208,1.0
2014-07-10,102.426,105.634,3.208,1.0
2014-07-11,102.483,105.691,3.208,1.0
2014-07-14,102.504,105.712,3.208,1.0
2014-07-15,102.537,105.745,3.208,1.0
2014-07-16,102.556,105.764,3.208,1.0
2014-07-17,102.568,105.776,3.208,1.0
2014-07-18,102.591,105.79899999999999,3.208,1.0
2014-07-21,102.56,105.768,3.208,1.0
2014-07-22,102.576,105.78399999999999,3.208,1.0
2014-07-23,102.585,105.79299999999999,3.208,1.0
2014-07-24,102.616,105.824,3.208,1.0
2014-07-25,102.672,105.88,3.208,1.0
2014-07-28,102.7,105.908,3.208,1.0
2014-07-29,102.712,105.92,3.208,1.0
2014-07-30,102.721,105.929,3.208,1.0
2014-07-31,102.757,105.965,3.208,1.0
2014-08-01,102.788,105.996,3.208,1.0
2014-08-04,102.803,106.011,3.208,1.0
2014-08-05,102.813,106.021,3.208,1.0
2014-08-06,102.808,106.016,3.208,1.0
2014-08-07,102.829,106.03699999999999,3.208,1.0
2014-08-08,102.842,106.05,3.208,1.0
2014-08-11,102.835,106.04299999999999,3.208,1.0
2014-08-12,102.843,106.051,3.208,1.0
2014-08-13,102.855,106.063,3.208,1.0
2014-08-14,102.864,106.072,3.208,1.0
2014-08-15,102.897,106.105,3.208,1.0
2014-08-18,102.913,106.121,3.208,1.0
2014-08-19,102.936,106.144,3.208,1.0
2014-08-20,102.945,106.15299999999999,3.208,1.0
2014-08-21,102.954,106.16199999999999,3.208,1.0
2014-08-22,102.966,106.17399999999999,3.208,1.0
2014-08-25,102.95,106.158,3.208,1.0
2014-08-26,102.941,106.149,3.208,1.0
2014-08-27,102.966,106.17399999999999,3.208,1.0
2014-08-28,102.929,106.137,3.208,1.0
2014-08-29,103.034,106.242,3.208,1.0
2014-09-01,103.062,106.27,3.208,1.0
2014-09-02,103.102,106.31,3.208,1.0
2014-09-03,103.11,106.318,3.208,1.0
2014-09-04,103.109,106.317,3.208,1.0
2014-09-05,103.106,106.314,3.208,1.0
2014-09-09,103.111,106.319,3.208,1.0
2014-09-10,103.122,106.33,3.208,1.0
2014-09-11,103.167,106.375,3.208,1.0
2014-09-12,103.189,106.39699999999999,3.208,1.0
2014-09-15,103.204,106.41199999999999,3.208,1.0
2014-09-16,103.236,106.444,3.208,1.0
2014-09-17,103.229,106.437,3.208,1.0
2014-09-18,103.273,106.481,3.208,1.0
2014-09-19,103.285,106.493,3.208,1.0
2014-09-22,103.289,106.497,3.208,1.0
2014-09-23,103.293,106.501,3.208,1.0
2014-09-24,103.273,106.481,3.208,1.0
2014-09-25,103.287,106.495,3.208,1.0
2014-09-26,103.377,106.585,3.208,1.0
2014-09-29,103.569,106.777,3.208,1.0
2014-09-30,103.97,107.178,3.208,1.0
2014-10-08,103.654,106.862,3.208,1.0
2014-10-09,103.737,106.945,3.208,1.0
2014-10-10,103.533,106.741,3.208,1.0
2014-10-13,103.551,106.759,3.208,1.0
2014-10-14,103.573,106.78099999999999,3.208,1.0
2014-10-15,103.582,106.78999999999999,3.208,1.0
2014-10-16,103.605,106.813,3.208,1.0
2014-10-17,103.618,106.826,3.208,1.0
2014-10-20,103.619,106.827,3.208,1.0
2014-10-21,103.621,106.829,3.208,1.0
2014-10-22,103.628,106.836,3.208,1.0
2014-10-23,103.636,106.844,3.208,1.0
2014-10-24,103.649,106.857,3.208,1.0
2014-10-27,103.689,106.89699999999999,3.208,1.0
2014-10-28,103.73,106.938,3.208,1.0
2014-10-29,103.759,106.967,3.208,1.0
2014-10-30,103.756,106.964,3.208,1.0
2014-10-31,103.759,106.967,3.208,1.0
2014-11-03,103.774,106.982,3.208,1.0
2014-11-04,103.791,106.999,3.208,1.0
2014-11-05,103.797,107.005,3.208,1.0
2014-11-06,103.81,107.018,3.208,1.0
2014-11-07,103.822,107.03,3.208,1.0
2014-11-10,103.836,107.044,3.208,1.0
2014-11-11,103.854,107.062,3.208,1.0
2014-11-12,103.866,107.074,3.208,1.0
2014-11-13,103.876,107.084,3.208,1.0
2014-11-14,103.903,107.111,3.208,1.0
2014-11-17,103.903,107.111,3.208,1.0
2014-11-18,103.904,107.112,3.208,1.0
2014-11-19,103.905,107.113,3.208,1.0
2014-11-20,103.917,107.125,3.208,1.0
2014-11-21,103.872,107.08,3.208,1.0
2014-11-24,103.671,106.879,3.208,1.0
2014-11-25,103.786,106.994,3.208,1.0
2014-11-26,103.951,107.15899999999999,3.208,1.0
2014-11-27,104.04,107.248,3.208,1.0
2014-11-28,104.086,107.294,3.208,1.0
2014-12-01,104.07,107.27799999999999,3.208,1.0
2014-12-02,104.09,107.298,3.208,1.0
2014-12-03,104.113,107.321,3.208,1.0
2014-12-04,104.094,107.30199999999999,3.208,1.0
2014-12-05,104.124,107.332,3.208,1.0
2014-12-08,104.131,107.339,3.208,1.0
2014-12-09,104.156,107.364,3.208,1.0
2014-12-10,104.175,107.383,3.208,1.0
2014-12-11,104.187,107.395,3.208,1.0
2014-12-12,104.196,107.404,3.208,1.0
2014-12-15,104.197,107.405,3.208,1.0
2014-12-16,104.169,107.377,3.208,1.0
2014-12-17,104.105,107.313,3.208,1.0
2014-12-18,104.174,107.382,3.208,1.0
2014-12-19,104.273,107.481,3.208,1.0
2014-12-22,104.289,107.497,3.208,1.0
2014-12-23,104.32,107.52799999999999,3.208,1.0
2014-12-24,104.44,107.648,3.208,1.0
2014-12-25,104.449,107.657,3.208,1.0
2014-12-26,104.386,107.594,3.208,1.0
2014-12-29,104.385,107.593,3.208,1.0
2014-12-30,104.404,107.612,3.208,1.0
2014-12-31,100.295,107.731,7.436,1.0
2015-01-05,100.204,107.63999999999999,7.436,1.0
2015-01-06,100.216,107.65199999999999,7.436,1.0
2015-01-07,100.221,107.65700000000001,7.436,1.0
2015-01-08,100.244,107.68,7.436,1.0
2015-01-09,100.242,107.678,7.436,1.0
2015-01-12,100.242,107.678,7.436,1.0
2015-01-13,100.262,107.69800000000001,7.436,1.0
2015-01-14,100.289,107.725,7.436,1.0
2015-01-15,100.312,107.74799999999999,7.436,1.0
2015-01-16,100.352,107.78800000000001,7.436,1.0
2015-01-19,100.399,107.83500000000001,7.436,1.0
2015-01-20,100.519,107.95500000000001,7.436,1.0
2015-01-21,100.48,107.916,7.436,1.0
2015-01-22,100.429,107.86500000000001,7.436,1.0
2015-01-23,100.432,107.868,7.436,1.0
2015-01-26,100.439,107.875,7.436,1.0
2015-01-27,100.452,107.888,7.436,1.0
2015-01-28,100.464,107.9,7.436,1.0
2015-01-29,100.479,107.91499999999999,7.436,1.0
2015-01-30,100.448,107.88399999999999,7.436,1.0
2015-02-02,100.47,107.906,7.436,1.0
2015-02-03,100.508,107.94399999999999,7.436,1.0
2015-02-04,100.548,107.98400000000001,7.436,1.0
2015-02-05,100.564,108.0,7.436,1.0
2015-02-06,100.57,108.006,7.436,1.0
2015-02-09,100.561,107.99700000000001,7.436,1.0
2015-02-10,100.544,107.97999999999999,7.436,1.0
2015-02-11,100.558,107.994,7.436,1.0
2015-02-12,100.639,108.07499999999999,7.436,1.0
2015-02-13,100.783,108.219,7.436,1.0
2015-02-16,100.887,108.32300000000001,7.436,1.0
2015-02-17,100.797,108.233,7.436,1.0
2015-02-25,100.797,108.233,7.436,1.0
2015-02-26,100.806,108.24199999999999,7.436,1.0
2015-02-27,100.812,108.24799999999999,7.436,1.0
2015-03-02,100.837,108.273,7.436,1.0
2015-03-03,100.845,108.281,7.436,1.0
2015-03-04,100.857,108.293,7.436,1.0
2015-03-05,100.868,108.304,7.436,1.0
2015-03-06,100.876,108.31200000000001,7.436,1.0
2015-03-09,100.879,108.315,7.436,1.0
2015-03-10,100.906,108.34200000000001,7.436,1.0
2015-03-11,100.901,108.33699999999999,7.436,1.0
2015-03-12,100.936,108.37200000000001,7.436,1.0
2015-03-13,101.01,108.446,7.436,1.0
2015-03-16,101.084,108.52000000000001,7.436,1.0
2015-03-17,101.112,108.548,7.436,1.0
2015-03-18,101.096,108.53200000000001,7.436,1.0
2015-03-19,101.084,108.52000000000001,7.436,1.0
2015-03-20,101.099,108.535,7.436,1.0
2015-03-23,101.111,108.547,7.436,1.0
2015-03-24,101.12,108.55600000000001,7.436,1.0
2015-03-25,101.139,108.57499999999999,7.436,1.0
2015-03-26,101.149,108.58500000000001,7.436,1.0
2015-03-27,101.176,108.612,7.436,1.0
2015-03-30,101.175,108.61099999999999,7.436,1.0
2015-03-31,101.177,108.613,7.436,1.0
2015-04-01,101.203,108.63900000000001,7.436,1.0
2015-04-02,101.228,108.66399999999999,7.436,1.0
2015-04-03,101.264,108.69999999999999,7.436,1.0
2015-04-07,101.273,108.709,7.436,1.0
2015-04-08,101.294,108.72999999999999,7.436,1.0
2015-04-09,101.305,108.74100000000001,7.436,1.0
2015-04-10,101.304,108.74000000000001,7.436,1.0
2015-04-13,101.264,108.69999999999999,7.436,1.0
2015-04-14,101.291,108.727,7.436,1.0
2015-04-15,101.322,108.75800000000001,7.436,1.0
2015-04-16,101.368,108.804,7.436,1.0
2015-04-17,101.454,108.88999999999999,7.436,1.0
2015-04-20,101.571,109.007,7.436,1.0
2015-04-21,101.617,109.053,7.436,1.0
2015-04-22,101.522,108.958,7.436,1.0
2015-04-23,101.497,108.93299999999999,7.436,1.0
2015-04-24,101.505,108.941,7.436,1.0
2015-04-27,101.508,108.94399999999999,7.436,1.0
2015-04-28,101.516,108.952,7.436,1.0
2015-04-29,101.525,108.96100000000001,7.436,1.0
2015-04-30,101.534,108.97,7.436,1.0
2015-05-04,101.505,108.941,7.436,1.0
2015-05-05,101.507,108.94300000000001,7.436,1.0
2015-05-06,101.566,109.00200000000001,7.436,1.0
2015-05-07,101.54,108.976,7.436,1.0
2015-05-08,101.633,109.06899999999999,7.436,1.0
2015-05-11,101.664,109.1,7.436,1.0
2015-05-12,101.67,109.106,7.436,1.0
2015-05-13,101.641,109.077,7.436,1.0
2015-05-14,101.651,109.08699999999999,7.436,1.0
2015-05-15,101.663,109.09899999999999,7.436,1.0
2015-05-18,101.653,109.089,7.436,1.0
2015-05-19,101.668,109.10400000000001,7.436,1.0
2015-05-20,101.656,109.09200000000001,7.436,1.0
2015-05-21,101.709,109.14500000000001,7.436,1.0
2015-05-22,101.773,109.209,7.436,1.0
2015-05-25,101.769,109.20500000000001,7.436,1.0
2015-05-26,101.767,109.203,7.436,1.0
2015-05-27,101.768,109.20400000000001,7.436,1.0
2015-05-28,101.772,109.208,7.436,1.0
2015-05-29,101.768,109.20400000000001,7.436,1.0
2015-06-01,101.769,109.20500000000001,7.436,1.0
2015-06-02,101.761,109.197,7.436,1.0
2015-06-03,101.815,109.251,7.436,1.0
2015-06-04,101.918,109.35400000000001,7.436,1.0
2015-06-05,101.951,109.387,7.436,1.0
2015-06-08,101.928,109.364,7.436,1.0
2015-06-09,101.923,109.35900000000001,7.436,1.0
2015-06-10,101.909,109.345,7.436,1.0
2015-06-11,101.91,109.346,7.436,1.0
2015-06-12,101.897,109.333,7.436,1.0
2015-06-15,101.913,109.34899999999999,7.436,1.0
2015-06-16,101.932,109.368,7.436,1.0
2015-06-17,101.963,109.399,7.436,1.0
2015-06-18,101.966,109.40199999999999,7.436,1.0
2015-06-19,102.004,109.44,7.436,1.0
2015-06-23,102.02,109.45599999999999,7.436,1.0
2015-06-24,102.07,109.506,7.436,1.0
2015-06-25,102.069,109.505,7.436,1.0
2015-06-26,102.073,109.50899999999999,7.436,1.0
2015-06-29,102.065,109.501,7.436,1.0
2015-06-30,102.058,109.494,7.436,1.0
2015-07-01,102.08,109.51599999999999,7.436,1.0
2015-07-02,102.086,109.52199999999999,7.436,1.0
2015-07-03,102.104,109.53999999999999,7.436,1.0
2015-07-06,102.173,109.60900000000001,7.436,1.0
2015-07-07,102.255,109.691,7.436,1.0
2015-07-08,102.183,109.619,7.436,1.0
2015-07-09,102.195,109.631,7.436,1.0
2015-07-10,102.211,109.64699999999999,7.436,1.0
2015-07-13,102.22,109.656,7.436,1.0
2015-07-14,102.23,109.666,7.436,1.0
2015-07-15,102.244,109.68,7.436,1.0
2015-07-16,102.26,109.696,7.436,1.0
2015-07-17,102.296,109.732,7.436,1.0
2015-07-20,102.296,109.732,7.436,1.0
2015-07-21,102.3,109.73599999999999,7.436,1.0
2015-07-22,102.3,109.73599999999999,7.436,1.0
2015-07-23,102.307,109.743,7.436,1.0
2015-07-24,102.322,109.75800000000001,7.436,1.0
2015-07-27,102.34,109.77600000000001,7.436,1.0
2015-07-28,102.348,109.78399999999999,7.436,1.0
2015-07-29,102.351,109.787,7.436,1.0
2015-07-30,102.381,109.81700000000001,7.436,1.0
2015-07-31,102.392,109.828,7.436,1.0
2015-08-03,102.422,109.858,7.436,1.0
2015-08-04,102.417,109.85300000000001,7.436,1.0
2015-08-05,102.417,109.85300000000001,7.436,1.0
2015-08-06,102.404,109.84,7.436,1.0
2015-08-07,102.419,109.85499999999999,7.436,1.0
2015-08-10,102.423,109.85900000000001,7.436,1.0
2015-08-11,102.423,109.85900000000001,7.436,1.0
2015-08-12,102.433,109.869,7.436,1.0
2015-08-13,102.44,109.876,7.436,1.0
2015-08-14,102.459,109.89500000000001,7.436,1.0
2015-08-17,102.47,109.906,7.436,1.0
2015-08-18,102.475,109.911,7.436,1.0
2015-08-19,102.482,109.918,7.436,1.0
2015-08-20,102.487,109.923,7.436,1.0
2015-08-21,102.503,109.939,7.436,1.0
2015-08-24,102.508,109.94399999999999,7.436,1.0
2015-08-25,102.507,109.94300000000001,7.436,1.0
2015-08-26,102.515,109.951,7.436,1.0
2015-08-27,102.525,109.96100000000001,7.436,1.0
2015-08-28,102.548,109.98400000000001,7.436,1.0
2015-08-31,102.552,109.988,7.436,1.0
2015-09-01,102.591,110.02699999999999,7.436,1.0
2015-09-02,102.632,110.06800000000001,7.436,1.0
2015-09-07,102.631,110.06700000000001,7.436,1.0
2015-09-08,102.622,110.05799999999999,7.436,1.0
2015-09-09,102.615,110.05099999999999,7.436,1.0
2015-09-10,102.627,110.06299999999999,7.436,1.0
2015-09-11,102.648,110.084,7.436,1.0
2015-09-14,102.654,110.09,7.436,1.0
2015-09-15,102.663,110.09899999999999,7.436,1.0
2015-09-16,102.675,110.11099999999999,7.436,1.0
2015-09-17,102.673,110.10900000000001,7.436,1.0
2015-09-18,102.691,110.12700000000001,7.436,1.0
2015-09-21,102.694,110.13,7.436,1.0
2015-09-22,102.704,110.13999999999999,7.436,1.0
2015-09-23,102.709,110.14500000000001,7.436,1.0
2015-09-24,102.712,110.148,7.436,1.0
2015-09-25,102.727,110.16300000000001,7.436,1.0
2015-09-28,102.745,110.18100000000001,7.436,1.0
2015-09-29,102.752,110.18799999999999,7.436,1.0
2015-09-30,102.796,110.232,7.436,1.0
2015-10-08,102.783,110.219,7.436,1.0
2015-10-09,102.809,110.245,7.436,1.0
2015-10-12,102.808,110.244,7.436,1.0
2015-10-13,102.833,110.269,7.436,1.0
2015-10-14,102.856,110.292,7.436,1.0
2015-10-15,102.862,110.298,7.436,1.0
2015-10-16,102.877,110.31299999999999,7.436,1.0
2015-10-19,102.888,110.32400000000001,7.436,1.0
2015-10-20,102.894,110.33000000000001,7.436,1.0
2015-10-21,102.902,110.338,7.436,1.0
2015-10-22,102.896,110.332,7.436,1.0
2015-10-23,102.913,110.34899999999999,7.436,1.0
2015-10-26,102.928,110.364,7.436,1.0
2015-10-27,102.938,110.374,7.436,1.0
2015-10-28,102.946,110.382,7.436,1.0
2015-10-29,102.954,110.38999999999999,7.436,1.0
2015-10-30,102.988,110.424,7.436,1.0
2015-11-02,102.996,110.43199999999999,7.436,1.0
2015-11-03,103.001,110.43700000000001,7.436,1.0
2015-11-04,103.005,110.441,7.436,1.0
2015-11-05,103.016,110.452,7.436,1.0
2015-11-06,103.026,110.46199999999999,7.436,1.0
2015-11-09,103.03,110.46600000000001,7.436,1.0
2015-11-10,103.058,110.494,7.436,1.0
2015-11-11,103.073,110.50899999999999,7.436,1.0
2015-11-12,103.082,110.518,7.436,1.0
2015-11-13,103.098,110.53399999999999,7.436,1.0
2015-11-16,103.105,110.541,7.436,1.0
2015-11-17,103.114,110.55000000000001,7.436,1.0
2015-11-18,103.124,110.56,7.436,1.0
2015-11-19,103.131,110.56700000000001,7.436,1.0
2015-11-20,103.144,110.58000000000001,7.436,1.0
2015-11-23,103.163,110.59899999999999,7.436,1.0
2015-11-24,103.165,110.601,7.436,1.0
2015-11-25,103.171,110.607,7.436,1.0
2015-11-26,103.175,110.61099999999999,7.436,1.0
2015-11-27,103.179,110.61500000000001,7.436,1.0
2015-11-30,103.173,110.60900000000001,7.436,1.0
2015-12-01,103.208,110.644,7.436,1.0
2015-12-02,103.217,110.65299999999999,7.436,1.0
2015-12-03,103.231,110.667,7.436,1.0
2015-12-04,103.25,110.686,7.436,1.0
2015-12-07,103.267,110.703,7.436,1.0
2015-12-08,103.277,110.713,7.436,1.0
2015-12-09,103.268,110.70400000000001,7.436,1.0
2015-12-10,103.278,110.714,7.436,1.0
2015-12-11,103.295,110.731,7.436,1.0
2015-12-14,103.306,110.74199999999999,7.436,1.0
2015-12-15,103.314,110.75,7.436,1.0
2015-12-16,103.33,110.76599999999999,7.436,1.0
2015-12-17,103.337,110.773,7.436,1.0
2015-12-18,103.355,110.791,7.436,1.0
2015-12-21,103.356,110.792,7.436,1.0
2015-12-22,103.351,110.787,7.436,1.0
2015-12-23,103.36,110.79599999999999,7.436,1.0
2015-12-24,103.366,110.80199999999999,7.436,1.0
2015-12-25,103.391,110.827,7.436,1.0
2015-12-28,103.406,110.84200000000001,7.436,1.0
2015-12-29,103.421,110.857,7.436,1.0
2015-12-30,103.423,110.85900000000001,7.436,1.0
2015-12-31,100.13,110.893,10.763,1.0
2016-01-04,100.1,110.863,10.763,1.0
2016-01-05,100.148,110.911,10.763,1.0
2016-01-06,100.157,110.92,10.763,1.0
2016-01-07,100.165,110.92800000000001,10.763,1.0
2016-01-08,100.191,110.95400000000001,10.763,1.0
2016-01-11,100.205,110.968,10.763,1.0
2016-01-12,100.212,110.97500000000001,10.763,1.0
2016-01-13,100.212,110.97500000000001,10.763,1.0
2016-01-14,100.213,110.976,10.763,1.0
2016-01-15,100.229,110.992,10.763,1.0
2016-01-18,100.24,111.003,10.763,1.0
2016-01-19,100.238,111.001,10.763,1.0
2016-01-20,100.244,111.007,10.763,1.0
2016-01-21,100.238,111.001,10.763,1.0
2016-01-22,100.272,111.03500000000001,10.763,1.0
2016-01-25,100.285,111.048,10.763,1.0
2016-01-26,100.305,111.06800000000001,10.763,1.0
2016-01-27,100.315,111.078,10.763,1.0
2016-01-28,100.325,111.08800000000001,10.763,1.0
2016-01-29,100.354,111.117,10.763,1.0
2016-02-01,100.372,111.135,10.763,1.0
2016-02-02,100.374,111.137,10.763,1.0
2016-02-03,100.379,111.14200000000001,10.763,1.0
2016-02-04,100.405,111.168,10.763,1.0
2016-02-05,100.447,111.21000000000001,10.763,1.0
2016-02-15,100.45,111.21300000000001,10.763,1.0
2016-02-16,100.447,111.21000000000001,10.763,1.0
2016-02-17,100.448,111.211,10.763,1.0
2016-02-18,100.463,111.226,10.763,1.0
2016-02-19,100.483,111.24600000000001,10.763,1.0
2016-02-22,100.495,111.25800000000001,10.763,1.0
2016-02-23,100.507,111.27000000000001,10.763,1.0
2016-02-24,100.507,111.27000000000001,10.763,1.0
2016-02-25,100.488,111.251,10.763,1.0
2016-02-26,100.514,111.277,10.763,1.0
2016-02-29,100.534,111.29700000000001,10.763,1.0
2016-03-01,100.551,111.31400000000001,10.763,1.0
2016-03-02,100.555,111.31800000000001,10.763,1.0
2016-03-03,100.57,111.333,10.763,1.0
2016-03-04,100.593,111.35600000000001,10.763,1.0
2016-03-07,100.597,111.36,10.763,1.0
2016-03-08,100.617,111.38000000000001,10.763,1.0
2016-03-09,100.628,111.391,10.763,1.0
2016-03-10,100.646,111.409,10.763,1.0
2016-03-11,100.642,111.405,10.763,1.0
2016-03-14,100.637,111.4,10.763,1.0
2016-03-15,100.646,111.409,10.763,1.0
2016-03-16,100.65,111.41300000000001,10.763,1.0
2016-03-17,100.639,111.402,10.763,1.0
2016-03-18,100.641,111.40400000000001,10.763,1.0
2016-03-21,100.649,111.412,10.763,1.0
2016-03-22,100.671,111.43400000000001,10.763,1.0
2016-03-23,100.695,111.458,10.763,1.0
2016-03-24,100.709,111.47200000000001,10.763,1.0
2016-03-25,100.726,111.489,10.763,1.0
2016-03-28,100.728,111.491,10.763,1.0
2016-03-29,100.727,111.49000000000001,10.763,1.0
2016-03-30,100.719,111.482,10.763,1.0
2016-03-31,100.741,111.504,10.763,1.0
2016-04-01,100.776,111.539,10.763,1.0
2016-04-05,100.789,111.552,10.763,1.0
2016-04-06,100.797,111.56,10.763,1.0
2016-04-07,100.805,111.56800000000001,10.763,1.0
2016-04-08,100.834,111.59700000000001,10.763,1.0
2016-04-11,100.831,111.59400000000001,10.763,1.0
2016-04-12,100.837,111.60000000000001,10.763,1.0
2016-04-13,100.845,111.608,10.763,1.0
2016-04-14,100.833,111.596,10.763,1.0
2016-04-15,100.859,111.622,10.763,1.0
2016-04-18,100.877,111.64,10.763,1.0
2016-04-19,100.891,111.65400000000001,10.763,1.0
2016-04-20,100.894,111.65700000000001,10.763,1.0
2016-04-21,100.905,111.668,10.763,1.0
2016-04-22,100.924,111.68700000000001,10.763,1.0
2016-04-25,100.93,111.69300000000001,10.763,1.0
2016-04-26,100.931,111.694,10.763,1.0
2016-04-27,100.95,111.71300000000001,10.763,1.0
2016-04-28,100.972,111.735,10.763,1.0
2016-04-29,100.988,111.751,10.763,1.0
2016-05-03,100.979,111.742,10.763,1.0
2016-05-04,100.984,111.747,10.763,1.0
2016-05-05,100.995,111.75800000000001,10.763,1.0
2016-05-06,101.015,111.778,10.763,1.0
2016-05-09,101.028,111.79100000000001,10.763,1.0
2016-05-10,101.051,111.81400000000001,10.763,1.0
2016-05-11,101.042,111.805,10.763,1.0
2016-05-12,101.044,111.807,10.763,1.0
2016-05-13,101.06,111.82300000000001,10.763,1.0
2016-05-16,101.069,111.83200000000001,10.763,1.0
2016-05-17,101.076,111.839,10.763,1.0
2016-05-18,101.082,111.845,10.763,1.0
2016-05-19,101.089,111.852,10.763,1.0
2016-05-20,101.088,111.851,10.763,1.0
2016-05-23,101.111,111.87400000000001,10.763,1.0
2016-05-24,101.123,111.88600000000001,10.763,1.0
2016-05-25,101.128,111.891,10.763,1.0
2016-05-26,101.131,111.894,10.763,1.0
2016-05-27,101.141,111.90400000000001,10.763,1.0
2016-05-30,101.156,111.91900000000001,10.763,1.0
2016-05-31,101.156,111.91900000000001,10.763,1.0
2016-06-01,101.158,111.921,10.763,1.0
2016-06-02,101.167,111.93,10.763,1.0
2016-06-03,101.182,111.94500000000001,10.763,1.0
2016-06-06,101.194,111.95700000000001,10.763,1.0
2016-06-07,101.207,111.97,10.763,1.0
2016-06-08,101.249,112.012,10.763,1.0
2016-06-13,101.249,112.012,10.763,1.0
2016-06-14,101.253,112.016,10.763,1.0
2016-06-15,101.254,112.01700000000001,10.763,1.0
2016-06-16,101.259,112.022,10.763,1.0
2016-06-17,101.284,112.04700000000001,10.763,1.0
2016-06-20,101.292,112.055,10.763,1.0
2016-06-21,101.296,112.05900000000001,10.763,1.0
2016-06-22,101.299,112.06200000000001,10.763,1.0
2016-06-23,101.305,112.06800000000001,10.763,1.0
2016-06-24,101.32,112.083,10.763,1.0
2016-06-27,101.299,112.06200000000001,10.763,1.0
2016-06-28,101.316,112.07900000000001,10.763,1.0
2016-06-29,101.315,112.078,10.763,1.0
2016-06-30,101.36,112.123,10.763,1.0
2016-07-01,101.392,112.155,10.763,1.0
2016-07-04,101.394,112.15700000000001,10.763,1.0
2016-07-05,101.395,112.158,10.763,1.0
2016-07-06,101.411,112.174,10.763,1.0
2016-07-07,101.423,112.186,10.763,1.0
2016-07-08,101.446,112.209,10.763,1.0
2016-07-11,101.453,112.21600000000001,10.763,1.0
2016-07-12,101.458,112.221,10.763,1.0
2016-07-13,101.46,112.223,10.763,1.0
2016-07-14,101.476,112.239,10.763,1.0
2016-07-15,101.491,112.254,10.763,1.0
2016-07-18,101.506,112.269,10.763,1.0
2016-07-19,101.516,112.27900000000001,10.763,1.0
2016-07-20,101.521,112.284,10.763,1.0
2016-07-21,101.524,112.287,10.763,1.0
2016-07-22,101.54,112.30300000000001,10.763,1.0
2016-07-25,101.555,112.31800000000001,10.763,1.0
2016-07-26,101.548,112.311,10.763,1.0
2016-07-27,101.569,112.33200000000001,10.763,1.0
2016-07-28,101.583,112.346,10.763,1.0
2016-07-29,101.603,112.366,10.763,1.0
2016-08-01,101.609,112.372,10.763,1.0
2016-08-02,101.616,112.379,10.763,1.0
2016-08-03,101.622,112.385,10.763,1.0
2016-08-04,101.627,112.39,10.763,1.0
2016-08-05,101.651,112.414,10.763,1.0
2016-08-08,101.655,112.418,10.763,1.0
2016-08-09,101.661,112.424,10.763,1.0
2016-08-10,101.668,112.43100000000001,10.763,1.0
2016-08-11,101.677,112.44000000000001,10.763,1.0
2016-08-12,101.686,112.44900000000001,10.763,1.0
2016-08-15,101.687,112.45,10.763,1.0
2016-08-16,101.693,112.456,10.763,1.0
2016-08-17,101.706,112.46900000000001,10.763,1.0
2016-08-18,101.704,112.467,10.763,1.0
2016-08-19,101.735,112.498,10.763,1.0
2016-08-22,101.745,112.50800000000001,10.763,1.0
2016-08-23,101.749,112.512,10.763,1.0
2016-08-24,101.749,112.512,10.763,1.0
2016-08-25,101.76,112.52300000000001,10.763,1.0
2016-08-26,101.784,112.54700000000001,10.763,1.0
2016-08-29,101.797,112.56,10.763,1.0
2016-08-30,101.806,112.569,10.763,1.0
2016-08-31,101.812,112.575,10.763,1.0
2016-09-01,101.822,112.58500000000001,10.763,1.0
2016-09-02,101.836,112.599,10.763,1.0
2016-09-05,101.842,112.605,10.763,1.0
2016-09-06,101.853,112.616,10.763,1.0
2016-09-07,101.862,112.625,10.763,1.0
2016-09-08,101.867,112.63000000000001,10.763,1.0
2016-09-09,101.879,112.64200000000001,10.763,1.0
2016-09-12,101.894,112.65700000000001,10.763,1.0
2016-09-13,101.919,112.682,10.763,1.0
2016-09-14,101.95,112.71300000000001,10.763,1.0
2016-09-19,101.943,112.706,10.763,1.0
2016-09-20,101.939,112.702,10.763,1.0
2016-09-21,101.944,112.70700000000001,10.763,1.0
2016-09-22,101.934,112.697,10.763,1.0
2016-09-23,101.953,112.71600000000001,10.763,1.0
2016-09-26,101.962,112.72500000000001,10.763,1.0
2016-09-27,101.965,112.72800000000001,10.763,1.0
2016-09-28,101.986,112.74900000000001,10.763,1.0
2016-09-29,101.996,112.759,10.763,1.0
2016-09-30,102.063,112.82600000000001,10.763,1.0
2016-10-10,102.071,112.834,10.763,1.0
2016-10-11,102.074,112.837,10.763,1.0
2016-10-12,102.097,112.86,10.763,1.0
2016-10-13,102.107,112.87,10.763,1.0
2016-10-14,102.133,112.896,10.763,1.0
2016-10-17,102.131,112.894,10.763,1.0
2016-10-18,102.12,112.88300000000001,10.763,1.0
2016-10-19,102.134,112.897,10.763,1.0
2016-10-20,102.128,112.891,10.763,1.0
2016-10-21,102.15,112.91300000000001,10.763,1.0
2016-10-24,102.149,112.912,10.763,1.0
2016-10-25,102.155,112.918,10.763,1.0
2016-10-26,102.163,112.926,10.763,1.0
2016-10-27,102.164,112.927,10.763,1.0
2016-10-28,102.191,112.95400000000001,10.763,1.0
2016-10-31,102.211,112.974,10.763,1.0
2016-11-01,102.223,112.986,10.763,1.0
2016-11-02,102.249,113.012,10.763,1.0
2016-11-03,102.252,113.015,10.763,1.0
2016-11-04,102.273,113.036,10.763,1.0
2016-11-07,102.279,113.042,10.763,1.0
2016-11-08,102.285,113.048,10.763,1.0
2016-11-09,102.286,113.049,10.763,1.0
2016-11-10,102.289,113.052,10.763,1.0
2016-11-11,102.289,113.052,10.763,1.0
2016-11-14,102.3,113.063,10.763,1.0
2016-11-15,102.319,113.08200000000001,10.763,1.0
2016-11-16,102.323,113.086,10.763,1.0
2016-11-17,102.331,113.09400000000001,10.763,1.0
2016-11-18,102.354,113.117,10.763,1.0
2016-11-21,102.359,113.122,10.763,1.0
2016-11-22,102.367,113.13000000000001,10.763,1.0
2016-11-23,102.374,113.137,10.763,1.0
2016-11-24,102.378,113.141,10.763,1.0
2016-11-25,102.394,113.15700000000001,10.763,1.0
2016-11-28,102.406,113.16900000000001,10.763,1.0
2016-11-29,102.405,113.168,10.763,1.0
2016-11-30,102.402,113.165,10.763,1.0
2016-12-01,102.411,113.174,10.763,1.0
2016-12-02,102.451,113.214,10.763,1.0
2016-12-05,102.471,113.23400000000001,10.763,1.0
2016-12-06,102.473,113.236,10.763,1.0
2016-12-07,102.474,113.23700000000001,10.763,1.0
2016-12-08,102.488,113.251,10.763,1.0
2016-12-09,102.495,113.25800000000001,10.763,1.0
2016-12-12,102.501,113.26400000000001,10.763,1.0
2016-12-13,102.507,113.27000000000001,10.763,1.0
2016-12-14,102.507,113.27000000000001,10.763,1.0
2016-12-15,102.412,113.17500000000001,10.763,1.0
2016-12-16,102.454,113.217,10.763,1.0
2016-12-19,102.485,113.248,10.763,1.0
2016-12-20,102.525,113.28800000000001,10.763,1.0
2016-12-21,102.538,113.301,10.763,1.0
2016-12-22,102.562,113.325,10.763,1.0
2016-12-23,102.583,113.346,10.763,1.0
2016-12-26,102.576,113.339,10.763,1.0
2016-12-27,102.554,113.31700000000001,10.763,1.0
2016-12-28,102.576,113.339,10.763,1.0
2016-12-29,102.645,113.408,10.763,1.0
2016-12-30,100.228,113.53099999999999,13.303,1.0
2017-01-03,100.125,113.428,13.303,1.0
2017-01-04,100.127,113.42999999999999,13.303,1.0
2017-01-05,100.127,113.42999999999999,13.303,1.0
2017-01-06,100.155,113.458,13.303,1.0
2017-01-09,100.158,113.461,13.303,1.0
2017-01-10,100.177,113.48,13.303,1.0
2017-01-11,100.181,113.484,13.303,1.0
2017-01-12,100.177,113.48,13.303,1.0
2017-01-13,100.192,113.49499999999999,13.303,1.0
2017-01-16,100.193,113.496,13.303,1.0
2017-01-17,100.184,113.487,13.303,1.0
2017-01-18,100.19,113.493,13.303,1.0
2017-01-19,100.172,113.475,13.303,1.0
2017-01-20,100.214,113.517,13.303,1.0
2017-01-23,100.251,113.554,13.303,1.0
2017-01-24,100.265,113.568,13.303,1.0
2017-01-25,100.308,113.611,13.303,1.0
2017-01-26,100.332,113.63499999999999,13.303,1.0
2017-02-03,100.355,113.658,13.303,1.0
2017-02-06,100.378,113.681,13.303,1.0
2017-02-07,100.412,113.715,13.303,1.0
2017-02-08,100.41,113.713,13.303,1.0
2017-02-09,100.406,113.709,13.303,1.0
2017-02-10,100.413,113.716,13.303,1.0
2017-02-13,100.419,113.722,13.303,1.0
2017-02-14,100.416,113.719,13.303,1.0
2017-02-15,100.425,113.728,13.303,1.0
2017-02-16,100.439,113.74199999999999,13.303,1.0
2017-02-17,100.443,113.746,13.303,1.0
2017-02-20,100.456,113.759,13.303,1.0
2017-02-21,100.459,113.762,13.303,1.0
2017-02-22,100.481,113.78399999999999,13.303,1.0
2017-02-23,100.505,113.80799999999999,13.303,1.0
2017-02-24,100.515,113.818,13.303,1.0
2017-02-27,100.536,113.839,13.303,1.0
2017-02-28,100.54,113.843,13.303,1.0
2017-03-01,100.551,113.854,13.303,1.0
2017-03-02,100.57,113.87299999999999,13.303,1.0
2017-03-03,100.602,113.905,13.303,1.0
2017-03-06,100.608,113.911,13.303,1.0
2017-03-07,100.629,113.932,13.303,1.0
2017-03-08,100.64,113.943,13.303,1.0
2017-03-09,100.666,113.969,13.303,1.0
2017-03-10,100.698,114.00099999999999,13.303,1.0
2017-03-13,100.69,113.993,13.303,1.0
2017-03-14,100.68,113.983,13.303,1.0
2017-03-15,100.676,113.979,13.303,1.0
2017-03-16,100.65,113.953,13.303,1.0
2017-03-17,100.677,113.98,13.303,1.0
2017-03-20,100.703,114.006,13.303,1.0
2017-03-21,100.711,114.014,13.303,1.0
2017-03-22,100.745,114.048,13.303,1.0
2017-03-23,100.76,114.063,13.303,1.0
2017-03-24,100.76,114.063,13.303,1.0
2017-03-27,100.779,114.082,13.303,1.0
2017-03-28,100.783,114.086,13.303,1.0
2017-03-29,100.772,114.075,13.303,1.0
2017-03-30,100.792,114.095,13.303,1.0
2017-03-31,100.846,114.149,13.303,1.0
2017-04-05,100.864,114.167,13.303,1.0
2017-04-06,100.899,114.202,13.303,1.0
2017-04-07,100.932,114.235,13.303,1.0
2017-04-10,100.945,114.24799999999999,13.303,1.0
2017-04-11,100.981,114.28399999999999,13.303,1.0
2017-04-12,100.964,114.267,13.303,1.0
2017-04-13,100.973,114.276,13.303,1.0
2017-04-14,100.994,114.297,13.303,1.0
2017-04-17,101.005,114.30799999999999,13.303,1.0
2017-04-18,101.015,114.318,13.303,1.0
2017-04-19,101.024,114.327,13.303,1.0
2017-04-20,101.041,114.344,13.303,1.0
2017-04-21,101.07,114.37299999999999,13.303,1.0
2017-04-24,101.071,114.374,13.303,1.0
2017-04-25,101.065,114.368,13.303,1.0
2017-04-26,101.079,114.38199999999999,13.303,1.0
2017-04-27,101.096,114.399,13.303,1.0
2017-04-28,101.131,114.434,13.303,1.0
2017-05-02,101.149,114.452,13.303,1.0
2017-05-03,101.16,114.463,13.303,1.0
2017-05-04,101.173,114.476,13.303,1.0
2017-05-05,101.199,114.502,13.303,1.0
2017-05-08,101.215,114.518,13.303,1.0
2017-05-09,101.247,114.55,13.303,1.0
2017-05-10,101.242,114.545,13.303,1.0
2017-05-11,101.244,114.547,13.303,1.0
2017-05-12,101.268,114.571,13.303,1.0
2017-05-15,101.28,114.583,13.303,1.0
2017-05-16,101.277,114.58,13.303,1.0
2017-05-17,101.289,114.592,13.303,1.0
2017-05-18,101.31,114.613,13.303,1.0
2017-05-19,101.314,114.61699999999999,13.303,1.0
2017-05-22,101.345,114.648,13.303,1.0
2017-05-23,101.355,114.658,13.303,1.0
2017-05-24,101.367,114.67,13.303,1.0
2017-05-25,101.389,114.692,13.303,1.0
2017-05-26,101.404,114.707,13.303,1.0
2017-05-31,101.404,114.707,13.303,1.0
2017-06-01,101.448,114.75099999999999,13.303,1.0
2017-06-02,101.459,114.762,13.303,1.0
2017-06-05,101.482,114.785,13.303,1.0
2017-06-06,101.498,114.801,13.303,1.0
2017-06-07,101.507,114.81,13.303,1.0
2017-06-08,101.521,114.824,13.303,1.0
2017-06-09,101.531,114.834,13.303,1.0
2017-06-12,101.553,114.856,13.303,1.0
2017-06-13,101.56,114.863,13.303,1.0
2017-06-14,101.57,114.87299999999999,13.303,1.0
2017-06-15,101.583,114.886,13.303,1.0
2017-06-16,101.597,114.89999999999999,13.303,1.0
2017-06-19,101.617,114.92,13.303,1.0
2017-06-20,101.612,114.91499999999999,13.303,1.0
2017-06-21,101.642,114.945,13.303,1.0
2017-06-22,101.663,114.966,13.303,1.0
2017-06-23,101.685,114.988,13.303,1.0
2017-06-26,101.683,114.986,13.303,1.0
2017-06-27,101.695,114.99799999999999,13.303,1.0
2017-06-28,101.706,115.009,13.303,1.0
2017-06-29,101.709,115.012,13.303,1.0
2017-06-30,101.751,115.054,13.303,1.0
2017-07-03,101.778,115.081,13.303,1.0
2017-07-04,101.808,115.111,13.303,1.0
2017-07-05,101.853,115.15599999999999,13.303,1.0
2017-07-06,101.862,115.16499999999999,13.303,1.0
2017-07-07,101.856,115.15899999999999,13.303,1.0
2017-07-10,101.866,115.169,13.303,1.0
2017-07-11,101.875,115.178,13.303,1.0
2017-07-12,101.885,115.188,13.303,1.0
2017-07-13,101.894,115.197,13.303,1.0
2017-07-14,101.911,115.214,13.303,1.0
2017-07-17,101.932,115.235,13.303,1.0
2017-07-18,101.933,115.236,13.303,1.0
2017-07-19,101.936,115.239,13.303,1.0
2017-07-20,101.949,115.252,13.303,1.0
2017-07-21,101.981,115.28399999999999,13.303,1.0
2017-07-24,101.995,115.298,13.303,1.0
2017-07-25,102.009,115.312,13.303,1.0
2017-07-26,102.033,115.336,13.303,1.0
2017-07-27,102.048,115.351,13.303,1.0
2017-07-28,102.06,115.363,13.303,1.0
2017-07-31,102.065,115.368,13.303,1.0
2017-08-01,102.074,115.377,13.303,1.0
2017-08-02,102.104,115.407,13.303,1.0
2017-08-03,102.115,115.41799999999999,13.303,1.0
2017-08-04,102.147,115.45,13.303,1.0
2017-08-07,102.158,115.461,13.303,1.0
2017-08-08,102.171,115.474,13.303,1.0
2017-08-09,102.179,115.482,13.303,1.0
2017-08-10,102.191,115.494,13.303,1.0
2017-08-11,102.213,115.51599999999999,13.303,1.0
2017-08-14,102.225,115.52799999999999,13.303,1.0
2017-08-15,102.227,115.53,13.303,1.0
2017-08-16,102.233,115.536,13.303,1.0
2017-08-17,102.243,115.54599999999999,13.303,1.0
2017-08-18,102.276,115.579,13.303,1.0
2017-08-21,102.285,115.588,13.303,1.0
2017-08-22,102.298,115.601,13.303,1.0
2017-08-23,102.305,115.608,13.303,1.0
2017-08-24,102.328,115.631,13.303,1.0
2017-08-25,102.344,115.64699999999999,13.303,1.0
2017-08-28,102.344,115.64699999999999,13.303,1.0
2017-08-29,102.355,115.658,13.303,1.0
2017-08-30,102.361,115.664,13.303,1.0
2017-08-31,102.397,115.7,13.303,1.0
2017-09-01,102.421,115.724,13.303,1.0
2017-09-04,102.449,115.752,13.303,1.0
2017-09-05,102.462,115.765,13.303,1.0
2017-09-06,102.473,115.776,13.303,1.0
2017-09-07,102.484,115.78699999999999,13.303,1.0
2017-09-08,102.5,115.803,13.303,1.0
2017-09-11,102.512,115.815,13.303,1.0
2017-09-12,102.53,115.833,13.303,1.0
2017-09-13,102.539,115.842,13.303,1.0
2017-09-14,102.56,115.863,13.303,1.0
2017-09-15,102.568,115.871,13.303,1.0
2017-09-18,102.581,115.884,13.303,1.0
2017-09-19,102.583,115.886,13.303,1.0
2017-09-20,102.611,115.914,13.303,1.0
2017-09-21,102.66,115.963,13.303,1.0
2017-09-22,102.696,115.999,13.303,1.0
2017-09-25,102.683,115.986,13.303,1.0
2017-09-26,102.691,115.994,13.303,1.0
2017-09-27,102.65,115.953,13.303,1.0
2017-09-28,102.647,115.95,13.303,1.0
2017-09-29,102.773,116.076,13.303,1.0
2017-10-09,102.791,116.094,13.303,1.0
2017-10-10,102.831,116.134,13.303,1.0
2017-10-11,102.853,116.15599999999999,13.303,1.0
2017-10-12,102.872,116.175,13.303,1.0
2017-10-13,102.905,116.208,13.303,1.0
2017-10-16,102.915,116.218,13.303,1.0
2017-10-17,102.943,116.246,13.303,1.0
2017-10-18,102.936,116.239,13.303,1.0
2017-10-19,102.939,116.24199999999999,13.303,1.0
2017-10-20,102.958,116.261,13.303,1.0
2017-10-23,102.969,116.27199999999999,13.303,1.0
2017-10-24,102.978,116.28099999999999,13.303,1.0
2017-10-25,102.984,116.28699999999999,13.303,1.0
2017-10-26,102.988,116.291,13.303,1.0
2017-10-27,103.001,116.304,13.303,1.0
2017-10-30,103.016,116.319,13.303,1.0
2017-10-31,103.037,116.34,13.303,1.0
2017-11-01,103.064,116.36699999999999,13.303,1.0
2017-11-02,103.088,116.39099999999999,13.303,1.0
2017-11-03,103.134,116.437,13.303,1.0
2017-11-06,103.129,116.432,13.303,1.0
2017-11-07,103.133,116.43599999999999,13.303,1.0
2017-11-08,103.143,116.446,13.303,1.0
2017-11-09,103.15,116.453,13.303,1.0
2017-11-10,103.162,116.465,13.303,1.0
2017-11-13,103.171,116.474,13.303,1.0
2017-11-14,103.174,116.477,13.303,1.0
2017-11-15,103.198,116.50099999999999,13.303,1.0
2017-11-16,103.216,116.51899999999999,13.303,1.0
2017-11-17,103.244,116.547,13.303,1.0
2017-11-20,103.25,116.553,13.303,1.0
2017-11-21,103.264,116.567,13.303,1.0
2017-11-22,103.27,116.573,13.303,1.0
2017-11-23,103.295,116.598,13.303,1.0
2017-11-24,103.321,116.624,13.303,1.0
2017-11-27,103.335,116.63799999999999,13.303,1.0
2017-11-28,103.337,116.64,13.303,1.0
2017-11-29,103.342,116.645,13.303,1.0
2017-11-30,103.381,116.684,13.303,1.0
2017-12-01,103.399,116.702,13.303,1.0
2017-12-04,103.427,116.73,13.303,1.0
2017-12-05,103.448,116.75099999999999,13.303,1.0
2017-12-06,103.453,116.756,13.303,1.0
2017-12-07,103.474,116.777,13.303,1.0
2017-12-08,103.487,116.78999999999999,13.303,1.0
2017-12-11,103.488,116.791,13.303,1.0
2017-12-12,103.498,116.801,13.303,1.0
2017-12-13,103.51,116.813,13.303,1.0
2017-12-14,103.529,116.832,13.303,1.0
2017-12-15,103.558,116.861,13.303,1.0
2017-12-18,103.552,116.855,13.303,1.0
2017-12-19,103.557,116.86,13.303,1.0
2017-12-20,103.576,116.87899999999999,13.303,1.0
2017-12-21,103.607,116.91,13.303,1.0
2017-12-22,103.62,116.923,13.303,1.0
2017-12-25,103.64,116.943,13.303,1.0
2017-12-26,103.608,116.911,13.303,1.0
2017-12-27,103.61,116.913,13.303,1.0
2017-12-28,103.473,116.776,13.303,1.0
2017-12-29,100.138,117.019,16.881,1.0
2018-01-02,100.18,117.061,16.881,1.0
2018-01-03,100.196,117.077,16.881,1.0
2018-01-04,100.307,117.188,16.881,1.0
2018-01-05,100.342,117.223,16.881,1.0
2018-01-08,100.359,117.24,16.881,1.0
2018-01-09,100.268,117.149,16.881,1.0
2018-01-10,100.275,117.156,16.881,1.0
2018-01-11,100.275,117.156,16.881,1.0
2018-01-12,100.308,117.18900000000001,16.881,1.0
2018-01-15,100.318,117.199,16.881,1.0
2018-01-16,100.326,117.207,16.881,1.0
2018-01-17,100.33,117.211,16.881,1.0
2018-01-18,100.342,117.223,16.881,1.0
2018-01-19,100.368,117.249,16.881,1.0
2018-01-22,100.395,117.276,16.881,1.0
2018-01-23,100.397,117.278,16.881,1.0
2018-01-24,100.408,117.289,16.881,1.0
2018-01-25,100.423,117.304,16.881,1.0
2018-01-26,100.456,117.337,16.881,1.0
2018-01-29,100.48,117.361,16.881,1.0
2018-01-30,100.501,117.382,16.881,1.0
2018-01-31,100.537,117.418,16.881,1.0
2018-02-01,100.57,117.451,16.881,1.0
2018-02-02,100.628,117.509,16.881,1.0
2018-02-05,100.62,117.501,16.881,1.0
2018-02-06,100.591,117.472,16.881,1.0
2018-02-07,100.561,117.44200000000001,16.881,1.0
2018-02-08,100.581,117.462,16.881,1.0
2018-02-09,100.609,117.49,16.881,1.0
2018-02-12,100.643,117.524,16.881,1.0
2018-02-13,100.699,117.58,16.881,1.0
2018-02-14,100.841,117.722,16.881,1.0
2018-02-22,100.753,117.634,16.881,1.0
2018-02-23,100.788,117.669,16.881,1.0
2018-02-26,100.795,117.676,16.881,1.0
2018-02-27,100.801,117.682,16.881,1.0
2018-02-28,100.815,117.696,16.881,1.0
2018-03-01,100.828,117.709,16.881,1.0
2018-03-02,100.859,117.74,16.881,1.0
2018-03-05,100.876,117.757,16.881,1.0
2018-03-06,100.885,117.766,16.881,1.0
2018-03-07,100.892,117.773,16.881,1.0
2018-03-08,100.907,117.788,16.881,1.0
2018-03-09,100.921,117.802,16.881,1.0
2018-03-12,100.927,117.808,16.881,1.0
2018-03-13,100.952,117.833,16.881,1.0
2018-03-14,100.968,117.849,16.881,1.0
2018-03-15,100.978,117.859,16.881,1.0
2018-03-16,101.001,117.882,16.881,1.0
2018-03-19,101.014,117.895,16.881,1.0
2018-03-20,101.033,117.914,16.881,1.0
2018-03-21,101.035,117.916,16.881,1.0
2018-03-22,101.057,117.938,16.881,1.0
2018-03-23,101.108,117.989,16.881,1.0
2018-03-26,101.09,117.971,16.881,1.0
2018-03-27,101.095,117.976,16.881,1.0
2018-03-28,101.102,117.983,16.881,1.0
2018-03-29,101.076,117.957,16.881,1.0
2018-03-30,101.144,118.025,16.881,1.0
2018-04-02,101.178,118.059,16.881,1.0
2018-04-03,101.241,118.122,16.881,1.0
2018-04-04,101.279,118.16,16.881,1.0
2018-04-09,101.315,118.196,16.881,1.0
2018-04-10,101.34,118.221,16.881,1.0
2018-04-11,101.305,118.186,16.881,1.0
2018-04-12,101.304,118.185,16.881,1.0
2018-04-13,101.328,118.209,16.881,1.0
2018-04-16,101.328,118.209,16.881,1.0
2018-04-17,101.332,118.213,16.881,1.0
2018-04-18,101.337,118.218,16.881,1.0
2018-04-19,101.325,118.206,16.881,1.0
2018-04-20,101.352,118.233,16.881,1.0
2018-04-23,101.34,118.221,16.881,1.0
2018-04-24,101.344,118.225,16.881,1.0
2018-04-25,101.385,118.266,16.881,1.0
2018-04-26,101.416,118.297,16.881,1.0
2018-04-27,101.497,118.378,16.881,1.0
2018-05-02,101.539,118.42,16.881,1.0
2018-05-03,101.544,118.425,16.881,1.0
2018-05-04,101.577,118.458,16.881,1.0
2018-05-07,101.591,118.472,16.881,1.0
2018-05-08,101.566,118.447,16.881,1.0
2018-05-09,101.568,118.449,16.881,1.0
2018-05-10,101.569,118.45,16.881,1.0
2018-05-11,101.598,118.479,16.881,1.0
2018-05-14,101.592,118.473,16.881,1.0
2018-05-15,101.618,118.499,16.881,1.0
2018-05-16,101.631,118.512,16.881,1.0
2018-05-17,101.642,118.523,16.881,1.0
2018-05-18,101.673,118.554,16.881,1.0
2018-05-21,101.675,118.556,16.881,1.0
2018-05-22,101.702,118.583,16.881,1.0
2018-05-23,101.723,118.604,16.881,1.0
2018-05-24,101.73,118.611,16.881,1.0
2018-05-25,101.734,118.615,16.881,1.0
2018-05-28,101.741,118.622,16.881,1.0
2018-05-29,101.74,118.621,16.881,1.0
2018-05-30,101.739,118.62,16.881,1.0
2018-05-31,101.762,118.643,16.881,1.0
2018-06-01,101.8,118.681,16.881,1.0
2018-06-04,101.828,118.709,16.881,1.0
2018-06-05,101.839,118.72,16.881,1.0
2018-06-06,101.849,118.73,16.881,1.0
2018-06-07,101.861,118.742,16.881,1.0
2018-06-08,101.886,118.767,16.881,1.0
2018-06-11,101.904,118.785,16.881,1.0
2018-06-12,101.909,118.79,16.881,1.0
2018-06-13,101.909,118.79,16.881,1.0
2018-06-14,101.928,118.809,16.881,1.0
2018-06-15,101.958,118.839,16.881,1.0
2018-06-19,101.963,118.844,16.881,1.0
2018-06-20,101.997,118.878,16.881,1.0
2018-06-21,102.008,118.889,16.881,1.0
2018-06-22,102.013,118.894,16.881,1.0
2018-06-25,102.029,118.91,16.881,1.0
2018-06-26,102.041,118.922,16.881,1.0
2018-06-27,102.037,118.918,16.881,1.0
2018-06-28,102.049,118.93,16.881,1.0
2018-06-29,102.097,118.978,16.881,1.0
2018-07-02,102.147,119.028,16.881,1.0
2018-07-03,102.207,119.088,16.881,1.0
2018-07-04,102.306,119.187,16.881,1.0
2018-07-05,102.379,119.26,16.881,1.0
2018-07-06,102.422,119.303,16.881,1.0
2018-07-09,102.408,119.289,16.881,1.0
2018-07-10,102.387,119.268,16.881,1.0
2018-07-11,102.374,119.255,16.881,1.0
2018-07-12,102.221,119.102,16.881,1.0
2018-07-13,102.265,119.146,16.881,1.0
2018-07-16,102.277,119.158,16.881,1.0
2018-07-17,102.3,119.181,16.881,1.0
2018-07-18,102.302,119.183,16.881,1.0
2018-07-19,102.319,119.2,16.881,1.0
2018-07-20,102.331,119.212,16.881,1.0
2018-07-23,102.341,119.222,16.881,1.0
2018-07-24,102.332,119.213,16.881,1.0
2018-07-25,102.349,119.23,16.881,1.0
2018-07-26,102.371,119.252,16.881,1.0
2018-07-27,102.389,119.27,16.881,1.0
2018-07-30,102.408,119.289,16.881,1.0
2018-07-31,102.426,119.307,16.881,1.0
2018-08-01,102.44,119.321,16.881,1.0
2018-08-02,102.46,119.341,16.881,1.0
2018-08-03,102.489,119.37,16.881,1.0
2018-08-06,102.493,119.374,16.881,1.0
2018-08-07,102.494,119.375,16.881,1.0
2018-08-08,102.502,119.383,16.881,1.0
2018-08-09,102.506,119.387,16.881,1.0
2018-08-10,102.531,119.412,16.881,1.0
2018-08-13,102.544,119.425,16.881,1.0
2018-08-14,102.547,119.428,16.881,1.0
2018-08-15,102.565,119.446,16.881,1.0
2018-08-16,102.574,119.455,16.881,1.0
2018-08-17,102.595,119.476,16.881,1.0
2018-08-20,102.605,119.486,16.881,1.0
2018-08-21,102.617,119.498,16.881,1.0
2018-08-22,102.634,119.515,16.881,1.0
2018-08-23,102.675,119.556,16.881,1.0
2018-08-24,102.68,119.561,16.881,1.0
2018-08-27,102.66,119.541,16.881,1.0
2018-08-28,102.675,119.556,16.881,1.0
2018-08-29,102.7,119.581,16.881,1.0
2018-08-30,102.719,119.6,16.881,1.0
2018-08-31,102.748,119.629,16.881,1.0
2018-09-03,102.739,119.62,16.881,1.0
2018-09-04,102.744,119.625,16.881,1.0
2018-09-05,102.736,119.617,16.881,1.0
2018-09-06,102.753,119.634,16.881,1.0
2018-09-07,102.743,119.624,16.881,1.0
2018-09-10,102.783,119.664,16.881,1.0
2018-09-11,102.767,119.648,16.881,1.0
2018-09-12,102.793,119.674,16.881,1.0
2018-09-13,102.793,119.674,16.881,1.0
2018-09-14,102.814,119.695,16.881,1.0
2018-09-17,102.83,119.711,16.881,1.0
2018-09-18,102.83,119.711,16.881,1.0
2018-09-19,102.83,119.711,16.881,1.0
2018-09-20,102.841,119.722,16.881,1.0
2018-09-21,102.833,119.714,16.881,1.0
2018-09-25,102.862,119.743,16.881,1.0
2018-09-26,102.866,119.747,16.881,1.0
2018-09-27,102.886,119.767,16.881,1.0
2018-09-28,102.976,119.857,16.881,1.0
2018-10-08,103.018,119.899,16.881,1.0
2018-10-09,103.027,119.908,16.881,1.0
2018-10-10,103.032,119.913,16.881,1.0
2018-10-11,103.024,119.905,16.881,1.0
2018-10-12,103.051,119.932,16.881,1.0
2018-10-15,103.062,119.943,16.881,1.0
2018-10-16,103.058,119.93900000000001,16.881,1.0
2018-10-17,103.066,119.947,16.881,1.0
2018-10-18,103.081,119.962,16.881,1.0
2018-10-19,103.086,119.967,16.881,1.0
2018-10-22,103.069,119.95,16.881,1.0
2018-10-23,103.097,119.978,16.881,1.0
2018-10-24,103.115,119.996,16.881,1.0
2018-10-25,103.124,120.005,16.881,1.0
2018-10-26,103.14,120.021,16.881,1.0
2018-10-29,103.154,120.035,16.881,1.0
2018-10-30,103.159,120.04,16.881,1.0
2018-10-31,103.167,120.048,16.881,1.0
2018-11-01,103.163,120.044,16.881,1.0
2018-11-02,103.164,120.045,16.881,1.0
2018-11-05,103.196,120.077,16.881,1.0
2018-11-06,103.207,120.088,16.881,1.0
2018-11-07,103.21,120.091,16.881,1.0
2018-11-08,103.219,120.1,16.881,1.0
2018-11-09,103.238,120.119,16.881,1.0
2018-11-12,103.236,120.117,16.881,1.0
2018-11-13,103.238,120.119,16.881,1.0
2018-11-14,103.24,120.121,16.881,1.0
2018-11-15,103.254,120.135,16.881,1.0
2018-11-16,103.273,120.154,16.881,1.0
2018-11-19,103.291,120.172,16.881,1.0
2018-11-20,103.303,120.184,16.881,1.0
2018-11-21,103.326,120.207,16.881,1.0
2018-11-22,103.344,120.225,16.881,1.0
2018-11-23,103.374,120.255,16.881,1.0
2018-11-26,103.382,120.263,16.881,1.0
2018-11-27,103.384,120.265,16.881,1.0
2018-11-28,103.355,120.236,16.881,1.0
2018-11-29,103.367,120.248,16.881,1.0
2018-11-30,103.38,120.261,16.881,1.0
2018-12-03,103.379,120.26,16.881,1.0
2018-12-04,103.403,120.284,16.881,1.0
2018-12-05,103.409,120.29,16.881,1.0
2018-12-06,103.431,120.312,16.881,1.0
2018-12-07,103.477,120.358,16.881,1.0
2018-12-10,103.469,120.35,16.881,1.0
2018-12-11,103.463,120.344,16.881,1.0
2018-12-12,103.465,120.346,16.881,1.0
2018-12-13,103.446,120.327,16.881,1.0
2018-12-14,103.468,120.349,16.881,1.0
2018-12-17,103.482,120.363,16.881,1.0
2018-12-18,103.498,120.379,16.881,1.0
2018-12-19,103.498,120.379,16.881,1.0
2018-12-20,103.489,120.37,16.881,1.0
2018-12-21,103.515,120.396,16.881,1.0
2018-12-24,103.527,120.408,16.881,1.0
2018-12-25,103.521,120.402,16.881,1.0
2018-12-26,103.498,120.379,16.881,1.0
2018-12-27,103.52,120.401,16.881,1.0
2018-12-28,100.104,120.488,20.384,1.0
2019-01-02,100.116,120.5,20.384,1.0
2019-01-03,100.179,120.563,20.384,1.0
2019-01-04,100.261,120.645,20.384,1.0
2019-01-07,100.319,120.703,20.384,1.0
2019-01-08,100.27,120.654,20.384,1.0
2019-01-09,100.205,120.589,20.384,1.0
2019-01-10,100.204,120.588,20.384,1.0
2019-01-11,100.222,120.606,20.384,1.0
2019-01-14,100.232,120.616,20.384,1.0
2019-01-15,100.235,120.619,20.384,1.0
2019-01-16,100.245,120.629,20.384,1.0
2019-01-17,100.246,120.63,20.384,1.0
2019-01-18,100.255,120.639,20.384,1.0
2019-01-21,100.265,120.649,20.384,1.0
2019-01-22,100.278,120.662,20.384,1.0
2019-01-23,100.295,120.679,20.384,1.0
2019-01-24,100.298,120.682,20.384,1.0
2019-01-25,100.317,120.701,20.384,1.0
2019-01-28,100.32,120.704,20.384,1.0
2019-01-29,100.346,120.73,20.384,1.0
2019-01-30,100.34,120.724,20.384,1.0
2019-01-31,100.359,120.743,20.384,1.0
2019-02-01,100.456,120.84,20.384,1.0
2019-02-11,100.446,120.83,20.384,1.0
2019-02-12,100.451,120.835,20.384,1.0
2019-02-13,100.458,120.842,20.384,1.0
2019-02-14,100.469,120.853,20.384,1.0
2019-02-15,100.482,120.866,20.384,1.0
2019-02-18,100.487,120.871,20.384,1.0
2019-02-19,100.507,120.891,20.384,1.0
2019-02-20,100.515,120.899,20.384,1.0
2019-02-21,100.521,120.905,20.384,1.0
2019-02-22,100.524,120.908,20.384,1.0
2019-02-25,100.51,120.894,20.384,1.0
2019-02-26,100.522,120.906,20.384,1.0
2019-02-27,100.568,120.952,20.384,1.0
2019-02-28,100.622,121.006,20.384,1.0
2019-03-01,100.671,121.055,20.384,1.0
2019-03-04,100.617,121.001,20.384,1.0
2019-03-05,100.607,120.991,20.384,1.0
2019-03-06,100.62,121.004,20.384,1.0
2019-03-07,100.639,121.023,20.384,1.0
2019-03-08,100.649,121.033,20.384,1.0
2019-03-11,100.655,121.039,20.384,1.0
2019-03-12,100.657,121.041,20.384,1.0
2019-03-13,100.699,121.083,20.384,1.0
2019-03-14,100.699,121.083,20.384,1.0
2019-03-15,100.703,121.087,20.384,1.0
2019-03-18,100.701,121.085,20.384,1.0
2019-03-19,100.708,121.092,20.384,1.0
2019-03-20,100.717,121.101,20.384,1.0
2019-03-21,100.733,121.117,20.384,1.0
2019-03-22,100.754,121.138,20.384,1.0
2019-03-25,100.781,121.165,20.384,1.0
2019-03-26,100.79,121.174,20.384,1.0
2019-03-27,100.785,121.169,20.384,1.0
2019-03-28,100.765,121.149,20.384,1.0
2019-03-29,100.782,121.166,20.384,1.0
2019-04-01,100.791,121.175,20.384,1.0
2019-04-02,100.819,121.203,20.384,1.0
2019-04-03,100.849,121.233,20.384,1.0
2019-04-04,100.907,121.291,20.384,1.0
2019-04-08,100.922,121.306,20.384,1.0
2019-04-09,100.911,121.295,20.384,1.0
2019-04-10,100.882,121.266,20.384,1.0
2019-04-11,100.888,121.272,20.384,1.0
2019-04-12,100.901,121.285,20.384,1.0
2019-04-15,100.914,121.298,20.384,1.0
2019-04-16,100.897,121.281,20.384,1.0
2019-04-17,100.915,121.299,20.384,1.0
2019-04-18,100.925,121.309,20.384,1.0
2019-04-19,100.938,121.322,20.384,1.0
2019-04-22,100.96,121.344,20.384,1.0
2019-04-23,100.969,121.353,20.384,1.0
2019-04-24,100.973,121.357,20.384,1.0
2019-04-25,100.971,121.355,20.384,1.0
2019-04-26,100.986,121.37,20.384,1.0
2019-04-29,100.979,121.363,20.384,1.0
2019-04-30,101.033,121.417,20.384,1.0
2019-05-06,101.06,121.444,20.384,1.0
2019-05-07,101.073,121.457,20.384,1.0
2019-05-08,101.078,121.462,20.384,1.0
2019-05-09,101.088,121.472,20.384,1.0
2019-05-10,101.093,121.477,20.384,1.0
2019-05-13,101.108,121.492,20.384,1.0
2019-05-14,101.115,121.499,20.384,1.0
2019-05-15,101.12,121.504,20.384,1.0
2019-05-16,101.12,121.504,20.384,1.0
2019-05-17,101.15,121.534,20.384,1.0
2019-05-20,101.148,121.532,20.384,1.0
2019-05-21,101.161,121.545,20.384,1.0
2019-05-22,101.163,121.547,20.384,1.0
2019-05-23,101.166,121.55,20.384,1.0
2019-05-24,101.183,121.56700000000001,20.384,1.0
2019-05-27,101.192,121.576,20.384,1.0
2019-05-28,101.204,121.588,20.384,1.0
2019-05-29,101.204,121.588,20.384,1.0
2019-05-30,101.22,121.604,20.384,1.0
2019-05-31,101.237,121.621,20.384,1.0
2019-06-03,101.244,121.628,20.384,1.0
2019-06-04,101.256,121.64,20.384,1.0
2019-06-05,101.259,121.643,20.384,1.0
2019-06-06,101.28,121.664,20.384,1.0
2019-06-10,101.291,121.675,20.384,1.0
2019-06-11,101.291,121.675,20.384,1.0
2019-06-12,101.303,121.687,20.384,1.0
2019-06-13,101.311,121.69500000000001,20.384,1.0
2019-06-14,101.333,121.717,20.384,1.0
2019-06-17,101.339,121.723,20.384,1.0
2019-06-18,101.345,121.729,20.384,1.0
2019-06-19,101.333,121.717,20.384,1.0
2019-06-20,101.334,121.718,20.384,1.0
2019-06-21,101.361,121.745,20.384,1.0
2019-06-24,101.373,121.757,20.384,1.0
2019-06-25,101.389,121.773,20.384,1.0
2019-06-26,101.395,121.779,20.384,1.0
2019-06-27,101.391,121.775,20.384,1.0
2019-06-28,101.413,121.797,20.384,1.0
2019-07-01,101.408,121.792,20.384,1.0
2019-07-02,101.435,121.819,20.384,1.0
2019-07-03,101.454,121.838,20.384,1.0
2019-07-04,101.466,121.85,20.384,1.0
2019-07-05,101.485,121.869,20.384,1.0
2019-07-08,101.492,121.876,20.384,1.0
2019-07-09,101.489,121.873,20.384,1.0
2019-07-10,101.495,121.879,20.384,1.0
2019-07-11,101.499,121.883,20.384,1.0
2019-07-12,101.511,121.895,20.384,1.0
2019-07-15,101.514,121.898,20.384,1.0
2019-07-16,101.525,121.909,20.384,1.0
2019-07-17,101.535,121.919,20.384,1.0
2019-07-18,101.545,121.929,20.384,1.0
2019-07-19,101.557,121.941,20.384,1.0
2019-07-22,101.558,121.94200000000001,20.384,1.0
2019-07-23,101.573,121.957,20.384,1.0
2019-07-24,101.577,121.961,20.384,1.0
2019-07-25,101.581,121.965,20.384,1.0
2019-07-26,101.6,121.984,20.384,1.0
2019-07-29,101.604,121.988,20.384,1.0
2019-07-30,101.607,121.991,20.384,1.0
2019-07-31,101.62,122.004,20.384,1.0
2019-08-01,101.631,122.015,20.384,1.0
2019-08-02,101.645,122.029,20.384,1.0
2019-08-05,101.653,122.037,20.384,1.0
2019-08-06,101.661,122.045,20.384,1.0
2019-08-07,101.671,122.055,20.384,1.0
2019-08-08,101.675,122.059,20.384,1.0
2019-08-09,101.695,122.079,20.384,1.0
2019-08-12,101.704,122.088,20.384,1.0
2019-08-13,101.71,122.094,20.384,1.0
2019-08-14,101.713,122.097,20.384,1.0
2019-08-15,101.714,122.098,20.384,1.0
2019-08-16,101.729,122.113,20.384,1.0
2019-08-19,101.724,122.108,20.384,1.0
2019-08-20,101.736,122.12,20.384,1.0
2019-08-21,101.752,122.136,20.384,1.0
2019-08-22,101.764,122.148,20.384,1.0
2019-08-23,101.773,122.157,20.384,1.0
2019-08-26,101.782,122.166,20.384,1.0
2019-08-27,101.783,122.167,20.384,1.0
2019-08-28,101.792,122.176,20.384,1.0
2019-08-29,101.809,122.193,20.384,1.0
2019-08-30,101.826,122.21,20.384,1.0
2019-09-02,101.833,122.217,20.384,1.0
2019-09-03,101.841,122.225,20.384,1.0
2019-09-04,101.84,122.224,20.384,1.0
2019-09-05,101.842,122.226,20.384,1.0
2019-09-06,101.864,122.248,20.384,1.0
2019-09-09,101.864,122.248,20.384,1.0
2019-09-10,101.874,122.258,20.384,1.0
2019-09-11,101.89,122.274,20.384,1.0
2019-09-12,101.92,122.304,20.384,1.0
2019-09-16,101.928,122.312,20.384,1.0
2019-09-17,101.952,122.336,20.384,1.0
2019-09-18,101.952,122.336,20.384,1.0
2019-09-19,101.943,122.327,20.384,1.0
2019-09-20,101.957,122.341,20.384,1.0
2019-09-23,101.959,122.343,20.384,1.0
2019-09-24,101.966,122.35,20.384,1.0
2019-09-25,101.983,122.367,20.384,1.0
2019-09-26,101.987,122.371,20.384,1.0
2019-09-27,102.014,122.398,20.384,1.0
2019-09-30,102.094,122.478,20.384,1.0
2019-10-08,102.094,122.478,20.384,1.0
2019-10-09,102.071,122.455,20.384,1.0
2019-10-10,102.078,122.462,20.384,1.0
2019-10-11,102.095,122.479,20.384,1.0
2019-10-14,102.098,122.482,20.384,1.0
2019-10-15,102.123,122.507,20.384,1.0
2019-10-16,102.131,122.515,20.384,1.0
2019-10-17,102.129,122.513,20.384,1.0
2019-10-18,102.172,122.556,20.384,1.0
2019-10-21,102.166,122.55,20.384,1.0
2019-10-22,102.166,122.55,20.384,1.0
2019-10-23,102.161,122.545,20.384,1.0
2019-10-24,102.169,122.553,20.384,1.0
2019-10-25,102.176,122.56,20.384,1.0
2019-10-28,102.181,122.565,20.384,1.0
2019-10-29,102.197,122.581,20.384,1.0
2019-10-30,102.21,122.594,20.384,1.0
2019-10-31,102.221,122.605,20.384,1.0
2019-11-01,102.229,122.613,20.384,1.0
2019-11-04,102.235,122.619,20.384,1.0
2019-11-05,102.233,122.617,20.384,1.0
2019-11-06,102.25,122.634,20.384,1.0
2019-11-07,102.258,122.642,20.384,1.0
2019-11-08,102.285,122.669,20.384,1.0
2019-11-11,102.305,122.68900000000001,20.384,1.0
2019-11-12,102.308,122.69200000000001,20.384,1.0
2019-11-13,102.305,122.68900000000001,20.384,1.0
2019-11-14,102.308,122.69200000000001,20.384,1.0
2019-11-15,102.316,122.7,20.384,1.0
2019-11-18,102.328,122.712,20.384,1.0
2019-11-19,102.337,122.721,20.384,1.0
2019-11-20,102.348,122.732,20.384,1.0
2019-11-21,102.347,122.731,20.384,1.0
2019-11-22,102.365,122.749,20.384,1.0
2019-11-25,102.37,122.754,20.384,1.0
2019-11-26,102.375,122.759,20.384,1.0
2019-11-27,102.41,122.794,20.384,1.0
2019-11-28,102.396,122.78,20.384,1.0
2019-11-29,102.419,122.803,20.384,1.0
2019-12-02,102.423,122.807,20.384,1.0
2019-12-03,102.428,122.812,20.384,1.0
2019-12-04,102.435,122.819,20.384,1.0
2019-12-05,102.433,122.81700000000001,20.384,1.0
2019-12-06,102.446,122.83,20.384,1.0
2019-12-09,102.464,122.848,20.384,1.0
2019-12-10,102.465,122.849,20.384,1.0
2019-12-11,102.468,122.852,20.384,1.0
2019-12-12,102.479,122.863,20.384,1.0
2019-12-13,102.481,122.865,20.384,1.0
2019-12-16,102.5,122.884,20.384,1.0
2019-12-17,102.498,122.882,20.384,1.0
2019-12-18,102.506,122.89,20.384,1.0
2019-12-19,102.522,122.906,20.384,1.0
2019-12-20,102.541,122.925,20.384,1.0
2019-12-23,102.559,122.943,20.384,1.0
2019-12-24,102.578,122.962,20.384,1.0
2019-12-25,102.584,122.968,20.384,1.0
2019-12-26,102.575,122.959,20.384,1.0
2019-12-27,102.583,122.967,20.384,1.0
2019-12-30,102.564,122.948,20.384,1.0
2019-12-31,100.101,123.00399999999999,22.903,1.0
2020-01-02,100.113,123.01599999999999,22.903,1.0
2020-01-03,100.148,123.05099999999999,22.903,1.0
2020-01-06,100.152,123.055,22.903,1.0
2020-01-07,100.164,123.06700000000001,22.903,1.0
2020-01-08,100.176,123.07900000000001,22.903,1.0
2020-01-09,100.181,123.084,22.903,1.0
2020-01-10,100.201,123.10399999999998,22.903,1.0
2020-01-13,100.209,123.112,22.903,1.0
2020-01-14,100.224,123.12700000000001,22.903,1.0
2020-01-15,100.232,123.13499999999999,22.903,1.0
2020-01-16,100.234,123.137,22.903,1.0
2020-01-17,100.271,123.174,22.903,1.0
2020-01-20,100.26,123.16300000000001,22.903,1.0
2020-01-21,100.272,123.17500000000001,22.903,1.0
2020-01-22,100.302,123.20500000000001,22.903,1.0
2020-01-23,100.391,123.29400000000001,22.903,1.0
2020-02-03,100.353,123.256,22.903,1.0
2020-02-04,100.362,123.26499999999999,22.903,1.0
2020-02-05,100.393,123.29599999999999,22.903,1.0
2020-02-06,100.402,123.305,22.903,1.0
2020-02-07,100.425,123.328,22.903,1.0
2020-02-10,100.42,123.32300000000001,22.903,1.0
2020-02-11,100.41,123.31299999999999,22.903,1.0
2020-02-12,100.416,123.31899999999999,22.903,1.0
2020-02-13,100.424,123.327,22.903,1.0
2020-02-14,100.442,123.345,22.903,1.0
2020-02-17,100.434,123.33699999999999,22.903,1.0
2020-02-18,100.453,123.356,22.903,1.0
2020-02-19,100.468,123.37100000000001,22.903,1.0
2020-02-20,100.464,123.36699999999999,22.903,1.0
2020-02-21,100.474,123.37700000000001,22.903,1.0
2020-02-24,100.493,123.39599999999999,22.903,1.0
2020-02-25,100.497,123.4,22.903,1.0
2020-02-26,100.521,123.424,22.903,1.0
2020-02-27,100.527,123.43,22.903,1.0
2020-02-28,100.58,123.483,22.903,1.0
2020-03-02,100.565,123.46799999999999,22.903,1.0
2020-03-03,100.569,123.47200000000001,22.903,1.0
2020-03-04,100.571,123.47399999999999,22.903,1.0
2020-03-05,100.571,123.47399999999999,22.903,1.0
2020-03-06,100.594,123.49699999999999,22.903,1.0
2020-03-09,100.606,123.50899999999999,22.903,1.0
2020-03-10,100.586,123.489,22.903,1.0
2020-03-11,100.611,123.51400000000001,22.903,1.0
2020-03-12,100.621,123.524,22.903,1.0
2020-03-13,100.625,123.52799999999999,22.903,1.0
2020-03-16,100.643,123.54599999999999,22.903,1.0
2020-03-17,100.651,123.554,22.903,1.0
2020-03-18,100.656,123.559,22.903,1.0
2020-03-19,100.66,123.56299999999999,22.903,1.0
2020-03-20,100.679,123.582,22.903,1.0
2020-03-23,100.692,123.595,22.903,1.0
2020-03-24,100.681,123.584,22.903,1.0
2020-03-25,100.682,123.58500000000001,22.903,1.0
2020-03-26,100.684,123.58699999999999,22.903,1.0
2020-03-27,100.7,123.60300000000001,22.903,1.0
2020-03-30,100.698,123.601,22.903,1.0
2020-03-31,100.708,123.61099999999999,22.903,1.0
2020-04-01,100.718,123.62100000000001,22.903,1.0
2020-04-02,100.719,123.62199999999999,22.903,1.0
2020-04-03,100.745,123.648,22.903,1.0
2020-04-07,100.746,123.649,22.903,1.0
2020-04-08,100.754,123.65700000000001,22.903,1.0
2020-04-09,100.761,123.66399999999999,22.903,1.0
2020-04-10,100.781,123.684,22.903,1.0
2020-04-13,100.786,123.689,22.903,1.0
2020-04-14,100.788,123.691,22.903,1.0
2020-04-15,100.787,123.69,22.903,1.0
2020-04-16,100.791,123.69399999999999,22.903,1.0
2020-04-17,100.791,123.69399999999999,22.903,1.0
2020-04-20,100.801,123.70400000000001,22.903,1.0
2020-04-21,100.813,123.71600000000001,22.903,1.0
2020-04-22,100.819,123.72200000000001,22.903,1.0
2020-04-23,100.821,123.72399999999999,22.903,1.0
2020-04-24,100.834,123.737,22.903,1.0
2020-04-27,100.838,123.74099999999999,22.903,1.0
2020-04-28,100.842,123.745,22.903,1.0
2020-04-29,100.829,123.732,22.903,1.0
2020-04-30,100.845,123.74799999999999,22.903,1.0
2020-05-06,100.852,123.755,22.903,1.0
2020-05-07,100.864,123.767,22.903,1.0
2020-05-08,100.879,123.78200000000001,22.903,1.0
2020-05-11,100.888,123.791,22.903,1.0
2020-05-12,100.901,123.804,22.903,1.0
2020-05-13,100.907,123.81,22.903,1.0
2020-05-14,100.909,123.81200000000001,22.903,1.0
2020-05-15,100.919,123.822,22.903,1.0
2020-05-18,100.92,123.82300000000001,22.903,1.0
2020-05-19,100.923,123.826,22.903,1.0
2020-05-20,100.928,123.83099999999999,22.903,1.0
2020-05-21,100.932,123.83500000000001,22.903,1.0
2020-05-22,100.943,123.846,22.903,1.0
2020-05-25,100.949,123.852,22.903,1.0
2020-05-26,100.949,123.852,22.903,1.0
2020-05-27,100.953,123.856,22.903,1.0
2020-05-28,100.951,123.85399999999998,22.903,1.0
2020-05-29,100.968,123.87100000000001,22.903,1.0
2020-06-01,100.966,123.869,22.903,1.0
2020-06-02,100.973,123.876,22.903,1.0
2020-06-03,100.981,123.88399999999999,22.903,1.0
2020-06-04,100.986,123.88900000000001,22.903,1.0
2020-06-05,101.005,123.90799999999999,22.903,1.0
2020-06-08,101.009,123.912,22.903,1.0
2020-06-09,101.011,123.91399999999999,22.903,1.0
2020-06-10,101.006,123.90899999999999,22.903,1.0
2020-06-11,101.015,123.918,22.903,1.0
2020-06-12,101.029,123.93199999999999,22.903,1.0
2020-06-15,101.039,123.94200000000001,22.903,1.0
2020-06-16,101.033,123.936,22.903,1.0
2020-06-17,101.035,123.93799999999999,22.903,1.0
2020-06-18,101.044,123.947,22.903,1.0
2020-06-19,101.027,123.93,22.903,1.0
2020-06-22,101.041,123.94399999999999,22.903,1.0
2020-06-23,101.044,123.947,22.903,1.0
2020-06-24,101.081,123.98400000000001,22.903,1.0
2020-06-29,101.067,123.97,22.903,1.0
2020-06-30,101.072,123.975,22.903,1.0
2020-07-01,101.091,123.994,22.903,1.0
2020-07-02,101.085,123.988,22.903,1.0
2020-07-03,101.103,124.006,22.903,1.0
2020-07-06,101.078,123.981,22.903,1.0
2020-07-07,101.127,124.03,22.903,1.0
2020-07-08,101.151,124.054,22.903,1.0
2020-07-09,101.157,124.06,22.903,1.0
2020-07-10,101.208,124.11099999999999,22.903,1.0
2020-07-13,101.194,124.09700000000001,22.903,1.0
2020-07-14,101.241,124.144,22.903,1.0
2020-07-15,101.282,124.185,22.903,1.0
2020-07-16,101.259,124.162,22.903,1.0
2020-07-17,101.236,124.13900000000001,22.903,1.0
2020-07-20,101.199,124.102,22.903,1.0
2020-07-21,101.21,124.113,22.903,1.0
2020-07-22,101.196,124.09899999999999,22.903,1.0
2020-07-23,101.213,124.11599999999999,22.903,1.0
2020-07-24,101.229,124.132,22.903,1.0
2020-07-27,101.231,124.13399999999999,22.903,1.0
2020-07-28,101.23,124.13300000000001,22.903,1.0
2020-07-29,101.214,124.11699999999999,22.903,1.0
2020-07-30,101.233,124.136,22.903,1.0
2020-07-31,101.241,124.144,22.903,1.0
2020-08-03,101.243,124.14599999999999,22.903,1.0
2020-08-04,101.266,124.16900000000001,22.903,1.0
2020-08-05,101.264,124.167,22.903,1.0
2020-08-06,101.283,124.186,22.903,1.0
2020-08-07,101.285,124.18799999999999,22.903,1.0
2020-08-10,101.291,124.19399999999999,22.903,1.0
2020-08-11,101.297,124.19999999999999,22.903,1.0
2020-08-12,101.296,124.19900000000001,22.903,1.0
2020-08-13,101.308,124.21100000000001,22.903,1.0
2020-08-14,101.301,124.20400000000001,22.903,1.0
2020-08-17,101.305,124.208,22.903,1.0
2020-08-18,101.315,124.21799999999999,22.903,1.0
2020-08-19,101.324,124.227,22.903,1.0
2020-08-20,101.343,124.24600000000001,22.903,1.0
2020-08-21,101.351,124.25399999999999,22.903,1.0
2020-08-24,101.35,124.25299999999999,22.903,1.0
2020-08-25,101.358,124.261,22.903,1.0
2020-08-26,101.372,124.275,22.903,1.0
2020-08-27,101.368,124.27099999999999,22.903,1.0
2020-08-28,101.36,124.263,22.903,1.0
2020-08-31,101.375,124.27799999999999,22.903,1.0
2020-09-01,101.389,124.292,22.903,1.0
2020-09-02,101.407,124.31,22.903,1.0
2020-09-03,101.4,124.303,22.903,1.0
2020-09-04,101.406,124.309,22.903,1.0
2020-09-07,101.428,124.33099999999999,22.903,1.0
2020-09-08,101.424,124.327,22.903,1.0
2020-09-09,101.429,124.332,22.903,1.0
2020-09-10,101.442,124.345,22.903,1.0
2020-09-11,101.456,124.35900000000001,22.903,1.0
2020-09-14,101.467,124.37,22.903,1.0
2020-09-15,101.469,124.37199999999999,22.903,1.0
2020-09-16,101.471,124.374,22.903,1.0
2020-09-17,101.474,124.37700000000001,22.903,1.0
2020-09-18,101.477,124.38,22.903,1.0
2020-09-21,101.49,124.393,22.903,1.0
2020-09-22,101.516,124.41900000000001,22.903,1.0
2020-09-23,101.524,124.42699999999999,22.903,1.0
2020-09-24,101.52,124.423,22.903,1.0
2020-09-25,101.534,124.43700000000001,22.903,1.0
2020-09-28,101.543,124.446,22.903,1.0
2020-09-29,101.559,124.46199999999999,22.903,1.0
2020-09-30,101.621,124.524,22.903,1.0
2020-10-09,101.624,124.52699999999999,22.903,1.0
2020-10-12,101.616,124.519,22.903,1.0
2020-10-13,101.615,124.518,22.903,1.0
2020-10-14,101.635,124.53800000000001,22.903,1.0
2020-10-15,101.636,124.53899999999999,22.903,1.0
2020-10-16,101.662,124.565,22.903,1.0
2020-10-19,101.672,124.57499999999999,22.903,1.0
2020-10-20,101.677,124.58000000000001,22.903,1.0
2020-10-21,101.68,124.583,22.903,1.0
2020-10-22,101.681,124.584,22.903,1.0
2020-10-23,101.682,124.58500000000001,22.903,1.0
2020-10-26,101.689,124.59199999999998,22.903,1.0
2020-10-27,101.695,124.59799999999998,22.903,1.0
2020-10-28,101.701,124.60399999999998,22.903,1.0
2020-10-29,101.711,124.614,22.903,1.0
2020-10-30,101.734,124.637,22.903,1.0
2020-11-02,101.763,124.666,22.903,1.0
2020-11-03,101.752,124.655,22.903,1.0
2020-11-04,101.781,124.684,22.903,1.0
2020-11-05,101.774,124.67699999999999,22.903,1.0
2020-11-06,101.8,124.703,22.903,1.0
2020-11-09,101.789,124.69200000000001,22.903,1.0
2020-11-10,101.814,124.71699999999998,22.903,1.0
2020-11-11,101.835,124.738,22.903,1.0
2020-11-12,101.851,124.75399999999999,22.903,1.0
2020-11-13,101.841,124.744,22.903,1.0
2020-11-16,101.825,124.72800000000001,22.903,1.0
2020-11-17,101.84,124.743,22.903,1.0
2020-11-18,101.841,124.744,22.903,1.0
2020-11-19,101.838,124.74099999999999,22.903,1.0
2020-11-20,101.85,124.75299999999999,22.903,1.0
2020-11-23,101.859,124.762,22.903,1.0
2020-11-24,101.868,124.77099999999999,22.903,1.0
2020-11-25,101.883,124.786,22.903,1.0
2020-11-26,101.884,124.787,22.903,1.0
2020-11-27,101.896,124.799,22.903,1.0
2020-11-30,101.913,124.816,22.903,1.0
2020-12-01,101.912,124.815,22.903,1.0
2020-12-02,101.92,124.82300000000001,22.903,1.0
2020-12-03,101.933,124.83600000000001,22.903,1.0
2020-12-04,101.96,124.863,22.903,1.0
2020-12-07,101.966,124.869,22.903,1.0
2020-12-08,101.969,124.87199999999999,22.903,1.0
2020-12-09,101.97,124.87299999999999,22.903,1.0
2020-12-10,101.973,124.876,22.903,1.0
2020-12-11,101.994,124.89699999999999,22.903,1.0
2020-12-14,102.003,124.906,22.903,1.0
2020-12-15,102.014,124.917,22.903,1.0
2020-12-16,102.018,124.92099999999999,22.903,1.0
2020-12-17,101.99,124.893,22.903,1.0
2020-12-18,102.016,124.91900000000001,22.903,1.0
2020-12-21,102.023,124.92599999999999,22.903,1.0
2020-12-22,102.05,124.953,22.903,1.0
2020-12-23,102.059,124.96199999999999,22.903,1.0
2020-12-24,102.077,124.97999999999999,22.903,1.0
2020-12-25,102.081,124.98400000000001,22.903,1.0
2020-12-28,102.09,124.993,22.903,1.0
2020-12-29,102.104,125.007,22.903,1.0
2020-12-30,102.098,125.001,22.903,1.0
2020-12-31,100.135,125.053,24.918,1.0
2021-01-04,100.144,125.06200000000001,24.918,1.0
2021-01-05,100.16,125.078,24.918,1.0
2021-01-06,100.201,125.119,24.918,1.0
2021-01-07,100.223,125.14099999999999,24.918,1.0
2021-01-08,100.217,125.13499999999999,24.918,1.0
2021-01-11,100.211,125.12899999999999,24.918,1.0
2021-01-12,100.228,125.14599999999999,24.918,1.0
2021-01-13,100.21,125.12799999999999,24.918,1.0
2021-01-14,100.209,125.12700000000001,24.918,1.0
2021-01-15,100.228,125.14599999999999,24.918,1.0
2021-01-18,100.239,125.15700000000001,24.918,1.0
2021-01-19,100.236,125.154,24.918,1.0
2021-01-20,100.245,125.16300000000001,24.918,1.0
2021-01-21,100.246,125.16399999999999,24.918,1.0
2021-01-22,100.269,125.18700000000001,24.918,1.0
2021-01-25,100.273,125.191,24.918,1.0
2021-01-26,100.276,125.19399999999999,24.918,1.0
2021-01-27,100.279,125.197,24.918,1.0
2021-01-28,100.275,125.19300000000001,24.918,1.0
2021-01-29,100.305,125.22300000000001,24.918,1.0
2021-02-01,100.314,125.232,24.918,1.0
2021-02-02,100.327,125.245,24.918,1.0
2021-02-03,100.349,125.267,24.918,1.0
2021-02-04,100.352,125.27000000000001,24.918,1.0
2021-02-05,100.38,125.298,24.918,1.0
2021-02-08,100.377,125.29499999999999,24.918,1.0
2021-02-09,100.399,125.31700000000001,24.918,1.0
2021-02-10,100.449,125.36699999999999,24.918,1.0
2021-02-18,100.445,125.363,24.918,1.0
2021-02-19,100.461,125.37899999999999,24.918,1.0
2021-02-22,100.464,125.382,24.918,1.0
2021-02-23,100.488,125.406,24.918,1.0
2021-02-24,100.488,125.406,24.918,1.0
2021-02-25,100.497,125.41499999999999,24.918,1.0
2021-02-26,100.506,125.424,24.918,1.0
2021-03-01,100.518,125.436,24.918,1.0
2021-03-02,100.533,125.451,24.918,1.0
2021-03-03,100.547,125.465,24.918,1.0
2021-03-04,100.521,125.439,24.918,1.0
2021-03-05,100.544,125.46199999999999,24.918,1.0
2021-03-08,100.55,125.46799999999999,24.918,1.0
2021-03-09,100.551,125.469,24.918,1.0
2021-03-10,100.561,125.47900000000001,24.918,1.0
2021-03-11,100.568,125.48599999999999,24.918,1.0
2021-03-12,100.587,125.505,24.918,1.0
2021-03-15,100.618,125.536,24.918,1.0
2021-03-16,100.606,125.524,24.918,1.0
2021-03-17,100.6,125.518,24.918,1.0
2021-03-18,100.599,125.517,24.918,1.0
2021-03-19,100.616,125.53399999999999,24.918,1.0
2021-03-22,100.627,125.54499999999999,24.918,1.0
2021-03-23,100.635,125.553,24.918,1.0
2021-03-24,100.641,125.559,24.918,1.0
2021-03-25,100.643,125.561,24.918,1.0
2021-03-26,100.651,125.56899999999999,24.918,1.0
2021-03-29,100.658,125.576,24.918,1.0
2021-03-30,100.658,125.576,24.918,1.0
2021-03-31,100.682,125.6,24.918,1.0
2021-04-01,100.69,125.608,24.918,1.0
2021-04-02,100.708,125.626,24.918,1.0
2021-04-06,100.716,125.63399999999999,24.918,1.0
2021-04-07,100.725,125.643,24.918,1.0
2021-04-08,100.725,125.643,24.918,1.0
2021-04-09,100.745,125.66300000000001,24.918,1.0
2021-04-12,100.757,125.67500000000001,24.918,1.0
2021-04-13,100.762,125.68,24.918,1.0
2021-04-14,100.767,125.685,24.918,1.0
2021-04-15,100.779,125.697,24.918,1.0
2021-04-16,100.783,125.701,24.918,1.0
2021-04-19,100.782,125.69999999999999,24.918,1.0
2021-04-20,100.796,125.714,24.918,1.0
2021-04-21,100.8,125.71799999999999,24.918,1.0
2021-04-22,100.807,125.725,24.918,1.0
2021-04-23,100.821,125.739,24.918,1.0
2021-04-26,100.822,125.74000000000001,24.918,1.0
2021-04-27,100.828,125.74600000000001,24.918,1.0
2021-04-28,100.832,125.75,24.918,1.0
2021-04-29,100.857,125.775,24.918,1.0
2021-04-30,100.879,125.797,24.918,1.0
2021-05-06,100.876,125.79400000000001,24.918,1.0
2021-05-07,100.896,125.814,24.918,1.0
2021-05-10,100.906,125.82400000000001,24.918,1.0
2021-05-11,100.917,125.83500000000001,24.918,1.0
2021-05-12,100.921,125.839,24.918,1.0
2021-05-13,100.923,125.84100000000001,24.918,1.0
2021-05-14,100.909,125.827,24.918,1.0
2021-05-17,100.93,125.84800000000001,24.918,1.0
2021-05-18,100.948,125.86599999999999,24.918,1.0
2021-05-19,100.956,125.874,24.918,1.0
2021-05-20,100.954,125.87199999999999,24.918,1.0
2021-05-21,100.972,125.88999999999999,24.918,1.0
2021-05-24,100.984,125.90199999999999,24.918,1.0
2021-05-25,100.965,125.88300000000001,24.918,1.0
2021-05-26,100.989,125.90700000000001,24.918,1.0
2021-05-27,100.986,125.904,24.918,1.0
2021-05-28,101.006,125.924,24.918,1.0
2021-05-31,101.006,125.924,24.918,1.0
2021-06-01,101.017,125.935,24.918,1.0
2021-06-02,101.027,125.945,24.918,1.0
2021-06-03,101.032,125.94999999999999,24.918,1.0
2021-06-04,101.053,125.971,24.918,1.0
2021-06-07,101.061,125.97900000000001,24.918,1.0
2021-06-08,101.072,125.99000000000001,24.918,1.0
2021-06-09,101.065,125.983,24.918,1.0
2021-06-10,101.067,125.98499999999999,24.918,1.0
2021-06-11,101.085,126.00299999999999,24.918,1.0
2021-06-15,101.1,126.018,24.918,1.0
2021-06-16,101.115,126.03299999999999,24.918,1.0
2021-06-17,101.132,126.05000000000001,24.918,1.0
2021-06-18,101.134,126.05199999999999,24.918,1.0
2021-06-21,101.132,126.05000000000001,24.918,1.0
2021-06-22,101.134,126.05199999999999,24.918,1.0
2021-06-23,101.14,126.05799999999999,24.918,1.0
2021-06-24,101.151,126.06899999999999,24.918,1.0
2021-06-25,101.162,126.08000000000001,24.918,1.0
2021-06-28,101.156,126.07400000000001,24.918,1.0
2021-06-29,101.178,126.096,24.918,1.0
2021-06-30,101.192,126.10999999999999,24.918,1.0
2021-07-01,101.224,126.142,24.918,1.0
2021-07-02,101.222,126.13999999999999,24.918,1.0
2021-07-05,101.23,126.148,24.918,1.0
2021-07-06,101.234,126.15199999999999,24.918,1.0
2021-07-07,101.236,126.154,24.918,1.0
2021-07-08,101.245,126.16300000000001,24.918,1.0
2021-07-09,101.258,126.17599999999999,24.918,1.0
2021-07-12,101.261,126.179,24.918,1.0
2021-07-13,101.27,126.18799999999999,24.918,1.0
2021-07-14,101.296,126.214,24.918,1.0
2021-07-15,101.276,126.19399999999999,24.918,1.0
2021-07-16,101.298,126.21600000000001,24.918,1.0
2021-07-19,101.303,126.221,24.918,1.0
2021-07-20,101.304,126.22200000000001,24.918,1.0
2021-07-21,101.31,126.22800000000001,24.918,1.0
2021-07-22,101.311,126.22900000000001,24.918,1.0
2021-07-23,101.32,126.238,24.918,1.0
2021-07-26,101.334,126.25200000000001,24.918,1.0
2021-07-27,101.342,126.25999999999999,24.918,1.0
2021-07-28,101.348,126.26599999999999,24.918,1.0
2021-07-29,101.349,126.267,24.918,1.0
2021-07-30,101.385,126.303,24.918,1.0
2021-08-02,101.374,126.292,24.918,1.0
2021-08-03,101.395,126.31299999999999,24.918,1.0
2021-08-04,101.389,126.30699999999999,24.918,1.0
2021-08-05,101.404,126.322,24.918,1.0
2021-08-06,101.434,126.352,24.918,1.0
2021-08-09,101.431,126.34899999999999,24.918,1.0
2021-08-10,101.428,126.346,24.918,1.0
2021-08-11,101.437,126.35499999999999,24.918,1.0
2021-08-12,101.462,126.38,24.918,1.0
2021-08-13,101.463,126.381,24.918,1.0
2021-08-16,101.459,126.37700000000001,24.918,1.0
2021-08-17,101.464,126.382,24.918,1.0
2021-08-18,101.467,126.38499999999999,24.918,1.0
2021-08-19,101.47,126.388,24.918,1.0
2021-08-20,101.49,126.40799999999999,24.918,1.0
2021-08-23,101.482,126.4,24.918,1.0
2021-08-24,101.484,126.40199999999999,24.918,1.0
2021-08-25,101.5,126.418,24.918,1.0
2021-08-26,101.506,126.424,24.918,1.0
2021-08-27,101.513,126.43100000000001,24.918,1.0
2021-08-30,101.52,126.43799999999999,24.918,1.0
2021-08-31,101.535,126.453,24.918,1.0
2021-09-01,101.549,126.46700000000001,24.918,1.0
2021-09-02,101.556,126.47399999999999,24.918,1.0
2021-09-03,101.584,126.50200000000001,24.918,1.0
2021-09-06,101.576,126.494,24.918,1.0
2021-09-07,101.584,126.50200000000001,24.918,1.0
2021-09-08,101.587,126.505,24.918,1.0
2021-09-09,101.594,126.512,24.918,1.0
2021-09-10,101.607,126.525,24.918,1.0
2021-09-13,101.607,126.525,24.918,1.0
2021-09-14,101.623,126.541,24.918,1.0
2021-09-15,101.625,126.543,24.918,1.0
2021-09-16,101.633,126.55099999999999,24.918,1.0
2021-09-17,101.66,126.578,24.918,1.0
2021-09-22,101.655,126.57300000000001,24.918,1.0
2021-09-23,101.661,126.57900000000001,24.918,1.0
2021-09-24,101.678,126.596,24.918,1.0
2021-09-27,101.682,126.6,24.918,1.0
2021-09-28,101.702,126.62,24.918,1.0
2021-09-29,101.721,126.63900000000001,24.918,1.0
2021-09-30,101.791,126.709,24.918,1.0
2021-10-08,101.773,126.691,24.918,1.0
2021-10-11,101.779,126.697,24.918,1.0
2021-10-12,101.791,126.709,24.918,1.0
2021-10-13,101.804,126.72200000000001,24.918,1.0
2021-10-14,101.828,126.74600000000001,24.918,1.0
2021-10-15,101.834,126.75200000000001,24.918,1.0
2021-10-18,101.817,126.73499999999999,24.918,1.0
2021-10-19,101.812,126.72999999999999,24.918,1.0
2021-10-20,101.826,126.744,24.918,1.0
2021-10-21,101.828,126.74600000000001,24.918,1.0
2021-10-22,101.845,126.763,24.918,1.0
2021-10-25,101.855,126.773,24.918,1.0
2021-10-26,101.862,126.78,24.918,1.0
2021-10-27,101.876,126.79400000000001,24.918,1.0
2021-10-28,101.858,126.77600000000001,24.918,1.0
2021-10-29,101.878,126.79599999999999,24.918,1.0
2021-11-01,101.882,126.80000000000001,24.918,1.0
2021-11-02,101.89,126.80799999999999,24.918,1.0
2021-11-03,101.896,126.814,24.918,1.0
2021-11-04,101.903,126.821,24.918,1.0
2021-11-05,101.911,126.82900000000001,24.918,1.0
2021-11-08,101.919,126.83699999999999,24.918,1.0
2021-11-09,101.929,126.84700000000001,24.918,1.0
2021-11-10,101.944,126.862,24.918,1.0
2021-11-11,101.937,126.85499999999999,24.918,1.0
2021-11-12,101.944,126.862,24.918,1.0
2021-11-15,101.958,126.876,24.918,1.0
2021-11-16,101.97,126.888,24.918,1.0
2021-11-17,101.977,126.89500000000001,24.918,1.0
2021-11-18,101.99,126.90799999999999,24.918,1.0
2021-11-19,101.994,126.912,24.918,1.0
2021-11-22,101.999,126.917,24.918,1.0
2021-11-23,102.005,126.923,24.918,1.0
2021-11-24,102.01,126.928,24.918,1.0
2021-11-25,102.018,126.936,24.918,1.0
2021-11-26,102.033,126.951,24.918,1.0
2021-11-29,102.022,126.94,24.918,1.0
2021-11-30,102.036,126.95400000000001,24.918,1.0
2021-12-01,102.054,126.97200000000001,24.918,1.0
2021-12-02,102.057,126.975,24.918,1.0
2021-12-03,102.069,126.987,24.918,1.0
2021-12-06,102.082,127.0,24.918,1.0
2021-12-07,102.098,127.01599999999999,24.918,1.0
2021-12-08,102.089,127.007,24.918,1.0
2021-12-09,102.087,127.005,24.918,1.0
2021-12-10,102.107,127.025,24.918,1.0
2021-12-13,102.116,127.03399999999999,24.918,1.0
2021-12-14,102.129,127.047,24.918,1.0
2021-12-15,102.133,127.05099999999999,24.918,1.0
2021-12-16,102.137,127.055,24.918,1.0
2021-12-17,102.159,127.077,24.918,1.0
2021-12-20,102.164,127.082,24.918,1.0
2021-12-21,102.157,127.07499999999999,24.918,1.0
2021-12-22,102.173,127.09100000000001,24.918,1.0
2021-12-23,102.177,127.095,24.918,1.0
2021-12-24,102.195,127.113,24.918,1.0
2021-12-27,102.197,127.11500000000001,24.918,1.0
2021-12-28,102.207,127.125,24.918,1.0
2021-12-29,102.211,127.12899999999999,24.918,1.0
2021-12-30,102.216,127.13399999999999,24.918,1.0
2021-12-31,100.123,127.183,27.06,1.0
2022-01-04,100.116,127.176,27.06,1.0
2022-01-05,100.111,127.171,27.06,1.0
2022-01-06,100.126,127.186,27.06,1.0
2022-01-07,100.146,127.206,27.06,1.0
2022-01-10,100.153,127.21300000000001,27.06,1.0
2022-01-11,100.166,127.226,27.06,1.0
2022-01-12,100.17,127.23,27.06,1.0
2022-01-13,100.176,127.236,27.06,1.0
2022-01-14,100.192,127.252,27.06,1.0
2022-01-17,100.203,127.263,27.06,1.0
2022-01-18,100.21,127.27,27.06,1.0
2022-01-19,100.201,127.261,27.06,1.0
2022-01-20,100.196,127.256,27.06,1.0
2022-01-21,100.223,127.283,27.06,1.0
2022-01-24,100.224,127.284,27.06,1.0
2022-01-25,100.237,127.297,27.06,1.0
2022-01-26,100.247,127.307,27.06,1.0
2022-01-27,100.267,127.327,27.06,1.0
2022-01-28,100.33,127.39,27.06,1.0
2022-02-07,100.355,127.415,27.06,1.0
2022-02-08,100.357,127.417,27.06,1.0
2022-02-09,100.335,127.395,27.06,1.0
2022-02-10,100.327,127.387,27.06,1.0
2022-02-11,100.343,127.403,27.06,1.0
2022-02-14,100.345,127.405,27.06,1.0
2022-02-15,100.358,127.418,27.06,1.0
2022-02-16,100.362,127.422,27.06,1.0
2022-02-17,100.366,127.426,27.06,1.0
2022-02-18,100.379,127.43900000000001,27.06,1.0
2022-02-21,100.38,127.44,27.06,1.0
2022-02-22,100.384,127.444,27.06,1.0
2022-02-23,100.384,127.444,27.06,1.0
2022-02-24,100.392,127.452,27.06,1.0
2022-02-25,100.402,127.462,27.06,1.0
2022-02-28,100.408,127.468,27.06,1.0
2022-03-01,100.42,127.48,27.06,1.0
2022-03-02,100.429,127.489,27.06,1.0
2022-03-03,100.443,127.503,27.06,1.0
2022-03-04,100.454,127.514,27.06,1.0
2022-03-07,100.462,127.522,27.06,1.0
2022-03-08,100.468,127.528,27.06,1.0
2022-03-09,100.478,127.538,27.06,1.0
2022-03-10,100.478,127.538,27.06,1.0
2022-03-11,100.493,127.553,27.06,1.0
2022-03-14,100.509,127.569,27.06,1.0
2022-03-15,100.505,127.565,27.06,1.0
2022-03-16,100.495,127.555,27.06,1.0
2022-03-17,100.505,127.565,27.06,1.0
2022-03-18,100.512,127.572,27.06,1.0
2022-03-21,100.543,127.60300000000001,27.06,1.0
2022-03-22,100.535,127.595,27.06,1.0
2022-03-23,100.541,127.601,27.06,1.0
2022-03-24,100.561,127.62100000000001,27.06,1.0
2022-03-25,100.567,127.627,27.06,1.0
2022-03-28,100.562,127.622,27.06,1.0
2022-03-29,100.579,127.639,27.06,1.0
2022-03-30,100.563,127.623,27.06,1.0
2022-03-31,100.61,127.67,27.06,1.0
2022-04-01,100.613,127.673,27.06,1.0
2022-04-06,100.628,127.688,27.06,1.0
2022-04-07,100.64,127.7,27.06,1.0
2022-04-08,100.654,127.714,27.06,1.0
2022-04-11,100.661,127.721,27.06,1.0
2022-04-12,100.656,127.71600000000001,27.06,1.0
2022-04-13,100.661,127.721,27.06,1.0
2022-04-14,100.668,127.72800000000001,27.06,1.0
2022-04-15,100.686,127.74600000000001,27.06,1.0
2022-04-18,100.685,127.745,27.06,1.0
2022-04-19,100.696,127.756,27.06,1.0
2022-04-20,100.695,127.755,27.06,1.0
2022-04-21,100.699,127.759,27.06,1.0
2022-04-22,100.705,127.765,27.06,1.0
2022-04-25,100.709,127.769,27.06,1.0
2022-04-26,100.719,127.779,27.06,1.0
2022-04-27,100.726,127.786,27.06,1.0
2022-04-28,100.75,127.81,27.06,1.0
2022-04-29,100.779,127.839,27.06,1.0
2022-05-05,100.769,127.82900000000001,27.06,1.0
2022-05-06,100.794,127.854,27.06,1.0
2022-05-09,100.801,127.861,27.06,1.0
2022-05-10,100.808,127.86800000000001,27.06,1.0
2022-05-11,100.806,127.866,27.06,1.0
2022-05-12,100.813,127.873,27.06,1.0
2022-05-13,100.836,127.896,27.06,1.0
2022-05-16,100.842,127.902,27.06,1.0
2022-05-17,100.839,127.899,27.06,1.0
2022-05-18,100.845,127.905,27.06,1.0
2022-05-19,100.851,127.911,27.06,1.0
2022-05-20,100.852,127.912,27.06,1.0
2022-05-23,100.86,127.92,27.06,1.0
2022-05-24,100.873,127.933,27.06,1.0
2022-05-25,100.875,127.935,27.06,1.0
2022-05-26,100.883,127.943,27.06,1.0
2022-05-27,100.893,127.953,27.06,1.0
2022-05-30,100.887,127.947,27.06,1.0
2022-05-31,100.891,127.95100000000001,27.06,1.0
2022-06-01,100.9,127.96000000000001,27.06,1.0
2022-06-02,100.896,127.956,27.06,1.0
2022-06-06,100.914,127.974,27.06,1.0
2022-06-07,100.926,127.986,27.06,1.0
2022-06-08,100.93,127.99000000000001,27.06,1.0
2022-06-09,100.937,127.997,27.06,1.0
2022-06-10,100.924,127.98400000000001,27.06,1.0
2022-06-13,100.958,128.018,27.06,1.0
2022-06-14,100.97,128.03,27.06,1.0
2022-06-15,100.967,128.027,27.06,1.0
2022-06-16,100.97,128.03,27.06,1.0
2022-06-17,100.981,128.041,27.06,1.0
2022-06-20,100.99,128.04999999999998,27.06,1.0
2022-06-21,100.994,128.054,27.06,1.0
2022-06-22,101.009,128.069,27.06,1.0
2022-06-23,100.995,128.055,27.06,1.0
2022-06-24,101.006,128.066,27.06,1.0
2022-06-27,101.016,128.076,27.06,1.0
2022-06-28,101.028,128.088,27.06,1.0
2022-06-29,101.038,128.09799999999998,27.06,1.0
2022-06-30,101.04,128.1,27.06,1.0
2022-07-01,101.061,128.121,27.06,1.0
2022-07-04,101.068,128.128,27.06,1.0
2022-07-05,101.092,128.152,27.06,1.0
2022-07-06,101.1,128.16,27.06,1.0
2022-07-07,101.094,128.154,27.06,1.0
2022-07-08,101.102,128.162,27.06,1.0
2022-07-11,101.109,128.16899999999998,27.06,1.0
2022-07-12,101.114,128.174,27.06,1.0
2022-07-13,101.112,128.172,27.06,1.0
2022-07-14,101.111,128.171,27.06,1.0
2022-07-15,101.13,128.19,27.06,1.0
2022-07-18,101.135,128.195,27.06,1.0
2022-07-19,101.14,128.2,27.06,1.0
2022-07-20,101.139,128.19899999999998,27.06,1.0
2022-07-21,101.146,128.206,27.06,1.0
2022-07-22,101.162,128.222,27.06,1.0
2022-07-25,101.174,128.234,27.06,1.0
2022-07-26,101.17,128.23,27.06,1.0
2022-07-27,101.173,128.233,27.06,1.0
2022-07-28,101.178,128.238,27.06,1.0
2022-07-29,101.192,128.25199999999998,27.06,1.0
2022-08-01,101.197,128.257,27.06,1.0
2022-08-02,101.197,128.257,27.06,1.0
2022-08-03,101.208,128.268,27.06,1.0
2022-08-04,101.218,128.278,27.06,1.0
2022-08-05,101.222,128.28199999999998,27.06,1.0
2022-08-08,101.227,128.287,27.06,1.0
2022-08-09,101.233,128.293,27.06,1.0
2022-08-10,101.237,128.297,27.06,1.0
2022-08-11,101.233,128.293,27.06,1.0
2022-08-12,101.248,128.308,27.06,1.0
2022-08-15,101.255,128.315,27.06,1.0
2022-08-16,101.258,128.31799999999998,27.06,1.0
2022-08-17,101.258,128.31799999999998,27.06,1.0
2022-08-18,101.266,128.326,27.06,1.0
2022-08-19,101.281,128.341,27.06,1.0
2022-08-22,101.279,128.339,27.06,1.0
2022-08-23,101.287,128.347,27.06,1.0
2022-08-24,101.298,128.358,27.06,1.0
2022-08-25,101.291,128.351,27.06,1.0
2022-08-26,101.299,128.359,27.06,1.0
2022-08-29,101.301,128.361,27.06,1.0
2022-08-30,101.311,128.371,27.06,1.0
2022-08-31,101.318,128.378,27.06,1.0
2022-09-01,101.322,128.382,27.06,1.0
2022-09-02,101.329,128.38899999999998,27.06,1.0
2022-09-05,101.335,128.39499999999998,27.06,1.0
2022-09-06,101.337,128.397,27.06,1.0
2022-09-07,101.338,128.398,27.06,1.0
2022-09-08,101.343,128.403,27.06,1.0
2022-09-09,101.348,128.408,27.06,1.0
2022-09-13,101.357,128.417,27.06,1.0
2022-09-14,101.364,128.424,27.06,1.0
2022-09-15,101.379,128.439,27.06,1.0
2022-09-16,101.396,128.456,27.06,1.0
2022-09-19,101.397,128.457,27.06,1.0
2022-09-20,101.398,128.458,27.06,1.0
2022-09-21,101.403,128.463,27.06,1.0
2022-09-22,101.403,128.463,27.06,1.0
2022-09-23,101.418,128.478,27.06,1.0
2022-09-26,101.415,128.475,27.06,1.0
2022-09-27,101.404,128.464,27.06,1.0
2022-09-28,101.418,128.478,27.06,1.0
2022-09-29,101.405,128.465,27.06,1.0
2022-09-30,101.485,128.545,27.06,1.0
2022-10-10,101.481,128.541,27.06,1.0
2022-10-11,101.491,128.551,27.06,1.0
2022-10-12,101.493,128.553,27.06,1.0
2022-10-13,101.499,128.559,27.06,1.0
2022-10-14,101.5,128.56,27.06,1.0
2022-10-17,101.504,128.564,27.06,1.0
2022-10-18,101.511,128.571,27.06,1.0
2022-10-19,101.514,128.57399999999998,27.06,1.0
2022-10-20,101.519,128.579,27.06,1.0
2022-10-21,101.528,128.588,27.06,1.0
2022-10-24,101.534,128.594,27.06,1.0
2022-10-25,101.525,128.585,27.06,1.0
2022-10-26,101.528,128.588,27.06,1.0
2022-10-27,101.536,128.596,27.06,1.0
2022-10-28,101.557,128.617,27.06,1.0
2022-10-31,101.558,128.618,27.06,1.0
2022-11-01,101.552,128.612,27.06,1.0
2022-11-02,101.567,128.62699999999998,27.06,1.0
2022-11-03,101.572,128.632,27.06,1.0
2022-11-04,101.578,128.638,27.06,1.0
2022-11-07,101.577,128.637,27.06,1.0
2022-11-08,101.585,128.64499999999998,27.06,1.0
2022-11-09,101.591,128.65099999999998,27.06,1.0
2022-11-10,101.605,128.665,27.06,1.0
2022-11-11,101.601,128.661,27.06,1.0
2022-11-14,101.593,128.653,27.06,1.0
2022-11-15,101.592,128.652,27.06,1.0
2022-11-16,101.614,128.674,27.06,1.0
2022-11-17,101.612,128.672,27.06,1.0
2022-11-18,101.622,128.682,27.06,1.0
2022-11-21,101.629,128.689,27.06,1.0
2022-11-22,101.637,128.697,27.06,1.0
2022-11-23,101.632,128.692,27.06,1.0
2022-11-24,101.642,128.702,27.06,1.0
2022-11-25,101.65,128.71,27.06,1.0
2022-11-28,101.649,128.709,27.06,1.0
2022-11-29,101.647,128.707,27.06,1.0
2022-11-30,101.665,128.725,27.06,1.0
2022-12-01,101.654,128.714,27.06,1.0
2022-12-02,101.666,128.726,27.06,1.0
2022-12-05,101.672,128.732,27.06,1.0
2022-12-06,101.681,128.74099999999999,27.06,1.0
2022-12-07,101.686,128.746,27.06,1.0
2022-12-08,101.687,128.74699999999999,27.06,1.0
2022-12-09,101.696,128.756,27.06,1.0
2022-12-12,101.699,128.759,27.06,1.0
2022-12-13,101.701,128.761,27.06,1.0
2022-12-14,101.706,128.766,27.06,1.0
2022-12-15,101.731,128.791,27.06,1.0
2022-12-16,101.744,128.804,27.06,1.0
2022-12-19,101.746,128.80599999999998,27.06,1.0
2022-12-20,101.749,128.809,27.06,1.0
2022-12-21,101.743,128.803,27.06,1.0
2022-12-22,101.744,128.804,27.06,1.0
2022-12-23,101.755,128.815,27.06,1.0
2022-12-26,101.75,128.81,27.06,1.0
2022-12-27,101.763,128.823,27.06,1.0
2022-12-28,101.767,128.827,27.06,1.0
2022-12-29,101.729,128.789,27.06,1.0
2022-12-30,100.152,128.929,28.777,1.0
2023-01-03,100.112,128.889,28.777,1.0
2023-01-04,100.115,128.892,28.777,1.0
2023-01-05,100.109,128.886,28.777,1.0
2023-01-06,100.128,128.905,28.777,1.0
2023-01-09,100.132,128.909,28.777,1.0
2023-01-10,100.148,128.925,28.777,1.0
2023-01-11,100.142,128.91899999999998,28.777,1.0
2023-01-12,100.139,128.916,28.777,1.0
2023-01-13,100.153,128.93,28.777,1.0
2023-01-16,100.144,128.921,28.777,1.0
2023-01-17,100.16,128.937,28.777,1.0
2023-01-18,100.184,128.961,28.777,1.0
2023-01-19,100.188,128.965,28.777,1.0
2023-01-20,100.235,129.012,28.777,1.0
2023-01-30,100.228,129.005,28.777,1.0
2023-01-31,100.229,129.006,28.777,1.0
2023-02-01,100.242,129.019,28.777,1.0
2023-02-02,100.276,129.053,28.777,1.0
2023-02-03,100.32,129.09699999999998,28.777,1.0
2023-02-06,100.318,129.095,28.777,1.0
2023-02-07,100.271,129.048,28.777,1.0
2023-02-08,100.276,129.053,28.777,1.0
2023-02-09,100.271,129.048,28.777,1.0
2023-02-10,100.294,129.071,28.777,1.0
2023-02-13,100.293,129.07,28.777,1.0
2023-02-14,100.299,129.07600000000002,28.777,1.0
2023-02-15,100.306,129.083,28.777,1.0
2023-02-16,100.305,129.082,28.777,1.0
2023-02-17,100.326,129.103,28.777,1.0
2023-02-20,100.324,129.101,28.777,1.0
2023-02-21,100.328,129.10500000000002,28.777,1.0
2023-02-22,100.333,129.11,28.777,1.0
2023-02-23,100.342,129.119,28.777,1.0
2023-02-24,100.357,129.13400000000001,28.777,1.0
2023-02-27,100.354,129.131,28.777,1.0
2023-02-28,100.355,129.132,28.777,1.0
2023-03-01,100.367,129.144,28.777,1.0
2023-03-02,100.376,129.15300000000002,28.777,1.0
2023-03-03,100.391,129.168,28.777,1.0
2023-03-06,100.401,129.178,28.777,1.0
2023-03-07,100.415,129.192,28.777,1.0
2023-03-08,100.411,129.188,28.777,1.0
2023-03-09,100.426,129.203,28.777,1.0
2023-03-10,100.438,129.215,28.777,1.0
2023-03-13,100.426,129.203,28.777,1.0
2023-03-14,100.429,129.20600000000002,28.777,1.0
2023-03-15,100.435,129.212,28.777,1.0
2023-03-16,100.436,129.21300000000002,28.777,1.0
2023-03-17,100.445,129.22199999999998,28.777,1.0
2023-03-20,100.454,129.231,28.777,1.0
2023-03-21,100.458,129.235,28.777,1.0
2023-03-22,100.471,129.248,28.777,1.0
2023-03-23,100.484,129.261,28.777,1.0
2023-03-24,100.494,129.27100000000002,28.777,1.0
2023-03-27,100.493,129.26999999999998,28.777,1.0
2023-03-28,100.496,129.273,28.777,1.0
2023-03-29,100.493,129.26999999999998,28.777,1.0
2023-03-30,100.491,129.268,28.777,1.0
2023-03-31,100.488,129.265,28.777,1.0
2023-04-03,100.527,129.304,28.777,1.0
2023-04-04,100.55,129.327,28.777,1.0
2023-04-06,100.569,129.346,28.777,1.0
2023-04-07,100.582,129.35899999999998,28.777,1.0
2023-04-10,100.575,129.352,28.777,1.0
2023-04-11,100.579,129.356,28.777,1.0
2023-04-12,100.589,129.36599999999999,28.777,1.0
2023-04-13,100.596,129.373,28.777,1.0
2023-04-14,100.606,129.38299999999998,28.777,1.0
2023-04-17,100.614,129.39100000000002,28.777,1.0
2023-04-18,100.635,129.412,28.777,1.0
2023-04-19,100.636,129.413,28.777,1.0
2023-04-20,100.633,129.41,28.777,1.0
2023-04-21,100.646,129.423,28.777,1.0
2023-04-24,100.645,129.422,28.777,1.0
2023-04-25,100.648,129.425,28.777,1.0
2023-04-26,100.651,129.428,28.777,1.0
2023-04-27,100.671,129.448,28.777,1.0
2023-04-28,100.692,129.469,28.777,1.0
2023-05-04,100.717,129.494,28.777,1.0
2023-05-05,100.742,129.519,28.777,1.0
2023-05-08,100.735,129.512,28.777,1.0
2023-05-09,100.736,129.513,28.777,1.0
2023-05-10,100.754,129.531,28.777,1.0
2023-05-11,100.784,129.561,28.777,1.0
2023-05-12,100.801,129.578,28.777,1.0
2023-05-15,100.787,129.56400000000002,28.777,1.0
2023-05-16,100.78,129.55700000000002,28.777,1.0
2023-05-17,100.779,129.55599999999998,28.777,1.0
2023-05-18,100.775,129.55200000000002,28.777,1.0
2023-05-19,100.784,129.561,28.777,1.0
2023-05-22,100.789,129.566,28.777,1.0
2023-05-23,100.79,129.567,28.777,1.0
2023-05-24,100.793,129.57,28.777,1.0
2023-05-25,100.798,129.575,28.777,1.0
2023-05-26,100.815,129.59199999999998,28.777,1.0
2023-05-29,100.82,129.59699999999998,28.777,1.0
2023-05-30,100.82,129.59699999999998,28.777,1.0
2023-05-31,100.83,129.607,28.777,1.0
2023-06-01,100.836,129.613,28.777,1.0
2023-06-02,100.851,129.628,28.777,1.0
2023-06-05,100.857,129.63400000000001,28.777,1.0
2023-06-06,100.866,129.643,28.777,1.0
2023-06-07,100.873,129.65,28.777,1.0
2023-06-08,100.878,129.655,28.777,1.0
2023-06-09,100.872,129.649,28.777,1.0
2023-06-12,100.89,129.667,28.777,1.0
2023-06-13,100.892,129.66899999999998,28.777,1.0
2023-06-14,100.897,129.674,28.777,1.0
2023-06-15,100.892,129.66899999999998,28.777,1.0
2023-06-16,100.904,129.68099999999998,28.777,1.0
2023-06-19,100.918,129.695,28.777,1.0
2023-06-20,100.921,129.698,28.777,1.0
2023-06-21,100.943,129.72,28.777,1.0
2023-06-26,100.947,129.724,28.777,1.0
2023-06-27,100.955,129.732,28.777,1.0
2023-06-28,100.95,129.727,28.777,1.0
2023-06-29,100.94,129.71699999999998,28.777,1.0
2023-06-30,100.979,129.756,28.777,1.0
2023-07-03,100.995,129.772,28.777,1.0
2023-07-04,101.004,129.781,28.777,1.0
2023-07-05,101.012,129.789,28.777,1.0
2023-07-06,101.037,129.81400000000002,28.777,1.0
2023-07-07,101.046,129.823,28.777,1.0
2023-07-10,101.036,129.813,28.777,1.0
2023-07-11,101.037,129.81400000000002,28.777,1.0
2023-07-12,101.039,129.816,28.777,1.0
2023-07-13,101.043,129.82,28.777,1.0
2023-07-14,101.057,129.834,28.777,1.0
2023-07-17,101.066,129.84300000000002,28.777,1.0
2023-07-18,101.083,129.86,28.777,1.0
2023-07-19,101.072,129.849,28.777,1.0
2023-07-20,101.081,129.858,28.777,1.0
2023-07-21,101.089,129.86599999999999,28.777,1.0
2023-07-24,101.094,129.87099999999998,28.777,1.0
2023-07-25,101.094,129.87099999999998,28.777,1.0
2023-07-26,101.099,129.876,28.777,1.0
2023-07-27,101.11,129.887,28.777,1.0
2023-07-28,101.1,129.877,28.777,1.0
2023-07-31,101.109,129.886,28.777,1.0
2023-08-01,101.129,129.906,28.777,1.0
2023-08-02,101.14,129.917,28.777,1.0
2023-08-03,101.16,129.937,28.777,1.0
2023-08-04,101.174,129.95100000000002,28.777,1.0
2023-08-07,101.167,129.94400000000002,28.777,1.0
2023-08-08,101.172,129.949,28.777,1.0
2023-08-09,101.172,129.949,28.777,1.0
2023-08-10,101.178,129.95499999999998,28.777,1.0
2023-08-11,101.193,129.97,28.777,1.0
2023-08-14,101.203,129.98000000000002,28.777,1.0
2023-08-15,101.215,129.99200000000002,28.777,1.0
2023-08-16,101.228,130.005,28.777,1.0
2023-08-17,101.204,129.981,28.777,1.0
2023-08-18,101.221,129.998,28.777,1.0
2023-08-21,101.234,130.011,28.777,1.0
2023-08-22,101.224,130.001,28.777,1.0
2023-08-23,101.231,130.00799999999998,28.777,1.0
2023-08-24,101.237,130.014,28.777,1.0
2023-08-25,101.242,130.019,28.777,1.0
2023-08-28,101.244,130.02100000000002,28.777,1.0
2023-08-29,101.245,130.022,28.777,1.0
2023-08-30,101.254,130.031,28.777,1.0
2023-08-31,101.264,130.041,28.777,1.0
2023-09-01,101.306,130.083,28.777,1.0
2023-09-04,101.299,130.07600000000002,28.777,1.0
2023-09-05,101.291,130.06799999999998,28.777,1.0
2023-09-06,101.293,130.07,28.777,1.0
2023-09-07,101.301,130.078,28.777,1.0
2023-09-08,101.309,130.086,28.777,1.0
2023-09-11,101.312,130.089,28.777,1.0
2023-09-12,101.314,130.091,28.777,1.0
2023-09-13,101.322,130.099,28.777,1.0
2023-09-14,101.32,130.09699999999998,28.777,1.0
2023-09-15,101.331,130.108,28.777,1.0
2023-09-18,101.335,130.112,28.777,1.0
2023-09-19,101.338,130.115,28.777,1.0
2023-09-20,101.342,130.119,28.777,1.0
2023-09-21,101.341,130.118,28.777,1.0
2023-09-22,101.346,130.123,28.777,1.0
2023-09-25,101.367,130.144,28.777,1.0
2023-09-26,101.368,130.14499999999998,28.777,1.0
2023-09-27,101.377,130.154,28.777,1.0
2023-09-28,101.446,130.223,28.777,1.0
2023-10-09,101.467,130.244,28.777,1.0
2023-10-10,101.486,130.263,28.777,1.0
2023-10-11,101.472,130.249,28.777,1.0
2023-10-12,101.473,130.25,28.777,1.0
2023-10-13,101.491,130.268,28.777,1.0
2023-10-16,101.491,130.268,28.777,1.0
2023-10-17,101.497,130.274,28.777,1.0
2023-10-18,101.518,130.29500000000002,28.777,1.0
2023-10-19,101.529,130.30599999999998,28.777,1.0
2023-10-20,101.526,130.303,28.777,1.0
2023-10-23,101.529,130.30599999999998,28.777,1.0
2023-10-24,101.529,130.30599999999998,28.777,1.0
2023-10-25,101.517,130.29399999999998,28.777,1.0
2023-10-26,101.516,130.293,28.777,1.0
2023-10-27,101.53,130.30700000000002,28.777,1.0
2023-10-30,101.538,130.315,28.777,1.0
2023-10-31,101.547,130.324,28.777,1.0
2023-11-01,101.572,130.349,28.777,1.0
2023-11-02,101.583,130.36,28.777,1.0
2023-11-03,101.574,130.351,28.777,1.0
2023-11-06,101.57,130.34699999999998,28.777,1.0
2023-11-07,101.586,130.363,28.777,1.0
2023-11-08,101.588,130.365,28.777,1.0
2023-11-09,101.593,130.37,28.777,1.0
2023-11-10,101.607,130.38400000000001,28.777,1.0
2023-11-13,101.611,130.388,28.777,1.0
2023-11-14,101.614,130.39100000000002,28.777,1.0
2023-11-15,101.614,130.39100000000002,28.777,1.0
2023-11-16,101.634,130.411,28.777,1.0
2023-11-17,101.642,130.41899999999998,28.777,1.0
2023-11-20,101.659,130.436,28.777,1.0
2023-11-21,101.658,130.435,28.777,1.0
2023-11-22,101.663,130.44,28.777,1.0
2023-11-23,101.668,130.445,28.777,1.0
2023-11-24,101.692,130.469,28.777,1.0
2023-11-27,101.684,130.461,28.777,1.0
2023-11-28,101.683,130.46,28.777,1.0
2023-11-29,101.683,130.46,28.777,1.0
2023-11-30,101.691,130.46800000000002,28.777,1.0
2023-12-01,101.721,130.498,28.777,1.0
2023-12-04,101.724,130.501,28.777,1.0
2023-12-05,101.727,130.50400000000002,28.777,1.0
2023-12-06,101.728,130.505,28.777,1.0
2023-12-07,101.738,130.515,28.777,1.0
2023-12-08,101.723,130.5,28.777,1.0
2023-12-11,101.745,130.522,28.777,1.0
2023-12-12,101.763,130.54000000000002,28.777,1.0
2023-12-13,101.776,130.553,28.777,1.0
2023-12-14,101.777,130.554,28.777,1.0
2023-12-15,101.784,130.561,28.777,1.0
2023-12-18,101.785,130.562,28.777,1.0
2023-12-19,101.788,130.565,28.777,1.0
2023-12-20,101.796,130.573,28.777,1.0
2023-12-21,101.792,130.56900000000002,28.777,1.0
2023-12-22,101.811,130.58800000000002,28.777,1.0
2023-12-25,101.823,130.6,28.777,1.0
2023-12-26,101.822,130.599,28.777,1.0
2023-12-27,101.825,130.602,28.777,1.0
2023-12-28,101.809,130.586,28.777,1.0
2023-12-29,100.083,130.643,30.56,1.0
2024-01-02,100.111,130.671,30.56,1.0
2024-01-03,100.113,130.673,30.56,1.0
2024-01-04,100.12,130.68,30.56,1.0
2024-01-05,100.138,130.698,30.56,1.0
2024-01-08,100.138,130.698,30.56,1.0
2024-01-09,100.142,130.702,30.56,1.0
2024-01-10,100.15,130.71,30.56,1.0
2024-01-11,100.148,130.708,30.56,1.0
2024-01-12,100.17,130.73,30.56,1.0
2024-01-15,100.179,130.739,30.56,1.0
2024-01-16,100.178,130.738,30.56,1.0
2024-01-17,100.182,130.742,30.56,1.0
2024-01-18,100.191,130.751,30.56,1.0
2024-01-19,100.208,130.768,30.56,1.0
2024-01-22,100.224,130.784,30.56,1.0
2024-01-23,100.216,130.77599999999998,30.56,1.0
2024-01-24,100.216,130.77599999999998,30.56,1.0
2024-01-25,100.205,130.765,30.56,1.0
2024-01-26,100.233,130.793,30.56,1.0
2024-01-29,100.241,130.801,30.56,1.0
2024-01-30,100.254,130.814,30.56,1.0
2024-01-31,100.26,130.82,30.56,1.0
2024-02-01,100.268,130.828,30.56,1.0
2024-02-02,100.28,130.84,30.56,1.0
2024-02-05,100.287,130.847,30.56,1.0
2024-02-06,100.279,130.839,30.56,1.0
2024-02-07,100.297,130.857,30.56,1.0
2024-02-08,100.393,130.953,30.56,1.0
2024-02-19,100.346,130.906,30.56,1.0
2024-02-20,100.353,130.91299999999998,30.56,1.0
2024-02-21,100.35,130.91,30.56,1.0
2024-02-22,100.353,130.91299999999998,30.56,1.0
2024-02-23,100.369,130.929,30.56,1.0
2024-02-26,100.376,130.936,30.56,1.0
2024-02-27,100.378,130.938,30.56,1.0
2024-02-28,100.377,130.93699999999998,30.56,1.0
2024-02-29,100.374,130.934,30.56,1.0
2024-03-01,100.402,130.962,30.56,1.0
2024-03-04,100.413,130.97299999999998,30.56,1.0
2024-03-05,100.422,130.982,30.56,1.0
2024-03-06,100.429,130.989,30.56,1.0
2024-03-07,100.432,130.992,30.56,1.0
2024-03-08,100.442,131.00199999999998,30.56,1.0
2024-03-11,100.444,131.004,30.56,1.0
2024-03-12,100.449,131.009,30.56,1.0
2024-03-13,100.454,131.01399999999998,30.56,1.0
2024-03-14,100.463,131.023,30.56,1.0
2024-03-15,100.478,131.03799999999998,30.56,1.0
2024-03-18,100.483,131.043,30.56,1.0
2024-03-19,100.486,131.046,30.56,1.0
2024-03-20,100.492,131.052,30.56,1.0
2024-03-21,100.498,131.058,30.56,1.0
2024-03-22,100.514,131.07399999999998,30.56,1.0
2024-03-25,100.532,131.09199999999998,30.56,1.0
2024-03-26,100.529,131.089,30.56,1.0
2024-03-27,100.52,131.07999999999998,30.56,1.0
2024-03-28,100.513,131.073,30.56,1.0
2024-03-29,100.568,131.128,30.56,1.0
2024-04-01,100.559,131.119,30.56,1.0
2024-04-02,100.59,131.15,30.56,1.0
2024-04-03,100.62,131.18,30.56,1.0
2024-04-08,100.633,131.19299999999998,30.56,1.0
2024-04-09,100.622,131.182,30.56,1.0
2024-04-10,100.622,131.182,30.56,1.0
2024-04-11,100.602,131.162,30.56,1.0
2024-04-12,100.618,131.178,30.56,1.0
2024-04-15,100.618,131.178,30.56,1.0
2024-04-16,100.626,131.186,30.56,1.0
2024-04-17,100.624,131.184,30.56,1.0
2024-04-18,100.632,131.192,30.56,1.0
2024-04-19,100.644,131.204,30.56,1.0
2024-04-22,100.648,131.208,30.56,1.0
2024-04-23,100.654,131.214,30.56,1.0
2024-04-24,100.654,131.214,30.56,1.0
2024-04-25,100.662,131.222,30.56,1.0
2024-04-26,100.662,131.222,30.56,1.0
2024-04-29,100.672,131.232,30.56,1.0
2024-04-30,100.705,131.265,30.56,1.0
2024-05-06,100.706,131.266,30.56,1.0
2024-05-07,100.715,131.275,30.56,1.0
2024-05-08,100.721,131.281,30.56,1.0
2024-05-09,100.718,131.278,30.56,1.0
2024-05-10,100.739,131.299,30.56,1.0
2024-05-13,100.738,131.298,30.56,1.0
2024-05-14,100.743,131.303,30.56,1.0
2024-05-15,100.747,131.307,30.56,1.0
2024-05-16,100.749,131.309,30.56,1.0
2024-05-17,100.758,131.31799999999998,30.56,1.0
2024-05-20,100.767,131.327,30.56,1.0
2024-05-21,100.77,131.32999999999998,30.56,1.0
2024-05-22,100.776,131.33599999999998,30.56,1.0
2024-05-23,100.796,131.356,30.56,1.0
2024-05-24,100.818,131.378,30.56,1.0
2024-05-27,100.81,131.37,30.56,1.0
2024-05-28,100.807,131.367,30.56,1.0
2024-05-29,100.8,131.35999999999999,30.56,1.0
2024-05-30,100.816,131.376,30.56,1.0
2024-05-31,100.818,131.378,30.56,1.0
2024-06-03,100.831,131.391,30.56,1.0
2024-06-04,100.83,131.39,30.56,1.0
2024-06-05,100.838,131.398,30.56,1.0
2024-06-06,100.846,131.406,30.56,1.0
2024-06-07,100.861,131.421,30.56,1.0
2024-06-11,100.861,131.421,30.56,1.0
2024-06-12,100.863,131.423,30.56,1.0
2024-06-13,100.865,131.42499999999998,30.56,1.0
2024-06-14,100.87,131.43,30.56,1.0
2024-06-17,100.882,131.442,30.56,1.0
2024-06-18,100.886,131.446,30.56,1.0
2024-06-19,100.891,131.451,30.56,1.0
2024-06-20,100.896,131.456,30.56,1.0
2024-06-21,100.906,131.466,30.56,1.0
2024-06-24,100.913,131.47299999999998,30.56,1.0
2024-06-25,100.913,131.47299999999998,30.56,1.0
2024-06-26,100.916,131.476,30.56,1.0
2024-06-27,100.925,131.48499999999999,30.56,1.0
2024-06-28,100.933,131.493,30.56,1.0
2024-07-01,100.947,131.507,30.56,1.0
2024-07-02,100.959,131.519,30.56,1.0
2024-07-03,100.954,131.51399999999998,30.56,1.0
2024-07-04,100.963,131.523,30.56,1.0
2024-07-05,100.969,131.529,30.56,1.0
2024-07-08,100.972,131.53199999999998,30.56,1.0
2024-07-09,100.967,131.527,30.56,1.0
2024-07-10,100.973,131.533,30.56,1.0
2024-07-11,100.974,131.534,30.56,1.0
2024-07-12,100.986,131.546,30.56,1.0
2024-07-15,100.996,131.55599999999998,30.56,1.0
2024-07-16,100.995,131.555,30.56,1.0
2024-07-17,100.999,131.559,30.56,1.0
2024-07-18,101.0,131.56,30.56,1.0
2024-07-19,101.017,131.577,30.56,1.0
2024-07-22,101.013,131.573,30.56,1.0
2024-07-23,101.019,131.579,30.56,1.0
2024-07-24,101.022,131.582,30.56,1.0
2024-07-25,101.024,131.584,30.56,1.0
2024-07-26,101.035,131.595,30.56,1.0
2024-07-29,101.04,131.6,30.56,1.0
2024-07-30,101.044,131.60399999999998,30.56,1.0
2024-07-31,101.038,131.59799999999998,30.56,1.0
2024-08-01,101.053,131.613,30.56,1.0
2024-08-02,101.069,131.629,30.56,1.0
2024-08-05,101.079,131.63899999999998,30.56,1.0
2024-08-06,101.079,131.63899999999998,30.56,1.0
2024-08-07,101.084,131.644,30.56,1.0
2024-08-08,101.079,131.63899999999998,30.56,1.0
2024-08-09,101.095,131.655,30.56,1.0
2024-08-12,101.099,131.659,30.56,1.0
2024-08-13,101.101,131.661,30.56,1.0
2024-08-14,101.103,131.66299999999998,30.56,1.0
2024-08-15,101.106,131.666,30.56,1.0
2024-08-16,101.121,131.68099999999998,30.56,1.0
2024-08-19,101.122,131.682,30.56,1.0
2024-08-20,101.129,131.689,30.56,1.0
2024-08-21,101.127,131.68699999999998,30.56,1.0
2024-08-22,101.14,131.7,30.56,1.0
2024-08-23,101.144,131.704,30.56,1.0
2024-08-26,101.146,131.706,30.56,1.0
2024-08-27,101.15,131.71,30.56,1.0
2024-08-28,101.154,131.714,30.56,1.0
2024-08-29,101.151,131.71099999999998,30.56,1.0
2024-08-30,101.159,131.719,30.56,1.0
2024-09-02,101.189,131.749,30.56,1.0
2024-09-03,101.182,131.742,30.56,1.0
2024-09-04,101.187,131.74699999999999,30.56,1.0
2024-09-05,101.194,131.754,30.56,1.0
2024-09-06,101.206,131.766,30.56,1.0
2024-09-09,101.199,131.759,30.56,1.0
2024-09-10,101.201,131.761,30.56,1.0
2024-09-11,101.204,131.76399999999998,30.56,1.0
2024-09-12,101.203,131.763,30.56,1.0
2024-09-13,101.228,131.78799999999998,30.56,1.0
2024-09-18,101.221,131.781,30.56,1.0
2024-09-19,101.222,131.78199999999998,30.56,1.0
2024-09-20,101.248,131.808,30.56,1.0
2024-09-23,101.249,131.809,30.56,1.0
2024-09-24,101.235,131.795,30.56,1.0
2024-09-25,101.255,131.815,30.56,1.0
2024-09-26,101.246,131.80599999999998,30.56,1.0
2024-09-27,101.315,131.875,30.56,1.0
2024-09-30,101.294,131.85399999999998,30.56,1.0
2024-10-08,101.3,131.85999999999999,30.56,1.0
2024-10-09,101.318,131.878,30.56,1.0
2024-10-10,101.378,131.938,30.56,1.0
2024-10-11,101.472,132.03199999999998,30.56,1.0
2024-10-14,101.488,132.048,30.56,1.0
2024-10-15,101.379,131.939,30.56,1.0
2024-10-16,101.336,131.896,30.56,1.0
2024-10-17,101.341,131.90099999999998,30.56,1.0
2024-10-18,101.292,131.852,30.56,1.0
2024-10-21,101.348,131.908,30.56,1.0
2024-10-22,101.355,131.915,30.56,1.0
2024-10-23,101.357,131.917,30.56,1.0
2024-10-24,101.373,131.933,30.56,1.0
2024-10-25,101.372,131.932,30.56,1.0
2024-10-28,101.378,131.938,30.56,1.0
2024-10-29,101.379,131.939,30.56,1.0
2024-10-30,101.385,131.945,30.56,1.0
2024-10-31,101.394,131.954,30.56,1.0
2024-11-01,101.41,131.97,30.56,1.0
2024-11-04,101.413,131.97299999999998,30.56,1.0
2024-11-05,101.406,131.966,30.56,1.0
2024-11-06,101.419,131.97899999999998,30.56,1.0
2024-11-07,101.407,131.96699999999998,30.56,1.0
2024-11-08,101.43,131.99,30.56,1.0
2024-11-11,101.433,131.993,30.56,1.0
2024-11-12,101.441,132.001,30.56,1.0
2024-11-13,101.44,132.0,30.56,1.0
2024-11-14,101.444,132.004,30.56,1.0
2024-11-15,101.448,132.00799999999998,30.56,1.0
2024-11-18,101.451,132.011,30.56,1.0
2024-11-19,101.453,132.013,30.56,1.0
2024-11-20,101.465,132.025,30.56,1.0
2024-11-21,101.47,132.03,30.56,1.0
2024-11-22,101.49,132.04999999999998,30.56,1.0
2024-11-25,101.48,132.04,30.56,1.0
2024-11-26,101.485,132.045,30.56,1.0
2024-11-27,101.482,132.042,30.56,1.0
2024-11-28,101.495,132.055,30.56,1.0
2024-11-29,101.496,132.05599999999998,30.56,1.0
2024-12-02,101.508,132.06799999999998,30.56,1.0
2024-12-03,101.513,132.073,30.56,1.0
2024-12-04,101.525,132.085,30.56,1.0
2024-12-05,101.523,132.083,30.56,1.0
2024-12-06,101.524,132.084,30.56,1.0
2024-12-09,101.531,132.091,30.56,1.0
2024-12-10,101.528,132.088,30.56,1.0
2024-12-11,101.533,132.093,30.56,1.0
2024-12-12,101.543,132.103,30.56,1.0
2024-12-13,101.559,132.119,30.56,1.0
2024-12-16,101.563,132.123,30.56,1.0
2024-12-17,101.564,132.124,30.56,1.0
2024-12-18,101.565,132.125,30.56,1.0
2024-12-19,101.566,132.126,30.56,1.0
2024-12-20,101.576,132.136,30.56,1.0
2024-12-23,101.578,132.138,30.56,1.0
2024-12-24,101.578,132.138,30.56,1.0
2024-12-25,101.585,132.14499999999998,30.56,1.0
2024-12-26,101.586,132.146,30.56,1.0
2024-12-27,101.602,132.162,30.56,1.0
2024-12-30,101.613,132.173,30.56,1.0
2024-12-31,100.093,132.20510000000002,32.1121,1.0
2025-01-02,100.071,132.1831,32.1121,1.0
2025-01-03,100.079,132.1911,32.1121,1.0
2025-01-06,100.081,132.19310000000002,32.1121,1.0
2025-01-07,100.089,132.2011,32.1121,1.0
2025-01-08,100.122,132.2341,32.1121,1.0
2025-01-09,100.11,132.2221,32.1121,1.0
2025-01-10,100.119,132.2311,32.1121,1.0
2025-01-13,100.103,132.2151,32.1121,1.0
2025-01-14,100.095,132.2071,32.1121,1.0
2025-01-15,100.114,132.2261,32.1121,1.0
2025-01-16,100.105,132.21710000000002,32.1121,1.0
2025-01-17,100.113,132.2251,32.1121,1.0
2025-01-20,100.107,132.2191,32.1121,1.0
2025-01-21,100.12,132.2321,32.1121,1.0
2025-01-22,100.129,132.24110000000002,32.1121,1.0
2025-01-23,100.123,132.2351,32.1121,1.0
2025-01-24,100.125,132.2371,32.1121,1.0
2025-01-27,100.19,132.3021,32.1121,1.0
2025-02-05,100.2,132.3121,32.1121,1.0
2025-02-06,100.191,132.3031,32.1121,1.0
2025-02-07,100.195,132.3071,32.1121,1.0
2025-02-10,100.196,132.3081,32.1121,1.0
2025-02-11,100.205,132.31709999999998,32.1121,1.0
2025-02-12,100.203,132.3151,32.1121,1.0
2025-02-13,100.21,132.32209999999998,32.1121,1.0
2025-02-14,100.229,132.34109999999998,32.1121,1.0
2025-02-17,100.235,132.3471,32.1121,1.0
2025-02-18,100.224,132.3361,32.1121,1.0
2025-02-19,100.223,132.3351,32.1121,1.0
2025-02-20,100.235,132.3471,32.1121,1.0
2025-02-21,100.232,132.3441,32.1121,1.0
2025-02-24,100.245,132.3571,32.1121,1.0
2025-02-25,100.25,132.3621,32.1121,1.0
2025-02-26,100.249,132.3611,32.1121,1.0
2025-02-27,100.258,132.37009999999998,32.1121,1.0
2025-02-28,100.267,132.3791,32.1121,1.0
2025-03-03,100.276,132.3881,32.1121,1.0
2025-03-04,100.281,132.3931,32.1121,1.0
2025-03-05,100.291,132.4031,32.1121,1.0
2025-03-06,100.282,132.39409999999998,32.1121,1.0
2025-03-07,100.291,132.4031,32.1121,1.0
2025-03-10,100.298,132.4101,32.1121,1.0
2025-03-11,100.305,132.4171,32.1121,1.0
2025-03-12,100.308,132.4201,32.1121,1.0
2025-03-13,100.324,132.4361,32.1121,1.0
2025-03-14,100.312,132.4241,32.1121,1.0
2025-03-17,100.314,132.4261,32.1121,1.0
2025-03-18,100.306,132.41809999999998,32.1121,1.0
2025-03-19,100.321,132.4331,32.1121,1.0
2025-03-20,100.34,132.4521,32.1121,1.0
2025-03-21,100.372,132.4841,32.1121,1.0
2025-03-24,100.38,132.4921,32.1121,1.0
2025-03-25,100.393,132.5051,32.1121,1.0
2025-03-26,100.378,132.49009999999998,32.1121,1.0
2025-03-27,100.365,132.4771,32.1121,1.0
2025-03-28,100.363,132.4751,32.1121,1.0
2025-03-31,100.37,132.4821,32.1121,1.0
2025-04-01,100.391,132.50310000000002,32.1121,1.0
2025-04-02,100.399,132.5111,32.1121,1.0
2025-04-03,100.404,132.5161,32.1121,1.0
2025-04-07,100.395,132.50709999999998,32.1121,1.0
2025-04-08,100.403,132.51510000000002,32.1121,1.0
2025-04-09,100.408,132.5201,32.1121,1.0
2025-04-10,100.411,132.5231,32.1121,1.0
2025-04-11,100.418,132.5301,32.1121,1.0
2025-04-14,100.425,132.5371,32.1121,1.0
2025-04-15,100.434,132.5461,32.1121,1.0
2025-04-16,100.439,132.5511,32.1121,1.0
2025-04-17,100.435,132.5471,32.1121,1.0
2025-04-18,100.442,132.5541,32.1121,1.0
2025-04-21,100.439,132.5511,32.1121,1.0
2025-04-22,100.444,132.55610000000001,32.1121,1.0
2025-04-23,100.444,132.55610000000001,32.1121,1.0
2025-04-24,100.451,132.5631,32.1121,1.0
2025-04-25,100.457,132.5691,32.1121,1.0
2025-04-28,100.455,132.56709999999998,32.1121,1.0
2025-04-29,100.457,132.5691,32.1121,1.0
2025-04-30,100.482,132.5941,32.1121,1.0
2025-05-06,100.482,132.5941,32.1121,1.0
2025-05-07,100.485,132.5971,32.1121,1.0
2025-05-08,100.49,132.6021,32.1121,1.0
2025-05-09,100.502,132.6141,32.1121,1.0
2025-05-12,100.503,132.61509999999998,32.1121,1.0
2025-05-13,100.509,132.6211,32.1121,1.0
2025-05-14,100.511,132.6231,32.1121,1.0
2025-05-15,100.524,132.6361,32.1121,1.0
2025-05-16,100.528,132.64010000000002,32.1121,1.0
2025-05-19,100.536,132.6481,32.1121,1.0
2025-05-20,100.533,132.6451,32.1121,1.0
2025-05-21,100.535,132.6471,32.1121,1.0
2025-05-22,100.543,132.6551,32.1121,1.0
2025-05-23,100.551,132.6631,32.1121,1.0
2025-05-26,100.55,132.6621,32.1121,1.0
2025-05-27,100.549,132.6611,32.1121,1.0
2025-05-28,100.554,132.6661,32.1121,1.0
2025-05-29,100.556,132.66809999999998,32.1121,1.0
2025-05-30,100.579,132.6911,32.1121,1.0
2025-06-03,100.575,132.6871,32.1121,1.0
2025-06-04,100.577,132.6891,32.1121,1.0
2025-06-05,100.579,132.6911,32.1121,1.0
2025-06-06,100.591,132.7031,32.1121,1.0
2025-06-09,100.591,132.7031,32.1121,1.0
2025-06-10,100.596,132.7081,32.1121,1.0
2025-06-11,100.596,132.7081,32.1121,1.0
2025-06-12,100.599,132.7111,32.1121,1.0
2025-06-13,100.613,132.7251,32.1121,1.0
2025-06-16,100.612,132.7241,32.1121,1.0
2025-06-17,100.613,132.7251,32.1121,1.0
2025-06-18,100.627,132.7391,32.1121,1.0
2025-06-19,100.64,132.75209999999998,32.1121,1.0
2025-06-20,100.643,132.7551,32.1121,1.0
2025-06-23,100.637,132.7491,32.1121,1.0
2025-06-24,100.637,132.7491,32.1121,1.0
2025-06-25,100.636,132.7481,32.1121,1.0
2025-06-26,100.644,132.7561,32.1121,1.0
2025-06-27,100.662,132.7741,32.1121,1.0
2025-06-30,100.711,132.8231,32.1121,1.0
2025-07-01,100.671,132.7831,32.1121,1.0
2025-07-02,100.67,132.7821,32.1121,1.0
2025-07-03,100.678,132.7901,32.1121,1.0
2025-07-04,100.7,132.8121,32.1121,1.0
2025-07-07,100.693,132.80509999999998,32.1121,1.0
2025-07-08,100.683,132.7951,32.1121,1.0
2025-07-09,100.684,132.7961,32.1121,1.0
2025-07-10,100.69,132.8021,32.1121,1.0
2025-07-11,100.695,132.8071,32.1121,1.0
2025-07-14,100.701,132.8131,32.1121,1.0
2025-07-15,100.709,132.8211,32.1121,1.0
2025-07-16,100.715,132.8271,32.1121,1.0
2025-07-17,100.718,132.83010000000002,32.1121,1.0
2025-07-18,100.721,132.8331,32.1121,1.0
2025-07-21,100.721,132.8331,32.1121,1.0
2025-07-22,100.72,132.8321,32.1121,1.0
2025-07-23,100.726,132.8381,32.1121,1.0
2025-07-24,100.733,132.8451,32.1121,1.0
2025-07-25,100.745,132.8571,32.1121,1.0
2025-07-28,100.748,132.8601,32.1121,1.0
2025-07-29,100.743,132.8551,32.1121,1.0
2025-07-30,100.749,132.8611,32.1121,1.0
2025-07-31,100.774,132.8861,32.1121,1.0
2025-08-01,100.798,132.9101,32.1121,1.0
2025-08-04,100.778,132.89010000000002,32.1121,1.0
2025-08-05,100.767,132.8791,32.1121,1.0
2025-08-06,100.768,132.8801,32.1121,1.0
2025-08-07,100.776,132.8881,32.1121,1.0
2025-08-08,100.78,132.8921,32.1121,1.0
2025-08-11,100.774,132.8861,32.1121,1.0
2025-08-12,100.784,132.8961,32.1121,1.0
2025-08-13,100.787,132.8991,32.1121,1.0
2025-08-14,100.794,132.90609999999998,32.1121,1.0
2025-08-15,100.801,132.9131,32.1121,1.0
2025-08-18,100.801,132.9131,32.1121,1.0
2025-08-19,100.805,132.9171,32.1121,1.0
2025-08-20,100.817,132.9291,32.1121,1.0
2025-08-21,100.845,132.9571,32.1121,1.0
2025-08-22,100.833,132.9451,32.1121,1.0
2025-08-25,100.827,132.9391,32.1121,1.0
2025-08-26,100.83,132.94209999999998,32.1121,1.0
2025-08-27,100.837,132.9491,32.1121,1.0
2025-08-28,100.859,132.97109999999998,32.1121,1.0
2025-08-29,100.884,132.9961,32.1121,1.0
2025-09-01,100.902,133.01409999999998,32.1121,1.0
2025-09-02,100.924,133.0361,32.1121,1.0
2025-09-03,100.891,133.00310000000002,32.1121,1.0
2025-09-04,100.872,132.9841,32.1121,1.0
2025-09-05,100.854,132.96609999999998,32.1121,1.0
2025-09-08,100.862,132.9741,32.1121,1.0
2025-09-09,100.865,132.9771,32.1121,1.0
2025-09-10,100.869,132.9811,32.1121,1.0
2025-09-11,100.872,132.9841,32.1121,1.0
2025-09-12,100.881,132.9931,32.1121,1.0
2025-09-15,100.885,132.9971,32.1121,1.0
2025-09-16,100.877,132.9891,32.1121,1.0
2025-09-17,100.887,132.9991,32.1121,1.0
2025-09-18,100.912,133.0241,32.1121,1.0
2025-09-19,100.916,133.0281,32.1121,1.0
2025-09-22,100.912,133.0241,32.1121,1.0
2025-09-23,100.925,133.0371,32.1121,1.0
2025-09-24,100.907,133.01909999999998,32.1121,1.0
2025-09-25,100.91,133.0221,32.1121,1.0
2025-09-26,100.925,133.0371,32.1121,1.0
2025-09-29,100.928,133.0401,32.1121,1.0
2025-09-30,100.98,133.09210000000002,32.1121,1.0
2025-10-09,100.948,133.06009999999998,32.1121,1.0
2025-10-10,100.972,133.08409999999998,32.1121,1.0
2025-10-13,100.969,133.0811,32.1121,1.0
2025-10-14,100.98,133.09210000000002,32.1121,1.0
2025-10-15,100.974,133.0861,32.1121,1.0
2025-10-16,100.991,133.10309999999998,32.1121,1.0
2025-10-17,101.013,133.1251,32.1121,1.0
2025-10-20,101.033,133.1451,32.1121,1.0
2025-10-21,101.0,133.1121,32.1121,1.0
2025-10-22,101.007,133.1191,32.1121,1.0
2025-10-23,101.002,133.1141,32.1121,1.0
2025-10-24,101.011,133.1231,32.1121,1.0
2025-10-27,101.007,133.1191,32.1121,1.0
2025-10-28,101.009,133.1211,32.1121,1.0
2025-10-29,101.012,133.1241,32.1121,1.0
2025-10-30,101.041,133.1531,32.1121,1.0
2025-10-31,101.026,133.1381,32.1121,1.0
2025-11-03,101.028,133.14010000000002,32.1121,1.0
2025-11-04,101.043,133.1551,32.1121,1.0
2025-11-05,101.048,133.1601,32.1121,1.0
2025-11-06,101.056,133.16809999999998,32.1121,1.0
2025-11-07,101.058,133.1701,32.1121,1.0
2025-11-10,101.052,133.16410000000002,32.1121,1.0
2025-11-11,101.058,133.1701,32.1121,1.0
2025-11-12,101.059,133.1711,32.1121,1.0
2025-11-13,101.066,133.1781,32.1121,1.0
2025-11-14,101.075,133.1871,32.1121,1.0
2025-11-17,101.074,133.1861,32.1121,1.0
2025-11-18,101.08,133.19209999999998,32.1121,1.0
2025-11-19,101.085,133.19709999999998,32.1121,1.0
2025-11-20,101.105,133.21710000000002,32.1121,1.0
2025-11-21,101.105,133.21710000000002,32.1121,1.0
2025-11-24,101.098,133.2101,32.1121,1.0
2025-11-25,101.104,133.21609999999998,32.1121,1.0
2025-11-26,101.107,133.2191,32.1121,1.0
2025-11-27,101.106,133.2181,32.1121,1.0
2025-11-28,101.114,133.2261,32.1121,1.0
2025-12-01,101.117,133.22910000000002,32.1121,1.0
2025-12-02,101.135,133.2471,32.1121,1.0
2025-12-03,101.146,133.2581,32.1121,1.0
2025-12-04,101.132,133.2441,32.1121,1.0
2025-12-05,101.134,133.2461,32.1121,1.0
2025-12-08,101.133,133.24509999999998,32.1121,1.0
2025-12-09,101.137,133.2491,32.1121,1.0
2025-12-10,101.142,133.2541,32.1121,1.0
2025-12-11,101.153,133.26510000000002,32.1121,1.0
2025-12-12,101.146,133.2581,32.1121,1.0
2025-12-15,101.151,133.2631,32.1121,1.0
2025-12-16,101.164,133.27609999999999,32.1121,1.0
2025-12-17,101.157,133.26909999999998,32.1121,1.0
2025-12-18,101.166,133.2781,32.1121,1.0
2025-12-19,101.17,133.2821,32.1121,1.0
2025-12-22,101.17,133.2821,32.1121,1.0
2025-12-23,101.176,133.2881,32.1121,1.0
2025-12-24,101.177,133.28910000000002,32.1121,1.0
2025-12-25,101.178,133.2901,32.1121,1.0
2025-12-26,101.187,133.2991,32.1121,1.0
2025-12-29,101.195,133.3071,32.1121,1.0
2025-12-30,101.192,133.3041,32.1121,1.0
2025-12-31,100.075,133.3424,33.2674,1.0
2026-01-05,100.055,133.32240000000002,33.2674,1.0
2026-01-06,100.048,133.3154,33.2674,1.0
2026-01-07,100.064,133.3314,33.2674,1.0
2026-01-08,100.068,133.3354,33.2674,1.0
2026-01-09,100.074,133.3414,33.2674,1.0
2026-01-12,100.072,133.3394,33.2674,1.0
2026-01-13,100.084,133.3514,33.2674,1.0
2026-01-14,100.088,133.3554,33.2674,1.0
2026-01-15,100.107,133.3744,33.2674,1.0
2026-01-16,100.128,133.3954,33.2674,1.0
2026-01-19,100.122,133.3894,33.2674,1.0
2026-01-20,100.119,133.3864,33.2674,1.0
2026-01-21,100.107,133.3744,33.2674,1.0
2026-01-22,100.114,133.3814,33.2674,1.0
2026-01-23,100.12,133.3874,33.2674,1.0
2026-01-26,100.127,133.3944,33.2674,1.0
2026-01-27,100.132,133.3994,33.2674,1.0
2026-01-28,100.13,133.3974,33.2674,1.0
2026-01-29,100.129,133.3964,33.2674,1.0
2026-01-30,100.137,133.4044,33.2674,1.0
2026-02-02,100.158,133.4254,33.2674,1.0
2026-02-03,100.145,133.4124,33.2674,1.0
2026-02-04,100.153,133.4204,33.2674,1.0
2026-02-05,100.169,133.4364,33.2674,1.0
2026-02-06,100.17,133.4374,33.2674,1.0
2026-02-09,100.16,133.4274,33.2674,1.0
2026-02-10,100.166,133.4334,33.2674,1.0
2026-02-11,100.176,133.4434,33.2674,1.0
2026-02-12,100.187,133.4544,33.2674,1.0
2026-02-13,100.22,133.4874,33.2674,1.0
2026-02-24,100.207,133.4744,33.2674,1.0
2026-02-25,100.207,133.4744,33.2674,1.0
2026-02-26,100.208,133.4754,33.2674,1.0
2026-02-27,100.214,133.4814,33.2674,1.0
2026-03-02,100.227,133.4944,33.2674,1.0
2026-03-03,100.245,133.5124,33.2674,1.0
2026-03-04,100.263,133.53040000000001,33.2674,1.0
2026-03-05,100.251,133.5184,33.2674,1.0
2026-03-06,100.243,133.5104,33.2674,1.0
2026-03-09,100.245,133.5124,33.2674,1.0
2026-03-10,100.246,133.5134,33.2674,1.0
2026-03-11,100.253,133.5204,33.2674,1.0
2026-03-12,100.256,133.5234,33.2674,1.0
2026-03-13,100.266,133.5334,33.2674,1.0
2026-03-16,100.265,133.5324,33.2674,1.0
2026-03-17,100.287,133.55440000000002,33.2674,1.0
2026-03-18,100.276,133.5434,33.2674,1.0
2026-03-19,100.288,133.5554,33.2674,1.0
2026-03-20,100.285,133.5524,33.2674,1.0
2026-03-23,100.279,133.5464,33.2674,1.0
2026-03-24,100.283,133.5504,33.2674,1.0
2026-03-25,100.285,133.5524,33.2674,1.0
2026-03-26,100.298,133.5654,33.2674,1.0
2026-03-27,100.296,133.5634,33.2674,1.0
2026-03-30,100.296,133.5634,33.2674,1.0
2026-03-31,100.312,133.5794,33.2674,1.0
2026-04-01,100.312,133.5794,33.2674,1.0
2026-04-02,100.327,133.5944,33.2674,1.0
2026-04-03,100.367,133.6344,33.2674,1.0
2026-04-07,100.352,133.6194,33.2674,1.0
2026-04-08,100.325,133.5924,33.2674,1.0
2026-04-09,100.337,133.6044,33.2674,1.0
2026-04-10,100.344,133.6114,33.2674,1.0
2026-04-13,100.35,133.6174,33.2674,1.0
2026-04-14,100.357,133.6244,33.2674,1.0
2026-04-15,100.358,133.6254,33.2674,1.0
2026-04-16,100.351,133.6184,33.2674,1.0
2026-04-17,100.363,133.6304,33.2674,1.0
2026-04-20,100.364,133.6314,33.2674,1.0
2026-04-21,100.367,133.6344,33.2674,1.0
2026-04-22,100.369,133.6364,33.2674,1.0
2026-04-23,100.371,133.6384,33.2674,1.0
2026-04-24,100.382,133.6494,33.2674,1.0
2026-04-27,100.381,133.6484,33.2674,1.0
2026-04-28,100.391,133.6584,33.2674,1.0
2026-04-29,100.404,133.6714,33.2674,1.0
2026-04-30,100.407,133.6744,33.2674,1.0
2026-05-06,100.405,133.6724,33.2674,1.0
2026-05-07,100.41,133.6774,33.2674,1.0
2026-05-08,100.422,133.6894,33.2674,1.0
2026-05-11,100.427,133.6944,33.2674,1.0
2026-05-12,100.431,133.6984,33.2674,1.0
2026-05-13,100.431,133.6984,33.2674,1.0
2026-05-14,100.437,133.7044,33.2674,1.0
2026-05-15,100.455,133.7224,33.2674,1.0
2026-05-18,100.45,133.7174,33.2674,1.0
2026-05-19,100.459,133.7264,33.2674,1.0
2026-05-20,100.475,133.7424,33.2674,1.0
2026-05-21,100.481,133.7484,33.2674,1.0
2026-05-22,100.481,133.7484,33.2674,1.0
2026-05-25,100.473,133.7404,33.2674,1.0
2026-05-26,100.475,133.7424,33.2674,1.0
2026-05-27,100.473,133.7404,33.2674,1.0
2026-05-28,100.471,133.7384,33.2674,1.0
2026-05-29,100.485,133.7524,33.2674,1.0
2026-06-01,100.483,133.7504,33.2674,1.0
2026-06-02,100.488,133.7554,33.2674,1.0
2026-06-03,100.501,133.7684,33.2674,1.0
2026-06-04,100.512,133.7794,33.2674,1.0
2026-06-05,100.523,133.7904,33.2674,1.0
2026-06-08,100.516,133.7834,33.2674,1.0
2026-06-09,100.514,133.7814,33.2674,1.0
2026-06-10,100.517,133.7844,33.2674,1.0
2026-06-11,100.523,133.7904,33.2674,1.0
2026-06-12,100.517,133.7844,33.2674,1.0
2026-06-15,100.519,133.78640000000001,33.2674,1.0
2026-06-16,100.522,133.7894,33.2674,1.0
2026-06-17,100.524,133.7914,33.2674,1.0
2026-06-18,100.533,133.8004,33.2674,1.0
2026-06-22,100.541,133.8084,33.2674,1.0
2026-06-23,100.554,133.8214,33.2674,1.0
2026-06-24,100.544,133.8114,33.2674,1.0
2026-06-25,100.545,133.8124,33.2674,1.0
2026-06-26,100.562,133.8294,33.2674,1.0
2026-06-29,100.555,133.82240000000002,33.2674,1.0
2026-06-30,100.559,133.8264,33.2674,1.0
2026-07-01,100.57,133.8374,33.2674,1.0
2026-07-02,100.587,133.8544,33.2674,1.0
2026-07-03,100.616,133.8834,33.2674,1.0
2026-07-06,100.605,133.8724,33.2674,1.0
2026-07-07,100.62,133.8874,33.2674,1.0
2026-07-08,100.625,133.8924,33.2674,1.0
2026-07-09,100.613,133.8804,33.2674,1.0
2026-07-10,100.63,133.8974,33.2674,1.0
2026-07-13,100.624,133.8914,33.2674,1.0
2026-07-14,100.611,133.8784,33.2674,1.0
2026-07-15,100.612,133.8794,33.2674,1.0
2026-07-16,100.613,133.8804,33.2674,1.0
2026-07-17,100.639,133.9064,33.2674,1.0
