date,close,total_return_proxy,cumulative_dividend,split_factor
2013-07-31,1.013,1.013,0.0,1.0
2013-08-01,1.014,1.014,0.0,1.0
2013-08-02,1.023,1.023,0.0,1.0
2013-08-05,1.031,1.031,0.0,1.0
2013-08-06,1.03,1.03,0.0,1.0
2013-08-07,1.017,1.017,0.0,1.0
2013-08-08,1.018,1.018,0.0,1.0
2013-08-09,1.026,1.026,0.0,1.0
2013-08-12,1.019,1.019,0.0,1.0
2013-08-13,1.019,1.019,0.0,1.0
2013-08-14,1.021,1.021,0.0,1.0
2013-08-15,1.017,1.017,0.0,1.0
2013-08-16,1.001,1.001,0.0,1.0
2013-08-19,1.0,1.0,0.0,1.0
2013-08-20,0.995,0.995,0.0,1.0
2013-08-21,1.001,1.001,0.0,1.0
2013-08-22,0.998,0.998,0.0,1.0
2013-08-23,1.015,1.015,0.0,1.0
2013-08-26,1.019,1.019,0.0,1.0
2013-08-27,1.017,1.017,0.0,1.0
2013-08-28,0.996,0.996,0.0,1.0
2013-08-29,1.002,1.002,0.0,1.0
2013-08-30,1.009,1.009,0.0,1.0
2013-09-02,1.012,1.012,0.0,1.0
2013-09-03,1.015,1.015,0.0,1.0
2013-09-04,1.013,1.013,0.0,1.0
2013-09-05,1.019,1.019,0.0,1.0
2013-09-06,1.016,1.016,0.0,1.0
2013-09-09,1.026,1.026,0.0,1.0
2013-09-10,1.028,1.028,0.0,1.0
2013-09-11,1.03,1.03,0.0,1.0
2013-09-12,1.031,1.031,0.0,1.0
2013-09-13,1.028,1.028,0.0,1.0
2013-09-16,1.04,1.04,0.0,1.0
2013-09-17,1.029,1.029,0.0,1.0
2013-09-18,1.041,1.041,0.0,1.0
2013-09-23,1.063,1.063,0.0,1.0
2013-09-24,1.06,1.06,0.0,1.0
2013-09-25,1.06,1.06,0.0,1.0
2013-09-26,1.06,1.06,0.0,1.0
2013-09-27,1.071,1.071,0.0,1.0
2013-09-30,1.056,1.056,0.0,1.0
2013-10-08,1.054,1.054,0.0,1.0
2013-10-09,1.04,1.04,0.0,1.0
2013-10-10,1.042,1.042,0.0,1.0
2013-10-11,1.065,1.065,0.0,1.0
2013-10-14,1.067,1.067,0.0,1.0
2013-10-15,1.081,1.081,0.0,1.0
2013-10-16,1.079,1.079,0.0,1.0
2013-10-17,1.096,1.096,0.0,1.0
2013-10-18,1.101,1.101,0.0,1.0
2013-10-21,1.114,1.114,0.0,1.0
2013-10-22,1.156,1.156,0.0,1.0
2013-10-23,1.14,1.14,0.0,1.0
2013-10-24,1.121,1.121,0.0,1.0
2013-10-25,1.139,1.139,0.0,1.0
2013-10-28,1.141,1.141,0.0,1.0
2013-10-29,1.123,1.123,0.0,1.0
2013-10-30,1.128,1.128,0.0,1.0
2013-10-31,1.116,1.116,0.0,1.0
2013-11-01,1.118,1.118,0.0,1.0
2013-11-04,1.122,1.122,0.0,1.0
2013-11-05,1.126,1.126,0.0,1.0
2013-11-06,1.134,1.134,0.0,1.0
2013-11-07,1.134,1.134,0.0,1.0
2013-11-08,1.125,1.125,0.0,1.0
2013-11-11,1.128,1.128,0.0,1.0
2013-11-12,1.126,1.126,0.0,1.0
2013-11-13,1.117,1.117,0.0,1.0
2013-11-14,1.134,1.134,0.0,1.0
2013-11-15,1.132,1.132,0.0,1.0
2013-11-18,1.132,1.132,0.0,1.0
2013-11-19,1.116,1.116,0.0,1.0
2013-11-20,1.098,1.098,0.0,1.0
2013-11-21,1.089,1.089,0.0,1.0
2013-11-22,1.108,1.108,0.0,1.0
2013-11-25,1.125,1.125,0.0,1.0
2013-11-26,1.121,1.121,0.0,1.0
2013-11-27,1.133,1.133,0.0,1.0
2013-11-28,1.142,1.142,0.0,1.0
2013-11-29,1.137,1.137,0.0,1.0
2013-12-02,1.136,1.136,0.0,1.0
2013-12-03,1.131,1.131,0.0,1.0
2013-12-04,1.132,1.132,0.0,1.0
2013-12-05,1.132,1.132,0.0,1.0
2013-12-06,1.132,1.132,0.0,1.0
2013-12-09,1.144,1.144,0.0,1.0
2013-12-10,1.145,1.145,0.0,1.0
2013-12-11,1.135,1.135,0.0,1.0
2013-12-12,1.118,1.118,0.0,1.0
2013-12-13,1.122,1.122,0.0,1.0
2013-12-16,1.121,1.121,0.0,1.0
2013-12-17,1.128,1.128,0.0,1.0
2013-12-18,1.122,1.122,0.0,1.0
2013-12-19,1.136,1.136,0.0,1.0
2013-12-20,1.137,1.137,0.0,1.0
2013-12-23,1.155,1.155,0.0,1.0
2013-12-24,1.173,1.173,0.0,1.0
2013-12-25,1.175,1.175,0.0,1.0
2013-12-26,1.175,1.175,0.0,1.0
2013-12-27,1.179,1.179,0.0,1.0
2013-12-30,1.162,1.162,0.0,1.0
2013-12-31,1.163,1.163,0.0,1.0
2014-01-02,1.169,1.169,0.0,1.0
2014-01-03,1.161,1.161,0.0,1.0
2014-01-06,1.157,1.157,0.0,1.0
2014-01-07,1.156,1.156,0.0,1.0
2014-01-08,1.173,1.173,0.0,1.0
2014-01-09,1.172,1.172,0.0,1.0
2014-01-10,1.171,1.171,0.0,1.0
2014-01-13,1.17,1.17,0.0,1.0
2014-01-14,1.157,1.157,0.0,1.0
2014-01-15,1.168,1.168,0.0,1.0
2014-01-16,1.181,1.181,0.0,1.0
2014-01-17,1.183,1.183,0.0,1.0
2014-01-20,1.18,1.18,0.0,1.0
2014-01-21,1.182,1.182,0.0,1.0
2014-01-22,1.182,1.182,0.0,1.0
2014-01-23,1.191,1.191,0.0,1.0
2014-01-24,1.186,1.186,0.0,1.0
2014-01-27,1.162,1.162,0.0,1.0
2014-01-28,1.16,1.16,0.0,1.0
2014-01-29,1.174,1.174,0.0,1.0
2014-01-30,1.163,1.163,0.0,1.0
2014-02-07,1.16,1.16,0.0,1.0
2014-02-10,1.172,1.172,0.0,1.0
2014-02-11,1.171,1.171,0.0,1.0
2014-02-12,1.184,1.184,0.0,1.0
2014-02-13,1.177,1.177,0.0,1.0
2014-02-14,1.183,1.183,0.0,1.0
2014-02-17,1.187,1.187,0.0,1.0
2014-02-18,1.184,1.184,0.0,1.0
2014-02-19,1.196,1.196,0.0,1.0
2014-02-20,1.189,1.189,0.0,1.0
2014-02-21,1.203,1.203,0.0,1.0
2014-02-24,1.2,1.2,0.0,1.0
2014-02-25,1.215,1.215,0.0,1.0
2014-02-26,1.225,1.225,0.0,1.0
2014-02-27,1.227,1.227,0.0,1.0
2014-02-28,1.25,1.25,0.0,1.0
2014-03-03,1.239,1.239,0.0,1.0
2014-03-04,1.225,1.225,0.0,1.0
2014-03-05,1.24,1.24,0.0,1.0
2014-03-06,1.233,1.233,0.0,1.0
2014-03-07,1.231,1.231,0.0,1.0
2014-03-10,1.22,1.22,0.0,1.0
2014-03-11,1.221,1.221,0.0,1.0
2014-03-12,1.215,1.215,0.0,1.0
2014-03-13,1.219,1.219,0.0,1.0
2014-03-14,1.197,1.197,0.0,1.0
2014-03-17,1.189,1.189,0.0,1.0
2014-03-18,1.208,1.208,0.0,1.0
2014-03-19,1.226,1.226,0.0,1.0
2014-03-20,1.213,1.213,0.0,1.0
2014-03-21,1.22,1.22,0.0,1.0
2014-03-24,1.206,1.206,0.0,1.0
2014-03-25,1.197,1.197,0.0,1.0
2014-03-26,1.198,1.198,0.0,1.0
2014-03-27,1.179,1.179,0.0,1.0
2014-03-28,1.173,1.173,0.0,1.0
2014-03-31,1.176,1.176,0.0,1.0
2014-04-01,1.193,1.193,0.0,1.0
2014-04-02,1.214,1.214,0.0,1.0
2014-04-03,1.21,1.21,0.0,1.0
2014-04-04,1.199,1.199,0.0,1.0
2014-04-08,1.161,1.161,0.0,1.0
2014-04-09,1.168,1.168,0.0,1.0
2014-04-10,1.18,1.18,0.0,1.0
2014-04-11,1.142,1.142,0.0,1.0
2014-04-14,1.134,1.134,0.0,1.0
2014-04-15,1.139,1.139,0.0,1.0
2014-04-16,1.145,1.145,0.0,1.0
2014-04-17,1.155,1.155,0.0,1.0
2014-04-18,1.154,1.154,0.0,1.0
2014-04-21,1.157,1.157,0.0,1.0
2014-04-22,1.166,1.166,0.0,1.0
2014-04-23,1.172,1.172,0.0,1.0
2014-04-24,1.177,1.177,0.0,1.0
2014-04-25,1.177,1.177,0.0,1.0
2014-04-28,1.155,1.155,0.0,1.0
2014-04-29,1.159,1.159,0.0,1.0
2014-04-30,1.17,1.17,0.0,1.0
2014-05-05,1.174,1.174,0.0,1.0
2014-05-06,1.181,1.181,0.0,1.0
2014-05-07,1.164,1.164,0.0,1.0
2014-05-08,1.161,1.161,0.0,1.0
2014-05-09,1.159,1.159,0.0,1.0
2014-05-12,1.164,1.164,0.0,1.0
2014-05-13,1.186,1.186,0.0,1.0
2014-05-14,1.19,1.19,0.0,1.0
2014-05-15,1.186,1.186,0.0,1.0
2014-05-16,1.179,1.179,0.0,1.0
2014-05-19,1.182,1.182,0.0,1.0
2014-05-20,1.19,1.19,0.0,1.0
2014-05-21,1.183,1.183,0.0,1.0
2014-05-22,1.197,1.197,0.0,1.0
2014-05-23,1.202,1.202,0.0,1.0
2014-05-26,1.211,1.211,0.0,1.0
2014-05-27,1.216,1.216,0.0,1.0
2014-05-28,1.229,1.229,0.0,1.0
2014-05-29,1.224,1.224,0.0,1.0
2014-05-30,1.239,1.239,0.0,1.0
2014-06-03,1.236,1.236,0.0,1.0
2014-06-04,1.233,1.233,0.0,1.0
2014-06-05,1.242,1.242,0.0,1.0
2014-06-06,1.255,1.255,0.0,1.0
2014-06-09,1.256,1.256,0.0,1.0
2014-06-10,1.249,1.249,0.0,1.0
2014-06-11,1.255,1.255,0.0,1.0
2014-06-12,1.248,1.248,0.0,1.0
2014-06-13,1.241,1.241,0.0,1.0
2014-06-16,1.239,1.239,0.0,1.0
2014-06-17,1.243,1.243,0.0,1.0
2014-06-18,1.242,1.242,0.0,1.0
2014-06-19,1.257,1.257,0.0,1.0
2014-06-20,1.254,1.254,0.0,1.0
2014-06-23,1.256,1.256,0.0,1.0
2014-06-24,1.256,1.256,0.0,1.0
2014-06-25,1.254,1.254,0.0,1.0
2014-06-26,1.264,1.264,0.0,1.0
2014-06-27,1.268,1.268,0.0,1.0
2014-06-30,1.271,1.271,0.0,1.0
2014-07-01,1.273,1.273,0.0,1.0
2014-07-02,1.286,1.286,0.0,1.0
2014-07-03,1.288,1.288,0.0,1.0
2014-07-04,1.305,1.305,0.0,1.0
2014-07-07,1.308,1.308,0.0,1.0
2014-07-08,1.304,1.304,0.0,1.0
2014-07-09,1.284,1.284,0.0,1.0
2014-07-10,1.291,1.291,0.0,1.0
2014-07-11,1.281,1.281,0.0,1.0
2014-07-14,1.29,1.29,0.0,1.0
2014-07-15,1.301,1.301,0.0,1.0
2014-07-16,1.296,1.296,0.0,1.0
2014-07-17,1.3,1.3,0.0,1.0
2014-07-18,1.29,1.29,0.0,1.0
2014-07-21,1.302,1.302,0.0,1.0
2014-07-22,1.299,1.299,0.0,1.0
2014-07-23,1.304,1.304,0.0,1.0
2014-07-24,1.314,1.314,0.0,1.0
2014-07-25,1.311,1.311,0.0,1.0
2014-07-28,1.306,1.306,0.0,1.0
2014-07-29,1.304,1.304,0.0,1.0
2014-07-30,1.303,1.303,0.0,1.0
2014-07-31,1.308,1.308,0.0,1.0
2014-08-01,1.287,1.287,0.0,1.0
2014-08-04,1.286,1.286,0.0,1.0
2014-08-05,1.288,1.288,0.0,1.0
2014-08-06,1.279,1.279,0.0,1.0
2014-08-07,1.281,1.281,0.0,1.0
2014-08-08,1.272,1.272,0.0,1.0
2014-08-11,1.286,1.286,0.0,1.0
2014-08-12,1.29,1.29,0.0,1.0
2014-08-13,1.285,1.285,0.0,1.0
2014-08-14,1.302,1.302,0.0,1.0
2014-08-15,1.311,1.311,0.0,1.0
2014-08-18,1.309,1.309,0.0,1.0
2014-08-19,1.325,1.325,0.0,1.0
2014-08-20,1.333,1.333,0.0,1.0
2014-08-21,1.329,1.329,0.0,1.0
2014-08-22,1.333,1.333,0.0,1.0
2014-08-25,1.337,1.337,0.0,1.0
2014-08-26,1.348,1.348,0.0,1.0
2014-08-27,1.35,1.35,0.0,1.0
2014-08-28,1.344,1.344,0.0,1.0
2014-08-29,1.336,1.336,0.0,1.0
2014-09-01,1.345,1.345,0.0,1.0
2014-09-02,1.356,1.356,0.0,1.0
2014-09-03,1.36,1.36,0.0,1.0
2014-09-04,1.341,1.341,0.0,1.0
2014-09-05,1.339,1.339,0.0,1.0
2014-09-09,1.348,1.348,0.0,1.0
2014-09-10,1.34,1.34,0.0,1.0
2014-09-11,1.342,1.342,0.0,1.0
2014-09-12,1.341,1.341,0.0,1.0
2014-09-15,1.337,1.337,0.0,1.0
2014-09-16,1.322,1.322,0.0,1.0
2014-09-17,1.334,1.334,0.0,1.0
2014-09-18,1.338,1.338,0.0,1.0
2014-09-19,1.354,1.354,0.0,1.0
2014-09-22,1.346,1.346,0.0,1.0
2014-09-23,1.335,1.335,0.0,1.0
2014-09-24,1.326,1.326,0.0,1.0
2014-09-25,1.339,1.339,0.0,1.0
2014-09-26,1.313,1.313,0.0,1.0
2014-09-29,1.327,1.327,0.0,1.0
2014-09-30,1.325,1.325,0.0,1.0
2014-10-08,1.294,1.294,0.0,1.0
2014-10-09,1.314,1.314,0.0,1.0
2014-10-10,1.296,1.296,0.0,1.0
2014-10-13,1.278,1.278,0.0,1.0
2014-10-14,1.268,1.268,0.0,1.0
2014-10-15,1.268,1.268,0.0,1.0
2014-10-16,1.265,1.265,0.0,1.0
2014-10-17,1.256,1.256,0.0,1.0
2014-10-20,1.265,1.265,0.0,1.0
2014-10-21,1.276,1.276,0.0,1.0
2014-10-22,1.307,1.307,0.0,1.0
2014-10-23,1.299,1.299,0.0,1.0
2014-10-24,1.31,1.31,0.0,1.0
2014-10-27,1.324,1.324,0.0,1.0
2014-10-28,1.319,1.319,0.0,1.0
2014-10-29,1.334,1.334,0.0,1.0
2014-10-30,1.334,1.334,0.0,1.0
2014-10-31,1.347,1.347,0.0,1.0
2014-11-03,1.357,1.357,0.0,1.0
2014-11-04,1.359,1.359,0.0,1.0
2014-11-05,1.354,1.354,0.0,1.0
2014-11-06,1.354,1.354,0.0,1.0
2014-11-07,1.363,1.363,0.0,1.0
2014-11-10,1.363,1.363,0.0,1.0
2014-11-11,1.363,1.363,0.0,1.0
2014-11-12,1.362,1.362,0.0,1.0
2014-11-13,1.364,1.364,0.0,1.0
2014-11-14,1.365,1.365,0.0,1.0
2014-11-17,1.368,1.368,0.0,1.0
2014-11-18,1.368,1.368,0.0,1.0
2014-11-19,1.385,1.385,0.0,1.0
2014-11-20,1.372,1.372,0.0,1.0
2014-11-21,1.378,1.378,0.0,1.0
2014-11-24,1.37,1.37,0.0,1.0
2014-11-25,1.383,1.383,0.0,1.0
2014-11-26,1.389,1.389,0.0,1.0
2014-11-27,1.4,1.4,0.0,1.0
2014-11-28,1.4,1.4,0.0,1.0
2014-12-01,1.398,1.398,0.0,1.0
2014-12-02,1.382,1.382,0.0,1.0
2014-12-03,1.395,1.395,0.0,1.0
2014-12-04,1.397,1.397,0.0,1.0
2014-12-05,1.39,1.39,0.0,1.0
2014-12-08,1.391,1.391,0.0,1.0
2014-12-09,1.373,1.373,0.0,1.0
2014-12-10,1.394,1.394,0.0,1.0
2014-12-11,1.364,1.364,0.0,1.0
2014-12-12,1.365,1.365,0.0,1.0
2014-12-15,1.353,1.353,0.0,1.0
2014-12-16,1.35,1.35,0.0,1.0
2014-12-17,1.33,1.33,0.0,1.0
2014-12-18,1.362,1.362,0.0,1.0
2014-12-19,1.403,1.403,0.0,1.0
2014-12-22,1.397,1.397,0.0,1.0
2014-12-23,1.4,1.4,0.0,1.0
2014-12-24,1.395,1.395,0.0,1.0
2014-12-25,1.395,1.395,0.0,1.0
2014-12-26,1.394,1.394,0.0,1.0
2014-12-29,1.404,1.404,0.0,1.0
2014-12-30,1.401,1.401,0.0,1.0
2014-12-31,1.392,1.392,0.0,1.0
2015-01-05,1.367,1.367,0.0,1.0
2015-01-06,1.349,1.349,0.0,1.0
2015-01-07,1.351,1.351,0.0,1.0
2015-01-08,1.37,1.37,0.0,1.0
2015-01-09,1.389,1.389,0.0,1.0
2015-01-12,1.378,1.378,0.0,1.0
2015-01-13,1.36,1.36,0.0,1.0
2015-01-14,1.353,1.353,0.0,1.0
2015-01-15,1.352,1.352,0.0,1.0
2015-01-16,1.35,1.35,0.0,1.0
2015-01-19,1.339,1.339,0.0,1.0
2015-01-20,1.349,1.349,0.0,1.0
2015-01-21,1.359,1.359,0.0,1.0
2015-01-22,1.373,1.373,0.0,1.0
2015-01-23,1.394,1.394,0.0,1.0
2015-01-26,1.393,1.393,0.0,1.0
2015-01-27,1.394,1.394,0.0,1.0
2015-01-28,1.372,1.372,0.0,1.0
2015-01-29,1.354,1.354,0.0,1.0
2015-01-30,1.371,1.371,0.0,1.0
2015-02-02,1.357,1.357,0.0,1.0
2015-02-03,1.367,1.367,0.0,1.0
2015-02-04,1.381,1.381,0.0,1.0
2015-02-05,1.376,1.376,0.0,1.0
2015-02-06,1.387,1.387,0.0,1.0
2015-02-09,1.373,1.373,0.0,1.0
2015-02-10,1.367,1.367,0.0,1.0
2015-02-11,1.385,1.385,0.0,1.0
2015-02-12,1.393,1.393,0.0,1.0
2015-02-13,1.419,1.419,0.0,1.0
2015-02-16,1.435,1.435,0.0,1.0
2015-02-17,1.437,1.437,0.0,1.0
2015-02-25,1.45,1.45,0.0,1.0
2015-02-26,1.444,1.444,0.0,1.0
2015-02-27,1.449,1.449,0.0,1.0
2015-03-02,1.452,1.452,0.0,1.0
2015-03-03,1.474,1.474,0.0,1.0
2015-03-04,1.468,1.468,0.0,1.0
2015-03-05,1.457,1.457,0.0,1.0
2015-03-06,1.463,1.463,0.0,1.0
2015-03-09,1.449,1.449,0.0,1.0
2015-03-10,1.45,1.45,0.0,1.0
2015-03-11,1.426,1.426,0.0,1.0
2015-03-12,1.424,1.424,0.0,1.0
2015-03-13,1.431,1.431,0.0,1.0
2015-03-16,1.427,1.427,0.0,1.0
2015-03-17,1.441,1.441,0.0,1.0
2015-03-18,1.44,1.44,0.0,1.0
2015-03-19,1.455,1.455,0.0,1.0
2015-03-20,1.454,1.454,0.0,1.0
2015-03-23,1.46,1.46,0.0,1.0
2015-03-24,1.458,1.458,0.0,1.0
2015-03-25,1.46,1.46,0.0,1.0
2015-03-26,1.439,1.439,0.0,1.0
2015-03-27,1.439,1.439,0.0,1.0
2015-03-30,1.432,1.432,0.0,1.0
2015-03-31,1.437,1.437,0.0,1.0
2015-04-01,1.415,1.415,0.0,1.0
2015-04-02,1.412,1.412,0.0,1.0
2015-04-03,1.416,1.416,0.0,1.0
2015-04-07,1.42,1.42,0.0,1.0
2015-04-08,1.415,1.415,0.0,1.0
2015-04-09,1.421,1.421,0.0,1.0
2015-04-10,1.431,1.431,0.0,1.0
2015-04-13,1.431,1.431,0.0,1.0
2015-04-14,1.426,1.426,0.0,1.0
2015-04-15,1.43,1.43,0.0,1.0
2015-04-16,1.439,1.439,0.0,1.0
2015-04-17,1.438,1.438,0.0,1.0
2015-04-20,1.416,1.416,0.0,1.0
2015-04-21,1.429,1.429,0.0,1.0
2015-04-22,1.434,1.434,0.0,1.0
2015-04-23,1.439,1.439,0.0,1.0
2015-04-24,1.462,1.462,0.0,1.0
2015-04-27,1.477,1.477,0.0,1.0
2015-04-28,1.467,1.467,0.0,1.0
2015-04-29,1.467,1.467,0.0,1.0
2015-04-30,1.458,1.458,0.0,1.0
2015-05-04,1.457,1.457,0.0,1.0
2015-05-05,1.456,1.456,0.0,1.0
2015-05-06,1.437,1.437,0.0,1.0
2015-05-07,1.435,1.435,0.0,1.0
2015-05-08,1.45,1.45,0.0,1.0
2015-05-11,1.457,1.457,0.0,1.0
2015-05-12,1.453,1.453,0.0,1.0
2015-05-13,1.45,1.45,0.0,1.0
2015-05-14,1.456,1.456,0.0,1.0
2015-05-15,1.464,1.464,0.0,1.0
2015-05-18,1.46,1.46,0.0,1.0
2015-05-19,1.462,1.462,0.0,1.0
2015-05-20,1.453,1.453,0.0,1.0
2015-05-21,1.46,1.46,0.0,1.0
2015-05-22,1.468,1.468,0.0,1.0
2015-05-25,1.468,1.468,0.0,1.0
2015-05-26,1.466,1.466,0.0,1.0
2015-05-27,1.454,1.454,0.0,1.0
2015-05-28,1.481,1.481,0.0,1.0
2015-05-29,1.475,1.475,0.0,1.0
2015-06-01,1.467,1.467,0.0,1.0
2015-06-02,1.468,1.468,0.0,1.0
2015-06-03,1.459,1.459,0.0,1.0
2015-06-04,1.465,1.465,0.0,1.0
2015-06-05,1.464,1.464,0.0,1.0
2015-06-08,1.458,1.458,0.0,1.0
2015-06-09,1.449,1.449,0.0,1.0
2015-06-10,1.452,1.452,0.0,1.0
2015-06-11,1.46,1.46,0.0,1.0
2015-06-12,1.46,1.46,0.0,1.0
2015-06-15,1.456,1.456,0.0,1.0
2015-06-16,1.45,1.45,0.0,1.0
2015-06-17,1.446,1.446,0.0,1.0
2015-06-18,1.441,1.441,0.0,1.0
2015-06-19,1.462,1.462,0.0,1.0
2015-06-23,1.485,1.485,0.0,1.0
2015-06-24,1.481,1.481,0.0,1.0
2015-06-25,1.471,1.471,0.0,1.0
2015-06-26,1.47,1.47,0.0,1.0
2015-06-29,1.456,1.456,0.0,1.0
2015-06-30,1.44,1.44,0.0,1.0
2015-07-01,1.44,1.44,0.0,1.0
2015-07-02,1.447,1.447,0.0,1.0
2015-07-03,1.443,1.443,0.0,1.0
2015-07-06,1.414,1.414,0.0,1.0
2015-07-07,1.419,1.419,0.0,1.0
2015-07-08,1.38,1.38,0.0,1.0
2015-07-09,1.382,1.382,0.0,1.0
2015-07-10,1.386,1.386,0.0,1.0
2015-07-13,1.4,1.4,0.0,1.0
2015-07-14,1.441,1.441,0.0,1.0
2015-07-15,1.462,1.462,0.0,1.0
2015-07-16,1.439,1.439,0.0,1.0
2015-07-17,1.475,1.475,0.0,1.0
2015-07-20,1.508,1.508,0.0,1.0
2015-07-21,1.525,1.525,0.0,1.0
2015-07-22,1.507,1.507,0.0,1.0
2015-07-23,1.51,1.51,0.0,1.0
2015-07-24,1.498,1.498,0.0,1.0
2015-07-27,1.478,1.478,0.0,1.0
2015-07-28,1.472,1.472,0.0,1.0
2015-07-29,1.499,1.499,0.0,1.0
2015-07-30,1.52,1.52,0.0,1.0
2015-07-31,1.526,1.526,0.0,1.0
2015-08-03,1.528,1.528,0.0,1.0
2015-08-04,1.511,1.511,0.0,1.0
2015-08-05,1.502,1.502,0.0,1.0
2015-08-06,1.52,1.52,0.0,1.0
2015-08-07,1.497,1.497,0.0,1.0
2015-08-10,1.49,1.49,0.0,1.0
2015-08-11,1.564,1.564,0.0,1.0
2015-08-12,1.529,1.529,0.0,1.0
2015-08-13,1.544,1.544,0.0,1.0
2015-08-14,1.552,1.552,0.0,1.0
2015-08-17,1.557,1.557,0.0,1.0
2015-08-18,1.577,1.577,0.0,1.0
2015-08-19,1.558,1.558,0.0,1.0
2015-08-20,1.537,1.537,0.0,1.0
2015-08-21,1.487,1.487,0.0,1.0
2015-08-24,1.375,1.375,0.0,1.0
2015-08-25,1.378,1.378,0.0,1.0
2015-08-26,1.384,1.384,0.0,1.0
2015-08-27,1.448,1.448,0.0,1.0
2015-08-28,1.48,1.48,0.0,1.0
2015-08-31,1.468,1.468,0.0,1.0
2015-09-01,1.426,1.426,0.0,1.0
2015-09-02,1.427,1.427,0.0,1.0
2015-09-07,1.419,1.419,0.0,1.0
2015-09-08,1.46,1.46,0.0,1.0
2015-09-09,1.471,1.471,0.0,1.0
2015-09-10,1.442,1.442,0.0,1.0
2015-09-11,1.466,1.466,0.0,1.0
2015-09-14,1.464,1.464,0.0,1.0
2015-09-15,1.439,1.439,0.0,1.0
2015-09-16,1.476,1.476,0.0,1.0
2015-09-17,1.478,1.478,0.0,1.0
2015-09-18,1.479,1.479,0.0,1.0
2015-09-21,1.461,1.461,0.0,1.0
2015-09-22,1.468,1.468,0.0,1.0
2015-09-23,1.446,1.446,0.0,1.0
2015-09-24,1.446,1.446,0.0,1.0
2015-09-25,1.45,1.45,0.0,1.0
2015-09-28,1.434,1.434,0.0,1.0
2015-09-29,1.393,1.393,0.0,1.0
2015-09-30,1.394,1.394,0.0,1.0
2015-10-08,1.443,1.443,0.0,1.0
2015-10-09,1.45,1.45,0.0,1.0
2015-10-12,1.461,1.461,0.0,1.0
2015-10-13,1.459,1.459,0.0,1.0
2015-10-14,1.451,1.451,0.0,1.0
2015-10-15,1.46,1.46,0.0,1.0
2015-10-16,1.484,1.484,0.0,1.0
2015-10-19,1.485,1.485,0.0,1.0
2015-10-20,1.495,1.495,0.0,1.0
2015-10-21,1.488,1.488,0.0,1.0
2015-10-22,1.484,1.484,0.0,1.0
2015-10-23,1.531,1.531,0.0,1.0
2015-10-26,1.549,1.549,0.0,1.0
2015-10-27,1.542,1.542,0.0,1.0
2015-10-28,1.553,1.553,0.0,1.0
2015-10-29,1.56,1.56,0.0,1.0
2015-10-30,1.569,1.569,0.0,1.0
2015-11-02,1.552,1.552,0.0,1.0
2015-11-03,1.575,1.575,0.0,1.0
2015-11-04,1.58,1.58,0.0,1.0
2015-11-05,1.579,1.579,0.0,1.0
2015-11-06,1.574,1.574,0.0,1.0
2015-11-09,1.583,1.583,0.0,1.0
2015-11-10,1.563,1.563,0.0,1.0
2015-11-11,1.558,1.558,0.0,1.0
2015-11-12,1.559,1.559,0.0,1.0
2015-11-13,1.543,1.543,0.0,1.0
2015-11-16,1.516,1.516,0.0,1.0
2015-11-17,1.552,1.552,0.0,1.0
2015-11-18,1.548,1.548,0.0,1.0
2015-11-19,1.583,1.583,0.0,1.0
2015-11-20,1.581,1.581,0.0,1.0
2015-11-23,1.587,1.587,0.0,1.0
2015-11-24,1.586,1.586,0.0,1.0
2015-11-25,1.58,1.58,0.0,1.0
2015-11-26,1.581,1.581,0.0,1.0
2015-11-27,1.584,1.584,0.0,1.0
2015-11-30,1.583,1.583,0.0,1.0
2015-12-01,1.582,1.582,0.0,1.0
2015-12-02,1.605,1.605,0.0,1.0
2015-12-03,1.593,1.593,0.0,1.0
2015-12-04,1.572,1.572,0.0,1.0
2015-12-07,1.604,1.604,0.0,1.0
2015-12-08,1.598,1.598,0.0,1.0
2015-12-09,1.6,1.6,0.0,1.0
2015-12-10,1.582,1.582,0.0,1.0
2015-12-11,1.585,1.585,0.0,1.0
2015-12-14,1.56,1.56,0.0,1.0
2015-12-15,1.572,1.572,0.0,1.0
2015-12-16,1.585,1.585,0.0,1.0
2015-12-17,1.611,1.611,0.0,1.0
2015-12-18,1.585,1.585,0.0,1.0
2015-12-21,1.574,1.574,0.0,1.0
2015-12-22,1.574,1.574,0.0,1.0
2015-12-23,1.578,1.578,0.0,1.0
2015-12-24,1.588,1.588,0.0,1.0
2015-12-25,1.581,1.581,0.0,1.0
2015-12-28,1.575,1.575,0.0,1.0
2015-12-29,1.582,1.582,0.0,1.0
2015-12-30,1.607,1.607,0.0,1.0
2015-12-31,1.617,1.617,0.0,1.0
2016-01-04,1.593,1.593,0.0,1.0
2016-01-05,1.57,1.57,0.0,1.0
2016-01-06,1.578,1.578,0.0,1.0
2016-01-07,1.56,1.56,0.0,1.0
2016-01-08,1.536,1.536,0.0,1.0
2016-01-11,1.522,1.522,0.0,1.0
2016-01-12,1.512,1.512,0.0,1.0
2016-01-13,1.525,1.525,0.0,1.0
2016-01-14,1.497,1.497,0.0,1.0
2016-01-15,1.48,1.48,0.0,1.0
2016-01-18,1.464,1.464,0.0,1.0
2016-01-19,1.487,1.487,0.0,1.0
2016-01-20,1.45,1.45,0.0,1.0
2016-01-21,1.43,1.43,0.0,1.0
2016-01-22,1.456,1.456,0.0,1.0
2016-01-25,1.487,1.487,0.0,1.0
2016-01-26,1.431,1.431,0.0,1.0
2016-01-27,1.453,1.453,0.0,1.0
2016-01-28,1.438,1.438,0.0,1.0
2016-01-29,1.458,1.458,0.0,1.0
2016-02-01,1.485,1.485,0.0,1.0
2016-02-02,1.488,1.488,0.0,1.0
2016-02-03,1.458,1.458,0.0,1.0
2016-02-04,1.466,1.466,0.0,1.0
2016-02-05,1.481,1.481,0.0,1.0
2016-02-15,1.459,1.459,0.0,1.0
2016-02-16,1.464,1.464,0.0,1.0
2016-02-17,1.453,1.453,0.0,1.0
2016-02-18,1.457,1.457,0.0,1.0
2016-02-19,1.446,1.446,0.0,1.0
2016-02-22,1.451,1.451,0.0,1.0
2016-02-23,1.458,1.458,0.0,1.0
2016-02-24,1.443,1.443,0.0,1.0
2016-02-25,1.453,1.453,0.0,1.0
2016-02-26,1.472,1.472,0.0,1.0
2016-02-29,1.463,1.463,0.0,1.0
2016-03-01,1.459,1.459,0.0,1.0
2016-03-02,1.515,1.515,0.0,1.0
2016-03-03,1.515,1.515,0.0,1.0
2016-03-04,1.508,1.508,0.0,1.0
2016-03-07,1.508,1.508,0.0,1.0
2016-03-08,1.488,1.488,0.0,1.0
2016-03-09,1.469,1.469,0.0,1.0
2016-03-10,1.482,1.482,0.0,1.0
2016-03-11,1.482,1.482,0.0,1.0
2016-03-14,1.505,1.505,0.0,1.0
2016-03-15,1.505,1.505,0.0,1.0
2016-03-16,1.501,1.501,0.0,1.0
2016-03-17,1.515,1.515,0.0,1.0
2016-03-18,1.514,1.514,0.0,1.0
2016-03-21,1.51,1.51,0.0,1.0
2016-03-22,1.511,1.511,0.0,1.0
2016-03-23,1.523,1.523,0.0,1.0
2016-03-24,1.509,1.509,0.0,1.0
2016-03-25,1.516,1.516,0.0,1.0
2016-03-28,1.522,1.522,0.0,1.0
2016-03-29,1.515,1.515,0.0,1.0
2016-03-30,1.533,1.533,0.0,1.0
2016-03-31,1.535,1.535,0.0,1.0
2016-04-01,1.527,1.527,0.0,1.0
2016-04-05,1.536,1.536,0.0,1.0
2016-04-06,1.536,1.536,0.0,1.0
2016-04-07,1.553,1.553,0.0,1.0
2016-04-08,1.536,1.536,0.0,1.0
2016-04-11,1.533,1.533,0.0,1.0
2016-04-12,1.522,1.522,0.0,1.0
2016-04-13,1.532,1.532,0.0,1.0
2016-04-14,1.549,1.549,0.0,1.0
2016-04-15,1.554,1.554,0.0,1.0
2016-04-18,1.55,1.55,0.0,1.0
2016-04-19,1.556,1.556,0.0,1.0
2016-04-20,1.546,1.546,0.0,1.0
2016-04-21,1.551,1.551,0.0,1.0
2016-04-22,1.547,1.547,0.0,1.0
2016-04-25,1.534,1.534,0.0,1.0
2016-04-26,1.533,1.533,0.0,1.0
2016-04-27,1.522,1.522,0.0,1.0
2016-04-28,1.519,1.519,0.0,1.0
2016-04-29,1.505,1.505,0.0,1.0
2016-05-03,1.507,1.507,0.0,1.0
2016-05-04,1.495,1.495,0.0,1.0
2016-05-05,1.49,1.49,0.0,1.0
2016-05-06,1.494,1.494,0.0,1.0
2016-05-09,1.503,1.503,0.0,1.0
2016-05-10,1.503,1.503,0.0,1.0
2016-05-11,1.524,1.524,0.0,1.0
2016-05-12,1.51,1.51,0.0,1.0
2016-05-13,1.498,1.498,0.0,1.0
2016-05-16,1.499,1.499,0.0,1.0
2016-05-17,1.516,1.516,0.0,1.0
2016-05-18,1.498,1.498,0.0,1.0
2016-05-19,1.501,1.501,0.0,1.0
2016-05-20,1.502,1.502,0.0,1.0
2016-05-23,1.513,1.513,0.0,1.0
2016-05-24,1.513,1.513,0.0,1.0
2016-05-25,1.54,1.54,0.0,1.0
2016-05-26,1.546,1.546,0.0,1.0
2016-05-27,1.553,1.553,0.0,1.0
2016-05-30,1.568,1.568,0.0,1.0
2016-05-31,1.576,1.576,0.0,1.0
2016-06-01,1.577,1.577,0.0,1.0
2016-06-02,1.571,1.571,0.0,1.0
2016-06-03,1.571,1.571,0.0,1.0
2016-06-06,1.56,1.56,0.0,1.0
2016-06-07,1.566,1.566,0.0,1.0
2016-06-08,1.56,1.56,0.0,1.0
2016-06-13,1.54,1.54,0.0,1.0
2016-06-14,1.539,1.539,0.0,1.0
2016-06-15,1.55,1.55,0.0,1.0
2016-06-16,1.548,1.548,0.0,1.0
2016-06-17,1.55,1.55,0.0,1.0
2016-06-20,1.554,1.554,0.0,1.0
2016-06-21,1.546,1.546,0.0,1.0
2016-06-22,1.541,1.541,0.0,1.0
2016-06-23,1.544,1.544,0.0,1.0
2016-06-24,1.53,1.53,0.0,1.0
2016-06-27,1.525,1.525,0.0,1.0
2016-06-28,1.522,1.522,0.0,1.0
2016-06-29,1.525,1.525,0.0,1.0
2016-06-30,1.537,1.537,0.0,1.0
2016-07-01,1.55,1.55,0.0,1.0
2016-07-04,1.557,1.557,0.0,1.0
2016-07-05,1.555,1.555,0.0,1.0
2016-07-06,1.551,1.551,0.0,1.0
2016-07-07,1.568,1.568,0.0,1.0
2016-07-08,1.567,1.567,0.0,1.0
2016-07-11,1.597,1.597,0.0,1.0
2016-07-12,1.603,1.603,0.0,1.0
2016-07-13,1.61,1.61,0.0,1.0
2016-07-14,1.608,1.608,0.0,1.0
2016-07-15,1.621,1.621,0.0,1.0
2016-07-18,1.619,1.619,0.0,1.0
2016-07-19,1.633,1.633,0.0,1.0
2016-07-20,1.631,1.631,0.0,1.0
2016-07-21,1.644,1.644,0.0,1.0
2016-07-22,1.637,1.637,0.0,1.0
2016-07-25,1.643,1.643,0.0,1.0
2016-07-26,1.647,1.647,0.0,1.0
2016-07-27,1.649,1.649,0.0,1.0
2016-07-28,1.656,1.656,0.0,1.0
2016-07-29,1.665,1.665,0.0,1.0
2016-08-01,1.67,1.67,0.0,1.0
2016-08-02,1.678,1.678,0.0,1.0
2016-08-03,1.654,1.654,0.0,1.0
2016-08-04,1.656,1.656,0.0,1.0
2016-08-05,1.668,1.668,0.0,1.0
2016-08-08,1.688,1.688,0.0,1.0
2016-08-09,1.695,1.695,0.0,1.0
2016-08-10,1.7,1.7,0.0,1.0
2016-08-11,1.693,1.693,0.0,1.0
2016-08-12,1.702,1.702,0.0,1.0
2016-08-15,1.698,1.698,0.0,1.0
2016-08-16,1.702,1.702,0.0,1.0
2016-08-17,1.688,1.688,0.0,1.0
2016-08-18,1.692,1.692,0.0,1.0
2016-08-19,1.691,1.691,0.0,1.0
2016-08-22,1.691,1.691,0.0,1.0
2016-08-23,1.703,1.703,0.0,1.0
2016-08-24,1.707,1.707,0.0,1.0
2016-08-25,1.695,1.695,0.0,1.0
2016-08-26,1.699,1.699,0.0,1.0
2016-08-29,1.694,1.694,0.0,1.0
2016-08-30,1.703,1.703,0.0,1.0
2016-08-31,1.693,1.693,0.0,1.0
2016-09-01,1.695,1.695,0.0,1.0
2016-09-02,1.694,1.694,0.0,1.0
2016-09-05,1.704,1.704,0.0,1.0
2016-09-06,1.71,1.71,0.0,1.0
2016-09-07,1.722,1.722,0.0,1.0
2016-09-08,1.717,1.717,0.0,1.0
2016-09-09,1.715,1.715,0.0,1.0
2016-09-12,1.661,1.661,0.0,1.0
2016-09-13,1.685,1.685,0.0,1.0
2016-09-14,1.672,1.672,0.0,1.0
2016-09-19,1.712,1.712,0.0,1.0
2016-09-20,1.701,1.701,0.0,1.0
2016-09-21,1.701,1.701,0.0,1.0
2016-09-22,1.728,1.728,0.0,1.0
2016-09-23,1.773,1.773,0.0,1.0
2016-09-26,1.745,1.745,0.0,1.0
2016-09-27,1.722,1.722,0.0,1.0
2016-09-28,1.724,1.724,0.0,1.0
2016-09-29,1.724,1.724,0.0,1.0
2016-09-30,1.707,1.707,0.0,1.0
2016-10-10,1.721,1.721,0.0,1.0
2016-10-11,1.743,1.743,0.0,1.0
2016-10-12,1.74,1.74,0.0,1.0
2016-10-13,1.735,1.735,0.0,1.0
2016-10-14,1.734,1.734,0.0,1.0
2016-10-17,1.717,1.717,0.0,1.0
2016-10-18,1.717,1.717,0.0,1.0
2016-10-19,1.725,1.725,0.0,1.0
2016-10-20,1.733,1.733,0.0,1.0
2016-10-21,1.728,1.728,0.0,1.0
2016-10-24,1.739,1.739,0.0,1.0
2016-10-25,1.762,1.762,0.0,1.0
2016-10-26,1.751,1.751,0.0,1.0
2016-10-27,1.738,1.738,0.0,1.0
2016-10-28,1.737,1.737,0.0,1.0
2016-10-31,1.734,1.734,0.0,1.0
2016-11-01,1.738,1.738,0.0,1.0
2016-11-02,1.719,1.719,0.0,1.0
2016-11-03,1.702,1.702,0.0,1.0
2016-11-04,1.706,1.706,0.0,1.0
2016-11-07,1.727,1.727,0.0,1.0
2016-11-08,1.723,1.723,0.0,1.0
2016-11-09,1.674,1.674,0.0,1.0
2016-11-10,1.732,1.732,0.0,1.0
2016-11-11,1.709,1.709,0.0,1.0
2016-11-14,1.719,1.719,0.0,1.0
2016-11-15,1.703,1.703,0.0,1.0
2016-11-16,1.733,1.733,0.0,1.0
2016-11-17,1.739,1.739,0.0,1.0
2016-11-18,1.759,1.759,0.0,1.0
2016-11-21,1.752,1.752,0.0,1.0
2016-11-22,1.778,1.778,0.0,1.0
2016-11-23,1.779,1.779,0.0,1.0
2016-11-24,1.782,1.782,0.0,1.0
2016-11-25,1.8,1.8,0.0,1.0
2016-11-28,1.814,1.814,0.0,1.0
2016-11-29,1.797,1.797,0.0,1.0
2016-11-30,1.79,1.79,0.0,1.0
2016-12-01,1.768,1.768,0.0,1.0
2016-12-02,1.755,1.755,0.0,1.0
2016-12-05,1.753,1.753,0.0,1.0
2016-12-06,1.769,1.769,0.0,1.0
2016-12-07,1.767,1.767,0.0,1.0
2016-12-08,1.801,1.801,0.0,1.0
2016-12-09,1.784,1.784,0.0,1.0
2016-12-12,1.794,1.794,0.0,1.0
2016-12-13,1.794,1.794,0.0,1.0
2016-12-14,1.808,1.808,0.0,1.0
2016-12-15,1.81,1.81,0.0,1.0
2016-12-16,1.818,1.818,0.0,1.0
2016-12-19,1.813,1.813,0.0,1.0
2016-12-20,1.816,1.816,0.0,1.0
2016-12-21,1.846,1.846,0.0,1.0
2016-12-22,1.838,1.838,0.0,1.0
2016-12-23,1.836,1.836,0.0,1.0
2016-12-26,1.865,1.865,0.0,1.0
2016-12-27,1.834,1.834,0.0,1.0
2016-12-28,1.843,1.843,0.0,1.0
2016-12-29,1.825,1.825,0.0,1.0
2016-12-30,1.817,1.817,0.0,1.0
2017-01-03,1.801,1.801,0.0,1.0
2017-01-04,1.812,1.812,0.0,1.0
2017-01-05,1.811,1.811,0.0,1.0
2017-01-06,1.812,1.812,0.0,1.0
2017-01-09,1.823,1.823,0.0,1.0
2017-01-10,1.832,1.832,0.0,1.0
2017-01-11,1.842,1.842,0.0,1.0
2017-01-12,1.84,1.84,0.0,1.0
2017-01-13,1.837,1.837,0.0,1.0
2017-01-16,1.845,1.845,0.0,1.0
2017-01-17,1.836,1.836,0.0,1.0
2017-01-18,1.832,1.832,0.0,1.0
2017-01-19,1.833,1.833,0.0,1.0
2017-01-20,1.833,1.833,0.0,1.0
2017-01-23,1.83,1.83,0.0,1.0
2017-01-24,1.836,1.836,0.0,1.0
2017-01-25,1.851,1.851,0.0,1.0
2017-01-26,1.881,1.881,0.0,1.0
2017-02-03,1.868,1.868,0.0,1.0
2017-02-06,1.874,1.874,0.0,1.0
2017-02-07,1.874,1.874,0.0,1.0
2017-02-08,1.889,1.889,0.0,1.0
2017-02-09,1.894,1.894,0.0,1.0
2017-02-10,1.913,1.913,0.0,1.0
2017-02-13,1.916,1.916,0.0,1.0
2017-02-14,1.915,1.915,0.0,1.0
2017-02-15,1.929,1.929,0.0,1.0
2017-02-16,1.938,1.938,0.0,1.0
2017-02-17,1.931,1.931,0.0,1.0
2017-02-20,1.937,1.937,0.0,1.0
2017-02-21,1.939,1.939,0.0,1.0
2017-02-22,1.965,1.965,0.0,1.0
2017-02-23,1.963,1.963,0.0,1.0
2017-02-24,1.957,1.957,0.0,1.0
2017-02-27,1.947,1.947,0.0,1.0
2017-02-28,1.955,1.955,0.0,1.0
2017-03-01,1.947,1.947,0.0,1.0
2017-03-02,1.989,1.989,0.0,1.0
2017-03-03,1.978,1.978,0.0,1.0
2017-03-06,2.02,2.02,0.0,1.0
2017-03-07,1.993,1.993,0.0,1.0
2017-03-08,1.978,1.978,0.0,1.0
2017-03-09,1.979,1.979,0.0,1.0
2017-03-10,1.995,1.995,0.0,1.0
2017-03-13,2.01,2.01,0.0,1.0
2017-03-14,2.025,2.025,0.0,1.0
2017-03-15,2.019,2.019,0.0,1.0
2017-03-16,2.04,2.04,0.0,1.0
2017-03-17,2.034,2.034,0.0,1.0
2017-03-20,2.028,2.028,0.0,1.0
2017-03-21,2.04,2.04,0.0,1.0
2017-03-22,1.977,1.977,0.0,1.0
2017-03-23,1.982,1.982,0.0,1.0
2017-03-24,1.955,1.955,0.0,1.0
2017-03-27,1.936,1.936,0.0,1.0
2017-03-28,1.959,1.959,0.0,1.0
2017-03-29,1.99,1.99,0.0,1.0
2017-03-30,1.992,1.992,0.0,1.0
2017-03-31,2.007,2.007,0.0,1.0
2017-04-05,1.99,1.99,0.0,1.0
2017-04-06,1.969,1.969,0.0,1.0
2017-04-07,1.963,1.963,0.0,1.0
2017-04-10,1.972,1.972,0.0,1.0
2017-04-11,1.969,1.969,0.0,1.0
2017-04-12,1.968,1.968,0.0,1.0
2017-04-13,1.954,1.954,0.0,1.0
2017-04-14,1.935,1.935,0.0,1.0
2017-04-17,1.936,1.936,0.0,1.0
2017-04-18,1.964,1.964,0.0,1.0
2017-04-19,1.952,1.952,0.0,1.0
2017-04-20,1.949,1.949,0.0,1.0
2017-04-21,1.968,1.968,0.0,1.0
2017-04-24,1.984,1.984,0.0,1.0
2017-04-25,2.0,2.0,0.0,1.0
2017-04-26,2.02,2.02,0.0,1.0
2017-04-27,2.006,2.006,0.0,1.0
2017-04-28,2.019,2.019,0.0,1.0
2017-05-02,2.042,2.042,0.0,1.0
2017-05-03,2.039,2.039,0.0,1.0
2017-05-04,2.033,2.033,0.0,1.0
2017-05-05,2.027,2.027,0.0,1.0
2017-05-08,2.063,2.063,0.0,1.0
2017-05-09,2.072,2.072,0.0,1.0
2017-05-10,2.071,2.071,0.0,1.0
2017-05-11,2.07,2.07,0.0,1.0
2017-05-12,2.051,2.051,0.0,1.0
2017-05-15,2.06,2.06,0.0,1.0
2017-05-16,2.073,2.073,0.0,1.0
2017-05-17,2.064,2.064,0.0,1.0
2017-05-18,2.02,2.02,0.0,1.0
2017-05-19,2.033,2.033,0.0,1.0
2017-05-22,2.05,2.05,0.0,1.0
2017-05-23,2.07,2.07,0.0,1.0
2017-05-24,2.069,2.069,0.0,1.0
2017-05-25,2.082,2.082,0.0,1.0
2017-05-26,2.108,2.108,0.0,1.0
2017-05-31,2.107,2.107,0.0,1.0
2017-06-01,2.087,2.087,0.0,1.0
2017-06-02,2.117,2.117,0.0,1.0
2017-06-05,2.135,2.135,0.0,1.0
2017-06-06,2.123,2.123,0.0,1.0
2017-06-07,2.112,2.112,0.0,1.0
2017-06-08,2.119,2.119,0.0,1.0
2017-06-09,2.123,2.123,0.0,1.0
2017-06-12,2.097,2.097,0.0,1.0
2017-06-13,2.079,2.079,0.0,1.0
2017-06-14,2.078,2.078,0.0,1.0
2017-06-15,2.044,2.044,0.0,1.0
2017-06-16,2.052,2.052,0.0,1.0
2017-06-19,2.051,2.051,0.0,1.0
2017-06-20,2.079,2.079,0.0,1.0
2017-06-21,2.054,2.054,0.0,1.0
2017-06-22,2.072,2.072,0.0,1.0
2017-06-23,2.072,2.072,0.0,1.0
2017-06-26,2.084,2.084,0.0,1.0
2017-06-27,2.073,2.073,0.0,1.0
2017-06-28,2.034,2.034,0.0,1.0
2017-06-29,2.049,2.049,0.0,1.0
2017-06-30,2.013,2.013,0.0,1.0
2017-07-03,2.017,2.017,0.0,1.0
2017-07-04,1.993,1.993,0.0,1.0
2017-07-05,2.0,2.0,0.0,1.0
2017-07-06,2.013,2.013,0.0,1.0
2017-07-07,1.998,1.998,0.0,1.0
2017-07-10,2.021,2.021,0.0,1.0
2017-07-11,2.026,2.026,0.0,1.0
2017-07-12,2.032,2.032,0.0,1.0
2017-07-13,2.06,2.06,0.0,1.0
2017-07-14,2.056,2.056,0.0,1.0
2017-07-17,2.07,2.07,0.0,1.0
2017-07-18,2.073,2.073,0.0,1.0
2017-07-19,2.089,2.089,0.0,1.0
2017-07-20,2.098,2.098,0.0,1.0
2017-07-21,2.095,2.095,0.0,1.0
2017-07-24,2.094,2.094,0.0,1.0
2017-07-25,2.098,2.098,0.0,1.0
2017-07-26,2.098,2.098,0.0,1.0
2017-07-27,2.116,2.116,0.0,1.0
2017-07-28,2.079,2.079,0.0,1.0
2017-07-31,2.077,2.077,0.0,1.0
2017-08-01,2.081,2.081,0.0,1.0
2017-08-02,2.098,2.098,0.0,1.0
2017-08-03,2.083,2.083,0.0,1.0
2017-08-04,2.075,2.075,0.0,1.0
2017-08-07,2.087,2.087,0.0,1.0
2017-08-08,2.092,2.092,0.0,1.0
2017-08-09,2.075,2.075,0.0,1.0
2017-08-10,2.066,2.066,0.0,1.0
2017-08-11,2.031,2.031,0.0,1.0
2017-08-14,2.044,2.044,0.0,1.0
2017-08-15,2.075,2.075,0.0,1.0
2017-08-16,2.063,2.063,0.0,1.0
2017-08-17,2.062,2.062,0.0,1.0
2017-08-18,2.044,2.044,0.0,1.0
2017-08-21,2.04,2.04,0.0,1.0
2017-08-22,2.053,2.053,0.0,1.0
2017-08-23,2.062,2.062,0.0,1.0
2017-08-24,2.045,2.045,0.0,1.0
2017-08-25,2.05,2.05,0.0,1.0
2017-08-28,2.039,2.039,0.0,1.0
2017-08-29,2.03,2.03,0.0,1.0
2017-08-30,2.038,2.038,0.0,1.0
2017-08-31,2.056,2.056,0.0,1.0
2017-09-01,2.069,2.069,0.0,1.0
2017-09-04,2.056,2.056,0.0,1.0
2017-09-05,2.055,2.055,0.0,1.0
2017-09-06,2.041,2.041,0.0,1.0
2017-09-07,2.036,2.036,0.0,1.0
2017-09-08,2.039,2.039,0.0,1.0
2017-09-11,2.036,2.036,0.0,1.0
2017-09-12,2.048,2.048,0.0,1.0
2017-09-13,2.048,2.048,0.0,1.0
2017-09-14,2.059,2.059,0.0,1.0
2017-09-15,2.05,2.05,0.0,1.0
2017-09-18,2.058,2.058,0.0,1.0
2017-09-19,2.058,2.058,0.0,1.0
2017-09-20,2.06,2.06,0.0,1.0
2017-09-21,2.058,2.058,0.0,1.0
2017-09-22,2.051,2.051,0.0,1.0
2017-09-25,2.048,2.048,0.0,1.0
2017-09-26,2.033,2.033,0.0,1.0
2017-09-27,2.044,2.044,0.0,1.0
2017-09-28,2.062,2.062,0.0,1.0
2017-09-29,2.07,2.07,0.0,1.0
2017-10-09,2.093,2.093,0.0,1.0
2017-10-10,2.092,2.092,0.0,1.0
2017-10-11,2.101,2.101,0.0,1.0
2017-10-12,2.104,2.104,0.0,1.0
2017-10-13,2.102,2.102,0.0,1.0
2017-10-16,2.112,2.112,0.0,1.0
2017-10-17,2.122,2.122,0.0,1.0
2017-10-18,2.119,2.119,0.0,1.0
2017-10-19,2.123,2.123,0.0,1.0
2017-10-20,2.123,2.123,0.0,1.0
2017-10-23,2.128,2.128,0.0,1.0
2017-10-24,2.119,2.119,0.0,1.0
2017-10-25,2.123,2.123,0.0,1.0
2017-10-26,2.113,2.113,0.0,1.0
2017-10-27,2.125,2.125,0.0,1.0
2017-10-30,2.168,2.168,0.0,1.0
2017-10-31,2.172,2.172,0.0,1.0
2017-11-01,2.183,2.183,0.0,1.0
2017-11-02,2.176,2.176,0.0,1.0
2017-11-03,2.179,2.179,0.0,1.0
2017-11-06,2.186,2.186,0.0,1.0
2017-11-07,2.191,2.191,0.0,1.0
2017-11-08,2.195,2.195,0.0,1.0
2017-11-09,2.202,2.202,0.0,1.0
2017-11-10,2.196,2.196,0.0,1.0
2017-11-13,2.197,2.197,0.0,1.0
2017-11-14,2.2,2.2,0.0,1.0
2017-11-15,2.185,2.185,0.0,1.0
2017-11-16,2.177,2.177,0.0,1.0
2017-11-17,2.203,2.203,0.0,1.0
2017-11-20,2.194,2.194,0.0,1.0
2017-11-21,2.198,2.198,0.0,1.0
2017-11-22,2.215,2.215,0.0,1.0
2017-11-23,2.208,2.208,0.0,1.0
2017-11-24,2.208,2.208,0.0,1.0
2017-11-27,2.219,2.219,0.0,1.0
2017-11-28,2.224,2.224,0.0,1.0
2017-11-29,2.246,2.246,0.0,1.0
2017-11-30,2.214,2.214,0.0,1.0
2017-12-01,2.241,2.241,0.0,1.0
2017-12-04,2.262,2.262,0.0,1.0
2017-12-05,2.2,2.2,0.0,1.0
2017-12-06,2.175,2.175,0.0,1.0
2017-12-07,2.19,2.19,0.0,1.0
2017-12-08,2.21,2.21,0.0,1.0
2017-12-11,2.22,2.22,0.0,1.0
2017-12-12,2.235,2.235,0.0,1.0
2017-12-13,2.237,2.237,0.0,1.0
2017-12-14,2.243,2.243,0.0,1.0
2017-12-15,2.232,2.232,0.0,1.0
2017-12-18,2.266,2.266,0.0,1.0
2017-12-19,2.28,2.28,0.0,1.0
2017-12-20,2.276,2.276,0.0,1.0
2017-12-21,2.262,2.262,0.0,1.0
2017-12-22,2.269,2.269,0.0,1.0
2017-12-25,2.262,2.262,0.0,1.0
2017-12-26,2.261,2.261,0.0,1.0
2017-12-27,2.234,2.234,0.0,1.0
2017-12-28,2.227,2.227,0.0,1.0
2017-12-29,2.229,2.229,0.0,1.0
2018-01-02,2.218,2.218,0.0,1.0
2018-01-03,2.248,2.248,0.0,1.0
2018-01-04,2.256,2.256,0.0,1.0
2018-01-05,2.25,2.25,0.0,1.0
2018-01-08,2.268,2.268,0.0,1.0
2018-01-09,2.274,2.274,0.0,1.0
2018-01-10,2.285,2.285,0.0,1.0
2018-01-11,2.283,2.283,0.0,1.0
2018-01-12,2.312,2.312,0.0,1.0
2018-01-15,2.309,2.309,0.0,1.0
2018-01-16,2.306,2.306,0.0,1.0
2018-01-17,2.293,2.293,0.0,1.0
2018-01-18,2.313,2.313,0.0,1.0
2018-01-19,2.31,2.31,0.0,1.0
2018-01-22,2.3,2.3,0.0,1.0
2018-01-23,2.326,2.326,0.0,1.0
2018-01-24,2.344,2.344,0.0,1.0
2018-01-25,2.324,2.324,0.0,1.0
2018-01-26,2.32,2.32,0.0,1.0
2018-01-29,2.344,2.344,0.0,1.0
2018-01-30,2.32,2.32,0.0,1.0
2018-01-31,2.309,2.309,0.0,1.0
2018-02-01,2.305,2.305,0.0,1.0
2018-02-02,2.294,2.294,0.0,1.0
2018-02-05,2.227,2.227,0.0,1.0
2018-02-06,2.095,2.095,0.0,1.0
2018-02-07,2.164,2.164,0.0,1.0
2018-02-08,2.169,2.169,0.0,1.0
2018-02-09,2.092,2.092,0.0,1.0
2018-02-12,2.131,2.131,0.0,1.0
2018-02-13,2.164,2.164,0.0,1.0
2018-02-14,2.193,2.193,0.0,1.0
2018-02-22,2.232,2.232,0.0,1.0
2018-02-23,2.249,2.249,0.0,1.0
2018-02-26,2.292,2.292,0.0,1.0
2018-02-27,2.32,2.32,0.0,1.0
2018-02-28,2.286,2.286,0.0,1.0
2018-03-01,2.288,2.288,0.0,1.0
2018-03-02,2.253,2.253,0.0,1.0
2018-03-05,2.268,2.268,0.0,1.0
2018-03-06,2.298,2.298,0.0,1.0
2018-03-07,2.284,2.284,0.0,1.0
2018-03-08,2.302,2.302,0.0,1.0
2018-03-09,2.319,2.319,0.0,1.0
2018-03-12,2.368,2.368,0.0,1.0
2018-03-13,2.368,2.368,0.0,1.0
2018-03-14,2.338,2.338,0.0,1.0
2018-03-15,2.337,2.337,0.0,1.0
2018-03-16,2.338,2.338,0.0,1.0
2018-03-19,2.333,2.333,0.0,1.0
2018-03-20,2.293,2.293,0.0,1.0
2018-03-21,2.294,2.294,0.0,1.0
2018-03-22,2.288,2.288,0.0,1.0
2018-03-23,2.204,2.204,0.0,1.0
2018-03-26,2.187,2.187,0.0,1.0
2018-03-27,2.27,2.27,0.0,1.0
2018-03-28,2.185,2.185,0.0,1.0
2018-03-29,2.186,2.186,0.0,1.0
2018-03-30,2.194,2.194,0.0,1.0
2018-04-02,2.177,2.177,0.0,1.0
2018-04-03,2.126,2.126,0.0,1.0
2018-04-04,2.13,2.13,0.0,1.0
2018-04-09,2.143,2.143,0.0,1.0
2018-04-10,2.186,2.186,0.0,1.0
2018-04-11,2.185,2.185,0.0,1.0
2018-04-12,2.181,2.181,0.0,1.0
2018-04-13,2.203,2.203,0.0,1.0
2018-04-16,2.189,2.189,0.0,1.0
2018-04-17,2.208,2.208,0.0,1.0
2018-04-18,2.247,2.247,0.0,1.0
2018-04-19,2.249,2.249,0.0,1.0
2018-04-20,2.236,2.236,0.0,1.0
2018-04-23,2.202,2.202,0.0,1.0
2018-04-24,2.215,2.215,0.0,1.0
2018-04-25,2.171,2.171,0.0,1.0
2018-04-26,2.171,2.171,0.0,1.0
2018-04-27,2.233,2.233,0.0,1.0
2018-05-02,2.231,2.231,0.0,1.0
2018-05-03,2.221,2.221,0.0,1.0
2018-05-04,2.228,2.228,0.0,1.0
2018-05-07,2.27,2.27,0.0,1.0
2018-05-08,2.274,2.274,0.0,1.0
2018-05-09,2.272,2.272,0.0,1.0
2018-05-10,2.304,2.304,0.0,1.0
2018-05-11,2.317,2.317,0.0,1.0
2018-05-14,2.315,2.315,0.0,1.0
2018-05-15,2.311,2.311,0.0,1.0
2018-05-16,2.289,2.289,0.0,1.0
2018-05-17,2.309,2.309,0.0,1.0
2018-05-18,2.308,2.308,0.0,1.0
2018-05-21,2.324,2.324,0.0,1.0
2018-05-22,2.316,2.316,0.0,1.0
2018-05-23,2.298,2.298,0.0,1.0
2018-05-24,2.323,2.323,0.0,1.0
2018-05-25,2.327,2.327,0.0,1.0
2018-05-28,2.337,2.337,0.0,1.0
2018-05-29,2.335,2.335,0.0,1.0
2018-05-30,2.319,2.319,0.0,1.0
2018-05-31,2.35,2.35,0.0,1.0
2018-06-01,2.341,2.341,0.0,1.0
2018-06-04,2.384,2.384,0.0,1.0
2018-06-05,2.414,2.414,0.0,1.0
2018-06-06,2.42,2.42,0.0,1.0
2018-06-07,2.439,2.439,0.0,1.0
2018-06-08,2.405,2.405,0.0,1.0
2018-06-11,2.431,2.431,0.0,1.0
2018-06-12,2.438,2.438,0.0,1.0
2018-06-13,2.451,2.451,0.0,1.0
2018-06-14,2.436,2.436,0.0,1.0
2018-06-15,2.472,2.472,0.0,1.0
2018-06-19,2.442,2.442,0.0,1.0
2018-06-20,2.458,2.458,0.0,1.0
2018-06-21,2.505,2.505,0.0,1.0
2018-06-22,2.488,2.488,0.0,1.0
2018-06-25,2.471,2.471,0.0,1.0
2018-06-26,2.431,2.431,0.0,1.0
2018-06-27,2.413,2.413,0.0,1.0
2018-06-28,2.396,2.396,0.0,1.0
2018-06-29,2.449,2.449,0.0,1.0
2018-07-02,2.437,2.437,0.0,1.0
2018-07-03,2.503,2.503,0.0,1.0
2018-07-04,2.459,2.459,0.0,1.0
2018-07-05,2.46,2.46,0.0,1.0
2018-07-06,2.497,2.497,0.0,1.0
2018-07-09,2.574,2.574,0.0,1.0
2018-07-10,2.604,2.604,0.0,1.0
2018-07-11,2.554,2.554,0.0,1.0
2018-07-12,2.578,2.578,0.0,1.0
2018-07-13,2.603,2.603,0.0,1.0
2018-07-16,2.584,2.584,0.0,1.0
2018-07-17,2.559,2.559,0.0,1.0
2018-07-18,2.595,2.595,0.0,1.0
2018-07-19,2.607,2.607,0.0,1.0
2018-07-20,2.61,2.61,0.0,1.0
2018-07-23,2.602,2.602,0.0,1.0
2018-07-24,2.641,2.641,0.0,1.0
2018-07-25,2.65,2.65,0.0,1.0
2018-07-26,2.656,2.656,0.0,1.0
2018-07-27,2.658,2.658,0.0,1.0
2018-07-30,2.646,2.646,0.0,1.0
2018-07-31,2.584,2.584,0.0,1.0
2018-08-01,2.617,2.617,0.0,1.0
2018-08-02,2.623,2.623,0.0,1.0
2018-08-03,2.702,2.702,0.0,1.0
2018-08-06,2.768,2.768,0.0,1.0
2018-08-07,2.754,2.754,0.0,1.0
2018-08-08,2.71,2.71,0.0,1.0
2018-08-09,2.673,2.673,0.0,1.0
2018-08-10,2.667,2.667,0.0,1.0
2018-08-13,2.66,2.66,0.0,1.0
2018-08-14,2.679,2.679,0.0,1.0
2018-08-15,2.71,2.71,0.0,1.0
2018-08-16,2.662,2.662,0.0,1.0
2018-08-17,2.668,2.668,0.0,1.0
2018-08-20,2.655,2.655,0.0,1.0
2018-08-21,2.638,2.638,0.0,1.0
2018-08-22,2.636,2.636,0.0,1.0
2018-08-23,2.665,2.665,0.0,1.0
2018-08-24,2.666,2.666,0.0,1.0
2018-08-27,2.678,2.678,0.0,1.0
2018-08-28,2.705,2.705,0.0,1.0
2018-08-29,2.708,2.708,0.0,1.0
2018-08-30,2.748,2.748,0.0,1.0
2018-08-31,2.74,2.74,0.0,1.0
2018-09-03,2.742,2.742,0.0,1.0
2018-09-04,2.754,2.754,0.0,1.0
2018-09-05,2.728,2.728,0.0,1.0
2018-09-06,2.684,2.684,0.0,1.0
2018-09-07,2.662,2.662,0.0,1.0
2018-09-10,2.68,2.68,0.0,1.0
2018-09-11,2.693,2.693,0.0,1.0
2018-09-12,2.722,2.722,0.0,1.0
2018-09-13,2.695,2.695,0.0,1.0
2018-09-14,2.722,2.722,0.0,1.0
2018-09-17,2.709,2.709,0.0,1.0
2018-09-18,2.673,2.673,0.0,1.0
2018-09-19,2.696,2.696,0.0,1.0
2018-09-20,2.691,2.691,0.0,1.0
2018-09-21,2.72,2.72,0.0,1.0
2018-09-25,2.709,2.709,0.0,1.0
2018-09-26,2.726,2.726,0.0,1.0
2018-09-27,2.721,2.721,0.0,1.0
2018-09-28,2.754,2.754,0.0,1.0
2018-10-08,2.677,2.677,0.0,1.0
2018-10-09,2.675,2.675,0.0,1.0
2018-10-10,2.685,2.685,0.0,1.0
2018-10-11,2.51,2.51,0.0,1.0
2018-10-12,2.564,2.564,0.0,1.0
2018-10-15,2.555,2.555,0.0,1.0
2018-10-16,2.559,2.559,0.0,1.0
2018-10-17,2.647,2.647,0.0,1.0
2018-10-18,2.619,2.619,0.0,1.0
2018-10-19,2.599,2.599,0.0,1.0
2018-10-22,2.587,2.587,0.0,1.0
2018-10-23,2.544,2.544,0.0,1.0
2018-10-24,2.56,2.56,0.0,1.0
2018-10-25,2.477,2.477,0.0,1.0
2018-10-26,2.49,2.49,0.0,1.0
2018-10-29,2.483,2.483,0.0,1.0
2018-10-30,2.449,2.449,0.0,1.0
2018-10-31,2.486,2.486,0.0,1.0
2018-11-01,2.514,2.514,0.0,1.0
2018-11-02,2.547,2.547,0.0,1.0
2018-11-05,2.505,2.505,0.0,1.0
2018-11-06,2.499,2.499,0.0,1.0
2018-11-07,2.528,2.528,0.0,1.0
2018-11-08,2.588,2.588,0.0,1.0
2018-11-09,2.575,2.575,0.0,1.0
2018-11-12,2.568,2.568,0.0,1.0
2018-11-13,2.491,2.491,0.0,1.0
2018-11-14,2.483,2.483,0.0,1.0
2018-11-15,2.464,2.464,0.0,1.0
2018-11-16,2.474,2.474,0.0,1.0
2018-11-19,2.484,2.484,0.0,1.0
2018-11-20,2.396,2.396,0.0,1.0
2018-11-21,2.379,2.379,0.0,1.0
2018-11-22,2.377,2.377,0.0,1.0
2018-11-23,2.361,2.361,0.0,1.0
2018-11-26,2.382,2.382,0.0,1.0
2018-11-27,2.41,2.41,0.0,1.0
2018-11-28,2.435,2.435,0.0,1.0
2018-11-29,2.483,2.483,0.0,1.0
2018-11-30,2.493,2.493,0.0,1.0
2018-12-03,2.558,2.558,0.0,1.0
2018-12-04,2.513,2.513,0.0,1.0
2018-12-05,2.444,2.444,0.0,1.0
2018-12-06,2.404,2.404,0.0,1.0
2018-12-07,2.44,2.44,0.0,1.0
2018-12-10,2.368,2.368,0.0,1.0
2018-12-11,2.399,2.399,0.0,1.0
2018-12-12,2.429,2.429,0.0,1.0
2018-12-13,2.443,2.443,0.0,1.0
2018-12-14,2.411,2.411,0.0,1.0
2018-12-17,2.387,2.387,0.0,1.0
2018-12-18,2.337,2.337,0.0,1.0
2018-12-19,2.336,2.336,0.0,1.0
2018-12-20,2.272,2.272,0.0,1.0
2018-12-21,2.267,2.267,0.0,1.0
2018-12-24,2.194,2.194,0.0,1.0
2018-12-25,2.123,2.123,0.0,1.0
2018-12-26,2.12,2.12,0.0,1.0
2018-12-27,2.236,2.236,0.0,1.0
2018-12-28,2.243,2.243,0.0,1.0
2019-01-02,2.233,2.233,0.0,1.0
2019-01-03,2.225,2.225,0.0,1.0
2019-01-04,2.224,2.224,0.0,1.0
2019-01-07,2.296,2.296,0.0,1.0
2019-01-08,2.328,2.328,0.0,1.0
2019-01-09,2.341,2.341,0.0,1.0
2019-01-10,2.322,2.322,0.0,1.0
2019-01-11,2.328,2.328,0.0,1.0
2019-01-14,2.302,2.302,0.0,1.0
2019-01-15,2.322,2.322,0.0,1.0
2019-01-16,2.351,2.351,0.0,1.0
2019-01-17,2.334,2.334,0.0,1.0
2019-01-18,2.378,2.378,0.0,1.0
2019-01-21,2.392,2.392,0.0,1.0
2019-01-22,2.379,2.379,0.0,1.0
2019-01-23,2.353,2.353,0.0,1.0
2019-01-24,2.355,2.355,0.0,1.0
2019-01-25,2.371,2.371,0.0,1.0
2019-01-28,2.37,2.37,0.0,1.0
2019-01-29,2.345,2.345,0.0,1.0
2019-01-30,2.339,2.339,0.0,1.0
2019-01-31,2.395,2.395,0.0,1.0
2019-02-01,2.427,2.427,0.0,1.0
2019-02-11,2.439,2.439,0.0,1.0
2019-02-12,2.459,2.459,0.0,1.0
2019-02-13,2.488,2.488,0.0,1.0
2019-02-14,2.48,2.48,0.0,1.0
2019-02-15,2.458,2.458,0.0,1.0
2019-02-18,2.491,2.491,0.0,1.0
2019-02-19,2.493,2.493,0.0,1.0
2019-02-20,2.475,2.475,0.0,1.0
2019-02-21,2.476,2.476,0.0,1.0
2019-02-22,2.463,2.463,0.0,1.0
2019-02-25,2.476,2.476,0.0,1.0
2019-02-26,2.462,2.462,0.0,1.0
2019-02-27,2.465,2.465,0.0,1.0
2019-02-28,2.461,2.461,0.0,1.0
2019-03-01,2.487,2.487,0.0,1.0
2019-03-04,2.501,2.501,0.0,1.0
2019-03-05,2.486,2.486,0.0,1.0
2019-03-06,2.491,2.491,0.0,1.0
2019-03-07,2.471,2.471,0.0,1.0
2019-03-08,2.442,2.442,0.0,1.0
2019-03-11,2.458,2.458,0.0,1.0
2019-03-12,2.508,2.508,0.0,1.0
2019-03-13,2.509,2.509,0.0,1.0
2019-03-14,2.535,2.535,0.0,1.0
2019-03-15,2.541,2.541,0.0,1.0
2019-03-18,2.558,2.558,0.0,1.0
2019-03-19,2.565,2.565,0.0,1.0
2019-03-20,2.563,2.563,0.0,1.0
2019-03-21,2.564,2.564,0.0,1.0
2019-03-22,2.615,2.615,0.0,1.0
2019-03-25,2.538,2.538,0.0,1.0
2019-03-26,2.558,2.558,0.0,1.0
2019-03-27,2.576,2.576,0.0,1.0
2019-03-28,2.548,2.548,0.0,1.0
2019-03-29,2.569,2.569,0.0,1.0
2019-04-01,2.604,2.604,0.0,1.0
2019-04-02,2.613,2.613,0.0,1.0
2019-04-03,2.633,2.633,0.0,1.0
2019-04-04,2.636,2.636,0.0,1.0
2019-04-08,2.645,2.645,0.0,1.0
2019-04-09,2.648,2.648,0.0,1.0
2019-04-10,2.645,2.645,0.0,1.0
2019-04-11,2.659,2.659,0.0,1.0
2019-04-12,2.654,2.654,0.0,1.0
2019-04-15,2.662,2.662,0.0,1.0
2019-04-16,2.677,2.677,0.0,1.0
2019-04-17,2.679,2.679,0.0,1.0
2019-04-18,2.67,2.67,0.0,1.0
2019-04-19,2.676,2.676,0.0,1.0
2019-04-22,2.679,2.679,0.0,1.0
2019-04-23,2.699,2.699,0.0,1.0
2019-04-24,2.741,2.741,0.0,1.0
2019-04-25,2.76,2.76,0.0,1.0
2019-04-26,2.778,2.778,0.0,1.0
2019-04-29,2.814,2.814,0.0,1.0
2019-04-30,2.807,2.807,0.0,1.0
2019-05-06,2.727,2.727,0.0,1.0
2019-05-07,2.757,2.757,0.0,1.0
2019-05-08,2.704,2.704,0.0,1.0
2019-05-09,2.686,2.686,0.0,1.0
2019-05-10,2.689,2.689,0.0,1.0
2019-05-13,2.679,2.679,0.0,1.0
2019-05-14,2.624,2.624,0.0,1.0
2019-05-15,2.658,2.658,0.0,1.0
2019-05-16,2.678,2.678,0.0,1.0
2019-05-17,2.709,2.709,0.0,1.0
2019-05-20,2.696,2.696,0.0,1.0
2019-05-21,2.67,2.67,0.0,1.0
2019-05-22,2.664,2.664,0.0,1.0
2019-05-23,2.639,2.639,0.0,1.0
2019-05-24,2.632,2.632,0.0,1.0
2019-05-27,2.618,2.618,0.0,1.0
2019-05-28,2.624,2.624,0.0,1.0
2019-05-29,2.598,2.598,0.0,1.0
2019-05-30,2.596,2.596,0.0,1.0
2019-05-31,2.573,2.573,0.0,1.0
2019-06-03,2.538,2.538,0.0,1.0
2019-06-04,2.503,2.503,0.0,1.0
2019-06-05,2.573,2.573,0.0,1.0
2019-06-06,2.585,2.585,0.0,1.0
2019-06-10,2.67,2.67,0.0,1.0
2019-06-11,2.695,2.695,0.0,1.0
2019-06-12,2.674,2.674,0.0,1.0
2019-06-13,2.667,2.667,0.0,1.0
2019-06-14,2.679,2.679,0.0,1.0
2019-06-17,2.684,2.684,0.0,1.0
2019-06-18,2.698,2.698,0.0,1.0
2019-06-19,2.73,2.73,0.0,1.0
2019-06-20,2.757,2.757,0.0,1.0
2019-06-21,2.748,2.748,0.0,1.0
2019-06-24,2.757,2.757,0.0,1.0
2019-06-25,2.734,2.734,0.0,1.0
2019-06-26,2.702,2.702,0.0,1.0
2019-06-27,2.727,2.727,0.0,1.0
2019-06-28,2.718,2.718,0.0,1.0
2019-07-01,2.774,2.774,0.0,1.0
2019-07-02,2.762,2.762,0.0,1.0
2019-07-03,2.777,2.777,0.0,1.0
2019-07-04,2.792,2.792,0.0,1.0
2019-07-05,2.804,2.804,0.0,1.0
2019-07-08,2.777,2.777,0.0,1.0
2019-07-09,2.756,2.756,0.0,1.0
2019-07-10,2.787,2.787,0.0,1.0
2019-07-11,2.822,2.822,0.0,1.0
2019-07-12,2.817,2.817,0.0,1.0
2019-07-15,2.84,2.84,0.0,1.0
2019-07-16,2.849,2.849,0.0,1.0
2019-07-17,2.834,2.834,0.0,1.0
2019-07-18,2.802,2.802,0.0,1.0
2019-07-19,2.835,2.835,0.0,1.0
2019-07-22,2.804,2.804,0.0,1.0
2019-07-23,2.835,2.835,0.0,1.0
2019-07-24,2.847,2.847,0.0,1.0
2019-07-25,2.87,2.87,0.0,1.0
2019-07-26,2.854,2.854,0.0,1.0
2019-07-29,2.866,2.866,0.0,1.0
2019-07-30,2.861,2.861,0.0,1.0
2019-07-31,2.854,2.854,0.0,1.0
2019-08-01,2.813,2.813,0.0,1.0
2019-08-02,2.818,2.818,0.0,1.0
2019-08-05,2.789,2.789,0.0,1.0
2019-08-06,2.734,2.734,0.0,1.0
2019-08-07,2.754,2.754,0.0,1.0
2019-08-08,2.784,2.784,0.0,1.0
2019-08-09,2.822,2.822,0.0,1.0
2019-08-12,2.823,2.823,0.0,1.0
2019-08-13,2.775,2.775,0.0,1.0
2019-08-14,2.827,2.827,0.0,1.0
2019-08-15,2.764,2.764,0.0,1.0
2019-08-16,2.762,2.762,0.0,1.0
2019-08-19,2.808,2.808,0.0,1.0
2019-08-20,2.823,2.823,0.0,1.0
2019-08-21,2.809,2.809,0.0,1.0
2019-08-22,2.828,2.828,0.0,1.0
2019-08-23,2.84,2.84,0.0,1.0
2019-08-26,2.777,2.777,0.0,1.0
2019-08-27,2.807,2.807,0.0,1.0
2019-08-28,2.804,2.804,0.0,1.0
2019-08-29,2.798,2.798,0.0,1.0
2019-08-30,2.841,2.841,0.0,1.0
2019-09-02,2.835,2.835,0.0,1.0
2019-09-03,2.829,2.829,0.0,1.0
2019-09-04,2.847,2.847,0.0,1.0
2019-09-05,2.866,2.866,0.0,1.0
2019-09-06,2.894,2.894,0.0,1.0
2019-09-09,2.903,2.903,0.0,1.0
2019-09-10,2.876,2.876,0.0,1.0
2019-09-11,2.875,2.875,0.0,1.0
2019-09-12,2.903,2.903,0.0,1.0
2019-09-16,2.871,2.871,0.0,1.0
2019-09-17,2.874,2.874,0.0,1.0
2019-09-18,2.89,2.89,0.0,1.0
2019-09-19,2.888,2.888,0.0,1.0
2019-09-20,2.896,2.896,0.0,1.0
2019-09-23,2.883,2.883,0.0,1.0
2019-09-24,2.88,2.88,0.0,1.0
2019-09-25,2.838,2.838,0.0,1.0
2019-09-26,2.859,2.859,0.0,1.0
2019-09-27,2.855,2.855,0.0,1.0
2019-09-30,2.834,2.834,0.0,1.0
2019-10-08,2.847,2.847,0.0,1.0
2019-10-09,2.806,2.806,0.0,1.0
2019-10-10,2.819,2.819,0.0,1.0
2019-10-11,2.848,2.848,0.0,1.0
2019-10-14,2.868,2.868,0.0,1.0
2019-10-15,2.879,2.879,0.0,1.0
2019-10-16,2.904,2.904,0.0,1.0
2019-10-17,2.903,2.903,0.0,1.0
2019-10-18,2.899,2.899,0.0,1.0
2019-10-21,2.882,2.882,0.0,1.0
2019-10-22,2.907,2.907,0.0,1.0
2019-10-23,2.872,2.872,0.0,1.0
2019-10-24,2.888,2.888,0.0,1.0
2019-10-25,2.896,2.896,0.0,1.0
2019-10-28,2.932,2.932,0.0,1.0
2019-10-29,2.953,2.953,0.0,1.0
2019-10-30,2.934,2.934,0.0,1.0
2019-10-31,2.95,2.95,0.0,1.0
2019-11-01,2.956,2.956,0.0,1.0
2019-11-04,2.977,2.977,0.0,1.0
2019-11-05,2.992,2.992,0.0,1.0
2019-11-06,2.974,2.974,0.0,1.0
2019-11-07,2.97,2.97,0.0,1.0
2019-11-08,2.961,2.961,0.0,1.0
2019-11-11,2.978,2.978,0.0,1.0
2019-11-12,2.993,2.993,0.0,1.0
2019-11-13,2.994,2.994,0.0,1.0
2019-11-14,3.001,3.001,0.0,1.0
2019-11-15,3.014,3.014,0.0,1.0
2019-11-18,3.028,3.028,0.0,1.0
2019-11-19,3.044,3.044,0.0,1.0
2019-11-20,3.03,3.03,0.0,1.0
2019-11-21,3.017,3.017,0.0,1.0
2019-11-22,3.023,3.023,0.0,1.0
2019-11-25,3.042,3.042,0.0,1.0
2019-11-26,3.09,3.09,0.0,1.0
2019-11-27,3.081,3.081,0.0,1.0
2019-11-28,3.099,3.099,0.0,1.0
2019-11-29,3.095,3.095,0.0,1.0
2019-12-02,3.12,3.12,0.0,1.0
2019-12-03,3.084,3.084,0.0,1.0
2019-12-04,3.047,3.047,0.0,1.0
2019-12-05,3.061,3.061,0.0,1.0
2019-12-06,3.058,3.058,0.0,1.0
2019-12-09,3.086,3.086,0.0,1.0
2019-12-10,3.069,3.069,0.0,1.0
2019-12-11,3.064,3.064,0.0,1.0
2019-12-12,3.086,3.086,0.0,1.0
2019-12-13,3.109,3.109,0.0,1.0
2019-12-16,3.129,3.129,0.0,1.0
2019-12-17,3.161,3.161,0.0,1.0
2019-12-18,3.132,3.132,0.0,1.0
2019-12-19,3.121,3.121,0.0,1.0
2019-12-20,3.155,3.155,0.0,1.0
2019-12-23,3.17,3.17,0.0,1.0
2019-12-24,3.185,3.185,0.0,1.0
2019-12-25,3.168,3.168,0.0,1.0
2019-12-26,3.189,3.189,0.0,1.0
2019-12-27,3.217,3.217,0.0,1.0
2019-12-30,3.21,3.21,0.0,1.0
2019-12-31,3.193,3.193,0.0,1.0
2020-01-02,3.24,3.24,0.0,1.0
2020-01-03,3.254,3.254,0.0,1.0
2020-01-06,3.212,3.212,0.0,1.0
2020-01-07,3.257,3.257,0.0,1.0
2020-01-08,3.219,3.219,0.0,1.0
2020-01-09,3.29,3.29,0.0,1.0
2020-01-10,3.366,3.366,0.0,1.0
2020-01-13,3.359,3.359,0.0,1.0
2020-01-14,3.401,3.401,0.0,1.0
2020-01-15,3.41,3.41,0.0,1.0
2020-01-16,3.441,3.441,0.0,1.0
2020-01-17,3.483,3.483,0.0,1.0
2020-01-20,3.424,3.424,0.0,1.0
2020-01-21,3.397,3.397,0.0,1.0
2020-01-22,3.436,3.436,0.0,1.0
2020-01-23,3.478,3.478,0.0,1.0
2020-02-03,3.303,3.303,0.0,1.0
2020-02-04,3.422,3.422,0.0,1.0
2020-02-05,3.57,3.57,0.0,1.0
2020-02-06,3.682,3.682,0.0,1.0
2020-02-07,3.709,3.709,0.0,1.0
2020-02-10,3.732,3.732,0.0,1.0
2020-02-11,3.871,3.871,0.0,1.0
2020-02-12,3.971,3.971,0.0,1.0
2020-02-13,4.197,4.197,0.0,1.0
2020-02-14,4.01,4.01,0.0,1.0
2020-02-17,3.976,3.976,0.0,1.0
2020-02-18,3.837,3.837,0.0,1.0
2020-02-19,3.799,3.799,0.0,1.0
2020-02-20,3.82,3.82,0.0,1.0
2020-02-21,3.719,3.719,0.0,1.0
2020-02-24,3.558,3.558,0.0,1.0
2020-02-25,3.686,3.686,0.0,1.0
2020-02-26,3.619,3.619,0.0,1.0
2020-02-27,3.57,3.57,0.0,1.0
2020-02-28,3.392,3.392,0.0,1.0
2020-03-02,3.541,3.541,0.0,1.0
2020-03-03,3.565,3.565,0.0,1.0
2020-03-04,3.567,3.567,0.0,1.0
2020-03-05,3.571,3.571,0.0,1.0
2020-03-06,3.493,3.493,0.0,1.0
2020-03-09,3.258,3.258,0.0,1.0
2020-03-10,3.413,3.413,0.0,1.0
2020-03-11,3.294,3.294,0.0,1.0
2020-03-12,3.176,3.176,0.0,1.0
2020-03-13,3.217,3.217,0.0,1.0
2020-03-16,3.015,3.015,0.0,1.0
2020-03-17,3.081,3.081,0.0,1.0
2020-03-18,2.998,2.998,0.0,1.0
2020-03-19,3.061,3.061,0.0,1.0
2020-03-20,3.161,3.161,0.0,1.0
2020-03-23,3.019,3.019,0.0,1.0
2020-03-24,3.181,3.181,0.0,1.0
2020-03-25,3.302,3.302,0.0,1.0
2020-03-26,3.22,3.22,0.0,1.0
2020-03-27,3.159,3.159,0.0,1.0
2020-03-30,3.094,3.094,0.0,1.0
2020-03-31,3.099,3.099,0.0,1.0
2020-04-01,3.066,3.066,0.0,1.0
2020-04-02,3.123,3.123,0.0,1.0
2020-04-03,3.077,3.077,0.0,1.0
2020-04-07,3.175,3.175,0.0,1.0
2020-04-08,3.156,3.156,0.0,1.0
2020-04-09,3.168,3.168,0.0,1.0
2020-04-10,3.126,3.126,0.0,1.0
2020-04-13,3.095,3.095,0.0,1.0
2020-04-14,3.165,3.165,0.0,1.0
2020-04-15,3.237,3.237,0.0,1.0
2020-04-16,3.262,3.262,0.0,1.0
2020-04-17,3.375,3.375,0.0,1.0
2020-04-20,3.375,3.375,0.0,1.0
2020-04-21,3.348,3.348,0.0,1.0
2020-04-22,3.423,3.423,0.0,1.0
2020-04-23,3.465,3.465,0.0,1.0
2020-04-24,3.446,3.446,0.0,1.0
2020-04-27,3.567,3.567,0.0,1.0
2020-04-28,3.656,3.656,0.0,1.0
2020-04-29,3.722,3.722,0.0,1.0
2020-04-30,3.737,3.737,0.0,1.0
2020-05-06,3.748,3.748,0.0,1.0
2020-05-07,3.764,3.764,0.0,1.0
2020-05-08,3.789,3.789,0.0,1.0
2020-05-11,3.726,3.726,0.0,1.0
2020-05-12,3.656,3.656,0.0,1.0
2020-05-13,3.644,3.644,0.0,1.0
2020-05-14,3.586,3.586,0.0,1.0
2020-05-15,3.61,3.61,0.0,1.0
2020-05-18,3.651,3.651,0.0,1.0
2020-05-19,3.748,3.748,0.0,1.0
2020-05-20,3.721,3.721,0.0,1.0
2020-05-21,3.72,3.72,0.0,1.0
2020-05-22,3.596,3.596,0.0,1.0
2020-05-25,3.713,3.713,0.0,1.0
2020-05-26,3.797,3.797,0.0,1.0
2020-05-27,3.772,3.772,0.0,1.0
2020-05-28,3.757,3.757,0.0,1.0
2020-05-29,3.73,3.73,0.0,1.0
2020-06-01,3.744,3.744,0.0,1.0
2020-06-02,3.738,3.738,0.0,1.0
2020-06-03,3.771,3.771,0.0,1.0
2020-06-04,3.793,3.793,0.0,1.0
2020-06-05,3.792,3.792,0.0,1.0
2020-06-08,3.796,3.796,0.0,1.0
2020-06-09,3.802,3.802,0.0,1.0
2020-06-10,3.788,3.788,0.0,1.0
2020-06-11,3.786,3.786,0.0,1.0
2020-06-12,3.724,3.724,0.0,1.0
2020-06-15,3.665,3.665,0.0,1.0
2020-06-16,3.806,3.806,0.0,1.0
2020-06-17,3.82,3.82,0.0,1.0
2020-06-18,3.794,3.794,0.0,1.0
2020-06-19,3.802,3.802,0.0,1.0
2020-06-22,3.786,3.786,0.0,1.0
2020-06-23,3.819,3.819,0.0,1.0
2020-06-24,3.829,3.829,0.0,1.0
2020-06-29,3.76,3.76,0.0,1.0
2020-06-30,3.77,3.77,0.0,1.0
2020-07-01,3.786,3.786,0.0,1.0
2020-07-02,3.803,3.803,0.0,1.0
2020-07-03,3.802,3.802,0.0,1.0
2020-07-06,3.828,3.828,0.0,1.0
2020-07-07,3.839,3.839,0.0,1.0
2020-07-08,3.821,3.821,0.0,1.0
2020-07-09,3.839,3.839,0.0,1.0
2020-07-10,3.847,3.847,0.0,1.0
2020-07-13,3.925,3.925,0.0,1.0
2020-07-14,3.872,3.872,0.0,1.0
2020-07-15,3.882,3.882,0.0,1.0
2020-07-16,3.82,3.82,0.0,1.0
2020-07-17,3.868,3.868,0.0,1.0
2020-07-20,3.849,3.849,0.0,1.0
2020-07-21,3.983,3.983,0.0,1.0
2020-07-22,3.944,3.944,0.0,1.0
2020-07-23,3.956,3.956,0.0,1.0
2020-07-24,3.837,3.837,0.0,1.0
2020-07-27,3.849,3.849,0.0,1.0
2020-07-28,3.877,3.877,0.0,1.0
2020-07-29,3.864,3.864,0.0,1.0
2020-07-30,3.859,3.859,0.0,1.0
2020-07-31,3.92,3.92,0.0,1.0
2020-08-03,3.918,3.918,0.0,1.0
2020-08-04,3.973,3.973,0.0,1.0
2020-08-05,3.967,3.967,0.0,1.0
2020-08-06,3.958,3.958,0.0,1.0
2020-08-07,4.004,4.004,0.0,1.0
2020-08-10,3.994,3.994,0.0,1.0
2020-08-11,3.992,3.992,0.0,1.0
2020-08-12,3.981,3.981,0.0,1.0
2020-08-13,4.065,4.065,0.0,1.0
2020-08-14,4.058,4.058,0.0,1.0
2020-08-17,4.063,4.063,0.0,1.0
2020-08-18,4.059,4.059,0.0,1.0
2020-08-19,4.111,4.111,0.0,1.0
2020-08-20,4.106,4.106,0.0,1.0
2020-08-21,4.21,4.21,0.0,1.0
2020-08-24,4.391,4.391,0.0,1.0
2020-08-25,4.591,4.591,0.0,1.0
2020-08-26,4.503,4.503,0.0,1.0
2020-08-27,4.697,4.697,0.0,1.0
2020-08-28,4.797,4.797,0.0,1.0
2020-08-31,5.058,5.058,0.0,1.0
2020-09-01,4.99,4.99,0.0,1.0
2020-09-02,5.193,5.193,0.0,1.0
2020-09-03,5.305,5.305,0.0,1.0
2020-09-04,4.846,4.846,0.0,1.0
2020-09-07,4.484,4.484,0.0,1.0
2020-09-08,4.724,4.724,0.0,1.0
2020-09-09,4.482,4.482,0.0,1.0
2020-09-10,4.609,4.609,0.0,1.0
2020-09-11,4.529,4.529,0.0,1.0
2020-09-14,4.654,4.654,0.0,1.0
2020-09-15,4.811,4.811,0.0,1.0
2020-09-16,4.802,4.802,0.0,1.0
2020-09-17,4.604,4.604,0.0,1.0
2020-09-18,4.761,4.761,0.0,1.0
2020-09-21,4.667,4.667,0.0,1.0
2020-09-22,4.593,4.593,0.0,1.0
2020-09-23,4.655,4.655,0.0,1.0
2020-09-24,4.481,4.481,0.0,1.0
2020-09-25,4.445,4.445,0.0,1.0
2020-09-28,4.52,4.52,0.0,1.0
2020-09-29,4.546,4.546,0.0,1.0
2020-09-30,4.555,4.555,0.0,1.0
2020-10-09,4.644,4.644,0.0,1.0
2020-10-12,4.673,4.673,0.0,1.0
2020-10-13,4.722,4.722,0.0,1.0
2020-10-14,4.707,4.707,0.0,1.0
2020-10-15,4.586,4.586,0.0,1.0
2020-10-16,4.582,4.582,0.0,1.0
2020-10-19,4.636,4.636,0.0,1.0
2020-10-20,4.605,4.605,0.0,1.0
2020-10-21,4.604,4.604,0.0,1.0
2020-10-22,4.556,4.556,0.0,1.0
2020-10-23,4.509,4.509,0.0,1.0
2020-10-26,4.429,4.429,0.0,1.0
2020-10-27,4.402,4.402,0.0,1.0
2020-10-28,4.364,4.364,0.0,1.0
2020-10-29,4.312,4.312,0.0,1.0
2020-10-30,4.251,4.251,0.0,1.0
2020-11-02,4.253,4.253,0.0,1.0
2020-11-03,4.42,4.42,0.0,1.0
2020-11-04,4.635,4.635,0.0,1.0
2020-11-05,4.65,4.65,0.0,1.0
2020-11-06,4.483,4.483,0.0,1.0
2020-11-09,4.602,4.602,0.0,1.0
2020-11-10,4.469,4.469,0.0,1.0
2020-11-11,4.407,4.407,0.0,1.0
2020-11-12,4.419,4.419,0.0,1.0
2020-11-13,4.385,4.385,0.0,1.0
2020-11-16,4.4,4.4,0.0,1.0
2020-11-17,4.324,4.324,0.0,1.0
2020-11-18,4.284,4.284,0.0,1.0
2020-11-19,4.276,4.276,0.0,1.0
2020-11-20,4.305,4.305,0.0,1.0
2020-11-23,4.271,4.271,0.0,1.0
2020-11-24,4.281,4.281,0.0,1.0
2020-11-25,4.312,4.312,0.0,1.0
2020-11-26,4.325,4.325,0.0,1.0
2020-11-27,4.312,4.312,0.0,1.0
2020-11-30,4.317,4.317,0.0,1.0
2020-12-01,4.364,4.364,0.0,1.0
2020-12-02,4.394,4.394,0.0,1.0
2020-12-03,4.371,4.371,0.0,1.0
2020-12-04,4.349,4.349,0.0,1.0
2020-12-07,4.299,4.299,0.0,1.0
2020-12-08,4.293,4.293,0.0,1.0
2020-12-09,4.29,4.29,0.0,1.0
2020-12-10,4.22,4.22,0.0,1.0
2020-12-11,4.207,4.207,0.0,1.0
2020-12-14,4.204,4.204,0.0,1.0
2020-12-15,4.212,4.212,0.0,1.0
2020-12-16,4.281,4.281,0.0,1.0
2020-12-17,4.283,4.283,0.0,1.0
2020-12-18,4.303,4.303,0.0,1.0
2020-12-21,4.341,4.341,0.0,1.0
2020-12-22,4.299,4.299,0.0,1.0
2020-12-23,4.315,4.315,0.0,1.0
2020-12-24,4.298,4.298,0.0,1.0
2020-12-25,4.321,4.321,0.0,1.0
2020-12-28,4.346,4.346,0.0,1.0
2020-12-29,4.383,4.383,0.0,1.0
2020-12-30,4.382,4.382,0.0,1.0
2020-12-31,4.375,4.375,0.0,1.0
2021-01-04,4.333,4.333,0.0,1.0
2021-01-05,4.275,4.275,0.0,1.0
2021-01-06,4.256,4.256,0.0,1.0
2021-01-07,4.243,4.243,0.0,1.0
2021-01-08,4.318,4.318,0.0,1.0
2021-01-11,4.331,4.331,0.0,1.0
2021-01-12,4.299,4.299,0.0,1.0
2021-01-13,4.281,4.281,0.0,1.0
2021-01-14,4.297,4.297,0.0,1.0
2021-01-15,4.268,4.268,0.0,1.0
2021-01-18,4.244,4.244,0.0,1.0
2021-01-19,4.291,4.291,0.0,1.0
2021-01-20,4.324,4.324,0.0,1.0
2021-01-21,4.435,4.435,0.0,1.0
2021-01-22,4.432,4.432,0.0,1.0
2021-01-25,4.471,4.471,0.0,1.0
2021-01-26,4.443,4.443,0.0,1.0
2021-01-27,4.513,4.513,0.0,1.0
2021-01-28,4.333,4.333,0.0,1.0
2021-01-29,4.327,4.327,0.0,1.0
2021-02-01,4.31,4.31,0.0,1.0
2021-02-02,4.441,4.441,0.0,1.0
2021-02-03,4.493,4.493,0.0,1.0
2021-02-04,4.449,4.449,0.0,1.0
2021-02-05,4.508,4.508,0.0,1.0
2021-02-08,4.537,4.537,0.0,1.0
2021-02-09,4.536,4.536,0.0,1.0
2021-02-10,4.553,4.553,0.0,1.0
2021-02-18,4.532,4.532,0.0,1.0
2021-02-19,4.527,4.527,0.0,1.0
2021-02-22,4.487,4.487,0.0,1.0
2021-02-23,4.416,4.416,0.0,1.0
2021-02-24,4.339,4.339,0.0,1.0
2021-02-25,4.422,4.422,0.0,1.0
2021-02-26,4.246,4.246,0.0,1.0
2021-03-01,4.342,4.342,0.0,1.0
2021-03-02,4.396,4.396,0.0,1.0
2021-03-03,4.376,4.376,0.0,1.0
2021-03-04,4.234,4.234,0.0,1.0
2021-03-05,4.182,4.182,0.0,1.0
2021-03-08,4.189,4.189,0.0,1.0
2021-03-09,4.153,4.153,0.0,1.0
2021-03-10,4.261,4.261,0.0,1.0
2021-03-11,4.297,4.297,0.0,1.0
2021-03-12,4.324,4.324,0.0,1.0
2021-03-15,4.306,4.306,0.0,1.0
2021-03-16,4.387,4.387,0.0,1.0
2021-03-17,4.38,4.38,0.0,1.0
2021-03-18,4.413,4.413,0.0,1.0
2021-03-19,4.267,4.267,0.0,1.0
2021-03-22,4.308,4.308,0.0,1.0
2021-03-23,4.349,4.349,0.0,1.0
2021-03-24,4.351,4.351,0.0,1.0
2021-03-25,4.285,4.285,0.0,1.0
2021-03-26,4.322,4.322,0.0,1.0
2021-03-29,4.322,4.322,0.0,1.0
2021-03-30,4.331,4.331,0.0,1.0
2021-03-31,4.329,4.329,0.0,1.0
2021-04-01,4.43,4.43,0.0,1.0
2021-04-02,4.479,4.479,0.0,1.0
2021-04-06,4.549,4.549,0.0,1.0
2021-04-07,4.545,4.545,0.0,1.0
2021-04-08,4.592,4.592,0.0,1.0
2021-04-09,4.605,4.605,0.0,1.0
2021-04-12,4.635,4.635,0.0,1.0
2021-04-13,4.625,4.625,0.0,1.0
2021-04-14,4.685,4.685,0.0,1.0
2021-04-15,4.638,4.638,0.0,1.0
2021-04-16,4.681,4.681,0.0,1.0
2021-04-19,4.69,4.69,0.0,1.0
2021-04-20,4.62,4.62,0.0,1.0
2021-04-21,4.585,4.585,0.0,1.0
2021-04-22,4.627,4.627,0.0,1.0
2021-04-23,4.572,4.572,0.0,1.0
2021-04-26,4.619,4.619,0.0,1.0
2021-04-27,4.656,4.656,0.0,1.0
2021-04-28,4.64,4.64,0.0,1.0
2021-04-29,4.653,4.653,0.0,1.0
2021-04-30,4.619,4.619,0.0,1.0
2021-05-06,4.512,4.512,0.0,1.0
2021-05-07,4.502,4.502,0.0,1.0
2021-05-10,4.537,4.537,0.0,1.0
2021-05-11,4.405,4.405,0.0,1.0
2021-05-12,4.406,4.406,0.0,1.0
2021-05-13,4.346,4.346,0.0,1.0
2021-05-14,4.394,4.394,0.0,1.0
2021-05-17,4.439,4.439,0.0,1.0
2021-05-18,4.453,4.453,0.0,1.0
2021-05-19,4.371,4.371,0.0,1.0
2021-05-20,4.382,4.382,0.0,1.0
2021-05-21,4.47,4.47,0.0,1.0
2021-05-24,4.448,4.448,0.0,1.0
2021-05-25,4.516,4.516,0.0,1.0
2021-05-26,4.51,4.51,0.0,1.0
2021-05-27,4.485,4.485,0.0,1.0
2021-05-28,4.483,4.483,0.0,1.0
2021-05-31,4.475,4.475,0.0,1.0
2021-06-01,4.483,4.483,0.0,1.0
2021-06-02,4.462,4.462,0.0,1.0
2021-06-03,4.473,4.473,0.0,1.0
2021-06-04,4.439,4.439,0.0,1.0
2021-06-07,4.501,4.501,0.0,1.0
2021-06-08,4.517,4.517,0.0,1.0
2021-06-09,4.523,4.523,0.0,1.0
2021-06-10,4.509,4.509,0.0,1.0
2021-06-11,4.563,4.563,0.0,1.0
2021-06-15,4.633,4.633,0.0,1.0
2021-06-16,4.603,4.603,0.0,1.0
2021-06-17,4.588,4.588,0.0,1.0
2021-06-18,4.684,4.684,0.0,1.0
2021-06-21,4.641,4.641,0.0,1.0
2021-06-22,4.671,4.671,0.0,1.0
2021-06-23,4.743,4.743,0.0,1.0
2021-06-24,4.742,4.742,0.0,1.0
2021-06-25,4.756,4.756,0.0,1.0
2021-06-28,4.767,4.767,0.0,1.0
2021-06-29,4.803,4.803,0.0,1.0
2021-06-30,4.837,4.837,0.0,1.0
2021-07-01,4.827,4.827,0.0,1.0
2021-07-02,4.828,4.828,0.0,1.0
2021-07-05,4.883,4.883,0.0,1.0
2021-07-06,4.887,4.887,0.0,1.0
2021-07-07,4.919,4.919,0.0,1.0
2021-07-08,4.91,4.91,0.0,1.0
2021-07-09,4.903,4.903,0.0,1.0
2021-07-12,4.934,4.934,0.0,1.0
2021-07-13,4.94,4.94,0.0,1.0
2021-07-14,4.938,4.938,0.0,1.0
2021-07-15,4.948,4.948,0.0,1.0
2021-07-16,4.903,4.903,0.0,1.0
2021-07-19,4.874,4.874,0.0,1.0
2021-07-20,4.863,4.863,0.0,1.0
2021-07-21,4.893,4.893,0.0,1.0
2021-07-22,4.938,4.938,0.0,1.0
2021-07-23,4.975,4.975,0.0,1.0
2021-07-26,5.041,5.041,0.0,1.0
2021-07-27,5.03,5.03,0.0,1.0
2021-07-28,4.98,4.98,0.0,1.0
2021-07-29,4.996,4.996,0.0,1.0
2021-07-30,4.912,4.912,0.0,1.0
2021-08-02,4.98,4.98,0.0,1.0
2021-08-03,4.968,4.968,0.0,1.0
2021-08-04,5.001,5.001,0.0,1.0
2021-08-05,4.996,4.996,0.0,1.0
2021-08-06,5.033,5.033,0.0,1.0
2021-08-09,5.008,5.008,0.0,1.0
2021-08-10,5.031,5.031,0.0,1.0
2021-08-11,5.006,5.006,0.0,1.0
2021-08-12,4.992,4.992,0.0,1.0
2021-08-13,5.01,5.01,0.0,1.0
2021-08-16,5.022,5.022,0.0,1.0
2021-08-17,5.039,5.039,0.0,1.0
2021-08-18,5.009,5.009,0.0,1.0
2021-08-19,4.922,4.922,0.0,1.0
2021-08-20,4.968,4.968,0.0,1.0
2021-08-23,5.05,5.05,0.0,1.0
2021-08-24,5.123,5.123,0.0,1.0
2021-08-25,5.118,5.118,0.0,1.0
2021-08-26,5.111,5.111,0.0,1.0
2021-08-27,5.115,5.115,0.0,1.0
2021-08-30,5.154,5.154,0.0,1.0
2021-08-31,5.224,5.224,0.0,1.0
2021-09-01,5.2,5.2,0.0,1.0
2021-09-02,5.193,5.193,0.0,1.0
2021-09-03,5.182,5.182,0.0,1.0
2021-09-06,5.195,5.195,0.0,1.0
2021-09-07,5.2,5.2,0.0,1.0
2021-09-08,5.193,5.193,0.0,1.0
2021-09-09,5.165,5.165,0.0,1.0
2021-09-10,5.148,5.148,0.0,1.0
2021-09-13,5.122,5.122,0.0,1.0
2021-09-14,5.092,5.092,0.0,1.0
2021-09-15,5.081,5.081,0.0,1.0
2021-09-16,5.106,5.106,0.0,1.0
2021-09-17,5.135,5.135,0.0,1.0
2021-09-22,5.009,5.009,0.0,1.0
2021-09-23,5.055,5.055,0.0,1.0
2021-09-24,5.065,5.065,0.0,1.0
2021-09-27,5.096,5.096,0.0,1.0
2021-09-28,5.005,5.005,0.0,1.0
2021-09-29,4.934,4.934,0.0,1.0
2021-09-30,4.944,4.944,0.0,1.0
2021-10-08,4.937,4.937,0.0,1.0
2021-10-11,4.881,4.881,0.0,1.0
2021-10-12,4.84,4.84,0.0,1.0
2021-10-13,4.852,4.852,0.0,1.0
2021-10-14,4.917,4.917,0.0,1.0
2021-10-15,4.986,4.986,0.0,1.0
2021-10-18,4.982,4.982,0.0,1.0
2021-10-19,5.039,5.039,0.0,1.0
2021-10-20,5.048,5.048,0.0,1.0
2021-10-21,5.047,5.047,0.0,1.0
2021-10-22,5.065,5.065,0.0,1.0
2021-10-25,5.04,5.04,0.0,1.0
2021-10-26,5.103,5.103,0.0,1.0
2021-10-27,5.095,5.095,0.0,1.0
2021-10-28,5.116,5.116,0.0,1.0
2021-10-29,5.122,5.122,0.0,1.0
2021-11-01,5.208,5.208,0.0,1.0
2021-11-02,5.218,5.218,0.0,1.0
2021-11-03,5.243,5.243,0.0,1.0
2021-11-04,5.315,5.315,0.0,1.0
2021-11-05,5.38,5.38,0.0,1.0
2021-11-08,5.362,5.362,0.0,1.0
2021-11-09,5.368,5.368,0.0,1.0
2021-11-10,5.316,5.316,0.0,1.0
2021-11-11,5.272,5.272,0.0,1.0
2021-11-12,5.27,5.27,0.0,1.0
2021-11-15,5.336,5.336,0.0,1.0
2021-11-16,5.304,5.304,0.0,1.0
2021-11-17,5.347,5.347,0.0,1.0
2021-11-18,5.359,5.359,0.0,1.0
2021-11-19,5.433,5.433,0.0,1.0
2021-11-22,5.448,5.448,0.0,1.0
2021-11-23,5.359,5.359,0.0,1.0
2021-11-24,5.368,5.368,0.0,1.0
2021-11-25,5.395,5.395,0.0,1.0
2021-11-26,5.34,5.34,0.0,1.0
2021-11-29,5.322,5.322,0.0,1.0
2021-11-30,5.346,5.346,0.0,1.0
2021-12-01,5.35,5.35,0.0,1.0
2021-12-02,5.23,5.23,0.0,1.0
2021-12-03,5.226,5.226,0.0,1.0
2021-12-06,5.153,5.153,0.0,1.0
2021-12-07,5.22,5.22,0.0,1.0
2021-12-08,5.35,5.35,0.0,1.0
2021-12-09,5.329,5.329,0.0,1.0
2021-12-10,5.28,5.28,0.0,1.0
2021-12-13,5.346,5.346,0.0,1.0
2021-12-14,5.261,5.261,0.0,1.0
2021-12-15,5.217,5.217,0.0,1.0
2021-12-16,5.347,5.347,0.0,1.0
2021-12-17,5.191,5.191,0.0,1.0
2021-12-20,5.113,5.113,0.0,1.0
2021-12-21,5.18,5.18,0.0,1.0
2021-12-22,5.206,5.206,0.0,1.0
2021-12-23,5.276,5.276,0.0,1.0
2021-12-24,5.307,5.307,0.0,1.0
2021-12-27,5.331,5.331,0.0,1.0
2021-12-28,5.405,5.405,0.0,1.0
2021-12-29,5.402,5.402,0.0,1.0
2021-12-30,5.372,5.372,0.0,1.0
2021-12-31,5.364,5.364,0.0,1.0
2022-01-04,5.406,5.406,0.0,1.0
2022-01-05,5.297,5.297,0.0,1.0
2022-01-06,5.151,5.151,0.0,1.0
2022-01-07,5.188,5.188,0.0,1.0
2022-01-10,5.142,5.142,0.0,1.0
2022-01-11,5.101,5.101,0.0,1.0
2022-01-12,5.192,5.192,0.0,1.0
2022-01-14,1.015,5.074999999999999,0.0,5.0
2022-01-17,1.014,5.07,0.0,5.0
2022-01-18,1.008,5.04,0.0,5.0
2022-01-19,0.986,4.93,0.0,5.0
2022-01-20,0.989,4.945,0.0,5.0
2022-01-21,0.96,4.8,0.0,5.0
2022-01-24,0.951,4.755,0.0,5.0
2022-01-25,0.93,4.65,0.0,5.0
2022-01-26,0.925,4.625,0.0,5.0
2022-01-27,0.905,4.525,0.0,5.0
2022-01-28,0.919,4.595000000000001,0.0,5.0
2022-02-07,0.956,4.779999999999999,0.0,5.0
2022-02-08,0.95,4.75,0.0,5.0
2022-02-09,0.966,4.83,0.0,5.0
2022-02-10,0.98,4.9,0.0,5.0
2022-02-11,0.952,4.76,0.0,5.0
2022-02-14,0.933,4.665,0.0,5.0
2022-02-15,0.933,4.665,0.0,5.0
2022-02-16,0.949,4.745,0.0,5.0
2022-02-17,0.942,4.71,0.0,5.0
2022-02-18,0.933,4.665,0.0,5.0
2022-02-21,0.931,4.655,0.0,5.0
2022-02-22,0.893,4.465,0.0,5.0
2022-02-23,0.908,4.54,0.0,5.0
2022-02-24,0.857,4.285,0.0,5.0
2022-02-25,0.894,4.47,0.0,5.0
2022-02-28,0.896,4.48,0.0,5.0
2022-03-01,0.919,4.595000000000001,0.0,5.0
2022-03-02,0.905,4.525,0.0,5.0
2022-03-03,0.92,4.6000000000000005,0.0,5.0
2022-03-04,0.902,4.51,0.0,5.0
2022-03-07,0.881,4.405,0.0,5.0
2022-03-08,0.852,4.26,0.0,5.0
2022-03-09,0.862,4.31,0.0,5.0
2022-03-10,0.884,4.42,0.0,5.0
2022-03-11,0.879,4.395,0.0,5.0
2022-03-14,0.868,4.34,0.0,5.0
2022-03-15,0.851,4.255,0.0,5.0
2022-03-16,0.883,4.415,0.0,5.0
2022-03-17,0.91,4.55,0.0,5.0
2022-03-18,0.91,4.55,0.0,5.0
2022-03-21,0.93,4.65,0.0,5.0
2022-03-22,0.932,4.66,0.0,5.0
2022-03-23,0.955,4.7749999999999995,0.0,5.0
2022-03-24,0.946,4.7299999999999995,0.0,5.0
2022-03-25,0.963,4.8149999999999995,0.0,5.0
2022-03-28,0.958,4.79,0.0,5.0
2022-03-29,0.978,4.89,0.0,5.0
2022-03-30,0.99,4.95,0.0,5.0
2022-03-31,0.983,4.915,0.0,5.0
2022-04-01,0.973,4.865,0.0,5.0
2022-04-06,0.967,4.835,0.0,5.0
2022-04-07,0.947,4.734999999999999,0.0,5.0
2022-04-08,0.953,4.765,0.0,5.0
2022-04-11,0.929,4.6450000000000005,0.0,5.0
2022-04-12,0.911,4.555,0.0,5.0
2022-04-13,0.917,4.585,0.0,5.0
2022-04-14,0.931,4.655,0.0,5.0
2022-04-15,0.905,4.525,0.0,5.0
2022-04-18,0.9,4.5,0.0,5.0
2022-04-19,0.913,4.565,0.0,5.0
2022-04-20,0.924,4.62,0.0,5.0
2022-04-21,0.928,4.640000000000001,0.0,5.0
2022-04-22,0.911,4.555,0.0,5.0
2022-04-25,0.883,4.415,0.0,5.0
2022-04-26,0.904,4.5200000000000005,0.0,5.0
2022-04-27,0.881,4.405,0.0,5.0
2022-04-28,0.893,4.465,0.0,5.0
2022-04-29,0.905,4.525,0.0,5.0
2022-05-05,0.913,4.565,0.0,5.0
2022-05-06,0.878,4.39,0.0,5.0
2022-05-09,0.866,4.33,0.0,5.0
2022-05-10,0.855,4.275,0.0,5.0
2022-05-11,0.859,4.295,0.0,5.0
2022-05-12,0.83,4.1499999999999995,0.0,5.0
2022-05-13,0.844,4.22,0.0,5.0
2022-05-16,0.855,4.275,0.0,5.0
2022-05-17,0.859,4.295,0.0,5.0
2022-05-18,0.864,4.32,0.0,5.0
2022-05-19,0.828,4.14,0.0,5.0
2022-05-20,0.833,4.165,0.0,5.0
2022-05-23,0.837,4.185,0.0,5.0
2022-05-24,0.813,4.0649999999999995,0.0,5.0
2022-05-25,0.818,4.09,0.0,5.0
2022-05-26,0.822,4.109999999999999,0.0,5.0
2022-05-27,0.848,4.24,0.0,5.0
2022-05-30,0.875,4.375,0.0,5.0
2022-05-31,0.868,4.34,0.0,5.0
2022-06-01,0.868,4.34,0.0,5.0
2022-06-02,0.86,4.3,0.0,5.0
2022-06-06,0.861,4.305,0.0,5.0
2022-06-07,0.854,4.27,0.0,5.0
2022-06-08,0.866,4.33,0.0,5.0
2022-06-09,0.861,4.305,0.0,5.0
2022-06-10,0.847,4.234999999999999,0.0,5.0
2022-06-13,0.804,4.0200000000000005,0.0,5.0
2022-06-14,0.799,3.995,0.0,5.0
2022-06-15,0.803,4.015000000000001,0.0,5.0
2022-06-16,0.798,3.99,0.0,5.0
2022-06-17,0.791,3.955,0.0,5.0
2022-06-20,0.796,3.9800000000000004,0.0,5.0
2022-06-21,0.805,4.025,0.0,5.0
2022-06-22,0.802,4.01,0.0,5.0
2022-06-23,0.815,4.074999999999999,0.0,5.0
2022-06-24,0.824,4.12,0.0,5.0
2022-06-27,0.837,4.185,0.0,5.0
2022-06-28,0.828,4.14,0.0,5.0
2022-06-29,0.806,4.03,0.0,5.0
2022-06-30,0.801,4.005,0.0,5.0
2022-07-01,0.799,3.995,0.0,5.0
2022-07-04,0.802,4.01,0.0,5.0
2022-07-05,0.814,4.069999999999999,0.0,5.0
2022-07-06,0.819,4.095,0.0,5.0
2022-07-07,0.829,4.145,0.0,5.0
2022-07-08,0.835,4.175,0.0,5.0
2022-07-11,0.828,4.14,0.0,5.0
2022-07-12,0.816,4.08,0.0,5.0
2022-07-13,0.821,4.1049999999999995,0.0,5.0
2022-07-14,0.812,4.0600000000000005,0.0,5.0
2022-07-15,0.821,4.1049999999999995,0.0,5.0
2022-07-18,0.841,4.205,0.0,5.0
2022-07-19,0.829,4.145,0.0,5.0
2022-07-20,0.856,4.28,0.0,5.0
2022-07-21,0.861,4.305,0.0,5.0
2022-07-22,0.867,4.335,0.0,5.0
2022-07-25,0.854,4.27,0.0,5.0
2022-07-26,0.849,4.245,0.0,5.0
2022-07-27,0.849,4.245,0.0,5.0
2022-07-28,0.864,4.32,0.0,5.0
2022-07-29,0.888,4.44,0.0,5.0
2022-08-01,0.886,4.43,0.0,5.0
2022-08-02,0.886,4.43,0.0,5.0
2022-08-03,0.886,4.43,0.0,5.0
2022-08-04,0.911,4.555,0.0,5.0
2022-08-05,0.915,4.575,0.0,5.0
2022-08-08,0.912,4.5600000000000005,0.0,5.0
2022-08-09,0.905,4.525,0.0,5.0
2022-08-10,0.892,4.46,0.0,5.0
2022-08-11,0.923,4.615,0.0,5.0
2022-08-12,0.914,4.57,0.0,5.0
2022-08-15,0.931,4.655,0.0,5.0
2022-08-16,0.942,4.71,0.0,5.0
2022-08-17,0.939,4.694999999999999,0.0,5.0
2022-08-18,0.926,4.63,0.0,5.0
2022-08-19,0.928,4.640000000000001,0.0,5.0
2022-08-22,0.912,4.5600000000000005,0.0,5.0
2022-08-23,0.895,4.475,0.0,5.0
2022-08-24,0.898,4.49,0.0,5.0
2022-08-25,0.91,4.55,0.0,5.0
2022-08-26,0.915,4.575,0.0,5.0
2022-08-29,0.879,4.395,0.0,5.0
2022-08-30,0.883,4.415,0.0,5.0
2022-08-31,0.875,4.375,0.0,5.0
2022-09-01,0.854,4.27,0.0,5.0
2022-09-02,0.863,4.3149999999999995,0.0,5.0
2022-09-05,0.856,4.28,0.0,5.0
2022-09-06,0.862,4.31,0.0,5.0
2022-09-07,0.853,4.265,0.0,5.0
2022-09-08,0.87,4.35,0.0,5.0
2022-09-09,0.873,4.365,0.0,5.0
2022-09-13,0.898,4.49,0.0,5.0
2022-09-14,0.856,4.28,0.0,5.0
2022-09-15,0.858,4.29,0.0,5.0
2022-09-16,0.841,4.205,0.0,5.0
2022-09-19,0.84,4.2,0.0,5.0
2022-09-20,0.855,4.275,0.0,5.0
2022-09-21,0.85,4.25,0.0,5.0
2022-09-22,0.834,4.17,0.0,5.0
2022-09-23,0.829,4.145,0.0,5.0
2022-09-26,0.816,4.08,0.0,5.0
2022-09-27,0.831,4.154999999999999,0.0,5.0
2022-09-28,0.82,4.1,0.0,5.0
2022-09-29,0.833,4.165,0.0,5.0
2022-09-30,0.812,4.0600000000000005,0.0,5.0
2022-10-10,0.792,3.96,0.0,5.0
2022-10-11,0.792,3.96,0.0,5.0
2022-10-12,0.797,3.9850000000000003,0.0,5.0
2022-10-13,0.79,3.95,0.0,5.0
2022-10-14,0.811,4.055000000000001,0.0,5.0
2022-10-17,0.793,3.9650000000000003,0.0,5.0
2022-10-18,0.824,4.12,0.0,5.0
2022-10-19,0.821,4.1049999999999995,0.0,5.0
2022-10-20,0.812,4.0600000000000005,0.0,5.0
2022-10-21,0.81,4.050000000000001,0.0,5.0
2022-10-24,0.833,4.165,0.0,5.0
2022-10-25,0.848,4.24,0.0,5.0
2022-10-26,0.842,4.21,0.0,5.0
2022-10-27,0.837,4.185,0.0,5.0
2022-10-28,0.811,4.055000000000001,0.0,5.0
2022-10-31,0.849,4.245,0.0,5.0
2022-11-01,0.851,4.255,0.0,5.0
2022-11-02,0.838,4.1899999999999995,0.0,5.0
2022-11-03,0.813,4.0649999999999995,0.0,5.0
2022-11-04,0.814,4.069999999999999,0.0,5.0
2022-11-07,0.815,4.074999999999999,0.0,5.0
2022-11-08,0.816,4.08,0.0,5.0
2022-11-09,0.818,4.09,0.0,5.0
2022-11-10,0.808,4.04,0.0,5.0
2022-11-11,0.854,4.27,0.0,5.0
2022-11-14,0.848,4.24,0.0,5.0
2022-11-15,0.855,4.275,0.0,5.0
2022-11-16,0.861,4.305,0.0,5.0
2022-11-17,0.856,4.28,0.0,5.0
2022-11-18,0.853,4.265,0.0,5.0
2022-11-21,0.85,4.25,0.0,5.0
2022-11-22,0.843,4.215,0.0,5.0
2022-11-23,0.853,4.265,0.0,5.0
2022-11-24,0.863,4.3149999999999995,0.0,5.0
2022-11-25,0.865,4.325,0.0,5.0
2022-11-28,0.854,4.27,0.0,5.0
2022-11-29,0.852,4.26,0.0,5.0
2022-11-30,0.842,4.21,0.0,5.0
2022-12-01,0.868,4.34,0.0,5.0
2022-12-02,0.863,4.3149999999999995,0.0,5.0
2022-12-05,0.854,4.27,0.0,5.0
2022-12-06,0.844,4.22,0.0,5.0
2022-12-07,0.835,4.175,0.0,5.0
2022-12-08,0.832,4.16,0.0,5.0
2022-12-09,0.833,4.165,0.0,5.0
2022-12-12,0.825,4.125,0.0,5.0
2022-12-13,0.838,4.1899999999999995,0.0,5.0
2022-12-14,0.848,4.24,0.0,5.0
2022-12-15,0.835,4.175,0.0,5.0
2022-12-16,0.816,4.08,0.0,5.0
2022-12-19,0.813,4.0649999999999995,0.0,5.0
2022-12-20,0.802,4.01,0.0,5.0
2022-12-21,0.809,4.045,0.0,5.0
2022-12-22,0.811,4.055000000000001,0.0,5.0
2022-12-23,0.801,4.005,0.0,5.0
2022-12-26,0.802,4.01,0.0,5.0
2022-12-27,0.808,4.04,0.0,5.0
2022-12-28,0.799,3.995,0.0,5.0
2022-12-29,0.795,3.975,0.0,5.0
2022-12-30,0.799,3.995,0.0,5.0
2023-01-03,0.806,4.03,0.0,5.0
2023-01-04,0.804,4.0200000000000005,0.0,5.0
2023-01-05,0.805,4.025,0.0,5.0
2023-01-06,0.799,3.995,0.0,5.0
2023-01-09,0.809,4.045,0.0,5.0
2023-01-10,0.805,4.025,0.0,5.0
2023-01-11,0.81,4.050000000000001,0.0,5.0
2023-01-12,0.818,4.09,0.0,5.0
2023-01-13,0.815,4.074999999999999,0.0,5.0
2023-01-16,0.815,4.074999999999999,0.0,5.0
2023-01-17,0.82,4.1,0.0,5.0
2023-01-18,0.821,4.1049999999999995,0.0,5.0
2023-01-19,0.81,4.050000000000001,0.0,5.0
2023-01-20,0.815,4.074999999999999,0.0,5.0
2023-01-30,0.844,4.22,0.0,5.0
2023-01-31,0.832,4.16,0.0,5.0
2023-02-01,0.847,4.234999999999999,0.0,5.0
2023-02-02,0.862,4.31,0.0,5.0
2023-02-03,0.87,4.35,0.0,5.0
2023-02-06,0.865,4.325,0.0,5.0
2023-02-07,0.866,4.33,0.0,5.0
2023-02-08,0.882,4.41,0.0,5.0
2023-02-09,0.873,4.365,0.0,5.0
2023-02-10,0.86,4.3,0.0,5.0
2023-02-13,0.859,4.295,0.0,5.0
2023-02-14,0.871,4.355,0.0,5.0
2023-02-15,0.873,4.365,0.0,5.0
2023-02-16,0.89,4.45,0.0,5.0
2023-02-17,0.865,4.325,0.0,5.0
2023-02-20,0.868,4.34,0.0,5.0
2023-02-21,0.866,4.33,0.0,5.0
2023-02-22,0.85,4.25,0.0,5.0
2023-02-23,0.857,4.285,0.0,5.0
2023-02-24,0.86,4.3,0.0,5.0
2023-02-27,0.852,4.26,0.0,5.0
2023-02-28,0.855,4.275,0.0,5.0
2023-03-01,0.852,4.26,0.0,5.0
2023-03-02,0.84,4.2,0.0,5.0
2023-03-03,0.849,4.245,0.0,5.0
2023-03-06,0.871,4.355,0.0,5.0
2023-03-07,0.872,4.36,0.0,5.0
2023-03-08,0.864,4.32,0.0,5.0
2023-03-09,0.868,4.34,0.0,5.0
2023-03-10,0.848,4.24,0.0,5.0
2023-03-13,0.854,4.27,0.0,5.0
2023-03-14,0.841,4.205,0.0,5.0
2023-03-15,0.859,4.295,0.0,5.0
2023-03-16,0.863,4.3149999999999995,0.0,5.0
2023-03-17,0.884,4.42,0.0,5.0
2023-03-20,0.873,4.365,0.0,5.0
2023-03-21,0.882,4.41,0.0,5.0
2023-03-22,0.895,4.475,0.0,5.0
2023-03-23,0.884,4.42,0.0,5.0
2023-03-24,0.891,4.455,0.0,5.0
2023-03-27,0.899,4.495,0.0,5.0
2023-03-28,0.893,4.465,0.0,5.0
2023-03-29,0.893,4.465,0.0,5.0
2023-03-30,0.903,4.515000000000001,0.0,5.0
2023-03-31,0.908,4.54,0.0,5.0
2023-04-03,0.92,4.6000000000000005,0.0,5.0
2023-04-04,0.922,4.61,0.0,5.0
2023-04-06,0.906,4.53,0.0,5.0
2023-04-07,0.914,4.57,0.0,5.0
2023-04-10,0.91,4.55,0.0,5.0
2023-04-11,0.915,4.575,0.0,5.0
2023-04-12,0.908,4.54,0.0,5.0
2023-04-13,0.902,4.51,0.0,5.0
2023-04-14,0.91,4.55,0.0,5.0
2023-04-17,0.914,4.57,0.0,5.0
2023-04-18,0.914,4.57,0.0,5.0
2023-04-19,0.912,4.5600000000000005,0.0,5.0
2023-04-20,0.912,4.5600000000000005,0.0,5.0
2023-04-21,0.908,4.54,0.0,5.0
2023-04-24,0.906,4.53,0.0,5.0
2023-04-25,0.906,4.53,0.0,5.0
2023-04-26,0.904,4.5200000000000005,0.0,5.0
2023-04-27,0.905,4.525,0.0,5.0
2023-04-28,0.923,4.615,0.0,5.0
2023-05-04,0.918,4.59,0.0,5.0
2023-05-05,0.916,4.58,0.0,5.0
2023-05-08,0.93,4.65,0.0,5.0
2023-05-09,0.93,4.65,0.0,5.0
2023-05-10,0.93,4.65,0.0,5.0
2023-05-11,0.942,4.71,0.0,5.0
2023-05-12,0.946,4.7299999999999995,0.0,5.0
2023-05-15,0.944,4.72,0.0,5.0
2023-05-16,0.947,4.734999999999999,0.0,5.0
2023-05-17,0.953,4.765,0.0,5.0
2023-05-18,0.968,4.84,0.0,5.0
2023-05-19,0.99,4.95,0.0,5.0
2023-05-22,0.984,4.92,0.0,5.0
2023-05-23,0.992,4.96,0.0,5.0
2023-05-24,0.977,4.885,0.0,5.0
2023-05-25,0.993,4.965,0.0,5.0
2023-05-26,0.996,4.98,0.0,5.0
2023-05-29,1.032,5.16,0.0,5.0
2023-05-30,1.035,5.175,0.0,5.0
2023-05-31,1.031,5.154999999999999,0.0,5.0
2023-06-01,1.03,5.15,0.0,5.0
2023-06-02,1.043,5.215,0.0,5.0
2023-06-05,1.048,5.24,0.0,5.0
2023-06-06,1.049,5.244999999999999,0.0,5.0
2023-06-07,1.052,5.26,0.0,5.0
2023-06-08,1.03,5.15,0.0,5.0
2023-06-09,1.047,5.234999999999999,0.0,5.0
2023-06-12,1.059,5.295,0.0,5.0
2023-06-13,1.085,5.425,0.0,5.0
2023-06-14,1.086,5.430000000000001,0.0,5.0
2023-06-15,1.091,5.455,0.0,5.0
2023-06-16,1.1,5.5,0.0,5.0
2023-06-19,1.096,5.48,0.0,5.0
2023-06-20,1.095,5.475,0.0,5.0
2023-06-21,1.1,5.5,0.0,5.0
2023-06-26,1.091,5.455,0.0,5.0
2023-06-27,1.076,5.380000000000001,0.0,5.0
2023-06-28,1.09,5.45,0.0,5.0
2023-06-29,1.099,5.495,0.0,5.0
2023-06-30,1.1,5.5,0.0,5.0
2023-07-03,1.118,5.590000000000001,0.0,5.0
2023-07-04,1.112,5.5600000000000005,0.0,5.0
2023-07-05,1.11,5.550000000000001,0.0,5.0
2023-07-06,1.111,5.555,0.0,5.0
2023-07-07,1.106,5.53,0.0,5.0
2023-07-10,1.095,5.475,0.0,5.0
2023-07-11,1.101,5.505,0.0,5.0
2023-07-12,1.102,5.510000000000001,0.0,5.0
2023-07-13,1.118,5.590000000000001,0.0,5.0
2023-07-14,1.126,5.629999999999999,0.0,5.0
2023-07-17,1.132,5.659999999999999,0.0,5.0
2023-07-18,1.142,5.709999999999999,0.0,5.0
2023-07-19,1.163,5.815,0.0,5.0
2023-07-20,1.147,5.735,0.0,5.0
2023-07-21,1.128,5.64,0.0,5.0
2023-07-24,1.132,5.659999999999999,0.0,5.0
2023-07-25,1.128,5.64,0.0,5.0
2023-07-26,1.131,5.655,0.0,5.0
2023-07-27,1.141,5.705,0.0,5.0
2023-07-28,1.134,5.67,0.0,5.0
2023-07-31,1.149,5.745,0.0,5.0
2023-08-01,1.153,5.765000000000001,0.0,5.0
2023-08-02,1.137,5.6850000000000005,0.0,5.0
2023-08-03,1.118,5.590000000000001,0.0,5.0
2023-08-04,1.128,5.64,0.0,5.0
2023-08-07,1.118,5.590000000000001,0.0,5.0
2023-08-08,1.12,5.6000000000000005,0.0,5.0
2023-08-09,1.119,5.595,0.0,5.0
2023-08-10,1.109,5.545,0.0,5.0
2023-08-11,1.11,5.550000000000001,0.0,5.0
2023-08-14,1.103,5.515,0.0,5.0
2023-08-15,1.124,5.620000000000001,0.0,5.0
2023-08-16,1.112,5.5600000000000005,0.0,5.0
2023-08-17,1.104,5.5200000000000005,0.0,5.0
2023-08-18,1.083,5.415,0.0,5.0
2023-08-21,1.086,5.430000000000001,0.0,5.0
2023-08-22,1.104,5.5200000000000005,0.0,5.0
2023-08-23,1.104,5.5200000000000005,0.0,5.0
2023-08-24,1.134,5.67,0.0,5.0
2023-08-25,1.091,5.455,0.0,5.0
2023-08-28,1.105,5.525,0.0,5.0
2023-08-29,1.111,5.555,0.0,5.0
2023-08-30,1.135,5.675,0.0,5.0
2023-08-31,1.14,5.699999999999999,0.0,5.0
2023-09-01,1.139,5.695,0.0,5.0
2023-09-04,1.142,5.709999999999999,0.0,5.0
2023-09-05,1.141,5.705,0.0,5.0
2023-09-06,1.143,5.715,0.0,5.0
2023-09-07,1.134,5.67,0.0,5.0
2023-09-08,1.141,5.705,0.0,5.0
2023-09-11,1.134,5.67,0.0,5.0
2023-09-12,1.141,5.705,0.0,5.0
2023-09-13,1.128,5.64,0.0,5.0
2023-09-14,1.136,5.68,0.0,5.0
2023-09-15,1.142,5.709999999999999,0.0,5.0
2023-09-18,1.124,5.620000000000001,0.0,5.0
2023-09-19,1.123,5.615,0.0,5.0
2023-09-20,1.124,5.620000000000001,0.0,5.0
2023-09-21,1.103,5.515,0.0,5.0
2023-09-22,1.092,5.460000000000001,0.0,5.0
2023-09-25,1.094,5.470000000000001,0.0,5.0
2023-09-26,1.085,5.425,0.0,5.0
2023-09-27,1.081,5.404999999999999,0.0,5.0
2023-09-28,1.08,5.4,0.0,5.0
2023-10-09,1.096,5.48,0.0,5.0
2023-10-10,1.111,5.555,0.0,5.0
2023-10-11,1.118,5.590000000000001,0.0,5.0
2023-10-12,1.128,5.64,0.0,5.0
2023-10-13,1.122,5.61,0.0,5.0
2023-10-16,1.111,5.555,0.0,5.0
2023-10-17,1.119,5.595,0.0,5.0
2023-10-18,1.114,5.57,0.0,5.0
2023-10-19,1.1,5.5,0.0,5.0
2023-10-20,1.086,5.430000000000001,0.0,5.0
2023-10-23,1.079,5.395,0.0,5.0
2023-10-24,1.086,5.430000000000001,0.0,5.0
2023-10-25,1.082,5.41,0.0,5.0
2023-10-26,1.049,5.244999999999999,0.0,5.0
2023-10-27,1.053,5.265,0.0,5.0
2023-10-30,1.055,5.2749999999999995,0.0,5.0
2023-10-31,1.054,5.2700000000000005,0.0,5.0
2023-11-01,1.069,5.345,0.0,5.0
2023-11-02,1.091,5.455,0.0,5.0
2023-11-03,1.099,5.495,0.0,5.0
2023-11-06,1.111,5.555,0.0,5.0
2023-11-07,1.11,5.550000000000001,0.0,5.0
2023-11-08,1.12,5.6000000000000005,0.0,5.0
2023-11-09,1.127,5.635,0.0,5.0
2023-11-10,1.116,5.58,0.0,5.0
2023-11-13,1.14,5.699999999999999,0.0,5.0
2023-11-14,1.144,5.72,0.0,5.0
2023-11-15,1.164,5.819999999999999,0.0,5.0
2023-11-16,1.159,5.795,0.0,5.0
2023-11-17,1.161,5.805,0.0,5.0
2023-11-20,1.145,5.725,0.0,5.0
2023-11-21,1.158,5.789999999999999,0.0,5.0
2023-11-22,1.15,5.75,0.0,5.0
2023-11-23,1.156,5.779999999999999,0.0,5.0
2023-11-24,1.157,5.785,0.0,5.0
2023-11-27,1.151,5.755,0.0,5.0
2023-11-28,1.154,5.77,0.0,5.0
2023-11-29,1.154,5.77,0.0,5.0
2023-11-30,1.153,5.765000000000001,0.0,5.0
2023-12-01,1.148,5.739999999999999,0.0,5.0
2023-12-04,1.15,5.75,0.0,5.0
2023-12-05,1.137,5.6850000000000005,0.0,5.0
2023-12-06,1.153,5.765000000000001,0.0,5.0
2023-12-07,1.14,5.699999999999999,0.0,5.0
2023-12-08,1.157,5.785,0.0,5.0
2023-12-11,1.164,5.819999999999999,0.0,5.0
2023-12-12,1.178,5.89,0.0,5.0
2023-12-13,1.191,5.955,0.0,5.0
2023-12-14,1.204,6.02,0.0,5.0
2023-12-15,1.193,5.965,0.0,5.0
2023-12-18,1.202,6.01,0.0,5.0
2023-12-19,1.209,6.045,0.0,5.0
2023-12-20,1.216,6.08,0.0,5.0
2023-12-21,1.2,6.0,0.0,5.0
2023-12-22,1.206,6.029999999999999,0.0,5.0
2023-12-25,1.207,6.035,0.0,5.0
2023-12-26,1.215,6.075,0.0,5.0
2023-12-27,1.219,6.095000000000001,0.0,5.0
2023-12-28,1.216,6.08,0.0,5.0
2023-12-29,1.213,6.065,0.0,5.0
2024-01-02,1.21,6.05,0.0,5.0
2024-01-03,1.191,5.955,0.0,5.0
2024-01-04,1.185,5.925000000000001,0.0,5.0
2024-01-05,1.176,5.88,0.0,5.0
2024-01-08,1.179,5.8950000000000005,0.0,5.0
2024-01-09,1.209,6.045,0.0,5.0
2024-01-10,1.209,6.045,0.0,5.0
2024-01-11,1.223,6.115,0.0,5.0
2024-01-12,1.219,6.095000000000001,0.0,5.0
2024-01-15,1.227,6.135000000000001,0.0,5.0
2024-01-16,1.215,6.075,0.0,5.0
2024-01-17,1.214,6.07,0.0,5.0
2024-01-18,1.217,6.085000000000001,0.0,5.0
2024-01-19,1.242,6.21,0.0,5.0
2024-01-22,1.28,6.4,0.0,5.0
2024-01-23,1.271,6.3549999999999995,0.0,5.0
2024-01-24,1.278,6.390000000000001,0.0,5.0
2024-01-25,1.271,6.3549999999999995,0.0,5.0
2024-01-26,1.261,6.305,0.0,5.0
2024-01-29,1.272,6.36,0.0,5.0
2024-01-30,1.292,6.46,0.0,5.0
2024-01-31,1.264,6.32,0.0,5.0
2024-02-01,1.252,6.26,0.0,5.0
2024-02-02,1.283,6.414999999999999,0.0,5.0
2024-02-05,1.289,6.444999999999999,0.0,5.0
2024-02-06,1.291,6.455,0.0,5.0
2024-02-07,1.279,6.395,0.0,5.0
2024-02-08,1.308,6.54,0.0,5.0
2024-02-19,1.301,6.505,0.0,5.0
2024-02-20,1.299,6.494999999999999,0.0,5.0
2024-02-21,1.282,6.41,0.0,5.0
2024-02-22,1.304,6.5200000000000005,0.0,5.0
2024-02-23,1.321,6.6049999999999995,0.0,5.0
2024-02-26,1.308,6.54,0.0,5.0
2024-02-27,1.306,6.53,0.0,5.0
2024-02-28,1.309,6.545,0.0,5.0
2024-02-29,1.3,6.5,0.0,5.0
2024-03-01,1.321,6.6049999999999995,0.0,5.0
2024-03-04,1.339,6.695,0.0,5.0
2024-03-05,1.329,6.645,0.0,5.0
2024-03-06,1.324,6.62,0.0,5.0
2024-03-07,1.315,6.574999999999999,0.0,5.0
2024-03-08,1.337,6.685,0.0,5.0
2024-03-11,1.317,6.585,0.0,5.0
2024-03-12,1.322,6.61,0.0,5.0
2024-03-13,1.33,6.65,0.0,5.0
2024-03-14,1.324,6.62,0.0,5.0
2024-03-15,1.316,6.58,0.0,5.0
2024-03-18,1.316,6.58,0.0,5.0
2024-03-19,1.309,6.545,0.0,5.0
2024-03-20,1.314,6.57,0.0,5.0
2024-03-21,1.337,6.685,0.0,5.0
2024-03-22,1.338,6.69,0.0,5.0
2024-03-25,1.334,6.67,0.0,5.0
2024-03-26,1.341,6.705,0.0,5.0
2024-03-27,1.342,6.710000000000001,0.0,5.0
2024-03-28,1.339,6.695,0.0,5.0
2024-03-29,1.337,6.685,0.0,5.0
2024-04-01,1.344,6.720000000000001,0.0,5.0
2024-04-02,1.34,6.7,0.0,5.0
2024-04-03,1.327,6.635,0.0,5.0
2024-04-08,1.326,6.630000000000001,0.0,5.0
2024-04-09,1.328,6.640000000000001,0.0,5.0
2024-04-10,1.333,6.665,0.0,5.0
2024-04-11,1.321,6.6049999999999995,0.0,5.0
2024-04-12,1.341,6.705,0.0,5.0
2024-04-15,1.329,6.645,0.0,5.0
2024-04-16,1.293,6.465,0.0,5.0
2024-04-17,1.292,6.46,0.0,5.0
2024-04-18,1.289,6.444999999999999,0.0,5.0
2024-04-19,1.264,6.32,0.0,5.0
2024-04-22,1.256,6.28,0.0,5.0
2024-04-23,1.259,6.295,0.0,5.0
2024-04-24,1.289,6.444999999999999,0.0,5.0
2024-04-25,1.268,6.34,0.0,5.0
2024-04-26,1.29,6.45,0.0,5.0
2024-04-29,1.298,6.49,0.0,5.0
2024-04-30,1.299,6.494999999999999,0.0,5.0
2024-05-06,1.302,6.51,0.0,5.0
2024-05-07,1.315,6.574999999999999,0.0,5.0
2024-05-08,1.317,6.585,0.0,5.0
2024-05-09,1.314,6.57,0.0,5.0
2024-05-10,1.321,6.6049999999999995,0.0,5.0
2024-05-13,1.326,6.630000000000001,0.0,5.0
2024-05-14,1.326,6.630000000000001,0.0,5.0
2024-05-15,1.335,6.675,0.0,5.0
2024-05-16,1.358,6.790000000000001,0.0,5.0
2024-05-17,1.355,6.775,0.0,5.0
2024-05-20,1.357,6.785,0.0,5.0
2024-05-21,1.364,6.82,0.0,5.0
2024-05-22,1.369,6.845,0.0,5.0
2024-05-23,1.381,6.905,0.0,5.0
2024-05-24,1.358,6.790000000000001,0.0,5.0
2024-05-27,1.374,6.870000000000001,0.0,5.0
2024-05-28,1.38,6.8999999999999995,0.0,5.0
2024-05-29,1.374,6.870000000000001,0.0,5.0
2024-05-30,1.359,6.795,0.0,5.0
2024-05-31,1.353,6.765,0.0,5.0
2024-06-03,1.359,6.795,0.0,5.0
2024-06-04,1.355,6.775,0.0,5.0
2024-06-05,1.366,6.83,0.0,5.0
2024-06-06,1.393,6.965,0.0,5.0
2024-06-07,1.394,6.97,0.0,5.0
2024-06-11,1.395,6.975,0.0,5.0
2024-06-12,1.408,7.039999999999999,0.0,5.0
2024-06-13,1.436,7.18,0.0,5.0
2024-06-14,1.435,7.175000000000001,0.0,5.0
2024-06-17,1.441,7.205,0.0,5.0
2024-06-18,1.46,7.3,0.0,5.0
2024-06-19,1.462,7.31,0.0,5.0
2024-06-20,1.472,7.359999999999999,0.0,5.0
2024-06-21,1.45,7.25,0.0,5.0
2024-06-24,1.444,7.22,0.0,5.0
2024-06-25,1.429,7.1450000000000005,0.0,5.0
2024-06-26,1.456,7.279999999999999,0.0,5.0
2024-06-27,1.455,7.275,0.0,5.0
2024-06-28,1.475,7.375,0.0,5.0
2024-07-01,1.473,7.365,0.0,5.0
2024-07-02,1.474,7.37,0.0,5.0
2024-07-03,1.501,7.504999999999999,0.0,5.0
2024-07-04,1.51,7.55,0.0,5.0
2024-07-05,1.529,7.645,0.0,5.0
2024-07-08,1.552,7.76,0.0,5.0
2024-07-09,1.568,7.84,0.0,5.0
2024-07-10,1.548,7.74,0.0,5.0
2024-07-11,1.555,7.7749999999999995,0.0,5.0
2024-07-12,1.492,7.46,0.0,5.0
2024-07-15,1.539,7.694999999999999,0.0,5.0
2024-07-16,1.536,7.68,0.0,5.0
2024-07-17,1.522,7.61,0.0,5.0
2024-07-18,1.495,7.4750000000000005,0.0,5.0
2024-07-19,1.471,7.355,0.0,5.0
2024-07-22,1.463,7.315,0.0,5.0
2024-07-23,1.477,7.385000000000001,0.0,5.0
2024-07-24,1.448,7.24,0.0,5.0
2024-07-25,1.407,7.035,0.0,5.0
2024-07-26,1.409,7.045,0.0,5.0
2024-07-29,1.437,7.1850000000000005,0.0,5.0
2024-07-30,1.42,7.1,0.0,5.0
2024-07-31,1.429,7.1450000000000005,0.0,5.0
2024-08-01,1.463,7.315,0.0,5.0
2024-08-02,1.396,6.9799999999999995,0.0,5.0
2024-08-05,1.287,6.435,0.0,5.0
2024-08-06,1.332,6.66,0.0,5.0
2024-08-07,1.334,6.67,0.0,5.0
2024-08-08,1.314,6.57,0.0,5.0
2024-08-09,1.35,6.75,0.0,5.0
2024-08-12,1.365,6.825,0.0,5.0
2024-08-13,1.379,6.895,0.0,5.0
2024-08-14,1.413,7.065,0.0,5.0
2024-08-15,1.422,7.109999999999999,0.0,5.0
2024-08-16,1.469,7.345000000000001,0.0,5.0
2024-08-19,1.442,7.21,0.0,5.0
2024-08-20,1.468,7.34,0.0,5.0
2024-08-21,1.469,7.345000000000001,0.0,5.0
2024-08-22,1.471,7.355,0.0,5.0
2024-08-23,1.457,7.285,0.0,5.0
2024-08-26,1.46,7.3,0.0,5.0
2024-08-27,1.442,7.21,0.0,5.0
2024-08-28,1.442,7.21,0.0,5.0
2024-08-29,1.407,7.035,0.0,5.0
2024-08-30,1.417,7.085,0.0,5.0
2024-09-02,1.429,7.1450000000000005,0.0,5.0
2024-09-03,1.431,7.155,0.0,5.0
2024-09-04,1.356,6.78,0.0,5.0
2024-09-05,1.36,6.800000000000001,0.0,5.0
2024-09-06,1.372,6.86,0.0,5.0
2024-09-09,1.364,6.82,0.0,5.0
2024-09-10,1.368,6.840000000000001,0.0,5.0
2024-09-11,1.377,6.885,0.0,5.0
2024-09-12,1.421,7.105,0.0,5.0
2024-09-13,1.435,7.175000000000001,0.0,5.0
2024-09-18,1.424,7.119999999999999,0.0,5.0
2024-09-19,1.44,7.199999999999999,0.0,5.0
2024-09-20,1.443,7.215,0.0,5.0
2024-09-23,1.449,7.245,0.0,5.0
2024-09-24,1.441,7.205,0.0,5.0
2024-09-25,1.43,7.1499999999999995,0.0,5.0
2024-09-26,1.445,7.2250000000000005,0.0,5.0
2024-09-27,1.414,7.069999999999999,0.0,5.0
2024-09-30,1.409,7.045,0.0,5.0
2024-10-08,1.403,7.015000000000001,0.0,5.0
2024-10-09,1.427,7.135,0.0,5.0
2024-10-10,1.443,7.215,0.0,5.0
2024-10-11,1.445,7.2250000000000005,0.0,5.0
2024-10-14,1.446,7.2299999999999995,0.0,5.0
2024-10-15,1.476,7.38,0.0,5.0
2024-10-16,1.459,7.295,0.0,5.0
2024-10-17,1.468,7.34,0.0,5.0
2024-10-18,1.459,7.295,0.0,5.0
2024-10-21,1.461,7.305000000000001,0.0,5.0
2024-10-22,1.459,7.295,0.0,5.0
2024-10-23,1.465,7.325,0.0,5.0
2024-10-24,1.449,7.245,0.0,5.0
2024-10-25,1.455,7.275,0.0,5.0
2024-10-28,1.473,7.365,0.0,5.0
2024-10-29,1.47,7.35,0.0,5.0
2024-10-30,1.484,7.42,0.0,5.0
2024-10-31,1.459,7.295,0.0,5.0
2024-11-01,1.442,7.21,0.0,5.0
2024-11-04,1.443,7.215,0.0,5.0
2024-11-05,1.438,7.1899999999999995,0.0,5.0
2024-11-06,1.489,7.445,0.0,5.0
2024-11-07,1.512,7.5600000000000005,0.0,5.0
2024-11-08,1.525,7.625,0.0,5.0
2024-11-11,1.534,7.67,0.0,5.0
2024-11-12,1.536,7.68,0.0,5.0
2024-11-13,1.527,7.635,0.0,5.0
2024-11-14,1.529,7.645,0.0,5.0
2024-11-15,1.51,7.55,0.0,5.0
2024-11-18,1.499,7.495000000000001,0.0,5.0
2024-11-19,1.504,7.52,0.0,5.0
2024-11-20,1.521,7.6049999999999995,0.0,5.0
2024-11-21,1.51,7.55,0.0,5.0
2024-11-22,1.521,7.6049999999999995,0.0,5.0
2024-11-25,1.536,7.68,0.0,5.0
2024-11-26,1.536,7.68,0.0,5.0
2024-11-27,1.54,7.7,0.0,5.0
2024-11-28,1.531,7.654999999999999,0.0,5.0
2024-11-29,1.532,7.66,0.0,5.0
2024-12-02,1.54,7.7,0.0,5.0
2024-12-03,1.568,7.84,0.0,5.0
2024-12-04,1.575,7.875,0.0,5.0
2024-12-05,1.589,7.945,0.0,5.0
2024-12-06,1.584,7.92,0.0,5.0
2024-12-09,1.61,8.05,0.0,5.0
2024-12-10,1.597,7.984999999999999,0.0,5.0
2024-12-11,1.593,7.965,0.0,5.0
2024-12-12,1.617,8.085,0.0,5.0
2024-12-13,1.629,8.145,0.0,5.0
2024-12-16,1.649,8.245000000000001,0.0,5.0
2024-12-17,1.663,8.315,0.0,5.0
2024-12-18,1.674,8.37,0.0,5.0
2024-12-19,1.63,8.149999999999999,0.0,5.0
2024-12-20,1.597,7.984999999999999,0.0,5.0
2024-12-23,1.652,8.26,0.0,5.0
2024-12-24,1.648,8.24,0.0,5.0
2024-12-25,1.667,8.335,0.0,5.0
2024-12-26,1.674,8.37,0.0,5.0
2024-12-27,1.662,8.309999999999999,0.0,5.0
2024-12-30,1.639,8.195,0.0,5.0
2024-12-31,1.629,8.145,0.0,5.0
2025-01-02,1.643,8.215,0.0,5.0
2025-01-03,1.633,8.165,0.0,5.0
2025-01-06,1.669,8.345,0.0,5.0
2025-01-07,1.659,8.295,0.0,5.0
2025-01-08,1.642,8.209999999999999,0.0,5.0
2025-01-09,1.636,8.18,0.0,5.0
2025-01-10,1.63,8.149999999999999,0.0,5.0
2025-01-13,1.592,7.960000000000001,0.0,5.0
2025-01-14,1.611,8.055,0.0,5.0
2025-01-15,1.601,8.004999999999999,0.0,5.0
2025-01-16,1.637,8.185,0.0,5.0
2025-01-17,1.63,8.149999999999999,0.0,5.0
2025-01-20,1.646,8.23,0.0,5.0
2025-01-21,1.647,8.235,0.0,5.0
2025-01-22,1.657,8.285,0.0,5.0
2025-01-23,1.643,8.215,0.0,5.0
2025-01-24,1.644,8.219999999999999,0.0,5.0
2025-01-27,1.615,8.075,0.0,5.0
2025-02-05,1.612,8.06,0.0,5.0
2025-02-06,1.627,8.135,0.0,5.0
2025-02-07,1.623,8.115,0.0,5.0
2025-02-10,1.606,8.030000000000001,0.0,5.0
2025-02-11,1.607,8.035,0.0,5.0
2025-02-12,1.609,8.045,0.0,5.0
2025-02-13,1.618,8.09,0.0,5.0
2025-02-14,1.629,8.145,0.0,5.0
2025-02-17,1.63,8.149999999999999,0.0,5.0
2025-02-18,1.643,8.215,0.0,5.0
2025-02-19,1.636,8.18,0.0,5.0
2025-02-20,1.622,8.110000000000001,0.0,5.0
2025-02-21,1.611,8.055,0.0,5.0
2025-02-24,1.59,7.95,0.0,5.0
2025-02-25,1.565,7.824999999999999,0.0,5.0
2025-02-26,1.561,7.805,0.0,5.0
2025-02-27,1.571,7.8549999999999995,0.0,5.0
2025-02-28,1.511,7.555,0.0,5.0
2025-03-03,1.542,7.71,0.0,5.0
2025-03-04,1.515,7.574999999999999,0.0,5.0
2025-03-05,1.533,7.664999999999999,0.0,5.0
2025-03-06,1.534,7.67,0.0,5.0
2025-03-07,1.5,7.5,0.0,5.0
2025-03-10,1.496,7.48,0.0,5.0
2025-03-11,1.428,7.14,0.0,5.0
2025-03-12,1.432,7.16,0.0,5.0
2025-03-13,1.424,7.119999999999999,0.0,5.0
2025-03-14,1.438,7.1899999999999995,0.0,5.0
2025-03-17,1.443,7.215,0.0,5.0
2025-03-18,1.455,7.275,0.0,5.0
2025-03-19,1.443,7.215,0.0,5.0
2025-03-20,1.475,7.375,0.0,5.0
2025-03-21,1.468,7.34,0.0,5.0
2025-03-24,1.498,7.49,0.0,5.0
2025-03-25,1.513,7.5649999999999995,0.0,5.0
2025-03-26,1.508,7.54,0.0,5.0
2025-03-27,1.482,7.41,0.0,5.0
2025-03-28,1.475,7.375,0.0,5.0
2025-03-31,1.411,7.055,0.0,5.0
2025-04-01,1.436,7.18,0.0,5.0
2025-04-02,1.442,7.21,0.0,5.0
2025-04-03,1.413,7.065,0.0,5.0
2025-04-07,1.272,6.36,0.0,5.0
2025-04-08,1.319,6.595,0.0,5.0
2025-04-09,1.3,6.5,0.0,5.0
2025-04-10,1.429,7.1450000000000005,0.0,5.0
2025-04-11,1.413,7.065,0.0,5.0
2025-04-14,1.432,7.16,0.0,5.0
2025-04-15,1.416,7.08,0.0,5.0
2025-04-16,1.389,6.945,0.0,5.0
2025-04-17,1.39,6.949999999999999,0.0,5.0
2025-04-18,1.381,6.905,0.0,5.0
2025-04-21,1.369,6.845,0.0,5.0
2025-04-22,1.371,6.855,0.0,5.0
2025-04-23,1.415,7.075,0.0,5.0
2025-04-24,1.398,6.989999999999999,0.0,5.0
2025-04-25,1.444,7.22,0.0,5.0
2025-04-28,1.448,7.24,0.0,5.0
2025-04-29,1.446,7.2299999999999995,0.0,5.0
2025-04-30,1.446,7.2299999999999995,0.0,5.0
2025-05-06,1.457,7.285,0.0,5.0
2025-05-07,1.462,7.31,0.0,5.0
2025-05-08,1.485,7.425000000000001,0.0,5.0
2025-05-09,1.486,7.43,0.0,5.0
2025-05-12,1.516,7.58,0.0,5.0
2025-05-13,1.522,7.61,0.0,5.0
2025-05-14,1.566,7.83,0.0,5.0
2025-05-15,1.559,7.795,0.0,5.0
2025-05-16,1.561,7.805,0.0,5.0
2025-05-19,1.547,7.734999999999999,0.0,5.0
2025-05-20,1.564,7.82,0.0,5.0
2025-05-21,1.549,7.744999999999999,0.0,5.0
2025-05-22,1.539,7.694999999999999,0.0,5.0
2025-05-23,1.534,7.67,0.0,5.0
2025-05-26,1.543,7.715,0.0,5.0
2025-05-27,1.55,7.75,0.0,5.0
2025-05-28,1.568,7.84,0.0,5.0
2025-05-29,1.589,7.945,0.0,5.0
2025-05-30,1.556,7.78,0.0,5.0
2025-06-03,1.562,7.8100000000000005,0.0,5.0
2025-06-04,1.575,7.875,0.0,5.0
2025-06-05,1.571,7.8549999999999995,0.0,5.0
2025-06-06,1.567,7.835,0.0,5.0
2025-06-09,1.571,7.8549999999999995,0.0,5.0
2025-06-10,1.571,7.8549999999999995,0.0,5.0
2025-06-11,1.577,7.885,0.0,5.0
2025-06-12,1.571,7.8549999999999995,0.0,5.0
2025-06-13,1.554,7.7700000000000005,0.0,5.0
2025-06-16,1.567,7.835,0.0,5.0
2025-06-17,1.573,7.865,0.0,5.0
2025-06-18,1.568,7.84,0.0,5.0
2025-06-19,1.559,7.795,0.0,5.0
2025-06-20,1.562,7.8100000000000005,0.0,5.0
2025-06-23,1.559,7.795,0.0,5.0
2025-06-24,1.595,7.975,0.0,5.0
2025-06-25,1.595,7.975,0.0,5.0
2025-06-26,1.603,8.015,0.0,5.0
2025-06-27,1.619,8.095,0.0,5.0
2025-06-30,1.629,8.145,0.0,5.0
2025-07-01,1.622,8.110000000000001,0.0,5.0
2025-07-02,1.623,8.115,0.0,5.0
2025-07-03,1.626,8.129999999999999,0.0,5.0
2025-07-04,1.636,8.18,0.0,5.0
2025-07-07,1.635,8.175,0.0,5.0
2025-07-08,1.636,8.18,0.0,5.0
2025-07-09,1.63,8.149999999999999,0.0,5.0
2025-07-10,1.639,8.195,0.0,5.0
2025-07-11,1.633,8.165,0.0,5.0
2025-07-14,1.623,8.115,0.0,5.0
2025-07-15,1.648,8.24,0.0,5.0
2025-07-16,1.638,8.19,0.0,5.0
2025-07-17,1.65,8.25,0.0,5.0
2025-07-18,1.662,8.309999999999999,0.0,5.0
2025-07-21,1.662,8.309999999999999,0.0,5.0
2025-07-22,1.663,8.315,0.0,5.0
2025-07-23,1.66,8.299999999999999,0.0,5.0
2025-07-24,1.663,8.315,0.0,5.0
2025-07-25,1.666,8.33,0.0,5.0
2025-07-28,1.684,8.42,0.0,5.0
2025-07-29,1.683,8.415000000000001,0.0,5.0
2025-07-30,1.68,8.4,0.0,5.0
2025-07-31,1.704,8.52,0.0,5.0
2025-08-01,1.671,8.355,0.0,5.0
2025-08-04,1.648,8.24,0.0,5.0
2025-08-05,1.679,8.395,0.0,5.0
2025-08-06,1.67,8.35,0.0,5.0
2025-08-07,1.684,8.42,0.0,5.0
2025-08-08,1.691,8.455,0.0,5.0
2025-08-11,1.708,8.54,0.0,5.0
2025-08-12,1.703,8.515,0.0,5.0
2025-08-13,1.721,8.605,0.0,5.0
2025-08-14,1.717,8.585,0.0,5.0
2025-08-15,1.722,8.61,0.0,5.0
2025-08-18,1.71,8.55,0.0,5.0
2025-08-19,1.703,8.515,0.0,5.0
2025-08-20,1.684,8.42,0.0,5.0
2025-08-21,1.69,8.45,0.0,5.0
2025-08-22,1.676,8.379999999999999,0.0,5.0
2025-08-25,1.698,8.49,0.0,5.0
2025-08-26,1.69,8.45,0.0,5.0
2025-08-27,1.704,8.52,0.0,5.0
2025-08-28,1.693,8.465,0.0,5.0
2025-08-29,1.692,8.459999999999999,0.0,5.0
2025-09-01,1.673,8.365,0.0,5.0
2025-09-02,1.676,8.379999999999999,0.0,5.0
2025-09-03,1.676,8.379999999999999,0.0,5.0
2025-09-04,1.682,8.41,0.0,5.0
2025-09-05,1.701,8.505,0.0,5.0
2025-09-08,1.696,8.48,0.0,5.0
2025-09-09,1.701,8.505,0.0,5.0
2025-09-10,1.711,8.555,0.0,5.0
2025-09-11,1.708,8.54,0.0,5.0
2025-09-12,1.714,8.57,0.0,5.0
2025-09-15,1.727,8.635,0.0,5.0
2025-09-16,1.736,8.68,0.0,5.0
2025-09-17,1.729,8.645,0.0,5.0
2025-09-18,1.744,8.72,0.0,5.0
2025-09-19,1.751,8.754999999999999,0.0,5.0
2025-09-22,1.771,8.855,0.0,5.0
2025-09-23,1.8,9.0,0.0,5.0
2025-09-24,1.785,8.924999999999999,0.0,5.0
2025-09-25,1.779,8.895,0.0,5.0
2025-09-26,1.78,8.9,0.0,5.0
2025-09-29,1.8,9.0,0.0,5.0
2025-09-30,1.813,9.065,0.0,5.0
2025-10-09,1.851,9.254999999999999,0.0,5.0
2025-10-10,1.86,9.3,0.0,5.0
2025-10-13,1.829,9.145,0.0,5.0
2025-10-14,1.81,9.05,0.0,5.0
2025-10-15,1.825,9.125,0.0,5.0
2025-10-16,1.838,9.190000000000001,0.0,5.0
2025-10-17,1.807,9.035,0.0,5.0
2025-10-20,1.859,9.295,0.0,5.0
2025-10-21,1.873,9.365,0.0,5.0
2025-10-22,1.883,9.415,0.0,5.0
2025-10-23,1.883,9.415,0.0,5.0
2025-10-24,1.902,9.51,0.0,5.0
2025-10-27,1.956,9.78,0.0,5.0
2025-10-28,1.961,9.805,0.0,5.0
2025-10-29,2.0,10.0,0.0,5.0
2025-10-30,1.985,9.925,0.0,5.0
2025-10-31,1.982,9.91,0.0,5.0
2025-11-03,1.976,9.879999999999999,0.0,5.0
2025-11-04,1.94,9.7,0.0,5.0
2025-11-05,1.912,9.559999999999999,0.0,5.0
2025-11-06,1.949,9.745000000000001,0.0,5.0
2025-11-07,1.924,9.62,0.0,5.0
2025-11-10,1.951,9.755,0.0,5.0
2025-11-11,1.959,9.795,0.0,5.0
2025-11-12,1.974,9.87,0.0,5.0
2025-11-13,1.975,9.875,0.0,5.0
2025-11-14,1.923,9.615,0.0,5.0
2025-11-17,1.909,9.545,0.0,5.0
2025-11-18,1.844,9.22,0.0,5.0
2025-11-19,1.836,9.18,0.0,5.0
2025-11-20,1.907,9.535,0.0,5.0
2025-11-21,1.848,9.24,0.0,5.0
2025-11-24,1.856,9.280000000000001,0.0,5.0
2025-11-25,1.897,9.485,0.0,5.0
2025-11-26,1.927,9.635,0.0,5.0
2025-11-27,1.925,9.625,0.0,5.0
2025-11-28,1.943,9.715,0.0,5.0
2025-12-01,1.936,9.68,0.0,5.0
2025-12-02,1.94,9.7,0.0,5.0
2025-12-03,1.965,9.825000000000001,0.0,5.0
2025-12-04,1.965,9.825000000000001,0.0,5.0
2025-12-05,1.963,9.815000000000001,0.0,5.0
2025-12-08,1.952,9.76,0.0,5.0
2025-12-09,1.928,9.64,0.0,5.0
2025-12-10,1.944,9.719999999999999,0.0,5.0
2025-12-11,1.918,9.59,0.0,5.0
2025-12-12,1.921,9.605,0.0,5.0
2025-12-15,1.902,9.51,0.0,5.0
2025-12-16,1.873,9.365,0.0,5.0
2025-12-17,1.899,9.495000000000001,0.0,5.0
2025-12-18,1.878,9.389999999999999,0.0,5.0
2025-12-19,1.916,9.58,0.0,5.0
2025-12-22,1.945,9.725,0.0,5.0
2025-12-23,1.935,9.675,0.0,5.0
2025-12-24,1.933,9.665000000000001,0.0,5.0
2025-12-25,1.93,9.65,0.0,5.0
2025-12-26,1.929,9.645,0.0,5.0
2025-12-29,1.916,9.58,0.0,5.0
2025-12-30,1.914,9.57,0.0,5.0
2025-12-31,1.904,9.52,0.0,5.0
2026-01-05,1.93,9.65,0.0,5.0
2026-01-06,1.925,9.625,0.0,5.0
2026-01-07,1.919,9.595,0.0,5.0
2026-01-08,1.899,9.495000000000001,0.0,5.0
2026-01-09,1.903,9.515,0.0,5.0
2026-01-12,1.893,9.465,0.0,5.0
2026-01-13,1.915,9.575,0.0,5.0
2026-01-14,1.909,9.545,0.0,5.0
2026-01-15,1.901,9.505,0.0,5.0
2026-01-16,1.904,9.52,0.0,5.0
2026-01-19,1.887,9.435,0.0,5.0
2026-01-20,1.876,9.379999999999999,0.0,5.0
2026-01-21,1.875,9.375,0.0,5.0
2026-01-22,1.901,9.505,0.0,5.0
2026-01-23,1.891,9.455,0.0,5.0
2026-01-26,1.882,9.41,0.0,5.0
2026-01-27,1.894,9.469999999999999,0.0,5.0
2026-01-28,1.905,9.525,0.0,5.0
2026-01-29,1.891,9.455,0.0,5.0
2026-01-30,1.881,9.405,0.0,5.0
2026-02-02,1.833,9.165,0.0,5.0
2026-02-03,1.872,9.360000000000001,0.0,5.0
2026-02-04,1.853,9.265,0.0,5.0
2026-02-05,1.84,9.200000000000001,0.0,5.0
2026-02-06,1.813,9.065,0.0,5.0
2026-02-09,1.847,9.235,0.0,5.0
2026-02-10,1.844,9.22,0.0,5.0
2026-02-11,1.841,9.205,0.0,5.0
2026-02-12,1.836,9.18,0.0,5.0
2026-02-13,1.83,9.15,0.0,5.0
2026-02-24,1.823,9.115,0.0,5.0
2026-02-25,1.825,9.125,0.0,5.0
2026-02-26,1.832,9.16,0.0,5.0
2026-02-27,1.819,9.094999999999999,0.0,5.0
2026-03-02,1.802,9.01,0.0,5.0
2026-03-03,1.786,8.93,0.0,5.0
2026-03-04,1.762,8.81,0.0,5.0
2026-03-05,1.8,9.0,0.0,5.0
2026-03-06,1.801,9.004999999999999,0.0,5.0
2026-03-09,1.756,8.78,0.0,5.0
2026-03-10,1.788,8.94,0.0,5.0
2026-03-11,1.792,8.96,0.0,5.0
2026-03-12,1.784,8.92,0.0,5.0
2026-03-13,1.767,8.834999999999999,0.0,5.0
2026-03-16,1.774,8.870000000000001,0.0,5.0
2026-03-17,1.768,8.84,0.0,5.0
2026-03-18,1.789,8.945,0.0,5.0
2026-03-19,1.764,8.82,0.0,5.0
2026-03-20,1.749,8.745000000000001,0.0,5.0
2026-03-23,1.68,8.4,0.0,5.0
2026-03-24,1.717,8.585,0.0,5.0
2026-03-25,1.734,8.67,0.0,5.0
2026-03-26,1.716,8.58,0.0,5.0
2026-03-27,1.708,8.54,0.0,5.0
2026-03-30,1.683,8.415000000000001,0.0,5.0
2026-03-31,1.674,8.37,0.0,5.0
2026-04-01,1.752,8.76,0.0,5.0
2026-04-02,1.721,8.605,0.0,5.0
2026-04-03,1.731,8.655000000000001,0.0,5.0
2026-04-07,1.732,8.66,0.0,5.0
2026-04-08,1.833,9.165,0.0,5.0
2026-04-09,1.805,9.025,0.0,5.0
2026-04-10,1.809,9.045,0.0,5.0
2026-04-13,1.798,8.99,0.0,5.0
2026-04-14,1.825,9.125,0.0,5.0
2026-04-15,1.864,9.32,0.0,5.0
2026-04-16,1.907,9.535,0.0,5.0
2026-04-17,1.892,9.459999999999999,0.0,5.0
2026-04-20,1.89,9.45,0.0,5.0
2026-04-21,1.892,9.459999999999999,0.0,5.0
2026-04-22,1.896,9.48,0.0,5.0
2026-04-23,1.905,9.525,0.0,5.0
2026-04-24,1.907,9.535,0.0,5.0
2026-04-27,1.945,9.725,0.0,5.0
2026-04-28,1.963,9.815000000000001,0.0,5.0
2026-04-29,1.962,9.81,0.0,5.0
2026-04-30,1.959,9.795,0.0,5.0
2026-05-06,2.01,10.049999999999999,0.0,5.0
2026-05-07,2.054,10.27,0.0,5.0
2026-05-08,2.065,10.325,0.0,5.0
2026-05-11,2.108,10.540000000000001,0.0,5.0
2026-05-12,2.081,10.405,0.0,5.0
2026-05-13,2.093,10.465,0.0,5.0
2026-05-14,2.105,10.525,0.0,5.0
2026-05-15,2.1,10.5,0.0,5.0
2026-05-18,2.066,10.329999999999998,0.0,5.0
2026-05-19,2.047,10.235000000000001,0.0,5.0
2026-05-20,2.058,10.29,0.0,5.0
2026-05-21,2.103,10.515,0.0,5.0
2026-05-22,2.146,10.73,0.0,5.0
2026-05-25,2.231,11.155,0.0,5.0
2026-05-26,2.185,10.925,0.0,5.0
2026-05-27,2.223,11.114999999999998,0.0,5.0
2026-05-28,2.214,11.07,0.0,5.0
2026-05-29,2.273,11.365,0.0,5.0
2026-06-01,2.365,11.825000000000001,0.0,5.0
2026-06-02,2.343,11.715,0.0,5.0
2026-06-03,2.299,11.495,0.0,5.0
2026-06-04,2.24,11.200000000000001,0.0,5.0
2026-06-05,2.205,11.025,0.0,5.0
2026-06-08,2.114,10.57,0.0,5.0
2026-06-09,2.2,11.0,0.0,5.0
2026-06-10,2.143,10.715,0.0,5.0
2026-06-11,2.13,10.649999999999999,0.0,5.0
2026-06-12,2.162,10.809999999999999,0.0,5.0
2026-06-15,2.258,11.29,0.0,5.0
2026-06-16,2.28,11.399999999999999,0.0,5.0
2026-06-17,2.279,11.395,0.0,5.0
2026-06-18,2.266,11.33,0.0,5.0
2026-06-22,2.25,11.25,0.0,5.0
2026-06-23,2.174,10.87,0.0,5.0
2026-06-24,2.187,10.934999999999999,0.0,5.0
2026-06-25,2.208,11.040000000000001,0.0,5.0
2026-06-26,2.158,10.79,0.0,5.0
2026-06-29,2.178,10.89,0.0,5.0
2026-06-30,2.204,11.020000000000001,0.0,5.0
2026-07-01,2.209,11.045,0.0,5.0
2026-07-02,2.158,10.79,0.0,5.0
2026-07-03,2.167,10.834999999999999,0.0,5.0
2026-07-06,2.171,10.854999999999999,0.0,5.0
2026-07-07,2.169,10.845,0.0,5.0
2026-07-08,2.141,10.705,0.0,5.0
2026-07-09,2.166,10.83,0.0,5.0
2026-07-10,2.174,10.87,0.0,5.0
2026-07-13,2.168,10.84,0.0,5.0
2026-07-14,2.17,10.85,0.0,5.0
2026-07-15,2.188,10.940000000000001,0.0,5.0
2026-07-16,2.167,10.834999999999999,0.0,5.0
2026-07-17,2.107,10.535,0.0,5.0
