date,gross_return,turnover,cost,net_return,nav
2018-01-02,0.0,0.0,0.0,0.0,1.0
2018-01-03,0.0,0.0,0.0,0.0,1.0
2018-01-04,0.0,0.0,0.0,0.0,1.0
2018-01-05,0.0,0.0,0.0,0.0,1.0
2018-01-08,0.0,0.0,0.0,0.0,1.0
2018-01-09,0.0,0.0,0.0,0.0,1.0
2018-01-10,0.0,0.0,0.0,0.0,1.0
2018-01-11,0.0,0.0,0.0,0.0,1.0
2018-01-12,0.0,0.0,0.0,0.0,1.0
2018-01-15,0.0,0.0,0.0,0.0,1.0
2018-01-16,0.0,0.0,0.0,0.0,1.0
2018-01-17,0.0,0.0,0.0,0.0,1.0
2018-01-18,0.0,0.0,0.0,0.0,1.0
2018-01-19,0.0,0.0,0.0,0.0,1.0
2018-01-22,0.0,0.0,0.0,0.0,1.0
2018-01-23,0.0,0.0,0.0,0.0,1.0
2018-01-24,0.0,0.0,0.0,0.0,1.0
2018-01-25,0.0,0.0,0.0,0.0,1.0
2018-01-26,0.0,0.0,0.0,0.0,1.0
2018-01-29,0.0,0.0,0.0,0.0,1.0
2018-01-30,0.0,0.0,0.0,0.0,1.0
2018-01-31,0.0,0.0,0.0,0.0,1.0
2018-02-01,0.0,0.0,0.0,0.0,1.0
2018-02-02,0.0,0.0,0.0,0.0,1.0
2018-02-05,0.0,1.0,0.0015,-0.0015,0.9985
2018-02-06,0.0,0.0,0.0,0.0,0.9985
2018-02-07,0.0,0.0,0.0,0.0,0.9985
2018-02-08,-1.0000000000065512e-05,0.0,0.0,-1.0000000000065512e-05,0.998490015
2018-02-09,-0.00010000100000995271,0.0,0.0,-0.00010000100000995271,0.9983901650000001
2018-02-12,9.000990108920526e-05,0.0,0.0,9.000990108920526e-05,0.9984800300000002
2018-02-13,0.00014000280005599386,0.0,0.0,0.00014000280005599386,0.9986198200000002
2018-02-14,-0.0001099868015838057,0.0,0.0,-0.0001099868015838057,0.9985099850000002
2018-02-22,-8.999910000895284e-05,0.0,0.0,-8.999910000895284e-05,0.9984201200000002
2018-02-23,5.0004000319958664e-05,0.0,0.0,5.0004000319958664e-05,0.9984700450000001
2018-02-26,2.0000600017944237e-05,0.0,0.0,2.0000600017944237e-05,0.9984900150000001
2018-02-27,0.0,0.0,0.0,0.0,0.9984900150000001
2018-02-28,1.0000100000961964e-05,0.0,0.0,1.0000100000961964e-05,0.9985
2018-03-01,1.0000000000065512e-05,0.0,0.0,1.0000000000065512e-05,0.9985099850000001
2018-03-02,-9.999900001056439e-06,0.0,0.0,-9.999900001056439e-06,0.9985
2018-03-05,0.0,0.0,0.0,0.0,0.9985
2018-03-06,0.0,0.0,0.0,0.0,0.9985
2018-03-07,0.0,0.0,0.0,0.0,0.9985
2018-03-08,0.0,0.0,0.0,0.0,0.9985
2018-03-09,-0.00013999999999991797,0.0,0.0,-0.00013999999999991797,0.9983602100000001
2018-03-12,8.001120156819752e-05,0.0,0.0,8.001120156819752e-05,0.9984400900000001
2018-03-13,5.000300017998782e-05,0.0,0.0,5.000300017998782e-05,0.9984900150000001
2018-03-14,-1.0000100000850942e-05,0.0,0.0,-1.0000100000850942e-05,0.9984800300000003
2018-03-15,2.000040000793568e-05,0.0,0.0,2.000040000793568e-05,0.9985000000000003
2018-03-16,-4.999999999999449e-05,0.0,0.0,-4.999999999999449e-05,0.9984500750000003
2018-03-19,5.000250012487939e-05,0.0,0.0,5.000250012487939e-05,0.9985000000000002
2018-03-20,0.0,0.0,0.0,0.0,0.9985000000000002
2018-03-21,1.0000000000065512e-05,0.0,0.0,1.0000000000065512e-05,0.9985099850000002
2018-03-22,-9.999900001056439e-06,0.0,0.0,-9.999900001056439e-06,0.9985000000000002
2018-03-23,-5.999999999994898e-05,0.0,0.0,-5.999999999994898e-05,0.9984400900000002
2018-03-26,-4.000240014401246e-05,0.0,0.0,-4.000240014401246e-05,0.9984001500000003
2018-03-27,0.0,0.0,0.0,0.0,0.9984001500000003
2018-03-28,-2.0002000200025627e-05,0.0,0.0,-2.0002000200025627e-05,0.9983801800000003
2018-03-29,-0.00040004800576076693,0.0,0.0,-0.00040004800576076693,0.9979807800000002
2018-03-30,0.0004602393244488301,0.0,0.0,0.0004602393244488301,0.9984400900000003
2018-04-02,6.0003600216074204e-05,0.0,0.0,6.0003600216074204e-05,0.9985000000000004
2018-04-03,0.00016000000000016001,0.0,0.0,0.00016000000000016001,0.9986597600000006
2018-04-04,-0.00014997600383936938,0.0,0.0,-0.00014997600383936938,0.9985099850000005
2018-04-09,-9.999900001056439e-06,0.0,0.0,-9.999900001056439e-06,0.9985000000000005
2018-04-10,0.0,0.0,0.0,0.0,0.9985000000000005
2018-04-11,0.0,0.0,0.0,0.0,0.9985000000000005
2018-04-12,1.0000000000065512e-05,0.0,0.0,1.0000000000065512e-05,0.9985099850000005
2018-04-13,-1.9999800002112877e-05,0.0,0.0,-1.9999800002112877e-05,0.9984900150000005
2018-04-16,0.0,0.0,0.0,0.0,0.9984900150000005
2018-04-17,0.0,0.0,0.0,0.0,0.9984900150000005
2018-04-18,2.0000200002145974e-05,0.0,0.0,2.0000200002145974e-05,0.9985099850000005
2018-04-19,-9.999900001056439e-06,0.0,0.0,-9.999900001056439e-06,0.9985000000000005
2018-04-20,-1.0000000000065512e-05,0.0,0.0,-1.0000000000065512e-05,0.9984900150000005
2018-04-23,-9.000090000899075e-05,0.0,0.0,-9.000090000899075e-05,0.9984001500000005
2018-04-24,0.00010001000100023916,0.0,0.0,0.00010001000100023916,0.9985000000000006
2018-04-25,0.0,0.0,0.0,0.0,0.9985000000000006
2018-04-26,0.0,0.0,0.0,0.0,0.9985000000000006
2018-04-27,0.0,0.0,0.0,0.0,0.9985000000000006
2018-05-02,0.0,0.0,0.0,0.0,0.9985000000000006
2018-05-03,1.0000000000065512e-05,0.0,0.0,1.0000000000065512e-05,0.9985099850000007
2018-05-04,0.0,0.0,0.0,0.0,0.9985099850000007
2018-05-07,0.0,0.0,0.0,0.0,0.9985099850000007
2018-05-08,-1.9999800002112877e-05,0.0,0.0,-1.9999800002112877e-05,0.9984900150000006
2018-05-09,1.0000100000961964e-05,0.0,0.0,1.0000100000961964e-05,0.9985000000000005
2018-05-10,1.0000000000065512e-05,0.0,0.0,1.0000000000065512e-05,0.9985099850000005
2018-05-11,-9.999900001056439e-06,0.0,0.0,-9.999900001056439e-06,0.9985000000000005
2018-05-14,-4.999999999999449e-05,0.0,0.0,-4.999999999999449e-05,0.9984500750000005
2018-05-15,-5.0002500125101434e-05,0.0,0.0,-5.0002500125101434e-05,0.9984001500000004
2018-05-16,6.000600059996586e-05,0.0,0.0,6.000600059996586e-05,0.9984600600000003
2018-05-17,4.0001600064121234e-05,0.0,0.0,4.0001600064121234e-05,0.9985000000000004
2018-05-18,0.0,0.0,0.0,0.0,0.9985000000000004
2018-05-21,-1.0000000000065512e-05,0.0,0.0,-1.0000000000065512e-05,0.9984900150000003
2018-05-22,0.0,0.0,0.0,0.0,0.9984900150000003
2018-05-23,1.0000100000961964e-05,0.0,0.0,1.0000100000961964e-05,0.9985000000000003
2018-05-24,0.0,0.0,0.0,0.0,0.9985000000000003
2018-05-25,0.0,0.0,0.0,0.0,0.9985000000000003
2018-05-28,0.0,0.0,0.0,0.0,0.9985000000000003
2018-05-29,0.0,0.0,0.0,0.0,0.9985000000000003
2018-05-30,0.0,0.0,0.0,0.0,0.9985000000000003
2018-05-31,1.0000000000065512e-05,0.0,0.0,1.0000000000065512e-05,0.9985099850000003
2018-06-01,0.0,0.0,0.0,0.0,0.9985099850000003
2018-06-04,-9.999900001056439e-06,0.0,0.0,-9.999900001056439e-06,0.9985000000000003
2018-06-05,0.0,0.0,0.0,0.0,0.9985000000000003
2018-06-06,0.0,0.0,0.0,0.0,0.9985000000000003
2018-06-07,1.0000000000065512e-05,0.0,0.0,1.0000000000065512e-05,0.9985099850000003
2018-06-08,0.0,0.0,0.0,0.0,0.9985099850000003
2018-06-11,-1.9999800002112877e-05,0.0,0.0,-1.9999800002112877e-05,0.9984900150000002
2018-06-12,2.0000200002145974e-05,0.0,0.0,2.0000200002145974e-05,0.9985099850000003
2018-06-13,-1.9999800002112877e-05,0.0,0.0,-1.9999800002112877e-05,0.9984900150000002
2018-06-14,1.0000100000961964e-05,0.0,0.0,1.0000100000961964e-05,0.9985000000000002
2018-06-15,-1.0000000000065512e-05,0.0,0.0,-1.0000000000065512e-05,0.9984900150000001
2018-06-19,-1.0000100000850942e-05,0.0,0.0,-1.0000100000850942e-05,0.9984800300000003
2018-06-20,1.0000200003856818e-05,0.0,0.0,1.0000200003856818e-05,0.9984900150000001
2018-06-21,1.0000100000961964e-05,0.0,0.0,1.0000100000961964e-05,0.9985
2018-06-22,-4.999999999999449e-05,0.0,0.0,-4.999999999999449e-05,0.998450075
2018-06-25,3.0001500074927634e-05,0.0,0.0,3.0001500074927634e-05,0.99848003
2018-06-26,-1.0000200004078863e-05,0.0,0.0,-1.0000200004078863e-05,0.9984700449999999
2018-06-27,1.0000300008972118e-05,0.0,0.0,1.0000300008972118e-05,0.9984800299999999
2018-06-28,2.000040000793568e-05,0.0,0.0,2.000040000793568e-05,0.9984999999999998
2018-06-29,1.0000000000065512e-05,0.0,0.0,1.0000000000065512e-05,0.9985099849999999
2018-07-02,9.999900000945416e-06,0.0,0.0,9.999900000945416e-06,0.9985199699999998
2018-07-03,-9.999800003934745e-06,0.0,0.0,-9.999800003934745e-06,0.9985099849999999
2018-07-04,0.0,0.0,0.0,0.0,0.9985099849999999
2018-07-05,-9.999900001056439e-06,0.0,0.0,-9.999900001056439e-06,0.9984999999999998
2018-07-06,1.999999999990898e-05,0.0,0.0,1.999999999990898e-05,0.9985199699999997
2018-07-09,-5.9998800024052557e-05,0.0,0.0,-5.9998800024052557e-05,0.9984600599999996
2018-07-10,1.000040001608582e-05,0.0,0.0,1.000040001608582e-05,0.9984700449999997
2018-07-11,3.0000900026916355e-05,0.0,0.0,3.0000900026916355e-05,0.9984999999999996
2018-07-12,-1.0000000000065512e-05,0.0,0.0,-1.0000000000065512e-05,0.9984900149999996
2018-07-13,1.0000100000961964e-05,0.0,0.0,1.0000100000961964e-05,0.9984999999999995
2018-07-16,0.0,0.0,0.0,0.0,0.9984999999999995
2018-07-17,0.0,0.0,0.0,0.0,0.9984999999999995
2018-07-18,0.0,0.0,0.0,0.0,0.9984999999999995
2018-07-19,0.0,0.0,0.0,0.0,0.9984999999999995
2018-07-20,-2.999999999997449e-05,0.0,0.0,-2.999999999997449e-05,0.9984700449999995
2018-07-23,2.0000600017944237e-05,0.0,0.0,2.0000600017944237e-05,0.9984900149999995
2018-07-24,1.0000100000961964e-05,0.0,0.0,1.0000100000961964e-05,0.9984999999999994
2018-07-25,0.0,0.0,0.0,0.0,0.9984999999999994
2018-07-26,2.999999999997449e-05,0.0,0.0,2.999999999997449e-05,0.9985299549999994
2018-07-27,-3.9998800036022963e-05,0.0,0.0,-3.9998800036022963e-05,0.9984900149999993
2018-07-30,1.0000100000961964e-05,0.0,0.0,1.0000100000961964e-05,0.9984999999999993
2018-07-31,0.0,0.0,0.0,0.0,0.9984999999999993
2018-08-01,0.0,0.0,0.0,0.0,0.9984999999999993
2018-08-02,1.0000000000065512e-05,0.0,0.0,1.0000000000065512e-05,0.9985099849999993
2018-08-03,0.0,0.0,0.0,0.0,0.9985099849999993
2018-08-06,-9.999900001056439e-06,0.0,0.0,-9.999900001056439e-06,0.9984999999999993
2018-08-07,0.0,0.0,0.0,0.0,0.9984999999999993
2018-08-08,1.0000000000065512e-05,0.0,0.0,1.0000000000065512e-05,0.9985099849999993
2018-08-09,0.0,0.0,0.0,0.0,0.9985099849999993
2018-08-10,0.0,0.0,0.0,0.0,0.9985099849999993
2018-08-13,-9.999900001056439e-06,0.0,0.0,-9.999900001056439e-06,0.9984999999999993
2018-08-14,0.0,0.0,0.0,0.0,0.9984999999999993
2018-08-15,0.0,0.0,0.0,0.0,0.9984999999999993
2018-08-16,0.0,0.0,0.0,0.0,0.9984999999999993
2018-08-17,1.0000000000065512e-05,0.0,0.0,1.0000000000065512e-05,0.9985099849999993
2018-08-20,-9.999900001056439e-06,0.0,0.0,-9.999900001056439e-06,0.9984999999999993
2018-08-21,1.0000000000065512e-05,0.0,0.0,1.0000000000065512e-05,0.9985099849999993
2018-08-22,-9.999900001056439e-06,0.0,0.0,-9.999900001056439e-06,0.9984999999999993
2018-08-23,1.0000000000065512e-05,0.0,0.0,1.0000000000065512e-05,0.9985099849999993
2018-08-24,-9.999900001056439e-06,0.0,0.0,-9.999900001056439e-06,0.9984999999999993
2018-08-27,0.0,0.0,0.0,0.0,0.9984999999999993
2018-08-28,1.0000000000065512e-05,0.0,0.0,1.0000000000065512e-05,0.9985099849999993
2018-08-29,-1.9999800002112877e-05,0.0,0.0,-1.9999800002112877e-05,0.9984900149999992
2018-08-30,2.0000200002145974e-05,0.0,0.0,2.0000200002145974e-05,0.9985099849999993
2018-08-31,0.0,0.0,0.0,0.0,0.9985099849999993
2018-09-03,-9.999900001056439e-06,0.0,0.0,-9.999900001056439e-06,0.9984999999999993
2018-09-04,0.0,0.0,0.0,0.0,0.9984999999999993
2018-09-05,0.0,0.0,0.0,0.0,0.9984999999999993
2018-09-06,0.0,0.0,0.0,0.0,0.9984999999999993
2018-09-07,0.0,0.0,0.0,0.0,0.9984999999999993
2018-09-10,0.0,0.0,0.0,0.0,0.9984999999999993
2018-09-11,0.0,0.0,0.0,0.0,0.9984999999999993
2018-09-12,1.0000000000065512e-05,0.0,0.0,1.0000000000065512e-05,0.9985099849999993
2018-09-13,0.0,0.0,0.0,0.0,0.9985099849999993
2018-09-14,-9.999900001056439e-06,0.0,0.0,-9.999900001056439e-06,0.9984999999999993
2018-09-17,-1.0000000000065512e-05,0.0,0.0,-1.0000000000065512e-05,0.9984900149999992
2018-09-18,1.0000100000961964e-05,0.0,0.0,1.0000100000961964e-05,0.9984999999999992
2018-09-19,0.0,0.0,0.0,0.0,0.9984999999999992
2018-09-20,0.0,0.0,0.0,0.0,0.9984999999999992
2018-09-21,-1.0000000000065512e-05,0.0,0.0,-1.0000000000065512e-05,0.9984900149999991
2018-09-25,1.0000100000961964e-05,0.0,0.0,1.0000100000961964e-05,0.998499999999999
2018-09-26,-1.0000000000065512e-05,0.0,0.0,-1.0000000000065512e-05,0.998490014999999
2018-09-27,1.0000100000961964e-05,0.0,0.0,1.0000100000961964e-05,0.9984999999999989
2018-09-28,1.0000000000065512e-05,0.0,0.0,1.0000000000065512e-05,0.998509984999999
2018-10-08,-9.999900001056439e-06,0.0,0.0,-9.999900001056439e-06,0.9984999999999989
2018-10-09,0.0,0.0,0.0,0.0,0.9984999999999989
2018-10-10,0.0,0.0,0.0,0.0,0.9984999999999989
2018-10-11,0.0,0.0,0.0,0.0,0.9984999999999989
2018-10-12,0.0,0.0,0.0,0.0,0.9984999999999989
2018-10-15,1.0000000000065512e-05,0.0,0.0,1.0000000000065512e-05,0.998509984999999
2018-10-16,-1.9999800002112877e-05,0.0,0.0,-1.9999800002112877e-05,0.9984900149999989
2018-10-17,1.0000100000961964e-05,0.0,0.0,1.0000100000961964e-05,0.9984999999999988
2018-10-18,0.0,0.0,0.0,0.0,0.9984999999999988
2018-10-19,0.0,0.0,0.0,0.0,0.9984999999999988
2018-10-22,-1.0000000000065512e-05,0.0,0.0,-1.0000000000065512e-05,0.9984900149999988
2018-10-23,1.0000100000961964e-05,0.0,0.0,1.0000100000961964e-05,0.9984999999999987
2018-10-24,0.0,0.0,0.0,0.0,0.9984999999999987
2018-10-25,0.0,0.0,0.0,0.0,0.9984999999999987
2018-10-26,0.0,0.0,0.0,0.0,0.9984999999999987
2018-10-29,1.0000000000065512e-05,0.0,0.0,1.0000000000065512e-05,0.9985099849999988
2018-10-30,-9.999900001056439e-06,0.0,0.0,-9.999900001056439e-06,0.9984999999999987
2018-10-31,0.0,0.0,0.0,0.0,0.9984999999999987
2018-11-01,0.0,0.0,0.0,0.0,0.9984999999999987
2018-11-02,0.0,0.0,0.0,0.0,0.9984999999999987
2018-11-05,0.0,0.0,0.0,0.0,0.9984999999999987
2018-11-06,0.0,0.0,0.0,0.0,0.9984999999999987
2018-11-07,0.0,0.0,0.0,0.0,0.9984999999999987
2018-11-08,0.0,0.0,0.0,0.0,0.9984999999999987
2018-11-09,0.0,0.0,0.0,0.0,0.9984999999999987
2018-11-12,0.0,0.0,0.0,0.0,0.9984999999999987
2018-11-13,0.0,0.0,0.0,0.0,0.9984999999999987
2018-11-14,0.0,0.0,0.0,0.0,0.9984999999999987
2018-11-15,2.999999999997449e-05,0.0,0.0,2.999999999997449e-05,0.9985299549999987
2018-11-16,-3.9998800036022963e-05,0.0,0.0,-3.9998800036022963e-05,0.9984900149999987
2018-11-19,1.0000100000961964e-05,0.0,0.0,1.0000100000961964e-05,0.9984999999999986
2018-11-20,0.0,0.0,0.0,0.0,0.9984999999999986
2018-11-21,1.0000000000065512e-05,0.0,0.0,1.0000000000065512e-05,0.9985099849999987
2018-11-22,-9.999900001056439e-06,0.0,0.0,-9.999900001056439e-06,0.9984999999999986
2018-11-23,1.0000000000065512e-05,0.0,0.0,1.0000000000065512e-05,0.9985099849999987
2018-11-26,-9.999900001056439e-06,0.0,0.0,-9.999900001056439e-06,0.9984999999999986
2018-11-27,0.0,0.0,0.0,0.0,0.9984999999999986
2018-11-28,0.0,0.0,0.0,0.0,0.9984999999999986
2018-11-29,0.0,0.0,0.0,0.0,0.9984999999999986
2018-11-30,0.0,0.0,0.0,0.0,0.9984999999999986
2018-12-03,1.0000000000065512e-05,0.0,0.0,1.0000000000065512e-05,0.9985099849999987
2018-12-04,-9.999900001056439e-06,0.0,0.0,-9.999900001056439e-06,0.9984999999999986
2018-12-05,0.0,0.0,0.0,0.0,0.9984999999999986
2018-12-06,1.0000000000065512e-05,0.0,0.0,1.0000000000065512e-05,0.9985099849999987
2018-12-07,-9.999900001056439e-06,0.0,0.0,-9.999900001056439e-06,0.9984999999999986
2018-12-10,1.0000000000065512e-05,0.0,0.0,1.0000000000065512e-05,0.9985099849999987
2018-12-11,-9.999900001056439e-06,0.0,0.0,-9.999900001056439e-06,0.9984999999999986
2018-12-12,0.0,0.0,0.0,0.0,0.9984999999999986
2018-12-13,0.0,0.0,0.0,0.0,0.9984999999999986
2018-12-14,1.0000000000065512e-05,0.0,0.0,1.0000000000065512e-05,0.9985099849999987
2018-12-17,-9.999900001056439e-06,0.0,0.0,-9.999900001056439e-06,0.9984999999999986
2018-12-18,1.0000000000065512e-05,0.0,0.0,1.0000000000065512e-05,0.9985099849999987
2018-12-19,-9.999900001056439e-06,0.0,0.0,-9.999900001056439e-06,0.9984999999999986
2018-12-20,1.0000000000065512e-05,0.0,0.0,1.0000000000065512e-05,0.9985099849999987
2018-12-21,-9.999900001000928e-05,0.0,0.0,-9.999900001000928e-05,0.9984101349999986
2018-12-24,9.000810072912202e-05,0.0,0.0,9.000810072912202e-05,0.9984999999999987
2018-12-25,0.0,0.0,0.0,0.0,0.9984999999999987
2018-12-26,-1.999999999990898e-05,0.0,0.0,-1.999999999990898e-05,0.9984800299999989
2018-12-27,-3.0000600012014544e-05,0.0,0.0,-3.0000600012014544e-05,0.9984500749999988
2018-12-28,6.000300015007731e-05,0.0,0.0,6.000300015007731e-05,0.9985099849999989
2019-01-02,-9.999900001056439e-06,0.0,0.0,-9.999900001056439e-06,0.9984999999999988
2019-01-03,1.0000000000065512e-05,0.0,0.0,1.0000000000065512e-05,0.9985099849999989
2019-01-04,9.999900000945416e-06,0.0,0.0,9.999900000945416e-06,0.9985199699999988
2019-01-07,-9.999800003934745e-06,0.0,0.0,-9.999800003934745e-06,0.9985099849999989
2019-01-08,0.0,0.0,0.0,0.0,0.9985099849999989
2019-01-09,0.0,0.0,0.0,0.0,0.9985099849999989
2019-01-10,0.0,0.0,0.0,0.0,0.9985099849999989
2019-01-11,0.0,0.0,0.0,0.0,0.9985099849999989
2019-01-14,0.0,0.0,0.0,0.0,0.9985099849999989
2019-01-15,-9.999900001056439e-06,0.0,0.0,-9.999900001056439e-06,0.9984999999999988
2019-01-16,1.0000000000065512e-05,0.0,0.0,1.0000000000065512e-05,0.9985099849999989
2019-01-17,0.0,0.0,0.0,0.0,0.9985099849999989
2019-01-18,0.0,0.0,0.0,0.0,0.9985099849999989
2019-01-21,-0.002658510786984591,2.0,0.003,-0.005658510786984591,0.9928599054789646
2019-01-22,-0.0014027524463760687,0.0,0.0,-0.0014027524463760687,0.9914671688176453
2019-01-23,0.0006119213127353835,0.0,0.0,0.0006119213127353835,0.9920738687091222
2019-01-24,0.001101528554406703,0.0,0.0,0.001101528554406703,0.993166666403586
2019-01-25,-0.0006851381191499259,0.0,0.0,-0.0006851381191499259,0.9924862100617639
2019-01-28,0.0036561887889012164,0.005192700031460343,7.789050047190514e-06,0.003648399738854026,0.9961071964913695
2019-01-29,0.0007381080623701985,0.0,0.0,0.0007381080623701985,0.9968424312440848
2019-01-30,-6.365032764681588e-05,0.0,0.0,-6.365032764681588e-05,0.9967789818967239
2019-01-31,0.0009655923412471547,0.0,0.0,0.0009655923412471547,0.9977414640475594
2019-02-01,0.004981994226950243,0.0,0.0,0.004981994226950243,1.002712206261433
2019-02-11,0.002389425106649523,1.1422598241008193,0.001713389736151229,0.0006760353704982941,1.0033900751792961
2019-02-12,0.0018386673895141627,0.0,0.0,0.0018386673895141627,1.0052349757894905
2019-02-13,0.004737718615189922,0.0,0.0,0.004737718615189922,1.0099974962469285
2019-02-14,-0.000938887399556758,0.0,0.0,-0.000938887399556758,1.0090492223241183
2019-02-15,-0.0024165896331447894,0.0,0.0,-0.0024165896331447894,1.006610764434117
2019-02-18,0.010311569777440077,0.43887640643937664,0.0006583146096590649,0.009653255167781013,1.0163278349978346
2019-02-19,0.0015435857211412974,0.0,0.0,0.0015435857211412974,1.0178966241319356
2019-02-20,0.0026002366381990237,0.0,0.0,0.0026002366381990237,1.0205433962279025
2019-02-21,-0.00013827042496137774,0.0,0.0,-0.00013827042496137774,1.0204022852588144
2019-02-22,0.007926113501347778,0.0,0.0,0.007926113501347778,1.0284901095888104
2019-02-25,0.006218452745297212,0.11860423428617736,0.00017790635142926606,0.006040546393867946,1.034702751811416
2019-02-26,-0.003045478472982262,0.0,0.0,-0.003045478472982262,1.0315515868548388
2019-02-27,-0.0012209125480618734,0.0,0.0,-0.0012209125480618734,1.0302921525784745
2019-02-28,-0.005422988345322361,0.0,0.0,-0.005422988345322361,1.0247048902427642
2019-03-01,0.0022753802338948727,0.0,0.0,0.0022753802338948727,1.027036483495598
2019-03-04,-0.0034577383190298253,0.587224423114897,0.0008808366346723455,-0.004338574953702171,1.0225806087317657
2019-03-05,-0.0009104052312575237,0.0,0.0,-0.0009104052312575237,1.021649645996194
2019-03-06,0.007495501304781603,0.0,0.0,0.007495501304781603,1.0293074222507879
2019-03-07,0.0010163376247682302,0.0,0.0,0.0010163376247682302,1.0303535461114746
2019-03-08,-0.009598288881238077,0.0,0.0,-0.009598288881238077,1.0204639151260886
2019-03-11,0.016039384653081412,1.4,0.0021,0.013939384653081413,1.0346885541636204
2019-03-12,0.00857900277931092,0.0,0.0,0.00857900277931092,1.0435651501455112
2019-03-13,-0.014149103245268158,0.0,0.0,-0.014149103245268158,1.0287996390929386
2019-03-14,-0.010670179814039742,0.0,0.0,-0.010670179814039742,1.0178221619511978
2019-03-15,0.0017238673073605086,0.0,0.0,0.0017238673073605086,1.0195767523008925
2019-03-18,0.013599540375817338,1.4000000000000001,0.0021000000000000003,0.011499540375817338,1.0313014163302214
2019-03-19,-0.0007824064478189261,0.0,0.0,-0.0007824064478189261,1.03049451945244
2019-03-20,-0.0004271021406298508,0.0,0.0,-0.0004271021406298508,1.0300543930372745
2019-03-21,-0.0003160944628746947,0.0,0.0,-0.0003160944628746947,1.0297287985471757
2019-03-22,0.0012391854362736935,0.0,0.0,0.0012391854362736935,1.031004823477647
2019-03-25,-0.01760576708702328,0.6134811544828953,0.0009202217317243429,-0.018525988818747622,1.0119044396458252
2019-03-26,-0.00670507382043414,0.0,0.0,-0.00670507382043414,1.005119545678775
2019-03-27,0.006183155383986701,0.0,0.0,0.006183155383986701,1.0113343560091888
2019-03-28,-0.006568331588321853,0.0,0.0,-0.006568331588321853,1.0046915766122584
2019-03-29,0.02223103765306754,0.0,0.0,0.02223103765306754,1.0270269128816452
2019-04-01,0.01389074452448276,0.9505451214724672,0.0014258176822087008,0.012464926842274059,1.0398287282157614
2019-04-02,-0.0004946602693135867,0.0,0.0,-0.0004946602693135867,1.0393143662570223
2019-04-03,0.009293488777134293,0.0,0.0,0.009293488777134293,1.0489732226557464
2019-04-04,0.0035308755027817274,0.0,0.0,0.0035308755027817274,1.0526770165106956
2019-04-08,-0.0051314104041578785,0.7515905189305951,0.0011273857783958927,-0.006258796182553771,1.0460885256182963
2019-04-09,0.006793614460504371,0.0,0.0,0.006793614460504371,1.0531952477529045
2019-04-10,0.0012580229273284594,0.0,0.0,0.0012580229273284594,1.054520191521531
2019-04-11,-0.01541793230755947,0.0,0.0,-0.01541793230755947,1.0382616705916974
2019-04-12,-0.0021313627849633343,0.0,0.0,-0.0021313627849633343,1.0360487583059443
2019-04-15,-0.006810073763478587,0.8179023690348795,0.0012268535535523192,-0.008036927317030906,1.0277221097385394
2019-04-16,0.015563715542360319,0.0,0.0,0.015563715542360319,1.0437172843111044
2019-04-17,0.0018056880209978091,0.0,0.0,0.0018056880209978091,1.0456019121086932
2019-04-18,-0.0032152465159672947,0.0,0.0,-0.0032152465159672947,1.042240044203697
2019-04-19,0.00867660998871208,0.0,0.0,0.00867660998871208,1.0512831545818706
2019-04-22,-0.009654320328837064,0.8640025457146229,0.0012960038185719342,-0.010950324147408999,1.0397712632684883
2019-04-23,-0.0017285905505053235,0.0,0.0,-0.0017285905505053235,1.0379739244881154
2019-04-24,0.002421238457492437,0.0,0.0,0.002421238457492437,1.0404871068719603
2019-04-25,-0.013968962383196363,0.0,0.0,-0.013968962383196363,1.0259525816158652
2019-04-26,-0.006344441741671569,0.0,0.0,-0.006344441741671569,1.0194434852320857
2019-04-29,0.003942168465708328,0.8827720502087171,0.0013241580753130756,0.002618010390395252,1.022112398868844
2019-04-30,0.0007299124448554556,0.0,0.0,0.0007299124448554556,1.0228584514288195
2019-05-06,-0.02305459289220849,0.3659992638780688,0.0005489988958171032,-0.023603591788025593,0.9987153180843615
2019-05-07,0.005524759448252766,0.0,0.0,0.005524759448252766,1.004232979974063
2019-05-08,-0.011466098652789653,0.0,0.0,-0.011466098652789653,0.9927183455552955
2019-05-09,-0.004775082216941329,0.0,0.0,-0.004775082216941329,0.987978033837003
2019-05-10,0.01123913626454652,0.0,0.0,0.01123913626454652,0.9990820535856758
2019-05-13,-0.004665527924178093,0.08084132133781012,0.00012126198200671519,-0.004786789906184807,0.9942996576961215
2019-05-14,-0.007505340613774371,0.0,0.0,-0.007505340613774371,0.9868371000929528
2019-05-15,0.010136101764305534,0.0,0.0,0.010136101764305534,0.9968397813642872
2019-05-16,0.0015334618548247126,0.0,0.0,0.0015334618548247126,0.9983683971443811
2019-05-17,0.00024760042973962296,0.0,0.0,0.00024760042973962296,0.9986155935885525
2019-05-20,-0.00406084260333371,0.019649979286826588,2.947496893023988e-05,-0.004090317572263949,0.9945309386781603
2019-05-21,0.0001886444747773682,0.0,0.0,0.0001886444747773682,0.9947185514447372
2019-05-22,-0.0017170275817646218,0.0,0.0,-0.0017170275817646218,0.9930105922558137
2019-05-23,-0.006546555776311639,0.0,0.0,-0.006546555776311639,0.9865097930271427
2019-05-24,-0.001005773483670799,0.0,0.0,-0.001005773483670799,0.9855175876359344
2019-05-27,-0.000311795265810509,0.8078578000492811,0.0012117867000739216,-0.0015235819658844306,0.9840160708123504
2019-05-28,0.0003931527803962516,0.0,0.0,0.0003931527803962516,0.9844029394665449
2019-05-29,-0.0031440500309439295,0.0,0.0,-0.0031440500309439295,0.9813079273742538
2019-05-30,-0.0023241066120629457,0.0,0.0,-0.0023241066120629457,0.9790272631317735
2019-05-31,0.002046575793293901,0.0,0.0,0.002046575793293901,0.9810309166294737
2019-06-03,0.001949524805532395,0.3510507809773085,0.0005265761714659628,0.001422948634066432,0.9824268732322686
2019-06-04,0.0006699393548779537,0.0,0.0,0.0006699393548779537,0.9830850396579366
2019-06-05,0.0086976228702884,0.0,0.0,0.0086976228702884,0.9916355425823038
2019-06-06,-0.0003362996559747443,0.0,0.0,-0.0003362996559747443,0.991302055890481
2019-06-10,0.006987693686447768,0.3322640844694581,0.0004983961267041871,0.006489297559743581,0.9977349099027398
2019-06-11,-0.0006318970730702476,0.0,0.0,-0.0006318970730702476,0.9971044441334723
2019-06-12,0.0026466406151201983,0.0,0.0,0.0026466406151201983,0.9997434212528329
2019-06-13,0.0003456226024570102,0.0,0.0,0.0003456226024570102,1.0000889551758756
2019-06-14,0.007385620713855019,0.0,0.0,0.007385620713855019,1.00747523287892
2019-06-17,-0.003728631770700413,0.7413176735742772,0.0011119765103614159,-0.004840608281061829,1.0025984399236816
2019-06-18,0.0029815818532466154,0.0,0.0,0.0029815818532466154,1.0055877692382513
2019-06-19,8.718059040695517e-07,0.0,0.0,8.718059040695517e-07,1.0055886459156056
2019-06-20,0.012540473406775377,0.0,0.0,0.012540473406775377,1.0181992035878655
2019-06-21,0.0025627474065510842,0.0,0.0,0.0025627474065510842,1.0208085909562126
2019-06-24,0.002594387095158855,0.32895192771984805,0.0004934278915797721,0.0021009592035790827,1.0229532681604745
2019-06-25,0.0034180319478166682,0.0,0.0,0.0034180319478166682,1.0264497551121705
2019-06-26,-0.007304651235396562,0.0,0.0,-0.007304651235396562,1.018951897640418
2019-06-27,0.002208820917552351,0.0,0.0,0.002208820917552351,1.0212025799059057
2019-06-28,0.000491043101973127,0.0,0.0,0.000491043101973127,1.0217040343884856
2019-07-01,8.432109754252706e-05,0.7382625129886577,0.0011073937694829866,-0.0010230726719404595,1.0206587569120913
2019-07-02,0.0024411596402240513,0.0,0.0,0.0024411596402240513,1.0231503478759063
2019-07-03,0.008551543689268828,0.0,0.0,0.008551543689268828,1.0318998627764577
2019-07-04,-0.0022478061629518575,0.0,0.0,-0.0022478061629518575,1.0295803519053597
2019-07-05,0.0007707654347760519,0.0,0.0,0.0007707654347760519,1.030373916852933
2019-07-08,-0.004365736841206676,0.40767696951676374,0.0006115154542751456,-0.004977252295481821,1.025245485910072
2019-07-09,-0.0050074283641605094,0.0,0.0,-0.0050074283641605094,1.0201116425836982
2019-07-10,0.002438866115806718,0.0,0.0,0.002438866115806718,1.0225995583031355
2019-07-11,0.009390318997486236,0.0,0.0,0.009390318997486236,1.0322020943622905
2019-07-12,-0.0014780189215061286,0.0,0.0,-0.0014780189215061286,1.0306764801360049
2019-07-15,0.003712689502352598,0.003876536952005988,5.8148054280089815e-06,0.003706874696924589,1.0344970687009365
2019-07-16,-0.00020160844647263974,0.0,0.0,-0.00020160844647263974,1.0342885053540352
2019-07-17,-0.00391928296123065,0.0,0.0,-0.00391928296123065,1.0302348360380043
2019-07-18,-0.001135699280115529,0.0,0.0,-0.001135699280115529,1.029064799076366
2019-07-19,0.008667000770173265,0.0,0.0,0.008667000770173265,1.037983704482519
2019-07-22,-0.005631283548088158,0.3081030096091244,0.0004621545144136866,-0.0060934380625018445,1.0316588150693686
2019-07-23,0.0010717743677656605,0.0,0.0,0.0010717743677656605,1.0327645205436395
2019-07-24,0.0028566255980890768,0.0,0.0,0.0028566255980890768,1.0357147421098227
2019-07-25,0.0030005157166450975,0.0,0.0,0.0030005157166450975,1.0388224204714842
2019-07-26,-0.0028929882374872894,0.0,0.0,-0.0028929882374872894,1.0358171194282222
2019-07-29,0.0013564468520183702,0.6939183606062742,0.0010408775409094114,0.0003155693111089588,1.036143991523035
2019-07-30,0.001825501704981709,0.0,0.0,0.001825501704981709,1.038035474146167
2019-07-31,-0.0008266921240014809,0.0,0.0,-0.0008266921240014809,1.0371773383952563
2019-08-01,-0.008413477405718213,0.0,0.0,-0.008413477405718213,1.0284510702929448
2019-08-02,0.003350207728271814,0.0,0.0,0.003350207728271814,1.0318965950167898
2019-08-05,0.0069530186979424235,0.4109958171579441,0.0006164937257369162,0.006336524972205508,1.0384352335598477
2019-08-06,-0.004748131313895343,0.0,0.0,-0.004748131313895343,1.03350460670993
2019-08-07,0.0066735132762974995,0.0,0.0,0.0066735132762974995,1.0404017134239232
2019-08-08,0.006245234607336008,0.0,0.0,0.006245234607336008,1.04689926621013
2019-08-09,0.0016728058720549667,0.0,0.0,0.0016728058720549667,1.0486505254500964
2019-08-12,-0.0011566590320753213,0.36843128188573376,0.0005526469228286007,-0.001709305954903922,1.0468580608623315
2019-08-13,0.0009590287371265072,0.0,0.0,0.0009590287371265072,1.047862027826391
2019-08-14,-0.0028440141382329023,0.0,0.0,-0.0028440141382329023,1.0448818934043353
2019-08-15,-0.0049360852229676545,0.0,0.0,-0.0049360852229676545,1.0397242673305558
2019-08-16,0.0009526285149902586,0.0,0.0,0.0009526285149902586,1.0407147383153423
2019-08-19,0.0069296442039741436,0.8547792623927197,0.0012821688935890797,0.005647475310385064,1.046592149105132
2019-08-20,-0.0016070959666335373,0.0,0.0,-0.0016070959666335373,1.0449101750835947
2019-08-21,-2.8530777453114134e-05,0.0,0.0,-2.8530777453114134e-05,1.044880362983931
2019-08-22,0.002319205262054159,0.0,0.0,0.002319205262054159,1.0473036550199804
2019-08-23,0.0031288207266900042,0.0,0.0,0.0031288207266900042,1.050580480402945
2019-08-26,0.008444469610206244,0.45915639473067693,0.0006887345920960154,0.007755735018110229,1.0587285042241494
2019-08-27,0.005272704814008855,0.0,0.0,0.005272704814008855,1.0643108671051005
2019-08-28,-5.74804353225663e-06,0.0,0.0,-5.74804353225663e-06,1.0643047493999045
2019-08-29,0.0030728526006797248,0.0,0.0,0.0030728526006797248,1.0675752010170139
2019-08-30,-0.002680729253534668,0.0,0.0,-0.002680729253534668,1.0647133209452995
2019-09-02,0.0031125087112977823,0.350977809414339,0.0005264667141215085,0.0025860419971762737,1.067466714308217
2019-09-03,0.0008538073484057279,0.0,0.0,0.0008538073484057279,1.068378125233072
2019-09-04,0.0022539504259499153,0.0,0.0,0.0022539504259499153,1.0707861965635168
2019-09-05,0.002172178344991139,0.0,0.0,0.002172178344991139,1.0731121351518074
2019-09-06,-0.008144893745453938,0.0,0.0,-0.008144893745453938,1.0643717508340387
2019-09-09,0.003111393461581207,0.7747923804076815,0.0011621885706115222,0.0019492048909696847,1.0664464294565743
2019-09-10,5.1036607890041e-05,0.0,0.0,5.1036607890041e-05,1.0665008572648302
2019-09-11,-0.008755644840395269,0.0,0.0,-0.008755644840395269,1.0571629545366423
2019-09-12,0.005728192242227312,0.0,0.0,0.005728192242227312,1.0632185871715891
2019-09-16,-0.0010721102228691724,1.0069196447598405,0.0015103794671397607,-0.002582489690008933,1.0604728361319926
2019-09-17,-0.007689378558854566,0.0,0.0,-0.007689378558854566,1.0523184590435917
2019-09-18,0.001718216953788996,0.0,0.0,0.001718216953788996,1.0541265704607055
2019-09-19,0.0029853652349495618,0.0,0.0,0.0029853652349495618,1.0572735232773955
2019-09-20,0.0005623024516871091,0.0,0.0,0.0005623024516871091,1.0578680307716384
2019-09-23,0.0007490087015590291,0.49761684398005834,0.0007464252659700875,2.5834355889415564e-06,1.0578707637055575
2019-09-24,0.001810770980377181,0.0,0.0,0.001810770980377181,1.0597863253854651
2019-09-25,-0.001967358763699859,0.0,0.0,-0.001967358763699859,1.0577013454705688
2019-09-26,-0.005452498243668263,0.0,0.0,-0.005452498243668263,1.051934230742065
2019-09-27,-0.0010247272737107858,0.0,0.0,-0.0010247272737107858,1.0508562850456735
2019-09-30,-0.001421797038933095,0.6256310925370856,0.0009384466388056284,-0.0023602436777387234,1.0483760081426825
2019-10-08,-0.0033399767102668533,0.0015265712738131432,2.2898569107197146e-06,-0.003342266567177573,1.044872056060836
2019-10-09,-0.00038783609931413755,0.0,0.0,-0.00038783609931413755,1.044466816958331
2019-10-10,0.0023376347326791395,0.0,0.0,0.0023376347326791395,1.0469083988667838
2019-10-11,0.0020226717787696206,0.0,0.0,0.0020226717787696206,1.0490259509401285
2019-10-14,-0.002185171853928439,0.8817162254756503,0.0013225743382134756,-0.0035077461921419143,1.0453462341552602
2019-10-15,0.0008564052201723587,0.0,0.0,0.0008564052201723587,1.0462414741270782
2019-10-16,-0.002008597813055889,0.0,0.0,-0.002008597813055889,1.0441399957902182
2019-10-17,0.0015854207972406387,0.0,0.0,0.0015854207972406387,1.0457953970547746
2019-10-18,-0.002874595849600671,0.0,0.0,-0.002874595849600671,1.0427891579468695
2019-10-21,-0.001502779792184999,0.8372445646343333,0.0012558668469514998,-0.002758646639136499,1.0399124711409715
2019-10-22,0.0015447602082621576,0.0,0.0,0.0015447602082621576,1.0415188865464655
2019-10-23,-0.0011936234470540108,0.0,0.0,-0.0011936234470540108,1.040275705182934
2019-10-24,-0.00043282985454507785,0.0,0.0,-0.00043282985454507785,1.039825442800773
2019-10-25,0.006313998564758608,0.0,0.0,0.006313998564758608,1.0463908991542166
2019-10-28,0.0018299707065550736,0.46950364059743355,0.0007042554608961503,0.0011257152456589231,1.0475688373423133
2019-10-29,-0.0015394575441237605,0.0,0.0,-0.0015394575441237605,1.0459561495926777
2019-10-30,-0.0020656380578492166,0.0,0.0,-0.0020656380578492166,1.0437955827632377
2019-10-31,0.002151168802828975,0.0,0.0,0.002151168802828975,1.0460409632574088
2019-11-01,0.010193340369422915,0.0,0.0,0.010193340369422915,1.0567036148362507
2019-11-04,0.0005415198654995926,0.4702709541102644,0.0007054064311653966,-0.00016388656566580393,1.0565304353098885
2019-11-05,-0.0013840924935928055,0.0,0.0,-0.0013840924935928055,1.0550680994651238
2019-11-06,-0.007208433249529231,0.0,0.0,-0.007208433249529231,1.0474627114964217
2019-11-07,0.0027611062851892344,0.0,0.0,0.0027611062851892344,1.050354867372636
2019-11-08,-0.007082732329859067,0.0,0.0,-0.007082732329859067,1.042915484995671
2019-11-11,-0.007035974835392804,1.133301281377678,0.001699951922066517,-0.00873592675745932,1.0338046517045287
2019-11-12,0.0010842858823364426,0.0,0.0,0.0010842858823364426,1.0349255914934656
2019-11-13,0.002786944869582245,0.0,0.0,0.002786944869582245,1.0378098720610778
2019-11-14,0.004090296583019452,0.0,0.0,0.004090296583019452,1.0420548222345931
2019-11-15,-0.002454783597726894,0.0,0.0,-0.002454783597726894,1.0394968031490395
2019-11-18,0.005863793685177593,0.35759965414279066,0.0005363994812141859,0.005327394203963407,1.045034612393174
2019-11-19,0.0081532257341636,0.0,0.0,0.0081532257341636,1.0535550154880298
2019-11-20,-0.006173967677964725,0.0,0.0,-0.006173967677964725,1.047050400875449
2019-11-21,-0.005465466127648592,0.0,0.0,-0.005465466127648592,1.0413277823755234
2019-11-22,-0.0052357105673433045,0.0,0.0,-0.0052357105673433045,1.0358756915012717
2019-11-25,0.001218694578726604,0.4164304879871398,0.0006246457319807097,0.0005940488467458942,1.03649105226118
2019-11-26,0.005951643032592198,0.0,0.0,0.005951643032592198,1.0426598770107145
2019-11-27,9.417725609423271e-05,0.0,0.0,9.417725609423271e-05,1.042758071856971
2019-11-28,0.002335160063228941,0.0,0.0,0.002335160063228941,1.0451930788619808
2019-11-29,-0.004189903946439644,0.0,0.0,-0.004189903946439644,1.0408138202560655
2019-12-02,0.00464508060756387,0.49624843603675567,0.0007443726540551335,0.0039007079535087366,1.0448737310028602
2019-12-03,-0.005221381966378957,0.0,0.0,-0.005221381966378957,1.0394180461466587
2019-12-04,-0.0045519022787273815,0.0,0.0,-0.0045519022787273815,1.0346867167738534
2019-12-05,0.00303284398680922,0.0,0.0,0.00303284398680922,1.0378247601610524
2019-12-06,0.002896473321044779,0.0,0.0,0.002896473321044779,1.0408307918907787
2019-12-09,0.002806481221679891,0.29369649117583835,0.0004405447367637575,0.0023659364849161336,1.0432933314359374
2019-12-10,-0.0003669750777239388,0.0,0.0,-0.0003669750777239388,1.0429104687845447
2019-12-11,-0.0012989585556044878,0.0,0.0,-0.0012989585556044878,1.0415557713083876
2019-12-12,0.004436803820848547,0.0,0.0,0.004436803820848547,1.0461769499341556
2019-12-13,0.006981038613531245,0.0,0.0,0.006981038613531245,1.053480351618232
2019-12-16,0.003375750825281107,0.010632721374677995,1.594908206201699e-05,0.0033598017432190904,1.057019836740046
2019-12-17,0.005858028740652173,0.0,0.0,0.005858028740652173,1.0632118893231088
2019-12-18,-0.003343587582428384,0.0,0.0,-0.003343587582428384,1.059656947252478
2019-12-19,-0.0009535161655097636,0.0,0.0,-0.0009535161655097636,1.058646547223378
2019-12-20,0.0028356326401588767,0.0,0.0,0.0028356326401588767,1.061648479927076
2019-12-23,-0.003905732109672103,0.7547682693366217,0.0011321524040049326,-0.005037884513677035,1.0563000174910826
2019-12-24,0.004988251523068448,0.0,0.0,0.004988251523068448,1.0615691076621496
2019-12-25,-0.001838014112974292,0.0,0.0,-0.001838014112974292,1.059617928660369
2019-12-26,0.005632275870467747,0.0,0.0,0.005632275870467747,1.0655859891518777
2019-12-27,0.0024230403492881024,0.0,0.0,0.0024230403492881024,1.068167946999229
2019-12-30,6.840356473515705e-05,0.38964008092807234,0.0005844601213921086,-0.0005160565566569515,1.0676167119265692
2019-12-31,-0.002843167836334922,0.0,0.0,-0.002843167836334922,1.0645812984296859
2020-01-02,0.010923726167927493,0.0,0.0,0.010923726167927493,1.0762104930172285
2020-01-03,0.002983304821142299,0.0,0.0,0.002983304821142299,1.0794211569696106
2020-01-06,-0.00891164371180415,0.370088829273036,0.000555133243909554,-0.009466776955713704,1.0692025176353008
2020-01-07,0.006682372348743802,0.0,0.0,0.006682372348743802,1.0763473269743542
2020-01-08,-0.007628208810140386,0.0,0.0,-0.007628208810140386,1.0681367248119573
2020-01-09,0.012354445824663591,0.0,0.0,0.012354445824663591,1.0813329621119803
2020-01-10,0.008857416537225214,0.0,0.0,0.008857416537225214,1.0909107785728378
2020-01-13,0.005977538988107632,0.49420610460725123,0.0007413091569108769,0.005236229831196756,1.096623038134775
2020-01-14,-0.0012960356130676952,0.0,0.0,-0.0012960356130676952,1.095201775623242
2020-01-15,6.135413130915475e-05,0.0,0.0,6.135413130915475e-05,1.0952689707767937
2020-01-16,0.0010399489942472403,0.0,0.0,0.0010399489942472403,1.0964079946413832
2020-01-17,0.002588544218465408,0.0,0.0,0.002588544218465408,1.0992460952169913
2020-01-20,0.004317954829962587,0.0172015617854486,2.5802342678172898e-05,0.004292152487284414,1.1039642270787144
2020-01-21,-0.009366484703835276,0.0,0.0,-0.009366484703835276,1.0936239630322004
2020-01-22,0.009238754649351373,0.0,0.0,0.009238754649351373,1.1037276865053063
2020-01-23,-0.012705772788214482,0.0,0.0,-0.012705772788214482,1.0897039733005083
2020-02-03,-0.03599425406781396,0.7671591162138143,0.0011507386743207213,-0.03714499274213468,1.0492269271211856
2020-02-04,0.02850526637459583,0.0,0.0,0.02850526637459583,1.0791354201661738
2020-02-05,0.017919049382528626,0.0,0.0,0.017919049382528626,1.0984725010505672
2020-02-06,0.019073906140141157,0.0,0.0,0.019073906140141157,1.1194246624331319
2020-02-07,0.002385642719574252,0.0,0.0,0.002385642719574252,1.1220952097291774
2020-02-10,0.0026424719980329813,0.4705409957412067,0.0007058114936118102,0.0019366605044211713,1.1242683272040601
2020-02-11,0.007154107304173757,0.0,0.0,0.007154107304173757,1.1323114634555618
2020-02-12,0.01245545806893602,0.0,0.0,0.01245545806893602,1.146414921409608
2020-02-13,0.017975775735840884,0.0,0.0,0.017975775735840884,1.167022618937089
2020-02-14,-0.01794235419836334,0.0,0.0,-0.01794235419836334,1.1460834857506181
2020-02-17,0.013067725297988463,0.5483531887976913,0.000822529783196537,0.012245195514791925,1.1601175021099088
2020-02-18,-0.004467639615357089,0.0,0.0,-0.004467639615357089,1.1549345151990134
2020-02-19,-0.009007486240246698,0.0,0.0,-0.009007486240246698,1.1445314584449722
2020-02-20,0.010447826713399154,0.0,0.0,0.010447826713399154,1.1564893247908392
2020-02-21,0.0006538261434417677,0.0,0.0,0.0006538261434417677,1.1572454677459987
2020-02-24,0.013740287650810097,0.8332163510357277,0.0012498245265535916,0.012490463124256505,1.171699999586593
2020-02-25,-0.005836189396907909,0.0,0.0,-0.005836189396907909,1.1648617364726488
2020-02-26,-0.01010318985255855,0.0,0.0,-0.01010318985255855,1.1530929171970845
2020-02-27,0.001206207697308473,0.0,0.0,0.001206207697308473,1.1544837867495195
2020-02-28,-0.021127452497103766,0.0,0.0,-0.021127452497103766,1.1300924853862926
2020-03-02,-0.0007053202240949515,0.4234388250536331,0.0006351582375804496,-0.001340478461675401,1.128577620749931
2020-03-03,0.005494567536907248,0.0,0.0,0.005494567536907248,1.1347786667077837
2020-03-04,0.008028956259532672,0.0,0.0,0.008028956259532672,1.1438897549870313
2020-03-05,0.003995881425816057,0.0,0.0,0.003995881425816057,1.1484606028121653
2020-03-06,0.006959648366492504,0.0,0.0,0.006959648366492504,1.156453484770508
2020-03-09,-0.01741262921411707,0.49954589910759345,0.0007493188486613902,-0.01816194806277846,1.1354500366430869
2020-03-10,0.006896993760774772,0.0,0.0,0.006896993760774772,1.1432812284614857
2020-03-11,-0.004747497744332323,0.0,0.0,-0.004747497744332323,1.1378535034082273
2020-03-12,-0.011520487952779225,0.0,0.0,-0.011520487952779225,1.1247448758301852
2020-03-13,-0.009103366872947343,0.0,0.0,-0.009103366872947343,1.1145059105870354
2020-03-16,-0.028978807890860533,0.5064898895383659,0.0007597348343075489,-0.02973854272516808,1.0813621289475905
2020-03-17,-0.01690430234227073,0.0,0.0,-0.01690430234227073,1.063082456578379
2020-03-18,0.003780150893474961,0.0,0.0,0.003780150893474961,1.0671010686764513
2020-03-19,-0.00023039712315912225,0.0,0.0,-0.00023039712315912225,1.0668552116601082
2020-03-20,0.0079556045817266,0.0,0.0,0.0079556045817266,1.0753426898700302
2020-03-23,-0.022120044430172715,0.8020702639146027,0.001203105395871904,-0.02332314982604462,1.0502623111998497
2020-03-24,0.02795717481334286,0.0,0.0,0.02795717481334286,1.0796246782339294
2020-03-25,0.02090766260586126,0.0,0.0,0.02090766260586126,1.102197106747406
2020-03-26,-0.005103269955248829,0.0,0.0,-0.005103269955248829,1.0965722973677796
2020-03-27,-0.004253776764792994,0.0,0.0,-0.004253776764792994,1.0919077236083208
2020-03-30,-0.008083313772336741,1.1036211006449959,0.0016554316509674936,-0.009738745423304235,1.0812739122623598
2020-03-31,0.0013772215885592897,0.0,0.0,0.0013772215885592897,1.0827630660374734
2020-04-01,-0.007823517366664754,0.0,0.0,-0.007823517366664754,1.074292050386346
2020-04-02,0.007956438198501564,0.0,0.0,0.007956438198501564,1.0828395886923865
2020-04-03,0.0033019583731161758,0.0,0.0,0.0033019583731161758,1.086415079939011
2020-04-07,0.01815558312687405,0.3814919808553996,0.0005722379712830995,0.01758334515559095,1.1055178912718175
2020-04-08,-0.004240189228637529,0.0,0.0,-0.004240189228637529,1.1008302862171806
2020-04-09,0.005383838625000657,0.0,0.0,0.005383838625000657,1.1067569788316873
2020-04-10,-0.0020134479742287175,0.0,0.0,-0.0020134479742287175,1.1045285812346952
2020-04-13,-0.00311601197929177,0.38509105469527727,0.0005776365820429159,-0.003693648561334686,1.1004488408296647
2020-04-14,0.01383653022502971,0.0,0.0,0.01383653022502971,1.1156752344769032
2020-04-15,-0.002034705117580813,0.0,0.0,-0.002034705117580813,1.1134051643677547
2020-04-16,0.006786896542222922,0.0,0.0,0.006786896542222922,1.1209617300278953
2020-04-17,-0.001462966984913696,0.0,0.0,-0.001462966984913696,1.1193218000255127
2020-04-20,0.0006206961245141866,0.7717222937614235,0.0011575834406421354,-0.0005368873161279488,1.1187208503484134
2020-04-21,0.0016051672833468848,0.0,0.0,0.0016051672833468848,1.1205165844565905
2020-04-22,0.0015894686678244207,0.0,0.0,0.0015894686678244207,1.1222976104593618
2020-04-23,0.006202889392460114,0.0,0.0,0.006202889392460114,1.1292590984024635
2020-04-24,-2.150715099774451e-05,0.0,0.0,-2.150715099774451e-05,1.1292348112565187
2020-04-27,0.0006065604860360633,0.41574154641447303,0.0006236123196217095,-1.705183358564617e-05,1.129215555732438
2020-04-28,-0.0017636565158660588,0.0,0.0,-0.0017636565158660588,1.127224007359753
2020-04-29,0.00037528977461759555,0.0,0.0,0.00037528977461759555,1.1276470430034187
2020-04-30,0.004735840342199386,0.0,0.0,0.004735840342199386,1.132987399361436
2020-05-06,0.004709120300429735,0.7290901947121797,0.0010936352920682697,0.003615485008361465,1.1370836983184898
2020-05-07,-0.002551636359414945,0.0,0.0,-0.002551636359414945,1.1341822742101624
2020-05-08,0.00728419980232255,0.0,0.0,0.00728419980232255,1.1424438845077618
2020-05-11,-0.004906314685403951,0.7199675641921781,0.0010799513462882672,-0.005986266031692218,1.1356049114888185
2020-05-12,0.001887008116605468,0.0,0.0,0.001887008116605468,1.1377478071740548
2020-05-13,0.0036701973050139187,0.0,0.0,0.0036701973050139187,1.1419235661097304
2020-05-14,0.0015534253111001897,0.0,0.0,0.0015534253111001897,1.1436974590806672
2020-05-15,0.005400675182128212,0.0,0.0,0.005400675182128212,1.1498741975637874
2020-05-18,0.009941166137987806,0.05712762034548702,8.569143051823053e-05,0.009855474707469575,1.161206753634649
2020-05-19,-0.0032900167544595675,0.0,0.0,-0.0032900167544595675,1.1573863639597994
2020-05-20,0.0014232995535354053,0.0,0.0,0.0014232995535354053,1.1590336714548914
2020-05-21,-0.003974719566427003,0.0,0.0,-0.003974719566427003,1.154426837642812
2020-05-22,-0.007492639328812564,0.0,0.0,-0.007492639328812564,1.1457771337168527
2020-05-25,0.0018909587570001502,0.9368001263688235,0.0014052001895532352,0.00048575856744691496,1.1463337047759405
2020-05-26,0.007506255358218048,0.0,0.0,0.007506255358218048,1.154938378289721
2020-05-27,-0.006257365677568979,0.0,0.0,-0.006257365677568979,1.1477115065217036
2020-05-28,0.0013690968078798496,0.0,0.0,0.0013690968078798496,1.1492828346816495
2020-05-29,-0.0007679265737907828,0.0,0.0,-0.0007679265737907828,1.1484002698520959
2020-06-01,0.006470845152897586,0.620780897000535,0.0009311713455008025,0.005539673807396784,1.1547620327474029
2020-06-02,-0.002748989889327832,0.0,0.0,-0.002748989889327832,1.1515876035948005
2020-06-03,-0.0024528648143620955,0.0,0.0,-0.0024528648143620955,1.1487629148812872
2020-06-04,-0.0004613862735556773,0.0,0.0,-0.0004613862735556773,1.1482328914407913
2020-06-05,0.0011453378694748178,0.0,0.0,0.0011453378694748178,1.149548006054335
2020-06-08,0.0015877681174456305,0.826737344169773,0.0012401060162546594,0.00034766210119097107,1.14994766032954
2020-06-09,0.005524779044770979,0.0,0.0,0.005524779044770979,1.156300867065912
2020-06-10,0.004520713235234992,0.0,0.0,0.004520713235234992,1.1615281716995707
2020-06-11,-0.002777263172666768,0.0,0.0,-0.002777263172666768,1.1583023022842944
2020-06-12,-0.005854488688690328,0.0,0.0,-0.005854488688690328,1.151521034557487
2020-06-15,-0.010059811442624605,0.02568713282482249,3.853069923723373e-05,-0.01009834214186184,1.139892581166975
2020-06-16,0.02119326031979144,0.0,0.0,0.02119326031979144,1.1640506213762456
2020-06-17,0.0016503994650447884,0.0,0.0,0.0016503994650447884,1.16597176989905
2020-06-18,-0.0002407841249506288,0.0,0.0,-0.0002407841249506288,1.1656910224067176
2020-06-19,0.008543503258602817,0.0,0.0,0.008543503258602817,1.1756501074551733
2020-06-22,0.006551789874852857,0.8672600825787602,0.0013008901238681404,0.005250899750984717,1.1818233283116548
2020-06-23,0.004843040161438311,0.0,0.0,0.004843040161438311,1.1875469461543928
2020-06-24,0.0027903949552278867,0.0,0.0,0.0027903949552278867,1.1908606711620384
2020-06-29,-0.002154066751207394,0.5538856437303867,0.00083082846559558,-0.002984895216802974,1.1873060768408081
2020-06-30,0.012343473518422304,0.0,0.0,0.012343473518422304,1.2019615579585545
2020-07-01,0.005176950757327872,0.0,0.0,0.005176950757327872,1.208184053756307
2020-07-02,0.0003359593751014905,0.0,0.0,0.0003359593751014905,1.2085899545160148
2020-07-03,0.004035267705772856,0.0,0.0,0.004035267705772856,1.213466938528995
2020-07-06,0.00910585433215557,0.2338741862779367,0.00035081127941690506,0.008755043052738665,1.224090893818891
2020-07-07,0.009535655697247559,0.0,0.0,0.009535655697247559,1.235763403124484
2020-07-08,0.01207194237633172,0.0,0.0,0.01207194237633172,1.2506814677177824
2020-07-09,0.016536582298014753,0.0,0.0,0.016536582298014753,1.2713634647372996
2020-07-10,0.0017876422865747553,0.0,0.0,0.0017876422865747553,1.2736362078284702
2020-07-13,0.025014100333093855,0.5803455745733769,0.0008705183618600654,0.02414358197123379,1.3043863480137083
2020-07-14,-0.009832845529761366,0.0,0.0,-0.009832845529761366,1.29156051854256
2020-07-15,-0.0048009661199097265,0.0,0.0,-0.0048009661199097265,1.2853597802512242
2020-07-16,-0.030663356803621884,0.0,0.0,-0.030663356803621884,1.245946334688356
2020-07-17,0.006877731610967566,0.0,0.0,0.006877731610967566,1.2545156191800113
2020-07-20,0.003964855311627592,0.9261105993986147,0.001389165899097922,0.0025756894125296705,1.2577468617781864
2020-07-21,0.007871516269534364,0.0,0.0,0.007871516269534364,1.2676472366636293
2020-07-22,0.011915749405479622,0.0,0.0,0.011915749405479622,1.2827522034702619
2020-07-23,0.0062862365227584005,0.0,0.0,0.0062862365227584005,1.2908158872213655
2020-07-24,-0.009037983951912193,0.0,0.0,-0.009037983951912193,1.2791495139477855
2020-07-27,0.010569227948806648,0.030903115109793697,4.635467266469055e-05,0.010522873276141959,1.2926098421842966
2020-07-28,0.00121969961976109,0.0,0.0,0.00121969961976109,1.2941864379173083
2020-07-29,0.008501148672866294,0.0,0.0,0.008501148672866294,1.3051885092364506
2020-07-30,-0.00447380793461633,0.0,0.0,-0.00447380793461633,1.2993493465276584
2020-07-31,0.008160878284877066,0.0,0.0,0.008160878284877066,1.309953178394205
2020-08-03,0.002326329504060148,0.6069339488546611,0.0009104009232819918,0.0014159285807781564,1.3118079785389747
2020-08-04,-0.0014681745723372295,0.0,0.0,-0.0014681745723372295,1.3098820154210946
2020-08-05,0.012931810283199566,0.0,0.0,0.012931810283199566,1.3268211611378955
2020-08-06,-0.00129233804948271,0.0,0.0,-0.00129233804948271,1.325106459666498
2020-08-07,-0.001626597896484835,0.0,0.0,-0.001626597896484835,1.3229510442865862
2020-08-10,-0.004503261279817363,0.4111470080021513,0.000616720512003227,-0.005119981791820589,1.3161775590283689
2020-08-11,-0.011191081783605339,0.0,0.0,-0.011191081783605339,1.3014481083235363
2020-08-12,-0.02958503856842184,0.0,0.0,-0.02958503856842184,1.2629447158439848
2020-08-13,0.0029579863967121958,0.0,0.0,0.0029579863967121958,1.2666804891332508
2020-08-14,0.006736796792878572,0.0,0.0,0.006736796792878572,1.2752138581900456
2020-08-17,0.012206562459673663,1.0853419022972495,0.0016280128534458744,0.010578549606227788,1.2887037712474583
2020-08-18,-0.00022543843851790548,0.0,0.0,-0.00022543843851790548,1.2884132478815562
2020-08-19,-0.009799354084167764,0.0,0.0,-0.009799354084167764,1.2757876302588322
2020-08-20,-0.008817460111308685,0.0,0.0,-0.008817460111308685,1.264538423718524
2020-08-21,0.00953383700424687,0.0,0.0,0.00953383700424687,1.2765943269358635
2020-08-24,0.01043300155771728,0.8151432771757295,0.0012227149157635943,0.009210286641953684,1.2883521266124347
2020-08-25,0.011514974605460165,0.0,0.0,0.011514974605460165,1.3031874686332674
2020-08-26,-0.008470393401732232,0.0,0.0,-0.008470393401732232,1.292148958097736
2020-08-27,0.010089340156704336,0.0,0.0,0.010089340156704336,1.305185888469115
2020-08-28,0.014732881491127342,0.0,0.0,0.014732881491127342,1.3244150374878223
2020-08-31,0.0013551886119895359,0.758400178536487,0.0011376002678047305,0.00021758834418480534,1.3247032147628428
2020-09-01,0.004460200322977585,0.0,0.0,0.004460200322977585,1.3306116564691777
2020-09-02,0.01140195249628112,0.0,0.0,0.01140195249628112,1.3457832273672372
2020-09-03,0.01067313490456979,0.0,0.0,0.01067313490456979,1.3601469533052353
2020-09-04,-0.026574257215943912,0.0,0.0,-0.026574257215943912,1.3240020583166197
2020-09-07,-0.016381764444669638,0.8770791870450284,0.0013156187805675426,-0.01769738322523718,1.3005706864995876
2020-09-08,-4.3982660505433036e-05,0.0,0.0,-4.3982660505433036e-05,1.30051348394062
2020-09-09,-0.020242718225815925,0.0,0.0,-0.020242718225815925,1.2741875559363358
2020-09-10,-0.0038395239269031433,0.0,0.0,-0.0038395239269031433,1.269295282327956
2020-09-11,0.010107880086147322,0.0,0.0,0.010107880086147322,1.2821251668356395
2020-09-14,0.003706935242714991,0.8084953618841311,0.0012127430428261966,0.0024941921998887944,1.2853230334260421
2020-09-15,0.004555449490305267,0.0,0.0,0.004555449490305267,1.2911782575835404
2020-09-16,-0.00517519816649313,0.0,0.0,-0.00517519816649313,1.2844961542322784
2020-09-17,-0.005088220639292955,0.0,0.0,-0.005088220639292955,1.2779603543892213
2020-09-18,0.014546915831312457,0.0,0.0,0.014546915831312457,1.2965507361002755
2020-09-21,-0.00515710764612812,0.5650070946782699,0.0008475106420174048,-0.0060046182881455246,1.2887654438387792
2020-09-22,-0.006955430175419311,0.0,0.0,-0.006955430175419311,1.2798015257816653
2020-09-23,-3.620709333852453e-05,0.0,0.0,-3.620709333852453e-05,1.2797551878883666
2020-09-24,-0.011034987660050448,0.0,0.0,-0.011034987660050448,1.265633105182133
2020-09-25,0.0003615792176381358,0.0,0.0,0.0003615792176381358,1.2660907318101218
2020-09-28,-0.0021870052732652773,0.9749837866455363,0.0014624756799683045,-0.0036494809532335816,1.2614701577993153
2020-09-29,0.005141902738459839,0.0,0.0,0.005141902738459839,1.2679565146581888
2020-09-30,6.482322595120483e-05,0.0,0.0,6.482322595120483e-05,1.268038707689835
2020-10-09,0.018303906595936493,0.4338017893395649,0.0006507026840093474,0.017653203911927144,1.2904236535649
2020-10-12,0.020198842559829674,0.5107037331686003,0.0007660555997529005,0.019432786960076772,1.3155001815128706
2020-10-13,0.002673356123098541,0.0,0.0,0.002673356123098541,1.3190169819780553
2020-10-14,-0.0020350132885140863,0.0,0.0,-0.0020350132885140863,1.3163327648919543
2020-10-15,-0.005408277412614635,0.0,0.0,-0.005408277412614635,1.3092136721321046
2020-10-16,-0.003265857616990568,0.0,0.0,-0.003265857616990568,1.3049379666887038
2020-10-19,0.0011614835323309285,0.8661596454995217,0.0012992394682492827,-0.00013775593591835414,1.3047582037377872
2020-10-20,0.0029501929459624563,0.0,0.0,0.0029501929459624563,1.308607492186641
2020-10-21,0.00029897354706912455,0.0,0.0,0.00029897354706912455,1.3089987312103013
2020-10-22,-0.004494040783335355,0.0,0.0,-0.004494040783335355,1.303116037526908
2020-10-23,-0.006948224857060056,0.0,0.0,-0.006948224857060056,1.2940616942833298
2020-10-26,-0.006422537234786764,0.4467393372465179,0.0006701090058697768,-0.007092646240656541,1.2848833724721935
2020-10-27,0.0009452575750773341,0.0,0.0,0.0009452575750773341,1.2860979182131136
2020-10-28,0.005339002645320701,0.0,0.0,0.005339002645320701,1.2929643984005947
2020-10-29,0.008183713561610885,0.0,0.0,0.008183713561610885,1.303545648682466
2020-10-30,-0.013455498485270353,0.0,0.0,-0.013455498485270353,1.286005792181138
2020-11-02,0.006632797030897889,0.08645977678041648,0.00012968966517062471,0.006503107365727264,1.2943688259206392
2020-11-03,0.011521710502408652,0.0,0.0,0.011521710502408652,1.3092821688162393
2020-11-04,0.01397802998392271,0.0,0.0,0.01397802998392271,1.327583354229368
2020-11-05,0.008963002810396654,0.0,0.0,0.008963002810396654,1.3394824875643616
2020-11-06,-0.006170286059769882,0.0,0.0,-0.006170286059769882,1.3312174974440374
2020-11-09,0.011956530514729854,0.37907372382815785,0.0005686105857422367,0.011387919928987618,1.3463772957129974
2020-11-10,-0.0006221225128868577,0.0,0.0,-0.0006221225128868577,1.3455396840864946
2020-11-11,-0.006649501275227063,0.0,0.0,-0.006649501275227063,1.3365925162412928
2020-11-12,0.004696406711845806,0.0,0.0,0.004696406711845806,1.3428696983055712
2020-11-13,-0.009287026221599017,0.0,0.0,-0.009287026221599017,1.3303984322052167
2020-11-16,0.009776612795497044,0.03848588975581682,5.772883463372523e-05,0.009718883960863319,1.3433284201895337
2020-11-17,-0.0013488174570395147,0.0,0.0,-0.0013488174570395147,1.3415165153658448
2020-11-18,-0.00343117704538727,0.0,0.0,-0.00343117704538727,1.3369135346923136
2020-11-19,0.007554865174147148,0.0,0.0,0.007554865174147148,1.3470137361964063
2020-11-20,0.003111658426341877,0.0,0.0,0.003111658426341877,1.3512051828390403
2020-11-23,0.006281081156293804,0.02762916670390138,4.1443750055852066e-05,0.006239637406237952,1.3596362132413853
2020-11-24,-0.0036919278328474132,0.0,0.0,-0.0036919278328474132,1.3546165344631722
2020-11-25,-0.012250390585212108,0.0,0.0,-0.012250390585212108,1.3380219528228119
2020-11-26,-7.791626877425993e-05,0.0,0.0,-7.791626877425993e-05,1.33791769914471
2020-11-27,0.007621353057403879,0.0,0.0,0.007621353057403879,1.3481144422916411
2020-11-30,-0.006442488267717355,0.3935276971441231,0.0005902915457161846,-0.0070327798134335396,1.3386334502556942
2020-12-01,0.011263141561032836,0.0,0.0,0.011263141561032836,1.3537106683042581
2020-12-02,0.002639920321245186,0.0,0.0,0.002639920321245186,1.357284356606601
2020-12-03,-0.0006510150667308958,0.0,0.0,-0.0006510150667308958,1.356400744040612
2020-12-04,0.004251282263988028,0.0,0.0,0.004251282263988028,1.362167186466612
2020-12-07,-0.004699078171736659,0.027274538983347252,4.091180847502088e-05,-0.00473998998021168,1.3557105276513872
2020-12-08,-7.114613990714209e-05,0.0,0.0,-7.114613990714209e-05,1.3556140740805134
2020-12-09,-0.008588362655431885,0.0,0.0,-0.008588362655431885,1.3439715687915026
2020-12-10,-0.0005024840954580117,0.0,0.0,-0.0005024840954580117,1.343296244453437
2020-12-11,-0.004768039224821842,0.0,0.0,-0.004768039224821842,1.3368913552693273
2020-12-14,0.009499298905656548,0.4165064023013797,0.0006247596034520696,0.008874539302204477,1.3487556501444424
2020-12-15,0.0009595584155806263,0.0,0.0,0.0009595584155806263,1.3500498599791004
2020-12-16,0.003677956616957543,0.0,0.0,0.003677956616957543,1.3550152847948331
2020-12-17,0.008106043038829997,0.0,0.0,0.008106043038829997,1.3659990970116525
2020-12-18,-0.0017388787953260285,0.0,0.0,-0.0017388787953260285,1.3636237901474244
2020-12-21,0.013727777923020589,0.8003603610991826,0.001200540541648774,0.012527237381371814,1.3807062290654872
2020-12-22,-0.0069917557959462435,0.0,0.0,-0.0069917557959462435,1.3710526682859194
2020-12-23,0.004145363232189468,0.0,0.0,0.004145363232189468,1.3767361796064272
2020-12-24,-0.003717919367230199,0.0,0.0,-0.003717919367230199,1.371617585500702
2020-12-25,0.0038177471604185715,0.0,0.0,0.0038177471604185715,1.3768540746429276
2020-12-28,0.011146115920951095,0.42415190160343974,0.0006362278524051595,0.010509888068545935,1.3913246568541462
2020-12-29,-0.0065121658202011885,0.0,0.0,-0.0065121658202011885,1.3822641199789774
2020-12-30,0.013322088678493871,0.0,0.0,0.013322088678493871,1.4006787651624377
2020-12-31,0.015567488794321831,0.0,0.0,0.015567488794321831,1.4224838161435485
2021-01-04,0.018188867603344122,0.020262152712469048,3.039322906870357e-05,0.018158474374275417,1.4483139520668125
2021-01-05,0.0216616122268697,0.0,0.0,0.0216616122268697,1.479686767279249
2021-01-06,0.005626272959494908,0.0,0.0,0.005626272959494908,1.4880118889265148
2021-01-07,0.013839525055273607,0.0,0.0,0.013839525055273607,1.5086052667458583
2021-01-08,-0.009483859015084627,0.0,0.0,-0.009483859015084627,1.4942978670866265
2021-01-11,-0.011542407905666335,0.4776664603819406,0.0007164996905729109,-0.012258907596239245,1.4759794076127541
2021-01-12,0.018845033337072638,0.0,0.0,0.018845033337072638,1.5037942887540492
2021-01-13,-0.0037125215617791855,0.0,0.0,-0.0037125215617791855,1.4982114200325694
2021-01-14,-0.016598196237209057,0.0,0.0,-0.016598196237209057,1.4733438128780412
2021-01-15,-0.0042706793815623645,0.0,0.0,-0.0042706793815623645,1.4670516338344304
2021-01-18,0.007573889418939713,0.35322222258414726,0.0005298333338762209,0.007044056085063493,1.477385627822844
2021-01-19,-0.012254454565699981,0.0,0.0,-0.012254454565699981,1.4592810727706709
2021-01-20,0.0087916228847447,0.0,0.0,0.0087916228847447,1.4721105216453163
2021-01-21,0.015273876462924359,0.0,0.0,0.015273876462924359,1.4945953558926979
2021-01-22,0.0026778310843816673,0.0,0.0,0.0026778310843816673,1.4985976297952797
2021-01-25,0.012865626115443618,0.944232032926603,0.0014163480493899045,0.011449278066053713,1.515755490767935
2021-01-26,-0.019771747791310936,0.0,0.0,-0.019771747791310936,1.4857863554911765
2021-01-27,0.0008233533530880191,0.0,0.0,0.0008233533530880191,1.4870096826689425
2021-01-28,-0.01845896552022409,0.0,0.0,-0.01845896552022409,1.459561022208317
2021-01-29,-0.004013814215556213,0.0,0.0,-0.004013814215556213,1.4537026154289054
2021-02-01,0.002789608631555795,0.9847575936370638,0.0014771363904555958,0.0013124722411001991,1.4556105597584708
2021-02-02,0.004577834140207345,0.0,0.0,0.004577834140207345,1.4622741034737794
2021-02-03,-0.001483698900726308,0.0,0.0,-0.001483698900726308,1.4601045289938948
2021-02-04,0.005630236938050245,0.0,0.0,0.005630236938050245,1.4683252634464508
2021-02-05,0.007348385202713364,0.0,0.0,0.007348385202713364,1.479115083085131
2021-02-08,0.012872306995853334,0.9847575936370638,0.0014771363904555958,0.011395170605397738,1.495969851801903
2021-02-09,0.014867552296454326,0.0,0.0,0.014867552296454326,1.5182112618074868
2021-02-10,0.01797391569610384,0.0,0.0,0.01797391569610384,1.54549946303609
2021-02-18,-0.019696675964065366,0.01749198858254801,2.6237982873822013e-05,-0.01972291394693919,1.5150177101215887
2021-02-19,-0.0035446314530586916,0.0,0.0,-0.0035446314530586916,1.5096475306943506
2021-02-22,-0.028283446622833986,0.8011316475038124,0.0012016974712557185,-0.029485144094089706,1.4651353557205409
2021-02-23,0.0005386540324656081,0.0,0.0,0.0005386540324656081,1.4659245567880077
2021-02-24,-0.018052610216789854,0.0,0.0,-0.018052610216789854,1.4394607921570934
2021-02-25,0.004274785288092853,0.0,0.0,0.004274785288092853,1.4456141779741931
2021-02-26,-0.015739271467387694,0.0,0.0,-0.015739271467387694,1.4228612639899527
2021-03-01,0.012316019266397863,1.05358768035241,0.001580381520528615,0.010735637745869248,1.4381365870827785
2021-03-02,-0.010189174996881451,0.0,0.0,-0.010189174996881451,1.4234831617275743
2021-03-03,0.011012790534110549,0.0,0.0,0.011012790534110549,1.4391596836165137
2021-03-04,-0.031838251992124776,0.0,0.0,-0.031838251992124776,1.3933393549526245
2021-03-05,-0.000504446049995058,0.0,0.0,-0.000504446049995058,1.3926364904187158
2021-03-08,-0.023187269467285342,0.7098561404721677,0.0010647842107082517,-0.024252053677993594,1.3588621954991487
2021-03-09,-0.011138379615753891,0.0,0.0,-0.011138379615753891,1.3437266725201824
2021-03-10,0.008309867746406501,0.0,0.0,0.008309867746406501,1.354892863456144
2021-03-11,0.02590107345200013,0.0,0.0,0.02590107345200013,1.3899860430321125
2021-03-12,-0.0018256291147543354,0.0,0.0,-0.0018256291147543354,1.387448444042851
2021-03-15,0.0037998234926909444,0.8192129662222466,0.00122881944933337,0.0025710040433575745,1.3910155796024353
2021-03-16,-0.0010500255208294627,0.0,0.0,-0.0010500255208294627,1.3895549777439813
2021-03-17,-0.0018598327357637525,0.0,0.0,-0.0018598327357637525,1.3869706379082296
2021-03-18,0.00023935223085950978,0.0,0.0,0.00023935223085950978,1.3873026124245496
2021-03-19,-0.009888991661407567,0.0,0.0,-0.009888991661407567,1.3735835884584342
2021-03-22,0.0037170378646628377,0.6967897860929412,0.0010451846791394118,0.0026718531855234257,1.3772536021448396
2021-03-23,-0.009399742230990247,0.0,0.0,-0.009399742230990247,1.3643077732979754
2021-03-24,-0.010745406268168903,0.0,0.0,-0.010745406268168903,1.3496477319990678
2021-03-25,0.0022728333971816584,0.0,0.0,0.0022728333971816584,1.3527152564387859
2021-03-26,0.00875518002078307,0.0,0.0,0.00875518002078307,1.364558522025767
2021-03-29,0.004998551068791288,0.5206964110700532,0.0007810446166050797,0.004217506452186209,1.3703135563967963
2021-03-30,0.0011259734130845628,0.0,0.0,0.0011259734130845628,1.3718564930288886
2021-03-31,-0.0026203128834704444,0.0,0.0,-0.0026203128834704444,1.3682617997859323
2021-04-01,0.0036434950932162993,0.0,0.0,0.0036434950932162993,1.3732470549396876
2021-04-02,0.0032051357409932832,0.0,0.0,0.0032051357409932832,1.3776484981566886
2021-04-06,0.004865723721756764,0.357919169472387,0.0005368787542085805,0.004328844967548184,1.3836121249249846
2021-04-07,0.0018114148710717977,0.0,0.0,0.0018114148710717977,1.386118420503869
2021-04-08,0.0009678750691482014,0.0,0.0,0.0009678750691482014,1.3874600099659617
2021-04-09,0.00012549070337625293,0.0,0.0,0.00012549070337625293,1.387634123298519
2021-04-12,-0.0005944854986457861,0.022951596141510155,3.4427394212265235e-05,-0.0006289128928580513,1.3867614223078069
2021-04-13,-0.003827239707909456,0.0,0.0,-0.003827239707909456,1.3814539539269535
2021-04-14,0.004005232118404132,0.0,0.0,0.004005232118404132,1.386986997673318
2021-04-15,0.0028675950786063056,0.0,0.0,0.0028675950786063056,1.390964314761937
2021-04-16,0.006360755370277339,0.0,0.0,0.006360755370277339,1.3998118984969232
2021-04-19,0.0034465255768733084,0.03301220776593411,4.9518311648901167e-05,0.003397007265224407,1.404567069686065
2021-04-20,-0.0023433460121245146,0.0,0.0,-0.0023433460121245146,1.4012756830445547
2021-04-21,-0.004038712635722456,0.0,0.0,-0.004038712635722456,1.3956163332373122
2021-04-22,0.0030202598769143744,0.0,0.0,0.0030202598769143744,1.3998314572521553
2021-04-23,-0.0016962464754754702,0.0,0.0,-0.0016962464754754702,1.3974569980765317
2021-04-26,0.0015871223536021433,0.0981421211986874,0.0001472131817980311,0.0014399091718041122,1.3994692092252639
2021-04-27,0.0029918265159906447,0.0,0.0,0.0029918265159906447,1.4036561783137367
2021-04-28,0.0004046633315141901,0.0,0.0,0.0004046633315141901,1.4042241864991536
2021-04-29,0.0060725280927740365,0.0,0.0,0.0060725280927740365,1.4127513773202225
2021-04-30,-0.0017337996691226545,0.0,0.0,-0.0017337996691226545,1.410301949449672
2021-05-06,0.005713753041781028,0.047325084120831404,7.098762618124712e-05,0.00564276541559978,1.4182599525155795
2021-05-07,0.004236862318824406,0.0,0.0,0.004236862318824406,1.4242689246666904
2021-05-10,0.006292058236151271,0.030128380775126515,4.519257116268977e-05,0.0062468656649885814,1.4331661413099008
2021-05-11,-0.00859844742342883,0.0,0.0,-0.00859844742342883,1.4208431375948092
2021-05-12,0.0022510860515242144,0.0,0.0,0.0022510860515242144,1.4240415777632527
2021-05-13,-0.009670432613701265,0.0,0.0,-0.009670432613701265,1.4102704796463843
2021-05-14,0.004153454358600894,0.0,0.0,0.004153454358600894,1.4161279737168777
2021-05-17,0.001673632450108342,0.04908177420315228,7.362266130472842e-05,0.0016000097888036137,1.4183937923370233
2021-05-18,0.004742483341979038,0.0,0.0,0.004742483341979038,1.4251205012695483
2021-05-19,-0.00466458450403104,0.0,0.0,-0.00466458450403104,1.4184729062629493
2021-05-20,-0.006358330038710809,0.0,0.0,-0.006358330038710809,1.4094537873739603
2021-05-21,0.0025604738946436575,0.0,0.0,0.0025604738946436575,1.413062657002238
2021-05-24,0.0028356690282183134,0.2334485984848918,0.00035017289772733767,0.002485496130490976,1.4165748187683584
2021-05-25,0.009323595427981118,0.0,0.0,0.009323595427981118,1.4297823892720203
2021-05-26,0.0009135930543747047,0.0,0.0,0.0009135930543747047,1.4310886285321265
2021-05-27,0.0023716321890278388,0.0,0.0,0.0023716321890278388,1.4344826443889052
2021-05-28,0.0020958379666116004,0.0,0.0,0.0020958379666116004,1.4374890875774609
2021-05-31,0.004943502587493737,0.006858561303215049,1.0287841954822574e-05,0.0049332147455389145,1.4445805299408494
2021-06-01,0.003173221675638072,0.0,0.0,0.003173221675638072,1.4491645041906627
2021-06-02,-0.0049721443854706384,0.0,0.0,-0.0049721443854706384,1.4419590490375276
2021-06-03,-0.00025509324316203106,0.0,0.0,-0.00025509324316203106,1.4415912150272017
2021-06-04,-0.000111391433531878,0.0,0.0,-0.000111391433531878,1.4414306341151928
2021-06-07,-0.002246907241448386,0.4123215511067595,0.0006184823266601392,-0.002865389568108525,1.437300373813047
2021-06-08,-0.004689021318220055,0.0,0.0,-0.004689021318220055,1.430560841719552
2021-06-09,0.0028073031023485655,0.0,0.0,0.0028073031023485655,1.4345768596086095
2021-06-10,0.009895978142686971,0.0,0.0,0.009895978142686971,1.4487734008553008
2021-06-11,0.0005660671570950032,0.0,0.0,0.0005660671570950032,1.4495935038955978
2021-06-15,-0.005602028253970633,0.008729271431486385,1.3093907147229577e-05,-0.005615122161117862,1.4414538592872612
2021-06-16,-0.02027550396395301,0.0,0.0,-0.02027550396395301,1.4122276558494269
2021-06-17,0.008136277391923703,0.0,0.0,0.008136277391923703,1.423717931797964
2021-06-18,0.007406519433555378,0.0,0.0,0.007406519433555378,1.4342627263277268
2021-06-21,-0.004334849522251476,0.8278654025778002,0.0012417981038667003,-0.005576647626118177,1.4262643484997215
2021-06-22,0.010434628284173662,0.0,0.0,0.010434628284173662,1.441146886811285
2021-06-23,0.00960898707003866,0.0,0.0,0.00960898707003866,1.4549948486126811
2021-06-24,-0.001368739297520065,0.0,0.0,-0.001368739297520065,1.4530033399856959
2021-06-25,0.0073455832678416925,0.0,0.0,0.0073455832678416925,1.463676497008013
2021-06-28,-0.006354956377226319,0.6745323629989813,0.001011798544498472,-0.007366754921724791,1.4528939509698662
2021-06-29,-0.0015738376032501172,0.0,0.0,-0.0015738376032501172,1.450607331836295
2021-06-30,0.00494347445174367,0.0,0.0,0.00494347445174367,1.4577783721207398
2021-07-01,-0.004182084997553781,0.0,0.0,-0.004182084997553781,1.4516818190609353
2021-07-02,-0.007290830846950947,0.0,0.0,-0.007290830846950947,1.441097852474568
2021-07-05,0.0018202893514934555,0.6008251597543262,0.0009012377396314892,0.0009190516118619663,1.4424222957787356
2021-07-06,-0.000818876958662506,0.0,0.0,-0.000818876958662506,1.4412411293960614
2021-07-07,0.003446491686493753,0.0,0.0,0.003446491686493753,1.446208354966758
2021-07-08,-0.00598796642384254,0.0,0.0,-0.00598796642384254,1.4375485078953363
2021-07-09,0.003248980342346095,0.0,0.0,0.003248980342346095,1.4422190747386572
2021-07-12,0.014634196300343872,0.46072815467747413,0.0006910922320162112,0.01394310406832766,1.4623280853870653
2021-07-13,-0.0015193197612810823,0.0,0.0,-0.0015193197612810823,1.4601063414294604
2021-07-14,-0.003161017029320513,0.0,0.0,-0.003161017029320513,1.455490920419583
2021-07-15,0.0071801601927812524,0.0,0.0,0.0071801601927812524,1.4659415783873342
2021-07-16,-0.008816530335362205,0.0,0.0,-0.008816530335362205,1.4530170599916135
2021-07-19,-0.0034391872998596256,1.0302318091011209,0.0015453477136516812,-0.004984535013511307,1.445774445580856
2021-07-20,-0.0013100691319797683,0.0,0.0,-0.0013100691319797683,1.4438803811078955
2021-07-21,0.005268622180729376,0.0,0.0,0.005268622180729376,1.4514876413101205
2021-07-22,0.0056458442646094755,0.0,0.0,0.0056458442646094755,1.4596825144849628
2021-07-23,-0.0008022360461904502,0.0,0.0,-0.0008022360461904502,1.458511504555849
2021-07-26,0.0002980867506361109,0.6726295071662908,0.0010089442607494363,-0.0007108575101133253,1.4574747106992487
2021-07-27,-0.008811235770520055,0.0,0.0,-0.008811235770520055,1.444632557393707
2021-07-28,-0.006739169877233973,0.0,0.0,-0.006739169877233973,1.4348969331792478
2021-07-29,0.006696815093726295,0.0,0.0,0.006696815093726295,1.4445061726193043
2021-07-30,-0.0013247652928206452,0.0,0.0,-0.0013247652928206452,1.442592540976553
2021-08-02,0.002119390356222049,0.652902831666347,0.0009793542474995204,0.0011400361087225285,1.4442371485634402
2021-08-03,-0.009577206736315064,0.0,0.0,-0.009577206736315064,1.430405390815382
2021-08-04,0.005083830002239731,0.0,0.0,0.005083830002239731,1.4376773286565747
2021-08-05,-0.002642698239970913,0.0,0.0,-0.002642698239970913,1.433877981310488
2021-08-06,0.0054031011378408555,0.0,0.0,0.0054031011378408555,1.4416253690628316
2021-08-09,-0.002870079223111011,0.4613151700252028,0.0006919727550378042,-0.0035620519781488155,1.4364902245652118
2021-08-10,0.0015028042514187371,0.0,0.0,0.0015028042514187371,1.4386489881818099
2021-08-11,0.0015672238286645289,0.0,0.0,0.0015672238286645289,1.4409036731571725
2021-08-12,0.001789790216050015,0.0,0.0,0.001789790216050015,1.4434825884536597
2021-08-13,-0.00200030526277339,0.0,0.0,-0.00200030526277339,1.440595182635254
2021-08-16,-0.002482507621576194,0.2907761597462713,0.00043616423961940695,-0.002918671861195601,1.4363905580123226
2021-08-17,-0.006157472742003393,0.0,0.0,-0.006157472742003393,1.4275460223044907
2021-08-18,0.0005715522314416045,0.0,0.0,0.0005715522314416045,1.4283619394190243
2021-08-19,-0.007152842892256175,0.0,0.0,-0.007152842892256175,1.4181450908730817
2021-08-20,0.0023117253326879117,0.0,0.0,0.0023117253326879117,1.42142345280508
2021-08-23,0.012658386562256239,0.33483474544970027,0.0005022521181745505,0.012156134444081689,1.4387024673993494
2021-08-24,0.00675542491936727,0.0,0.0,0.00675542491936727,1.4484215138991743
2021-08-25,0.0035209733618392887,0.0,0.0,0.0035209733618392887,1.4535213674663283
2021-08-26,0.001457871398959705,0.0,0.0,0.001457871398959705,1.4556404146957342
2021-08-27,0.0012090297365633792,0.0,0.0,0.0012090297365633792,1.4574003272428449
2021-08-30,0.009090235510353937,0.7754024312310875,0.0011631036468466313,0.007927131863507304,1.4689533318148176
2021-08-31,0.013445930146852744,0.0,0.0,0.013445930146852744,1.4887047757033862
2021-09-01,-0.013253436284321497,0.0,0.0,-0.013253436284321497,1.4689743218124363
2021-09-02,0.006995397080271096,0.0,0.0,0.006995397080271096,1.4792503804942363
2021-09-03,-0.007510493534222862,0.0,0.0,-0.007510493534222862,1.4681404800760376
2021-09-06,0.004311547318283701,0.4659696379750379,0.0006989544569625569,0.003612592861321144,1.4734442738937767
2021-09-07,0.009059575288330315,0.0,0.0,0.009059575288330315,1.4867930532262765
2021-09-08,0.0032682437984382436,0.0,0.0,0.0032682437984382436,1.4916522554020442
2021-09-09,0.006468714751622779,0.0,0.0,0.006468714751622779,1.5013013283508547
2021-09-10,-0.00713603842361801,0.0,0.0,-0.00713603842361801,1.4905879843863143
2021-09-13,0.011888294083642831,0.8008739098800357,0.0012013108648200536,0.010686983218822778,1.5065178731616298
2021-09-14,-0.012865548297179601,0.0,0.0,-0.012865548297179601,1.4871356947039045
2021-09-15,0.002793291106797982,0.0,0.0,0.002793291106797982,1.491289697614523
2021-09-16,-0.011752173258979266,0.0,0.0,-0.011752173258979266,1.4737638027088262
2021-09-17,-0.014872982510453945,0.0,0.0,-0.014872982510453945,1.4518445394465977
2021-09-22,-0.004219281375492217,1.0579415707406628,0.001586912356110994,-0.0058061937316032115,1.4434148487824006
2021-09-23,0.001972915553250515,0.0,0.0,0.001972915553250515,1.446262584387356
2021-09-24,-0.010551887162190406,0.0,0.0,-0.010551887162190406,1.4310017847900027
2021-09-27,-0.027185305051325853,1.144796845300936,0.0017171952679514043,-0.02890250031927726,1.3896422552482235
2021-09-28,0.0015101487077591655,0.0,0.0,0.0015101487077591655,1.391740821704234
2021-09-29,-0.02144378085873152,0.0,0.0,-0.02144378085873152,1.3618966365114573
2021-09-30,0.010598852816983258,0.0,0.0,0.010598852816983258,1.3763311785137868
2021-10-08,-0.006805986371982309,0.4054936317854122,0.0006082404476781183,-0.007414226819660427,1.366126746977315
2021-10-11,0.008871121883157852,0.5760422383353789,0.0008640633575030684,0.008007058525654783,1.377065403793825
2021-10-12,-0.01009952251577553,0.0,0.0,-0.01009952251577553,1.3631577007425137
2021-10-13,-0.0032253713852560787,0.0,0.0,-0.0032253713852560787,1.3587610109009474
2021-10-14,0.012484696884167543,0.0,0.0,0.012484696884167543,1.3757247302600708
2021-10-15,0.007888262058343604,0.0,0.0,0.007888262058343604,1.3865768074525062
2021-10-18,0.018221514621462365,0.6146930255563039,0.0009220395383344558,0.01729947508312791,1.410563858383874
2021-10-19,0.0010272804357812032,0.0,0.0,0.0010272804357812032,1.4120129030390116
2021-10-20,-0.016993071084075904,0.0,0.0,-0.016993071084075904,1.3880184674060374
2021-10-21,0.004554128249873328,0.0,0.0,0.004554128249873328,1.394339681519797
2021-10-22,-0.00944489288978966,0.0,0.0,-0.00944489288978966,1.381170292575859
2021-10-25,0.004702160386271558,0.06658769171791523,9.988153757687284e-05,0.004602278848694684,1.3875268233998264
2021-10-26,0.0025709047417992862,0.0,0.0,0.0025709047417992862,1.3910940226894786
2021-10-27,-0.009897488563375563,0.0,0.0,-0.009897488563375563,1.3773256855093294
2021-10-28,-0.01643411930576802,0.0,0.0,-0.01643411930576802,1.3546905508707705
2021-10-29,0.00014808277492333428,0.0,0.0,0.00014808277492333428,1.354891157206706
2021-11-01,0.006940078132471062,0.6424821383960675,0.0009637232075941013,0.00597635492487696,1.3629884676467505
2021-11-02,-0.00412246913080803,0.0,0.0,-0.00412246913080803,1.3573695897632294
2021-11-03,0.0027799480932856934,0.0,0.0,0.0027799480932856934,1.3611430067661758
2021-11-04,0.002856197590626797,0.0,0.0,0.002856197590626797,1.3650307001425999
2021-11-05,-0.006293910326983913,0.0,0.0,-0.006293910326983913,1.3564393193223223
2021-11-08,-0.000461233905962431,1.1981819679544528,0.001797272951931679,-0.00225850685789411,1.3533757918173157
2021-11-09,0.006016810899833186,0.0,0.0,0.006016810899833186,1.3615187980330923
2021-11-10,-0.004698174653757459,0.0,0.0,-0.004698174653757459,1.3551221449255588
2021-11-11,-0.001212766236703718,0.0,0.0,-0.001212766236703718,1.3534786985415836
2021-11-12,0.0046511471563961525,0.0,0.0,0.0046511471563961525,1.359773927141548
2021-11-15,-0.001680197607776451,1.1044536583704847,0.0016566804875557271,-0.003336878095332178,1.3552365273094655
2021-11-16,-0.005375639327620577,0.0,0.0,-0.005375639327620577,1.347951264535033
2021-11-17,0.005506493882328594,0.0,0.0,0.005506493882328594,1.355373749926872
2021-11-18,-0.0027213113958573904,0.0,0.0,-0.0027213113958573904,1.3516853558955502
2021-11-19,0.005470745904628405,0.0,0.0,0.005470745904628405,1.359080083020662
2021-11-22,0.007996445450949916,0.5776291457816201,0.0008664437186724301,0.007130001732277486,1.368770326366903
2021-11-23,-0.005711732565936816,0.0,0.0,-0.005711732565936816,1.3609522763185053
2021-11-24,-0.0005403412500208941,0.0,0.0,-0.0005403412500208941,1.3602168976643005
2021-11-25,0.0028625750637941818,0.0,0.0,0.0028625750637941818,1.364110620636906
2021-11-26,-0.007116770939166494,0.0,0.0,-0.007116770939166494,1.354402557814149
2021-11-29,0.003510381346227486,0.8223708542183799,0.0012335562813275698,0.002276825064899916,1.3574862955057447
2021-11-30,-0.00019433370451918064,0.0,0.0,-0.00019433370451918064,1.357222490165105
2021-12-01,-0.002410527786887639,0.0,0.0,-0.002410527786887639,1.3539508676395733
2021-12-02,-0.008122638109274653,0.0,0.0,-0.008122638109274653,1.3429532147239986
2021-12-03,4.5187965055577145e-05,0.0,0.0,4.5187965055577145e-05,1.343013900046937
2021-12-06,-0.012310990880353643,0.34455188967670247,0.0005168278345150537,-0.012827818714868697,1.325785961205586
2021-12-07,-0.0030212444341588805,0.0,0.0,-0.0030212444341588805,1.3217804377494078
2021-12-08,0.012910923912191615,0.0,0.0,0.012910923912191615,1.3388458444098137
2021-12-09,0.003408923244918067,0.0,0.0,0.003408923244918067,1.3434098671301844
2021-12-10,0.0005997864607523117,0.0,0.0,0.0005997864607523117,1.3442156261797302
2021-12-13,0.0048227935598446495,0.4836932682836051,0.0007255399024254077,0.004097253657419242,1.3497232185704553
2021-12-14,-0.0030945838896440227,0.0,0.0,-0.0030945838896440227,1.3455463868427886
2021-12-15,-0.005548427453589707,0.0,0.0,-0.005548427453589707,1.3380807203299516
2021-12-16,0.007606878774798051,0.0,0.0,0.007606878774798051,1.348259338160396
2021-12-17,-0.01253693643930092,0.0,0.0,-0.01253693643930092,1.3313562965341852
2021-12-20,-0.016274706435518982,0.30166203669506364,0.0004524930550425955,-0.016727199490561576,1.3090864341690427
2021-12-21,0.0041770646491678595,0.0,0.0,0.0041770646491678595,1.3145545728359154
2021-12-22,0.0036664622244742436,0.0,0.0,0.0036664622244742436,1.3193743375192282
2021-12-23,0.002823517940829713,0.0,0.0,0.002823517940829713,1.323099614631884
2021-12-24,-0.008244845696465147,0.0,0.0,-0.008244845696465147,1.3121908624681917
2021-12-27,-0.0017095732952663247,0.96641794151564,0.00144962691227346,-0.003159200207539785,1.3080453888231505
2021-12-28,0.005858591161107023,0.0,0.0,0.005858591161107023,1.3157086919764367
2021-12-29,-0.0015378473111512612,0.0,0.0,-0.0015378473111512612,1.3136853329022224
2021-12-30,0.0025695250714503097,0.0,0.0,0.0025695250714503097,1.3170608803011112
2021-12-31,0.0008055758631581511,0.0,0.0,0.0008055758631581511,1.3181218727565918
2022-01-04,-0.0004025662716354997,1.0054697153822392,0.001508204573073359,-0.0019107708447088586,1.3156032439123555
2022-01-05,-0.014879011303058017,0.0,0.0,-0.014879011303058017,1.2960283683758438
2022-01-06,-0.003946706300611599,0.0,0.0,-0.003946706300611599,1.2909133250486036
2022-01-07,-0.004029874868164421,0.0,0.0,-0.004029874868164421,1.2857111058830117
2022-01-10,0.0021722791210192533,1.069619345567192,0.0016044290183507882,0.000567850102668465,1.2864411970664893
2022-01-11,-2.81406610901471e-05,0.0,0.0,-2.81406610901471e-05,1.2864049957607502
2022-01-12,-0.0006846956032978381,0.0,0.0,-0.0006846956032978381,1.2855241999160925
2022-01-13,-0.003191765613491776,0.0,0.0,-0.003191765613491776,1.2814211079794888
2022-01-14,-0.007841162042759347,0.0,0.0,-0.007841162042759347,1.2713732774268094
2022-01-17,0.0016742400853885973,0.42578711196956265,0.000638680667954344,0.001035559417434253,1.272689859997323
2022-01-18,0.0026387158251879954,0.0,0.0,0.0026387158251879954,1.2760481268714543
2022-01-19,-0.002133868599236243,0.0,0.0,-0.002133868599236243,1.273325207842409
2022-01-20,0.0013646959100404087,0.0,0.0,0.0013646959100404087,1.275062909545703
2022-01-21,-0.0077593101923624395,0.0,0.0,-0.0077593101923624395,1.2651693009157616
2022-01-24,-0.002555433740123536,0.6532682597166297,0.0009799023895749447,-0.0035353361296984807,1.2606965021760488
2022-01-25,-0.017194394623757065,0.0,0.0,-0.017194394623757065,1.2390195890168436
2022-01-26,0.006097751419470659,0.0,0.0,0.006097751419470659,1.246574822474523
2022-01-27,-0.0025967057193013385,0.0,0.0,-0.0025967057193013385,1.2433378345034662
2022-01-28,0.000859391951171282,0.0,0.0,0.000859391951171282,1.244406349031025
2022-02-07,0.015408524852885346,0.44870487697724254,0.0006730573154658638,0.014735467537419483,1.2627432583905303
2022-02-08,0.007901744729766243,0.0,0.0,0.007901744729766243,1.2727211332775654
2022-02-09,-0.002438193844958655,0.0,0.0,-0.002438193844958655,1.2696179924440592
2022-02-10,0.009692674414232962,0.0,0.0,0.009692674414232962,1.2819239862752714
2022-02-11,-0.00716392838881101,0.0,0.0,-0.00716392838881101,1.2727403746376962
2022-02-14,-0.00305376730977054,0.019826044502269602,2.9739066753404404e-05,-0.0030835063765239446,1.2688158715768414
2022-02-15,-0.003335062600103065,0.0,0.0,-0.003335062600103065,1.2645842912171283
2022-02-16,0.0010121556994503378,0.0,0.0,0.0010121556994503378,1.265864247414919
2022-02-17,-0.00470256866737984,0.0,0.0,-0.00470256866737984,1.2599114338678694
2022-02-18,0.00905235758580035,0.0,0.0,0.00905235758580035,1.2713166026936797
2022-02-21,0.00258508672319821,0.22262609675766176,0.0003339391451364926,0.002251147578061717,1.2741785239847834
2022-02-22,-0.0028720346899893954,0.0,0.0,-0.0028720346899893954,1.2705190390626595
2022-02-23,-0.0019047523736583057,0.0,0.0,-0.0019047523736583057,1.2680990149072269
2022-02-24,-0.006956280489301253,0.0,0.0,-0.006956280489301253,1.2592777624713256
2022-02-25,-0.004963864931063292,0.0,0.0,-0.004963864931063292,1.2530268777477265
2022-02-28,0.00200485360921859,0.42998267936280055,0.0006449740190442008,0.0013598795901743894,1.2547308434247155
2022-03-01,0.005745266471623013,0.0,0.0,0.005745266471623013,1.261939606470355
2022-03-02,0.005270505751993334,0.0,0.0,0.005270505751993334,1.2685906664249251
2022-03-03,0.011708238858198581,0.0,0.0,0.011708238858198581,1.2834436289607094
2022-03-04,-0.003532493936866846,0.0,0.0,-0.003532493936866846,1.2789098721230954
2022-03-07,0.018135588672670722,0.6014958823303016,0.0009022438234954524,0.01723334484917527,1.3009497669804073
2022-03-08,0.00791236956235653,0.0,0.0,0.00791236956235653,1.311243362318818
2022-03-09,-0.004189137685170606,0.0,0.0,-0.004189137685170606,1.3057503833352984
2022-03-10,-0.019754170474338854,0.0,0.0,-0.019754170474338854,1.2799563676659595
2022-03-11,0.001335994722223444,0.0,0.0,0.001335994722223444,1.2816663826178374
2022-03-14,-0.012241445192782233,0.5260253329576683,0.0007890379994365024,-0.013030483192218735,1.2649656503611038
2022-03-15,-0.025235160585477937,0.0,0.0,-0.025235160585477937,1.2330440390391277
2022-03-16,0.008691707749062978,0.0,0.0,0.008691707749062978,1.24376129746818
2022-03-17,0.006810875605565584,0.0,0.0,0.006810875605565584,1.2522324009482526
2022-03-18,0.012604960000978566,0.0,0.0,0.012604960000978566,1.2680167402741347
2022-03-21,-0.0018292586482225376,0.5780441749433434,0.0008670662624150151,-0.0026963249106375527,1.264597755150228
2022-03-22,0.00516231416109466,0.0,0.0,0.00516231416109466,1.2711260060497285
2022-03-23,-0.001355714878809971,0.0,0.0,-0.001355714878809971,1.2694027216104846
2022-03-24,0.008553027011437741,0.0,0.0,0.008553027011437741,1.2802599573768116
2022-03-25,0.004968911545924621,0.0,0.0,0.004968911545924621,1.2866214558608062
2022-03-28,-0.0035749956530068674,0.9531593387037091,0.0014297390080555636,-0.005004734661062431,1.280182256864993
2022-03-29,-0.0020399163920779917,0.0,0.0,-0.0020399163920779917,1.2775707920943666
2022-03-30,0.0010982421006490424,0.0,0.0,0.0010982421006490424,1.2789738741248042
2022-03-31,-0.0010564740191692042,0.0,0.0,-0.0010564740191692042,1.2776226714555952
2022-04-01,0.0008272358152317484,0.0,0.0,0.0008272358152317484,1.2786795666877753
2022-04-06,0.0018631924834543213,0.6920789765309865,0.0010381184647964797,0.0008250740186578416,1.2797345719764381
2022-04-07,-0.003630370520249706,0.0,0.0,-0.003630370520249706,1.2750886613125905
2022-04-08,0.00424870814372282,0.0,0.0,0.00424870814372282,1.2805061408918779
2022-04-11,-0.0047686810991117625,0.5465773165745681,0.0008198659748618521,-0.005588547073973615,1.2733499720449912
2022-04-12,0.0021173469116910404,0.0,0.0,0.0021173469116910404,1.2760460956758026
2022-04-13,0.00779635069006422,0.0,0.0,0.00779635069006422,1.2859945985343784
2022-04-14,0.01005641851338482,0.0,0.0,0.01005641851338482,1.2989270984231924
2022-04-15,-0.002255828733601538,0.0,0.0,-0.002255828733601538,1.2959969413517158
2022-04-18,-0.003998553401228952,0.4109220053090638,0.0006163830079635957,-0.004614936409192548,1.2900159978808696
2022-04-19,0.0016458616935681456,0.0,0.0,0.0016458616935681456,1.292139185795872
2022-04-20,-0.01407826185060014,0.0,0.0,-0.01407826185060014,1.2739481119908165
2022-04-21,0.0009002883676255927,0.0,0.0,0.0009002883676255927,1.2750950326570005
2022-04-22,0.003132680972889131,0.0,0.0,0.003132680972889131,1.2790894986044306
2022-04-25,-0.014736411076455055,0.41101346782647113,0.0006165202017397067,-0.015352931278194763,1.259451725433696
2022-04-26,-0.009357677259857398,0.0,0.0,-0.009357677259857398,1.2476661826627171
2022-04-27,0.005973136190697676,0.0,0.0,0.005973136190697676,1.2551186626922892
2022-04-28,0.006118710044785521,0.0,0.0,0.006118710044785521,1.2627983698611023
2022-04-29,0.00839817224275203,0.0,0.0,0.00839817224275203,1.2734035680790623
2022-05-05,-0.0007563303668637087,0.420578514349904,0.0006308677715248561,-0.0013871981383885648,1.2716371050200057
2022-05-06,-0.0069937764901174815,0.0,0.0,-0.0069937764901174815,1.2627435593309557
2022-05-09,0.00304223159924134,0.005711351384974139,8.567027077461209e-06,0.003033664572163879,1.266574299730626
2022-05-10,-0.00238900291122407,0.0,0.0,-0.00238900291122407,1.263548450041288
2022-05-11,-0.0006200352000208906,0.0,0.0,-0.0006200352000208906,1.2627650055253306
2022-05-12,0.0010101143609773824,0.0,0.0,0.0010101143609773824,1.2640405425919512
2022-05-13,0.0014479347667571132,0.0,0.0,0.0014479347667571132,1.2658707908401605
2022-05-16,-0.003656419704407353,0.3283331055441395,0.0004924996583162092,-0.004148919362723562,1.2606187950053376
2022-05-17,0.0012969740236057814,0.0,0.0,0.0012969740236057814,1.2622537848361286
2022-05-18,-0.007150265145472297,0.0,0.0,-0.007150265145472297,1.2532283355936742
2022-05-19,0.0029767610579787187,0.0,0.0,0.0029767610579787187,1.2569588968998249
2022-05-20,0.0036442602107466383,0.0,0.0,0.0036442602107466383,1.261539582194341
2022-05-23,0.0006704156237776213,0.014242670116877229,2.136400517531584e-05,0.0006490516186023054,1.262358386502095
2022-05-24,-0.004565567706843542,0.0,0.0,-0.004565567706843542,1.2565950038182179
2022-05-25,0.004129777494039822,0.0,0.0,0.004129777494039822,1.2617844615841094
2022-05-26,0.0037424161730753762,0.0,0.0,0.0037424161730753762,1.266506584160077
2022-05-27,0.0015780244933007192,0.0,0.0,0.0015780244933007192,1.2685051625708084
2022-05-30,-0.0046238350671492755,0.6909520670913827,0.001036428100637074,-0.0056602631677863495,1.261325089520962
2022-05-31,-0.0010497623185058691,0.0,0.0,-0.0010497623185058691,1.2600009979705968
2022-06-01,-0.0011699624628866306,0.0,0.0,-0.0011699624628866306,1.2585268440997717
2022-06-02,-0.000904322402175012,0.0,0.0,-0.000904322402175012,1.2573887300809137
2022-06-06,0.0025103387592197704,0.404478263419319,0.0006067173951289785,0.001903621364090792,1.2597823221304627
2022-06-07,-0.0013681278824814501,0.0,0.0,-0.0013681278824814501,1.2580587788096989
2022-06-08,0.0068931294141462785,0.0,0.0,0.0068931294141462785,1.266730740782637
2022-06-09,0.0010219199439085714,0.0,0.0,0.0010219199439085714,1.2680252381902049
2022-06-10,0.001446038403586087,0.0,0.0,0.001446038403586087,1.2698588513813445
2022-06-13,-0.004474904030136414,0.8435303435032167,0.001265295515254825,-0.005740199545391239,1.2625696081799342
2022-06-14,0.006696045544276999,0.0,0.0,0.006696045544276999,1.2710238317791271
2022-06-15,-0.0028925918301392134,0.0,0.0,-0.0028925918301392134,1.2673472786274105
2022-06-16,-0.011405817388782857,0.0,0.0,-0.011405817388782857,1.2528921469992154
2022-06-17,0.0011850024932082478,0.0,0.0,0.0011850024932082478,1.2543768273171305
2022-06-20,-0.011409938204262485,0.02187441043102066,3.281161564653099e-05,-0.011442749819909016,1.2400233071022493
2022-06-21,-0.0012050797720875863,0.0,0.0,-0.0012050797720875863,1.238528980097943
2022-06-22,-0.007135783201575921,0.0,0.0,-0.007135783201575921,1.2296911058070952
2022-06-23,0.008222130631566262,0.0,0.0,0.008222130631566262,1.2398017867155162
2022-06-24,0.0008852642584045888,0.0,0.0,0.0008852642584045888,1.2408993389248015
2022-06-27,0.003851060267560832,0.8221038476542947,0.001233155771481442,0.00261790449607939,1.2441478948833549
2022-06-28,0.004870492845838569,0.0,0.0,0.004870492845838569,1.2502075083045492
2022-06-29,-0.008827619618768308,0.0,0.0,-0.008827619618768308,1.2391711519767086
2022-06-30,0.0052271920765906855,0.0,0.0,0.0052271920765906855,1.245648537603861
2022-07-01,-0.003349539463463,0.0,0.0,-0.003349539463463,1.241476188669552
2022-07-04,0.005574897690913605,0.9953957561658678,0.0014930936342488017,0.004081804056664803,1.2465436512127162
2022-07-05,0.005526726494200545,0.0,0.0,0.005526726494200545,1.253432957036051
2022-07-06,-0.014597586406439786,0.0,0.0,-0.014597586406439786,1.235135861141038
2022-07-07,0.006333744319597266,0.0,0.0,0.006333744319597266,1.2429588958854707
2022-07-08,-0.00520502581931616,0.0,0.0,-0.00520502581931616,1.2364892627400381
2022-07-11,-0.01499292834905998,0.9183565178087408,0.0013775347767131113,-0.01637046312577309,1.216247360858938
2022-07-12,-0.003246597314620321,0.0,0.0,-0.003246597314620321,1.2122986954432593
2022-07-13,0.0033337846794606668,0.0,0.0,0.0033337846794606668,1.2163402382610584
2022-07-14,0.0014199950345847086,0.0,0.0,0.0014199950345847086,1.2180674353597547
2022-07-15,-0.009717470713892866,0.0,0.0,-0.009717470713892866,1.2062309007290997
2022-07-18,0.00022477888431672157,1.1029931595403024,0.0016544897393104534,-0.001429710854993732,1.2045063393166984
2022-07-19,-0.002812108195878514,0.0,0.0,-0.002812108195878514,1.2011191371679182
2022-07-20,0.0009020100707442121,0.0,0.0,0.0009020100707442121,1.2022025587258072
2022-07-21,-0.0013682204926757692,0.0,0.0,-0.0013682204926757692,1.2005576805486111
2022-07-22,0.001545973031253601,0.0,0.0,0.001545973031253601,1.2024137103452037
2022-07-25,-0.004381874587323239,0.5999999999999999,0.0008999999999999999,-0.005281874587323238,1.1960627119250824
2022-07-26,0.003934325153645282,0.0,0.0,0.003934325153645282,1.2007684115379464
2022-07-27,0.003244331487147265,0.0,0.0,0.003244331487147265,1.2046641023042708
2022-07-28,0.0005564383215611042,0.0,0.0,0.0005564383215611042,1.2053344235754018
2022-07-29,-0.0008460009228311345,0.0,0.0,-0.0008460009228311345,1.2043147095407367
2022-08-01,0.005309716285252738,1.126692623138425,0.0016900389347076377,0.0036196773505451003,1.2086739402177895
2022-08-02,-0.018370175753423267,0.0,0.0,-0.018370175753423267,1.186470387507406
2022-08-03,-0.009245244862871349,0.0,0.0,-0.009245244862871349,1.1755011782523541
2022-08-04,0.004162718418629815,0.0,0.0,0.004162718418629815,1.1803944586581863
2022-08-05,0.013249200364382683,0.0,0.0,0.013249200364382683,1.1960337413499555
2022-08-08,0.0049983957604337005,0.007326910268477024,1.0990365402715536e-05,0.004987405395030985,1.2019988464842033
2022-08-09,0.006370318209076323,0.0,0.0,0.006370318209076323,1.2096559616232505
2022-08-10,0.00036695136047859664,0.0,0.0,0.00036695136047859664,1.2100998465240793
2022-08-11,0.005930020592886014,0.0,0.0,0.005930020592886014,1.2172757635334153
2022-08-12,-0.0055031173262044845,0.0,0.0,-0.0055031173262044845,1.2105769521883458
2022-08-15,0.00879587410401696,0.032568064317141515,4.885209647571227e-05,0.008747022007541247,1.2211658954309594
2022-08-16,0.0023048845690346854,0.0,0.0,0.0023048845690346854,1.2239805418595697
2022-08-17,-0.000851091726878345,0.0,0.0,-0.000851091726878345,1.222938822146533
2022-08-18,0.0025443221088040247,0.0,0.0,0.0025443221088040247,1.226050372429435
2022-08-19,-0.012416407643980679,0.0,0.0,-0.012416407643980679,1.2108272312132968
2022-08-22,0.0032443860560722342,0.4938478207810325,0.0007407717311715487,0.0025036143249006857,1.2138586756143421
2022-08-23,0.004269859391006381,0.0,0.0,0.004269859391006381,1.2190416814797687
2022-08-24,-0.02004424666446186,0.0,0.0,-0.02004424666446186,1.1946069093219278
2022-08-25,0.0008699835206212171,0.0,0.0,0.0008699835206212171,1.1956461976466581
2022-08-26,-0.003997149001830327,0.0,0.0,-0.003997149001830327,1.1908670216411925
2022-08-29,-0.004306391311502618,0.8549927905979071,0.0012824891858968608,-0.0055888804973994784,1.1842114081689459
2022-08-30,-0.004241705596629487,0.0,0.0,-0.004241705596629487,1.1791883320113232
2022-08-31,-0.010332272727765953,0.0,0.0,-0.010332272727765953,1.1670046365675828
2022-09-01,0.0024191428433622967,0.0,0.0,0.0024191428433622967,1.1698277874823058
2022-09-02,-0.0014730214261564414,0.0,0.0,-0.0014730214261564414,1.168104606086431
2022-09-05,0.010732140481813403,0.7889003828954585,0.0011833505743431877,0.009548789907470216,1.1792585915598988
2022-09-06,0.007602980994718949,0.0,0.0,0.007602980994718949,1.1882244722193875
2022-09-07,-8.048569399972567e-06,0.0,0.0,-8.048569399972567e-06,1.1882149087122602
2022-09-08,-0.0019151247134373125,0.0,0.0,-0.0019151247134373125,1.1859393289757107
2022-09-09,0.0055704402205655834,0.0,0.0,0.0055704402205655834,1.1925455331129877
2022-09-13,-0.0027053975659083835,0.539414568938767,0.0008091218534081506,-0.003514519419316534,1.188354308678443
2022-09-14,-0.006031465930496199,0.0,0.0,-0.006031465930496199,1.1811867901522906
2022-09-15,0.0009946481303261677,0.0,0.0,0.0009946481303261677,1.1823616553846816
2022-09-16,-0.015019150328199005,0.0,0.0,-0.015019150328199005,1.1646035879401608
2022-09-19,0.0002466871717884682,0.9074847936712149,0.0013612271905068226,-0.0011145400187183544,1.1633055906354586
2022-09-20,0.0002036784043171311,0.0,0.0,0.0002036784043171311,1.1635425308618923
2022-09-21,0.004425060307026708,0.0,0.0,0.004425060307026708,1.1686912767307465
2022-09-22,0.002680262698037666,0.0,0.0,0.002680262698037666,1.1718236763652898
2022-09-23,-0.005181029454070047,0.0,0.0,-0.005181029454070047,1.1657524233830645
2022-09-26,-0.009246834892672987,0.587206512551594,0.0008808097688273909,-0.010127644661500377,1.1539460970757578
2022-09-27,0.002537903105544913,0.0,0.0,0.002537903105544913,1.1568747004591577
2022-09-28,-0.00224623605828858,0.0,0.0,-0.00224623605828858,1.1542760867920647
2022-09-29,0.002003987980618302,0.0,0.0,0.002003987980618302,1.1565892421963113
2022-09-30,0.002258426272291881,0.0,0.0,0.002258426272291881,1.1592013137271375
2022-10-10,0.005668068145161209,0.9789596072391739,0.0014684394108587608,0.004199628734302447,1.164069528873107
2022-10-11,-0.0018557715645441835,0.0,0.0,-0.0018557715645441835,1.161909281742272
2022-10-12,0.002195931446782367,0.0,0.0,0.002195931446782367,1.1644607548723582
2022-10-13,-0.0035350369923830434,0.0,0.0,-0.0035350369923830434,1.1603443430277063
2022-10-14,0.00040962181527654065,0.0,0.0,0.00040962181527654065,1.160819645383843
2022-10-17,-0.004263548111021636,0.4306643091360003,0.0006459964637040005,-0.004909544574725637,1.155120549591614
2022-10-18,0.0008522680940295704,0.0,0.0,0.0008522680940295704,1.1561050219807887
2022-10-19,-0.0022151755134375206,0.0,0.0,-0.0022151755134375206,1.1535440464451348
2022-10-20,-0.005225610614192911,0.0,0.0,-0.005225610614192911,1.147516074432092
2022-10-21,0.0005229559158421114,0.0,0.0,0.0005229559158421114,1.1481161747517403
2022-10-24,-0.009164035742041622,0.8244319803504637,0.0012366479705256954,-0.010400683712567317,1.1361749815528648
2022-10-25,-0.0041457472245190604,0.0,0.0,-0.0041457472245190604,1.131464687276524
2022-10-26,-0.0033030738584180616,0.0,0.0,-0.0033030738584180616,1.1277273758462576
2022-10-27,0.0017477632492960953,0.0,0.0,0.0017477632492960953,1.129698376308987
2022-10-28,-0.006457833320246075,0.0,0.0,-0.006457833320246075,1.122402972492631
2022-10-31,0.0015234897412810741,1.0335135932492223,0.0015502703898738336,-2.678064859275948e-05,1.1223729138130452
2022-11-01,-0.0009993218757848588,0.0,0.0,-0.0009993218757848588,1.1212513020074835
2022-11-02,0.0008999949012451242,0.0,0.0,0.0008999949012451242,1.1222604224623047
2022-11-03,-0.0008937376839555502,0.0,0.0,-0.0008937376839555502,1.1212574160315383
2022-11-04,0.0007444441147708991,0.0,0.0,0.0007444441147708991,1.122092129516046
2022-11-07,0.00178304161015869,0.6351845091189445,0.0009527767636784167,0.0008302648464802733,1.1230237631656952
2022-11-08,0.0020558246137165883,0.0,0.0,0.0020558246137165883,1.1253325030597998
2022-11-09,0.007551441763823448,0.0,0.0,0.007551441763823448,1.1338303859215935
2022-11-10,-0.00031030880300306673,0.0,0.0,-0.00031030880300306673,1.1334785483717296
2022-11-11,0.00261182858279526,0.0,0.0,0.00261182858279526,1.136439000042352
2022-11-14,-0.006438540702017865,0.979424181235585,0.0014691362718533775,-0.007907676973871243,1.1274524075295078
2022-11-15,0.00276687773542287,0.0,0.0,0.00276687773542287,1.1305719304936501
2022-11-16,0.0027673908538844447,0.0,0.0,0.0027673908538844447,1.1337006649137569
2022-11-17,-0.004198543684451613,0.0,0.0,-0.004198543684451613,1.1289407731470247
2022-11-18,-0.002269541305671883,0.0,0.0,-0.002269541305671883,1.1263785954307104
2022-11-21,-0.004985200923775769,0.5834691534414747,0.0008752037301622121,-0.0058604046539379815,1.1197775610679521
2022-11-22,-0.00538253384970441,0.0,0.0,-0.00538253384970441,1.1137503204413643
2022-11-23,-0.0011536056644537952,0.0,0.0,-0.0011536056644537952,1.112465491762916
2022-11-24,0.00041720909801705236,0.0,0.0,0.00041720909801705236,1.1129296224873095
2022-11-25,-0.0014597110589002153,0.0,0.0,-0.0014597110589002153,1.1113050668095872
2022-11-28,-0.002978863969648439,0.40896430943993883,0.0006134464641599082,-0.003592310433808347,1.107312914022943
2022-11-29,0.004433447543768178,0.0,0.0,0.004433447543768178,1.1122221277418007
2022-11-30,0.0005283172312891592,0.0,0.0,0.0005283172312891592,1.1128097338569078
2022-12-01,0.003950549423816813,0.0,0.0,0.003950549423816813,1.1172059437098139
2022-12-02,7.845202151042659e-05,0.0,0.0,7.845202151042659e-05,1.1172935907745414
2022-12-05,0.002492252206670942,0.4357379527167084,0.0006536069290750626,0.0018386452775958793,1.119347897358907
2022-12-06,-0.005272366226170284,0.0,0.0,-0.005272366226170284,1.1134462853095373
2022-12-07,-0.00061207251119321,0.0,0.0,-0.00061207251119321,1.1127647754456091
2022-12-08,-0.0002786923945220216,0.0,0.0,-0.0002786923945220216,1.1124546563658004
2022-12-09,0.0013784174290572034,0.0,0.0,0.0013784174290572034,1.1139880832531708
2022-12-12,-0.005025726311945375,0.9965045125140213,0.0014947567687710317,-0.006520483080716407,1.1067243428041988
2022-12-13,-0.0005871834303396515,0.0,0.0,-0.0005871834303396515,1.1060744926081507
2022-12-14,0.0019297870306543632,0.0,0.0,0.0019297870306543632,1.1082089808189235
2022-12-15,-0.009515706776928834,0.0,0.0,-0.009515706776928834,1.0976635891098916
2022-12-16,0.0008823878550116703,0.0,0.0,0.0008823878550116703,1.0986321541298107
2022-12-19,-0.009552229260918026,0.42073509070415444,0.0006311026360562317,-0.010183331896974257,1.087444418271619
2022-12-20,-0.0038485354157194915,0.0,0.0,-0.0038485354157194915,1.083259349915274
2022-12-21,0.00787472718782084,0.0,0.0,0.00787472718782084,1.091789721769513
2022-12-22,0.006094503391413115,0.0,0.0,0.006094503391413115,1.0984436379315472
2022-12-23,-0.001136109632380089,0.0,0.0,-0.001136109632380089,1.0971956855338665
2022-12-26,-0.0002449522677764474,0.42073509070415427,0.0006311026360562315,-0.0008760549038326789,1.0962344818730905
2022-12-27,0.006821464617226134,0.0,0.0,0.006821464617226134,1.103712406603371
2022-12-28,0.003023879082471496,0.0,0.0,0.003023879082471496,1.107049899462763
2022-12-29,0.002587614251617146,0.0,0.0,0.002587614251617146,1.1099145175598644
2022-12-30,-2.4580538863283813e-05,0.0,0.0,-2.4580538863283813e-05,1.1098872352629305
2023-01-03,0.002632261293718796,0.015906833042969026,2.386024956445354e-05,0.0026084010441543427,1.1127822662862838
2023-01-04,0.007663586869132109,0.0,0.0,0.007663586869132109,1.1213101698503984
2023-01-05,0.001868323850797974,0.0,0.0,0.001868323850797974,1.1234051403848722
2023-01-06,-0.006677601063829137,0.0,0.0,-0.006677601063829137,1.1159034890243271
2023-01-09,0.008803995579202886,0.03183965590776125,4.775948386164187e-05,0.008756236095341244,1.1256746034338392
2023-01-10,-0.00012983579203111302,0.0,0.0,-0.00012983579203111302,1.125528450580133
2023-01-11,0.00805285169170924,0.0,0.0,0.00805285169170924,1.1345921642674544
2023-01-12,-0.0058919782597048505,0.0,0.0,-0.0058919782597048505,1.1279071719019589
2023-01-13,0.013295474274852156,0.0,0.0,0.013295474274852156,1.1429032326904025
2023-01-16,0.0013299118963283204,0.7703928570329281,0.0011555892855493923,0.00017432261077892806,1.1431024665657927
2023-01-17,9.507520425836076e-05,0.0,0.0,9.507520425836076e-05,1.1432111472662896
2023-01-18,-0.0009281655317800179,0.0,0.0,-0.0009281655317800179,1.1421500580838504
2023-01-19,0.0022980960184007687,0.0,0.0,0.0022980960184007687,1.144774828584749
2023-01-20,0.00639787549775325,0.0,0.0,0.00639787549775325,1.152098955410996
2023-01-30,-0.0007044981953490693,0.7298985636151596,0.0010948478454227393,-0.0017993460407718085,1.1500259307169998
2023-01-31,-0.0070679910951045284,0.0,0.0,-0.0070679910951045284,1.1418975576795527
2023-02-01,0.006693945946572127,0.0,0.0,0.006693945946572127,1.1495413582071823
2023-02-02,0.0003646708294409388,0.0,0.0,0.0003646708294409388,1.1499605624077562
2023-02-03,-0.007551192370638891,0.0,0.0,-0.007551192370638891,1.1412769889823673
2023-02-06,-0.00685068676025001,1.0182873884163526,0.0015274310826245288,-0.008378117842874538,1.131715235877312
2023-02-07,0.00035285431127243984,0.0,0.0,0.00035285431127243984,1.1321145664774241
2023-02-08,-0.0005560106227442489,0.0,0.0,-0.0005560106227442489,1.1314850987522993
2023-02-09,0.002167787287058842,0.0,0.0,0.002167787287058842,1.1339379177648712
2023-02-10,-0.00025653914828439384,0.0,0.0,-0.00025653914828439384,1.1336470182972405
2023-02-13,0.00238106944503593,0.5999765272401356,0.0008999647908602034,0.0014811046541757266,1.135326068172233
2023-02-14,0.0017890033115884989,0.0,0.0,0.0017890033115884989,1.137357170267926
2023-02-15,-0.0026108791142784933,0.0,0.0,-0.0026108791142784933,1.1343876681865985
2023-02-16,-0.0005506916741689075,0.0,0.0,-0.0005506916741689075,1.1337629703424483
2023-02-17,-0.0037067738285105267,0.0,0.0,-0.0037067738285105267,1.1295603674362487
2023-02-20,0.011662327703357966,0.27022893760876715,0.00040534340641315076,0.011256984296944815,1.1422758107549296
2023-02-21,-5.74910166765601e-05,0.0,0.0,-5.74910166765601e-05,1.1422101401572442
2023-02-22,-0.0023854770300235787,0.0,0.0,-0.0023854770300235787,1.1394854241044392
2023-02-23,-0.001349209214803444,0.0,0.0,-0.001349209214803444,1.1379480198701033
2023-02-24,-0.0029527376466388436,0.0,0.0,-0.0029527376466388436,1.1345879579119147
2023-02-27,-0.005046244286442927,0.8022740071049321,0.001203411010657398,-0.006249655297100325,1.1274971742707243
2023-02-28,0.003931551613354628,0.0,0.0,0.003931551613354628,1.131929987605281
2023-03-01,0.007254676980026254,0.0,0.0,0.007254676980026254,1.1401417740293627
2023-03-02,-0.0005332106039797214,0.0,0.0,-0.0005332106039797214,1.1395338383454099
2023-03-03,0.0007033118663223354,0.0,0.0,0.0007033118663223354,1.140335286015994
2023-03-06,0.0008590752044473206,0.8632294750103089,0.0012948442125154634,-0.00043576900806814286,1.1398383632395417
2023-03-07,-0.00328674009602192,0.0,0.0,-0.00328674009602192,1.1360920107880983
2023-03-08,-0.0033057737762425296,0.0,0.0,-0.0033057737762425296,1.1323363476114363
2023-03-09,-0.0012017713808456984,0.0,0.0,-0.0012017713808456984,1.1309755381953857
2023-03-10,-0.00402357659965087,0.0,0.0,-0.00402357659965087,1.126424971485125
2023-03-13,0.010720707672026117,1.0988415926009345,0.001648262388901402,0.009072445283124715,1.1366444004044693
2023-03-14,0.0041716801422490134,0.0,0.0,0.0041716801422490134,1.1413861172784354
2023-03-15,-0.0001731694167292668,0.0,0.0,-0.0001731694167292668,1.1411884641102434
2023-03-16,0.0021936335109311225,0.0,0.0,0.0021936335109311225,1.1436918133674037
2023-03-17,0.01056575646548594,0.0,0.0,0.01056575646548594,1.1557757825390136
2023-03-20,0.008789782107373523,0.4228693374400339,0.0006343040061600509,0.008155478101213472,1.1652016866234234
2023-03-21,-0.00456150914150121,0.0,0.0,-0.00456150914150121,1.159886608478198
2023-03-22,-0.0026209925755566197,0.0,0.0,-0.0026209925755566197,1.156846554288889
2023-03-23,0.007745064035553362,0.0,0.0,0.007745064035553362,1.1658064049311658
2023-03-24,0.003968980038153201,0.0,0.0,0.003968980038153201,1.1704334672806889
2023-03-27,-0.00518966756691595,0.6392605117603538,0.0009588907676405308,-0.006148558334556481,1.1632369888303964
2023-03-28,-0.0034311369011526633,0.0,0.0,-0.0034311369011526633,1.1592457634732347
2023-03-29,-0.0014912407939526697,0.0,0.0,-0.0014912407939526697,1.1575170489005266
2023-03-30,0.0019532766961737253,0.0,0.0,0.0019532766961737253,1.1597779999775677
2023-03-31,0.00834040634025039,0.0,0.0,0.00834040634025039,1.1694510197618635
2023-04-03,0.008667845400257359,0.49241370928113504,0.0007386205639217026,0.007929224836335656,1.1787238598326373
2023-04-04,0.0050357882345677075,0.0,0.0,0.0050357882345677075,1.1846596635777868
2023-04-06,-0.0009935118407820402,0.0,0.0,-0.0009935118407820402,1.1834826901747255
2023-04-07,0.003325452713629354,0.0,0.0,0.003325452713629354,1.1874183058983003
2023-04-10,-0.012779369173837273,0.49948755440400927,0.000749231331606014,-0.013528600505443288,1.171354198004952
2023-04-11,0.00537718059530046,0.0,0.0,0.00537718059530046,1.1776527810686879
2023-04-12,0.013143601488893038,0.0,0.0,0.013143601488893038,1.1931313799153414
2023-04-13,-0.008297298627262611,0.0,0.0,-0.008297298627262611,1.1832316125546258
2023-04-14,0.005625029620591615,0.0,0.0,0.005625029620591615,1.1898873254232658
2023-04-17,0.008897752220998699,0.5871404538101873,0.000880710680715281,0.008017041540283418,1.1994267015394409
2023-04-18,0.0030658391312322615,0.0,0.0,0.0030658391312322615,1.2031039508560653
2023-04-19,-0.0031258015822853433,0.0,0.0,-0.0031258015822853433,1.1993432866228255
2023-04-20,0.005655593013141802,0.0,0.0,0.005655593013141802,1.2061262841350082
2023-04-21,-0.012408744910889292,0.0,0.0,-0.012408744910889292,1.1911597707448582
2023-04-24,0.004588481791422814,0.5871404538101873,0.000880710680715281,0.003707771110707533,1.195576318531063
2023-04-25,0.0031509972425237984,0.0,0.0,0.0031509972425237984,1.1993435762139812
2023-04-26,-0.003773632913738118,0.0,0.0,-0.003773632913738118,1.1948176938198998
2023-04-27,0.0005282120660538459,0.0,0.0,0.0005282120660538459,1.19544881094251
2023-04-28,0.014091706511130234,0.0,0.0,0.014091706511130234,1.2122947247353917
2023-05-04,0.009187822290117316,0.021207080738416262,3.181062110762439e-05,0.009156011669009692,1.2233945093813479
2023-05-05,-0.002498907467621978,0.0,0.0,-0.002498907467621978,1.2203373597060072
2023-05-08,0.006180549879697017,0.5527618491517925,0.0008291427737276887,0.005351407105969329,1.2268678817244176
2023-05-09,-0.005297351546448924,0.0,0.0,-0.005297351546448924,1.2203687312538762
2023-05-10,-0.008628142394931697,0.0,0.0,-0.008628142394931697,1.2098392160662956
2023-05-11,0.0005794832768800236,0.0,0.0,0.0005794832768800236,1.2105402976597197
2023-05-12,-0.0068108806694049395,0.0,0.0,-0.0068108806694049395,1.2022954521468534
2023-05-15,-0.00046749735605029004,0.9184482720890421,0.0013776724081335631,-0.0018451697641838532,1.2000770129309364
2023-05-16,-0.0020369818458841086,0.0,0.0,-0.0020369818458841086,1.1976324778419332
2023-05-17,0.0033673347026393218,0.0,0.0,0.0033673347026393218,1.201665307245578
2023-05-18,0.011368491428307436,0.0,0.0,0.011368491428307436,1.2153264289906938
2023-05-19,0.006193371080964353,0.0,0.0,0.006193371080964353,1.2228533965499364
2023-05-22,0.00018023047432845756,1.088107637836751,0.0016321614567551266,-0.001451930982426669,1.2210778978165198
2023-05-23,0.0006905002134108805,0.0,0.0,0.0006905002134108805,1.2219210523655533
2023-05-24,-0.002770611614251268,0.0,0.0,-0.002770611614251268,1.218535583706171
2023-05-25,0.0034767060696873136,0.0,0.0,0.0034767060696873136,1.2227720737661725
2023-05-26,-0.0006683732966026085,0.0,0.0,-0.0006683732966026085,1.2219548055642357
2023-05-29,0.0148013804237335,0.37743063511027786,0.0005661459526654168,0.014235234471068083,1.239349618734491
2023-05-30,0.0035801175009378457,0.0,0.0,0.0035801175009378457,1.2437866359943028
2023-05-31,0.003154590591705187,0.0,0.0,0.003154590591705187,1.247710273614299
2023-06-01,0.0006042628390504099,0.0,0.0,0.0006042628390504099,1.2484642185665455
2023-06-02,0.005502877235912842,0.0,0.0,0.005502877235912842,1.2553343638947472
2023-06-05,-0.0008458342556111891,0.09010208145367765,0.00013515312218051646,-0.0009809873777917055,1.254102896728858
2023-06-06,0.0015930654384946953,0.0,0.0,0.0015930654384946953,1.2561007647099531
2023-06-07,0.00044938301413830265,0.0,0.0,0.00044938301413830265,1.25666523505766
2023-06-08,-0.010514454172176661,0.0,0.0,-0.010514454172176661,1.2434520860338785
2023-06-09,0.011589419209519513,0.0,0.0,0.011589419209519513,1.2578629735258768
2023-06-12,0.00363286823930165,0.6137529197123411,0.0009206293795685117,0.0027122388597331385,1.2612745983628932
2023-06-13,0.009953968875902615,0.0,0.0,0.009953968875902615,1.2738292864589642
2023-06-14,-0.00018646953734458298,0.0,0.0,-0.00018646953734458298,1.2735917561012622
2023-06-15,-0.0009891181890316868,0.0,0.0,-0.0009891181890316868,1.2723320233299016
2023-06-16,0.006246509384719633,0.0,0.0,0.006246509384719633,1.2802796572541113
2023-06-19,0.00015563222273698028,0.9268285319786651,0.0013902427979679978,-0.0012346105752310175,1.2786990104500122
2023-06-20,-9.027162711961216e-05,0.0,0.0,-9.027162711961216e-05,1.2785835802097427
2023-06-21,-0.006426167904178186,0.0,0.0,-0.006426167904178186,1.2703671874437896
2023-06-26,-0.012470567644774496,0.39774823203353993,0.0005966223480503099,-0.013067189992824807,1.253767058044811
2023-06-27,0.0006801665424601058,0.0,0.0,0.0006801665424601058,1.2546198284497316
2023-06-28,0.005833388140358479,0.0,0.0,0.005833388140358479,1.261938512877669
2023-06-29,0.005706878412192154,0.0,0.0,0.005706878412192154,1.2691402425343243
2023-06-30,0.0009216771099484544,0.0,0.0,0.0009216771099484544,1.2703099800451827
2023-07-03,0.003959501247314232,0.8010251518810928,0.001201537727821639,0.0027579635194925935,1.2738134486285946
2023-07-04,-0.003181421538679986,0.0,0.0,-0.003181421538679986,1.2697609110868673
2023-07-05,-0.0014452131149518062,0.0,0.0,-0.0014452131149518062,1.2679258359653114
2023-07-06,-0.00030513534853679307,0.0,0.0,-0.00030513534853679307,1.2675389469734353
2023-07-07,-0.0024715521190626414,0.0,0.0,-0.0024715521190626414,1.2644061584030486
2023-07-10,-0.00282249281010138,0.21953040983975297,0.00032929561475962944,-0.003151788424861009,1.260421017708671
2023-07-11,0.003245004137967634,0.0,0.0,0.003245004137967634,1.264511089126717
2023-07-12,-0.0004870263767344728,0.0,0.0,-0.0004870263767344728,1.2638952388726392
2023-07-13,0.010609792788559374,0.0,0.0,0.010609792788559374,1.2773049054635246
2023-07-14,0.0006539697167586646,0.0,0.0,0.0006539697167586646,1.2781402241907651
2023-07-17,0.0017271893047710982,0.5276026028965872,0.0007914039043448808,0.0009357854004262174,1.2793362891522602
2023-07-18,0.003943058771146147,0.0,0.0,0.003943058771146147,1.2843807873284476
2023-07-19,0.00863135320278083,0.0,0.0,0.00863135320278083,1.2954667315507453
2023-07-20,-0.008982019918233629,0.0,0.0,-0.008982019918233629,1.2838308235645475
2023-07-21,-0.007729731235836201,0.0,0.0,-0.007729731235836201,1.2739071563461113
2023-07-24,-0.00013066898474559173,0.8133205525200056,0.0012199808287800082,-0.0013506498135256,1.2721865538829435
2023-07-25,-0.0025178991865369166,0.0,0.0,-0.0025178991865369166,1.2689833163937985
2023-07-26,0.0024014565921434638,0.0,0.0,0.0024014565921434638,1.2720307247442726
2023-07-27,0.003440856130867721,0.0,0.0,0.003440856130867721,1.2764075994621609
2023-07-28,-0.005546453389889691,0.0,0.0,-0.005546453389889691,1.269328064205243
2023-07-31,0.002914447070108408,1.1038532790483409,0.0016557799185725113,0.0012586671515358967,1.2709257257441808
2023-08-01,-0.00010171620223045901,0.0,0.0,-0.00010171620223045901,1.270796452006041
2023-08-02,-0.009407974034372133,0.0,0.0,-0.009407974034372133,1.258840831982596
2023-08-03,-0.006464990681903629,0.0,0.0,-0.006464990681903629,1.2507024377338287
2023-08-04,0.0037474423414259645,0.0,0.0,0.0037474423414259645,1.255389373005517
2023-08-07,-0.005152543810896941,1.0898614736221521,0.0016347922104332283,-0.006787336021330169,1.2468686234933215
2023-08-08,0.00033537129327964633,0.0,0.0,0.00033537129327964633,1.2472867874361322
2023-08-09,-0.0025110667654436223,0.0,0.0,-0.0025110667654436223,1.2441547670372244
2023-08-10,-0.003313675773289394,0.0,0.0,-0.003313675773289394,1.2400320415274706
2023-08-11,-0.0038494249860077908,0.0,0.0,-0.0038494249860077908,1.2352586312033644
2023-08-14,0.00025357304837739204,0.8009748759747493,0.001201462313962124,-0.000947889265584732,1.234087742806626
2023-08-15,0.004560742819831394,0.0,0.0,0.004560742819831394,1.2397160996186731
2023-08-16,-0.0028182955635605513,0.0,0.0,-0.0028182955635605513,1.2362222132350433
2023-08-17,-0.0024278403623611117,0.0,0.0,-0.0024278403623611117,1.2332208630489039
2023-08-18,-0.004882967729840669,0.0,0.0,-0.004882967729840669,1.2271990853708699
2023-08-21,0.002732900246669906,0.6586660984411247,0.0009879991476616872,0.001744901099008219,1.2293404264036354
2023-08-22,0.0019539157932782123,0.0,0.0,0.0019539157932782123,1.2317424540781008
2023-08-23,0.002629109557499967,0.0,0.0,0.002629109557499967,1.2349808399364959
2023-08-24,0.006323502630843452,0.0,0.0,0.006323502630843452,1.2427902445268755
2023-08-25,-0.009842385580863703,0.0,0.0,-0.009842385580863703,1.2305582237441062
2023-08-28,0.0002796759541261177,0.6901818942592548,0.0010352728413888822,-0.0007555968872627645,1.2296284177806496
2023-08-29,0.002092441908752245,0.0,0.0,0.002092441908752245,1.2322013438142065
2023-08-30,0.007628088700408976,0.0,0.0,0.007628088700408976,1.2416006849615844
2023-08-31,0.0020336809829007547,0.0,0.0,0.0020336809829007547,1.2441257046629473
2023-09-01,0.0003860551686353938,0.0,0.0,0.0003860551686353938,1.2446060058216646
2023-09-04,-0.00016637040168859547,0.07232700029962903,0.00010849050044944355,-0.000274860902138039,1.244263912292098
2023-09-05,0.0005610096506281437,0.0,0.0,0.0005610096506281437,1.2449619563548222
2023-09-06,0.0009028141498326587,0.0,0.0,0.0009028141498326587,1.2460859256250227
2023-09-07,-0.0033540411375517962,0.0,0.0,-0.0033540411375517962,1.2419065021695521
2023-09-08,0.0024818394791903896,0.0,0.0,0.0024818394791903896,1.2449887147560996
2023-09-11,-0.0005135800225467328,0.21442297917764291,0.0003216344687664644,-0.0008352144913131973,1.243948882140014
2023-09-12,0.001457135648651832,0.0,0.0,0.001457135648651832,1.245761484401281
2023-09-13,-0.0013063929237670437,0.0,0.0,-0.0013063929237670437,1.2441340304133577
2023-09-14,0.0047561830794330935,0.0,0.0,0.0047561830794330935,1.2500513596373566
2023-09-15,-0.0014391477575198615,0.0,0.0,-0.0014391477575198615,1.24825235102635
2023-09-18,-0.005435382162364282,0.6292589185095039,0.0009438883777642559,-0.006379270540128538,1.2402894115768013
2023-09-19,0.0038056190134332264,0.0,0.0,0.0038056190134332264,1.2450094805436578
2023-09-20,0.0012664222724645584,0.0,0.0,0.0012664222724645584,1.2465861882792477
2023-09-21,-0.0044879834949350245,0.0,0.0,-0.0044879834949350245,1.2409915300412364
2023-09-22,-0.003077430624597804,0.0,0.0,-0.003077430624597804,1.2371724647018212
2023-09-25,0.0017017316037552096,0.9899759153665624,0.0014849638730498435,0.0002167677307053661,1.2374406437694858
2023-09-26,-0.0013342856318314768,0.0,0.0,-0.0013342856318314768,1.2357895444982598
2023-09-27,-0.007081511012506405,0.0,0.0,-0.007081511012506405,1.2270382872297552
2023-09-28,-0.006528550848798306,0.0,0.0,-0.006528550848798306,1.2190275053781532
2023-10-09,0.0009481686557928794,0.8002444425765657,0.0012003666638648485,-0.0002521980080719691,1.218720069069512
2023-10-10,-0.0012720039643187276,0.0,0.0,-0.0012720039643187276,1.2171698523102608
2023-10-11,-0.000292595607438749,0.0,0.0,-0.000292595607438749,1.216813713757968
2023-10-12,0.007205672074827151,0.0,0.0,0.007205672074827151,1.2255816743554606
2023-10-13,-0.0009502925363640568,0.0,0.0,-0.0009502925363640568,1.2244170132376162
2023-10-16,-0.003245560771198093,0.3819211761112058,0.0005728817641668087,-0.0038184425353649017,1.2197416472332452
2023-10-17,0.0036680477732958386,0.0,0.0,0.0036680477732958386,1.2242157178663753
2023-10-18,-0.002447451403433493,0.0,0.0,-0.002447451403433493,1.221219509389578
2023-10-19,-0.011000644969455669,0.0,0.0,-0.011000644969455669,1.2077853071370104
2023-10-20,-0.005250996458584306,0.0,0.0,-0.005250996458584306,1.2014432307665037
2023-10-23,-0.005715302216415254,1.3264470026291368,0.001989670503943705,-0.007704972720358959,1.1921861434483878
2023-10-24,0.004137019761751568,0.0,0.0,0.004137019761751568,1.1971182410835202
2023-10-25,-0.001934729889757333,0.0,0.0,-0.001934729889757333,1.1948021406409222
2023-10-26,-0.0029476903915486297,0.0,0.0,-0.0029476903915486297,1.1912802338511532
2023-10-27,0.0022404766150279747,0.0,0.0,0.0022404766150279747,1.1939492693570417
2023-10-30,-0.000872163953969439,0.9862756424495098,0.0014794134636742647,-0.002351577417643704,1.1911416052174095
2023-10-31,7.204004817327689e-05,0.0,0.0,7.204004817327689e-05,1.1912274151160307
2023-11-01,-0.0018556626561561053,0.0,0.0,-0.0018556626561561053,1.1890168988868106
2023-11-02,0.00043793500827191763,0.0,0.0,0.00043793500827191763,1.1895376110122602
2023-11-03,0.0011827716491564866,0.0,0.0,0.0011827716491564866,1.190944562374171
2023-11-06,-0.0006556443246141504,0.7749443123066757,0.0011624164684600135,-0.0018180607930741639,1.1887793527585937
2023-11-07,-0.0019760519164083753,0.0,0.0,-0.0019760519164083753,1.1864302630403885
2023-11-08,0.0002610920335195632,0.0,0.0,0.0002610920335195632,1.1867400305303948
2023-11-09,-0.002118386731373432,0.0,0.0,-0.002118386731373432,1.1842260561961295
2023-11-10,0.0020161118053510386,0.0,0.0,0.0020161118053510386,1.1866135883282307
2023-11-13,3.091553518580924e-05,0.4223981489556208,0.0006335972234334312,-0.000602681688247622,1.1858984380475195
2023-11-14,0.00194030424027639,0.0,0.0,0.00194030424027639,1.1881994418154003
2023-11-15,0.004680231199639299,0.0,0.0,0.004680231199639299,1.1937604899143786
2023-11-16,-0.00016397038442724074,0.0,0.0,-0.00016397038442724074,1.1935647485479333
2023-11-17,0.0013908224182599624,0.0,0.0,0.0013908224182599624,1.1952247851578586
2023-11-20,-0.005577006964460378,0.44786706238601576,0.0006718005935790237,-0.0062488075580394015,1.187756055486808
2023-11-21,-0.0026983879163846453,0.0,0.0,-0.0026983879163846453,1.1845510288990697
2023-11-22,-0.0024807820263858553,0.0,0.0,-0.0024807820263858553,1.1816124159972399
2023-11-23,-0.000693149549118581,0.0,0.0,-0.000693149549118581,1.1807933818838585
2023-11-24,0.0009682646415173083,0.0,0.0,0.0009682646415173083,1.1819367023644742
2023-11-27,-0.0007254527000885543,1.1713898945473882,0.0017570848418210821,-0.0024825375419096365,1.1790025001286935
2023-11-28,0.0022992705253162115,0.0,0.0,0.0022992705253162115,1.1817133458265134
2023-11-29,-0.00040461497591693643,0.0,0.0,-0.00040461497591693643,1.181235206909551
2023-11-30,-0.000416948158262491,0.0,0.0,-0.000416948158262491,1.1807426930655553
2023-12-01,0.001629206801833243,0.0,0.0,0.001629206801833243,1.1826663670923128
2023-12-04,0.004783003513333064,0.7959777890740121,0.0011939666836110181,0.0035890368297220457,1.1869110002410805
2023-12-05,-0.010875810656154358,0.0,0.0,-0.010875810656154358,1.1740023809367517
2023-12-06,0.0010045858239207403,0.0,0.0,0.0010045858239207403,1.17518176708589
2023-12-07,-0.0017289989989857967,0.0,0.0,-0.0017289989989857967,1.173149878986972
2023-12-08,-0.0007937033620671,0.0,0.0,-0.0007937033620671,1.1722187459838116
2023-12-11,0.00012009248029247791,0.40567511890058205,0.000608512678350873,-0.0004884201980583951,1.1716462106717305
2023-12-12,0.0003949234599094939,0.0,0.0,0.0003949234599094939,1.1721089212470388
2023-12-13,-0.0004246483377825696,0.0,0.0,-0.0004246483377825696,1.1716111871419312
2023-12-14,0.008286801792527866,0.0,0.0,0.008286801792527866,1.1813200968276847
2023-12-15,-0.002731876024056887,0.0,0.0,-0.002731876024056887,1.1780928767784247
2023-12-18,0.002255365646568456,0.44918585789950066,0.000673778786849251,0.001581586859719205,1.1799561329918662
2023-12-19,0.002242436648979648,0.0,0.0,0.002242436648979648,1.1826021098686756
2023-12-20,0.002889826006349583,0.0,0.0,0.002889826006349583,1.1860196242009382
2023-12-21,-0.004256019579801282,0.0,0.0,-0.004256019579801282,1.1809719014583104
2023-12-22,0.0038926092247886265,0.0,0.0,0.0038926092247886265,1.1855689635761433
2023-12-25,0.0014905602330381328,0.002802467890708274,4.203701836062411e-06,0.0014863565312020703,1.187331141748345
2023-12-26,0.0011736675475307226,0.0,0.0,0.0011736675475307226,1.1887246737775876
2023-12-27,0.003177762486893846,0.0,0.0,0.003177762486893846,1.1925021584531632
2023-12-28,-0.0027622857123752887,0.0,0.0,-0.0027622857123752887,1.1892081267788914
2023-12-29,-0.001001387445246907,0.0,0.0,-0.001001387445246907,1.1880172686909494
2024-01-02,0.0008548753560346681,0.40458320126620617,0.0006068748018993093,0.00024800055413535876,1.1883118976319071
2024-01-03,-0.004756143325705925,0.0,0.0,-0.004756143325705925,1.182660115931128
2024-01-04,-0.0027517619432379974,0.0,0.0,-0.0027517619432379974,1.1794057168323233
2024-01-05,-0.0013222085378695517,0.0,0.0,-0.0013222085378695517,1.1778462965239154
2024-01-08,-0.0015483800040437885,0.9954167987337939,0.0014931251981006907,-0.003041505202144479,1.1742638708857112
2024-01-09,0.0044972118905766845,0.0,0.0,0.0044972118905766845,1.179544784328533
2024-01-10,-0.002725655619134019,0.0,0.0,-0.002725655619134019,1.1763297514591076
2024-01-11,0.0004970892889468036,0.0,0.0,0.0004970892889468036,1.1769144923788275
2024-01-12,0.0007064628134977991,0.0,0.0,0.0007064628134977991,1.1777459387023599
2024-01-15,0.004167708430585045,0.6483084154212566,0.000972462623131885,0.00319524580745316,1.1815091264752435
2024-01-16,-0.0019271893611790428,0.0,0.0,-0.0019271893611790428,1.1792321346565644
2024-01-17,-0.004549393639335729,0.0,0.0,-0.004549393639335729,1.1738673434838576
2024-01-18,-0.0005405820738148609,0.0,0.0,-0.0005405820738148609,1.1732327718409334
2024-01-19,0.0061703389503069,0.0,0.0,0.0061703389503069,1.1804720157108002
2024-01-22,0.008639277668443041,0.8143146793623716,0.0012214720190435572,0.007417805649399484,1.1892285276978978
2024-01-23,0.002489731633796931,0.0,0.0,0.002489731633796931,1.1921893875831209
2024-01-24,0.00017165626840231476,0.0,0.0,0.00017165626840231476,1.1923940343646222
2024-01-25,-0.007871456333121318,0.0,0.0,-0.007871456333121318,1.1830081567912467
2024-01-26,-0.001343668673197533,0.0,0.0,-0.001343668673197533,1.181418585790829
2024-01-29,0.0019881614521564325,0.771549191771473,0.0011573237876572095,0.0008308376644992231,1.1824001528494434
2024-01-30,0.0038294435786377255,0.0,0.0,0.0038294435786377255,1.186928087522153
2024-01-31,-0.0027860713917111915,0.0,0.0,-0.0027860713917111915,1.183621221133489
2024-02-01,-0.0032052117711769117,0.0,0.0,-0.0032052117711769117,1.1798274644628972
2024-02-02,0.006812740156648381,0.0,0.0,0.006812740156648381,1.1878653224079603
2024-02-05,-0.002136121757056974,0.40965683343809445,0.0006144852501571416,-0.0027506070072141156,1.1845979717285184
2024-02-06,-0.0007168412677865716,0.0,0.0,-0.0007168412677865716,1.1837488030166472
2024-02-07,0.0008205835462437223,0.0,0.0,0.0008205835462437223,1.1847201678072885
2024-02-08,0.008476137986966443,0.0,0.0,0.008476137986966443,1.194762019425565
2024-02-19,-0.003407498898273967,0.4305834517628303,0.0006458751776442454,-0.004053374075918213,1.1899192020291338
2024-02-20,-0.0010440600286008399,0.0,0.0,-0.0010440600286008399,1.1886768549530307
2024-02-21,-0.002592748486368596,0.0,0.0,-0.002592748486368596,1.1855949148365699
2024-02-22,0.004032426201858384,0.0,0.0,0.004032426201858384,1.1903757388359468
2024-02-23,0.0029340184592122724,0.0,0.0,0.0029340184592122724,1.1938683232270901
2024-02-26,0.00028683019893120817,0.41332887108028793,0.000619993306620432,-0.0003331631076892238,1.193470570346352
2024-02-27,0.0004122350427975958,0.0,0.0,0.0004122350427975958,1.1939625607379962
2024-02-28,0.0021162699558572745,0.0,0.0,0.0021162699558572745,1.1964893078337044
2024-02-29,-0.0014650489955120231,0.0,0.0,-0.0014650489955120231,1.1947363923751217
2024-03-01,0.00431538062427924,0.0,0.0,0.00431538062427924,1.1998921346538987
2024-03-04,0.00757148878554076,0.40802696301957314,0.0006120404445293597,0.0069594483410114006,1.2082427219798084
2024-03-05,0.0016210826028060493,0.0,0.0,0.0016210826028060493,1.210201383236377
2024-03-06,0.0006522812872391984,0.0,0.0,0.0006522812872391984,1.2109907749524529
2024-03-07,0.0012836104141145045,0.0,0.0,0.0012836104141145045,1.2125452153225784
2024-03-08,0.006175979754351746,0.0,0.0,0.006175979754351746,1.2200338700236466
2024-03-11,-0.0025163904719653182,1.1223503615102604,0.0016835255422653905,-0.004199916014230708,1.2149098302350303
2024-03-12,-0.004895984704985528,0.0,0.0,-0.004895984704985528,1.208961650288263
2024-03-13,-0.0007967806197245591,0.0,0.0,-0.0007967806197245591,1.207998373075323
2024-03-14,0.0013237152360416663,0.0,0.0,0.0013237152360416663,1.2095974189268763
2024-03-15,-3.0680376519383215e-05,0.0,0.0,-3.0680376519383215e-05,1.2095603080226267
2024-03-18,-0.0024044020261124524,0.899280973541361,0.0013489214603120416,-0.003753323486424494,1.2050204369102784
2024-03-19,-0.00040606936087027724,0.0,0.0,-0.00040606936087027724,1.2045311150316267
2024-03-20,0.00260375671890035,0.0,0.0,0.00260375671890035,1.2076674210155147
2024-03-21,0.013599764589632645,0.0,0.0,0.013599764589632645,1.2240914136438945
2024-03-22,-0.001715916731064979,0.0,0.0,-0.001715916731064979,1.22199097470687
2024-03-25,-0.0021101115184122875,0.8009586318170043,0.0012014379477255067,-0.003311549466137794,1.2179442911469542
2024-03-26,0.002366353890500444,0.0,0.0,0.002366353890500444,1.2208263783587228
2024-03-27,0.00351759086169102,0.0,0.0,0.00351759086169102,1.2251207460709488
2024-03-28,0.0004680530413227722,0.0,0.0,0.0004680530413227722,1.225694167562135
2024-03-29,0.0010917122806474115,0.0,0.0,0.0010917122806474115,1.2270322729371803
2024-04-01,0.0014760132667286261,0.46399238706679824,0.0006959885806001974,0.0007800246861284287,1.2279893884007476
2024-04-02,-0.0013543057578064865,0.0,0.0,-0.0013543057578064865,1.2263263153015111
2024-04-03,-0.004430451848737747,0.0,0.0,-0.004430451848737747,1.220893135610728
2024-04-08,0.003964658994573433,0.786338951112987,0.0011795084266694807,0.0027851505679039527,1.2242935068207244
2024-04-09,0.0012752427722870527,0.0,0.0,0.0012752427722870527,1.2258547782664555
2024-04-10,0.0013625026507901915,0.0,0.0,0.0013625026507901915,1.2275250086513274
2024-04-11,-0.006893355109658791,0.0,0.0,-0.006893355109658791,1.2190632428607069
2024-04-12,0.012838005343020032,0.0,0.0,0.012838005343020032,1.2347135832860319
2024-04-15,0.0004639523894653995,0.7674718707901073,0.001151207806185161,-0.0006872554167197615,1.2338650196878211
2024-04-16,-0.007569167772903318,0.0,0.0,-0.007569167772903318,1.2245256883446873
2024-04-17,0.00231119049306063,0.0,0.0,0.00231119049306063,1.227355800474098
2024-04-18,-0.0011559121658704086,0.0,0.0,-0.0011559121658704086,1.2259370849724784
2024-04-19,-0.003758691479422625,0.0,0.0,-0.003758691479422625,1.221329165696884
2024-04-22,-0.012324637983874863,0.8140233148606053,0.001221034972290908,-0.013545672956165771,1.2047854402465272
2024-04-23,-0.011949190935846274,0.0,0.0,-0.011949190935846274,1.190389228984294
2024-04-24,0.004022931953335402,0.0,0.0,0.004022931953335402,1.195178083850481
2024-04-25,0.0013257166256538833,0.0,0.0,0.0013257166256538833,1.196762551306859
2024-04-26,0.00044053750216820607,0.0,0.0,0.00044053750216820607,1.1972897700919
2024-04-29,0.0007935161198604465,1.0355825592372694,0.001553373838855904,-0.0007598577189954575,1.1963800002182214
2024-04-30,0.003145283066200441,0.0,0.0,0.003145283066200441,1.2001429539736488
2024-05-06,0.0009437759308451642,0.33097186753960695,0.0004964578013094104,0.0004473181295357538,1.2006797996749956
2024-05-07,0.00026957361432548973,0.0,0.0,0.00026957361432548973,1.2010034712682416
2024-05-08,0.0006287760688002956,0.0,0.0,0.0006287760688002956,1.201758633509521
2024-05-09,0.0014520207652289783,0.0,0.0,0.0014520207652289783,1.2035036120001699
2024-05-10,0.005061085492738486,0.0,0.0,0.005061085492738486,1.2095946466713223
2024-05-13,0.004942284955920954,1.0029815477883883,0.0015044723216825825,0.003437812634238372,1.2137530064299562
2024-05-14,-0.0030129796766818614,0.0,0.0,-0.0030129796766818614,1.2100959932890711
2024-05-15,-0.002774364271882362,0.0,0.0,-0.002774364271882362,1.2067387461997419
2024-05-16,0.0017044190476792512,0.0,0.0,0.0017044190476792512,1.208795534704337
2024-05-17,0.005518420930452969,0.0,0.0,0.005518420930452969,1.2154661772836877
2024-05-20,0.009975852051116667,0.6697270292747965,0.0010045905439121949,0.008971261507204472,1.2263704422132617
2024-05-21,-0.004783323827361447,0.0,0.0,-0.004783323827361447,1.2205043152558512
2024-05-22,0.00014251214260380186,0.0,0.0,0.00014251214260380186,1.2206782519408754
2024-05-23,-0.010424725600699469,0.0,0.0,-0.010424725600699469,1.2079530161176502
2024-05-24,-0.00377638817838449,0.0,0.0,-0.00377638817838449,1.2033913166275396
2024-05-27,0.005715265600588734,0.6347351101730476,0.0009521026652595715,0.004763162935329163,1.2091232655435968
2024-05-28,0.0007267796317213146,0.0,0.0,0.0007267796317213146,1.2100020317052345
2024-05-29,0.0013451968823905247,0.0,0.0,0.0013451968823905247,1.2116297226659705
2024-05-30,-0.0072235127282562,0.0,0.0,-0.0072235127282562,1.2028774999423593
2024-05-31,0.00013552728662809637,0.0,0.0,0.00013552728662809637,1.2030405226660725
2024-06-03,-0.006435558842737947,0.5056679594576221,0.0007585019391864332,-0.007194060781924381,1.1943857760228946
2024-06-04,0.004264295403989104,0.0,0.0,0.004264295403989104,1.199478989798179
2024-06-05,-0.007554523597995757,0.0,0.0,-0.007554523597995757,1.1904174974644486
2024-06-06,0.0051599457633051595,0.0,0.0,0.0051599457633051595,1.1965599871870545
2024-06-07,0.003915266136817179,0.0,0.0,0.003915266136817179,1.2012448379855583
2024-06-11,-0.005461510963351712,0.6994581847897313,0.001049187277184597,-0.006510698240536308,1.1934238953324323
2024-06-12,0.004132808554995768,0.0,0.0,0.004132808554995768,1.1983560878167987
2024-06-13,0.0026243814948384847,0.0,0.0,0.0026243814948384847,1.2015010313578922
2024-06-14,0.0002703083232222537,0.0,0.0,0.0002703083232222537,1.2018258070870285
2024-06-17,-0.0029406866247383787,0.2823047099027304,0.0004234570648540956,-0.0033641436895924743,1.1977826923821273
2024-06-18,0.003908174766840502,0.0,0.0,0.003908174766840502,1.2024638364766536
2024-06-19,0.000925692127890304,0.0,0.0,0.000925692127890304,1.203576947784153
2024-06-20,0.0010782818874858118,0.0,0.0,0.0010782818874858118,1.2048747430071438
2024-06-21,-0.00209081000174897,0.0,0.0,-0.00209081000174897,1.2023555788436098
2024-06-24,-0.0035457844351507693,0.2842714777024788,0.00042640721655371817,-0.003972191651704487,1.1975795920509469
2024-06-25,-0.0007393874594404176,0.0,0.0,-0.0007393874594404176,1.1966941167189027
2024-06-26,0.0020874070553363296,0.0,0.0,0.0020874070553363296,1.199192104461221
2024-06-27,5.843475320703418e-05,0.0,0.0,5.843475320703418e-05,1.199262178955893
2024-06-28,0.006670249233622516,0.0,0.0,0.006670249233622516,1.207261556585986
2024-07-01,0.001643264279687557,0.6076756375023307,0.000911513456253496,0.0007317508234340609,1.2081449712241183
2024-07-02,0.0013296046795831342,0.0,0.0,0.0013296046795831342,1.2097513264314728
2024-07-03,0.003663754179359646,0.0,0.0,0.003663754179359646,1.2141835579096718
2024-07-04,-0.0006834725192301906,0.0,0.0,-0.0006834725192301906,1.2133536968145395
2024-07-05,-0.0018770131135502836,0.0,0.0,-0.0018770131135502836,1.2110762160142439
2024-07-08,0.0009367732032168838,0.2738568147528792,0.00041078522212931884,0.0005259879810875649,1.2117132275480482
2024-07-09,0.002497585208169357,0.0,0.0,0.002497585208169357,1.2147395845817155
2024-07-10,-0.00455448463949526,0.0,0.0,-0.00455448463949526,1.2092070718027512
2024-07-11,0.0057424453820052795,0.0,0.0,0.0057424453820052795,1.216150877368113
2024-07-12,-0.006908605449088072,0.0,0.0,-0.006908605449088072,1.2077489707898144
2024-07-15,0.00944086468452925,0.3551318271786066,0.0005326977407679098,0.00890816694376134,1.218507800247766
2024-07-16,0.001913801725590191,0.0,0.0,0.001913801725590191,1.2208397825785253
2024-07-17,0.003129532816212964,0.0,0.0,0.003129532816212964,1.224660440741443
2024-07-18,-0.002058165725425571,0.0,0.0,-0.002058165725425571,1.2221398865970243
2024-07-19,-0.00580516801953458,0.0,0.0,-0.00580516801953458,1.2150451592119538
2024-07-22,-0.007152866456782804,0.13686803129854935,0.00020530204694782403,-0.007358168503730628,1.20610465219083
2024-07-23,0.002122494475581807,0.0,0.0,0.002122494475581807,1.2086646026520786
2024-07-24,-0.0019450643641012702,0.0,0.0,-0.0019450643641012702,1.2063136722053096
2024-07-25,-0.009995786433214814,0.0,0.0,-0.009995786433214814,1.194255618366478
2024-07-26,-0.000462299893418405,0.0,0.0,-0.000462299893418405,1.193703514121393
2024-07-29,0.006346350856315527,0.22418084269952576,0.00033627126404928864,0.006010079592266238,1.2008777672508304
2024-07-30,-0.005445500518469891,0.0,0.0,-0.005445500518469891,1.194338386746647
2024-07-31,-0.00016491230151410613,0.0,0.0,-0.00016491230151410613,1.194141425654502
2024-08-01,0.002615963288287454,0.0,0.0,0.002615963288287454,1.1972652557850374
2024-08-02,-0.00928269868670852,0.0,0.0,-0.00928269868670852,1.18615140316752
2024-08-05,-0.010899062126703956,0.7517528621160497,0.0011276292931740746,-0.01202669141987803,1.1718859262643688
2024-08-06,-0.003297040407663443,0.0,0.0,-0.003297040407663443,1.168022171012303
2024-08-07,0.0022444337724525512,0.0,0.0,0.0022444337724525512,1.1706437194198964
2024-08-08,0.0014459525594709695,0.0,0.0,0.0014459525594709695,1.1723364147022202
2024-08-09,0.00238850539685459,0.0,0.0,0.00238850539685459,1.1751365465556656
2024-08-12,0.000986707785942687,0.2421712160718304,0.0003632568241077456,0.0006234509618349416,1.1758691865659032
2024-08-13,0.001723328165210901,0.0,0.0,0.001723328165210901,1.177895595053716
2024-08-14,-0.0009862859005671063,0.0,0.0,-0.0009862859005671063,1.1767338532359743
2024-08-15,0.004037666317021127,0.0,0.0,0.004037666317021127,1.1814851118792837
2024-08-16,7.154950378571797e-05,0.0,0.0,7.154950378571797e-05,1.181569646552769
2024-08-19,0.003003756257862821,0.8519294328221563,0.0012778941492332344,0.0017258621086295868,1.1836088728344611
2024-08-20,0.00018731415690254565,0.0,0.0,0.00018731415690254565,1.1838305795325785
2024-08-21,0.0009901497814484134,0.0,0.0,0.0009901497814484134,1.1850027491221746
2024-08-22,0.0003709618908465526,0.0,0.0,0.0003709618908465526,1.1854423399826473
2024-08-23,-0.0027497089929029803,0.0,0.0,-0.0027497089929029803,1.182182718519829
2024-08-26,0.0026893925560753018,0.6362899563161724,0.0009544349344742585,0.0017349576216010433,1.18423375543745
2024-08-27,0.0004889243886507488,0.0,0.0,0.0004889243886507488,1.184812756202347
2024-08-28,-0.0004057952468773882,0.0,0.0,-0.0004057952468773882,1.1843319648174404
2024-08-29,-0.004186969313890542,0.0,0.0,-0.004186969313890542,1.1793732032232902
2024-08-30,-0.0025604210770579167,0.0,0.0,-0.0025604210770579167,1.17635351121604
2024-09-02,0.0007634927049387434,0.8260330105450284,0.0012390495158175426,-0.00047555681087879925,1.17579408829178
2024-09-03,0.0013869910190046188,0.0,0.0,0.0013869910190046188,1.1774249041324392
2024-09-04,-0.014833441412669138,0.0,0.0,-0.014833441412669138,1.159959640799173
2024-09-05,0.004358299349523056,0.0,0.0,0.004358299349523056,1.165015092147141
2024-09-06,-0.000560451850120606,0.0,0.0,-0.000560451850120606,1.1643621572833285
2024-09-09,-0.004774843936348797,0.40515942872952737,0.000607739143094291,-0.005382583079443088,1.1580948812371914
2024-09-10,0.0015941151765790868,0.0,0.0,0.0015941151765790868,1.15994101786329
2024-09-11,0.002525555802646018,0.0,0.0,0.002525555802646018,1.162870513631682
2024-09-12,0.003965854321820997,0.0,0.0,0.003965854321820997,1.1674822886838865
2024-09-13,0.006887531764246447,0.0,0.0,0.006887531764246447,1.175523360031392
2024-09-18,0.00030038088656587155,0.010710064369042621,1.606509655356393e-05,0.0002843157900123076,1.175857579884177
2024-09-19,0.002610747605947285,0.0,0.0,0.002610747605947285,1.1789274472457947
2024-09-20,0.00572603649396619,0.0,0.0,0.00572603649396619,1.1856780288324624
2024-09-23,0.0031522192452060668,0.004625507750608077,6.938261625912115e-06,0.0031452809835801547,1.1894073193891979
2024-09-24,-0.003028355997861655,0.0,0.0,-0.003028355997861655,1.185805370599625
2024-09-25,0.0013991531296213865,0.0,0.0,0.0013991531296213865,1.1874644938950212
2024-09-26,0.001521000940663531,0.0,0.0,0.001521000940663531,1.1892706285072399
2024-09-27,-0.005594900177137367,0.0,0.0,-0.005594900177137367,1.1826167780571404
2024-09-30,0.022651876563594818,0.9964174816247903,0.0014946262224371854,0.021157250341157632,1.2076376972881486
2024-10-08,0.013670995583400528,0.45119769203914195,0.0006767965380587129,0.012994199045341815,1.223329981901369
2024-10-09,-0.022278314547983603,0.0,0.0,-0.022278314547983603,1.1960762517685912
2024-10-10,0.0032780445268531795,0.0,0.0,0.0032780445268531795,1.1999970429794005
2024-10-11,-0.00037391930342054597,0.0,0.0,-0.00037391930342054597,1.1995483409209828
2024-10-14,0.005148295952487633,0.48077167449904884,0.0007211575117485733,0.0044271384407390596,1.2048589074925988
2024-10-15,-0.010524312445442666,0.0,0.0,-0.010524312445442666,1.192178595897472
2024-10-16,0.007289619475538885,0.0,0.0,0.007289619475538885,1.2008691242084468
2024-10-17,0.0021300412829008083,0.0,0.0,0.0021300412829008083,1.2034270250183718
2024-10-18,0.017882701308523638,0.0,0.0,0.017882701308523638,1.2249475510533807
2024-10-21,0.002690990085543398,0.40963544695118354,0.0006144531704267753,0.002076536915116623,1.2274911998622247
2024-10-22,0.0007845061726075434,0.0,0.0,0.0007845061726075434,1.2284541742853379
2024-10-23,0.007427365937974118,0.0,0.0,0.007427365937974118,1.237578352975787
2024-10-24,-0.008424325664942604,0.0,0.0,-0.008424325664942604,1.2271525898944358
2024-10-25,0.0017796308215775657,0.0,0.0,0.0017796308215775657,1.2293364684661907
2024-10-28,0.002626927421444438,0.007432021765548774,1.1148032648323161e-05,0.002615779388796115,1.2325521414623002
2024-10-29,0.003272718469294239,0.0,0.0,0.003272718469294239,1.236585937620032
2024-10-30,0.0009590131758448455,0.0,0.0,0.0009590131758448455,1.2377718398272741
2024-10-31,-0.0002945529088327508,0.0,0.0,-0.0002945529088327508,1.2374072505313818
2024-11-01,-0.0034987244613409645,0.0,0.0,-0.0034987244613409645,1.233077903515307
2024-11-04,0.0029937061064773647,0.820467620199705,0.0012307014302995573,0.0017630046761778074,1.235251825625296
2024-11-05,0.008787609907049628,0.0,0.0,0.008787609907049628,1.246106736805862
2024-11-06,-0.001328589168585331,0.0,0.0,-0.001328589168585331,1.2444511728924406
2024-11-07,0.0024484808885544837,0.0,0.0,0.0024484808885544837,1.247498187806007
2024-11-08,0.00014828730564855203,0.0,0.0,0.00014828730564855203,1.2476831759510782
2024-11-11,4.240297639476688e-05,1.5207253751729186,0.0022810880627593777,-0.0022386850863646106,1.2448900062325685
2024-11-12,-0.025770120631066457,0.0,0.0,-0.025770120631066457,1.2128090405995462
2024-11-13,-0.0008541196687364295,0.0,0.0,-0.0008541196687364295,1.2117731565435488
2024-11-14,-0.022028054989077957,0.0,0.0,-0.022028054989077957,1.1850801508169189
2024-11-15,-0.01866773838592612,0.0,0.0,-0.01866773838592612,1.1629573845951147
2024-11-18,-0.0046458365778160975,1.3834983339128597,0.0020752475008692893,-0.006721084078685387,1.1551410502333228
2024-11-19,0.014171093043903835,0.0,0.0,0.014171093043903835,1.171510661535012
2024-11-20,0.0029530474812444448,0.0,0.0,0.0029530474812444448,1.174970188143309
2024-11-21,0.0014711147582006391,0.0,0.0,0.0014711147582006391,1.1766987041275325
2024-11-22,-0.026133259698586125,0.0,0.0,-0.026133259698586125,1.145947731305578
2024-11-25,-0.004481405507985125,0.564961758267823,0.0008474426374017345,-0.005328848145386859,1.1398411498629
2024-11-26,-0.00254895027210266,0.0,0.0,-0.00254895027210266,1.1369357514538032
2024-11-27,0.021944360766837777,0.0,0.0,0.021944360766837777,1.1618850797524212
2024-11-28,-0.001406674288848045,0.0,0.0,-0.001406674288848045,1.1602506858841373
2024-11-29,0.009305315530764198,0.0,0.0,0.009305315530764198,1.1710471846110748
2024-12-02,0.005409897409809586,0.017784955574573325,2.6677433361859987e-05,0.0053832199764477255,1.177351189208636
2024-12-03,-0.0017925032960086165,0.0,0.0,-0.0017925032960086165,1.1752407833214198
2024-12-04,-0.0016357147637262124,0.0,0.0,-0.0016357147637262124,1.1733184246212078
2024-12-05,-0.0011442923719093617,0.0,0.0,-0.0011442923719093617,1.171975805298093
2024-12-06,0.010735162517919849,0.0,0.0,0.010735162517919849,1.1845571560350383
2024-12-09,0.003227661712886828,0.9577357522812986,0.001436603628421948,0.0017910580844648799,1.1866787667058656
2024-12-10,0.0004317865771734348,0.0,0.0,0.0004317865771734348,1.187191158668746
2024-12-11,-0.0015278739892704942,0.0,0.0,-0.0015278739892704942,1.1853772801771243
2024-12-12,0.009147753335384326,0.0,0.0,0.009147753335384326,1.1962208191455534
2024-12-13,-0.0032745572352232003,0.0,0.0,-0.0032745572352232003,1.1923037256072957
2024-12-16,-0.0037942444823616107,0.9100030878182335,0.00136500463172735,-0.005159249114088961,1.1861523336672313
2024-12-17,-0.005364123032831328,0.0,0.0,-0.005364123032831328,1.1797896666137604
2024-12-18,0.003411799461162184,0.0,0.0,0.003411799461162184,1.1838148723625979
2024-12-19,-0.005334977587431025,0.0,0.0,-0.005334977587431025,1.1774992465508758
2024-12-20,0.006849580433492878,0.0,0.0,0.006849580433492878,1.1855646223505034
2024-12-23,-0.0017521156237122585,0.6890308765703284,0.0010335463148554926,-0.0027856619385677513,1.182262040106309
2024-12-24,0.007784118444915343,0.0,0.0,0.007784118444915343,1.191464907859424
2024-12-25,0.003388180349660495,0.0,0.0,0.003388180349660495,1.1955018058475433
2024-12-26,0.0018299731485535826,0.0,0.0,0.0018299731485535826,1.1976895420512916
2024-12-27,-0.003000185670034141,0.0,0.0,-0.003000185670034141,1.1940962510500797
2024-12-30,0.0014939893599685635,1.135189205927271,0.0017027838088909063,-0.00020879444892234287,1.1938469303813815
2024-12-31,-0.015815806745540645,0.0,0.0,-0.015815806745540645,1.1749652780467126
2025-01-02,-0.022017263911749196,0.0,0.0,-0.022017263911749196,1.1490957574328164
2025-01-03,-0.00864323371040933,0.0,0.0,-0.00864323371040933,1.1391638542456848
2025-01-06,0.004269106344502333,1.4,0.0021,0.002169106344502333,1.1416348217893568
2025-01-07,-0.0014901004395984335,0.0,0.0,-0.0014901004395984335,1.1399336712395476
2025-01-08,0.0011700136684888345,0.0,0.0,0.0011700136684888345,1.1412674092160686
2025-01-09,0.0011516669863952842,0.0,0.0,0.0011516669863952842,1.1425817692139117
2025-01-10,0.0014038889640897387,0.0,0.0,0.0014038889640897387,1.1441858271502812
2025-01-13,0.00016823958211438858,0.9954460860043672,0.0014931691290065508,-0.0013249295468921623,1.1426698615407545
2025-01-14,0.004130348116355395,0.0,0.0,0.004130348116355395,1.1473894858509854
2025-01-15,0.0014696065457108585,0.0,0.0,0.0014696065457108585,1.1490756969498719
2025-01-16,-0.0003445902245756663,0.0,0.0,-0.0003445902245756663,1.1486797366974055
2025-01-17,0.0029852041667303075,0.0,0.0,0.0029852041667303075,1.1521087802336332
2025-01-20,0.0011757690347337932,0.5949801011883414,0.0008924701517825123,0.00028329888295128096,1.1524351713641117
2025-01-21,-0.0004063479876380811,0.0,0.0,-0.0004063479876380811,1.1519668816513446
2025-01-22,0.005995572506050024,0.0,0.0,0.005995572506050024,1.1588735826148537
2025-01-23,-0.0010502512527825881,0.0,0.0,-0.0010502512527825881,1.1576564741828959
2025-01-24,0.003316686346283271,0.0,0.0,0.003316686346283271,1.1614960576045046
2025-01-27,-0.0033056366861840976,0.4111972503003558,0.0006167958754505337,-0.003922432561634631,1.1569401676479465
2025-02-05,0.014850335174080256,0.4060327925276135,0.0006090491887914203,0.014241285985288836,1.1734164834432887
2025-02-06,-0.0011918075934097701,0.0,0.0,-0.0011918075934097701,1.1720179967680888
2025-02-07,-2.748680903495249e-05,0.0,0.0,-2.748680903495249e-05,1.1719857817332262
2025-02-10,0.003812163596808954,0.4680313689412795,0.0007020470534119193,0.003110116543397035,1.1756307941016209
2025-02-11,0.003058477069333687,0.0,0.0,0.003058477069333687,1.179226433927383
2025-02-12,-0.00343594712339419,0.0,0.0,-0.00343594712339419,1.1751746742538998
2025-02-13,0.0007734997475808124,0.0,0.0,0.0007734997475808124,1.1760836715677985
2025-02-14,0.0029530003568600943,0.0,0.0,0.0029530003568600943,1.1795566470696355
2025-02-17,-0.002420866579684269,0.7269907334870261,0.0010904861002305392,-0.003511352679914808,1.1754148076758362
2025-02-18,0.004968863194235446,0.0,0.0,0.004968863194235446,1.181255283051656
2025-02-19,0.005127593097408326,0.0,0.0,0.005127593097408326,1.187312279487309
2025-02-20,-0.0017361066010340583,0.0,0.0,-0.0017361066010340583,1.1852509788014023
2025-02-21,0.0028361037699028693,0.0,0.0,0.0028361037699028693,1.188612473570662
2025-02-24,0.0017945947898916938,0.7783731667166436,0.0011675597500749653,0.0006270350398167284,1.1893577752403541
2025-02-25,-0.007887377729593095,0.0,0.0,-0.007887377729593095,1.179976861211405
2025-02-26,0.01898683095775093,0.0,0.0,0.01898683095775093,1.2023808824092836
2025-02-27,-0.00441184523874041,0.0,0.0,-0.00441184523874041,1.1970761640380738
2025-02-28,-0.02346050744130064,0.0,0.0,-0.02346050744130064,1.168992149783855
2025-03-03,-0.002666839556374088,0.7837513071585505,0.0011756269607378258,-0.003842466517111914,1.1645003365895437
2025-03-04,0.003463269907184291,0.0,0.0,0.003463269907184291,1.1685333155621602
2025-03-05,0.010317736687637953,0.0,0.0,0.010317736687637953,1.180589934622863
2025-03-06,0.013085873041419446,0.0,0.0,0.013085873041419446,1.1960389846213153
2025-03-07,-0.003188697707509024,0.0,0.0,-0.003188697707509024,1.1922251778529618
2025-03-10,-0.005148055524598413,0.9294592075974788,0.0013941888113962182,-0.006542244335994631,1.1844253494359231
2025-03-11,-0.0023079840607741144,0.0,0.0,-0.0023079840607741144,1.1816917146082482
2025-03-12,-0.0010357802996588065,0.0,0.0,-0.0010357802996588065,1.180467741609987
2025-03-13,-0.0008693998047513362,0.0,0.0,-0.0008693998047513362,1.179441443185916
2025-03-14,0.016625024139912608,0.0,0.0,0.016625024139912608,1.199049685650495
2025-03-17,0.0007390976313605051,0.42186043477193996,0.00063279065215791,0.00010630697920259512,1.1991771530004904
2025-03-18,0.01107625499118199,0.0,0.0,0.01107625499118199,1.2124595449267235
2025-03-19,0.004682693233881695,0.0,0.0,0.004682693233881695,1.2181371210341072
2025-03-20,-0.005341939522859454,0.0,0.0,-0.005341939522859454,1.211629906202993
2025-03-21,-0.011760148957925211,0.0,0.0,-0.011760148957925211,1.1973809580241688
2025-03-24,0.0003706549759585157,0.42833017926796835,0.0006424952689019526,-0.00027184029294343684,1.1970554616337745
2025-03-25,-0.008463263252391308,0.0,0.0,-0.008463263252391308,1.186924466134255
2025-03-26,0.00409225069196503,0.0,0.0,0.00409225069196503,1.191781658602103
2025-03-27,0.005343519905849352,0.0,0.0,0.005343519905849352,1.1981499676182696
2025-03-28,0.0030732850368128733,0.0,0.0,0.0030732850368128733,1.2018322239856087
2025-03-31,2.1784662404677937e-05,0.021296439725636163,3.1944659588454246e-05,-1.015999718377631e-05,1.2018200133735977
2025-04-01,0.005513485760069456,0.0,0.0,0.005513485760069456,1.2084462309034993
2025-04-02,-0.003295943982459594,0.0,0.0,-0.003295943982459594,1.204463259820627
2025-04-03,-0.0016124610754645699,0.0,0.0,-0.0016124610754645699,1.2025211096973392
2025-04-07,-0.041863822365707,0.42220324950676325,0.0006333048742601449,-0.042497127239967146,1.1514174170897848
2025-04-08,-0.013792225325399454,0.0,0.0,-0.013792225325399454,1.135536808629693
2025-04-09,0.01157200467706419,0.0,0.0,0.01157200467706419,1.1486772458901344
2025-04-10,0.02153341682127558,0.0,0.0,0.02153341682127558,1.1734121918190015
2025-04-11,0.013864810756183031,0.0,0.0,0.013864810756183031,1.1896813297975697
2025-04-14,0.007546153787008795,0.419896234782186,0.000629844352173279,0.0069163094348355155,1.1979095340032961
2025-04-15,-0.0012241130464903294,0.0,0.0,-0.0012241130464903294,1.1964431573142076
2025-04-16,-7.095834755110365e-05,0.0,0.0,-7.095834755110365e-05,1.1963582596848257
2025-04-17,0.005918394987674743,0.0,0.0,0.005918394987674743,1.2034387804124076
2025-04-18,3.176234295857827e-05,0.0,0.0,3.176234295857827e-05,1.2034770044476808
2025-04-21,0.006859639191362677,0.4463984172348474,0.0006695976258522711,0.006190041565510406,1.210926577128348
2025-04-22,0.015934664819452368,0.0,0.0,0.015934664819452368,1.2302222862558547
2025-04-23,-0.021635465197048454,0.0,0.0,-0.021635465197048454,1.2036058547969328
2025-04-24,0.0041905373328221945,0.0,0.0,0.0041905373328221945,1.2086496100654627
2025-04-25,-0.002218888857702571,0.0,0.0,-0.002218888857702571,1.2059677509128217
2025-04-28,-0.0037047796657634947,0.9536015827651527,0.0014304023741477292,-0.005135182039911224,1.199774886977622
2025-04-29,0.002458255885800389,0.0,0.0,0.002458255885800389,1.2027242406551701
2025-04-30,-0.0038313905525722727,0.0,0.0,-0.0038313905525722727,1.1981161343621742
2025-05-06,0.0079067960026371,0.9132553699996884,0.0013698830549995324,0.006536912947637567,1.2059481152336597
2025-05-07,-0.008707193007432328,0.0,0.0,-0.008707193007432328,1.1954476922373711
2025-05-08,-0.006378095139680349,0.0,0.0,-0.006378095139680349,1.18782301312177
2025-05-09,0.001415609080378668,0.0,0.0,0.001415609080378668,1.189504506165028
2025-05-12,-0.003447950289936915,1.4,0.0021,-0.005547950289936915,1.1829051942951685
2025-05-13,-0.002369256159963633,0.0,0.0,-0.002369256159963633,1.1801025888769316
2025-05-14,0.0034460790847921684,0.0,0.0,0.0034460790847921684,1.1841693157263695
2025-05-15,-0.00920297361409855,0.0,0.0,-0.00920297361409855,1.1732714367591146
2025-05-16,0.0026529594075975216,0.0,0.0,0.0026529594075975216,1.1763840782549302
2025-05-19,0.0003123959332230891,1.0243600499660819,0.0015365400749491227,-0.0012241441417260336,1.1749440145771146
2025-05-20,0.0046159212154889325,0.0,0.0,0.0046159212154889325,1.180367463581013
2025-05-21,0.002827731041756489,0.0,0.0,0.002827731041756489,1.1837052252984606
2025-05-22,0.00026995035847369217,0.0,0.0,0.00026995035847369217,1.1840247669483572
2025-05-23,-0.003089384469427403,0.0,0.0,-0.003089384469427403,1.1803668592219296
2025-05-26,-0.003367187099735414,0.010432302197618662,1.5648453296427995e-05,-0.003382835553031842,1.176373872244933
2025-05-27,0.0017142681392124319,0.0,0.0,0.0017142681392124319,1.1783904924939244
2025-05-28,0.001334516010387556,0.0,0.0,0.001334516010387556,1.1799630734726458
2025-05-29,0.0006596153990754454,0.0,0.0,0.0006596153990754454,1.1807413952862489
2025-05-30,0.001726710849462566,0.0,0.0,0.001726710849462566,1.1827801942638991
2025-06-03,0.009257835203895608,1.0270309571679155,0.0015405464357518732,0.0077172887681437345,1.1919080505722748
2025-06-04,0.00033683712424298703,0.0,0.0,0.00033683712424298703,1.1923095294523915
2025-06-05,-0.00033340731080894453,0.0,0.0,-0.00033340731080894453,1.191912004738525
2025-06-06,0.0002573080526234949,0.0,0.0,0.0002573080526234949,1.192218693295363
2025-06-09,0.0021403578015231593,1.1409015575507047,0.0017113523363260568,0.0004290054651971025,1.1927301616304968
2025-06-10,0.007358378972710959,0.0,0.0,0.007358378972710959,1.2015067221719569
2025-06-11,0.005458665023703014,0.0,0.0,0.005458665023703014,1.2080653448920209
2025-06-12,0.005465687321232217,0.0,0.0,0.005465687321232217,1.2146682523308172
2025-06-13,0.0014009220945663651,0.0,0.0,0.0014009220945663651,1.2163699079230756
2025-06-16,-0.00024254870377081537,1.265790287267228,0.0018986854309008417,-0.002141234134671657,1.2137653751558433
2025-06-17,-0.006770265258432974,0.0,0.0,-0.006770265258432974,1.2055478616045368
2025-06-18,-0.0013949257937208267,0.0,0.0,-0.0013949257937208267,1.2038662117968195
2025-06-19,-0.008955742210856385,0.0,0.0,-0.008955742210856385,1.193084696347607
2025-06-20,0.0017866214096504988,0.0,0.0,0.0017866214096504988,1.195216287009628
2025-06-23,0.003990473503203968,1.0984003951438872,0.0016476005927158308,0.002342872910488137,1.198016526870637
2025-06-24,-0.0030624104976419465,0.0,0.0,-0.0030624104976419465,1.1943477084824
2025-06-25,0.0038003210279267067,0.0,0.0,0.0038003210279267067,1.1988866131936016
2025-06-26,0.002684689039841166,0.0,0.0,0.002684689039841166,1.2021052509440546
2025-06-27,-0.009089711097151289,0.0,0.0,-0.009089711097151289,1.1911784615046046
2025-06-30,-0.0006714683038481469,0.8265523090700495,0.0012398284636050744,-0.0019112967674532212,1.188901765961671
2025-07-01,0.006407995182837278,0.0,0.0,0.006407995182837278,1.1965202427508201
2025-07-02,0.002426566156479647,0.0,0.0,0.002426566156479647,1.1994236782774221
2025-07-03,0.002595247918611903,0.0,0.0,0.002595247918611903,1.2025364800820055
2025-07-04,-0.0001806786101360698,0.0,0.0,-0.0001806786101360698,1.2023192074621465
2025-07-07,-1.849953688295037e-05,1.0918218895929197,0.0016377328343893795,-0.0016562323712723298,1.2003278874701453
2025-07-08,0.0011309204272752986,0.0,0.0,0.0011309204272752986,1.2016853627975135
2025-07-09,-0.0015922896224550545,0.0,0.0,-0.0015922896224550545,1.199771931664875
2025-07-10,0.0045880108660474725,0.0,0.0,0.0045880108660474725,1.2052764983241322
2025-07-11,-0.0022139801434876167,0.0,0.0,-0.0022139801434876167,1.2026080400894303
2025-07-14,0.004098145941745469,1.4000000000000001,0.0021000000000000003,0.0019981459417454687,1.2050110264642455
2025-07-15,-0.00267424604126325,0.0,0.0,-0.00267424604126325,1.201788530497045
2025-07-16,0.0008482907501058041,0.0,0.0,0.0008482907501058041,1.2028079965910488
2025-07-17,0.0034245373229995018,0.0,0.0,0.0034245373229995018,1.206927057467777
2025-07-18,0.003622160857464263,0.0,0.0,0.003622160857464263,1.2112987414131513
2025-07-21,0.0010341596595130746,0.8030434209013322,0.0012045651313519982,-0.0001704054718389236,1.211092329479583
2025-07-22,0.0014774719234376095,0.0,0.0,0.0014774719234376095,1.2128816843930796
2025-07-23,-0.0012726137671527104,0.0,0.0,-0.0012726137671527104,1.2113381544635937
2025-07-24,0.007919971071568558,0.0,0.0,0.007919971071568558,1.2209319176048326
2025-07-25,-0.0019981590678458125,0.0,0.0,-0.0019981590678458125,1.218492301422448
2025-07-28,0.0053314213927246655,0.6552492902007649,0.0009828739353011475,0.004348547457423518,1.2237909730216887
2025-07-29,0.004198465965824369,0.0,0.0,0.004198465965824369,1.2289290177712033
2025-07-30,-0.002844795433399276,0.0,0.0,-0.002844795433399276,1.225432966113476
2025-07-31,-0.009425531357097602,0.0,0.0,-0.009425531357097602,1.2138826092653523
2025-08-01,-0.0036059688268897357,0.0,0.0,-0.0036059688268897357,1.209505386416838
2025-08-04,0.00238280055906033,0.6837934663675405,0.0010256901995513107,0.0013571103595090195,1.211146818706626
2025-08-05,0.012892641461550064,0.0,0.0,0.012892641461550064,1.2267617003975075
2025-08-06,0.002994869163657247,0.0,0.0,0.002994869163657247,1.2304356911851837
2025-08-07,-0.006818620245167323,0.0,0.0,-0.006818620245167323,1.222045817470892
2025-08-08,-0.004531561901164782,0.0,0.0,-0.004531561901164782,1.216508041202963
2025-08-11,0.006889186198457586,0.9143578461188411,0.0013715367691782615,0.005517649429279324,1.22322030610222
2025-08-12,0.0012540767679639626,0.0,0.0,0.0012540767679639626,1.2247543182702043
2025-08-13,0.013088324620592501,0.0,0.0,0.013088324620592501,1.240784300368197
2025-08-14,-0.0038238840727444086,0.0,0.0,-0.0038238840727444086,1.2360396850443078
2025-08-15,0.01625868958147041,0.0,0.0,0.01625868958147041,1.2561360705938218
2025-08-18,0.010425827808032629,0.6522516743093583,0.0009783775114640375,0.009447450296568592,1.268003353686484
2025-08-19,-0.009292104606810852,0.0,0.0,-0.009292104606810852,1.2562209338822423
2025-08-20,-0.0006311315469029505,0.0,0.0,-0.0006311315469029505,1.2554280932209894
2025-08-21,0.001674301400131327,0.0,0.0,0.001674301400131327,1.2575300582352333
2025-08-22,0.00910354130122524,0.0,0.0,0.00910354130122524,1.26897803505791
2025-08-25,0.0073104450779653656,0.3053198607547402,0.0004579797911321103,0.006852465286833255,1.2776736629928984
2025-08-26,-0.007221368927329625,0.0,0.0,-0.007221368927329625,1.268447110103694
2025-08-27,-0.01852866516270539,0.0,0.0,-0.01852866516270539,1.2449444783239814
2025-08-28,0.0036970643616215126,0.0,0.0,0.0036970643616215126,1.2495471181869904
2025-08-29,0.006331822501300835,0.0,0.0,0.006331822501300835,1.2574590287463625
2025-09-01,0.019074487572162707,1.3318291423036754,0.001997743713455513,0.017076743858707194,1.2789323344930827
2025-09-02,-0.019044952709164516,0.0,0.0,-0.019044952709164516,1.2545751286644407
2025-09-03,0.005030122854034065,0.0,0.0,0.005030122854034065,1.2608857956912385
2025-09-04,-0.03714487797636089,0.0,0.0,-0.03714487797636089,1.2140503466681607
2025-09-05,0.04541905606845055,0.0,0.0,0.04541905606845055,1.2691913674334039
2025-09-08,-0.009415883854812923,1.0024431260515345,0.0015036646890773018,-0.010919548543890226,1.2553323706852284
2025-09-09,-0.005902046791081849,0.0,0.0,-0.005902046791081849,1.2479233402950844
2025-09-10,0.0010231981541497888,0.0,0.0,0.0010231981541497888,1.2492002131533948
2025-09-11,0.012254694326189655,0.0,0.0,0.012254694326189655,1.2645087799178005
2025-09-12,-0.0033249160158834333,0.0,0.0,-0.0033249160158834333,1.2603043944232266
2025-09-15,-0.0033676700558881024,1.4000000000000001,0.0021000000000000003,-0.005467670055888102,1.2534134658245346
2025-09-16,-0.00014062886198738323,0.0,0.0,-0.00014062886198738323,1.253237199715236
2025-09-17,0.0008177133130073686,0.0,0.0,0.0008177133130073686,1.2542619884577992
2025-09-18,-0.013882454363612379,0.0,0.0,-0.013882454363612379,1.23684975364302
2025-09-19,-0.0008135599558593584,0.0,0.0,-0.0008135599558593584,1.2358435022120415
2025-09-22,0.005177512032392877,1.2207767082026526,0.0018311650623039789,0.003346346970088898,1.239979063371173
2025-09-23,0.0009035281761197813,0.0,0.0,0.0009035281761197813,1.2410994193927274
2025-09-24,0.0007011561474539751,0.0,0.0,0.0007011561474539751,1.241969623880236
2025-09-25,-0.001645744612748014,0.0,0.0,-0.001645744612748014,1.2399256590625385
2025-09-26,-0.0021092771327153054,0.0,0.0,-0.0021092771327153054,1.2373103122236109
2025-09-29,0.01045432235736432,0.8362012554080893,0.001254301883112134,0.009200020474252186,1.2486935924290714
2025-09-30,0.0037610233843733175,0.0,0.0,0.0037610233843733175,1.2533899582301142
2025-10-09,0.012178523665954111,1.2355491098241833,0.001853323664736275,0.010325200001217836,1.2663314602283582
2025-10-10,-0.03195779723166244,0.0,0.0,-0.03195779723166244,1.2258622961943053
2025-10-13,-0.012056845124173697,1.1954412917938686,0.0017931619376908028,-0.0138500070618645,1.208884094735141
2025-10-14,-0.03623934330506409,0.0,0.0,-0.03623934330506409,1.1650749290100026
2025-10-15,0.021367670618091687,0.0,0.0,0.021367670618091687,1.1899698663384848
2025-10-16,0.007167829807040478,0.0,0.0,0.007167829807040478,1.198499367815906
2025-10-17,-0.024945351646562267,0.0,0.0,-0.024945351646562267,1.1686023796375555
2025-10-20,0.017557046835121253,1.137552811124252,0.0017063292166863782,0.015850717618434877,1.1871255659654214
2025-10-21,0.02266378624541555,0.0,0.0,0.02266378624541555,1.2140303260389296
2025-10-22,-0.00014330173236459104,0.0,0.0,-0.00014330173236459104,1.213856353390065
2025-10-23,-0.0027754716936302538,0.0,0.0,-0.0027754716936302538,1.2104873294410976
2025-10-24,0.025541172277021237,0.0,0.0,0.025541172277021237,1.241404594861504
2025-10-27,0.024959891419860478,0.6733273194024254,0.0010099909791036381,0.02394990044075684,1.2711361113151352
2025-10-28,-0.0037763243530615238,0.0,0.0,-0.0037763243530615238,1.2663358890619199
2025-10-29,0.014564604192324996,0.0,0.0,0.014564604192324996,1.2847795700606428
2025-10-30,-0.017205153283230207,0.0,0.0,-0.017205153283230207,1.2626747406225869
2025-10-31,-0.0295797412687932,0.0,0.0,-0.0295797412687932,1.2253251484883303
2025-11-03,0.006892536173988775,1.6893132608470767,0.002533969891270615,0.00435856628271816,1.2306658093658982
2025-11-04,-0.01210560464061547,0.0,0.0,-0.01210560464061547,1.2157678556329916
2025-11-05,-0.004300006991721374,0.0,0.0,-0.004300006991721374,1.2105400453534596
2025-11-06,0.015312914639511321,0.0,0.0,0.015312914639511321,1.2290769417356673
2025-11-07,-0.0053670304761529305,0.0,0.0,-0.0053670304761529305,1.222480448331835
2025-11-10,-0.002644291223770201,1.4,0.0021,-0.0047442912237702015,1.2166806450695837
2025-11-11,-0.004498921101246649,0.0,0.0,-0.004498921101246649,1.2112068948420018
2025-11-12,0.004293999255646579,0.0,0.0,0.004293999255646579,1.2164078163468874
2025-11-13,0.008941411669495171,0.0,0.0,0.008941411669495171,1.2272842193908367
2025-11-14,-0.01267001780523851,0.0,0.0,-0.01267001780523851,1.2117345064790666
2025-11-17,-0.003406280348391573,1.168505809936925,0.0017527587149053876,-0.00515903906329696,1.2054831208257961
2025-11-18,-0.016465833248288812,0.0,0.0,-0.016465833248288812,1.1856338367746517
2025-11-19,0.008686462417765418,0.0,0.0,0.008686462417765418,1.1959328005390257
2025-11-20,-0.004591490175296067,0.0,0.0,-0.004591490175296067,1.1904416868350365
2025-11-21,-0.028495406709819013,0.0,0.0,-0.028495406709819013,1.156519566804349
2025-11-24,0.001550864072203425,1.3718314981985376,0.0020577472472978063,-0.0005068831750943813,1.1559333464942685
2025-11-25,0.01591651561399257,0.0,0.0,0.01591651561399257,1.1743317776524793
2025-11-26,0.017654553521248343,0.0,0.0,0.017654553521248343,1.1950640808727477
2025-11-27,0.004303738764439283,0.0,0.0,0.004303738764439283,1.200207324483589
2025-11-28,0.0023723926543017136,0.0,0.0,0.0023723926543017136,1.203054687523833
2025-12-01,0.0011317671025846397,0.6619742609257716,0.0009929613913886573,0.0001388057111959824,1.2032216783853424
2025-12-02,-0.0067854837413811216,0.0,0.0,-0.0067854837413811216,1.1950572372493815
2025-12-03,-0.0011169104977295141,0.0,0.0,-0.0011169104977295141,1.19372246527571
2025-12-04,0.004978571594069357,0.0,0.0,0.004978571594069357,1.199665498032534
2025-12-05,0.004599240609362881,0.0,0.0,0.004599240609362881,1.205183048308737
2025-12-08,0.008362855553637968,0.9164808797912711,0.0013747213196869067,0.006988134233951061,1.2136050292268006
2025-12-09,-0.0014416830735939105,0.0,0.0,-0.0014416830735939105,1.211855395398136
2025-12-10,0.001087783780083768,0.0,0.0,0.001087783780083768,1.213173632041057
2025-12-11,-0.004237947375163203,0.0,0.0,-0.004237947375163203,1.2080322660315315
2025-12-12,0.0070570997302225255,0.0,0.0,0.0070570997302225255,1.2165574702102429
2025-12-15,0.0025932299546680363,0.6774630761123047,0.001016194614168457,0.0015770353404995793,1.2184760243345132
2025-12-16,-0.011296419888677337,0.0,0.0,-0.011296419888677337,1.2047116075393443
2025-12-17,0.008604814611237192,0.0,0.0,0.008604814611237192,1.2150779275822259
2025-12-18,-0.00675047826120425,0.0,0.0,-0.00675047826120425,1.206875570446413
2025-12-19,0.002044259674402516,0.0,0.0,0.002044259674402516,1.2093427375070982
2025-12-22,0.009956565257199,1.0377129912318295,0.0015565694868477442,0.008399995770351255,1.219501211387063
2025-12-23,0.006314814684468326,0.0,0.0,0.006314814684468326,1.2272021355444567
2025-12-24,0.0007471172722717534,0.0,0.0,0.0007471172722717534,1.2281189994564907
2025-12-25,-0.0025915890648046036,0.0,0.0,-0.0025915890648046036,1.2249362196872204
2025-12-26,0.00611249667020166,0.0,0.0,0.00611249667020166,1.232423638251268
2025-12-29,-0.006170838170676677,0.0570256468126495,8.553847021897425e-05,-0.006256376640895652,1.2247131317892253
2025-12-30,-0.006008880616135909,0.0,0.0,-0.006008880616135909,1.2173539767912898
2025-12-31,-0.0018905814977761392,0.0,0.0,-0.0018905814977761392,1.215052469886524
2026-01-05,0.015471284502940903,0.8328839191022236,0.0012493258786533353,0.014221958624287568,1.2323328958395885
2026-01-06,0.017249013655243915,0.0,0.0,0.017249013655243915,1.2535894227877318
2026-01-07,0.0011441692875508165,0.0,0.0,0.0011441692875508165,1.2550237413044842
2026-01-08,-0.007909570388510345,0.0,0.0,-0.007909570388510345,1.2450970426833847
2026-01-09,0.010605515428735076,0.0,0.0,0.010605515428735076,1.2583019385798357
2026-01-12,0.021172628623825213,0.8898262425814613,0.0013347393638721919,0.019837889259953022,1.2832639930929668
2026-01-13,-0.007981175928947898,0.0,0.0,-0.007981175928947898,1.2730220374008077
2026-01-14,0.012699809605461385,0.0,0.0,0.012699809605461385,1.2891891748993545
2026-01-15,0.0032080928125410068,0.0,0.0,0.0032080928125410068,1.2933250134253549
2026-01-16,-0.00593505227315987,0.0,0.0,-0.00593505227315987,1.2856490618644902
2026-01-19,-0.005151533861092607,0.7553072479637778,0.0011329608719456666,-0.006284494733038273,1.2775694071066672
2026-01-20,-0.006726330029788865,0.0,0.0,-0.006726330029788865,1.2689760536385062
2026-01-21,0.01329988045822522,0.0,0.0,0.01329988045822522,1.2858532834562486
2026-01-22,0.0004338692557257553,0.0,0.0,0.0004338692557257553,1.2864111756633143
2026-01-23,0.01538677452913782,0.0,0.0,0.01538677452913782,1.3062048943750089
2026-01-26,0.013955752240871519,0.8879685977522351,0.0013319528966283527,0.012623799344243167,1.3226941628640672
2026-01-27,-0.0037067588104888307,0.0,0.0,-0.0037067588104888307,1.3177912546222885
2026-01-28,0.0228434515605192,0.0,0.0,0.0228434515605192,1.3478941553141286
2026-01-29,0.0014322380234499527,0.0,0.0,0.0014322380234499527,1.3498246605749555
2026-01-30,-0.024016754572807907,0.0,0.0,-0.024016754572807907,1.317406252985603
2026-02-02,-0.025915129297195652,0.2763205583571446,0.0004144808375357169,-0.026329610134731368,1.2827194599554348
2026-02-03,0.016240536629544788,0.0,0.0,0.016240536629544788,1.303551512330271
2026-02-04,0.00018425087392921324,0.0,0.0,0.00018425087392921324,1.3037916928356295
2026-02-05,-0.009906270462675225,0.0,0.0,-0.009906270462675225,1.2908759796994105
2026-02-06,0.0002937572600429047,0.0,0.0,0.0002937572600429047,1.2912551838902624
2026-02-09,0.024668656542701894,1.001789970647987,0.0015026849559719804,0.023165971586729915,1.3211683647914818
2026-02-10,-0.0007920311584252518,0.0,0.0,-0.0007920311584252518,1.320121958281041
2026-02-11,-0.00608239831322808,0.0,0.0,-0.00608239831322808,1.312092450708737
2026-02-12,0.010768404725846661,0.0,0.0,0.010768404725846661,1.3262215932556969
2026-02-13,-0.011375599264808875,0.0,0.0,-0.011375599264808875,1.3111350278744838
2026-02-24,0.0022287838442971663,1.0769145692247788,0.001615371853837168,0.0006134119904599982,1.311939293821694
2026-02-25,0.0075081128866967325,0.0,0.0,0.0075081128866967325,1.3217894821402005
2026-02-26,0.005679482491642819,0.0,0.0,0.005679482491642819,1.3292965623616535
2026-02-27,-0.00011000294521415688,0.0,0.0,-0.00011000294521415688,1.3291503358247307
2026-03-02,0.0005502385526157711,0.6288906594104158,0.0009433359891156236,-0.00039309743649985256,1.328627850234995
2026-03-03,-0.019422342382868656,0.0,0.0,-0.019422342382868656,1.3028227852283163
2026-03-04,-0.002557004361117142,0.0,0.0,-0.002557004361117142,1.2994914616847246
2026-03-05,0.012161511248011616,0.0,0.0,0.012161511248011616,1.3152952417126984
2026-03-06,0.00481309420684069,0.0,0.0,0.00481309420684069,1.321625881620871
2026-03-09,-0.0030386993952967387,0.6372890472251121,0.0009559335708376682,-0.0039946329661344065,1.3163464713052517
2026-03-10,-0.0008334010418332051,0.0,0.0,-0.0008334010418332051,1.3152494267846526
2026-03-11,0.0008208764769773841,0.0,0.0,0.0008208764769773841,1.3163290841004582
2026-03-12,-0.0011711229139654837,0.0,0.0,-0.0011711229139654837,1.314787500947749
2026-03-13,-0.009889359567772885,0.0,0.0,-0.009889359567772885,1.301785094595663
2026-03-16,-0.011987135314008154,0.5212788792246783,0.0007819183188370175,-0.012769053632845171,1.2851625309043326
2026-03-17,-0.009688074402582684,0.0,0.0,-0.009688074402582684,1.27271178068552
2026-03-18,0.001408546864754241,0.0,0.0,0.001408546864754241,1.2745044548739404
2026-03-19,-0.020332476555312073,0.0,0.0,-0.020332476555312073,1.2485906229255752
2026-03-20,-0.008220137907212785,0.0,0.0,-0.008220137907212785,1.2383270358154743
2026-03-23,-0.0283362537284202,0.5126442931654899,0.0007689664397482348,-0.029105220168168435,1.2022852547978695
2026-03-24,0.012118719961182455,0.0,0.0,0.012118719961182455,1.216855413114224
2026-03-25,0.01353887227584497,0.0,0.0,0.01353887227584497,1.233330263130548
2026-03-26,-0.011565249599542506,0.0,0.0,-0.011565249599542506,1.2190664907987738
2026-03-27,0.0043790958410072625,0.0,0.0,0.0043790958410072625,1.2244048997985422
2026-03-30,-0.00012792118289462503,0.9115630900922636,0.0013673446351383954,-0.0014952658180330204,1.2225740890044412
2026-03-31,-0.019652822144289865,0.0,0.0,-0.019652822144289865,1.1985470578750197
2026-04-01,0.0012454616595166225,0.0,0.0,0.0012454616595166225,1.2000398022827294
2026-04-02,-0.0011466137828897015,0.0,0.0,-0.0011466137828897015,1.1986638201054158
2026-04-03,-0.0069504913071294855,0.0,0.0,-0.0069504913071294855,1.1903325176436026
2026-04-07,0.003620799708334703,0.8211214454822766,0.001231682168223415,0.002389117540111288,1.19317636194007
2026-04-08,0.0010079716280191114,0.0,0.0,0.0010079716280191114,1.1943790498601285
2026-04-09,0.0010546070985732832,0.0,0.0,0.0010546070985732832,1.1956386504844982
2026-04-10,-0.0008918825732323833,0.0,0.0,-0.0008918825732323833,1.194572281208248
2026-04-13,-0.0046405505297706226,0.3392247398931997,0.0005088371098397995,-0.005149387639610422,1.1884209654687732
2026-04-14,-0.000955829946496693,0.0,0.0,-0.000955829946496693,1.1872850371209336
2026-04-15,-0.004211189390990537,0.0,0.0,-0.004211189390990537,1.182285154968528
2026-04-16,0.0018127638846651732,0.0,0.0,0.0018127638846651732,1.184428358798831
2026-04-17,-0.0012797873417562645,0.0,0.0,-0.0012797873417562645,1.182912542378023
2026-04-20,0.0024675356998941893,1.0966825632352082,0.0016450238448528123,0.0008225118550413771,1.183885501967606
2026-04-21,-0.0009263370213568046,0.0,0.0,-0.0009263370213568046,1.1827888249980858
2026-04-22,0.008205873117765723,0.0,0.0,0.008205873117765723,1.1924946400211311
2026-04-23,0.004892288900773447,0.0,0.0,0.004892288900773447,1.1983286683127383
2026-04-24,-0.014064420606597005,0.0,0.0,-0.014064420606597005,1.1814748698966449
2026-04-27,0.00026749999785129176,0.9520542792893272,0.0014280814189339907,-0.001160581421082699,1.1801036721131668
2026-04-28,-0.0015493320867264232,0.0,0.0,-0.0015493320867264232,1.1782752996282981
2026-04-29,0.010858152902385747,0.0,0.0,0.010858152902385747,1.1910691929927666
2026-04-30,-0.0011670815587287433,0.0,0.0,-0.0011670815587287433,1.1896791181024549
2026-05-06,0.0038276803593340876,0.6100931156826052,0.0009151396735239077,0.00291254068581018,1.193144106936987
2026-05-07,-0.00841835877125971,0.0,0.0,-0.00841835877125971,1.1830997917789772
2026-05-08,0.0014363286516443554,0.0,0.0,0.0014363286516443554,1.1847991119076637
2026-05-11,0.007041907787995964,0.6000000000000001,0.0009000000000000002,0.006141907787995964,1.1920760388003002
2026-05-12,-0.0016062762739781225,0.0,0.0,-0.0016062762739781225,1.1901612353423974
2026-05-13,0.011448915742190455,0.0,0.0,0.011448915742190455,1.2037872910454537
2026-05-14,-0.007138613727113138,0.0,0.0,-0.007138613727113138,1.1951939185650724
2026-05-15,-0.006822404725231058,0.0,0.0,-0.006822404725231058,1.1870398219274865
2026-05-18,0.0022552156857229147,0.8830420070982782,0.0013245630106474171,0.0009306526750754976,1.1881445437131843
2026-05-19,0.007164028352656907,0.0,0.0,0.007164028352656907,1.1966564449114
2026-05-20,0.013641668795692528,0.0,0.0,0.013641668795692528,1.2129808357951124
2026-05-21,-0.02518088135221736,0.0,0.0,-0.02518088135221736,1.1824369092864422
2026-05-22,0.011958506969906128,0.0,0.0,0.011958506969906128,1.1965770893076184
2026-05-25,0.02643257293029165,1.036936704264016,0.001555405056396024,0.024877167873895628,1.2263445384323814
2026-05-26,-0.0005140293381400582,0.0,0.0,-0.0005140293381400582,1.2257141613609595
2026-05-27,-0.0005430449128504568,0.0,0.0,-0.0005430449128504568,1.2250485435210237
2026-05-28,0.01017697346771759,0.0,0.0,0.01017697346771759,1.237515830045103
2026-05-29,-0.009365838069050655,0.0,0.0,-0.009365838069050655,1.2259254571730138
2026-06-01,-0.008637283390929819,0.8020390760033961,0.001203058614005094,-0.009840342004934912,1.2138619314018753
2026-06-02,0.01770050206127668,0.0,0.0,0.01770050206127668,1.2353478970207594
2026-06-03,0.010336394939355925,0.0,0.0,0.010336394939355925,1.2481169407718689
2026-06-04,-0.0056692741820801775,0.0,0.0,-0.0056692741820801775,1.241041023623334
2026-06-05,-0.019886240374404514,0.0,0.0,-0.019886240374404514,1.2163613835130633
2026-06-08,-0.023263227053161823,1.3325706319307764,0.0019988559478961647,-0.025262083001057988,1.1856335612834745
2026-06-09,0.029035153514526412,0.0,0.0,0.029035153514526412,1.2200586137473148
2026-06-10,-0.022962508843765127,0.0,0.0,-0.022962508843765127,1.1920430070392303
2026-06-11,-0.011237114283045382,0.0,0.0,-0.011237114283045382,1.1786478835388254
2026-06-12,-0.0010332995067660173,0.0,0.0,-0.0010332995067660173,1.177429987262114
2026-06-15,0.037553055101886404,0.542351167105852,0.0008135267506587778,0.036739528351227624,1.2206882096607157
2026-06-16,0.010214175097233085,0.0,0.0,0.010214175097233085,1.2331565327733183
2026-06-17,0.016930638617939614,0.0,0.0,0.016930638617939614,1.2540346603890546
2026-06-18,0.011901596734278347,0.0,0.0,0.011901596734278347,1.268959675207813
2026-06-22,0.00952413175678099,0.37807172516224924,0.0005671075877433738,0.008957024169037616,1.2803257776881833
2026-06-23,-0.014202089993597861,0.0,0.0,-0.014202089993597861,1.2621424757723325
2026-06-24,0.02014643432421162,0.0,0.0,0.02014643432421162,1.2875701462682778
2026-06-25,0.013618360923449528,0.0,0.0,0.013618360923449528,1.3051047412344179
2026-06-26,-0.004858208873569318,0.0,0.0,-0.004858208873569318,1.2987642697996153
2026-06-29,0.04424283656740401,0.7525689337173498,0.0011288534005760248,0.04311398316682799,1.3547591706654336
2026-06-30,0.029335037518689426,0.0,0.0,0.029335037518689426,1.3945010817656927
2026-07-01,0.005427759889826581,0.0,0.0,0.005427759889826581,1.4020700988036203
2026-07-02,-0.05171953576821732,0.0,0.0,-0.05171953576821732,1.3295556841789986
2026-07-03,-0.018489724317335095,0.0,0.0,-0.018489724317335095,1.304972566113983
2026-07-06,-0.00946109912560333,0.7780312023255359,0.0011670468034883038,-0.010628145929091634,1.2911031272478624
2026-07-07,0.003817340599994016,0.0,0.0,0.003817340599994016,1.2960317076342849
2026-07-08,0.021654122307163643,0.0,0.0,0.021654122307163643,1.3240961367453596
2026-07-09,0.03334911800840656,0.0,0.0,0.03334911800840656,1.3682535750641558
2026-07-10,-0.02671960377272386,0.0,0.0,-0.02671960377272386,1.3316943816778286
2026-07-13,-0.020396651916137477,0.7088755482245267,0.00106331332233679,-0.021459965238474266,1.303116266538751
2026-07-14,0.0005912723702671304,0.0,0.0,0.0005912723702671304,1.3038867631824012
2026-07-15,-0.020421065105842566,0.0,0.0,-0.020421065105842566,1.277260006700807
2026-07-16,-0.025300204555653513,0.0,0.0,-0.025300204555653513,1.2449450672605213
2026-07-17,-0.02703785080621057,0.0,0.0,-0.02703785080621057,1.2112844282700035
