date,gross_return,turnover,cost,net_return,nav
2018-01-02,0.0,0.0,0.0,0.0,1.0
2018-01-03,0.0,0.0,0.0,0.0,1.0
2018-01-04,0.0,0.0,0.0,0.0,1.0
2018-01-05,0.0,0.0,0.0,0.0,1.0
2018-01-08,0.0,0.0,0.0,0.0,1.0
2018-01-09,0.0,0.0,0.0,0.0,1.0
2018-01-10,0.0,0.0,0.0,0.0,1.0
2018-01-11,0.0,0.0,0.0,0.0,1.0
2018-01-12,0.0,0.0,0.0,0.0,1.0
2018-01-15,0.0,0.0,0.0,0.0,1.0
2018-01-16,0.0,0.0,0.0,0.0,1.0
2018-01-17,0.0,0.0,0.0,0.0,1.0
2018-01-18,0.0,0.0,0.0,0.0,1.0
2018-01-19,0.0,0.0,0.0,0.0,1.0
2018-01-22,0.0,0.0,0.0,0.0,1.0
2018-01-23,0.0,0.0,0.0,0.0,1.0
2018-01-24,0.0,0.0,0.0,0.0,1.0
2018-01-25,0.0,0.0,0.0,0.0,1.0
2018-01-26,0.0,0.0,0.0,0.0,1.0
2018-01-29,0.0,0.0,0.0,0.0,1.0
2018-01-30,0.0,0.0,0.0,0.0,1.0
2018-01-31,0.0,0.0,0.0,0.0,1.0
2018-02-01,0.0,0.0,0.0,0.0,1.0
2018-02-02,0.0,0.0,0.0,0.0,1.0
2018-02-05,0.0,1.0,0.0015,-0.0015,0.9985
2018-02-06,0.0,0.0,0.0,0.0,0.9985
2018-02-07,0.0,0.0,0.0,0.0,0.9985
2018-02-08,-1.0000000000065512e-05,0.0,0.0,-1.0000000000065512e-05,0.998490015
2018-02-09,-0.00010000100000995271,0.0,0.0,-0.00010000100000995271,0.9983901650000001
2018-02-12,9.000990108920526e-05,0.0,0.0,9.000990108920526e-05,0.9984800300000002
2018-02-13,0.00014000280005599386,0.0,0.0,0.00014000280005599386,0.9986198200000002
2018-02-14,-0.0001099868015838057,0.0,0.0,-0.0001099868015838057,0.9985099850000002
2018-02-22,-8.999910000895284e-05,0.0,0.0,-8.999910000895284e-05,0.9984201200000002
2018-02-23,5.0004000319958664e-05,0.0,0.0,5.0004000319958664e-05,0.9984700450000001
2018-02-26,2.0000600017944237e-05,0.0,0.0,2.0000600017944237e-05,0.9984900150000001
2018-02-27,0.0,0.0,0.0,0.0,0.9984900150000001
2018-02-28,1.0000100000961964e-05,0.0,0.0,1.0000100000961964e-05,0.9985
2018-03-01,1.0000000000065512e-05,0.0,0.0,1.0000000000065512e-05,0.9985099850000001
2018-03-02,-9.999900001056439e-06,0.0,0.0,-9.999900001056439e-06,0.9985
2018-03-05,0.0,0.0,0.0,0.0,0.9985
2018-03-06,0.0,0.0,0.0,0.0,0.9985
2018-03-07,0.0,0.0,0.0,0.0,0.9985
2018-03-08,0.0,0.0,0.0,0.0,0.9985
2018-03-09,-0.00013999999999991797,0.0,0.0,-0.00013999999999991797,0.9983602100000001
2018-03-12,8.001120156819752e-05,0.0,0.0,8.001120156819752e-05,0.9984400900000001
2018-03-13,5.000300017998782e-05,0.0,0.0,5.000300017998782e-05,0.9984900150000001
2018-03-14,-1.0000100000850942e-05,0.0,0.0,-1.0000100000850942e-05,0.9984800300000003
2018-03-15,2.000040000793568e-05,0.0,0.0,2.000040000793568e-05,0.9985000000000003
2018-03-16,-4.999999999999449e-05,0.0,0.0,-4.999999999999449e-05,0.9984500750000003
2018-03-19,5.000250012487939e-05,0.0,0.0,5.000250012487939e-05,0.9985000000000002
2018-03-20,0.0,0.0,0.0,0.0,0.9985000000000002
2018-03-21,1.0000000000065512e-05,0.0,0.0,1.0000000000065512e-05,0.9985099850000002
2018-03-22,-9.999900001056439e-06,0.0,0.0,-9.999900001056439e-06,0.9985000000000002
2018-03-23,-5.999999999994898e-05,0.0,0.0,-5.999999999994898e-05,0.9984400900000002
2018-03-26,-4.000240014401246e-05,0.0,0.0,-4.000240014401246e-05,0.9984001500000003
2018-03-27,0.0,0.0,0.0,0.0,0.9984001500000003
2018-03-28,-2.0002000200025627e-05,0.0,0.0,-2.0002000200025627e-05,0.9983801800000003
2018-03-29,-0.00040004800576076693,0.0,0.0,-0.00040004800576076693,0.9979807800000002
2018-03-30,0.0004602393244488301,0.0,0.0,0.0004602393244488301,0.9984400900000003
2018-04-02,6.0003600216074204e-05,0.0,0.0,6.0003600216074204e-05,0.9985000000000004
2018-04-03,0.00016000000000016001,0.0,0.0,0.00016000000000016001,0.9986597600000006
2018-04-04,-0.00014997600383936938,0.0,0.0,-0.00014997600383936938,0.9985099850000005
2018-04-09,-9.999900001056439e-06,0.0,0.0,-9.999900001056439e-06,0.9985000000000005
2018-04-10,0.0,0.0,0.0,0.0,0.9985000000000005
2018-04-11,0.0,0.0,0.0,0.0,0.9985000000000005
2018-04-12,1.0000000000065512e-05,0.0,0.0,1.0000000000065512e-05,0.9985099850000005
2018-04-13,-1.9999800002112877e-05,0.0,0.0,-1.9999800002112877e-05,0.9984900150000005
2018-04-16,0.0,0.0,0.0,0.0,0.9984900150000005
2018-04-17,0.0,0.0,0.0,0.0,0.9984900150000005
2018-04-18,2.0000200002145974e-05,0.0,0.0,2.0000200002145974e-05,0.9985099850000005
2018-04-19,-9.999900001056439e-06,0.0,0.0,-9.999900001056439e-06,0.9985000000000005
2018-04-20,-1.0000000000065512e-05,0.0,0.0,-1.0000000000065512e-05,0.9984900150000005
2018-04-23,-9.000090000899075e-05,0.0,0.0,-9.000090000899075e-05,0.9984001500000005
2018-04-24,0.00010001000100023916,0.0,0.0,0.00010001000100023916,0.9985000000000006
2018-04-25,0.0,0.0,0.0,0.0,0.9985000000000006
2018-04-26,0.0,0.0,0.0,0.0,0.9985000000000006
2018-04-27,0.0,0.0,0.0,0.0,0.9985000000000006
2018-05-02,0.0,0.0,0.0,0.0,0.9985000000000006
2018-05-03,1.0000000000065512e-05,0.0,0.0,1.0000000000065512e-05,0.9985099850000007
2018-05-04,0.0,0.0,0.0,0.0,0.9985099850000007
2018-05-07,0.0,0.0,0.0,0.0,0.9985099850000007
2018-05-08,-1.9999800002112877e-05,0.0,0.0,-1.9999800002112877e-05,0.9984900150000006
2018-05-09,1.0000100000961964e-05,0.0,0.0,1.0000100000961964e-05,0.9985000000000005
2018-05-10,1.0000000000065512e-05,0.0,0.0,1.0000000000065512e-05,0.9985099850000005
2018-05-11,-9.999900001056439e-06,0.0,0.0,-9.999900001056439e-06,0.9985000000000005
2018-05-14,-4.999999999999449e-05,0.0,0.0,-4.999999999999449e-05,0.9984500750000005
2018-05-15,-5.0002500125101434e-05,0.0,0.0,-5.0002500125101434e-05,0.9984001500000004
2018-05-16,6.000600059996586e-05,0.0,0.0,6.000600059996586e-05,0.9984600600000003
2018-05-17,4.0001600064121234e-05,0.0,0.0,4.0001600064121234e-05,0.9985000000000004
2018-05-18,0.0,0.0,0.0,0.0,0.9985000000000004
2018-05-21,-1.0000000000065512e-05,0.0,0.0,-1.0000000000065512e-05,0.9984900150000003
2018-05-22,0.0,0.0,0.0,0.0,0.9984900150000003
2018-05-23,1.0000100000961964e-05,0.0,0.0,1.0000100000961964e-05,0.9985000000000003
2018-05-24,0.0,0.0,0.0,0.0,0.9985000000000003
2018-05-25,0.0,0.0,0.0,0.0,0.9985000000000003
2018-05-28,0.0,0.0,0.0,0.0,0.9985000000000003
2018-05-29,0.0,0.0,0.0,0.0,0.9985000000000003
2018-05-30,0.0,0.0,0.0,0.0,0.9985000000000003
2018-05-31,1.0000000000065512e-05,0.0,0.0,1.0000000000065512e-05,0.9985099850000003
2018-06-01,0.0,0.0,0.0,0.0,0.9985099850000003
2018-06-04,-9.999900001056439e-06,0.0,0.0,-9.999900001056439e-06,0.9985000000000003
2018-06-05,0.0,0.0,0.0,0.0,0.9985000000000003
2018-06-06,0.0,0.0,0.0,0.0,0.9985000000000003
2018-06-07,1.0000000000065512e-05,0.0,0.0,1.0000000000065512e-05,0.9985099850000003
2018-06-08,0.0,0.0,0.0,0.0,0.9985099850000003
2018-06-11,-1.9999800002112877e-05,0.0,0.0,-1.9999800002112877e-05,0.9984900150000002
2018-06-12,2.0000200002145974e-05,0.0,0.0,2.0000200002145974e-05,0.9985099850000003
2018-06-13,-1.9999800002112877e-05,0.0,0.0,-1.9999800002112877e-05,0.9984900150000002
2018-06-14,1.0000100000961964e-05,0.0,0.0,1.0000100000961964e-05,0.9985000000000002
2018-06-15,-1.0000000000065512e-05,0.0,0.0,-1.0000000000065512e-05,0.9984900150000001
2018-06-19,-1.0000100000850942e-05,0.0,0.0,-1.0000100000850942e-05,0.9984800300000003
2018-06-20,1.0000200003856818e-05,0.0,0.0,1.0000200003856818e-05,0.9984900150000001
2018-06-21,1.0000100000961964e-05,0.0,0.0,1.0000100000961964e-05,0.9985
2018-06-22,-4.999999999999449e-05,0.0,0.0,-4.999999999999449e-05,0.998450075
2018-06-25,3.0001500074927634e-05,0.0,0.0,3.0001500074927634e-05,0.99848003
2018-06-26,-1.0000200004078863e-05,0.0,0.0,-1.0000200004078863e-05,0.9984700449999999
2018-06-27,1.0000300008972118e-05,0.0,0.0,1.0000300008972118e-05,0.9984800299999999
2018-06-28,2.000040000793568e-05,0.0,0.0,2.000040000793568e-05,0.9984999999999998
2018-06-29,1.0000000000065512e-05,0.0,0.0,1.0000000000065512e-05,0.9985099849999999
2018-07-02,9.999900000945416e-06,0.0,0.0,9.999900000945416e-06,0.9985199699999998
2018-07-03,-9.999800003934745e-06,0.0,0.0,-9.999800003934745e-06,0.9985099849999999
2018-07-04,0.0,0.0,0.0,0.0,0.9985099849999999
2018-07-05,-9.999900001056439e-06,0.0,0.0,-9.999900001056439e-06,0.9984999999999998
2018-07-06,1.999999999990898e-05,0.0,0.0,1.999999999990898e-05,0.9985199699999997
2018-07-09,-5.9998800024052557e-05,0.0,0.0,-5.9998800024052557e-05,0.9984600599999996
2018-07-10,1.000040001608582e-05,0.0,0.0,1.000040001608582e-05,0.9984700449999997
2018-07-11,3.0000900026916355e-05,0.0,0.0,3.0000900026916355e-05,0.9984999999999996
2018-07-12,-1.0000000000065512e-05,0.0,0.0,-1.0000000000065512e-05,0.9984900149999996
2018-07-13,1.0000100000961964e-05,0.0,0.0,1.0000100000961964e-05,0.9984999999999995
2018-07-16,0.0,0.0,0.0,0.0,0.9984999999999995
2018-07-17,0.0,0.0,0.0,0.0,0.9984999999999995
2018-07-18,0.0,0.0,0.0,0.0,0.9984999999999995
2018-07-19,0.0,0.0,0.0,0.0,0.9984999999999995
2018-07-20,-2.999999999997449e-05,0.0,0.0,-2.999999999997449e-05,0.9984700449999995
2018-07-23,2.0000600017944237e-05,0.0,0.0,2.0000600017944237e-05,0.9984900149999995
2018-07-24,1.0000100000961964e-05,0.0,0.0,1.0000100000961964e-05,0.9984999999999994
2018-07-25,0.0,0.0,0.0,0.0,0.9984999999999994
2018-07-26,2.999999999997449e-05,0.0,0.0,2.999999999997449e-05,0.9985299549999994
2018-07-27,-3.9998800036022963e-05,0.0,0.0,-3.9998800036022963e-05,0.9984900149999993
2018-07-30,1.0000100000961964e-05,0.0,0.0,1.0000100000961964e-05,0.9984999999999993
2018-07-31,0.0,0.0,0.0,0.0,0.9984999999999993
2018-08-01,0.0,0.0,0.0,0.0,0.9984999999999993
2018-08-02,1.0000000000065512e-05,0.0,0.0,1.0000000000065512e-05,0.9985099849999993
2018-08-03,0.0,0.0,0.0,0.0,0.9985099849999993
2018-08-06,-9.999900001056439e-06,0.0,0.0,-9.999900001056439e-06,0.9984999999999993
2018-08-07,0.0,0.0,0.0,0.0,0.9984999999999993
2018-08-08,1.0000000000065512e-05,0.0,0.0,1.0000000000065512e-05,0.9985099849999993
2018-08-09,0.0,0.0,0.0,0.0,0.9985099849999993
2018-08-10,0.0,0.0,0.0,0.0,0.9985099849999993
2018-08-13,-9.999900001056439e-06,0.0,0.0,-9.999900001056439e-06,0.9984999999999993
2018-08-14,0.0,0.0,0.0,0.0,0.9984999999999993
2018-08-15,0.0,0.0,0.0,0.0,0.9984999999999993
2018-08-16,0.0,0.0,0.0,0.0,0.9984999999999993
2018-08-17,1.0000000000065512e-05,0.0,0.0,1.0000000000065512e-05,0.9985099849999993
2018-08-20,-9.999900001056439e-06,0.0,0.0,-9.999900001056439e-06,0.9984999999999993
2018-08-21,1.0000000000065512e-05,0.0,0.0,1.0000000000065512e-05,0.9985099849999993
2018-08-22,-9.999900001056439e-06,0.0,0.0,-9.999900001056439e-06,0.9984999999999993
2018-08-23,1.0000000000065512e-05,0.0,0.0,1.0000000000065512e-05,0.9985099849999993
2018-08-24,-9.999900001056439e-06,0.0,0.0,-9.999900001056439e-06,0.9984999999999993
2018-08-27,0.0,0.0,0.0,0.0,0.9984999999999993
2018-08-28,1.0000000000065512e-05,0.0,0.0,1.0000000000065512e-05,0.9985099849999993
2018-08-29,-1.9999800002112877e-05,0.0,0.0,-1.9999800002112877e-05,0.9984900149999992
2018-08-30,2.0000200002145974e-05,0.0,0.0,2.0000200002145974e-05,0.9985099849999993
2018-08-31,0.0,0.0,0.0,0.0,0.9985099849999993
2018-09-03,-9.999900001056439e-06,0.0,0.0,-9.999900001056439e-06,0.9984999999999993
2018-09-04,0.0,0.0,0.0,0.0,0.9984999999999993
2018-09-05,0.0,0.0,0.0,0.0,0.9984999999999993
2018-09-06,0.0,0.0,0.0,0.0,0.9984999999999993
2018-09-07,0.0,0.0,0.0,0.0,0.9984999999999993
2018-09-10,0.0,0.0,0.0,0.0,0.9984999999999993
2018-09-11,0.0,0.0,0.0,0.0,0.9984999999999993
2018-09-12,1.0000000000065512e-05,0.0,0.0,1.0000000000065512e-05,0.9985099849999993
2018-09-13,0.0,0.0,0.0,0.0,0.9985099849999993
2018-09-14,-9.999900001056439e-06,0.0,0.0,-9.999900001056439e-06,0.9984999999999993
2018-09-17,-1.0000000000065512e-05,0.0,0.0,-1.0000000000065512e-05,0.9984900149999992
2018-09-18,1.0000100000961964e-05,0.0,0.0,1.0000100000961964e-05,0.9984999999999992
2018-09-19,0.0,0.0,0.0,0.0,0.9984999999999992
2018-09-20,0.0,0.0,0.0,0.0,0.9984999999999992
2018-09-21,-1.0000000000065512e-05,0.0,0.0,-1.0000000000065512e-05,0.9984900149999991
2018-09-25,1.0000100000961964e-05,0.0,0.0,1.0000100000961964e-05,0.998499999999999
2018-09-26,-1.0000000000065512e-05,0.0,0.0,-1.0000000000065512e-05,0.998490014999999
2018-09-27,1.0000100000961964e-05,0.0,0.0,1.0000100000961964e-05,0.9984999999999989
2018-09-28,1.0000000000065512e-05,0.0,0.0,1.0000000000065512e-05,0.998509984999999
2018-10-08,-9.999900001056439e-06,0.0,0.0,-9.999900001056439e-06,0.9984999999999989
2018-10-09,0.0,0.0,0.0,0.0,0.9984999999999989
2018-10-10,0.0,0.0,0.0,0.0,0.9984999999999989
2018-10-11,0.0,0.0,0.0,0.0,0.9984999999999989
2018-10-12,0.0,0.0,0.0,0.0,0.9984999999999989
2018-10-15,1.0000000000065512e-05,0.0,0.0,1.0000000000065512e-05,0.998509984999999
2018-10-16,-1.9999800002112877e-05,0.0,0.0,-1.9999800002112877e-05,0.9984900149999989
2018-10-17,1.0000100000961964e-05,0.0,0.0,1.0000100000961964e-05,0.9984999999999988
2018-10-18,0.0,0.0,0.0,0.0,0.9984999999999988
2018-10-19,0.0,0.0,0.0,0.0,0.9984999999999988
2018-10-22,-1.0000000000065512e-05,0.0,0.0,-1.0000000000065512e-05,0.9984900149999988
2018-10-23,1.0000100000961964e-05,0.0,0.0,1.0000100000961964e-05,0.9984999999999987
2018-10-24,0.0,0.0,0.0,0.0,0.9984999999999987
2018-10-25,0.0,0.0,0.0,0.0,0.9984999999999987
2018-10-26,0.0,0.0,0.0,0.0,0.9984999999999987
2018-10-29,1.0000000000065512e-05,0.0,0.0,1.0000000000065512e-05,0.9985099849999988
2018-10-30,-9.999900001056439e-06,0.0,0.0,-9.999900001056439e-06,0.9984999999999987
2018-10-31,0.0,0.0,0.0,0.0,0.9984999999999987
2018-11-01,0.0,0.0,0.0,0.0,0.9984999999999987
2018-11-02,0.0,0.0,0.0,0.0,0.9984999999999987
2018-11-05,0.0,0.0,0.0,0.0,0.9984999999999987
2018-11-06,0.0,0.0,0.0,0.0,0.9984999999999987
2018-11-07,0.0,0.0,0.0,0.0,0.9984999999999987
2018-11-08,0.0,0.0,0.0,0.0,0.9984999999999987
2018-11-09,0.0,0.0,0.0,0.0,0.9984999999999987
2018-11-12,0.0,0.0,0.0,0.0,0.9984999999999987
2018-11-13,0.0,0.0,0.0,0.0,0.9984999999999987
2018-11-14,0.0,0.0,0.0,0.0,0.9984999999999987
2018-11-15,2.999999999997449e-05,0.0,0.0,2.999999999997449e-05,0.9985299549999987
2018-11-16,-3.9998800036022963e-05,0.0,0.0,-3.9998800036022963e-05,0.9984900149999987
2018-11-19,1.0000100000961964e-05,0.0,0.0,1.0000100000961964e-05,0.9984999999999986
2018-11-20,0.0,0.0,0.0,0.0,0.9984999999999986
2018-11-21,1.0000000000065512e-05,0.0,0.0,1.0000000000065512e-05,0.9985099849999987
2018-11-22,-9.999900001056439e-06,0.0,0.0,-9.999900001056439e-06,0.9984999999999986
2018-11-23,1.0000000000065512e-05,0.0,0.0,1.0000000000065512e-05,0.9985099849999987
2018-11-26,-9.999900001056439e-06,0.0,0.0,-9.999900001056439e-06,0.9984999999999986
2018-11-27,0.0,0.0,0.0,0.0,0.9984999999999986
2018-11-28,0.0,0.0,0.0,0.0,0.9984999999999986
2018-11-29,0.0,0.0,0.0,0.0,0.9984999999999986
2018-11-30,0.0,0.0,0.0,0.0,0.9984999999999986
2018-12-03,1.0000000000065512e-05,0.0,0.0,1.0000000000065512e-05,0.9985099849999987
2018-12-04,-9.999900001056439e-06,0.0,0.0,-9.999900001056439e-06,0.9984999999999986
2018-12-05,0.0,0.0,0.0,0.0,0.9984999999999986
2018-12-06,1.0000000000065512e-05,0.0,0.0,1.0000000000065512e-05,0.9985099849999987
2018-12-07,-9.999900001056439e-06,0.0,0.0,-9.999900001056439e-06,0.9984999999999986
2018-12-10,1.0000000000065512e-05,0.0,0.0,1.0000000000065512e-05,0.9985099849999987
2018-12-11,-9.999900001056439e-06,0.0,0.0,-9.999900001056439e-06,0.9984999999999986
2018-12-12,0.0,0.0,0.0,0.0,0.9984999999999986
2018-12-13,0.0,0.0,0.0,0.0,0.9984999999999986
2018-12-14,1.0000000000065512e-05,0.0,0.0,1.0000000000065512e-05,0.9985099849999987
2018-12-17,-9.999900001056439e-06,0.0,0.0,-9.999900001056439e-06,0.9984999999999986
2018-12-18,1.0000000000065512e-05,0.0,0.0,1.0000000000065512e-05,0.9985099849999987
2018-12-19,-9.999900001056439e-06,0.0,0.0,-9.999900001056439e-06,0.9984999999999986
2018-12-20,1.0000000000065512e-05,0.0,0.0,1.0000000000065512e-05,0.9985099849999987
2018-12-21,-9.999900001000928e-05,0.0,0.0,-9.999900001000928e-05,0.9984101349999986
2018-12-24,9.000810072912202e-05,0.0,0.0,9.000810072912202e-05,0.9984999999999987
2018-12-25,0.0,0.0,0.0,0.0,0.9984999999999987
2018-12-26,-1.999999999990898e-05,0.0,0.0,-1.999999999990898e-05,0.9984800299999989
2018-12-27,-3.0000600012014544e-05,0.0,0.0,-3.0000600012014544e-05,0.9984500749999988
2018-12-28,6.000300015007731e-05,0.0,0.0,6.000300015007731e-05,0.9985099849999989
2019-01-02,-9.999900001056439e-06,0.0,0.0,-9.999900001056439e-06,0.9984999999999988
2019-01-03,1.0000000000065512e-05,0.0,0.0,1.0000000000065512e-05,0.9985099849999989
2019-01-04,9.999900000945416e-06,0.0,0.0,9.999900000945416e-06,0.9985199699999988
2019-01-07,-9.999800003934745e-06,0.0,0.0,-9.999800003934745e-06,0.9985099849999989
2019-01-08,0.0,0.0,0.0,0.0,0.9985099849999989
2019-01-09,0.0,0.0,0.0,0.0,0.9985099849999989
2019-01-10,0.0,0.0,0.0,0.0,0.9985099849999989
2019-01-11,0.0,0.0,0.0,0.0,0.9985099849999989
2019-01-14,0.0,0.0,0.0,0.0,0.9985099849999989
2019-01-15,-9.999900001056439e-06,0.0,0.0,-9.999900001056439e-06,0.9984999999999988
2019-01-16,1.0000000000065512e-05,0.0,0.0,1.0000000000065512e-05,0.9985099849999989
2019-01-17,0.0,0.0,0.0,0.0,0.9985099849999989
2019-01-18,0.0,0.0,0.0,0.0,0.9985099849999989
2019-01-21,-0.0025611508002672126,2.0,0.003,-0.005561150800267213,0.9929571203978413
2019-01-22,-0.0017106895332278708,0.0,0.0,-0.0017106895332278708,0.9912584790450327
2019-01-23,0.0005676021723598603,0.0,0.0,0.0005676021723598603,0.991821119511109
2019-01-24,0.001333001088893411,0.0,0.0,0.001333001088893411,0.9931432181434048
2019-01-25,-0.000658068362828976,0.0,0.0,-0.000658068362828976,0.9924896620117865
2019-01-28,0.0036574387626124756,0.2845616910153501,0.0004268425365230252,0.0032305962260894506,0.9956959953683145
2019-01-29,0.0006840981137067822,0.0,0.0,0.0006840981137067822,0.9963771491205715
2019-01-30,-0.00018509169056286348,0.0,0.0,-0.00018509169056286348,0.9961927279896026
2019-01-31,0.000908221535439347,0.0,0.0,0.000908221535439347,0.997097491678611
2019-02-01,0.005432426651815803,0.0,0.0,0.005432426651815803,1.0025141506668644
2019-02-11,0.0021033237653111285,0.7582074861086379,0.0011373112291629568,0.0009660125361481717,1.0034825919040746
2019-02-12,0.0022635791148964387,0.0,0.0,0.0022635791148964387,1.0057540541412708
2019-02-13,0.004903860886646441,0.0,0.0,0.004903860886646441,1.0106861321089604
2019-02-14,-0.0005428492035623405,0.0,0.0,-0.0005428492035623405,1.0101374819470936
2019-02-15,-0.0030564077670544683,0.0,0.0,-0.0030564077670544683,1.0070500899014776
2019-02-18,0.009496708367150608,0.1706507625283907,0.00025597614379258606,0.009240732223358023,1.0163559701177658
2019-02-19,0.0010099055146335957,0.0,0.0,0.0010099055146335957,1.0173823936168185
2019-02-20,0.0025767926091143376,0.0,0.0,0.0025767926091143376,1.0200039770493332
2019-02-21,-0.0019144391011205943,0.0,0.0,-0.0019144391011205943,1.0180512415523715
2019-02-22,0.00437043193928741,0.0,0.0,0.00437043193928741,1.0225005652142831
2019-02-25,0.012994576761926852,0.25289580355680097,0.0003793437053352014,0.012615233056591652,1.0353996481449579
2019-02-26,-0.00364499812845631,0.0,0.0,-0.00364499812845631,1.0316256183652652
2019-02-27,-0.0016304253686025112,0.0,0.0,-0.0016304253686025112,1.0299436297861824
2019-02-28,-0.004145652342664777,0.0,0.0,-0.004145652342664777,1.0256738415645468
2019-03-01,0.0033221185740405362,0.0,0.0,0.0033221185740405362,1.029081251684516
2019-03-04,-0.0023092700976261185,0.16221641070031045,0.00024332461605046566,-0.002552594713676584,1.0264544243215223
2019-03-05,-1.7984111507830932e-05,0.0,0.0,-1.7984111507830932e-05,1.0264359644506975
2019-03-06,0.006802344379430036,0.0,0.0,0.006802344379430036,1.0334181353643237
2019-03-07,-0.000893751744954028,0.0,0.0,-0.000893751744954028,1.0324945161025747
2019-03-08,-0.009531697267811752,0.0,0.0,-0.009531697267811752,1.0226530909444091
2019-03-11,0.008791759662832401,0.4923134211281573,0.000738470131692236,0.008053289531140165,1.0308888123757
2019-03-12,0.004116008235435431,0.0,0.0,0.004116008235435431,1.0351319592172568
2019-03-13,-0.005081395766896153,0.0,0.0,-0.005081395766896153,1.0298720440615112
2019-03-14,-0.006114295957008945,0.0,0.0,-0.006114295957008945,1.0235751015862693
2019-03-15,0.0020817561435602524,0.0,0.0,0.0020817561435602524,1.0257059353423919
2019-03-18,0.006189892761510361,0.491969604455901,0.0007379544066838514,0.005451938354826509,1.0312980208720584
2019-03-19,0.001546019498711586,0.0,0.0,0.001546019498711586,1.0328924277213092
2019-03-20,-0.0007963512603123767,0.0,0.0,-0.0007963512603123767,1.032069882534726
2019-03-21,0.0027260809472078075,0.0,0.0,0.0027260809472078075,1.0348833885776911
2019-03-22,-0.0006979941499732237,0.0,0.0,-0.0006979941499732237,1.0341610460265596
2019-03-25,-0.014683278814988593,0.7569743150259429,0.0011354614725389144,-0.015818740287527507,1.0178019210239877
2019-03-26,-0.0047498425063162465,0.0,0.0,-0.0047498425063162465,1.0129675221964975
2019-03-27,0.006298760046406871,0.0,0.0,0.006298760046406871,1.0193479615536165
2019-03-28,-0.004615585239485988,0.0,0.0,-0.004615585239485988,1.0146430741483694
2019-03-29,0.015378923060863744,0.0,0.0,0.015378923060863744,1.0302471919199354
2019-04-01,0.012848827379448376,0.295536597233762,0.000443304895850643,0.012405522483597733,1.0430279466229615
2019-04-02,0.0003035820616749168,0.0,0.0,0.0003035820616749168,1.043344591197382
2019-04-03,0.008646480053591142,0.0,0.0,0.008646480053591142,1.0523658493941923
2019-04-04,0.0031346828469866438,0.0,0.0,0.0031346828469866438,1.055664682571043
2019-04-08,-0.0013341507868571386,0.24539215777414364,0.00036808823666121545,-0.001702239023518354,1.0538676889526204
2019-04-09,0.0032039744220645834,0.0,0.0,0.0032039744220645834,1.057244254072265
2019-04-10,-0.0006139902579240897,0.0,0.0,-0.0006139902579240897,1.0565951164000185
2019-04-11,-0.008237268741884053,0.0,0.0,-0.008237268741884053,1.0478916584748692
2019-04-12,-0.002190555415412085,0.0,0.0,-0.002190555415412085,1.045596193727632
2019-04-15,-0.003262362165444262,0.4396089935935095,0.0006594134903902643,-0.003921775655834526,1.0414956000292377
2019-04-16,0.010219018451812795,0.0,0.0,0.010219018451812795,1.0521386627834182
2019-04-17,0.0003617624835053717,0.0,0.0,0.0003617624835053717,1.0525192870790587
2019-04-18,-0.003324470313513391,0.0,0.0,-0.003324470313513391,1.049020217954764
2019-04-19,0.0050583423328938075,0.0,0.0,0.0050583423328938075,1.0543265213313062
2019-04-22,-0.008949390275820661,0.1514810120314905,0.00022722151804723575,-0.009176611793867896,1.0446513761410696
2019-04-23,-0.0013307931528014154,0.0,0.0,-0.0013307931528014154,1.0432611612426366
2019-04-24,0.004376208511910878,0.0,0.0,0.004376208511910878,1.0478266896166126
2019-04-25,-0.012283606387288037,0.0,0.0,-0.012283606387288037,1.0349555989992671
2019-04-26,-0.0033527027851915714,0.0,0.0,-0.0033527027851915714,1.0314857004799527
2019-04-29,0.00033716947640863174,0.7061812124060978,0.0010592718186091467,-0.000722102342200515,1.0307408622396899
2019-04-30,0.0007191145817862258,0.0,0.0,0.0007191145817862258,1.0314820830237692
2019-05-06,-0.027282853854476753,0.3583047312785554,0.0005374570969178331,-0.027820310951394586,1.0027859307332558
2019-05-07,0.0073458681006846275,0.0,0.0,0.0073458681006846275,1.0101522639136447
2019-05-08,-0.010778566928917353,0.0,0.0,-0.010778566928917353,0.999264270128654
2019-05-09,-0.008084999427725949,0.0,0.0,-0.008084999427725949,0.9911852190765168
2019-05-10,0.013067468833943453,0.0,0.0,0.013067468833943453,1.0041375010354645
2019-05-13,-0.005722961684554655,0.27018332764809105,0.00040527499147213655,-0.006128236676026791,0.9979839087738451
2019-05-14,-0.006444971186420309,0.0,0.0,-0.006444971186420309,0.9915519312372866
2019-05-15,0.011010883716746292,0.0,0.0,0.011010883716746292,1.0024697942512555
2019-05-16,0.0020773944036996173,0.0,0.0,0.0020773944036996173,1.004552319391711
2019-05-17,-0.00662941441329162,0.0,0.0,-0.00662941441329162,0.9978927257666301
2019-05-20,-0.003761075455153199,0.2880045975503781,0.0004320068963255672,-0.004193082351478766,0.9937084793895491
2019-05-21,0.0022624803411751904,0.0,0.0,0.0022624803411751904,0.9959567252890271
2019-05-22,-0.0020932099839724573,0.0,0.0,-0.0020932099839724573,0.9938719787280477
2019-05-23,-0.008294915499314865,0.0,0.0,-0.008294915499314865,0.9856278946473617
2019-05-24,0.0008035351774998634,0.0,0.0,0.0008035351774998634,0.9864198813326358
2019-05-27,0.0016443434761513193,0.8011861200563797,0.0012017791800845695,0.0004425642960667498,0.9868564355530441
2019-05-28,0.0003894685002912516,0.0,0.0,0.0003894685002912516,0.9872407850490017
2019-05-29,-0.0010029179531962711,0.0,0.0,-0.0010029179531962711,0.9862506635415484
2019-05-30,-0.0023952701836238406,0.0,0.0,-0.0023952701836238406,0.9838883267335882
2019-05-31,0.0027825927076688623,0.0,0.0,0.0027825927076688623,0.9866260872167175
2019-06-03,0.003280541367564963,0.19683809819266057,0.00029525714728899084,0.0029852842202759723,0.9895714465061982
2019-06-04,0.0021460028081019093,0.0,0.0,0.0021460028081019093,0.991695069609218
2019-06-05,0.0067015706107998434,0.0,0.0,0.0067015706107998434,0.9983409841425862
2019-06-06,-0.0006086792687884382,0.0,0.0,-0.0006086792687884382,0.9977333146823567
2019-06-10,0.00516548441750825,0.1969693545810678,0.00029545403187160167,0.0048700303856366485,1.0025923062416218
2019-06-11,0.004170204059905212,0.0,0.0,0.004170204059905212,1.0067733207475402
2019-06-12,0.0018514046754790734,0.0,0.0,0.0018514046754790734,1.0086372655807199
2019-06-13,2.4764106920661868e-05,0.0,0.0,2.4764106920661868e-05,1.008662243581809
2019-06-14,0.004854758269323251,0.0,0.0,0.004854758269323251,1.013559054949792
2019-06-17,-0.0028414359061758668,0.2007265165414296,0.0003010897748121444,-0.003142525680988011,1.0103739195904142
2019-06-18,0.0032482950612772723,0.0,0.0,0.0032482950612772723,1.0136559122034632
2019-06-19,0.0032524630862879756,0.0,0.0,0.0032524630862879756,1.0169527906401026
2019-06-20,0.015438941012475027,0.0,0.0,0.015438941012475027,1.0326534647872672
2019-06-21,0.001958633883925308,0.0,0.0,0.001958633883925308,1.0346760548537524
2019-06-24,0.0020692973730204807,0.09678552661714147,0.0001451782899257122,0.0019241190830947684,1.0366668947957176
2019-06-25,0.0005725285961210391,0.0,0.0,0.0005725285961210391,1.0372604162376402
2019-06-26,-0.0067342948745932425,0.0,0.0,-0.0067342948745932425,1.0302751987329526
2019-06-27,0.0036205847132974277,0.0,0.0,0.0036205847132974277,1.0340053973679746
2019-06-28,-0.00010976199372794888,0.0,0.0,-0.00010976199372794888,1.033891902874034
2019-07-01,0.0050858308238273045,0.07007550386102368,0.00010511325579153552,0.0049807175680357686,1.039041426438129
2019-07-02,0.0016459160537495457,0.0,0.0,0.0016459160537495457,1.0407516014024143
2019-07-03,0.005273521371274662,0.0,0.0,0.005273521371274662,1.0462400272145982
2019-07-04,-0.0024237480065482197,0.0,0.0,-0.0024237480065482197,1.0437042050342658
2019-07-05,0.0022807545378623908,0.0,0.0,0.0022807545378623908,1.0460846381360838
2019-07-08,-0.00848923576311704,0.08558461673244155,0.00012837692509866234,-0.008617612688215702,1.0370698858855347
2019-07-09,-0.0037695305580707126,0.0,0.0,-0.0037695305580707126,1.0331606192598344
2019-07-10,0.000677910895206513,0.0,0.0,0.000677910895206513,1.0338610101001289
2019-07-11,0.006244227191127532,0.0,0.0,0.006244227191127532,1.0403166731312428
2019-07-12,0.001795026514498688,0.0,0.0,0.001795026514498688,1.0421840691429882
2019-07-15,0.0026770355411801284,0.05700513597748393,8.55077039662259e-05,0.0025915278372139025,1.044884918169673
2019-07-16,-0.001705931274126726,0.0,0.0,-0.001705931274126726,1.043102416309904
2019-07-17,-0.002859779571388227,0.0,0.0,-0.002859779571388227,1.0401193733288752
2019-07-18,-0.0017661470174390325,0.0,0.0,-0.0017661470174390325,1.0382823695998897
2019-07-19,0.008357524971022415,0.0,0.0,0.008357524971022415,1.0469598404307932
2019-07-22,-0.0048773703577372485,0.2363388129587011,0.0003545082194380516,-0.0052318785771753,1.0414822736704803
2019-07-23,0.00011642488971287641,0.0,0.0,0.00011642488971287641,1.0416035281293303
2019-07-24,0.0034652906589560735,0.0,0.0,0.0034652906589560735,1.0452129871056925
2019-07-25,0.003984274296810814,0.0,0.0,0.003984274296810814,1.0493774023449105
2019-07-26,-0.0021121361872647477,0.0,0.0,-0.0021121361872647477,1.04716097435932
2019-07-29,0.0011215842990386351,0.2052663260161586,0.0003078994890242379,0.0008136848100143972,1.0480130333377962
2019-07-30,0.00196098602828785,0.0,0.0,0.00196098602828785,1.0500681722536351
2019-07-31,-0.002388243569885266,0.0,0.0,-0.002388243569885266,1.0475603536933091
2019-08-01,-0.00800512142742657,0.0,0.0,-0.00800512142742657,1.0391745058594362
2019-08-02,0.0002327082946108729,0.0,0.0,0.0002327082946108729,1.0394163303864978
2019-08-05,0.0005341200646264395,0.3404623088111029,0.0005106934632166544,2.3426601409785148e-05,1.0394406803785687
2019-08-06,-0.005822945678236463,0.0,0.0,-0.005822945678236463,1.033388073760975
2019-08-07,0.0038920926727624553,0.0,0.0,0.0038920926727624553,1.03741011591098
2019-08-08,0.007323260459463442,0.0,0.0,0.007323260459463442,1.0450073403930784
2019-08-09,0.00011383293616370706,0.0,0.0,0.00011383293616370706,1.045126296646948
2019-08-12,0.004805709797921989,0.3324143952590384,0.0004986215928885576,0.004307088205033432,1.0496277477920062
2019-08-13,-0.001429646731688329,0.0,0.0,-0.001429646731688329,1.048127150912886
2019-08-14,-0.0018589521327293955,0.0,0.0,-0.0018589521327293955,1.046178732710325
2019-08-15,-0.0005988596221024968,0.0,0.0,-0.0005988596221024968,1.0455522185098023
2019-08-16,0.0013366259040584413,0.0,0.0,0.0013366259040584413,1.0469497306891082
2019-08-19,0.010973431561606576,0.4934768013209162,0.0007402152019813742,0.010233216359625201,1.0576633938009012
2019-08-20,-0.0022862653627363917,0.0,0.0,-0.0022862653627363917,1.05524529461822
2019-08-21,-0.0006844806668339264,0.0,0.0,-0.0006844806668339264,1.0545229996152865
2019-08-22,0.002993402531524029,0.0,0.0,0.002993402531524029,1.0576796114318854
2019-08-23,0.005359226044206958,0.0,0.0,0.005359226044206958,1.0633479555518979
2019-08-26,-0.00014367789346535122,0.33886601810165573,0.0005082990271524836,-0.0006519769206178349,1.062654677226292
2019-08-27,0.0066420680151956365,0.0,0.0,0.0066420680151956365,1.0697129018690947
2019-08-28,-0.0013896710808587336,0.0,0.0,-0.0013896710808587336,1.0682263527845457
2019-08-29,0.0016582420782725264,0.0,0.0,0.0016582420782725264,1.0699977306718527
2019-08-30,0.0007943999929689218,0.0,0.0,0.0007943999929689218,1.0708477368615752
2019-09-02,0.006030453288453552,0.543086008972022,0.000814629013458033,0.0052158242749955185,1.0764330904823218
2019-09-03,0.0007676762745075095,0.0,0.0,0.0007676762745075095,1.07725944262698
2019-09-04,0.0031168917924435605,0.0,0.0,0.0031168917924435605,1.0806171437420362
2019-09-05,0.0034985736003507453,0.0,0.0,0.0034985736003507453,1.0843977623532186
2019-09-06,-0.003175182432043626,0.0,0.0,-0.003175182432043626,1.0809546016288472
2019-09-09,0.003386076186152256,0.23802133766759373,0.0003570320065013906,0.003029044179650865,1.0842288608733777
2019-09-10,-0.0034845172551243773,0.0,0.0,-0.0034845172551243773,1.0804508466991605
2019-09-11,-0.005167910041403986,0.0,0.0,-0.005167910041403986,1.0748671739192606
2019-09-12,0.0042187646618636184,0.0,0.0,0.0042187646618636184,1.0794017855687883
2019-09-16,-0.001497933917235803,0.6215800879273045,0.0009323701318909567,-0.00243030404912676,1.0767785110386858
2019-09-17,-0.007570863479681875,0.0,0.0,-0.007570863479681875,1.0686263679337569
2019-09-18,0.0015383972097945946,0.0,0.0,0.0015383972097945946,1.0702703397564992
2019-09-19,0.004117103295891584,0.0,0.0,0.004117103295891584,1.0746767532998056
2019-09-20,0.00016163659119605676,0.0,0.0,0.00016163659119605676,1.0748504603868467
2019-09-23,-0.0019053494037838204,0.19368527665085072,0.0002905279149762761,-0.0021958773187600966,1.0724902206398244
2019-09-24,0.0019283981494055498,0.0,0.0,0.0019283981494055498,1.0745584087965618
2019-09-25,-0.0038115662946413007,0.0,0.0,-0.0038115662946413007,1.0704626581839696
2019-09-26,-0.0077205934008566885,0.0,0.0,-0.0077205934008566885,1.0621980512493308
2019-09-27,0.001123194961070965,0.0,0.0,0.001123194961070965,1.0633911067481534
2019-09-30,-0.003770371600524209,0.34897667541564814,0.0005234650131234722,-0.004293836613647682,1.058825079079371
2019-10-08,-0.0025205558661058457,0.1565072059792569,0.00023476080896888538,-0.002755316675074731,1.0559076806829961
2019-10-09,-0.00032980574954411023,0.0,0.0,-0.00032980574954411023,1.0555594362589191
2019-10-10,0.00561424349043383,0.0,0.0,0.00561424349043383,1.0614856039527019
2019-10-11,0.0022654883242355884,0.0,0.0,0.0022654883242355884,1.063890387194801
2019-10-14,0.0010890340952768682,0.9319419023626383,0.0013979128535439574,-0.00030887875826708915,1.0635617740530718
2019-10-15,-0.00040235435158358305,0.0,0.0,-0.00040235435158358305,1.0631338453451036
2019-10-16,-0.0022409844534416086,0.0,0.0,-0.0022409844534416086,1.0607513789257577
2019-10-17,0.0015876043801038128,0.0,0.0,0.0015876043801038128,1.0624354324611414
2019-10-18,-0.004927641190720254,0.0,0.0,-0.004927641190720254,1.0572001318616653
2019-10-21,-0.001316251525914497,0.7660608421411914,0.001149091263211787,-0.002465342789126284,1.0545937711399167
2019-10-22,0.0032549983516832522,0.0,0.0,0.0032549983516832522,1.0580264721266726
2019-10-23,-0.0031132556447434957,0.0,0.0,-0.0031132556447434957,1.0547325652400361
2019-10-24,0.000365777333056602,0.0,0.0,0.000365777333056602,1.0551183625048375
2019-10-25,0.006657392066560719,0.0,0.0,0.006657392066560719,1.0621426991206597
2019-10-28,0.003971373479322537,0.19759857534750197,0.000296397863021253,0.003674975616301284,1.0660460476409606
2019-10-29,-0.002312494896432058,0.0,0.0,-0.002312494896432058,1.0635808215964293
2019-10-30,-0.0016809932128712603,0.0,0.0,-0.0016809932128712603,1.0617929494539857
2019-10-31,0.0006132158755365361,0.0,0.0,0.0006132158755365361,1.0624440577471237
2019-11-01,0.008541617953975799,0.0,0.0,0.008541617953975799,1.0715190489858715
2019-11-04,0.0018081039513232716,0.33779269156120295,0.0005066890373418044,0.0013014149139814672,1.0729135398568368
2019-11-05,0.0005843368340660708,0.0,0.0,0.0005843368340660708,1.0735404827579433
2019-11-06,-0.0066306749950792426,0.0,0.0,-0.0066306749950792426,1.066422184722715
2019-11-07,0.0030433070983209836,0.0,0.0,0.0030433070983209836,1.0696676349272887
2019-11-08,-0.005132671040918893,0.0,0.0,-0.005132671040918893,1.0641773828340892
2019-11-11,-0.008052958063140221,0.5978581656055566,0.0008967872484083349,-0.008949745311548556,1.0546532662914139
2019-11-12,0.001987848096184862,0.0,0.0,0.001987848096184862,1.0567497567789463
2019-11-13,-0.00019249432878331888,0.0,0.0,-0.00019249432878331888,1.0565463384438232
2019-11-14,0.0006884818554413808,0.0,0.0,0.0006884818554413808,1.0572737514272748
2019-11-15,-0.0015632275345123774,0.0,0.0,-0.0015632275345123774,1.0556209919875266
2019-11-18,0.005511257784324148,0.38259087538180014,0.0005738863130727002,0.004937371471251447,1.06083298495782
2019-11-19,0.007969076176350306,0.0,0.0,0.007969076176350306,1.0692868438253338
2019-11-20,-0.005549238969062963,0.0,0.0,-0.005549238969062963,1.0633531156024718
2019-11-21,-0.005134678938670638,0.0,0.0,-0.005134678938670638,1.057893138755418
2019-11-22,-0.004938024375997693,0.0,0.0,-0.004938024375997693,1.052669236649043
2019-11-25,0.0016847771271827742,0.5732841040080672,0.0008599261560121008,0.0008248509711706734,1.0535375318912144
2019-11-26,0.0039451327935273025,0.0,0.0,0.0039451327935273025,1.0576938773574902
2019-11-27,-0.0004499727820264818,0.0,0.0,-0.0004499727820264818,1.0572179439009632
2019-11-28,0.0006427416612774232,0.0,0.0,0.0006427416612774232,1.0578974619185584
2019-11-29,-0.0038545684268554503,0.0,0.0,-0.0038545684268554503,1.0538197237629965
2019-12-02,0.0034869562688256556,0.43932648006001696,0.0006589897200900254,0.00282796654873563,1.056799890690196
2019-12-03,-0.0013213860216156955,0.0,0.0,-0.0013213860216156955,1.055403450086993
2019-12-04,-0.0008392799429000775,0.0,0.0,-0.0008392799429000775,1.0545176711396675
2019-12-05,0.004434683990343111,0.0,0.0,0.004434683990343111,1.0591941237734046
2019-12-06,0.00217295202128304,0.0,0.0,0.00217295202128304,1.061495701785589
2019-12-09,-0.0009940338734274671,0.3777941220736778,0.0005666911831105167,-0.0015607250565379837,1.0598389988464048
2019-12-10,0.0007148413192886208,0.0,0.0,0.0007148413192886208,1.0605966155545736
2019-12-11,-0.001638789298207031,0.0,0.0,-0.001638789298207031,1.0588585211712882
2019-12-12,0.0024375555144161413,0.0,0.0,0.0024375555144161413,1.0614395475985556
2019-12-13,0.007143659383589721,0.0,0.0,0.007143659383589721,1.0690221101828712
2019-12-16,0.00389572382163634,0.3553730991975936,0.0005330596487963904,0.0033626641728399494,1.072616872532757
2019-12-17,0.007472687809155222,0.0,0.0,0.007472687809155222,1.0806322035600269
2019-12-18,-0.0020749349939298053,0.0,0.0,-0.0020749349939298053,1.0783899619852926
2019-12-19,-6.955196107878985e-05,0.0,0.0,-6.955196107878985e-05,1.0783149578486289
2019-12-20,0.0008618033904474595,0.0,0.0,0.0008618033904474595,1.079244253335273
2019-12-23,-0.004050978106724222,0.18220376878574943,0.00027330565317862414,-0.0043242837599028455,1.074577294937607
2019-12-24,0.0057204864530391066,0.0,0.0,0.0057204864530391066,1.080724399796041
2019-12-25,-0.0005924246836587104,0.0,0.0,-0.0005924246836587104,1.0800841519853694
2019-12-26,0.004611298099347376,0.0,0.0,0.004611298099347376,1.0850647419825548
2019-12-27,0.00010543382247548143,0.0,0.0,0.00010543382247548143,1.0851791445059353
2019-12-30,0.0036061666789269425,0.24217560473920516,0.0003632634071088078,0.003242903271818135,1.0886982755041625
2019-12-31,-0.001166582154571851,0.0,0.0,-0.001166582154571851,1.0874282195242462
2020-01-02,0.010069514942034159,0.0,0.0,0.010069514942034159,1.0983780942291352
2020-01-03,0.001153401895101313,0.0,0.0,0.001153401895101313,1.099644965604557
2020-01-06,-0.006136141811031609,0.10495397552023157,0.00015743096328034735,-0.0062935727743119564,1.092724269987619
2020-01-07,0.006084484523135264,0.0,0.0,0.006084484523135264,1.099372933896413
2020-01-08,-0.00829462317433539,0.0,0.0,-0.00829462317433539,1.0902540496816788
2020-01-09,0.011079516507969196,0.0,0.0,0.011079516507969196,1.1023335374230072
2020-01-10,0.005042464821972086,0.0,0.0,0.005042464821972086,1.1078920155075427
2020-01-13,0.004684444582101052,0.5896444233017836,0.0008844666349526754,0.003799977947148376,1.1121019807342931
2020-01-14,-0.0005257169937230992,0.0,0.0,-0.0005257169937230992,1.111517329824268
2020-01-15,-0.0011211799815651535,0.0,0.0,-0.0011211799815651535,1.1102711188449064
2020-01-16,-0.0004211066185878321,0.0,0.0,-0.0004211066185878321,1.1098035763283338
2020-01-17,0.0013202106777918858,0.0,0.0,0.0013202106777918858,1.111268750860054
2020-01-20,0.004760691307325665,0.30153811535445174,0.0004523071730316776,0.0043083841342939876,1.116056523515196
2020-01-21,-0.007441946980744171,0.0,0.0,-0.007441946980744171,1.1077508900396822
2020-01-22,0.005713466513224767,0.0,0.0,0.005713466513224767,1.1140799876549188
2020-01-23,-0.014720654632611319,0.0,0.0,-0.014720654632611319,1.0976800009235468
2020-02-03,-0.032421023402499215,0.38812168948874287,0.0005821825342331143,-0.03300320593673233,1.0614530418004344
2020-02-04,0.023673152338647224,0.0,0.0,0.023673152338647224,1.0865809813592966
2020-02-05,0.015575829706223452,0.0,0.0,0.015575829706223452,1.10350538168697
2020-02-06,0.014580454858262096,0.0,0.0,0.014580454858262096,1.1195949920905062
2020-02-07,8.366289625494355e-05,0.0032283914011236384,4.842587101685458e-06,7.88203091532581e-05,1.1196832389139093
2020-02-10,0.0028061465062815026,0.31860203296689354,0.0004779030494503403,0.002328243456831162,1.1222901340886342
2020-02-11,0.00298150106464852,0.0,0.0,0.00298150106464852,1.125636243318264
2020-02-12,0.009894309448023485,0.0,0.0,0.009894309448023485,1.1367736366355656
2020-02-13,0.010002892376007414,0.0,0.0,0.010002892376007414,1.1481446609787138
2020-02-14,-0.00948433062023467,0.0,0.0,-0.00948433062023467,1.1372552774141345
2020-02-17,0.007257627795909154,0.39293792228387947,0.0005894068834258193,0.006668220912483334,1.1448387468378194
2020-02-18,-0.0005418330233181062,0.004901397913150828,7.352096869726241e-06,-0.0005491851201878324,1.1442100184330415
2020-02-19,0.0009962275133684577,0.000715797683592298,1.073696525388447e-06,0.0009951538168430692,1.1453486834001552
2020-02-20,0.005773271041090048,0.002278644840479231,3.4179672607188468e-06,0.005769853073829329,1.1519571770216779
2020-02-21,0.007847651959606594,0.0032643387316170294,4.896508097425544e-06,0.007842755451509168,1.16099169545167
2020-02-24,0.005417174776721524,0.2750343486288317,0.00041255152294324756,0.005004623253778277,1.166802021488171
2020-02-25,-0.005747955552243328,0.004626773207084725,6.940159810627088e-06,-0.005754895712053955,1.1600871975378928
2020-02-26,-0.0062642037478082765,0.0017716522660951306,2.657478399142696e-06,-0.006266861226207419,1.1528170920606229
2020-02-27,-0.0003864952068066599,0.009145192916234605,1.3717789374351907e-05,-0.0004002129961810118,1.1523557196781606
2020-02-28,-0.01683906837081426,0.00021267307584505596,3.190096137675839e-07,-0.016839387380428027,1.1329507553144482
2020-03-02,-0.0012035923594354006,0.3937886621786998,0.0005906829932680497,-0.0017942753527034503,1.1309179296983607
2020-03-03,0.00291440467533635,0.0007452574056025091,1.1178861084037636e-06,0.002913286789227946,1.134212617962652
2020-03-04,0.007381625273282693,0.0028547961368755627,4.282194205313344e-06,0.007377343079077379,1.1425800935699808
2020-03-05,0.0036195022995096347,0.004550272276523579,6.825408414785369e-06,0.0036126768910948494,1.1467078662702461
2020-03-06,0.004957249731957873,0.0002606505371309728,3.909758056964592e-07,0.004956858756152177,1.1523919351979164
2020-03-09,-0.015793847791221206,0.2085093531026158,0.00031276402965392373,-0.01610661182087513,1.1338308056321764
2020-03-10,0.004446226889831221,0.03725919650230893,5.58887947534634e-05,0.004390338095077758,1.1388087062115162
2020-03-11,-0.00355207270467461,0.0013472294963581544,2.0208442445372317e-06,-0.0035540935489191475,1.134761273535317
2020-03-12,-0.010836049541812935,0.0023781640527245768,3.5672460790868652e-06,-0.010839616787892022,1.1224608961844538
2020-03-13,-0.010167230171086583,0.01806548146066833,2.7098222191002495e-05,-0.010194328393277587,1.1110181612001369
2020-03-16,-0.023690959548657374,0.11713521803575082,0.00017570282705362623,-0.023866662375711,1.08450186585349
2020-03-17,-0.010723396892469378,0.06607830185356232,9.911745278034348e-05,-0.010822514345249721,1.0727648288528404
2020-03-18,0.00031206968906619397,0.010217165264169995,1.5325747896254994e-05,0.000296743941169939,1.0730831653161026
2020-03-19,0.001830877482918231,0.001061763132981508,1.592644699472262e-06,0.0018292848382187588,1.075046140080563
2020-03-20,0.008372454174230352,0.0036642013997502942,5.496302099625441e-06,0.008366957872130727,1.0840410058452141
2020-03-23,-0.012731297125180965,0.30794179319375725,0.0004619126897906359,-0.013193209814971602,1.0697390254070653
2020-03-24,0.020856110407909016,0.01804878323627284,2.7073174854409258e-05,0.02082903723305461,1.0920206593969206
2020-03-25,0.012061159225887054,0.04461474618496484,6.692211927744726e-05,0.011994237106609606,1.1051186141110434
2020-03-26,-0.0020512985379296366,0.013153793703957077,1.9730690555935614e-05,-0.0020710292284855723,1.102829881160276
2020-03-27,1.7757410812399587e-05,0.0007533716853234118,1.1300575279851177e-06,1.662735328441447e-05,1.1028482183023227
2020-03-30,-0.006434686360070341,0.24239195695817992,0.00036358793543726987,-0.0067982742955076106,1.0953507536079916
2020-03-31,0.0014873985722064034,0.0037431279521849964,5.614691928277495e-06,0.001481783880278126,1.0969738266979383
2020-04-01,-0.005418409270914365,0.00017015965418611112,2.552394812791667e-07,-0.005418664510395643,1.0910296935543773
2020-04-02,0.007496582172796675,0.002615669892921925,3.923504839382888e-06,0.007492658667957292,1.0992044066447864
2020-04-03,0.00018958053052551226,0.005428919807987341,8.143379711981011e-06,0.00018143715081353124,1.0994038431604898
2020-04-07,0.013441430482676351,0.009174794571086442,1.3762191856629663e-05,0.013427668290819721,1.1141662732841011
2020-04-08,-0.0029061493650636263,0.017401976259090755,2.6102964388636137e-05,-0.0029322523294522626,1.1108992566338667
2020-04-09,0.0036733556549162225,0.000988937059099755,1.4834055886496326e-06,0.003671872249327573,1.1149783367860993
2020-04-10,-0.0032819916903136814,0.00034156194806233414,5.123429220935012e-07,-0.0032825040332357747,1.1113184158986282
2020-04-13,-0.002414590995166123,0.03039288587799388,4.558932881699082e-05,-0.002460180323983114,1.1085843721981543
2020-04-14,0.00911427228027154,0.0047136620067900065,7.07049301018501e-06,0.009107201787261356,1.1186804737739673
2020-04-15,-0.00012953810519104588,0.006866439153516486,1.029965873027473e-05,-0.0001398377639213206,1.1185240399979723
2020-04-16,0.004734767635807734,0.000855822256587431,1.2837333848811464e-06,0.004733483902422853,1.1238185555357758
2020-04-17,0.000126918526177691,0.0019635390556110854,2.9453085834166283e-06,0.00012397321759427437,1.1239578789380975
2020-04-20,0.001253364097512582,0.04128984437886388,6.193476656829581e-05,0.0011914293309442862,1.1252969953218104
2020-04-21,-0.00057000366365073,4.305646617010217e-05,6.458469925515326e-08,-0.0005700682483499852,1.124655499234814
2020-04-22,0.002675021069622001,5.370050044974095e-05,8.055075067461142e-08,0.0026749405188713263,1.1276638857994885
2020-04-23,0.002678430337230512,0.0003001600179625072,4.502400269437608e-07,0.0026779800972035685,1.1306837472419948
2020-04-24,-0.001302025008560539,0.00248980362148412,3.7347054322261796e-06,-0.0013057597139927652,1.1292073459555798
2020-04-27,0.0021543715738770496,0.16317150670491712,0.00024475726005737566,0.0019096143138196738,1.131363696466687
2020-04-28,0.0010226478970821531,0.01126841534286005,1.6902623014290075e-05,0.001005745274067863,1.1325015601576605
2020-04-29,0.0012044414234741838,0.06400977640888282,9.601466461332423e-05,0.0011084267588608596,1.1337568551913908
2020-04-30,0.005126456159925816,0.035057762038940635,5.258664305841095e-05,0.005073869516867406,1.139509389538486
2020-05-06,0.004275090940600066,0.10275835166769381,0.00015413752750154073,0.004120953413098525,1.1442052546465626
2020-05-07,-0.0014928921728484972,0.013649566721020238,2.047435008153036e-05,-0.0015133665229300276,1.14247365271882
2020-05-08,0.005817570061926979,0.0004932381981969866,7.398572972954799e-07,0.005816830204629684,1.1491192279699485
2020-05-11,-0.0040508674479399235,0.18448138237417686,0.0002767220735612653,-0.004327589521501189,1.1441463116400303
2020-05-12,0.0006139617540303141,0.0021634571895925575,3.2451857843888364e-06,0.0006107165682459252,1.1448450607490464
2020-05-13,0.002258507230292735,0.007133850363903474,1.0700775545855212e-05,0.0022478064547468797,1.147418450866283
2020-05-14,-0.0006210324730477379,0.007263807704327302,1.0895711556490953e-05,-0.0006319281846042288,1.1466933648076456
2020-05-15,0.004238473750172379,0.008380770752567615,1.2571156128851423e-05,0.004225902594043527,1.1515391792725587
2020-05-18,0.006589482033220642,0.1648449950022764,0.0002472674925034146,0.006342214540717228,1.1588424877995467
2020-05-19,0.0016371968795867704,0.004561056464292515,6.841584696438773e-06,0.0016303552948903318,1.1607318127854747
2020-05-20,0.0002252804201212154,0.0001424466207994024,2.136699311991036e-07,0.00022506675019001628,1.1609930549224203
2020-05-21,-0.004041329448156046,0.002448701028227529,3.6730515423412935e-06,-0.0040450024996983875,1.1562968351131266
2020-05-22,-0.008469687809214945,0.0025972401846799387,3.895860277019908e-06,-0.008473583669491965,1.1464988571340269
2020-05-25,0.0030980303245324945,0.2095823565667263,0.0003143735348500894,0.002783656789682405,1.149690316462051
2020-05-26,0.009210047768318458,0.001948951199566805,2.923426799350207e-06,0.009207124341519109,1.1602756581599576
2020-05-27,-0.007032084855386022,0.005896607831988962,8.844911747983443e-06,-0.007040929767134005,1.1521062387403382
2020-05-28,0.00010663780711358476,0.006605827014984675,9.908740522477012e-06,9.672906659110775e-05,1.1522176809014255
2020-05-29,0.0016351446574502991,0.027331336591690167,4.099700488753525e-05,0.0015941476525627638,1.1540544860126758
2020-06-01,0.010999352850276013,0.2589250885146813,0.000388387632772022,0.01061096521750399,1.1663001180228607
2020-06-02,-0.0029114316969365483,0.012689074968794442,1.9033612453191663e-05,-0.00293046530938974,1.1628823159866575
2020-06-03,-0.002173157572723025,0.002844780520292016,4.267170780438024e-06,-0.002177424743503463,1.1603502272580455
2020-06-04,0.0002125883520560064,2.017943331811961e-05,3.0269149977179416e-08,0.00021255808290602922,1.160596869077851
2020-06-05,0.0021234839323755425,0.0020219612487498567,3.0329418731247853e-06,0.002120450990502418,1.1630578578584612
2020-06-08,-0.000908087659734176,0.5309296055266634,0.0007963944082899951,-0.0017044820680241712,1.1610754465956667
2020-06-09,0.002859792029371389,0.0014216406224715483,2.1324609337073225e-06,0.0028576595684376817,1.164393404955309
2020-06-10,0.0049017186735632315,0.0016290091035048443,2.4435136552572664e-06,0.004899275159907974,1.1700980886405672
2020-06-11,-0.0003889660659404827,0.01551580112015171,2.3273701680227565e-05,-0.0004122397676207103,1.1696157276764125
2020-06-12,-0.004932037839210831,0.017634807373093864,2.6452211059640797e-05,-0.004958490050270472,1.1638161997280891
2020-06-15,-0.004867334428275519,0.5192359558300441,0.0007788539337450661,-0.005646188362020585,1.1572450742456535
2020-06-16,0.010208047795568387,0.0,0.0,0.010208047795568387,1.1690582872747393
2020-06-17,0.0023036387859586885,0.0,0.0,0.0023036387859586885,1.171751375288352
2020-06-18,-0.0007110457279854766,0.0,0.0,-0.0007110457279854766,1.170918206478692
2020-06-19,0.006625777639401349,0.0,0.0,0.006625777639401349,1.1786764501487466
2020-06-22,0.006623039658513792,0.247481592872221,0.0003712223893083315,0.006251817269205461,1.1860453199345922
2020-06-23,0.005732679048175262,0.0,0.0,0.005732679048175262,1.1928445370903675
2020-06-24,0.002517689411238608,0.0,0.0,0.002517689411238608,1.1958477491506538
2020-06-29,-0.0024337890849106345,0.2922082502941059,0.00043831237544115885,-0.0028721014603517933,1.19241315308396
2020-06-30,0.007933989476955205,0.0,0.0,0.007933989476955205,1.201873746492711
2020-07-01,0.003310899420189369,0.0,0.0,0.003310899420189369,1.2058530295831145
2020-07-02,-0.0020370426277290365,0.0,0.0,-0.0020370426277290365,1.2033966555590774
2020-07-03,0.00420271120595703,0.0,0.0,0.00420271120595703,1.2084541841686067
2020-07-06,0.005364107296045127,0.3399187131949735,0.0005098780697924603,0.004854229226252667,1.2143202977879852
2020-07-07,0.008118937456205415,0.0,0.0,0.008118937456205415,1.2241792883375266
2020-07-08,0.00702732254161746,0.0,0.0,0.00702732254161746,1.2327819910454423
2020-07-09,0.013500180578057309,0.0,0.0,0.013500180578057309,1.2494247705379327
2020-07-10,-3.818440133408177e-05,0.0,0.0,-3.818440133408177e-05,1.2493770620010578
2020-07-13,0.012673350531720895,0.3299352984709486,0.000494902947706423,0.012178447584014472,1.2645925350633078
2020-07-14,-0.003896150709293085,0.0,0.0,-0.003896150709293085,1.2596654919608543
2020-07-15,-0.0006211981719799873,0.0,0.0,-0.0006211981719799873,1.2588829900599419
2020-07-16,-0.016627234014911358,0.0,0.0,-0.016627234014911358,1.2379512479868238
2020-07-17,0.0006526949950471076,0.0,0.0,0.0006526949950471076,1.2387592525704971
2020-07-20,0.003103786370647429,0.08340169981105118,0.00012510254971657677,0.002978683820930852,1.2424491247141574
2020-07-21,0.01063259578643771,0.0,0.0,0.01063259578643771,1.2556595840424563
2020-07-22,0.010483971866223142,0.0,0.0,0.010483971866223142,1.2688238837951107
2020-07-23,0.006018465672884637,0.0,0.0,0.006018465672884637,1.2764602567846677
2020-07-24,-0.01077740578072572,0.0,0.0,-0.01077740578072572,1.26270332663433
2020-07-27,0.011218892015879523,0.30020495487242227,0.00045030743230863344,0.010768584583570889,1.2763008542111483
2020-07-28,0.0016879683001869714,0.0,0.0,0.0016879683001869714,1.278455209594558
2020-07-29,0.008940349846049763,0.0,0.0,0.008940349846049763,1.2898850464308385
2020-07-30,-0.004213842917394208,0.0,0.0,-0.004213842917394208,1.2844496734636832
2020-07-31,0.00934905697587736,0.0,0.0,0.00934905697587736,1.2964580666435424
2020-08-03,0.004603568817780168,0.5250295017999861,0.000787544252699979,0.0038160245650801887,1.3014053824734506
2020-08-04,-0.0020446360765445514,0.0,0.0,-0.0020446360765445514,1.2987444820782361
2020-08-05,0.013430843938545796,0.0,0.0,0.013430843938545796,1.3161877165330764
2020-08-06,-0.0022062452496027524,0.0,0.0,-0.0022062452496027524,1.3132838836358898
2020-08-07,-0.003186384647770907,0.0,0.0,-0.003186384647770907,1.3090992560309074
2020-08-10,-0.0017726443626093187,0.37177274700704266,0.0005576591205105639,-0.002330303483119883,1.306048657474829
2020-08-11,-0.011193292155019305,0.0,0.0,-0.011193292155019305,1.2914296732830424
2020-08-12,-0.02729471207230369,0.0,0.0,-0.02729471207230369,1.2561804721891525
2020-08-13,0.004645175532701152,0.004684917247538639,7.027375871307958e-06,0.004638148156829844,1.2620068233308823
2020-08-14,0.005973315295189649,0.0014209549153082202,2.1314323729623304e-06,0.005971183862816687,1.2695424981091203
2020-08-17,0.008727592664767936,0.856119426450854,0.001284179139676281,0.007443413525091655,1.2789922279102244
2020-08-18,0.0007424544451170795,0.0009744390321499707,1.4616585482249562e-06,0.0007409927865688545,1.2799399519251835
2020-08-19,-0.004491162890129491,0.009667315070242183,1.4500972605363274e-05,-0.004505663862734854,1.2741729727373237
2020-08-20,-0.007033317752155618,0.0,0.0,-0.007033317752155618,1.2652113093488533
2020-08-21,0.006488476547669023,0.0,0.0,0.006488476547669023,1.273420603257409
2020-08-24,0.011886851973895813,0.5059527626190556,0.0007589291439285834,0.01112792282996723,1.2875911294605478
2020-08-25,0.009341666245048227,0.0,0.0,0.009341666245048227,1.299619376052053
2020-08-26,-0.007030434877096325,0.00303063843932716,4.54595765899074e-06,-0.007034980834755316,1.2904765786490502
2020-08-27,0.00979161580880989,0.00303063843932716,4.54595765899074e-06,0.0097870698511509,1.3031065630655627
2020-08-28,0.011845066574793998,0.0023618477400866103,3.5427716101299153e-06,0.011841523803183868,1.3185373304501888
2020-08-31,0.003487448099417618,0.6285390381699357,0.0009428085572549035,0.0025446395421627145,1.32189253267907
2020-09-01,-0.0010032970575247213,0.0004093022875184399,6.139534312776599e-07,-0.001003911010955999,1.320565470210213
2020-09-02,0.010500766470930432,0.0015881043397701772,2.382156509655266e-06,0.010498384314420777,1.3344292740288337
2020-09-03,0.010334772704309669,0.007913645699004872,1.1870468548507307e-05,0.01032290223576116,1.348204456965171
2020-09-04,-0.025827019440729036,0.00872140581719074,1.308210872578611e-05,-0.025840101549454823,1.3133667168877634
2020-09-07,-0.013306916824159696,0.7590516436225295,0.0011385774654337944,-0.01444549428959349,1.294394485478819
2020-09-08,0.0021922888775978964,0.02730738002309419,4.0961070034641284e-05,0.002151327807563255,1.297179152329386
2020-09-09,-0.015248515651909792,0.004814814667251109,7.222222000876663e-06,-0.01525573787391067,1.2773897272059473
2020-09-10,-0.0018767423881379851,0.029954639221028194,4.493195883154229e-05,-0.0019216743469695275,1.2749350001360933
2020-09-11,0.004954010441444609,0.004802051551834583,7.203077327751875e-06,0.0049468073641168574,1.2812418579835367
2020-09-14,0.004891777824400884,0.6199211840041866,0.00092988177600628,0.003961896048394605,1.2863180050377196
2020-09-15,0.0036961700167966937,0.001053864010143367,1.5807960152150502e-06,0.003694589220781479,1.2910704216736293
2020-09-16,-0.003061062620461517,0.001370998203269011,2.0564973049035166e-06,-0.0030631191177664207,1.287115719182618
2020-09-17,-0.0025371248397344066,0.0002284256733414633,3.4263851001219494e-07,-0.0025374674782444187,1.2838497049044548
2020-09-18,0.009922150053959636,0.00014839015643508535,2.2258523465262804e-07,0.009921927468724985,1.2965879685572608
2020-09-21,-0.002335050302456755,0.32463566192442295,0.00048695349288663443,-0.0028220037953433892,1.2929289923889957
2020-09-22,-0.008232774443568845,0.0002875028597733968,4.312542896600952e-07,-0.008233205697858506,1.2822840420419321
2020-09-23,-0.001196951579128489,0.006977675438525708,1.0466513157788563e-05,-0.0012074180922862776,1.2807357890901208
2020-09-24,-0.010059496424513913,0.0001888546616068583,2.832819924102874e-07,-0.010059779706506324,1.2678518691896357
2020-09-25,0.0012910551874316292,0.013164646095464978,1.9746969143197467e-05,0.0012713082182884317,1.2694636996905089
2020-09-28,-0.0006637863060510525,0.3177421471503823,0.0004766132207255734,-0.001140399526776626,1.2680160038881219
2020-09-29,0.0037986882895018766,0.001304586180481876,1.9568792707228137e-06,0.003796731410231154,1.2728303200787596
2020-09-30,-0.0007744826958497007,0.0028634346770160975,4.295152015524147e-06,-0.0007787778478652249,1.2718390680213911
2020-10-09,0.011484601248021363,0.7790745659617886,0.0011686118489426828,0.01031598939907868,1.284959346364434
2020-10-12,0.014406311574038043,0.3553368531029496,0.0005330052796544244,0.013873306294383618,1.3027859809523787
2020-10-13,0.002395057332562576,0.02159704846941746,3.239557270412619e-05,0.00236266175985845,1.3058640235708545
2020-10-14,-0.002600842120455084,0.009636529127674286,1.4454793691511428e-05,-0.0026152969141465957,1.3024488014197146
2020-10-15,-0.0037365124157295333,0.00038194525234269,5.72917878514035e-07,-0.0037370853336080472,1.2975814391061535
2020-10-16,-0.0010674935977525771,0.0020464618924967773,3.069692838745166e-06,-0.0010705632905913223,1.2961922960508938
2020-10-19,-0.0015789638496006599,0.34758824646920095,0.0005213823697038015,-0.002100346219304461,1.2934698434623917
2020-10-20,0.004107080167607946,0.0006530156721860358,9.795235082790538e-07,0.0041061006440996665,1.298780960819756
2020-10-21,-0.0014208199430719938,0.0009739840016510168,1.4609760024765251e-06,-0.0014222809190744703,1.296933729441125
2020-10-22,-0.0035280743285969656,0.007045015835549527,1.056752375332429e-05,-0.0035386418523502897,1.2923443454663999
2020-10-23,-0.007303741428147512,0.005899251546076498,8.848877319114746e-06,-0.007312590305466627,1.2828939607344176
2020-10-26,-0.005318143222675835,0.6527247269425618,0.0009790870904138427,-0.006297230313089678,1.2748152819964012
2020-10-27,0.0018365377716327207,0.006232106142698091,9.348159214047136e-06,0.0018271896124186736,1.2771446112374176
2020-10-28,0.003170366979164386,0.009792895591437742,1.4689343387156611e-05,0.0031556776357772294,1.281174867924753
2020-10-29,0.003001760500737272,0.000925281806849379,1.3879227102740684e-06,0.003000372578026998,1.2850188698661318
2020-10-30,-0.011587854551049201,0.005616669067460514,8.425003601190772e-06,-0.01159627955465039,1.2701174318181632
2020-11-02,0.0036992873710327665,0.4310055855355517,0.0006465083783033275,0.003052778992729439,1.2739948196323172
2020-11-03,0.0072096134925126055,0.0056689033481517395,8.50335502222761e-06,0.007201110137490378,1.283168996643082
2020-11-04,0.008040201799447862,0.004618241815121937,6.927362722682906e-06,0.00803327443672518,1.293477045341813
2020-11-05,0.007772317722249939,0.007356226441132423,1.1034339661698634e-05,0.00776128338258824,1.3035160872395837
2020-11-06,-0.0020975827559669455,0.007266823132121805,1.0900234698182708e-05,-0.002108482990665128,1.3007676457415807
2020-11-09,0.011535071198137245,0.17488147004631568,0.0002623222050694735,0.011272748993067771,1.3154308729103292
2020-11-10,-0.0060673865835266134,0.014398546370189558,2.1597819555284338e-05,-0.006088984403081898,1.3074212348418457
2020-11-11,-0.006820481311579871,0.004417540573044804,6.6263108595672055e-06,-0.006827107622439438,1.2984953293637178
2020-11-12,0.003039076697158714,0.0042868110343169535,6.4302165514754306e-06,0.0030326464806072384,1.3024332066543975
2020-11-13,-0.0037484793772884894,0.06785101489317993,0.0001017765223397699,-0.0038502558996282594,1.2974185055166048
2020-11-16,0.009000327033740842,0.2776283501240743,0.0004164425251861114,0.008583884508554731,1.308555396127221
2020-11-17,-0.0023189127318782314,0.006246355415072673,9.369533122609008e-06,-0.0023282822650008404,1.3055087098056468
2020-11-18,-0.0011505436683092892,0.005448088469739043,8.172132704608565e-06,-0.0011587158010138978,1.3039959962352337
2020-11-19,0.002024188007090282,0.00033882131664494247,5.082319749674137e-07,0.002023679775115315,1.3066348665596463
2020-11-20,0.004392842020087466,0.002267178729983818,3.400768094975727e-06,0.00438944125199249,1.312370263544215
2020-11-23,0.006794573498292475,0.03895963752203723,5.843945628305585e-05,0.006736134042009419,1.321210565552196
2020-11-24,-0.0016801474924439744,0.0015455972112453503,2.3183958168680256e-06,-0.0016824658882608424,1.3189876738444446
2020-11-25,-0.007885466863806248,0.012062504754663354,1.809375713199503e-05,-0.007903560620938242,1.3085629748059446
2020-11-26,-2.0290152219959602e-05,0.0008783136107188144,1.3174704160782217e-06,-2.1607622636037826e-05,1.3085346998709895
2020-11-27,0.005330281058697808,0.005841153619359538,8.761730429039306e-06,0.005321519328268768,1.3154980925680633
2020-11-30,-0.0054981479193679005,0.4870842799220793,0.0007306264198831189,-0.006228774339251019,1.3073041518057416
2020-12-01,0.008242263648817227,0.01061898107672251,1.5928471615083765e-05,0.008226335177202143,1.3180584739370433
2020-12-02,6.467353119498162e-05,0.007540708762877917,1.1311063144316875e-05,5.336246805066474e-05,1.3181288087902479
2020-12-03,-0.0015180179345766938,0.0001569589195479157,2.3543837932187352e-07,-0.0015182533729560157,1.3161275552803116
2020-12-04,0.001486806094216373,0.012203958343225858,1.8305937514838787e-05,0.0014685001567015343,1.31806028880148
2020-12-07,-0.004981850705121101,0.29002099613950094,0.00043503149420925143,-0.005416882199330352,1.3109205114854272
2020-12-08,-0.0012899146154318742,0.06867255182289603,0.00010300882773434404,-0.0013929234431662183,1.3090944995728517
2020-12-09,-0.007297272984656247,0.0,0.0,-0.007297272984656247,1.2995416796467567
2020-12-10,-9.655661267111512e-05,0.0,0.0,-9.655661267111512e-05,1.299416200304145
2020-12-11,-0.004478339897041941,0.0,0.0,-0.004478339897041941,1.2935969728914603
2020-12-14,0.0029733369822128324,0.5347965544177713,0.0008021948316266571,0.0021711421505861755,1.2964055558051755
2020-12-15,-0.0008164499564671264,0.0,0.0,-0.0008164499564671264,1.2953471055455745
2020-12-16,0.0031342131980581205,0.0,0.0,0.0031342131980581205,1.2994069995398418
2020-12-17,0.00796195231755333,0.0,0.0,0.00796195231755333,1.3097528161112733
2020-12-18,0.0006959977067127142,0.0,0.0,0.0006959977067127142,1.3106644010676471
2020-12-21,0.008983177623914665,0.3464605765093695,0.0005196908647640543,0.008463486759150611,1.3217571918717732
2020-12-22,-0.008789434083717323,0.0,0.0,-0.008789434083717323,1.310139694159137
2020-12-23,0.0029753204263959073,0.0,0.0,0.0029753204263959073,1.3140377795526006
2020-12-24,-0.0014879111363595553,0.0,0.0,-0.0014879111363595553,1.312082608106807
2020-12-25,0.00597738349169665,0.0,0.0,0.00597738349169665,1.3199254290282472
2020-12-28,0.005791886057046301,0.29209581747945934,0.00043814372621918906,0.005353742330827112,1.326991969671171
2020-12-29,-0.0030300637394654636,0.0,0.0,-0.0030300637394654636,1.3229710994213084
2020-12-30,0.008427947338359899,0.0,0.0,0.008427947338359899,1.3341210301774034
2020-12-31,0.009600045451230513,0.0,0.0,0.009600045451230513,1.346928652704549
2021-01-04,0.007883135466486562,0.438852629662527,0.0006582789444937906,0.007224856521992772,1.3566600189657003
2021-01-05,0.009191127830890366,0.0,0.0,0.009191127830890366,1.369129254623072
2021-01-06,0.004314535867167742,0.0,0.0,0.004314535867167742,1.3750364118989318
2021-01-07,0.01043412153439174,0.0,0.0,0.01043412153439174,1.389383708934899
2021-01-08,5.686823895540566e-05,0.0,0.0,5.686823895540566e-05,1.3894627207396595
2021-01-11,-0.010060732796590376,0.3089064247158966,0.00046335963707384484,-0.010524092433664221,1.3748398866334648
2021-01-12,0.012539528438910033,0.0,0.0,0.012539528438910033,1.392079730490853
2021-01-13,-0.00458634212727142,0.0,0.0,-0.00458634212727142,1.3856951765783823
2021-01-14,-0.007743813963354156,0.0,0.0,-0.007743813963354156,1.374964610921042
2021-01-15,-0.0030299542700519527,0.0,0.0,-0.0030299542700519527,1.3707985310270117
2021-01-18,0.007166521535461846,0.45372668420580886,0.0006805900263087133,0.006485931509153133,1.3796894364121006
2021-01-19,-0.006458668050354299,0.0,0.0,-0.006458668050354299,1.3707784803297345
2021-01-20,0.01307413737998477,0.0,0.0,0.01307413737998477,1.3887002264990922
2021-01-21,0.010877600448663755,0.0,0.0,0.010877600448663755,1.4038059527059181
2021-01-22,0.00529175337269277,0.0,0.0,0.00529175337269277,1.411234547590756
2021-01-25,0.00934801875398468,0.47391806463666813,0.0007108770969550022,0.008637141657029678,1.4234235802895916
2021-01-26,-0.014479556554798382,0.0,0.0,-0.014479556554798382,1.402813038057355
2021-01-27,0.0021973243192321607,0.0,0.0,0.0021973243192321607,1.4058954732612143
2021-01-28,-0.020485472199924918,0.0,0.0,-0.020485472199924918,1.3770950406277214
2021-01-29,-0.0020820634811902663,0.0,0.0,-0.0020820634811902663,1.3742278413335023
2021-02-01,0.004645318618179716,0.6670196144453054,0.0010005294216679581,0.0036447891965117572,1.3792366121231403
2021-02-02,0.009114879747791996,0.0,0.0,0.009114879747791996,1.3918081879863948
2021-02-03,0.0013793132593564303,0.0,0.0,0.0013793132593564303,1.3937279274745653
2021-02-04,-0.0005070614753717761,0.0,0.0,-0.0005070614753717761,1.3930212217353932
2021-02-05,0.004853262501826609,0.0,0.0,0.004853262501826609,1.3997819193950904
2021-02-08,0.007191219768529443,0.18496745808133847,0.0002774511871220077,0.006913768581407435,1.4094596876502263
2021-02-09,0.00973798894584758,0.0,0.0,0.00973798894584758,1.423184990508182
2021-02-10,0.011093928944977167,0.0,0.0,0.011093928944977167,1.4389737036684378
2021-02-18,-0.0004189369860594747,0.3377873782524724,0.0005066810673787086,-0.0009256180534381833,1.4376417636298995
2021-02-19,0.0008098361718498385,0.0,0.0,0.0008098361718498385,1.438806017932249
2021-02-22,-0.013737550777160695,0.524488319574226,0.000786732479361339,-0.014524283256522033,1.4179083917766127
2021-02-23,-0.0038358427088528023,0.0,0.0,-0.0038358427088528023,1.4124695182101952
2021-02-24,-0.015660388830013878,0.0,0.0,-0.015660388830013878,1.3903496963444812
2021-02-25,0.007165395366669849,0.0011552459995862949,1.7328689993794422e-06,0.007163662497670469,1.4003096923228318
2021-02-26,-0.019105551719782128,0.0011552459995862949,1.7328689993794422e-06,-0.01910728458878151,1.3735535765191904
2021-03-01,0.00958998049875573,0.6680300418580193,0.0010020450627870289,0.008587935435968702,1.3853495659521813
2021-03-02,-0.011214544630636147,0.007304143145576154,1.0956214718364231e-05,-0.011225500845354511,1.3697983232284734
2021-03-03,0.013275306986262187,0.014109380776998297,2.1164071165497445e-05,0.01325414291509669,1.3879538259694035
2021-03-04,-0.023797980426243176,0.013063469725893367,1.9595204588840052e-05,-0.023817575630832016,1.3548961307472747
2021-03-05,-0.0014381160201293194,0.07237213812717348,0.00010855820719076021,-0.0015466742273200795,1.352800547821152
2021-03-08,-0.017346542573832245,0.31371365328423495,0.00047057047992635247,-0.017817113053758597,1.328697547521436
2021-03-09,-0.008853195813900417,0.03661180633738223,5.491770950607334e-05,-0.00890811352340649,1.3168613589298432
2021-03-10,0.0044991426139403485,0.007224665583646209,1.0836998375469315e-05,0.004488305615564879,1.3227718351620485
2021-03-11,0.015258171008212088,0.002055462195470502,3.083193293205753e-06,0.015255087814918883,1.342950835666547
2021-03-12,0.00027812577751407444,0.02079429346303506,3.119144019455259e-05,0.00024693433731952185,1.343282456341205
2021-03-15,-0.001851690478698884,0.3623559652754749,0.0005435339479132125,-0.0023952244266120964,1.340064993389937
2021-03-16,0.001993310647887313,0.001220735560504612,1.8311033407569181e-06,0.0019914795445465563,1.3427337054126358
2021-03-17,-0.000540303848913199,0.0001180937416053289,1.7714061240799336e-07,-0.0005404809895256069,1.342007983370865
2021-03-18,0.0029922477084037367,2.5811780747318075e-05,3.871767112097711e-08,0.002992208990732616,1.3460235517243422
2021-03-19,-0.010571964923489602,0.0002713625961025881,4.070438941538822e-07,-0.010572371967383755,1.3317928900586533
2021-03-22,0.004835142961518268,0.29140691875421465,0.000437110378131322,0.004398032583386946,1.3376501585834544
2021-03-23,-0.005932315946657949,0.0022931822589428164,3.4397733884142246e-06,-0.005935755720046363,1.3297101940032217
2021-03-24,-0.00757487114420261,0.0006227007866007536,9.340511799011304e-07,-0.007575805195382511,1.319636568607139
2021-03-25,-0.0007366669273625486,0.0013768203066434337,2.0652304599651506e-06,-0.0007387321578225137,1.3186617106372702
2021-03-26,0.006898801869973133,0.00044751131691933566,6.712669753790035e-07,0.006898130602997754,1.3277580113384186
2021-03-29,0.0035136961824055336,0.29686493784406964,0.0004452974067661045,0.003068398775639429,1.331832102394755
2021-03-30,0.0016032677369766173,0.0008967316348163848,1.3450974522245771e-06,0.0016019226395243928,1.3339655943916264
2021-03-31,-0.002400801529771786,0.0018029247816754267,2.70438717251314e-06,-0.0024035059169442994,1.330759400192506
2021-04-01,0.004370776651194411,4.8536398165040934e-05,7.28045972475614e-08,0.004370703846597163,1.336575755421823
2021-04-02,0.0010112045039076026,0.0024812744327644895,3.721911649146734e-06,0.001007482592258456,1.337922332228645
2021-04-06,0.002529585074690781,0.0687823088689648,0.00010317346330344721,0.002426411611387334,1.341168682510699
2021-04-07,-0.00034079737535385954,0.0035500452692851375,5.325067903927706e-06,-0.0003461224432577872,1.3407044739294876
2021-04-08,0.002001866635812646,0.006090818514068997,9.136227771103495e-06,0.0019927304080415427,1.3433761365028842
2021-04-09,-0.0010921802159220837,0.0009145807825891444,1.3718711738837165e-06,-0.0010935520870959674,1.3419070847250567
2021-04-12,0.00041495380159167327,0.18380534973014515,0.0002757080245952177,0.0001392457769964556,1.3420939396197262
2021-04-13,-0.0034678364097494715,4.967100592209728e-05,7.450650888314591e-08,-0.0034679109162583546,1.3374396773958748
2021-04-14,0.0028160256352541503,0.005777698563785964,8.666547845678946e-06,0.0028073590874084712,1.3411943508280728
2021-04-15,0.00013509907729780104,0.011688008848989118,1.7532013273483676e-05,0.00011756706402431736,1.3413520311101856
2021-04-16,0.005391756037790914,0.0013214853597513024,1.9822280396269535e-06,0.0053897738097512865,1.34858161515712
2021-04-19,0.0031946077249005384,0.02647117897375013,3.9706768460625194e-05,0.0031549009564399134,1.3528362565846166
2021-04-20,-0.002595955794638493,0.0006177090246555252,9.265635369832877e-07,-0.0025968823581754763,1.3493230999763919
2021-04-21,-0.0017702850951313819,0.0034853994652269855,5.228099197840479e-06,-0.0017755131943292222,1.3469273590089705
2021-04-22,0.0022004011937428927,0.002843969966121903,4.265954949182854e-06,0.0021961352387937097,1.3498853936461856
2021-04-23,-0.002191512877672575,0.013966293782378451,2.0949440673567677e-05,-0.0022124623183461425,1.3468988230786576
2021-04-26,0.0016651766353758604,0.1517197743022474,0.00022757966145337108,0.0014375969739224893,1.348835120750895
2021-04-27,0.0017839164681001745,0.0024742901103498513,3.711435165524777e-06,0.0017802050329346498,1.3512363238214549
2021-04-28,0.0016483145809036823,0.0083641779069492,1.2546266860423799e-05,0.0016357683140432585,1.3534466333847464
2021-04-29,0.004128874965056472,0.01766134376465188,2.6492015646977817e-05,0.004102382949409494,1.3589989897764798
2021-04-30,-0.00393710051598474,0.001934776116443715,2.9021641746655724e-06,-0.003940002680159406,1.3536445301144266
2021-05-06,0.004688040973178203,0.16850047614312547,0.0002527507142146882,0.004435290258963515,1.3596483365129424
2021-05-07,0.005141535033788471,0.0025987282599728642,3.898092389959296e-06,0.005137636941398512,1.3666337160339221
2021-05-10,0.007991669289120911,0.04916605312431944,7.374907968647916e-05,0.007917920209434432,1.3774546127530016
2021-05-11,-0.008637185939793741,0.0005528984429850788,8.293476644776181e-07,-0.00863801528745822,1.3655561387502613
2021-05-12,0.0023960931076998614,0.009416689794953463,1.4125034692430194e-05,0.002381968073007431,1.3688088498746638
2021-05-13,-0.010143084594643964,0.0008453297940267494,1.2679946910401243e-06,-0.010144352589335005,1.3549231702741331
2021-05-14,0.0029155830768253163,0.010041660662060001,1.5062490993090002e-05,0.0029005205858322262,1.3588531528217342
2021-05-17,0.0016516414194470014,0.4865661319930882,0.0007298491979896323,0.0009217922214573691,1.3601057330881081
2021-05-18,0.0029582014006450776,0.010606268375591425,1.590940256338714e-05,0.0029422919980816903,1.3641075613031184
2021-05-19,-0.0027962999541380007,0.013568481963409856,2.0352722945114784e-05,-0.0028166526770831155,1.3602653440887447
2021-05-20,-0.005605027068902528,0.000587451733015467,8.811775995232005e-07,-0.005605908246502051,1.3526398213788866
2021-05-21,0.0006781069884663215,0.0028555178507819814,4.283276776172972e-06,0.0006738237116901486,1.353551262163908
2021-05-24,0.001562837203653543,0.7002549931439577,0.0010503824897159365,0.0005124547139376064,1.3542448958887603
2021-05-25,0.010702270605117362,0.0006189044079901174,9.28356611985176e-07,0.010701342248505377,1.3687371340079575
2021-05-26,-0.00011078677421600887,0.011495536505170382,1.7243304757755572e-05,-0.00012803007897376444,1.368561894484596
2021-05-27,0.003430971135057914,0.006740368918730998,1.0110553378096496e-05,0.0034208605816798176,1.3732435539230277
2021-05-28,0.0016145663002840563,0.047617020540383706,7.142553081057555e-05,0.0015431407694734807,1.375362662037503
2021-05-31,0.00640134405579443,0.37270432095380185,0.0005590564814307028,0.0058422875743637265,1.3833979262281686
2021-06-01,0.004182612284377014,0.0,0.0,0.004182612284377014,1.3891841433885923
2021-06-02,-0.00590058462062299,0.0,0.0,-0.00590058462062299,1.3809871447969002
2021-06-03,-0.0012899274185797396,0.0,0.0,-0.0012899274185797396,1.3792057716141206
2021-06-04,0.00015744955772605614,0.0,0.0,0.00015744955772605614,1.3794229269528746
2021-06-07,0.00018194025206698513,0.3398622720054675,0.0005097934080082013,-0.0003278531559412161,1.3789706787928955
2021-06-08,-0.0044194617348325416,0.0,0.0,-0.0044194617348325416,1.3728763706445142
2021-06-09,0.0021173770486863893,0.0,0.0,0.0021173770486863893,1.3757832675624009
2021-06-10,0.006839703088440255,0.0,0.0,0.006839703088440255,1.3851932166265717
2021-06-11,0.0008919960191745967,0.0,0.0,0.0008919960191745967,1.3864288034615904
2021-06-15,-0.005991988639394188,0.27721613478802043,0.0004158242021820307,-0.006407812841576219,1.3775448271708381
2021-06-16,-0.013415013053466644,0.0,0.0,-0.013415013053466644,1.3590650453326059
2021-06-17,0.003571161405300711,0.0,0.0,0.003571161405300711,1.3639184859697908
2021-06-18,0.003801108322103772,0.0,0.0,0.003801108322103772,1.3691028878774816
2021-06-21,-0.0018460981878853859,0.6793238550191946,0.0010189857825287918,-0.002865083970414178,1.365180293139576
2021-06-22,0.007260376679532418,0.0,0.0,0.007260376679532418,1.3750920163032438
2021-06-23,0.008832370942417496,0.0,0.0,0.008832370942417496,1.3872373390711907
2021-06-24,-0.0009451793137200707,0.0,0.0,-0.0009451793137200707,1.3859261510350807
2021-06-25,0.005457585446258148,0.0,0.0,0.005457585446258148,1.3934899614265583
2021-06-28,-0.0033522913439255845,0.3967073141487398,0.0005950609712231097,-0.003947352315148694,1.3879893656011848
2021-06-29,-0.0027199764597920207,0.0,0.0,-0.0027199764597920207,1.3842140672003078
2021-06-30,0.004378663326181618,0.0,0.0,0.004378663326181618,1.3902750745719423
2021-07-01,-0.003295193229766638,0.0,0.0,-0.003295193229766638,1.3856938495586995
2021-07-02,-0.004877963474127045,0.0,0.0,-0.004877963474127045,1.3789344855742296
2021-07-05,0.005087382924403941,0.7400002423776656,0.0011100003635664984,0.003977382560837442,1.3844190355496897
2021-07-06,-0.0022122354153341897,0.0,0.0,-0.0022122354153341897,1.3813563747295838
2021-07-07,0.007125019960400378,0.0,0.0,0.007125019960400378,1.3911985664719582
2021-07-08,-0.002240936765855325,0.0,0.0,-0.002240936765855325,1.388080978455746
2021-07-09,0.0007283218387470684,0.0,0.0,0.0007283218387470684,1.3890919481463047
2021-07-12,0.00925848198755319,0.3138625874520113,0.00047079388117801695,0.008787688106375173,1.4012988549376912
2021-07-13,-0.0010196841446252329,0.0,0.0,-0.0010196841446252329,1.3998699727134296
2021-07-14,-0.003326555540444696,0.0,0.0,-0.003326555540444696,1.3952132274997975
2021-07-15,0.003591334532373768,0.0,0.0,0.003591334532373768,1.4002239049437422
2021-07-16,-0.0037016162562633083,0.0,0.0,-0.0037016162562633083,1.395040813374794
2021-07-19,-0.0033252611152187663,0.612880758226841,0.0009193211373402615,-0.004244582252559028,1.3891194478967477
2021-07-20,-0.0020898541866654747,0.0,0.0,-0.0020898541866654747,1.3862163908027823
2021-07-21,0.004344963974981678,0.0,0.0,0.004344963974981678,1.3922394510823495
2021-07-22,0.005495808401254796,0.0,0.0,0.005495808401254796,1.3998909323541664
2021-07-23,0.0008260479232579583,0.0,0.0,0.0008260479232579583,1.4010473093516254
2021-07-26,-0.0008552021710924018,0.4308882261555746,0.0006463323392333619,-0.0015015345103257635,1.3989435884660348
2021-07-27,-0.008534097751034316,0.0,0.0,-0.008534097751034316,1.387004867133883
2021-07-28,-0.007255487051813099,0.0,0.0,-0.007255487051813099,1.3769414712795913
2021-07-29,0.009389033164082938,0.0,0.0,0.009389033164082938,1.3898696204184364
2021-07-30,-0.0005709369772076102,0.0,0.0,-0.0005709369772076102,1.389076092458642
2021-08-02,0.004912214249891935,0.533739080293058,0.000800608620439587,0.004111605629452348,1.3947874255401327
2021-08-03,-0.010652455821599556,0.0,0.0,-0.010652455821599556,1.3799295141090437
2021-08-04,0.00949702248218911,0.0,0.0,0.00949702248218911,1.3930347357283737
2021-08-05,-0.002858451387139543,0.0,0.0,-0.002858451387139543,1.3890528136556972
2021-08-06,0.005130631619959354,0.0,0.0,0.005130631619959354,1.3961795319432326
2021-08-09,-0.0035109781010382057,0.15927693532228177,0.00023891540298342267,-0.0037498935040216285,1.3909440073859507
2021-08-10,0.0017137569740402097,0.0,0.0,0.0017137569740402097,1.3933277473791077
2021-08-11,0.00148322317986008,0.0,0.0,0.00148322317986008,1.3953943633911625
2021-08-12,0.002601107288441087,0.0,0.0,0.002601107288441087,1.399023933840029
2021-08-13,-0.0010870732245234732,0.0,0.0,-0.0010870732245234732,1.397503092381084
2021-08-16,-0.0028734147398391118,0.26109889864307656,0.00039164834796461483,-0.0032650630878037264,1.3929401566190591
2021-08-17,-0.006378737930531453,0.0,0.0,-0.006378737930531453,1.3840549564070728
2021-08-18,0.000401994469738214,0.0,0.0,0.000401994469738214,1.3846113388453622
2021-08-19,-0.005769890489165756,0.0,0.0,-0.005769890489165756,1.3766222830501673
2021-08-20,0.0025773950405800442,0.0,0.0,0.0025773950405800442,1.380170382495253
2021-08-23,0.012040439702508314,0.021550658554304606,3.232598783145691e-05,0.012008113714676857,1.396743625393885
2021-08-24,0.008415645938251788,0.0,0.0,0.008415645938251788,1.4084981252117101
2021-08-25,0.002512841781390278,0.0,0.0,0.002512841781390278,1.412037458149752
2021-08-26,-0.00022144549386414708,0.0,0.0,-0.00022144549386414708,1.4117247688174772
2021-08-27,0.0030373439192270214,0.0,0.0,0.0030373439192270214,1.4160126624596672
2021-08-30,0.005092003474058853,0.09051174664028755,0.00013576761996043132,0.004956235854098422,1.4230307551872072
2021-08-31,0.006066901412197471,0.0,0.0,0.006066901412197471,1.4316641424854528
2021-09-01,-0.006906612090178256,0.0,0.0,-0.006906612090178256,1.421776193609888
2021-09-02,0.004565408773326706,0.0,0.0,0.004565408773326706,1.4282671831179017
2021-09-03,-0.003326230417008788,0.0,0.0,-0.003326230417008788,1.4235164373697995
2021-09-06,0.003718793851016676,0.35986715171703865,0.000539800727575558,0.003178993123441118,1.4280417863353037
2021-09-07,0.009629559023215384,0.0,0.0,0.009629559023215384,1.4417931990044375
2021-09-08,0.0021530027184109594,0.0,0.0,0.0021530027184109594,1.4448973836812804
2021-09-09,0.006813428983407595,0.0,0.0,0.006813428983407595,1.4547420893933043
2021-09-10,-0.0033572181723090506,0.0,0.0,-0.0033572181723090506,1.4498582028147702
2021-09-13,0.004266216812570783,0.38482158380075104,0.0005772323757011266,0.0036889844368696565,1.4552067071606218
2021-09-14,-0.007690819526257265,0.0,0.0,-0.007690819526257265,1.4440149750024505
2021-09-15,0.0004258558396998377,0.0,0.0,0.0004258558396998377,1.4446299172121693
2021-09-16,-0.007266138153512839,0.0,0.0,-0.007266138153512839,1.4341330366530078
2021-09-17,-0.0057471809580132895,0.0,0.0,-0.0057471809580132895,1.4258908145734979
2021-09-22,-0.0049666954740891075,0.39319167009547995,0.0005897875051432199,-0.005556482979232328,1.4179678765320767
2021-09-23,0.003998585836559238,0.0,0.0,0.003998585836559238,1.4236377427998739
2021-09-24,-0.005547713058984455,0.0,0.0,-0.005547713058984455,1.4157398091028799
2021-09-27,-0.011651999539806135,0.48517116327816334,0.0007277567449172449,-0.01237975628472338,1.3982132953036053
2021-09-28,-0.0019836071092833953,0.0,0.0,-0.0019836071092833953,1.3954397894707464
2021-09-29,-0.014159429569109361,0.0,0.0,-0.014159429569109361,1.3756811580538026
2021-09-30,0.005295465494604907,0.0,0.0,0.005295465494604907,1.3829660301578546
2021-10-08,-0.0008001151852822054,0.5069930693328573,0.0007604896039992859,-0.0015606047892814912,1.3808077667477767
2021-10-11,0.005879449475130805,0.1842854451870014,0.0002764281677805021,0.005603021307350303,1.3885444620862193
2021-10-12,-0.012908665740096052,0.0,0.0,-0.012908665740096052,1.3706202057598869
2021-10-13,-0.0009868693647451696,0.0,0.0,-0.0009868693647451696,1.3692675826681218
2021-10-14,0.00810599783755441,0.0,0.0,0.00810599783755441,1.380366862732263
2021-10-15,0.005518076767166145,0.0,0.0,0.005518076767166145,1.3879838330476717
2021-10-18,0.008699537382057884,0.3918320636191344,0.0005877480954287016,0.008111789286629182,1.3992428654346023
2021-10-19,0.0034110236518525372,0.0,0.0,0.0034110236518525372,1.4040157159432856
2021-10-20,-0.007071050431130579,0.0,0.0,-0.007071050431130579,1.3940878500097507
2021-10-21,0.00011263392864129082,0.0,0.0,0.00011263392864129082,1.3942448716011684
2021-10-22,-0.0058823965635372046,0.0,0.0,-0.0058823965635372046,1.3860433703597324
2021-10-25,0.002501800740605355,0.7778465218353365,0.0011667697827530048,0.0013350309578523502,1.3878937811680887
2021-10-26,0.003416349862149404,0.0,0.0,0.003416349862149404,1.3926353118960602
2021-10-27,-0.004174940253730143,0.0,0.0,-0.004174940253730143,1.3868211426736594
2021-10-28,-0.009160276703563716,0.0,0.0,-0.009160276703563716,1.3741174772684164
2021-10-29,0.0022240925466101846,0.0,0.0,0.0022240925466101846,1.3771736417077758
2021-11-01,0.006182442988988925,0.4329267062772123,0.0006493900594158185,0.005533052929573107,1.3847936163605579
2021-11-02,-0.002669089149616298,0.0,0.0,-0.002669089149616298,1.381097478744672
2021-11-03,0.0018671769353288388,0.0,0.0,0.0018671769353288388,1.383676232102425
2021-11-04,0.005870456788505018,0.0,0.0,0.005870456788505018,1.3917990436322638
2021-11-05,-0.001931590603276008,0.0,0.0,-0.001931590603276008,1.3891106576779353
2021-11-08,0.0004993903632518459,0.3113988066399773,0.00046709820995996596,3.2292153291879904e-05,1.3891555150522323
2021-11-09,0.0047592933342040285,0.0,0.0,0.0047592933342040285,1.3957669136351931
2021-11-10,-0.0034649443761718673,0.0,0.0,-0.0034649443761718673,1.390930658917346
2021-11-11,0.0018666857886784655,0.0,0.0,0.0018666857886784655,1.3935270894113843
2021-11-12,0.0030593624723958047,0.0,0.0,0.0030593624723958047,1.3977903938929963
2021-11-15,-0.00174734655873708,0.5524425370315875,0.0008286638055473812,-0.002576010364284461,1.3941896713512307
2021-11-16,-0.004078576195170786,0.0,0.0,-0.004078576195170786,1.3885033625461045
2021-11-17,0.0045526267129285,0.0,0.0,0.0045526267129285,1.394824700045423
2021-11-18,-0.0022967836191481253,0.0,0.0,-0.0022967836191481253,1.3916210895227756
2021-11-19,0.005976364767382049,0.0,0.0,0.005976364767382049,1.3999379247717454
2021-11-22,0.009196064899380315,0.4447798642697738,0.0006671697964046607,0.008528895102975654,1.411877848482801
2021-11-23,-0.005101138945411195,0.0,0.0,-0.005101138945411195,1.404675663403742
2021-11-24,-0.0001521395801246159,0.0,0.0,-0.0001521395801246159,1.4044619566381005
2021-11-25,0.0018575914732909225,0.0,0.0,0.0018575914732909225,1.407070873193313
2021-11-26,-0.006084850792734188,0.0,0.0,-0.006084850792734188,1.3985090568751295
2021-11-29,0.002845292996615416,0.6957250763054995,0.0010435876144582492,0.001801705382157167,1.4010287581698968
2021-11-30,0.002228147028089789,0.0,0.0,0.002228147028089789,1.4041504562336815
2021-12-01,-0.0005181917094786776,0.0,0.0,-0.0005181917094786776,1.4034228371084005
2021-12-02,-0.008895833902479255,0.0,0.0,-0.008895833902479255,1.390938220654538
2021-12-03,0.0023368071049339957,0.0,0.0,0.0023368071049339957,1.3941885749710876
2021-12-06,-0.010037404037768819,0.23291147668361875,0.00034936721502542813,-0.010386771252794247,1.3797074571596037
2021-12-07,-0.002033793246907821,0.0,0.0,-0.002033793246907821,1.3769014174505243
2021-12-08,0.013610563386649349,0.0,0.0,0.013610563386649349,1.3956418214699022
2021-12-09,0.001339663863197368,0.0,0.0,0.001339663863197368,1.3975115123840922
2021-12-10,-0.0003850643093933878,0.0,0.0,-0.0003850643093933878,1.3969733805787068
2021-12-13,0.00484439672386275,0.5369125784652866,0.0008053688676979299,0.00403902785616482,1.402615794977185
2021-12-14,-0.006286585169615168,0.0,0.0,-0.006286585169615168,1.3937981313218133
2021-12-15,-0.006614723721490504,0.0,0.0,-0.006614723721490504,1.3845785417595897
2021-12-16,0.00856266358934353,0.0,0.0,0.00856266358934353,1.3964342220257009
2021-12-17,-0.014022618316557638,0.0,0.0,-0.014022618316557638,1.3768525579260555
2021-12-20,-0.015076172216767913,0.431430396739548,0.0006471455951093221,-0.015723317811877236,1.355203867577688
2021-12-21,0.00568033623786112,0.0,0.0,0.00568033623786112,1.3629018812163791
2021-12-22,0.003350667693958407,0.0,0.0,0.003350667693958407,1.3674685125198058
2021-12-23,0.0047076796384941015,0.0,0.0,0.0047076796384941015,1.3739061161924773
2021-12-24,-0.0053787994633763304,0.0,0.0,-0.0053787994633763304,1.3665161507119716
2021-12-27,-0.0011389855363186574,0.6990627395591783,0.0010485941093387676,-0.002187579645657425,1.363526787795212
2021-12-28,0.004704816905769422,0.0,0.0,0.004704816905769422,1.3699419316779005
2021-12-29,-0.003118608179005877,0.0,0.0,-0.003118608179005877,1.3656696195650067
2021-12-30,0.003947617449582683,0.0,0.0,0.003947617449582683,1.3710607607855665
2021-12-31,0.002163002969219549,0.0,0.0,0.002163002969219549,1.374026369282126
2022-01-04,-0.0002743250657877974,0.5625367492083944,0.0008438051238125916,-0.001118130189600389,1.3724900289173245
2022-01-05,-0.011998958007422516,0.0,0.0,-0.011998958007422516,1.3560215786947394
2022-01-06,-0.005215351951125529,0.0,0.0,-0.005215351951125529,1.3489494489085254
2022-01-07,-0.0020122898049020387,0.0,0.0,-0.0020122898049020387,1.3462349716851585
2022-01-10,0.002127975247261763,0.7698666343495026,0.001154799951524254,0.0009731752957375091,1.3475450943018605
2022-01-11,-0.002751164020526633,0.0,0.0,-0.002751164020526633,1.3438377767223801
2022-01-12,0.002642119572253787,0.0,0.0,0.002642119572253787,1.3473883568141922
2022-01-13,-0.006027076840260786,0.0,0.0,-0.006027076840260786,1.3392675436540002
2022-01-14,-0.0056287288531424624,0.0,0.0,-0.0056287288531424624,1.3317291697889577
2022-01-17,0.0039079273951447896,0.45618583253839906,0.0006842787488075986,0.003223648646337191,1.3360221967244357
2022-01-18,0.0037741140548219368,0.0,0.0,0.0037741140548219368,1.3410644968746475
2022-01-19,-0.002862649822329414,0.0,0.0,-0.002862649822329414,1.3372254988309369
2022-01-20,-0.0005435462277080141,0.0,0.0,-0.0005435462277080141,1.3364986549554523
2022-01-21,-0.008623272188844145,0.0,0.0,-0.008623272188844145,1.3249736632737472
2022-01-24,-0.001984932181083287,0.6231553390376859,0.000934733008556529,-0.0029196651896398157,1.3211051837918972
2022-01-25,-0.01975173246692454,0.0,0.0,-0.01975173246692454,1.2950110676409725
2022-01-26,0.004823370399267877,0.0,0.0,0.004823370399267877,1.3012573856913563
2022-01-27,-0.007325335937713929,0.0,0.0,-0.007325335937713929,1.2917252381997357
2022-01-28,-0.0030455803225714123,0.0,0.0,-0.0030455803225714123,1.2877911852321058
2022-02-07,0.01414591792079147,0.5249585589747514,0.0007874378384621271,0.013358480082329344,1.3049941181302283
2022-02-08,0.010447751550854506,0.0,0.0,0.010447751550854506,1.3186283724517793
2022-02-09,-0.0010096371491600442,0.0,0.0,-0.0010096371491600442,1.3172970362610157
2022-02-10,0.009045861666475813,0.0,0.0,0.009045861666475813,1.3292131230246915
2022-02-11,-0.004052805618464034,0.0,0.0,-0.004052805618464034,1.323826080611561
2022-02-14,-0.004350437546693316,0.34482027205247506,0.0005172304080787126,-0.004867667954772029,1.3173821348212766
2022-02-15,-0.0034872967485962145,0.0,0.0,-0.0034872967485962145,1.3127880323858556
2022-02-16,0.002502139601914954,0.0,0.0,0.002502139601914954,1.3160728113106082
2022-02-17,-0.003126797599765002,0.0,0.0,-0.003126797599765002,1.3119577180030861
2022-02-18,0.009594845410000363,0.0,0.0,0.009594845410000363,1.3245457494917825
2022-02-21,0.0012598571150040118,0.6082947030725768,0.0009124420546088652,0.0003474150603951466,1.325005916633338
2022-02-22,0.0006689808624943467,0.0,0.0,0.0006689808624943467,1.3258923202342576
2022-02-23,-0.0024552104062659967,0.0,0.0,-0.0024552104062659967,1.3226369756120304
2022-02-24,0.0007298837823377054,0.0,0.0,0.0007298837823377054,1.3236023468904499
2022-02-25,-0.005333753739673532,0.0,0.0,-0.005333753739673532,1.3165425779228823
2022-02-28,0.000825922236712998,0.38592622361687695,0.0005788893354253154,0.0002470329012876826,1.3168678072555753
2022-03-01,0.004108464142123508,0.0,0.0,0.004108464142123508,1.3222781114216016
2022-03-02,0.006974180120548026,0.0,0.0,0.006974180120548026,1.3314999171401138
2022-03-03,0.006340392243981644,0.0,0.0,0.006340392243981644,1.3399421488876113
2022-03-04,-0.0032571242814126876,0.0,0.0,-0.0032571242814126876,1.3355777907787811
2022-03-07,0.009725209189439555,0.3139714318450006,0.0004709571477675009,0.009254252041672054,1.3479375642759075
2022-03-08,-0.000971243315113978,0.0,0.0,-0.000971243315113978,1.3466283889274135
2022-03-09,-0.0019966328022535318,0.0,0.0,-0.0019966328022535318,1.3439396665136354
2022-03-10,-0.011091091370297085,0.0,0.0,-0.011091091370297085,1.329033908876166
2022-03-11,0.0017831068549703582,0.0,0.0,0.0017831068549703582,1.331403718349571
2022-03-14,-0.010793602323102041,0.3342681867479447,0.000501402280121917,-0.011295004603223958,1.3163655072220632
2022-03-15,-0.030489914703948105,0.0,0.0,-0.030489914703948105,1.2762296351876432
2022-03-16,0.009393378128103171,0.010134331064754906,1.5201496597132359e-05,0.009378176631506039,1.2881983421287952
2022-03-17,0.008138744294525019,0.012741473238869205,1.911220985830381e-05,0.008119632084666715,1.2986580387189588
2022-03-18,0.01292049040030567,0.007611414803940585,1.1417122205910877e-05,0.012909073278099759,1.315422510503975
2022-03-21,-0.00020981694765204374,0.6893514967654893,0.001034027245148234,-0.0012438441928002777,1.3137863298532058
2022-03-22,0.005610761157162095,0.023783990138074376,3.5675985207111564e-05,0.005575085171954983,1.3211108005398875
2022-03-23,-0.0021990521595366594,0.02153269842640275,3.2299047639604125e-05,-0.0022313512071762635,1.3181629383602893
2022-03-24,0.007365845720801274,0.0,0.0,0.007365845720801274,1.3278723231991292
2022-03-25,0.0036556993840806454,0.0,0.0,0.0036556993840806454,1.332726625233186
2022-03-28,6.444216773092122e-05,0.7586041614169083,0.0011379062421253625,-0.0010734640743944412,1.331295991080009
2022-03-29,-0.001522222502055492,0.0,0.0,-0.001522222502055492,1.3292694623654908
2022-03-30,0.0012052355702757132,0.0,0.0,0.0012052355702757132,1.330871545204015
2022-03-31,0.0019743333590364976,0.0,0.0,0.0019743333590364976,1.3334991292923037
2022-04-01,0.0007980018002552945,0.0,0.0,0.0007980018002552945,1.334563263998118
2022-04-06,0.0042624140725524215,0.5346482951005042,0.0008019724426507562,0.0034604416299016654,1.3391814422745945
2022-04-07,-0.005340499683244482,0.0,0.0,-0.005340499683244482,1.3320295442063201
2022-04-08,0.003736746478200907,0.0,0.0,0.003736746478200907,1.3370070009144928
2022-04-11,-0.004879287470858428,0.4625036411833402,0.0006937554617750103,-0.005573042932633439,1.3295558034971648
2022-04-12,0.0035920635223223186,0.0,0.0,0.0035920635223223186,1.334331652399799
2022-04-13,0.0029388800062741913,0.0,0.0,0.0029388800062741913,1.3382530930147756
2022-04-14,0.007575784657902984,0.0,0.0,0.007575784657902984,1.3483914102652281
2022-04-15,-0.0010451299365163537,0.0,0.0,-0.0010451299365163537,1.3469821660362185
2022-04-18,-0.0010813361875399406,0.401377718352352,0.000602066577528528,-0.0016834027650684687,1.344714652533415
2022-04-19,0.0006982579295859795,0.0,0.0,0.0006982579295859795,1.345653610202577
2022-04-20,-0.012244550225802384,0.0,0.0,-0.012244550225802384,1.3291766869859192
2022-04-21,0.0008881429537140164,0.0,0.0,0.0008881429537140164,1.3303571858947065
2022-04-22,0.00231921533199013,0.0,0.0,0.00231921533199013,1.3334425706772568
2022-04-25,-0.013750335006004708,0.2688635339264723,0.0004032953008897084,-0.014153630306894417,1.314569517496416
2022-04-26,-0.006204661846910661,0.017126329184445566,2.5689493776668348e-05,-0.006230351340687329,1.3063792875406557
2022-04-27,0.002766487207216153,0.004859028623689039,7.28854293553356e-06,0.0027591986642806193,1.3099838475258816
2022-04-28,0.003548880624292254,0.000552895743092488,8.293436146387321e-07,0.0035480512806776152,1.3146317373937628
2022-04-29,0.009912122208436024,0.012820196303849014,1.9230294455773523e-05,0.00989289191398025,1.3276372470784874
2022-05-05,-6.68424764094585e-05,0.1321414424359097,0.00019821216365386454,-0.000265054640063323,1.3272853506658284
2022-05-06,-0.006115729506638311,0.0,0.0,-0.006115729506638311,1.3191680324830326
2022-05-09,0.0009739747359190646,0.3028852393733612,0.00045432785906004183,0.0005196468768590228,1.3198535340311648
2022-05-10,-0.004062057072278359,0.0,0.0,-0.004062057072278359,1.314492213648882
2022-05-11,-0.00017139308243046907,0.0,0.0,-0.00017139308243046907,1.3142669187765539
2022-05-12,0.0040257502534570165,0.0,0.0,0.0040257502534570165,1.3195578291579289
2022-05-13,-0.000543703632541757,0.0,0.0,-0.000543703632541757,1.3188403807728668
2022-05-16,-0.0028011907679283687,0.021031998112925422,3.154799716938813e-05,-0.002832738765097757,1.3151044505012752
2022-05-17,0.002305176707318446,0.0,0.0,0.002305176707318446,1.3181359986482615
2022-05-18,-0.006690042449089868,0.0,0.0,-0.006690042449089868,1.309317612863631
2022-05-19,0.0025763587499381996,0.0,0.0,0.0025763587499381996,1.3126908847519803
2022-05-20,0.0048511455204828325,0.0,0.0,0.0048511455204828325,1.3190589392573235
2022-05-23,0.0008048186233968541,0.20414474170984487,0.0003062171125647673,0.0004986015108320868,1.319716624037314
2022-05-24,-0.0035777094525108015,0.0,0.0,-0.0035777094525108015,1.31499506139686
2022-05-25,0.004137147692217505,0.0,0.0,0.004137147692217505,1.3204353901803954
2022-05-26,0.004988837271241691,0.0,0.0,0.004988837271241691,1.3270228274691938
2022-05-27,0.00203343780798668,0.0,0.0,0.00203343780798668,1.329721245858631
2022-05-30,-0.003981232952049721,0.2854218231538059,0.0004281327347307088,-0.0044093656867804296,1.323858018624159
2022-05-31,1.794411119955178e-05,0.0,0.0,1.794411119955178e-05,1.3238817740796578
2022-06-01,-0.002193947045610177,0.0,0.0,-0.002193947045610177,1.3209772475726786
2022-06-02,0.0008414551161929222,0.0,0.0,0.0008414551161929222,1.322088790636023
2022-06-06,0.0027986825220365124,0.28283598443117197,0.00042425397664675796,0.0023744285453897542,1.325227996000049
2022-06-07,-1.6198232619496185e-05,0.0,0.0,-1.6198232619496185e-05,1.3252065296486961
2022-06-08,0.0062407678563709285,0.0,0.0,0.0062407678563709285,1.3334768359619806
2022-06-09,0.0005758300928860051,0.0,0.0,0.0005758300928860051,1.334244692052294
2022-06-10,5.182579574386872e-05,0.0,0.0,5.182579574386872e-05,1.3343138403451764
2022-06-13,-0.0034505086453022627,0.5678118191393067,0.00085171772870896,-0.004302226374011222,1.3285733201500352
2022-06-14,0.00033731392430869696,0.0,0.0,0.00033731392430869696,1.329021466430387
2022-06-15,-0.0034257613584457733,0.0,0.0,-0.0034257613584457733,1.3244685560461449
2022-06-16,-0.006213955667426581,0.0,0.0,-0.006213955667426581,1.3162383671559736
2022-06-17,-0.00043843595865137534,0.0,0.0,-0.00043843595865137534,1.315661280925656
2022-06-20,-0.006361186301898754,0.4825702249944428,0.0007238553374916642,-0.007085041639390418,1.306339765966964
2022-06-21,-0.0004991554227526737,0.0,0.0,-0.0004991554227526737,1.305687699388824
2022-06-22,-0.005532477504777786,0.0,0.0,-0.005532477504777786,1.2984640115636903
2022-06-23,0.00509962796311798,0.0,0.0,0.00509962796311798,1.3050856949461627
2022-06-24,-0.003688566075869261,0.0,0.0,-0.003688566075869261,1.3002718001256819
2022-06-27,0.0056732634222260575,0.7900410255750774,0.001185061538362616,0.0044882018838634415,1.3061076824685405
2022-06-28,0.0034039051100740246,0.0,0.0,0.0034039051100740246,1.310553549083202
2022-06-29,-0.006909907407548912,0.0,0.0,-0.006909907407548912,1.3014977454064025
2022-06-30,0.0033398106397923857,0.0,0.0,0.0033398106397923857,1.3058445014241766
2022-07-01,-0.003702737321199797,0.0,0.0,-0.003702737321199797,1.3010093022530698
2022-07-04,0.0023674244996902635,1.1469448730266236,0.0017204173095399355,0.000647007190150328,1.30185106462608
2022-07-05,0.004147968797767921,0.0,0.0,0.004147968797767921,1.3072511022214899
2022-07-06,-0.01378998180536252,0.0,0.0,-0.01378998180536252,1.2892241333068155
2022-07-07,0.003334443757275016,0.0,0.0,0.003334443757275016,1.2935229786698488
2022-07-08,-0.001851361730068333,0.0,0.0,-0.001851361730068333,1.2911281997301756
2022-07-11,-0.011474095782533174,0.7143317083847427,0.001071497562577114,-0.012545593345110288,1.2749302303799563
2022-07-12,-0.0019476728209062498,0.0,0.0,-0.0019476728209062498,1.2724470834216937
2022-07-13,0.003060852124845897,0.0,0.0,0.003060852124845897,1.2763418557807389
2022-07-14,0.000513501191039997,0.0,0.0,0.000513501191039997,1.2769972588438565
2022-07-15,-0.00858895715764403,0.0,0.0,-0.00858895715764403,1.2660291840972178
2022-07-18,0.0008296638839877524,1.0492283462610479,0.0015738425193915718,-0.0007441786354038195,1.265087032226615
2022-07-19,-0.002578728469503005,0.0,0.0,-0.002578728469503005,1.2618247162802132
2022-07-20,0.00033729744983793943,0.0,0.0,0.00033729744983793943,1.262250326539157
2022-07-21,-0.0018272959031688703,0.0,0.0,-0.0018272959031688703,1.2599438216886982
2022-07-22,0.0010171578086630552,0.0,0.0,0.0010171578086630552,1.2612253833854057
2022-07-25,-0.0035432834463843283,0.5999999999999999,0.0008999999999999999,-0.004443283446384328,1.2556214015172495
2022-07-26,0.0034474022695468822,0.0,0.0,0.0034474022695468822,1.259950033586532
2022-07-27,0.001745717306916196,0.0,0.0,0.001745717306916196,1.2621495501660136
2022-07-28,-0.00017468745276395868,0.0,0.0,-0.00017468745276395868,1.261929068476088
2022-07-29,-0.0014686921984560124,0.0,0.0,-0.0014686921984560124,1.2600756830982123
2022-08-01,0.004039273817135836,1.2402435704787467,0.00186036535571812,0.002178908461417716,1.2628212726661416
2022-08-02,-0.013180802238816711,0.0,0.0,-0.013180802238816711,1.2461762752081584
2022-08-03,-0.007980973918465781,0.0,0.0,-0.007980973918465781,1.2362305748579114
2022-08-04,0.002362828719386397,0.0,0.0,0.002362828719386397,1.2391515759639693
2022-08-05,0.007182689697580617,0.0,0.0,0.007182689697580617,1.2480520172223866
2022-08-08,0.0004462734796612397,0.6187434764472552,0.0009281152146708828,-0.0004818417350096431,1.2474506536730259
2022-08-09,0.005029907940176339,0.0,0.0,0.005029907940176339,1.253725215620914
2022-08-10,-0.00041920088865747985,0.0,0.0,-0.00041920088865747985,1.2531996528963936
2022-08-11,0.002192136112412988,0.0,0.0,0.002192136112412988,1.2559468371115714
2022-08-12,-0.001671737079050039,0.0,0.0,-0.001671737079050039,1.2538472242146563
2022-08-15,0.007653665460585164,0.8441179454258622,0.0012661769181387932,0.006387488542446371,1.2618561589933057
2022-08-16,0.00020986821341617199,0.0,0.0,0.00020986821341617199,1.2621209824909818
2022-08-17,-0.001244994304355472,0.0,0.0,-0.001244994304355472,1.260549649056373
2022-08-18,-0.0018120902341979812,0.0,0.0,-0.0018120902341979812,1.2582654193475964
2022-08-19,-0.0058312823341063955,0.0,0.0,-0.0058312823341063955,1.2509281184361378
2022-08-22,0.002884604878151803,0.7273026212713366,0.0010909539319070049,0.001793650946244798,1.253171846839455
2022-08-23,0.002733184140668639,0.0,0.0,0.002733184140668639,1.256596996256769
2022-08-24,-0.008772424270497885,0.0,0.0,-0.008772424270497885,1.2455735942685713
2022-08-25,0.00336584679207838,0.0,0.0,0.00336584679207838,1.2497660041551375
2022-08-26,-0.0021866336250686196,0.0,0.0,-0.0021866336250686196,1.2470332237869841
2022-08-29,-0.0031306479284514167,0.3573757224942114,0.0005360635837413171,-0.003666711512192734,1.2424607127092375
2022-08-30,-0.0025363471027532386,0.0,0.0,-0.0025363471027532386,1.2393094010802728
2022-08-31,-0.008742871377411638,0.0,0.0,-0.008742871377411638,1.228474278389811
2022-09-01,-0.0002600493202322804,0.0,0.0,-0.0002600493202322804,1.228154814488793
2022-09-02,-0.001527168036210905,0.0,0.0,-0.001527168036210905,1.2262792157125872
2022-09-05,0.008891249406739738,0.9714194743957378,0.0014571292115936067,0.007434120195146131,1.2353955227950042
2022-09-06,0.009398251957359507,0.0,0.0,0.009398251957359507,1.2470060811852255
2022-09-07,0.0002766303879894814,0.0,0.0,0.0002766303879894814,1.2473510409612891
2022-09-08,-0.0012961229019225868,0.0,0.0,-0.0012961229019225868,1.2457343207103622
2022-09-09,0.003964955266146387,0.0,0.0,0.003964955266146387,1.2506736015654822
2022-09-13,-0.0011632005862299343,1.0104351995074135,0.0015156527992611203,-0.0026788533854910546,1.2473232303537842
2022-09-14,-0.004790800575849134,0.0,0.0,-0.004790800575849134,1.2413475535035354
2022-09-15,-0.0015996054695275742,0.0,0.0,-0.0015996054695275742,1.2393618871673666
2022-09-16,-0.009822377366534164,0.0,0.0,-0.009822377366534164,1.2271884070179089
2022-09-19,-0.0001495165294111159,0.9939806667224764,0.0014909710000837145,-0.0016404875294948303,1.2251752197398553
2022-09-20,0.0006307749566808323,0.0,0.0,0.0006307749566808323,1.225948029586013
2022-09-21,0.00423736103124227,0.0,0.0,0.00423736103124227,1.231142813992909
2022-09-22,0.0026903885428963678,0.0,0.0,0.0026903885428963678,1.2344550665143448
2022-09-23,-0.005302526856165004,0.0,0.0,-0.005302526856165004,1.2279093353714234
2022-09-26,-0.00843091697029363,0.913982419071334,0.001370973628607001,-0.009801890598900631,1.215873502400744
2022-09-27,0.002650421033772058,0.0,0.0,0.002650421033772058,1.219096079105913
2022-09-28,-0.0019211486808081927,0.0,0.0,-0.0019211486808081927,1.2167540142817603
2022-09-29,0.0027049289793352415,0.0,0.0,0.0027049289793352415,1.2200452474757135
2022-09-30,0.0018450489383977353,0.0,0.0,0.0018450489383977353,1.2222962906643657
2022-10-10,0.004543285658788164,0.37381230898349616,0.0005607184634752443,0.00398256719531292,1.2271641677745182
2022-10-11,-0.0016710598433588258,0.0,0.0,-0.0016710598433588258,1.2251135030125413
2022-10-12,0.00281360641145204,0.0,0.0,0.00281360641145204,1.2285604902193739
2022-10-13,-0.00331575606560329,0.0,0.0,-0.00331575606560329,1.2244868833219684
2022-10-14,0.0011475864226682475,0.0,0.0,0.0011475864226682475,1.225892087844004
2022-10-17,-0.0034214397067141526,0.47461015252015315,0.0007119152287802297,-0.004133354935494382,1.2208250407323304
2022-10-18,0.000989358952002434,0.0,0.0,0.000989358952002434,1.2220328749152078
2022-10-19,-0.0023873392287626803,0.0,0.0,-0.0023873392287626803,1.2191154678940852
2022-10-20,-0.004939788144475179,0.0,0.0,-0.004939788144475179,1.2130932957590357
2022-10-21,0.0006067167580334502,0.0,0.0,0.0006067167580334502,1.2138292997906308
2022-10-24,-0.009164035742041622,1.007616361815316,0.001511424542722974,-0.010675460284764595,1.2008711133082324
2022-10-25,-0.0041457472245190604,0.0,0.0,-0.0041457472245190604,1.1958926052232297
2022-10-26,-0.0033030738584180616,0.0,0.0,-0.0033030738584180616,1.1919424836214414
2022-10-27,0.0017477632492960953,0.0,0.0,0.0017477632492960953,1.1940257168895898
2022-10-28,-0.006457833320246075,0.0,0.0,-0.006457833320246075,1.1863148978298295
2022-10-31,0.0012465592749687183,1.0554994454821331,0.0015832491682231996,-0.0003366898932544813,1.1859154775935128
2022-11-01,-0.0011088322931429246,0.0,0.0,-0.0011088322931429246,1.184600496215019
2022-11-02,0.0003321704424508668,0.0,0.0,0.0003321704424508668,1.1849939854859741
2022-11-03,-0.000692176138680105,0.0,0.0,-0.000692176138680105,1.1841737609247414
2022-11-04,0.000788642345171027,0.0,0.0,0.000788642345171027,1.1851076504966471
2022-11-07,0.003393200258351482,0.5252250392561841,0.0007878375588842762,0.002605362699467206,1.1881952857641043
2022-11-08,0.0011341463241815652,0.0,0.0,0.0011341463241815652,1.1895428730798636
2022-11-09,0.00737921483697005,0.0,0.0,0.00737921483697005,1.1983207654981065
2022-11-10,-6.506895854848162e-05,0.0,0.0,-6.506895854848162e-05,1.1982427920138885
2022-11-11,0.0039578361142020655,0.0,0.0,0.0039578361142020655,1.2029852406097035
2022-11-14,-0.0019424050388986013,0.4420661139941217,0.0006630991709911826,-0.0026055042098897837,1.1998508575008595
2022-11-15,0.0050580812475742596,0.0,0.0,0.0050580812475742596,1.2059198006230705
2022-11-16,0.002508549766817166,0.0,0.0,0.002508549766817166,1.2089449104577237
2022-11-17,-0.0018626268448512315,0.0,0.0,-0.0018626268448512315,1.2066930972135588
2022-11-18,-0.0016765223926447214,0.0,0.0,-0.0016765223926447214,1.2046700492150304
2022-11-21,-0.003730470787551162,0.295609875005026,0.00044341481250753905,-0.004173885600058701,1.1996418942437899
2022-11-22,-0.0053744035528049865,0.0,0.0,-0.0053744035528049865,1.1931945345852724
2022-11-23,-0.0016148345595783302,0.0,0.0,-0.0016148345595783302,1.191267722814524
2022-11-24,0.0020889270254379087,0.0,0.0,0.0020889270254379087,1.193756194155243
2022-11-25,5.496786659869407e-05,0.0,0.0,5.496786659869407e-05,1.1938218123864746
2022-11-28,-0.001997055374590685,0.49527790928976273,0.0007429168639346441,-0.002739972238525329,1.1905507737627896
2022-11-29,0.007380718676211044,0.0,0.0,0.007380718676211044,1.1993378940936783
2022-11-30,0.00015867173590761023,0.0,0.0,0.00015867173590761023,1.199528195119274
2022-12-01,0.0020114165358103646,0.0,0.0,0.0020114165358103646,1.2019409459661075
2022-12-02,0.0008065258875412268,0.0,0.0,0.0008065258875412268,1.2029103424543248
2022-12-05,0.005284848399528688,0.17986655629390502,0.00026979983444085754,0.00501504856508783,1.2089429962411795
2022-12-06,-0.00618223624123063,0.0,0.0,-0.00618223624123063,1.2014690250362354
2022-12-07,-0.0004928139908798598,0.0,0.0,-0.0004928139908798598,1.2008769242910888
2022-12-08,0.002055465115832837,0.0,0.0,0.002055465115832837,1.2033452849173778
2022-12-09,0.0022381594236139495,0.0,0.0,0.0022381594236139495,1.2060385635066773
2022-12-12,-0.004631059832288566,0.4097584315543019,0.0006146376473314529,-0.005245697479620019,1.1997120500537657
2022-12-13,0.00028963363202562045,0.0,0.0,0.00028963363202562045,1.2000595270122079
2022-12-14,0.002432883632717326,0.0,0.0,0.002432883632717326,1.2029791321937624
2022-12-15,-0.006084395599919436,0.0,0.0,-0.006084395599919436,1.1956597312550477
2022-12-16,-0.0005966931181949942,0.0,0.0,-0.0005966931181949942,1.1949462893217049
2022-12-19,-0.0038436948065474967,0.643829834771493,0.0009657447521572395,-0.0048094395587047365,1.1891992673673137
2022-12-20,-0.004865530109188624,0.0,0.0,-0.004865530109188624,1.183413182526113
2022-12-21,0.00568631764849967,0.0,0.0,0.00568631764849967,1.1901424457913783
2022-12-22,0.0033631891237733322,0.0,0.0,0.0033631891237733322,1.1941451199208049
2022-12-23,-0.0027434939278371748,0.0,0.0,-0.0027434939278371748,1.1908689900353457
2022-12-26,0.00012412161704381756,0.5106503370273797,0.0007659755055410696,-0.0006418538884972521,1.1901046261434007
2022-12-27,0.005761416336894204,0.0,0.0,0.005761416336894204,1.1969613143790767
2022-12-28,0.000627675878851165,0.0,0.0,0.000627675878851165,1.1977126181240305
2022-12-29,-0.0002822317814525192,0.0,0.0,-0.0002822317814525192,1.1973745855581492
2022-12-30,0.002911577153611315,0.0,0.0,0.002911577153611315,1.2008608340457751
2023-01-03,0.004520386698205973,0.18281177183337316,0.0002742176577500597,0.004246169040455913,1.2059598921411963
2023-01-04,0.004686548257969927,0.0,0.0,0.004686548257969927,1.211611681372892
2023-01-05,0.0007671922197687898,0.0,0.0,0.0007671922197687898,1.2125412204282222
2023-01-06,-0.004745661307061195,0.0,0.0,-0.004745661307061195,1.2067869104752191
2023-01-09,0.007649243127164967,0.5641665079023068,0.0008462497618534602,0.006802993365311507,1.214996673820527
2023-01-10,-5.120234222692733e-05,0.0,0.0,-5.120234222692733e-05,1.2149344631450294
2023-01-11,0.0020491038569794883,0.0,0.0,0.0020491038569794883,1.217423990039437
2023-01-12,-0.0037425111600722662,0.0,0.0,-0.0037425111600722662,1.2128677671701746
2023-01-13,0.007657912918712778,0.0,0.0,0.007657912918712778,1.2221558029130775
2023-01-16,0.005799263256653905,0.6169978373468523,0.0009254967560202784,0.004873766500633627,1.22811230492387
2023-01-17,0.00045084067532867757,0.0,0.0,0.00045084067532867757,1.2286659879048014
2023-01-18,-0.0011537027955736776,0.0,0.0,-0.0011537027955736776,1.2272484725197292
2023-01-19,0.003133930705702106,0.0,0.0,0.003133930705702106,1.2310945841912848
2023-01-20,0.0050086638461907225,0.0,0.0,0.0050086638461907225,1.237260723126365
2023-01-30,-0.0015968290597830025,0.22262341735436253,0.00033393512603154376,-0.0019307641858145462,1.2348718644336376
2023-01-31,-0.008469293522878066,0.0,0.0,-0.008469293522878066,1.2244133721506054
2023-02-01,0.008659681835575077,0.0,0.0,0.008659681835575077,1.2350164023886532
2023-02-02,0.0025782931136706924,0.0,0.0,0.0025782931136706924,1.2382006366742022
2023-02-03,-0.007598146567677032,0.0,0.0,-0.007598146567677032,1.2287926067565607
2023-02-06,-0.008049897629875253,0.6601642909507609,0.0009902464364261415,-0.009040144066301395,1.2176841445638753
2023-02-07,0.001528071342168999,0.0,0.0,0.001528071342168999,1.219544852808997
2023-02-08,-0.0010709252978324238,0.0,0.0,-0.0010709252978324238,1.2182388113742826
2023-02-09,0.0032354717501082075,0.0,0.0,0.0032354717501082075,1.2221803886333695
2023-02-10,-0.0012188754542706663,0.0,0.0,-0.0012188754542706663,1.2206907029569734
2023-02-13,0.0026571650730633275,0.6787785518992776,0.0010181678278489163,0.0016389972452144112,1.2226914116563787
2023-02-14,0.0011983953053415705,0.0,0.0,0.0011983953053415705,1.2241566793039893
2023-02-15,-0.003925646225926318,0.0,0.0,-0.003925646225926318,1.2193510732559372
2023-02-16,0.0006323047928062419,0.0,0.0,0.0006323047928062419,1.2201220747836703
2023-02-17,-0.003951484832734069,0.0,0.0,-0.003951484832734069,1.2153007809110785
2023-02-20,0.013524575549170494,0.3248640218813549,0.0004872960328220323,0.013037279516348463,1.2311449968882529
2023-02-21,0.0007627766951118815,0.0,0.0,0.0007627766951118815,1.232084085600183
2023-02-22,-0.0024121349754555846,0.0,0.0,-0.0024121349754555846,1.2291121324846046
2023-02-23,-0.0020607912948857037,0.0,0.0,-0.0020607912948857037,1.226579188901542
2023-02-24,-0.0029978155774829335,0.0,0.0,-0.0029978155774829335,1.2229021307020367
2023-02-27,-0.003487483805870248,0.4417017488549315,0.0006625526232823972,-0.004150036429152645,1.2178270423103348
2023-02-28,0.002409436396479048,0.0,0.0,0.002409436396479048,1.2207613191106939
2023-03-01,0.00808837843360406,0.0,0.0,0.00808837843360406,1.2306352986367668
2023-03-02,-0.0002758387525738547,0.0,0.0,-0.0002758387525738547,1.2302958417311174
2023-03-03,0.001776484349034805,0.0,0.0,0.001776484349034805,1.2324814430386355
2023-03-06,0.0011999337319107434,0.5083394559061554,0.0007625091838592332,0.00043742454805151027,1.2330205606768385
2023-03-07,-0.0035241742076032472,0.0,0.0,-0.0035241742076032472,1.2286751814194568
2023-03-08,-0.0038887613384469034,0.0,0.0,-0.0038887613384469034,1.2238971568764434
2023-03-09,-0.0011025542227608039,0.0,0.0,-0.0011025542227608039,1.2225477438979042
2023-03-10,-0.0019747528727982002,0.0,0.0,-0.0019747528727982002,1.2201335142285088
2023-03-13,0.008421765889084484,0.2152647206059888,0.0003228970809089832,0.0080988688081755,1.2300152154887036
2023-03-14,0.0030795969474849668,0.0,0.0,0.0030795969474849668,1.2338031665916829
2023-03-15,0.0013251814060570542,0.0,0.0,0.0013251814060570542,1.2354381796067846
2023-03-16,0.0017372195226616968,0.0,0.0,0.0017372195226616968,1.2375844069314392
2023-03-17,0.008320866438097683,0.0,0.0,0.008320866438097683,1.247882181487388
2023-03-20,0.009025933286400757,0.5547855272121663,0.0008321782908182495,0.008193754995582508,1.2581070223458488
2023-03-21,-0.003038720076948394,0.0,0.0,-0.003038720076948394,1.2542839872780966
2023-03-22,-0.0018414425866433567,0.0,0.0,-0.0018414425866433567,1.251974295328178
2023-03-23,0.005509978164349388,0.0,0.0,0.005509978164349388,1.2588726463577629
2023-03-24,0.0027683533751667122,0.0,0.0,0.0027683533751667122,1.2623576506972125
2023-03-27,-0.0032556795595122625,0.5442756916090372,0.0008164135374135558,-0.004072093096925819,1.257217212821957
2023-03-28,-0.0038576138959272345,0.0,0.0,-0.0038576138959272345,1.252367354231576
2023-03-29,-0.00035630180351983075,0.0,0.0,-0.00035630180351983075,1.2519211334845939
2023-03-30,0.0011333051247619011,0.0,0.0,0.0011333051247619011,1.2533399421209697
2023-03-31,0.0068104116546944225,0.0,0.0,0.0068104116546944225,1.2618757030700842
2023-04-03,0.005998773834312913,0.21531027996519772,0.00032296541994779657,0.005675808414365116,1.2690378678034524
2023-04-04,0.004648924197822417,0.0,0.0,0.004648924197822417,1.2749375286550368
2023-04-06,0.002161433460401743,0.0,0.0,0.002161433460401743,1.2776932212893937
2023-04-07,0.0032846173555622616,0.0,0.0,0.0032846173555622616,1.2818899546191251
2023-04-10,-0.011932347123958468,0.8323828338305737,0.0012485742507458604,-0.013180921374704328,1.2649934639162672
2023-04-11,0.0026915399851585257,0.0,0.0,0.0026915399851585257,1.268398244405362
2023-04-12,0.009246475466849901,0.0,0.0,0.009246475466849901,1.2801264576544518
2023-04-13,-0.00802282188681194,0.0,0.0,-0.00802282188681194,1.2698562310920947
2023-04-14,0.007734630004994828,0.0,0.0,0.007734630004994828,1.2796780991991292
2023-04-17,0.005181006808440448,0.914654046800251,0.0013719810702003765,0.003809025738240072,1.284552426015641
2023-04-18,0.001013058544266135,0.0,0.0,0.001013058544266135,1.2858537528263736
2023-04-19,-0.0022699052950261264,0.0,0.0,-0.0022699052950261264,1.2829349865842037
2023-04-20,0.0037388574723148907,0.0,0.0,0.0037388574723148907,1.2877316976452884
2023-04-21,-0.01349339067840839,0.0,0.0,-0.01349339067840839,1.2703558307599905
2023-04-24,0.0010799106635857735,0.8449590856919611,0.0012674386285379416,-0.00018752796495216813,1.270117603516283
2023-04-25,0.002961266113729787,0.0,0.0,0.002961266113729787,1.2738787597360273
2023-04-26,-0.002913050630816569,0.0,0.0,-0.002913050630816569,1.2701678864113943
2023-04-27,0.0006375015098581899,0.0,0.0,0.0006375015098581899,1.2709776203567549
2023-04-28,0.011126552777126632,0.0,0.0,0.011126552777126632,1.2851192199282013
2023-05-04,0.011863651510545603,0.35810165434531505,0.0005371524815179726,0.011326499029027631,1.2996751215249027
2023-05-05,-0.00020259444558349144,0.0,0.0,-0.00020259444558349144,1.2994118145642188
2023-05-08,0.007025364676260362,0.5747991164559877,0.0008621986746839814,0.006163166001576381,1.3074203052817877
2023-05-09,-0.0032374526802604036,0.0,0.0,-0.0032374526802604036,1.3031875939102262
2023-05-10,-0.005403742445344978,0.0,0.0,-0.005403742445344978,1.2961455037947665
2023-05-11,0.0003309045952973829,0.0,0.0,0.0003309045952973829,1.296574404298146
2023-05-12,-0.004012884393367705,0.0,0.0,-0.004012884393367705,1.291371401106298
2023-05-15,0.0005646134238910758,0.47062473840166413,0.0007059371076024962,-0.00014132368371142033,1.291188899742854
2023-05-16,-0.0011746406170274211,0.0,0.0,-0.0011746406170274211,1.289672216816961
2023-05-17,0.0007908579364910314,0.0,0.0,0.0007908579364910314,1.2906921643251026
2023-05-18,0.005646541703688482,0.0,0.0,0.005646541703688482,1.2979801114575882
2023-05-19,0.004034210360192658,0.0,0.0,0.004034210360192658,1.3032164362705545
2023-05-22,-0.00014471082136407912,0.0741035274869819,0.00011115529123047286,-0.00025586611259455195,1.3028829873471366
2023-05-23,-0.001473443884835514,0.0,0.0,-0.001473443884835514,1.3009632623767737
2023-05-24,-0.003856523875272037,0.0,0.0,-0.003856523875272037,1.295946066494566
2023-05-25,0.0023085693617421426,0.0,0.0,0.0023085693617421426,1.2989378478781455
2023-05-26,0.0007522025520556769,0.0,0.0,0.0007522025520556769,1.299914912242281
2023-05-29,0.009987108256460986,0.14149429878531036,0.00021224144817796553,0.00977486680828302,1.3126214073715503
2023-05-30,0.0026417602972778438,0.0,0.0,0.0026417602972778438,1.3160890384909016
2023-05-31,0.004931075804677328,0.0,0.0,0.004931075804677328,1.322578773305405
2023-06-01,0.00037603823051394315,0.0,0.0,0.00037603823051394315,1.3230761134870341
2023-06-02,0.004344588289669789,0.0,0.0,0.004344588289669789,1.3288243344760318
2023-06-05,-0.002258378128476954,0.41310171892239006,0.0006196525783835851,-0.002878030706860539,1.3249999372373862
2023-06-06,0.0015002058126890217,0.0,0.0,0.0015002058126890217,1.3269877098450422
2023-06-07,0.001013352820796606,0.0,0.0,0.001013352820796606,1.328332416583976
2023-06-08,-0.006593953828407631,0.0,0.0,-0.006593953828407631,1.3195734539602442
2023-06-09,0.009751514846408346,0.0,0.0,0.009751514846408346,1.3324412940874637
2023-06-12,0.0016597757398315901,0.30159315822472293,0.00045238973733708444,0.0012073860024945056,1.3340500650550906
2023-06-13,0.006657849340832002,0.0,0.0,0.006657849340832002,1.3429319694013546
2023-06-14,-0.001017550560936822,0.0,0.0,-0.001017550560936822,1.3415654682225904
2023-06-15,-0.0013637549367164605,0.0,0.0,-0.0013637549367164605,1.3397359016923736
2023-06-16,0.006721568141446316,0.0,0.0,0.006721568141446316,1.3487410278471408
2023-06-19,-0.0007675207411820977,0.5013145281636158,0.0007519717922454236,-0.0015194925334275212,1.3466916259257997
2023-06-20,-0.0006734277639060491,0.0,0.0,-0.0006734277639060491,1.3457847263954816
2023-06-21,-0.005460351816338274,0.0,0.0,-0.005460351816338274,1.3384362683203077
2023-06-26,-0.005844416206666688,0.6368645263956468,0.0009552967895934703,-0.006799712996260158,1.3293352858319443
2023-06-27,-0.00031192950777711003,0.0,0.0,-0.00031192950777711003,1.328920626930564
2023-06-28,0.0009475493826562554,0.0,0.0,0.0009475493826562554,1.3301798448502113
2023-06-29,0.004079846471239434,0.0,0.0,0.004079846471239434,1.3356067743963373
2023-06-30,0.002105443447585029,0.0,0.0,0.002105443447585029,1.3384188189280404
2023-07-03,0.003158768909322396,0.18889880707626427,0.00028334821061439636,0.002875420698708,1.3422673361035264
2023-07-04,-0.0009289861032303202,0.0,0.0,-0.0009289861032303202,1.3410203884014662
2023-07-05,-0.0008273440924510647,0.0,0.0,-0.0008273440924510647,1.3399109031052658
2023-07-06,-2.388745862026092e-05,0.0,0.0,-2.388745862026092e-05,1.3398788960390131
2023-07-07,-0.0019889026753426966,0.0,0.0,-0.0019889026753426966,1.3372140073180458
2023-07-10,-0.0005555737270092004,0.13878152946701128,0.0002081722942005169,-0.0007637460212097173,1.3361927154404507
2023-07-11,0.0019641496660843735,0.0,0.0,0.0019641496660843735,1.3388171979163073
2023-07-12,-0.0012177523744504606,0.0,0.0,-0.0012177523744504606,1.3371868500945896
2023-07-13,0.008276389635659936,0.0,0.0,0.008276389635659936,1.3482539294816531
2023-07-14,-0.0006542978273490701,0.0,0.0,-0.0006542978273490701,1.3473717698648784
2023-07-17,0.0026268380329422815,0.19131872602719455,0.0002869780890407918,0.0023398599439014896,1.350524431098729
2023-07-18,0.003066897312832636,0.0,0.0,0.003066897312832636,1.3546663508473806
2023-07-19,0.008430917259225752,0.0,0.0,0.008430917259225752,1.3660874307652322
2023-07-20,-0.0046617452371207355,0.0,0.0,-0.0046617452371207355,1.359719079191372
2023-07-21,-0.0051933012846990196,0.0,0.0,-0.0051933012846990196,1.3526576483505777
2023-07-24,-3.9690264590183904e-05,0.39220767730306927,0.0005883115159546039,-0.0006280017805447879,1.351808176938946
2023-07-25,-0.0003391906082522517,0.0,0.0,-0.0003391906082522517,1.3513496563011698
2023-07-26,0.001724224241535925,0.0,0.0,0.001724224241535925,1.3536796861373555
2023-07-27,0.0030490253389922066,0.0,0.0,0.0030490253389922066,1.3578070898012675
2023-07-28,-0.002191209637904811,0.0,0.0,-0.002191209637904811,1.3548318498196796
2023-07-31,0.00271359389721542,0.3251661579644336,0.0004877492369466504,0.0022258446602687696,1.3578474950581627
2023-08-01,0.0015704044131428095,0.0,0.0,0.0015704044131428095,1.359979864756777
2023-08-02,-0.0047593448979580235,0.0,0.0,-0.0047593448979580235,1.353507251526121
2023-08-03,-0.004193341773432461,0.0,0.0,-0.004193341773432461,1.347831533027653
2023-08-04,0.0014455429633156833,0.0,0.0,0.0014455429633156833,1.349779881415956
2023-08-07,-0.0023500944644877426,0.5662619807014271,0.0008493929710521406,-0.0031994874355398832,1.345461277644621
2023-08-08,0.00012295916229077347,0.0,0.0,0.00012295916229077347,1.345626714436215
2023-08-09,-0.001118720919861762,0.0,0.0,-0.001118720919861762,1.3441213336804505
2023-08-10,-0.0024813321441000662,0.0,0.0,-0.0024813321441000662,1.3407861222096185
2023-08-11,-0.0013834402548382834,0.0,0.0,-0.0013834402548382834,1.3389312247150251
2023-08-14,-4.826606010350059e-05,0.4663000677673276,0.0006994501016509913,-0.0007477161617544919,1.337930084198828
2023-08-15,0.003983318277855649,0.0,0.0,0.003983318277855649,1.3432594855577102
2023-08-16,-0.00210935211964921,0.0,0.0,-0.00210935211964921,1.34042607831461
2023-08-17,-0.0014809866342045757,0.0,0.0,-0.0014809866342045757,1.3384409252084868
2023-08-18,-0.004817120968677929,0.0,0.0,-0.004817120968677929,1.3319934933623283
2023-08-21,0.0024605837072291677,0.48019458675476223,0.0007202918801321433,0.0017402918270970243,1.3343115507525731
2023-08-22,0.0015702901819375894,0.0,0.0,0.0015702901819375894,1.3364068070803659
2023-08-23,0.0015076436758011866,0.0,0.0,0.0015076436758011866,1.3384216323513582
2023-08-24,0.0039003949254248645,0.0,0.0,0.0039003949254248645,1.3436420052942604
2023-08-25,-0.006016718069719043,0.0,0.0,-0.006016718069719043,1.335557690161773
2023-08-28,0.0029374030236712203,0.3782546803508532,0.0005673820205262797,0.0023700210031449404,1.3387229899383681
2023-08-29,0.0012754705831502895,0.0,0.0,0.0012754705831502895,1.3404304917310217
2023-08-30,0.0032850216966145793,0.0,0.0,0.0032850216966145793,1.3448338349791618
2023-08-31,0.0016186313403526121,0.0,0.0,0.0016186313403526121,1.3470106251720255
2023-09-01,0.0013395053059313921,0.0,0.0,0.0013395053059313921,1.3488149530515894
2023-09-04,0.0037960928715075554,0.2850239433617336,0.0004275359150426004,0.003368556956464955,1.3533585130446752
2023-09-05,-0.0007517966247528839,0.0,0.0,-0.0007517966247528839,1.3523410626824877
2023-09-06,-0.00039735714126888725,0.0,0.0,-0.00039735714126888725,1.3518037003037997
2023-09-07,-0.0026659380001893226,0.0,0.0,-0.0026659380001893226,1.3481998754503632
2023-09-08,0.0018613750269854206,0.0,0.0,0.0018613750269854206,1.3507093810299113
2023-09-11,0.0018643708928468236,0.28248657179107545,0.00042372985768661316,0.0014406410351602103,1.3526552683907989
2023-09-12,0.0014999177283718927,0.0,0.0,0.0014999177283718927,1.354684140008234
2023-09-13,-0.0008827825635409706,0.0,0.0,-0.0008827825635409706,1.353488248470329
2023-09-14,0.005731279272723536,0.0,0.0,0.005731279272723536,1.361245467614662
2023-09-15,-0.002861674260934922,0.0,0.0,-0.002861674260934922,1.3573500264971747
2023-09-18,-0.004746332267231456,0.41303975882145116,0.0006195596382321767,-0.005365891905463633,1.3500666329771127
2023-09-19,0.004053857858222152,0.0,0.0,0.004053857858222152,1.3555396112063305
2023-09-20,0.0026650164953264245,0.0,0.0,0.0026650164953264245,1.3591521466302636
2023-09-21,-0.0036765915756055926,0.0,0.0,-0.0036765915756055926,1.3541550992979965
2023-09-22,-0.002421753908699898,0.0,0.0,-0.002421753908699898,1.3508756688932857
2023-09-25,0.00011076280719861734,0.5324179798661064,0.0007986269697991596,-0.0006878641626005422,1.3499464499325249
2023-09-26,-0.001896658820860917,0.0,0.0,-0.001896658820860917,1.3473860620905704
2023-09-27,-0.0056715114477707395,0.0,0.0,-0.0056715114477707395,1.3397443466148569
2023-09-28,-0.006069041725821279,0.0,0.0,-0.006069041725821279,1.3316133822733183
2023-10-09,0.0011508705959535877,0.7428099391075537,0.0011142149086613305,3.66556872922572e-05,1.331662193477053
2023-10-10,-0.00100590576098672,0.0,0.0,-0.00100590576098672,1.3303226668049462
2023-10-11,0.0008763824826745718,0.0,0.0,0.0008763824826745718,1.3314885382864388
2023-10-12,0.005883702916314019,0.0,0.0,0.005883702916314019,1.3393226212821936
2023-10-13,-0.0011961142554186496,0.0,0.0,-0.0011961142554186496,1.3377206384022733
2023-10-16,-0.00046311020744246346,0.31009158512126456,0.0004651373776818969,-0.0009282475851243603,1.3364789024501054
2023-10-17,0.003208012478548654,0.0,0.0,0.003208012478548654,1.3407663434464825
2023-10-18,-0.0019195224025470284,0.0,0.0,-0.0019195224025470284,1.338192712413656
2023-10-19,-0.00923554994379722,0.0,0.0,-0.00923554994379722,1.325833766783734
2023-10-20,-0.002840727294675047,0.0,0.0,-0.002840727294675047,1.3220674346142298
2023-10-23,-0.006800981780933894,0.8251142676904406,0.001237671401535661,-0.008038653182469555,1.3114397930235289
2023-10-24,0.004164684955127688,0.0,0.0,0.004164684955127688,1.3169015265990898
2023-10-25,0.0002229934175841993,0.0,0.0,0.0002229934175841993,1.3171951869711278
2023-10-26,-0.005964627813563201,0.0,0.0,-0.005964627813563201,1.3093386079230283
2023-10-27,0.0018737287428030477,0.0,0.0,0.0018737287428030477,1.3117919533067552
2023-10-30,-0.0009829465680684067,0.6929297000444292,0.0010393945500666438,-0.0020223411181350508,1.3091390625011443
2023-10-31,0.0003638077450901533,0.0,0.0,0.0003638077450901533,1.3096153374314825
2023-11-01,0.0007433537426229915,0.0,0.0,0.0007433537426229915,1.3105888448939587
2023-11-02,0.0031544289505127192,0.0,0.0,0.0031544289505127192,1.3147230042885112
2023-11-03,0.0017693642852464099,0.0,0.0,0.0017693642852464099,1.317049228217291
2023-11-06,-0.000853354223395699,0.5292307610304835,0.0007938461415457253,-0.0016472003649414244,1.3148797842479256
2023-11-07,-0.001177479037999952,0.0,0.0,-0.001177479037999952,1.313331540864484
2023-11-08,0.00018511312417363843,0.0,0.0,0.00018511312417363843,1.313574655769089
2023-11-09,0.000697761974366242,0.0,0.0,0.000697761974366242,1.314491218214376
2023-11-10,0.0007902481166993619,0.0,0.0,0.0007902481166993619,1.3155299924239876
2023-11-13,0.0014533973633962447,0.22634018521579777,0.00033951027782369667,0.001113887085572548,1.3169953442932318
2023-11-14,0.0016256232221791725,0.0,0.0,0.0016256232221791725,1.3191362825084167
2023-11-15,0.005406381409973461,0.0,0.0,0.005406381409973461,1.3262680363833916
2023-11-16,-0.000804175746984223,0.0,0.0,-0.000804175746984223,1.3252014837945318
2023-11-17,0.0007762858035337745,0.0,0.0,0.0007762858035337745,1.3262302188932236
2023-11-20,-0.005938848480694044,0.4825564397996846,0.0007238346596995269,-0.006662683140393571,1.3173939671735233
2023-11-21,-0.00042667152682957806,0.0,0.0,-0.00042667152682957806,1.3168318726781132
2023-11-22,-0.0029019441657120388,0.0,0.0,-0.0029019441657120388,1.3130105001079713
2023-11-23,0.0011784159200895195,0.0,0.0,0.0011784159200895195,1.3145577725845432
2023-11-24,0.0014567150512070192,0.0,0.0,0.0014567150512070192,1.3164727086775483
2023-11-27,0.0029673027497138494,0.19650238702376369,0.0002947535805356455,0.0026725491691782038,1.3199910467213702
2023-11-28,0.0031120627322683515,0.0,0.0,0.0031120627322683515,1.3240989416647997
2023-11-29,0.002070300933178665,0.0,0.0,0.002070300933178665,1.3268402249393492
2023-11-30,-0.0003194769560207869,0.0,0.0,-0.0003194769560207869,1.3264163300631597
2023-12-01,0.0002586413594108497,0.0,0.0,0.0002586413594108497,1.3267593961859119
2023-12-04,0.0025709896242385017,0.3929869273257375,0.0005894803909886062,0.0019815092332498953,1.3293883821797552
2023-12-05,-0.009664155308859982,0.0,0.0,-0.009664155308859982,1.3165409663885759
2023-12-06,0.003506504009959386,0.0,0.0,0.003506504009959386,1.321157422566493
2023-12-07,-0.0034758332095826618,0.0,0.0,-0.0034758332095826618,1.3165652997220498
2023-12-08,0.0026931728247207073,0.0,0.0,0.0026931728247207073,1.3201110376092318
2023-12-11,-0.0003464164335018697,0.419662048498169,0.0006294930727472536,-0.0009759095062491233,1.3188227286983245
2023-12-12,0.0014290165008251786,0.0,0.0,0.0014290165008251786,1.320707348139298
2023-12-13,-0.00019950487477826716,0.0,0.0,-0.00019950487477826716,1.3204438605851887
2023-12-14,0.008303484456163666,0.0,0.0,0.008303484456163666,1.3314081456567946
2023-12-15,-0.0030544725605311787,0.0,0.0,-0.0030544725605311787,1.3273413960090181
2023-12-18,0.0009299286437900633,0.30433930465402625,0.0004565089569810394,0.00047341968680902387,1.3279697855570054
2023-12-19,0.0028226048359624696,0.0,0.0,0.0028226048359624696,1.3317181194957308
2023-12-20,0.003955460604707543,0.0,0.0,0.003955460604707543,1.3369856780539715
2023-12-21,-0.004636525180608165,0.0,0.0,-0.004636525180608165,1.3307867102915618
2023-12-22,0.003693668641672962,0.0,0.0,0.003693668641672962,1.3357021954321207
2023-12-25,0.0018510630290491975,0.19379133902721946,0.00029068700854082915,0.0015603760205083685,1.3377863931084133
2023-12-26,0.0029006817051747723,0.0,0.0,0.0029006817051747723,1.3416668856243348
2023-12-27,0.0017097998066346394,0.0,0.0,0.0017097998066346394,1.3439608674059433
2023-12-28,-0.002021310129060198,0.0,0.0,-0.002021310129060198,1.3412443056915953
2023-12-29,-0.0015750087105399083,0.0,0.0,-0.0015750087105399083,1.339131834227169
2024-01-02,0.0025332758305595788,0.18657276134565898,0.00027985914201848847,0.0022534166885410903,1.3421494562505731
2024-01-03,-0.003974811794189271,0.0,0.0,-0.003974811794189271,1.3368146647623036
2024-01-04,-0.0012238502836304781,0.0,0.0,-0.0012238502836304781,1.3351786037556728
2024-01-05,-0.0016196630068940577,0.0,0.0,-0.0016196630068940577,1.3330160643635731
2024-01-08,-0.001075911911297892,0.5665817945742013,0.000849872691861302,-0.001925784603159194,1.3304489625510578
2024-01-09,0.006666048879621215,0.0,0.0,0.006666048879621215,1.3393178003672646
2024-01-10,-0.0018011701146420133,0.0,0.0,-0.0018011701146420133,1.336905461171235
2024-01-11,0.0024303239902862825,0.0,0.0,0.0024303239902862825,1.3401545745862642
2024-01-12,0.0009392755198902126,0.0,0.0,0.0009392755198902126,1.341413348971042
2024-01-15,0.005181626621962542,0.3624192211260022,0.0005436288316890034,0.004637997790273539,1.3476348211194131
2024-01-16,-0.001909261412749524,0.0,0.0,-0.001909261412749524,1.3450618339569722
2024-01-17,-0.005664875258460219,0.0,0.0,-0.005664875258460219,1.3374422264526902
2024-01-18,-0.0013086148699519957,0.0,0.0,-0.0013086148699519957,1.3356920296674524
2024-01-19,0.004090579608389381,0.0,0.0,0.004090579608389381,1.3411557842470982
2024-01-22,0.0036288210218420242,0.4064429822943161,0.0006096644734414741,0.00301915654840055,1.345204943515533
2024-01-23,0.0018378626235821859,0.0,0.0,0.0018378626235821859,1.3476772454022783
2024-01-24,0.0014330337358276644,0.0,0.0,0.0014330337358276644,1.349608512359947
2024-01-25,-0.003951302436900783,0.0,0.0,-0.003951302436900783,1.3442758009561973
2024-01-26,0.0005192979919583209,0.0,0.0,0.0005192979919583209,1.344973880680272
2024-01-29,0.0025273361406086643,0.09894420347474217,0.00014841630521211327,0.002378919835396551,1.3481734657231126
2024-01-30,0.003756695238509561,0.0,0.0,0.003756695238509561,1.3532381425624795
2024-01-31,-0.003359620457795465,0.0,0.0,-0.003359620457795465,1.3486917760144574
2024-02-01,-0.001522200267774336,0.0,0.0,-0.001522200267774336,1.3466387970318632
2024-02-02,0.005318494842465604,0.0,0.0,0.005318494842465604,1.3538008885285413
2024-02-05,-0.001508474806501505,0.15201645816791934,0.000228024687251879,-0.001736499493753384,1.3514500139709686
2024-02-06,-9.105628716388995e-05,0.0,0.0,-9.105628716388995e-05,1.3513269559504089
2024-02-07,0.0015107901810774605,0.0,0.0,0.0015107901810774605,1.3533685274468839
2024-02-08,0.006135987319562741,0.0,0.0,0.006135987319562741,1.3616727795699932
2024-02-19,0.0005904083890358737,0.12954230475120657,0.00019431345712680984,0.00039609493190906385,1.3622121312568993
2024-02-20,0.0008540582691129871,0.0,0.0,0.0008540582691129871,1.3633755397918854
2024-02-21,-0.0012563078287238013,0.0,0.0,-0.0012563078287238013,1.3616627204277543
2024-02-22,0.004613811514129432,0.0,0.0,0.004613811514129432,1.3679451755656247
2024-02-23,0.0001397112955577124,0.0,0.0,0.0001397112955577124,1.368136292958355
2024-02-26,-0.0016886405567758697,0.4087685330476375,0.0006131527995714563,-0.002301793356347326,1.3649871259286457
2024-02-27,0.00028984571945504816,0.0,0.0,0.00028984571945504816,1.3653827616042074
2024-02-28,0.0003907923792448903,0.0,0.0,0.0003907923792448903,1.3659163427821948
2024-02-29,0.0001583751998347864,0.0,0.0,0.0001583751998347864,1.3661326700559406
2024-03-01,0.003781111377636338,0.0,0.0,0.003781111377636338,1.3712981698380498
2024-03-04,0.008026952254895366,0.2116717985236293,0.0003175076977854439,0.007709444557109922,1.3818701170496825
2024-03-05,0.0049240791104256075,0.0,0.0,0.0049240791104256075,1.3886745548263684
2024-03-06,0.002317773296388774,0.0,0.0,0.002317773296388774,1.3918931876269196
2024-03-07,0.004599625185751948,0.0,0.0,0.004599625185751948,1.3982953745886049
2024-03-08,0.0028200926672039953,0.0,0.0,0.0028200926672039953,1.4022386971210674
2024-03-11,-0.0023952169328476966,0.43741987106613145,0.0006561298065991971,-0.003051346739446894,1.3979599806446807
2024-03-12,-0.0037906901000032155,0.0,0.0,-0.0037906901000032155,1.3926607475858503
2024-03-13,-0.0007756853339043226,0.0,0.0,-0.0007756853339043226,1.3915804810688437
2024-03-14,0.0007945443870971501,0.0,0.0,0.0007945443870971501,1.392686153529271
2024-03-15,0.0003142590451937555,0.0,0.0,0.0003142590451937555,1.3931238177501335
2024-03-18,-0.001744394447266087,0.267218596677239,0.00040082789501585855,-0.0021452223422819454,1.3901352574107306
2024-03-19,-0.0007407800779561009,0.0,0.0,-0.0007407800779561009,1.3891054729063763
2024-03-20,0.0018985364981786586,0.0,0.0,0.0018985364981786586,1.3917427403465088
2024-03-21,0.01055503038788364,0.0,0.0,0.01055503038788364,1.4064326272629826
2024-03-22,-0.0020059010386633365,0.0,0.0,-0.0020059010386633365,1.4036114625951457
2024-03-25,-0.0007006070444191986,0.2570907005698545,0.0003856360508547818,-0.0010862430952739803,1.4020867993354544
2024-03-26,0.0022336808692546735,0.0,0.0,0.0022336808692546735,1.4052186137961646
2024-03-27,0.002682508591521779,0.0,0.0,0.002682508591521779,1.4089881248006393
2024-03-28,0.0016097608825751948,0.0,0.0,0.0016097608825751948,1.4112562587679562
2024-03-29,0.006234788365878598,0.0,0.0,0.006234788365878598,1.4200551428713961
2024-04-01,0.0031405040494873974,0.2139050649551685,0.00032085759743275276,0.0028196464520546445,1.4240591963167155
2024-04-02,8.855185743609553e-05,0.0,0.0,8.855185743609553e-05,1.4241852994036484
2024-04-03,-0.0003156187711370166,0.0,0.0,-0.0003156187711370166,1.4237357997895792
2024-04-08,0.005879891664887895,0.17264072543119727,0.0002589610881467959,0.005620930576741099,1.4317385198798176
2024-04-09,-0.0003244969893144556,0.0,0.0,-0.0003244969893144556,1.431273925040631
2024-04-10,0.0012843061131954203,0.0,0.0,0.0012843061131954203,1.433112118892218
2024-04-11,-0.003391768607245856,0.0,0.0,-0.003391768607245856,1.4282513341966958
2024-04-12,0.009518394092019683,0.0,0.0,0.009518394092019683,1.4418459932580328
2024-04-15,-0.0010169238199062406,0.12783004562839245,0.00019174506844258867,-0.0012086688883488294,1.4401032788641914
2024-04-16,-0.0076925152499706115,0.0,0.0,-0.0076925152499706115,1.429025262429996
2024-04-17,0.002310686863928824,0.0,0.0,0.002310686863928824,1.4323272923321155
2024-04-18,-0.00045933222443573477,0.0,0.0,-0.00045933222443573477,1.4316693782508085
2024-04-19,-0.004224197355302536,0.0,0.0,-0.004224197355302536,1.425621724249534
2024-04-22,-0.011172614202329869,0.6266685026884696,0.0009400027540327046,-0.012112616956362574,1.4083537143790301
2024-04-23,-0.009169300507080883,0.0,0.0,-0.009169300507080883,1.3954400959516253
2024-04-24,0.004117561772826073,0.0,0.0,0.004117561772826073,1.4011859067469843
2024-04-25,0.0013430252488167286,0.0,0.0,0.0013430252488167286,1.4030677347980316
2024-04-26,-0.0002541635988744413,0.0,0.0,-0.0002541635988744413,1.4027111260530907
2024-04-29,0.000875810776381845,0.8506834925015422,0.0012760252387523134,-0.0004002144623704684,1.4021497407739163
2024-04-30,0.003327668105520548,0.0,0.0,0.003327668105520548,1.4068156297454535
2024-05-06,0.0032467756784356973,0.15141694840891393,0.0002271254226133709,0.0030196502558223265,1.4110637209217094
2024-05-07,0.0006576224657180271,0.0,0.0,0.0006576224657180271,1.4119916681251472
2024-05-08,-0.002177945361567595,0.0,0.0,-0.002177945361567595,1.408916427420982
2024-05-09,0.002796112595497292,0.0,0.0,0.002796112595497292,1.412855916389697
2024-05-10,0.011349677489687472,0.0,0.0,0.011349677489687472,1.428891375380117
2024-05-13,0.0019072149846088092,0.5612203346837135,0.0008418305020255701,0.001065384482583239,1.4304136940787437
2024-05-14,-0.0011207097497999206,0.0,0.0,-0.0011207097497999206,1.4288106155055424
2024-05-15,-0.002976301025611838,0.0,0.0,-0.002976301025611838,1.4245580450052082
2024-05-16,0.0008632714318003501,0.0,0.0,0.0008632714318003501,1.4257878252684026
2024-05-17,0.00476870337522292,0.0,0.0,0.00476870337522292,1.4325869844831116
2024-05-20,0.007276923440913316,0.5902989403639605,0.0008854484105459407,0.006391475030367375,1.4417433284232646
2024-05-21,-0.003455720605359557,0.0,0.0,-0.003455720605359557,1.4367610662955925
2024-05-22,0.0009398459825612914,0.0,0.0,0.0009398459825612914,1.438111400411651
2024-05-23,-0.008551892718730256,0.0,0.0,-0.008551892718730256,1.4258128259977478
2024-05-24,-0.005417205699025536,0.0,0.0,-0.005417205699025536,1.4180889046310092
2024-05-27,0.008086739264769577,0.7963118584344702,0.0011944677876517054,0.006892271477117871,1.4278627583404147
2024-05-28,0.00032875442110126795,0.0,0.0,0.00032875442110126795,1.4283321745349449
2024-05-29,0.0004585176121222936,0.0,0.0,0.0004585176121222936,1.4289870899929302
2024-05-30,-0.0067802348735347025,0.0,0.0,-0.0067802348735347025,1.4192982218915293
2024-05-31,0.0004602532966467739,0.0,0.0,0.0004602532966467739,1.4199514585770796
2024-06-03,-0.002842007669991634,0.3024244020697848,0.00045363660310467725,-0.003295644273096311,1.4152718036845453
2024-06-04,0.0028427009175167398,0.0,0.0,0.0028427009175167398,1.419294998139415
2024-06-05,-0.004276666298089831,0.0,0.0,-0.004276666298089831,1.4132251470538246
2024-06-06,0.005360032193995578,0.0,0.0,0.005360032193995578,1.4208000793393971
2024-06-07,0.003132144513247853,0.0,0.0,0.003132144513247853,1.4252502305123222
2024-06-11,-0.00737036179645041,0.5483178323833017,0.0008224767485749526,-0.008192838545025363,1.4135733854874746
2024-06-12,0.00353624111433369,0.0,0.0,0.00353624111433369,1.4185721218113632
2024-06-13,0.002316927792168775,0.0,0.0,0.002316927792168775,1.4218588509855838
2024-06-14,5.4343518843250066e-05,0.0,0.0,5.4343518843250066e-05,1.4219361197988447
2024-06-17,-0.002446723022584641,0.4022903920002668,0.0006034355880004001,-0.0030501586105850407,1.4175989890993383
2024-06-18,0.003702374351940344,0.0,0.0,0.003702374351940344,1.4228474712379164
2024-06-19,0.0014998355501459324,0.0,0.0,0.0014998355501459324,1.4249815084577142
2024-06-20,0.001672629856865041,0.0,0.0,0.001672629856865041,1.4273649750742412
2024-06-21,-0.0012976358573856266,0.0,0.0,-0.0012976358573856266,1.4255127751010086
2024-06-24,-0.004477647496357996,0.3180534454868648,0.0004770801682302972,-0.004954727664588293,1.4184497475179916
2024-06-25,0.00021651511624952587,0.0,0.0,0.00021651511624952587,1.4187568633299694
2024-06-26,0.0016563646140938576,0.0,0.0,0.0016563646140938576,1.421106841994392
2024-06-27,0.0006953212468938999,0.0,0.0,0.0006953212468938999,1.4220949677757369
2024-06-28,0.00654020364348365,0.0,0.0,0.00654020364348365,1.4313957584653634
2024-07-01,0.0038446270053966963,0.5770014658923128,0.0008655021988384693,0.002979124806558227,1.4356600650774098
2024-07-02,0.0017335070924462384,0.0,0.0,0.0017335070924462384,1.4381487919825633
2024-07-03,0.0018261860429946485,0.0,0.0,0.0018261860429946485,1.4407751192342315
2024-07-04,-0.0009121402748062467,0.0,0.0,-0.0009121402748062467,1.4394609302210393
2024-07-05,-0.001378901922090785,0.0,0.0,-0.001378901922090785,1.437476054777583
2024-07-08,0.0017559932515838405,0.3199320910508247,0.0004798981365762371,0.0012760951150076034,1.4393104109490251
2024-07-09,0.0039019757077651566,0.0,0.0,0.0039019757077651566,1.4449265652084817
2024-07-10,-0.005472208920710219,0.0,0.0,-0.005472208920710219,1.4370196251685767
2024-07-11,0.003938679927478922,0.0,0.0,0.003938679927478922,1.4426795855216217
2024-07-12,-0.005204113973554107,0.0,0.0,-0.005204113973554107,1.4351717165312474
2024-07-15,0.004647207125852089,0.7962182699321636,0.0011943274048982454,0.0034528797209538433,1.4401271918473448
2024-07-16,0.0034309897039906767,0.0,0.0,0.0034309897039906767,1.4450682534150099
2024-07-17,0.004540354096788731,0.0,0.0,0.004540354096788731,1.4516293749795421
2024-07-18,-0.0021879022392445454,0.0,0.0,-0.0021879022392445454,1.448453351819471
2024-07-19,-0.011314500721030085,0.0,0.0,-0.011314500721030085,1.4320648253259312
2024-07-22,-0.006435596653003858,0.7675707350407214,0.001151356102561082,-0.00758695275556494,1.421199817153277
2024-07-23,-0.003126062185392124,0.0,0.0,-0.003126062185392124,1.416757058146988
2024-07-24,-0.002050126485581182,0.0,0.0,-0.002050126485581182,1.4138525269784465
2024-07-25,-0.008933365287839189,0.0,0.0,-0.008933365287839189,1.4012220658918135
2024-07-26,-0.0008593707950632764,0.0,0.0,-0.0008593707950632764,1.400017896570988
2024-07-29,0.006052928238032754,0.6311025855363206,0.0009466538783044809,0.005106274359728273,1.4071667720594092
2024-07-30,-0.004372508514789386,0.0,0.0,-0.004372508514789386,1.4010139233668506
2024-07-31,0.0015895637797192896,0.0,0.0,0.0015895637797192896,1.403240924354317
2024-08-01,0.0036022464516477152,0.0,0.0,0.0036022464516477152,1.4082957439948791
2024-08-02,-0.006050829940125362,0.0,0.0,-0.006050829940125362,1.3997743859425638
2024-08-05,-0.019365109695885317,0.37774748161602006,0.00056662122242403,-0.019931730918309347,1.371874459535615
2024-08-06,-5.375432266801832e-05,0.0,0.0,-5.375432266801832e-05,1.3718007153532572
2024-08-07,0.0028011861229257,0.0,0.0,0.0028011861229257,1.3756433844805245
2024-08-08,-0.0008723298042003993,0.0,0.0,-0.0008723298042003993,1.374443369756291
2024-08-09,0.005345474384347415,0.0,0.0,0.005345474384347415,1.3817904215820596
2024-08-12,0.002300178005342541,0.08531201556097924,0.00012796802334146887,0.002172209982001072,1.3847919605288534
2024-08-13,0.003282716066461599,0.0,0.0,0.003282716066461599,1.3893378393463884
2024-08-14,0.0011802089479189147,0.0,0.0,0.0011802089479189147,1.3909775482960673
2024-08-15,0.004541242936976882,0.0,0.0,0.004541242936976882,1.3972943152627604
2024-08-16,0.0036400048129813633,0.0,0.0,0.0036400048129813633,1.4023804732954683
2024-08-19,0.003472566498500677,0.22484856363639802,0.000337272845454597,0.0031352936530460803,1.4067773478925472
2024-08-20,0.0002971641448616158,0.0,0.0,0.0002971641448616158,1.4071953916801445
2024-08-21,-0.0004073262940513126,0.0,0.0,-0.0004073262940513126,1.4066222039962455
2024-08-22,0.001179445814359224,0.0,0.0,0.001179445814359224,1.4082812386671337
2024-08-23,-0.0009001669491075082,0.0,0.0,-0.0009001669491075082,1.4070135504410373
2024-08-26,0.00195138917823247,0.20330906140622018,0.00030496359210933026,0.0016464255861231398,1.4093300935505053
2024-08-27,-0.0007543165276262888,0.0,0.0,-0.0007543165276262888,1.4082670125680592
2024-08-28,-0.0006612052222229467,0.0,0.0,-0.0006612052222229467,1.4073358590650649
2024-08-29,-0.006697939568218669,0.0,0.0,-0.006697939568218669,1.39790960852886
2024-08-30,-0.002105731981227585,0.0,0.0,-0.002105731981227585,1.3949659855593155
2024-09-02,-0.0008596096374584583,0.13671398447504282,0.00020507097671256425,-0.0010646806141710226,1.3934807923170627
2024-09-03,-0.0010951160040388068,0.0,0.0,-0.0010951160040388068,1.3919547692000755
2024-09-04,-0.010431484432113143,0.0,0.0,-0.010431484432113143,1.3774346146949592
2024-09-05,0.0029283863580603724,0.0,0.0,0.0029283863580603724,1.3814682754297523
2024-09-06,6.652259563308941e-05,0.0,0.0,6.652259563308941e-05,1.3815601742852186
2024-09-09,-0.005783064481647854,0.23574863645878405,0.00035362295468817606,-0.00613668743633603,1.3730819713211404
2024-09-10,0.0023963175526696776,0.0,0.0,0.0023963175526696776,1.3763723117502717
2024-09-11,-0.00028038438902275255,0.0,0.0,-0.00028038438902275255,1.3759863984405738
2024-09-12,0.003371809580069496,0.0,0.0,0.003371809580069496,1.380625962560881
2024-09-13,0.005692341950164437,0.0,0.0,0.005692341950164437,1.3884849576450524
2024-09-18,-0.0004191131328981636,0.31289990542697965,0.0004693498581404695,-0.0008884629910386331,1.387251340146571
2024-09-19,0.0024955003474040403,0.0,0.0,0.0024955003474040403,1.3907132263478434
2024-09-20,0.00600387147738535,0.0,0.0,0.00600387147738535,1.3990628898207358
2024-09-23,0.0036205517473810035,0.2302241300633057,0.00034533619509495854,0.0032752155522860447,1.4036451223561028
2024-09-24,0.001548717492465823,0.0,0.0,0.001548717492465823,1.40581897211031
2024-09-25,0.0029841183398703003,0.0,0.0,0.0029841183398703003,1.4100141022875219
2024-09-26,0.00650920065292575,0.0,0.0,0.00650920065292575,1.4191921670027663
2024-09-27,0.006001585714888954,0.0,0.0,0.006001585714888954,1.4277095704389324
2024-09-30,0.025550990869335887,0.6720613344565437,0.0010080920016848156,0.024542898867651073,1.4627497020385927
2024-10-08,0.015872296382714313,0.36479803631329316,0.0005471970544699398,0.015325099328244373,1.4851664865146939
2024-10-09,-0.023693501269743896,0.0,0.0,-0.023693501269743896,1.4499776924806769
2024-10-10,0.0030798149265717375,0.0,0.0,0.0030798149265717375,1.454443355421175
2024-10-11,-0.002216953223494857,0.0,0.0,-0.002216953223494857,1.4512189225359833
2024-10-14,0.006266187186263406,0.58106042808984,0.0008715906421347601,0.005394596544128646,1.45904766312027
2024-10-15,-0.011686736070044527,0.0,0.0,-0.011686736070044527,1.441996158167768
2024-10-16,0.006088570213619781,0.0,0.0,0.006088570213619781,1.4507758530245425
2024-10-17,0.0007053871337746718,0.0,0.0,0.0007053871337746718,1.4517992116452572
2024-10-18,0.017614126097096797,0.0,0.0,0.017614126097096797,1.4773713860268425
2024-10-21,0.003162084083151156,0.9231841479286631,0.0013847762218929948,0.0017773078612581612,1.479997129805226
2024-10-22,-0.00034426017968462876,0.0,0.0,-0.00034426017968462876,1.4794876257273866
2024-10-23,0.004434144102381603,0.0,0.0,0.004434144102381603,1.4860478870575522
2024-10-24,-0.007026018075038814,0.0,0.0,-0.007026018075038814,1.4756068877427126
2024-10-25,0.0014472856861717938,0.0,0.0,0.0014472856861717938,1.4777425124697592
2024-10-28,0.003970215530107881,0.5986844467066312,0.0008980266700599469,0.0030721888600479343,1.482282416554588
2024-10-29,0.0018633442334139768,0.0,0.0,0.0018633442334139768,1.4850444189477658
2024-10-30,0.001055455270173449,0.0,0.0,0.001055455270173449,1.4866118169061857
2024-10-31,-0.00013515879068965787,0.0,0.0,-0.00013515879068965787,1.4864108882507876
2024-11-01,-0.006594219967368281,0.0,0.0,-0.006594219967368281,1.4766091678917705
2024-11-04,0.0035416747780741037,0.45890226217807334,0.00068835339326711,0.002853321384806994,1.480822408407518
2024-11-05,0.009325525470621609,0.0,0.0,0.009325525470621609,1.4946318554945899
2024-11-06,-0.0024455857751646544,0.0,0.0,-0.0024455857751646544,1.4909766050896844
2024-11-07,0.0019462626767590102,0.0,0.0,0.0019462626767590102,1.4938784372080913
2024-11-08,0.0011019688786539704,0.0,0.0,0.0011019688786539704,1.4955246447543868
2024-11-11,0.0026755194251565843,0.5404177671496108,0.0008106266507244161,0.001864892774432168,1.4983136378583746
2024-11-12,-0.014992216267179018,0.0,0.0,-0.014992216267179018,1.475850595763538
2024-11-13,-0.0008809796999032244,0.0,0.0,-0.0008809796999032244,1.4745504013485802
2024-11-14,-0.015846748303765083,0.0,0.0,-0.015846748303765083,1.4511835722771935
2024-11-15,-0.010279101301887578,0.0,0.0,-0.010279101301887578,1.4362667093301211
2024-11-18,-0.004146830459168996,1.0472228369177905,0.0015708342553766858,-0.005717664714545682,1.4280546178455076
2024-11-19,0.00847627766323282,0.0,0.0,0.00847627766323282,1.440159205304628
2024-11-20,0.004138401020014867,0.0,0.0,0.004138401020014867,1.4461191616288445
2024-11-21,2.760708957784278e-06,0.0,0.0,2.760708957784278e-06,1.4461231539429682
2024-11-22,-0.021106406248611674,0.0,0.0,-0.021106406248611674,1.4156006911703243
2024-11-25,-0.003946054165024236,0.36864271241978475,0.0005529640686296771,-0.004499018233653913,1.409231877849176
2024-11-26,-0.0047245079937265335,0.0023269535146991163,3.4904302720486745e-06,-0.0047279984239985825,1.4025690317516564
2024-11-27,0.0159859967832768,0.00316826949198324,4.75240423797486e-06,0.015981244379038827,1.4249838302065514
2024-11-28,-0.0033751668775419334,0.03230898959377257,4.846348439065885e-05,-0.0034236303619325924,1.4201052123001932
2024-11-29,0.007949367054174459,0.001697839771338451,2.5467596570076767e-06,0.00794682029451745,1.4313905332216503
2024-12-02,0.005788660872343543,0.4460684559730003,0.0006691026839595005,0.0051195581883840425,1.4387186203467806
2024-12-03,0.0016094822367062867,0.002026754663135677,3.0401319947035156e-06,0.0016064421047115832,1.4410298385153382
2024-12-04,-0.002611744982098609,0.0007560468450061239,1.134070267509186e-06,-0.002612879052366118,1.437264601836447
2024-12-05,0.0005495400431526302,0.0011627399768441224,1.7441099652661835e-06,0.000547795933187364,1.4380519295402472
2024-12-06,0.008862490088098675,0.0003662356179506762,5.493534269260143e-07,0.00886194073467175,1.4507958605132132
2024-12-09,0.0031386146746150015,0.8696640719817703,0.0013044961079726556,0.001834118566642346,1.4534567921373884
2024-12-10,-0.0007489002859143938,0.0002497329687727798,3.745994531591697e-07,-0.0007492748853675529,1.452367753466073
2024-12-11,-0.0007735046124065933,0.00029223331844517586,4.383499776677638e-07,-0.000773942962384261,1.451243703664484
2024-12-12,0.009373381164501659,0.004827281922203521,7.240922883305281e-06,0.009366140241618354,1.4648362557177712
2024-12-13,-0.004990992538556497,0.0088420549245464,1.3263082386819599e-05,-0.005004255620943317,1.457505840651334
2024-12-16,0.0008446077462143148,0.7874657861241563,0.0011811986791862344,-0.00033659093297191967,1.4570152574006172
2024-12-17,-0.0008252106047022642,0.0004844461892678856,7.266692839018284e-07,-0.000825937273986166,1.4558118541907634
2024-12-18,0.0034796046303274277,0.0017486659751054928,2.6229989626582394e-06,0.0034769816313647696,1.4608736852665076
2024-12-19,-0.010092656132618642,0.0005621104639945557,8.431656959918335e-07,-0.010093499298314634,1.4461283577493438
2024-12-20,-0.001474319119285391,0.01548964305338199,2.3234464580072984e-05,-0.001497553583865464,1.4439627030444668
2024-12-23,-0.0015018658642464325,0.8628426401265045,0.0012942639601897566,-0.002796129824436189,1.4399251958651107
2024-12-24,0.0074501791615979055,0.0002211178158794333,3.3167672381914993e-07,0.007449847484874086,1.4506524189639332
2024-12-25,0.0025965439893539098,0.005877772531744083,8.816658797616123e-06,0.0025877273305562934,1.4544063118756239
2024-12-26,0.0009370285415120211,8.022564276573274e-06,1.203384641485991e-08,0.0009370165076656062,1.4557691145987044
2024-12-27,-0.0004553381421293607,0.0032794506859074243,4.919176028861136e-06,-0.0004602573181582218,1.4550990862101616
2024-12-30,0.00210022014165882,0.5922276022540897,0.0008883414033811346,0.0012118787382776855,1.456862489854827
2024-12-31,-0.012542220294964232,0.07160401595155605,0.00010740602392733407,-0.012649626318891567,1.4384337237601534
2025-01-02,-0.01969038818456498,0.010312811220985305,1.5469216831477954e-05,-0.019705857401396458,1.4100881539183763
2025-01-03,-0.006816701540927832,0.01946020433202942,2.9190306498044128e-05,-0.006845891847425876,1.4004348429213147
2025-01-06,0.002287674811160141,1.3011569432894912,0.0019517354149342367,0.00033593939622590446,1.4009053041568993
2025-01-07,0.0029545917172636525,0.00048112282816004104,7.216842422400615e-07,0.0029538700330214124,1.405043396353949
2025-01-08,0.0008331275978227136,0.00448819991206037,6.732299868090555e-06,0.000826395297954623,1.406204517610118
2025-01-09,0.0013009622007189492,0.01762063077631327,2.6430946164469902e-05,0.0012745312545544792,1.4079967692181081
2025-01-10,0.0007400018235570393,0.0,0.0,0.0007400018235570393,1.4090386893948919
2025-01-13,-0.004186417482929033,0.42123730057788605,0.0006318559508668291,-0.004818273433795863,1.40224955571059
2025-01-14,0.004282964983948043,0.0,0.0,0.004282964983948043,1.4082553414564551
2025-01-15,0.00016725557272095028,0.0,0.0,0.00016725557272095028,1.408490880010128
2025-01-16,0.003592705506961711,0.0,0.0,0.003592705506961711,1.4135511729512458
2025-01-17,0.002200461899245534,0.0,0.0,0.002200461899245534,1.4166616384499588
2025-01-20,0.0008273718634895914,0.7547723944193298,0.0011321585916289946,-0.0003047867281394032,1.4162298587842952
2025-01-21,-0.00026682096638029216,0.0,0.0,-0.00026682096638029216,1.4158519789647577
2025-01-22,0.0021417367985563556,0.0,0.0,0.0021417367985563556,1.4188843612494153
2025-01-23,0.0020174147135759465,0.0,0.0,0.0020174147135759465,1.4217468394366626
2025-01-24,0.0037170689511922027,0.0,0.0,0.0037170689511922027,1.4270315704699883
2025-01-27,-0.004104593818555488,0.49656639886573056,0.0007448495982985959,-0.004849443416854084,1.4201112616149296
2025-02-05,0.012054146521123299,0.3073974063620422,0.0004610961095430633,0.011593050411580236,1.4365746830608843
2025-02-06,-0.00034045549461572385,0.0,0.0,-0.00034045549461572385,1.4360855933166103
2025-02-07,0.0011077215241880431,0.0,0.0,0.0011077215241880431,1.4376763762389035
2025-02-10,0.007060588329052985,0.7606283812467753,0.001140942571870163,0.005919645757182822,1.446186911099708
2025-02-11,0.0018358112037696792,0.0,0.0,0.0018358112037696792,1.44884183723385
2025-02-12,0.0018607952943891694,0.0,0.0,0.0018607952943891694,1.451537835306889
2025-02-13,-0.001452147020210097,0.0,0.0,-0.001452147020210097,1.4494299889646258
2025-02-14,0.003367222577179194,0.0,0.0,0.003367222577179194,1.4543105423475082
2025-02-17,-0.0013719914191159914,0.579057405388741,0.0008685861080831113,-0.0022405775271991026,1.4510520468287558
2025-02-18,0.002474728553277689,0.0,0.0,0.002474728553277689,1.4546430067613352
2025-02-19,0.00651384194334156,0.0,0.0,0.00651384194334156,1.4641183213913656
2025-02-20,-0.00409138937242854,0.0,0.0,-0.00409138937242854,1.458128043251247
2025-02-21,0.010733924289224189,0.0,0.0,0.010733924289224189,1.4737794792715004
2025-02-24,0.001726219907256292,0.559243649697772,0.000838865474546658,0.000887354432709634,1.4750872440252687
2025-02-25,-0.004685142354102896,0.0,0.0,-0.004685142354102896,1.468176250302289
2025-02-26,0.012674562966065395,0.0,0.0,0.012674562966065395,1.486784742632027
2025-02-27,-0.0031167205871444467,0.0,0.0,-0.0031167205871444467,1.4821508500160137
2025-02-28,-0.022331011772751812,0.0,0.0,-0.022331011772751812,1.449052921935312
2025-03-03,-0.0017166342800136569,0.3102506345667359,0.00046537595185010386,-0.0021820102318637607,1.4458910736331372
2025-03-04,0.004717606551131641,0.0,0.0,0.004717606551131641,1.4527122188343315
2025-03-05,0.009268632832951495,0.0,0.0,0.009268632832951495,1.4661768750026491
2025-03-06,0.007410872138862039,0.0,0.0,0.007410872138862039,1.47704252435625
2025-03-07,-0.0026021886571642693,0.0,0.0,-0.0026021886571642693,1.473198981053221
2025-03-10,-0.0021552770860017233,0.32840891899293084,0.0004926133784893962,-0.0026478904644911196,1.469298111518992
2025-03-11,-0.0017586006985607719,0.0,0.0,-0.0017586006985607719,1.4667142028336806
2025-03-12,-0.0002161272252175745,0.0,0.0,-0.0002161272252175745,1.466397205962835
2025-03-13,-0.00030085141025220936,0.0,0.0,-0.00030085141025220936,1.4659560382954313
2025-03-14,0.012602143934667973,0.0,0.0,0.012602143934667973,1.4844302272919259
2025-03-17,0.00021819804494204153,0.27959489515626035,0.0004193923427343905,-0.00020119429779234897,1.4841315683947243
2025-03-18,0.006432049335905796,0.0,0.0,0.006432049335905796,1.4936775758636145
2025-03-19,0.0047473889666880915,0.0,0.0,0.0047473889666880915,1.5007686443070587
2025-03-20,-0.002756056910933997,0.0,0.0,-0.002756056910933997,1.4966324405132032
2025-03-21,-0.009295925489863051,0.0,0.0,-0.009295925489863051,1.4827198568604807
2025-03-24,0.002378097019177941,0.026763446903744777,4.014517035561717e-05,0.0023379518488223236,1.4861863844911132
2025-03-25,-0.004502092449373784,0.0,0.0,-0.004502092449373784,1.4794954359911336
2025-03-26,0.0008549709829093839,0.0,0.0,0.0008549709829093839,1.4807603616582528
2025-03-27,0.004182627640483715,0.0,0.0,0.004182627640483715,1.4869538308758572
2025-03-28,0.0037103177503092317,0.0,0.0,0.0037103177503092317,1.4924709020684463
2025-03-31,0.0013704155625830477,0.37913726137175785,0.0005687058920576367,0.000801709670525411,1.4936674304236126
2025-04-01,0.00421264669064595,0.0,0.0,0.00421264669064595,1.4999597235813125
2025-04-02,-0.0019043156660668464,0.0,0.0,-0.0019043156660668464,1.4971033267812273
2025-04-03,-0.0004983405095693519,0.0,0.0,-0.0004983405095693519,1.4963572595464811
2025-04-07,-0.04243635808601262,0.6087415241198739,0.0009131122861798107,-0.04334947037219243,1.431490964857556
2025-04-08,-0.008769665250976867,0.034869384476595745,5.230407671489362e-05,-0.008821969327691762,1.4188623954727149
2025-04-09,0.012575056468859695,0.004814820603987698,7.222230905981547e-06,0.012567834237953714,1.436694422865482
2025-04-10,0.01744241064601255,0.019722598821552806,2.958389823232921e-05,0.017412826747780222,1.461711333940341
2025-04-11,0.012577441700044274,0.03628657828049622,5.442986742074434e-05,0.01252301183262353,1.4800163622711557
2025-04-14,0.004349022498427395,0.4632513164533057,0.0006948769746799586,0.003654145523747436,1.485424557436422
2025-04-15,-0.002394375947412303,0.0014802551763647281,2.2203827645470923e-06,-0.00239659633017685,1.4818645943933153
2025-04-16,0.005900657334126155,0.001480644689441278,2.220967034161917e-06,0.005898436367091993,1.4906052784079908
2025-04-17,0.0046522533550037585,0.00015906173472163276,2.3859260208244916e-07,0.004652014762401676,1.4975395961680587
2025-04-18,-0.0011826794772466151,0.0007032800082968568,1.0549200124452852e-06,-0.0011837343972590604,1.4957669070368171
2025-04-21,0.007104439737172419,0.28275604910031166,0.0004241340736504675,0.006680305663521952,1.5057590871772037
2025-04-22,0.012734749768028056,0.004085704203396327,6.12855630509449e-06,0.012728621211722961,1.5249253242339922
2025-04-23,-0.013034716578847475,0.016607848357153055,2.491177253572958e-05,-0.013059628351383204,1.5050103662358838
2025-04-24,0.0009230497460692606,0.024773437503959102,3.716015625593865e-05,0.0008858895898133219,1.5063436392518934
2025-04-25,-0.0004537164862564977,0.00020542517616163256,3.0813776424244883e-07,-0.00045402462402074017,1.505659722147436
2025-04-28,-0.0027193187259698737,0.637091884922531,0.0009556378273837964,-0.0036749565533536702,1.5001264880844094
2025-04-29,0.0016344101754230847,0.0016605910295118022,2.490886544267703e-06,0.001631919288878817,1.5025745734360723
2025-04-30,-0.0038831378334755495,0.0005145012911203228,7.717519366804842e-07,-0.00388390958541223,1.4967387096475073
2025-05-06,0.009407247599615873,0.643502755503121,0.0009652541332546814,0.008441993466361191,1.5093741680552013
2025-05-07,-0.003953998440661379,0.0014374026578721638,2.156103986808246e-06,-0.003956154544648188,1.5034028505806751
2025-05-08,-0.004783827692018317,0.0027318987926011826,4.097848188901774e-06,-0.0047879255402072185,1.4962046696751596
2025-05-09,-0.0032718804561991167,0.003848192099610577,5.772288149415865e-06,-0.0032776527443485327,1.4913006303334917
2025-05-12,0.00026240588874537076,1.0468359968435956,0.0015702539952653935,-0.0013078481065200227,1.4893502356278578
2025-05-13,0.002077123283274477,9.07747176748068e-05,1.361620765122102e-07,0.0020769871211979646,1.49244359688621
2025-05-14,0.004357247287492239,0.00015884975981681274,2.382746397252191e-07,0.0043570090128525136,1.498946187089017
2025-05-15,-0.0038096672149553115,0.001269661221704705,1.9044918325570575e-06,-0.0038115717067878684,1.493232846212311
2025-05-16,-0.0013944980803924944,0.001855565544158888,2.7833483162383322e-06,-0.0013972814287087328,1.4911463796875606
2025-05-19,0.0010517406713644822,0.15178108181129604,0.00022767162271694405,0.0008240690486475382,1.492375187266064
2025-05-20,0.003153010509289573,0.00024042073542729706,3.606311031409456e-07,0.003152649878186432,1.4970801237184068
2025-05-21,0.003731053569482835,0.0020619731460050812,3.092959719007622e-06,0.0037279606097638273,1.5026611794492892
2025-05-22,0.0005714710402239009,0.0007321355119127744,1.0982032678691617e-06,0.0005703728369560317,1.5035182565691954
2025-05-23,-0.0028286802493599906,0.00871587850659435,1.3073817759891524e-05,-0.0028417540671198823,1.499245627448601
2025-05-26,-0.0025792792910234695,0.3020540331154331,0.00045308104967314963,-0.003032360340696619,1.494699374466963
2025-05-27,0.00042899443042716476,0.0012446244434677553,1.866936665201633e-06,0.00042712749376196314,1.4953378016647065
2025-05-28,0.001031312053156915,0.013438432450750042,2.0157648676125063e-05,0.00101115440448079,1.4968498190690465
2025-05-29,-0.0007350873612327184,0.0010665168278906276,1.5997752418359413e-06,-0.0007366871364745543,1.495747109062104
2025-05-30,0.0023057432150411557,0.052929432015934995,7.93941480239025e-05,0.002226349067017253,1.4990771642428582
2025-06-03,0.0055917648523253075,0.16591978349870667,0.00024887967524806,0.005342885177077247,1.5070865614029862
2025-06-04,0.0006452540934685018,0.0014629005662795888,2.1943508494193834e-06,0.0006430597426190824,1.5080557080992667
2025-06-05,-0.0010445453157546612,0.008012945215383059,1.2019417823074588e-05,-0.0010565647335777357,1.5064623496218184
2025-06-06,0.0006936783651741166,0.0048351664162776045,7.252749624416408e-06,0.0006864256155497002,1.50749642396746
2025-06-09,0.0009492586977629665,0.8349088266947541,0.0012523632400421312,-0.0003031045422791647,1.5070394949538857
2025-06-10,0.003973429066929403,0.0009072589494152385,1.3608884241228578e-06,0.00397206817850528,1.5130255585755428
2025-06-11,0.004688907971318333,0.0007475097520812136,1.1212646281218205e-06,0.004687786706690211,1.5201182996759155
2025-06-12,0.003336357930885727,0.0019563920700901745,2.9345881051352616e-06,0.0033334233427805915,1.5251854974998431
2025-06-13,-0.0007909319262872456,0.0006753377429069493,1.0130066143604239e-06,-0.0007919449329016061,1.523977634573363
2025-06-16,0.001651250654381898,0.47151758650193415,0.0007072763797529012,0.0009439742746289968,1.52541623025551
2025-06-17,-0.004738482234984938,9.511853553182889e-05,1.4267780329774333e-07,-0.004738624912788236,1.5181878549044499
2025-06-18,0.0018270777199142082,5.927667488267105e-05,8.891501232400657e-08,0.0018269888049018842,1.5209615671190981
2025-06-19,-0.004642350165921594,0.0019005559008157778,2.8508338512236666e-06,-0.004645200999772818,1.5138963949269004
2025-06-20,0.0026116023712794067,0.0023244684772451285,3.4867027158676927e-06,0.002608115668563539,1.5178448118350911
2025-06-23,0.0054923679256321314,0.39587674218721725,0.0005938151132808259,0.004898552812351306,1.5252800548068188
2025-06-24,0.000983693522309775,0.0028976486293792666,4.3464729440689e-06,0.0009793470493657062,1.5267738333279504
2025-06-25,0.004641794979779588,0.003466282412777813,5.19942361916672e-06,0.004636595556160421,1.5338528660988209
2025-06-26,0.0007288811257284738,0.0020458054340506612,3.068708151075992e-06,0.0007258124175773977,1.5349661555557719
2025-06-27,-0.008235524806009547,0.0013679878339903917,2.0519817509855877e-06,-0.008237576787760532,1.5223217539827676
2025-06-30,-0.0015133116941013491,0.1870438930552044,0.00028056583958280663,-0.0017938775336841558,1.5195908951892592
2025-07-01,0.0062128761872634755,0.0005289060122543876,7.933590183815815e-07,0.006212082828245094,1.5290307196952218
2025-07-02,0.002016311096084637,0.002834398254685032,4.251597382027548e-06,0.0020120594987026097,1.5321072204785926
2025-07-03,0.0009206686387215543,0.0005128816115077747,7.693224172616621e-07,0.0009198993163042926,1.5335166048632156
2025-07-04,0.0016013976941369186,0.00016331384482685257,2.449707672402789e-07,0.0016011527233696784,1.535971999151425
2025-07-07,0.0002518593920080455,0.8093740308522737,0.0012140610462784106,-0.0009622016542703651,1.5344940843529284
2025-07-08,0.001194685685677251,0.0,0.0,0.001194685685677251,1.5363273224702614
2025-07-09,-0.0013233983190391054,0.0,0.0,-0.0013233983190391054,1.5342941494742104
2025-07-10,0.0049739700318595145,0.0,0.0,0.0049739700318595145,1.5419256825937526
2025-07-11,-0.002336221964748266,0.0,0.0,-0.002336221964748266,1.5383234019460676
2025-07-14,0.003948321589313098,0.8136706258874473,0.001220505938831171,0.0027278156504819268,1.5425196645973989
2025-07-15,-0.004013703972896063,0.0,0.0,-0.004013703972896063,1.536328447291334
2025-07-16,0.0004706118998365681,0.0,0.0,0.0004706118998365681,1.5370514617406867
2025-07-17,0.000751096231675105,0.0,0.0,0.000751096231675105,1.5382059353014907
2025-07-18,0.0034925521289638555,0.0,0.0,0.0034925521289638555,1.5435781997156128
2025-07-21,0.0035659837309232187,1.129637441149447,0.0016944561617241703,0.0018715275691990484,1.546467048871595
2025-07-22,0.003555053752240794,0.0,0.0,0.003555053752240794,1.5519648223564029
2025-07-23,-0.0018286313189421525,0.0,0.0,-0.0018286313189421525,1.5491268508763454
2025-07-24,0.009022079272392569,0.0,0.0,0.009022079272392569,1.5631031961279436
2025-07-25,-0.0016756134028538556,0.0,0.0,-0.0016756134028538556,1.560484039462468
2025-07-28,0.003773268155572486,0.8265800502926449,0.0012398700754389675,0.002533398080133519,1.564437366732121
2025-07-29,0.003554469356704743,0.0,0.0,0.003554469356704743,1.569998111412654
2025-07-30,-0.0014933572357821144,0.0,0.0,-0.0014933572357821144,1.5676535433728116
2025-07-31,-0.010696639352030982,0.0,0.0,-0.010696639352030982,1.550884918790419
2025-08-01,-0.0012987114272452534,0.0,0.0,-0.0012987114272452534,1.5488707668240436
2025-08-04,0.004509863807997988,1.0034134239834147,0.0015051201359751222,0.003004743672022866,1.5535247264594394
2025-08-05,0.008918745258102764,0.0,0.0,0.008918745258102764,1.567380217746895
2025-08-06,0.003766312279009805,0.0,0.0,0.003766312279009805,1.573283461106872
2025-08-07,-0.003936777517242199,0.0,0.0,-0.003936777517242199,1.5670897941489375
2025-08-08,-0.0018535388674503798,0.0,0.0,-0.0018535388674503798,1.5641851323066975
2025-08-11,0.004057468519661344,0.6742471262083974,0.001011370689312596,0.0030460978303487483,1.568949793244481
2025-08-12,0.002251430140984945,0.0,0.0,0.002251430140984945,1.5724821740986838
2025-08-13,0.01139516081703844,0.0,0.0,0.01139516081703844,1.5904008613544645
2025-08-14,-0.004199234682743525,0.0,0.0,-0.004199234682743525,1.5837223948979997
2025-08-15,0.010440066564149083,0.0,0.0,0.010440066564149083,1.6002565621198683
2025-08-18,0.012515245405949418,0.5458342759421555,0.0008187514139132333,0.011696493992036185,1.6189739533844196
2025-08-19,-0.003814998597442436,0.0,0.0,-0.003814998597442436,1.6127975700229622
2025-08-20,0.0024810859643060934,0.0,0.0,0.0024810859643060934,1.616799059437213
2025-08-21,-0.001302639621100757,0.0,0.0,-0.001302639621100757,1.6146929529230316
2025-08-22,0.011848150360724577,0.0,0.0,0.011848150360724577,1.633824077815666
2025-08-25,0.017990140974144603,0.3573216590398376,0.0005359824885597564,0.017454158485584848,1.6623411022074255
2025-08-26,-0.007409344742039897,0.0,0.0,-0.007409344742039897,1.650024243902308
2025-08-27,-0.012963328808122438,0.0,0.0,-0.012963328808122438,1.6286344370872288
2025-08-28,0.010341764519468674,0.0,0.0,0.010341764519468674,1.6454773909238825
2025-08-29,0.009262562715898833,0.0,0.0,0.009262562715898833,1.6607187284549085
2025-09-01,0.013619301264402047,0.8659298772495561,0.0012988948158743341,0.012320406448527714,1.681179458186155
2025-09-02,-0.01705711508388968,0.0,0.0,-0.01705711508388968,1.6525033866912024
2025-09-03,-0.00020142662311286664,0.0,0.0,-0.00020142662311286664,1.6521705285143387
2025-09-04,-0.03133100732207185,0.0,0.0,-0.03133100732207185,1.6004063615881445
2025-09-05,0.034226019561602095,0.012314822706748899,1.847223406012335e-05,0.03420754732754197,1.6551523379454705
2025-09-08,-0.006091449338482391,0.6816690040717458,0.0010225035061076188,-0.00711395284459001,1.6433776622627134
2025-09-09,-0.0026856539304941232,0.006956207077947061,1.0434310616920592e-05,-0.002696088241111044,1.6389469710717823
2025-09-10,0.0008807067180027661,0.0019984723697905604,2.9977085546858405e-06,0.0008777090094480802,1.6403854895942998
2025-09-11,0.01185197084908823,3.046504604399536e-06,4.569756906599304e-09,0.011851966279331324,1.6598272831020757
2025-09-12,0.00011494767630971419,0.009569473721694425,1.4354210582541637e-05,0.00010059346572717254,1.6599942508809915
2025-09-15,-0.001933286529707698,0.9834590264004701,0.0014751885396007052,-0.003408475069308403,1.6543362018616683
2025-09-16,0.00046752310388579847,8.469133798565467e-05,1.27037006978482e-07,0.00046739606687882,1.6551094320957138
2025-09-17,-3.7906179598478544e-05,7.351227256703272e-05,1.1026840885054908e-07,-3.8016448007329094e-05,1.655046510714042
2025-09-18,-0.010972330871245292,0.0007508683641099592,1.1263025461649387e-06,-0.010973457173791458,1.6368849287080884
2025-09-19,0.00033846706856553537,0.017992755427894816,2.6989133141842226e-05,0.00031147793542369315,1.6373947822462085
2025-09-22,0.0031275090366740805,1.031387609176709,0.0015470814137650633,0.0015804276229090173,1.6399825661896774
2025-09-23,0.0011988612220334577,0.00042414917411047817,6.362237611657173e-07,0.001198224998272292,1.6419476342972166
2025-09-24,0.0023322351806550094,0.0023030209167199944,3.454531375079992e-06,0.002328780649279929,1.645771370175099
2025-09-25,0.0008798493209769513,0.000106899800277057,1.6034970041558552e-07,0.0008796889712765358,1.6472191370986846
2025-09-26,-0.00477661415471897,4.902977742117509e-06,7.354466613176264e-09,-0.004776621509185583,1.6393509947380769
2025-09-29,0.007781195359645694,0.6864470477738804,0.0010296705716608208,0.006751524787984873,1.6504191136152586
2025-09-30,0.0035754918242557753,0.005194058164145993,7.79108724621899e-06,0.0035677007370095563,1.6563073151032786
2025-10-09,0.012876605000331703,0.7468023714966341,0.001120203557244951,0.011756401443086751,1.6757795288127537
2025-10-10,-0.012285836911733235,0.014966733345063155,2.245010001759473e-05,-0.01230828701175083,1.6551535534037098
2025-10-13,-0.0026580433356592913,1.0192853554840253,0.001528928033226038,-0.00418697136888533,1.6482234728644996
2025-10-14,-0.02748340287409137,0.0006519643299661496,9.779464949492244e-07,-0.027484380820586317,1.6029230712588622
2025-10-15,0.011807570831754401,0.0802356332957296,0.00012035344994359438,0.011687217381810807,1.6216567816389844
2025-10-16,0.0015748900896299122,0.011334095320294044,1.7001142980441064e-05,0.0015578889466494712,1.624183142814359
2025-10-17,-0.018535991213962467,2.7469405198828067e-05,4.12041077982421e-08,-0.018536032418070267,1.5940772314262688
2025-10-20,0.0012353845493883937,1.008892324146384,0.0015133384862195762,-0.00027795393683118256,1.593634151384181
2025-10-21,0.014762411052628403,0.0002744591375110003,4.1168870626650046e-07,0.014761999363922137,1.6171593777132387
2025-10-22,-0.00811310879202888,0.018679720180373456,2.8019580270560186e-05,-0.00814112837229944,1.6039938756208074
2025-10-23,-0.0034919679271908353,0.0068825440745010485,1.0323816111751572e-05,-0.003502291743302587,1.5983762211139128
2025-10-24,0.009670662098239082,0.0012363495439394745,1.8545243159092117e-06,0.009668807573923173,1.6138306132265976
2025-10-27,0.017695185044608708,0.7548034964767785,0.0011322052447151677,0.01656297979989354,1.6405604570739196
2025-10-28,-0.0021660330225503296,0.025317660450066434,3.797649067509965e-05,-0.0022040095132254294,1.6369446462195072
2025-10-29,0.012775333562707096,0.000562779684164072,8.44169526246108e-07,0.01277448939318085,1.6578557782398626
2025-10-30,-0.008530019608988325,0.012341227683928327,1.851184152589249e-05,-0.008548531450514218,1.6436835459791623
2025-10-31,-0.014172301256354197,0.007325419621356466,1.09881294320347e-05,-0.014183289385786231,1.6203707065878845
2025-11-03,0.002542999548256592,0.6546240756684241,0.000981936113502636,0.0015610634347539558,1.6229002080486854
2025-11-04,-0.007008459574066338,0.00015065114362777798,2.2597671544166697e-07,-0.007008685550781779,1.6115258108101738
2025-11-05,-0.001501136274797665,0.0044960763748903565,6.744114562335535e-06,-0.0015078803893600005,1.6090958226431056
2025-11-06,0.008893255970218754,0.0015014794899973448,2.252219234996017e-06,0.008891003750983758,1.6234022996379176
2025-11-07,-0.003355666341334997,0.005710143244628266,8.5652148669424e-06,-0.003364231556201939,1.617940798393065
2025-11-10,0.0005341312696547769,0.6900919478790777,0.0010351379218186167,-0.0005010066521638398,1.6171301992902627
2025-11-11,-0.0019194834909435719,0.0001960302150303267,2.9404532254549005e-07,-0.0019197775362661173,1.6140256690604475
2025-11-12,0.0020153016581194363,0.0001964076291067693,2.9461144366015393e-07,0.002015007046675776,1.61727794215712
2025-11-13,0.00654128428610073,0.00015054258561730469,2.2581387842595703e-07,0.006541058472222304,1.627856651742605
2025-11-14,-0.006317596267259961,0.00011667229136403529,1.7500843704605294e-07,-0.006317771275697007,1.6175722257472733
2025-11-17,-0.0017681479920271304,0.3429466830681004,0.0005144200246021506,-0.002282568016629281,1.6138800071201946
2025-11-18,-0.007805688726108234,0.002207301090033288,3.3109516350499323e-06,-0.007808999677743284,1.6012772186646766
2025-11-19,0.003939665696104717,0.0012495793791297075,1.8743690686945611e-06,0.003937791327036022,1.6075827142085146
2025-11-20,-0.0018991194038112103,0.0008556850763527246,1.283527614529087e-06,-0.0019004029314257393,1.6045276593059232
2025-11-21,-0.01213223450815379,0.0001800154773585541,2.700232160378312e-07,-0.012132504531369829,1.585060720208686
2025-11-24,0.000517826372584038,0.7216761887197689,0.0010825142830796534,-0.0005646879104956153,1.5841656555825827
2025-11-25,0.007656984764764103,0.003640908612045704,5.461362918068556e-06,0.007651523401846034,1.5962869361686736
2025-11-26,0.007690499383322341,0.0034201916696862053,5.130287504529308e-06,0.007685369095817811,1.608554990455962
2025-11-27,0.0005526162006033989,0.0037926595279238542,5.688989291885782e-06,0.0005469272113115131,1.609434752951133
2025-11-28,0.001952615059082561,0.004193637651784394,6.290456477676591e-06,0.0019463246026048845,1.612567235407089
2025-12-01,0.0036368979604826427,0.2824379957629069,0.0004236569936443604,0.003213240966838282,1.61774880250968
2025-12-02,-0.0025567668363887866,0.0011348007458950038,1.7022011188425058e-06,-0.0025584690375076292,1.6136098422879939
2025-12-03,-0.0018962350161917277,0.004557134105953833,6.83570115893075e-06,-0.0019030707173506585,1.6105390286479069
2025-12-04,0.00265435917631929,0.007407351808572424,1.1111027712858635e-05,0.0026432481486064314,1.614796082953639
2025-12-05,0.0036936213328377394,0.0006254283860708046,9.381425791062069e-07,0.003692683190258633,1.6207590133048573
2025-12-08,0.00604250114492448,0.36523584489149685,0.0005478537673372453,0.005494647377587235,1.6296645125670137
2025-12-09,0.0003172989311867713,0.03792551180735657,5.6888267711034854e-05,0.0002604106634757364,1.6300888945839742
2025-12-10,0.0002099678706079245,0.0020540849350672956,3.0811274026009433e-06,0.00020688674320532355,1.6304261383665097
2025-12-11,-0.004175964135877328,0.00046347458908981357,6.952118836347204e-07,-0.004176659347760963,1.6236164037948673
2025-12-12,0.005342608207627165,0.001765812330343456,2.648718495515184e-06,0.00533995948913165,1.6322864496170215
2025-12-15,5.747118660932209e-05,0.39702760055600744,0.0005955414008340112,-0.0005380702142246891,1.6314081648974
2025-12-16,-0.006408740161005213,9.589725576131247e-09,1.438458836419687e-11,-0.006408740175389801,1.620952893848563
2025-12-17,0.006950908036542381,0.0037092620546410465,5.56389308196157e-06,0.006945344143460419,1.632210969536679
2025-12-18,-0.0031470657604498724,0.004464042857950313,6.6960642869254694e-06,-0.003153761824736798,1.6270633648910378
2025-12-19,0.0010275706599043822,0.0009742491462401449,1.4613737193602174e-06,0.001026109286185022,1.6287329097189638
2025-12-22,0.007284665467088754,0.39833516350964915,0.0005975027452644738,0.00668716272182428,1.639624511716645
2025-12-23,0.003126233165369817,0.004631909516011435,6.947864274017153e-06,0.0031192853010958,1.644738968355359
2025-12-24,0.0009088026085497196,0.00034230558380047085,5.134583757007062e-07,0.0009082891501740189,1.6462328669151844
2025-12-25,-0.0010581044400820164,1.734953525393823e-07,2.6024302880907346e-10,-0.0010581047003250452,1.6444909801808718
2025-12-26,0.002456669440227474,2.4204792623005317e-05,3.6307188934507974e-08,0.0024566331330385396,1.648530891209767
2025-12-29,-0.004116904255878447,0.23769852589475798,0.000356547788842137,-0.004473452044720584,1.6411562673236995
2025-12-30,-0.0020768723380824848,0.00039417533300566826,5.912629995085023e-07,-0.002077463601081993,1.637746824914647
2025-12-31,-0.002004193143596259,0.0025445258328338216,3.816788749250732e-06,-0.0020080099323455097,1.634458213023551
2026-01-05,0.009019176687281411,0.5935059445365101,0.0008902589168047651,0.008128917770476645,1.6477445894364997
2026-01-06,0.008559713572992657,0.0015732916849640795,2.359937527446119e-06,0.00855735363546521,1.6618449225892324
2026-01-07,0.0011753262857344769,0.002691829258163605,4.037743887245407e-06,0.0011712885418472315,1.6637914225053885
2026-01-08,-0.004224024055219028,0.0005708643107501452,8.562964661252178e-07,-0.0042248803516851535,1.6567621028151431
2026-01-09,0.006871364005004661,0.05365324183897578,8.047986275846367e-05,0.006790884142246198,1.668012982306625
2026-01-12,0.007002158552671635,0.4706744725903234,0.0007060117088854851,0.006296146843786149,1.678515036980569
2026-01-13,-0.003013956658486756,0.003943526175445657,5.9152892631684855e-06,-0.0030198719477499245,1.673446136506515
2026-01-14,0.0037908744427395946,0.0410985360244005,6.164780403660075e-05,0.0037292266387029937,1.6796867964172097
2026-01-15,0.001636566243466319,0.0007536737310888143,1.1305105966332214e-06,0.001635435732869686,1.6824338162240997
2026-01-16,-0.0004285956934332194,0.027356045188090858,4.103406778213629e-05,-0.0004696297612153557,1.6816436952327258
2026-01-19,-0.0009619630282934322,0.5053239714685804,0.0007579859572028707,-0.0017199489854963028,1.678751353865144
2026-01-20,-0.0023997107770625105,0.002906285944205396,4.359428916308094e-06,-0.0024040702059788185,1.6747155177520703
2026-01-21,0.007976009372900944,0.01240760011851761,1.8611400177776416e-05,0.007957397972723167,1.6880418956179186
2026-01-22,2.6240286661873864e-05,0.05286864971656567,7.930297457484851e-05,-5.3062687912974646e-05,1.6879523235776275
2026-01-23,0.013037423374592204,0.001784146271986066,2.676219407979099e-06,0.013034747155184224,1.7099543553254675
2026-01-26,0.0058946312024618554,0.39920641234675924,0.0005988096185201389,0.005295821583941716,1.7190099685079554
2026-01-27,-0.0014380189436783404,0.020665345661329486,3.099801849199423e-05,-0.0014690169621703346,1.7164847137060772
2026-01-28,0.017547675537628208,0.07600970650822728,0.00011401455976234091,0.01743366097786587,1.746409326278518
2026-01-29,-0.002589962867381198,0.033315779086608245,4.9973668629912367e-05,-0.0026399365360111103,1.7417989164912449
2026-01-30,-0.02177188571027031,0.022225379684831,3.33380695272465e-05,-0.021805223779797555,1.7038186013377443
2026-02-02,-0.02654914175276692,0.5048455075679908,0.0007572682613519862,-0.027306410014118907,1.6572934320199333
2026-02-03,0.015786587009226694,0.07039663671567965,0.00010559495507351948,0.015680992054153173,1.683281437158838
2026-02-04,-0.0007937541788959438,0.021840088828595113,3.276013324289267e-05,-0.0008265143121388365,1.6818901809596685
2026-02-05,-0.010840646198425053,0.00038939698611025614,5.840954791653842e-07,-0.010841230293904219,1.6636564221788284
2026-02-06,-0.000744140815005512,0.014440635733935753,2.1660953600903627e-05,-0.0007658017686064156,1.6623823911483704
2026-02-09,0.01589672796854422,0.38319681844195264,0.000574795227662929,0.01532193274088129,1.6878533023351712
2026-02-10,-0.00012618775601179125,0.017743458057537406,2.6615187086306108e-05,-0.00015280294309809734,1.6875953933830565
2026-02-11,-0.002634714793583249,0.01034626343575374,1.551939515363061e-05,-0.0026502341887368794,1.6831228703747578
2026-02-12,0.00648875674279864,0.0001627124784896357,2.440687177344535e-07,0.006488512674080906,1.69404383445122
2026-02-13,-0.009905427371811097,0.013461272070953732,2.01919081064306e-05,-0.009925619279917529,1.6772294003069657
2026-02-24,0.004003105885652139,0.5534015705473125,0.0008301023558209689,0.00317300352983117,1.6825512551144763
2026-02-25,0.009552900522356815,0.0007137089315139636,1.0705633972709454e-06,0.009551829958959545,1.698622698600564
2026-02-26,0.003298034637181576,0.03244866518041253,4.867299777061879e-05,0.0032493616394109574,1.7041421380372292
2026-02-27,0.0026230888264275913,0.0001733036251208922,2.599554376813383e-07,0.0026228288709899098,1.7086118112371438
2026-03-02,0.006505833618955587,0.6308150874160255,0.0009462226311240384,0.005559610987831549,1.7181110282368366
2026-03-03,-0.014457252472234913,0.00866802101271981,1.3002031519079715e-05,-0.014470254503753993,1.6932495243925432
2026-03-04,-0.004084759968521613,0.02935198570860891,4.402797856291337e-05,-0.004128787947084526,1.6862584561648246
2026-03-05,0.007548435039384713,0.003018590147940571,4.527885221910857e-06,0.007543907154162802,1.698979433396054
2026-03-06,0.0010454113329909183,0.0028862698196671123,4.329404729500669e-06,0.0010410819282614175,1.7007482101806504
2026-03-09,-0.004501944873150836,0.16922333586070867,0.000253835003791063,-0.004755779876941899,1.6926598260669283
2026-03-10,0.006021901701079467,0.002085600230975579,3.1284003464633683e-06,0.0060187733007330034,1.7028475618352834
2026-03-11,-0.0009911811645670207,0.0019687167714651753,2.953075157197763e-06,-0.0009941342397242184,1.7011547027690321
2026-03-12,-0.0030882681589647506,0.0011908777369092627,1.786316605363894e-06,-0.0030900544755701146,1.6958980420661036
2026-03-13,-0.007743944529840282,0.0035445400422986877,5.3168100634480316e-06,-0.00774926133990373,1.6827560849323024
2026-03-16,-0.006557552555460841,0.5575478737602133,0.0008363218106403198,-0.007393874366101161,1.6703139978515207
2026-03-17,-0.0076912455832945,0.006200298892650637,9.300448338975956e-06,-0.007700546031633475,1.6574516680237832
2026-03-18,0.001697996881169605,0.004242482807878218,6.363724211817327e-06,0.0016916331569577876,1.6602554682214674
2026-03-19,-0.014852018943564835,0.0038324310676479956,5.748646601471993e-06,-0.014857767590166307,1.63558777833433
2026-03-20,-0.007248870084168987,0.02584050645698943,3.8760759685484145e-05,-0.007287630843854471,1.6236682183931095
2026-03-23,-0.015953793551456062,0.6136134441404614,0.0009204201662106919,-0.016874213717666755,1.596270093869361
2026-03-24,0.006969888929856554,0.02087971390735632,3.131957086103448e-05,0.006938569358995519,1.607345924631364
2026-03-25,0.006067458988694723,0.003721342656947447,5.5820139854211705e-06,0.006061876974709302,1.6170894578822799
2026-03-26,-0.006564681115625354,0.003625262135794942,5.437893203692413e-06,-0.006570119008829046,1.6064649876960704
2026-03-27,0.0028096505073873772,0.002438138030982223,3.6572070464733346e-06,0.0028059933003409037,1.6109727176887776
2026-03-30,-0.0012391960770315137,0.29902493566576105,0.00044853740349864155,-0.0016877334805301552,1.6082538250969136
2026-03-31,-0.010239560593253275,1.4433069895701534e-05,2.1649604843552302e-08,-0.010239582242858118,1.5917859777874426
2026-04-01,0.0029933401602498565,0.010621410809571678,1.5932116214357517e-05,0.002977408044035499,1.5965253741620897
2026-04-02,-0.0016697447890295953,0.0001438071975122905,2.1571079626843577e-07,-0.0016699604998258637,1.5938592398502693
2026-04-03,-0.004689296168756782,0.0018879479769787905,2.8319219654681855e-06,-0.00469212809072225,1.5863806481383107
2026-04-07,0.002267381751171577,0.4762599431294622,0.0007143899146941933,0.0015529918364773835,1.5888442843344153
2026-04-08,0.005276942995714946,0.00018003317462565727,2.700497619384859e-07,0.005276672945953007,1.5972280959848948
2026-04-09,-0.0006570154569408279,0.008373134625321101,1.2559701937981652e-05,-0.0006695751588788096,1.5961586317287602
2026-04-10,0.0005794175330660315,0.011120439555202581,1.6680659332803872e-05,0.0005627368737332276,1.5970568490471617
2026-04-13,-0.0026425503140980874,0.27490119801247215,0.00041235179701870823,-0.0030549021111167954,1.592177996707434
2026-04-14,0.000980504354460334,0.001624245021843343,2.4363675327650144e-06,0.000978067986927569,1.5937352550355042
2026-04-15,-0.0032534797117224944,0.006435074490977549,9.652611736466325e-06,-0.0032631323234589608,1.5885346860097618
2026-04-16,0.004651948565691105,0.006377674556777527,9.56651183516629e-06,0.004642382053855938,1.5959092709280212
2026-04-17,0.0023232047112499766,0.0023133465503376374,3.4700198255064563e-06,0.00231973469142447,1.599611357028159
2026-04-20,0.0029636337066998018,0.3871119668659433,0.000580667950298915,0.0023829657564008867,1.603423176115507
2026-04-21,0.0007323010527459297,0.0008330932879951763,1.2496399319927645e-06,0.0007310514128139369,1.604595360893745
2026-04-22,0.00688432044378765,0.00017840746279244174,2.676111941886626e-07,0.006884052832593461,1.615641480133072
2026-04-23,0.0007322549521555368,0.0059165124352916695,8.874768652937503e-06,0.0007233801835025993,1.6168102031634453
2026-04-24,-0.007259918817967503,0.000267198576458863,4.0079786468829455e-07,-0.007260319615832192,1.60507164433034
2026-04-27,0.00023117288266927264,0.47207154559376563,0.0007081073183906485,-0.0004769344357213759,1.604306130391359
2026-04-28,-0.0005682861136641652,3.3122073318157114e-05,4.968310997723567e-08,-0.0005683357967741424,1.6033943457884734
2026-04-29,0.006363266727343298,0.016832489045524437,2.5248733568286657e-05,0.0063380179937750115,1.613556688003198
2026-04-30,-0.0008040485948072652,0.0017614200746581508,2.6421301119872264e-06,-0.0008066907249192524,1.6122550467888543
2026-05-06,0.004609401680406266,0.13430797936700048,0.0002014619690505007,0.0044079397113557656,1.6193617698344285
2026-05-07,-0.0025921350669638084,0.021902710659797885,3.285406598969683e-05,-0.0026249891329535053,1.6151109627862927
2026-05-08,-0.0002293395072237018,0.00013763432396952935,2.06451485954294e-07,-0.0002295459587096561,1.6147402205919175
2026-05-11,0.007100919856742716,0.5801032078925721,0.0008701548118388581,0.006230765044903858,1.624801287514982
2026-05-12,-3.0092624169787805e-05,0.0720364238272615,0.00010805463574089224,-0.00013814725991068003,1.6245768256692124
2026-05-13,0.009771741794550579,0.043794827373431,6.56922410601465e-05,0.009706049553490432,1.64034504884261
2026-05-14,-0.007570385453713313,0.014031183056850693,2.104677458527604e-05,-0.00759143222829859,1.627892480573296
2026-05-15,-0.006430991461697212,0.01366292165841488,2.049438248762232e-05,-0.006451485844184835,1.6173901552790224
2026-05-18,0.0017423613521590376,0.3912071802439357,0.0005868107703659036,0.001155550581793134,1.6192591314139415
2026-05-19,0.00458868519960144,0.055961198464811644,8.394179769721747e-05,0.004504743401904222,1.6265534783021518
2026-05-20,0.009014999128607598,0.0039051548344013406,5.857732251602011e-06,0.009009141396355995,1.6412073285769107
2026-05-21,-0.02293041957528242,0.011683107355426665,1.752466103314e-05,-0.02294794423631556,1.6035449943204954
2026-05-22,0.011491489568858653,0.0554117347343207,8.311760210148104e-05,0.011408371966757173,1.6218388320811352
2026-05-25,0.01829335148497473,0.67638394660883,0.001014575919913245,0.017278775565061483,1.6498622212633665
2026-05-26,-0.003763403078076694,0.04054889138881045,6.082333708321568e-05,-0.00382422641515991,1.6435527745754368
2026-05-27,0.001359445632806168,0.014621120272095278,2.1931680408142918e-05,0.001337513952398025,1.6457510493429341
2026-05-28,0.007117822230450962,0.0017596705492391729,2.639505823858759e-06,0.007115182724627103,1.6574608687782562
2026-05-29,-0.0013876430691814805,0.006022315725858748,9.033473588788123e-06,-0.0013966765427702685,1.655145932062274
2026-06-01,-0.0034513772215000686,0.43733669487723137,0.0006560050423158471,-0.004107382263815916,1.6483476150168943
2026-06-02,0.013427742327984389,0.030169882322341975,4.5254823483512965e-05,0.013382487504500875,1.6704066063779315
2026-06-03,0.007490109991423912,0.02185678678986016,3.2785180184790244e-05,0.0074573248112391214,1.6828633710085312
2026-06-04,-0.005602806183217832,0.0022149696297439764,3.3224544446159648e-06,-0.005606128637662447,1.6734290224710473
2026-06-05,-0.016763951312904844,0.003703851723546904,5.555777585320356e-06,-0.016769507090490163,1.645366442613287
2026-06-08,-0.018649846371148294,0.6658782592265273,0.000998817388839791,-0.019648663759988083,1.6130371906204108
2026-06-09,0.019753261448654226,0.03316963828556496,4.975445742834744e-05,0.019703506991225878,1.6448196801829076
2026-06-10,-0.014417920459975402,0.04673596656597715,7.010394984896573e-05,-0.014488024409824368,1.6209894925066581
2026-06-11,-0.005816482104904867,0.02089136286857938,3.133704430286907e-05,-0.005847819149207736,1.611510239111713
2026-06-12,0.0026603908881962517,0.0022223775376596297,3.3335663064894445e-06,0.0026570573218897622,1.6157921141918452
2026-06-15,0.02303077956291495,0.2585440743517147,0.0003878161115275721,0.022642963451387377,1.6523784359785312
2026-06-16,0.0037194109680133004,0.04964128105720012,7.446192158580019e-05,0.0036449490464275,1.6584012711830884
2026-06-17,0.006463032525428539,0.0011535135263457327,1.7302702895185992e-06,0.0064613022551390205,1.669116703056509
2026-06-18,0.003928315243464482,0.01730642280838978,2.595963421258467e-05,0.0039023556092518973,1.6756301899851775
2026-06-22,0.005232066944459877,0.46890541290180965,0.0007033581193527144,0.0045287088251071625,1.6832186312141795
2026-06-23,-0.010896115203798835,0.029361291856571985,4.4041937784857975e-05,-0.010940157141583693,1.6648039548850548
2026-06-24,0.009478255186171382,0.010976237226160111,1.6464355839240168e-05,0.009461790830332141,1.6805559816796867
2026-06-25,0.009340999038409284,0.005032413538273564,7.548620307410346e-06,0.009333450418101873,1.6962413676095387
2026-06-26,-0.010545141170123676,0.0012229124934677177,1.8343687402015765e-06,-0.010546975538863877,1.678351151397352
2026-06-29,0.024123511487254064,0.42377629284732066,0.000635664439270981,0.023487847047983082,1.7177720065341793
2026-06-30,0.013098373326720758,0.0517668588797546,7.76502883196319e-05,0.013020723038401126,1.7401386400743795
2026-07-01,-0.00036086994951995083,0.0017791249094446723,2.6686873641670085e-06,-0.0003635386368841178,1.7395060324451774
2026-07-02,-0.023599466595885476,0.00016877343988565274,2.5316015982847913e-07,-0.023599719756045304,1.6984541775655209
2026-07-03,0.00022838529885800714,0.054687753339585754,8.203163000937862e-05,0.0001463536688486285,1.698702752565779
2026-07-06,-0.004082885950619704,0.1795460096845277,0.00026931901452679157,-0.004352204965146496,1.6913096500117542
2026-07-07,0.001273190820361066,0.0023685113449615006,3.552767017442251e-06,0.0012696380533436238,1.6934570011033965
2026-07-08,0.0033646061526731966,0.001244793809390101,1.8671907140851517e-06,0.0033627389619591114,1.6991516549414092
2026-07-09,0.02032370699065589,0.0003131311836224032,4.696967754336048e-07,0.02032323729388046,1.7336839172230731
2026-07-10,-0.012390049744437599,0.03169705699892167,4.7545585498382504e-05,-0.01243759532993598,1.7121210582306343
2026-07-13,-0.014631349103027779,0.18929511336150523,0.00028394267004225787,-0.014915291773070037,1.686584273096307
2026-07-14,0.00031153708635172717,0.019927135095458296,2.9890702643187445e-05,0.00028164638370853975,1.6870592934576443
2026-07-15,-0.006118698839262892,0.0008741221241135438,1.3111831861703157e-06,-0.006120010022449063,1.6767344736732175
2026-07-16,-0.01206176686200481,0.0032967126593495023,4.9450689890242535e-06,-0.012066711930993833,1.6565018017946362
2026-07-17,-0.020250586087974313,0.01269174476508506,1.903761714762759e-05,-0.02026962370512194,1.6229251336054025
