date,gross_return,turnover,cost,net_return,nav
2018-01-02,0.0,0.0,0.0,0.0,1.0
2018-01-03,0.0,0.0,0.0,0.0,1.0
2018-01-04,0.0,0.0,0.0,0.0,1.0
2018-01-05,0.0,0.0,0.0,0.0,1.0
2018-01-08,0.0,0.0,0.0,0.0,1.0
2018-01-09,0.0,0.0,0.0,0.0,1.0
2018-01-10,0.0,0.0,0.0,0.0,1.0
2018-01-11,0.0,0.0,0.0,0.0,1.0
2018-01-12,0.0,0.0,0.0,0.0,1.0
2018-01-15,0.0,0.0,0.0,0.0,1.0
2018-01-16,0.0,0.0,0.0,0.0,1.0
2018-01-17,0.0,0.0,0.0,0.0,1.0
2018-01-18,0.0,0.0,0.0,0.0,1.0
2018-01-19,0.0,0.0,0.0,0.0,1.0
2018-01-22,0.0,0.0,0.0,0.0,1.0
2018-01-23,0.0,0.0,0.0,0.0,1.0
2018-01-24,0.0,0.0,0.0,0.0,1.0
2018-01-25,0.0,0.0,0.0,0.0,1.0
2018-01-26,0.0,0.0,0.0,0.0,1.0
2018-01-29,0.0,0.0,0.0,0.0,1.0
2018-01-30,0.0,0.0,0.0,0.0,1.0
2018-01-31,0.0,0.0,0.0,0.0,1.0
2018-02-01,0.0,0.0,0.0,0.0,1.0
2018-02-02,0.0,0.0,0.0,0.0,1.0
2018-02-05,0.0,1.0,0.0015,-0.0015,0.9985
2018-02-06,0.0,0.0,0.0,0.0,0.9985
2018-02-07,0.0,0.0,0.0,0.0,0.9985
2018-02-08,-1.0000000000065512e-05,0.0,0.0,-1.0000000000065512e-05,0.998490015
2018-02-09,-0.00010000100000995271,0.0,0.0,-0.00010000100000995271,0.9983901650000001
2018-02-12,9.000990108920526e-05,0.0,0.0,9.000990108920526e-05,0.9984800300000002
2018-02-13,0.00014000280005599386,0.0,0.0,0.00014000280005599386,0.9986198200000002
2018-02-14,-0.0001099868015838057,0.0,0.0,-0.0001099868015838057,0.9985099850000002
2018-02-22,-8.999910000895284e-05,0.0,0.0,-8.999910000895284e-05,0.9984201200000002
2018-02-23,5.0004000319958664e-05,0.0,0.0,5.0004000319958664e-05,0.9984700450000001
2018-02-26,2.0000600017944237e-05,0.0,0.0,2.0000600017944237e-05,0.9984900150000001
2018-02-27,0.0,0.0,0.0,0.0,0.9984900150000001
2018-02-28,1.0000100000961964e-05,0.0,0.0,1.0000100000961964e-05,0.9985
2018-03-01,1.0000000000065512e-05,0.0,0.0,1.0000000000065512e-05,0.9985099850000001
2018-03-02,-9.999900001056439e-06,0.0,0.0,-9.999900001056439e-06,0.9985
2018-03-05,0.0,0.0,0.0,0.0,0.9985
2018-03-06,0.0,0.0,0.0,0.0,0.9985
2018-03-07,0.0,0.0,0.0,0.0,0.9985
2018-03-08,0.0,0.0,0.0,0.0,0.9985
2018-03-09,-0.00013999999999991797,0.0,0.0,-0.00013999999999991797,0.9983602100000001
2018-03-12,8.001120156819752e-05,0.0,0.0,8.001120156819752e-05,0.9984400900000001
2018-03-13,5.000300017998782e-05,0.0,0.0,5.000300017998782e-05,0.9984900150000001
2018-03-14,-1.0000100000850942e-05,0.0,0.0,-1.0000100000850942e-05,0.9984800300000003
2018-03-15,2.000040000793568e-05,0.0,0.0,2.000040000793568e-05,0.9985000000000003
2018-03-16,-4.999999999999449e-05,0.0,0.0,-4.999999999999449e-05,0.9984500750000003
2018-03-19,5.000250012487939e-05,0.0,0.0,5.000250012487939e-05,0.9985000000000002
2018-03-20,0.0,0.0,0.0,0.0,0.9985000000000002
2018-03-21,1.0000000000065512e-05,0.0,0.0,1.0000000000065512e-05,0.9985099850000002
2018-03-22,-9.999900001056439e-06,0.0,0.0,-9.999900001056439e-06,0.9985000000000002
2018-03-23,-5.999999999994898e-05,0.0,0.0,-5.999999999994898e-05,0.9984400900000002
2018-03-26,-4.000240014401246e-05,0.0,0.0,-4.000240014401246e-05,0.9984001500000003
2018-03-27,0.0,0.0,0.0,0.0,0.9984001500000003
2018-03-28,-2.0002000200025627e-05,0.0,0.0,-2.0002000200025627e-05,0.9983801800000003
2018-03-29,-0.00040004800576076693,0.0,0.0,-0.00040004800576076693,0.9979807800000002
2018-03-30,0.0004602393244488301,0.0,0.0,0.0004602393244488301,0.9984400900000003
2018-04-02,6.0003600216074204e-05,0.0,0.0,6.0003600216074204e-05,0.9985000000000004
2018-04-03,0.00016000000000016001,0.0,0.0,0.00016000000000016001,0.9986597600000006
2018-04-04,-0.00014997600383936938,0.0,0.0,-0.00014997600383936938,0.9985099850000005
2018-04-09,-9.999900001056439e-06,0.0,0.0,-9.999900001056439e-06,0.9985000000000005
2018-04-10,0.0,0.0,0.0,0.0,0.9985000000000005
2018-04-11,0.0,0.0,0.0,0.0,0.9985000000000005
2018-04-12,1.0000000000065512e-05,0.0,0.0,1.0000000000065512e-05,0.9985099850000005
2018-04-13,-1.9999800002112877e-05,0.0,0.0,-1.9999800002112877e-05,0.9984900150000005
2018-04-16,0.0,0.0,0.0,0.0,0.9984900150000005
2018-04-17,0.0,0.0,0.0,0.0,0.9984900150000005
2018-04-18,2.0000200002145974e-05,0.0,0.0,2.0000200002145974e-05,0.9985099850000005
2018-04-19,-9.999900001056439e-06,0.0,0.0,-9.999900001056439e-06,0.9985000000000005
2018-04-20,-1.0000000000065512e-05,0.0,0.0,-1.0000000000065512e-05,0.9984900150000005
2018-04-23,-9.000090000899075e-05,0.0,0.0,-9.000090000899075e-05,0.9984001500000005
2018-04-24,0.00010001000100023916,0.0,0.0,0.00010001000100023916,0.9985000000000006
2018-04-25,0.0,0.0,0.0,0.0,0.9985000000000006
2018-04-26,0.0,0.0,0.0,0.0,0.9985000000000006
2018-04-27,0.0,0.0,0.0,0.0,0.9985000000000006
2018-05-02,0.0,0.0,0.0,0.0,0.9985000000000006
2018-05-03,1.0000000000065512e-05,0.0,0.0,1.0000000000065512e-05,0.9985099850000007
2018-05-04,0.0,0.0,0.0,0.0,0.9985099850000007
2018-05-07,0.0,0.0,0.0,0.0,0.9985099850000007
2018-05-08,-1.9999800002112877e-05,0.0,0.0,-1.9999800002112877e-05,0.9984900150000006
2018-05-09,1.0000100000961964e-05,0.0,0.0,1.0000100000961964e-05,0.9985000000000005
2018-05-10,1.0000000000065512e-05,0.0,0.0,1.0000000000065512e-05,0.9985099850000005
2018-05-11,-9.999900001056439e-06,0.0,0.0,-9.999900001056439e-06,0.9985000000000005
2018-05-14,-4.999999999999449e-05,0.0,0.0,-4.999999999999449e-05,0.9984500750000005
2018-05-15,-5.0002500125101434e-05,0.0,0.0,-5.0002500125101434e-05,0.9984001500000004
2018-05-16,6.000600059996586e-05,0.0,0.0,6.000600059996586e-05,0.9984600600000003
2018-05-17,4.0001600064121234e-05,0.0,0.0,4.0001600064121234e-05,0.9985000000000004
2018-05-18,0.0,0.0,0.0,0.0,0.9985000000000004
2018-05-21,-1.0000000000065512e-05,0.0,0.0,-1.0000000000065512e-05,0.9984900150000003
2018-05-22,0.0,0.0,0.0,0.0,0.9984900150000003
2018-05-23,1.0000100000961964e-05,0.0,0.0,1.0000100000961964e-05,0.9985000000000003
2018-05-24,0.0,0.0,0.0,0.0,0.9985000000000003
2018-05-25,0.0,0.0,0.0,0.0,0.9985000000000003
2018-05-28,0.0,0.0,0.0,0.0,0.9985000000000003
2018-05-29,0.0,0.0,0.0,0.0,0.9985000000000003
2018-05-30,0.0,0.0,0.0,0.0,0.9985000000000003
2018-05-31,1.0000000000065512e-05,0.0,0.0,1.0000000000065512e-05,0.9985099850000003
2018-06-01,0.0,0.0,0.0,0.0,0.9985099850000003
2018-06-04,-9.999900001056439e-06,0.0,0.0,-9.999900001056439e-06,0.9985000000000003
2018-06-05,0.0,0.0,0.0,0.0,0.9985000000000003
2018-06-06,0.0,0.0,0.0,0.0,0.9985000000000003
2018-06-07,1.0000000000065512e-05,0.0,0.0,1.0000000000065512e-05,0.9985099850000003
2018-06-08,0.0,0.0,0.0,0.0,0.9985099850000003
2018-06-11,-1.9999800002112877e-05,0.0,0.0,-1.9999800002112877e-05,0.9984900150000002
2018-06-12,2.0000200002145974e-05,0.0,0.0,2.0000200002145974e-05,0.9985099850000003
2018-06-13,-1.9999800002112877e-05,0.0,0.0,-1.9999800002112877e-05,0.9984900150000002
2018-06-14,1.0000100000961964e-05,0.0,0.0,1.0000100000961964e-05,0.9985000000000002
2018-06-15,-1.0000000000065512e-05,0.0,0.0,-1.0000000000065512e-05,0.9984900150000001
2018-06-19,-1.0000100000850942e-05,0.0,0.0,-1.0000100000850942e-05,0.9984800300000003
2018-06-20,1.0000200003856818e-05,0.0,0.0,1.0000200003856818e-05,0.9984900150000001
2018-06-21,1.0000100000961964e-05,0.0,0.0,1.0000100000961964e-05,0.9985
2018-06-22,-4.999999999999449e-05,0.0,0.0,-4.999999999999449e-05,0.998450075
2018-06-25,3.0001500074927634e-05,0.0,0.0,3.0001500074927634e-05,0.99848003
2018-06-26,-1.0000200004078863e-05,0.0,0.0,-1.0000200004078863e-05,0.9984700449999999
2018-06-27,1.0000300008972118e-05,0.0,0.0,1.0000300008972118e-05,0.9984800299999999
2018-06-28,2.000040000793568e-05,0.0,0.0,2.000040000793568e-05,0.9984999999999998
2018-06-29,1.0000000000065512e-05,0.0,0.0,1.0000000000065512e-05,0.9985099849999999
2018-07-02,9.999900000945416e-06,0.0,0.0,9.999900000945416e-06,0.9985199699999998
2018-07-03,-9.999800003934745e-06,0.0,0.0,-9.999800003934745e-06,0.9985099849999999
2018-07-04,0.0,0.0,0.0,0.0,0.9985099849999999
2018-07-05,-9.999900001056439e-06,0.0,0.0,-9.999900001056439e-06,0.9984999999999998
2018-07-06,1.999999999990898e-05,0.0,0.0,1.999999999990898e-05,0.9985199699999997
2018-07-09,-5.9998800024052557e-05,0.0,0.0,-5.9998800024052557e-05,0.9984600599999996
2018-07-10,1.000040001608582e-05,0.0,0.0,1.000040001608582e-05,0.9984700449999997
2018-07-11,3.0000900026916355e-05,0.0,0.0,3.0000900026916355e-05,0.9984999999999996
2018-07-12,-1.0000000000065512e-05,0.0,0.0,-1.0000000000065512e-05,0.9984900149999996
2018-07-13,1.0000100000961964e-05,0.0,0.0,1.0000100000961964e-05,0.9984999999999995
2018-07-16,0.0,0.0,0.0,0.0,0.9984999999999995
2018-07-17,0.0,0.0,0.0,0.0,0.9984999999999995
2018-07-18,0.0,0.0,0.0,0.0,0.9984999999999995
2018-07-19,0.0,0.0,0.0,0.0,0.9984999999999995
2018-07-20,-2.999999999997449e-05,0.0,0.0,-2.999999999997449e-05,0.9984700449999995
2018-07-23,2.0000600017944237e-05,0.0,0.0,2.0000600017944237e-05,0.9984900149999995
2018-07-24,1.0000100000961964e-05,0.0,0.0,1.0000100000961964e-05,0.9984999999999994
2018-07-25,0.0,0.0,0.0,0.0,0.9984999999999994
2018-07-26,2.999999999997449e-05,0.0,0.0,2.999999999997449e-05,0.9985299549999994
2018-07-27,-3.9998800036022963e-05,0.0,0.0,-3.9998800036022963e-05,0.9984900149999993
2018-07-30,1.0000100000961964e-05,0.0,0.0,1.0000100000961964e-05,0.9984999999999993
2018-07-31,0.0,0.0,0.0,0.0,0.9984999999999993
2018-08-01,0.0,0.0,0.0,0.0,0.9984999999999993
2018-08-02,1.0000000000065512e-05,0.0,0.0,1.0000000000065512e-05,0.9985099849999993
2018-08-03,0.0,0.0,0.0,0.0,0.9985099849999993
2018-08-06,-9.999900001056439e-06,0.0,0.0,-9.999900001056439e-06,0.9984999999999993
2018-08-07,0.0,0.0,0.0,0.0,0.9984999999999993
2018-08-08,1.0000000000065512e-05,0.0,0.0,1.0000000000065512e-05,0.9985099849999993
2018-08-09,0.0,0.0,0.0,0.0,0.9985099849999993
2018-08-10,0.0,0.0,0.0,0.0,0.9985099849999993
2018-08-13,-9.999900001056439e-06,0.0,0.0,-9.999900001056439e-06,0.9984999999999993
2018-08-14,0.0,0.0,0.0,0.0,0.9984999999999993
2018-08-15,0.0,0.0,0.0,0.0,0.9984999999999993
2018-08-16,0.0,0.0,0.0,0.0,0.9984999999999993
2018-08-17,1.0000000000065512e-05,0.0,0.0,1.0000000000065512e-05,0.9985099849999993
2018-08-20,-9.999900001056439e-06,0.0,0.0,-9.999900001056439e-06,0.9984999999999993
2018-08-21,1.0000000000065512e-05,0.0,0.0,1.0000000000065512e-05,0.9985099849999993
2018-08-22,-9.999900001056439e-06,0.0,0.0,-9.999900001056439e-06,0.9984999999999993
2018-08-23,1.0000000000065512e-05,0.0,0.0,1.0000000000065512e-05,0.9985099849999993
2018-08-24,-9.999900001056439e-06,0.0,0.0,-9.999900001056439e-06,0.9984999999999993
2018-08-27,0.0,0.0,0.0,0.0,0.9984999999999993
2018-08-28,1.0000000000065512e-05,0.0,0.0,1.0000000000065512e-05,0.9985099849999993
2018-08-29,-1.9999800002112877e-05,0.0,0.0,-1.9999800002112877e-05,0.9984900149999992
2018-08-30,2.0000200002145974e-05,0.0,0.0,2.0000200002145974e-05,0.9985099849999993
2018-08-31,0.0,0.0,0.0,0.0,0.9985099849999993
2018-09-03,-9.999900001056439e-06,0.0,0.0,-9.999900001056439e-06,0.9984999999999993
2018-09-04,0.0,0.0,0.0,0.0,0.9984999999999993
2018-09-05,0.0,0.0,0.0,0.0,0.9984999999999993
2018-09-06,0.0,0.0,0.0,0.0,0.9984999999999993
2018-09-07,0.0,0.0,0.0,0.0,0.9984999999999993
2018-09-10,0.0,0.0,0.0,0.0,0.9984999999999993
2018-09-11,0.0,0.0,0.0,0.0,0.9984999999999993
2018-09-12,1.0000000000065512e-05,0.0,0.0,1.0000000000065512e-05,0.9985099849999993
2018-09-13,0.0,0.0,0.0,0.0,0.9985099849999993
2018-09-14,-9.999900001056439e-06,0.0,0.0,-9.999900001056439e-06,0.9984999999999993
2018-09-17,-1.0000000000065512e-05,0.0,0.0,-1.0000000000065512e-05,0.9984900149999992
2018-09-18,1.0000100000961964e-05,0.0,0.0,1.0000100000961964e-05,0.9984999999999992
2018-09-19,0.0,0.0,0.0,0.0,0.9984999999999992
2018-09-20,0.0,0.0,0.0,0.0,0.9984999999999992
2018-09-21,-1.0000000000065512e-05,0.0,0.0,-1.0000000000065512e-05,0.9984900149999991
2018-09-25,1.0000100000961964e-05,0.0,0.0,1.0000100000961964e-05,0.998499999999999
2018-09-26,-1.0000000000065512e-05,0.0,0.0,-1.0000000000065512e-05,0.998490014999999
2018-09-27,1.0000100000961964e-05,0.0,0.0,1.0000100000961964e-05,0.9984999999999989
2018-09-28,1.0000000000065512e-05,0.0,0.0,1.0000000000065512e-05,0.998509984999999
2018-10-08,-9.999900001056439e-06,0.0,0.0,-9.999900001056439e-06,0.9984999999999989
2018-10-09,0.0,0.0,0.0,0.0,0.9984999999999989
2018-10-10,0.0,0.0,0.0,0.0,0.9984999999999989
2018-10-11,0.0,0.0,0.0,0.0,0.9984999999999989
2018-10-12,0.0,0.0,0.0,0.0,0.9984999999999989
2018-10-15,1.0000000000065512e-05,0.0,0.0,1.0000000000065512e-05,0.998509984999999
2018-10-16,-1.9999800002112877e-05,0.0,0.0,-1.9999800002112877e-05,0.9984900149999989
2018-10-17,1.0000100000961964e-05,0.0,0.0,1.0000100000961964e-05,0.9984999999999988
2018-10-18,0.0,0.0,0.0,0.0,0.9984999999999988
2018-10-19,0.0,0.0,0.0,0.0,0.9984999999999988
2018-10-22,-1.0000000000065512e-05,0.0,0.0,-1.0000000000065512e-05,0.9984900149999988
2018-10-23,1.0000100000961964e-05,0.0,0.0,1.0000100000961964e-05,0.9984999999999987
2018-10-24,0.0,0.0,0.0,0.0,0.9984999999999987
2018-10-25,0.0,0.0,0.0,0.0,0.9984999999999987
2018-10-26,0.0,0.0,0.0,0.0,0.9984999999999987
2018-10-29,1.0000000000065512e-05,0.0,0.0,1.0000000000065512e-05,0.9985099849999988
2018-10-30,-9.999900001056439e-06,0.0,0.0,-9.999900001056439e-06,0.9984999999999987
2018-10-31,0.0,0.0,0.0,0.0,0.9984999999999987
2018-11-01,0.0,0.0,0.0,0.0,0.9984999999999987
2018-11-02,0.0,0.0,0.0,0.0,0.9984999999999987
2018-11-05,0.0,0.0,0.0,0.0,0.9984999999999987
2018-11-06,0.0,0.0,0.0,0.0,0.9984999999999987
2018-11-07,0.0,0.0,0.0,0.0,0.9984999999999987
2018-11-08,0.0,0.0,0.0,0.0,0.9984999999999987
2018-11-09,0.0,0.0,0.0,0.0,0.9984999999999987
2018-11-12,0.0,0.0,0.0,0.0,0.9984999999999987
2018-11-13,0.0,0.0,0.0,0.0,0.9984999999999987
2018-11-14,0.0,0.0,0.0,0.0,0.9984999999999987
2018-11-15,2.999999999997449e-05,0.0,0.0,2.999999999997449e-05,0.9985299549999987
2018-11-16,-3.9998800036022963e-05,0.0,0.0,-3.9998800036022963e-05,0.9984900149999987
2018-11-19,1.0000100000961964e-05,0.0,0.0,1.0000100000961964e-05,0.9984999999999986
2018-11-20,0.0,0.0,0.0,0.0,0.9984999999999986
2018-11-21,1.0000000000065512e-05,0.0,0.0,1.0000000000065512e-05,0.9985099849999987
2018-11-22,-9.999900001056439e-06,0.0,0.0,-9.999900001056439e-06,0.9984999999999986
2018-11-23,1.0000000000065512e-05,0.0,0.0,1.0000000000065512e-05,0.9985099849999987
2018-11-26,-9.999900001056439e-06,0.0,0.0,-9.999900001056439e-06,0.9984999999999986
2018-11-27,0.0,0.0,0.0,0.0,0.9984999999999986
2018-11-28,0.0,0.0,0.0,0.0,0.9984999999999986
2018-11-29,0.0,0.0,0.0,0.0,0.9984999999999986
2018-11-30,0.0,0.0,0.0,0.0,0.9984999999999986
2018-12-03,1.0000000000065512e-05,0.0,0.0,1.0000000000065512e-05,0.9985099849999987
2018-12-04,-9.999900001056439e-06,0.0,0.0,-9.999900001056439e-06,0.9984999999999986
2018-12-05,0.0,0.0,0.0,0.0,0.9984999999999986
2018-12-06,1.0000000000065512e-05,0.0,0.0,1.0000000000065512e-05,0.9985099849999987
2018-12-07,-9.999900001056439e-06,0.0,0.0,-9.999900001056439e-06,0.9984999999999986
2018-12-10,1.0000000000065512e-05,0.0,0.0,1.0000000000065512e-05,0.9985099849999987
2018-12-11,-9.999900001056439e-06,0.0,0.0,-9.999900001056439e-06,0.9984999999999986
2018-12-12,0.0,0.0,0.0,0.0,0.9984999999999986
2018-12-13,0.0,0.0,0.0,0.0,0.9984999999999986
2018-12-14,1.0000000000065512e-05,0.0,0.0,1.0000000000065512e-05,0.9985099849999987
2018-12-17,-9.999900001056439e-06,0.0,0.0,-9.999900001056439e-06,0.9984999999999986
2018-12-18,1.0000000000065512e-05,0.0,0.0,1.0000000000065512e-05,0.9985099849999987
2018-12-19,-9.999900001056439e-06,0.0,0.0,-9.999900001056439e-06,0.9984999999999986
2018-12-20,1.0000000000065512e-05,0.0,0.0,1.0000000000065512e-05,0.9985099849999987
2018-12-21,-9.999900001000928e-05,0.0,0.0,-9.999900001000928e-05,0.9984101349999986
2018-12-24,9.000810072912202e-05,0.0,0.0,9.000810072912202e-05,0.9984999999999987
2018-12-25,0.0,0.0,0.0,0.0,0.9984999999999987
2018-12-26,-1.999999999990898e-05,0.0,0.0,-1.999999999990898e-05,0.9984800299999989
2018-12-27,-3.0000600012014544e-05,0.0,0.0,-3.0000600012014544e-05,0.9984500749999988
2018-12-28,6.000300015007731e-05,0.0,0.0,6.000300015007731e-05,0.9985099849999989
2019-01-02,-9.999900001056439e-06,0.0,0.0,-9.999900001056439e-06,0.9984999999999988
2019-01-03,1.0000000000065512e-05,0.0,0.0,1.0000000000065512e-05,0.9985099849999989
2019-01-04,9.999900000945416e-06,0.0,0.0,9.999900000945416e-06,0.9985199699999988
2019-01-07,-9.999800003934745e-06,0.0,0.0,-9.999800003934745e-06,0.9985099849999989
2019-01-08,0.0,0.0,0.0,0.0,0.9985099849999989
2019-01-09,0.0,0.0,0.0,0.0,0.9985099849999989
2019-01-10,0.0,0.0,0.0,0.0,0.9985099849999989
2019-01-11,0.0,0.0,0.0,0.0,0.9985099849999989
2019-01-14,0.0,0.0,0.0,0.0,0.9985099849999989
2019-01-15,-9.999900001056439e-06,0.0,0.0,-9.999900001056439e-06,0.9984999999999988
2019-01-16,1.0000000000065512e-05,0.0,0.0,1.0000000000065512e-05,0.9985099849999989
2019-01-17,0.0,0.0,0.0,0.0,0.9985099849999989
2019-01-18,0.0,0.0,0.0,0.0,0.9985099849999989
2019-01-21,-0.001334214592410774,2.0,0.003,-0.004334214592410774,0.994182228452344
2019-01-22,-0.0026493731126172827,0.0,0.0,-0.0026493731126172827,0.9915482687872404
2019-01-23,0.0007165835249727259,0.0,0.0,0.0007165835249727259,0.9922587959408686
2019-01-24,0.0017078652706783938,0.0,0.0,0.0017078652706783938,0.9939534402779812
2019-01-25,0.0012789042042565355,0.0,0.0,0.0012789042042565355,0.9952246115115878
2019-01-28,0.0032513835718484723,0.014193552002674664,2.1290328004011997e-05,0.00323009324384446,0.9984392798053392
2019-01-29,0.0006410661658539028,0.0,0.0,0.0006410661658539028,0.9990793454462819
2019-01-30,-0.00030465236575488545,0.0,0.0,-0.00030465236575488545,0.9987749735601149
2019-01-31,0.0027911438788831254,0.0,0.0,0.0027911438788831254,1.0015626982139487
2019-02-01,0.0054546820945534855,0.0,0.0,0.0054546820945534855,1.007025904330469
2019-02-11,0.002389425106649523,0.8742950008203396,0.0013114425012305095,0.0010779826054190136,1.0081114607385435
2019-02-12,0.0018386673895141627,0.0,0.0,0.0018386673895141627,1.0099650424063988
2019-02-13,0.004737718615189922,0.0,0.0,0.004737718615189922,1.0147499725884987
2019-02-14,-0.000938887399556758,0.0,0.0,-0.000938887399556758,1.0137972366255348
2019-02-15,-0.0024165896331447894,0.0,0.0,-0.0024165896331447894,1.0113473047333947
2019-02-18,0.010311569777440077,0.43887640643937664,0.0006583146096590649,0.009653255167781013,1.0211100983292338
2019-02-19,0.0015435857211412974,0.0,0.0,0.0015435857211412974,1.022686269296728
2019-02-20,0.0026002366381990237,0.0,0.0,0.0026002366381990237,1.0253454956035364
2019-02-21,-0.00013827042496137774,0.0,0.0,-0.00013827042496137774,1.025203720646127
2019-02-22,0.007926113501347778,0.0,0.0,0.007926113501347778,1.0333296016979723
2019-02-25,0.006218452745297212,0.11860423428617736,0.00017790635142926606,0.006040546393867946,1.039571477097186
2019-02-26,-0.003045478472982262,0.0,0.0,-0.003045478472982262,1.03640548454256
2019-02-27,-0.0012209125480618734,0.0,0.0,-0.0012209125480618734,1.0351401240816018
2019-02-28,-0.005422988345322361,0.0,0.0,-0.005422988345322361,1.0295265712529318
2019-03-01,0.0022753802338948727,0.0,0.0,0.0022753802338948727,1.0318691356634302
2019-03-04,-0.0034577383190298253,0.587224423114897,0.0008808366346723455,-0.004338574953702171,1.0273922940759426
2019-03-05,-0.0009104052312575237,0.0,0.0,-0.0009104052312575237,1.0264569507568622
2019-03-06,0.007495501304781603,0.0,0.0,0.007495501304781603,1.0341507601705622
2019-03-07,0.0010163376247682302,0.0,0.0,0.0010163376247682302,1.0352018064978061
2019-03-08,-0.009598288881238077,0.0,0.0,-0.009598288881238077,1.0252656405086606
2019-03-11,0.016039384653081412,1.4,0.0021,0.013939384653081413,1.0395572126432986
2019-03-12,0.00857900277931092,0.0,0.0,0.00857900277931092,1.0484755768598182
2019-03-13,-0.014149103245268158,0.0,0.0,-0.014149103245268158,1.0336405876726864
2019-03-14,-0.010670179814039742,0.0,0.0,-0.010670179814039742,1.0226114567391291
2019-03-15,0.0017238673073605086,0.0,0.0,0.0017238673073605086,1.024374303197534
2019-03-18,0.013599540375817338,1.4000000000000001,0.0021000000000000003,0.011499540375817338,1.036154136857104
2019-03-19,-0.0007824064478189261,0.0,0.0,-0.0007824064478189261,1.0353434431794926
2019-03-20,-0.0004271021406298508,0.0,0.0,-0.0004271021406298508,1.0349012457786235
2019-03-21,-0.0003160944628746947,0.0,0.0,-0.0003160944628746947,1.0345741192252107
2019-03-22,0.0012391854362736935,0.0,0.0,0.0012391854362736935,1.0358561484065003
2019-03-25,-0.01760576708702328,0.6134811544828953,0.0009202217317243429,-0.018525988818747622,1.0166658889832905
2019-03-26,-0.00670507382043414,0.0,0.0,-0.00670507382043414,1.0098490691469402
2019-03-27,0.006183155383986701,0.0,0.0,0.006183155383986701,1.0160931228558499
2019-03-28,-0.006568331588321853,0.0,0.0,-0.006568331588321853,1.0094190863003192
2019-03-29,0.02223103765306754,0.0,0.0,0.02223103765306754,1.0318595200155865
2019-04-01,0.01389074452448276,0.9505451214724672,0.0014258176822087008,0.012464926842274059,1.0447215734440847
2019-04-02,-0.0004859687903121914,0.01757060257427928,2.6355903861418922e-05,-0.0005123246941736103,1.0441863367834734
2019-04-03,0.00912769793761344,0.00026885938631014683,4.0328907946522025e-07,0.009127294648533976,1.0537169331472693
2019-04-04,0.0034211427045658083,0.013238608656590004,1.9857912984885006e-05,0.0034012847915809233,1.0573009245266145
2019-04-08,-0.004967655264213895,0.7273983001469503,0.0010910974502204255,-0.0060587527144343204,1.0508949996801649
2019-04-09,0.00652720529454408,0.007302336852905059,1.0953505279357588e-05,0.006516251789264723,1.0577428961021602
2019-04-10,0.001201518581008854,0.005700552941893963,8.550829412840945e-06,0.0011929677515960131,1.0590047492666899
2019-04-11,-0.014729753118832581,0.0002802102305865112,4.2031534587976674e-07,-0.014730173434178461,1.0434054256423728
2019-04-12,-0.001936190537752984,0.046936589302002715,7.040488395300407e-05,-0.002006595421705988,1.0413117330922956
2019-04-15,-0.006177057173375051,0.7421126241600364,0.0011131689362400548,-0.0072902261096151055,1.0337203351074578
2019-04-16,0.01397416737861994,0.009178692675920017,1.3768039013880023e-05,0.01396039933960606,1.0481514837910293
2019-04-17,0.001565074733572344,0.031121303806080552,4.6681955709120826e-05,0.0015183927778632232,1.0497429894341241
2019-04-18,-0.0027871439641403827,0.00010530704573433192,1.5796056860149788e-07,-0.002787301924708984,1.0468170387792246
2019-04-19,0.00750042747057234,0.0024101805085943173,3.615270762891476e-06,0.007496812199809449,1.054664829526513
2019-04-22,-0.008272652286733417,0.7479078392517344,0.0011218617588776016,-0.009394514045611018,1.0447567659721144
2019-04-23,-0.0014551828803861721,0.015054013841012431,2.2581020761518646e-05,-0.0014777639011476907,1.043212862137881
2019-04-24,0.002037648711503654,0.00025910614987637026,3.886592248145554e-07,0.0020372600522788396,1.045338158027938
2019-04-25,-0.011777620319077142,0.001554868410034202,2.332302615051303e-06,-0.011779952621692194,1.0330241240527218
2019-04-26,-0.005175911010207386,0.027309590405810366,4.096438560871555e-05,-0.005216875395816101,1.0276349659166668
2019-04-29,0.003193253299562776,0.7178640489169734,0.00107679607337546,0.002116457226187316,1.0298099113661638
2019-04-30,0.0005904376036471018,0.0011089104464027943,1.6633656696041915e-06,0.0005887742379774975,1.0304162369119902
2019-05-06,-0.018665234145147473,0.29603891849157815,0.0004440583777373672,-0.01910929252288484,1.0107257116205088
2019-05-07,0.004160061616950005,0.05662511236650701,8.493766854976052e-05,0.004075123948400244,1.0148445441731975
2019-05-08,-0.00860706736215436,0.002331588744989274,3.4973831174839114e-06,-0.008610564745271844,1.0061061595192082
2019-05-09,-0.003528295955134594,0.011756098983344399,1.7634148475016598e-05,-0.0035459301036096106,1.002538577400742
2019-05-10,0.00830868609358517,0.0003663312139918773,5.49496820987816e-07,0.008308136596764182,1.010867804845313
2019-05-13,-0.003402331211629534,0.05897513689570685,8.846270534356027e-05,-0.003490793916973094,1.007339073661295
2019-05-14,-0.005460742049689523,0.001668079650455595,2.5021194756833927e-06,-0.005463244169165206,1.0018357343407427
2019-05-15,0.00734706810694289,0.002739254069060601,4.1088811035909015e-06,0.007342959225839299,1.0091921732889957
2019-05-16,0.0010989583614129804,0.008189682542444898,1.2284523813667347e-05,0.001086673837599313,1.0102888360208189
2019-05-17,0.00017752655681885113,0.0003361741299936494,5.042611949904741e-07,0.00017702229562386066,1.0104676796698144
2019-05-20,-0.0029458269166809823,0.013323101642024479,1.9984652463036717e-05,-0.002965811569144019,1.0074708229352036
2019-05-21,0.00013664459673932343,0.0010727310311055976,1.6090965466583965e-06,0.00013503550019266502,1.007606867261708
2019-05-22,-0.001244767346396252,0.000604927700963348,9.07391551445022e-07,-0.001245674737947697,1.0063517168413776
2019-05-23,-0.004744703500597292,0.0001914560317881897,2.8718404768228453e-07,-0.0047449906846449745,1.0015765873194888
2019-05-24,-0.0007313398662965073,0.0023784051751910285,3.567607762786543e-06,-0.0007349074740592938,1.000840521199625
2019-05-27,-0.0002278759139864212,0.5867143866154858,0.0008800715799232288,-0.00110794749390965,0.9997316424523587
2019-05-28,0.00028754145928598304,0.0005222295814036881,7.833443721055322e-07,0.00028675811491387753,1.0000183236135682
2019-05-29,-0.0022994030953558966,2.2663179263041067e-05,3.39947688945616e-08,-0.002299437090124791,0.9977188443894468
2019-05-30,-0.001703125779947245,0.0014581314809029161,2.187197221354374e-06,-0.0017053129771685994,0.9960174214965438
2019-05-31,0.0015004777973612008,0.0003562262285950052,5.343393428925078e-07,0.0014999434580183083,0.9975113913119898
2019-06-03,0.00142973598112334,0.25758978332556126,0.0003863846749883419,0.001043351306134998,0.9985521461249998
2019-06-04,0.0004910188885518258,0.000446301172715588,6.69451759073382e-07,0.0004903494367927524,0.9990417856074603
2019-06-05,0.006420395353274802,0.00524781821230709,7.871727318460634e-06,0.006412523625956342,1.0054481646609856
2019-06-06,-0.00024593392330781106,0.006884164243003962,1.0326246364505943e-05,-0.000256260169672317,1.005190508343713
2019-06-10,0.005161362024473773,0.24248541836312337,0.00036372812754468506,0.004797633896929088,1.0100130443994142
2019-06-11,-0.0004788158914308074,0.019107499555367183,2.8661249333050776e-05,-0.0005074771407638581,1.0095004858675083
2019-06-12,0.0020257855110684133,0.007674190070375161,1.1511285105562741e-05,0.0020142742259628504,1.0115338966772882
2019-06-13,0.00027072835965110987,0.017888616570375576,2.6832924855563366e-05,0.0002438954347955465,1.0117806051768288
2019-06-14,0.005870815082814352,0.011591699627030425,1.7387549440545634e-05,0.0058534275333738065,1.0177029896289043
2019-06-17,-0.002943428329726143,0.586968478783655,0.0008804527181754825,-0.0038238810479016257,1.0138114144544694
2019-06-18,0.0024104125270378697,0.01902168157795693,2.8532522366935396e-05,0.0023818800046709345,1.0162261915910655
2019-06-19,7.038231767311082e-07,0.001117759732653309,1.6766395989799634e-06,-9.728164222488552e-07,1.0162252029895378
2019-06-20,0.010124164453456486,2.790983618911058e-06,4.186475428366587e-09,0.010124160266981057,1.0265136298119493
2019-06-21,0.002024618866130486,0.017300267919511017,2.5950401879266526e-05,0.0019986684642512194,1.0285652902319784
2019-06-24,0.0020482737939721686,0.2602250983188451,0.00039033764747826766,0.0016579361464939008,1.030270585805683
2019-06-25,0.002818238972904727,0.03501895954696735,5.2528439320451026e-05,0.002765710533584276,1.033120016017288
2019-06-26,-0.0060607310080018125,0.00518751397150212,7.78127095725318e-06,-0.006068512278959066,1.0268505145144486
2019-06-27,0.0018253836511172546,0.003302112511006594,4.953168766509891e-06,0.0018204304823507447,1.0287198244918883
2019-06-28,0.0004085183885862748,0.005533621779698544,8.300432669547817e-06,0.000400217955916727,1.0291315366372575
2019-07-01,7.573969112611382e-05,0.6186457085998988,0.0009279685628998481,-0.0008522288717737343,1.0282544810288825
2019-07-02,0.0022694066274782554,0.03141343215030734,4.712014822546101e-05,0.0022222864792527945,1.0305395570593041
2019-07-03,0.00794077750435618,0.0010646055329974202,1.5969082994961303e-06,0.007939180596056684,1.0387211967141783
2019-07-04,-0.0020924099874129855,0.0022893727793932284,3.4340591690898425e-06,-0.0020958440465820754,1.0365441990779862
2019-07-05,0.0007186541012002908,0.0015225260512884697,2.2837890769327046e-06,0.0007163703121233581,1.0372867485694093
2019-07-08,-0.004089072605644832,0.38181037988597966,0.0005727155698289695,-0.004661788175473801,1.0324511374703527
2019-07-09,-0.0047173604921823525,0.005444203012382354,8.16630451857353e-06,-0.004725526796700926,1.0275722619539522
2019-07-10,0.002289094052456989,0.0034830179942152706,5.224526991322906e-06,0.002283869525465666,1.0299191029282426
2019-07-11,0.009210657366943552,0.04227788704496119,6.341683056744179e-05,0.009147240536376111,1.039340020695736
2019-07-12,-0.0014256615325809983,0.016291387549817737,2.4437081324726606e-05,-0.001450098613905725,1.0378328751723482
2019-07-15,0.003614382609524406,0.008945412015513882,1.3418118023270823e-05,0.0036009644915011353,1.0415700745039564
2019-07-16,-0.00020160844647263974,0.026478619546799864,3.971792932019979e-05,-0.00024132637579283954,1.0413187161727422
2019-07-17,-0.00391928296123065,0.0,0.0,-0.00391928296123065,1.0372374934712358
2019-07-18,-0.001135699280115529,0.0,0.0,-0.001135699280115529,1.0360595035965918
2019-07-19,0.008667000770173265,0.0,0.0,0.008667000770173265,1.0450390321122087
2019-07-22,-0.005631283548088158,0.3081030096091244,0.0004621545144136866,-0.0060934380625018445,1.038671151497136
2019-07-23,0.0010717743677656605,0.0,0.0,0.0010717743677656605,1.0397843726138485
2019-07-24,0.0028566255980890768,0.0,0.0,0.0028566255980890768,1.0427546472691502
2019-07-25,0.0030005157166450975,0.0,0.0,0.0030005157166450975,1.045883448976886
2019-07-26,-0.0028929882374872894,0.0,0.0,-0.0028929882374872894,1.0428577204612133
2019-07-29,0.0013564468520183702,0.6939183606062742,0.0010408775409094114,0.0003155693111089588,1.043186814353644
2019-07-30,0.001825501704981709,0.0,0.0,0.001825501704981709,1.045091153661861
2019-07-31,-0.0008266921240014809,0.0,0.0,-0.0008266921240014809,1.0442271850362652
2019-08-01,-0.008413477405718213,0.0,0.0,-0.008413477405718213,1.0354416032085259
2019-08-02,0.003350207728271814,0.0,0.0,0.003350207728271814,1.0389105476697693
2019-08-05,0.0069530186979424235,0.4109958171579441,0.0006164937257369162,0.006336524972205508,1.0454936302989666
2019-08-06,-0.004748131313895343,0.0,0.0,-0.004748131313895343,1.040529489254466
2019-08-07,0.0066735132762974995,0.0,0.0,0.0066735132762974995,1.0474734766153848
2019-08-08,0.006245234607336008,0.0,0.0,0.006245234607336008,1.05401519422181
2019-08-09,0.0016728058720549667,0.0,0.0,0.0016728058720549667,1.0557783570279393
2019-08-12,-0.0011566590320753213,0.36843128188573376,0.0005526469228286007,-0.001709305954903922,1.0539737087952128
2019-08-13,0.0009590287371265072,0.0,0.0,0.0009590287371265072,1.0549844998701232
2019-08-14,-0.0028440141382329023,0.0,0.0,-0.0028440141382329023,1.051984109036876
2019-08-15,-0.0049360852229676545,0.0,0.0,-0.0049360852229676545,1.0467914258214623
2019-08-16,0.0009526285149902586,0.0,0.0,0.0009526285149902586,1.0477886291829472
2019-08-19,0.0069296442039741436,0.8547792623927197,0.0012821688935890797,0.005647475310385064,1.05370598959676
2019-08-20,-0.0016070959666335373,0.0,0.0,-0.0016070959666335373,1.0520125829508613
2019-08-21,-2.8530777453114134e-05,0.0,0.0,-2.8530777453114134e-05,1.0519825682139792
2019-08-22,0.002319205262054159,0.0,0.0,0.002319205262054159,1.0544223317217702
2019-08-23,0.0031288207266900042,0.0,0.0,0.0031288207266900042,1.057721430167946
2019-08-26,0.008444469610206244,0.45915639473067693,0.0006887345920960154,0.007755735018110229,1.0659248373033055
2019-08-27,0.005272704814008855,0.0,0.0,0.005272704814008855,1.0715451443243262
2019-08-28,-5.74804353225663e-06,0.0,0.0,-5.74804353225663e-06,1.0715389850361898
2019-08-29,0.0030728526006797248,0.0,0.0,0.0030728526006797248,1.0748316663930881
2019-08-30,-0.002680729253534668,0.0,0.0,-0.002680729253534668,1.0719503337023628
2019-09-02,0.0031125087112977823,0.350977809414339,0.0005264667141215085,0.0025860419971762737,1.0747224422842043
2019-09-03,0.0008538073484057279,0.0,0.0,0.0008538073484057279,1.0756400482029231
2019-09-04,0.0022539504259499153,0.0,0.0,0.0022539504259499153,1.078064487547739
2019-09-05,0.002172178344991139,0.0,0.0,0.002172178344991139,1.080406235882094
2019-09-06,-0.008144893745453938,0.0,0.0,-0.008144893745453938,1.0716064418889086
2019-09-09,0.003111393461581207,0.7747923804076815,0.0011621885706115222,0.0019492048909696847,1.0736952224066332
2019-09-10,5.1036607890041e-05,0.0,0.0,5.1036607890041e-05,1.0737500201686927
2019-09-11,-0.008755644840395269,0.0,0.0,-0.008755644840395269,1.0643486463447285
2019-09-12,0.005728192242227312,0.0,0.0,0.005728192242227312,1.0704454400037453
2019-09-16,-0.0010721102228691724,1.0069196447598405,0.0015103794671397607,-0.002582489690008933,1.0676810256912186
2019-09-17,-0.007689378558854566,0.0,0.0,-0.007689378558854566,1.0594712221045728
2019-09-18,0.001718216953788996,0.0,0.0,0.001718216953788996,1.0612916235204444
2019-09-19,0.0029853652349495618,0.0,0.0,0.0029853652349495618,1.0644599666374455
2019-09-20,0.0005623024516871091,0.0,0.0,0.0005623024516871091,1.0650585150864085
2019-09-23,0.0007490087015590291,0.49761684398005834,0.0007464252659700875,2.5834355889415564e-06,1.0650612665964807
2019-09-24,0.001810770980377181,0.0,0.0,0.001810770980377181,1.0669898486303573
2019-09-25,-0.001967358763699859,0.0,0.0,-0.001967358763699859,1.0648906968008756
2019-09-26,-0.005452498243668263,0.0,0.0,-0.005452498243668263,1.05908438214687
2019-09-27,-0.0010247272737107858,0.0,0.0,-0.0010247272737107858,1.057999109495323
2019-09-30,-0.001421797038933095,0.6256310925370856,0.0009384466388056284,-0.0023602436777387234,1.0555019737860833
2019-10-08,-0.0033399767102668533,0.0015265712738131432,2.2898569107197146e-06,-0.003342266567177573,1.051974204827508
2019-10-09,-0.00038783609931413755,0.0,0.0,-0.00038783609931413755,1.0515662112553286
2019-10-10,0.0023376347326791395,0.0,0.0,0.0023376347326791395,1.0540243889544707
2019-10-11,0.0020226717787696206,0.0,0.0,0.0020226717787696206,1.0561563343401439
2019-10-14,-0.002185171853928439,0.8817162254756503,0.0013225743382134756,-0.0035077461921419143,1.0524516059800557
2019-10-15,0.0008564052201723587,0.0,0.0,0.0008564052201723587,1.0533529310293956
2019-10-16,-0.002008597813055889,0.0,0.0,-0.002008597813055889,1.051237168635754
2019-10-17,0.0015854207972406387,0.0,0.0,0.0015854207972406387,1.0529038219057414
2019-10-18,-0.002874595849600671,0.0,0.0,-0.002874595849600671,1.0498771489492624
2019-10-21,-0.001502779792184999,0.8372445646343333,0.0012558668469514998,-0.002758646639136499,1.0469809088808073
2019-10-22,0.0015447602082621576,0.0,0.0,0.0015447602082621576,1.0485982433276564
2019-10-23,-0.0011936234470540108,0.0,0.0,-0.0011936234470540108,1.047346611877881
2019-10-24,-0.00043282985454507785,0.0,0.0,-0.00043282985454507785,1.0468932889962035
2019-10-25,0.006313998564758608,0.0,0.0,0.006313998564758608,1.053503371720381
2019-10-28,0.0018299707065550736,0.46950364059743355,0.0007042554608961503,0.0011257152456589231,1.0546893165272797
2019-10-29,-0.0015394575441237605,0.0,0.0,-0.0015394575441237605,1.0530656671022451
2019-10-30,-0.0020656380578492166,0.0,0.0,-0.0020656380578492166,1.0508904145828644
2019-10-31,0.002151168802828975,0.0,0.0,0.002151168802828975,1.053151057257907
2019-11-01,0.010193340369422915,0.0,0.0,0.010193340369422915,1.0638861844449545
2019-11-04,0.0005415198654995926,0.4702709541102644,0.0007054064311653966,-0.00016388656566580393,1.0637118277919266
2019-11-05,-0.0013840924935928055,0.0,0.0,-0.0013840924935928055,1.062239552235734
2019-11-06,-0.007208433249529231,0.0,0.0,-0.007208433249529231,1.054582469328433
2019-11-07,0.0027611062851892344,0.0,0.0,0.0027611062851892344,1.057494283612746
2019-11-08,-0.007082732329859067,0.0,0.0,-0.007082732329859067,1.0500043346615608
2019-11-11,-0.007035974835392804,1.133301281377678,0.001699951922066517,-0.00873592675745932,1.0408315736989426
2019-11-12,0.0010842858823364426,0.0,0.0,0.0010842858823364426,1.0419601326801944
2019-11-13,0.002786944869582245,0.0,0.0,0.002786944869582245,1.0448640181262767
2019-11-14,0.004090296583019452,0.0,0.0,0.004090296583019452,1.0491378218493386
2019-11-15,-0.002454783597726894,0.0,0.0,-0.002454783597726894,1.046562415532508
2019-11-18,0.005863793685177593,0.35759965414279066,0.0005363994812141859,0.005327394203963407,1.0521378660791016
2019-11-19,0.0081532257341636,0.0,0.0,0.0081532257341636,1.0607161836047059
2019-11-20,-0.006173967677964725,0.0,0.0,-0.006173967677964725,1.0541673561716363
2019-11-21,-0.005465466127648592,0.0,0.0,-0.005465466127648592,1.0484058401936072
2019-11-22,-0.0052357105673433045,0.0,0.0,-0.0052357105673433045,1.0429166906572411
2019-11-25,0.001218694578726604,0.4164304879871398,0.0006246457319807097,0.0005940488467458942,1.0435362341145782
2019-11-26,0.005951643032592198,0.0,0.0,0.005951643032592198,1.0497469892716036
2019-11-27,9.417725609423271e-05,0.0,0.0,9.417725609423271e-05,1.0498458515626465
2019-11-28,0.002335160063228941,0.0,0.0,0.002335160063228941,1.0522974096677622
2019-11-29,-0.004189903946439644,0.0,0.0,-0.004189903946439644,1.047888384598167
2019-12-02,0.00464508060756387,0.49624843603675567,0.0007443726540551335,0.0039007079535087366,1.0519758911543584
2019-12-03,-0.005221381966378957,0.0,0.0,-0.005221381966378957,1.0464831232072196
2019-12-04,-0.0045519022787273815,0.0,0.0,-0.0045519022787273815,1.041719634294043
2019-12-05,0.00303284398680922,0.0,0.0,0.00303284398680922,1.0448790074228527
2019-12-06,0.002896473321044779,0.0,0.0,0.002896473321044779,1.0479054715915728
2019-12-09,0.002806481221679891,0.29369649117583835,0.0004405447367637575,0.0023659364849161336,1.0503847493795546
2019-12-10,-0.0003669750777239388,0.0,0.0,-0.0003669750777239388,1.049999284354511
2019-12-11,-0.0012989585556044878,0.0,0.0,-0.0012989585556044878,1.04863537880072
2019-12-12,0.004436803820848547,0.0,0.0,0.004436803820848547,1.0532879682560603
2019-12-13,0.006981038613531245,0.0,0.0,0.006981038613531245,1.0606410122336236
2019-12-16,0.003375750825281107,0.010632721374677995,1.594908206201699e-05,0.0033598017432190904,1.0642045557554558
2019-12-17,0.005858028740652173,0.0,0.0,0.005858028740652173,1.0704386966290043
2019-12-18,-0.003343587582428384,0.0,0.0,-0.003343587582428384,1.0668595910952048
2019-12-19,-0.0009535161655097636,0.0,0.0,-0.0009535161655097636,1.0658423232287664
2019-12-20,0.0028356326401588767,0.0,0.0,0.0028356326401588767,1.0688646605097767
2019-12-23,-0.003905732109672103,0.7547682693366217,0.0011321524040049326,-0.005037884513677035,1.0634798437893778
2019-12-24,0.004988251523068448,0.0,0.0,0.004988251523068448,1.0687847487399127
2019-12-25,-0.001838014112974292,0.0,0.0,-0.001838014112974292,1.0668203072879971
2019-12-26,0.005632275870467747,0.0,0.0,0.005632275870467747,1.0728289335628602
2019-12-27,0.0024230403492881024,0.0,0.0,0.0024230403492881024,1.075428441356767
2019-12-30,6.840356473515705e-05,0.38964008092807234,0.0005844601213921086,-0.0005160565566569515,1.0748734594583893
2019-12-31,-0.002843167836334922,0.0,0.0,-0.002843167836334922,1.0718174138103271
2020-01-02,0.010923726167927493,0.0,0.0,0.010923726167927493,1.0835256537408076
2020-01-03,0.002983304821142299,0.0,0.0,0.002983304821142299,1.0867581410474438
2020-01-06,-0.00891164371180415,0.370088829273036,0.000555133243909554,-0.009466776955713704,1.0764700441213415
2020-01-07,0.006682372348743802,0.0,0.0,0.006682372348743802,1.0836634177784288
2020-01-08,-0.007628208810140386,0.0,0.0,-0.007628208810140386,1.0753970069477046
2020-01-09,0.012354445824663591,0.0,0.0,0.012354445824663591,1.0886829410100454
2020-01-10,0.008857416537225214,0.0,0.0,0.008857416537225214,1.0983258592955427
2020-01-13,0.005977538988107632,0.49420610460725123,0.0007413091569108769,0.005236229831196756,1.104076945924361
2020-01-14,-0.0012960356130676952,0.0,0.0,-0.0012960356130676952,1.1026460228828758
2020-01-15,6.135413130915475e-05,0.0,0.0,6.135413130915475e-05,1.1027136747717514
2020-01-16,0.0010399489942472403,0.0,0.0,0.0010399489942472403,1.1038604407487729
2020-01-17,0.002588544218465408,0.0,0.0,0.002588544218465408,1.106717832310666
2020-01-20,0.004317954829962587,0.0172015617854486,2.5802342678172898e-05,0.004292152487284414,1.11146803400734
2020-01-21,-0.009366484703835276,0.0,0.0,-0.009366484703835276,1.1010574856680084
2020-01-22,0.009238754649351373,0.0,0.0,0.009238754649351373,1.1112298856329268
2020-01-23,-0.012705772788214482,0.0,0.0,-0.012705772788214482,1.0971108511906011
2020-02-03,-0.03599425406781396,0.7671591162138143,0.0011507386743207213,-0.03714499274213468,1.056358676585809
2020-02-04,0.02474861040955147,0.13178813752087332,0.00019768220628130998,0.02455092820327016,1.0822932626115687
2020-02-05,0.014063942858255034,0.08335198749225299,0.00012502798123837947,0.013938914877016654,1.0973792562710798
2020-02-06,0.01441715023950281,0.02900262510968031,4.3503937664520464e-05,0.014373646301838289,1.1131525975596945
2020-02-07,0.0017364195590503625,0.027994881885959347,4.1992322828939024e-05,0.0016944272362214236,1.1150387536390702
2020-02-10,0.0019387980280043148,0.345638703687976,0.000518458055531964,0.001420339972472351,1.1166224877517197
2020-02-11,0.00524921032536312,2.7621059259366754e-05,4.1431588889050133e-08,0.005249168893774231,1.1224838277805147
2020-02-12,0.00918127915252037,0.003395185825423988,5.092778738135982e-06,0.009176186373782234,1.1327839485857851
2020-02-13,0.013191564515108861,0.0032766758911352695,4.9150138367029045e-06,0.01318664950127216,1.147721573476453
2020-02-14,-0.012799042848593485,0.020509861193580517,3.0764791790370776e-05,-0.012829807640383856,1.1329965264640314
2020-02-17,0.008944122965970431,0.3638953624767698,0.0005458430437151547,0.008398279922255275,1.1425117484442193
2020-02-18,-0.0030217758730851883,0.008074097776599398,1.2111146664899097e-05,-0.0030338870197500873,1.1390454968807024
2020-02-19,-0.006079461194613285,0.0014353817995510498,2.1530726993265748e-06,-0.006081614267312612,1.1321182615357546
2020-02-20,0.00698356944542,0.00651110551280365,9.766658269205474e-06,0.0069738027871507945,1.140013431023437
2020-02-21,0.00043558644641139826,0.0022117449084763513,3.317617362714527e-06,0.00043226882904868374,1.1405062232943655
2020-02-24,0.009208235959815634,0.5544391506842281,0.0008316587260263421,0.008376577233789291,1.1500597617594082
2020-02-25,-0.0038807490359490633,0.005217560948652347,7.82634142297852e-06,-0.003888575377372042,1.1455876676873242
2020-02-26,-0.006712221560523435,0.000579131404081723,8.686971061225845e-07,-0.006713090257629557,1.1378972342761118
2020-02-27,0.0007904768530525571,0.009025986330249619,1.3538979495374429e-05,0.0007769378735571827,1.1387813097336368
2020-02-28,-0.0138657017648,0.0009478081750234624,1.4217122625351936e-06,-0.013867123477062536,1.1229896886981894
2020-03-02,-0.0004422722234876321,0.28682593845966453,0.00043023890768949686,-0.0008725111311771289,1.122009867694603
2020-03-03,0.003444168791716125,0.00022002661471688667,3.3003992207533e-07,0.0034438387517940496,1.1258738887568651
2020-03-04,0.005040226950652857,0.0009245428680077217,1.3868143020115825e-06,0.005038840136350846,1.1315469872960027
2020-03-05,0.002501793240703794,0.0016632222005228958,2.4948333007843435e-06,0.00249929840740301,1.1343750608792533
2020-03-06,0.004373510258563895,0.002316696506759419,3.475044760139129e-06,0.0043700352138037555,1.1393323198409566
2020-03-09,-0.010958033432581369,0.3143816370946763,0.0004715724556420144,-0.011429605888223383,1.1263102004494592
2020-03-10,0.004210460120689965,0.01883767994742301,2.8256519921134515e-05,0.00418220360076883,1.1310206590253615
2020-03-11,-0.0028924195505199536,0.0012262091193334657,1.8393136790001985e-06,-0.002894258864198954,1.1277471924573852
2020-03-12,-0.006996504069404004,0.00194168076191778,2.91252114287667e-06,-0.006999416590546881,1.1198536200485563
2020-03-13,-0.005457200057266189,0.0078391806038213,1.1758770905731949e-05,-0.005468958828171921,1.1137291867069314
2020-03-16,-0.017236392178244696,0.30364376620927935,0.00045546564931391904,-0.017691857827558617,1.0940252482773098
2020-03-17,-0.009439829956712453,0.036365345942689364,5.454801891403405e-05,-0.009494377975626486,1.0836381590552864
2020-03-18,0.00207475444536061,0.009572729677207459,1.4359094515811189e-05,0.002060395350844799,1.085870882080202
2020-03-19,-0.00012643351270648454,9.151012251971957e-05,1.3726518377957935e-07,-0.00012657077789026411,1.0857334425579688
2020-03-20,0.004374277076652718,0.0010724913919766405,1.6087370879649606e-06,0.004372668339564754,1.0904809948074488
2020-03-23,-0.01333280777885932,0.4394595801130626,0.0006591893701695939,-0.013991997149028913,1.0752229878370327
2020-03-24,0.0058846590597919305,0.0200662063603387,3.009930954050805e-05,0.005854559750251422,1.0815179450641685
2020-03-25,0.00818652097979905,0.0035426796604486332,5.3140194906729495e-06,0.008181206960308378,1.090366067204026
2020-03-26,-0.0012595480026797814,0.006466532824437023,9.699799236655534e-06,-0.001269247801916437,1.0889821224699432
2020-03-27,-0.002704220601575654,0.0003546668377088086,5.320002565632129e-07,-0.0027047526018322172,1.0860366952408438
2020-03-30,-0.004185400227778976,0.49766849598622953,0.0007465027439793443,-0.00493190297175832,1.080680467636147
2020-03-31,0.000711462526837183,0.001190091339185656,1.7851370087784841e-06,0.0007096773898284045,1.0814474021296574
2020-04-01,-0.0040424293618704825,0.000109659766502887,1.644896497543305e-07,-0.004042593851520237,1.0770755495110655
2020-04-02,0.004096672031283515,0.0018146096042651674,2.721914406397751e-06,0.004093950116877117,1.0814850430828717
2020-04-03,0.0016949907336272327,0.0015587608479641288,2.338141271946193e-06,0.0016926525923552866,1.0833156215446393
2020-04-07,0.009376393396373863,0.1980493640643502,0.0002970740460965253,0.009079319350277337,1.0931513900297873
2020-04-08,-0.0021514621961681527,0.009049147973943385,1.3573721960915078e-05,-0.0021650359181290676,1.09078467800642
2020-04-09,0.0027414821006772204,0.0018081613639174612,2.712242045876192e-06,0.0027387698586313442,1.093772086204801
2020-04-10,-0.00102609805452599,0.0004164874641067254,6.247311961600881e-07,-0.0010267227857221502,1.0926490854815076
2020-04-13,-0.001593166927489668,0.19729847040409682,0.0002959477056061452,-0.001889114633095813,1.0905849461052857
2020-04-14,0.007127693740494309,0.0038519663258209658,5.777949488731449e-06,0.007121915791005577,1.0983520002543858
2020-04-15,-0.0010416286707180876,0.0032048987699036247,4.807348154855437e-06,-0.0010464360188729431,1.0972026451599184
2020-04-16,0.003479975585424596,0.0008181502349895731,1.2272253524843596e-06,0.0034787483600721117,1.1010195370624352
2020-04-17,-0.0007484041331505531,0.0011831966688612555,1.7747950032918832e-06,-0.000750178928153845,1.1001935754062453
2020-04-20,0.00031747564667564316,0.39480576163294,0.0005922086424494101,-0.0002747329957737669,1.0998913159293429
2020-04-21,0.00082103910010759,1.4318885836271666e-05,2.14783287544075e-08,0.0008210176217788356,1.1007943460817624
2020-04-22,0.0008131769320918248,0.00010546608832260468,1.58199132483907e-07,0.0008130187329593409,1.1016893125062626
2020-04-23,0.003176095233330392,0.00043180488032745074,6.477073204911761e-07,0.003175447526009901,1.1051876691080922
2020-04-24,-1.1048664025835558e-05,0.0016856836512295706,2.528525476844356e-06,-1.3577189502679915e-05,1.1051726637656727
2020-04-27,0.0003129970848513669,0.2131183934704421,0.00031967759020566313,-6.680505354296235e-06,1.1051652806537748
2020-04-28,-0.000919077064523366,0.005100639967134037,7.650959950701055e-06,-0.000926728024474067,1.1041410930165172
2020-04-29,0.00021289280221452209,0.04615557089304247,6.923335633956371e-05,0.00014365944587495838,1.1042997133141077
2020-04-30,0.0028401308017826053,0.032434211015228254,4.865131652284238e-05,0.002791479485259763,1.107382343309402
2020-05-06,0.002888228745322686,0.44071428425598475,0.0006610714263839771,0.002227157318938709,1.1098486580001672
2020-05-07,-0.0016087830750708412,0.01716413109375607,2.5746196640634105e-05,-0.0016345292717114752,1.1080345778814962
2020-05-08,0.004591932102209163,9.450048436181191e-05,1.4175072654271785e-07,0.00459179035148262,1.1131224403653217
2020-05-11,-0.003081122915499283,0.4522012263741511,0.0006783018395612267,-0.0037594247550605097,1.1089377403075988
2020-05-12,0.0011876631429334674,0.0013982298818498717,2.0973448227748077e-06,0.0011855657981106925,1.1102524589647418
2020-05-13,0.0023408617149019003,0.008413164855765529,1.2619747283648292e-05,0.002328241967618252,1.1128373953343549
2020-05-14,0.001019534380508203,0.018511052815946755,2.7766579223920128e-05,0.0009917678012842828,1.1139410716311127
2020-05-15,0.003649087829678303,0.01935878057158702,2.903817085738053e-05,0.0036200496588209225,1.1179735936274176
2020-05-18,0.006813999937418479,0.036236381234396306,5.435457185159446e-05,0.006759645365566885,1.1255306986484073
2020-05-19,-0.002236391094655614,0.005681988332352894,8.52298249852934e-06,-0.0022449140771541435,1.1230039789387423
2020-05-20,0.0009742735916137763,0.004766927539180399,7.150391308770598e-06,0.0009671232003050057,1.1240900621408088
2020-05-21,-0.0027505429702815894,0.0074917184643037565,1.1237577696455635e-05,-0.002761780547978045,1.1209855720730129
2020-05-22,-0.005177528494869952,0.0009940056117484775,1.4910084176227161e-06,-0.005179019503287575,1.1151799659323427
2020-05-25,0.0013268252890248026,0.6579959407871475,0.0009869939111807212,0.0003398313778440814,1.1155589390767096
2020-05-26,0.005279823910162441,0.0017218395057089636,2.5827592585634453e-06,0.005277241150903878,1.1214460126162638
2020-05-27,-0.004418527800857509,0.0027424047075672586,4.113607061350888e-06,-0.00442264140791886,1.1164862590441216
2020-05-28,0.0009631673002901445,0.002626644138045253,3.93996620706788e-06,0.0009592273340830766,1.1175572231819249
2020-05-29,-0.0005674228653247425,0.03539687898971626,5.309531848457439e-05,-0.0006205181838093169,1.1168637586034929
2020-06-01,0.004781262474029711,0.45869786322184847,0.0006880467948327727,0.004093215679196938,1.1214353228517353
2020-06-02,-0.0020285165620126115,0.0009796129091075995,1.4694193636613992e-06,-0.002029985981376273,1.119158824867326
2020-06-03,-0.0018217950467025422,0.004807910652513847,7.211865978770771e-06,-0.001829006912681313,1.1171118756402556
2020-06-04,-0.000343124441983653,0.0009601709604703107,1.440256440705466e-06,-0.0003445646984243585,1.1167269583237194
2020-06-05,0.0008569536614987548,0.0045288486469598765,6.793272970439815e-06,0.000850160388528315,1.1176763553484879
2020-06-08,0.0012327395739591912,0.6280785998211231,0.0009421178997316847,0.00029062167422750653,1.1180011763221238
2020-06-09,0.004314459726631521,0.004531181469850196,6.796772204775294e-06,0.004307662954426745,1.1228171485723721
2020-06-10,0.003527173501098303,0.0007039151159320411,1.0558726738980618e-06,0.0035261176284244046,1.1267763339134504
2020-06-11,-0.0022017924182899606,0.012567137753276683,1.8850706629915027e-05,-0.0022206431249198757,1.124274165794223
2020-06-12,-0.004692654820166207,0.008756049885774914,1.313407482866237e-05,-0.004705788894994869,1.118983568909899
2020-06-15,-0.009188853451951935,0.11187384479418405,0.00016781076719127606,-0.009356664219143211,1.1085136153888706
2020-06-16,0.02007817939468163,0.033963080162785486,5.094462024417823e-05,0.02002723477443745,1.130714077814924
2020-06-17,0.0014572092912302065,0.064441730804304,9.6662596206456e-05,0.0013605466950237506,1.132252467116512
2020-06-18,-0.00021267935681420548,0.0003347659892107835,5.021489838161753e-07,-0.00021318150579802166,1.1320110918306285
2020-06-19,0.007600350154152086,0.006327660481898034,9.491490722847051e-06,0.0075908586634292384,1.140604028034149
2020-06-22,0.006548550977105806,0.8541044390653001,0.0012811566585979501,0.005267394318507856,1.146612039211083
2020-06-23,0.004843040161438311,0.0004943531170745752,7.415296756118628e-07,0.0048422986317626995,1.1521642771197174
2020-06-24,0.0027903949552278867,0.0,0.0,0.0027903949552278867,1.155379270506186
2020-06-29,-0.002154066751207394,0.5538856437303867,0.00083082846559558,-0.002984895216802974,1.1519305844480587
2020-06-30,0.012343473518422304,0.0,0.0,0.012343473518422304,1.166149409112254
2020-07-01,0.005176950757327872,0.0,0.0,0.005176950757327872,1.172186507178915
2020-07-02,0.0003359593751014905,0.0,0.0,0.0003359593751014905,1.1725803142253692
2020-07-03,0.004035267705772856,0.0,0.0,0.004035267705772856,1.177311989699788
2020-07-06,0.00910585433215557,0.2338741862779367,0.00035081127941690506,0.008755043052738665,1.1876194068561148
2020-07-07,0.009535655697247559,0.0,0.0,0.009535655697247559,1.198944136619264
2020-07-08,0.01207194237633172,0.0,0.0,0.01207194237633172,1.2134177211489725
2020-07-09,0.016536582298014753,0.0,0.0,0.016536582298014753,1.233483503156622
2020-07-10,0.0017876422865747553,0.0,0.0,0.0017876422865747553,1.2356885304266572
2020-07-13,0.025014100333093855,0.5803455745733769,0.0008705183618600654,0.02414358197123379,1.2655224777519267
2020-07-14,-0.009566930112067972,0.027043587422231008,4.056538113334651e-05,-0.009607495493201319,1.25336397625038
2020-07-15,-0.004633923386149188,0.007749979036779861,1.1624968555169792e-05,-0.004645548354704358,1.2475414132926645
2020-07-16,-0.029401584420025294,0.006355626425427474,9.533439638141211e-06,-0.029411117859663435,1.2108498257515028
2020-07-17,0.00553717814694255,0.15376295836719,0.000230644437550785,0.005306533709391765,1.2172752411688643
2020-07-20,0.003187194516608156,0.7446416983122288,0.0011169625474683432,0.0020702319691398127,1.2197952832883745
2020-07-21,0.006326737561190638,0.00011068666284376472,1.6602999426564707e-07,0.006326571531196372,1.2275124054015143
2020-07-22,0.009535920674783814,0.0034720885300824067,5.20813279512361e-06,0.00953071254198869,1.2392114732791213
2020-07-23,0.004969485068935782,0.009744502144526393,1.461675321678959e-05,0.004954868315718992,1.2453516029445475
2020-07-24,-0.007144232271040638,6.675137513009743e-05,1.0012706269514616e-07,-0.007144332398103333,1.2364543971406008
2020-07-27,0.008219199673570345,0.022614107126402744,3.3921160689604116e-05,0.00818527851288074,1.2465751207496725
2020-07-28,0.0009407747479015841,0.0063369918707648215,9.505487806147233e-06,0.0009312692600954369,1.2477360178400263
2020-07-29,0.006570850965586748,0.0016200859498657488,2.4301289247986235e-06,0.00656842083666195,1.2559316730982601
2020-07-30,-0.003444742020110535,0.0029569740487911805,4.435461073186771e-06,-0.0034491774811837217,1.2515997418535043
2020-07-31,0.0062482212977938425,0.004348875678885811,6.523313518328716e-06,0.006241697984275514,1.259411849439351
2020-08-03,0.0017751225432545688,0.4626084718767831,0.0006939127078151746,0.0010812098354393942,1.2607735379178335
2020-08-04,-0.001123999256002228,0.0025187987766599335,3.7781981649899e-06,-0.0011277774541672179,1.259351665946959
2020-08-05,0.009907783271121453,0.000579913615570013,8.698704233550195e-07,0.009906913400698098,1.2718279538425206
2020-08-06,-0.0009841021547479446,0.004666208754483564,6.999313131725346e-06,-0.00099110146787967,1.270567443290577
2020-08-07,-0.0012362420701110851,0.0014727216239194818,2.209082435879223e-06,-0.0012384511525469644,1.268993907576045
2020-08-10,-0.0034151186592077084,0.31345112928163765,0.0004701766939224565,-0.003885295353130165,1.2640634914437894
2020-08-11,-0.008436000404028478,0.00455108694191976,6.82663041287964e-06,-0.008442827034441358,1.2533912220249774
2020-08-12,-0.02184022506648233,0.015595984399429899,2.339397659914485e-05,-0.021863619043081477,1.225987553834681
2020-08-13,0.0019798923097405123,0.06888070832694793,0.0001033210624904219,0.0018765712472500905,1.2282882068276937
2020-08-14,0.004519078544947075,0.0014673649192281368,2.201047378842205e-06,0.004516877497568232,1.233836234189642
2020-08-17,0.008168877328125058,0.7275930235210315,0.0010913895352815473,0.007077487792843511,1.2425686950754873
2020-08-18,-0.0001498606460187806,0.004468161426167003,6.702242139250504e-06,-0.0001565628881580311,1.2423741549318514
2020-08-19,-0.0065683429101691965,0.005531281129371637,8.296921694057456e-06,-0.006576639831863254,1.2342035075784492
2020-08-20,-0.005831581370937535,0.008915771013565443,1.3373656520348165e-05,-0.005844955027457883,1.2269896435819225
2020-08-21,0.006257505333330409,0.005020477879434826,7.530716819152239e-06,0.006249974616511257,1.2346582977090317
2020-08-24,0.006852040623180381,0.5349393927514567,0.000802409089127185,0.0060496315340531955,1.2421275254806328
2020-08-25,0.007514658182399034,0.004167229631257166,6.250844446885749e-06,0.007508407337952148,1.2514539249076237
2020-08-26,-0.005489501990790472,0.004517649025116061,6.776473537674091e-06,-0.0054962784643281465,1.2445755856510552
2020-08-27,0.00648299064229332,0.005522676796036047,8.28401519405407e-06,0.006474706627099266,1.2526338474433962
2020-08-28,0.009435448656932122,0.0021237290042960405,3.185593506444061e-06,0.009432263063425678,1.2644490194146332
2020-08-31,0.0008584338170401682,0.48158270772958495,0.0007223740615943774,0.00013605975544579078,1.2646210600389884
2020-09-01,0.0028271856176492853,0.00042733101396742745,6.409965209511412e-07,0.0028265446211283344,1.2681955678940073
2020-09-02,0.0072267416432289025,5.349916071498151e-05,8.024874107247226e-08,0.00722666139448783,1.2773603878451676
2020-09-03,0.006722698884312846,0.003945082550829801,5.917623826244702e-06,0.006716781260486602,1.285940138161134
2020-09-04,-0.016662783661896212,0.0028438092937199677,4.2657139405799514e-06,-0.016667049375836792,1.264507310384032
2020-09-07,-0.009607530261773098,0.5549370128995149,0.0008324055193492724,-0.010439935781122369,1.2513059352688631
2020-09-08,-2.5203377483562755e-05,0.013447281033844176,2.017092155076626e-05,-4.537429903432901e-05,1.251249158139173
2020-09-09,-0.01164899866290528,0.00243627428322879,3.6544114248431845e-06,-0.011652653074330123,1.2366687857898295
2020-09-10,-0.0021562892070180048,0.013862853516585102,2.0794280274877652e-05,-0.0021770834872928825,1.233976454597036
2020-09-11,0.005810869756138549,0.013281836336457173,1.9922754504685756e-05,0.0057909470016338635,1.2411223468468715
2020-09-14,0.0021206757335495686,0.46354802116522925,0.0006953220317478439,0.0014253537018017247,1.2428913851783385
2020-09-15,0.0026062937350224513,4.328301478019603e-05,6.492452217029404e-08,0.002606228810500281,1.246130644514713
2020-09-16,-0.0029686242877213056,0.0014986599905251127,2.247989985787669e-06,-0.0029708722777070933,1.2424285495285228
2020-09-17,-0.002913691148122466,0.0009906478285320944,1.4859717427981416e-06,-0.002915177119865264,1.2388066502478698
2020-09-18,0.008310658470957863,0.001334216574078069,2.0013248611171037e-06,0.008308657146096746,1.2490994699750841
2020-09-21,-0.0029125840693141813,0.3256290621766147,0.000488443593264922,-0.003401027662579103,1.244851248124386
2020-09-22,-0.00391973064286532,0.0012211423075349018,1.8317134613023526e-06,-0.003921562356326622,1.2399694863305153
2020-09-23,-2.047069738826204e-05,0.0018283853120072552,2.7425779680108826e-06,-2.3213275356272922e-05,1.2399407025773956
2020-09-24,-0.00624478315911553,0.0005294866405814933,7.942299608722399e-07,-0.006245577389076403,1.2321965569615827
2020-09-25,0.00020259253328218317,0.005608415957888642,8.412623936832964e-06,0.0001941799093453502,1.2324358247773093
2020-09-28,-0.0012261055786224125,0.5466156369698767,0.000819923455454815,-0.0020460290340772276,1.229914225297178
2020-09-29,0.00289410814397806,0.0022155023318306405,3.323253497745961e-06,0.0028907848904803145,1.2334696427562537
2020-09-30,3.662964533856085e-05,0.0022220666525146968,3.333099978772045e-06,3.32965453597888e-05,1.2335107130341636
2020-10-09,0.010436852642178956,0.2502566010475395,0.00037538490157130924,0.010061467740607646,1.2459216412810508
2020-10-12,0.011469853151604089,0.28885125109507226,0.0004332768766426084,0.01103657627496148,1.2596723505076743
2020-10-13,0.0014798636538124622,0.01428681076684555,2.1430216150268325e-05,0.001458433437662194,1.2615094987841533
2020-10-14,-0.0011726462960140183,0.02267496452724259,3.401244679086388e-05,-0.001206658742804882,1.259987287318314
2020-10-15,-0.0031389583118789236,0.0041637060804429055,6.245559120664358e-06,-0.003145203870999588,1.2560243704248302
2020-10-16,-0.0018945577831946151,0.0002885661260336528,4.328491890504792e-07,-0.0018949906323836657,1.2536442160088295
2020-10-19,0.0007265718632442506,0.5129510142360527,0.0007694265213540791,-4.285465810982851e-05,1.253590491514561
2020-10-20,0.0018508670345736985,0.0018164928972804473,2.724739345920671e-06,0.0018481422952277779,1.2559073051228244
2020-10-21,0.00018764817210368526,0.0002698675530243,4.0480132953645e-07,0.0001872433707741488,1.2561424654400155
2020-10-22,-0.0028322878753991813,0.002590514926042231,3.885772389063347e-06,-0.0028361736477882445,1.2525798272816668
2020-10-23,-0.0044165908873651395,0.005411153704441771,8.116730556662657e-06,-0.004424707617921802,1.2470375277778385
2020-10-26,-0.004075466854282653,0.2842529591953632,0.00042637943879304476,-0.004501846293075698,1.2414235565060856
2020-10-27,0.0006020066933409642,0.0023133913181624666,3.4700869772437e-06,0.0005985366063637205,1.2421665939486566
2020-10-28,0.003431783007318598,0.005905514963718675,8.858272445578012e-06,0.00342292473487302,1.2464184367079163
2020-10-29,0.005248658794897795,0.0014218784322096306,2.132817648314446e-06,0.00524652597724948,1.252957803414627
2020-10-30,-0.008633633601360784,0.00028936703819248955,4.340505572887343e-07,-0.008634067651918072,1.2421396809749463
2020-11-02,0.004195721090641737,0.06111118672300471,9.166678008450705e-05,0.0041040543105572294,1.2472374896869658
2020-11-03,0.007302253271872266,0.0012101367813286412,1.815205171992962e-06,0.007300438066700273,1.2563428697348922
2020-11-04,0.008765931807982064,0.006659926619293377,9.989889928940065e-06,0.008755941918053125,1.2673433349314511
2020-11-05,0.005536876463800506,0.00937418732074781,1.4061280981121716e-05,0.005522815182819385,1.2743426379434557
2020-11-06,-0.00383781277807521,0.0042350250030353115,6.352537504552967e-06,-0.003844165315579763,1.269443854174509
2020-11-09,0.007412212970334644,0.23474653824048958,0.0003521198073607344,0.0070600931629739095,1.2784062460501455
2020-11-10,-0.0003816862510123448,0.006407437096249156,9.611155644373734e-06,-0.00039129740665671853,1.2779060090014125
2020-11-11,-0.004087699599679754,0.0012151248882236107,1.822687332335416e-06,-0.004089522287012089,1.2726799838968945
2020-11-12,0.00290757649860652,0.004368850661661733,6.553275992492599e-06,0.0029010232226140274,1.2763720580851357
2020-11-13,-0.006239532151874283,0.05274807030732866,7.912210546099299e-05,-0.006318654257335276,1.2683071043463723
2020-11-16,0.006502122258266149,0.026781890564187588,4.0172835846281383e-05,0.006461949422419867,1.2765028407067542
2020-11-17,-0.0008933937162720665,0.002715699985669437,4.0735499785041556e-06,-0.0008974672662505707,1.275357221191944
2020-11-18,-0.0022985676115090834,0.007553126819837455,1.1329690229756183e-05,-0.0023098973017388396,1.2724112769879596
2020-11-19,0.005052665677313275,0.0011101697331498267,1.6652545997247401e-06,0.005051000422713551,1.2788382268858913
2020-11-20,0.0020958171037595043,0.004740733381427997,7.111100072141996e-06,0.002088706003687362,1.2815093439681329
2020-11-23,0.0042711130024919155,0.017853886603761,2.67808299056415e-05,0.004244332172586274,1.2869484953062067
2020-11-24,-0.002521206901236693,0.0029006564299325355,4.350984644898803e-06,-0.002525557885881592,1.2836982323851627
2020-11-25,-0.008418162025002309,0.004277865176669046,6.416797765003569e-06,-0.008424578822767313,1.2728836154417869
2020-11-26,-5.323255804149849e-05,0.0039728950166523225,5.9593425249784835e-06,-5.919190056647697e-05,1.2728082710413888
2020-11-27,0.005250994644057229,0.005782473282009329,8.673709923013994e-06,0.005242320934134214,1.2794807404858082
2020-11-30,-0.004456842688419694,0.27069660168565457,0.0004060449025284819,-0.004862887590948176,1.2732587694700426
2020-12-01,0.007915051686030437,0.010950226184661571,1.6425339276992357e-05,0.007898626346753444,1.2833157647328137
2020-12-02,0.0018329777884598512,0.00840852871875472,1.261279307813208e-05,0.0018203649953817192,1.2856518678289548
2020-12-03,-0.0004525294585900442,0.0007829248089652602,1.1743872134478903e-06,-0.0004537038458034921,1.2850685626321563
2020-12-04,0.0029921532353218458,0.008710056300165511,1.3065084450248265e-05,0.0029790881508715977,1.2888968951601514
2020-12-07,-0.0033400912852017965,0.022413785317500254,3.3620677976250377e-05,-0.003373711963178047,1.2845485282856466
2020-12-08,-5.48985362205216e-05,0.06083343470656319,9.125015205984479e-05,-0.00014614868828036637,1.2843607932032053
2020-12-09,-0.0068876955234306765,0.03034948513728379,4.552422770592568e-05,-0.006933219751136603,1.2754560375841835
2020-12-10,-0.00039823846878366854,0.00944060108182912,1.416090162274368e-05,-0.00041239937040641223,1.2749300403173027
2020-12-11,-0.004026468926453841,0.051931145838548104,7.789671875782215e-05,-0.004104365645211663,1.269697261259776
2020-12-14,0.008009784782063423,0.3514838654496748,0.0005272257981745123,0.007482558983888912,1.2791978459088347
2020-12-15,0.0008104129130598664,0.0013711379338282453,2.056706900742368e-06,0.000808356206159124,1.2802318934264805
2020-12-16,0.0031097637265118574,0.0009453713982037065,1.4180570973055599e-06,0.0031083456694145518,1.284211296688259
2020-12-17,0.006859562287420723,0.0007142325465355898,1.0713488198033847e-06,0.00685849093860092,1.2930190482298445
2020-12-18,-0.0014691383056424302,0.0013514363314721806,2.027154497208271e-06,-0.0014711654601396386,1.2911168032667861
2020-12-21,0.01165343080118857,0.6802232873871009,0.0010203349310806515,0.010633095870107918,1.3048453720154292
2020-12-22,-0.005954668844305249,0.002775845230009663,4.163767845014494e-06,-0.0059588326121502635,1.2970700168588503
2020-12-23,0.003515956439608151,0.003503956966192226,5.255935449288339e-06,0.0035107005041588625,1.3016236412209659
2020-12-24,-0.003182763429416569,0.007894300498740278,1.1841450748110417e-05,-0.0031946048801646796,1.2974654679845836
2020-12-25,0.003256142901493318,0.003163945907418503,4.745918861127754e-06,0.00325139698263219,1.3016840432922583
2020-12-28,0.009736067502020749,0.37256606645692697,0.0005588490996853904,0.009177218402335359,1.3136298820483863
2020-12-29,-0.005608118018933477,0.012318634672821058,1.8477952009231585e-05,-0.005626595970942708,1.3062386174467429
2020-12-30,0.011378605168356818,0.007059850337126944,1.0589775505690416e-05,0.011368015392851127,1.321087958156614
2020-12-31,0.013049596967130768,0.01585610294691417,2.3784154420371253e-05,0.013025812812710397,1.3382962026086878
2021-01-04,0.014846354032924863,0.02429863550868326,3.644795326302489e-05,0.014809906079661839,1.3581162436760905
2021-01-05,0.017690295299525056,0.0004326775073595496,6.490162610393243e-07,0.017689646283264016,1.382140839638276
2021-01-06,0.004559108341108032,0.00634091107411526,9.51136661117289e-06,0.004549596974496859,1.3884290234206227
2021-01-07,0.011195652314652586,0.0013625930620017879,2.043889593002682e-06,0.011193608425059584,1.4039705542347811
2021-01-08,-0.007551381031505724,0.012727118955562833,1.9090678433344248e-05,-0.007570471709939068,1.3933418348723592
2021-01-11,-0.009092501726482018,0.37941007197880816,0.0005691151079682123,-0.00966161683445023,1.3798798999444126
2021-01-12,0.014539877106053534,0.0161978360129834,2.42967540194751e-05,0.014515580352034058,1.3999096575082124
2021-01-13,-0.002770582041931119,0.02526916532034451,3.7903747980516764e-05,-0.0028084857899116356,1.3959780311279404
2021-01-14,-0.01233195439945996,0.0033108401674829396,4.96626025122441e-06,-0.012336920659711184,1.3787559609152151
2021-01-15,-0.003049276870150535,0.028966789533432027,4.3450184300148045e-05,-0.003092727054450683,1.3744918450534076
2021-01-18,0.005409484091965096,0.25228652199859647,0.0003784297829978947,0.005031054308967202,1.3814069881731037
2021-01-19,-0.008805897659786394,0.004359456413456378,6.5391846201845665e-06,-0.00881243684440658,1.3692334263334063
2021-01-20,0.006225074678571401,0.01051859040764691,1.5777885611470366e-05,0.006209296792959931,1.3777354030563518
2021-01-21,0.010768827524857312,0.0030201413053385917,4.530211958007887e-06,0.010764297312899304,1.3925657565533576
2021-01-22,0.0018575149214014942,0.011384788426118786,1.7077182639178178e-05,0.001840437738762316,1.3951286871254267
2021-01-25,0.008954179169917215,0.6565586056874767,0.000984837908531215,0.007969341261386001,1.4062469437366785
2021-01-26,-0.013988553232874103,0.011525161756825955,1.7287742635238934e-05,-0.014005840975509342,1.3865512726704063
2021-01-27,0.0005543240697667502,0.03425037709452762,5.137556564179143e-05,0.0005029485041249588,1.3872486365588885
2021-01-28,-0.012526783506827021,0.005376955023460167,8.065432535190251e-06,-0.01253484893936221,1.3698596844582867
2021-01-29,-0.002653009062354542,0.01765911395374342,2.6488670930615134e-05,-0.0026794977332851573,1.366189148538862
2021-02-01,0.0018476545224569004,0.6508739973109547,0.0009763109959664321,0.0008713435264904683,1.3673795686094028
2021-02-02,0.003048899791519208,0.0036789254368415486,5.518388155262323e-06,0.003043381403363946,1.3715410261598484
2021-02-03,-0.0009974988555173836,0.006291849883516429,9.437774825274643e-06,-0.0010069366303426582,1.3701599712605903
2021-02-04,0.003783610438487509,0.00028924780637630543,4.3387170956445816e-07,0.0037831765667779445,1.3753435283566005
2021-02-05,0.004963458700525197,0.003432698690950073,5.149048036425109e-06,0.004958309652488772,1.382162907448739
2021-02-08,0.008675474379681837,0.6636687561590138,0.0009955031342385207,0.0076799712454433166,1.3927778788344636
2021-02-09,0.01002748877853774,0.0004903598427608985,7.355397641413478e-07,0.0100267532387736,1.4067429189419594
2021-02-10,0.012002880460641362,0.006660170775585644,9.990256163378467e-06,0.011992890204477984,1.4236138323147571
2021-02-18,-0.0128757649677668,0.018223778997203205,2.733566849580481e-05,-0.012903100636262606,1.4052447997692243
2021-02-19,-0.0022265562374332555,0.025553562611047353,3.833034391657103e-05,-0.0022648865813498266,1.4020620796787153
2021-02-22,-0.017760085134583076,0.5032730388153903,0.0007549095582230855,-0.01851499469280616,1.376102907714479
2021-02-23,0.00031506623339158505,0.043018234281584876,6.452735142237731e-05,0.00025053888196920776,1.3764476749984522
2021-02-24,-0.010575953940767942,0.000926802790113361,1.3902041851700415e-06,-0.010577344144953111,1.361888514242473
2021-02-25,0.002442250350724303,0.014525381387552126,2.178807208132819e-05,0.0024204622786429745,1.365184914018914
2021-02-26,-0.009105319108400844,0.007194240103205032,1.0791360154807548e-05,-0.009116110468555653,1.352739737532712
2021-03-01,0.006981185574439546,0.6048418554400234,0.0009072627831600352,0.006073922791279511,1.3609561742551815
2021-03-02,-0.005743592803964745,0.0031422554325748614,4.713383148862292e-06,-0.0057483061871136075,1.35313298145832
2021-03-03,0.006177727317736302,0.0027362652138571697,4.1043978207857545e-06,0.006173622919915516,1.3614867142463445
2021-03-04,-0.017865898660322132,0.0001864100101028887,2.796150151543331e-07,-0.017866178275337288,1.337162149890116
2021-03-05,-0.00026460002751073494,0.036609884457013714,5.4914826685520565e-05,-0.0003195148541962555,1.3367349067207572
2021-03-08,-0.012162819530430802,0.3723564471137391,0.0005585346706706086,-0.01272135420110141,1.3197298284993861
2021-03-09,-0.005664020378233111,0.016033440363893987,2.405016054584098e-05,-0.005688070538778952,1.312223112142751
2021-03-10,0.004201546872988843,0.0029045017271385268,4.35675259070779e-06,0.004197190120398135,1.3177307620247947
2021-03-11,0.013049081097474123,0.0018047108916540988,2.7070663374811482e-06,0.013046374031136641,1.334922370418505
2021-03-12,-0.0008931054716599051,0.014600421798315735,2.1900632697473603e-05,-0.0009150061043573786,1.3337009083007287
2021-03-15,0.001858388177787542,0.40069415634291045,0.0006010412345143657,0.0012573469432731763,1.3353778330610215
2021-03-16,-0.0005141579884202212,0.0005901356422100268,8.852034633150402e-07,-0.0005150431918835363,1.3346900557995112
2021-03-17,-0.0009140033098274894,0.001781449840759522,2.672174761139283e-06,-0.0009166754845886287,1.3334665781458355
2021-03-18,0.00011758666082746006,0.00017344543876987584,2.6016815815481377e-07,0.00011732649266930525,1.333623029102541
2021-03-19,-0.0048603171468922235,0.00021725972099741891,3.2588958149612835e-07,-0.0048606430364737194,1.3271407636128527
2021-03-22,0.0018220648534880103,0.3426324296626574,0.000513948644493986,0.0013081162089940241,1.3288768179573514
2021-03-23,-0.0046062400581257795,0.00015373109555091857,2.3059664332637785e-07,-0.004606470654769106,1.3227553858916279
2021-03-24,-0.005289341102052417,0.00220310116087679,3.3046517413151853e-06,-0.005292645753793733,1.3157545102151809
2021-03-25,0.001114924886171705,0.0016980331441870805,2.5470497162806206e-06,0.0011123778364554244,1.3172181263705605
2021-03-26,0.004297447633313042,0.0003022461297905732,4.533691946858598e-07,0.004296994264118356,1.3228782051041676
2021-03-29,0.002445935364396963,0.25630920489923814,0.00038446380734885724,0.0020614715570481056,1.3256052808974288
2021-03-30,0.0005506923657168966,0.00024772900463706365,3.715935069555955e-07,0.000550320772209941,1.3263347890192578
2021-03-31,-0.001289486611795325,0.0030305493120606625,4.545823968090994e-06,-0.0012940324357634159,1.3246184687815854
2021-04-01,0.0017963754042810715,0.0009246237279454256,1.3869355919181384e-06,0.0017949884686891534,1.3269961436584612
2021-04-02,0.0015938287457878376,0.004237081811574686,6.355622717362029e-06,0.0015874731230704755,1.3291027143709373
2021-04-06,0.0024502771827076765,0.17393485862617747,0.0002609022879392662,0.0021893748947684104,1.3320126184863494
2021-04-07,0.0009282505461842824,0.00886584475130539,1.3298767126958086e-05,0.0009149517790573243,1.3332313458013605
2021-04-08,0.0005102351974388589,0.014725484713987616,2.2088227070981426e-05,0.0004881469703678775,1.333882158643613
2021-04-09,6.630680652598039e-05,0.0012097147713781842,1.8145721570672763e-06,6.44922343689131e-05,1.3339681836844086
2021-04-12,-0.00031829253033467263,0.013858287881134607,2.078743182170191e-05,-0.00033907996215637454,1.333515861803167
2021-04-13,-0.0020581324262739157,0.002350553961757873,3.5258309426368095e-06,-0.0020616582572165524,1.3307666078155513
2021-04-14,0.00216792528384112,0.003514364328030428,5.271546492045642e-06,0.0021626537373490747,1.333644595193483
2021-04-15,0.0015891097462029998,0.012887816513059605,1.9331724769589408e-05,0.0015697780214334104,1.3357381211674213
2021-04-16,0.0035230615111029036,0.00028642987810922893,4.296448171638434e-07,0.0035226318662857398,1.3404434348380583
2021-04-19,0.001934384113234884,0.0211390870565578,3.17086305848367e-05,0.0019026754826500475,1.342993863697404
2021-04-20,-0.0013150703039864272,6.288191106949836e-05,9.432286660424754e-08,-0.0013151646268530315,1.3412276056737884
2021-04-21,-0.00227609458594296,0.0023759380061747215,3.5639070092620824e-06,-0.0022796584929522224,1.3381700647715322
2021-04-22,0.0017167177948827113,0.004831356048713778,7.247034073070667e-06,0.0017094707608096406,1.34045762737025
2021-04-23,-0.0009691295326571183,0.0029369949587865207,4.405492438179781e-06,-0.0009735350250952981,1.3391526449203488
2021-04-26,0.0009233389303126465,0.06012559746744073,9.01883962011611e-05,0.0008331505341114853,1.340268360661721
2021-04-27,0.0017413777484120041,0.00027581018123144785,4.137152718471718e-07,0.001740964033140157,1.3426017196723885
2021-04-28,0.00023858286205378338,0.007538567681770192,1.1307851522655288e-05,0.0002272750105311281,1.3429068594923663
2021-04-29,0.0036786152509652413,0.016196269718312437,2.4294404577468652e-05,0.0036543208463877728,1.3478142720237662
2021-04-30,-0.0010467640412085053,0.0020399640904738836,3.0599461357108253e-06,-0.0010498239873442162,1.346399304270511
2021-05-06,0.0035393583889691952,0.03579615801178791,5.3694237017681867e-05,0.0034856641519515133,1.3510924000596192
2021-05-07,0.0026198638448872865,0.0010954542528809202,1.6431813793213803e-06,0.0026182206635079652,1.3546298580997638
2021-05-10,0.0038873124583306785,0.018750180950963757,2.8125271426445636e-05,0.003859187186904233,1.3598576282911403
2021-05-11,-0.005303967308856247,0.0009607901155671839,1.4411851733507758e-06,-0.005305408494029598,1.3526430280793336
2021-05-12,0.0013808587972763812,0.0034328162341576082,5.1492243512364125e-06,0.0013757095729251447,1.3545038720418128
2021-05-13,-0.005945655200995199,0.001409324080227363,2.1139861203410443e-06,-0.00594776918711554,1.3464475956478537
2021-05-14,0.0025486529916819867,0.0012057675318307912,1.8086512977461867e-06,0.0025468443403842407,1.3498767880864533
2021-05-17,0.0010404477035616672,0.03176743819300006,4.76511572895001e-05,0.000992796546272167,1.3512169410995585
2021-05-18,0.00300857773500074,0.012718307981580051,1.9077461972370078e-05,0.00298950027302837,1.3552564045138964
2021-05-19,-0.0030464724473247143,0.01871824875867177,2.8077373138007657e-05,-0.003074549820462722,1.3510896011787172
2021-05-20,-0.004285384761340851,0.020872677782674737,3.13090166740121e-05,-0.004316693778014863,1.3452573611037684
2021-05-21,0.0017219457374438368,0.0014690421282249483,2.2035631923374226e-06,0.0017197421742514993,1.3475708569228806
2021-05-24,0.002062125432295376,0.19925662585234627,0.0002988849387785194,0.0017632404935168564,1.3499469484256903
2021-05-25,0.006772750784030064,0.000799724408118152,1.1995866121772281e-06,0.0067715511974178865,1.3590881833007529
2021-05-26,0.000681432287957529,0.019471875312088507,2.920781296813276e-05,0.0006522244749893962,1.3599746138775703
2021-05-27,0.001772617241585385,0.001543379739098974,2.315069608648461e-06,0.0017703021719767365,1.362382179890351
2021-05-28,0.0016147824001344912,0.023045990260982224,3.456898539147334e-05,0.001580213414743018,1.3645350344870208
2021-05-31,0.0038799131976786317,0.014380037761554554,2.157005664233183e-05,0.0038583431410363,1.3697998788780377
2021-06-01,0.0025193995496914983,0.009105315626576113,1.3657973439864169e-05,0.002505741576251634,1.373232243385687
2021-06-02,-0.00400549923963872,0.011631511131378156,1.7447266697067233e-05,-0.004022946506335788,1.3677078035297707
2021-06-03,-0.0002423496129033182,0.14445536953503557,0.00021668305430255335,-0.00045903266720587156,1.3670799809687582
2021-06-04,-0.00010583752669345535,9.738221397415092e-05,1.460733209612264e-07,-0.00010598360001441657,1.3669350929108675
2021-06-07,-0.002246907241448386,0.43631840005081346,0.0006544776000762201,-0.002901384841524606,1.362969088152948
2021-06-08,-0.004689021318220055,0.0,0.0,-0.004689021318220055,1.3565780970425239
2021-06-09,0.0028073031023485655,0.0,0.0,0.0028073031023485655,1.3603864229429294
2021-06-10,0.009895978142686971,0.0,0.0,0.009895978142686971,1.373848777249981
2021-06-11,0.0005660671570950032,0.0,0.0,0.0005660671570950032,1.3746264679215974
2021-06-15,-0.005602028253970633,0.008729271431486385,1.3093907147229577e-05,-0.005615122161117862,1.3669077723783116
2021-06-16,-0.02027550396395301,0.0,0.0,-0.02027550396395301,1.3391930284210969
2021-06-17,0.008136277391923703,0.0,0.0,0.008136277391923703,1.3500890743816614
2021-06-18,0.007406519433555378,0.0,0.0,0.007406519433555378,1.3600885353480998
2021-06-21,-0.004334849522251476,0.8278654025778002,0.0012417981038667003,-0.005576647626118177,1.3525038008461403
2021-06-22,0.010434628284173662,0.0,0.0,0.010434628284173662,1.3666166752609017
2021-06-23,0.00960898707003866,0.0,0.0,0.00960898707003866,1.379748477223183
2021-06-24,-0.001368739297520065,0.0,0.0,-0.001368739297520065,1.3778599612617142
2021-06-25,0.0073455832678416925,0.0,0.0,0.0073455832678416925,1.3879811463385874
2021-06-28,-0.006354956377226319,0.6745323629989813,0.001011798544498472,-0.007366754921724791,1.3777562293975363
2021-06-29,-0.0015738376032501172,0.0,0.0,-0.0015738376032501172,1.3755878648355984
2021-06-30,0.00494347445174367,0.0,0.0,0.00494347445174367,1.3823880483015416
2021-07-01,-0.004182084997553781,0.0,0.0,-0.004182084997553781,1.376606783983942
2021-07-02,-0.007290830846950947,0.0,0.0,-0.007290830846950947,1.36657017677915
2021-07-05,0.0018202893514934555,0.6008251597543262,0.0009012377396314892,0.0009190516118619663,1.3678261253028414
2021-07-06,-0.000818876958662506,0.0,0.0,-0.000818876958662506,1.3667060440053744
2021-07-07,0.003446491686493753,0.0,0.0,0.003446491686493753,1.3714163850239198
2021-07-08,-0.00598796642384254,0.0,0.0,-0.00598796642384254,1.363204389757289
2021-07-09,0.003248980342346095,0.0,0.0,0.003248980342346095,1.3676334140222104
2021-07-12,0.014634196300343872,0.46072815467747413,0.0006910922320162112,0.01394310406832766,1.3867024690412442
2021-07-13,-0.0015193197612810823,0.0,0.0,-0.0015193197612810823,1.3845956245770126
2021-07-14,-0.003161017029320513,0.0,0.0,-0.003161017029320513,1.380218894229002
2021-07-15,0.0071801601927812524,0.0,0.0,0.0071801601927812524,1.3901290869906695
2021-07-16,-0.008816530335362205,0.0,0.0,-0.008816530335362205,1.3778729717251468
2021-07-19,-0.0034391872998596256,1.0302318091011209,0.0015453477136516812,-0.004984535013511307,1.3710049156534119
2021-07-20,-0.0013100691319797683,0.0,0.0,-0.0013100691319797683,1.369208804433622
2021-07-21,0.005268622180729376,0.0,0.0,0.005268622180729376,1.376422648310711
2021-07-22,0.0056458442646094755,0.0,0.0,0.0056458442646094755,1.3841937162253546
2021-07-23,-0.0008022360461904502,0.0,0.0,-0.0008022360461904502,1.3830832661312882
2021-07-26,0.0002980867506361109,0.6726295071662908,0.0010089442607494363,-0.0007108575101133253,1.3821000910044468
2021-07-27,-0.008811235770520055,0.0,0.0,-0.008811235770520055,1.3699220812441495
2021-07-28,-0.006739169877233973,0.0,0.0,-0.006739169877233973,1.3606899436200712
2021-07-29,0.006696815093726295,0.0,0.0,0.006696815093726295,1.3698022325723878
2021-07-30,-0.0013247652928206452,0.0,0.0,-0.0013247652928206452,1.3679875661166476
2021-08-02,0.002119390356222049,0.652902831666347,0.0009793542474995204,0.0011400361087225285,1.3695471213383041
2021-08-03,-0.009577206736315064,0.0,0.0,-0.009577206736315064,1.3564306854221222
2021-08-04,0.005083830002239731,0.0,0.0,0.005083830002239731,1.36332654843663
2021-08-05,-0.002642698239970913,0.0,0.0,-0.002642698239970913,1.3597236877665708
2021-08-06,0.0054031011378408555,0.0,0.0,0.0054031011378408555,1.3670704123710915
2021-08-09,-0.002870079223111011,0.4613151700252028,0.0006919727550378042,-0.0035620519781488155,1.3622008365044362
2021-08-10,0.0015028042514187371,0.0,0.0,0.0015028042514187371,1.3642479577128213
2021-08-11,0.0015672238286645289,0.0,0.0,0.0015672238286645289,1.3663860396203558
2021-08-12,0.001789790216050015,0.0,0.0,0.001789790216050015,1.3688315839854155
2021-08-13,-0.00200030526277339,0.0,0.0,-0.00200030526277339,1.366093502964119
2021-08-16,-0.002482507621576194,0.2907761597462713,0.00043616423961940695,-0.002918671861195601,1.3621063242972555
2021-08-17,-0.006157472742003393,0.0,0.0,-0.006157472742003393,1.3537191917336848
2021-08-18,0.0005715522314416045,0.0,0.0,0.0005715522314416045,1.3544929129584655
2021-08-19,-0.007152842892256175,0.0,0.0,-0.007152842892256175,1.3448044379533992
2021-08-20,0.0023117253326879117,0.0,0.0,0.0023117253326879117,1.347913256440127
2021-08-23,0.012658386562256239,0.33483474544970027,0.0005022521181745505,0.012156134444081689,1.3642986712043732
2021-08-24,0.00675542491936727,0.0,0.0,0.00675542491936727,1.373515088445287
2021-08-25,0.0035209733618392887,0.0,0.0,0.0035209733618392887,1.378351198483787
2021-08-26,0.001457871398959705,0.0,0.0,0.001457871398959705,1.3803606572737783
2021-08-27,0.0012090297365633792,0.0,0.0,0.0012090297365633792,1.3820295543556045
2021-08-30,0.009090235510353937,0.7754024312310875,0.0011631036468466313,0.007927131863507304,1.3929850848722456
2021-08-31,0.013445930146852744,0.0,0.0,0.013445930146852744,1.4117150650190455
2021-09-01,-0.012837514168231753,0.031382209652433435,4.7073314478650153e-05,-0.012884587482710402,1.3935256987631475
2021-09-02,0.006561466872950977,0.03064860894740261,4.597291342110391e-05,0.006515493959529874,1.4026052070358883
2021-09-03,-0.00699814831096966,0.006186432492733651,9.279648739100477e-06,-0.0070074279597087605,1.392776552091672
2021-09-06,0.004033975748569502,0.43364014540780516,0.0006504602181117077,0.003383515530457794,1.3974890331861316
2021-09-07,0.008452758879153692,0.0026020245456707114,3.903036818506067e-06,0.008448855842335186,1.4092962165687657
2021-09-08,0.003030709460641286,0.005698835365865962,8.548253048798943e-06,0.003022161207592487,1.4135553369244866
2021-09-09,0.006468714751622779,0.07267950387008018,0.00010901925580512026,0.006359695495817659,1.4225451184338143
2021-09-10,-0.00713603842361801,0.0,0.0,-0.00713603842361801,1.4123937818093404
2021-09-13,0.011888294083642831,0.8008739098800357,0.0012013108648200536,0.010686983218822778,1.4274880104539065
2021-09-14,-0.012778413104947333,0.006772753886545968,1.0159130829818952e-05,-0.012788572235777151,1.409232476916511
2021-09-15,0.0027180107309546205,0.02017766873863376,3.0266503107950643e-05,0.0026877442278466696,1.4130201333720374
2021-09-16,-0.011613955354259627,0.015189371994477646,2.2784057991716468e-05,-0.011636739412251344,1.3965771862957224
2021-09-17,-0.0142667885721946,0.028997011031325667,4.34955165469885e-05,-0.014310284088741588,1.3765917700079753
2021-09-22,-0.003912423156431346,0.9828523820450417,0.0014742785730675625,-0.005386701729498908,1.3691764807396594
2021-09-23,0.0018371879374972711,0.0039321513380363715,5.898227007054557e-06,0.0018312897104902166,1.371683839540683
2021-09-24,-0.00982510194949087,8.182175206082609e-05,1.2273262809123913e-07,-0.009825224682118962,1.358206737624364
2021-09-27,-0.024910549725205348,1.060026902903893,0.0015900403543558394,-0.02650059007956119,1.3222134576272826
2021-09-28,0.0012357089880503187,0.098054344704674,0.000147081517057011,0.0010886274709933077,1.3236528555197729
2021-09-29,-0.01765755115157801,0.005164863352468366,7.747295028702549e-06,-0.017665298446606713,1.300270132787313
2021-09-30,0.008227909271358263,0.047132730843939666,7.06990962659095e-05,0.008157210175092354,1.3108767095448544
2021-10-08,-0.0051998862015579465,0.30689534490808695,0.00046034301736213044,-0.005660229218920077,1.3034568468910868
2021-10-11,0.006759323481943757,0.4409832600702309,0.0006614748901053463,0.00609784859183841,1.3114051293894236
2021-10-12,-0.007638688352691858,0.005605328029678933,8.4079920445184e-06,-0.0076470963447363765,1.301376688018001
2021-10-13,-0.0024170359434277093,0.006959321974688411,1.0438982962032617e-05,-0.002427474926389742,1.2982176287380494
2021-10-14,0.009629002161923268,0.021882180751983782,3.2823271127975676e-05,0.009596178890795292,1.3106755573426037
2021-10-15,0.005951180332834935,0.01682947562155876,2.5244213432338136e-05,0.005925936119402597,1.3184425369686783
2021-10-18,0.012970172917237878,0.4648679288151052,0.0006973018932226578,0.01227287102401522,1.3346236121774704
2021-10-19,-5.199965351956753e-05,0.022108965152085054,3.3163447728127584e-05,-8.516310124769512e-05,1.334509951491659
2021-10-20,-0.013224885651361176,0.005983396666783283,8.975095000174925e-06,-0.013233860746361351,1.316849232628985
2021-10-21,0.004277247667694914,0.02421336817551612,3.6320052263274184e-05,0.00424092761543164,1.3224338949050012
2021-10-22,-0.007794954582062882,0.003088028037073559,4.6320420556103385e-06,-0.007799586624118492,1.3121194571870192
2021-10-25,0.004737201716612684,0.05030994574253304,7.546491861379956e-05,0.0046617367979988845,1.3182362127439582
2021-10-26,-0.00026976226493844477,0.0011243455102129818,1.6865182653194726e-06,-0.00027144878320376425,1.3178783791280337
2021-10-27,-0.009640610705343593,1.0703840964410016e-06,1.6055761446615024e-09,-0.009640612310919738,1.305173224601917
2021-10-28,-0.01250714937709893,0.012041760386808084,1.8062640580212126e-05,-0.012525212017679142,1.2888256532439801
2021-10-29,0.00013903980189160328,0.015803408334312714,2.3705112501469072e-05,0.00011533468939013422,1.288974299550375
2021-11-01,0.0019584392230280988,0.4344909112027276,0.0006517363668040914,0.0013067028562240074,1.2906586059491967
2021-11-02,-0.004710287118846789,0.0028276329383837215,4.2414494075755825e-06,-0.0047145285682543645,1.2845737590795858
2021-11-03,5.813818091033403e-05,0.0023321885018936644,3.4982827528404965e-06,5.463989815749353e-05,1.2846439480589578
2021-11-04,0.0020816737468354147,0.0005724960691873143,8.587441037809715e-07,0.0020808150027316337,1.2873170544592472
2021-11-05,-0.006893488260634708,0.0037860484765798244,5.679072714869736e-06,-0.006899167333349577,1.278435638689458
2021-11-08,-0.0003108884787467676,0.8107462781567245,0.0012161194172350869,-0.0015270078959818544,1.2764834573746746
2021-11-09,0.004056324172476588,0.0001286609515397663,1.9299142730964946e-07,0.004056131181049278,1.2816610417282255
2021-11-10,-0.003164787321196079,0.0005445220470631507,8.16783070594726e-07,-0.0031656041042666737,1.277603810274252
2021-11-11,-0.0008161650719911092,0.0006425572949692038,9.638359424538057e-07,-0.000817128907933563,1.2765598432679908
2021-11-12,0.0031322117692721826,0.00044973174386342407,6.745976157951361e-07,0.0031315371716563877,1.2805574378690285
2021-11-15,-0.0011286421530431795,0.7425723169041203,0.0011138584753561805,-0.00224250062839936,1.2776857870099056
2021-11-16,-0.003613842735123133,0.0005310785339289609,7.966178008934413e-07,-0.003614639352924026,1.2730674136835078
2021-11-17,0.0036957845601098037,0.0010944956901217662,1.6417435351826493e-06,0.003694142816574621,1.277770306524782
2021-11-18,-0.0018190452171722125,0.0027240303305511304,4.086045495826696e-06,-0.0018231312626680392,1.2754407635324478
2021-11-19,0.0036650458641570988,0.0014909656062399579,2.236448409359937e-06,0.0036628094157477387,1.280112459970343
2021-11-22,0.005337083792409605,0.38803147675857363,0.0005820472151378605,0.004755036577271745,1.2861994415405233
2021-11-23,-0.0037986983402627864,0.00236266335906557,3.543995038598355e-06,-0.0038022423353013847,1.281308999572257
2021-11-24,-0.00035884992440298076,0.000952151342243121,1.4282270133646816e-06,-0.00036027815141634545,1.280847371934498
2021-11-25,0.0019350099547648682,0.011851072539660903,1.7776608809491356e-05,0.001917233345955377,1.2833030552270501
2021-11-26,-0.004832354023944625,0.0030410676552899,4.5616014829348505e-06,-0.004836915625427559,1.2770958266270636
2021-11-29,0.00238057136553753,0.5580544728495863,0.0008370817092743795,0.0015434896562631505,1.2790670108255193
2021-11-30,-0.00013158897583957852,0.001022839493797334,1.5342592406960009e-06,-0.00013312323508027452,1.2788967372871538
2021-12-01,-0.0016330315111735007,0.00032913119540024793,4.936967931003719e-07,-0.001633525207966601,1.276807627228409
2021-12-02,-0.005562091244525526,0.0073060595123990435,1.0959089268598565e-05,-0.005573050333794124,1.269691914055293
2021-12-03,3.153505256738617e-05,0.013099834047930123,1.9649751071895183e-05,1.1885301495490986e-05,1.2697070047264978
2021-12-06,-0.008710078598524143,0.25009064997616726,0.0003751359749642509,-0.009085214573488393,1.2581714441430962
2021-12-07,-0.002129683897441729,0.0026013903792343196,3.9020855688514795e-06,-0.0021335859830105804,1.2554870271856482
2021-12-08,0.009130400331106653,0.0022812391380028774,3.421858707004316e-06,0.009126978472399648,1.2669458302551488
2021-12-09,0.0023660131928762936,0.013119445644760058,1.967916846714009e-05,0.0023463340244091534,1.2699185083637599
2021-12-10,0.0004202105615129729,0.006535606903421448,9.803410355132172e-06,0.00041040715115784075,1.2704396920009802
2021-12-13,0.00340226892523072,0.4892088031238281,0.0007338132046857421,0.002668455720544978,1.2738298040647076
2021-12-14,-0.001626214552115763,0.0018093018104041597,2.7139527156062396e-06,-0.0016289285048313692,1.2717548263865628
2021-12-15,-0.003974407763306446,0.0020886999894324104,3.1330499841486157e-06,-0.0039775408132905945,1.266696369660111
2021-12-16,0.004594058630575415,0.013725757911024719,2.058863686653708e-05,0.0045734699937088775,1.2724895674978913
2021-12-17,-0.008591322175698376,0.004078391752857902,6.117587629286852e-06,-0.008597439763327663,1.2615494150918654
2021-12-20,-0.010390876372373997,0.052957188917734,7.9435783376601e-05,-0.010470312155750597,1.248340598915949
2021-12-21,0.0018322182825991629,0.004727513298483629,7.091269947725444e-06,0.0018251270126514374,1.25061897906402
2021-12-22,0.00241113368924547,0.01174072990446387,1.7611094856695806e-05,0.0023935225943887742,1.2536123638473813
2021-12-23,0.003744784949799138,0.0015299711592979826,2.294956738946974e-06,0.003742489993060191,1.2583039955742568
2021-12-24,-0.0053115549421799855,0.0026686525143175127,4.0029787714762695e-06,-0.005315557920951462,1.251615407803617
2021-12-27,-0.0012380034994194005,0.6925522799285744,0.0010388284198928617,-0.002276831919312262,1.2487656898924266
2021-12-28,0.004601319758597672,0.061237614394345385,9.185642159151808e-05,0.004509463337006154,1.2543969529875079
2021-12-29,-0.0012012985363720474,0.004241048693677238,6.361573040515857e-06,-0.0012076601094125634,1.2528820678260162
2021-12-30,0.0021279294257610516,0.04698521810321944,7.047782715482916e-05,0.0020574515986062224,1.2554598120393299
2021-12-31,0.0006789720136359334,0.014699421002984048,2.2049131504476073e-05,0.0006569228821314574,1.2562845523174548
2022-01-04,-0.00034106059216904017,0.847474592959959,0.0012712118894399385,-0.0016122724816089787,1.2542590793046828
2022-01-05,-0.012789515506063635,0.012351550018411261,1.8527325027616892e-05,-0.012808042831091252,1.2381944752956633
2022-01-06,-0.0033346742915351954,0.01464168503552031,2.1962527553280463e-05,-0.003356636819088476,1.2340383061306939
2022-01-07,-0.0034029705360565524,0.0004900972402744341,7.351458604116512e-07,-0.0034037056819169642,1.2298380029364138
2022-01-10,0.001885472821180873,0.9202469656347586,0.001380370448452138,0.0005051023727287351,1.230459197029769
2022-01-11,-2.4713555320825557e-05,0.01024529728572765,1.5367945928591475e-05,-4.008150124941703e-05,1.2304098783779258
2022-01-12,-0.0006394472810028584,0.055699523459396466,8.354928518909471e-05,-0.0007229965661919531,1.22952029626085
2022-01-13,-0.002981680920405754,0.0002644718119890477,3.967077179835715e-07,-0.0029820776281237376,1.2258537712920465
2022-01-14,-0.007726282158376818,0.05116996485935878,7.675494728903816e-05,-0.007803037105665856,1.2162883888285343
2022-01-17,0.0016553455969995352,0.4200003750031081,0.0006300005625046621,0.001025345034494873,1.2175355040885334
2022-01-18,0.0026387158251879954,0.011285411545188903,1.6928117317783354e-05,0.002621787707870212,1.2207276237070483
2022-01-19,-0.002133868599236243,0.0,0.0,-0.002133868599236243,1.2181227513625996
2022-01-20,0.0013646959100404087,0.0,0.0,0.0013646959100404087,1.2197851184993114
2022-01-21,-0.0077593101923624395,0.0,0.0,-0.0077593101923624395,1.2103204273968478
2022-01-24,-0.002555433740123536,0.6532682597166297,0.0009799023895749447,-0.0035353361296984807,1.2060415378613596
2022-01-25,-0.017194394623757065,0.0,0.0,-0.017194394623757065,1.1853043837267285
2022-01-26,0.006097751419470659,0.0,0.0,0.006097751419470659,1.192532075215103
2022-01-27,-0.0025967057193013385,0.0,0.0,-0.0025967057193013385,1.1894354203549415
2022-01-28,0.000859391951171282,0.0,0.0,0.000859391951171282,1.1904576115816325
2022-02-07,0.015148057843911985,0.803396471051053,0.0012050947065765795,0.013942963137335406,1.2070561181764756
2022-02-08,0.005347455685133963,0.0,0.0,0.005347455685133963,1.2135107972778942
2022-02-09,-0.0034089472335350293,0.0,0.0,-0.0034089472335350293,1.209374003002649
2022-02-10,0.01058606814380006,0.0,0.0,0.01058606814380006,1.2221765186097753
2022-02-11,-0.008224011507237857,0.01347213588447882,2.020820382671823e-05,-0.008244219711064576,1.2121006268646524
2022-02-14,-0.0029773752435638934,0.4076843661506083,0.0006115265492259125,-0.003588901792789806,1.207750516751856
2022-02-15,-0.003268805281116164,0.0051487909773249435,7.723186465987415e-06,-0.0032765284675821513,1.2037932878019815
2022-02-16,0.0009910024960786486,0.0010322703197003236,1.5484054795504854e-06,0.0009894540905990982,1.2049843859948328
2022-02-17,-0.00461962380335281,0.0032609557792178806,4.891433668826821e-06,-0.004624515237021637,1.1994119173414266
2022-02-18,0.008943585028690014,0.005622266839446249,8.433400259169374e-06,0.008935151628430844,1.2101288446878191
2022-02-21,0.002504136891957138,0.2216321088550655,0.00033244816328259827,0.0021716887286745397,1.2127568678600715
2022-02-22,-0.002797959413257939,0.005522248891397172,8.283373337095757e-06,-0.002806242786595035,1.2093535776477455
2022-02-23,-0.001885229155671489,0.015542175010670678,2.3313262516006016e-05,-0.0019085424181874949,1.207045475046218
2022-02-24,-0.00691562078752663,0.004404705897092895,6.6070588456393425e-06,-0.006922227846372269,1.1986900312470155
2022-02-25,-0.0048992372855980555,0.007174587247395281,1.0761880871092921e-05,-0.004909999166469148,1.1928044641927378
2022-02-28,0.0019795420415650434,0.4244610451873685,0.0006366915677810527,0.0013428504737839908,1.1944062222326106
2022-03-01,0.005702995936235771,0.005267690787253615,7.901536180880422e-06,0.005695094400054891,1.2012084784202384
2022-03-02,0.005203924123984078,0.0052754183789234105,7.913127568385116e-06,0.005196010996415693,1.2074499708830977
2022-03-03,0.01146827125824681,0.007862746098647067,1.17941191479706e-05,0.01145647713909884,1.2212830938711254
2022-03-04,-0.0033551733629621945,0.02970137437993864,4.455206156990796e-05,-0.0033997254245321023,1.2171310666863404
2022-03-07,0.017384089647080755,0.5681306790273439,0.0008521960185410158,0.01653189362853974,1.23725254801279
2022-03-08,0.007115670047695979,0.059252574984907366,8.887886247736105e-05,0.007026791185218618,1.2459464633110557
2022-03-09,-0.0038217287896049673,0.01298524488100368,1.947786732150552e-05,-0.0038412066569264726,1.2411605254620113
2022-03-10,-0.017994845278946625,0.0013558130953618963,2.0337196430428445e-06,-0.017996878998589667,1.2188235096674453
2022-03-11,0.0011752692258826488,0.03124304014950753,4.68645602242613e-05,0.0011284046656583875,1.220198835802368
2022-03-14,-0.006241846178755479,0.42374059625660676,0.0006356108943849101,-0.006877457073140389,1.2118069706884416
2022-03-15,-0.00963965471248861,0.005719531128990943,8.579296693486415e-06,-0.009648234009182096,1.2001151734612814
2022-03-16,0.0037004145725644017,0.009899911244407159,1.4849866866610738e-05,0.003685564705697791,1.2045382755873626
2022-03-17,0.0010306873341847645,0.0034933687729170465,5.240053159375569e-06,0.0010254472810253888,1.2057734660869546
2022-03-18,0.006339059929363279,0.0026017372798724514,3.902605919808677e-06,0.006335157323443471,1.213412230691049
2022-03-21,-0.0016276603632793684,0.42204304322936587,0.0006330645648440487,-0.002260724928123417,1.210669039413036
2022-03-22,0.002348249521249564,0.017517681193826337,2.6276521790739506e-05,0.0023219729994588246,1.2134801802338337
2022-03-23,-0.0015956140964722837,0.02862215441229958,4.293323161844937e-05,-0.0016385473280907331,1.2114918355268205
2022-03-24,0.008864588528210478,0.0010439299944749042,1.5658949917123562e-06,0.008863022633218766,1.2222293150850543
2022-03-25,0.005010388622314163,0.013841408392181773,2.0762112588272658e-05,0.0049896265097258904,1.2283277828765666
2022-03-28,-0.003201835760967405,0.8543812770007861,0.0012815719155011792,-0.004483407676468584,1.2228206886655981
2022-03-29,-0.0018395771409749641,0.006170976008897794,9.256464013346691e-06,-0.0018488336049883108,1.2205598966835183
2022-03-30,0.0009901945385112378,0.0001727399651231254,2.591099476846881e-07,0.000989935428563553,1.2217681721679292
2022-03-31,-0.0009584561560890588,0.005603980649049045,8.405970973573568e-06,-0.0009668621270626323,1.2205868907942095
2022-04-01,0.0007506151211876198,0.0001557455163190974,2.3361827447864607e-07,0.0007503815029131411,1.2215027966197596
2022-04-06,0.001692685824912134,0.6280501641490794,0.0009420752462236191,0.0007506105786885149,1.2224196695408
2022-04-07,-0.0032961369353227236,0.0005527960924032321,8.291941386048482e-07,-0.0032969661294613285,1.2183893932943368
2022-04-08,0.003850118700277673,0.0017482973448214173,2.622446017232126e-06,0.003847496254260441,1.2230771419212676
2022-04-11,-0.004478193854766391,0.5042871230727066,0.00075643068460906,-0.005234624539375451,1.2166747923006174
2022-04-12,0.0019857098466246007,0.0012551227514989993,1.882684127248499e-06,0.001983827162497352,1.2190884648015092
2022-04-13,0.0073280525923908055,0.0021044389423294924,3.1566584134942387e-06,0.007324895933977311,1.2280181609404925
2022-04-14,0.009356083924548588,0.009574236918742651,1.4361355378113978e-05,0.009341722569170475,1.2394899659099017
2022-04-15,-0.002062353163061225,0.016126401802588355,2.4189602703882534e-05,-0.0020865427657651074,1.236903717088294
2022-04-18,-0.0036519605152169213,0.37583216538382014,0.0005637482480757302,-0.004215708763292652,1.2316892912488155
2022-04-19,0.0015015221957508688,0.0010188677196289186,1.5283015794433779e-06,0.0014999938941714253,1.233536817665205
2022-04-20,-0.012996270360695044,0.0108429627001555,1.626444405023325e-05,-0.013012534804745277,1.2174853768924019
2022-04-21,0.000801690723594236,0.03266237320436058,4.899355980654087e-05,0.0007526971637876952,1.2184017746825417
2022-04-22,0.0027922328111950976,0.0008415523206003472,1.262328480900521e-06,0.002790970482714197,1.2218022980717673
2022-04-25,-0.01443129368938928,0.7407348822457434,0.001111102323368615,-0.015542396012757895,1.2028125629058384
2022-04-26,-0.006675105338481747,0.03734920358832308,5.602380538248462e-05,-0.006731129143864231,1.1947162762090568
2022-04-27,0.004679243358823487,0.00012658584641390969,1.8987876962086452e-07,0.004679053480053866,1.2003064175589298
2022-04-28,0.0068882202097962164,0.003078732215338026,4.618098323007039e-06,0.006883602111473209,1.2085688493492535
2022-04-29,0.008407391657775355,0.034074830122432606,5.1112245183648904e-05,0.008356279412591707,1.2186679883437703
2022-05-05,-0.002279361943002476,0.035147248819717064,5.272087322957559e-05,-0.0023320828162320516,1.2158259536694618
2022-05-06,-0.006666076311247015,1.7839990473916822e-06,2.675998571087523e-09,-0.006666078987245586,1.207721161827558
2022-05-09,0.0011973075237603245,0.00925865607779737,1.3887984116696056e-05,0.0011834195396436284,1.209150402648906
2022-05-10,-0.0032605477349993577,0.03232285105413814,4.848427658120721e-05,-0.003309032011580565,1.2051492852597252
2022-05-11,0.0009275272921157254,0.0021014604344267163,3.1521906516400746e-06,0.0009243751014640854,1.2062632952525665
2022-05-12,0.0009272827056353897,0.0017676701837747166,2.651505275662075e-06,0.0009246312003597277,1.2073786439312058
2022-05-13,0.0022257765437450113,0.01793882667686647,2.6908240015299706e-05,0.0021988683037297116,1.2100335105619462
2022-05-16,-0.0026370042455889546,0.30876000823814886,0.0004631400123572233,-0.003100144257946178,1.2062822321222553
2022-05-17,0.001606112394518764,0.0002426139352855322,3.6392090292829833e-07,0.0016057484736158357,1.2082192179752356
2022-05-18,-0.006611292928466654,0.0017343780612446569,2.601567091866985e-06,-0.006613894495558521,1.2002281835400412
2022-05-19,0.002660890732655645,0.008853373205917614,1.3280059808876422e-05,0.0026476106728467686,1.2034059204886334
2022-05-20,0.0034110352504851844,0.0027458388078030055,4.118758211704508e-06,0.00340691649227348,1.2075058239660457
2022-05-23,0.00012866359239691787,0.018990342912780192,2.848551436917029e-05,0.00010017807802774758,1.2076267895786978
2022-05-24,-0.0034339312595769115,0.0010971775804591022,1.6457663706886532e-06,-0.0034355770259476,1.2034778947245024
2022-05-25,0.0036452130968303597,0.0009199935238560358,1.3799902857840537e-06,0.0036438331065445756,1.207863167320294
2022-05-26,0.0035286959853350498,0.0017794165082645336,2.6691247623968004e-06,0.003526026860572653,1.2121221252921617
2022-05-27,0.001945482299442951,0.007098980972649785,1.0648471458974678e-05,0.0019348338279839763,1.2144673801838246
2022-05-30,-0.003960103911199426,0.6817060055814119,0.001022559008372118,-0.0049826629195715445,1.2084160986015535
2022-05-31,-0.0017859437533040347,0.0033551305296497386,5.032695794474608e-06,-0.0017909764490985094,1.2062518538282465
2022-06-01,-0.0005831013739705535,0.004566483345626218,6.849725018439328e-06,-0.0005899510989889928,1.205540224221423
2022-06-02,-0.0010952295698524427,0.004689511690152776,7.034267535229163e-06,-0.0011022638373876718,1.2042114008277476
2022-06-06,0.001895207142410829,0.40646957710422016,0.0006097043656563303,0.0012855027767544988,1.205759417927311
2022-06-07,-0.0012511994434706284,0.0017009958778678586,2.551493816801788e-06,-0.0012537509372874303,1.2042476959269415
2022-06-08,0.00821496686958241,0.015349662628751176,2.3024493943126765e-05,0.008191942375639284,1.2141128236579715
2022-06-09,0.0017344959675578155,0.0,0.0,0.0017344959675578155,1.2162186974547664
2022-06-10,0.00047375759744942153,0.0,0.0,0.00047375759744942153,1.2167948903028456
2022-06-13,-0.007165777277287016,0.8137225295307633,0.001220583794296145,-0.008386361071583161,1.2065904090027084
2022-06-14,0.007291157108342364,0.0,0.0,0.007291157108342364,1.2153878492401662
2022-06-15,-0.0034551500191750935,0.0,0.0,-0.0034551500191750935,1.211188501889559
2022-06-16,-0.013771380676699162,0.0,0.0,-0.013771380676699162,1.1945087639587968
2022-06-17,-0.0007381140710074993,0.0,0.0,-0.0007381140710074993,1.193627080232177
2022-06-20,-0.012175930524331254,0.5922817003790279,0.000888422550568542,-0.013064353074899795,1.178033114616262
2022-06-21,-0.0009334323422014231,0.0,0.0,-0.0009334323422014231,1.1769335004068948
2022-06-22,-0.007828773844717925,0.0,0.0,-0.007828773844717925,1.167719554201937
2022-06-23,0.0071509910996726735,0.0,0.0,0.0071509910996726735,1.1760699063409488
2022-06-24,-0.0002991927497653635,0.0,0.0,-0.0002991927497653635,1.1757180347517544
2022-06-27,0.004330758152943108,1.1581574053486725,0.0017372361080230088,0.0025935220449200998,1.1787672853934932
2022-06-28,0.008558251724474381,0.0,0.0,0.008558251724474381,1.1888554725464662
2022-06-29,-0.011951133217872067,0.0,0.0,-0.011951133217872067,1.174647302417267
2022-06-30,0.008457092013074987,0.0,0.0,0.008457092013074987,1.1845814027367203
2022-07-01,-0.0017994307067360135,0.0,0.0,-0.0017994307067360135,1.1824498305860074
2022-07-04,0.0044011302929813255,0.9734550425820565,0.0014601825638730847,0.002940947729108241,1.1859273537300536
2022-07-05,0.005975200297545502,0.0,0.0,0.005975200297545502,1.1930135072069288
2022-07-06,-0.01716081334985848,0.0,0.0,-0.01716081334985848,1.1725404250858906
2022-07-07,0.006355985047897391,0.02834924578087608,4.2523868671314126e-05,0.006313461179226077,1.1799432135407437
2022-07-08,-0.003531007699168298,0.005197547475389808,7.796321213084712e-06,-0.0035388040203813828,1.175767625752844
2022-07-11,-0.017650152434864542,0.8932005535970194,0.0013398008303955292,-0.01898995326526007,1.1534398534889916
2022-07-12,-0.008618180951135767,0.054141740020434245,8.121261003065137e-05,-0.008699393561166419,1.1434056262543566
2022-07-13,0.004900025810628162,0.0003706111280087493,5.55916692013124e-07,0.004899469893936149,1.149007707696747
2022-07-14,0.008437631524716667,0.013757957900363146,2.063693685054472e-05,0.008416994587866123,1.158678899353847
2022-07-15,-0.009391645307275275,0.016692870059016887,2.503930508852533e-05,-0.0094166846123638,1.1477679855916312
2022-07-18,0.006737725037467204,0.7119439023564311,0.0010679158535346466,0.005669809183932557,1.1542756110573622
2022-07-19,-0.0027369843185699756,0.00989367366187073,1.4840510492806097e-05,-0.0027518248290627815,1.1510992467712728
2022-07-20,0.007691178205539338,0.026745071937924733,4.01176079068871e-05,0.007651060597632451,1.159906376862209
2022-07-21,-0.004888482399193329,0.012828466074803577,1.9242699112205362e-05,-0.004907725098305535,1.154213875224798
2022-07-22,-0.0018199928154617418,0.0012191795295976027,1.828769294396404e-06,-0.0018218215847561382,1.1521111034734883
2022-07-25,-0.008559017334385789,0.6607102700922096,0.0009910654051383143,-0.009550082739524103,1.1411083471101922
2022-07-26,0.009632816183076577,0.003557951825700914,5.336927738551371e-06,0.009627479255338026,1.1520943440500888
2022-07-27,0.00611106539282243,0.013825413469328529,2.0738120203992793e-05,0.006090327272618437,1.1591109756542866
2022-07-28,0.002979999477447196,0.00396883479609475,5.953252194142125e-06,0.0029740462252530538,1.1625582252760804
2022-07-29,-0.0017487840674069695,0.0152211092402018,2.2831663860302697e-05,-0.0017716157312672723,1.1604986188356672
2022-08-01,0.0048985123526009726,0.06155178449659898,9.232767674489848e-05,0.004806184675856074,1.1660761895138672
2022-08-02,-0.017069717505241524,0.0033894349172269578,5.084152375840436e-06,-0.017074801657617364,1.1461656698602476
2022-08-03,-0.008091772860687161,0.05054761470121322,7.582142205181983e-05,-0.00816759428273898,1.1368042536880254
2022-08-04,0.003357462540069207,0.009156634083990547,1.3734951125985823e-05,0.0033437275889432213,1.14060541743431
2022-08-05,0.011632966806932007,0.002591052124251328,3.886578186376992e-06,0.01162908022874563,1.1538696093429954
2022-08-08,0.004592836891400153,0.026466273936035484,3.969941090405322e-05,0.004553137480496099,1.1591233363089004
2022-08-09,0.005172896547034497,0.003462226595004586,5.193339892506879e-06,0.00516770320714199,1.165113341691417
2022-08-10,9.753517691940677e-05,0.004750690413282688,7.126035619924031e-06,9.040914129948274e-05,1.1652186785881558
2022-08-11,0.0052574138698504806,0.0005352484164671406,8.02872624700711e-07,0.0052566109972257795,1.1713437799081952
2022-08-12,-0.005030748678212111,0.0006845764531729359,1.026864679759404e-06,-0.005031775542891871,1.1654498409241345
2022-08-15,0.007466617908889766,0.3099302244253943,0.0004648953366380915,0.007001722572251674,1.17360999738216
2022-08-16,0.0019368763391449848,0.008541800122364232,1.281270018354635e-05,0.0019240636389614384,1.1758680977044447
2022-08-17,-0.0007145465685709678,0.0007708074617126665,1.1562111925689997e-06,-0.0007157027797635368,1.1750265256382824
2022-08-18,0.0021399208458064154,0.0014926660140809345,2.2389990211214017e-06,0.002137681846785294,1.1775383585116306
2022-08-19,-0.010456963264593921,0.0011317429754369307,1.6976144631553961e-06,-0.010458660879057077,1.1652228841478758
2022-08-22,-0.000678147775798282,0.3057241749568216,0.0004585862624352323,-0.0011367340382335144,1.1638983356333361
2022-08-23,-9.739678680337725e-05,0.0007299217104622946,1.0948825656934418e-06,-9.84916693690707e-05,1.1637837013432837
2022-08-24,-0.014342202940535714,0.0016814782587364768,2.5222173881047154e-06,-0.014344725157923819,1.147089544004243
2022-08-25,-0.0010841930863903211,0.03204904578487437,4.807356867731156e-05,-0.0011322666550676328,1.1457907327631902
2022-08-26,-0.0016684015049729319,5.366604729764579e-05,8.049907094646869e-08,-0.0016684820040438783,1.1438790015451745
2022-08-29,-0.014602018047767564,0.32059379997909976,0.00048089069996864965,-0.015082908747736214,1.126625978946417
2022-08-30,-0.0014420349164689693,0.03032822074155335,4.549233111233002e-05,-0.0014875272475812994,1.1249500921049014
2022-08-31,-0.013787147632911733,6.543456599698849e-05,9.815184899548273e-08,-0.013787245784760729,1.109440128689462
2022-09-01,-0.005230849927764914,0.017726536976388485,2.6589805464582726e-05,-0.005257439733229496,1.1036073140752507
2022-09-02,0.0013690986988673028,0.0017020352378427361,2.553052856764104e-06,0.0013665456460105387,1.1051154438452058
2022-09-05,0.00840728703700778,1.033796628098432,0.0015506949421476481,0.006856592094860132,1.1126927696613829
2022-09-06,0.00808043718515293,0.011127171394478358,1.6690757091717536e-05,0.008063746428061213,1.1216652420082696
2022-09-07,0.0008252317330111565,0.006440384989173861,9.660577483760791e-06,0.0008155711555273957,1.122580039825809
2022-09-08,-0.0024249574868092406,1.2456549013509233e-05,1.868482352026385e-08,-0.002424976171632761,1.1198578099784808
2022-09-09,0.0044434754926069376,0.013255548299107925,1.988332244866189e-05,0.004423592170158276,1.1248116042183922
2022-09-13,0.0008281332733128556,0.29252084752183394,0.00043878127128275094,0.0003893520020301047,1.1252495518684014
2022-09-14,-0.009788703007741914,0.011132652595440481,1.6698978893160722e-05,-0.009805401986635074,1.1142160276770507
2022-09-15,0.0027757373491822425,0.013279706740633501,1.9919560110950253e-05,0.002755817789071292,1.1172866040269913
2022-09-16,-0.01511513445304777,0.002550536881813059,3.825805322719589e-06,-0.015118960258370489,1.1003943922634976
2022-09-19,0.00017552055871211612,0.542288472481458,0.000813432708722187,-0.0006379121500100708,1.0996924373108696
2022-09-20,0.00014490105905627334,8.985748057367682e-05,1.3478622086051523e-07,0.00014476627283541282,1.0998516356862844
2022-09-21,0.003157654476715395,0.002163678736911326,3.245518105366989e-06,0.003154408958610028,1.103321017539035
2022-09-22,0.0019259482036297724,0.00498244749919842,7.47367124879763e-06,0.0019184745323809747,1.1054377108122244
2022-09-23,-0.0037660341393985696,0.00832220408620836,1.248330612931254e-05,-0.0037785174455278823,1.101260795136976
2022-09-26,-0.006283150125150442,0.011496830812912265,1.72452462193684e-05,-0.00630039537136981,1.0943224167206238
2022-09-27,0.0014475331289374234,0.004421428593828991,6.6321428907434865e-06,0.00144090098604668,1.0958992269699297
2022-09-28,-0.002491867147322061,0.0018182085960539024,2.7273128940808536e-06,-0.002494594460216142,1.0931654028293754
2022-09-29,0.00013530959878267352,0.004298126844772238,6.4471902671583564e-06,0.00012886240851551516,1.0933062707560899
2022-09-30,0.0018640245961052094,0.021833616032434625,3.2750424048651936e-05,0.0018312741720565575,1.095308414291873
2022-10-10,0.0015897912940714544,0.2818239235845044,0.00042273588537675665,0.0011670554086946976,1.096586699900961
2022-10-11,-0.0011544309663038548,0.0005089488132222625,7.634232198333937e-07,-0.001155194389523688,1.095319929097609
2022-10-12,0.0025120001908941637,0.029265268894232754,4.3897903341349135e-05,0.0024681022875528147,1.098023290720217
2022-10-13,-0.0063419639548939945,0.006180600711571893,9.27090106735784e-06,-0.006351234855961352,1.0910494869235374
2022-10-14,0.002601242629043178,0.0013636389076774336,2.0454583615161503e-06,0.0025991971706816617,1.0938853396630226
2022-10-17,-0.0034265128472830667,0.9548787707926369,0.0014323181561889553,-0.004858831003472022,1.0885703356604244
2022-10-18,0.0006922529922807859,0.008571561734883049,1.2857342602324573e-05,0.0006793956496784614,1.089309905610841
2022-10-19,-0.0018169188118966396,0.007966454102731432,1.1949681154097148e-05,-0.0018288684930507367,1.0873177010453012
2022-10-20,-0.004287831064194028,0.00032725180253490027,4.908777038023504e-07,-0.004288321941897831,1.0826549326900947
2022-10-21,0.0004337734669317339,0.008923058097765071,1.3384587146647609e-05,0.00042038887978508626,1.0831100687844422
2022-10-24,-0.00517299921301263,0.9966967288839781,0.0014950450933259671,-0.006668044306338597,1.0758878428571461
2022-10-25,-0.0028100639822112392,0.0030019712476499205,4.50295687147488e-06,-0.002814566939082714,1.0728596845044793
2022-10-26,-0.0019144464834828364,0.00707675743948466,1.061513615922699e-05,-0.0019250616196420634,1.0707943635025785
2022-10-27,0.0011500016361379783,0.016832396741398414,2.524859511209762e-05,0.0011247530410258806,1.0719987427192414
2022-10-28,-0.003600581353878181,0.007561566941667666,1.13423504125015e-05,-0.0036119237042906826,1.0681267650494441
2022-10-31,0.0050365508465498605,1.0851590236479849,0.0016277385354719772,0.0034088123110778833,1.0717678087159364
2022-11-01,-0.00042848993638180835,0.007243932625152022,1.0865898937728033e-05,-0.0004393558353195364,1.0712969212750694
2022-11-02,-0.0002121783659962944,0.005847391819497602,8.771087729246403e-06,-0.0002209494537255408,1.0710602188055358
2022-11-03,-0.0029196222615519504,0.04012406212487708,6.018609318731563e-05,-0.002979808354739266,1.0678686646171103
2022-11-04,-0.00047968447948761235,0.009060968662058952,1.3591452993088426e-05,-0.0004932759324807008,1.0673419107058044
2022-11-07,0.0023087025787073235,1.234182923543446,0.001851274385315169,0.00045742819339215446,1.0678301429877504
2022-11-08,0.0021913950156841615,0.033245762942192836,4.9868644413289255e-05,0.002141526371270872,1.0701169293989967
2022-11-09,0.00571062911724063,0.005805394011409226,8.708091017113839e-06,0.005701921026223516,1.0762186516192545
2022-11-10,-0.0004243275129758917,0.00014230551883878673,2.134582782581801e-07,-0.00042454097125414986,1.0757617527076142
2022-11-11,0.005759041709113715,0.0002624847784872264,3.937271677308396e-07,0.005758647981945984,1.0819566859538987
2022-11-14,-0.0033050753614654624,0.713215693533196,0.0010698235402997942,-0.0043748989017652565,1.0772232348367614
2022-11-15,0.003669914777070606,0.0029597949521520256,4.439692428228038e-06,0.003665475084642378,1.0811717697646535
2022-11-16,0.0027122749746625076,0.01469672922420523,2.2045093836307844e-05,0.0026902298808262,1.08408037036598
2022-11-17,0.00344610074096493,0.0007685390843514689,1.1528086265272034e-06,0.003444947932338403,1.087814970796361
2022-11-18,-0.0025311909516592566,0.0047535930124913,7.13038951873695e-06,-0.0025383213411779935,1.0850537468407355
2022-11-21,-0.00482664130117591,0.25564920997030044,0.0003834738149554507,-0.005210115116131361,1.0794004919125058
2022-11-22,-0.005327941354870423,0.02166353760692412,3.249530641038618e-05,-0.005360436661280809,1.0736144339434535
2022-11-23,-0.0011382171115577632,0.0031969991345746213,4.795498701861932e-06,-0.001143012610259625,1.0723872791068993
2022-11-24,0.00041178786741804743,0.0003454887806105811,5.182331709158716e-07,0.00041126963424713156,1.072828319430949
2022-11-25,-0.0014597110589002153,0.012994037341877873,1.949105601281681e-05,-0.001479202114913032,1.071241389511908
2022-11-28,-0.002978863969648439,0.40896430943993883,0.0006134464641599082,-0.003592310433808347,1.067393157891237
2022-11-29,0.004433447543768178,0.0,0.0,0.004433447543768178,1.0721253894653249
2022-11-30,0.0005283172312891592,0.0,0.0,0.0005283172312891592,1.072691811782682
2022-12-01,0.003950549423816813,0.0,0.0,0.003950549423816813,1.0769295338016531
2022-12-02,7.845202151042659e-05,0.0,0.0,7.845202151042659e-05,1.0770140211006043
2022-12-05,0.002492252206670942,0.4357379527167084,0.0006536069290750626,0.0018386452775958793,1.0789942678444053
2022-12-06,-0.005272366226170284,0.0,0.0,-0.005272366226170284,1.0733054149083912
2022-12-07,-0.00061207251119321,0.0,0.0,-0.00061207251119321,1.0726484741678108
2022-12-08,-0.0002786923945220216,0.0,0.0,-0.0002786923945220216,1.0723495351960646
2022-12-09,0.0013784174290572034,0.0,0.0,0.0013784174290572034,1.0738276804854203
2022-12-12,-0.005025726311945375,0.9965045125140213,0.0014947567687710317,-0.006520483080716407,1.0668258052632102
2022-12-13,-0.0005871834303396515,0.0,0.0,-0.0005871834303396515,1.0661993828273009
2022-12-14,0.0019297870306543632,0.0,0.0,0.0019297870306543632,1.0682569205683725
2022-12-15,-0.009515706776928834,0.0,0.0,-0.009515706776928834,1.058091700949819
2022-12-16,0.0008823878550116703,0.0,0.0,0.0008823878550116703,1.0590253482162257
2022-12-19,-0.009552229260918026,0.42073509070415444,0.0006311026360562317,-0.010183331896974257,1.0482409416080312
2022-12-20,-0.0038485354157194915,0.0,0.0,-0.0038485354157194915,1.0442067492200455
2022-12-21,0.00787472718782084,0.0,0.0,0.00787472718782084,1.0524295924978346
2022-12-22,0.006094503391413115,0.0,0.0,0.006094503391413115,1.058843628218536
2022-12-23,-0.001136109632380089,0.0,0.0,-0.001136109632380089,1.0576406657733326
2022-12-26,-0.0002449522677764474,0.42073509070415427,0.0006311026360562315,-0.0008760549038326789,1.056714114481589
2022-12-27,0.006821464617226134,0.0,0.0,0.006821464617226134,1.0639224524240487
2022-12-28,0.003023879082471496,0.0,0.0,0.003023879082471496,1.0671396252733056
2022-12-29,0.002587614251617146,0.0,0.0,0.002587614251617146,1.0699009709761282
2022-12-30,-2.4580538863283813e-05,0.0,0.0,-2.4580538863283813e-05,1.0698746722337313
2023-01-03,0.002632261293718796,0.015906833042969026,2.386024956445354e-05,0.0026084010441543427,1.0726653344459
2023-01-04,0.007663586869132109,0.0,0.0,0.007663586869132109,1.080885798417933
2023-01-05,0.001868323850797974,0.0,0.0,0.001868323850797974,1.082905243135106
2023-01-06,-0.006677601063829137,0.0,0.0,-0.006677601063829137,1.075674033931521
2023-01-09,0.008803995579202886,0.03183965590776125,4.775948386164187e-05,0.008756236095341244,1.0850928897342536
2023-01-10,-0.00012983579203111302,0.0,0.0,-0.00012983579203111302,1.0849520058394877
2023-01-11,0.00805285169170924,0.0,0.0,0.00805285169170924,1.0936889634351357
2023-01-12,-0.0058919782597048505,0.0,0.0,-0.0058919782597048505,1.0872449718396966
2023-01-13,0.013295474274852156,0.0,0.0,0.013295474274852156,1.1017004093932536
2023-01-16,0.0013299118963283204,0.7703928570329281,0.0011555892855493923,0.00017432261077892806,1.1018924606849152
2023-01-17,9.507520425836076e-05,0.0,0.0,9.507520425836076e-05,1.1019972233356856
2023-01-18,-0.0009281655317800179,0.0,0.0,-0.0009281655317800179,1.1009743874968683
2023-01-19,0.0022980960184007687,0.0,0.0,0.0022980960184007687,1.103504532353136
2023-01-20,0.00639787549775325,0.0,0.0,0.00639787549775325,1.1105646169623378
2023-01-30,-0.0007044981953490693,0.7298985636151596,0.0010948478454227393,-0.0017993460407718085,1.1085663269157853
2023-01-31,-0.0070679910951045284,0.0,0.0,-0.0070679910951045284,1.1007309899888118
2023-02-01,0.006693945946572127,0.0,0.0,0.006693945946572127,1.1080992237375136
2023-02-02,0.0003646708294409388,0.0,0.0,0.0003646708294409388,1.1085033152005368
2023-02-03,-0.007551192370638891,0.0,0.0,-0.007551192370638891,1.1001327934239666
2023-02-06,-0.00685068676025001,1.0182873884163526,0.0015274310826245288,-0.008378117842874538,1.0909157512378498
2023-02-07,0.00035285431127243984,0.0,0.0,0.00035285431127243984,1.0913006855639091
2023-02-08,-0.0005560106227442489,0.0,0.0,-0.0005560106227442489,1.0906939107901275
2023-02-09,0.002167787287058842,0.0,0.0,0.002167787287058842,1.0930583031840109
2023-02-10,-0.00025653914828439384,0.0,0.0,-0.00025653914828439384,1.092777890937887
2023-02-13,0.00238106944503593,0.5999765272401356,0.0008999647908602034,0.0014811046541757266,1.0943964093581355
2023-02-14,0.0017890033115884989,0.0,0.0,0.0017890033115884989,1.0963542881586679
2023-02-15,-0.0026108791142784933,0.0,0.0,-0.0026108791142784933,1.0934918396458648
2023-02-16,-0.0005506916741689075,0.0,0.0,-0.0005506916741689075,1.0928896627940001
2023-02-17,-0.0037067738285105267,0.0,0.0,-0.0037067738285105267,1.0888385679945056
2023-02-20,0.011662327703357966,0.27022893760876715,0.00040534340641315076,0.011256984296944815,1.1010956066563276
2023-02-21,-5.74910166765601e-05,0.0,0.0,-5.74910166765601e-05,1.1010323035504428
2023-02-22,-0.0023854770300235787,0.0,0.0,-0.0023854770300235787,1.0984058162810093
2023-02-23,-0.001349209214803444,0.0,0.0,-0.001349209214803444,1.0969238370320893
2023-02-24,-0.0029527376466388436,0.0,0.0,-0.0029527376466388436,1.0936849087229892
2023-02-27,-0.005046244286442927,0.8022740071049321,0.001203411010657398,-0.006249655297100325,1.08684975503983
2023-02-28,0.003931551613354628,0.0,0.0,0.003931551613354628,1.091122760947731
2023-03-01,0.007254676980026254,0.0,0.0,0.007254676980026254,1.0990385041239612
2023-03-02,-0.0005332106039797214,0.0,0.0,-0.0005332106039797214,1.0984524851393802
2023-03-03,0.0007033118663223354,0.0,0.0,0.0007033118663223354,1.0992250398067702
2023-03-06,0.0008590752044473206,0.8632294750103089,0.0012948442125154634,-0.00043576900806814286,1.0987460316015298
2023-03-07,-0.00328674009602192,0.0,0.0,-0.00328674009602192,1.0951347389641202
2023-03-08,-0.0033057737762425296,0.0,0.0,-0.0033057737762425296,1.0915144712626004
2023-03-09,-0.0012017713808456984,0.0,0.0,-0.0012017713808456984,1.0902027204092581
2023-03-10,-0.00402357659965087,0.0,0.0,-0.00402357659965087,1.0858162062545438
2023-03-13,0.006746226048459826,1.166064304015935,0.0017490964560239026,0.004997129592435923,1.0912421705507647
2023-03-14,0.0023276944677858825,0.0,0.0,0.0023276944677858825,1.0937822489141704
2023-03-15,0.0006103351308835135,0.0,0.0,0.0006103351308835135,1.0944498226462196
2023-03-16,0.0003900321887628144,0.0,0.0,0.0003900321887628144,1.0948766933060374
2023-03-17,0.006770626069529467,0.0,0.0,0.006770626069529467,1.1022896939886555
2023-03-20,0.008789782107373523,0.7652031348910454,0.0011478047023365681,0.007641977405036955,1.110713366923922
2023-03-21,-0.00456150914150121,0.0,0.0,-0.00456150914150121,1.105646837747111
2023-03-22,-0.0026209925755566197,0.0,0.0,-0.0026209925755566197,1.1027489455941881
2023-03-23,0.007745064035553362,0.0,0.0,0.007745064035553362,1.1112898067929542
2023-03-24,0.003968980038153201,0.0,0.0,0.003968980038153201,1.1157004938527186
2023-03-27,-0.00518966756691595,0.6392605117603538,0.0009588907676405308,-0.006148558334556481,1.1088405442823717
2023-03-28,-0.0034311369011526633,0.0,0.0,-0.0034311369011526633,1.1050359605733902
2023-03-29,-0.0014912407939526697,0.0,0.0,-0.0014912407939526697,1.1033880858701983
2023-03-30,0.0019532766961737253,0.0,0.0,0.0019532766961737253,1.1055433081051642
2023-03-31,0.00834040634025039,0.0,0.0,0.00834040634025039,1.114763988521506
2023-04-03,0.008667845400257359,0.49241370928113504,0.0007386205639217026,0.007929224836335656,1.1236032028259433
2023-04-04,0.0050357882345677075,0.0,0.0,0.0050357882345677075,1.1292614306150568
2023-04-06,-0.0009935118407820402,0.0,0.0,-0.0009935118407820402,1.1281394960124023
2023-04-07,0.003325452713629354,0.0,0.0,0.003325452713629354,1.131891070560769
2023-04-10,-0.012779369173837273,0.49948755440400927,0.000749231331606014,-0.013528600505443288,1.116578168451474
2023-04-11,0.00537718059530046,0.0,0.0,0.00537718059530046,1.1225822109120074
2023-04-12,0.013143601488893038,0.0,0.0,0.013143601488893038,1.1373369841307552
2023-04-13,-0.008297298627262611,0.0,0.0,-0.008297298627262611,1.1279001595335922
2023-04-14,0.005625029620591615,0.0,0.0,0.005625029620591615,1.1342446313400385
2023-04-17,0.008897752220998699,0.5871404538101873,0.000880710680715281,0.008017041540283418,1.143337917666335
2023-04-18,0.0030658391312322615,0.0,0.0,0.0030658391312322615,1.1468432077945379
2023-04-19,-0.0031258015822853433,0.0,0.0,-0.0031258015822853433,1.1432584034809805
2023-04-20,0.005655593013141802,0.0,0.0,0.005655593013141802,1.1497242077199232
2023-04-21,-0.012408744910889292,0.0,0.0,-0.012408744910889292,1.1354575733084524
2023-04-24,0.004588481791422814,0.5871404538101873,0.000880710680715281,0.003707771110707533,1.1396675900961997
2023-04-25,0.0031509972425237984,0.0,0.0,0.0031509972425237984,1.1432586795299866
2023-04-26,-0.003773632913738118,0.0,0.0,-0.003773632913738118,1.1389444409479954
2023-04-27,0.0005282120660538459,0.0,0.0,0.0005282120660538459,1.1395460451442692
2023-04-28,0.014091706511130234,0.0,0.0,0.014091706511130234,1.1556041935683614
2023-05-04,0.009187822290117316,0.021207080738416262,3.181062110762439e-05,0.009156011669009692,1.1661849190494298
2023-05-05,-0.002498907467621978,0.0,0.0,-0.002498907467621978,1.163270730846589
2023-05-08,0.006180549879697017,0.5527618491517925,0.0008291427737276887,0.005351407105969329,1.1694958661018076
2023-05-09,-0.005297351546448924,0.0,0.0,-0.005297351546448924,1.1633006353669475
2023-05-10,-0.008628142394931697,0.0,0.0,-0.008628142394931697,1.153263511836887
2023-05-11,0.0005794832768800236,0.0,0.0,0.0005794832768800236,1.1539318087558323
2023-05-12,-0.0068108806694049395,0.0,0.0,-0.0068108806694049395,1.1460725169057657
2023-05-15,-0.00046749735605029004,0.9184482720890421,0.0013776724081335631,-0.0018451697641838532,1.1439578185500092
2023-05-16,-0.0020369818458841086,0.0,0.0,-0.0020369818458841086,1.1416275972411658
2023-05-17,0.0033673347026393218,0.0,0.0,0.0033673347026393218,1.1454718394668466
2023-05-18,0.011368491428307436,0.0,0.0,0.011368491428307436,1.158494126255193
2023-05-19,0.006193371080964353,0.0,0.0,0.006193371080964353,1.165669110274209
2023-05-22,0.00018023047432845756,1.088107637836751,0.0016321614567551266,-0.001451930982426669,1.163976639177744
2023-05-23,0.0006905002134108805,0.0,0.0,0.0006905002134108805,1.1647803652955013
2023-05-24,-0.002770611614251268,0.0,0.0,-0.002770611614251268,1.1615532112873617
2023-05-25,0.0034767060696873136,0.0,0.0,0.0034767060696873136,1.1655915903873093
2023-05-26,-0.0006683732966026085,0.0,0.0,-0.0006683732966026085,1.1648125400935498
2023-05-29,0.0148013804237335,0.37743063511027786,0.0005661459526654168,0.014235234471068083,1.1813939197166219
2023-05-30,0.0035801175009378457,0.0,0.0,0.0035801175009378457,1.1856234487641009
2023-05-31,0.003154590591705187,0.0,0.0,0.003154590591705187,1.1893636053408772
2023-06-01,0.0006042628390504099,0.0,0.0,0.0006042628390504099,1.1900822935697035
2023-06-02,0.005502877235912842,0.0,0.0,0.005502877235912842,1.1966311703318513
2023-06-05,-0.0008458342556111891,0.09010208145367765,0.00013515312218051646,-0.0009809873777917055,1.1954572902578835
2023-06-06,0.0015930654384946953,0.0,0.0,0.0015930654384946953,1.19736173195019
2023-06-07,0.00044938301413830265,0.0,0.0,0.00044938301413830265,1.1978998059743076
2023-06-08,-0.010514454172176661,0.0,0.0,-0.010514454172176661,1.1853045433615315
2023-06-09,0.011589419209519513,0.0,0.0,0.011589419209519513,1.1990415346054966
2023-06-12,0.00363286823930165,0.6137529197123411,0.0009206293795685117,0.0027122388597331385,1.2022936216500877
2023-06-13,0.009953968875902615,0.0,0.0,0.009953968875902615,1.214261214939689
2023-06-14,-0.00018646953734458298,0.0,0.0,-0.00018646953734458298,1.2140347922127237
2023-06-15,-0.0009891181890316868,0.0,0.0,-0.0009891181890316868,1.2128339683176288
2023-06-16,0.006246509384719633,0.0,0.0,0.006246509384719633,1.2204099470828318
2023-06-19,0.00015563222273698028,0.9268285319786651,0.0013902427979679978,-0.0012346105752310175,1.2189032160560462
2023-06-20,-9.027162711961216e-05,0.0,0.0,-9.027162711961216e-05,1.2187931836794315
2023-06-21,-0.006426167904178186,0.0,0.0,-0.006426167904178186,1.2109610140406395
2023-06-26,-0.012470567644774496,0.39774823203353993,0.0005966223480503099,-0.013067189992824807,1.1951371563962665
2023-06-27,0.0006633588417518177,0.02471115478202613,3.70667321730392e-05,0.0006262921095787785,1.1958856613671818
2023-06-28,0.0057396390290634595,0.008640029556119415,1.2960044334179121e-05,0.0057266789847292806,1.2027341146522723
2023-06-29,0.005622410718747757,0.0012700926221736117,1.9051389332604176e-06,0.005620505579814496,1.2094940884547085
2023-06-30,0.0009068637736021892,0.0012711212844044584,1.9066819266066875e-06,0.0009049570916755825,1.2105886287073953
2023-07-03,0.0038953841321236722,0.7881750435133394,0.001182262565270009,0.002713121566853663,1.213873102824529
2023-07-04,-0.0031555483268860575,0.008060635551094243,1.2090953326641366e-05,-0.003167639280212699,1.2100279907028284
2023-07-05,-0.0014420843297136914,0.0059676646465096905,8.951496969764536e-06,-0.0014510358266834559,1.2082721967370287
2023-07-06,-0.0003048129950271924,0.0011085020600316575,1.6627530900474862e-06,-0.0003064757481172399,1.2079018906116044
2023-07-07,-0.0024703867510953463,0.000584915345660672,8.773730184910081e-07,-0.002471264124113837,1.2049168460038866
2023-07-10,-0.002815074693645443,0.2187288296304515,0.00032809324444567725,-0.00314316793809112,1.2011295900054613
2023-07-11,0.003245004137967634,0.0026282144738822982,3.942321710823447e-06,0.0032410618162568103,1.2050225252560043
2023-07-12,-0.0004870263767344728,0.0,0.0,-0.0004870263767344728,1.2044356475016453
2023-07-13,0.010609792788559374,0.0,0.0,0.010609792788559374,1.217214460148792
2023-07-14,0.0006539697167586646,0.0,0.0,0.0006539697167586646,1.21801048154453
2023-07-17,0.0017271893047710982,0.5276026028965872,0.0007914039043448808,0.0009357854004262174,1.2191502779707255
2023-07-18,0.003943058771146147,0.0,0.0,0.003943058771146147,1.2239574591676232
2023-07-19,0.00863135320278083,0.0,0.0,0.00863135320278083,1.2345218683028771
2023-07-20,-0.008982019918233629,0.0,0.0,-0.008982019918233629,1.2234333682922856
2023-07-21,-0.007729731235836201,0.0,0.0,-0.007729731235836201,1.2139765571704324
2023-07-24,-0.00013066898474559173,0.8133205525200056,0.0012199808287800082,-0.0013506498135256,1.2123368999598656
2023-07-25,-0.0025178991865369166,0.0,0.0,-0.0025178991865369166,1.209284357865648
2023-07-26,0.0024014565921434638,0.0,0.0,0.0024014565921434638,1.2121884017586206
2023-07-27,0.003440856130867721,0.0,0.0,0.003440856130867721,1.2163593676525783
2023-07-28,-0.005546453389889691,0.0,0.0,-0.005546453389889691,1.2096128871145377
2023-07-31,0.002914447070108408,1.1038532790483409,0.0016557799185725113,0.0012586671515358967,1.2111353871216235
2023-08-01,-0.00010171620223045901,0.0,0.0,-0.00010171620223045901,1.2110121950296586
2023-08-02,-0.009407974034372133,0.0,0.0,-0.009407974034372133,1.1996190237435116
2023-08-03,-0.006464990681903629,0.0,0.0,-0.006464990681903629,1.1918634979331755
2023-08-04,0.0037474423414259645,0.0,0.0,0.0037474423414259645,1.1963299376705303
2023-08-07,-0.005152543810896941,1.0898614736221521,0.0016347922104332283,-0.006787336021330169,1.1882100443911834
2023-08-08,0.00033537129327964633,0.0,0.0,0.00033537129327964633,1.1886085359304588
2023-08-09,-0.0025110667654436223,0.0,0.0,-0.0025110667654436223,1.1856238605387612
2023-08-10,-0.003313675773289394,0.0,0.0,-0.003313675773289394,1.18169508747586
2023-08-11,-0.0038494249860077908,0.0,0.0,-0.0038494249860077908,1.1771462408802877
2023-08-14,0.00025357304837739204,0.8009748759747493,0.001201462313962124,-0.000947889265584732,1.1760304365945338
2023-08-15,0.004560742819831394,0.0,0.0,0.004560742819831394,1.1813940089641355
2023-08-16,-0.0028182955635605513,0.0,0.0,-0.0028182955635605513,1.1780644914698548
2023-08-17,-0.0024278403623611117,0.0,0.0,-0.0024278403623611117,1.1752043389479998
2023-08-18,-0.004882967729840669,0.0,0.0,-0.004882967729840669,1.169465854084948
2023-08-21,0.002732900246669906,0.6586660984411247,0.0009879991476616872,0.001744901099008219,1.1715064563389936
2023-08-22,0.0019539157932782123,0.0,0.0,0.0019539157932782123,1.1737954813059617
2023-08-23,0.002629109557499967,0.0,0.0,0.002629109557499967,1.1768815182244134
2023-08-24,0.006323502630843452,0.0,0.0,0.006323502630843452,1.1843235316010965
2023-08-25,-0.009842385580863703,0.0,0.0,-0.009842385580863703,1.1726669627505883
2023-08-28,0.0002796759541261177,0.6901818942592548,0.0010352728413888822,-0.0007555968872627645,1.1717808992437382
2023-08-29,0.002092441908752245,0.0,0.0,0.002092441908752245,1.1742327827051913
2023-08-30,0.007628088700408976,0.0,0.0,0.007628088700408976,1.1831899345265946
2023-08-31,0.0020336809829007547,0.0,0.0,0.0020336809829007547,1.1855961653956009
2023-09-01,0.0003860551686353938,0.0,0.0,0.0003860551686353938,1.1860538709231663
2023-09-04,-0.00016637040168859547,0.07232700029962903,0.00010849050044944355,-0.000274860902138039,1.18572787108622
2023-09-05,0.0005610096506281437,0.0,0.0,0.0005610096506281437,1.1863930758649182
2023-09-06,0.0009028141498326587,0.0,0.0,0.0009028141498326587,1.1874641683210725
2023-09-07,-0.0033540411375517962,0.0,0.0,-0.0033540411375517962,1.1834813646511548
2023-09-08,0.0024818394791903896,0.0,0.0,0.0024818394791903896,1.1864185754248322
2023-09-11,-0.0005135800225467328,0.21442297917764291,0.0003216344687664644,-0.0008352144913131973,1.1854276614378743
2023-09-12,0.001457135648651832,0.0,0.0,0.001457135648651832,1.1871549903422534
2023-09-13,-0.0013063929237670437,0.0,0.0,-0.0013063929237670437,1.1856040994634556
2023-09-14,0.0047561830794330935,0.0,0.0,0.0047561830794330935,1.1912430496202302
2023-09-15,-0.0014391477575198615,0.0,0.0,-0.0014391477575198615,1.1895286748567082
2023-09-18,-0.005435382162364282,0.6292589185095039,0.0009438883777642559,-0.006379270540128538,1.1819403496245566
2023-09-19,0.0038056190134332264,0.0,0.0,0.0038056190134332264,1.1864383642918317
2023-09-20,0.0012664222724645584,0.0,0.0,0.0012664222724645584,1.1879408962612772
2023-09-21,-0.0044879834949350245,0.0,0.0,-0.0044879834949350245,1.1826094371258982
2023-09-22,-0.003077430624597804,0.0,0.0,-0.003077430624597804,1.1789700386271487
2023-09-25,0.0017017316037552096,0.9899759153665624,0.0014849638730498435,0.0002167677307053661,1.1792256012869915
2023-09-26,-0.0013342856318314768,0.0,0.0,-0.0013342856318314768,1.1776521775105064
2023-09-27,-0.007081511012506405,0.0,0.0,-0.007081511012506405,1.1693126206465636
2023-09-28,-0.006528550848798306,0.0,0.0,-0.006528550848798306,1.1616787037445309
2023-10-09,0.0009481686557928794,0.8002444425765657,0.0012003666638648485,-0.0002521980080719691,1.1613857306894269
2023-10-10,-0.0012720039643187276,0.0,0.0,-0.0012720039643187276,1.1599084434358868
2023-10-11,-0.000292595607438749,0.0,0.0,-0.000292595607438749,1.1595690593203063
2023-10-12,0.007205672074827151,0.0,0.0,0.007205672074827151,1.1679245337098842
2023-10-13,-0.0009502925363640568,0.0,0.0,-0.0009502925363640568,1.1668146637424632
2023-10-16,-0.003245560771198093,0.3819211761112058,0.0005728817641668087,-0.0038184425353649017,1.1623592489995416
2023-10-17,0.0036680477732958386,0.0,0.0,0.0036680477732958386,1.166622838254604
2023-10-18,-0.002447451403433493,0.0,0.0,-0.002447451403433493,1.1637675855518401
2023-10-19,-0.011000644969455669,0.0,0.0,-0.011000644969455669,1.1509653915162237
2023-10-20,-0.005250996458584306,0.0,0.0,-0.005250996458584306,1.144921676321419
2023-10-23,-0.004699242825017846,1.2993468198190175,0.0019490202297285262,-0.006648263054746372,1.1373099358401528
2023-10-24,0.002064874785788115,0.0,0.0,0.002064874785788115,1.1396583384502954
2023-10-25,-0.0004447142318623606,0.0,0.0,-0.0004447142318623606,1.139151516167726
2023-10-26,-0.004448550414249021,0.0,0.0,-0.004448550414249021,1.1340839432185854
2023-10-27,0.0012286289979688745,0.0,0.0,0.0012286289979688745,1.1354773116373547
2023-10-30,0.0055999394543579835,0.9188668434889766,0.001378300265233465,0.004221639189124518,1.1402708871545246
2023-10-31,-0.00039833964806589895,0.0,0.0,-0.00039833964806589895,1.1398166720506357
2023-11-01,-0.001831293204921583,0.0,0.0,-0.001831293204921583,1.137729333524253
2023-11-02,-0.00011332947316204195,0.0,0.0,-0.00011332947316204195,1.1376003952582838
2023-11-03,0.0027712870522101185,0.0,0.0,0.0027712870522101185,1.1407530125042522
2023-11-06,-0.0006556443246141504,0.6503477913265205,0.0009755216869897807,-0.0016311660116039312,1.1388922549626204
2023-11-07,-0.0019760519164083753,0.0,0.0,-0.0019760519164083753,1.1366417447396189
2023-11-08,0.0002610920335195632,0.0,0.0,0.0002610920335195632,1.136938512844136
2023-11-09,-0.002118386731373432,0.0,0.0,-0.002118386731373432,1.1345300373841396
2023-11-10,0.0020161118053510386,0.0,0.0,0.0020161118053510386,1.136817376786035
2023-11-13,3.091553518580924e-05,0.4223981489556208,0.0006335972234334312,-0.000602681688247622,1.1361322377701644
2023-11-14,0.00194030424027639,0.0,0.0,0.00194030424027639,1.1383366799686245
2023-11-15,0.004680231199639299,0.0,0.0,0.004680231199639299,1.1436643588139075
2023-11-16,-0.00016397038442724074,0.0,0.0,-0.00016397038442724074,1.143476831729337
2023-11-17,0.0013908224182599624,0.0,0.0,0.0013908224182599624,1.1450672049416668
2023-11-20,-0.005577006964460378,0.44786706238601576,0.0006718005935790237,-0.0062488075580394015,1.1379119003369642
2023-11-21,-0.0026983879163846453,0.0,0.0,-0.0026983879163846453,1.1348413726151847
2023-11-22,-0.0024807820263858553,0.0,0.0,-0.0024807820263858553,1.1320260785352019
2023-11-23,-0.000693149549118581,0.0,0.0,-0.000693149549118581,1.1312414151692747
2023-11-24,0.0009682646415173083,0.0,0.0,0.0009682646415173083,1.132336756232603
2023-11-27,-0.0007254527000885543,1.1713898945473882,0.0017570848418210821,-0.0024825375419096365,1.1295256877251714
2023-11-28,0.0022992705253162115,0.0,0.0,0.0022992705253162115,1.1321227728465453
2023-11-29,-0.00040461497591693643,0.0,0.0,-0.00040461497591693643,1.131664699018075
2023-11-30,-0.000416948158262491,0.0,0.0,-0.000416948158262491,1.1311928535060487
2023-12-01,0.001629206801833243,0.0,0.0,0.001629206801833243,1.133035800597166
2023-12-04,0.004783003513333064,0.7959777890740121,0.0011939666836110181,0.0035890368297220457,1.1371023078149027
2023-12-05,-0.010875810656154358,0.0,0.0,-0.010875810656154358,1.1247353984184316
2023-12-06,0.0010045858239207403,0.0,0.0,0.0010045858239207403,1.1258652916553447
2023-12-07,-0.0017289989989857967,0.0,0.0,-0.0017289989989857967,1.1239186716930798
2023-12-08,-0.0007937033620671,0.0,0.0,-0.0007937033620671,1.123026613664667
2023-12-11,0.00012009248029247791,0.40567511890058205,0.000608512678350873,-0.0004884201980583951,1.1224781047835959
2023-12-12,0.0003949234599094939,0.0,0.0,0.0003949234599094939,1.1229213977204096
2023-12-13,-0.0004246483377825696,0.0,0.0,-0.0004246483377825696,1.122444551015407
2023-12-14,0.008286801792527866,0.0,0.0,0.008286801792527866,1.1317460265327748
2023-12-15,-0.002731876024056887,0.0,0.0,-0.002731876024056887,1.1286542366975683
2023-12-18,0.002255365646568456,0.44918585789950066,0.000673778786849251,0.001581586859719205,1.1304393014074954
2023-12-19,0.002242436648979648,0.0,0.0,0.002242436648979648,1.1329742399264187
2023-12-20,0.002889826006349583,0.0,0.0,0.002889826006349583,1.1362483383494824
2023-12-21,-0.004256019579801282,0.0,0.0,-0.004256019579801282,1.1314124431739503
2023-12-22,0.0038926092247886265,0.0,0.0,0.0038926092247886265,1.1358165896872898
2023-12-25,0.0014905602330381328,0.002802467890708274,4.203701836062411e-06,0.0014863565312020703,1.1375048180936191
2023-12-26,0.0011736675475307226,0.0,0.0,0.0011736675475307226,1.1388398705837754
2023-12-27,0.003177762486893846,0.0,0.0,0.003177762486893846,1.1424588332030956
2023-12-28,-0.0027622857123752887,0.0,0.0,-0.0027622857123752887,1.1393030354911617
2023-12-29,-0.001001387445246907,0.0,0.0,-0.001001387445246907,1.1381621517350893
2024-01-02,0.0008548753560346681,0.40458320126620617,0.0006068748018993093,0.00024800055413535876,1.1384444165794156
2024-01-03,-0.004756143325705925,0.0,0.0,-0.004756143325705925,1.1330298117658142
2024-01-04,-0.0027517619432379974,0.0,0.0,-0.0027517619432379974,1.1299119834492428
2024-01-05,-0.0013222085378695517,0.0,0.0,-0.0013222085378695517,1.128418004177685
2024-01-08,-0.0015483800040437885,0.9954167987337939,0.0014931251981006907,-0.003041505202144479,1.124985914947785
2024-01-09,0.0044972118905766845,0.0,0.0,0.0044972118905766845,1.1300452149812195
2024-01-10,-0.002725655619134019,0.0,0.0,-0.002725655619134019,1.1269651008911303
2024-01-11,0.0004970892889468036,0.0,0.0,0.0004970892889468036,1.1275253031718002
2024-01-12,0.0007064628134977991,0.0,0.0,0.0007064628134977991,1.128321857869769
2024-01-15,0.004167708430585045,0.6483084154212566,0.000972462623131885,0.00319524580745316,1.131927123555585
2024-01-16,-0.0019271893611790428,0.0,0.0,-0.0019271893611790428,1.1297456856454386
2024-01-17,-0.004549393639335729,0.0,0.0,-0.004549393639335729,1.1246060278090964
2024-01-18,-0.0005405820738148609,0.0,0.0,-0.0005405820738148609,1.1239980859503587
2024-01-19,0.0061703389503069,0.0,0.0,0.0061703389503069,1.1309335351201686
2024-01-22,0.008639277668443041,0.8143146793623716,0.0012214720190435572,0.007417805649399484,1.1393225802860782
2024-01-23,0.002489731633796931,0.0,0.0,0.002489731633796931,1.1421591877553154
2024-01-24,0.00017165626840231476,0.0,0.0,0.00017165626840231476,1.142355246539407
2024-01-25,-0.007871456333121318,0.0,0.0,-0.007871456333121318,1.1333632470993598
2024-01-26,-0.001343668673197533,0.0,0.0,-0.001343668673197533,1.131840382408879
2024-01-29,0.0019881614521564325,0.771549191771473,0.0011573237876572095,0.0008308376644992231,1.1327807580287854
2024-01-30,0.0038294435786377255,0.0,0.0,0.0038294435786377255,1.137118678028623
2024-01-31,-0.0027860713917111915,0.0,0.0,-0.0027860713917111915,1.133950584210787
2024-02-01,-0.0032052117711769117,0.0,0.0,-0.0032052117711769117,1.1303160324503416
2024-02-02,0.006812740156648381,0.0,0.0,0.006812740156648381,1.1380165818743195
2024-02-05,-0.002136121757056974,0.40965683343809445,0.0006144852501571416,-0.0027506070072141156,1.1348863454898903
2024-02-06,-0.0007168412677865716,0.0,0.0,-0.0007168412677865716,1.1340728121231956
2024-02-07,0.0008205835462437223,0.0,0.0,0.0008205835462437223,1.1350034136130662
2024-02-08,0.008476137986966443,0.0,0.0,0.008476137986966443,1.1446238591625286
2024-02-19,-0.003407498898273967,0.4305834517628303,0.0006458751776442454,-0.004053374075918213,1.1399842704851217
2024-02-20,-0.0010440600286008399,0.0,0.0,-0.0010440600286008399,1.1387940584750746
2024-02-21,-0.002592748486368596,0.0,0.0,-0.002592748486368596,1.135841451903678
2024-02-22,0.004032426201858384,0.0,0.0,0.004032426201858384,1.140421648735491
2024-02-23,0.0029340184592122724,0.0,0.0,0.0029340184592122724,1.1437676669041663
2024-02-26,0.00028683019893120817,0.41332887108028793,0.000619993306620432,-0.0003331631076892238,1.143386605713786
2024-02-27,0.0004122350427975958,0.0,0.0,0.0004122350427975958,1.1438579497401267
2024-02-28,0.0021162699558572745,0.0,0.0,0.0021162699558572745,1.1462786619529302
2024-02-29,-0.0014650489955120231,0.0,0.0,-0.0014650489955120231,1.144599307550659
2024-03-01,0.00431538062427924,0.0,0.0,0.00431538062427924,1.1495386892250268
2024-03-04,0.00757148878554076,0.40802696301957314,0.0006120404445293597,0.0069594483410114006,1.1575388443486823
2024-03-05,0.0016210826028060493,0.0,0.0,0.0016210826028060493,1.159415310431328
2024-03-06,0.0006522812872391984,0.0,0.0,0.0006522812872391984,1.160171575342461
2024-03-07,0.0012836104141145045,0.0,0.0,0.0012836104141145045,1.1616607836587303
2024-03-08,0.006175979754351746,0.0,0.0,0.006175979754351746,1.168835177140031
2024-03-11,-0.0025163904719653182,1.1223503615102604,0.0016835255422653905,-0.004199916014230708,1.1639261675615642
2024-03-12,-0.004895984704985528,0.0,0.0,-0.004895984704985528,1.1582276028474503
2024-03-13,-0.0007967806197245591,0.0,0.0,-0.0007967806197245591,1.1573047495402715
2024-03-14,0.0013237152360416663,0.0,0.0,0.0013237152360416663,1.1588366914699815
2024-03-15,-3.0680376519383215e-05,0.0,0.0,-3.0680376519383215e-05,1.1588011379239627
2024-03-18,-0.0024044020261124524,0.899280973541361,0.0013489214603120416,-0.003753323486424494,1.1544517823968972
2024-03-19,-0.00040606936087027724,0.0,0.0,-0.00040606936087027724,1.1539829948994638
2024-03-20,0.00260375671890035,0.0,0.0,0.00260375671890035,1.15698768587593
2024-03-21,0.013599764589632645,0.0,0.0,0.013599764589632645,1.1727224460369465
2024-03-22,-0.001715916731064979,0.0,0.0,-0.001715916731064979,1.1707101519708962
2024-03-25,-0.0021101115184122875,0.8009586318170043,0.0012014379477255067,-0.003311549466137794,1.166833287392135
2024-03-26,0.002366353890500444,0.0,0.0,0.002366353890500444,1.1695944278813208
2024-03-27,0.00351759086169102,0.0,0.0,0.00351759086169102,1.173708582552721
2024-03-28,0.0004680530413227722,0.0,0.0,0.0004680530413227722,1.1742579404244113
2024-03-29,0.0010917122806474115,0.0,0.0,0.0010917122806474115,1.1755398922386202
2024-04-01,0.0014760132667286261,0.46399238706679824,0.0006959885806001974,0.0007800246861284287,1.176456842374095
2024-04-02,-0.0013543057578064865,0.0,0.0,-0.0013543057578064865,1.174863560098657
2024-04-03,-0.004430451848737747,0.0,0.0,-0.004430451848737747,1.1696583836668033
2024-04-08,0.003964658994573433,0.786338951112987,0.0011795084266694807,0.0027851505679039527,1.1729160583783265
2024-04-09,0.0012752427722870527,0.0,0.0,0.0012752427722870527,1.174411811104273
2024-04-10,0.0013625026507901915,0.0,0.0,0.0013625026507901915,1.176011950310022
2024-04-11,-0.006893355109658791,0.0,0.0,-0.006893355109658791,1.1679052823233325
2024-04-12,0.012838005343020032,0.0,0.0,0.012838005343020032,1.1828988565779406
2024-04-15,0.0004639523894653995,0.7674718707901073,0.001151207806185161,-0.0006872554167197615,1.1820859029313258
2024-04-16,-0.007569167772903318,0.0,0.0,-0.007569167772903318,1.1731384964100546
2024-04-17,0.00231119049306063,0.0,0.0,0.00231119049306063,1.175849842950001
2024-04-18,-0.0011559121658704086,0.0,0.0,-0.0011559121658704086,1.1744906638112984
2024-04-19,-0.003758691479422625,0.0,0.0,-0.003758691479422625,1.1700761157605695
2024-04-22,-0.012324637983874863,0.8140233148606053,0.001221034972290908,-0.013545672956165771,1.154226647362656
2024-04-23,-0.011949190935846274,0.0,0.0,-0.011949190935846274,1.1404345727700778
2024-04-24,0.004022931953335402,0.0,0.0,0.004022931953335402,1.1450224634535628
2024-04-25,0.0013257166256538833,0.0,0.0,0.0013257166256538833,1.1465404387701106
2024-04-26,0.00044053750216820607,0.0,0.0,0.00044053750216820607,1.147045532831141
2024-04-29,0.0007935161198604465,1.0355825592372694,0.001553373838855904,-0.0007598577189954575,1.14617394142898
2024-04-30,0.003145283066200441,0.0,0.0,0.003145283066200441,1.1497789829178768
2024-05-06,0.0009437759308451642,0.33097186753960695,0.0004964578013094104,0.0004473181295357538,1.150293299901895
2024-05-07,0.00026957361432548973,0.0,0.0,0.00026957361432548973,1.150603388624284
2024-05-08,0.0006287760688002956,0.0,0.0,0.0006287760688002956,1.1513268604997313
2024-05-09,0.0014520207652289783,0.0,0.0,0.0014520207652289783,1.1529986110087427
2024-05-10,0.005061085492738486,0.0,0.0,0.005061085492738486,1.1588340355520665
2024-05-13,0.004942284955920954,1.0029815477883883,0.0015044723216825825,0.003437812634238372,1.162817889840473
2024-05-14,-0.0030129796766818614,0.0,0.0,-0.0030129796766818614,1.1593143431707016
2024-05-15,-0.002774364271882362,0.0,0.0,-0.002774364271882362,1.156097982877128
2024-05-16,0.0017044190476792512,0.0,0.0,0.0017044190476792512,1.1580684583001273
2024-05-17,0.005518420930452969,0.0,0.0,0.005518420930452969,1.1644591675193081
2024-05-20,0.009975852051116667,0.6697270292747965,0.0010045905439121949,0.008971261507204472,1.1749058352255854
2024-05-21,-0.004783323827361447,0.0,0.0,-0.004783323827361447,1.1692858801490449
2024-05-22,0.00014251214260380186,0.0,0.0,0.00014251214260380186,1.1694525175851411
2024-05-23,-0.010424725600699469,0.0,0.0,-0.010424725600699469,1.1572612959862687
2024-05-24,-0.00377638817838449,0.0,0.0,-0.00377638817838449,1.1528910281088043
2024-05-27,0.005715265600588734,0.6347351101730476,0.0009521026652595715,0.004763162935329163,1.1583824359223656
2024-05-28,0.0007267796317213146,0.0,0.0,0.0007267796317213146,1.1592243246825378
2024-05-29,0.0013451968823905247,0.0,0.0,0.0013451968823905247,1.160783709630092
2024-05-30,-0.0072235127282562,0.0,0.0,-0.0072235127282562,1.1523987737288266
2024-05-31,0.00013552728662809637,0.0,0.0,0.00013552728662809637,1.1525549552077436
2024-06-03,-0.006435558842737947,0.5056679594576221,0.0007585019391864332,-0.007194060781924381,1.144263404805471
2024-06-04,0.004264295403989104,0.0,0.0,0.004264295403989104,1.1491428819835359
2024-06-05,-0.007554523597995757,0.0,0.0,-0.007554523597995757,1.1404616549641224
2024-06-06,0.0051599457633051595,0.0,0.0,0.0051599457633051595,1.1463463752488665
2024-06-07,0.003915266136817179,0.0,0.0,0.003915266136817179,1.1508346263929414
2024-06-11,-0.005461510963351712,0.6994581847897313,0.001049187277184597,-0.006510698240536308,1.1433418894157366
2024-06-12,0.004132808554995768,0.0,0.0,0.004132808554995768,1.148067102557599
2024-06-13,0.0026243814948384847,0.0,0.0,0.0026243814948384847,1.1510800686163842
2024-06-14,0.0002703083232222537,0.0,0.0,0.0002703083232222537,1.1513912151396266
2024-06-17,-0.0029406866247383787,0.2823047099027304,0.0004234570648540956,-0.0033641436895924743,1.1475177696489625
2024-06-18,0.003908174766840502,0.0,0.0,0.003908174766840502,1.1520024696408058
2024-06-19,0.000925692127890304,0.0,0.0,0.000925692127890304,1.1530688692582625
2024-06-20,0.0010782818874858118,0.0,0.0,0.0010782818874858118,1.1543122025350072
2024-06-21,-0.00209081000174897,0.0,0.0,-0.00209081000174897,1.1518987550368063
2024-06-24,-0.0035457844351507693,0.2842714777024788,0.00042640721655371817,-0.003972191651704487,1.1473231924184404
2024-06-25,-0.0007393874594404176,0.0,0.0,-0.0007393874594404176,1.146474876038041
2024-06-26,0.0020874070553363296,0.0,0.0,0.0020874070553363296,1.1488680357830485
2024-06-27,5.843475320703418e-05,0.0,0.0,5.843475320703418e-05,1.148935169603187
2024-06-28,0.006670249233622516,0.0,0.0,0.006670249233622516,1.1565988535377147
2024-07-01,0.001643264279687557,0.6076756375023307,0.000911513456253496,0.0007317508234340609,1.157445195701174
2024-07-02,0.0013296046795831342,0.0,0.0,0.0013296046795831342,1.1589841402497394
2024-07-03,0.003663754179359646,0.0,0.0,0.003663754179359646,1.163230373237391
2024-07-04,-0.0006834725192301906,0.0,0.0,-0.0006834725192301906,1.1624353372437493
2024-07-05,-0.0018770131135502836,0.0,0.0,-0.0018770131135502836,1.1602534308720884
2024-07-08,0.0009367732032168838,0.2738568147528792,0.00041078522212931884,0.0005259879810875649,1.1608637102317427
2024-07-09,0.002497585208169357,0.0,0.0,0.002497585208169357,1.1637630662631182
2024-07-10,-0.00455448463949526,0.0,0.0,-0.00455448463949526,1.1584627252538109
2024-07-11,0.0057424453820052795,0.0,0.0,0.0057424453820052795,1.1651151341806698
2024-07-12,-0.006908605449088072,0.0,0.0,-0.006908605449088072,1.1570658134158542
2024-07-15,0.00944086468452925,0.3551318271786066,0.0005326977407679098,0.00890816694376134,1.1673731488466816
2024-07-16,0.001913801725590191,0.0,0.0,0.001913801725590191,1.1696072695933522
2024-07-17,0.003129532816212964,0.0,0.0,0.003129532816212964,1.1732675939256256
2024-07-18,-0.002058165725425571,0.0,0.0,-0.002058165725425571,1.1708528147770554
2024-07-19,-0.00580516801953458,0.0,0.0,-0.00580516801953458,1.1640558174611295
2024-07-22,-0.007152866456782804,0.13686803129854935,0.00020530204694782403,-0.007358168503730628,1.1554904986085026
2024-07-23,0.002122494475581807,0.0,0.0,0.002122494475581807,1.1579430208083863
2024-07-24,-0.0019450643641012702,0.0,0.0,-0.0019450643641012702,1.155690747102952
2024-07-25,-0.009995786433214814,0.0,0.0,-0.009995786433214814,1.1441387092120685
2024-07-26,-0.000462299893418405,0.0,0.0,-0.000462299893418405,1.1436097740087439
2024-07-29,0.006346350856315527,0.22418084269952576,0.00033627126404928864,0.006010079592266238,1.15048295977303
2024-07-30,-0.005445500518469891,0.0,0.0,-0.005445500518469891,1.144218004219095
2024-07-31,-0.00016491230151410613,0.0,0.0,-0.00016491230151410613,1.1440293085945854
2024-08-01,0.002615963288287454,0.0,0.0,0.002615963288287454,1.1470220472665937
2024-08-02,-0.00928269868670852,0.0,0.0,-0.00928269868670852,1.1363745872148063
2024-08-05,-0.010899062126703956,0.7517528621160497,0.0011276292931740746,-0.01202669141987803,1.1227077607169826
2024-08-06,-0.003297040407663443,0.0,0.0,-0.003297040407663443,1.1190061478639015
2024-08-07,0.0022444337724525512,0.0,0.0,0.0022444337724525512,1.1215176830537492
2024-08-08,0.0014459525594709695,0.0,0.0,0.0014459525594709695,1.1231393444180529
2024-08-09,0.00238850539685459,0.0,0.0,0.00238850539685459,1.125821968803615
2024-08-12,0.000986707785942687,0.2421712160718304,0.0003632568241077456,0.0006234509618349416,1.1265238635929207
2024-08-13,0.001723328165210901,0.0,0.0,0.001723328165210901,1.1284652338958325
2024-08-14,-0.0009862859005671063,0.0,0.0,-0.0009862859005671063,1.1273522445463608
2024-08-15,0.004037666317021127,0.0,0.0,0.004037666317021127,1.131904116731584
2024-08-16,7.154950378571797e-05,0.0,0.0,7.154950378571797e-05,1.131985103909469
2024-08-19,0.003003756257862821,0.8519294328221563,0.0012778941492332344,0.0017258621086295868,1.1339387541078396
2024-08-20,0.00018731415690254565,0.0,0.0,0.00018731415690254565,1.1341511568895446
2024-08-21,0.0009901497814484134,0.0,0.0,0.0009901497814484134,1.1352741364096681
2024-08-22,0.0003709618908465526,0.0,0.0,0.0003709618908465526,1.1356952798499398
2024-08-23,-0.0027497089929029803,0.0,0.0,-0.0027497089929029803,1.132572448325739
2024-08-26,0.0026893925560753018,0.6362899563161724,0.0009544349344742585,0.0017349576216010433,1.134537413526977
2024-08-27,0.0004889243886507488,0.0,0.0,0.0004889243886507488,1.1350921165382872
2024-08-28,-0.0004057952468773882,0.0,0.0,-0.0004057952468773882,1.134631501552628
2024-08-29,-0.004186969313890542,0.0,0.0,-0.004186969313890542,1.1298808342730537
2024-08-30,-0.0025604210770579167,0.0,0.0,-0.0025604210770579167,1.1269878635704174
2024-09-02,0.0007634927049387434,0.8260330105450284,0.0012390495158175426,-0.00047555681087879925,1.1264519168161187
2024-09-03,0.0013869910190046188,0.0,0.0,0.0013869910190046188,1.128014295508083
2024-09-04,-0.014833441412669138,0.0,0.0,-0.014833441412669138,1.1112819615430105
2024-09-05,0.004358299349523056,0.0,0.0,0.004358299349523056,1.11612526099314
2024-09-06,-0.000560451850120606,0.0,0.0,-0.000560451850120606,1.11549972652565
2024-09-09,-0.004774843936348797,0.40515942872952737,0.000607739143094291,-0.005382583079443088,1.1094954565725297
2024-09-10,0.0015941151765790868,0.0,0.0,0.0015941151765790868,1.1112641201181974
2024-09-11,0.002525555802646018,0.0,0.0,0.002525555802646018,1.1140706796650341
2024-09-12,0.003965854321820997,0.0,0.0,0.003965854321820997,1.1184889216847977
2024-09-13,0.006887531764246447,0.0,0.0,0.006887531764246447,1.1261925496608596
2024-09-18,0.00030038088656587155,0.010710064369042621,1.606509655356393e-05,0.0002843157900123076,1.1265127439853224
2024-09-19,0.002610747605947285,0.0,0.0,0.002610747605947285,1.1294537844347512
2024-09-20,0.00572603649396619,0.0,0.0,0.00572603649396619,1.1359210780226727
2024-09-23,0.0031522192452060668,0.004625507750608077,6.938261625912115e-06,0.0031452809835801547,1.1394938689882252
2024-09-24,-0.003028355997861655,0.0,0.0,-0.003028355997861655,1.1360430758955482
2024-09-25,0.0013991531296213865,0.0,0.0,0.0013991531296213865,1.1376325741205722
2024-09-26,0.001521000940663531,0.0,0.0,0.001521000940663531,1.139362914335939
2024-09-27,-0.005594900177137367,0.0,0.0,-0.005594900177137367,1.132988292564697
2024-09-30,0.022651876563594818,0.9964174816247903,0.0014946262224371854,0.021157250341157632,1.156959209504089
2024-10-08,0.013670995583400528,0.45119769203914195,0.0006767965380587129,0.012994199045341815,1.1719929677597263
2024-10-09,-0.022278314547983603,0.0,0.0,-0.022278314547983603,1.1458829397759502
2024-10-10,0.0032301457060627805,0.014612010422073274,2.191801563310991e-05,0.0032082276904296706,1.1495591931533304
2024-10-11,-0.0003681065375057274,0.0009334986266551493,1.400247939982724e-06,-0.0003695067854457101,1.1491344232311889
2024-10-14,0.005089999008845892,0.47364733865265346,0.0007104710079789802,0.004379528000866912,1.15416708961449
2024-10-15,-0.010419150635821054,0.0013312680290441525,1.9969020435662286e-06,-0.01042114753786462,1.1421393440902696
2024-10-16,0.00712348262308098,0.01279860771644871,1.9197911574673065e-05,0.007104284711506307,1.1502534271709
2024-10-17,0.0020970469195624336,0.007300870132273651,1.0951305198410476e-05,0.0020860956143640232,1.1526529658007283
2024-10-18,0.017602400094906035,0.00018442236009642843,2.7663354014464267e-07,0.01760212346136589,1.1729421056128624
2024-10-21,0.0024944047197170624,0.43283520526238684,0.0006492528078935803,0.0018451519118234821,1.175106361981492
2024-10-22,0.000727068373636008,0.0001620552806528286,2.430829209792429e-07,0.0007268252907150287,1.1759604590046604
2024-10-23,0.006930998441767954,0.006385682513089103,9.578523769633654e-06,0.00692141991799832,1.1840997751483937
2024-10-24,-0.0078762840829264,0.0017748934533902277,2.6623401800853415e-06,-0.007878946423106485,1.174770316460387
2024-10-25,0.0016403120485351805,0.013230557358326692,1.9845836037490038e-05,0.0016204662124976905,1.1766739920656564
2024-10-28,0.0024230681252818613,0.007077119239399507,1.061567885909926e-05,0.002412452446422762,1.1795126621164573
2024-10-29,0.003079878716267549,0.01868028691448044,2.8020430371720662e-05,0.0030518582858958285,1.1831123676076565
2024-10-30,0.0009016531157411412,0.0008881290277590742,1.3321935416386113e-06,0.0009003209221995026,1.1841775484255268
2024-10-31,-0.0002786006748560667,0.0056540969447167605,8.481145417075141e-06,-0.00028708182027314185,1.1838375925793982
2024-11-01,-0.0033328798803764163,0.006756007499786984,1.0134011249680476e-05,-0.003343013891626097,1.1798800070619762
2024-11-04,0.0028423858663627916,0.7806687364780092,0.0011710031047170136,0.001671382761645778,1.18185203816659
2024-11-05,0.008340890663962713,0.00028900041988393077,4.3350062982589616e-07,0.008340457163332888,1.1917092244643162
2024-11-06,-0.0012709184277633668,0.0074276195499278636,1.1141429324891795e-05,-0.0012820598570882585,1.1901813819063087
2024-11-07,0.0024080321259596542,0.02688756274843991,4.033134412265987e-05,0.0023677007818369944,1.192999375294776
2024-11-08,0.00014641111641072757,0.003867549337215545,5.801324005823317e-06,0.00014060979240490426,1.1931671226892753
2024-11-11,4.1864401360601836e-05,1.5014356034244172,0.0022521534051366254,-0.0022102890037760236,1.190529878518328
2024-11-12,-0.02543567437438844,0.00027671353269670407,4.150702990450561e-07,-0.025436089444687483,1.1602474540417629
2024-11-13,-0.0007402819288709124,0.12030272162551749,0.00018045408243827623,-0.0009207360113091887,1.159179172428797
2024-11-14,-0.019084684970247533,0.00033836666970553375,5.075500045583006e-07,-0.019085192520252092,1.1370560147575268
2024-11-15,-0.015000770049760043,0.06281430276569828,9.422145414854743e-05,-0.01509499150390859,1.1198921638752939
2024-11-18,-0.0035635671667093895,1.0827191221734886,0.0016240786832602328,-0.005187645849969622,1.1140825599389528
2024-11-19,0.010863862513080125,0.0004239595523429923,6.359393285144885e-07,0.01086322657375161,1.1261850912094349
2024-11-20,0.002208839690566816,0.018634838518759647,2.795225777813947e-05,0.0021808874327886767,1.1286411741218474
2024-11-21,0.001100412226928341,2.5985430040370572e-05,3.897814506055586e-08,0.0011003732487832804,1.1298831006773264
2024-11-22,-0.019543764188968814,0.0001622725642985573,2.4340884644783593e-07,-0.01954400759781526,1.1078006567730456
2024-11-25,-0.0031094421680051302,0.4389936299809386,0.0006584904449714079,-0.0037679326129765383,1.1036265385497135
2024-11-26,-0.0017656157760892132,0.0011707377228490357,1.7561065842735535e-06,-0.0017673718826734868,1.1016760200365083
2024-11-27,0.015201904191383522,6.415041696060386e-05,9.622562544090579e-08,0.01520180796575808,1.118423487333584
2024-11-28,-0.0009295052224533017,0.03196552003801301,4.794828005701951e-05,-0.0009774535025103212,1.1173302803786
2024-11-29,0.00614798853778308,8.5715578570289e-05,1.285733678554335e-07,0.006147859964415225,1.1241994704763685
2024-12-02,0.003545677148608371,0.013950228137103407,2.0925342205655113e-05,0.003524751806402716,1.1281619945906871
2024-12-03,-0.0011738306410328837,0.0005501174113259344,8.251761169889016e-07,-0.0011746558171498727,1.1268367925410536
2024-12-04,-0.0010715181304162646,0.00022089547329441628,3.313432099416244e-07,-0.0010718494736262063,1.1256289931181058
2024-12-05,-0.0007493870412738677,0.00018516278722272017,2.7774418083408025e-07,-0.0007496647854547018,1.1247851487004783
2024-12-06,0.007030218734424459,1.3513840586898418e-05,2.0270760880347626e-08,0.0070301984636635785,1.132692611524824
2024-12-09,0.0021379627940143046,0.6322869597186179,0.0009484304395779269,0.0011895323544363777,1.1340399860338637
2024-12-10,0.0002862060666887884,0.0004540031573356598,6.810047360034897e-07,0.0002855250619527849,1.1343637828711328
2024-12-11,-0.0010128561166627401,7.711038969746703e-05,1.1566558454620054e-07,-0.0010129717822472864,1.1332147043682812
2024-12-12,0.006078112275925827,0.0015190896884886354,2.2786345327329533e-06,0.006075833641393094,1.1400999283920032
2024-12-13,-0.0021613634357544446,0.0043901734417529995,6.5852601626295e-06,-0.0021679486959170742,1.1376282502390307
2024-12-16,-0.002501481726067415,0.6005868220048924,0.0009008802330073386,-0.0034023619590747532,1.1337576271568486
2024-12-17,-0.003533924196391795,0.0004757754466754027,7.136631700131041e-07,-0.003534637859561808,1.129750204524333
2024-12-18,0.0022494627655196236,0.0005111307290655009,7.666960935982514e-07,0.0022486960694260254,1.1322906693686803
2024-12-19,-0.0035143819530576415,0.0005750498132360143,8.625747198540215e-07,-0.0035152445277774956,1.1283103907893284
2024-12-20,0.0045010856850381566,0.0016104766020934302,2.4157149031401454e-06,0.004498669970135016,1.1333862868613636
2024-12-23,-0.0011499345262255736,0.4522820533830285,0.0006784230800745429,-0.0018283576063001165,1.1313140514229043
2024-12-24,0.005111044617941556,0.00028701999220559493,4.305299883083924e-07,0.005110614087953247,1.1370957609520058
2024-12-25,0.0022153755458888696,0.002744949548435724,4.1174243226535855e-06,0.002211258121566216,1.1396101731884096
2024-12-26,0.0011956576158918498,0.00047967580527977227,7.195137079196584e-07,0.0011949381021839301,1.1409719368059887
2024-12-27,-0.001960102662620593,4.7284554625326436e-05,7.092683193798965e-08,-0.001960173589452531,1.138735433749155
2024-12-30,0.0009782469171062832,0.7421273509438124,0.0011131910264157187,-0.00013494410930943554,1.1385817681103088
2024-12-31,-0.01086523006208918,0.03219710024401545,4.829565036602318e-05,-0.010913525712455203,1.1261558267083043
2025-01-02,-0.0150443304111991,0.003688508475525029,5.5327627132875435e-06,-0.015049863173912388,1.10920733560384
2025-01-03,-0.005912591823632167,0.0007747269871994922,1.1620904807992383e-06,-0.005913753914112966,1.1026477563813502
2025-01-06,0.002905322006466836,0.9562900122744697,0.0014344350184117046,0.0014708869880551312,1.1042696266186196
2025-01-07,-0.0010117510107319505,0.0015639551599240242,2.3459327398860364e-06,-0.0010140969434718364,1.1031497901654967
2025-01-08,0.0007969312548923269,0.002148113001451027,3.2221695021765402e-06,0.0007937090853901504,1.1040253701764975
2025-01-09,0.0007920695105445299,0.006629285100892682,9.943927651339023e-06,0.0007821255828931909,1.1048888566626758
2025-01-10,0.0009712292189731085,0.004054262800675668,6.081394201013501e-06,0.000965147824772095,1.1059552377392987
2025-01-13,0.0001164304257991853,0.6889008666780202,0.0010333513000170304,-0.0009169208742178451,1.104941164295865
2025-01-14,0.0029648340659225152,0.025765667769001105,3.864850165350166e-05,0.0029261855642690134,1.1081744271801943
2025-01-15,0.001053491713357153,0.0009640937821297837,1.4461406731946756e-06,0.0010520455726839583,1.1093402771800707
2025-01-16,-0.00024694820572827955,0.0002098024811851909,3.1470372177778634e-07,-0.00024726290945005736,1.109065978475565
2025-01-17,0.0021556333550453817,0.005462740562146698,8.194110843220046e-06,0.0021474392442021616,1.111447630282153
2025-01-20,0.000853094596134393,0.4287201649544159,0.0006430802474316239,0.00021001434870276915,1.1116810502323438
2025-01-21,-0.00029492066946865543,0.0002204369374538967,3.3065540618084506e-07,-0.0002952513248748363,1.1113528249294244
2025-01-22,0.00435713939449671,0.0009426499267781718,1.4139748901672578e-06,0.004355725419606543,1.116193572679121
2025-01-23,-0.000760714111028409,0.002409852610840396,3.614778916260594e-06,-0.0007643288899446696,1.1153404336847517
2025-01-24,0.0024031309869548163,0.00024149833159736733,3.62247497396051e-07,0.00240276873945742,1.1180203388126624
2025-01-27,-0.0023907083813046906,0.29779716992608646,0.00044669575488912966,-0.00283740413619382,1.1148480632789666
2025-02-05,0.010741318777377454,0.29367682923605054,0.00044051524385407587,0.010300803533523377,1.1263318941485323
2025-02-06,-0.0008409969888812954,0.01765651552288651,2.6484773284329767e-05,-0.0008674817621656252,1.125354821772213
2025-02-07,-1.9580685284439436e-05,0.00671833255805547,1.0077498837083206e-05,-2.965818412152264e-05,1.125321445791707
2025-02-10,0.0027156435875669146,0.3334096764727572,0.0005001145147091358,0.0022155290728577788,1.1278146281711687
2025-02-11,0.0021762990551446714,0.0007998349237862135,1.1997523856793201e-06,0.002175099302758992,1.1302677369825451
2025-02-12,-0.0024414494290807658,0.0010021522889785,1.50322843346775e-06,-0.0024429526575142336,1.127506546410781
2025-02-13,0.0005491850630698474,0.0005605136346978901,8.407704520468351e-07,0.0005483442926178005,1.1281248081903945
2025-02-14,0.0022578329569875218,0.054589149729780254,8.188372459467039e-05,0.0021759492323928514,1.1305795505008198
2025-02-17,-0.0018487766967013723,0.555487207129023,0.0008332308106935346,-0.0026820075073949066,1.1275473276586694
2025-02-18,0.00404366957153499,0.050117907177839136,7.51768607667587e-05,0.003968492710768231,1.1320219910095288
2025-02-19,0.0043897000952144525,0.04229193820709791,6.343790731064687e-05,0.004326262187903805,1.136919414945109
2025-02-20,-0.0014880658740636277,0.0010344801830266537,1.5517202745399805e-06,-0.0014896175943381676,1.135225839781262
2025-02-21,0.0025022860277382295,0.025168893307518037,3.7753339961277055e-05,0.0024645326877769523,1.138023640971412
2025-02-24,0.0015835162060033711,0.6868402181993558,0.0010302603272990337,0.0005532558787043375,1.1386532592408838
2025-02-25,-0.006958787873534902,0.0001120477166128564,1.680715749192846e-07,-0.006958955945109821,1.1307294213730708
2025-02-26,0.01889165846228293,0.11271857238957471,0.00016907785858436206,0.018722580603698566,1.1518995941057015
2025-02-27,-0.004138679364072837,0.05690391508086948,8.535587262130422e-05,-0.004224035236694141,1.1470339296310654
2025-02-28,-0.02193714188518308,0.0030167206481802045,4.525080972270307e-06,-0.02194166696615535,1.12186609314822
2025-03-03,-0.002432616465857545,0.7207379856644012,0.0010811069784966018,-0.003513723444354147,1.1179241659552992
2025-03-04,0.0031557240078803044,0.0009742099551594968,1.4613149327392453e-06,0.0031542626929475653,1.1214503924455164
2025-03-05,0.009522444337405345,0.011722057772219324,1.7583086658328985e-05,0.009504861250747015,1.132109622825307
2025-03-06,0.011917022749528931,0.012241419991694008,1.8362129987541013e-05,0.01189866061954139,1.1455802110114224
2025-03-07,-0.0028274683498486137,0.023962753665567993,3.5944130498351986e-05,-0.002863412480346966,1.1422999423379738
2025-03-10,-0.004557800182110073,0.8236174055573284,0.0012354261083359927,-0.005793226290446066,1.1356823402804463
2025-03-11,-0.0020334066683540468,0.004312517669669683,6.468776504504524e-06,-0.0020398754448585515,1.1333656897613489
2025-03-12,-0.0009281012543105807,0.015009147264958514,2.2513720897437773e-05,-0.0009506149752080185,1.1322882953642748
2025-03-13,-0.0007800077670895985,0.0011389464251170267,1.7084196376755401e-06,-0.0007817161867272741,1.1314031672757467
2025-03-14,0.014912959872250227,0.000160757527567279,2.4113629135091854e-07,0.014912718735958876,1.148275464486303
2025-03-17,0.0006349755686744336,0.39265531381674823,0.0005889829707251224,4.5992597949311175e-05,1.148328276658076
2025-03-18,0.009632492988308592,0.010529791329706231,1.579468699455935e-05,0.009616698301314033,1.1593714032455644
2025-03-19,0.004008747044741934,0.013575284732385146,2.036292709857772e-05,0.003988384117643356,1.163995421736719
2025-03-20,-0.00457552945695465,0.00045239680325269427,6.785952048790414e-07,-0.004576208052159529,1.1586687365150905
2025-03-21,-0.010073340818895701,3.612543962319692e-05,5.418815943479538e-08,-0.010073395007055137,1.1469970086498484
2025-03-24,0.0003105372788050229,0.37568757312927153,0.0005635313596939073,-0.0002529940808888844,1.1467068251958628
2025-03-25,-0.007127139269185397,0.004319766496621802,6.4796497449327025e-06,-0.00713361891893033,1.138526655693179
2025-03-26,0.003426609478939647,0.004785572101578359,7.178358152367538e-06,0.003419431120787279,1.1424197691715021
2025-03-27,0.004467939961576646,0.001199320128175474,1.798980192263211e-06,0.004466140981384383,1.1475219769205427
2025-03-28,0.002581364887379703,0.0037949716452006926,5.692457467801039e-06,0.0025756724299119023,1.150477617639215
2025-03-31,1.830273175990483e-05,0.017926300453775676,2.6889450680663514e-05,-8.586718920758684e-06,1.1504677388112878
2025-04-01,0.004633729191495655,0.0002695473945839161,4.043210918758741e-07,0.004633324870403779,1.1557982295981193
2025-04-02,-0.0027639078926187718,0.0018569654737545654,2.7854482106318483e-06,-0.0027666933408294035,1.1526004903329479
2025-04-03,-0.001349603948668822,0.0015946467077251336,2.3919700615877005e-06,-0.0013519959187304098,1.151042179174091
2025-04-07,-0.036498188423533,0.3798665941825425,0.0005697998912738137,-0.037067988314806816,1.108375361126616
2025-04-08,-0.010099725359724733,0.1395545380164486,0.00020933180702467288,-0.010309057166749406,1.0969490561665451
2025-04-09,0.008361605766722409,0.00970477703266312,1.455716554899468e-05,0.008347048601173414,1.1061053432513785
2025-04-10,0.015369023515714402,0.008842956162512253,1.326443424376838e-05,0.015355759081470634,1.123090430421074
2025-04-11,0.009455798351557448,0.03172916136483578,4.759374204725367e-05,0.009408204609510194,1.1336566949854583
2025-04-14,0.005061640453917903,0.2896439065123582,0.0004344658597685373,0.004627174594149366,1.1389023224429822
2025-04-15,-0.0008177001878531217,0.0027636454246606768,4.145468136991015e-06,-0.0008218456559901127,1.1379663205166854
2025-04-16,-4.73780057841898e-05,0.0003064564443550355,4.5968466653255326e-07,-4.783769045072235e-05,1.1379118828361012
2025-04-17,0.0039514706127136996,2.8400080138699102e-05,4.260012020804865e-08,0.003951428012593491,1.1424082597258027
2025-04-18,2.117739254752464e-05,0.0009138683649119322,1.3708025473678983e-06,1.9806590000156742e-05,1.142430886937816
2025-04-21,0.004573322824255214,0.2976319498282399,0.00044644792474235977,0.004126874899512854,1.1471455562895478
2025-04-22,0.010591662153522221,0.0020070755743307675,3.0106133614961513e-06,0.010588651540160724,1.1592922808509418
2025-04-23,-0.014099652266882529,0.01300146318338425,1.9502194775076375e-05,-0.014119154461657605,1.1429240540714
2025-04-24,0.0026109414571476005,0.028635177628014187,4.295276644202128e-05,0.0025679886907055793,1.1458590701165907
2025-04-25,-0.0013815334556830467,0.00043248432174110285,6.487264826116543e-07,-0.0013821821821656585,1.1442752841266026
2025-04-28,-0.0023096333814431654,0.5945311353026235,0.0008917967029539351,-0.0032014300843971003,1.1406119668071677
2025-04-29,0.0015303441650586797,0.0008874104094912724,1.3311156142369087e-06,0.0015290130494444428,1.1423559773887684
2025-04-30,-0.002385862582696667,0.00018204103083758333,2.73061546256375e-07,-0.002386135644242923,1.139630161072707
2025-05-06,0.004921796780742716,0.5686022837420066,0.0008529034256130099,0.0040688933551297065,1.144267194662401
2025-05-07,-0.005487419285968058,0.0077400338521081,1.161005077816215e-05,-0.00549902933674622,1.1379748357898762
2025-05-08,-0.003991260449377463,0.004440548220270499,6.660822330405748e-06,-0.003997921271707869,1.1334253019872036
2025-05-09,0.0008823716539552953,0.0024603443279173492,3.6905164918760238e-06,0.0008786811374634192,1.1344212214207836
2025-05-12,-0.002151016090888706,0.8731799297523938,0.0013097698946285905,-0.0034607859855172963,1.1304952323560171
2025-05-13,-0.0014771612689961386,0.0003830907240206516,5.746360860309774e-07,-0.0014777359050821696,1.1288246589606405
2025-05-14,0.0021497589682116887,0.00035704237496170244,5.355635624425536e-07,0.002149223404649246,1.1312507553374238
2025-05-15,-0.00573660921863824,0.0004845156843044096,7.267735264566145e-07,-0.005737335992164696,1.1247603896626628
2025-05-16,0.0016424586167953505,0.004238689019854372,6.358033529781558e-06,0.001636100583265569,1.1266006107922237
2025-05-19,0.00019342258581902714,0.6342195348148056,0.0009513293022222084,-0.0007579067164031813,1.1257467526226004
2025-05-20,0.0028632654969366154,0.0011436097393853206,1.7154146090779809e-06,0.002861550082327537,1.1289681333352475
2025-05-21,0.0017547396068058434,0.0002447831255062427,3.6717468825936407e-07,0.001754372432117584,1.1309487639051101
2025-05-22,0.00016747532756752995,0.0001538008178351008,2.307012267526512e-07,0.0001672446263407773,1.13113790900854
2025-05-23,-0.001917701547890499,0.00034598449032642586,5.189767354896387e-07,-0.0019182205246259887,1.1289681370552973
2025-05-26,-0.0020887724762411117,0.006546165179274435,9.819247768911654e-06,-0.0020985917240100233,1.126598893866202
2025-05-27,0.0010680222417222053,0.002687786806248482,4.031680209372724e-06,0.0010639905615128324,1.1277975844558863
2025-05-28,0.0008570667022427596,0.019211001735379027,2.881650260306854e-05,0.0008282501996396911,1.128731683030365
2025-05-29,0.00042427123642697803,0.000979660285060177,1.4694904275902657e-06,0.00042280174599938774,1.129208912756715
2025-05-30,0.0011700668909092888,0.03441755441584632,5.1626331623769484e-05,0.0011184405592855194,1.1304718658046489
2025-06-03,0.006278350494371211,0.6961599304568393,0.001044239895685259,0.005234110598685952,1.1363888805789732
2025-06-04,0.00022693199507268312,0.0044518311185317155,6.677746677797573e-06,0.00022025424839488555,1.1366391750577496
2025-06-05,-0.00022674867972173238,0.006380781150634202,9.571171725951302e-06,-0.00023631985144768368,1.1363705646567503
2025-06-06,0.00017787977027956646,0.011215441720526118,1.6823162580789175e-05,0.00016105660769877728,1.1365535846449828
2025-06-09,0.0014814127886639448,0.7893268168643292,0.0011839902252964937,0.0002974225633674511,1.1368916213255322
2025-06-10,0.00510683090099715,0.0018825058457874397,2.8237587686811597e-06,0.005104007142228468,1.1426943242807173
2025-06-11,0.0037728905243049208,0.002841166412721488,4.261749619082232e-06,0.0037686287746858385,1.1470007149918717
2025-06-12,0.003769645857198619,0.0014816619027778755,2.222492854166813e-06,0.003767423364344452,1.151321952284452
2025-06-13,0.000964219079072377,0.0014183324595185148,2.1274986892777724e-06,0.0009620915803830992,1.1524296294410552
2025-06-16,-0.0001714302618381031,0.8761316992169121,0.0013141975488253682,-0.0014856278106634712,1.1507175479337248
2025-06-17,-0.004784896655740417,3.523766378864257e-05,5.285649568296385e-08,-0.0047849495122361,1.1452114225640178
2025-06-18,-0.0009927833831162886,0.004958809298062937,7.4382139470944044e-06,-0.001000221597063383,1.1440659573659655
2025-06-19,-0.006386621414605826,0.0014209133009238373,2.1313699513857557e-06,-0.006388752784557211,1.1367568027951267
2025-06-20,0.0012669573248761273,0.003995580008075414,5.9933700121131205e-06,0.0012609639548640142,1.1381902121488978
2025-06-23,0.0028729006437581937,0.7864605790605819,0.0011796908685908728,0.001693209775167321,1.1401174069421083
2025-06-24,-0.0022013923221054395,0.0010967958565388652,1.645193784808298e-06,-0.0022030375158902478,1.1376056855220953
2025-06-25,0.0027519610005283177,0.005296096177090245,7.944144265635368e-06,0.0027440168562626824,1.1407272946989482
2025-06-26,0.0019445401102678762,0.00016830229641817684,2.524534446272653e-07,0.001944287656823249,1.1429451966978326
2025-06-27,-0.0065980922605688415,0.0015784158206183507,2.367623730927526e-06,-0.006600459884299769,1.1354012327770753
2025-06-30,-0.0004831263223356781,0.5989490125627803,0.0008984235188441705,-0.0013815498411798486,1.1338326193842567
2025-07-01,0.0046102722641121405,5.100179393913162e-05,7.650269090869743e-08,0.004610195761421232,1.1390598097203033
2025-07-02,0.001743801808515073,0.0008268511595068417,1.2402767392602625e-06,0.0017425615317758127,1.1410446915271137
2025-07-03,0.0018665043190153239,0.0005713654835120957,8.570482252681436e-07,0.0018656472707900558,1.143173478441711
2025-07-04,-0.00012991833100827214,0.00014315889414495686,2.1473834121743528e-07,-0.00013013306934948958,1.1430247137681624
2025-07-07,-1.7161313055175662e-05,0.8911415295764844,0.0013367122943647265,-0.0013538736074199021,1.141477202775563
2025-07-08,0.0010945345907969663,0.04016458534152467,6.0246878012287006e-05,0.0010342877127846794,1.1426578186208176
2025-07-09,-0.0015756791507997245,0.021741833092713297,3.261274963906995e-05,-0.0016082919004387945,1.1408200913061568
2025-07-10,0.0045880108660474725,0.010431815557347734,1.56477233360216e-05,0.004572363142711451,1.1460363350441098
2025-07-11,-0.0022139801434876167,0.0,0.0,-0.0022139801434876167,1.143499033354607
2025-07-14,0.004098145941745469,1.4000000000000001,0.0021000000000000003,0.0019981459417454687,1.1457839113074944
2025-07-15,-0.00267424604126325,0.0,0.0,-0.00267424604126325,1.1427198032185373
2025-07-16,0.0008482907501058041,0.0,0.0,0.0008482907501058041,1.1436891618575702
2025-07-17,0.0034245373229995018,0.0,0.0,0.0034245373229995018,1.1476057680782614
2025-07-18,0.003622160857464263,0.0,0.0,0.003622160857464263,1.1517625807711946
2025-07-21,0.0010341596595130746,0.8030434209013322,0.0012045651313519982,-0.0001704054718389236,1.151566314125172
2025-07-22,0.0014774719234376095,0.0,0.0,0.0014774719234376095,1.1532677210222684
2025-07-23,-0.0012726137671527104,0.0,0.0,-0.0012726137671527104,1.1518000566432827
2025-07-24,0.007919971071568558,0.0,0.0,0.007919971071568558,1.1609222797721284
2025-07-25,-0.0019981590678458125,0.0,0.0,-0.0019981590678458125,1.1586025723917375
2025-07-28,0.0053314213927246655,0.6552492902007649,0.0009828739353011475,0.004348547457423518,1.1636408106620757
2025-07-29,0.004198465965824369,0.0,0.0,0.004198465965824369,1.1685263170020845
2025-07-30,-0.002844795433399276,0.0,0.0,-0.002844795433399276,1.16520209867167
2025-07-31,-0.009425531357097602,0.0,0.0,-0.009425531357097602,1.1542194497532843
2025-08-01,-0.0036059688268897357,0.0,0.0,-0.0036059688268897357,1.150057370398084
2025-08-04,0.00238280055906033,0.6837934663675405,0.0010256901995513107,0.0013571103595090195,1.1516181251694808
2025-08-05,0.012892641461550064,0.0,0.0,0.012892641461550064,1.1664655247579134
2025-08-06,0.002994869163657247,0.0,0.0,0.002994869163657247,1.1699589363884801
2025-08-07,-0.006818620245167323,0.0,0.0,-0.006818620245167323,1.1619814306988072
2025-08-08,-0.004531561901164782,0.0,0.0,-0.004531561901164782,1.1567158399175916
2025-08-11,0.006889186198457586,0.9143578461188411,0.0013715367691782615,0.005517649429279324,1.163098192411551
2025-08-12,0.0012540767679639626,0.0,0.0,0.0012540767679639626,1.1645568068335153
2025-08-13,0.013088324620592501,0.0,0.0,0.013088324620592501,1.1797989043604729
2025-08-14,-0.0038238840727444086,0.0,0.0,-0.0038238840727444086,1.1752874901210475
2025-08-15,0.01625868958147041,0.0,0.0,0.01625868958147041,1.1943961245919112
2025-08-18,0.010425827808032629,0.6522516743093583,0.0009783775114640375,0.009447450296568592,1.2056801226134075
2025-08-19,-0.009292104606810852,0.0,0.0,-0.009292104606810852,1.1944768167917312
2025-08-20,-0.0006311315469029505,0.0,0.0,-0.0006311315469029505,1.1937229447906097
2025-08-21,0.001674301400131327,0.0,0.0,0.001674301400131327,1.1957215967884414
2025-08-22,0.00910354130122524,0.0,0.0,0.00910354130122524,1.2066068977295719
2025-08-25,0.0073104450779653656,0.3053198607547402,0.0004579797911321103,0.006852465286833255,1.2148751296111175
2025-08-26,-0.007221368927329625,0.0,0.0,-0.007221368927329625,1.2061020680995582
2025-08-27,-0.01852866516270539,0.0,0.0,-0.01852866516270539,1.1837546067276952
2025-08-28,0.0036970643616215126,0.0,0.0,0.0036970643616215126,1.1881310236971334
2025-08-29,0.006331822501300835,0.0,0.0,0.006331822501300835,1.1956540584474726
2025-09-01,0.019074487572162707,1.3318291423036754,0.001997743713455513,0.017076743858707194,1.216071936547204
2025-09-02,-0.018413358352904495,0.033163346000649005,4.97450190009735e-05,-0.01846310337190547,1.1936194746750597
2025-09-03,0.004536382475304894,0.06499337761360657,9.749006642040987e-05,0.004438892408884484,1.1989178231002915
2025-09-04,-0.03351996610186361,0.0005682518792243102,8.523778188364652e-07,-0.03352081847968245,1.1587291163800906
2025-09-05,0.03358894026459967,0.1628774390056465,0.00024431615850846976,0.0333446241060912,1.197366503206568
2025-09-08,-0.005747848142839823,0.7410254752783692,0.0011115382129175536,-0.006859386355757377,1.189153303751632
2025-09-09,-0.003572787011869798,0.005094582100874739,7.641873151312109e-06,-0.0035804288850211103,1.1848956249141613
2025-09-10,0.0006199991703355434,0.0005953071428280582,8.929607142420873e-07,0.0006191062096213013,1.1856292011532987
2025-09-11,0.007428747948439926,0.0002536787983289379,3.8051819749340685e-07,0.007428367430242433,1.1944364904954903
2025-09-12,-0.0020119699224307006,0.001077082966821949,1.6156244502329235e-06,-0.0020135855468809334,1.1920313904415614
2025-09-15,-0.0020345621712083268,0.846777156430073,0.0012701657346451095,-0.003304727905853436,1.1880920510409159
2025-09-16,-8.487918873847531e-05,0.0005765737665917245,8.648606498875867e-07,-8.57440493883629e-05,1.1879901792174135
2025-09-17,0.0004941552054087059,0.0007447474134107124,1.1171211201160685e-06,0.0004930380842885899,1.1885759036195287
2025-09-18,-0.008394049791205765,0.00033819779900965546,5.072966985144832e-07,-0.00839455708790428,1.1785983353432872
2025-09-19,-0.00048379916127318635,0.009982372425739856,1.4973558638609786e-05,-0.0004987727199117962,1.1780104826458844
2025-09-22,0.0031015815673220174,0.7303377841268818,0.0010955066761903227,0.0020060748911316945,1.1803736598966101
2025-09-23,0.000540646855116778,0.0006756562731914453,1.013484409787168e-06,0.0005396333707069909,1.181010628913394
2025-09-24,0.0004204955533563475,0.0013444278630855289,2.016641794628293e-06,0.00041847891156171924,1.1815048569559246
2025-09-25,-0.0009871461496442243,9.99196156977536e-05,1.498794235466304e-07,-0.000987296029067771,1.1803383619023278
2025-09-26,-0.0012648422838037517,0.0001605797516436927,2.4086962746553903e-07,-0.0012650831534312173,1.1788451357253364
2025-09-29,0.006265332909232876,0.5014912675572885,0.0007522369013359327,0.005513096007896943,1.1853442221370325
2025-09-30,0.0022385459424167082,0.004109537136814521,6.164305705221782e-06,0.0022323816367114863,1.1879903628117134
2025-10-09,0.007244482879323643,0.7350551118391907,0.001102582667758786,0.006141900211564857,1.1952868810724036
2025-10-10,-0.018848542540477475,0.00506243482474833,7.593652237122495e-06,-0.018856136192714597,1.1727483888535373
2025-10-13,-0.006605145206337069,0.6631038850554187,0.000994655827583128,-0.007599801033920196,1.1638357344353998
2025-10-14,-0.019662763749540596,0.00525305238526938,7.87957857790407e-06,-0.0196706433281185,1.1409423368108023
2025-10-15,0.010743122117284556,0.03980597234690665,5.970895852035998e-05,0.010683413158764195,1.1531314951852778
2025-10-16,0.0035196098049389483,0.01174595166057718,1.761892749086577e-05,0.0035019908774480825,1.1571697511619148
2025-10-17,-0.012219224434573286,0.0011889168034963093,1.783375205244464e-06,-0.01222100780977853,1.1430279705957256
2025-10-20,0.008341021478505016,0.5501693426268756,0.0008252540139403134,0.007515767464564702,1.1516187030282163
2025-10-21,0.01061674582340218,0.006635746264185831,9.953619396278746e-06,0.010606792204005901,1.1638336833094833
2025-10-22,-6.560619041229868e-05,0.010626830333708703,1.5940245500563055e-05,-8.154643591286174e-05,1.1637387768206142
2025-10-23,-0.001270705549094915,1.554344875887015e-05,2.3315173138305223e-08,-0.0012707288642680532,1.1622599803664402
2025-10-24,0.011689796110209446,0.00014968703805660205,2.2453055708490308e-07,0.011689571579652362,1.175846301601099
2025-10-27,0.011142886712063833,0.29691870831185174,0.0004453780624677776,0.010697508649596055,1.188424927583072
2025-10-28,-0.0016464155834708077,0.010448072390249197,1.5672108585373794e-05,-0.0016620876920561815,1.1864496611380033
2025-10-29,0.006348595438092622,9.155795318611937e-05,1.3733692977917906e-07,0.006348458101162843,1.1939817871008767
2025-10-30,-0.007447709110016552,0.003015418147469348,4.523127221204022e-06,-0.007452232237237756,1.1850839575363687
2025-10-31,-0.012644601271680218,0.005401603243083877,8.102404864625816e-06,-0.012652703676544844,1.1700894413898342
2025-11-03,0.002856776230950682,0.7131773901568703,0.0010697660852353056,0.0017870101457153763,1.1721804030929923
2025-11-04,-0.005013702331742104,0.00031015619808229256,4.652342971234388e-07,-0.005014167566039228,1.1663028941342566
2025-11-05,-0.0017706018981860946,0.0023965129126592433,3.594769368988865e-06,-0.0017741966675550835,1.1642336434261238
2025-11-06,0.006336380248821867,0.002026005740569048,3.0390086108535718e-06,0.0063333412402110136,1.1716071323732757
2025-11-07,-0.002203400534020768,0.00324952243371706,4.87428365057559e-06,-0.0022082748176713435,1.1690199018466516
2025-11-10,-0.0010863398288708688,0.5750420578743795,0.0008625630868115692,-0.001948902915682438,1.166741595551452
2025-11-11,-0.0018492899721759767,0.00022729996556979798,3.4094994835469697e-07,-0.0018496309221243314,1.1645835542181913
2025-11-12,0.00176621643707268,0.00027013851454792126,4.0520777182188187e-07,0.0017658112293008582,1.1666399889356889
2025-11-13,0.0036758238581497786,0.00022095272192580034,3.314290828887005e-07,0.00367549242906689,1.1709279653824687
2025-11-14,-0.005225417512763941,0.001322784406915252,1.984176610372878e-06,-0.005227401689374314,1.1648070545580929
2025-11-17,-0.0013972583200856593,0.4815450373763759,0.0007223175560645637,-0.002119575876150223,1.162338157624882
2025-11-18,-0.006816765697076615,0.0037939558844623383,5.690933826693508e-06,-0.006822456630903308,1.154408155954042
2025-11-19,0.0035778567503816743,0.002105759167205158,3.1586387508077373e-06,0.0035746981116308667,1.1585348166091822
2025-11-20,-0.0018907209169730954,0.00010074089064748132,1.5111133597122199e-07,-0.0018908720283090665,1.1563441755306338
2025-11-21,-0.011726545209076672,0.00026402737742373117,3.9604106613559673e-07,-0.011726941250142809,1.1427837953192412
2025-11-24,0.0006211654475268137,0.5592269234752247,0.0008388403852128372,-0.0002176749376860235,1.1425350399278065
2025-11-25,0.00639590599058219,0.0013122185772646011,1.9683278658969016e-06,0.006393937662716294,1.149840337750574
2025-11-26,0.007041944993212495,0.002966691195172129,4.450036792758193e-06,0.007037494956419737,1.1579323333281817
2025-11-27,0.001699777029819838,0.003920568548790568,5.880852823185852e-06,0.0016938961769966522,1.159893750480827
2025-11-28,0.0009468675881439987,0.004165675343094186,6.248513014641279e-06,0.0009406190751293573,1.1609847686676527
2025-12-01,0.0004518380430675495,0.2642398345002951,0.00039635975175044265,5.547829131710686e-05,1.1610491781188637
2025-12-02,-0.002712726838965651,0.0005515009487519484,8.272514231279227e-07,-0.002713554090388779,1.1578986083724367
2025-12-03,-0.00045179002894432327,0.004715906957345799,7.073860436018698e-06,-0.00045886388938034194,1.1573672905134909
2025-12-04,0.002038482448555177,0.00495150670296441,7.427260054446616e-06,0.00203105518850073,1.1597179673538893
2025-12-05,0.0018832020369940236,8.07543195196353e-06,1.2113147927945294e-08,0.0018831899238460957,1.1619019365445133
2025-12-08,0.0036041579981871043,0.3881485491156006,0.0005822228236734009,0.0030219351745137033,1.1654131288758929
2025-12-09,-0.0006770439593288319,0.038648354069494156,5.7972531104241234e-05,-0.0007350164904330731,1.164556531008002
2025-12-10,0.0005128661624185282,0.0018575148018540391,2.7862722027810585e-06,0.0005100798902157471,1.1651505478754887
2025-12-11,-0.0020012061684942196,0.0007331508784891375,1.0997263177337062e-06,-0.0020023058948119535,1.1628175600651343
2025-12-12,0.0033298524288155927,0.00036686812320691625,5.503021848103743e-07,0.0033293021266307824,1.1666889310407427
2025-12-15,0.0012295697998498914,0.32057780595772417,0.0004808667089365863,0.0007487030909133052,1.1675624346495472
2025-12-16,-0.005356852200997166,6.188419279495871e-05,9.282628919243807e-08,-0.005356945027286358,1.161307866871205
2025-12-17,0.004058344386769645,0.002571487541281295,3.857231311921943e-06,0.004054487155457723,1.1660163747009662
2025-12-18,-0.0031722524293609266,0.0017064431525329188,2.5596647287993782e-06,-0.003174812094089726,1.162314491812659
2025-12-19,0.0009587241259984471,0.0009464929282983064,1.4197393924474597e-06,0.0009573043866059997,1.1634271805742868
2025-12-22,0.004710897684454103,0.4893240380803503,0.0007339860571205255,0.003976911627333578,1.1680540276562688
2025-12-23,0.002974327373222376,0.0021369974335144065,3.20549615027161e-06,0.0029711218770721044,1.1715244585314404
2025-12-24,0.00035169005591733325,0.0002784761130061944,4.177141695092916e-07,0.00035127234174782396,1.1719359826714035
2025-12-25,-0.001219947284926674,3.917277031972866e-06,5.875915547959299e-09,-0.0012199531608422219,1.1705062756650388
2025-12-26,0.0028762985414324893,0.00017295979361374447,2.594396904206167e-07,0.0028760391017420687,1.173872697482686
2025-12-29,-0.0028995810783122903,0.027018139091990023,4.0527208637985035e-05,-0.0029401082869502755,1.1704213846369926
2025-12-30,-0.0028186875919504954,0.0007975104758769155,1.1962657138153733e-06,-0.0028198838576643107,1.1671209322677898
2025-12-31,-0.0008897308483111812,0.0015253005125910046,2.287950768886507e-06,-0.0008920187990800677,1.166079838455407
2026-01-05,0.0072848255990177295,0.3922141935211013,0.000588321290281652,0.006696504308736077,1.173888497117954
2026-01-06,0.008086920768485894,0.00202726282071964,3.04089423107946e-06,0.008083879874254815,1.183378070714425
2026-01-07,0.0005566427924782124,0.017670066664315733,2.6505099996473597e-05,0.0005301376924817388,1.184005424034167
2026-01-08,-0.0038810208928447654,0.004170169132474345,6.255253698711518e-06,-0.003887276146543477,1.179402867991941
2026-01-09,0.005597771997599569,0.037143017776514464,5.57145266647717e-05,0.005542057470934797,1.1859391864677378
2026-01-12,0.011390402809165227,0.4798261468745788,0.0007197392203118682,0.010670663588853359,1.1985939445633735
2026-01-13,-0.004201837105429211,0.011509312802057352,1.7263969203086027e-05,-0.004219101074632297,1.1935369555638184
2026-01-14,0.006943584892707574,0.020278741543052196,3.0418112314578295e-05,0.006913166780392995,1.2017880755961936
2026-01-15,0.0017687371448020979,0.004588862181226436,6.883293271839653e-06,0.0017618538515302583,1.203905450545906
2026-01-16,-0.003370485114220148,0.016558737933889643,2.4838106900834462e-05,-0.0033953232211209826,1.1998178024136332
2026-01-19,-0.0029153371716962354,0.4291444452276766,0.0006437166678415149,-0.0035590538395377505,1.1955475862572074
2026-01-20,-0.003800066312220156,0.0009624473496022481,1.4436710244033723e-06,-0.0038015099832445593,1.1910027001726067
2026-01-21,0.007808367012466186,0.02214665154078265,3.321997731117397e-05,0.007775147035155012,1.2002629212857154
2026-01-22,0.0002632222719928593,0.01958515639011984,2.937773458517976e-05,0.00023384453740767953,1.200543596213311
2026-01-23,0.009348787197513992,0.0009001991583074825,1.3502987374612238e-06,0.009347436898776531,1.2117656017231453
2026-01-26,0.008463568384981714,0.5388524756967992,0.0008082787135451987,0.007655289671436516,1.2210420184182187
2026-01-27,-0.0022760025800308316,0.007556869049252006,1.1335303573878008e-05,-0.0022873378836047098,1.2182490827520176
2026-01-28,0.015212887305141072,0.051948518144690946,7.792277721703642e-05,0.015134964527924035,1.2366872394056452
2026-01-29,0.0009179855956254534,0.025017870083373972,3.752680512506096e-05,0.0008804587905003924,1.2377760915566796
2026-01-30,-0.015666735435923684,0.01138039286349403,1.7070589295241044e-05,-0.015683806025218926,1.218363051434051
2026-02-02,-0.016009334653610978,0.17690499182416797,0.0002653574877362519,-0.01627469214134723,1.1985345678555694
2026-02-03,0.009610283586052214,0.026013491799922787,3.902023769988418e-05,0.00957126334835233,1.2100060578366187
2026-02-04,0.00010757402608381418,0.007901272320273107,1.1851908480409662e-05,9.572211760340452e-05,1.2101218821787878
2026-02-05,-0.005790063253083767,0.0006392682532399829,9.589023798599744e-07,-0.005791022155463627,1.2031140395482791
2026-02-06,0.0001705425777793376,0.003928544027830827,5.892816041746241e-06,0.00016464976173759135,1.2033121319882338
2026-02-09,0.014329541325491092,0.581655113090854,0.0008724826696362812,0.01345705865585481,1.2195051739297014
2026-02-10,-0.0004448271465707657,0.019252148708359347,2.887822306253902e-05,-0.0004737053696333047,1.2189274877805152
2026-02-11,-0.0034628182103932457,0.0076895536936494105,1.1534330540474117e-05,-0.0034743525409337197,1.214692503966131
2026-02-12,0.006115995608286911,0.001360453475655811,2.0406802134837163e-06,0.006113954928073428,1.2221190791868484
2026-02-13,-0.006580010436870859,0.01047454013975481,1.5711810209632216e-05,-0.006595722247080491,1.214058321187674
2026-02-24,0.0012770367228652965,0.622502083809717,0.0009337531257145755,0.000343283597150721,1.214475087495322
2026-02-25,0.004314621777815253,0.0016865963425114552,2.5298945137671827e-06,0.004312091883301486,1.2197120156625825
2026-02-26,0.0034977894275919647,0.0412028274542886,6.180424118143289e-05,0.003435985186410532,1.223902928080086
2026-02-27,-6.769975157342126e-05,0.0004283006423485558,6.424509635228337e-07,-6.834220253694409e-05,1.2238192838582895
2026-03-02,0.0003435053210517078,0.3837580528473443,0.0005756370792710164,-0.00023213175821930863,1.2235351965361847
2026-03-03,-0.012370649863356292,0.012644475694226984,1.8966713541340476e-05,-0.012389616576897633,1.2083760645827624
2026-03-04,-0.0015690123574633773,0.023315347649734433,3.497302147460165e-05,-0.001603985378937979,1.206437847042913
2026-03-05,0.007452358072791342,0.0008312477030398696,1.2468715545598045e-06,0.007451111201236781,1.2154271495986102
2026-03-06,0.00292375564343879,0.005323601070829104,7.985401606243655e-06,0.0029157702418325464,1.218971055912525
2026-03-09,-0.001855561915358975,0.39031156013713525,0.0005854673402057029,-0.002441029255564678,1.215995511903356
2026-03-10,-0.0005082862027229085,0.0007495716263941285,1.1243574395911926e-06,-0.0005094105601624997,1.2153760709484822
2026-03-11,0.0005007386274737207,0.00011095496662627546,1.664324499394132e-07,0.0005005721950237813,1.2159844544160963
2026-03-12,-0.0007147832320078455,0.0003352178418671928,5.028267628007891e-07,-0.0007152860587706463,1.2151146776881705
2026-03-13,-0.006053446886450863,0.0017771175016981847,2.665676252547277e-06,-0.0060561125627034106,1.207755806423498
2026-03-16,-0.0072671305616976095,0.32189530452671344,0.00048284295679007017,-0.00774997351848768,1.198395730906916
2026-03-17,-0.00579298089349016,0.008294471693443335,1.2441707540165003e-05,-0.005805422601030325,1.1914385372457308
2026-03-18,0.0008365746822857265,0.0040221955249597555,6.033293287439633e-06,0.0008305413889982869,1.1924280762633608
2026-03-19,-0.012108252458759471,0.0015854441115647142,2.378166167347071e-06,-0.012110630624926818,1.1779870202849432
2026-03-20,-0.004737577790704505,0.01917492488348329,2.8762387325224936e-05,-0.00476634017802973,1.1723723334209615
2026-03-23,-0.016406354623831058,0.29651643888032003,0.00044477465832048005,-0.016851129282151538,1.1526165356636673
2026-03-24,0.00666334116901322,0.029149437303432807,4.3724155955149216e-05,0.006619617013058071,1.1602464156926786
2026-03-25,0.00740083309857547,0.003202834402046724,4.804251603070086e-06,0.0073960288469724,1.168827631652738
2026-03-26,-0.006255648516169221,0.005735427636032839,8.603141454049258e-06,-0.00626425165762327,1.1615058012236814
2026-03-27,0.002360755949707812,0.001803771174972886,2.705656762459329e-06,0.0023580502929453524,1.1642446903185149
2026-03-30,-6.904655744372021e-05,0.49208254812915186,0.0007381238221937278,-0.0008071703796374481,1.1633049464898397
2026-03-31,-0.010607879698350994,5.093809699041607e-06,7.640714548562411e-09,-0.010607887339065543,1.1509647386764978
2026-04-01,0.0006568239972555984,0.012389765120095646,1.858464768014347e-05,0.0006382393495754549,1.151699329662695
2026-04-02,-0.000606022990685388,0.00115887808395055,1.738317125925825e-06,-0.0006077613078113138,1.1509993713718938
2026-04-03,-0.0036814070150146187,0.001128610613724261,1.6929159205863915e-06,-0.0036830999309352052,1.1467601256666875
2026-04-07,0.0019164132921618852,0.43475530595544687,0.0006521329589331703,0.001264280333228715,1.148209951940499
2026-04-08,0.0005331815366450517,0.00031418614969704745,4.712792245455712e-07,0.0005327102574205062,1.1488216151595698
2026-04-09,0.0005660802073336095,0.007803993677876757,1.1705990516815134e-05,0.0005543742168167944,1.1494584922427362
2026-04-10,-0.0004880822299554758,0.010480610646221078,1.5720915969331618e-05,-0.0005038031459248074,1.1488793914382343
2026-04-13,-0.0025399646845805134,0.18557987943973217,0.0002783698191595982,-0.0028183345037401117,1.145641465008708
2026-04-14,-0.000524431872378046,0.001325260368231898,1.9878905523478473e-06,-0.0005264197629303939,1.1450383767002947
2026-04-15,-0.0023293176054937064,0.0044593237640831035,6.688985646124655e-06,-0.002336006591139831,1.1423635595052148
2026-04-16,0.0010353661345434357,0.018027508080393655,2.7041262120590482e-05,0.0010083248724228452,1.1435154330956134
2026-04-17,-0.0007330280900096299,0.0016200225264043355,2.4300337896065032e-06,-0.0007354581237992364,1.1426744253806533
2026-04-20,0.0014324325601523522,0.6358885785120185,0.0009538328677680278,0.00047859969238432437,1.143221309009136
2026-04-21,-0.0005379791777450405,0.0002482821549971981,3.724232324957971e-07,-0.0005383516009775364,1.1426058539871595
2026-04-22,0.0047735488396655635,0.0009637878478736678,1.4456817718105017e-06,0.004772103157893753,1.1480584869911996
2026-04-23,0.002832264150182921,0.002799311197244865,4.198966795867297e-06,0.0028280651833870536,1.1513052712267513
2026-04-24,-0.008144152797710478,0.0001365272831608047,2.0479092474120705e-07,-0.008144357588635218,1.1419286294042
2026-04-27,0.00015521794427743573,0.5512399721231416,0.0008268599581847123,-0.0006716420139072767,1.1411616621598086
2026-04-28,-0.0008990381206914868,2.0639218736941134e-05,3.09588281054117e-08,-0.0008990690795195921,1.1401356789946275
2026-04-29,0.00643040872520707,0.01194475221338697,1.7917128320080454e-05,0.00641249159688699,1.1474467894554916
2026-04-30,-0.0006956543204240585,0.003843765366123658,5.765648049185487e-06,-0.000701419968473244,1.146641947364607
2026-05-06,0.0022824075163167187,0.36384788097319365,0.0005457718214597905,0.0017366356948569283,1.1486332466996207
2026-05-07,-0.005251183368584218,0.027487570259856382,4.1231355389784576e-05,-0.005292414723974003,1.1425542031923417
2026-05-08,0.0008935171533997373,0.0016935128893075246,2.5402693339612868e-06,0.000890976884065776,1.1435721925761781
2026-05-11,0.0038735234217615773,0.49045288016809135,0.000735679320252137,0.0031378441015094405,1.1471605438353036
2026-05-12,-0.0010020414718484387,0.035231744927993316,5.2847617391989974e-05,-0.0010548890892404287,1.1459504166940047
2026-05-13,0.007624890844080345,0.021524993191912686,3.2287489787869026e-05,0.007592603354292476,1.1546511636716486
2026-05-14,-0.005021852409416574,0.010374681690051707,1.556202253507756e-05,-0.005037414431951651,1.1488347072358993
2026-05-15,-0.004538512734845246,0.002911332668364075,4.366999002546113e-06,-0.004542879733847792,1.1436156893268563
2026-05-18,0.0009897316775524388,0.6050878222822003,0.0009076317334233004,8.209994412913845e-05,1.1437095801110553
2026-05-19,0.004882386446648616,0.05382019193733875,8.073028790600812e-05,0.004801656158742608,1.1492012802602083
2026-05-20,0.010111146808314696,0.005627876187958444,8.441814281937667e-06,0.010102704994032758,1.160811321773442
2026-05-21,-0.018084377484391026,0.016717229578817258,2.5075844368225885e-05,-0.018109453328759254,1.1397896633182905
2026-05-22,0.008019879958637345,0.03110188380949884,4.665282571424826e-05,0.007973227132923097,1.1488774651876852
2026-05-25,0.018276304431048645,0.7087078260559712,0.0010630617390839567,0.017213242691964687,1.16865337181929
2026-05-26,-0.0003310786375702692,0.04734605518127534,7.101908277191301e-05,-0.0004020977203421822,1.1681834589626112
2026-05-27,-0.0003520015661740162,0.004114630699908944,6.171946049863417e-06,-0.0003581735122238796,1.1677650465901928
2026-05-28,0.006623701130539649,0.00265203316730879,3.978049750963185e-06,0.006619723080788686,1.1754953278220441
2026-05-29,-0.006028018115215035,0.007234174881883729,1.0851262322825593e-05,-0.006038869377537861,1.1683966650834208
2026-06-01,-0.005526513366358269,0.5138849725783088,0.0007708274588674632,-0.006297340825225732,1.1610388730643333
2026-06-02,0.011613888978727414,0.016289376485899884,2.4434064728849823e-05,0.011589454913998565,1.1744946807371122
2026-06-03,0.006580648905603654,0.01948494659931234,2.922741989896851e-05,0.006551421485704686,1.1821892904233393
2026-06-04,-0.0036229426241111617,0.0024003960222872683,3.6005940334309023e-06,-0.0036265432181445925,1.1779020298695915
2026-06-05,-0.012715049917194046,0.00034057252651052694,5.108587897657904e-07,-0.012715560775983811,1.16292434502063
2026-06-08,-0.014434439645241496,0.8457437928935161,0.0012686156893402742,-0.01570305533458177,1.1446628796808387
2026-06-09,0.017339937155612595,0.023278176024279514,3.491726403641927e-05,0.017305019891576175,1.1644712935828643
2026-06-10,-0.012850126419685932,0.03759159491441322,5.638739237161983e-05,-0.012906513812057551,1.1494420287484926
2026-06-11,-0.006097788353594663,0.016966168655007337,2.5449252982511004e-05,-0.006123237606577174,1.1424037220914793
2026-06-12,-0.0005598448825508773,0.00084407156898237,1.2661073534735549e-06,-0.0005611109899043508,1.1417627068081062
2026-06-15,0.02049395225172723,0.2977777291628234,0.0004466665937442351,0.020047285657982993,1.1646519499451202
2026-06-16,0.005137859435205344,0.04272062356063657,6.408093534095486e-05,0.005073778499864389,1.170561135968577
2026-06-17,0.008466958657033381,0.0029158375772308856,4.373756365846329e-06,0.008462584900667534,1.180467108963133
2026-06-18,0.005993883325529552,0.0035232716938541284,5.284907540781193e-06,0.005988598417988771,1.1875364524243575
2026-06-22,0.004782884587570842,0.18903419521868686,0.00028355129282803027,0.004499333294742812,1.192879574723471
2026-06-23,-0.007455890080079705,0.02279952244714522,3.419928367071783e-05,-0.007490089363750422,1.1839448001085997
2026-06-24,0.010506832104790732,0.0034622522927132138,5.1933784390698204e-06,0.010501638726351662,1.1963781606712829
2026-06-25,0.007017169046045614,0.0062505015279057455,9.375752291858619e-06,0.007007793293753755,1.2047621315224286
2026-06-26,-0.002504605291402227,0.00026822364645816277,4.0233546968724417e-07,-0.0025050076268719143,1.2017441931943984
2026-06-29,0.022771267298278226,0.3877162709372053,0.0005815744064058079,0.02218969289187242,1.228410527775973
2026-06-30,0.013753909056657418,0.0458322071883644,6.87483107825466e-05,0.013685160745874872,1.245221523310512
2026-07-01,0.002516876550531702,0.00515154898726955,7.727323480904324e-06,0.002509149227050798,1.2483459699332335
2026-07-02,-0.023978148832091956,8.568043463182129e-05,1.2852065194773192e-07,-0.023978277352743903,1.2184127840339942
2026-07-03,-0.00761144832635248,0.05196050294468091,7.794075441702137e-05,-0.007689389080769501,1.2090439340765733
2026-07-06,-0.003847874413431484,0.32138251656255895,0.00048207377484383847,-0.0043299481882753225,1.203808836484673
2026-07-07,0.0015458782574733771,0.0017427006745813142,2.6140510118719712e-06,0.0015432642064615051,1.205666631573442
2026-07-08,0.008767801079032852,5.992932636900844e-05,8.989398955351266e-08,0.008767711185043298,1.216237568384522
2026-07-09,0.013321831381809798,0.0054363901664125705,8.154585249618857e-06,0.013313676796560179,1.2324301622778278
2026-07-10,-0.010342947267231256,0.012373688370958029,1.856053255643704e-05,-0.010361507799787693,1.2196603275386924
2026-07-13,-0.007700942181259798,0.27063520455437495,0.00040595280683156245,-0.00810689498809136,1.209772669342195
2026-07-14,0.0002199470530736501,0.005569733409738084,8.354600114607127e-06,0.00021159245295904297,1.210028648108824
2026-07-15,-0.007604530938434479,0.0003971988245927219,5.957982368890828e-07,-0.007605126736671368,1.2008262268849534
2026-07-16,-0.009286629758864517,0.00532909978864661,7.993649682969916e-06,-0.009294623408547488,1.1896649993269508
2026-07-17,-0.009728663885419491,0.007241032518569224,1.0861548777853836e-05,-0.009739525434197345,1.1780782268078316
