date,gross_return,turnover,cost,net_return,nav
2018-01-02,0.0,0.0,0.0,0.0,1.0
2018-01-03,0.0,0.0,0.0,0.0,1.0
2018-01-04,0.0,0.0,0.0,0.0,1.0
2018-01-05,0.0,0.0,0.0,0.0,1.0
2018-01-08,0.0,0.0,0.0,0.0,1.0
2018-01-09,0.0,0.0,0.0,0.0,1.0
2018-01-10,0.0,0.0,0.0,0.0,1.0
2018-01-11,0.0,0.0,0.0,0.0,1.0
2018-01-12,0.0,0.0,0.0,0.0,1.0
2018-01-15,0.0,0.0,0.0,0.0,1.0
2018-01-16,0.0,0.0,0.0,0.0,1.0
2018-01-17,0.0,0.0,0.0,0.0,1.0
2018-01-18,0.0,0.0,0.0,0.0,1.0
2018-01-19,0.0,0.0,0.0,0.0,1.0
2018-01-22,0.0,0.0,0.0,0.0,1.0
2018-01-23,0.0,0.0,0.0,0.0,1.0
2018-01-24,0.0,0.0,0.0,0.0,1.0
2018-01-25,0.0,0.0,0.0,0.0,1.0
2018-01-26,0.0,0.0,0.0,0.0,1.0
2018-01-29,0.0,0.0,0.0,0.0,1.0
2018-01-30,0.0,0.0,0.0,0.0,1.0
2018-01-31,0.0,0.0,0.0,0.0,1.0
2018-02-01,0.0,0.0,0.0,0.0,1.0
2018-02-02,0.0,0.0,0.0,0.0,1.0
2018-02-05,0.0,0.0,0.0,0.0,1.0
2018-02-06,0.0,0.0,0.0,0.0,1.0
2018-02-07,0.0,0.0,0.0,0.0,1.0
2018-02-08,0.0,0.0,0.0,0.0,1.0
2018-02-09,0.0,0.0,0.0,0.0,1.0
2018-02-12,0.0,0.0,0.0,0.0,1.0
2018-02-13,0.0,0.0,0.0,0.0,1.0
2018-02-14,0.0,0.0,0.0,0.0,1.0
2018-02-22,0.0,0.0,0.0,0.0,1.0
2018-02-23,0.0,0.0,0.0,0.0,1.0
2018-02-26,0.0,0.0,0.0,0.0,1.0
2018-02-27,0.0,0.0,0.0,0.0,1.0
2018-02-28,0.0,0.0,0.0,0.0,1.0
2018-03-01,0.0,0.0,0.0,0.0,1.0
2018-03-02,0.0,0.0,0.0,0.0,1.0
2018-03-05,0.0,0.0,0.0,0.0,1.0
2018-03-06,0.0,0.0,0.0,0.0,1.0
2018-03-07,0.0,0.0,0.0,0.0,1.0
2018-03-08,0.0,0.0,0.0,0.0,1.0
2018-03-09,0.0,0.0,0.0,0.0,1.0
2018-03-12,0.0,0.0,0.0,0.0,1.0
2018-03-13,0.0,0.0,0.0,0.0,1.0
2018-03-14,0.0,0.0,0.0,0.0,1.0
2018-03-15,0.0,0.0,0.0,0.0,1.0
2018-03-16,0.0,0.0,0.0,0.0,1.0
2018-03-19,0.0,0.0,0.0,0.0,1.0
2018-03-20,0.0,0.0,0.0,0.0,1.0
2018-03-21,0.0,0.0,0.0,0.0,1.0
2018-03-22,0.0,0.0,0.0,0.0,1.0
2018-03-23,0.0,0.0,0.0,0.0,1.0
2018-03-26,0.0,0.0,0.0,0.0,1.0
2018-03-27,0.0,0.0,0.0,0.0,1.0
2018-03-28,0.0,0.0,0.0,0.0,1.0
2018-03-29,0.0,0.0,0.0,0.0,1.0
2018-03-30,0.0,0.0,0.0,0.0,1.0
2018-04-02,0.0,0.0,0.0,0.0,1.0
2018-04-03,0.0,0.0,0.0,0.0,1.0
2018-04-04,0.0,0.0,0.0,0.0,1.0
2018-04-09,0.0,0.0,0.0,0.0,1.0
2018-04-10,0.0,0.0,0.0,0.0,1.0
2018-04-11,0.0,0.0,0.0,0.0,1.0
2018-04-12,0.0,0.0,0.0,0.0,1.0
2018-04-13,0.0,0.0,0.0,0.0,1.0
2018-04-16,0.0,0.0,0.0,0.0,1.0
2018-04-17,0.0,0.0,0.0,0.0,1.0
2018-04-18,0.0,0.0,0.0,0.0,1.0
2018-04-19,0.0,0.0,0.0,0.0,1.0
2018-04-20,0.0,0.0,0.0,0.0,1.0
2018-04-23,0.0,0.0,0.0,0.0,1.0
2018-04-24,0.0,0.0,0.0,0.0,1.0
2018-04-25,0.0,0.0,0.0,0.0,1.0
2018-04-26,0.0,0.0,0.0,0.0,1.0
2018-04-27,0.0,0.0,0.0,0.0,1.0
2018-05-02,0.0,0.0,0.0,0.0,1.0
2018-05-03,0.0,0.0,0.0,0.0,1.0
2018-05-04,0.0,0.0,0.0,0.0,1.0
2018-05-07,0.0,0.0,0.0,0.0,1.0
2018-05-08,0.0,0.0,0.0,0.0,1.0
2018-05-09,0.0,0.0,0.0,0.0,1.0
2018-05-10,0.0,0.0,0.0,0.0,1.0
2018-05-11,0.0,0.0,0.0,0.0,1.0
2018-05-14,0.0,0.0,0.0,0.0,1.0
2018-05-15,0.0,0.0,0.0,0.0,1.0
2018-05-16,0.0,0.0,0.0,0.0,1.0
2018-05-17,0.0,0.0,0.0,0.0,1.0
2018-05-18,0.0,0.0,0.0,0.0,1.0
2018-05-21,0.0,0.0,0.0,0.0,1.0
2018-05-22,0.0,0.0,0.0,0.0,1.0
2018-05-23,0.0,0.0,0.0,0.0,1.0
2018-05-24,0.0,0.0,0.0,0.0,1.0
2018-05-25,0.0,0.0,0.0,0.0,1.0
2018-05-28,0.0,0.0,0.0,0.0,1.0
2018-05-29,0.0,0.0,0.0,0.0,1.0
2018-05-30,0.0,0.0,0.0,0.0,1.0
2018-05-31,0.0,0.0,0.0,0.0,1.0
2018-06-01,0.0,0.0,0.0,0.0,1.0
2018-06-04,0.0,0.0,0.0,0.0,1.0
2018-06-05,0.0,0.0,0.0,0.0,1.0
2018-06-06,0.0,0.0,0.0,0.0,1.0
2018-06-07,0.0,0.0,0.0,0.0,1.0
2018-06-08,0.0,0.0,0.0,0.0,1.0
2018-06-11,0.0,0.0,0.0,0.0,1.0
2018-06-12,0.0,0.0,0.0,0.0,1.0
2018-06-13,0.0,0.0,0.0,0.0,1.0
2018-06-14,0.0,0.0,0.0,0.0,1.0
2018-06-15,0.0,0.0,0.0,0.0,1.0
2018-06-19,0.0,0.0,0.0,0.0,1.0
2018-06-20,0.0,0.0,0.0,0.0,1.0
2018-06-21,0.0,0.0,0.0,0.0,1.0
2018-06-22,0.0,0.0,0.0,0.0,1.0
2018-06-25,0.0,0.0,0.0,0.0,1.0
2018-06-26,0.0,0.0,0.0,0.0,1.0
2018-06-27,0.0,0.0,0.0,0.0,1.0
2018-06-28,0.0,0.0,0.0,0.0,1.0
2018-06-29,0.0,0.0,0.0,0.0,1.0
2018-07-02,0.0,0.0,0.0,0.0,1.0
2018-07-03,0.0,0.0,0.0,0.0,1.0
2018-07-04,0.0,0.0,0.0,0.0,1.0
2018-07-05,0.0,0.0,0.0,0.0,1.0
2018-07-06,0.0,0.0,0.0,0.0,1.0
2018-07-09,0.0,0.0,0.0,0.0,1.0
2018-07-10,0.0,0.0,0.0,0.0,1.0
2018-07-11,0.0,0.0,0.0,0.0,1.0
2018-07-12,0.0,0.0,0.0,0.0,1.0
2018-07-13,0.0,0.0,0.0,0.0,1.0
2018-07-16,0.0,0.0,0.0,0.0,1.0
2018-07-17,0.0,0.0,0.0,0.0,1.0
2018-07-18,0.0,0.0,0.0,0.0,1.0
2018-07-19,0.0,0.0,0.0,0.0,1.0
2018-07-20,0.0,0.0,0.0,0.0,1.0
2018-07-23,0.0,0.0,0.0,0.0,1.0
2018-07-24,0.0,0.0,0.0,0.0,1.0
2018-07-25,0.0,0.0,0.0,0.0,1.0
2018-07-26,0.0,0.0,0.0,0.0,1.0
2018-07-27,0.0,0.0,0.0,0.0,1.0
2018-07-30,0.0,0.0,0.0,0.0,1.0
2018-07-31,0.0,0.0,0.0,0.0,1.0
2018-08-01,0.0,0.0,0.0,0.0,1.0
2018-08-02,0.0,0.0,0.0,0.0,1.0
2018-08-03,0.0,0.0,0.0,0.0,1.0
2018-08-06,0.0,0.0,0.0,0.0,1.0
2018-08-07,0.0,0.0,0.0,0.0,1.0
2018-08-08,0.0,0.0,0.0,0.0,1.0
2018-08-09,0.0,0.0,0.0,0.0,1.0
2018-08-10,0.0,0.0,0.0,0.0,1.0
2018-08-13,0.0,0.0,0.0,0.0,1.0
2018-08-14,0.0,0.0,0.0,0.0,1.0
2018-08-15,0.0,0.0,0.0,0.0,1.0
2018-08-16,0.0,0.0,0.0,0.0,1.0
2018-08-17,0.0,0.0,0.0,0.0,1.0
2018-08-20,0.0,0.0,0.0,0.0,1.0
2018-08-21,0.0,0.0,0.0,0.0,1.0
2018-08-22,0.0,0.0,0.0,0.0,1.0
2018-08-23,0.0,0.0,0.0,0.0,1.0
2018-08-24,0.0,0.0,0.0,0.0,1.0
2018-08-27,0.0,0.0,0.0,0.0,1.0
2018-08-28,0.0,0.0,0.0,0.0,1.0
2018-08-29,0.0,0.0,0.0,0.0,1.0
2018-08-30,0.0,0.0,0.0,0.0,1.0
2018-08-31,0.0,0.0,0.0,0.0,1.0
2018-09-03,0.0,0.0,0.0,0.0,1.0
2018-09-04,0.0,0.0,0.0,0.0,1.0
2018-09-05,0.0,0.0,0.0,0.0,1.0
2018-09-06,0.0,0.0,0.0,0.0,1.0
2018-09-07,0.0,0.0,0.0,0.0,1.0
2018-09-10,0.0,0.0,0.0,0.0,1.0
2018-09-11,0.0,0.0,0.0,0.0,1.0
2018-09-12,0.0,0.0,0.0,0.0,1.0
2018-09-13,0.0,0.0,0.0,0.0,1.0
2018-09-14,0.0,0.0,0.0,0.0,1.0
2018-09-17,0.0,0.0,0.0,0.0,1.0
2018-09-18,0.0,0.0,0.0,0.0,1.0
2018-09-19,0.0,0.0,0.0,0.0,1.0
2018-09-20,0.0,0.0,0.0,0.0,1.0
2018-09-21,0.0,0.0,0.0,0.0,1.0
2018-09-25,0.0,0.0,0.0,0.0,1.0
2018-09-26,0.0,0.0,0.0,0.0,1.0
2018-09-27,0.0,0.0,0.0,0.0,1.0
2018-09-28,0.0,0.0,0.0,0.0,1.0
2018-10-08,0.0,0.0,0.0,0.0,1.0
2018-10-09,0.0,0.0,0.0,0.0,1.0
2018-10-10,0.0,0.0,0.0,0.0,1.0
2018-10-11,0.0,0.0,0.0,0.0,1.0
2018-10-12,0.0,0.0,0.0,0.0,1.0
2018-10-15,0.0,0.0,0.0,0.0,1.0
2018-10-16,0.0,0.0,0.0,0.0,1.0
2018-10-17,0.0,0.0,0.0,0.0,1.0
2018-10-18,0.0,0.0,0.0,0.0,1.0
2018-10-19,0.0,0.0,0.0,0.0,1.0
2018-10-22,0.0,0.0,0.0,0.0,1.0
2018-10-23,0.0,0.0,0.0,0.0,1.0
2018-10-24,0.0,0.0,0.0,0.0,1.0
2018-10-25,0.0,0.0,0.0,0.0,1.0
2018-10-26,0.0,0.0,0.0,0.0,1.0
2018-10-29,0.0,0.0,0.0,0.0,1.0
2018-10-30,0.0,0.0,0.0,0.0,1.0
2018-10-31,0.0,0.0,0.0,0.0,1.0
2018-11-01,0.0,0.0,0.0,0.0,1.0
2018-11-02,0.0,0.0,0.0,0.0,1.0
2018-11-05,0.0,0.0,0.0,0.0,1.0
2018-11-06,0.0,0.0,0.0,0.0,1.0
2018-11-07,0.0,0.0,0.0,0.0,1.0
2018-11-08,0.0,0.0,0.0,0.0,1.0
2018-11-09,0.0,0.0,0.0,0.0,1.0
2018-11-12,0.0,0.0,0.0,0.0,1.0
2018-11-13,0.0,0.0,0.0,0.0,1.0
2018-11-14,0.0,0.0,0.0,0.0,1.0
2018-11-15,0.0,0.0,0.0,0.0,1.0
2018-11-16,0.0,0.0,0.0,0.0,1.0
2018-11-19,0.0,0.0,0.0,0.0,1.0
2018-11-20,0.0,0.0,0.0,0.0,1.0
2018-11-21,0.0,0.0,0.0,0.0,1.0
2018-11-22,0.0,0.0,0.0,0.0,1.0
2018-11-23,0.0,0.0,0.0,0.0,1.0
2018-11-26,0.0,0.0,0.0,0.0,1.0
2018-11-27,0.0,0.0,0.0,0.0,1.0
2018-11-28,0.0,0.0,0.0,0.0,1.0
2018-11-29,0.0,0.0,0.0,0.0,1.0
2018-11-30,0.0,0.0,0.0,0.0,1.0
2018-12-03,0.0,0.0,0.0,0.0,1.0
2018-12-04,0.0,0.0,0.0,0.0,1.0
2018-12-05,0.0,0.0,0.0,0.0,1.0
2018-12-06,0.0,0.0,0.0,0.0,1.0
2018-12-07,0.0,0.0,0.0,0.0,1.0
2018-12-10,0.0,0.0,0.0,0.0,1.0
2018-12-11,0.0,0.0,0.0,0.0,1.0
2018-12-12,0.0,0.0,0.0,0.0,1.0
2018-12-13,0.0,0.0,0.0,0.0,1.0
2018-12-14,0.0,0.0,0.0,0.0,1.0
2018-12-17,0.0,0.0,0.0,0.0,1.0
2018-12-18,0.0,0.0,0.0,0.0,1.0
2018-12-19,0.0,0.0,0.0,0.0,1.0
2018-12-20,0.0,0.0,0.0,0.0,1.0
2018-12-21,0.0,0.0,0.0,0.0,1.0
2018-12-24,0.0,0.0,0.0,0.0,1.0
2018-12-25,0.0,0.0,0.0,0.0,1.0
2018-12-26,0.0,0.0,0.0,0.0,1.0
2018-12-27,0.0,0.0,0.0,0.0,1.0
2018-12-28,0.0,0.0,0.0,0.0,1.0
2019-01-02,0.0,0.0,0.0,0.0,1.0
2019-01-03,0.0,0.0,0.0,0.0,1.0
2019-01-04,0.0,0.0,0.0,0.0,1.0
2019-01-07,0.0,0.0,0.0,0.0,1.0
2019-01-08,0.0,0.0,0.0,0.0,1.0
2019-01-09,0.0,0.0,0.0,0.0,1.0
2019-01-10,0.0,0.0,0.0,0.0,1.0
2019-01-11,0.0,0.0,0.0,0.0,1.0
2019-01-14,0.0,0.0,0.0,0.0,1.0
2019-01-15,0.0,0.0,0.0,0.0,1.0
2019-01-16,0.0,0.0,0.0,0.0,1.0
2019-01-17,0.0,0.0,0.0,0.0,1.0
2019-01-18,0.0,0.0,0.0,0.0,1.0
2019-01-21,0.0,0.0,0.0,0.0,1.0
2019-01-22,0.0,0.0,0.0,0.0,1.0
2019-01-23,0.0,0.0,0.0,0.0,1.0
2019-01-24,0.0,0.0,0.0,0.0,1.0
2019-01-25,0.0,0.0,0.0,0.0,1.0
2019-01-28,0.0,0.0,0.0,0.0,1.0
2019-01-29,0.0,0.0,0.0,0.0,1.0
2019-01-30,0.0,0.0,0.0,0.0,1.0
2019-01-31,0.0,0.0,0.0,0.0,1.0
2019-02-01,0.0,0.0,0.0,0.0,1.0
2019-02-11,0.0,0.0,0.0,0.0,1.0
2019-02-12,0.0,0.0,0.0,0.0,1.0
2019-02-13,0.0,0.0,0.0,0.0,1.0
2019-02-14,0.0,0.0,0.0,0.0,1.0
2019-02-15,0.0,0.0,0.0,0.0,1.0
2019-02-18,0.0,0.0,0.0,0.0,1.0
2019-02-19,0.0,0.0,0.0,0.0,1.0
2019-02-20,0.0,0.0,0.0,0.0,1.0
2019-02-21,0.0,0.0,0.0,0.0,1.0
2019-02-22,0.0,0.0,0.0,0.0,1.0
2019-02-25,0.0,0.0,0.0,0.0,1.0
2019-02-26,0.0,0.0,0.0,0.0,1.0
2019-02-27,0.0,0.0,0.0,0.0,1.0
2019-02-28,0.0,0.0,0.0,0.0,1.0
2019-03-01,0.0,0.0,0.0,0.0,1.0
2019-03-04,0.0,0.0,0.0,0.0,1.0
2019-03-05,0.0,0.0,0.0,0.0,1.0
2019-03-06,0.0,0.0,0.0,0.0,1.0
2019-03-07,0.0,0.0,0.0,0.0,1.0
2019-03-08,0.0,0.0,0.0,0.0,1.0
2019-03-11,0.0,0.0,0.0,0.0,1.0
2019-03-12,0.0,0.0,0.0,0.0,1.0
2019-03-13,0.0,0.0,0.0,0.0,1.0
2019-03-14,0.0,0.0,0.0,0.0,1.0
2019-03-15,0.0,0.0,0.0,0.0,1.0
2019-03-18,0.0,0.0,0.0,0.0,1.0
2019-03-19,0.0,0.0,0.0,0.0,1.0
2019-03-20,0.0,0.0,0.0,0.0,1.0
2019-03-21,0.0,0.0,0.0,0.0,1.0
2019-03-22,0.0,0.0,0.0,0.0,1.0
2019-03-25,0.0,0.0,0.0,0.0,1.0
2019-03-26,0.0,0.0,0.0,0.0,1.0
2019-03-27,0.0,0.0,0.0,0.0,1.0
2019-03-28,0.0,0.0,0.0,0.0,1.0
2019-03-29,0.0,0.0,0.0,0.0,1.0
2019-04-01,0.0,0.0,0.0,0.0,1.0
2019-04-02,0.0,0.0,0.0,0.0,1.0
2019-04-03,0.0,0.0,0.0,0.0,1.0
2019-04-04,0.0,0.0,0.0,0.0,1.0
2019-04-08,0.0,0.0,0.0,0.0,1.0
2019-04-09,0.0,0.0,0.0,0.0,1.0
2019-04-10,0.0,0.0,0.0,0.0,1.0
2019-04-11,0.0,0.0,0.0,0.0,1.0
2019-04-12,0.0,0.0,0.0,0.0,1.0
2019-04-15,0.0,0.0,0.0,0.0,1.0
2019-04-16,0.0,0.0,0.0,0.0,1.0
2019-04-17,0.0,0.0,0.0,0.0,1.0
2019-04-18,0.0,0.0,0.0,0.0,1.0
2019-04-19,0.0,0.0,0.0,0.0,1.0
2019-04-22,0.0,0.0,0.0,0.0,1.0
2019-04-23,0.0,0.0,0.0,0.0,1.0
2019-04-24,0.0,0.0,0.0,0.0,1.0
2019-04-25,0.0,0.0,0.0,0.0,1.0
2019-04-26,0.0,0.0,0.0,0.0,1.0
2019-04-29,0.0,0.0,0.0,0.0,1.0
2019-04-30,0.0,0.0,0.0,0.0,1.0
2019-05-06,0.0,0.0,0.0,0.0,1.0
2019-05-07,0.0,0.0,0.0,0.0,1.0
2019-05-08,0.0,0.0,0.0,0.0,1.0
2019-05-09,0.0,0.0,0.0,0.0,1.0
2019-05-10,0.0,0.0,0.0,0.0,1.0
2019-05-13,0.0,0.0,0.0,0.0,1.0
2019-05-14,0.0,0.0,0.0,0.0,1.0
2019-05-15,0.0,0.0,0.0,0.0,1.0
2019-05-16,0.0,0.0,0.0,0.0,1.0
2019-05-17,0.0,0.0,0.0,0.0,1.0
2019-05-20,0.0,0.0,0.0,0.0,1.0
2019-05-21,0.0,0.0,0.0,0.0,1.0
2019-05-22,0.0,0.0,0.0,0.0,1.0
2019-05-23,0.0,0.0,0.0,0.0,1.0
2019-05-24,0.0,0.0,0.0,0.0,1.0
2019-05-27,0.0,0.0,0.0,0.0,1.0
2019-05-28,0.0,0.0,0.0,0.0,1.0
2019-05-29,0.0,0.0,0.0,0.0,1.0
2019-05-30,0.0,0.0,0.0,0.0,1.0
2019-05-31,0.0,0.0,0.0,0.0,1.0
2019-06-03,0.0,0.0,0.0,0.0,1.0
2019-06-04,0.0,0.0,0.0,0.0,1.0
2019-06-05,0.0,0.0,0.0,0.0,1.0
2019-06-06,0.0,0.0,0.0,0.0,1.0
2019-06-10,0.0,0.0,0.0,0.0,1.0
2019-06-11,0.0,0.0,0.0,0.0,1.0
2019-06-12,0.0,0.0,0.0,0.0,1.0
2019-06-13,0.0,0.0,0.0,0.0,1.0
2019-06-14,0.0,0.0,0.0,0.0,1.0
2019-06-17,0.0,0.0,0.0,0.0,1.0
2019-06-18,0.0,0.0,0.0,0.0,1.0
2019-06-19,0.0,0.0,0.0,0.0,1.0
2019-06-20,0.0,0.0,0.0,0.0,1.0
2019-06-21,0.0,0.0,0.0,0.0,1.0
2019-06-24,0.0,0.0,0.0,0.0,1.0
2019-06-25,0.0,0.0,0.0,0.0,1.0
2019-06-26,0.0,0.0,0.0,0.0,1.0
2019-06-27,0.0,0.0,0.0,0.0,1.0
2019-06-28,0.0,0.0,0.0,0.0,1.0
2019-07-01,0.0,0.0,0.0,0.0,1.0
2019-07-02,0.0,0.0,0.0,0.0,1.0
2019-07-03,0.0,0.0,0.0,0.0,1.0
2019-07-04,0.0,0.0,0.0,0.0,1.0
2019-07-05,0.0,0.0,0.0,0.0,1.0
2019-07-08,0.0,0.0,0.0,0.0,1.0
2019-07-09,0.0,0.0,0.0,0.0,1.0
2019-07-10,0.0,0.0,0.0,0.0,1.0
2019-07-11,0.0,0.0,0.0,0.0,1.0
2019-07-12,0.0,0.0,0.0,0.0,1.0
2019-07-15,0.0,0.0,0.0,0.0,1.0
2019-07-16,0.0,0.0,0.0,0.0,1.0
2019-07-17,0.0,0.0,0.0,0.0,1.0
2019-07-18,0.0,0.0,0.0,0.0,1.0
2019-07-19,0.0,0.0,0.0,0.0,1.0
2019-07-22,0.0,0.0,0.0,0.0,1.0
2019-07-23,0.0,0.0,0.0,0.0,1.0
2019-07-24,0.0,0.0,0.0,0.0,1.0
2019-07-25,0.0,0.0,0.0,0.0,1.0
2019-07-26,0.0,0.0,0.0,0.0,1.0
2019-07-29,0.0,0.0,0.0,0.0,1.0
2019-07-30,0.0,0.0,0.0,0.0,1.0
2019-07-31,0.0,0.0,0.0,0.0,1.0
2019-08-01,0.0,0.0,0.0,0.0,1.0
2019-08-02,0.0,0.0,0.0,0.0,1.0
2019-08-05,0.0,0.0,0.0,0.0,1.0
2019-08-06,0.0,0.0,0.0,0.0,1.0
2019-08-07,0.0,0.0,0.0,0.0,1.0
2019-08-08,0.0,0.0,0.0,0.0,1.0
2019-08-09,0.0,0.0,0.0,0.0,1.0
2019-08-12,0.0,0.0,0.0,0.0,1.0
2019-08-13,0.0,0.0,0.0,0.0,1.0
2019-08-14,0.0,0.0,0.0,0.0,1.0
2019-08-15,0.0,0.0,0.0,0.0,1.0
2019-08-16,0.0,0.0,0.0,0.0,1.0
2019-08-19,0.0,0.0,0.0,0.0,1.0
2019-08-20,0.0,0.0,0.0,0.0,1.0
2019-08-21,0.0,0.0,0.0,0.0,1.0
2019-08-22,0.0,0.0,0.0,0.0,1.0
2019-08-23,0.0,0.0,0.0,0.0,1.0
2019-08-26,0.0,0.0,0.0,0.0,1.0
2019-08-27,0.0,0.0,0.0,0.0,1.0
2019-08-28,0.0,0.0,0.0,0.0,1.0
2019-08-29,0.0,0.0,0.0,0.0,1.0
2019-08-30,0.0,0.0,0.0,0.0,1.0
2019-09-02,0.0,0.0,0.0,0.0,1.0
2019-09-03,0.0,0.0,0.0,0.0,1.0
2019-09-04,0.0,0.0,0.0,0.0,1.0
2019-09-05,0.0,0.0,0.0,0.0,1.0
2019-09-06,0.0,0.0,0.0,0.0,1.0
2019-09-09,0.0,0.0,0.0,0.0,1.0
2019-09-10,0.0,0.0,0.0,0.0,1.0
2019-09-11,0.0,0.0,0.0,0.0,1.0
2019-09-12,0.0,0.0,0.0,0.0,1.0
2019-09-16,0.0,0.0,0.0,0.0,1.0
2019-09-17,0.0,0.0,0.0,0.0,1.0
2019-09-18,0.0,0.0,0.0,0.0,1.0
2019-09-19,0.0,0.0,0.0,0.0,1.0
2019-09-20,0.0,0.0,0.0,0.0,1.0
2019-09-23,0.0,0.0,0.0,0.0,1.0
2019-09-24,0.0,0.0,0.0,0.0,1.0
2019-09-25,0.0,0.0,0.0,0.0,1.0
2019-09-26,0.0,0.0,0.0,0.0,1.0
2019-09-27,0.0,0.0,0.0,0.0,1.0
2019-09-30,0.0,0.0,0.0,0.0,1.0
2019-10-08,0.0,0.0,0.0,0.0,1.0
2019-10-09,0.0,0.0,0.0,0.0,1.0
2019-10-10,0.0,0.0,0.0,0.0,1.0
2019-10-11,0.0,0.0,0.0,0.0,1.0
2019-10-14,0.0,0.0,0.0,0.0,1.0
2019-10-15,0.0,0.0,0.0,0.0,1.0
2019-10-16,0.0,0.0,0.0,0.0,1.0
2019-10-17,0.0,0.0,0.0,0.0,1.0
2019-10-18,0.0,0.0,0.0,0.0,1.0
2019-10-21,0.0,0.0,0.0,0.0,1.0
2019-10-22,0.0,0.0,0.0,0.0,1.0
2019-10-23,0.0,0.0,0.0,0.0,1.0
2019-10-24,0.0,0.0,0.0,0.0,1.0
2019-10-25,0.0,0.0,0.0,0.0,1.0
2019-10-28,0.0,0.0,0.0,0.0,1.0
2019-10-29,0.0,0.0,0.0,0.0,1.0
2019-10-30,0.0,0.0,0.0,0.0,1.0
2019-10-31,0.0,0.0,0.0,0.0,1.0
2019-11-01,0.0,0.0,0.0,0.0,1.0
2019-11-04,0.0,0.0,0.0,0.0,1.0
2019-11-05,0.0,0.0,0.0,0.0,1.0
2019-11-06,0.0,0.0,0.0,0.0,1.0
2019-11-07,0.0,0.0,0.0,0.0,1.0
2019-11-08,0.0,0.0,0.0,0.0,1.0
2019-11-11,0.0,0.0,0.0,0.0,1.0
2019-11-12,0.0,0.0,0.0,0.0,1.0
2019-11-13,0.0,0.0,0.0,0.0,1.0
2019-11-14,0.0,0.0,0.0,0.0,1.0
2019-11-15,0.0,0.0,0.0,0.0,1.0
2019-11-18,0.0,0.0,0.0,0.0,1.0
2019-11-19,0.0,0.0,0.0,0.0,1.0
2019-11-20,0.0,0.0,0.0,0.0,1.0
2019-11-21,0.0,0.0,0.0,0.0,1.0
2019-11-22,0.0,0.0,0.0,0.0,1.0
2019-11-25,0.0,0.0,0.0,0.0,1.0
2019-11-26,0.0,0.0,0.0,0.0,1.0
2019-11-27,0.0,0.0,0.0,0.0,1.0
2019-11-28,0.0,0.0,0.0,0.0,1.0
2019-11-29,0.0,0.0,0.0,0.0,1.0
2019-12-02,0.0,0.0,0.0,0.0,1.0
2019-12-03,0.0,0.0,0.0,0.0,1.0
2019-12-04,0.0,0.0,0.0,0.0,1.0
2019-12-05,0.0,0.0,0.0,0.0,1.0
2019-12-06,0.0,0.0,0.0,0.0,1.0
2019-12-09,0.0,0.0,0.0,0.0,1.0
2019-12-10,0.0,0.0,0.0,0.0,1.0
2019-12-11,0.0,0.0,0.0,0.0,1.0
2019-12-12,0.0,0.0,0.0,0.0,1.0
2019-12-13,0.0,0.0,0.0,0.0,1.0
2019-12-16,0.0,0.0,0.0,0.0,1.0
2019-12-17,0.0,0.0,0.0,0.0,1.0
2019-12-18,0.0,0.0,0.0,0.0,1.0
2019-12-19,0.0,0.0,0.0,0.0,1.0
2019-12-20,0.0,0.0,0.0,0.0,1.0
2019-12-23,0.0,0.0,0.0,0.0,1.0
2019-12-24,0.0,0.0,0.0,0.0,1.0
2019-12-25,0.0,0.0,0.0,0.0,1.0
2019-12-26,0.0,0.0,0.0,0.0,1.0
2019-12-27,0.0,0.0,0.0,0.0,1.0
2019-12-30,0.0,0.0,0.0,0.0,1.0
2019-12-31,0.0,0.0,0.0,0.0,1.0
2020-01-02,0.0,0.0,0.0,0.0,1.0
2020-01-03,0.0,0.0,0.0,0.0,1.0
2020-01-06,0.0,0.0,0.0,0.0,1.0
2020-01-07,0.0,0.0,0.0,0.0,1.0
2020-01-08,0.0,0.0,0.0,0.0,1.0
2020-01-09,0.0,0.0,0.0,0.0,1.0
2020-01-10,0.0,0.0,0.0,0.0,1.0
2020-01-13,0.0,0.0,0.0,0.0,1.0
2020-01-14,0.0,0.0,0.0,0.0,1.0
2020-01-15,0.0,0.0,0.0,0.0,1.0
2020-01-16,0.0,0.0,0.0,0.0,1.0
2020-01-17,0.0,0.0,0.0,0.0,1.0
2020-01-20,0.0,0.0,0.0,0.0,1.0
2020-01-21,0.0,0.0,0.0,0.0,1.0
2020-01-22,0.0,0.0,0.0,0.0,1.0
2020-01-23,0.0,0.0,0.0,0.0,1.0
2020-02-03,0.0,0.0,0.0,0.0,1.0
2020-02-04,0.0,0.0,0.0,0.0,1.0
2020-02-05,0.0,0.0,0.0,0.0,1.0
2020-02-06,0.0,0.0,0.0,0.0,1.0
2020-02-07,0.0,0.0,0.0,0.0,1.0
2020-02-10,0.0,0.0,0.0,0.0,1.0
2020-02-11,0.0,0.0,0.0,0.0,1.0
2020-02-12,0.0,0.0,0.0,0.0,1.0
2020-02-13,0.0,0.0,0.0,0.0,1.0
2020-02-14,0.0,0.0,0.0,0.0,1.0
2020-02-17,0.0,0.0,0.0,0.0,1.0
2020-02-18,0.0,0.0,0.0,0.0,1.0
2020-02-19,0.0,0.0,0.0,0.0,1.0
2020-02-20,0.0,0.0,0.0,0.0,1.0
2020-02-21,0.0,0.0,0.0,0.0,1.0
2020-02-24,0.0,0.0,0.0,0.0,1.0
2020-02-25,0.0,0.0,0.0,0.0,1.0
2020-02-26,0.0,0.0,0.0,0.0,1.0
2020-02-27,0.0,0.0,0.0,0.0,1.0
2020-02-28,0.0,0.0,0.0,0.0,1.0
2020-03-02,0.0,0.0,0.0,0.0,1.0
2020-03-03,0.0,0.0,0.0,0.0,1.0
2020-03-04,0.0,0.0,0.0,0.0,1.0
2020-03-05,0.0,0.0,0.0,0.0,1.0
2020-03-06,0.0,0.0,0.0,0.0,1.0
2020-03-09,0.0,0.0,0.0,0.0,1.0
2020-03-10,0.0,0.0,0.0,0.0,1.0
2020-03-11,0.0,0.0,0.0,0.0,1.0
2020-03-12,0.0,0.0,0.0,0.0,1.0
2020-03-13,0.0,0.0,0.0,0.0,1.0
2020-03-16,0.0,0.0,0.0,0.0,1.0
2020-03-17,0.0,0.0,0.0,0.0,1.0
2020-03-18,0.0,0.0,0.0,0.0,1.0
2020-03-19,0.0,0.0,0.0,0.0,1.0
2020-03-20,0.0,0.0,0.0,0.0,1.0
2020-03-23,0.0,0.0,0.0,0.0,1.0
2020-03-24,0.0,0.0,0.0,0.0,1.0
2020-03-25,0.0,0.0,0.0,0.0,1.0
2020-03-26,0.0,0.0,0.0,0.0,1.0
2020-03-27,0.0,0.0,0.0,0.0,1.0
2020-03-30,0.0,0.0,0.0,0.0,1.0
2020-03-31,0.0,0.0,0.0,0.0,1.0
2020-04-01,0.0,0.0,0.0,0.0,1.0
2020-04-02,0.0,0.0,0.0,0.0,1.0
2020-04-03,0.0,0.0,0.0,0.0,1.0
2020-04-07,0.0,0.0,0.0,0.0,1.0
2020-04-08,0.0,0.0,0.0,0.0,1.0
2020-04-09,0.0,0.0,0.0,0.0,1.0
2020-04-10,0.0,0.0,0.0,0.0,1.0
2020-04-13,0.0,0.0,0.0,0.0,1.0
2020-04-14,0.0,0.0,0.0,0.0,1.0
2020-04-15,0.0,0.0,0.0,0.0,1.0
2020-04-16,0.0,0.0,0.0,0.0,1.0
2020-04-17,0.0,0.0,0.0,0.0,1.0
2020-04-20,0.0,0.0,0.0,0.0,1.0
2020-04-21,0.0,0.0,0.0,0.0,1.0
2020-04-22,0.0,0.0,0.0,0.0,1.0
2020-04-23,0.0,0.0,0.0,0.0,1.0
2020-04-24,0.0,0.0,0.0,0.0,1.0
2020-04-27,0.0,0.0,0.0,0.0,1.0
2020-04-28,0.0,0.0,0.0,0.0,1.0
2020-04-29,0.0,0.0,0.0,0.0,1.0
2020-04-30,0.0,0.0,0.0,0.0,1.0
2020-05-06,0.0,0.0,0.0,0.0,1.0
2020-05-07,0.0,0.0,0.0,0.0,1.0
2020-05-08,0.0,0.0,0.0,0.0,1.0
2020-05-11,0.0,0.0,0.0,0.0,1.0
2020-05-12,0.0,0.0,0.0,0.0,1.0
2020-05-13,0.0,0.0,0.0,0.0,1.0
2020-05-14,0.0,0.0,0.0,0.0,1.0
2020-05-15,0.0,0.0,0.0,0.0,1.0
2020-05-18,0.0,0.0,0.0,0.0,1.0
2020-05-19,0.0,0.0,0.0,0.0,1.0
2020-05-20,0.0,0.0,0.0,0.0,1.0
2020-05-21,0.0,0.0,0.0,0.0,1.0
2020-05-22,0.0,0.0,0.0,0.0,1.0
2020-05-25,0.0,0.0,0.0,0.0,1.0
2020-05-26,0.0,0.0,0.0,0.0,1.0
2020-05-27,0.0,0.0,0.0,0.0,1.0
2020-05-28,0.0,0.0,0.0,0.0,1.0
2020-05-29,0.0,0.0,0.0,0.0,1.0
2020-06-01,0.0,0.0,0.0,0.0,1.0
2020-06-02,0.0,0.0,0.0,0.0,1.0
2020-06-03,0.0,0.0,0.0,0.0,1.0
2020-06-04,0.0,0.0,0.0,0.0,1.0
2020-06-05,0.0,0.0,0.0,0.0,1.0
2020-06-08,0.0,0.0,0.0,0.0,1.0
2020-06-09,0.0,0.0,0.0,0.0,1.0
2020-06-10,0.0,0.0,0.0,0.0,1.0
2020-06-11,0.0,0.0,0.0,0.0,1.0
2020-06-12,0.0,0.0,0.0,0.0,1.0
2020-06-15,0.0,0.0,0.0,0.0,1.0
2020-06-16,0.0,0.0,0.0,0.0,1.0
2020-06-17,0.0,0.0,0.0,0.0,1.0
2020-06-18,0.0,0.0,0.0,0.0,1.0
2020-06-19,0.0,0.0,0.0,0.0,1.0
2020-06-22,0.0,0.0,0.0,0.0,1.0
2020-06-23,0.0,0.0,0.0,0.0,1.0
2020-06-24,0.0,0.0,0.0,0.0,1.0
2020-06-29,0.0,0.0,0.0,0.0,1.0
2020-06-30,0.0,0.0,0.0,0.0,1.0
2020-07-01,0.0,0.0,0.0,0.0,1.0
2020-07-02,0.0,0.0,0.0,0.0,1.0
2020-07-03,0.0,0.0,0.0,0.0,1.0
2020-07-06,0.0,0.0,0.0,0.0,1.0
2020-07-07,0.0,0.0,0.0,0.0,1.0
2020-07-08,0.0,0.0,0.0,0.0,1.0
2020-07-09,0.0,0.0,0.0,0.0,1.0
2020-07-10,0.0,0.0,0.0,0.0,1.0
2020-07-13,0.0,0.0,0.0,0.0,1.0
2020-07-14,0.0,0.0,0.0,0.0,1.0
2020-07-15,0.0,0.0,0.0,0.0,1.0
2020-07-16,0.0,0.0,0.0,0.0,1.0
2020-07-17,0.0,0.0,0.0,0.0,1.0
2020-07-20,0.0,0.0,0.0,0.0,1.0
2020-07-21,0.0,0.0,0.0,0.0,1.0
2020-07-22,0.0,0.0,0.0,0.0,1.0
2020-07-23,0.0,0.0,0.0,0.0,1.0
2020-07-24,0.0,0.0,0.0,0.0,1.0
2020-07-27,0.0,0.0,0.0,0.0,1.0
2020-07-28,0.0,0.0,0.0,0.0,1.0
2020-07-29,0.0,0.0,0.0,0.0,1.0
2020-07-30,0.0,0.0,0.0,0.0,1.0
2020-07-31,0.0,0.0,0.0,0.0,1.0
2020-08-03,0.0,0.0,0.0,0.0,1.0
2020-08-04,0.0,0.0,0.0,0.0,1.0
2020-08-05,0.0,0.0,0.0,0.0,1.0
2020-08-06,0.0,0.0,0.0,0.0,1.0
2020-08-07,0.0,0.0,0.0,0.0,1.0
2020-08-10,0.0,0.0,0.0,0.0,1.0
2020-08-11,0.0,0.0,0.0,0.0,1.0
2020-08-12,0.0,0.0,0.0,0.0,1.0
2020-08-13,0.0,0.0,0.0,0.0,1.0
2020-08-14,0.0,0.0,0.0,0.0,1.0
2020-08-17,0.0,0.0,0.0,0.0,1.0
2020-08-18,0.0,0.0,0.0,0.0,1.0
2020-08-19,0.0,0.0,0.0,0.0,1.0
2020-08-20,0.0,0.0,0.0,0.0,1.0
2020-08-21,0.0,0.0,0.0,0.0,1.0
2020-08-24,0.0,0.0,0.0,0.0,1.0
2020-08-25,0.0,0.0,0.0,0.0,1.0
2020-08-26,0.0,0.0,0.0,0.0,1.0
2020-08-27,0.0,0.0,0.0,0.0,1.0
2020-08-28,0.0,0.0,0.0,0.0,1.0
2020-08-31,0.0,0.0,0.0,0.0,1.0
2020-09-01,0.0,0.0,0.0,0.0,1.0
2020-09-02,0.0,0.0,0.0,0.0,1.0
2020-09-03,0.0,0.0,0.0,0.0,1.0
2020-09-04,0.0,0.0,0.0,0.0,1.0
2020-09-07,0.0,0.0,0.0,0.0,1.0
2020-09-08,0.0,0.0,0.0,0.0,1.0
2020-09-09,0.0,0.0,0.0,0.0,1.0
2020-09-10,0.0,0.0,0.0,0.0,1.0
2020-09-11,0.0,0.0,0.0,0.0,1.0
2020-09-14,0.0,0.0,0.0,0.0,1.0
2020-09-15,0.0,0.0,0.0,0.0,1.0
2020-09-16,0.0,0.0,0.0,0.0,1.0
2020-09-17,0.0,0.0,0.0,0.0,1.0
2020-09-18,0.0,0.0,0.0,0.0,1.0
2020-09-21,0.0,0.0,0.0,0.0,1.0
2020-09-22,0.0,0.0,0.0,0.0,1.0
2020-09-23,0.0,0.0,0.0,0.0,1.0
2020-09-24,0.0,0.0,0.0,0.0,1.0
2020-09-25,0.0,0.0,0.0,0.0,1.0
2020-09-28,0.0,0.0,0.0,0.0,1.0
2020-09-29,0.0,0.0,0.0,0.0,1.0
2020-09-30,0.0,0.0,0.0,0.0,1.0
2020-10-09,0.0,0.0,0.0,0.0,1.0
2020-10-12,0.0,0.0,0.0,0.0,1.0
2020-10-13,0.0,0.0,0.0,0.0,1.0
2020-10-14,0.0,0.0,0.0,0.0,1.0
2020-10-15,0.0,0.0,0.0,0.0,1.0
2020-10-16,0.0,0.0,0.0,0.0,1.0
2020-10-19,0.0,0.0,0.0,0.0,1.0
2020-10-20,0.0,0.0,0.0,0.0,1.0
2020-10-21,0.0,0.0,0.0,0.0,1.0
2020-10-22,0.0,0.0,0.0,0.0,1.0
2020-10-23,0.0,0.0,0.0,0.0,1.0
2020-10-26,0.0,0.0,0.0,0.0,1.0
2020-10-27,0.0,0.0,0.0,0.0,1.0
2020-10-28,0.0,0.0,0.0,0.0,1.0
2020-10-29,0.0,0.0,0.0,0.0,1.0
2020-10-30,0.0,0.0,0.0,0.0,1.0
2020-11-02,0.0,0.0,0.0,0.0,1.0
2020-11-03,0.0,0.0,0.0,0.0,1.0
2020-11-04,0.0,0.0,0.0,0.0,1.0
2020-11-05,0.0,0.0,0.0,0.0,1.0
2020-11-06,0.0,0.0,0.0,0.0,1.0
2020-11-09,0.0,0.0,0.0,0.0,1.0
2020-11-10,0.0,0.0,0.0,0.0,1.0
2020-11-11,0.0,0.0,0.0,0.0,1.0
2020-11-12,0.0,0.0,0.0,0.0,1.0
2020-11-13,0.0,0.0,0.0,0.0,1.0
2020-11-16,0.0,0.0,0.0,0.0,1.0
2020-11-17,0.0,0.0,0.0,0.0,1.0
2020-11-18,0.0,0.0,0.0,0.0,1.0
2020-11-19,0.0,0.0,0.0,0.0,1.0
2020-11-20,0.0,0.0,0.0,0.0,1.0
2020-11-23,0.0,0.0,0.0,0.0,1.0
2020-11-24,0.0,0.0,0.0,0.0,1.0
2020-11-25,0.0,0.0,0.0,0.0,1.0
2020-11-26,0.0,0.0,0.0,0.0,1.0
2020-11-27,0.0,0.0,0.0,0.0,1.0
2020-11-30,0.0,0.0,0.0,0.0,1.0
2020-12-01,0.0,0.0,0.0,0.0,1.0
2020-12-02,0.0,0.0,0.0,0.0,1.0
2020-12-03,0.0,0.0,0.0,0.0,1.0
2020-12-04,0.0,0.0,0.0,0.0,1.0
2020-12-07,0.0,0.0,0.0,0.0,1.0
2020-12-08,0.0,0.0,0.0,0.0,1.0
2020-12-09,0.0,0.0,0.0,0.0,1.0
2020-12-10,0.0,0.0,0.0,0.0,1.0
2020-12-11,0.0,0.0,0.0,0.0,1.0
2020-12-14,0.0,0.0,0.0,0.0,1.0
2020-12-15,0.0,0.0,0.0,0.0,1.0
2020-12-16,0.0,0.0,0.0,0.0,1.0
2020-12-17,0.0,0.0,0.0,0.0,1.0
2020-12-18,0.0,0.0,0.0,0.0,1.0
2020-12-21,0.0,0.0,0.0,0.0,1.0
2020-12-22,0.0,0.0,0.0,0.0,1.0
2020-12-23,0.0,0.0,0.0,0.0,1.0
2020-12-24,0.0,0.0,0.0,0.0,1.0
2020-12-25,0.0,0.0,0.0,0.0,1.0
2020-12-28,0.0,0.0,0.0,0.0,1.0
2020-12-29,0.0,0.0,0.0,0.0,1.0
2020-12-30,0.0,0.0,0.0,0.0,1.0
2020-12-31,0.0,0.0,0.0,0.0,1.0
2021-01-04,0.0,0.0,0.0,0.0,1.0
2021-01-05,0.0,0.0,0.0,0.0,1.0
2021-01-06,0.0,0.0,0.0,0.0,1.0
2021-01-07,0.0,0.0,0.0,0.0,1.0
2021-01-08,0.0,0.0,0.0,0.0,1.0
2021-01-11,0.0,0.0,0.0,0.0,1.0
2021-01-12,0.0,0.0,0.0,0.0,1.0
2021-01-13,0.0,0.0,0.0,0.0,1.0
2021-01-14,0.0,0.0,0.0,0.0,1.0
2021-01-15,0.0,0.0,0.0,0.0,1.0
2021-01-18,0.0,0.0,0.0,0.0,1.0
2021-01-19,0.0,0.0,0.0,0.0,1.0
2021-01-20,0.0,0.0,0.0,0.0,1.0
2021-01-21,0.0,0.0,0.0,0.0,1.0
2021-01-22,0.0,0.0,0.0,0.0,1.0
2021-01-25,0.0,0.0,0.0,0.0,1.0
2021-01-26,0.0,0.0,0.0,0.0,1.0
2021-01-27,0.0,0.0,0.0,0.0,1.0
2021-01-28,0.0,0.0,0.0,0.0,1.0
2021-01-29,0.0,0.0,0.0,0.0,1.0
2021-02-01,0.0,0.0,0.0,0.0,1.0
2021-02-02,0.0,0.0,0.0,0.0,1.0
2021-02-03,0.0,0.0,0.0,0.0,1.0
2021-02-04,0.0,0.0,0.0,0.0,1.0
2021-02-05,0.0,0.0,0.0,0.0,1.0
2021-02-08,0.0,0.0,0.0,0.0,1.0
2021-02-09,0.0,0.0,0.0,0.0,1.0
2021-02-10,0.0,0.0,0.0,0.0,1.0
2021-02-18,0.0,0.0,0.0,0.0,1.0
2021-02-19,0.0,0.0,0.0,0.0,1.0
2021-02-22,0.0,0.0,0.0,0.0,1.0
2021-02-23,0.0,0.0,0.0,0.0,1.0
2021-02-24,0.0,0.0,0.0,0.0,1.0
2021-02-25,0.0,0.0,0.0,0.0,1.0
2021-02-26,0.0,0.0,0.0,0.0,1.0
2021-03-01,0.0,0.0,0.0,0.0,1.0
2021-03-02,0.0,0.0,0.0,0.0,1.0
2021-03-03,0.0,0.0,0.0,0.0,1.0
2021-03-04,0.0,0.0,0.0,0.0,1.0
2021-03-05,0.0,0.0,0.0,0.0,1.0
2021-03-08,0.0,0.0,0.0,0.0,1.0
2021-03-09,0.0,0.0,0.0,0.0,1.0
2021-03-10,0.0,0.0,0.0,0.0,1.0
2021-03-11,0.0,0.0,0.0,0.0,1.0
2021-03-12,0.0,0.0,0.0,0.0,1.0
2021-03-15,0.0,0.0,0.0,0.0,1.0
2021-03-16,0.0,0.0,0.0,0.0,1.0
2021-03-17,0.0,0.0,0.0,0.0,1.0
2021-03-18,0.0,0.0,0.0,0.0,1.0
2021-03-19,0.0,0.0,0.0,0.0,1.0
2021-03-22,0.0,0.0,0.0,0.0,1.0
2021-03-23,0.0,0.0,0.0,0.0,1.0
2021-03-24,0.0,0.0,0.0,0.0,1.0
2021-03-25,0.0,0.0,0.0,0.0,1.0
2021-03-26,0.0,0.0,0.0,0.0,1.0
2021-03-29,0.0,0.0,0.0,0.0,1.0
2021-03-30,0.0,0.0,0.0,0.0,1.0
2021-03-31,0.0,0.0,0.0,0.0,1.0
2021-04-01,0.0,0.0,0.0,0.0,1.0
2021-04-02,0.0,0.0,0.0,0.0,1.0
2021-04-06,0.0,0.0,0.0,0.0,1.0
2021-04-07,0.0,0.0,0.0,0.0,1.0
2021-04-08,0.0,0.0,0.0,0.0,1.0
2021-04-09,0.0,0.0,0.0,0.0,1.0
2021-04-12,0.0,0.0,0.0,0.0,1.0
2021-04-13,0.0,0.0,0.0,0.0,1.0
2021-04-14,0.0,0.0,0.0,0.0,1.0
2021-04-15,0.0,0.0,0.0,0.0,1.0
2021-04-16,0.0,0.0,0.0,0.0,1.0
2021-04-19,0.0,0.0,0.0,0.0,1.0
2021-04-20,0.0,0.0,0.0,0.0,1.0
2021-04-21,0.0,0.0,0.0,0.0,1.0
2021-04-22,0.0,0.0,0.0,0.0,1.0
2021-04-23,0.0,0.0,0.0,0.0,1.0
2021-04-26,0.0,0.0,0.0,0.0,1.0
2021-04-27,0.0,0.0,0.0,0.0,1.0
2021-04-28,0.0,0.0,0.0,0.0,1.0
2021-04-29,0.0,0.0,0.0,0.0,1.0
2021-04-30,0.0,0.0,0.0,0.0,1.0
2021-05-06,0.0,0.0,0.0,0.0,1.0
2021-05-07,0.0,0.0,0.0,0.0,1.0
2021-05-10,0.0,0.0,0.0,0.0,1.0
2021-05-11,0.0,0.0,0.0,0.0,1.0
2021-05-12,0.0,0.0,0.0,0.0,1.0
2021-05-13,0.0,0.0,0.0,0.0,1.0
2021-05-14,0.0,0.0,0.0,0.0,1.0
2021-05-17,0.0,0.0,0.0,0.0,1.0
2021-05-18,0.0,0.0,0.0,0.0,1.0
2021-05-19,0.0,0.0,0.0,0.0,1.0
2021-05-20,0.0,0.0,0.0,0.0,1.0
2021-05-21,0.0,0.0,0.0,0.0,1.0
2021-05-24,0.0,0.0,0.0,0.0,1.0
2021-05-25,0.0,0.0,0.0,0.0,1.0
2021-05-26,0.0,0.0,0.0,0.0,1.0
2021-05-27,0.0,0.0,0.0,0.0,1.0
2021-05-28,0.0,0.0,0.0,0.0,1.0
2021-05-31,0.0,0.0,0.0,0.0,1.0
2021-06-01,0.0,0.0,0.0,0.0,1.0
2021-06-02,0.0,0.0,0.0,0.0,1.0
2021-06-03,0.0,0.0,0.0,0.0,1.0
2021-06-04,0.0,0.0,0.0,0.0,1.0
2021-06-07,0.0,0.0,0.0,0.0,1.0
2021-06-08,0.0,0.0,0.0,0.0,1.0
2021-06-09,0.0,0.0,0.0,0.0,1.0
2021-06-10,0.0,0.0,0.0,0.0,1.0
2021-06-11,0.0,0.0,0.0,0.0,1.0
2021-06-15,0.0,0.0,0.0,0.0,1.0
2021-06-16,0.0,0.0,0.0,0.0,1.0
2021-06-17,0.0,0.0,0.0,0.0,1.0
2021-06-18,0.0,0.0,0.0,0.0,1.0
2021-06-21,0.0,0.0,0.0,0.0,1.0
2021-06-22,0.0,0.0,0.0,0.0,1.0
2021-06-23,0.0,0.0,0.0,0.0,1.0
2021-06-24,0.0,0.0,0.0,0.0,1.0
2021-06-25,0.0,0.0,0.0,0.0,1.0
2021-06-28,0.0,0.0,0.0,0.0,1.0
2021-06-29,0.0,0.0,0.0,0.0,1.0
2021-06-30,0.0,0.0,0.0,0.0,1.0
2021-07-01,0.0,0.0,0.0,0.0,1.0
2021-07-02,0.0,0.0,0.0,0.0,1.0
2021-07-05,0.0,0.0,0.0,0.0,1.0
2021-07-06,0.0,0.0,0.0,0.0,1.0
2021-07-07,0.0,0.0,0.0,0.0,1.0
2021-07-08,0.0,0.0,0.0,0.0,1.0
2021-07-09,0.0,0.0,0.0,0.0,1.0
2021-07-12,0.0,0.0,0.0,0.0,1.0
2021-07-13,0.0,0.0,0.0,0.0,1.0
2021-07-14,0.0,0.0,0.0,0.0,1.0
2021-07-15,0.0,0.0,0.0,0.0,1.0
2021-07-16,0.0,0.0,0.0,0.0,1.0
2021-07-19,0.0,0.0,0.0,0.0,1.0
2021-07-20,0.0,0.0,0.0,0.0,1.0
2021-07-21,0.0,0.0,0.0,0.0,1.0
2021-07-22,0.0,0.0,0.0,0.0,1.0
2021-07-23,0.0,0.0,0.0,0.0,1.0
2021-07-26,0.0,0.0,0.0,0.0,1.0
2021-07-27,0.0,0.0,0.0,0.0,1.0
2021-07-28,0.0,0.0,0.0,0.0,1.0
2021-07-29,0.0,0.0,0.0,0.0,1.0
2021-07-30,0.0,0.0,0.0,0.0,1.0
2021-08-02,0.0,0.0,0.0,0.0,1.0
2021-08-03,0.0,0.0,0.0,0.0,1.0
2021-08-04,0.0,0.0,0.0,0.0,1.0
2021-08-05,0.0,0.0,0.0,0.0,1.0
2021-08-06,0.0,0.0,0.0,0.0,1.0
2021-08-09,0.0,0.0,0.0,0.0,1.0
2021-08-10,0.0,0.0,0.0,0.0,1.0
2021-08-11,0.0,0.0,0.0,0.0,1.0
2021-08-12,0.0,0.0,0.0,0.0,1.0
2021-08-13,0.0,0.0,0.0,0.0,1.0
2021-08-16,0.0,0.0,0.0,0.0,1.0
2021-08-17,0.0,0.0,0.0,0.0,1.0
2021-08-18,0.0,0.0,0.0,0.0,1.0
2021-08-19,0.0,0.0,0.0,0.0,1.0
2021-08-20,0.0,0.0,0.0,0.0,1.0
2021-08-23,0.0,0.0,0.0,0.0,1.0
2021-08-24,0.0,0.0,0.0,0.0,1.0
2021-08-25,0.0,0.0,0.0,0.0,1.0
2021-08-26,0.0,0.0,0.0,0.0,1.0
2021-08-27,0.0,0.0,0.0,0.0,1.0
2021-08-30,0.0,0.0,0.0,0.0,1.0
2021-08-31,0.0,0.0,0.0,0.0,1.0
2021-09-01,0.0,0.0,0.0,0.0,1.0
2021-09-02,0.0,0.0,0.0,0.0,1.0
2021-09-03,0.0,0.0,0.0,0.0,1.0
2021-09-06,0.0,0.0,0.0,0.0,1.0
2021-09-07,0.0,0.0,0.0,0.0,1.0
2021-09-08,0.0,0.0,0.0,0.0,1.0
2021-09-09,0.0,0.0,0.0,0.0,1.0
2021-09-10,0.0,0.0,0.0,0.0,1.0
2021-09-13,0.0,0.0,0.0,0.0,1.0
2021-09-14,0.0,0.0,0.0,0.0,1.0
2021-09-15,0.0,0.0,0.0,0.0,1.0
2021-09-16,0.0,0.0,0.0,0.0,1.0
2021-09-17,0.0,0.0,0.0,0.0,1.0
2021-09-22,0.0,0.0,0.0,0.0,1.0
2021-09-23,0.0,0.0,0.0,0.0,1.0
2021-09-24,0.0,0.0,0.0,0.0,1.0
2021-09-27,0.0,0.0,0.0,0.0,1.0
2021-09-28,0.0,0.0,0.0,0.0,1.0
2021-09-29,0.0,0.0,0.0,0.0,1.0
2021-09-30,0.0,0.0,0.0,0.0,1.0
2021-10-08,0.0,0.0,0.0,0.0,1.0
2021-10-11,0.0,0.0,0.0,0.0,1.0
2021-10-12,0.0,0.0,0.0,0.0,1.0
2021-10-13,0.0,0.0,0.0,0.0,1.0
2021-10-14,0.0,0.0,0.0,0.0,1.0
2021-10-15,0.0,0.0,0.0,0.0,1.0
2021-10-18,0.0,0.0,0.0,0.0,1.0
2021-10-19,0.0,0.0,0.0,0.0,1.0
2021-10-20,0.0,0.0,0.0,0.0,1.0
2021-10-21,0.0,0.0,0.0,0.0,1.0
2021-10-22,0.0,0.0,0.0,0.0,1.0
2021-10-25,0.0,0.0,0.0,0.0,1.0
2021-10-26,0.0,0.0,0.0,0.0,1.0
2021-10-27,0.0,0.0,0.0,0.0,1.0
2021-10-28,0.0,0.0,0.0,0.0,1.0
2021-10-29,0.0,0.0,0.0,0.0,1.0
2021-11-01,0.0,0.0,0.0,0.0,1.0
2021-11-02,0.0,0.0,0.0,0.0,1.0
2021-11-03,0.0,0.0,0.0,0.0,1.0
2021-11-04,0.0,0.0,0.0,0.0,1.0
2021-11-05,0.0,0.0,0.0,0.0,1.0
2021-11-08,0.0,0.0,0.0,0.0,1.0
2021-11-09,0.0,0.0,0.0,0.0,1.0
2021-11-10,0.0,0.0,0.0,0.0,1.0
2021-11-11,0.0,0.0,0.0,0.0,1.0
2021-11-12,0.0,0.0,0.0,0.0,1.0
2021-11-15,0.0,0.0,0.0,0.0,1.0
2021-11-16,0.0,0.0,0.0,0.0,1.0
2021-11-17,0.0,0.0,0.0,0.0,1.0
2021-11-18,0.0,0.0,0.0,0.0,1.0
2021-11-19,0.0,0.0,0.0,0.0,1.0
2021-11-22,0.0,0.0,0.0,0.0,1.0
2021-11-23,0.0,0.0,0.0,0.0,1.0
2021-11-24,0.0,0.0,0.0,0.0,1.0
2021-11-25,0.0,0.0,0.0,0.0,1.0
2021-11-26,0.0,0.0,0.0,0.0,1.0
2021-11-29,0.0,0.0,0.0,0.0,1.0
2021-11-30,0.0,0.0,0.0,0.0,1.0
2021-12-01,0.0,0.0,0.0,0.0,1.0
2021-12-02,0.0,0.0,0.0,0.0,1.0
2021-12-03,0.0,0.0,0.0,0.0,1.0
2021-12-06,0.0,0.0,0.0,0.0,1.0
2021-12-07,0.0,0.0,0.0,0.0,1.0
2021-12-08,0.0,0.0,0.0,0.0,1.0
2021-12-09,0.0,0.0,0.0,0.0,1.0
2021-12-10,0.0,0.0,0.0,0.0,1.0
2021-12-13,0.0,0.0,0.0,0.0,1.0
2021-12-14,0.0,0.0,0.0,0.0,1.0
2021-12-15,0.0,0.0,0.0,0.0,1.0
2021-12-16,0.0,0.0,0.0,0.0,1.0
2021-12-17,0.0,0.0,0.0,0.0,1.0
2021-12-20,0.0,0.0,0.0,0.0,1.0
2021-12-21,0.0,0.0,0.0,0.0,1.0
2021-12-22,0.0,0.0,0.0,0.0,1.0
2021-12-23,0.0,0.0,0.0,0.0,1.0
2021-12-24,0.0,0.0,0.0,0.0,1.0
2021-12-27,0.0,0.0,0.0,0.0,1.0
2021-12-28,0.0,0.0,0.0,0.0,1.0
2021-12-29,0.0,0.0,0.0,0.0,1.0
2021-12-30,0.0,0.0,0.0,0.0,1.0
2021-12-31,0.0,0.0,0.0,0.0,1.0
2022-01-04,0.0,0.0,0.0,0.0,1.0
2022-01-05,0.0,0.0,0.0,0.0,1.0
2022-01-06,0.0,0.0,0.0,0.0,1.0
2022-01-07,0.0,0.0,0.0,0.0,1.0
2022-01-10,0.0,0.0,0.0,0.0,1.0
2022-01-11,0.0,0.0,0.0,0.0,1.0
2022-01-12,0.0,0.0,0.0,0.0,1.0
2022-01-13,0.0,0.0,0.0,0.0,1.0
2022-01-14,0.0,0.0,0.0,0.0,1.0
2022-01-17,0.0,0.0,0.0,0.0,1.0
2022-01-18,0.0,0.0,0.0,0.0,1.0
2022-01-19,0.0,0.0,0.0,0.0,1.0
2022-01-20,0.0,0.0,0.0,0.0,1.0
2022-01-21,0.0,0.0,0.0,0.0,1.0
2022-01-24,0.0,0.0,0.0,0.0,1.0
2022-01-25,0.0,0.0,0.0,0.0,1.0
2022-01-26,0.0,0.0,0.0,0.0,1.0
2022-01-27,0.0,0.0,0.0,0.0,1.0
2022-01-28,0.0,0.0,0.0,0.0,1.0
2022-02-07,0.0,0.0,0.0,0.0,1.0
2022-02-08,0.0,0.0,0.0,0.0,1.0
2022-02-09,0.0,0.0,0.0,0.0,1.0
2022-02-10,0.0,0.0,0.0,0.0,1.0
2022-02-11,0.0,0.0,0.0,0.0,1.0
2022-02-14,0.0,0.0,0.0,0.0,1.0
2022-02-15,0.0,0.0,0.0,0.0,1.0
2022-02-16,0.0,0.0,0.0,0.0,1.0
2022-02-17,0.0,0.0,0.0,0.0,1.0
2022-02-18,0.0,0.0,0.0,0.0,1.0
2022-02-21,0.0,0.0,0.0,0.0,1.0
2022-02-22,0.0,0.0,0.0,0.0,1.0
2022-02-23,0.0,0.0,0.0,0.0,1.0
2022-02-24,0.0,0.0,0.0,0.0,1.0
2022-02-25,0.0,0.0,0.0,0.0,1.0
2022-02-28,0.0,0.0,0.0,0.0,1.0
2022-03-01,0.0,0.0,0.0,0.0,1.0
2022-03-02,0.0,0.0,0.0,0.0,1.0
2022-03-03,0.0,0.0,0.0,0.0,1.0
2022-03-04,0.0,0.0,0.0,0.0,1.0
2022-03-07,0.0,0.0,0.0,0.0,1.0
2022-03-08,0.0,0.0,0.0,0.0,1.0
2022-03-09,0.0,0.0,0.0,0.0,1.0
2022-03-10,0.0,0.0,0.0,0.0,1.0
2022-03-11,0.0,0.0,0.0,0.0,1.0
2022-03-14,0.0,0.0,0.0,0.0,1.0
2022-03-15,0.0,0.0,0.0,0.0,1.0
2022-03-16,0.0,0.0,0.0,0.0,1.0
2022-03-17,0.0,0.0,0.0,0.0,1.0
2022-03-18,0.0,0.0,0.0,0.0,1.0
2022-03-21,0.0,0.0,0.0,0.0,1.0
2022-03-22,0.0,0.0,0.0,0.0,1.0
2022-03-23,0.0,0.0,0.0,0.0,1.0
2022-03-24,0.0,0.0,0.0,0.0,1.0
2022-03-25,0.0,0.0,0.0,0.0,1.0
2022-03-28,0.0,0.0,0.0,0.0,1.0
2022-03-29,0.0,0.0,0.0,0.0,1.0
2022-03-30,0.0,0.0,0.0,0.0,1.0
2022-03-31,0.0,0.0,0.0,0.0,1.0
2022-04-01,0.0,0.0,0.0,0.0,1.0
2022-04-06,0.0,0.0,0.0,0.0,1.0
2022-04-07,0.0,0.0,0.0,0.0,1.0
2022-04-08,0.0,0.0,0.0,0.0,1.0
2022-04-11,0.0,0.0,0.0,0.0,1.0
2022-04-12,0.0,0.0,0.0,0.0,1.0
2022-04-13,0.0,0.0,0.0,0.0,1.0
2022-04-14,0.0,0.0,0.0,0.0,1.0
2022-04-15,0.0,0.0,0.0,0.0,1.0
2022-04-18,0.0,0.0,0.0,0.0,1.0
2022-04-19,0.0,0.0,0.0,0.0,1.0
2022-04-20,0.0,0.0,0.0,0.0,1.0
2022-04-21,0.0,0.0,0.0,0.0,1.0
2022-04-22,0.0,0.0,0.0,0.0,1.0
2022-04-25,0.0,0.0,0.0,0.0,1.0
2022-04-26,0.0,0.0,0.0,0.0,1.0
2022-04-27,0.0,0.0,0.0,0.0,1.0
2022-04-28,0.0,0.0,0.0,0.0,1.0
2022-04-29,0.0,0.0,0.0,0.0,1.0
2022-05-05,0.0,0.0,0.0,0.0,1.0
2022-05-06,0.0,0.0,0.0,0.0,1.0
2022-05-09,0.0,0.0,0.0,0.0,1.0
2022-05-10,0.0,0.0,0.0,0.0,1.0
2022-05-11,0.0,0.0,0.0,0.0,1.0
2022-05-12,0.0,0.0,0.0,0.0,1.0
2022-05-13,0.0,0.0,0.0,0.0,1.0
2022-05-16,0.0,0.0,0.0,0.0,1.0
2022-05-17,0.0,0.0,0.0,0.0,1.0
2022-05-18,0.0,0.0,0.0,0.0,1.0
2022-05-19,0.0,0.0,0.0,0.0,1.0
2022-05-20,0.0,0.0,0.0,0.0,1.0
2022-05-23,0.0,0.0,0.0,0.0,1.0
2022-05-24,0.0,0.0,0.0,0.0,1.0
2022-05-25,0.0,0.0,0.0,0.0,1.0
2022-05-26,0.0,0.0,0.0,0.0,1.0
2022-05-27,0.0,0.0,0.0,0.0,1.0
2022-05-30,0.0,0.0,0.0,0.0,1.0
2022-05-31,0.0,0.0,0.0,0.0,1.0
2022-06-01,0.0,0.0,0.0,0.0,1.0
2022-06-02,0.0,0.0,0.0,0.0,1.0
2022-06-06,0.0,0.0,0.0,0.0,1.0
2022-06-07,0.0,0.0,0.0,0.0,1.0
2022-06-08,0.0,0.0,0.0,0.0,1.0
2022-06-09,0.0,0.0,0.0,0.0,1.0
2022-06-10,0.0,0.0,0.0,0.0,1.0
2022-06-13,0.0,0.0,0.0,0.0,1.0
2022-06-14,0.0,0.0,0.0,0.0,1.0
2022-06-15,0.0,0.0,0.0,0.0,1.0
2022-06-16,0.0,0.0,0.0,0.0,1.0
2022-06-17,0.0,0.0,0.0,0.0,1.0
2022-06-20,0.0,0.0,0.0,0.0,1.0
2022-06-21,0.0,0.0,0.0,0.0,1.0
2022-06-22,0.0,0.0,0.0,0.0,1.0
2022-06-23,0.0,0.0,0.0,0.0,1.0
2022-06-24,0.0,0.0,0.0,0.0,1.0
2022-06-27,0.0,0.0,0.0,0.0,1.0
2022-06-28,0.0,0.0,0.0,0.0,1.0
2022-06-29,-0.011951133217872067,1.0,0.0015,-0.013451133217872066,0.9865488667821279
2022-06-30,0.0,1.0,0.0015,-0.0015,0.9850690434819548
2022-07-01,-0.0017994307067360135,1.0,0.0015,-0.0032994307067360134,0.9818188764316353
2022-07-04,0.0,1.0,0.0015,-0.0015,0.980346148116988
2022-07-05,0.0,0.0,0.0,0.0,0.980346148116988
2022-07-06,0.0,0.0,0.0,0.0,0.980346148116988
2022-07-07,0.0,0.0,0.0,0.0,0.980346148116988
2022-07-08,0.0,0.0,0.0,0.0,0.980346148116988
2022-07-11,0.0,0.0,0.0,0.0,0.980346148116988
2022-07-12,0.0,0.0,0.0,0.0,0.980346148116988
2022-07-13,0.0,0.0,0.0,0.0,0.980346148116988
2022-07-14,0.0,0.0,0.0,0.0,0.980346148116988
2022-07-15,0.0,0.0,0.0,0.0,0.980346148116988
2022-07-18,0.0,0.0,0.0,0.0,0.980346148116988
2022-07-19,0.0,0.0,0.0,0.0,0.980346148116988
2022-07-20,0.0,0.0,0.0,0.0,0.980346148116988
2022-07-21,0.0,0.0,0.0,0.0,0.980346148116988
2022-07-22,0.0,0.0,0.0,0.0,0.980346148116988
2022-07-25,0.0,0.0,0.0,0.0,0.980346148116988
2022-07-26,0.0,0.0,0.0,0.0,0.980346148116988
2022-07-27,0.0,0.0,0.0,0.0,0.980346148116988
2022-07-28,0.0,0.0,0.0,0.0,0.980346148116988
2022-07-29,0.0,0.0,0.0,0.0,0.980346148116988
2022-08-01,0.0,0.0,0.0,0.0,0.980346148116988
2022-08-02,0.0,0.0,0.0,0.0,0.980346148116988
2022-08-03,0.0,0.0,0.0,0.0,0.980346148116988
2022-08-04,0.0,0.0,0.0,0.0,0.980346148116988
2022-08-05,0.0,0.0,0.0,0.0,0.980346148116988
2022-08-08,0.0,0.0,0.0,0.0,0.980346148116988
2022-08-09,0.0,0.0,0.0,0.0,0.980346148116988
2022-08-10,0.0,0.0,0.0,0.0,0.980346148116988
2022-08-11,0.0,0.0,0.0,0.0,0.980346148116988
2022-08-12,0.0,0.0,0.0,0.0,0.980346148116988
2022-08-15,0.0,0.0,0.0,0.0,0.980346148116988
2022-08-16,0.0,0.0,0.0,0.0,0.980346148116988
2022-08-17,0.0,0.0,0.0,0.0,0.980346148116988
2022-08-18,0.0,0.0,0.0,0.0,0.980346148116988
2022-08-19,0.0,0.0,0.0,0.0,0.980346148116988
2022-08-22,0.0,0.0,0.0,0.0,0.980346148116988
2022-08-23,0.0,0.0,0.0,0.0,0.980346148116988
2022-08-24,0.0,0.0,0.0,0.0,0.980346148116988
2022-08-25,0.0,0.0,0.0,0.0,0.980346148116988
2022-08-26,0.0,0.0,0.0,0.0,0.980346148116988
2022-08-29,0.0,0.0,0.0,0.0,0.980346148116988
2022-08-30,0.0,0.0,0.0,0.0,0.980346148116988
2022-08-31,0.0,0.0,0.0,0.0,0.980346148116988
2022-09-01,0.0,0.0,0.0,0.0,0.980346148116988
2022-09-02,0.0,0.0,0.0,0.0,0.980346148116988
2022-09-05,0.0,0.0,0.0,0.0,0.980346148116988
2022-09-06,0.0,0.0,0.0,0.0,0.980346148116988
2022-09-07,0.0,0.0,0.0,0.0,0.980346148116988
2022-09-08,0.0,0.0,0.0,0.0,0.980346148116988
2022-09-09,0.0,0.0,0.0,0.0,0.980346148116988
2022-09-13,0.0,0.0,0.0,0.0,0.980346148116988
2022-09-14,0.0,0.0,0.0,0.0,0.980346148116988
2022-09-15,0.0,0.0,0.0,0.0,0.980346148116988
2022-09-16,0.0,0.0,0.0,0.0,0.980346148116988
2022-09-19,0.0,0.0,0.0,0.0,0.980346148116988
2022-09-20,0.0,0.0,0.0,0.0,0.980346148116988
2022-09-21,0.0,0.0,0.0,0.0,0.980346148116988
2022-09-22,0.0,0.0,0.0,0.0,0.980346148116988
2022-09-23,0.0,0.0,0.0,0.0,0.980346148116988
2022-09-26,0.0,0.0,0.0,0.0,0.980346148116988
2022-09-27,0.0,0.0,0.0,0.0,0.980346148116988
2022-09-28,0.0,0.0,0.0,0.0,0.980346148116988
2022-09-29,0.0,0.0,0.0,0.0,0.980346148116988
2022-09-30,0.0,0.0,0.0,0.0,0.980346148116988
2022-10-10,0.0,0.0,0.0,0.0,0.980346148116988
2022-10-11,0.0,0.0,0.0,0.0,0.980346148116988
2022-10-12,0.0,0.0,0.0,0.0,0.980346148116988
2022-10-13,0.0,0.0,0.0,0.0,0.980346148116988
2022-10-14,0.0,0.0,0.0,0.0,0.980346148116988
2022-10-17,0.0,0.0,0.0,0.0,0.980346148116988
2022-10-18,0.0,0.0,0.0,0.0,0.980346148116988
2022-10-19,0.0,0.0,0.0,0.0,0.980346148116988
2022-10-20,0.0,0.0,0.0,0.0,0.980346148116988
2022-10-21,0.0,0.0,0.0,0.0,0.980346148116988
2022-10-24,0.0,0.0,0.0,0.0,0.980346148116988
2022-10-25,0.0,0.0,0.0,0.0,0.980346148116988
2022-10-26,0.0,0.0,0.0,0.0,0.980346148116988
2022-10-27,0.0,0.0,0.0,0.0,0.980346148116988
2022-10-28,0.0,0.0,0.0,0.0,0.980346148116988
2022-10-31,0.0,0.0,0.0,0.0,0.980346148116988
2022-11-01,0.0,0.0,0.0,0.0,0.980346148116988
2022-11-02,0.0,0.0,0.0,0.0,0.980346148116988
2022-11-03,0.0,0.0,0.0,0.0,0.980346148116988
2022-11-04,0.0,0.0,0.0,0.0,0.980346148116988
2022-11-07,0.0,0.0,0.0,0.0,0.980346148116988
2022-11-08,0.0,0.0,0.0,0.0,0.980346148116988
2022-11-09,0.0,0.0,0.0,0.0,0.980346148116988
2022-11-10,0.0,0.0,0.0,0.0,0.980346148116988
2022-11-11,0.0,0.0,0.0,0.0,0.980346148116988
2022-11-14,0.0,0.0,0.0,0.0,0.980346148116988
2022-11-15,0.0,0.0,0.0,0.0,0.980346148116988
2022-11-16,0.0,0.0,0.0,0.0,0.980346148116988
2022-11-17,0.0,0.0,0.0,0.0,0.980346148116988
2022-11-18,0.0,0.0,0.0,0.0,0.980346148116988
2022-11-21,0.0,0.0,0.0,0.0,0.980346148116988
2022-11-22,0.0,0.0,0.0,0.0,0.980346148116988
2022-11-23,0.0,0.0,0.0,0.0,0.980346148116988
2022-11-24,0.0,0.0,0.0,0.0,0.980346148116988
2022-11-25,0.0,0.0,0.0,0.0,0.980346148116988
2022-11-28,0.0,0.0,0.0,0.0,0.980346148116988
2022-11-29,0.0,0.0,0.0,0.0,0.980346148116988
2022-11-30,0.0,0.0,0.0,0.0,0.980346148116988
2022-12-01,0.0,0.0,0.0,0.0,0.980346148116988
2022-12-02,0.0,0.0,0.0,0.0,0.980346148116988
2022-12-05,0.0,0.0,0.0,0.0,0.980346148116988
2022-12-06,0.0,0.0,0.0,0.0,0.980346148116988
2022-12-07,0.0,0.0,0.0,0.0,0.980346148116988
2022-12-08,0.0,0.0,0.0,0.0,0.980346148116988
2022-12-09,0.0,0.0,0.0,0.0,0.980346148116988
2022-12-12,0.0,0.0,0.0,0.0,0.980346148116988
2022-12-13,0.0,0.0,0.0,0.0,0.980346148116988
2022-12-14,0.0,0.0,0.0,0.0,0.980346148116988
2022-12-15,0.0,0.0,0.0,0.0,0.980346148116988
2022-12-16,0.0,0.0,0.0,0.0,0.980346148116988
2022-12-19,0.0,0.0,0.0,0.0,0.980346148116988
2022-12-20,0.0,0.0,0.0,0.0,0.980346148116988
2022-12-21,0.0,0.0,0.0,0.0,0.980346148116988
2022-12-22,0.0,0.0,0.0,0.0,0.980346148116988
2022-12-23,0.0,0.0,0.0,0.0,0.980346148116988
2022-12-26,0.0,0.0,0.0,0.0,0.980346148116988
2022-12-27,0.0,0.0,0.0,0.0,0.980346148116988
2022-12-28,0.0,0.0,0.0,0.0,0.980346148116988
2022-12-29,0.0,0.0,0.0,0.0,0.980346148116988
2022-12-30,0.0,0.0,0.0,0.0,0.980346148116988
2023-01-03,0.0,0.0,0.0,0.0,0.980346148116988
2023-01-04,0.0,0.0,0.0,0.0,0.980346148116988
2023-01-05,0.0,0.0,0.0,0.0,0.980346148116988
2023-01-06,0.0,0.0,0.0,0.0,0.980346148116988
2023-01-09,0.0,0.0,0.0,0.0,0.980346148116988
2023-01-10,0.0,0.0,0.0,0.0,0.980346148116988
2023-01-11,0.0,0.0,0.0,0.0,0.980346148116988
2023-01-12,0.0,0.0,0.0,0.0,0.980346148116988
2023-01-13,0.0,0.0,0.0,0.0,0.980346148116988
2023-01-16,0.0,0.0,0.0,0.0,0.980346148116988
2023-01-17,9.507520425836076e-05,1.0,0.0015,-0.0014049247957416394,0.9789688355050886
2023-01-18,-0.0009281655317800179,0.0,0.0,-0.0009281655317800179,0.978060190375286
2023-01-19,0.0022980960184007687,0.0,0.0,0.0022980960184007687,0.9803078666045437
2023-01-20,0.00639787549775325,0.0,0.0,0.00639787549775325,0.9865797542845476
2023-01-30,-0.0007044981953490693,0.7298985636151596,0.0010948478454227393,-0.0017993460407718085,0.98480455590977
2023-01-31,-0.0070679910951045284,0.0,0.0,-0.0070679910951045284,0.9778439660781815
2023-02-01,0.006693945946572127,0.0,0.0,0.006693945946572127,0.9843896007312904
2023-02-02,0.0003646708294409388,0.0,0.0,0.0003646708294409388,0.9847485789034821
2023-02-03,-0.007551192370638891,0.0,0.0,-0.007551192370638891,0.9773125529474687
2023-02-06,-0.00685068676025001,1.0182873884163526,0.0015274310826245288,-0.008378117842874538,0.9691245132095542
2023-02-07,0.00035285431127243984,0.0,0.0,0.00035285431127243984,0.9694664729722
2023-02-08,-0.0005560106227442489,0.0,0.0,-0.0005560106227442489,0.968927439314833
2023-02-09,0.002167787287058842,0.0,0.0,0.002167787287058842,0.9710278678998623
2023-02-10,-0.00025653914828439384,0.0,0.0,-0.00025653914828439384,0.9707787612376708
2023-02-13,0.00238106944503593,0.5999765272401356,0.0008999647908602034,0.0014811046541757266,0.972216586179115
2023-02-14,0.0017890033115884989,0.0,0.0,0.0017890033115884989,0.9739558848713707
2023-02-15,-0.0026108791142784933,0.0,0.0,-0.0026108791142784933,0.9714130037933315
2023-02-16,-0.0005506916741689075,0.0,0.0,-0.0005506916741689075,0.9708780547399631
2023-02-17,-0.0037067738285105267,0.0,0.0,-0.0037067738285105267,0.9672792293759779
2023-02-20,0.011662327703357966,0.27022893760876715,0.00040534340641315076,0.011256984296944815,0.9781678764718241
2023-02-21,-5.74910166765601e-05,0.0,0.0,-5.74910166765601e-05,0.9781116406061254
2023-02-22,-0.0023854770300235787,0.0,0.0,-0.0023854770300235787,0.9757783777546608
2023-02-23,-0.001349209214803444,0.0,0.0,-0.001349209214803444,0.9744618485757883
2023-02-24,-0.0029527376466388436,0.0,0.0,-0.0029527376466388436,0.9715845183902854
2023-02-27,-0.005046244286442927,0.8022740071049321,0.001203411010657398,-0.006249655297100325,0.9655124500583468
2023-02-28,0.003931551613354628,0.0,0.0,0.003931551613354628,0.9693084120890878
2023-03-01,0.007254676980026254,0.0,0.0,0.007254676980026254,0.9763404315128164
2023-03-02,-0.0005332106039797214,0.0,0.0,-0.0005332106039797214,0.9758198364416396
2023-03-03,0.0007033118663223354,0.0,0.0,0.0007033118663223354,0.9765061421120018
2023-03-06,0.0008590752044473206,0.8632294750103089,0.0012948442125154634,-0.00043576900806814286,0.9760806109990812
2023-03-07,-0.00328674009602192,0.0,0.0,-0.00328674009602192,0.9728724877179609
2023-03-08,-0.0033057737762425296,0.0,0.0,-0.0033057737762425296,0.969656391360435
2023-03-09,-0.0012017713808456984,0.0,0.0,-0.0012017713808456984,0.968491086060044
2023-03-10,-0.00402357659965087,0.0,0.0,-0.00402357659965087,0.9645942879892023
2023-03-13,0.0,1.0,0.0015,-0.0015,0.9631473965572186
2023-03-14,0.0,0.0,0.0,0.0,0.9631473965572186
2023-03-15,0.0,0.0,0.0,0.0,0.9631473965572186
2023-03-16,0.0003900321887628144,1.0000000000000002,0.0015000000000000002,-0.0011099678112371858,0.9620783339495632
2023-03-17,0.0,1.0000000000000002,0.0015000000000000002,-0.0015000000000000002,0.9606352164486389
2023-03-20,0.0,0.0,0.0,0.0,0.9606352164486389
2023-03-21,0.0,0.0,0.0,0.0,0.9606352164486389
2023-03-22,0.0,0.0,0.0,0.0,0.9606352164486389
2023-03-23,0.007745064035553362,1.0,0.0015,0.006245064035553362,0.9666344448901684
2023-03-24,0.003968980038153201,0.0,0.0,0.003968980038153201,0.9704709977061288
2023-03-27,-0.00518966756691595,0.6392605117603538,0.0009588907676405308,-0.006148558334556481,0.9645040001647374
2023-03-28,-0.0034311369011526633,0.0,0.0,-0.0034311369011526633,0.9611946548984628
2023-03-29,-0.0014912407939526697,0.0,0.0,-0.0014912407939526697,0.9597612822181489
2023-03-30,0.0019532766961737253,0.0,0.0,0.0019532766961737253,0.9616359615645954
2023-03-31,0.00834040634025039,0.0,0.0,0.00834040634025039,0.9696563962354415
2023-04-03,0.008667845400257359,0.49241370928113504,0.0007386205639217026,0.007929224836335656,0.9773450198151833
2023-04-04,0.0050357882345677075,0.0,0.0,0.0050357882345677075,0.982266722367082
2023-04-06,-0.0009935118407820402,0.0,0.0,-0.0009935118407820402,0.9812908287476042
2023-04-07,0.003325452713629354,0.0,0.0,0.003325452713629354,0.9845540649969224
2023-04-10,-0.012779369173837273,0.49948755440400927,0.000749231331606014,-0.013528600505443288,0.9712344263755689
2023-04-11,0.00537718059530046,0.0,0.0,0.00537718059530046,0.9764569292865634
2023-04-12,0.013143601488893038,0.0,0.0,0.013143601488893038,0.9892910900361742
2023-04-13,-0.008297298627262611,0.0,0.0,-0.008297298627262611,0.9810826464328539
2023-04-14,0.005625029620591615,0.0,0.0,0.005625029620591615,0.986601265379287
2023-04-17,0.008897752220998699,0.5871404538101873,0.000880710680715281,0.008017041540283418,0.9945108887075289
2023-04-18,0.0030658391312322615,0.0,0.0,0.0030658391312322615,0.997559899106565
2023-04-19,-0.0031258015822853433,0.0,0.0,-0.0031258015822853433,0.9944417247955132
2023-04-20,0.005655593013141802,0.0,0.0,0.005655593013141802,1.0000658824662434
2023-04-21,-0.012408744910889292,0.0,0.0,-0.012408744910889292,0.9876563200366364
2023-04-24,0.004588481791422814,0.5871404538101873,0.000880710680715281,0.003707771110707533,0.991318323607376
2023-04-25,0.0,1.0000000000000002,0.0015000000000000002,-0.0015000000000000002,0.989831346121965
2023-04-26,0.0,0.0,0.0,0.0,0.989831346121965
2023-04-27,0.0,0.0,0.0,0.0,0.989831346121965
2023-04-28,0.0,0.0,0.0,0.0,0.989831346121965
2023-05-04,0.0,0.0,0.0,0.0,0.989831346121965
2023-05-05,0.0,0.0,0.0,0.0,0.989831346121965
2023-05-08,0.0,0.0,0.0,0.0,0.989831346121965
2023-05-09,0.0,0.0,0.0,0.0,0.989831346121965
2023-05-10,0.0,0.0,0.0,0.0,0.989831346121965
2023-05-11,0.0,0.0,0.0,0.0,0.989831346121965
2023-05-12,0.0,0.0,0.0,0.0,0.989831346121965
2023-05-15,0.0,0.0,0.0,0.0,0.989831346121965
2023-05-16,0.0,0.0,0.0,0.0,0.989831346121965
2023-05-17,0.0,0.0,0.0,0.0,0.989831346121965
2023-05-18,0.0,0.0,0.0,0.0,0.989831346121965
2023-05-19,0.0,0.0,0.0,0.0,0.989831346121965
2023-05-22,0.0,0.0,0.0,0.0,0.989831346121965
2023-05-23,0.0,0.0,0.0,0.0,0.989831346121965
2023-05-24,0.0,0.0,0.0,0.0,0.989831346121965
2023-05-25,0.0,0.0,0.0,0.0,0.989831346121965
2023-05-26,0.0,0.0,0.0,0.0,0.989831346121965
2023-05-29,0.0,0.0,0.0,0.0,0.989831346121965
2023-05-30,0.0,0.0,0.0,0.0,0.989831346121965
2023-05-31,0.0,0.0,0.0,0.0,0.989831346121965
2023-06-01,0.0,0.0,0.0,0.0,0.989831346121965
2023-06-02,0.0,0.0,0.0,0.0,0.989831346121965
2023-06-05,0.0,0.0,0.0,0.0,0.989831346121965
2023-06-06,0.0,0.0,0.0,0.0,0.989831346121965
2023-06-07,0.0,0.0,0.0,0.0,0.989831346121965
2023-06-08,0.0,0.0,0.0,0.0,0.989831346121965
2023-06-09,0.0,0.0,0.0,0.0,0.989831346121965
2023-06-12,0.0,0.0,0.0,0.0,0.989831346121965
2023-06-13,0.0,0.0,0.0,0.0,0.989831346121965
2023-06-14,0.0,0.0,0.0,0.0,0.989831346121965
2023-06-15,0.0,0.0,0.0,0.0,0.989831346121965
2023-06-16,0.0,0.0,0.0,0.0,0.989831346121965
2023-06-19,0.0,0.0,0.0,0.0,0.989831346121965
2023-06-20,0.0,0.0,0.0,0.0,0.989831346121965
2023-06-21,0.0,0.0,0.0,0.0,0.989831346121965
2023-06-26,0.0,0.0,0.0,0.0,0.989831346121965
2023-06-27,0.0,0.0,0.0,0.0,0.989831346121965
2023-06-28,0.0,0.0,0.0,0.0,0.989831346121965
2023-06-29,0.0,0.0,0.0,0.0,0.989831346121965
2023-06-30,0.0,0.0,0.0,0.0,0.989831346121965
2023-07-03,0.0,0.0,0.0,0.0,0.989831346121965
2023-07-04,0.0,0.0,0.0,0.0,0.989831346121965
2023-07-05,0.0,0.0,0.0,0.0,0.989831346121965
2023-07-06,0.0,0.0,0.0,0.0,0.989831346121965
2023-07-07,0.0,0.0,0.0,0.0,0.989831346121965
2023-07-10,0.0,0.0,0.0,0.0,0.989831346121965
2023-07-11,0.0,0.0,0.0,0.0,0.989831346121965
2023-07-12,0.0,0.0,0.0,0.0,0.989831346121965
2023-07-13,0.0,0.0,0.0,0.0,0.989831346121965
2023-07-14,0.0,0.0,0.0,0.0,0.989831346121965
2023-07-17,0.0,0.0,0.0,0.0,0.989831346121965
2023-07-18,0.0,0.0,0.0,0.0,0.989831346121965
2023-07-19,0.0,0.0,0.0,0.0,0.989831346121965
2023-07-20,0.0,0.0,0.0,0.0,0.989831346121965
2023-07-21,0.0,0.0,0.0,0.0,0.989831346121965
2023-07-24,0.0,0.0,0.0,0.0,0.989831346121965
2023-07-25,0.0,0.0,0.0,0.0,0.989831346121965
2023-07-26,0.0,0.0,0.0,0.0,0.989831346121965
2023-07-27,0.0,0.0,0.0,0.0,0.989831346121965
2023-07-28,0.0,0.0,0.0,0.0,0.989831346121965
2023-07-31,0.0,0.0,0.0,0.0,0.989831346121965
2023-08-01,0.0,0.0,0.0,0.0,0.989831346121965
2023-08-02,0.0,0.0,0.0,0.0,0.989831346121965
2023-08-03,0.0,0.0,0.0,0.0,0.989831346121965
2023-08-04,0.0,0.0,0.0,0.0,0.989831346121965
2023-08-07,0.0,0.0,0.0,0.0,0.989831346121965
2023-08-08,0.0,0.0,0.0,0.0,0.989831346121965
2023-08-09,0.0,0.0,0.0,0.0,0.989831346121965
2023-08-10,0.0,0.0,0.0,0.0,0.989831346121965
2023-08-11,0.0,0.0,0.0,0.0,0.989831346121965
2023-08-14,0.0,0.0,0.0,0.0,0.989831346121965
2023-08-15,0.0,0.0,0.0,0.0,0.989831346121965
2023-08-16,0.0,0.0,0.0,0.0,0.989831346121965
2023-08-17,0.0,0.0,0.0,0.0,0.989831346121965
2023-08-18,0.0,0.0,0.0,0.0,0.989831346121965
2023-08-21,0.0,0.0,0.0,0.0,0.989831346121965
2023-08-22,0.0,0.0,0.0,0.0,0.989831346121965
2023-08-23,0.0,0.0,0.0,0.0,0.989831346121965
2023-08-24,0.0,0.0,0.0,0.0,0.989831346121965
2023-08-25,0.0,0.0,0.0,0.0,0.989831346121965
2023-08-28,0.0,0.0,0.0,0.0,0.989831346121965
2023-08-29,0.0,0.0,0.0,0.0,0.989831346121965
2023-08-30,0.0,0.0,0.0,0.0,0.989831346121965
2023-08-31,0.0,0.0,0.0,0.0,0.989831346121965
2023-09-01,0.0,0.0,0.0,0.0,0.989831346121965
2023-09-04,0.0,0.0,0.0,0.0,0.989831346121965
2023-09-05,0.0,0.0,0.0,0.0,0.989831346121965
2023-09-06,0.0,0.0,0.0,0.0,0.989831346121965
2023-09-07,0.0,0.0,0.0,0.0,0.989831346121965
2023-09-08,0.0,0.0,0.0,0.0,0.989831346121965
2023-09-11,0.0,0.0,0.0,0.0,0.989831346121965
2023-09-12,0.0,0.0,0.0,0.0,0.989831346121965
2023-09-13,0.0,0.0,0.0,0.0,0.989831346121965
2023-09-14,0.0,0.0,0.0,0.0,0.989831346121965
2023-09-15,0.0,0.0,0.0,0.0,0.989831346121965
2023-09-18,0.0,0.0,0.0,0.0,0.989831346121965
2023-09-19,0.0,0.0,0.0,0.0,0.989831346121965
2023-09-20,0.0,0.0,0.0,0.0,0.989831346121965
2023-09-21,0.0,0.0,0.0,0.0,0.989831346121965
2023-09-22,0.0,0.0,0.0,0.0,0.989831346121965
2023-09-25,0.0,0.0,0.0,0.0,0.989831346121965
2023-09-26,0.0,0.0,0.0,0.0,0.989831346121965
2023-09-27,0.0,0.0,0.0,0.0,0.989831346121965
2023-09-28,0.0,0.0,0.0,0.0,0.989831346121965
2023-10-09,0.0,0.0,0.0,0.0,0.989831346121965
2023-10-10,0.0,0.0,0.0,0.0,0.989831346121965
2023-10-11,0.0,0.0,0.0,0.0,0.989831346121965
2023-10-12,0.0,0.0,0.0,0.0,0.989831346121965
2023-10-13,0.0,0.0,0.0,0.0,0.989831346121965
2023-10-16,0.0,0.0,0.0,0.0,0.989831346121965
2023-10-17,0.0,0.0,0.0,0.0,0.989831346121965
2023-10-18,0.0,0.0,0.0,0.0,0.989831346121965
2023-10-19,0.0,0.0,0.0,0.0,0.989831346121965
2023-10-20,0.0,0.0,0.0,0.0,0.989831346121965
2023-10-23,0.0,0.0,0.0,0.0,0.989831346121965
2023-10-24,0.0,0.0,0.0,0.0,0.989831346121965
2023-10-25,0.0,0.0,0.0,0.0,0.989831346121965
2023-10-26,0.0,0.0,0.0,0.0,0.989831346121965
2023-10-27,0.0,0.0,0.0,0.0,0.989831346121965
2023-10-30,0.0,0.0,0.0,0.0,0.989831346121965
2023-10-31,0.0,0.0,0.0,0.0,0.989831346121965
2023-11-01,0.0,0.0,0.0,0.0,0.989831346121965
2023-11-02,0.0,0.0,0.0,0.0,0.989831346121965
2023-11-03,0.0,0.0,0.0,0.0,0.989831346121965
2023-11-06,0.0,0.0,0.0,0.0,0.989831346121965
2023-11-07,0.0,0.0,0.0,0.0,0.989831346121965
2023-11-08,0.0,0.0,0.0,0.0,0.989831346121965
2023-11-09,0.0,0.0,0.0,0.0,0.989831346121965
2023-11-10,0.0,0.0,0.0,0.0,0.989831346121965
2023-11-13,0.0,0.0,0.0,0.0,0.989831346121965
2023-11-14,0.0,0.0,0.0,0.0,0.989831346121965
2023-11-15,0.0,0.0,0.0,0.0,0.989831346121965
2023-11-16,0.0,0.0,0.0,0.0,0.989831346121965
2023-11-17,0.0,0.0,0.0,0.0,0.989831346121965
2023-11-20,0.0,0.0,0.0,0.0,0.989831346121965
2023-11-21,0.0,0.0,0.0,0.0,0.989831346121965
2023-11-22,0.0,0.0,0.0,0.0,0.989831346121965
2023-11-23,0.0,0.0,0.0,0.0,0.989831346121965
2023-11-24,0.0,0.0,0.0,0.0,0.989831346121965
2023-11-27,0.0,0.0,0.0,0.0,0.989831346121965
2023-11-28,0.0,0.0,0.0,0.0,0.989831346121965
2023-11-29,0.0,0.0,0.0,0.0,0.989831346121965
2023-11-30,0.0,0.0,0.0,0.0,0.989831346121965
2023-12-01,0.0,0.0,0.0,0.0,0.989831346121965
2023-12-04,0.0,0.0,0.0,0.0,0.989831346121965
2023-12-05,0.0,0.0,0.0,0.0,0.989831346121965
2023-12-06,0.0,0.0,0.0,0.0,0.989831346121965
2023-12-07,0.0,0.0,0.0,0.0,0.989831346121965
2023-12-08,0.0,0.0,0.0,0.0,0.989831346121965
2023-12-11,0.0,0.0,0.0,0.0,0.989831346121965
2023-12-12,0.0,0.0,0.0,0.0,0.989831346121965
2023-12-13,0.0,0.0,0.0,0.0,0.989831346121965
2023-12-14,0.0,0.0,0.0,0.0,0.989831346121965
2023-12-15,0.0,0.0,0.0,0.0,0.989831346121965
2023-12-18,0.0,0.0,0.0,0.0,0.989831346121965
2023-12-19,0.0,0.0,0.0,0.0,0.989831346121965
2023-12-20,0.0,0.0,0.0,0.0,0.989831346121965
2023-12-21,0.0,0.0,0.0,0.0,0.989831346121965
2023-12-22,0.0,0.0,0.0,0.0,0.989831346121965
2023-12-25,0.0,0.0,0.0,0.0,0.989831346121965
2023-12-26,0.0,0.0,0.0,0.0,0.989831346121965
2023-12-27,0.0,0.0,0.0,0.0,0.989831346121965
2023-12-28,0.0,0.0,0.0,0.0,0.989831346121965
2023-12-29,0.0,0.0,0.0,0.0,0.989831346121965
2024-01-02,0.0,0.0,0.0,0.0,0.989831346121965
2024-01-03,0.0,0.0,0.0,0.0,0.989831346121965
2024-01-04,0.0,0.0,0.0,0.0,0.989831346121965
2024-01-05,0.0,0.0,0.0,0.0,0.989831346121965
2024-01-08,0.0,0.0,0.0,0.0,0.989831346121965
2024-01-09,0.0,0.0,0.0,0.0,0.989831346121965
2024-01-10,0.0,0.0,0.0,0.0,0.989831346121965
2024-01-11,0.0,0.0,0.0,0.0,0.989831346121965
2024-01-12,0.0,0.0,0.0,0.0,0.989831346121965
2024-01-15,0.0,0.0,0.0,0.0,0.989831346121965
2024-01-16,0.0,0.0,0.0,0.0,0.989831346121965
2024-01-17,0.0,0.0,0.0,0.0,0.989831346121965
2024-01-18,0.0,0.0,0.0,0.0,0.989831346121965
2024-01-19,0.0,0.0,0.0,0.0,0.989831346121965
2024-01-22,0.0,0.0,0.0,0.0,0.989831346121965
2024-01-23,0.0,0.0,0.0,0.0,0.989831346121965
2024-01-24,0.0,0.0,0.0,0.0,0.989831346121965
2024-01-25,0.0,0.0,0.0,0.0,0.989831346121965
2024-01-26,0.0,0.0,0.0,0.0,0.989831346121965
2024-01-29,0.0,0.0,0.0,0.0,0.989831346121965
2024-01-30,0.0,0.0,0.0,0.0,0.989831346121965
2024-01-31,0.0,0.0,0.0,0.0,0.989831346121965
2024-02-01,0.0,0.0,0.0,0.0,0.989831346121965
2024-02-02,0.0,0.0,0.0,0.0,0.989831346121965
2024-02-05,0.0,0.0,0.0,0.0,0.989831346121965
2024-02-06,0.0,0.0,0.0,0.0,0.989831346121965
2024-02-07,0.0,0.0,0.0,0.0,0.989831346121965
2024-02-08,0.0,0.0,0.0,0.0,0.989831346121965
2024-02-19,0.0,0.0,0.0,0.0,0.989831346121965
2024-02-20,0.0,0.0,0.0,0.0,0.989831346121965
2024-02-21,0.0,0.0,0.0,0.0,0.989831346121965
2024-02-22,0.0,0.0,0.0,0.0,0.989831346121965
2024-02-23,0.0,0.0,0.0,0.0,0.989831346121965
2024-02-26,0.0,0.0,0.0,0.0,0.989831346121965
2024-02-27,0.0,0.0,0.0,0.0,0.989831346121965
2024-02-28,0.0,0.0,0.0,0.0,0.989831346121965
2024-02-29,0.0,0.0,0.0,0.0,0.989831346121965
2024-03-01,0.0,0.0,0.0,0.0,0.989831346121965
2024-03-04,0.0,0.0,0.0,0.0,0.989831346121965
2024-03-05,0.0,0.0,0.0,0.0,0.989831346121965
2024-03-06,0.0,0.0,0.0,0.0,0.989831346121965
2024-03-07,0.0,0.0,0.0,0.0,0.989831346121965
2024-03-08,0.0,0.0,0.0,0.0,0.989831346121965
2024-03-11,0.0,0.0,0.0,0.0,0.989831346121965
2024-03-12,-0.004895984704985528,1.0,0.0015,-0.006395984704985529,0.9835003999716537
2024-03-13,-0.0007967806197245591,0.0,0.0,-0.0007967806197245591,0.982716765913465
2024-03-14,0.0013237152360416663,0.0,0.0,0.0013237152360416663,0.9840176030692183
2024-03-15,-3.0680376519383215e-05,0.0,0.0,-3.0680376519383215e-05,0.9839874130386543
2024-03-18,-0.0024044020261124524,0.899280973541361,0.0013489214603120416,-0.003753323486424494,0.9802941899709502
2024-03-19,-0.00040606936087027724,0.0,0.0,-0.00040606936087027724,0.9798961225357639
2024-03-20,0.00260375671890035,0.0,0.0,0.00260375671890035,0.9824475336486408
2024-03-21,0.013599764589632645,0.0,0.0,0.013599764589632645,0.9958085888279274
2024-03-22,-0.001715916731064979,0.0,0.0,-0.001715916731064979,0.9940998642094194
2024-03-25,-0.0021101115184122875,0.8009586318170043,0.0012014379477255067,-0.003311549466137794,0.9908078533348091
2024-03-26,0.0,1.0,0.0015,-0.0015,0.989321641554807
2024-03-27,0.0,0.0,0.0,0.0,0.989321641554807
2024-03-28,0.0,0.0,0.0,0.0,0.989321641554807
2024-03-29,0.0,0.0,0.0,0.0,0.989321641554807
2024-04-01,0.0,0.0,0.0,0.0,0.989321641554807
2024-04-02,-0.0013543057578064865,1.0,0.0015,-0.0028543057578064865,0.9864978150969944
2024-04-03,-0.004430451848737747,0.0,0.0,-0.004430451848737747,0.9821271840283222
2024-04-08,0.003964658994573433,0.786338951112987,0.0011795084266694807,0.0027851505679039527,0.9848625561126726
2024-04-09,0.0,1.0,0.0015,-0.0015,0.9833852622785036
2024-04-10,0.0013625026507901915,1.0,0.0015,-0.00013749734920980852,0.9832500494116884
2024-04-11,0.0,1.0,0.0015,-0.0015,0.9817751743375709
2024-04-12,0.012838005343020032,1.0,0.0015,0.011338005343020032,0.9929065465098548
2024-04-15,0.0,1.0,0.0015,-0.0015,0.99141718669009
2024-04-16,0.0,0.0,0.0,0.0,0.99141718669009
2024-04-17,0.0,0.0,0.0,0.0,0.99141718669009
2024-04-18,-0.0011559121658704086,1.0,0.0015,-0.0026559121658704084,0.9887840697225069
2024-04-19,0.0,1.0,0.0015,-0.0015,0.9873008936179232
2024-04-22,0.0,0.0,0.0,0.0,0.9873008936179232
2024-04-23,0.0,0.0,0.0,0.0,0.9873008936179232
2024-04-24,0.0,0.0,0.0,0.0,0.9873008936179232
2024-04-25,0.0013257166256538833,1.0,0.0015,-0.00017428337434611673,0.9871288234866885
2024-04-26,0.00044053750216820607,0.0,0.0,0.00044053750216820607,0.9875636907529055
2024-04-29,0.0007935161198604465,1.0355825592372694,0.001553373838855904,-0.0007598577189954575,0.9868132828594873
2024-04-30,0.003145283066200441,0.0,0.0,0.003145283066200441,0.9899170899675669
2024-05-06,0.0009437759308451642,0.33097186753960695,0.0004964578013094104,0.0004473181295357538,0.9903598978286466
2024-05-07,0.00026957361432548973,0.0,0.0,0.00026957361432548973,0.9906268727257873
2024-05-08,0.0006287760688002956,0.0,0.0,0.0006287760688002956,0.9912497551964676
2024-05-09,0.0014520207652289783,0.0,0.0,0.0014520207652289783,0.9926890704245409
2024-05-10,0.005061085492738486,0.0,0.0,0.005061085492738486,0.9977131546776665
2024-05-13,0.004942284955920954,1.0029815477883883,0.0015044723216825825,0.003437812634238372,1.0011431055661633
2024-05-14,-0.0030129796766818614,0.0,0.0,-0.0030129796766818614,0.9981266817356422
2024-05-15,-0.002774364271882362,0.0,0.0,-0.002774364271882362,0.9953575147310223
2024-05-16,0.0017044190476792512,0.0,0.0,0.0017044190476792512,0.9970540210383805
2024-05-17,0.005518420930452969,0.0,0.0,0.005518420930452969,1.0025561848168711
2024-05-20,0.009975852051116667,0.6697270292747965,0.0010045905439121949,0.008971261507204472,1.0115503785265285
2024-05-21,-0.004783323827361447,0.0,0.0,-0.004783323827361447,1.0067118054983462
2024-05-22,0.00014251214260380186,0.0,0.0,0.00014251214260380186,1.0068552741547323
2024-05-23,-0.010424725600699469,0.0,0.0,-0.010424725600699469,0.9963590842020521
2024-05-24,-0.00377638817838449,0.0,0.0,-0.00377638817838449,0.9925964455350456
2024-05-27,0.005715265600588734,0.6347351101730476,0.0009521026652595715,0.004763162935329163,0.9973243441341575
2024-05-28,0.0007267796317213146,0.0,0.0,0.0007267796317213146,0.9980491791536941
2024-05-29,0.0013451968823905247,0.0,0.0,0.0013451968823905247,0.999391751797964
2024-05-30,-0.0072235127282562,0.0,0.0,-0.0072235127282562,0.9921726327583372
2024-05-31,0.00013552728662809637,0.0,0.0,0.00013552728662809637,0.9923070992231217
2024-06-03,-0.006435558842737947,0.5056679594576221,0.0007585019391864332,-0.007194060781924381,0.9851683816369754
2024-06-04,0.004264295403989104,0.0,0.0,0.004264295403989104,0.9893694306389453
2024-06-05,-0.007554523597995757,0.0,0.0,-0.007554523597995757,0.9818952159280477
2024-06-06,0.0051599457633051595,0.0,0.0,0.0051599457633051595,0.9869617419874852
2024-06-07,0.003915266136817179,0.0,0.0,0.003915266136817179,0.9908259598742228
2024-06-11,-0.005461510963351712,0.6994581847897313,0.001049187277184597,-0.006510698240536308,0.984374991040592
2024-06-12,0.004132808554995768,0.0,0.0,0.004132808554995768,0.9884432244248885
2024-06-13,0.0026243814948384847,0.0,0.0,0.0026243814948384847,0.9910372765317678
2024-06-14,0.0002703083232222537,0.0,0.0,0.0002703083232222537,0.9913051621562379
2024-06-17,-0.0029406866247383787,0.2823047099027304,0.0004234570648540956,-0.0033641436895924743,0.9879702691505096
2024-06-18,0.003908174766840502,0.0,0.0,0.003908174766840502,0.9918314296267923
2024-06-19,0.000925692127890304,0.0,0.0,0.000925692127890304,0.9927495601733921
2024-06-20,0.0010782818874858118,0.0,0.0,0.0010782818874858118,0.9938200240429365
2024-06-21,-0.00209081000174897,0.0,0.0,-0.00209081000174897,0.9917421351967292
2024-06-24,-0.0035457844351507693,0.2842714777024788,0.00042640721655371817,-0.003972191651704487,0.9878027453666571
2024-06-25,-0.0007393874594404176,0.0,0.0,-0.0007393874594404176,0.9870723764043322
2024-06-26,0.0,1.0,0.0015,-0.0015,0.9855917678397258
2024-06-27,5.843475320703418e-05,1.0,0.0015,-0.001441565246792966,0.9841709729996828
2024-06-28,0.006670249233622516,0.0,0.0,0.006670249233622516,0.9907356386780876
2024-07-01,0.001643264279687557,0.6076756375023307,0.000911513456253496,0.0007317508234340609,0.9914606102974958
2024-07-02,0.0013296046795831342,0.0,0.0,0.0013296046795831342,0.9927788609645698
2024-07-03,0.003663754179359646,0.0,0.0,0.003663754179359646,0.9964161586656086
2024-07-04,-0.0006834725192301906,0.0,0.0,-0.0006834725192301906,0.9957351356034437
2024-07-05,-0.0018770131135502836,0.0,0.0,-0.0018770131135502836,0.9938661276962933
2024-07-08,0.0009367732032168838,0.2738568147528792,0.00041078522212931884,0.0005259879810875649,0.9943888893342716
2024-07-09,0.002497585208169357,0.0,0.0,0.002497585208169357,0.996872460315441
2024-07-10,-0.00455448463949526,0.0,0.0,-0.00455448463949526,0.9923322200073984
2024-07-11,0.0057424453820052795,0.0,0.0,0.0057424453820052795,0.9980306335815948
2024-07-12,-0.006908605449088072,0.0,0.0,-0.006908605449088072,0.9911356337080761
2024-07-15,0.00944086468452925,0.3551318271786066,0.0005326977407679098,0.00890816694376134,0.9999648353970584
2024-07-16,0.001913801725590191,0.0,0.0,0.001913801725590191,1.0018785698245707
2024-07-17,0.003129532816212964,0.0,0.0,0.003129532816212964,1.0050139816866972
2024-07-18,-0.002058165725425571,0.0,0.0,-0.002058165725425571,1.002945496356016
2024-07-19,-0.00580516801953458,0.0,0.0,-0.00580516801953458,0.9971232292352339
2024-07-22,-0.007152866456782804,0.13686803129854935,0.00020530204694782403,-0.007358168503730628,0.989786228495537
2024-07-23,0.002122494475581807,0.0,0.0,0.002122494475581807,0.9918870442975257
2024-07-24,-0.0019450643641012702,0.0,0.0,-0.0019450643641012702,0.9899577601544489
2024-07-25,0.0,1.0,0.0015,-0.0015,0.9884728235142173
2024-07-26,0.0,0.0,0.0,0.0,0.9884728235142173
2024-07-29,0.0,0.0,0.0,0.0,0.9884728235142173
2024-07-30,0.0,0.0,0.0,0.0,0.9884728235142173
2024-07-31,0.0,0.0,0.0,0.0,0.9884728235142173
2024-08-01,0.0,0.0,0.0,0.0,0.9884728235142173
2024-08-02,0.0,0.0,0.0,0.0,0.9884728235142173
2024-08-05,0.0,0.0,0.0,0.0,0.9884728235142173
2024-08-06,0.0,0.0,0.0,0.0,0.9884728235142173
2024-08-07,0.0,0.0,0.0,0.0,0.9884728235142173
2024-08-08,0.0,0.0,0.0,0.0,0.9884728235142173
2024-08-09,0.0,0.0,0.0,0.0,0.9884728235142173
2024-08-12,0.0,0.0,0.0,0.0,0.9884728235142173
2024-08-13,0.0,0.0,0.0,0.0,0.9884728235142173
2024-08-14,0.0,0.0,0.0,0.0,0.9884728235142173
2024-08-15,0.0,0.0,0.0,0.0,0.9884728235142173
2024-08-16,0.0,0.0,0.0,0.0,0.9884728235142173
2024-08-19,0.0,0.0,0.0,0.0,0.9884728235142173
2024-08-20,0.0,0.0,0.0,0.0,0.9884728235142173
2024-08-21,0.0,0.0,0.0,0.0,0.9884728235142173
2024-08-22,0.0,0.0,0.0,0.0,0.9884728235142173
2024-08-23,0.0,0.0,0.0,0.0,0.9884728235142173
2024-08-26,0.0,0.0,0.0,0.0,0.9884728235142173
2024-08-27,0.0,0.0,0.0,0.0,0.9884728235142173
2024-08-28,0.0,0.0,0.0,0.0,0.9884728235142173
2024-08-29,0.0,0.0,0.0,0.0,0.9884728235142173
2024-08-30,0.0,0.0,0.0,0.0,0.9884728235142173
2024-09-02,0.0,0.0,0.0,0.0,0.9884728235142173
2024-09-03,0.0,0.0,0.0,0.0,0.9884728235142173
2024-09-04,0.0,0.0,0.0,0.0,0.9884728235142173
2024-09-05,0.0,0.0,0.0,0.0,0.9884728235142173
2024-09-06,0.0,0.0,0.0,0.0,0.9884728235142173
2024-09-09,0.0,0.0,0.0,0.0,0.9884728235142173
2024-09-10,0.0,0.0,0.0,0.0,0.9884728235142173
2024-09-11,0.0,0.0,0.0,0.0,0.9884728235142173
2024-09-12,0.0,0.0,0.0,0.0,0.9884728235142173
2024-09-13,0.0,0.0,0.0,0.0,0.9884728235142173
2024-09-18,0.0,0.0,0.0,0.0,0.9884728235142173
2024-09-19,0.0,0.0,0.0,0.0,0.9884728235142173
2024-09-20,0.0,0.0,0.0,0.0,0.9884728235142173
2024-09-23,0.0,0.0,0.0,0.0,0.9884728235142173
2024-09-24,0.0,0.0,0.0,0.0,0.9884728235142173
2024-09-25,0.0,0.0,0.0,0.0,0.9884728235142173
2024-09-26,0.0,0.0,0.0,0.0,0.9884728235142173
2024-09-27,-0.005594900177137367,0.9999999999999999,0.0014999999999999998,-0.007094900177137367,0.9814597075035708
2024-09-30,0.022651876563594818,0.9964174816247903,0.0014946262224371854,0.021157250341157632,1.0022246962349832
2024-10-08,0.013670995583400528,0.45119769203914195,0.0006767965380587129,0.012994199045341815,1.0152478034260177
2024-10-09,-0.022278314547983603,0.0,0.0,-0.022278314547983603,0.9926297935171435
2024-10-10,0.0032780445268531795,0.0,0.0,0.0032780445268531795,0.9958836781789738
2024-10-11,-0.00037391930342054597,0.0,0.0,-0.00037391930342054597,0.9955112980477412
2024-10-14,0.005148295952487633,0.48077167449904884,0.0007211575117485733,0.0044271384407390596,0.9999185643835183
2024-10-15,-0.010524312445442666,0.0,0.0,-0.010524312445442666,0.9893951089919477
2024-10-16,0.007289619475538885,0.0,0.0,0.007289619475538885,0.9966074228474584
2024-10-17,0.0021300412829008083,0.0,0.0,0.0021300412829008083,0.9987302378009689
2024-10-18,0.017882701308523638,0.0,0.0,0.017882701308523638,1.0165902323313545
2024-10-21,0.002690990085543398,0.40963544695118354,0.0006144531704267753,0.002076536915116623,1.0187012194763374
2024-10-22,0.0007845061726075434,0.0,0.0,0.0007845061726075434,1.0195003968710594
2024-10-23,0.007427365937974118,0.0,0.0,0.007427365937974118,1.0270725993925307
2024-10-24,-0.008424325664942604,0.0,0.0,-0.008424325664942604,1.018420205333709
2024-10-25,0.0017796308215775657,0.0,0.0,0.0017796308215775657,1.0202326173204384
2024-10-28,0.002626927421444438,0.007432021765548774,1.1148032648323161e-05,0.002615779388796115,1.0229013207726028
2024-10-29,0.003272718469294239,0.0,0.0,0.003272718469294239,1.0262489888173607
2024-10-30,0.0009590131758448455,0.0,0.0,0.0009590131758448455,1.027233175119334
2024-10-31,-0.0002945529088327508,0.0,0.0,-0.0002945529088327508,1.026930600599553
2024-11-01,-0.0034987244613409645,0.0,0.0,-0.0034987244613409645,1.023337653387136
2024-11-04,0.0029937061064773647,0.820467620199705,0.0012307014302995573,0.0017630046761778074,1.0251418024553662
2024-11-05,0.008787609907049628,0.0,0.0,0.008787609907049628,1.0341503487147536
2024-11-06,-0.001328589168585331,0.0,0.0,-0.001328589168585331,1.0327763877627625
2024-11-07,0.0024484808885544837,0.0,0.0,0.0024484808885544837,1.03530512101035
2024-11-08,0.00014828730564855203,0.0,0.0,0.00014828730564855203,1.035458643617269
2024-11-11,4.240297639476688e-05,1.5207253751729186,0.0022810880627593777,-0.0022386850863646106,1.0331405777942557
2024-11-12,-0.025770120631066457,0.0,0.0,-0.025770120631066457,1.006516420475648
2024-11-13,-0.0008541196687364295,0.0,0.0,-0.0008541196687364295,1.0056567350040138
2024-11-14,-0.022028054989077957,0.0,0.0,-0.022028054989077957,0.9835040731452087
2024-11-15,-0.01866773838592612,0.0,0.0,-0.01866773838592612,0.9651442764062411
2024-11-18,-0.0046458365778160975,1.3834983339128597,0.0020752475008692893,-0.006721084078685387,0.9586574605764527
2024-11-19,0.014171093043903835,0.0,0.0,0.014171093043903835,0.9722426846475143
2024-11-20,0.0029530474812444448,0.0,0.0,0.0029530474812444448,0.975113763458571
2024-11-21,0.0014711147582006391,0.0,0.0,0.0014711147582006391,0.9765482677069196
2024-11-22,-0.026133259698586125,0.0,0.0,-0.026133259698586125,0.9510278782187302
2024-11-25,-0.004481405507985125,0.564961758267823,0.0008474426374017345,-0.005328848145386859,0.9459599950736732
2024-11-26,-0.00254895027210266,0.0,0.0,-0.00254895027210266,0.9435487900868319
2024-11-27,0.021944360766837777,0.0,0.0,0.021944360766837777,0.9642543651376105
2024-11-28,-0.001406674288848045,0.0,0.0,-0.001406674288848045,0.962897973314262
2024-11-29,0.009305315530764198,0.0,0.0,0.009305315530764198,0.9718580427798846
2024-12-02,0.005409897409809586,0.017784955574573325,2.6677433361859987e-05,0.0053832199764477255,0.9770897684100486
2024-12-03,-0.0017925032960086165,0.0,0.0,-0.0017925032960086165,0.9753383317796772
2024-12-04,-0.0016357147637262124,0.0,0.0,-0.0016357147637262124,0.973742956470757
2024-12-05,-0.0011442923719093617,0.0,0.0,-0.0011442923719093617,0.972628709833467
2024-12-06,0.010735162517919849,0.0,0.0,0.010735162517919849,0.9830700371031241
2024-12-09,0.003227661712886828,0.9577357522812986,0.001436603628421948,0.0017910580844648799,0.9848307726406729
2024-12-10,0.0004317865771734348,0.0,0.0,0.0004317865771734348,0.9852560093490865
2024-12-11,-0.0015278739892704942,0.0,0.0,-0.0015278739892704942,0.9837506623196296
2024-12-12,0.009147753335384326,0.0,0.0,0.009147753335384326,0.9927497707220505
2024-12-13,-0.0032745572352232003,0.0,0.0,-0.0032745572352232003,0.9894989547775664
2024-12-16,-0.0037942444823616107,0.9100030878182335,0.00136500463172735,-0.005159249114088961,0.9843938831717384
2024-12-17,-0.005364123032831328,0.0,0.0,-0.005364123032831328,0.9791134732696386
2024-12-18,0.003411799461162184,0.0,0.0,0.003411799461162184,0.9824540120901566
2024-12-19,-0.005334977587431025,0.0,0.0,-0.005334977587431025,0.9772126419549739
2024-12-20,0.006849580433492878,0.0,0.0,0.006849580433492878,0.9839061385466706
2024-12-23,-0.0017521156237122585,0.6890308765703284,0.0010335463148554926,-0.0027856619385677513,0.981165308665398
2024-12-24,0.007784118444915343,0.0,0.0,0.007784118444915343,0.9888028156420915
2024-12-25,0.003388180349660495,0.0,0.0,0.003388180349660495,0.992153057911739
2024-12-26,0.0018299731485535826,0.0,0.0,0.0018299731485535826,0.9939686713669729
2024-12-27,-0.003000185670034141,0.0,0.0,-0.003000185670034141,0.9909865808026748
2024-12-30,0.0014939893599685635,1.135189205927271,0.0017027838088909063,-0.00020879444892234287,0.9907796683056467
2024-12-31,-0.015815806745540645,0.0,0.0,-0.015815806745540645,0.9751096885443137
2025-01-02,-0.022017263911749196,0.0,0.0,-0.022017263911749196,0.9536404411887299
2025-01-03,-0.00864323371040933,0.0,0.0,-0.00864323371040933,0.9453979039798379
2025-01-06,0.004269106344502333,1.4,0.0021,0.002169106344502333,0.9474485725714399
2025-01-07,-0.0014901004395984335,0.0,0.0,-0.0014901004395984335,0.9460367790369543
2025-01-08,0.0011700136684888345,0.0,0.0,0.0011700136684888345,0.9471436549993207
2025-01-09,0.0011516669863952842,0.0,0.0,0.0011516669863952842,0.9482344490781572
2025-01-10,0.0014038889640897387,0.0,0.0,0.0014038889640897387,0.9495656649565878
2025-01-13,0.00016823958211438858,0.9954460860043672,0.0014931691290065508,-0.0013249295468921623,0.9483075573503725
2025-01-14,0.004130348116355395,0.0,0.0,0.004130348116355395,0.9522243976836003
2025-01-15,0.0014696065457108585,0.0,0.0,0.0014696065457108585,0.9536237928914219
2025-01-16,-0.0003445902245756663,0.0,0.0,-0.0003445902245756663,0.9532951834544687
2025-01-17,0.0029852041667303075,0.0,0.0,0.0029852041667303075,0.9561409642082408
2025-01-20,0.0011757690347337932,0.5949801011883414,0.0008924701517825123,0.00028329888295128096,0.956411837875345
2025-01-21,-0.0004063479876380811,0.0,0.0,-0.0004063479876380811,0.9560232018496712
2025-01-22,0.005995572506050024,0.0,0.0,0.005995572506050024,0.961755108273827
2025-01-23,-0.0010502512527825881,0.0,0.0,-0.0010502512527825881,0.9607450237664924
2025-01-24,0.003316686346283271,0.0,0.0,0.003316686346283271,0.9639315136690783
2025-01-27,-0.0033056366861840976,0.4111972503003558,0.0006167958754505337,-0.003922432561634631,0.960150557312677
2025-02-05,0.014850335174080256,0.4060327925276135,0.0006090491887914203,0.014241285985288836,0.9738243359883011
2025-02-06,-0.0011918075934097701,0.0,0.0,-0.0011918075934097701,0.972663724750023
2025-02-07,-2.748680903495249e-05,0.0,0.0,-2.748680903495249e-05,0.9726369893279656
2025-02-10,0.003812163596808954,0.4680313689412795,0.0007020470534119193,0.003110116543397035,0.9756620037191944
2025-02-11,0.003058477069333687,0.0,0.0,0.003058477069333687,0.9786460435849896
2025-02-12,-0.00343594712339419,0.0,0.0,-0.00343594712339419,0.9752834675267127
2025-02-13,0.0007734997475808124,0.0,0.0,0.0007734997475808124,0.9760378490426643
2025-02-14,0.0029530003568600943,0.0,0.0,0.0029530003568600943,0.9789200891591963
2025-02-17,-0.002420866579684269,0.7269907334870261,0.0010904861002305392,-0.003511352679914808,0.9754827554807047
2025-02-18,0.004968863194235446,0.0,0.0,0.004968863194235446,0.9803297958410242
2025-02-19,0.005127593097408326,0.0,0.0,0.005127593097408326,0.9853565281353625
2025-02-20,-0.0017361066010340583,0.0,0.0,-0.0017361066010340583,0.9836458441624947
2025-02-21,0.0028361037699028693,0.0,0.0,0.0028361037699028693,0.9864355658493733
2025-02-24,0.0017945947898916938,0.7783731667166436,0.0011675597500749653,0.0006270350398167284,0.9870540955136823
2025-02-25,-0.007887377729593095,0.0,0.0,-0.007887377729593095,0.9792688270228239
2025-02-26,0.01898683095775093,0.0,0.0,0.01898683095775093,0.9978620387037014
2025-02-27,-0.00441184523874041,0.0,0.0,-0.00441184523874041,0.9934596258193267
2025-02-28,-0.02346050744130064,0.0,0.0,-0.02346050744130064,0.9701525588751606
2025-03-03,-0.002666839556374088,0.7837513071585505,0.0011756269607378258,-0.003842466517111914,0.9664247801511924
2025-03-04,0.003463269907184291,0.0,0.0,0.003463269907184291,0.9697717700098473
2025-03-05,0.010317736687637953,0.0,0.0,0.010317736687637953,0.9797776197799134
2025-03-06,0.013085873041419446,0.0,0.0,0.013085873041419446,0.9925988653211775
2025-03-07,-0.003188697707509024,0.0,0.0,-0.003188697707509024,0.9894337675948517
2025-03-10,-0.005148055524598413,0.9294592075974788,0.0013941888113962182,-0.006542244335994631,0.9829606501329625
2025-03-11,-0.0023079840607741144,0.0,0.0,-0.0023079840607741144,0.9806919926200874
2025-03-12,-0.0010357802996588065,0.0,0.0,-0.0010357802996588065,0.9796762111740984
2025-03-13,-0.0008693998047513362,0.0,0.0,-0.0008693998047513362,0.9788244808673842
2025-03-14,0.016625024139912608,0.0,0.0,0.016625024139912608,0.9950974614905419
2025-03-17,0.0007390976313605051,0.42186043477193996,0.00063279065215791,0.00010630697920259512,0.9952032472956852
2025-03-18,0.01107625499118199,0.0,0.0,0.01107625499118199,1.0062263722307847
2025-03-19,0.004682693233881695,0.0,0.0,0.004682693233881695,1.0109382216557832
2025-03-20,-0.005341939522859454,0.0,0.0,-0.005341939522859454,1.0055378508143509
2025-03-21,-0.011760148957925211,0.0,0.0,-0.011760148957925211,0.9937125759059421
2025-03-24,0.0003706549759585157,0.42833017926796835,0.0006424952689019526,-0.00027184029294343684,0.9934424447882062
2025-03-25,-0.008463263252391308,0.0,0.0,-0.008463263252391308,0.9850346798518643
2025-03-26,0.00409225069196503,0.0,0.0,0.00409225069196503,0.9890656887020975
2025-03-27,0.005343519905849352,0.0,0.0,0.005343519905849352,0.9943507808978698
2025-03-28,0.0030732850368128733,0.0,0.0,0.0030732850368128733,0.9974067042741465
2025-03-31,2.1784662404677937e-05,0.021296439725636163,3.1944659588454246e-05,-1.015999718377631e-05,0.99739657062484
2025-04-01,0.005513485760069456,0.0,0.0,0.005513485760069456,1.002895702414122
2025-04-02,-0.003295943982459594,0.0,0.0,-0.003295943982459594,0.9995902143587156
2025-04-03,-0.0016124610754645699,0.0,0.0,-0.0016124610754645699,0.997978414046647
2025-04-07,-0.041863822365707,0.42220324950676325,0.0006333048742601449,-0.042497127239967146,0.9555671984021661
2025-04-08,0.0,1.0,0.0015,-0.0015,0.9541338476045629
2025-04-09,0.0,0.0,0.0,0.0,0.9541338476045629
2025-04-10,0.0,0.0,0.0,0.0,0.9541338476045629
2025-04-11,0.0,0.0,0.0,0.0,0.9541338476045629
2025-04-14,0.0,0.0,0.0,0.0,0.9541338476045629
2025-04-15,0.0,0.0,0.0,0.0,0.9541338476045629
2025-04-16,0.0,0.0,0.0,0.0,0.9541338476045629
2025-04-17,0.0,0.0,0.0,0.0,0.9541338476045629
2025-04-18,0.0,0.0,0.0,0.0,0.9541338476045629
2025-04-21,0.0,0.0,0.0,0.0,0.9541338476045629
2025-04-22,0.015934664819452368,1.0,0.0015,0.014434664819452369,0.9679064498876293
2025-04-23,-0.021635465197048454,0.0,0.0,-0.021635465197048454,0.9469653435770867
2025-04-24,0.0,1.0,0.0015,-0.0015,0.9455448955617212
2025-04-25,0.0,0.0,0.0,0.0,0.9455448955617212
2025-04-28,0.0,0.0,0.0,0.0,0.9455448955617212
2025-04-29,0.0,0.0,0.0,0.0,0.9455448955617212
2025-04-30,0.0,0.0,0.0,0.0,0.9455448955617212
2025-05-06,0.0,0.0,0.0,0.0,0.9455448955617212
2025-05-07,-0.008707193007432328,1.0,0.0015,-0.010207193007432327,0.9358935363155302
2025-05-08,-0.006378095139680349,0.0,0.0,-0.006378095139680349,0.9299243183002979
2025-05-09,0.001415609080378668,0.0,0.0,0.001415609080378668,0.9312407276093488
2025-05-12,-0.003447950289936915,1.4,0.0021,-0.005547950289936915,0.9260742503446074
2025-05-13,-0.002369256159963633,0.0,0.0,-0.002369256159963633,0.9238801432223948
2025-05-14,0.0034460790847921684,0.0,0.0,0.0034460790847921684,0.9270639072608082
2025-05-15,-0.00920297361409855,0.0,0.0,-0.00920297361409855,0.918532162583704
2025-05-16,0.0026529594075975216,0.0,0.0,0.0026529594075975216,0.9209689911256113
2025-05-19,0.0003123959332230891,1.0243600499660819,0.0015365400749491227,-0.0012241441417260336,0.9198415923304135
2025-05-20,0.0046159212154889325,0.0,0.0,0.0046159212154889325,0.9240875086513407
2025-05-21,0.002827731041756489,0.0,0.0,0.002827731041756489,0.9267005795848536
2025-05-22,0.00026995035847369217,0.0,0.0,0.00026995035847369217,0.9269507427385104
2025-05-23,-0.003089384469427403,0.0,0.0,-0.003089384469427403,0.9240870355099698
2025-05-26,-0.003367187099735414,0.010432302197618662,1.5648453296427995e-05,-0.003382835553031842,0.9209610010321508
2025-05-27,0.0017142681392124319,0.0,0.0,0.0017142681392124319,0.9225397751336774
2025-05-28,0.001334516010387556,0.0,0.0,0.001334516010387556,0.9237709192338125
2025-05-29,0.0006596153990754454,0.0,0.0,0.0006596153990754454,0.9243802527573572
2025-05-30,0.001726710849462566,0.0,0.0,0.001726710849462566,0.9259763901688223
2025-06-03,0.009257835203895608,1.0270309571679155,0.0015405464357518732,0.0077172887681437345,0.9331224173642385
2025-06-04,0.00033683712424298703,0.0,0.0,0.00033683712424298703,0.93343672763587
2025-06-05,-0.00033340731080894453,0.0,0.0,-0.00033340731080894453,0.9331255130066987
2025-06-06,0.0002573080526234949,0.0,0.0,0.0002573080526234949,0.9333656137153038
2025-06-09,0.0021403578015231593,1.1409015575507047,0.0017113523363260568,0.0004290054651971025,0.9337660326646148
2025-06-10,0.007358378972710959,0.0,0.0,0.007358378972710959,0.9406370370048058
2025-06-11,0.005458665023703014,0.0,0.0,0.005458665023703014,0.9457716594987036
2025-06-12,0.005465687321232217,0.0,0.0,0.005465687321232217,0.9509409516668064
2025-06-13,0.0014009220945663651,0.0,0.0,0.0014009220945663651,0.9522731458566244
2025-06-16,-0.00024254870377081537,1.265790287267228,0.0018986854309008417,-0.002141234134671657,0.950234106091185
2025-06-17,-0.006770265258432974,0.0,0.0,-0.006770265258432974,0.9438007691353377
2025-06-18,-0.0013949257937208267,0.0,0.0,-0.0013949257937208267,0.9424842370983373
2025-06-19,-0.008955742210856385,0.0,0.0,-0.008955742210856385,0.9340435912330889
2025-06-20,0.0017866214096504988,0.0,0.0,0.0017866214096504988,0.9357123735107328
2025-06-23,0.003990473503203968,1.0984003951438872,0.0016476005927158308,0.002342872910488137,0.9379046286826397
2025-06-24,-0.0030624104976419465,0.0,0.0,-0.0030624104976419465,0.935032379701975
2025-06-25,0.0038003210279267067,0.0,0.0,0.0038003210279267067,0.9385858029163487
2025-06-26,0.002684689039841166,0.0,0.0,0.002684689039841166,0.9411056139343887
2025-06-27,-0.009089711097151289,0.0,0.0,-0.009089711097151289,0.932551235791818
2025-06-30,-0.0006714683038481469,0.8265523090700495,0.0012398284636050744,-0.0019112967674532212,0.9307688536293646
2025-07-01,0.006407995182837278,0.0,0.0,0.006407995182837278,0.9367332159597566
2025-07-02,0.002426566156479647,0.0,0.0,0.002426566156479647,0.9390062610792549
2025-07-03,0.002595247918611903,0.0,0.0,0.002595247918611903,0.9414432151238844
2025-07-04,-0.0001806786101360698,0.0,0.0,-0.0001806786101360698,0.9412731164722538
2025-07-07,-1.849953688295037e-05,1.0918218895929197,0.0016377328343893795,-0.0016562323712723298,0.939714149466544
2025-07-08,0.0011309204272752986,0.0,0.0,0.0011309204272752986,0.9407768913939754
2025-07-09,-0.0015922896224550545,0.0,0.0,-0.0015922896224550545,0.9392789021127632
2025-07-10,0.0045880108660474725,0.0,0.0,0.0045880108660474725,0.9435883239219057
2025-07-11,-0.0022139801434876167,0.0,0.0,-0.0022139801434876167,0.9414992381091158
2025-07-14,0.004098145941745469,1.4000000000000001,0.0021000000000000003,0.0019981459417454687,0.9433804909909
2025-07-15,-0.00267424604126325,0.0,0.0,-0.00267424604126325,0.9408576594474627
2025-07-16,0.0008482907501058041,0.0,0.0,0.0008482907501058041,0.9416557802971381
2025-07-17,0.0034245373229995018,0.0,0.0,0.0034245373229995018,0.9448805156621839
2025-07-18,0.003622160857464263,0.0,0.0,0.003622160857464263,0.948303024880996
2025-07-21,0.0010341596595130746,0.8030434209013322,0.0012045651313519982,-0.0001704054718389236,0.9481414288565949
2025-07-22,0.0014774719234376095,0.0,0.0,0.0014774719234376095,0.9495422811971785
2025-07-23,-0.0012726137671527104,0.0,0.0,-0.0012726137671527104,0.9483338806176335
2025-07-24,0.007919971071568558,0.0,0.0,0.007919971071568558,0.9558446575183134
2025-07-25,-0.0019981590678458125,0.0,0.0,-0.0019981590678458125,0.9539347278484411
2025-07-28,0.0053314213927246655,0.6552492902007649,0.0009828739353011475,0.004348547457423518,0.9580829582837743
2025-07-29,0.004198465965824369,0.0,0.0,0.004198465965824369,0.962105436976565
2025-07-30,-0.002844795433399276,0.0,0.0,-0.002844795433399276,0.9593684438230055
2025-07-31,-0.009425531357097602,0.0,0.0,-0.009425531357097602,0.9503258864727419
2025-08-01,-0.0036059688268897357,0.0,0.0,-0.0036059688268897357,0.9468990409507348
2025-08-04,0.00238280055906033,0.6837934663675405,0.0010256901995513107,0.0013571103595090195,0.9481840874486182
2025-08-05,0.012892641461550064,0.0,0.0,0.012892641461550064,0.9604086849276402
2025-08-06,0.002994869163657247,0.0,0.0,0.002994869163657247,0.9632849832826386
2025-08-07,-0.006818620245167323,0.0,0.0,-0.006818620245167323,0.9567167087937619
2025-08-08,-0.004531561901164782,0.0,0.0,-0.004531561901164782,0.9523812878059843
2025-08-11,0.006889186198457586,0.9143578461188411,0.0013715367691782615,0.005517649429279324,0.9576361938751032
2025-08-12,0.0012540767679639626,0.0,0.0,0.0012540767679639626,0.9588371431780033
2025-08-13,0.013088324620592501,0.0,0.0,0.013088324620592501,0.9713867149661984
2025-08-14,-0.0038238840727444086,0.0,0.0,-0.0038238840727444086,0.9676722447783638
2025-08-15,0.01625868958147041,0.0,0.0,0.01625868958147041,0.9834053274228199
2025-08-18,0.010425827808032629,0.6522516743093583,0.0009783775114640375,0.009447450296568592,0.9926960003750279
2025-08-19,-0.009292104606810852,0.0,0.0,-0.009292104606810852,0.9834717652967804
2025-08-20,-0.0006311315469029505,0.0,0.0,-0.0006311315469029505,0.9828510652402133
2025-08-21,0.001674301400131327,0.0,0.0,0.001674301400131327,0.9844966541548654
2025-08-22,0.00910354130122524,0.0,0.0,0.00910354130122524,0.9934590601068823
2025-08-25,0.0073104450779653656,0.3053198607547402,0.0004579797911321103,0.006852465286833255,1.000266703830155
2025-08-26,-0.007221368927329625,0.0,0.0,-0.007221368927329625,0.9930434089360735
2025-08-27,-0.01852866516270539,0.0,0.0,-0.01852866516270539,0.9746436401198655
2025-08-28,0.0036970643616215126,0.0,0.0,0.0036970643616215126,0.9782469603870336
2025-08-29,0.006331822501300835,0.0,0.0,0.006331822501300835,0.9844410465026415
2025-09-01,0.019074487572162707,1.3318291423036754,0.001997743713455513,0.017076743858707194,1.0012520940977647
2025-09-02,-0.019044952709164516,0.0,0.0,-0.019044952709164516,0.9821832953157209
2025-09-03,0.005030122854034065,0.0,0.0,0.005030122854034065,0.9871237979563391
2025-09-04,-0.03714487797636089,0.0,0.0,-0.03714487797636089,0.9504572049336889
2025-09-05,0.04541905606845055,0.0,0.0,0.04541905606845055,0.9936260740152351
2025-09-08,-0.009415883854812923,1.0024431260515345,0.0015036646890773018,-0.010919548543890226,0.9827761258655506
2025-09-09,-0.005902046791081849,0.0,0.0,-0.005902046791081849,0.976975735185534
2025-09-10,0.0010231981541497888,0.0,0.0,0.0010231981541497888,0.977975374954425
2025-09-11,0.012254694326189655,0.0,0.0,0.012254694326189655,0.9899601642330321
2025-09-12,-0.0033249160158834333,0.0,0.0,-0.0033249160158834333,0.9866686298278871
2025-09-15,-0.0033676700558881024,1.4000000000000001,0.0021000000000000003,-0.005467670055888102,0.9812738513054929
2025-09-16,-0.00014062886198738323,0.0,0.0,-0.00014062886198738323,0.9811358558804859
2025-09-17,0.0008177133130073686,0.0,0.0,0.0008177133130073686,0.9819381437317083
2025-09-18,-0.013882454363612379,0.0,0.0,-0.013882454363612379,0.9683064322634626
2025-09-19,-0.0008135599558593584,0.0,0.0,-0.0008135599558593584,0.9675186569251719
2025-09-22,0.005177512032392877,1.2207767082026526,0.0018311650623039789,0.003346346970088898,0.970756310051278
2025-09-23,0.0009035281761197813,0.0,0.0,0.0009035281761197813,0.9716334157295555
2025-09-24,0.0007011561474539751,0.0,0.0,0.0007011561474539751,0.972314682472066
2025-09-25,-0.001645744612748014,0.0,0.0,-0.001645744612748014,0.9707145008214918
2025-09-26,-0.0021092771327153054,0.0,0.0,-0.0021092771327153054,0.9686669949225138
2025-09-29,0.01045432235736432,0.8362012554080893,0.001254301883112134,0.009200020474252186,0.9775787511085333
2025-09-30,0.0037610233843733175,0.0,0.0,0.0037610233843733175,0.9812554476515188
2025-10-09,0.012178523665954111,1.2355491098241833,0.001853323664736275,0.010325200001217836,0.9913871064008052
2025-10-10,-0.03195779723166244,0.0,0.0,-0.03195779723166244,0.9597045582763637
2025-10-13,-0.012056845124173697,1.1954412917938686,0.0017931619376908028,-0.0138500070618645,0.9464126433669325
2025-10-14,-0.03623934330506409,0.0,0.0,-0.03623934330506409,0.9121152706757051
2025-10-15,0.021367670618091687,0.0,0.0,0.021367670618091687,0.931605049345235
2025-10-16,0.007167829807040478,0.0,0.0,0.007167829807040478,0.9382826357863213
2025-10-17,-0.024945351646562267,0.0,0.0,-0.024945351646562267,0.9148768454927682
2025-10-20,0.017557046835121253,1.137552811124252,0.0017063292166863782,0.015850717618434877,0.9293783000263185
2025-10-21,0.02266378624541555,0.0,0.0,0.02266378624541555,0.9504415311592427
2025-10-22,-0.00014330173236459104,0.0,0.0,-0.00014330173236459104,0.9503053312413163
2025-10-23,-0.0027754716936302538,0.0,0.0,-0.0027754716936302538,0.9476677856941501
2025-10-24,0.025541172277021237,0.0,0.0,0.025541172277021237,0.9718723318699476
2025-10-27,0.024959891419860478,0.6733273194024254,0.0010099909791036381,0.02394990044075684,0.995148577459359
2025-10-28,-0.0037763243530615238,0.0,0.0,-0.0037763243530615238,0.9913905736513847
2025-10-29,0.014564604192324996,0.0,0.0,0.014564604192324996,1.0058297849566193
2025-10-30,-0.017205153283230207,0.0,0.0,-0.017205153283230207,0.9885243293296022
2025-10-31,-0.0295797412687932,0.0,0.0,-0.0295797412687932,0.9592840354301253
2025-11-03,0.006892536173988775,1.6893132608470767,0.002533969891270615,0.00435856628271816,0.9634651384825008
2025-11-04,-0.01210560464061547,0.0,0.0,-0.01210560464061547,0.9518018104310157
2025-11-05,-0.004300006991721374,0.0,0.0,-0.004300006991721374,0.9477090559914293
2025-11-06,0.015312914639511321,0.0,0.0,0.015312914639511321,0.9622212438689178
2025-11-07,-0.0053670304761529305,0.0,0.0,-0.0053670304761529305,0.9570569731282715
2025-11-10,-0.002644291223770201,1.4,0.0021,-0.0047442912237702015,0.952516416130011
2025-11-11,-0.004498921101246649,0.0,0.0,-0.004498921101246649,0.9482311199261999
2025-11-12,0.004293999255646579,0.0,0.0,0.004293999255646579,0.9523028236493439
2025-11-13,0.008941411669495171,0.0,0.0,0.008941411669495171,0.9608177552296154
2025-11-14,-0.01267001780523851,0.0,0.0,-0.01267001780523851,0.948644177163267
2025-11-17,-0.003406280348391573,1.168505809936925,0.0017527587149053876,-0.00515903906329696,0.9437500847961124
2025-11-18,-0.016465833248288812,0.0,0.0,-0.016465833248288812,0.9282104532718013
2025-11-19,0.008686462417765418,0.0,0.0,0.008686462417765418,0.9362733184899238
2025-11-20,-0.004591490175296067,0.0,0.0,-0.004591490175296067,0.9319744287466855
2025-11-21,-0.028495406709819013,0.0,0.0,-0.028495406709819013,0.9054174383563974
2025-11-24,0.001550864072203425,1.3718314981985376,0.0020577472472978063,-0.0005068831750943813,0.9049584974904575
2025-11-25,0.01591651561399257,0.0,0.0,0.01591651561399257,0.9193622835457798
2025-11-26,0.017654553521248343,0.0,0.0,0.017654553521248343,0.9355932141860559
2025-11-27,0.004303738764439283,0.0,0.0,0.004303738764439283,0.9396197629696948
2025-11-28,0.0023723926543017136,0.0,0.0,0.0023723926543017136,0.9418489099932009
2025-12-01,0.0011317671025846397,0.6619742609257716,0.0009929613913886573,0.0001388057111959824,0.9419796440009917
2025-12-02,-0.0067854837413811216,0.0,0.0,-0.0067854837413811216,0.935587856441911
2025-12-03,-0.0011169104977295141,0.0,0.0,-0.0011169104977295141,0.9345428885435028
2025-12-04,0.004978571594069357,0.0,0.0,0.004978571594069357,0.939195577221845
2025-12-05,0.004599240609362881,0.0,0.0,0.004599240609362881,0.9435151636607377
2025-12-08,0.008362855553637968,0.9164808797912711,0.0013747213196869067,0.006988134233951061,0.9501085742761672
2025-12-09,-0.0014416830735939105,0.0,0.0,-0.0014416830735939105,0.9487388188265569
2025-12-10,0.001087783780083768,0.0,0.0,0.001087783780083768,0.9497708415252122
2025-12-11,-0.004237947375163203,0.0,0.0,-0.004237947375163203,0.9457457626803638
2025-12-12,0.0070570997302225255,0.0,0.0,0.0070570997302225255,0.9524199848470346
2025-12-15,0.0025932299546680363,0.6774630761123047,0.001016194614168457,0.0015770353404995793,0.9539219848221364
2025-12-16,-0.011296419888677337,0.0,0.0,-0.011296419888677337,0.943146081540545
2025-12-17,0.008604814611237192,0.0,0.0,0.008604814611237192,0.9512616787235162
2025-12-18,-0.00675047826120425,0.0,0.0,-0.00675047826120425,0.9448402074405765
2025-12-19,0.002044259674402516,0.0,0.0,0.002044259674402516,0.9467717061754014
2025-12-22,0.009956565257199,1.0377129912318295,0.0015565694868477442,0.008399995770351255,0.9547245845027631
2025-12-23,0.006314814684468326,0.0,0.0,0.006314814684468326,0.960753493328604
2025-12-24,0.0007471172722717534,0.0,0.0,0.0007471172722717534,0.9614712888578653
2025-12-25,-0.0025915890648046036,0.0,0.0,-0.0025915890648046036,0.9589795503795376
2025-12-26,0.00611249667020166,0.0,0.0,0.00611249667020166,0.9648413096880242
2025-12-29,-0.006170838170676677,0.0570256468126495,8.553847021897425e-05,-0.006256376640895652,0.9588048990559209
2025-12-30,-0.006008880616135909,0.0,0.0,-0.006008880616135909,0.9530435548833276
2025-12-31,-0.0018905814977761392,0.0,0.0,-0.0018905814977761392,0.9512417483718905
2026-01-05,0.015471284502940903,0.8328839191022236,0.0012493258786533353,0.014221958624287568,0.9647702691589304
2026-01-06,0.017249013655243915,0.0,0.0,0.017249013655243915,0.9814116047058261
2026-01-07,0.0011441692875508165,0.0,0.0,0.0011441692875508165,0.9825345057223765
2026-01-08,-0.007909570388510345,0.0,0.0,-0.007909570388510345,0.9747630798902251
2026-01-09,0.010605515428735076,0.0,0.0,0.010605515428735076,0.9851009447733622
2026-01-12,0.021172628623825213,0.8898262425814613,0.0013347393638721919,0.019837889259953022,1.0046432682256514
2026-01-13,-0.007981175928947898,0.0,0.0,-0.007981175928947898,0.9966250335561093
2026-01-14,0.012699809605461385,0.0,0.0,0.012699809605461385,1.0092819817303085
2026-01-15,0.0032080928125410068,0.0,0.0,0.0032080928125410068,1.0125198520017247
2026-01-16,-0.00593505227315987,0.0,0.0,-0.00593505227315987,1.0065104937524825
2026-01-19,-0.005151533861092607,0.7553072479637778,0.0011329608719456666,-0.006284494733038273,1.0001850838557473
2026-01-20,-0.006726330029788865,0.0,0.0,-0.006726330029788865,0.9934575088908616
2026-01-21,0.01329988045822522,0.0,0.0,0.01329988045822522,1.0066703749994361
2026-01-22,0.0004338692557257553,0.0,0.0,0.0004338692557257553,1.0071071383257983
2026-01-23,0.01538677452913782,0.0,0.0,0.01538677452913782,1.0226032687899027
2026-01-26,0.013955752240871519,0.8879685977522351,0.0013319528966283527,0.012623799344243167,1.0355124072638735
2026-01-27,-0.0037067588104888307,0.0,0.0,-0.0037067588104888307,1.0316740125248776
2026-01-28,0.0228434515605192,0.0,0.0,0.0228434515605192,1.055241007856236
2026-01-29,0.0014322380234499527,0.0,0.0,0.0014322380234499527,1.0567523641515912
2026-01-30,-0.024016754572807907,0.0,0.0,-0.024016754572807907,1.031372601977528
2026-02-02,-0.025915129297195652,0.2763205583571446,0.0004144808375357169,-0.026329610134731368,1.0042169634638163
2026-02-03,0.016240536629544788,0.0,0.0,0.016240536629544788,1.0205259858429607
2026-02-04,0.00018425087392921324,0.0,0.0,0.00018425087392921324,1.0207140186477197
2026-02-05,-0.009906270462675225,0.0,0.0,-0.009906270462675225,1.0106025495139512
2026-02-06,0.0002937572600429047,0.0,0.0,0.0002937572600429047,1.010899421349889
2026-02-09,0.024668656542701894,1.001789970647987,0.0015026849559719804,0.023165971586729915,1.0343178886219222
2026-02-10,-0.0007920311584252518,0.0,0.0,-0.0007920311584252518,1.033498676626417
2026-02-11,-0.00608239831322808,0.0,0.0,-0.00608239831322808,1.0272125260189808
2026-02-12,0.010768404725846661,0.0,0.0,0.010768404725846661,1.0382739662386127
2026-02-13,-0.011375599264808875,0.0,0.0,-0.011375599264808875,1.0264629776715986
2026-02-24,0.0022287838442971663,1.0769145692247788,0.001615371853837168,0.0006134119904599982,1.0270926223698655
2026-02-25,0.0075081128866967325,0.0,0.0,0.0075081128866967325,1.034804149723712
2026-02-26,0.005679482491642819,0.0,0.0,0.005679482491642819,1.040681301774347
2026-02-27,-0.00011000294521415688,0.0,0.0,-0.00011000294521415688,1.0405668237661225
2026-03-02,0.0005502385526157711,0.6288906594104158,0.0009433359891156236,-0.00039309743649985256,1.0401577796151933
2026-03-03,-0.019422342382868656,0.0,0.0,-0.019422342382868656,1.0199554790873027
2026-03-04,-0.002557004361117142,0.0,0.0,-0.002557004361117142,1.0173474484791312
2026-03-05,0.012161511248011616,0.0,0.0,0.012161511248011616,1.029719930916946
2026-03-06,0.00481309420684069,0.0,0.0,0.00481309420684069,1.0346760699511108
2026-03-09,-0.0030386993952967387,0.6372890472251121,0.0009559335708376682,-0.0039946329661344065,1.0305429188128137
2026-03-10,-0.0008334010418332051,0.0,0.0,-0.0008334010418332051,1.0296840632706212
2026-03-11,0.0008208764769773841,0.0,0.0,0.0008208764769773841,1.0305293066968786
2026-03-12,-0.0011711229139654837,0.0,0.0,-0.0011711229139654837,1.029322430212293
2026-03-13,-0.009889359567772885,0.0,0.0,-0.009889359567772885,1.0191430905887497
2026-03-16,-0.011987135314008154,0.5212788792246783,0.0007819183188370175,-0.012769053632845171,1.0061295978054783
2026-03-17,-0.009688074402582684,0.0,0.0,-0.009688074402582684,0.9963821394032982
2026-03-18,0.001408546864754241,0.0,0.0,0.001408546864754241,0.9977855903418519
2026-03-19,-0.020332476555312073,0.0,0.0,-0.020332476555312073,0.9774981382189979
2026-03-20,-0.008220137907212785,0.0,0.0,-0.008220137907212785,0.969462968718794
2026-03-23,-0.0283362537284202,0.5126442931654899,0.0007689664397482348,-0.029105220168168435,0.9412465355693473
2026-03-24,0.0,1.0,0.0015,-0.0015,0.9398346657659934
2026-03-25,0.0,0.0,0.0,0.0,0.9398346657659934
2026-03-26,-0.011565249599542506,1.0,0.0015,-0.013065249599542505,0.9275554912754581
2026-03-27,0.0,1.0,0.0015,-0.0015,0.926164158038545
2026-03-30,-0.00012792118289462503,0.9999999999999999,0.0014999999999999998,-0.0016279211828946248,0.9246564357868362
2026-03-31,-0.019652822144289865,0.0,0.0,-0.019652822144289865,0.9064843273097445
2026-04-01,0.0012454616595166225,0.0,0.0,0.0012454616595166225,0.9076133187843615
2026-04-02,-0.0011466137828897015,0.0,0.0,-0.0011466137828897015,0.9065726368435091
2026-04-03,-0.0069504913071294855,0.0,0.0,-0.0069504913071294855,0.9002715116118468
2026-04-07,0.0,0.9999999999999999,0.0014999999999999998,-0.0014999999999999998,0.8989211043444291
2026-04-08,0.0,0.0,0.0,0.0,0.8989211043444291
2026-04-09,0.0010546070985732832,1.0,0.0015,-0.0004453929014267169,0.8985207312656114
2026-04-10,-0.0008918825732323833,0.0,0.0,-0.0008918825732323833,0.8977193562837076
2026-04-13,-0.0046405505297706226,0.3392247398931997,0.0005088371098397995,-0.005149387639610422,0.8930966513266213
2026-04-14,-0.000955829946496693,0.0,0.0,-0.000955829946496693,0.8922430028021674
2026-04-15,-0.004211189390990537,0.0,0.0,-0.004211189390990537,0.8884855985345814
2026-04-16,0.0018127638846651732,0.0,0.0,0.0018127638846651732,0.89009621313965
2026-04-17,-0.0012797873417562645,0.0,0.0,-0.0012797873417562645,0.8889570792731287
2026-04-20,0.0024675356998941893,1.0966825632352082,0.0016450238448528123,0.0008225118550413771,0.8896882570094538
2026-04-21,-0.0009263370213568046,0.0,0.0,-0.0009263370213568046,0.8888641058395195
2026-04-22,0.008205873117765723,0.0,0.0,0.008205873117765723,0.8961580119109748
2026-04-23,0.004892288900773447,0.0,0.0,0.004892288900773447,0.900542275805986
2026-04-24,-0.014064420606597005,0.0,0.0,-0.014064420606597005,0.8878766704650286
2026-04-27,0.00026749999785129176,0.9520542792893272,0.0014280814189339907,-0.001160581421082699,0.8868462172970741
2026-04-28,-0.0015493320867264232,0.0,0.0,-0.0015493320867264232,0.8854721979966238
2026-04-29,0.010858152902385747,0.0,0.0,0.010858152902385747,0.8950867905132827
2026-04-30,-0.0011670815587287433,0.0,0.0,-0.0011670815587287433,0.894042151226613
2026-05-06,0.0038276803593340876,0.6100931156826052,0.0009151396735239077,0.00291254068581018,0.8966460853668897
2026-05-07,-0.00841835877125971,0.0,0.0,-0.00841835877125971,0.8890977969294257
2026-05-08,0.0014363286516443554,0.0,0.0,0.0014363286516443554,0.8903748335692693
2026-05-11,0.005970115627478061,0.7454267701467658,0.0011181401552201487,0.004851975472257912,0.8946949104228632
2026-05-12,-0.0014648646052845148,0.0,0.0,-0.0014648646052845148,0.8933843035160566
2026-05-13,0.01080662542053153,0.0,0.0,0.01080662542053153,0.903038773040737
2026-05-14,-0.007223598998700453,0.0,0.0,-0.007223598998700453,0.8965155830640122
2026-05-15,-0.006501122064060076,0.0,0.0,-0.006501122064060076,0.8906872258261811
2026-05-18,0.0014217694097392111,0.8677617174439833,0.001301642576165975,0.00012012683357323617,0.8907942212623238
2026-05-19,0.006510309411105859,0.0,0.0,0.006510309411105859,0.8965935672643666
2026-05-20,0.01358442590598632,0.0,0.0,0.01358442590598632,0.9087732761466533
2026-05-21,-0.024854772624743858,0.0,0.0,-0.024854772624743858,0.8861859230005846
2026-05-22,0.011514545353060153,0.0,0.0,0.011514545353060153,0.8963899510022183
2026-05-25,0.02643257293029165,1.0248049862775201,0.0015372074794162802,0.02489536545087537,0.9187059064189108
2026-05-26,-0.0005140293381400582,0.0,0.0,-0.0005140293381400582,0.918233664629889
2026-05-27,-0.0005430449128504568,0.0,0.0,-0.0005430449128504568,0.9177350225095037
2026-05-28,0.01017697346771759,0.0,0.0,0.01017697346771759,0.927074787483978
2026-05-29,-0.009365838069050655,0.0,0.0,-0.009365838069050655,0.9183919551465035
2026-06-01,-0.008637283390929819,0.8020390760033961,0.001203058614005094,-0.009840342004934912,0.9093546642132811
2026-06-02,0.01770050206127668,0.0,0.0,0.01770050206127668,0.9254506983216199
2026-06-03,0.010336394939355925,0.0,0.0,0.010336394939355925,0.9350165222363749
2026-06-04,-0.0056692741820801775,0.0,0.0,-0.0056692741820801775,0.9297156572070417
2026-06-05,-0.019886240374404514,0.0,0.0,-0.019886240374404514,0.911227108167975
2026-06-08,-0.023263227053161823,1.3325706319307764,0.0019988559478961647,-0.025262083001057988,0.8882076133286215
2026-06-09,0.029035153514526412,0.0,0.0,0.029035153514526412,0.9139968577343891
2026-06-10,-0.022962508843765127,0.0,0.0,-0.022962508843765127,0.8930091968054896
2026-06-11,-0.011237114283045382,0.0,0.0,-0.011237114283045382,0.8829743504051757
2026-06-12,-0.0010332995067660173,0.0,0.0,-0.0010332995067660173,0.882061973444415
2026-06-15,0.037553055101886404,0.542351167105852,0.0008135267506587778,0.036739528351227624,0.9144685143253157
2026-06-16,0.010214175097233085,0.0,0.0,0.010214175097233085,0.9238090558515412
2026-06-17,0.016930638617939614,0.0,0.0,0.016930638617939614,0.9394497331281435
2026-06-18,0.011901596734278347,0.0,0.0,0.011901596734278347,0.9506306850039601
2026-06-22,0.00952413175678099,0.37807172516224924,0.0005671075877433738,0.008957024169037616,0.9591455070253693
2026-06-23,-0.014202089993597861,0.0,0.0,-0.014202089993597861,0.9455236362176399
2026-06-24,0.02014643432421162,0.0,0.0,0.02014643432421162,0.9645725660566884
2026-06-25,0.013618360923449528,0.0,0.0,0.013618360923449528,0.9777084633981062
2026-06-26,-0.004858208873569318,0.0,0.0,-0.004858208873569318,0.9729585514654617
2026-06-29,0.04424283656740401,0.7525689337173498,0.0011288534005760248,0.04311398316682799,1.0149066700753648
2026-06-30,0.029335037518689426,0.0,0.0,0.029335037518689426,1.0446789953199938
2026-07-01,0.005427759889826581,0.0,0.0,0.005427759889826581,1.050349262068536
2026-07-02,-0.05171953576821732,0.0,0.0,-0.05171953576821732,0.9960256858398616
2026-07-03,-0.018489724317335095,0.0,0.0,-0.018489724317335095,0.977609445495698
2026-07-06,-0.00946109912560333,0.7780312023255359,0.0011670468034883038,-0.010628145929091634,0.9672192696473113
2026-07-07,0.003817340599994016,0.0,0.0,0.003817340599994016,0.9709114750344325
2026-07-08,0.021654122307163643,0.0,0.0,0.021654122307163643,0.9919357108642567
2026-07-09,0.03334911800840656,0.0,0.0,0.03334911800840656,1.0250158919426213
2026-07-10,-0.02671960377272386,0.0,0.0,-0.02671960377272386,0.9976278734491694
2026-07-13,-0.020396651916137477,0.7088755482245267,0.00106331332233679,-0.021459965238474266,0.9762188139640172
2026-07-14,0.0,1.0,0.0015,-0.0015,0.9747544857430712
2026-07-15,-0.020421065105842566,1.0,0.0015,-0.021921065105842567,0.9533868291988853
2026-07-16,-0.025300204555653513,0.0,0.0,-0.025300204555653513,0.9292659473994875
2026-07-17,0.0,1.0,0.0015,-0.0015,0.9278720484783883
