date,gross_return,turnover,cost,net_return,nav
2018-01-02,0.0,0.0,0.0,0.0,1.0
2018-01-03,0.0,0.0,0.0,0.0,1.0
2018-01-04,0.0,0.0,0.0,0.0,1.0
2018-01-05,0.0,0.0,0.0,0.0,1.0
2018-01-08,0.0,0.0,0.0,0.0,1.0
2018-01-09,0.0,0.0,0.0,0.0,1.0
2018-01-10,0.0,0.0,0.0,0.0,1.0
2018-01-11,0.0,0.0,0.0,0.0,1.0
2018-01-12,0.0,0.0,0.0,0.0,1.0
2018-01-15,0.0,0.0,0.0,0.0,1.0
2018-01-16,0.0,0.0,0.0,0.0,1.0
2018-01-17,0.0,0.0,0.0,0.0,1.0
2018-01-18,0.0,0.0,0.0,0.0,1.0
2018-01-19,0.0,0.0,0.0,0.0,1.0
2018-01-22,0.0,0.0,0.0,0.0,1.0
2018-01-23,0.0,0.0,0.0,0.0,1.0
2018-01-24,0.0,0.0,0.0,0.0,1.0
2018-01-25,0.0,0.0,0.0,0.0,1.0
2018-01-26,0.0,0.0,0.0,0.0,1.0
2018-01-29,0.0,0.0,0.0,0.0,1.0
2018-01-30,0.0,0.0,0.0,0.0,1.0
2018-01-31,0.0,0.0,0.0,0.0,1.0
2018-02-01,0.0,0.0,0.0,0.0,1.0
2018-02-02,0.0,0.0,0.0,0.0,1.0
2018-02-05,0.0,1.0,0.0015,-0.0015,0.9985
2018-02-06,0.0,0.0,0.0,0.0,0.9985
2018-02-07,0.0,0.0,0.0,0.0,0.9985
2018-02-08,-1.0000000000065512e-05,0.0,0.0,-1.0000000000065512e-05,0.998490015
2018-02-09,-0.00010000100000995271,0.0,0.0,-0.00010000100000995271,0.9983901650000001
2018-02-12,9.000990108920526e-05,0.0,0.0,9.000990108920526e-05,0.9984800300000002
2018-02-13,0.00014000280005599386,0.0,0.0,0.00014000280005599386,0.9986198200000002
2018-02-14,-0.0001099868015838057,0.0,0.0,-0.0001099868015838057,0.9985099850000002
2018-02-22,-8.999910000895284e-05,0.0,0.0,-8.999910000895284e-05,0.9984201200000002
2018-02-23,5.0004000319958664e-05,0.0,0.0,5.0004000319958664e-05,0.9984700450000001
2018-02-26,2.0000600017944237e-05,0.0,0.0,2.0000600017944237e-05,0.9984900150000001
2018-02-27,0.0,0.0,0.0,0.0,0.9984900150000001
2018-02-28,1.0000100000961964e-05,0.0,0.0,1.0000100000961964e-05,0.9985
2018-03-01,1.0000000000065512e-05,0.0,0.0,1.0000000000065512e-05,0.9985099850000001
2018-03-02,-9.999900001056439e-06,0.0,0.0,-9.999900001056439e-06,0.9985
2018-03-05,0.0,0.0,0.0,0.0,0.9985
2018-03-06,0.0,0.0,0.0,0.0,0.9985
2018-03-07,0.0,0.0,0.0,0.0,0.9985
2018-03-08,0.0,0.0,0.0,0.0,0.9985
2018-03-09,-0.00013999999999991797,0.0,0.0,-0.00013999999999991797,0.9983602100000001
2018-03-12,8.001120156819752e-05,0.0,0.0,8.001120156819752e-05,0.9984400900000001
2018-03-13,5.000300017998782e-05,0.0,0.0,5.000300017998782e-05,0.9984900150000001
2018-03-14,-1.0000100000850942e-05,0.0,0.0,-1.0000100000850942e-05,0.9984800300000003
2018-03-15,2.000040000793568e-05,0.0,0.0,2.000040000793568e-05,0.9985000000000003
2018-03-16,-4.999999999999449e-05,0.0,0.0,-4.999999999999449e-05,0.9984500750000003
2018-03-19,5.000250012487939e-05,0.0,0.0,5.000250012487939e-05,0.9985000000000002
2018-03-20,0.0,0.0,0.0,0.0,0.9985000000000002
2018-03-21,1.0000000000065512e-05,0.0,0.0,1.0000000000065512e-05,0.9985099850000002
2018-03-22,-9.999900001056439e-06,0.0,0.0,-9.999900001056439e-06,0.9985000000000002
2018-03-23,-5.999999999994898e-05,0.0,0.0,-5.999999999994898e-05,0.9984400900000002
2018-03-26,-4.000240014401246e-05,0.0,0.0,-4.000240014401246e-05,0.9984001500000003
2018-03-27,0.0,0.0,0.0,0.0,0.9984001500000003
2018-03-28,-2.0002000200025627e-05,0.0,0.0,-2.0002000200025627e-05,0.9983801800000003
2018-03-29,-0.00040004800576076693,0.0,0.0,-0.00040004800576076693,0.9979807800000002
2018-03-30,0.0004602393244488301,0.0,0.0,0.0004602393244488301,0.9984400900000003
2018-04-02,6.0003600216074204e-05,0.0,0.0,6.0003600216074204e-05,0.9985000000000004
2018-04-03,0.00016000000000016001,0.0,0.0,0.00016000000000016001,0.9986597600000006
2018-04-04,-0.00014997600383936938,0.0,0.0,-0.00014997600383936938,0.9985099850000005
2018-04-09,-9.999900001056439e-06,0.0,0.0,-9.999900001056439e-06,0.9985000000000005
2018-04-10,0.0,0.0,0.0,0.0,0.9985000000000005
2018-04-11,0.0,0.0,0.0,0.0,0.9985000000000005
2018-04-12,1.0000000000065512e-05,0.0,0.0,1.0000000000065512e-05,0.9985099850000005
2018-04-13,-1.9999800002112877e-05,0.0,0.0,-1.9999800002112877e-05,0.9984900150000005
2018-04-16,0.0,0.0,0.0,0.0,0.9984900150000005
2018-04-17,0.0,0.0,0.0,0.0,0.9984900150000005
2018-04-18,2.0000200002145974e-05,0.0,0.0,2.0000200002145974e-05,0.9985099850000005
2018-04-19,-9.999900001056439e-06,0.0,0.0,-9.999900001056439e-06,0.9985000000000005
2018-04-20,-1.0000000000065512e-05,0.0,0.0,-1.0000000000065512e-05,0.9984900150000005
2018-04-23,-9.000090000899075e-05,0.0,0.0,-9.000090000899075e-05,0.9984001500000005
2018-04-24,0.00010001000100023916,0.0,0.0,0.00010001000100023916,0.9985000000000006
2018-04-25,0.0,0.0,0.0,0.0,0.9985000000000006
2018-04-26,0.0,0.0,0.0,0.0,0.9985000000000006
2018-04-27,0.0,0.0,0.0,0.0,0.9985000000000006
2018-05-02,0.0,0.0,0.0,0.0,0.9985000000000006
2018-05-03,1.0000000000065512e-05,0.0,0.0,1.0000000000065512e-05,0.9985099850000007
2018-05-04,0.0,0.0,0.0,0.0,0.9985099850000007
2018-05-07,0.0,0.0,0.0,0.0,0.9985099850000007
2018-05-08,-1.9999800002112877e-05,0.0,0.0,-1.9999800002112877e-05,0.9984900150000006
2018-05-09,1.0000100000961964e-05,0.0,0.0,1.0000100000961964e-05,0.9985000000000005
2018-05-10,1.0000000000065512e-05,0.0,0.0,1.0000000000065512e-05,0.9985099850000005
2018-05-11,-9.999900001056439e-06,0.0,0.0,-9.999900001056439e-06,0.9985000000000005
2018-05-14,-4.999999999999449e-05,0.0,0.0,-4.999999999999449e-05,0.9984500750000005
2018-05-15,-5.0002500125101434e-05,0.0,0.0,-5.0002500125101434e-05,0.9984001500000004
2018-05-16,6.000600059996586e-05,0.0,0.0,6.000600059996586e-05,0.9984600600000003
2018-05-17,4.0001600064121234e-05,0.0,0.0,4.0001600064121234e-05,0.9985000000000004
2018-05-18,0.0,0.0,0.0,0.0,0.9985000000000004
2018-05-21,-1.0000000000065512e-05,0.0,0.0,-1.0000000000065512e-05,0.9984900150000003
2018-05-22,0.0,0.0,0.0,0.0,0.9984900150000003
2018-05-23,1.0000100000961964e-05,0.0,0.0,1.0000100000961964e-05,0.9985000000000003
2018-05-24,0.0,0.0,0.0,0.0,0.9985000000000003
2018-05-25,0.0,0.0,0.0,0.0,0.9985000000000003
2018-05-28,0.0,0.0,0.0,0.0,0.9985000000000003
2018-05-29,0.0,0.0,0.0,0.0,0.9985000000000003
2018-05-30,0.0,0.0,0.0,0.0,0.9985000000000003
2018-05-31,1.0000000000065512e-05,0.0,0.0,1.0000000000065512e-05,0.9985099850000003
2018-06-01,0.0,0.0,0.0,0.0,0.9985099850000003
2018-06-04,-9.999900001056439e-06,0.0,0.0,-9.999900001056439e-06,0.9985000000000003
2018-06-05,0.0,0.0,0.0,0.0,0.9985000000000003
2018-06-06,0.0,0.0,0.0,0.0,0.9985000000000003
2018-06-07,1.0000000000065512e-05,0.0,0.0,1.0000000000065512e-05,0.9985099850000003
2018-06-08,0.0,0.0,0.0,0.0,0.9985099850000003
2018-06-11,-1.9999800002112877e-05,0.0,0.0,-1.9999800002112877e-05,0.9984900150000002
2018-06-12,2.0000200002145974e-05,0.0,0.0,2.0000200002145974e-05,0.9985099850000003
2018-06-13,-1.9999800002112877e-05,0.0,0.0,-1.9999800002112877e-05,0.9984900150000002
2018-06-14,1.0000100000961964e-05,0.0,0.0,1.0000100000961964e-05,0.9985000000000002
2018-06-15,-1.0000000000065512e-05,0.0,0.0,-1.0000000000065512e-05,0.9984900150000001
2018-06-19,-1.0000100000850942e-05,0.0,0.0,-1.0000100000850942e-05,0.9984800300000003
2018-06-20,1.0000200003856818e-05,0.0,0.0,1.0000200003856818e-05,0.9984900150000001
2018-06-21,1.0000100000961964e-05,0.0,0.0,1.0000100000961964e-05,0.9985
2018-06-22,-4.999999999999449e-05,0.0,0.0,-4.999999999999449e-05,0.998450075
2018-06-25,3.0001500074927634e-05,0.0,0.0,3.0001500074927634e-05,0.99848003
2018-06-26,-1.0000200004078863e-05,0.0,0.0,-1.0000200004078863e-05,0.9984700449999999
2018-06-27,1.0000300008972118e-05,0.0,0.0,1.0000300008972118e-05,0.9984800299999999
2018-06-28,2.000040000793568e-05,0.0,0.0,2.000040000793568e-05,0.9984999999999998
2018-06-29,1.0000000000065512e-05,0.0,0.0,1.0000000000065512e-05,0.9985099849999999
2018-07-02,9.999900000945416e-06,0.0,0.0,9.999900000945416e-06,0.9985199699999998
2018-07-03,-9.999800003934745e-06,0.0,0.0,-9.999800003934745e-06,0.9985099849999999
2018-07-04,0.0,0.0,0.0,0.0,0.9985099849999999
2018-07-05,-9.999900001056439e-06,0.0,0.0,-9.999900001056439e-06,0.9984999999999998
2018-07-06,1.999999999990898e-05,0.0,0.0,1.999999999990898e-05,0.9985199699999997
2018-07-09,-5.9998800024052557e-05,0.0,0.0,-5.9998800024052557e-05,0.9984600599999996
2018-07-10,1.000040001608582e-05,0.0,0.0,1.000040001608582e-05,0.9984700449999997
2018-07-11,3.0000900026916355e-05,0.0,0.0,3.0000900026916355e-05,0.9984999999999996
2018-07-12,-1.0000000000065512e-05,0.0,0.0,-1.0000000000065512e-05,0.9984900149999996
2018-07-13,1.0000100000961964e-05,0.0,0.0,1.0000100000961964e-05,0.9984999999999995
2018-07-16,0.0,0.0,0.0,0.0,0.9984999999999995
2018-07-17,0.0,0.0,0.0,0.0,0.9984999999999995
2018-07-18,0.0,0.0,0.0,0.0,0.9984999999999995
2018-07-19,0.0,0.0,0.0,0.0,0.9984999999999995
2018-07-20,-2.999999999997449e-05,0.0,0.0,-2.999999999997449e-05,0.9984700449999995
2018-07-23,2.0000600017944237e-05,0.0,0.0,2.0000600017944237e-05,0.9984900149999995
2018-07-24,1.0000100000961964e-05,0.0,0.0,1.0000100000961964e-05,0.9984999999999994
2018-07-25,0.0,0.0,0.0,0.0,0.9984999999999994
2018-07-26,2.999999999997449e-05,0.0,0.0,2.999999999997449e-05,0.9985299549999994
2018-07-27,-3.9998800036022963e-05,0.0,0.0,-3.9998800036022963e-05,0.9984900149999993
2018-07-30,1.0000100000961964e-05,0.0,0.0,1.0000100000961964e-05,0.9984999999999993
2018-07-31,0.0,0.0,0.0,0.0,0.9984999999999993
2018-08-01,0.0,0.0,0.0,0.0,0.9984999999999993
2018-08-02,1.0000000000065512e-05,0.0,0.0,1.0000000000065512e-05,0.9985099849999993
2018-08-03,0.0,0.0,0.0,0.0,0.9985099849999993
2018-08-06,-9.999900001056439e-06,0.0,0.0,-9.999900001056439e-06,0.9984999999999993
2018-08-07,0.0,0.0,0.0,0.0,0.9984999999999993
2018-08-08,1.0000000000065512e-05,0.0,0.0,1.0000000000065512e-05,0.9985099849999993
2018-08-09,0.0,0.0,0.0,0.0,0.9985099849999993
2018-08-10,0.0,0.0,0.0,0.0,0.9985099849999993
2018-08-13,-9.999900001056439e-06,0.0,0.0,-9.999900001056439e-06,0.9984999999999993
2018-08-14,0.0,0.0,0.0,0.0,0.9984999999999993
2018-08-15,0.0,0.0,0.0,0.0,0.9984999999999993
2018-08-16,0.0,0.0,0.0,0.0,0.9984999999999993
2018-08-17,1.0000000000065512e-05,0.0,0.0,1.0000000000065512e-05,0.9985099849999993
2018-08-20,-9.999900001056439e-06,0.0,0.0,-9.999900001056439e-06,0.9984999999999993
2018-08-21,1.0000000000065512e-05,0.0,0.0,1.0000000000065512e-05,0.9985099849999993
2018-08-22,-9.999900001056439e-06,0.0,0.0,-9.999900001056439e-06,0.9984999999999993
2018-08-23,1.0000000000065512e-05,0.0,0.0,1.0000000000065512e-05,0.9985099849999993
2018-08-24,-9.999900001056439e-06,0.0,0.0,-9.999900001056439e-06,0.9984999999999993
2018-08-27,0.0,0.0,0.0,0.0,0.9984999999999993
2018-08-28,1.0000000000065512e-05,0.0,0.0,1.0000000000065512e-05,0.9985099849999993
2018-08-29,-1.9999800002112877e-05,0.0,0.0,-1.9999800002112877e-05,0.9984900149999992
2018-08-30,2.0000200002145974e-05,0.0,0.0,2.0000200002145974e-05,0.9985099849999993
2018-08-31,0.0,0.0,0.0,0.0,0.9985099849999993
2018-09-03,-9.999900001056439e-06,0.0,0.0,-9.999900001056439e-06,0.9984999999999993
2018-09-04,0.0,0.0,0.0,0.0,0.9984999999999993
2018-09-05,0.0,0.0,0.0,0.0,0.9984999999999993
2018-09-06,0.0,0.0,0.0,0.0,0.9984999999999993
2018-09-07,0.0,0.0,0.0,0.0,0.9984999999999993
2018-09-10,0.0,0.0,0.0,0.0,0.9984999999999993
2018-09-11,0.0,0.0,0.0,0.0,0.9984999999999993
2018-09-12,1.0000000000065512e-05,0.0,0.0,1.0000000000065512e-05,0.9985099849999993
2018-09-13,0.0,0.0,0.0,0.0,0.9985099849999993
2018-09-14,-9.999900001056439e-06,0.0,0.0,-9.999900001056439e-06,0.9984999999999993
2018-09-17,-1.0000000000065512e-05,0.0,0.0,-1.0000000000065512e-05,0.9984900149999992
2018-09-18,1.0000100000961964e-05,0.0,0.0,1.0000100000961964e-05,0.9984999999999992
2018-09-19,0.0,0.0,0.0,0.0,0.9984999999999992
2018-09-20,0.0,0.0,0.0,0.0,0.9984999999999992
2018-09-21,-1.0000000000065512e-05,0.0,0.0,-1.0000000000065512e-05,0.9984900149999991
2018-09-25,1.0000100000961964e-05,0.0,0.0,1.0000100000961964e-05,0.998499999999999
2018-09-26,-1.0000000000065512e-05,0.0,0.0,-1.0000000000065512e-05,0.998490014999999
2018-09-27,1.0000100000961964e-05,0.0,0.0,1.0000100000961964e-05,0.9984999999999989
2018-09-28,1.0000000000065512e-05,0.0,0.0,1.0000000000065512e-05,0.998509984999999
2018-10-08,-9.999900001056439e-06,0.0,0.0,-9.999900001056439e-06,0.9984999999999989
2018-10-09,0.0,0.0,0.0,0.0,0.9984999999999989
2018-10-10,0.0,0.0,0.0,0.0,0.9984999999999989
2018-10-11,0.0,0.0,0.0,0.0,0.9984999999999989
2018-10-12,0.0,0.0,0.0,0.0,0.9984999999999989
2018-10-15,1.0000000000065512e-05,0.0,0.0,1.0000000000065512e-05,0.998509984999999
2018-10-16,-1.9999800002112877e-05,0.0,0.0,-1.9999800002112877e-05,0.9984900149999989
2018-10-17,1.0000100000961964e-05,0.0,0.0,1.0000100000961964e-05,0.9984999999999988
2018-10-18,0.0,0.0,0.0,0.0,0.9984999999999988
2018-10-19,0.0,0.0,0.0,0.0,0.9984999999999988
2018-10-22,-1.0000000000065512e-05,0.0,0.0,-1.0000000000065512e-05,0.9984900149999988
2018-10-23,1.0000100000961964e-05,0.0,0.0,1.0000100000961964e-05,0.9984999999999987
2018-10-24,0.0,0.0,0.0,0.0,0.9984999999999987
2018-10-25,0.0,0.0,0.0,0.0,0.9984999999999987
2018-10-26,0.0,0.0,0.0,0.0,0.9984999999999987
2018-10-29,1.0000000000065512e-05,0.0,0.0,1.0000000000065512e-05,0.9985099849999988
2018-10-30,-9.999900001056439e-06,0.0,0.0,-9.999900001056439e-06,0.9984999999999987
2018-10-31,0.0,0.0,0.0,0.0,0.9984999999999987
2018-11-01,0.0,0.0,0.0,0.0,0.9984999999999987
2018-11-02,0.0,0.0,0.0,0.0,0.9984999999999987
2018-11-05,0.0,0.0,0.0,0.0,0.9984999999999987
2018-11-06,0.0,0.0,0.0,0.0,0.9984999999999987
2018-11-07,0.0,0.0,0.0,0.0,0.9984999999999987
2018-11-08,0.0,0.0,0.0,0.0,0.9984999999999987
2018-11-09,0.0,0.0,0.0,0.0,0.9984999999999987
2018-11-12,0.0,0.0,0.0,0.0,0.9984999999999987
2018-11-13,0.0,0.0,0.0,0.0,0.9984999999999987
2018-11-14,0.0,0.0,0.0,0.0,0.9984999999999987
2018-11-15,2.999999999997449e-05,0.0,0.0,2.999999999997449e-05,0.9985299549999987
2018-11-16,-3.9998800036022963e-05,0.0,0.0,-3.9998800036022963e-05,0.9984900149999987
2018-11-19,1.0000100000961964e-05,0.0,0.0,1.0000100000961964e-05,0.9984999999999986
2018-11-20,0.0,0.0,0.0,0.0,0.9984999999999986
2018-11-21,1.0000000000065512e-05,0.0,0.0,1.0000000000065512e-05,0.9985099849999987
2018-11-22,-9.999900001056439e-06,0.0,0.0,-9.999900001056439e-06,0.9984999999999986
2018-11-23,1.0000000000065512e-05,0.0,0.0,1.0000000000065512e-05,0.9985099849999987
2018-11-26,-9.999900001056439e-06,0.0,0.0,-9.999900001056439e-06,0.9984999999999986
2018-11-27,0.0,0.0,0.0,0.0,0.9984999999999986
2018-11-28,0.0,0.0,0.0,0.0,0.9984999999999986
2018-11-29,0.0,0.0,0.0,0.0,0.9984999999999986
2018-11-30,0.0,0.0,0.0,0.0,0.9984999999999986
2018-12-03,1.0000000000065512e-05,0.0,0.0,1.0000000000065512e-05,0.9985099849999987
2018-12-04,-9.999900001056439e-06,0.0,0.0,-9.999900001056439e-06,0.9984999999999986
2018-12-05,0.0,0.0,0.0,0.0,0.9984999999999986
2018-12-06,1.0000000000065512e-05,0.0,0.0,1.0000000000065512e-05,0.9985099849999987
2018-12-07,-9.999900001056439e-06,0.0,0.0,-9.999900001056439e-06,0.9984999999999986
2018-12-10,1.0000000000065512e-05,0.0,0.0,1.0000000000065512e-05,0.9985099849999987
2018-12-11,-9.999900001056439e-06,0.0,0.0,-9.999900001056439e-06,0.9984999999999986
2018-12-12,0.0,0.0,0.0,0.0,0.9984999999999986
2018-12-13,0.0,0.0,0.0,0.0,0.9984999999999986
2018-12-14,1.0000000000065512e-05,0.0,0.0,1.0000000000065512e-05,0.9985099849999987
2018-12-17,-9.999900001056439e-06,0.0,0.0,-9.999900001056439e-06,0.9984999999999986
2018-12-18,1.0000000000065512e-05,0.0,0.0,1.0000000000065512e-05,0.9985099849999987
2018-12-19,-9.999900001056439e-06,0.0,0.0,-9.999900001056439e-06,0.9984999999999986
2018-12-20,1.0000000000065512e-05,0.0,0.0,1.0000000000065512e-05,0.9985099849999987
2018-12-21,-9.999900001000928e-05,0.0,0.0,-9.999900001000928e-05,0.9984101349999986
2018-12-24,9.000810072912202e-05,0.0,0.0,9.000810072912202e-05,0.9984999999999987
2018-12-25,0.0,0.0,0.0,0.0,0.9984999999999987
2018-12-26,-1.999999999990898e-05,0.0,0.0,-1.999999999990898e-05,0.9984800299999989
2018-12-27,-3.0000600012014544e-05,0.0,0.0,-3.0000600012014544e-05,0.9984500749999988
2018-12-28,6.000300015007731e-05,0.0,0.0,6.000300015007731e-05,0.9985099849999989
2019-01-02,-9.999900001056439e-06,0.0,0.0,-9.999900001056439e-06,0.9984999999999988
2019-01-03,1.0000000000065512e-05,0.0,0.0,1.0000000000065512e-05,0.9985099849999989
2019-01-04,9.999900000945416e-06,0.0,0.0,9.999900000945416e-06,0.9985199699999988
2019-01-07,-9.999800003934745e-06,0.0,0.0,-9.999800003934745e-06,0.9985099849999989
2019-01-08,0.0,0.0,0.0,0.0,0.9985099849999989
2019-01-09,0.0,0.0,0.0,0.0,0.9985099849999989
2019-01-10,0.0,0.0,0.0,0.0,0.9985099849999989
2019-01-11,0.0,0.0,0.0,0.0,0.9985099849999989
2019-01-14,0.0,0.0,0.0,0.0,0.9985099849999989
2019-01-15,-9.999900001056439e-06,0.0,0.0,-9.999900001056439e-06,0.9984999999999988
2019-01-16,1.0000000000065512e-05,0.0,0.0,1.0000000000065512e-05,0.9985099849999989
2019-01-17,0.0,0.0,0.0,0.0,0.9985099849999989
2019-01-18,0.0,0.0,0.0,0.0,0.9985099849999989
2019-01-21,-0.001334214592410774,2.0,0.003,-0.004334214592410774,0.994182228452344
2019-01-22,-0.0026493731126172827,0.0,0.0,-0.0026493731126172827,0.9915482687872404
2019-01-23,0.0007165835249727259,0.0,0.0,0.0007165835249727259,0.9922587959408686
2019-01-24,0.0017078652706783938,0.0,0.0,0.0017078652706783938,0.9939534402779812
2019-01-25,0.0012789042042565355,0.0,0.0,0.0012789042042565355,0.9952246115115878
2019-01-28,0.0032513835718484723,0.014193552002674664,2.1290328004011997e-05,0.00323009324384446,0.9984392798053392
2019-01-29,0.0006410661658539028,0.0,0.0,0.0006410661658539028,0.9990793454462819
2019-01-30,-0.00030465236575488545,0.0,0.0,-0.00030465236575488545,0.9987749735601149
2019-01-31,0.0027911438788831254,0.0,0.0,0.0027911438788831254,1.0015626982139487
2019-02-01,0.0054546820945534855,0.0,0.0,0.0054546820945534855,1.007025904330469
2019-02-11,0.002389425106649523,0.8742950008203396,0.0013114425012305095,0.0010779826054190136,1.0081114607385435
2019-02-12,0.0018386673895141627,0.0,0.0,0.0018386673895141627,1.0099650424063988
2019-02-13,0.004737718615189922,0.0,0.0,0.004737718615189922,1.0147499725884987
2019-02-14,-0.000938887399556758,0.0,0.0,-0.000938887399556758,1.0137972366255348
2019-02-15,-0.0024165896331447894,0.0,0.0,-0.0024165896331447894,1.0113473047333947
2019-02-18,0.010311569777440077,0.43887640643937664,0.0006583146096590649,0.009653255167781013,1.0211100983292338
2019-02-19,0.0015435857211412974,0.0,0.0,0.0015435857211412974,1.022686269296728
2019-02-20,0.0026002366381990237,0.0,0.0,0.0026002366381990237,1.0253454956035364
2019-02-21,-0.00013827042496137774,0.0,0.0,-0.00013827042496137774,1.025203720646127
2019-02-22,0.007926113501347778,0.0,0.0,0.007926113501347778,1.0333296016979723
2019-02-25,0.006218452745297212,0.11860423428617736,0.00017790635142926606,0.006040546393867946,1.039571477097186
2019-02-26,-0.003045478472982262,0.0,0.0,-0.003045478472982262,1.03640548454256
2019-02-27,-0.0012209125480618734,0.0,0.0,-0.0012209125480618734,1.0351401240816018
2019-02-28,-0.005422988345322361,0.0,0.0,-0.005422988345322361,1.0295265712529318
2019-03-01,0.0022753802338948727,0.0,0.0,0.0022753802338948727,1.0318691356634302
2019-03-04,-0.0034577383190298253,0.587224423114897,0.0008808366346723455,-0.004338574953702171,1.0273922940759426
2019-03-05,-0.0009104052312575237,0.0,0.0,-0.0009104052312575237,1.0264569507568622
2019-03-06,0.007495501304781603,0.0,0.0,0.007495501304781603,1.0341507601705622
2019-03-07,0.0010163376247682302,0.0,0.0,0.0010163376247682302,1.0352018064978061
2019-03-08,-0.009598288881238077,0.0,0.0,-0.009598288881238077,1.0252656405086606
2019-03-11,0.016039384653081412,1.4,0.0021,0.013939384653081413,1.0395572126432986
2019-03-12,0.00857900277931092,0.0,0.0,0.00857900277931092,1.0484755768598182
2019-03-13,-0.014149103245268158,0.0,0.0,-0.014149103245268158,1.0336405876726864
2019-03-14,-0.010670179814039742,0.0,0.0,-0.010670179814039742,1.0226114567391291
2019-03-15,0.0017238673073605086,0.0,0.0,0.0017238673073605086,1.024374303197534
2019-03-18,0.013599540375817338,1.4000000000000001,0.0021000000000000003,0.011499540375817338,1.036154136857104
2019-03-19,-0.0007824064478189261,0.0,0.0,-0.0007824064478189261,1.0353434431794926
2019-03-20,-0.0004271021406298508,0.0,0.0,-0.0004271021406298508,1.0349012457786235
2019-03-21,-0.0003160944628746947,0.0,0.0,-0.0003160944628746947,1.0345741192252107
2019-03-22,0.0012391854362736935,0.0,0.0,0.0012391854362736935,1.0358561484065003
2019-03-25,-0.01760576708702328,0.6134811544828953,0.0009202217317243429,-0.018525988818747622,1.0166658889832905
2019-03-26,-0.00670507382043414,0.0,0.0,-0.00670507382043414,1.0098490691469402
2019-03-27,0.006183155383986701,0.0,0.0,0.006183155383986701,1.0160931228558499
2019-03-28,-0.006568331588321853,0.0,0.0,-0.006568331588321853,1.0094190863003192
2019-03-29,0.02223103765306754,0.0,0.0,0.02223103765306754,1.0318595200155865
2019-04-01,0.01389074452448276,0.9505451214724672,0.0014258176822087008,0.012464926842274059,1.0447215734440847
2019-04-02,-0.0004946602693135867,0.0,0.0,-0.0004946602693135867,1.0442047911892072
2019-04-03,0.009293488777134293,0.0,0.0,0.009293488777134293,1.053909096697154
2019-04-04,0.0035308755027817274,0.0,0.0,0.0035308755027817274,1.0576303185088407
2019-04-08,-0.0051314104041578785,0.7515905189305951,0.0011273857783958927,-0.006258796182553771,1.0510108259088045
2019-04-09,0.006793614460504371,0.0,0.0,0.006793614460504371,1.0581509882538451
2019-04-10,0.0012580229273284594,0.0,0.0,0.0012580229273284594,1.0594821664576437
2019-04-11,-0.01541793230755947,0.0,0.0,-0.01541793230755947,1.0431471421341332
2019-04-12,-0.0021313627849633343,0.0,0.0,-0.0021313627849633343,1.0409238171361477
2019-04-15,-0.006810073763478587,0.8179023690348795,0.0012268535535523192,-0.008036927317030906,1.0325579880752582
2019-04-16,0.015563715542360319,0.0,0.0,0.015563715542360319,1.0486284268826533
2019-04-17,0.0018056880209978091,0.0,0.0,0.0018056880209978091,1.0505219226715532
2019-04-18,-0.0032152465159672947,0.0,0.0,-0.0032152465159672947,1.0471442357197362
2019-04-19,0.00867660998871208,0.0,0.0,0.00867660998871208,1.0562298978550044
2019-04-22,-0.009654320328837064,0.8640025457146229,0.0012960038185719342,-0.010950324147408999,1.0446638380993074
2019-04-23,-0.0017285905505053235,0.0,0.0,-0.0017285905505053235,1.0428580420603144
2019-04-24,0.002421238457492437,0.0,0.0,0.002421238457492437,1.0453830500574561
2019-04-25,-0.013968962383196363,0.0,0.0,-0.013968962383196363,1.0307801335551725
2019-04-26,-0.006344441741671569,0.0,0.0,-0.006344441741671569,1.0242404090493593
2019-04-29,0.003942168465708328,0.8827720502087171,0.0013241580753130756,0.002618010390395252,1.0269218810825131
2019-04-30,0.0007299124448554556,0.0,0.0,0.0007299124448554556,1.0276714441434096
2019-05-06,-0.02305459289220849,0.3659992638780688,0.0005489988958171032,-0.023603591788025593,1.0034147068836379
2019-05-07,0.005524759448252766,0.0,0.0,0.005524759448252766,1.0089583317660091
2019-05-08,-0.011466098652789653,0.0,0.0,-0.011466098652789653,0.997389515997426
2019-05-09,-0.004775082216941329,0.0,0.0,-0.004775082216941329,0.9926268990562229
2019-05-10,0.01123913626454652,0.0,0.0,0.01123913626454652,1.0037831680345701
2019-05-13,-0.004665527924178093,0.08084132133781012,0.00012126198200671519,-0.004786789906184807,0.9989782688978239
2019-05-14,-0.007505340613774371,0.0,0.0,-0.007505340613774371,0.991480596723987
2019-05-15,0.010136101764305534,0.0,0.0,0.010136101764305534,1.0015303449497157
2019-05-16,0.0015334618548247126,0.0,0.0,0.0015334618548247126,1.0030661535301455
2019-05-17,0.00024760042973962296,0.0,0.0,0.00024760042973962296,1.0033145131408168
2019-05-20,-0.00406084260333371,0.019649979286826588,2.947496893023988e-05,-0.004090317572263949,0.9992106381572095
2019-05-21,0.0001886444747773682,0.0,0.0,0.0001886444747773682,0.9993991337232366
2019-05-22,-0.0017170275817646218,0.0,0.0,-0.0017170275817646218,0.9976831378454422
2019-05-23,-0.006546555776311639,0.0,0.0,-0.006546555776311639,0.9911517495364514
2019-05-24,-0.001005773483670799,0.0,0.0,-0.001005773483670799,0.9901548753884737
2019-05-27,-0.000311795265810509,0.8078578000492811,0.0012117867000739216,-0.0015235819658844306,0.9886462932768992
2019-05-28,0.0003931527803962516,0.0,0.0,0.0003931527803962516,0.9890349823159295
2019-05-29,-0.0031440500309439295,0.0,0.0,-0.0031440500309439295,0.9859254068491744
2019-05-30,-0.0023241066120629457,0.0,0.0,-0.0023241066120629457,0.9836340110921153
2019-05-31,0.002046575793293901,0.0,0.0,0.002046575793293901,0.9856470926486771
2019-06-03,0.001949524805532395,0.3510507809773085,0.0005265761714659628,0.001422948634066432,0.9870496178328331
2019-06-04,0.0006699393548779537,0.0,0.0,0.0006699393548779537,0.9877108812170365
2019-06-05,0.0086976228702884,0.0,0.0,0.0086976228702884,0.9963016179667425
2019-06-06,-0.0003362996559747443,0.0,0.0,-0.0003362996559747443,0.9959665620753733
2019-06-10,0.006987693686447768,0.3322640844694581,0.0004983961267041871,0.006489297559743581,1.0024296854562351
2019-06-11,-0.0006318970730702476,0.0,0.0,-0.0006318970730702476,1.0017962530720366
2019-06-12,0.0026466406151201983,0.0,0.0,0.0026466406151201983,1.0044476477234923
2019-06-13,0.0003456226024570102,0.0,0.0,0.0003456226024570102,1.0047948075335302
2019-06-14,0.007385620713855019,0.0,0.0,0.007385620713855019,1.0122158408772237
2019-06-17,-0.003728631770700413,0.7413176735742772,0.0011119765103614159,-0.004840608281061829,1.0073161004956515
2019-06-18,0.0029815818532466154,0.0,0.0,0.0029815818532466154,1.0103194959013724
2019-06-19,8.718059040695517e-07,0.0,0.0,8.718059040695517e-07,1.010320376703874
2019-06-20,0.012540473406775377,0.0,0.0,0.012540473406775377,1.0229902725202522
2019-06-21,0.0025627474065510842,0.0,0.0,0.0025627474065510842,1.0256119381880804
2019-06-24,0.002594387095158855,0.32895192771984805,0.0004934278915797721,0.0021009592035790827,1.0277667070289171
2019-06-25,0.0034180319478166682,0.0,0.0,0.0034180319478166682,1.0312796464684444
2019-06-26,-0.007304651235396562,0.0,0.0,-0.007304651235396562,1.0237465083248294
2019-06-27,0.002208820917552351,0.0,0.0,0.002208820917552351,1.0260077810266885
2019-06-28,0.000491043101973127,0.0,0.0,0.000491043101973127,1.0265115950701325
2019-07-01,8.432109754252706e-05,0.7382625129886577,0.0011073937694829866,-0.0010230726719404595,1.0254613991097863
2019-07-02,0.0024411596402240513,0.0,0.0,0.0024411596402240513,1.0279647140899009
2019-07-03,0.008551543689268828,0.0,0.0,0.008551543689268828,1.0367553992534675
2019-07-04,-0.0022478061629518575,0.0,0.0,-0.0022478061629518575,1.034424974077552
2019-07-05,0.0007707654347760519,0.0,0.0,0.0007707654347760519,1.0352222730924399
2019-07-08,-0.004365736841206676,0.40767696951676374,0.0006115154542751456,-0.004977252295481821,1.0300697106573566
2019-07-09,-0.0050074283641605094,0.0,0.0,-0.0050074283641605094,1.0249117103711485
2019-07-10,0.002438866115806718,0.0,0.0,0.002438866115806718,1.0274113328132664
2019-07-11,0.009390318997486236,0.0,0.0,0.009390318997486236,1.0370590529700154
2019-07-12,-0.0014780189215061286,0.0,0.0,-0.0014780189215061286,1.0355262600670065
2019-07-15,0.003712689502352598,0.003876536952005988,5.8148054280089815e-06,0.003706874696924589,1.03936482615845
2019-07-16,-0.00020160844647263974,0.0,0.0,-0.00020160844647263974,1.0391552814305298
2019-07-17,-0.00391928296123065,0.0,0.0,-0.00391928296123065,1.0350825378419464
2019-07-18,-0.001135699280115529,0.0,0.0,-0.001135699280115529,1.033906995348859
2019-07-19,0.008667000770173265,0.0,0.0,0.008667000770173265,1.0428678680738352
2019-07-22,-0.005631283548088158,0.3081030096091244,0.0004621545144136866,-0.0060934380625018445,1.036513217312354
2019-07-23,0.0010717743677656605,0.0,0.0,0.0010717743677656605,1.0376241256105196
2019-07-24,0.0028566255980890768,0.0,0.0,0.0028566255980890768,1.0405882292489335
2019-07-25,0.0030005157166450975,0.0,0.0,0.0030005157166450975,1.0437105305853507
2019-07-26,-0.0028929882374872894,0.0,0.0,-0.0028929882374872894,1.0406910882970257
2019-07-29,0.0013564468520183702,0.6939183606062742,0.0010408775409094114,0.0003155693111089588,1.0410194984668368
2019-07-30,0.001825501704981709,0.0,0.0,0.001825501704981709,1.0429198813362073
2019-07-31,-0.0008266921240014809,0.0,0.0,-0.0008266921240014809,1.042057707684342
2019-08-01,-0.008413477405718213,0.0,0.0,-0.008413477405718213,1.0332903787052854
2019-08-02,0.003350207728271814,0.0,0.0,0.003350207728271814,1.0367521161175728
2019-08-05,0.0069530186979424235,0.4109958171579441,0.0006164937257369162,0.006336524972205508,1.0433215217913387
2019-08-06,-0.004748131313895343,0.0,0.0,-0.004748131313895343,1.0383676942032605
2019-08-07,0.0066735132762974995,0.0,0.0,0.0066735132762974995,1.0452972547962043
2019-08-08,0.006245234607336008,0.0,0.0,0.006245234607336008,1.0518253813868108
2019-08-09,0.0016728058720549667,0.0,0.0,0.0016728058720549667,1.0535848810611712
2019-08-12,-0.0011566590320753213,0.36843128188573376,0.0005526469228286007,-0.001709305954903922,1.0517839821499766
2019-08-13,0.0009590287371265072,0.0,0.0,0.0009590287371265072,1.052792673214108
2019-08-14,-0.0028440141382329023,0.0,0.0,-0.0028440141382329023,1.049798515966859
2019-08-15,-0.0049360852229676545,0.0,0.0,-0.0049360852229676545,1.0446166210251018
2019-08-16,0.0009526285149902586,0.0,0.0,0.0009526285149902586,1.045611752605523
2019-08-19,0.0069296442039741436,0.8547792623927197,0.0012821688935890797,0.005647475310385064,1.0515168191626112
2019-08-20,-0.0016070959666335373,0.0,0.0,-0.0016070959666335373,1.0498269307236876
2019-08-21,-2.8530777453114134e-05,0.0,0.0,-2.8530777453114134e-05,1.0497969783451628
2019-08-22,0.002319205262054159,0.0,0.0,0.002319205262054159,1.0522316730214296
2019-08-23,0.0031288207266900042,0.0,0.0,0.0031288207266900042,1.0555239172892588
2019-08-26,0.008444469610206244,0.45915639473067693,0.0006887345920960154,0.007755735018110229,1.063710281097032
2019-08-27,0.005272704814008855,0.0,0.0,0.005272704814008855,1.069318911416883
2019-08-28,-5.74804353225663e-06,0.0,0.0,-5.74804353225663e-06,1.0693127649252303
2019-08-29,0.0030728526006797248,0.0,0.0,0.0030728526006797248,1.072598605435871
2019-08-30,-0.002680729253534668,0.0,0.0,-0.002680729253534668,1.0697232589769785
2019-09-02,0.0031125087112977823,0.350977809414339,0.0005264667141215085,0.0025860419971762737,1.0724896082500495
2019-09-03,0.0008538073484057279,0.0,0.0,0.0008538073484057279,1.073405307758662
2019-09-04,0.0022539504259499153,0.0,0.0,0.0022539504259499153,1.0758247101093017
2019-09-05,0.002172178344991139,0.0,0.0,0.002172178344991139,1.0781615932476074
2019-09-06,-0.008144893745453938,0.0,0.0,-0.008144893745453938,1.0693800816301764
2019-09-09,0.003111393461581207,0.7747923804076815,0.0011621885706115222,0.0019492048909696847,1.0714645225155954
2019-09-10,5.1036607890041e-05,0.0,0.0,5.1036607890041e-05,1.0715192064302992
2019-09-11,-0.008755644840395269,0.0,0.0,-0.008755644840395269,1.0621373648191332
2019-09-12,0.005728192242227312,0.0,0.0,0.005728192242227312,1.0682214918324697
2019-09-16,-0.0010721102228691724,1.0069196447598405,0.0015103794671397607,-0.002582489690008933,1.0654628208431665
2019-09-17,-0.007689378558854566,0.0,0.0,-0.007689378558854566,1.0572700738733183
2019-09-18,0.001718216953788996,0.0,0.0,0.001718216953788996,1.0590866932389813
2019-09-19,0.0029853652349495618,0.0,0.0,0.0029853652349495618,1.0622484538337746
2019-09-20,0.0005623024516871091,0.0,0.0,0.0005623024516871091,1.0628457587436664
2019-09-23,0.0007490087015590291,0.49761684398005834,0.0007464252659700875,2.5834355889415564e-06,1.0628485045372251
2019-09-24,0.001810770980377181,0.0,0.0,0.001810770980377181,1.0647730797657784
2019-09-25,-0.001967358763699859,0.0,0.0,-0.001967358763699859,1.0626782891159494
2019-09-26,-0.005452498243668263,0.0,0.0,-0.005452498243668263,1.0568840376109603
2019-09-27,-0.0010247272737107858,0.0,0.0,-0.0010247272737107858,1.0558010197124708
2019-09-30,-0.001421797038933095,0.6256310925370856,0.0009384466388056284,-0.0023602436777387234,1.0533090720307443
2019-10-08,-0.0033399767102668533,0.0015265712738131432,2.2898569107197146e-06,-0.003342266567177573,1.049788632334391
2019-10-09,-0.00038783609931413755,0.0,0.0,-0.00038783609931413755,1.0493814864061222
2019-10-10,0.0023376347326791395,0.0,0.0,0.0023376347326791395,1.0518345570165755
2019-10-11,0.0020226717787696206,0.0,0.0,0.0020226717787696206,1.0539620730909876
2019-10-14,-0.002185171853928439,0.8817162254756503,0.0013225743382134756,-0.0035077461921419143,1.0502650416424406
2019-10-15,0.0008564052201723587,0.0,0.0,0.0008564052201723587,1.0511644941066676
2019-10-16,-0.002008597813055889,0.0,0.0,-0.002008597813055889,1.049053127402643
2019-10-17,0.0015854207972406387,0.0,0.0,0.0015854207972406387,1.0507163180482373
2019-10-18,-0.002874595849600671,0.0,0.0,-0.002874595849600671,1.047695933281268
2019-10-21,-0.001502779792184999,0.8372445646343333,0.0012558668469514998,-0.002758646639136499,1.0448057104160848
2019-10-22,0.0015447602082621576,0.0,0.0,0.0015447602082621576,1.0464196847029006
2019-10-23,-0.0011936234470540108,0.0,0.0,-0.0011936234470540108,1.0451706536317804
2019-10-24,-0.00043282985454507785,0.0,0.0,-0.00043282985454507785,1.044718272569794
2019-10-25,0.006313998564758608,0.0,0.0,0.006313998564758608,1.051314622243377
2019-10-28,0.0018299707065550736,0.46950364059743355,0.0007042554608961503,0.0011257152456589231,1.0524981031416205
2019-10-29,-0.0015394575441237605,0.0,0.0,-0.0015394575441237605,1.0508778269965633
2019-10-30,-0.0020656380578492166,0.0,0.0,-0.0020656380578492166,1.0487070937629692
2019-10-31,0.002151168802828975,0.0,0.0,0.002151168802828975,1.0509630397463776
2019-11-01,0.010193340369422915,0.0,0.0,0.010193340369422915,1.0616758637261958
2019-11-04,0.0005415198654995926,0.4702709541102644,0.0007054064311653966,-0.00016388656566580393,1.0615018693150395
2019-11-05,-0.0013840924935928055,0.0,0.0,-0.0013840924935928055,1.060032652545786
2019-11-06,-0.007208433249529231,0.0,0.0,-0.007208433249529231,1.0523914779275882
2019-11-07,0.0027611062851892344,0.0,0.0,0.0027611062851892344,1.0552972426517737
2019-11-08,-0.007082732329859067,0.0,0.0,-0.007082732329859067,1.0478228547536328
2019-11-11,-0.007035974835392804,1.133301281377678,0.001699951922066517,-0.00873592675745932,1.0386691510397132
2019-11-12,0.0010842858823364426,0.0,0.0,0.0010842858823364426,1.0397953653366039
2019-11-13,0.002786944869582245,0.0,0.0,0.002786944869582245,1.0426932176954442
2019-11-14,0.004090296583019452,0.0,0.0,0.004090296583019452,1.0469581422009213
2019-11-15,-0.002454783597726894,0.0,0.0,-0.002454783597726894,1.0443880865259398
2019-11-18,0.005863793685177593,0.35759965414279066,0.0005363994812141859,0.005327394203963407,1.0499519535647865
2019-11-19,0.0081532257341636,0.0,0.0,0.0081532257341636,1.0585124488522264
2019-11-20,-0.006173967677964725,0.0,0.0,-0.006173967677964725,1.0519772272062895
2019-11-21,-0.005465466127648592,0.0,0.0,-0.005465466127648592,1.0462276813039357
2019-11-22,-0.0052357105673433045,0.0,0.0,-0.0052357105673433045,1.0407499359770855
2019-11-25,0.001218694578726604,0.4164304879871398,0.0006246457319807097,0.0005940488467458942,1.0413681922763036
2019-11-26,0.005951643032592198,0.0,0.0,0.005951643032592198,1.0475660440222279
2019-11-27,9.417725609423271e-05,0.0,0.0,9.417725609423271e-05,1.0476647009178315
2019-11-28,0.002335160063228941,0.0,0.0,0.002335160063228941,1.0501111656870694
2019-11-29,-0.004189903946439644,0.0,0.0,-0.004189903946439644,1.0457113007697567
2019-12-02,0.00464508060756387,0.49624843603675567,0.0007443726540551335,0.0039007079535087366,1.0497903151577432
2019-12-03,-0.005221381966378957,0.0,0.0,-0.005221381966378957,1.0443089589376993
2019-12-04,-0.0045519022787273815,0.0,0.0,-0.0045519022787273815,1.0395553666078154
2019-12-05,0.00303284398680922,0.0,0.0,0.00303284398680922,1.0427081758503873
2019-12-06,0.002896473321044779,0.0,0.0,0.002896473321044779,1.0457283522633734
2019-12-09,0.002806481221679891,0.29369649117583835,0.0004405447367637575,0.0023659364849161336,1.0482024791253046
2019-12-10,-0.0003669750777239388,0.0,0.0,-0.0003669750777239388,1.0478178149390571
2019-12-11,-0.0012989585556044878,0.0,0.0,-0.0012989585556044878,1.0464567430236273
2019-12-12,0.004436803820848547,0.0,0.0,0.004436803820848547,1.0510996662994274
2019-12-13,0.006981038613531245,0.0,0.0,0.006981038613531245,1.0584374336565334
2019-12-16,0.003375750825281107,0.010632721374677995,1.594908206201699e-05,0.0033598017432190904,1.061993573591221
2019-12-17,0.005858028740652173,0.0,0.0,0.005858028740652173,1.0682147624677063
2019-12-18,-0.003343587582428384,0.0,0.0,-0.003343587582428384,1.0646430928525525
2019-12-19,-0.0009535161655097636,0.0,0.0,-0.0009535161655097636,1.0636279384530194
2019-12-20,0.0028356326401588767,0.0,0.0,0.0028356326401588767,1.0666439965522816
2019-12-23,-0.003905732109672103,0.7547682693366217,0.0011321524040049326,-0.005037884513677035,1.0612703672804442
2019-12-24,0.004988251523068448,0.0,0.0,0.004988251523068448,1.0665642508064181
2019-12-25,-0.001838014112974292,0.0,0.0,-0.001838014112974292,1.0646038906610422
2019-12-26,0.005632275870467747,0.0,0.0,0.005632275870467747,1.0706000334660184
2019-12-27,0.0024230403492881024,0.0,0.0,0.0024230403492881024,1.0731941405450558
2019-12-30,6.840356473515705e-05,0.38964008092807234,0.0005844601213921086,-0.0005160565566569515,1.0726403116722616
2019-12-31,-0.002843167836334922,0.0,0.0,-0.002843167836334922,1.069590615238159
2020-01-02,0.010923726167927493,0.0,0.0,0.010923726167927493,1.0812745302308058
2020-01-03,0.002983304821142299,0.0,0.0,0.002983304821142299,1.0845003017498216
2020-01-06,-0.00891164371180415,0.370088829273036,0.000555133243909554,-0.009466776955713704,1.0742335792847517
2020-01-07,0.006682372348743802,0.0,0.0,0.006682372348743802,1.081412008051056
2020-01-08,-0.007628208810140386,0.0,0.0,-0.007628208810140386,1.0731627714438494
2020-01-09,0.012354445824663591,0.0,0.0,0.012354445824663591,1.0864211027646984
2020-01-10,0.008857416537225214,0.0,0.0,0.008857416537225214,1.096043987006717
2020-01-13,0.005977538988107632,0.49420610460725123,0.0007413091569108769,0.005236229831196756,1.1017831252277852
2020-01-14,-0.0012960356130676952,0.0,0.0,-0.0012960356130676952,1.100355175059613
2020-01-15,6.135413130915475e-05,0.0,0.0,6.135413130915475e-05,1.1004226863955104
2020-01-16,0.0010399489942472403,0.0,0.0,0.0010399489942472403,1.1015670698614743
2020-01-17,0.002588544218465408,0.0,0.0,0.002588544218465408,1.1044185249314162
2020-01-20,0.004317954829962587,0.0172015617854486,2.5802342678172898e-05,0.004292152487284414,1.1091588576502034
2020-01-21,-0.009366484703835276,0.0,0.0,-0.009366484703835276,1.0987699381758993
2020-01-22,0.009238754649351373,0.0,0.0,0.009238754649351373,1.1089212040507894
2020-01-23,-0.012705772788214482,0.0,0.0,-0.012705772788214482,1.0948315031920868
2020-02-03,-0.03599425406781396,0.7671591162138143,0.0011507386743207213,-0.03714499274213468,1.0541639949521564
2020-02-04,0.02850526637459583,0.0,0.0,0.02850526637459583,1.0842132204307757
2020-02-05,0.017919049382528626,0.0,0.0,0.017919049382528626,1.103641290668865
2020-02-06,0.019073906140141157,0.0,0.0,0.019073906140141157,1.1246920410594674
2020-02-07,0.002385642719574252,0.0,0.0,0.002385642719574252,1.127375154438984
2020-02-10,0.0026424719980329813,0.4705409957412067,0.0007058114936118102,0.0019366605044211713,1.1295584973742516
2020-02-11,0.007154107304173757,0.0,0.0,0.007154107304173757,1.137639480070808
2020-02-12,0.01245545806893602,0.0,0.0,0.01245545806893602,1.1518093009123962
2020-02-13,0.017975775735840884,0.0,0.0,0.017975775735840884,1.1725139665960531
2020-02-14,-0.01794235419836334,0.0,0.0,-0.01794235419836334,1.1514763057048587
2020-02-17,0.013067725297988463,0.5483531887976913,0.000822529783196537,0.012245195514791925,1.1655763581988652
2020-02-18,-0.004467639615357089,0.0,0.0,-0.004467639615357089,1.1603689830862522
2020-02-19,-0.009007486240246698,0.0,0.0,-0.009007486240246698,1.1499169754374938
2020-02-20,0.010447826713399154,0.0,0.0,0.010447826713399154,1.1619311087316608
2020-02-21,0.0006538261434417677,0.0,0.0,0.0006538261434417677,1.1626908096674278
2020-02-24,0.013740287650810097,0.8332163510357277,0.0012498245265535916,0.012490463124256505,1.1772133563504907
2020-02-25,-0.005836189396907909,0.0,0.0,-0.005836189396907909,1.1703429162422596
2020-02-26,-0.01010318985255855,0.0,0.0,-0.01010318985255855,1.1585187195668671
2020-02-27,0.001206207697308473,0.0,0.0,0.001206207697308473,1.1599161337638846
2020-02-28,-0.021127452497103766,0.0,0.0,-0.021127452497103766,1.1354100607471638
2020-03-02,-0.0007053202240949515,0.4234388250536331,0.0006351582375804496,-0.001340478461675401,1.1338880680155627
2020-03-03,0.005494567536907248,0.0,0.0,0.005494567536907248,1.1401182925845676
2020-03-04,0.008028956259532672,0.0,0.0,0.008028956259532672,1.149272252486422
2020-03-05,0.003995881425816057,0.0,0.0,0.003995881425816057,1.1538646081333384
2020-03-06,0.006959648366492504,0.0,0.0,0.006959648366492504,1.161895100068487
2020-03-09,-0.01741262921411707,0.49954589910759345,0.0007493188486613902,-0.01816194806277846,1.1407928216066463
2020-03-10,0.006896993760774772,0.0,0.0,0.006896993760774772,1.148660862579604
2020-03-11,-0.004747497744332323,0.0,0.0,-0.004747497744332323,1.1432075977255045
2020-03-12,-0.011520487952779225,0.0,0.0,-0.011520487952779225,1.130037288368382
2020-03-13,-0.009103366872947343,0.0,0.0,-0.009103366872947343,1.1197501443522542
2020-03-16,-0.028978807890860533,0.5064898895383659,0.0007597348343075489,-0.02973854272516808,1.0864504068429215
2020-03-17,-0.01690430234227073,0.0,0.0,-0.01690430234227073,1.0680847206857658
2020-03-18,0.003780150893474961,0.0,0.0,0.003780150893474961,1.072122242096973
2020-03-19,-0.00023039712315912225,0.0,0.0,-0.00023039712315912225,1.071875228216719
2020-03-20,0.0079556045817266,0.0,0.0,0.0079556045817266,1.0804026436933591
2020-03-23,-0.02431714113547006,0.8020702639146025,0.0012031053958719037,-0.025520246531341963,1.052830501873191
2020-03-24,0.0,0.9999999999999998,0.0014999999999999996,-0.0014999999999999996,1.0512512561203813
2020-03-25,0.0,0.0,0.0,0.0,1.0512512561203813
2020-03-26,0.0,0.0,0.0,0.0,1.0512512561203813
2020-03-27,0.0,0.0,0.0,0.0,1.0512512561203813
2020-03-30,0.0,0.0,0.0,0.0,1.0512512561203813
2020-03-31,0.0,0.0,0.0,0.0,1.0512512561203813
2020-04-01,0.0,0.0,0.0,0.0,1.0512512561203813
2020-04-02,0.0,0.0,0.0,0.0,1.0512512561203813
2020-04-03,0.0,0.0,0.0,0.0,1.0512512561203813
2020-04-07,0.0,0.0,0.0,0.0,1.0512512561203813
2020-04-08,0.0,0.0,0.0,0.0,1.0512512561203813
2020-04-09,0.0,0.0,0.0,0.0,1.0512512561203813
2020-04-10,0.0,0.0,0.0,0.0,1.0512512561203813
2020-04-13,0.0,0.0,0.0,0.0,1.0512512561203813
2020-04-14,0.0,0.0,0.0,0.0,1.0512512561203813
2020-04-15,0.0,0.0,0.0,0.0,1.0512512561203813
2020-04-16,0.0,0.0,0.0,0.0,1.0512512561203813
2020-04-17,0.0,0.0,0.0,0.0,1.0512512561203813
2020-04-20,0.0,0.0,0.0,0.0,1.0512512561203813
2020-04-21,0.0,0.0,0.0,0.0,1.0512512561203813
2020-04-22,0.0,0.0,0.0,0.0,1.0512512561203813
2020-04-23,0.0,0.0,0.0,0.0,1.0512512561203813
2020-04-24,0.0,0.0,0.0,0.0,1.0512512561203813
2020-04-27,0.0,0.0,0.0,0.0,1.0512512561203813
2020-04-28,0.0,0.0,0.0,0.0,1.0512512561203813
2020-04-29,0.0,0.0,0.0,0.0,1.0512512561203813
2020-04-30,0.0,0.0,0.0,0.0,1.0512512561203813
2020-05-06,0.0,0.0,0.0,0.0,1.0512512561203813
2020-05-07,0.0,0.0,0.0,0.0,1.0512512561203813
2020-05-08,0.0,0.0,0.0,0.0,1.0512512561203813
2020-05-11,0.0,0.0,0.0,0.0,1.0512512561203813
2020-05-12,0.0,0.0,0.0,0.0,1.0512512561203813
2020-05-13,0.0,0.0,0.0,0.0,1.0512512561203813
2020-05-14,0.0,0.0,0.0,0.0,1.0512512561203813
2020-05-15,0.0,0.0,0.0,0.0,1.0512512561203813
2020-05-18,0.0,0.0,0.0,0.0,1.0512512561203813
2020-05-19,0.0,0.0,0.0,0.0,1.0512512561203813
2020-05-20,0.0,0.0,0.0,0.0,1.0512512561203813
2020-05-21,0.0,0.0,0.0,0.0,1.0512512561203813
2020-05-22,0.0,0.0,0.0,0.0,1.0512512561203813
2020-05-25,0.0,0.0,0.0,0.0,1.0512512561203813
2020-05-26,0.0,0.0,0.0,0.0,1.0512512561203813
2020-05-27,0.0,0.0,0.0,0.0,1.0512512561203813
2020-05-28,0.0,0.0,0.0,0.0,1.0512512561203813
2020-05-29,0.0,0.0,0.0,0.0,1.0512512561203813
2020-06-01,0.0,0.0,0.0,0.0,1.0512512561203813
2020-06-02,0.0,0.0,0.0,0.0,1.0512512561203813
2020-06-03,0.0,0.0,0.0,0.0,1.0512512561203813
2020-06-04,0.0,0.0,0.0,0.0,1.0512512561203813
2020-06-05,0.0,0.0,0.0,0.0,1.0512512561203813
2020-06-08,0.0,0.0,0.0,0.0,1.0512512561203813
2020-06-09,0.0,0.0,0.0,0.0,1.0512512561203813
2020-06-10,0.0,0.0,0.0,0.0,1.0512512561203813
2020-06-11,0.0,0.0,0.0,0.0,1.0512512561203813
2020-06-12,0.0,0.0,0.0,0.0,1.0512512561203813
2020-06-15,0.0,0.0,0.0,0.0,1.0512512561203813
2020-06-16,0.0,0.0,0.0,0.0,1.0512512561203813
2020-06-17,0.0,0.0,0.0,0.0,1.0512512561203813
2020-06-18,0.0,0.0,0.0,0.0,1.0512512561203813
2020-06-19,0.0,0.0,0.0,0.0,1.0512512561203813
2020-06-22,0.0,0.0,0.0,0.0,1.0512512561203813
2020-06-23,0.0,0.0,0.0,0.0,1.0512512561203813
2020-06-24,0.0,0.0,0.0,0.0,1.0512512561203813
2020-06-29,0.0,0.0,0.0,0.0,1.0512512561203813
2020-06-30,0.0,0.0,0.0,0.0,1.0512512561203813
2020-07-01,0.0,0.0,0.0,0.0,1.0512512561203813
2020-07-02,0.0,0.0,0.0,0.0,1.0512512561203813
2020-07-03,0.0,0.0,0.0,0.0,1.0512512561203813
2020-07-06,0.0,0.0,0.0,0.0,1.0512512561203813
2020-07-07,0.0,0.0,0.0,0.0,1.0512512561203813
2020-07-08,0.0,0.0,0.0,0.0,1.0512512561203813
2020-07-09,0.0,0.0,0.0,0.0,1.0512512561203813
2020-07-10,0.0,0.0,0.0,0.0,1.0512512561203813
2020-07-13,0.0,0.0,0.0,0.0,1.0512512561203813
2020-07-14,0.0,0.0,0.0,0.0,1.0512512561203813
2020-07-15,0.0,0.0,0.0,0.0,1.0512512561203813
2020-07-16,0.0,0.0,0.0,0.0,1.0512512561203813
2020-07-17,0.0,0.0,0.0,0.0,1.0512512561203813
2020-07-20,0.0,0.0,0.0,0.0,1.0512512561203813
2020-07-21,0.0,0.0,0.0,0.0,1.0512512561203813
2020-07-22,0.0,0.0,0.0,0.0,1.0512512561203813
2020-07-23,0.0,0.0,0.0,0.0,1.0512512561203813
2020-07-24,0.0,0.0,0.0,0.0,1.0512512561203813
2020-07-27,0.0,0.0,0.0,0.0,1.0512512561203813
2020-07-28,0.0,0.0,0.0,0.0,1.0512512561203813
2020-07-29,0.0,0.0,0.0,0.0,1.0512512561203813
2020-07-30,0.0,0.0,0.0,0.0,1.0512512561203813
2020-07-31,0.0,0.0,0.0,0.0,1.0512512561203813
2020-08-03,0.0,0.0,0.0,0.0,1.0512512561203813
2020-08-04,0.0,0.0,0.0,0.0,1.0512512561203813
2020-08-05,0.0,0.0,0.0,0.0,1.0512512561203813
2020-08-06,0.0,0.0,0.0,0.0,1.0512512561203813
2020-08-07,0.0,0.0,0.0,0.0,1.0512512561203813
2020-08-10,0.0,0.0,0.0,0.0,1.0512512561203813
2020-08-11,0.0,0.0,0.0,0.0,1.0512512561203813
2020-08-12,0.0,0.0,0.0,0.0,1.0512512561203813
2020-08-13,0.0,0.0,0.0,0.0,1.0512512561203813
2020-08-14,0.0,0.0,0.0,0.0,1.0512512561203813
2020-08-17,0.0,0.0,0.0,0.0,1.0512512561203813
2020-08-18,0.0,0.0,0.0,0.0,1.0512512561203813
2020-08-19,0.0,0.0,0.0,0.0,1.0512512561203813
2020-08-20,0.0,0.0,0.0,0.0,1.0512512561203813
2020-08-21,0.0,0.0,0.0,0.0,1.0512512561203813
2020-08-24,0.0,0.0,0.0,0.0,1.0512512561203813
2020-08-25,0.0,0.0,0.0,0.0,1.0512512561203813
2020-08-26,0.0,0.0,0.0,0.0,1.0512512561203813
2020-08-27,0.0,0.0,0.0,0.0,1.0512512561203813
2020-08-28,0.0,0.0,0.0,0.0,1.0512512561203813
2020-08-31,0.0,0.0,0.0,0.0,1.0512512561203813
2020-09-01,0.0,0.0,0.0,0.0,1.0512512561203813
2020-09-02,0.0,0.0,0.0,0.0,1.0512512561203813
2020-09-03,0.0,0.0,0.0,0.0,1.0512512561203813
2020-09-04,0.0,0.0,0.0,0.0,1.0512512561203813
2020-09-07,0.0,0.0,0.0,0.0,1.0512512561203813
2020-09-08,0.0,0.0,0.0,0.0,1.0512512561203813
2020-09-09,0.0,0.0,0.0,0.0,1.0512512561203813
2020-09-10,0.0,0.0,0.0,0.0,1.0512512561203813
2020-09-11,0.0,0.0,0.0,0.0,1.0512512561203813
2020-09-14,0.0,0.0,0.0,0.0,1.0512512561203813
2020-09-15,0.0,0.0,0.0,0.0,1.0512512561203813
2020-09-16,0.0,0.0,0.0,0.0,1.0512512561203813
2020-09-17,0.0,0.0,0.0,0.0,1.0512512561203813
2020-09-18,0.0,0.0,0.0,0.0,1.0512512561203813
2020-09-21,0.0,0.0,0.0,0.0,1.0512512561203813
2020-09-22,0.0,0.0,0.0,0.0,1.0512512561203813
2020-09-23,0.0,0.0,0.0,0.0,1.0512512561203813
2020-09-24,0.0,0.0,0.0,0.0,1.0512512561203813
2020-09-25,0.0,0.0,0.0,0.0,1.0512512561203813
2020-09-28,0.0,0.0,0.0,0.0,1.0512512561203813
2020-09-29,0.0,0.0,0.0,0.0,1.0512512561203813
2020-09-30,0.0,0.0,0.0,0.0,1.0512512561203813
2020-10-09,0.0,0.0,0.0,0.0,1.0512512561203813
2020-10-12,0.0,0.0,0.0,0.0,1.0512512561203813
2020-10-13,0.0,0.0,0.0,0.0,1.0512512561203813
2020-10-14,0.0,0.0,0.0,0.0,1.0512512561203813
2020-10-15,0.0,0.0,0.0,0.0,1.0512512561203813
2020-10-16,0.0,0.0,0.0,0.0,1.0512512561203813
2020-10-19,0.0,0.0,0.0,0.0,1.0512512561203813
2020-10-20,0.0,0.0,0.0,0.0,1.0512512561203813
2020-10-21,0.0,0.0,0.0,0.0,1.0512512561203813
2020-10-22,0.0,0.0,0.0,0.0,1.0512512561203813
2020-10-23,0.0,0.0,0.0,0.0,1.0512512561203813
2020-10-26,0.0,0.0,0.0,0.0,1.0512512561203813
2020-10-27,0.0,0.0,0.0,0.0,1.0512512561203813
2020-10-28,0.0,0.0,0.0,0.0,1.0512512561203813
2020-10-29,0.0,0.0,0.0,0.0,1.0512512561203813
2020-10-30,0.0,0.0,0.0,0.0,1.0512512561203813
2020-11-02,0.0,0.0,0.0,0.0,1.0512512561203813
2020-11-03,0.0,0.0,0.0,0.0,1.0512512561203813
2020-11-04,0.0,0.0,0.0,0.0,1.0512512561203813
2020-11-05,0.0,0.0,0.0,0.0,1.0512512561203813
2020-11-06,0.0,0.0,0.0,0.0,1.0512512561203813
2020-11-09,0.0,0.0,0.0,0.0,1.0512512561203813
2020-11-10,0.0,0.0,0.0,0.0,1.0512512561203813
2020-11-11,0.0,0.0,0.0,0.0,1.0512512561203813
2020-11-12,0.0,0.0,0.0,0.0,1.0512512561203813
2020-11-13,0.0,0.0,0.0,0.0,1.0512512561203813
2020-11-16,0.0,0.0,0.0,0.0,1.0512512561203813
2020-11-17,0.0,0.0,0.0,0.0,1.0512512561203813
2020-11-18,0.0,0.0,0.0,0.0,1.0512512561203813
2020-11-19,0.0,0.0,0.0,0.0,1.0512512561203813
2020-11-20,0.0,0.0,0.0,0.0,1.0512512561203813
2020-11-23,0.0,0.0,0.0,0.0,1.0512512561203813
2020-11-24,0.0,0.0,0.0,0.0,1.0512512561203813
2020-11-25,0.0,0.0,0.0,0.0,1.0512512561203813
2020-11-26,0.0,0.0,0.0,0.0,1.0512512561203813
2020-11-27,0.0,0.0,0.0,0.0,1.0512512561203813
2020-11-30,0.0,0.0,0.0,0.0,1.0512512561203813
2020-12-01,0.0,0.0,0.0,0.0,1.0512512561203813
2020-12-02,0.0,0.0,0.0,0.0,1.0512512561203813
2020-12-03,0.0,0.0,0.0,0.0,1.0512512561203813
2020-12-04,0.0,0.0,0.0,0.0,1.0512512561203813
2020-12-07,0.0,0.0,0.0,0.0,1.0512512561203813
2020-12-08,0.0,0.0,0.0,0.0,1.0512512561203813
2020-12-09,0.0,0.0,0.0,0.0,1.0512512561203813
2020-12-10,0.0,0.0,0.0,0.0,1.0512512561203813
2020-12-11,0.0,0.0,0.0,0.0,1.0512512561203813
2020-12-14,0.0,0.0,0.0,0.0,1.0512512561203813
2020-12-15,0.0,0.0,0.0,0.0,1.0512512561203813
2020-12-16,0.0,0.0,0.0,0.0,1.0512512561203813
2020-12-17,0.0,0.0,0.0,0.0,1.0512512561203813
2020-12-18,0.0,0.0,0.0,0.0,1.0512512561203813
2020-12-21,0.0,0.0,0.0,0.0,1.0512512561203813
2020-12-22,0.0,0.0,0.0,0.0,1.0512512561203813
2020-12-23,0.0,0.0,0.0,0.0,1.0512512561203813
2020-12-24,0.0,0.0,0.0,0.0,1.0512512561203813
2020-12-25,0.0,0.0,0.0,0.0,1.0512512561203813
2020-12-28,0.0,0.0,0.0,0.0,1.0512512561203813
2020-12-29,0.0,0.0,0.0,0.0,1.0512512561203813
2020-12-30,0.0,0.0,0.0,0.0,1.0512512561203813
2020-12-31,0.0,0.0,0.0,0.0,1.0512512561203813
2021-01-04,0.0,0.0,0.0,0.0,1.0512512561203813
2021-01-05,0.0,0.0,0.0,0.0,1.0512512561203813
2021-01-06,0.0,0.0,0.0,0.0,1.0512512561203813
2021-01-07,0.0,0.0,0.0,0.0,1.0512512561203813
2021-01-08,0.0,0.0,0.0,0.0,1.0512512561203813
2021-01-11,0.0,0.0,0.0,0.0,1.0512512561203813
2021-01-12,0.0,0.0,0.0,0.0,1.0512512561203813
2021-01-13,0.0,0.0,0.0,0.0,1.0512512561203813
2021-01-14,0.0,0.0,0.0,0.0,1.0512512561203813
2021-01-15,0.0,0.0,0.0,0.0,1.0512512561203813
2021-01-18,0.0,0.0,0.0,0.0,1.0512512561203813
2021-01-19,0.0,0.0,0.0,0.0,1.0512512561203813
2021-01-20,0.0,0.0,0.0,0.0,1.0512512561203813
2021-01-21,0.0,0.0,0.0,0.0,1.0512512561203813
2021-01-22,0.0,0.0,0.0,0.0,1.0512512561203813
2021-01-25,0.0,0.0,0.0,0.0,1.0512512561203813
2021-01-26,0.0,0.0,0.0,0.0,1.0512512561203813
2021-01-27,0.0,0.0,0.0,0.0,1.0512512561203813
2021-01-28,0.0,0.0,0.0,0.0,1.0512512561203813
2021-01-29,0.0,0.0,0.0,0.0,1.0512512561203813
2021-02-01,0.0,0.0,0.0,0.0,1.0512512561203813
2021-02-02,0.0,0.0,0.0,0.0,1.0512512561203813
2021-02-03,0.0,0.0,0.0,0.0,1.0512512561203813
2021-02-04,0.0,0.0,0.0,0.0,1.0512512561203813
2021-02-05,0.0,0.0,0.0,0.0,1.0512512561203813
2021-02-08,0.0,0.0,0.0,0.0,1.0512512561203813
2021-02-09,0.0,0.0,0.0,0.0,1.0512512561203813
2021-02-10,0.0,0.0,0.0,0.0,1.0512512561203813
2021-02-18,0.0,0.0,0.0,0.0,1.0512512561203813
2021-02-19,0.0,0.0,0.0,0.0,1.0512512561203813
2021-02-22,0.0,0.0,0.0,0.0,1.0512512561203813
2021-02-23,0.0,0.0,0.0,0.0,1.0512512561203813
2021-02-24,0.0,0.0,0.0,0.0,1.0512512561203813
2021-02-25,0.0,0.0,0.0,0.0,1.0512512561203813
2021-02-26,0.0,0.0,0.0,0.0,1.0512512561203813
2021-03-01,0.0,0.0,0.0,0.0,1.0512512561203813
2021-03-02,0.0,0.0,0.0,0.0,1.0512512561203813
2021-03-03,0.0,0.0,0.0,0.0,1.0512512561203813
2021-03-04,0.0,0.0,0.0,0.0,1.0512512561203813
2021-03-05,0.0,0.0,0.0,0.0,1.0512512561203813
2021-03-08,0.0,0.0,0.0,0.0,1.0512512561203813
2021-03-09,0.0,0.0,0.0,0.0,1.0512512561203813
2021-03-10,0.0,0.0,0.0,0.0,1.0512512561203813
2021-03-11,0.0,0.0,0.0,0.0,1.0512512561203813
2021-03-12,0.0,0.0,0.0,0.0,1.0512512561203813
2021-03-15,0.0,0.0,0.0,0.0,1.0512512561203813
2021-03-16,0.0,0.0,0.0,0.0,1.0512512561203813
2021-03-17,0.0,0.0,0.0,0.0,1.0512512561203813
2021-03-18,0.0,0.0,0.0,0.0,1.0512512561203813
2021-03-19,0.0,0.0,0.0,0.0,1.0512512561203813
2021-03-22,0.0,0.0,0.0,0.0,1.0512512561203813
2021-03-23,0.0,0.0,0.0,0.0,1.0512512561203813
2021-03-24,0.0,0.0,0.0,0.0,1.0512512561203813
2021-03-25,0.0,0.0,0.0,0.0,1.0512512561203813
2021-03-26,0.0,0.0,0.0,0.0,1.0512512561203813
2021-03-29,0.0,0.0,0.0,0.0,1.0512512561203813
2021-03-30,0.0,0.0,0.0,0.0,1.0512512561203813
2021-03-31,0.0,0.0,0.0,0.0,1.0512512561203813
2021-04-01,0.0,0.0,0.0,0.0,1.0512512561203813
2021-04-02,0.0,0.0,0.0,0.0,1.0512512561203813
2021-04-06,0.0,0.0,0.0,0.0,1.0512512561203813
2021-04-07,0.0,0.0,0.0,0.0,1.0512512561203813
2021-04-08,0.0,0.0,0.0,0.0,1.0512512561203813
2021-04-09,0.0,0.0,0.0,0.0,1.0512512561203813
2021-04-12,0.0,0.0,0.0,0.0,1.0512512561203813
2021-04-13,0.0,0.0,0.0,0.0,1.0512512561203813
2021-04-14,0.0,0.0,0.0,0.0,1.0512512561203813
2021-04-15,0.0,0.0,0.0,0.0,1.0512512561203813
2021-04-16,0.0,0.0,0.0,0.0,1.0512512561203813
2021-04-19,0.0,0.0,0.0,0.0,1.0512512561203813
2021-04-20,0.0,0.0,0.0,0.0,1.0512512561203813
2021-04-21,0.0,0.0,0.0,0.0,1.0512512561203813
2021-04-22,0.0,0.0,0.0,0.0,1.0512512561203813
2021-04-23,0.0,0.0,0.0,0.0,1.0512512561203813
2021-04-26,0.0,0.0,0.0,0.0,1.0512512561203813
2021-04-27,0.0,0.0,0.0,0.0,1.0512512561203813
2021-04-28,0.0,0.0,0.0,0.0,1.0512512561203813
2021-04-29,0.0,0.0,0.0,0.0,1.0512512561203813
2021-04-30,0.0,0.0,0.0,0.0,1.0512512561203813
2021-05-06,0.0,0.0,0.0,0.0,1.0512512561203813
2021-05-07,0.0,0.0,0.0,0.0,1.0512512561203813
2021-05-10,0.0,0.0,0.0,0.0,1.0512512561203813
2021-05-11,0.0,0.0,0.0,0.0,1.0512512561203813
2021-05-12,0.0,0.0,0.0,0.0,1.0512512561203813
2021-05-13,0.0,0.0,0.0,0.0,1.0512512561203813
2021-05-14,0.0,0.0,0.0,0.0,1.0512512561203813
2021-05-17,0.0,0.0,0.0,0.0,1.0512512561203813
2021-05-18,0.0,0.0,0.0,0.0,1.0512512561203813
2021-05-19,0.0,0.0,0.0,0.0,1.0512512561203813
2021-05-20,0.0,0.0,0.0,0.0,1.0512512561203813
2021-05-21,0.0,0.0,0.0,0.0,1.0512512561203813
2021-05-24,0.0,0.0,0.0,0.0,1.0512512561203813
2021-05-25,0.0,0.0,0.0,0.0,1.0512512561203813
2021-05-26,0.0,0.0,0.0,0.0,1.0512512561203813
2021-05-27,0.0,0.0,0.0,0.0,1.0512512561203813
2021-05-28,0.0,0.0,0.0,0.0,1.0512512561203813
2021-05-31,0.0,0.0,0.0,0.0,1.0512512561203813
2021-06-01,0.0,0.0,0.0,0.0,1.0512512561203813
2021-06-02,0.0,0.0,0.0,0.0,1.0512512561203813
2021-06-03,0.0,0.0,0.0,0.0,1.0512512561203813
2021-06-04,0.0,0.0,0.0,0.0,1.0512512561203813
2021-06-07,0.0,0.0,0.0,0.0,1.0512512561203813
2021-06-08,0.0,0.0,0.0,0.0,1.0512512561203813
2021-06-09,0.0,0.0,0.0,0.0,1.0512512561203813
2021-06-10,0.0,0.0,0.0,0.0,1.0512512561203813
2021-06-11,0.0,0.0,0.0,0.0,1.0512512561203813
2021-06-15,0.0,0.0,0.0,0.0,1.0512512561203813
2021-06-16,0.0,0.0,0.0,0.0,1.0512512561203813
2021-06-17,0.0,0.0,0.0,0.0,1.0512512561203813
2021-06-18,0.0,0.0,0.0,0.0,1.0512512561203813
2021-06-21,0.0,0.0,0.0,0.0,1.0512512561203813
2021-06-22,0.0,0.0,0.0,0.0,1.0512512561203813
2021-06-23,0.0,0.0,0.0,0.0,1.0512512561203813
2021-06-24,0.0,0.0,0.0,0.0,1.0512512561203813
2021-06-25,0.0,0.0,0.0,0.0,1.0512512561203813
2021-06-28,0.0,0.0,0.0,0.0,1.0512512561203813
2021-06-29,0.0,0.0,0.0,0.0,1.0512512561203813
2021-06-30,0.0,0.0,0.0,0.0,1.0512512561203813
2021-07-01,0.0,0.0,0.0,0.0,1.0512512561203813
2021-07-02,0.0,0.0,0.0,0.0,1.0512512561203813
2021-07-05,0.0,0.0,0.0,0.0,1.0512512561203813
2021-07-06,0.0,0.0,0.0,0.0,1.0512512561203813
2021-07-07,0.0,0.0,0.0,0.0,1.0512512561203813
2021-07-08,0.0,0.0,0.0,0.0,1.0512512561203813
2021-07-09,0.0,0.0,0.0,0.0,1.0512512561203813
2021-07-12,0.0,0.0,0.0,0.0,1.0512512561203813
2021-07-13,0.0,0.0,0.0,0.0,1.0512512561203813
2021-07-14,0.0,0.0,0.0,0.0,1.0512512561203813
2021-07-15,0.0,0.0,0.0,0.0,1.0512512561203813
2021-07-16,0.0,0.0,0.0,0.0,1.0512512561203813
2021-07-19,0.0,0.0,0.0,0.0,1.0512512561203813
2021-07-20,0.0,0.0,0.0,0.0,1.0512512561203813
2021-07-21,0.0,0.0,0.0,0.0,1.0512512561203813
2021-07-22,0.0,0.0,0.0,0.0,1.0512512561203813
2021-07-23,0.0,0.0,0.0,0.0,1.0512512561203813
2021-07-26,0.0,0.0,0.0,0.0,1.0512512561203813
2021-07-27,0.0,0.0,0.0,0.0,1.0512512561203813
2021-07-28,0.0,0.0,0.0,0.0,1.0512512561203813
2021-07-29,0.0,0.0,0.0,0.0,1.0512512561203813
2021-07-30,0.0,0.0,0.0,0.0,1.0512512561203813
2021-08-02,0.0,0.0,0.0,0.0,1.0512512561203813
2021-08-03,0.0,0.0,0.0,0.0,1.0512512561203813
2021-08-04,0.0,0.0,0.0,0.0,1.0512512561203813
2021-08-05,0.0,0.0,0.0,0.0,1.0512512561203813
2021-08-06,0.0,0.0,0.0,0.0,1.0512512561203813
2021-08-09,0.0,0.0,0.0,0.0,1.0512512561203813
2021-08-10,0.0,0.0,0.0,0.0,1.0512512561203813
2021-08-11,0.0,0.0,0.0,0.0,1.0512512561203813
2021-08-12,0.0,0.0,0.0,0.0,1.0512512561203813
2021-08-13,0.0,0.0,0.0,0.0,1.0512512561203813
2021-08-16,0.0,0.0,0.0,0.0,1.0512512561203813
2021-08-17,0.0,0.0,0.0,0.0,1.0512512561203813
2021-08-18,0.0,0.0,0.0,0.0,1.0512512561203813
2021-08-19,0.0,0.0,0.0,0.0,1.0512512561203813
2021-08-20,0.0,0.0,0.0,0.0,1.0512512561203813
2021-08-23,0.0,0.0,0.0,0.0,1.0512512561203813
2021-08-24,0.0,0.0,0.0,0.0,1.0512512561203813
2021-08-25,0.0,0.0,0.0,0.0,1.0512512561203813
2021-08-26,0.0,0.0,0.0,0.0,1.0512512561203813
2021-08-27,0.0,0.0,0.0,0.0,1.0512512561203813
2021-08-30,0.0,0.0,0.0,0.0,1.0512512561203813
2021-08-31,0.0,0.0,0.0,0.0,1.0512512561203813
2021-09-01,0.0,0.0,0.0,0.0,1.0512512561203813
2021-09-02,0.0,0.0,0.0,0.0,1.0512512561203813
2021-09-03,0.0,0.0,0.0,0.0,1.0512512561203813
2021-09-06,0.0,0.0,0.0,0.0,1.0512512561203813
2021-09-07,0.0,0.0,0.0,0.0,1.0512512561203813
2021-09-08,0.0,0.0,0.0,0.0,1.0512512561203813
2021-09-09,0.0,0.0,0.0,0.0,1.0512512561203813
2021-09-10,0.0,0.0,0.0,0.0,1.0512512561203813
2021-09-13,0.0,0.0,0.0,0.0,1.0512512561203813
2021-09-14,0.0,0.0,0.0,0.0,1.0512512561203813
2021-09-15,0.0,0.0,0.0,0.0,1.0512512561203813
2021-09-16,0.0,0.0,0.0,0.0,1.0512512561203813
2021-09-17,0.0,0.0,0.0,0.0,1.0512512561203813
2021-09-22,0.0,0.0,0.0,0.0,1.0512512561203813
2021-09-23,0.0,0.0,0.0,0.0,1.0512512561203813
2021-09-24,0.0,0.0,0.0,0.0,1.0512512561203813
2021-09-27,0.0,0.0,0.0,0.0,1.0512512561203813
2021-09-28,0.0,0.0,0.0,0.0,1.0512512561203813
2021-09-29,0.0,0.0,0.0,0.0,1.0512512561203813
2021-09-30,0.0,0.0,0.0,0.0,1.0512512561203813
2021-10-08,0.0,0.0,0.0,0.0,1.0512512561203813
2021-10-11,0.0,0.0,0.0,0.0,1.0512512561203813
2021-10-12,0.0,0.0,0.0,0.0,1.0512512561203813
2021-10-13,0.0,0.0,0.0,0.0,1.0512512561203813
2021-10-14,0.0,0.0,0.0,0.0,1.0512512561203813
2021-10-15,0.0,0.0,0.0,0.0,1.0512512561203813
2021-10-18,0.0,0.0,0.0,0.0,1.0512512561203813
2021-10-19,0.0,0.0,0.0,0.0,1.0512512561203813
2021-10-20,0.0,0.0,0.0,0.0,1.0512512561203813
2021-10-21,0.0,0.0,0.0,0.0,1.0512512561203813
2021-10-22,0.0,0.0,0.0,0.0,1.0512512561203813
2021-10-25,0.0,0.0,0.0,0.0,1.0512512561203813
2021-10-26,0.0,0.0,0.0,0.0,1.0512512561203813
2021-10-27,0.0,0.0,0.0,0.0,1.0512512561203813
2021-10-28,0.0,0.0,0.0,0.0,1.0512512561203813
2021-10-29,0.0,0.0,0.0,0.0,1.0512512561203813
2021-11-01,0.0,0.0,0.0,0.0,1.0512512561203813
2021-11-02,0.0,0.0,0.0,0.0,1.0512512561203813
2021-11-03,0.0,0.0,0.0,0.0,1.0512512561203813
2021-11-04,0.0,0.0,0.0,0.0,1.0512512561203813
2021-11-05,0.0,0.0,0.0,0.0,1.0512512561203813
2021-11-08,0.0,0.0,0.0,0.0,1.0512512561203813
2021-11-09,0.0,0.0,0.0,0.0,1.0512512561203813
2021-11-10,0.0,0.0,0.0,0.0,1.0512512561203813
2021-11-11,0.0,0.0,0.0,0.0,1.0512512561203813
2021-11-12,0.0,0.0,0.0,0.0,1.0512512561203813
2021-11-15,0.0,0.0,0.0,0.0,1.0512512561203813
2021-11-16,0.0,0.0,0.0,0.0,1.0512512561203813
2021-11-17,0.0,0.0,0.0,0.0,1.0512512561203813
2021-11-18,0.0,0.0,0.0,0.0,1.0512512561203813
2021-11-19,0.0,0.0,0.0,0.0,1.0512512561203813
2021-11-22,0.0,0.0,0.0,0.0,1.0512512561203813
2021-11-23,0.0,0.0,0.0,0.0,1.0512512561203813
2021-11-24,0.0,0.0,0.0,0.0,1.0512512561203813
2021-11-25,0.0,0.0,0.0,0.0,1.0512512561203813
2021-11-26,0.0,0.0,0.0,0.0,1.0512512561203813
2021-11-29,0.0,0.0,0.0,0.0,1.0512512561203813
2021-11-30,0.0,0.0,0.0,0.0,1.0512512561203813
2021-12-01,0.0,0.0,0.0,0.0,1.0512512561203813
2021-12-02,0.0,0.0,0.0,0.0,1.0512512561203813
2021-12-03,0.0,0.0,0.0,0.0,1.0512512561203813
2021-12-06,0.0,0.0,0.0,0.0,1.0512512561203813
2021-12-07,0.0,0.0,0.0,0.0,1.0512512561203813
2021-12-08,0.0,0.0,0.0,0.0,1.0512512561203813
2021-12-09,0.0,0.0,0.0,0.0,1.0512512561203813
2021-12-10,0.0,0.0,0.0,0.0,1.0512512561203813
2021-12-13,0.0,0.0,0.0,0.0,1.0512512561203813
2021-12-14,0.0,0.0,0.0,0.0,1.0512512561203813
2021-12-15,0.0,0.0,0.0,0.0,1.0512512561203813
2021-12-16,0.0,0.0,0.0,0.0,1.0512512561203813
2021-12-17,0.0,0.0,0.0,0.0,1.0512512561203813
2021-12-20,0.0,0.0,0.0,0.0,1.0512512561203813
2021-12-21,0.0,0.0,0.0,0.0,1.0512512561203813
2021-12-22,0.0,0.0,0.0,0.0,1.0512512561203813
2021-12-23,0.0,0.0,0.0,0.0,1.0512512561203813
2021-12-24,0.0,0.0,0.0,0.0,1.0512512561203813
2021-12-27,0.0,0.0,0.0,0.0,1.0512512561203813
2021-12-28,0.0,0.0,0.0,0.0,1.0512512561203813
2021-12-29,0.0,0.0,0.0,0.0,1.0512512561203813
2021-12-30,0.0,0.0,0.0,0.0,1.0512512561203813
2021-12-31,0.0,0.0,0.0,0.0,1.0512512561203813
2022-01-04,0.0,0.0,0.0,0.0,1.0512512561203813
2022-01-05,0.0,0.0,0.0,0.0,1.0512512561203813
2022-01-06,0.0,0.0,0.0,0.0,1.0512512561203813
2022-01-07,0.0,0.0,0.0,0.0,1.0512512561203813
2022-01-10,0.0,0.0,0.0,0.0,1.0512512561203813
2022-01-11,0.0,0.0,0.0,0.0,1.0512512561203813
2022-01-12,0.0,0.0,0.0,0.0,1.0512512561203813
2022-01-13,0.0,0.0,0.0,0.0,1.0512512561203813
2022-01-14,0.0,0.0,0.0,0.0,1.0512512561203813
2022-01-17,0.0,0.0,0.0,0.0,1.0512512561203813
2022-01-18,0.0,0.0,0.0,0.0,1.0512512561203813
2022-01-19,0.0,0.0,0.0,0.0,1.0512512561203813
2022-01-20,0.0,0.0,0.0,0.0,1.0512512561203813
2022-01-21,0.0,0.0,0.0,0.0,1.0512512561203813
2022-01-24,0.0,0.0,0.0,0.0,1.0512512561203813
2022-01-25,0.0,0.0,0.0,0.0,1.0512512561203813
2022-01-26,0.0,0.0,0.0,0.0,1.0512512561203813
2022-01-27,0.0,0.0,0.0,0.0,1.0512512561203813
2022-01-28,0.0,0.0,0.0,0.0,1.0512512561203813
2022-02-07,0.0,0.0,0.0,0.0,1.0512512561203813
2022-02-08,0.0,0.0,0.0,0.0,1.0512512561203813
2022-02-09,0.0,0.0,0.0,0.0,1.0512512561203813
2022-02-10,0.0,0.0,0.0,0.0,1.0512512561203813
2022-02-11,0.0,0.0,0.0,0.0,1.0512512561203813
2022-02-14,0.0,0.0,0.0,0.0,1.0512512561203813
2022-02-15,0.0,0.0,0.0,0.0,1.0512512561203813
2022-02-16,0.0,0.0,0.0,0.0,1.0512512561203813
2022-02-17,0.0,0.0,0.0,0.0,1.0512512561203813
2022-02-18,0.0,0.0,0.0,0.0,1.0512512561203813
2022-02-21,0.0,0.0,0.0,0.0,1.0512512561203813
2022-02-22,0.0,0.0,0.0,0.0,1.0512512561203813
2022-02-23,0.0,0.0,0.0,0.0,1.0512512561203813
2022-02-24,0.0,0.0,0.0,0.0,1.0512512561203813
2022-02-25,0.0,0.0,0.0,0.0,1.0512512561203813
2022-02-28,0.0,0.0,0.0,0.0,1.0512512561203813
2022-03-01,0.0,0.0,0.0,0.0,1.0512512561203813
2022-03-02,0.0,0.0,0.0,0.0,1.0512512561203813
2022-03-03,0.0,0.0,0.0,0.0,1.0512512561203813
2022-03-04,0.0,0.0,0.0,0.0,1.0512512561203813
2022-03-07,0.0,0.0,0.0,0.0,1.0512512561203813
2022-03-08,0.0,0.0,0.0,0.0,1.0512512561203813
2022-03-09,0.0,0.0,0.0,0.0,1.0512512561203813
2022-03-10,0.0,0.0,0.0,0.0,1.0512512561203813
2022-03-11,0.0,0.0,0.0,0.0,1.0512512561203813
2022-03-14,0.0,0.0,0.0,0.0,1.0512512561203813
2022-03-15,0.0,0.0,0.0,0.0,1.0512512561203813
2022-03-16,0.0,0.0,0.0,0.0,1.0512512561203813
2022-03-17,0.0,0.0,0.0,0.0,1.0512512561203813
2022-03-18,0.0,0.0,0.0,0.0,1.0512512561203813
2022-03-21,0.0,0.0,0.0,0.0,1.0512512561203813
2022-03-22,0.0,0.0,0.0,0.0,1.0512512561203813
2022-03-23,0.0,0.0,0.0,0.0,1.0512512561203813
2022-03-24,0.0,0.0,0.0,0.0,1.0512512561203813
2022-03-25,0.0,0.0,0.0,0.0,1.0512512561203813
2022-03-28,0.0,0.0,0.0,0.0,1.0512512561203813
2022-03-29,0.0,0.0,0.0,0.0,1.0512512561203813
2022-03-30,0.0,0.0,0.0,0.0,1.0512512561203813
2022-03-31,0.0,0.0,0.0,0.0,1.0512512561203813
2022-04-01,0.0,0.0,0.0,0.0,1.0512512561203813
2022-04-06,0.0,0.0,0.0,0.0,1.0512512561203813
2022-04-07,0.0,0.0,0.0,0.0,1.0512512561203813
2022-04-08,0.0,0.0,0.0,0.0,1.0512512561203813
2022-04-11,0.0,0.0,0.0,0.0,1.0512512561203813
2022-04-12,0.0,0.0,0.0,0.0,1.0512512561203813
2022-04-13,0.0,0.0,0.0,0.0,1.0512512561203813
2022-04-14,0.0,0.0,0.0,0.0,1.0512512561203813
2022-04-15,0.0,0.0,0.0,0.0,1.0512512561203813
2022-04-18,0.0,0.0,0.0,0.0,1.0512512561203813
2022-04-19,0.0,0.0,0.0,0.0,1.0512512561203813
2022-04-20,0.0,0.0,0.0,0.0,1.0512512561203813
2022-04-21,0.0,0.0,0.0,0.0,1.0512512561203813
2022-04-22,0.0,0.0,0.0,0.0,1.0512512561203813
2022-04-25,0.0,0.0,0.0,0.0,1.0512512561203813
2022-04-26,0.0,0.0,0.0,0.0,1.0512512561203813
2022-04-27,0.0,0.0,0.0,0.0,1.0512512561203813
2022-04-28,0.0,0.0,0.0,0.0,1.0512512561203813
2022-04-29,0.0,0.0,0.0,0.0,1.0512512561203813
2022-05-05,0.0,0.0,0.0,0.0,1.0512512561203813
2022-05-06,0.0,0.0,0.0,0.0,1.0512512561203813
2022-05-09,0.0,0.0,0.0,0.0,1.0512512561203813
2022-05-10,0.0,0.0,0.0,0.0,1.0512512561203813
2022-05-11,0.0,0.0,0.0,0.0,1.0512512561203813
2022-05-12,0.0,0.0,0.0,0.0,1.0512512561203813
2022-05-13,0.0,0.0,0.0,0.0,1.0512512561203813
2022-05-16,0.0,0.0,0.0,0.0,1.0512512561203813
2022-05-17,0.0,0.0,0.0,0.0,1.0512512561203813
2022-05-18,0.0,0.0,0.0,0.0,1.0512512561203813
2022-05-19,0.0,0.0,0.0,0.0,1.0512512561203813
2022-05-20,0.0,0.0,0.0,0.0,1.0512512561203813
2022-05-23,0.0,0.0,0.0,0.0,1.0512512561203813
2022-05-24,0.0,0.0,0.0,0.0,1.0512512561203813
2022-05-25,0.0,0.0,0.0,0.0,1.0512512561203813
2022-05-26,0.0,0.0,0.0,0.0,1.0512512561203813
2022-05-27,0.0,0.0,0.0,0.0,1.0512512561203813
2022-05-30,0.0,0.0,0.0,0.0,1.0512512561203813
2022-05-31,0.0,0.0,0.0,0.0,1.0512512561203813
2022-06-01,0.0,0.0,0.0,0.0,1.0512512561203813
2022-06-02,0.0,0.0,0.0,0.0,1.0512512561203813
2022-06-06,0.0,0.0,0.0,0.0,1.0512512561203813
2022-06-07,0.0,0.0,0.0,0.0,1.0512512561203813
2022-06-08,0.0,0.0,0.0,0.0,1.0512512561203813
2022-06-09,0.0,0.0,0.0,0.0,1.0512512561203813
2022-06-10,0.0,0.0,0.0,0.0,1.0512512561203813
2022-06-13,0.0,0.0,0.0,0.0,1.0512512561203813
2022-06-14,0.0,0.0,0.0,0.0,1.0512512561203813
2022-06-15,0.0,0.0,0.0,0.0,1.0512512561203813
2022-06-16,0.0,0.0,0.0,0.0,1.0512512561203813
2022-06-17,0.0,0.0,0.0,0.0,1.0512512561203813
2022-06-20,0.0,0.0,0.0,0.0,1.0512512561203813
2022-06-21,0.0,0.0,0.0,0.0,1.0512512561203813
2022-06-22,0.0,0.0,0.0,0.0,1.0512512561203813
2022-06-23,0.0,0.0,0.0,0.0,1.0512512561203813
2022-06-24,0.0,0.0,0.0,0.0,1.0512512561203813
2022-06-27,0.0,0.0,0.0,0.0,1.0512512561203813
2022-06-28,0.0,0.0,0.0,0.0,1.0512512561203813
2022-06-29,0.0,0.0,0.0,0.0,1.0512512561203813
2022-06-30,0.0,0.0,0.0,0.0,1.0512512561203813
2022-07-01,0.0,0.0,0.0,0.0,1.0512512561203813
2022-07-04,0.0,0.0,0.0,0.0,1.0512512561203813
2022-07-05,0.0,0.0,0.0,0.0,1.0512512561203813
2022-07-06,0.0,0.0,0.0,0.0,1.0512512561203813
2022-07-07,0.0,0.0,0.0,0.0,1.0512512561203813
2022-07-08,0.0,0.0,0.0,0.0,1.0512512561203813
2022-07-11,0.0,0.0,0.0,0.0,1.0512512561203813
2022-07-12,0.0,0.0,0.0,0.0,1.0512512561203813
2022-07-13,0.0,0.0,0.0,0.0,1.0512512561203813
2022-07-14,0.0,0.0,0.0,0.0,1.0512512561203813
2022-07-15,0.0,0.0,0.0,0.0,1.0512512561203813
2022-07-18,0.0,0.0,0.0,0.0,1.0512512561203813
2022-07-19,0.0,0.0,0.0,0.0,1.0512512561203813
2022-07-20,0.0,0.0,0.0,0.0,1.0512512561203813
2022-07-21,0.0,0.0,0.0,0.0,1.0512512561203813
2022-07-22,0.0,0.0,0.0,0.0,1.0512512561203813
2022-07-25,0.0,0.0,0.0,0.0,1.0512512561203813
2022-07-26,0.0,0.0,0.0,0.0,1.0512512561203813
2022-07-27,0.0,0.0,0.0,0.0,1.0512512561203813
2022-07-28,0.0,0.0,0.0,0.0,1.0512512561203813
2022-07-29,0.0,0.0,0.0,0.0,1.0512512561203813
2022-08-01,0.0,0.0,0.0,0.0,1.0512512561203813
2022-08-02,0.0,0.0,0.0,0.0,1.0512512561203813
2022-08-03,0.0,0.0,0.0,0.0,1.0512512561203813
2022-08-04,0.0,0.0,0.0,0.0,1.0512512561203813
2022-08-05,0.0,0.0,0.0,0.0,1.0512512561203813
2022-08-08,0.0,0.0,0.0,0.0,1.0512512561203813
2022-08-09,0.0,0.0,0.0,0.0,1.0512512561203813
2022-08-10,0.0,0.0,0.0,0.0,1.0512512561203813
2022-08-11,0.0,0.0,0.0,0.0,1.0512512561203813
2022-08-12,0.0,0.0,0.0,0.0,1.0512512561203813
2022-08-15,0.0,0.0,0.0,0.0,1.0512512561203813
2022-08-16,0.0,0.0,0.0,0.0,1.0512512561203813
2022-08-17,0.0,0.0,0.0,0.0,1.0512512561203813
2022-08-18,0.0,0.0,0.0,0.0,1.0512512561203813
2022-08-19,0.0,0.0,0.0,0.0,1.0512512561203813
2022-08-22,0.0,0.0,0.0,0.0,1.0512512561203813
2022-08-23,0.0,0.0,0.0,0.0,1.0512512561203813
2022-08-24,0.0,0.0,0.0,0.0,1.0512512561203813
2022-08-25,0.0,0.0,0.0,0.0,1.0512512561203813
2022-08-26,0.0,0.0,0.0,0.0,1.0512512561203813
2022-08-29,0.0,0.0,0.0,0.0,1.0512512561203813
2022-08-30,0.0,0.0,0.0,0.0,1.0512512561203813
2022-08-31,0.0,0.0,0.0,0.0,1.0512512561203813
2022-09-01,0.0,0.0,0.0,0.0,1.0512512561203813
2022-09-02,0.0,0.0,0.0,0.0,1.0512512561203813
2022-09-05,0.0,0.0,0.0,0.0,1.0512512561203813
2022-09-06,0.0,0.0,0.0,0.0,1.0512512561203813
2022-09-07,0.0,0.0,0.0,0.0,1.0512512561203813
2022-09-08,0.0,0.0,0.0,0.0,1.0512512561203813
2022-09-09,0.0,0.0,0.0,0.0,1.0512512561203813
2022-09-13,0.0,0.0,0.0,0.0,1.0512512561203813
2022-09-14,0.0,0.0,0.0,0.0,1.0512512561203813
2022-09-15,0.0,0.0,0.0,0.0,1.0512512561203813
2022-09-16,0.0,0.0,0.0,0.0,1.0512512561203813
2022-09-19,0.0,0.0,0.0,0.0,1.0512512561203813
2022-09-20,0.0,0.0,0.0,0.0,1.0512512561203813
2022-09-21,0.0,0.0,0.0,0.0,1.0512512561203813
2022-09-22,0.0,0.0,0.0,0.0,1.0512512561203813
2022-09-23,0.0,0.0,0.0,0.0,1.0512512561203813
2022-09-26,0.0,0.0,0.0,0.0,1.0512512561203813
2022-09-27,0.0,0.0,0.0,0.0,1.0512512561203813
2022-09-28,0.0,0.0,0.0,0.0,1.0512512561203813
2022-09-29,0.0,0.0,0.0,0.0,1.0512512561203813
2022-09-30,0.0,0.0,0.0,0.0,1.0512512561203813
2022-10-10,0.0,0.0,0.0,0.0,1.0512512561203813
2022-10-11,0.0,0.0,0.0,0.0,1.0512512561203813
2022-10-12,0.0,0.0,0.0,0.0,1.0512512561203813
2022-10-13,0.0,0.0,0.0,0.0,1.0512512561203813
2022-10-14,0.0,0.0,0.0,0.0,1.0512512561203813
2022-10-17,0.0,0.0,0.0,0.0,1.0512512561203813
2022-10-18,0.0,0.0,0.0,0.0,1.0512512561203813
2022-10-19,0.0,0.0,0.0,0.0,1.0512512561203813
2022-10-20,0.0,0.0,0.0,0.0,1.0512512561203813
2022-10-21,0.0,0.0,0.0,0.0,1.0512512561203813
2022-10-24,0.0,0.0,0.0,0.0,1.0512512561203813
2022-10-25,0.0,0.0,0.0,0.0,1.0512512561203813
2022-10-26,0.0,0.0,0.0,0.0,1.0512512561203813
2022-10-27,0.0,0.0,0.0,0.0,1.0512512561203813
2022-10-28,0.0,0.0,0.0,0.0,1.0512512561203813
2022-10-31,0.0,0.0,0.0,0.0,1.0512512561203813
2022-11-01,0.0,0.0,0.0,0.0,1.0512512561203813
2022-11-02,0.0,0.0,0.0,0.0,1.0512512561203813
2022-11-03,0.0,0.0,0.0,0.0,1.0512512561203813
2022-11-04,0.0,0.0,0.0,0.0,1.0512512561203813
2022-11-07,0.0,0.0,0.0,0.0,1.0512512561203813
2022-11-08,0.0,0.0,0.0,0.0,1.0512512561203813
2022-11-09,0.0,0.0,0.0,0.0,1.0512512561203813
2022-11-10,0.0,0.0,0.0,0.0,1.0512512561203813
2022-11-11,0.0,0.0,0.0,0.0,1.0512512561203813
2022-11-14,0.0,0.0,0.0,0.0,1.0512512561203813
2022-11-15,0.0,0.0,0.0,0.0,1.0512512561203813
2022-11-16,0.0,0.0,0.0,0.0,1.0512512561203813
2022-11-17,0.0,0.0,0.0,0.0,1.0512512561203813
2022-11-18,0.0,0.0,0.0,0.0,1.0512512561203813
2022-11-21,0.0,0.0,0.0,0.0,1.0512512561203813
2022-11-22,0.0,0.0,0.0,0.0,1.0512512561203813
2022-11-23,0.0,0.0,0.0,0.0,1.0512512561203813
2022-11-24,0.0,0.0,0.0,0.0,1.0512512561203813
2022-11-25,0.0,0.0,0.0,0.0,1.0512512561203813
2022-11-28,0.0,0.0,0.0,0.0,1.0512512561203813
2022-11-29,0.0,0.0,0.0,0.0,1.0512512561203813
2022-11-30,0.0,0.0,0.0,0.0,1.0512512561203813
2022-12-01,0.0,0.0,0.0,0.0,1.0512512561203813
2022-12-02,0.0,0.0,0.0,0.0,1.0512512561203813
2022-12-05,0.0,0.0,0.0,0.0,1.0512512561203813
2022-12-06,0.0,0.0,0.0,0.0,1.0512512561203813
2022-12-07,0.0,0.0,0.0,0.0,1.0512512561203813
2022-12-08,0.0,0.0,0.0,0.0,1.0512512561203813
2022-12-09,0.0,0.0,0.0,0.0,1.0512512561203813
2022-12-12,0.0,0.0,0.0,0.0,1.0512512561203813
2022-12-13,0.0,0.0,0.0,0.0,1.0512512561203813
2022-12-14,0.0,0.0,0.0,0.0,1.0512512561203813
2022-12-15,0.0,0.0,0.0,0.0,1.0512512561203813
2022-12-16,0.0,0.0,0.0,0.0,1.0512512561203813
2022-12-19,0.0,0.0,0.0,0.0,1.0512512561203813
2022-12-20,0.0,0.0,0.0,0.0,1.0512512561203813
2022-12-21,0.0,0.0,0.0,0.0,1.0512512561203813
2022-12-22,0.0,0.0,0.0,0.0,1.0512512561203813
2022-12-23,0.0,0.0,0.0,0.0,1.0512512561203813
2022-12-26,0.0,0.0,0.0,0.0,1.0512512561203813
2022-12-27,0.0,0.0,0.0,0.0,1.0512512561203813
2022-12-28,0.0,0.0,0.0,0.0,1.0512512561203813
2022-12-29,0.0,0.0,0.0,0.0,1.0512512561203813
2022-12-30,0.0,0.0,0.0,0.0,1.0512512561203813
2023-01-03,0.0,0.0,0.0,0.0,1.0512512561203813
2023-01-04,0.0,0.0,0.0,0.0,1.0512512561203813
2023-01-05,0.0,0.0,0.0,0.0,1.0512512561203813
2023-01-06,0.0,0.0,0.0,0.0,1.0512512561203813
2023-01-09,0.0,0.0,0.0,0.0,1.0512512561203813
2023-01-10,0.0,0.0,0.0,0.0,1.0512512561203813
2023-01-11,0.0,0.0,0.0,0.0,1.0512512561203813
2023-01-12,0.0,0.0,0.0,0.0,1.0512512561203813
2023-01-13,0.0,0.0,0.0,0.0,1.0512512561203813
2023-01-16,0.0,0.0,0.0,0.0,1.0512512561203813
2023-01-17,0.0,0.0,0.0,0.0,1.0512512561203813
2023-01-18,0.0,0.0,0.0,0.0,1.0512512561203813
2023-01-19,0.0,0.0,0.0,0.0,1.0512512561203813
2023-01-20,0.0,0.0,0.0,0.0,1.0512512561203813
2023-01-30,0.0,0.0,0.0,0.0,1.0512512561203813
2023-01-31,0.0,0.0,0.0,0.0,1.0512512561203813
2023-02-01,0.0,0.0,0.0,0.0,1.0512512561203813
2023-02-02,0.0003646708294409388,0.9999999999999999,0.0014999999999999998,-0.001135329170559061,1.050057739903721
2023-02-03,0.0,0.9999999999999999,0.0014999999999999998,-0.0014999999999999998,1.0484826532938654
2023-02-06,-0.00685068676025001,1.0,0.0015,-0.00835068676025001,1.0397271030826525
2023-02-07,0.0,1.0,0.0015,-0.0015,1.0381675124280285
2023-02-08,0.0,0.0,0.0,0.0,1.0381675124280285
2023-02-09,0.002167787287058842,1.0,0.0015,0.000667787287058842,1.0388607874946654
2023-02-10,0.0,1.0,0.0015,-0.0015,1.0373024963134234
2023-02-13,0.00238106944503593,1.0,0.0015,0.0008810694450359299,1.0382164318481846
2023-02-14,0.0,1.0,0.0015,-0.0015,1.0366591072004123
2023-02-15,-0.0026108791142784933,1.0,0.0015,-0.004110879114278493,1.0323975269279955
2023-02-16,0.0,1.0,0.0015,-0.0015,1.0308489306376036
2023-02-17,0.0,0.0,0.0,0.0,1.0308489306376036
2023-02-20,0.0,0.0,0.0,0.0,1.0308489306376036
2023-02-21,0.0,0.0,0.0,0.0,1.0308489306376036
2023-02-22,0.0,0.0,0.0,0.0,1.0308489306376036
2023-02-23,0.0,0.0,0.0,0.0,1.0308489306376036
2023-02-24,0.0,0.0,0.0,0.0,1.0308489306376036
2023-02-27,0.0,0.0,0.0,0.0,1.0308489306376036
2023-02-28,0.0,0.0,0.0,0.0,1.0308489306376036
2023-03-01,0.0,0.0,0.0,0.0,1.0308489306376036
2023-03-02,0.0,0.0,0.0,0.0,1.0308489306376036
2023-03-03,0.0,0.0,0.0,0.0,1.0308489306376036
2023-03-06,0.0,0.0,0.0,0.0,1.0308489306376036
2023-03-07,0.0,0.0,0.0,0.0,1.0308489306376036
2023-03-08,0.0,0.0,0.0,0.0,1.0308489306376036
2023-03-09,0.0,0.0,0.0,0.0,1.0308489306376036
2023-03-10,0.0,0.0,0.0,0.0,1.0308489306376036
2023-03-13,0.0,0.0,0.0,0.0,1.0308489306376036
2023-03-14,0.0,0.0,0.0,0.0,1.0308489306376036
2023-03-15,0.0,0.0,0.0,0.0,1.0308489306376036
2023-03-16,0.0,0.0,0.0,0.0,1.0308489306376036
2023-03-17,0.0,0.0,0.0,0.0,1.0308489306376036
2023-03-20,0.0,0.0,0.0,0.0,1.0308489306376036
2023-03-21,0.0,0.0,0.0,0.0,1.0308489306376036
2023-03-22,0.0,0.0,0.0,0.0,1.0308489306376036
2023-03-23,0.0,0.0,0.0,0.0,1.0308489306376036
2023-03-24,0.0,0.0,0.0,0.0,1.0308489306376036
2023-03-27,0.0,0.0,0.0,0.0,1.0308489306376036
2023-03-28,0.0,0.0,0.0,0.0,1.0308489306376036
2023-03-29,0.0,0.0,0.0,0.0,1.0308489306376036
2023-03-30,0.0,0.0,0.0,0.0,1.0308489306376036
2023-03-31,0.0,0.0,0.0,0.0,1.0308489306376036
2023-04-03,0.0,0.0,0.0,0.0,1.0308489306376036
2023-04-04,0.0,0.0,0.0,0.0,1.0308489306376036
2023-04-06,0.0,0.0,0.0,0.0,1.0308489306376036
2023-04-07,0.0,0.0,0.0,0.0,1.0308489306376036
2023-04-10,0.0,0.0,0.0,0.0,1.0308489306376036
2023-04-11,0.0,0.0,0.0,0.0,1.0308489306376036
2023-04-12,0.0,0.0,0.0,0.0,1.0308489306376036
2023-04-13,0.0,0.0,0.0,0.0,1.0308489306376036
2023-04-14,0.0,0.0,0.0,0.0,1.0308489306376036
2023-04-17,0.008897752220998699,1.0000000000000002,0.0015000000000000002,0.007397752220998698,1.0384748956037422
2023-04-18,0.0030658391312322615,0.0,0.0,0.0030658391312322615,1.0416586925754863
2023-04-19,-0.0031258015822853433,0.0,0.0,-0.0031258015822853433,1.0384026741860326
2023-04-20,0.005655593013141802,0.0,0.0,0.005655593013141802,1.044275457094987
2023-04-21,-0.012408744910889292,0.0,0.0,-0.012408744910889292,1.0313173093311931
2023-04-24,0.0,1.0000000000000002,0.0015000000000000002,-0.0015000000000000002,1.0297703333671964
2023-04-25,0.0,0.0,0.0,0.0,1.0297703333671964
2023-04-26,0.0,0.0,0.0,0.0,1.0297703333671964
2023-04-27,0.0,0.0,0.0,0.0,1.0297703333671964
2023-04-28,0.0,0.0,0.0,0.0,1.0297703333671964
2023-05-04,0.0,0.0,0.0,0.0,1.0297703333671964
2023-05-05,0.0,0.0,0.0,0.0,1.0297703333671964
2023-05-08,0.0,0.0,0.0,0.0,1.0297703333671964
2023-05-09,0.0,0.0,0.0,0.0,1.0297703333671964
2023-05-10,0.0,0.0,0.0,0.0,1.0297703333671964
2023-05-11,0.0,0.0,0.0,0.0,1.0297703333671964
2023-05-12,0.0,0.0,0.0,0.0,1.0297703333671964
2023-05-15,0.0,0.0,0.0,0.0,1.0297703333671964
2023-05-16,0.0,0.0,0.0,0.0,1.0297703333671964
2023-05-17,0.0,0.0,0.0,0.0,1.0297703333671964
2023-05-18,0.0,0.0,0.0,0.0,1.0297703333671964
2023-05-19,0.0,0.0,0.0,0.0,1.0297703333671964
2023-05-22,0.0,0.0,0.0,0.0,1.0297703333671964
2023-05-23,0.0,0.0,0.0,0.0,1.0297703333671964
2023-05-24,0.0,0.0,0.0,0.0,1.0297703333671964
2023-05-25,0.0,0.0,0.0,0.0,1.0297703333671964
2023-05-26,0.0,0.0,0.0,0.0,1.0297703333671964
2023-05-29,0.0,0.0,0.0,0.0,1.0297703333671964
2023-05-30,0.0,0.0,0.0,0.0,1.0297703333671964
2023-05-31,0.0,0.0,0.0,0.0,1.0297703333671964
2023-06-01,0.0,0.0,0.0,0.0,1.0297703333671964
2023-06-02,0.0,0.0,0.0,0.0,1.0297703333671964
2023-06-05,0.0,0.0,0.0,0.0,1.0297703333671964
2023-06-06,0.0,0.0,0.0,0.0,1.0297703333671964
2023-06-07,0.0,0.0,0.0,0.0,1.0297703333671964
2023-06-08,0.0,0.0,0.0,0.0,1.0297703333671964
2023-06-09,0.0,0.0,0.0,0.0,1.0297703333671964
2023-06-12,0.0,0.0,0.0,0.0,1.0297703333671964
2023-06-13,0.0,0.0,0.0,0.0,1.0297703333671964
2023-06-14,0.0,0.0,0.0,0.0,1.0297703333671964
2023-06-15,0.0,0.0,0.0,0.0,1.0297703333671964
2023-06-16,0.0,0.0,0.0,0.0,1.0297703333671964
2023-06-19,0.0,0.0,0.0,0.0,1.0297703333671964
2023-06-20,0.0,0.0,0.0,0.0,1.0297703333671964
2023-06-21,0.0,0.0,0.0,0.0,1.0297703333671964
2023-06-26,0.0,0.0,0.0,0.0,1.0297703333671964
2023-06-27,0.0,0.0,0.0,0.0,1.0297703333671964
2023-06-28,0.0,0.0,0.0,0.0,1.0297703333671964
2023-06-29,0.0,0.0,0.0,0.0,1.0297703333671964
2023-06-30,0.0,0.0,0.0,0.0,1.0297703333671964
2023-07-03,0.0,0.0,0.0,0.0,1.0297703333671964
2023-07-04,0.0,0.0,0.0,0.0,1.0297703333671964
2023-07-05,0.0,0.0,0.0,0.0,1.0297703333671964
2023-07-06,0.0,0.0,0.0,0.0,1.0297703333671964
2023-07-07,0.0,0.0,0.0,0.0,1.0297703333671964
2023-07-10,0.0,0.0,0.0,0.0,1.0297703333671964
2023-07-11,0.0,0.0,0.0,0.0,1.0297703333671964
2023-07-12,0.0,0.0,0.0,0.0,1.0297703333671964
2023-07-13,0.0,0.0,0.0,0.0,1.0297703333671964
2023-07-14,0.0,0.0,0.0,0.0,1.0297703333671964
2023-07-17,0.0,0.0,0.0,0.0,1.0297703333671964
2023-07-18,0.0,0.0,0.0,0.0,1.0297703333671964
2023-07-19,0.0,0.0,0.0,0.0,1.0297703333671964
2023-07-20,0.0,0.0,0.0,0.0,1.0297703333671964
2023-07-21,0.0,0.0,0.0,0.0,1.0297703333671964
2023-07-24,0.0,0.0,0.0,0.0,1.0297703333671964
2023-07-25,0.0,0.0,0.0,0.0,1.0297703333671964
2023-07-26,0.0,0.0,0.0,0.0,1.0297703333671964
2023-07-27,0.0,0.0,0.0,0.0,1.0297703333671964
2023-07-28,0.0,0.0,0.0,0.0,1.0297703333671964
2023-07-31,0.0,0.0,0.0,0.0,1.0297703333671964
2023-08-01,0.0,0.0,0.0,0.0,1.0297703333671964
2023-08-02,0.0,0.0,0.0,0.0,1.0297703333671964
2023-08-03,0.0,0.0,0.0,0.0,1.0297703333671964
2023-08-04,0.0,0.0,0.0,0.0,1.0297703333671964
2023-08-07,0.0,0.0,0.0,0.0,1.0297703333671964
2023-08-08,0.0,0.0,0.0,0.0,1.0297703333671964
2023-08-09,0.0,0.0,0.0,0.0,1.0297703333671964
2023-08-10,0.0,0.0,0.0,0.0,1.0297703333671964
2023-08-11,0.0,0.0,0.0,0.0,1.0297703333671964
2023-08-14,0.0,0.0,0.0,0.0,1.0297703333671964
2023-08-15,0.0,0.0,0.0,0.0,1.0297703333671964
2023-08-16,0.0,0.0,0.0,0.0,1.0297703333671964
2023-08-17,0.0,0.0,0.0,0.0,1.0297703333671964
2023-08-18,0.0,0.0,0.0,0.0,1.0297703333671964
2023-08-21,0.0,0.0,0.0,0.0,1.0297703333671964
2023-08-22,0.0,0.0,0.0,0.0,1.0297703333671964
2023-08-23,0.0,0.0,0.0,0.0,1.0297703333671964
2023-08-24,0.0,0.0,0.0,0.0,1.0297703333671964
2023-08-25,0.0,0.0,0.0,0.0,1.0297703333671964
2023-08-28,0.0,0.0,0.0,0.0,1.0297703333671964
2023-08-29,0.0,0.0,0.0,0.0,1.0297703333671964
2023-08-30,0.0,0.0,0.0,0.0,1.0297703333671964
2023-08-31,0.0,0.0,0.0,0.0,1.0297703333671964
2023-09-01,0.0,0.0,0.0,0.0,1.0297703333671964
2023-09-04,0.0,0.0,0.0,0.0,1.0297703333671964
2023-09-05,0.0,0.0,0.0,0.0,1.0297703333671964
2023-09-06,0.0,0.0,0.0,0.0,1.0297703333671964
2023-09-07,0.0,0.0,0.0,0.0,1.0297703333671964
2023-09-08,0.0,0.0,0.0,0.0,1.0297703333671964
2023-09-11,0.0,0.0,0.0,0.0,1.0297703333671964
2023-09-12,0.0,0.0,0.0,0.0,1.0297703333671964
2023-09-13,0.0,0.0,0.0,0.0,1.0297703333671964
2023-09-14,0.0,0.0,0.0,0.0,1.0297703333671964
2023-09-15,0.0,0.0,0.0,0.0,1.0297703333671964
2023-09-18,0.0,0.0,0.0,0.0,1.0297703333671964
2023-09-19,0.0,0.0,0.0,0.0,1.0297703333671964
2023-09-20,0.0,0.0,0.0,0.0,1.0297703333671964
2023-09-21,0.0,0.0,0.0,0.0,1.0297703333671964
2023-09-22,0.0,0.0,0.0,0.0,1.0297703333671964
2023-09-25,0.0,0.0,0.0,0.0,1.0297703333671964
2023-09-26,0.0,0.0,0.0,0.0,1.0297703333671964
2023-09-27,0.0,0.0,0.0,0.0,1.0297703333671964
2023-09-28,0.0,0.0,0.0,0.0,1.0297703333671964
2023-10-09,0.0,0.0,0.0,0.0,1.0297703333671964
2023-10-10,0.0,0.0,0.0,0.0,1.0297703333671964
2023-10-11,0.0,0.0,0.0,0.0,1.0297703333671964
2023-10-12,0.0,0.0,0.0,0.0,1.0297703333671964
2023-10-13,0.0,0.0,0.0,0.0,1.0297703333671964
2023-10-16,0.0,0.0,0.0,0.0,1.0297703333671964
2023-10-17,0.0,0.0,0.0,0.0,1.0297703333671964
2023-10-18,0.0,0.0,0.0,0.0,1.0297703333671964
2023-10-19,0.0,0.0,0.0,0.0,1.0297703333671964
2023-10-20,0.0,0.0,0.0,0.0,1.0297703333671964
2023-10-23,0.0,0.0,0.0,0.0,1.0297703333671964
2023-10-24,0.0,0.0,0.0,0.0,1.0297703333671964
2023-10-25,0.0,0.0,0.0,0.0,1.0297703333671964
2023-10-26,0.0,0.0,0.0,0.0,1.0297703333671964
2023-10-27,0.0,0.0,0.0,0.0,1.0297703333671964
2023-10-30,0.0,0.0,0.0,0.0,1.0297703333671964
2023-10-31,0.0,0.0,0.0,0.0,1.0297703333671964
2023-11-01,0.0,0.0,0.0,0.0,1.0297703333671964
2023-11-02,0.0,0.0,0.0,0.0,1.0297703333671964
2023-11-03,0.0,0.0,0.0,0.0,1.0297703333671964
2023-11-06,0.0,0.0,0.0,0.0,1.0297703333671964
2023-11-07,0.0,0.0,0.0,0.0,1.0297703333671964
2023-11-08,0.0,0.0,0.0,0.0,1.0297703333671964
2023-11-09,0.0,0.0,0.0,0.0,1.0297703333671964
2023-11-10,0.0,0.0,0.0,0.0,1.0297703333671964
2023-11-13,0.0,0.0,0.0,0.0,1.0297703333671964
2023-11-14,0.0,0.0,0.0,0.0,1.0297703333671964
2023-11-15,0.0,0.0,0.0,0.0,1.0297703333671964
2023-11-16,0.0,0.0,0.0,0.0,1.0297703333671964
2023-11-17,0.0,0.0,0.0,0.0,1.0297703333671964
2023-11-20,0.0,0.0,0.0,0.0,1.0297703333671964
2023-11-21,0.0,0.0,0.0,0.0,1.0297703333671964
2023-11-22,0.0,0.0,0.0,0.0,1.0297703333671964
2023-11-23,0.0,0.0,0.0,0.0,1.0297703333671964
2023-11-24,0.0,0.0,0.0,0.0,1.0297703333671964
2023-11-27,0.0,0.0,0.0,0.0,1.0297703333671964
2023-11-28,0.0,0.0,0.0,0.0,1.0297703333671964
2023-11-29,0.0,0.0,0.0,0.0,1.0297703333671964
2023-11-30,0.0,0.0,0.0,0.0,1.0297703333671964
2023-12-01,0.0,0.0,0.0,0.0,1.0297703333671964
2023-12-04,0.0,0.0,0.0,0.0,1.0297703333671964
2023-12-05,0.0,0.0,0.0,0.0,1.0297703333671964
2023-12-06,0.0,0.0,0.0,0.0,1.0297703333671964
2023-12-07,0.0,0.0,0.0,0.0,1.0297703333671964
2023-12-08,0.0,0.0,0.0,0.0,1.0297703333671964
2023-12-11,0.0,0.0,0.0,0.0,1.0297703333671964
2023-12-12,0.0,0.0,0.0,0.0,1.0297703333671964
2023-12-13,0.0,0.0,0.0,0.0,1.0297703333671964
2023-12-14,0.0,0.0,0.0,0.0,1.0297703333671964
2023-12-15,0.0,0.0,0.0,0.0,1.0297703333671964
2023-12-18,0.0,0.0,0.0,0.0,1.0297703333671964
2023-12-19,0.0,0.0,0.0,0.0,1.0297703333671964
2023-12-20,0.0,0.0,0.0,0.0,1.0297703333671964
2023-12-21,0.0,0.0,0.0,0.0,1.0297703333671964
2023-12-22,0.0,0.0,0.0,0.0,1.0297703333671964
2023-12-25,0.0,0.0,0.0,0.0,1.0297703333671964
2023-12-26,0.0,0.0,0.0,0.0,1.0297703333671964
2023-12-27,0.0,0.0,0.0,0.0,1.0297703333671964
2023-12-28,0.0,0.0,0.0,0.0,1.0297703333671964
2023-12-29,0.0,0.0,0.0,0.0,1.0297703333671964
2024-01-02,0.0,0.0,0.0,0.0,1.0297703333671964
2024-01-03,0.0,0.0,0.0,0.0,1.0297703333671964
2024-01-04,0.0,0.0,0.0,0.0,1.0297703333671964
2024-01-05,0.0,0.0,0.0,0.0,1.0297703333671964
2024-01-08,0.0,0.0,0.0,0.0,1.0297703333671964
2024-01-09,0.0,0.0,0.0,0.0,1.0297703333671964
2024-01-10,0.0,0.0,0.0,0.0,1.0297703333671964
2024-01-11,0.0,0.0,0.0,0.0,1.0297703333671964
2024-01-12,0.0,0.0,0.0,0.0,1.0297703333671964
2024-01-15,0.0,0.0,0.0,0.0,1.0297703333671964
2024-01-16,0.0,0.0,0.0,0.0,1.0297703333671964
2024-01-17,0.0,0.0,0.0,0.0,1.0297703333671964
2024-01-18,0.0,0.0,0.0,0.0,1.0297703333671964
2024-01-19,0.0,0.0,0.0,0.0,1.0297703333671964
2024-01-22,0.0,0.0,0.0,0.0,1.0297703333671964
2024-01-23,0.0,0.0,0.0,0.0,1.0297703333671964
2024-01-24,0.0,0.0,0.0,0.0,1.0297703333671964
2024-01-25,0.0,0.0,0.0,0.0,1.0297703333671964
2024-01-26,0.0,0.0,0.0,0.0,1.0297703333671964
2024-01-29,0.0,0.0,0.0,0.0,1.0297703333671964
2024-01-30,0.0,0.0,0.0,0.0,1.0297703333671964
2024-01-31,0.0,0.0,0.0,0.0,1.0297703333671964
2024-02-01,0.0,0.0,0.0,0.0,1.0297703333671964
2024-02-02,0.0,0.0,0.0,0.0,1.0297703333671964
2024-02-05,0.0,0.0,0.0,0.0,1.0297703333671964
2024-02-06,0.0,0.0,0.0,0.0,1.0297703333671964
2024-02-07,0.0,0.0,0.0,0.0,1.0297703333671964
2024-02-08,0.0,0.0,0.0,0.0,1.0297703333671964
2024-02-19,0.0,0.0,0.0,0.0,1.0297703333671964
2024-02-20,0.0,0.0,0.0,0.0,1.0297703333671964
2024-02-21,0.0,0.0,0.0,0.0,1.0297703333671964
2024-02-22,0.0,0.0,0.0,0.0,1.0297703333671964
2024-02-23,0.0,0.0,0.0,0.0,1.0297703333671964
2024-02-26,0.0,0.0,0.0,0.0,1.0297703333671964
2024-02-27,0.0,0.0,0.0,0.0,1.0297703333671964
2024-02-28,0.0,0.0,0.0,0.0,1.0297703333671964
2024-02-29,0.0,0.0,0.0,0.0,1.0297703333671964
2024-03-01,0.0,0.0,0.0,0.0,1.0297703333671964
2024-03-04,0.0,0.0,0.0,0.0,1.0297703333671964
2024-03-05,0.0,0.0,0.0,0.0,1.0297703333671964
2024-03-06,0.0,0.0,0.0,0.0,1.0297703333671964
2024-03-07,0.0,0.0,0.0,0.0,1.0297703333671964
2024-03-08,0.0,0.0,0.0,0.0,1.0297703333671964
2024-03-11,0.0,0.0,0.0,0.0,1.0297703333671964
2024-03-12,0.0,0.0,0.0,0.0,1.0297703333671964
2024-03-13,0.0,0.0,0.0,0.0,1.0297703333671964
2024-03-14,0.0,0.0,0.0,0.0,1.0297703333671964
2024-03-15,0.0,0.0,0.0,0.0,1.0297703333671964
2024-03-18,0.0,0.0,0.0,0.0,1.0297703333671964
2024-03-19,0.0,0.0,0.0,0.0,1.0297703333671964
2024-03-20,0.0,0.0,0.0,0.0,1.0297703333671964
2024-03-21,0.0,0.0,0.0,0.0,1.0297703333671964
2024-03-22,0.0,0.0,0.0,0.0,1.0297703333671964
2024-03-25,0.0,0.0,0.0,0.0,1.0297703333671964
2024-03-26,0.0,0.0,0.0,0.0,1.0297703333671964
2024-03-27,0.0,0.0,0.0,0.0,1.0297703333671964
2024-03-28,0.0,0.0,0.0,0.0,1.0297703333671964
2024-03-29,0.0,0.0,0.0,0.0,1.0297703333671964
2024-04-01,0.0,0.0,0.0,0.0,1.0297703333671964
2024-04-02,0.0,0.0,0.0,0.0,1.0297703333671964
2024-04-03,0.0,0.0,0.0,0.0,1.0297703333671964
2024-04-08,0.0,0.0,0.0,0.0,1.0297703333671964
2024-04-09,0.0,0.0,0.0,0.0,1.0297703333671964
2024-04-10,0.0,0.0,0.0,0.0,1.0297703333671964
2024-04-11,0.0,0.0,0.0,0.0,1.0297703333671964
2024-04-12,0.0,0.0,0.0,0.0,1.0297703333671964
2024-04-15,0.0,0.0,0.0,0.0,1.0297703333671964
2024-04-16,0.0,0.0,0.0,0.0,1.0297703333671964
2024-04-17,0.0,0.0,0.0,0.0,1.0297703333671964
2024-04-18,0.0,0.0,0.0,0.0,1.0297703333671964
2024-04-19,0.0,0.0,0.0,0.0,1.0297703333671964
2024-04-22,0.0,0.0,0.0,0.0,1.0297703333671964
2024-04-23,0.0,0.0,0.0,0.0,1.0297703333671964
2024-04-24,0.0,0.0,0.0,0.0,1.0297703333671964
2024-04-25,0.0,0.0,0.0,0.0,1.0297703333671964
2024-04-26,0.0,0.0,0.0,0.0,1.0297703333671964
2024-04-29,0.0007935161198604465,1.0,0.0015,-0.0007064838801395535,1.0290428172264265
2024-04-30,0.0,1.0,0.0015,-0.0015,1.0274992530005869
2024-05-06,0.0009437759308451642,0.9999999999999998,0.0014999999999999996,-0.0005562240691548354,1.0269277331850293
2024-05-07,0.0,0.9999999999999998,0.0014999999999999996,-0.0014999999999999996,1.0253873415852517
2024-05-08,0.0006287760688002956,0.9999999999999998,0.0014999999999999996,-0.000871223931199704,1.0244939995945135
2024-05-09,0.0,0.9999999999999998,0.0014999999999999996,-0.0014999999999999996,1.0229572585951219
2024-05-10,0.005061085492738486,0.9999999999999998,0.0014999999999999996,0.0035610854927384866,1.0266000968483966
2024-05-13,0.004942284955920954,1.0029815477883883,0.0015044723216825825,0.003437812634238372,1.0301293556316524
2024-05-14,-0.0030129796766818614,0.0,0.0,-0.0030129796766818614,1.027025596818781
2024-05-15,-0.002774364271882362,0.0,0.0,-0.002774364271882362,1.0241762536966583
2024-05-16,0.0017044190476792512,0.0,0.0,0.0017044190476792512,1.0259218792116396
2024-05-17,0.005518420930452969,0.0,0.0,0.005518420930452969,1.0315833479828909
2024-05-20,0.009975852051116667,0.6697270292747965,0.0010045905439121949,0.008971261507204472,1.0408379519641229
2024-05-21,-0.004783323827361447,0.0,0.0,-0.004783323827361447,1.0358592869880707
2024-05-22,0.00014251214260380186,0.0,0.0,0.00014251214260380186,1.0360069095144955
2024-05-23,-0.010424725600699469,0.0,0.0,-0.010424725600699469,1.0252068217623782
2024-05-24,-0.00377638817838449,0.0,0.0,-0.00377638817838449,1.0213352428402758
2024-05-27,0.0,1.0,0.0015,-0.0015,1.0198032399760155
2024-05-28,0.0,0.0,0.0,0.0,1.0198032399760155
2024-05-29,0.0,0.0,0.0,0.0,1.0198032399760155
2024-05-30,0.0,0.0,0.0,0.0,1.0198032399760155
2024-05-31,0.0,0.0,0.0,0.0,1.0198032399760155
2024-06-03,0.0,0.0,0.0,0.0,1.0198032399760155
2024-06-04,0.004264295403989104,1.0,0.0015,0.002764295403989104,1.0226222773852542
2024-06-05,-0.007554523597995757,0.0,0.0,-0.007554523597995757,1.014896853258911
2024-06-06,0.0,1.0,0.0015,-0.0015,1.0133745079790228
2024-06-07,0.0,0.0,0.0,0.0,1.0133745079790228
2024-06-11,-0.005461510963351712,1.0,0.0015,-0.0069615109633517115,1.0063198902317456
2024-06-12,0.0,1.0,0.0015,-0.0015,1.004810410396398
2024-06-13,0.0026243814948384847,1.0,0.0015,0.0011243814948384847,1.0059402006276688
2024-06-14,0.0,1.0,0.0015,-0.0015,1.0044312903267274
2024-06-17,-0.0029406866247383787,0.9999999999999999,0.0014999999999999998,-0.004440686624738378,0.9999709257303048
2024-06-18,0.0,0.9999999999999999,0.0014999999999999998,-0.0014999999999999998,0.9984709693417093
2024-06-19,0.000925692127890304,0.9999999999999999,0.0014999999999999998,-0.0005743078721096958,0.9978975396039435
2024-06-20,0.0,0.9999999999999999,0.0014999999999999998,-0.0014999999999999998,0.9964006932945376
2024-06-21,0.0,0.0,0.0,0.0,0.9964006932945376
2024-06-24,0.0,0.0,0.0,0.0,0.9964006932945376
2024-06-25,0.0,0.0,0.0,0.0,0.9964006932945376
2024-06-26,0.0,0.0,0.0,0.0,0.9964006932945376
2024-06-27,0.0,0.0,0.0,0.0,0.9964006932945376
2024-06-28,0.0,0.0,0.0,0.0,0.9964006932945376
2024-07-01,0.0,0.0,0.0,0.0,0.9964006932945376
2024-07-02,0.0,0.0,0.0,0.0,0.9964006932945376
2024-07-03,0.0,0.0,0.0,0.0,0.9964006932945376
2024-07-04,0.0,0.0,0.0,0.0,0.9964006932945376
2024-07-05,0.0,0.0,0.0,0.0,0.9964006932945376
2024-07-08,0.0,0.0,0.0,0.0,0.9964006932945376
2024-07-09,0.0,0.0,0.0,0.0,0.9964006932945376
2024-07-10,0.0,0.0,0.0,0.0,0.9964006932945376
2024-07-11,0.0,0.0,0.0,0.0,0.9964006932945376
2024-07-12,0.0,0.0,0.0,0.0,0.9964006932945376
2024-07-15,0.0,0.0,0.0,0.0,0.9964006932945376
2024-07-16,0.0,0.0,0.0,0.0,0.9964006932945376
2024-07-17,0.0,0.0,0.0,0.0,0.9964006932945376
2024-07-18,0.0,0.0,0.0,0.0,0.9964006932945376
2024-07-19,0.0,0.0,0.0,0.0,0.9964006932945376
2024-07-22,0.0,0.0,0.0,0.0,0.9964006932945376
2024-07-23,0.0,0.0,0.0,0.0,0.9964006932945376
2024-07-24,0.0,0.0,0.0,0.0,0.9964006932945376
2024-07-25,0.0,0.0,0.0,0.0,0.9964006932945376
2024-07-26,0.0,0.0,0.0,0.0,0.9964006932945376
2024-07-29,0.0,0.0,0.0,0.0,0.9964006932945376
2024-07-30,0.0,0.0,0.0,0.0,0.9964006932945376
2024-07-31,0.0,0.0,0.0,0.0,0.9964006932945376
2024-08-01,0.0,0.0,0.0,0.0,0.9964006932945376
2024-08-02,0.0,0.0,0.0,0.0,0.9964006932945376
2024-08-05,0.0,0.0,0.0,0.0,0.9964006932945376
2024-08-06,0.0,0.0,0.0,0.0,0.9964006932945376
2024-08-07,0.0,0.0,0.0,0.0,0.9964006932945376
2024-08-08,0.0,0.0,0.0,0.0,0.9964006932945376
2024-08-09,0.0,0.0,0.0,0.0,0.9964006932945376
2024-08-12,0.0,0.0,0.0,0.0,0.9964006932945376
2024-08-13,0.0,0.0,0.0,0.0,0.9964006932945376
2024-08-14,0.0,0.0,0.0,0.0,0.9964006932945376
2024-08-15,0.0,0.0,0.0,0.0,0.9964006932945376
2024-08-16,0.0,0.0,0.0,0.0,0.9964006932945376
2024-08-19,0.0,0.0,0.0,0.0,0.9964006932945376
2024-08-20,0.0,0.0,0.0,0.0,0.9964006932945376
2024-08-21,0.0,0.0,0.0,0.0,0.9964006932945376
2024-08-22,0.0,0.0,0.0,0.0,0.9964006932945376
2024-08-23,0.0,0.0,0.0,0.0,0.9964006932945376
2024-08-26,0.0,0.0,0.0,0.0,0.9964006932945376
2024-08-27,0.0,0.0,0.0,0.0,0.9964006932945376
2024-08-28,0.0,0.0,0.0,0.0,0.9964006932945376
2024-08-29,0.0,0.0,0.0,0.0,0.9964006932945376
2024-08-30,0.0,0.0,0.0,0.0,0.9964006932945376
2024-09-02,0.0,0.0,0.0,0.0,0.9964006932945376
2024-09-03,0.0,0.0,0.0,0.0,0.9964006932945376
2024-09-04,0.0,0.0,0.0,0.0,0.9964006932945376
2024-09-05,0.0,0.0,0.0,0.0,0.9964006932945376
2024-09-06,0.0,0.0,0.0,0.0,0.9964006932945376
2024-09-09,0.0,0.0,0.0,0.0,0.9964006932945376
2024-09-10,0.0,0.0,0.0,0.0,0.9964006932945376
2024-09-11,0.0,0.0,0.0,0.0,0.9964006932945376
2024-09-12,0.0,0.0,0.0,0.0,0.9964006932945376
2024-09-13,0.0,0.0,0.0,0.0,0.9964006932945376
2024-09-18,0.0,0.0,0.0,0.0,0.9964006932945376
2024-09-19,0.0,0.0,0.0,0.0,0.9964006932945376
2024-09-20,0.0,0.0,0.0,0.0,0.9964006932945376
2024-09-23,0.0,0.0,0.0,0.0,0.9964006932945376
2024-09-24,0.0,0.0,0.0,0.0,0.9964006932945376
2024-09-25,0.0,0.0,0.0,0.0,0.9964006932945376
2024-09-26,0.0,0.0,0.0,0.0,0.9964006932945376
2024-09-27,-0.005594900177137367,0.9999999999999999,0.0014999999999999998,-0.007094900177137367,0.9893313298391825
2024-09-30,0.0,0.9999999999999999,0.0014999999999999998,-0.0014999999999999998,0.9878473328444237
2024-10-08,0.013670995583400528,1.0,0.0015,0.012170995583400528,0.9998704183695473
2024-10-09,0.0,1.0,0.0015,-0.0015,0.998370612741993
2024-10-10,0.0032780445268531795,1.0,0.0015,0.0017780445268531795,1.00014576014575
2024-10-11,-0.00037391930342054597,0.0,0.0,-0.00037391930342054597,0.9997717863397972
2024-10-14,0.005148295952487633,0.48077167449904884,0.0007211575117485733,0.0044271384407390596,1.0041979144470685
2024-10-15,-0.010524312445442666,0.0,0.0,-0.010524312445442666,0.9936294218383657
2024-10-16,0.0,1.0,0.0015,-0.0015,0.9921389777056082
2024-10-17,0.0021300412829008083,1.0,0.0015,0.0006300412829008083,0.9927640662199377
2024-10-18,0.0,1.0,0.0015,-0.0015,0.9912749201206079
2024-10-21,0.002690990085543398,1.0,0.0015,0.0011909900855433982,0.9924555187225194
2024-10-22,0.0007845061726075434,0.0,0.0,0.0007845061726075434,0.9932341062029956
2024-10-23,0.007427365937974118,0.0,0.0,0.007427365937974118,1.000611219371842
2024-10-24,-0.008424325664942604,0.0,0.0,-0.008424325664942604,0.9921817445958583
2024-10-25,0.0017796308215775657,0.0,0.0,0.0017796308215775657,0.9939474618091477
2024-10-28,0.002626927421444438,0.007432021765548774,1.1148032648323161e-05,0.002615779388796115,0.9965474090932944
2024-10-29,0.003272718469294239,0.0,0.0,0.003272718469294239,0.9998088282045614
2024-10-30,0.0009590131758448455,0.0,0.0,0.0009590131758448455,1.0007676580441356
2024-10-31,-0.0002945529088327508,0.0,0.0,-0.0002945529088327508,1.0004728790193929
2024-11-01,-0.0034987244613409645,0.0,0.0,-0.0034987244613409645,0.9969725000846595
2024-11-04,0.0029937061064773647,0.820467620199705,0.0012307014302995573,0.0017630046761778074,0.9987301672643295
2024-11-05,0.008787609907049628,0.0,0.0,0.008787609907049628,1.0075066183766508
2024-11-06,-0.001328589168585331,0.0,0.0,-0.001328589168585331,1.0061680559961974
2024-11-07,0.0024484808885544837,0.0,0.0,0.0024484808885544837,1.008631639251978
2024-11-08,0.00014828730564855203,0.0,0.0,0.00014828730564855203,1.0087812065201547
2024-11-11,4.240297639476688e-05,1.5207253751729186,0.0022810880627593777,-0.0022386850863646106,1.0065228630777132
2024-11-12,-0.025770120631066457,0.0,0.0,-0.025770120631066457,0.9805846474782742
2024-11-13,0.0,0.9999999999999999,0.0014999999999999998,-0.0014999999999999998,0.9791137705070568
2024-11-14,-0.022028054989077957,0.9999999999999999,0.0014999999999999998,-0.023528054989077958,0.9560771278740033
2024-11-15,0.0,0.9999999999999999,0.0014999999999999998,-0.0014999999999999998,0.9546430121821924
2024-11-18,-0.0046458365778160975,1.0,0.0015,-0.006145836577816097,0.9487759322391666
2024-11-19,0.0,1.0,0.0015,-0.0015,0.9473527683408078
2024-11-20,0.0029530474812444448,1.0,0.0015,0.0014530474812444447,0.9487293168946954
2024-11-21,0.0,1.0,0.0015,-0.0015,0.9473062229193534
2024-11-22,-0.026133259698586125,1.0,0.0015,-0.027633259698586127,0.9211290640473362
2024-11-25,0.0,1.0,0.0015,-0.0015,0.9197473704512652
2024-11-26,-0.00254895027210266,1.0,0.0015,-0.004048950272102661,0.9160233590854109
2024-11-27,0.0,1.0,0.0015,-0.0015,0.9146493240467828
2024-11-28,-0.001406674288848045,1.0,0.0015,-0.002906674288848045,0.9119907363732638
2024-11-29,0.0,1.0,0.0015,-0.0015,0.910622750268704
2024-12-02,0.005409897409809586,1.0,0.0015,0.003909897409809586,0.9141831918012933
2024-12-03,0.0,1.0,0.0015,-0.0015,0.9128119170135913
2024-12-04,-0.0016357147637262124,1.0,0.0015,-0.0031357147637262124,0.9099495992089066
2024-12-05,0.0,1.0,0.0015,-0.0015,0.9085846748100933
2024-12-06,0.010735162517919849,1.0,0.0015,0.00923516251791985,0.9169756019432559
2024-12-09,0.0,1.0,0.0015,-0.0015,0.9156001385403411
2024-12-10,0.0004317865771734348,1.0,0.0015,-0.0010682134228265651,0.9146220821824104
2024-12-11,0.0,1.0,0.0015,-0.0015,0.9132501490591368
2024-12-12,0.009147753335384326,1.0,0.0015,0.007647753335384326,0.920234460932644
2024-12-13,0.0,1.0,0.0015,-0.0015,0.9188541092412451
2024-12-16,-0.0037942444823616107,1.0,0.0015,-0.005294244482361611,0.9139894709432994
2024-12-17,0.0,1.0,0.0015,-0.0015,0.9126184867368845
2024-12-18,0.003411799461162184,1.0,0.0015,0.001911799461162184,0.9143632302680748
2024-12-19,0.0,1.0,0.0015,-0.0015,0.9129916854226727
2024-12-20,0.006849580433492878,1.0,0.0015,0.005349580433492878,0.9178758078789515
2024-12-23,0.0,1.0,0.0015,-0.0015,0.9164989941671331
2024-12-24,0.007784118444915343,1.0,0.0015,0.006284118444915342,0.9222583824011252
2024-12-25,0.0,1.0,0.0015,-0.0015,0.9208749948275236
2024-12-26,0.0018299731485535826,1.0,0.0015,0.00032997314855358253,0.921178858848991
2024-12-27,0.0,1.0,0.0015,-0.0015,0.9197970905607176
2024-12-30,0.0014939893599685635,1.0,0.0015,-6.010640031436573e-06,0.9197915619915042
2024-12-31,0.0,1.0,0.0015,-0.0015,0.918411874648517
2025-01-02,-0.022017263911749196,1.0,0.0015,-0.023517263911749197,0.8968133402127235
2025-01-03,0.0,1.0,0.0015,-0.0015,0.8954681202024045
2025-01-06,0.004269106344502333,0.9999999999999999,0.0014999999999999998,0.0027691063445023333,0.8979477666553566
2025-01-07,0.0,0.9999999999999999,0.0014999999999999998,-0.0014999999999999998,0.8966008450053736
2025-01-08,0.0011700136684888345,0.9999999999999999,0.0014999999999999998,-0.0003299863315111653,0.8963049789817005
2025-01-09,0.0,0.9999999999999999,0.0014999999999999998,-0.0014999999999999998,0.894960521513228
2025-01-10,0.0014038889640897387,0.9999999999999999,0.0014999999999999998,-9.611103591026116e-05,0.8948745059304066
2025-01-13,0.0,0.9999999999999999,0.0014999999999999998,-0.0014999999999999998,0.8935321941715111
2025-01-14,0.004130348116355395,1.0,0.0015,0.0026303481163553947,0.8958824948953531
2025-01-15,0.0,1.0,0.0015,-0.0015,0.8945386711530101
2025-01-16,-0.0003445902245756663,1.0,0.0015,-0.0018445902245756663,0.8928886138646964
2025-01-17,0.0,1.0,0.0015,-0.0015,0.8915492809438994
2025-01-20,0.0011757690347337932,1.0,0.0015,-0.0003242309652662068,0.8912602130599565
2025-01-21,0.0,1.0,0.0015,-0.0015,0.8899233227403667
2025-01-22,0.005995572506050024,1.0,0.0015,0.0044955725060500246,0.893924037562571
2025-01-23,0.0,1.0,0.0015,-0.0015,0.8925831515062271
2025-01-24,0.003316686346283271,1.0,0.0015,0.0018166863462832708,0.894204695130491
2025-01-27,0.0,1.0,0.0015,-0.0015,0.8928633880877953
2025-02-05,0.014850335174080256,1.0,0.0015,0.013350335174080257,0.9047834135834323
2025-02-06,0.0,1.0,0.0015,-0.0015,0.9034262384630571
2025-02-07,-2.748680903495249e-05,1.0,0.0015,-0.0015274868090349525,0.9020462668008687
2025-02-10,0.0,1.0,0.0015,-0.0015,0.9006931974006674
2025-02-11,0.003058477069333687,1.0,0.0015,0.0015584770693336872,0.9020969070953213
2025-02-12,0.0,1.0,0.0015,-0.0015,0.9007437617346784
2025-02-13,0.0007734997475808124,1.0,0.0015,-0.0007265002524191876,0.9000893711644132
2025-02-14,0.0,1.0,0.0015,-0.0015,0.8987392371076667
2025-02-17,-0.002420866579684269,1.0,0.0015,-0.00392086657968427,0.8952154004690402
2025-02-18,0.0,1.0,0.0015,-0.0015,0.8938725773683367
2025-02-19,0.005127593097408326,1.0,0.0015,0.003627593097408326,0.8971151833599607
2025-02-20,0.0,1.0,0.0015,-0.0015,0.8957695105849207
2025-02-21,0.0028361037699028693,1.0,0.0015,0.0013361037699028693,0.8969663516049773
2025-02-24,0.0017945947898916938,0.7783731667166436,0.0011675597500749653,0.0006270350398167284,0.8975287809369702
2025-02-25,-0.007887377729593095,0.0,0.0,-0.007887377729593095,0.890449632418539
2025-02-26,0.0,1.0000000000000002,0.0015000000000000002,-0.0015000000000000002,0.8891139579699112
2025-02-27,-0.00441184523874041,1.0000000000000002,0.0015000000000000002,-0.005911845238740411,0.8838576538507892
2025-02-28,0.0,1.0000000000000002,0.0015000000000000002,-0.0015000000000000002,0.8825318673700131
2025-03-03,-0.002666839556374088,1.0000000000000002,0.0015000000000000002,-0.004166839556374089,0.8788544986752951
2025-03-04,0.0,1.0000000000000002,0.0015000000000000002,-0.0015000000000000002,0.8775362169272822
2025-03-05,0.010317736687637953,1.0000000000000002,0.0015000000000000002,0.008817736687637953,0.8852741002220128
2025-03-06,0.0,1.0000000000000002,0.0015000000000000002,-0.0015000000000000002,0.8839461890716799
2025-03-07,-0.003188697707509024,1.0000000000000002,0.0015000000000000002,-0.004688697707509024,0.8798016326014182
2025-03-10,0.0,1.0000000000000002,0.0015000000000000002,-0.0015000000000000002,0.8784819301525161
2025-03-11,-0.0023079840607741144,1.0,0.0015,-0.0038079840607741144,0.8751366849648172
2025-03-12,0.0,1.0,0.0015,-0.0015,0.87382397993737
2025-03-13,-0.0008693998047513362,1.0,0.0015,-0.002369399804751336,0.8717535415699194
2025-03-14,0.0,1.0,0.0015,-0.0015,0.8704459112575645
2025-03-17,0.0007390976313605051,1.0000000000000002,0.0015000000000000002,-0.0007609023686394952,0.8697835869019162
2025-03-18,0.0,1.0000000000000002,0.0015000000000000002,-0.0015000000000000002,0.8684789115215633
2025-03-19,0.004682693233881695,1.0000000000000002,0.0015000000000000002,0.0031826932338816947,0.8712430134770319
2025-03-20,0.0,1.0000000000000002,0.0015000000000000002,-0.0015000000000000002,0.8699361489568164
2025-03-21,-0.011760148957925211,1.0000000000000002,0.0015000000000000002,-0.01326014895792521,0.8584006660377652
2025-03-24,0.0,1.0000000000000002,0.0015000000000000002,-0.0015000000000000002,0.8571130650387087
2025-03-25,-0.008463263252391308,1.0,0.0015,-0.009963263252391307,0.848573421934664
2025-03-26,0.0,1.0,0.0015,-0.0015,0.847300561801762
2025-03-27,0.005343519905849352,1.0,0.0015,0.003843519905849352,0.8505571783772844
2025-03-28,0.0,1.0,0.0015,-0.0015,0.8492813426097185
2025-03-31,2.1784662404677937e-05,0.9999999999999998,0.0014999999999999996,-0.0014782153375953217,0.8480259219031393
2025-04-01,0.0,0.9999999999999998,0.0014999999999999996,-0.0014999999999999996,0.8467538830202846
2025-04-02,-0.003295943982459594,0.9999999999999998,0.0014999999999999996,-0.004795943982459593,0.8426928988303892
2025-04-03,0.0,0.9999999999999998,0.0014999999999999996,-0.0014999999999999996,0.8414288594821436
2025-04-07,0.0,0.0,0.0,0.0,0.8414288594821436
2025-04-08,0.0,0.0,0.0,0.0,0.8414288594821436
2025-04-09,0.0,0.0,0.0,0.0,0.8414288594821436
2025-04-10,0.0,0.0,0.0,0.0,0.8414288594821436
2025-04-11,0.0,0.0,0.0,0.0,0.8414288594821436
2025-04-14,0.0,0.0,0.0,0.0,0.8414288594821436
2025-04-15,0.0,0.0,0.0,0.0,0.8414288594821436
2025-04-16,0.0,0.0,0.0,0.0,0.8414288594821436
2025-04-17,0.0,0.0,0.0,0.0,0.8414288594821436
2025-04-18,0.0,0.0,0.0,0.0,0.8414288594821436
2025-04-21,0.0,0.0,0.0,0.0,0.8414288594821436
2025-04-22,0.0,0.0,0.0,0.0,0.8414288594821436
2025-04-23,0.0,0.0,0.0,0.0,0.8414288594821436
2025-04-24,0.0,0.0,0.0,0.0,0.8414288594821436
2025-04-25,0.0,0.0,0.0,0.0,0.8414288594821436
2025-04-28,0.0,0.0,0.0,0.0,0.8414288594821436
2025-04-29,0.0,0.0,0.0,0.0,0.8414288594821436
2025-04-30,0.0,0.0,0.0,0.0,0.8414288594821436
2025-05-06,0.0,0.0,0.0,0.0,0.8414288594821436
2025-05-07,0.0,0.0,0.0,0.0,0.8414288594821436
2025-05-08,-0.006378095139680349,1.0,0.0015,-0.007878095139680349,0.8348000028738706
2025-05-09,0.0,1.0,0.0015,-0.0015,0.8335478028695598
2025-05-12,-0.003447950289936915,0.9999999999999999,0.0014999999999999998,-0.004947950289936915,0.829423449776675
2025-05-13,0.0,0.9999999999999999,0.0014999999999999998,-0.0014999999999999998,0.8281793146020101
2025-05-14,0.0034460790847921684,0.9999999999999999,0.0014999999999999998,0.0019460790847921686,0.8297910170446147
2025-05-15,0.0,0.9999999999999999,0.0014999999999999998,-0.0014999999999999998,0.8285463305190478
2025-05-16,0.0026529594075975216,0.9999999999999999,0.0014999999999999998,0.0011529594075975218,0.8295016108054503
2025-05-19,0.0,0.9999999999999999,0.0014999999999999998,-0.0014999999999999998,0.8282573583892421
2025-05-20,0.0046159212154889325,0.9999999999999999,0.0014999999999999998,0.003115921215488933,0.830838143064132
2025-05-21,0.0,0.9999999999999999,0.0014999999999999998,-0.0014999999999999998,0.8295918858495358
2025-05-22,0.00026995035847369217,0.9999999999999999,0.0014999999999999998,-0.0012300496415263078,0.8285714466477334
2025-05-23,0.0,0.9999999999999999,0.0014999999999999998,-0.0014999999999999998,0.8273285894777619
2025-05-26,0.0,0.0,0.0,0.0,0.8273285894777619
2025-05-27,0.0,0.0,0.0,0.0,0.8273285894777619
2025-05-28,0.0,0.0,0.0,0.0,0.8273285894777619
2025-05-29,0.0006596153990754454,1.0,0.0015,-0.0008403846009245546,0.8266333152712602
2025-05-30,0.0,1.0,0.0015,-0.0015,0.8253933652983533
2025-06-03,0.0,0.0,0.0,0.0,0.8253933652983533
2025-06-04,0.00033683712424298703,1.0000000000000002,0.0015000000000000002,-0.0011631628757570133,0.8244332983779421
2025-06-05,0.0,1.0000000000000002,0.0015000000000000002,-0.0015000000000000002,0.8231966484303752
2025-06-06,0.0002573080526234949,1.0000000000000002,0.0015000000000000002,-0.0012426919473765053,0.8221736685842634
2025-06-09,0.0,1.0000000000000002,0.0015000000000000002,-0.0015000000000000002,0.8209404080813871
2025-06-10,0.007358378972710959,1.0,0.0015,0.0058583789727109595,0.8257497881059398
2025-06-11,0.0,1.0,0.0015,-0.0015,0.824511163423781
2025-06-12,0.005465687321232217,1.0,0.0015,0.003965687321232217,0.827780916890785
2025-06-13,0.0,1.0,0.0015,-0.0015,0.8265392455154489
2025-06-16,-0.00024254870377081537,0.9999999999999999,0.0014999999999999998,-0.001742548703770815,0.8250989606245602
2025-06-17,0.0,0.9999999999999999,0.0014999999999999998,-0.0014999999999999998,0.8238613121836235
2025-06-18,-0.0013949257937208267,0.9999999999999999,0.0014999999999999998,-0.0028949257937208265,0.8214762948205344
2025-06-19,0.0,0.9999999999999999,0.0014999999999999998,-0.0014999999999999998,0.8202440803783037
2025-06-20,0.0,0.0,0.0,0.0,0.8202440803783037
2025-06-23,0.003990473503203968,1.0,0.0015,0.0024904735032039676,0.8222868765266457
2025-06-24,0.0,1.0,0.0015,-0.0015,0.8210534462118557
2025-06-25,0.0038003210279267067,1.0,0.0015,0.0023003210279267067,0.8229421327192284
2025-06-26,0.002684689039841166,0.0,0.0,0.002684689039841166,0.8251514764433632
2025-06-27,-0.009089711097151289,0.0,0.0,-0.009089711097151289,0.8176510879111052
2025-06-30,0.0,1.0,0.0015,-0.0015,0.8164246112792386
2025-07-01,0.006407995182837278,1.0000000000000002,0.0015000000000000002,0.0049079951828372775,0.8204316193385469
2025-07-02,0.002426566156479647,0.0,0.0,0.002426566156479647,0.8224224509397396
2025-07-03,0.002595247918611903,0.0,0.0,0.002595247918611903,0.8245568410937608
2025-07-04,-0.0001806786101360698,0.0,0.0,-0.0001806786101360698,0.8244078613097339
2025-07-07,-1.849953688295037e-05,1.0918218895929197,0.0016377328343893795,-0.0016562323712723298,0.8230424503227013
2025-07-08,0.0011309204272752986,0.0,0.0,0.0011309204272752986,0.823973245842286
2025-07-09,-0.0015922896224550545,0.0,0.0,-0.0015922896224550545,0.8226612417937508
2025-07-10,0.0045880108660474725,0.0,0.0,0.0045880108660474725,0.8264356205101766
2025-07-11,-0.0022139801434876167,0.0,0.0,-0.0022139801434876167,0.8246059084564962
2025-07-14,0.004098145941745469,1.4000000000000001,0.0021000000000000003,0.0019981459417454687,0.826253591406018
2025-07-15,-0.00267424604126325,0.0,0.0,-0.00267424604126325,0.8240439860101209
2025-07-16,0.0008482907501058041,0.0,0.0,0.0008482907501058041,0.8247430149011334
2025-07-17,0.0034245373229995018,0.0,0.0,0.0034245373229995018,0.8275673781375456
2025-07-18,0.003622160857464263,0.0,0.0,0.003622160857464263,0.8305649603015497
2025-07-21,0.0010341596595130746,0.8030434209013322,0.0012045651313519982,-0.0001704054718389236,0.8304234274875967
2025-07-22,0.0014774719234376095,0.0,0.0,0.0014774719234376095,0.8316503547862745
2025-07-23,-0.0012726137671527104,0.0,0.0,-0.0012726137671527104,0.8305919850953161
2025-07-24,0.007919971071568558,0.0,0.0,0.007919971071568558,0.8371702495895477
2025-07-25,-0.0019981590678458125,0.0,0.0,-0.0019981590678458125,0.8354974502639996
2025-07-28,0.0053314213927246655,0.6552492902007649,0.0009828739353011475,0.004348547457423518,0.8391306505770288
2025-07-29,0.004198465965824369,0.0,0.0,0.004198465965824369,0.8426537120543565
2025-07-30,-0.002844795433399276,0.0,0.0,-0.002844795433399276,0.8402565346223673
2025-07-31,-0.009425531357097602,0.0,0.0,-0.009425531357097602,0.832336670307278
2025-08-01,-0.0036059688268897357,0.0,0.0,-0.0036059688268897357,0.8293352902206728
2025-08-04,0.00238280055906033,0.6837934663675405,0.0010256901995513107,0.0013571103595090195,0.8304607897345375
2025-08-05,0.012892641461550064,0.0,0.0,0.012892641461550064,0.8411676229444606
2025-08-06,0.002994869163657247,0.0,0.0,0.002994869163657247,0.8436868099198838
2025-08-07,-0.006818620245167323,0.0,0.0,-0.006818620245167323,0.8379340299571834
2025-08-08,-0.004531561901164782,0.0,0.0,-0.004531561901164782,0.8341368800313399
2025-08-11,0.006889186198457586,0.9143578461188411,0.0013715367691782615,0.005517649429279324,0.8387393549113856
2025-08-12,0.0012540767679639626,0.0,0.0,0.0012540767679639626,0.839791198450757
2025-08-13,0.013088324620592501,0.0,0.0,0.013088324620592501,0.8507826582695969
2025-08-14,-0.0038238840727444086,0.0,0.0,-0.0038238840727444086,0.8475293640132726
2025-08-15,0.01625868958147041,0.0,0.0,0.01625868958147041,0.8613090808539455
2025-08-18,0.010425827808032629,0.6522516743093583,0.0009783775114640375,0.009447450296568592,0.8694462555852964
2025-08-19,-0.009292104606810852,0.0,0.0,-0.009292104606810852,0.8613672700283979
2025-08-20,-0.0006311315469029505,0.0,0.0,-0.0006311315469029505,0.8608236339708133
2025-08-21,0.001674301400131327,0.0,0.0,0.001674301400131327,0.8622649121864367
2025-08-22,0.00910354130122524,0.0,0.0,0.00910354130122524,0.8701145764271233
2025-08-25,0.0073104450779653656,0.3053198607547402,0.0004579797911321103,0.006852465286833255,0.8760770063576578
2025-08-26,-0.007221368927329625,0.0,0.0,-0.007221368927329625,0.8697505310859988
2025-08-27,-0.01852866516270539,0.0,0.0,-0.01852866516270539,0.8536352147204211
2025-08-28,0.0036970643616215126,0.0,0.0,0.0036970643616215126,0.8567911590505891
2025-08-29,0.006331822501300835,0.0,0.0,0.006331822501300835,0.8622162085903813
2025-09-01,0.019074487572162707,1.3318291423036754,0.001997743713455513,0.017076743858707194,0.8769400539353048
2025-09-02,-0.019044952709164516,0.0,0.0,-0.019044952709164516,0.8602387720793347
2025-09-03,0.005030122854034065,0.0,0.0,0.005030122854034065,0.8645658787866973
2025-09-04,-0.03714487797636089,0.0,0.0,-0.03714487797636089,0.8324516847166402
2025-09-05,0.04541905606845055,0.0,0.0,0.04541905606845055,0.8702608544590615
2025-09-08,-0.009415883854812923,1.0024431260515345,0.0015036646890773018,-0.010919548543890226,0.8607579988129485
2025-09-09,-0.005902046791081849,0.0,0.0,-0.005902046791081849,0.8556777648281565
2025-09-10,0.0010231981541497888,0.0,0.0,0.0010231981541497888,0.8565532927376757
2025-09-11,0.012254694326189655,0.0,0.0,0.012254694326189655,0.8670500915142672
2025-09-12,-0.0033249160158834333,0.0,0.0,-0.0033249160158834333,0.8641672227784182
2025-09-15,-0.0033676700558881024,1.4000000000000001,0.0021000000000000003,-0.005467670055888102,0.8594422415311527
2025-09-16,-0.00014062886198738323,0.0,0.0,-0.00014062886198738323,0.8593213791467822
2025-09-17,0.0008177133130073686,0.0,0.0,0.0008177133130073686,0.8600240576786624
2025-09-18,-0.013882454363612379,0.0,0.0,-0.013882454363612379,0.8480848129463296
2025-09-19,-0.0008135599558593584,0.0,0.0,-0.0008135599558593584,0.847394845103344
2025-09-22,0.005177512032392877,1.2207767082026526,0.0018311650623039789,0.003346346970088898,0.8502305222757245
2025-09-23,0.0009035281761197813,0.0,0.0,0.0009035281761197813,0.8509987295087977
2025-09-24,0.0007011561474539751,0.0,0.0,0.0007011561474539751,0.8515954124994684
2025-09-25,-0.001645744612748014,0.0,0.0,-0.001645744612748014,0.8501939039371064
2025-09-26,-0.0021092771327153054,0.0,0.0,-0.0021092771327153054,0.8484006093771578
2025-09-29,0.01045432235736432,0.8362012554080893,0.001254301883112134,0.009200020474252186,0.8562059123537956
2025-09-30,0.0037610233843733175,0.0,0.0,0.0037610233843733175,0.8594261228119968
2025-10-09,0.012178523665954111,1.2355491098241833,0.001853323664736275,0.010325200001217836,0.8682998694163018
2025-10-10,-0.03195779723166244,0.0,0.0,-0.03195779723166244,0.8405509182532166
2025-10-13,-0.012056845124173697,1.1954412917938686,0.0017931619376908028,-0.0138500070618645,0.828909282099553
2025-10-14,-0.03623934330506409,0.0,0.0,-0.03623934330506409,0.7988701540567931
2025-10-15,0.0,1.0,0.0015,-0.0015,0.797671848825708
2025-10-16,0.007167829807040478,1.0,0.0015,0.005667829807040479,0.8021929171067195
2025-10-17,-0.024945351646562267,0.0,0.0,-0.024945351646562267,0.7821819327011107
2025-10-20,0.0,1.0,0.0015,-0.0015,0.781008659802059
2025-10-21,0.02266378624541555,1.0,0.0015,0.02116378624541555,0.7975377601339282
2025-10-22,-0.00014330173236459104,0.0,0.0,-0.00014330173236459104,0.7974234715912749
2025-10-23,-0.0027754716936302538,0.0,0.0,-0.0027754716936302538,0.795210245318037
2025-10-24,0.0,1.0,0.0015,-0.0015,0.79401742995006
2025-10-27,0.024959891419860478,0.9999999999999999,0.0014999999999999998,0.023459891419860476,0.812644992642165
2025-10-28,-0.0037763243530615238,0.0,0.0,-0.0037763243530615238,0.8095761815660569
2025-10-29,0.014564604192324996,0.0,0.0,0.014564604192324996,0.8213673382141005
2025-10-30,-0.017205153283230207,0.0,0.0,-0.017205153283230207,0.807235587258288
2025-10-31,-0.0295797412687932,0.0,0.0,-0.0295797412687932,0.7833577674442256
2025-11-03,0.0,0.9999999999999999,0.0014999999999999998,-0.0014999999999999998,0.7821827307930593
2025-11-04,-0.01210560464061547,1.0,0.0015,-0.013605604640615469,0.771540661801172
2025-11-05,0.0,1.0,0.0015,-0.0015,0.7703833508084703
2025-11-06,0.015312914639511321,1.0,0.0015,0.013812914639511321,0.7810245902728885
2025-11-07,0.0,1.0,0.0015,-0.0015,0.7798530533874792
2025-11-10,-0.002644291223770201,0.9999999999999998,0.0014999999999999996,-0.004144291223770201,0.7766211152224951
2025-11-11,0.0,0.9999999999999998,0.0014999999999999996,-0.0014999999999999996,0.7754561835496614
2025-11-12,0.004293999255646579,0.9999999999999998,0.0014999999999999996,0.0027939992556465796,0.7776228075492856
2025-11-13,0.0,0.9999999999999998,0.0014999999999999996,-0.0014999999999999996,0.7764563733379617
2025-11-14,-0.01267001780523851,0.9999999999999998,0.0014999999999999996,-0.01417001780523851,0.7654539727027718
2025-11-17,0.0,0.9999999999999998,0.0014999999999999996,-0.0014999999999999996,0.7643057917437177
2025-11-18,-0.016465833248288812,1.0,0.0015,-0.017965833248288814,0.7505744013385487
2025-11-19,0.0,1.0,0.0015,-0.0015,0.7494485397365409
2025-11-20,-0.004591490175296067,1.0,0.0015,-0.006091490175296067,0.7448832813198458
2025-11-21,0.0,1.0,0.0015,-0.0015,0.7437659563978661
2025-11-24,0.001550864072203425,1.0,0.0015,5.0864072203424954e-05,0.7438037873631749
2025-11-25,0.0,1.0,0.0015,-0.0015,0.7426880816821302
2025-11-26,0.017654553521248343,1.0,0.0015,0.01615455352124834,0.7546858760472575
2025-11-27,0.0,1.0,0.0015,-0.0015,0.7535538472331866
2025-11-28,0.0023723926543017136,1.0,0.0015,0.0008723926543017136,0.7542112420741337
2025-12-01,0.0,1.0,0.0015,-0.0015,0.7530799252110225
2025-12-02,-0.0067854837413811216,0.9999999999999998,0.0014999999999999996,-0.008285483741381121,0.746840293734726
2025-12-03,0.0,0.9999999999999998,0.0014999999999999996,-0.0014999999999999996,0.745720033294124
2025-12-04,0.004978571594069357,0.9999999999999998,0.0014999999999999996,0.0034785715940693577,0.7483140738190693
2025-12-05,0.0,0.9999999999999998,0.0014999999999999996,-0.0014999999999999996,0.7471916027083407
2025-12-08,0.008362855553637968,1.0,0.0015,0.006862855553637968,0.7523194707486193
2025-12-09,0.0,1.0,0.0015,-0.0015,0.7511909915424964
2025-12-10,0.001087783780083768,1.0,0.0015,-0.0004122162199162321,0.7508813384315276
2025-12-11,0.0,1.0,0.0015,-0.0015,0.7497550164238803
2025-12-12,0.0070570997302225255,1.0,0.0015,0.005557099730222526,0.7539214798233824
2025-12-15,0.0,1.0,0.0015,-0.0015,0.7527905976036474
2025-12-16,-0.011296419888677337,1.0,0.0015,-0.012796419888677336,0.7431575730284629
2025-12-17,0.0,1.0,0.0015,-0.0015,0.7420428366689202
2025-12-18,-0.00675047826120425,1.0,0.0015,-0.00825047826120425,0.735920628376101
2025-12-19,0.0,1.0,0.0015,-0.0015,0.7348167474335369
2025-12-22,0.009956565257199,1.0,0.0015,0.008456565257199001,0.7410307732102913
2025-12-23,0.0,1.0,0.0015,-0.0015,0.739919227050476
2025-12-24,0.0007471172722717534,1.0,0.0015,-0.0007528827277282467,0.7393621546445156
2025-12-25,0.0,1.0,0.0015,-0.0015,0.7382531114125489
2025-12-26,0.00611249667020166,1.0,0.0015,0.0046124966702016604,0.7416583014307053
2025-12-29,0.0,1.0,0.0015,-0.0015,0.7405458139785593
2025-12-30,-0.006008880616135909,0.9999999999999999,0.0014999999999999998,-0.007508880616135909,0.7349851438706152
2025-12-31,0.0,0.9999999999999999,0.0014999999999999998,-0.0014999999999999998,0.7338826661548093
2026-01-05,0.015471284502940903,0.9999999999999999,0.0014999999999999998,0.013971284502940903,0.7441359496754351
2026-01-06,0.017249013655243915,0.0,0.0,0.017249013655243915,0.7569715608327445
2026-01-07,0.0011441692875508165,0.0,0.0,0.0011441692875508165,0.7578376644441989
2026-01-08,-0.007909570388510345,0.0,0.0,-0.007909570388510345,0.7518434940942131
2026-01-09,0.010605515428735076,0.0,0.0,0.010605515428735076,0.7598171818708234
2026-01-12,0.021172628623825213,0.8898262425814613,0.0013347393638721919,0.019837889259953022,0.7748903509825864
2026-01-13,-0.007981175928947898,0.0,0.0,-0.007981175928947898,0.7687058147657502
2026-01-14,0.012699809605461385,0.0,0.0,0.012699809605461385,0.7784682322558862
2026-01-15,0.0032080928125410068,0.0,0.0,0.0032080928125410068,0.7809656305965779
2026-01-16,-0.00593505227315987,0.0,0.0,-0.00593505227315987,0.776330558755446
2026-01-19,-0.005151533861092607,0.7553072479637778,0.0011329608719456666,-0.006284494733038273,0.7714517134478507
2026-01-20,-0.006726330029788865,0.0,0.0,-0.006726330029788865,0.7662626746211544
2026-01-21,0.01329988045822522,0.0,0.0,0.01329988045822522,0.7764538765932156
2026-01-22,0.0004338692557257553,0.0,0.0,0.0004338692557257553,0.7767907560587585
2026-01-23,0.01538677452913782,0.0,0.0,0.01538677452913782,0.7887430602785531
2026-01-26,0.013955752240871519,0.8879685977522351,0.0013319528966283527,0.012623799344243167,0.7986999944056737
2026-01-27,-0.0037067588104888307,0.0,0.0,-0.0037067588104888307,0.7957394061644731
2026-01-28,0.0228434515605192,0.0,0.0,0.0228434515605192,0.8139168407439875
2026-01-29,0.0014322380234499527,0.0,0.0,0.0014322380234499527,0.8150825633912273
2026-01-30,-0.024016754572807907,0.0,0.0,-0.024016754572807907,0.795506925509685
2026-02-02,-0.025915129297195652,0.2763205583571446,0.0004144808375357169,-0.026329610134731368,0.7745615383015363
2026-02-03,0.016240536629544788,0.0,0.0,0.016240536629544788,0.787140833336159
2026-02-04,0.00018425087392921324,0.0,0.0,0.00018425087392921324,0.7872858647226065
2026-02-05,-0.009906270462675225,0.0,0.0,-0.009906270462675225,0.7794867980152232
2026-02-06,0.0002937572600429047,0.0,0.0,0.0002937572600429047,0.7797157779212479
2026-02-09,0.024668656542701894,1.001789970647987,0.0015026849559719804,0.023165971586729915,0.7977786514782965
2026-02-10,-0.0007920311584252518,0.0,0.0,-0.0007920311584252518,0.7971467859287992
2026-02-11,-0.00608239831322808,0.0,0.0,-0.00608239831322808,0.7922982216626706
2026-02-12,0.010768404725846661,0.0,0.0,0.010768404725846661,0.8008300095771028
2026-02-13,-0.011375599264808875,0.0,0.0,-0.011375599264808875,0.7917200883089206
2026-02-24,0.0022287838442971663,1.0769145692247788,0.001615371853837168,0.0006134119904599982,0.7922057389041773
2026-02-25,0.0075081128866967325,0.0,0.0,0.0075081128866967325,0.7981537090213588
2026-02-26,0.005679482491642819,0.0,0.0,0.005679482491642819,0.8026868090373854
2026-02-27,-0.00011000294521415688,0.0,0.0,-0.00011000294521415688,0.8025985111243068
2026-03-02,0.0005502385526157711,0.6288906594104158,0.0009433359891156236,-0.00039309743649985256,0.8022830117070452
2026-03-03,-0.019422342382868656,0.0,0.0,-0.019422342382868656,0.7867007963657119
2026-03-04,-0.002557004361117142,0.0,0.0,-0.002557004361117142,0.7846891989985104
2026-03-05,0.012161511248011616,0.0,0.0,0.012161511248011616,0.794232205518324
2026-03-06,0.00481309420684069,0.0,0.0,0.00481309420684069,0.7980549199455905
2026-03-09,-0.0030386993952967387,0.6372890472251121,0.0009559335708376682,-0.0039946329661344065,0.7948669834535901
2026-03-10,-0.0008334010418332051,0.0,0.0,-0.0008334010418332051,0.794204540481461
2026-03-11,0.0008208764769773841,0.0,0.0,0.0008208764769773841,0.794856484306651
2026-03-12,-0.0011711229139654837,0.0,0.0,-0.0011711229139654837,0.7939256096645655
2026-03-13,-0.009889359567772885,0.0,0.0,-0.009889359567772885,0.7860741938405292
2026-03-16,-0.011987135314008154,0.5212788792246783,0.0007819183188370175,-0.012769053632845171,0.776036770299984
2026-03-17,-0.009688074402582684,0.0,0.0,-0.009688074402582684,0.7685184683301778
2026-03-18,0.001408546864754241,0.0,0.0,0.001408546864754241,0.7696009626092499
2026-03-19,-0.020332476555312073,0.0,0.0,-0.020332476555312073,0.7539530690800517
2026-03-20,-0.008220137907212785,0.0,0.0,-0.008220137907212785,0.7477554708766473
2026-03-23,-0.0283362537284202,0.5126442931654899,0.0007689664397482348,-0.029105220168168435,0.72599188326483
2026-03-24,0.0,1.0,0.0015,-0.0015,0.7249028954399328
2026-03-25,0.0,0.0,0.0,0.0,0.7249028954399328
2026-03-26,0.0,0.0,0.0,0.0,0.7249028954399328
2026-03-27,0.0,0.0,0.0,0.0,0.7249028954399328
2026-03-30,0.0,0.0,0.0,0.0,0.7249028954399328
2026-03-31,0.0,0.0,0.0,0.0,0.7249028954399328
2026-04-01,0.0,0.0,0.0,0.0,0.7249028954399328
2026-04-02,0.0,0.0,0.0,0.0,0.7249028954399328
2026-04-03,0.0,0.0,0.0,0.0,0.7249028954399328
2026-04-07,0.0,0.0,0.0,0.0,0.7249028954399328
2026-04-08,0.0010079716280191114,1.0,0.0015,-0.0004920283719808886,0.7245462226484453
2026-04-09,0.0,1.0,0.0015,-0.0015,0.7234594033144727
2026-04-10,-0.0008918825732323833,1.0,0.0015,-0.002391882573232383,0.7217289733752437
2026-04-13,0.0,1.0,0.0015,-0.0015,0.7206463799151809
2026-04-14,-0.000955829946496693,1.0,0.0015,-0.002455829946496693,0.7188765949545507
2026-04-15,0.0,1.0,0.0015,-0.0015,0.7177982800621189
2026-04-16,0.0018127638846651732,1.0,0.0015,0.0003127638846651731,0.7180227814405971
2026-04-17,0.0,1.0,0.0015,-0.0015,0.7169457472684362
2026-04-20,0.0024675356998941893,1.0,0.0015,0.0009675356998941893,0.7176394178738057
2026-04-21,0.0,1.0,0.0015,-0.0015,0.716562958746995
2026-04-22,0.008205873117765723,1.0,0.0015,0.006705873117765724,0.7213681390292432
2026-04-23,0.0,1.0,0.0015,-0.0015,0.7202860868206994
2026-04-24,-0.014064420606597005,1.0,0.0015,-0.015564420606597004,0.7090752512083421
2026-04-27,0.0,1.0,0.0015,-0.0015,0.7080116383315297
2026-04-28,-0.0015493320867264232,1.0,0.0015,-0.003049332086726423,0.7058526757249897
2026-04-29,0.0,1.0,0.0015,-0.0015,0.7047938967114022
2026-04-30,-0.0011670815587287433,1.0,0.0015,-0.0026670815587287434,0.7029141539067787
2026-05-06,0.0,1.0,0.0015,-0.0015,0.7018597826759185
2026-05-07,-0.00841835877125971,1.0,0.0015,-0.00991835877125971,0.6948984855442204
2026-05-08,0.0,1.0,0.0015,-0.0015,0.6938561378159042
2026-05-11,0.005970115627478061,1.0,0.0015,0.004470115627478061,0.6969577549807766
2026-05-12,0.0,1.0,0.0015,-0.0015,0.6959123183483055
2026-05-13,0.01080662542053153,1.0,0.0015,0.00930662542053153,0.7023889136207069
2026-05-14,0.0,1.0,0.0015,-0.0015,0.7013353302502758
2026-05-15,-0.006501122064060076,1.0,0.0015,-0.008001122064060076,0.6957238606651055
2026-05-18,0.0,1.0,0.0015,-0.0015,0.6946802748741079
2026-05-19,0.006510309411105859,1.0,0.0015,0.005010309411105859,0.6981608379930192
2026-05-20,0.0,1.0,0.0015,-0.0015,0.6971135967360297
2026-05-21,-0.024854772624743858,1.0,0.0015,-0.02635477262474386,0.6787413264004343
2026-05-22,0.0,1.0,0.0015,-0.0015,0.6777232144108336
2026-05-25,0.02643257293029165,0.9999999999999999,0.0014999999999999998,0.02493257293029165,0.6946205978806834
2026-05-26,0.0,0.9999999999999999,0.0014999999999999998,-0.0014999999999999998,0.6935786669838624
2026-05-27,-0.0005430449128504568,0.9999999999999999,0.0014999999999999998,-0.0020430449128504566,0.6921616546166194
2026-05-28,0.0,0.9999999999999999,0.0014999999999999998,-0.0014999999999999998,0.6911234121346945
2026-05-29,-0.009365838069050655,0.9999999999999999,0.0014999999999999998,-0.010865838069050655,0.6836137770527092
2026-06-01,0.0,0.9999999999999999,0.0014999999999999998,-0.0014999999999999998,0.6825883563871302
2026-06-02,0.01770050206127668,0.9999999999999999,0.0014999999999999998,0.01620050206127668,0.6936466304617834
2026-06-03,0.0,0.9999999999999999,0.0014999999999999998,-0.0014999999999999998,0.6926061605160908
2026-06-04,-0.0056692741820801775,0.9999999999999999,0.0014999999999999998,-0.007169274182080177,0.6876406770511532
2026-06-05,0.0,0.9999999999999999,0.0014999999999999998,-0.0014999999999999998,0.6866092160355765
2026-06-08,0.0,0.0,0.0,0.0,0.6866092160355765
2026-06-09,0.0,0.0,0.0,0.0,0.6866092160355765
2026-06-10,0.0,0.0,0.0,0.0,0.6866092160355765
2026-06-11,0.0,0.0,0.0,0.0,0.6866092160355765
2026-06-12,-0.0010332995067660173,1.0,0.0015,-0.0025332995067660173,0.6848698292472525
2026-06-15,0.0,1.0,0.0015,-0.0015,0.6838425245033817
2026-06-16,0.0,0.0,0.0,0.0,0.6838425245033817
2026-06-17,0.0,0.0,0.0,0.0,0.6838425245033817
2026-06-18,0.0,0.0,0.0,0.0,0.6838425245033817
2026-06-22,0.00952413175678099,1.0,0.0015,0.00802413175678099,0.6893297670208866
2026-06-23,-0.014202089993597861,0.0,0.0,-0.014202089993597861,0.6795398436343901
2026-06-24,0.0,1.0,0.0015,-0.0015,0.6785205338689386
2026-06-25,0.0,0.0,0.0,0.0,0.6785205338689386
2026-06-26,0.0,0.0,0.0,0.0,0.6785205338689386
2026-06-29,0.0,0.0,0.0,0.0,0.6785205338689386
2026-06-30,0.0,0.0,0.0,0.0,0.6785205338689386
2026-07-01,0.0,0.0,0.0,0.0,0.6785205338689386
2026-07-02,0.0,0.0,0.0,0.0,0.6785205338689386
2026-07-03,0.0,0.0,0.0,0.0,0.6785205338689386
2026-07-06,0.0,0.0,0.0,0.0,0.6785205338689386
2026-07-07,0.0,0.0,0.0,0.0,0.6785205338689386
2026-07-08,0.0,0.0,0.0,0.0,0.6785205338689386
2026-07-09,0.0,0.0,0.0,0.0,0.6785205338689386
2026-07-10,0.0,0.0,0.0,0.0,0.6785205338689386
2026-07-13,0.0,0.0,0.0,0.0,0.6785205338689386
2026-07-14,0.0,0.0,0.0,0.0,0.6785205338689386
2026-07-15,0.0,0.0,0.0,0.0,0.6785205338689386
2026-07-16,0.0,0.0,0.0,0.0,0.6785205338689386
2026-07-17,0.0,0.0,0.0,0.0,0.6785205338689386
